Adulting Is... Cork Back Drink Coasters ~ Set of 4 ~ 4 x 4in. ~,Adulting Is... Cork Back Drink Coasters - Set of 4 - 4 x 4in. -,,"Adulting Is... Cork Back Drink Coasters ~ Set of ~ 4in. x 4in.

Our coasters are a cute way to display your personal style while protecting your furniture. They are a complement to any table or surface. Perfect for hot or cold drinks.
Measures 4'x4'
High gloss finish and a non-skid cork backing. Wipe clean.",,,,,,,1,$7.95 ,,,,,1,badbunny400,badbunny160,https://img1.wsimg.com/isteam/ip/d60a8e97-8bec-436a-acdb-1f4df800ed0b/ols/1102.jpg,1102.jpg,,,badbunny800,1102.jpg
Ball Jar With Holly And Joy Tag Metal Sign ~ 12x8 ~ Set of 3,Ball Jar With Holly And Joy Tag Metal Sign - 12x8 - Set of 3,,"Ball Jar With Holly And Joy Tag Metal Sign ~ 12x8 ~ Set of 3

Heavy Gauge Sublimated Aluminum
Measures 12in x 8in
Holes in all four corners for ease of wall placement. Can also be displayed on a tabletop with an easel. 
*Easel not included
**Sale is for Metal Sign ONLY

Made in U.S.A.

Please ask any and all questions before purchase.

Thank you,
Bad Bunny Designs",,,,,,,1,$20.85 ,,,,,1,badbunny400,badbunny160,https://img1.wsimg.com/isteam/ip/d60a8e97-8bec-436a-acdb-1f4df800ed0b/ols/TS2261%20Ball%20Jar%20With%20Holly%20And%20Joy%20Tag.jpg,TS2261 Ball Jar With Holly And Joy Tag.jpg,,,badbunny800,TS2261 Ball Jar With Holly And Joy Tag.jpg
Be Gentle with Yourself Cork Back Drink Coasters ~ Set of 4 ~ 4 x 4in. ~,Be Gentle with Yourself Cork Back Drink Coasters - Set of 4 - 4 x 4in. -,,"Be Gentle with Yourself Cork Back Drink Coasters ~ Set of ~ 4in. x 4in.

Our coasters are a cute way to display your personal style while protecting your furniture. They are a complement to any table or surface. Perfect for hot or cold drinks.
Measures 4'x4'
High gloss finish and a non-skid cork backing. Wipe clean.",,,,,,,1,$7.95 ,,,,,1,badbunny400,badbunny160,https://img1.wsimg.com/isteam/ip/d60a8e97-8bec-436a-acdb-1f4df800ed0b/ols/1033.jpg,1033.jpg,,,badbunny800,1033.jpg
Bee Hive #2 Cork Back Drink Coasters ~ Set of 4 ~ 4 x 4in. ~,Bee Hive #2 Cork Back Drink Coasters - Set of 4 - 4 x 4in. -,,"Bee Hive #2 Cork Back Drink Coasters ~ Set of ~ 4in. x 4in.

Our coasters are a cute way to display your personal style while protecting your furniture. They are a complement to any table or surface. Perfect for hot or cold drinks.
Measures 4'x4'
High gloss finish and a non-skid cork backing. Wipe clean.",,,,,,,1,$7.95 ,,,,,1,badbunny400,badbunny160,https://img1.wsimg.com/isteam/ip/d60a8e97-8bec-436a-acdb-1f4df800ed0b/ols/1068.jpg,1068.jpg,,,badbunny800,1068.jpg
Bee Kind Cork Back Drink Coasters ~ Set of 4 ~ 4 x 4in. ~,Bee Kind Cork Back Drink Coasters - Set of 4 - 4 x 4in. -,,"Bee Kind Cork Back Drink Coasters ~ Set of ~ 4in. x 4in.

Our coasters are a cute way to display your personal style while protecting your furniture. They are a complement to any table or surface. Perfect for hot or cold drinks.
Measures 4'x4'
High gloss finish and a non-skid cork backing. Wipe clean.",,,,,,,1,$7.95 ,,,,,1,badbunny400,badbunny160,https://img1.wsimg.com/isteam/ip/d60a8e97-8bec-436a-acdb-1f4df800ed0b/ols/1050.jpg,1050.jpg,,,badbunny800,1050.jpg
Bee Skep #1 Cork Back Drink Coasters ~ Set of 4 ~ 4 x 4in. ~,Bee Skep #1 Cork Back Drink Coasters - Set of 4 - 4 x 4in. -,,"Bee Skep #1 Cork Back Drink Coasters ~ Set of ~ 4in. x 4in.

Our coasters are a cute way to display your personal style while protecting your furniture. They are a complement to any table or surface. Perfect for hot or cold drinks.
Measures 4'x4'
High gloss finish and a non-skid cork backing. Wipe clean.",,,,,,,1,$7.95 ,,,,,1,badbunny400,badbunny160,https://img1.wsimg.com/isteam/ip/d60a8e97-8bec-436a-acdb-1f4df800ed0b/ols/1077.jpg,1077.jpg,,,badbunny800,1077.jpg
Bee Skep #2 Cork Back Drink Coasters ~ Set of 4 ~ 4 x 4in. ~,Bee Skep #2 Cork Back Drink Coasters - Set of 4 - 4 x 4in. -,,"Bee Skep #2 Cork Back Drink Coasters ~ Set of ~ 4in. x 4in.

Our coasters are a cute way to display your personal style while protecting your furniture. They are a complement to any table or surface. Perfect for hot or cold drinks.
Measures 4'x4'
High gloss finish and a non-skid cork backing. Wipe clean.",,,,,,,1,$7.95 ,,,,,1,badbunny400,badbunny160,https://img1.wsimg.com/isteam/ip/d60a8e97-8bec-436a-acdb-1f4df800ed0b/ols/1078.jpg,1078.jpg,,,badbunny800,1078.jpg
Bee Watercolor Cork Back Drink Coasters ~ Set of 4 ~ 4 x 4in. ~,Bee Watercolor Cork Back Drink Coasters - Set of 4 - 4 x 4in. -,,"Bee Watercolor Cork Back Drink Coasters ~ Set of ~ 4in. x 4in.

Our coasters are a cute way to display your personal style while protecting your furniture. They are a complement to any table or surface. Perfect for hot or cold drinks.
Measures 4'x4'
High gloss finish and a non-skid cork backing. Wipe clean.",,,,,,,1,$7.95 ,,,,,1,badbunny400,badbunny160,https://img1.wsimg.com/isteam/ip/d60a8e97-8bec-436a-acdb-1f4df800ed0b/ols/1072.jpg,1072.jpg,,,badbunny800,1072.jpg
Bigfoot Camping Cork Back Drink Coasters ~ Set of 4 ~ 4 x 4in. ~,Bigfoot Camping Cork Back Drink Coasters - Set of 4 - 4 x 4in. -,,"Bigfoot Camping Cork Back Drink Coasters ~ Set of ~ 4in. x 4in.

Our coasters are a cute way to display your personal style while protecting your furniture. They are a complement to any table or surface. Perfect for hot or cold drinks.
Measures 4'x4'
High gloss finish and a non-skid cork backing. Wipe clean.",,,,,,,1,$7.95 ,,,,,1,badbunny400,badbunny160,https://img1.wsimg.com/isteam/ip/d60a8e97-8bec-436a-acdb-1f4df800ed0b/ols/1185.jpg,1185.jpg,,,badbunny800,1185.jpg
Black Cat Advertising 5 Cents Metal Sign ~ 12x8 ~ Set of 3,Black Cat Advertising 5 Cents Metal Sign - 12x8 - Set of 3,,"Black Cat Advertising 5 Cents Moon Metal Sign ~ 12x8 ~ Set of 3

Heavy Gauge Sublimated Aluminum
Measures 12in x 8in
Holes in all four corners for ease of wall placement. Can also be displayed on a tabletop with an easel. 
*Easel not included
**Sale is for Metal Sign ONLY

Made in U.S.A.

Please ask any and all questions before purchase.

Thank you,
Bad Bunny Designs",,,,,,,1,$20.85 ,,,,,1,badbunny400,badbunny160,https://img1.wsimg.com/isteam/ip/d60a8e97-8bec-436a-acdb-1f4df800ed0b/ols/TS2334%20Black%20Cat%20Advertising%20Cents%20Rabbit.jpg,TS2334 Black Cat Advertising Cents Rabbit.jpg,,,badbunny800,TS2334 Black Cat Advertising Cents Rabbit.jpg
Black Cat On Jack-O-Lantern Metal Sign ~ 12x8 ~ Set of 3,Black Cat On Jack-O-Lantern Metal Sign - 12x8 - Set of 3,,"Black Cat On Jack-O-Lantern Metal Sign ~ 12x8 ~ Set of 3

Heavy Gauge Sublimated Aluminum
Measures 12in x 8in
Holes in all four corners for ease of wall placement. Can also be displayed on a tabletop with an easel. 
*Easel not included
**Sale is for Metal Sign ONLY

Made in U.S.A.

Please ask any and all questions before purchase.

Thank you,
Bad Bunny Designs",,,,,,,1,$20.85 ,,,,,1,badbunny400,badbunny160,https://img1.wsimg.com/isteam/ip/d60a8e97-8bec-436a-acdb-1f4df800ed0b/ols/TS2329%20Black%20Cat%20Sitting%20On%20Jack%20O%20Lantern%20On%20.jpg,TS2329 Black Cat Sitting On Jack O Lantern On .jpg,,,badbunny800,TS2329 Black Cat Sitting On Jack O Lantern On .jpg
Bunny with Glasses and Flowers Cork Back Drink Coasters ~ Set of 4 ~ 4 x 4in. ~,Bunny with Glasses and Flowers Cork Back Drink Coasters - Set of 4 - 4 x 4in. -,,"Bunny with Glasses and Flowers Cork Back Drink Coasters ~ Set of ~ 4in. x 4in.

Our coasters are a cute way to display your personal style while protecting your furniture. They are a complement to any table or surface. Perfect for hot or cold drinks.
Measures 4'x4'
High gloss finish and a non-skid cork backing. Wipe clean.",,,,,,,1,$7.95 ,,,,,1,badbunny400,badbunny160,https://img1.wsimg.com/isteam/ip/d60a8e97-8bec-436a-acdb-1f4df800ed0b/ols/1123.jpg,1123.jpg,,,badbunny800,1123.jpg
Cancel My Subscription Cork Back Drink Coasters ~ Set of 4 ~ 4 x 4in. ~,Cancel My Subscription Cork Back Drink Coasters - Set of 4 - 4 x 4in. -,,"Cancel My Subscription Cork Back Drink Coasters ~ Set of ~ 4in. x 4in.

Our coasters are a cute way to display your personal style while protecting your furniture. They are a complement to any table or surface. Perfect for hot or cold drinks.
Measures 4'x4'
High gloss finish and a non-skid cork backing. Wipe clean.",,,,,,,1,$7.95 ,,,,,1,badbunny400,badbunny160,https://img1.wsimg.com/isteam/ip/d60a8e97-8bec-436a-acdb-1f4df800ed0b/ols/1016.jpg,1016.jpg,,,badbunny800,1016.jpg
Christmas Red Truck And Snowman Metal Sign ~ 12x8 ~ Set of 3,Christmas Red Truck And Snowman Metal Sign - 12x8 - Set of 3,,"Christmas Red Truck And Snowman Metal Sign ~ 12x8 ~ Set of 3

Heavy Gauge Sublimated Aluminum
Measures 12in x 8in
Holes in all four corners for ease of wall placement. Can also be displayed on a tabletop with an easel. 
*Easel not included
**Sale is for Metal Sign ONLY

Made in U.S.A.

Please ask any and all questions before purchase.

Thank you,
Bad Bunny Designs",,,,,,,1,$20.85 ,,,,,1,badbunny400,badbunny160,https://img1.wsimg.com/isteam/ip/d60a8e97-8bec-436a-acdb-1f4df800ed0b/ols/TS2262%20Christmas%20Red%20Truck%20And%20Snowman.jpg,TS2262 Christmas Red Truck And Snowman.jpg,,,badbunny800,TS2262 Christmas Red Truck And Snowman.jpg
Christmas Trees For Sale Metal Sign ~ 12x8 ~ Set of 3,Christmas Trees For Sale Metal Sign - 12x8 - Set of 3,,"Christmas Trees For Sale Metal Sign ~ 12x8 ~ Set of 3

Heavy Gauge Sublimated Aluminum
Measures 12in x 8in
Holes in all four corners for ease of wall placement. Can also be displayed on a tabletop with an easel. 
*Easel not included
**Sale is for Metal Sign ONLY

Made in U.S.A.

Please ask any and all questions before purchase.

Thank you,
Bad Bunny Designs",,,,,,,1,$20.85 ,,,,,1,badbunny400,badbunny160,https://img1.wsimg.com/isteam/ip/d60a8e97-8bec-436a-acdb-1f4df800ed0b/ols/TS2263%20Christmas%20Trees%20For%20Sale.jpg,TS2263 Christmas Trees For Sale.jpg,,,badbunny800,TS2263 Christmas Trees For Sale.jpg
Cute Ghost With Pumpkin Metal Sign ~ 12x8 ~ Set of 3,Cute Ghost With Pumpkin Metal Sign - 12x8 - Set of 3,,"Cute Ghost With Pumpkin Metal Sign ~ 12x8 ~ Set of 3

Heavy Gauge Sublimated Aluminum
Measures 12in x 8in
Holes in all four corners for ease of wall placement. Can also be displayed on a tabletop with an easel. 
*Easel not included
**Sale is for Metal Sign ONLY

Made in U.S.A.

Please ask any and all questions before purchase.

Thank you,
Bad Bunny Designs",,,,,,,1,$20.85 ,,,,,1,badbunny400,badbunny160,https://img1.wsimg.com/isteam/ip/d60a8e97-8bec-436a-acdb-1f4df800ed0b/ols/TS2281%20Cute%20Ghost%20With%20Pumpkin.jpg,TS2281 Cute Ghost With Pumpkin.jpg,,,badbunny800,TS2281 Cute Ghost With Pumpkin.jpg
Flag with Curved Corners Cork Back Drink Coasters ~ Set of 4 ~ 4 x 4in. ~,Flag with Curved Corners Cork Back Drink Coasters - Set of 4 - 4 x 4in. -,,"Flag with Curved Corners Cork Back Drink Coasters ~ Set of ~ 4in. x 4in.

Our coasters are a cute way to display your personal style while protecting your furniture. They are a complement to any table or surface. Perfect for hot or cold drinks.
Measures 4'x4'
High gloss finish and a non-skid cork backing. Wipe clean.",,,,,,,1,$7.95 ,,,,,1,badbunny400,badbunny160,https://img1.wsimg.com/isteam/ip/d60a8e97-8bec-436a-acdb-1f4df800ed0b/ols/1023.jpg,1023.jpg,,,badbunny800,1023.jpg
Flowery Rooster #1 Cork Back Drink Coasters ~ Set of 4 ~ 4 x 4in. ~,Flowery Rooster #1 Cork Back Drink Coasters - Set of 4 - 4 x 4in. -,,"Flowery Rooster #1 Cork Back Drink Coasters ~ Set of ~ 4in. x 4in.

Our coasters are a cute way to display your personal style while protecting your furniture. They are a complement to any table or surface. Perfect for hot or cold drinks.
Measures 4'x4'
High gloss finish and a non-skid cork backing. Wipe clean.",,,,,,,1,$7.95 ,,,,,1,badbunny400,badbunny160,https://img1.wsimg.com/isteam/ip/d60a8e97-8bec-436a-acdb-1f4df800ed0b/ols/1057.jpg,1057.jpg,,,badbunny800,1057.jpg
Flowery Rooster #2 Cork Back Drink Coasters ~ Set of 4 ~ 4 x 4in. ~,Flowery Rooster #2 Cork Back Drink Coasters - Set of 4 - 4 x 4in. -,,"Flowery Rooster #2 Cork Back Drink Coasters ~ Set of ~ 4in. x 4in.

Our coasters are a cute way to display your personal style while protecting your furniture. They are a complement to any table or surface. Perfect for hot or cold drinks.
Measures 4'x4'
High gloss finish and a non-skid cork backing. Wipe clean.",,,,,,,1,$7.95 ,,,,,1,badbunny400,badbunny160,https://img1.wsimg.com/isteam/ip/d60a8e97-8bec-436a-acdb-1f4df800ed0b/ols/1058.jpg,1058.jpg,,,badbunny800,1058.jpg
Frosty's Snowflake Cafe Metal Sign ~ 12x8 ~ Set of 3,Frosty's Snowflake Cafe Metal Sign - 12x8 - Set of 3,,"Frosty's Snowflake Cafe Metal Sign ~ 12x8 ~ Set of 3

Heavy Gauge Sublimated Aluminum
Measures 12in x 8in
Holes in all four corners for ease of wall placement. Can also be displayed on a tabletop with an easel. 
*Easel not included
**Sale is for Metal Sign ONLY

Made in U.S.A.

Please ask any and all questions before purchase.

Thank you,
Bad Bunny Designs",,,,,,,1,$20.85 ,,,,,1,badbunny400,badbunny160,https://img1.wsimg.com/isteam/ip/d60a8e97-8bec-436a-acdb-1f4df800ed0b/ols/TS2267%20Frosty's%20Snowflake%20Cafe.jpg,TS2267 Frosty's Snowflake Cafe.jpg,,,badbunny800,TS2267 Frosty's Snowflake Cafe.jpg
Ghost In Woods With Black Cat Metal Sign ~ 12x8 ~ Set of 3,Ghost In Woods With Black Cat Metal Sign - 12x8 - Set of 3,,"Ghost In Woods With Black Cat Metal Sign ~ 12x8 ~ Set of 3

Wholesale package of three signs   $6.95 each     Sug Retail:   $12.95 to $14.95

Heavy Gauge Sublimated Aluminum
Measures 12in x 8in
Holes in all four corners for ease of wall placement. Can also be displayed on a tabletop with an easel. 
*Easel not included
**Sale is for Metal Sign ONLY

Made in U.S.A.

Please ask any and all questions before purchase.

Thank you,
Bad Bunny Designs",,,,,,,1,$20.85 ,,,,,1,badbunny400,badbunny160,https://img1.wsimg.com/isteam/ip/d60a8e97-8bec-436a-acdb-1f4df800ed0b/ols/2340-ab8e2c3.jpg,2340-ab8e2c3.jpg,,,badbunny800,2340-ab8e2c3.jpg
Girl Witch Red Stripe Cork Back Drink Coasters ~ Set of 4 ~ 4 x 4in. ~,Girl Witch Red Stripe Cork Back Drink Coasters - Set of 4 - 4 x 4in. -,,"Girl Witch Red Stripe Cork Back Drink Coasters ~ Set of ~ 4in. x 4in.

Our coasters are a cute way to display your personal style while protecting your furniture. They are a complement to any table or surface. Perfect for hot or cold drinks.
Measures 4'x4'
High gloss finish and a non-skid cork backing. Wipe clean.",,,,,,,1,$7.95 ,,,,,1,badbunny400,badbunny160,https://img1.wsimg.com/isteam/ip/d60a8e97-8bec-436a-acdb-1f4df800ed0b/ols/1034.jpg,1034.jpg,,,badbunny800,1034.jpg
Halloween Cat Full Orange Moon Metal Sign ~ 12x8 ~ Set of 3,Halloween Cat Full Orange Moon Metal Sign - 12x8 - Set of 3,,"Halloween Cat Full Orange Moon Metal Sign ~ 12x8 ~ Set of 3

Heavy Gauge Sublimated Aluminum
Measures 12in x 8in
Holes in all four corners for ease of wall placement. Can also be displayed on a tabletop with an easel. 
*Easel not included
**Sale is for Metal Sign ONLY

Made in U.S.A.

Please ask any and all questions before purchase.

Thank you,
Bad Bunny Designs",,,,,,,1,$20.85 ,,,,,1,badbunny400,badbunny160,https://img1.wsimg.com/isteam/ip/d60a8e97-8bec-436a-acdb-1f4df800ed0b/ols/TS2316%20Halloween%20Cat%20Full%20Orange%20Moon.jpg,TS2316 Halloween Cat Full Orange Moon.jpg,,,badbunny800,TS2316 Halloween Cat Full Orange Moon.jpg
Halloween Girl With Umbrella Metal Sign ~ 12x8 ~ Set of 3,Halloween Girl With Umbrella Metal Sign - 12x8 - Set of 3,,"Halloween Girl With Umbrella Metal Sign ~ 12x8 ~ Set of 3

Heavy Gauge Sublimated Aluminum
Measures 12in x 8in
Holes in all four corners for ease of wall placement. Can also be displayed on a tabletop with an easel. 
*Easel not included
**Sale is for Metal Sign ONLY

Made in U.S.A.

Please ask any and all questions before purchase.

Thank you,
Bad Bunny Designs",,,,,,,1,$20.85 ,,,,,1,badbunny400,badbunny160,https://img1.wsimg.com/isteam/ip/d60a8e97-8bec-436a-acdb-1f4df800ed0b/ols/TS2323%20Halloween%20Girl%20With%20Umbrella%20Mini%20Skele.jpg,TS2323 Halloween Girl With Umbrella Mini Skele.jpg,,,badbunny800,TS2323 Halloween Girl With Umbrella Mini Skele.jpg
Hamster On Fence Full Moon Metal Sign ~ 12x8 ~ Set of 3,Hamster On Fence Full Moon Metal Sign - 12x8 - Set of 3,,"Hamster On Fence Full Moon Metal Sign ~ 12x8 ~ Set of 3

Heavy Gauge Sublimated Aluminum
Measures 12in x 8in
Holes in all four corners for ease of wall placement. Can also be displayed on a tabletop with an easel. 
*Easel not included
**Sale is for Metal Sign ONLY

Made in U.S.A.

Please ask any and all questions before purchase.

Thank you,
Bad Bunny Designs",,,,,,,1,$20.85 ,,,,,1,badbunny400,badbunny160,https://img1.wsimg.com/isteam/ip/d60a8e97-8bec-436a-acdb-1f4df800ed0b/ols/TS2337%20Bats%20Full%20Moon%20Pumpkins.jpg,TS2337 Bats Full Moon Pumpkins.jpg,,,badbunny800,TS2337 Bats Full Moon Pumpkins.jpg
Happy Father's Day Garden Flag = Wholesale Package of Three Flags,Happy Father's Day Garden Flag = Wholesale Package of Three Flags,,"Happy Father's Wholesale pack of three flags.   Price for each flag is $5.95
Suggested retail is $12.95 to $14.95 depending on your area.

Standard 8x12 Garden Flag
Double Sided with sun block sheet in between.
Fully readable on both sides.
Double stitched on three sides with standard rod pocket at the top.
250g Dye Sublimated Polyester.
Heavy but soft to the touch.
Weather Resistant.  Fade Resistant.**
**Flags will last longer if not in direct sunlight.   If needed spray with a UV Protectant each season.Grilling Garden Flag ",,,,,,,1,$17.85 ,,,,,1,badbunny400,badbunny160,https://img1.wsimg.com/isteam/ip/d60a8e97-8bec-436a-acdb-1f4df800ed0b/ols/5013%20pole%20(2).jpg,5013 pole (2).jpg,,,badbunny800,5013 pole (2).jpg
Happy Halloween Witch And Crescent Moon Metal Sign ~ 12x8 ~ Set of 3,Happy Halloween Witch And Crescent Moon Metal Sign - 12x8 - Set of 3,,"Happy Halloween Witch And Crescent Moon Metal Sign ~ 12x8 ~ Set of 3

Heavy Gauge Sublimated Aluminum
Measures 12in x 8in
Holes in all four corners for ease of wall placement. Can also be displayed on a tabletop with an easel. 
*Easel not included
**Sale is for Metal Sign ONLY

Made in U.S.A.

Please ask any and all questions before purchase.

Thank you,
Bad Bunny Designs",,,,,,,1,$20.85 ,,,,,1,badbunny400,badbunny160,https://img1.wsimg.com/isteam/ip/d60a8e97-8bec-436a-acdb-1f4df800ed0b/ols/TS2276%20Halloween%20Witch%20On%20Moon.jpg,TS2276 Halloween Witch On Moon.jpg,,,badbunny800,TS2276 Halloween Witch On Moon.jpg
Happy Halloween Witch Flying Metal Sign ~ 12x8 ~ Set of 3,Happy Halloween Witch Flying Metal Sign - 12x8 - Set of 3,,"Happy Halloween Witch Flying Metal Sign ~ 12x8 ~ Set of 3

Heavy Gauge Sublimated Aluminum
Measures 12in x 8in
Holes in all four corners for ease of wall placement. Can also be displayed on a tabletop with an easel. 
*Easel not included
**Sale is for Metal Sign ONLY

Made in U.S.A.

Please ask any and all questions before purchase.

Thank you,
Bad Bunny Designs",,,,,,,1,$20.85 ,,,,,1,badbunny400,badbunny160,https://img1.wsimg.com/isteam/ip/d60a8e97-8bec-436a-acdb-1f4df800ed0b/ols/TS2274%20Happy%20Halloween%20Witch%20Flying.jpg,TS2274 Happy Halloween Witch Flying.jpg,,,badbunny800,TS2274 Happy Halloween Witch Flying.jpg
Highland Cow with Sunflowers and Boots Cork Back Drink Coasters ~ Set of 4 ~ 4 x 4in. ~,Highland Cow with Sunflowers and Boots Cork Back Drink Coasters - Set of 4 - 4 x 4in. -,,"Highland Cow with Sunflowers and Boots Cork Back Drink Coasters ~ Set of ~ 4in. x 4in.

Our coasters are a cute way to display your personal style while protecting your furniture. They are a complement to any table or surface. Perfect for hot or cold drinks.
Measures 4'x4'
High gloss finish and a non-skid cork backing. Wipe clean.",,,,,,,1,$7.95 ,,,,,1,badbunny400,badbunny160,https://img1.wsimg.com/isteam/ip/d60a8e97-8bec-436a-acdb-1f4df800ed0b/ols/1167.jpg,1167.jpg,,,badbunny800,1167.jpg
Home Sweet Hive Cork Back Drink Coasters ~ Set of 4 ~ 4 x 4in. ~,Home Sweet Hive Cork Back Drink Coasters - Set of 4 - 4 x 4in. -,,"Home Sweet Hive Cork Back Drink Coasters ~ Set of ~ 4in. x 4in.

Our coasters are a cute way to display your personal style while protecting your furniture. They are a complement to any table or surface. Perfect for hot or cold drinks.
Measures 4'x4'
High gloss finish and a non-skid cork backing. Wipe clean.",,,,,,,1,$7.95 ,,,,,1,badbunny400,badbunny160,https://img1.wsimg.com/isteam/ip/d60a8e97-8bec-436a-acdb-1f4df800ed0b/ols/1052.jpg,1052.jpg,,,badbunny800,1052.jpg
I'll Buy My Own Sh*t Cork Back Drink Coasters ~ Set of 4 ~ 4 x 4in. ~,I'll Buy My Own Sh*t Cork Back Drink Coasters - Set of 4 - 4 x 4in. -,,"I'll Buy My Own Sh*t Cork Back Drink Coasters ~ Set of ~ 4in. x 4in.

Our coasters are a cute way to display your personal style while protecting your furniture. They are a complement to any table or surface. Perfect for hot or cold drinks.
Measures 4'x4'
High gloss finish and a non-skid cork backing. Wipe clean.",,,,,,,1,$7.95 ,,,,,1,badbunny400,badbunny160,https://img1.wsimg.com/isteam/ip/d60a8e97-8bec-436a-acdb-1f4df800ed0b/ols/1089.jpg,1089.jpg,,,badbunny800,1089.jpg
I'm A Trophy Wife Cork Back Drink Coasters ~ Set of 4 ~ 4 x 4in. ~,I'm A Trophy Wife Cork Back Drink Coasters - Set of 4 - 4 x 4in. -,,"I'm A Trophy Wife Cork Back Drink Coasters ~ Set of ~ 4in. x 4in.

Our coasters are a cute way to display your personal style while protecting your furniture. They are a complement to any table or surface. Perfect for hot or cold drinks.
Measures 4'x4'
High gloss finish and a non-skid cork backing. Wipe clean.",,,,,,,1,$7.95 ,,,,,1,badbunny400,badbunny160,https://img1.wsimg.com/isteam/ip/d60a8e97-8bec-436a-acdb-1f4df800ed0b/ols/1080.jpg,1080.jpg,,,badbunny800,1080.jpg
L O V E Valentine Garden Flag ~ Wholesale Package of 3 flags,L O V E Valentine Garden Flag - Wholesale Package of 3 flags,,"L O V E  Valentine's Day Flag


Wholesale package of three flags  $5.95 each
12 x 18  250g Dye-Sublimated Printing
Double Sided;  Image is readable on both sides.
Double stitched edges with rod pocket at the top for hanging
Our flags are heavy and flow nicely in the breeze but yet are still soft to the touch.
Moisture resistant.   Fade resistant.  But lasts longer in shade and if sprayed with UV protectant.
Badbunnydesigns",,,,,,,1,$17.85 ,,,,,1,badbunny400,badbunny160,https://img1.wsimg.com/isteam/ip/d60a8e97-8bec-436a-acdb-1f4df800ed0b/ols/5005%20pole.jpg,5005 pole.jpg,,,badbunny800,5005 pole.jpg
Lady in Garden Cork Back Drink Coasters ~ Set of 4 ~ 4 x 4in. ~,Lady in Garden Cork Back Drink Coasters - Set of 4 - 4 x 4in. -,,"Lady in Garden Cork Back Drink Coasters ~ Set of ~ 4in. x 4in.

Our coasters are a cute way to display your personal style while protecting your furniture. They are a complement to any table or surface. Perfect for hot or cold drinks.
Measures 4'x4'
High gloss finish and a non-skid cork backing. Wipe clean.",,,,,,,1,$7.95 ,,,,,1,badbunny400,badbunny160,https://img1.wsimg.com/isteam/ip/d60a8e97-8bec-436a-acdb-1f4df800ed0b/ols/1086.jpg,1086.jpg,,,badbunny800,1086.jpg
Mine Are For Kicking A** Cork Back Drink Coasters ~ Set of 4 ~ 4 x 4in. ~,Mine Are For Kicking A** Cork Back Drink Coasters - Set of 4 - 4 x 4in. -,,"Mine Are For Kicking A** Cork Back Drink Coasters ~ Set of ~ 4in. x 4in.

Our coasters are a cute way to display your personal style while protecting your furniture. They are a complement to any table or surface. Perfect for hot or cold drinks.
Measures 4'x4'
High gloss finish and a non-skid cork backing. Wipe clean.",,,,,,,1,$7.95 ,,,,,1,badbunny400,badbunny160,https://img1.wsimg.com/isteam/ip/d60a8e97-8bec-436a-acdb-1f4df800ed0b/ols/1007.jpg,1007.jpg,,,badbunny800,1007.jpg
Ohio Buckey Leaf Nylon Embroidered Garden Flag Wholesale Pkg of 3 Flags,Ohio Buckey Leaf Nylon Embroidered Garden Flag Wholesale Pkg of 3 Flags,,"Buckeye Leaf Garden Flag

Wholesale pack of three flags.   
Price for each flag is $7.95 Suggested retail is $14.95 to $18.95 depending on your area.

This flag is made of top quality nylon.   The ""stars"" are embroidered Buckeye Leaves.
Each 'stripe' is individually stitched.

Standard 8x12 Garden Flag
Double Sided
Fully readable on both sides.
Double stitched on three sides with standard rod pocket at the top.
Heavy but soft to the touch.
Weather Resistant.  Fade Resistant. **
**Flags will last longer if not in direct sunlight.   If needed spray with a UV Protectant each season",,,,,,,1,$23.85 ,,,,,1,badbunny400,badbunny160,https://img1.wsimg.com/isteam/ip/d60a8e97-8bec-436a-acdb-1f4df800ed0b/ols/5043.jpg,5043.jpg,,,badbunny800,5043.jpg
Ohio State Shape on Black Garden Flag ~ Wholesale Pack of 3 Flags,Ohio State Shape on Black Garden Flag - Wholesale Pack of 3 Flags,,"OHIO State Shape on Black Garden Flag

Wholesale pack of three flags.   
Price for each flag is $5.95 Suggested retail is $12.95 to $14.95 depending on your area.

Standard 8x12 Garden Flag
Double Sided with sun block sheet in between.
Fully readable on both sides.
Double stitched on three sides with standard rod pocket at the top.
250g Dye Sublimated Polyester.
Heavy but soft to the touch.
Weather Resistant.  Fade Resistant. **
**Flags will last longer if not in direct sunlight.   If needed spray with a UV Protectant each season",,,,,,,1,$17.85 ,,,,,1,badbunny400,badbunny160,https://img1.wsimg.com/isteam/ip/d60a8e97-8bec-436a-acdb-1f4df800ed0b/ols/5048%20pole%202.jpg,5048 pole 2.jpg,,,badbunny800,5048 pole 2.jpg
Old Tyme Valentine Post Card Image Garden Flag Wholesale Pkg of 3,Old Tyme Valentine Post Card Image Garden Flag Wholesale Pkg of 3,,"Old Fashioned Valentine Postcard Image Garden Flag


Wholesale pack of three flags.   
Price for each flag is $5.95 Suggested retail is $12.95 to $14.95 depending on your area.

Standard 8x12 Garden Flag
Double Sided with sun block sheet in between.
Fully readable on both sides.
Double stitched on three sides with standard rod pocket at the top.
250g Dye Sublimated Polyester.
Heavy but soft to the touch.
Weather Resistant.  Fade Resistant. **
**Flags will last longer if not in direct sunlight.   If needed spray with a UV Protectant each season",,,,,,,1,$17.95 ,,,,,1,badbunny400,badbunny160,https://img1.wsimg.com/isteam/ip/d60a8e97-8bec-436a-acdb-1f4df800ed0b/ols/5020%20pole%203%20fixed.jpg,5020 pole 3 fixed.jpg,,,badbunny800,5020 pole 3 fixed.jpg
Olde Autumn Market Metal Sign ~ 12x8 ~ Set of 3,Olde Autumn Market Metal Sign - 12x8 - Set of 3,,"Olde Autumn Market Metal Sign ~ 12x8 ~ Set of 3

Heavy Gauge Sublimated Aluminum
Measures 12in x 8in
Holes in all four corners for ease of wall placement. Can also be displayed on a tabletop with an easel. 
*Easel not included
**Sale is for Metal Sign ONLY

Made in U.S.A.

Please ask any and all questions before purchase.

Thank you,
Bad Bunny Designs",,,,,,,1,$20.85 ,,,,,1,badbunny400,badbunny160,https://img1.wsimg.com/isteam/ip/d60a8e97-8bec-436a-acdb-1f4df800ed0b/ols/TS2278%20Olde%20Autumn%20Market.jpg,TS2278 Olde Autumn Market.jpg,,,badbunny800,TS2278 Olde Autumn Market.jpg
Red Pick up Truck with Sunflowers Cork Back Drink Coasters ~ Set of 4 ~ 4 x 4in. ~,Red Pick up Truck with Sunflowers Cork Back Drink Coasters - Set of 4 - 4 x 4in. -,,"Red Pick up Truck with Sunflowers Cork Back Drink Coasters ~ Set of ~ 4in. x 4in.

Our coasters are a cute way to display your personal style while protecting your furniture. They are a complement to any table or surface. Perfect for hot or cold drinks.
Measures 4'x4'
High gloss finish and a non-skid cork backing. Wipe clean.",,,,,,,1,$7.95 ,,,,,1,badbunny400,badbunny160,https://img1.wsimg.com/isteam/ip/d60a8e97-8bec-436a-acdb-1f4df800ed0b/ols/1066.jpg,1066.jpg,,,badbunny800,1066.jpg
Red Truck with Red Flowers Cork Back Drink Coasters ~ Set of 4 ~ 4 x 4in. ~,Red Truck with Red Flowers Cork Back Drink Coasters - Set of 4 - 4 x 4in. -,,"Red Truck with Red Flowers Cork Back Drink Coasters ~ Set of ~ 4in. x 4in.

Our coasters are a cute way to display your personal style while protecting your furniture. They are a complement to any table or surface. Perfect for hot or cold drinks.
Measures 4'x4'
High gloss finish and a non-skid cork backing. Wipe clean.",,,,,,,1,$7.95 ,,,,,1,badbunny400,badbunny160,https://img1.wsimg.com/isteam/ip/d60a8e97-8bec-436a-acdb-1f4df800ed0b/ols/1090.jpg,1090.jpg,,,badbunny800,1090.jpg
Sanderson Broom Company Metal Sign ~ 12x8 ~ Set of 3,Sanderson Broom Company Metal Sign - 12x8 - Set of 3,,"Sanderson Broom Company Metal Sign ~ 12x8 ~ Set of 3

Heavy Gauge Sublimated Aluminum
Measures 12in x 8in
Holes in all four corners for ease of wall placement. Can also be displayed on a tabletop with an easel. 
*Easel not included
**Sale is for Metal Sign ONLY

Made in U.S.A.

Please ask any and all questions before purchase.

Thank you,
Bad Bunny Designs",,,,,,,1,$20.85 ,,,,,1,badbunny400,badbunny160,https://img1.wsimg.com/isteam/ip/d60a8e97-8bec-436a-acdb-1f4df800ed0b/ols/TS2287%20Sanderson%20Broom%20Co.jpg,TS2287 Sanderson Broom Co.jpg,,,badbunny800,TS2287 Sanderson Broom Co.jpg
Santa Hugging Deer Metal Sign ~ 12x8 ~ Set of 3,Santa Hugging Deer Metal Sign - 12x8 - Set of 3,,"Santa Hugging Deer Metal Sign ~ 12x8 ~ Set of 3

Heavy Gauge Sublimated Aluminum
Measures 12in x 8in
Holes in all four corners for ease of wall placement. Can also be displayed on a tabletop with an easel. 
*Easel not included
**Sale is for Metal Sign ONLY

Made in U.S.A.

Please ask any and all questions before purchase.

Thank you,
Bad Bunny Designs",,,,,,,1,$20.85 ,,,,,1,badbunny400,badbunny160,https://img1.wsimg.com/isteam/ip/d60a8e97-8bec-436a-acdb-1f4df800ed0b/ols/TS2259%20Santa%20Hugging%20Deer.jpg,TS2259 Santa Hugging Deer.jpg,,,badbunny800,TS2259 Santa Hugging Deer.jpg
Santa with Holly Frame Cork Back Drink Coasters ~ Set of 4 ~ 4 x 4in. ~,Santa with Holly Frame Cork Back Drink Coasters - Set of 4 - 4 x 4in. -,,"Santa with Holly Frame Cork Back Drink Coasters ~ Set of ~ 4in. x 4in.

Our coasters are a cute way to display your personal style while protecting your furniture. They are a complement to any table or surface. Perfect for hot or cold drinks.
Measures 4'x4'
High gloss finish and a non-skid cork backing. Wipe clean.",,,,,,,1,$7.95 ,,,,,1,badbunny400,badbunny160,https://img1.wsimg.com/isteam/ip/d60a8e97-8bec-436a-acdb-1f4df800ed0b/ols/1094.jpg,1094.jpg,,,badbunny800,1094.jpg
Scarecrow National Park Metal Sign ~ 12x8 ~ Set of 3,Scarecrow National Park Metal Sign - 12x8 - Set of 3,,"Scarecrow National Park Metal Sign ~ 12x8 ~ Set of 3

Heavy Gauge Sublimated Aluminum
Measures 12in x 8in
Holes in all four corners for ease of wall placement. Can also be displayed on a tabletop with an easel. 
*Easel not included
**Sale is for Metal Sign ONLY

Made in U.S.A.

Please ask any and all questions before purchase.

Thank you,
Bad Bunny Designs",,,,,,,1,$20.85 ,,,,,1,badbunny400,badbunny160,https://img1.wsimg.com/isteam/ip/d60a8e97-8bec-436a-acdb-1f4df800ed0b/ols/TS2324%20Scarecrow%20At%20Fence%20With%20Little%20Girl.jpg,TS2324 Scarecrow At Fence With Little Girl.jpg,,,badbunny800,TS2324 Scarecrow At Fence With Little Girl.jpg
She Works Hard For The Honey Cork Back Drink Coasters ~ Set of 4 ~ 4 x 4in. ~,She Works Hard For The Honey Cork Back Drink Coasters - Set of 4 - 4 x 4in. -,,"She Works Hard For The Honey Cork Back Drink Coasters ~ Set of ~ 4in. x 4in.

Our coasters are a cute way to display your personal style while protecting your furniture. They are a complement to any table or surface. Perfect for hot or cold drinks.
Measures 4'x4'
High gloss finish and a non-skid cork backing. Wipe clean.",,,,,,,1,$7.95 ,,,,,1,badbunny400,badbunny160,https://img1.wsimg.com/isteam/ip/d60a8e97-8bec-436a-acdb-1f4df800ed0b/ols/1071.jpg,1071.jpg,,,badbunny800,1071.jpg
Sleepy Hallow Farm Metal Sign ~ 12x8 ~ Set of 3,Sleepy Hallow Farm Metal Sign - 12x8 - Set of 3,,"Sleepy Hallow Farm Metal Sign ~ 12x8 ~ Set of 3

Heavy Gauge Sublimated Aluminum
Measures 12in x 8in
Holes in all four corners for ease of wall placement. Can also be displayed on a tabletop with an easel. 
*Easel not included
**Sale is for Metal Sign ONLY

Made in U.S.A.

Please ask any and all questions before purchase.

Thank you,
Bad Bunny Designs",,,,,,,1,$20.85 ,,,,,1,badbunny400,badbunny160,https://img1.wsimg.com/isteam/ip/d60a8e97-8bec-436a-acdb-1f4df800ed0b/ols/TS2275%20Sleepy%20Hollow%20Farm.jpg,TS2275 Sleepy Hollow Farm.jpg,,,badbunny800,TS2275 Sleepy Hollow Farm.jpg
Some Moms Cuss Cork Back Drink Coasters ~ Set of 4 ~ 4 x 4in. ~,Some Moms Cuss Cork Back Drink Coasters - Set of 4 - 4 x 4in. -,,"Some Moms Cuss Cork Back Drink Coasters ~ Set of ~ 4in. x 4in.

Our coasters are a cute way to display your personal style while protecting your furniture. They are a complement to any table or surface. Perfect for hot or cold drinks.
Measures 4'x4'
High gloss finish and a non-skid cork backing. Wipe clean.",,,,,,,1,$7.95 ,,,,,1,badbunny400,badbunny160,https://img1.wsimg.com/isteam/ip/d60a8e97-8bec-436a-acdb-1f4df800ed0b/ols/1103.jpg,1103.jpg,,,badbunny800,1103.jpg
St Patrick's Day Green Truck Garden Flag = wholesale pack of three flags,St Patrick's Day Green Truck Garden Flag = wholesale pack of three flags,,"St. Patrick's Day Green Truck Garden Flag
Wholesale pack of three flags.   Price for each flag is $5.95
Suggested retail is $12.95 to $14.95 depending on your area.

Standard 8x12 Garden Flag
Double Sided with sun block sheet in between.
Fully readable on both sides.
Double stitched on three sides with standard rod pocket at the top.
250g Dye Sublimated Polyester.
Heavy but soft to the touch.
Weather Resistant.  Fade Resistant.**
**Flags will last longer if not in direct sunlight.   If needed spray with a UV Protectant each season.",,,,,,,1,$17.85 ,,,,,1,badbunny400,badbunny160,https://img1.wsimg.com/isteam/ip/d60a8e97-8bec-436a-acdb-1f4df800ed0b/ols/5011%20POLE.jpg,5011 POLE.jpg,,,badbunny800,5011 POLE.jpg
Sweet Freedom Patriotic Angel Metal Sign ~ 12x8 ~ Set of 3,Sweet Freedom Patriotic Angel Metal Sign - 12x8 - Set of 3,,"Sweet Freedom Patriotic Angel Metal Sign ~ 12x8 ~ Set of 3

Heavy Gauge Sublimated Aluminum
Measures 12in x 8in
Holes in all four corners for ease of wall placement. Can also be displayed on a tabletop with an easel. 
*Easel not included
**Sale is for Metal Sign ONLY

Made in U.S.A.

Please ask any and all questions before purchase.

Thank you,
Bad Bunny Designs",,,,,,,1,$20.85 ,,,,,1,badbunny400,badbunny160,https://img1.wsimg.com/isteam/ip/d60a8e97-8bec-436a-acdb-1f4df800ed0b/ols/TS2257%20Sweet%20Freedom%20Patriotic%20Angel.jpg,TS2257 Sweet Freedom Patriotic Angel.jpg,,,badbunny800,TS2257 Sweet Freedom Patriotic Angel.jpg
The Bad News Is Time Flies Cork Back Drink Coasters ~ Set of 4 ~ 4 x 4in. ~,The Bad News Is Time Flies Cork Back Drink Coasters - Set of 4 - 4 x 4in. -,,"The Bad News Is Time Flies Cork Back Drink Coasters ~ Set of ~ 4in. x 4in.

Our coasters are a cute way to display your personal style while protecting your furniture. They are a complement to any table or surface. Perfect for hot or cold drinks.
Measures 4'x4'
High gloss finish and a non-skid cork backing. Wipe clean.",,,,,,,1,$7.95 ,,,,,1,badbunny400,badbunny160,https://img1.wsimg.com/isteam/ip/d60a8e97-8bec-436a-acdb-1f4df800ed0b/ols/1030.jpg,1030.jpg,,,badbunny800,1030.jpg
Three Colorful Birds Metal Sign ~ 12x8 ~ Set of 3,Three Colorful Birds Metal Sign - 12x8 - Set of 3,,"Three Colorful Birds Metal Sign ~ 12x8 ~ Set of 3

Heavy Gauge Sublimated Aluminum
Measures 12in x 8in
Holes in all four corners for ease of wall placement. Can also be displayed on a tabletop with an easel. 
*Easel not included
**Sale is for Metal Sign ONLY

Made in U.S.A.

Please ask any and all questions before purchase.

Thank you,
Bad Bunny Designs",,,,,,,1,$20.85 ,,,,,1,badbunny400,badbunny160,https://img1.wsimg.com/isteam/ip/d60a8e97-8bec-436a-acdb-1f4df800ed0b/ols/TS2280%20Three%20Colorful%20Birds.jpg,TS2280 Three Colorful Birds.jpg,,,badbunny800,TS2280 Three Colorful Birds.jpg
Trick or Treat Cork Back Drink Coasters ~ Set of 4 ~ 4 x 4in. ~,Trick or Treat Cork Back Drink Coasters - Set of 4 - 4 x 4in. -,,"Trick or Treat Cork Back Drink Coasters ~ Set of ~ 4in. x 4in.

Our coasters are a cute way to display your personal style while protecting your furniture. They are a complement to any table or surface. Perfect for hot or cold drinks.
Measures 4'x4'
High gloss finish and a non-skid cork backing. Wipe clean.",,,,,,,1,$7.95 ,,,,,1,badbunny400,badbunny160,https://img1.wsimg.com/isteam/ip/d60a8e97-8bec-436a-acdb-1f4df800ed0b/ols/1013.jpg,1013.jpg,,,badbunny800,1013.jpg
Vintage Truck In Sunflower Field Metal Sign ~ 12x8 ~ Set of 3,Vintage Truck In Sunflower Field Metal Sign - 12x8 - Set of 3,,"Vintage Truck In Sunflower Field Metal Sign ~ 12x8 ~ Set of 3

Heavy Gauge Sublimated Aluminum
Measures 12in x 8in
Holes in all four corners for ease of wall placement. Can also be displayed on a tabletop with an easel. 
*Easel not included
**Sale is for Metal Sign ONLY

Made in U.S.A.

Please ask any and all questions before purchase.

Thank you,
Bad Bunny Designs",,,,,,,1,$20.85 ,,,,,1,badbunny400,badbunny160,https://img1.wsimg.com/isteam/ip/d60a8e97-8bec-436a-acdb-1f4df800ed0b/ols/TS2306%20Vintage%20Truck%20In%20Sunflower%20Field.jpg,TS2306 Vintage Truck In Sunflower Field.jpg,,,badbunny800,TS2306 Vintage Truck In Sunflower Field.jpg
Watering Can With Star Metal Sign ~ 12x8 ~ Set of 3,Watering Can With Star Metal Sign - 12x8 - Set of 3,,"Watering Can With Star Metal Sign ~ 12x8 ~ Set of 3

Heavy Gauge Sublimated Aluminum
Measures 12in x 8in
Holes in all four corners for ease of wall placement. Can also be displayed on a tabletop with an easel. 
*Easel not included
**Sale is for Metal Sign ONLY

Made in U.S.A.

Please ask any and all questions before purchase.

Thank you,
Bad Bunny Designs",,,,,,,1,$20.85 ,,,,,1,badbunny400,badbunny160,https://img1.wsimg.com/isteam/ip/d60a8e97-8bec-436a-acdb-1f4df800ed0b/ols/TS2305%20Watering%20Can%20With%20Stars.jpg,TS2305 Watering Can With Stars.jpg,,,badbunny800,TS2305 Watering Can With Stars.jpg
Welcome St Patrick's Day Three Hearts and Clover Garden Flag ~ Wholesale Pack of 3 Flags,Welcome St Patrick's Day Three Hearts and Clover Garden Flag - Wholesale Pack of 3 Flags,,"Welcome St Patrick's Day Three Hearts and Clover Garden Flag

Wholesale pack of three flags.   Price for each flag is $5.95
Suggested retail is $12.95 to $14.95 depending on your area.

Standard 8x12 Garden Flag
Double Sided with sun block sheet in between.
Fully readable on both sides.
Double stitched on three sides with standard rod pocket at the top.
250g Dye Sublimated Polyester.
Heavy but soft to the touch.
Weather Resistant.  Fade Resistant.**
**Flags will last longer if not in direct sunlight.   If needed spray with a UV Protectant each season.",,,,,,,1,$17.85 ,,,,,1,badbunny400,badbunny160,https://img1.wsimg.com/isteam/ip/d60a8e97-8bec-436a-acdb-1f4df800ed0b/ols/5009%20ple.jpg,5009 ple.jpg,,,badbunny800,5009 ple.jpg
Welcome St. Patrick's Day Gnome Garden Flag = Wholesale Pack of 3 flags,Welcome St. Patrick's Day Gnome Garden Flag = Wholesale Pack of 3 flags,,"Welcome St. Patrick's Day Gnome FlagWholesale pack of three flags.   Price for each flag is $5.95
Suggested retail is $12.95 to $14.95 depending on your area.

Standard 8x12 Garden Flag
Double Sided with sun block sheet in between.
Fully readable on both sides.
Double stitched on three sides with standard rod pocket at the top.
250g Dye Sublimated Polyester.
Heavy but soft to the touch.
Weather Resistant.  Fade Resistant.**
**Flags will last longer if not in direct sunlight.   If needed spray with a UV Protectant each season.",,,,,,,1,$17.85 ,,,,,1,badbunny400,badbunny160,https://img1.wsimg.com/isteam/ip/d60a8e97-8bec-436a-acdb-1f4df800ed0b/ols/5032%20Pole.jpg,5032 Pole.jpg,,,badbunny800,5032 Pole.jpg
Welcome with Three Hearts Valentine's Day Garden Flag ~ Wholesale Package of 3 Flags,Welcome with Three Hearts Valentine's Day Garden Flag - Wholesale Package of 3 Flags,,"Welcome Three Hearts Valentine's Day Garden Flag


Wholesale package of three flags  $5.95 each
12 x 18  250g Dye-Sublimated Printing
Double Sided;  Image is readable on both sides.
Double stitched edges with rod pocket at the top for hanging
Our flags are heavy and flow nicely in the breeze but yet are still soft to the touch.
Moisture resistant.   Fade resistant.  But lasts longer in shade and if sprayed with UV protectant.
Badbunnydesigns",,,,,,,1,$17.85 ,,,,,1,badbunny400,badbunny160,https://img1.wsimg.com/isteam/ip/d60a8e97-8bec-436a-acdb-1f4df800ed0b/ols/5006%20pole.jpg,5006 pole.jpg,,,badbunny800,5006 pole.jpg
Western .45 Colt Cork Back Drink Coasters ~ Set of 4 ~ 4 x 4in. ~,Western .45 Colt Cork Back Drink Coasters - Set of 4 - 4 x 4in. -,,"Western .45 Colt Cork Back Drink Coasters ~ Set of ~ 4in. x 4in.

Our coasters are a cute way to display your personal style while protecting your furniture. They are a complement to any table or surface. Perfect for hot or cold drinks.
Measures 4'x4'
High gloss finish and a non-skid cork backing. Wipe clean.",,,,,,,1,$7.95 ,,,,,1,badbunny400,badbunny160,https://img1.wsimg.com/isteam/ip/d60a8e97-8bec-436a-acdb-1f4df800ed0b/ols/1024.jpg,1024.jpg,,,badbunny800,1024.jpg
White Jack-O-Lantern Metal Sign ~ 12x8 ~ Set of 3,White Jack-O-Lantern Metal Sign - 12x8 - Set of 3,,"White Jack-O-Lantern Metal Sign ~ 12x8 ~ Set of 3

Heavy Gauge Sublimated Aluminum
Measures 12in x 8in
Holes in all four corners for ease of wall placement. Can also be displayed on a tabletop with an easel. 
*Easel not included
**Sale is for Metal Sign ONLY

Made in U.S.A.

Please ask any and all questions before purchase.

Thank you,
Bad Bunny Designs",,,,,,,1,$20.85 ,,,,,1,badbunny400,badbunny160,https://img1.wsimg.com/isteam/ip/d60a8e97-8bec-436a-acdb-1f4df800ed0b/ols/TS2326%20White%20Pumpkin.jpg,TS2326 White Pumpkin.jpg,,,badbunny800,TS2326 White Pumpkin.jpg
Witch Cat With Cauldron Metal Sign ~ 12x8 ~ Set of 3,Witch Cat With Cauldron Metal Sign - 12x8 - Set of 3,,"Witch Cat With Cauldron Metal Sign ~ 12x8 ~ Set of 3

Heavy Gauge Sublimated Aluminum
Measures 12in x 8in
Holes in all four corners for ease of wall placement. Can also be displayed on a tabletop with an easel. 
*Easel not included
**Sale is for Metal Sign ONLY

Made in U.S.A.

Please ask any and all questions before purchase.

Thank you,
Bad Bunny Designs",,,,,,,1,$20.85 ,,,,,1,badbunny400,badbunny160,https://img1.wsimg.com/isteam/ip/d60a8e97-8bec-436a-acdb-1f4df800ed0b/ols/TS2273%20Witch%20Cat%20With%20Cauldron.jpg,TS2273 Witch Cat With Cauldron.jpg,,,badbunny800,TS2273 Witch Cat With Cauldron.jpg
Witch With Pumpkin Bucket and Spiderweb Metal Sign ~ 12x8 ~ Set of 3,Witch With Pumpkin Bucket and Spiderweb Metal Sign - 12x8 - Set of 3,,"Witch With Pumpkin Bucket and Spiderweb Metal Sign ~ 12x8 ~ Set of 3

Heavy Gauge Sublimated Aluminum
Measures 12in x 8in
Holes in all four corners for ease of wall placement. Can also be displayed on a tabletop with an easel. 
*Easel not included
**Sale is for Metal Sign ONLY

Made in U.S.A.

Please ask any and all questions before purchase.

Thank you,
Bad Bunny Designs",,,,,,,1,$20.85 ,,,,,1,badbunny400,badbunny160,https://img1.wsimg.com/isteam/ip/d60a8e97-8bec-436a-acdb-1f4df800ed0b/ols/TS2336%20Witch%20Walking%20Toward%20Full%20Moon.jpg,TS2336 Witch Walking Toward Full Moon.jpg,,,badbunny800,TS2336 Witch Walking Toward Full Moon.jpg
Witch's Kitchen Metal Sign ~ 12x8 ~ Set of 3,Witch's Kitchen Metal Sign - 12x8 - Set of 3,,"Witch's Kitchen Metal Sign ~ 12x8 ~ Set of 3

Heavy Gauge Sublimated Aluminum
Measures 12in x 8in
Holes in all four corners for ease of wall placement. Can also be displayed on a tabletop with an easel. 
*Easel not included
**Sale is for Metal Sign ONLY

Made in U.S.A.

Please ask any and all questions before purchase.

Thank you,
Bad Bunny Designs",,,,,,,1,$20.85 ,,,,,1,badbunny400,badbunny160,https://img1.wsimg.com/isteam/ip/d60a8e97-8bec-436a-acdb-1f4df800ed0b/ols/TS2313%20Witch's%20Kitchen.jpg,TS2313 Witch's Kitchen.jpg,,,badbunny800,TS2313 Witch's Kitchen.jpg
,,,,,,,,,,,,,,,,,,,,,,,,
,,,,,,,,,,,,,,,,,,,,,,,,
,,,,,,,,,,,,,,,,,,,,,,,,
,,,,,,,,,,,,,,,,,,,,,,,,
,,,,,,,,,,,,,,,,,,,,,,,,
,,,,,,,,,,,,,,,,,,,,,,,,
,,,,,,,,,,,,,,,,,,,,,,,,
,,,,,,,,,,,,,,,,,,,,,,,,
,,,,,,,,,,,,,,,,,,,,,,,,
,,,,,,,,,,,,,,,,,,,,,,,,
,,,,,,,,,,,,,,,,,,,,,,,,
,,,,,,,,,,,,,,,,,,,,,,,,
,,,,,,,,,,,,,,,,,,,,,,,,
,,,,,,,,,,,,,,,,,,,,,,,,
,,,,,,,,,,,,,,,,,,,,,,,,
,,,,,,,,,,,,,,,,,,,,,,,,
,,,,,,,,,,,,,,,,,,,,,,,,
,,,,,,,,,,,,,,,,,,,,,,,,
,,,,,,,,,,,,,,,,,,,,,,,,
,,,,,,,,,,,,,,,,,,,,,,,,
,,,,,,,,,,,,,,,,,,,,,,,,
,,,,,,,,,,,,,,,,,,,,,,,,
,,,,,,,,,,,,,,,,,,,,,,,,
,,,,,,,,,,,,,,,,,,,,,,,,
,,,,,,,,,,,,,,,,,,,,,,,,
,,,,,,,,,,,,,,,,,,,,,,,,
,,,,,,,,,,,,,,,,,,,,,,,,
,,,,,,,,,,,,,,,,,,,,,,,,
,,,,,,,,,,,,,,,,,,,,,,,,
,,,,,,,,,,,,,,,,,,,,,,,,
,,,,,,,,,,,,,,,,,,,,,,,,
,,,,,,,,,,,,,,,,,,,,,,,,
,,,,,,,,,,,,,,,,,,,,,,,,
,,,,,,,,,,,,,,,,,,,,,,,,
,,,,,,,,,,,,,,,,,,,,,,,,
,,,,,,,,,,,,,,,,,,,,,,,,
,,,,,,,,,,,,,,,,,,,,,,,,
,,,,,,,,,,,,,,,,,,,,,,,,
,,,,,,,,,,,,,,,,,,,,,,,,
,,,,,,,,,,,,,,,,,,,,,,,,
,,,,,,,,,,,,,,,,,,,,,,,,
,,,,,,,,,,,,,,,,,,,,,,,,
,,,,,,,,,,,,,,,,,,,,,,,,
,,,,,,,,,,,,,,,,,,,,,,,,
,,,,,,,,,,,,,,,,,,,,,,,,
,,,,,,,,,,,,,,,,,,,,,,,,
,,,,,,,,,,,,,,,,,,,,,,,,
,,,,,,,,,,,,,,,,,,,,,,,,
,,,,,,,,,,,,,,,,,,,,,,,,
,,,,,,,,,,,,,,,,,,,,,,,,
,,,,,,,,,,,,,,,,,,,,,,,,
,,,,,,,,,,,,,,,,,,,,,,,,
,,,,,,,,,,,,,,,,,,,,,,,,
,,,,,,,,,,,,,,,,,,,,,,,,
,,,,,,,,,,,,,,,,,,,,,,,,
,,,,,,,,,,,,,,,,,,,,,,,,
,,,,,,,,,,,,,,,,,,,,,,,,
,,,,,,,,,,,,,,,,,,,,,,,,
,,,,,,,,,,,,,,,,,,,,,,,,
,,,,,,,,,,,,,,,,,,,,,,,,
,,,,,,,,,,,,,,,,,,,,,,,,
,,,,,,,,,,,,,,,,,,,,,,,,
,,,,,,,,,,,,,,,,,,,,,,,,
Marching Uncle Sam 1776 Metal Sign ~ 12x8 ~ Set of 3,Marching Uncle Sam 1776 Metal Sign - 12x8 - Set of 3,,"Marching Uncle Same 1776 Metal Sign ~ 12x8 ~ Set of 3

Heavy Gauge Sublimated Aluminum
Measures 12in x 8in
Holes in all four corners for ease of wall placement. Can also be displayed on a tabletop with an easel. 
*Easel not included
**Sale is for Metal Sign ONLY

Made in U.S.A.

Please ask any and all questions before purchase.

Thank you,
Bad Bunny Designs",,,,,,,1,$20.85 ,,,,,1,badbunny400,badbunny160,https://img1.wsimg.com/isteam/ip/d60a8e97-8bec-436a-acdb-1f4df800ed0b/ols/TS2272%20Marching%20Uncle%20Sam%201776.jpg,TS2272 Marching Uncle Sam 1776.jpg,,,badbunny800,TS2272 Marching Uncle Sam 1776.jpg
Stay Golden Cork Back Drink Coasters ~ Set of 4 ~ 4 x 4in. ~,Stay Golden Cork Back Drink Coasters - Set of 4 - 4 x 4in. -,,"Stay Golden Cork Back Drink Coasters ~ Set of ~ 4in. x 4in.

Our coasters are a cute way to display your personal style while protecting your furniture. They are a complement to any table or surface. Perfect for hot or cold drinks.
Measures 4'x4'
High gloss finish and a non-skid cork backing. Wipe clean.",,,,,,,1,$7.95 ,,,,,1,badbunny400,badbunny160,https://img1.wsimg.com/isteam/ip/d60a8e97-8bec-436a-acdb-1f4df800ed0b/ols/1112.jpg,1112.jpg,,,badbunny800,1112.jpg
Edgar Allen Poe Cork Back Drink Coasters ~ Set of 4 ~ 4 x 4in. ~,Edgar Allen Poe Cork Back Drink Coasters - Set of 4 - 4 x 4in. -,,"Edgar Allen Poe Cork Back Drink Coasters ~ Set of ~ 4in. x 4in.

Our coasters are a cute way to display your personal style while protecting your furniture. They are a complement to any table or surface. Perfect for hot or cold drinks.
Measures 4'x4'
High gloss finish and a non-skid cork backing. Wipe clean.",,,,,,,1,$7.95 ,,,,,1,badbunny400,badbunny160,https://img1.wsimg.com/isteam/ip/d60a8e97-8bec-436a-acdb-1f4df800ed0b/ols/1027.jpg,1027.jpg,,,badbunny800,1027.jpg
Three Blue Cans With Shovel Metal Sign ~ 12x8 ~ Set of 3,Three Blue Cans With Shovel Metal Sign - 12x8 - Set of 3,,"Three Blue Cans With Shovel Metal Sign ~ 12x8 ~ Set of 3

Heavy Gauge Sublimated Aluminum
Measures 12in x 8in
Holes in all four corners for ease of wall placement. Can also be displayed on a tabletop with an easel. 
*Easel not included
**Sale is for Metal Sign ONLY

Made in U.S.A.

Please ask any and all questions before purchase.

Thank you,
Bad Bunny Designs",,,,,,,1,$20.85 ,,,,,1,badbunny400,badbunny160,https://img1.wsimg.com/isteam/ip/d60a8e97-8bec-436a-acdb-1f4df800ed0b/ols/TS2302%20Three%20Blue%20Cans%20With%20Shovel.jpg,TS2302 Three Blue Cans With Shovel.jpg,,,badbunny800,TS2302 Three Blue Cans With Shovel.jpg
O H I O Garden Flag ~ Wholesale Package of 3 Flags,O H I O Garden Flag - Wholesale Package of 3 Flags,,"O H I O Garde Flag

Wholesale pack of three flags.   
Price for each flag is $5.95 Suggested retail is $12.95 to $14.95 depending on your area.

Standard 8x12 Garden Flag
Double Sided with sun block sheet in between.
Fully readable on both sides.
Double stitched on three sides with standard rod pocket at the top.
250g Dye Sublimated Polyester.
Heavy but soft to the touch.
Weather Resistant.  Fade Resistant. **
**Flags will last longer if not in direct sunlight.   If needed spray with a UV Protectant each season",,,,,,,1,$17.95 ,,,,,1,badbunny400,badbunny160,https://img1.wsimg.com/isteam/ip/d60a8e97-8bec-436a-acdb-1f4df800ed0b/ols/5041%20pole.jpg,5041 pole.jpg,,,badbunny800,5041 pole.jpg
Cats Staring At The Moon Metal Sign ~ 12x8 ~ Set of 3,Cats Staring At The Moon Metal Sign - 12x8 - Set of 3,,"Cats Staring At The Moon Metal Sign ~ 12x8 ~ Set of 3

Heavy Gauge Sublimated Aluminum
Measures 12in x 8in
Holes in all four corners for ease of wall placement. Can also be displayed on a tabletop with an easel. 
*Easel not included
**Sale is for Metal Sign ONLY

Made in U.S.A.

Please ask any and all questions before purchase.

Thank you,
Bad Bunny Designs",,,,,,,1,$20.85 ,,,,,1,badbunny400,badbunny160,https://img1.wsimg.com/isteam/ip/d60a8e97-8bec-436a-acdb-1f4df800ed0b/ols/TS2314%20Cats%20Staring%20At%20The%20Moon.jpg,TS2314 Cats Staring At The Moon.jpg,,,badbunny800,TS2314 Cats Staring At The Moon.jpg
Don't Listen She's Drunk Cork Back Drink Coasters ~ Set of 4 ~ 4 x 4in. ~,Don't Listen She's Drunk Cork Back Drink Coasters - Set of 4 - 4 x 4in. -,,"Don't Listen She's Drunk Cork Back Drink Coasters ~ Set of ~ 4in. x 4in.

Our coasters are a cute way to display your personal style while protecting your furniture. They are a complement to any table or surface. Perfect for hot or cold drinks.
Measures 4'x4'
High gloss finish and a non-skid cork backing. Wipe clean.",,,,,,,1,$7.95 ,,,,,1,badbunny400,badbunny160,https://img1.wsimg.com/isteam/ip/d60a8e97-8bec-436a-acdb-1f4df800ed0b/ols/1074.jpg,1074.jpg,,,badbunny800,1074.jpg
Fall Flowers Cork Back Drink Coasters ~ Set of 4 ~ 4 x 4in. ~,Fall Flowers Cork Back Drink Coasters - Set of 4 - 4 x 4in. -,,"Fall Flowers Cork Back Drink Coasters ~ Set of ~ 4in. x 4in.

Our coasters are a cute way to display your personal style while protecting your furniture. They are a complement to any table or surface. Perfect for hot or cold drinks.
Measures 4'x4'
High gloss finish and a non-skid cork backing. Wipe clean.",,,,,,,1,$7.95 ,,,,,1,badbunny400,badbunny160,https://img1.wsimg.com/isteam/ip/d60a8e97-8bec-436a-acdb-1f4df800ed0b/ols/1153.jpg,1153.jpg,,,badbunny800,1153.jpg
Happy Easter Cute Bunny Garden Flag = Wholesale Package of Three Flags,Happy Easter Cute Bunny Garden Flag = Wholesale Package of Three Flags,,"Happy Easter Cute Bunny Garden Flag  
Wholesale pack of three flags.   
Price for each flag is $5.95 Suggested retail is $12.95 to $14.95 depending on your area.

Standard 8x12 Garden Flag
Double Sided with sun block sheet in between.
Fully readable on both sides.
Double stitched on three sides with standard rod pocket at the top.
250g Dye Sublimated Polyester.
Heavy but soft to the touch.
Weather Resistant.  Fade Resistant. **
**Flags will last longer if not in direct sunlight.   If needed spray with a UV Protectant each season",,,,,,,1,$17.95 ,,,,,1,badbunny400,badbunny160,https://img1.wsimg.com/isteam/ip/d60a8e97-8bec-436a-acdb-1f4df800ed0b/ols/5028%20pole.jpg,5028 pole.jpg,,,badbunny800,5028 pole.jpg
Cow in Flowers Cork Back Drink Coasters ~ Set of 4 ~ 4 x 4in. ~,Cow in Flowers Cork Back Drink Coasters - Set of 4 - 4 x 4in. -,,"Cow in Flowers Cork Back Drink Coasters ~ Set of ~ 4in. x 4in.

Our coasters are a cute way to display your personal style while protecting your furniture. They are a complement to any table or surface. Perfect for hot or cold drinks.
Measures 4'x4'
High gloss finish and a non-skid cork backing. Wipe clean.",,,,,,,1,$7.95 ,,,,,1,badbunny400,badbunny160,https://img1.wsimg.com/isteam/ip/d60a8e97-8bec-436a-acdb-1f4df800ed0b/ols/1096.jpg,1096.jpg,,,badbunny800,1096.jpg
Vintage Little Witch Metal Sign ~ 12x8 ~ Set of 3,Vintage Little Witch Metal Sign - 12x8 - Set of 3,,"Vintage Little Witch Metal Sign ~ 12x8 ~ Set of 3

Heavy Gauge Sublimated Aluminum
Measures 12in x 8in
Holes in all four corners for ease of wall placement. Can also be displayed on a tabletop with an easel. 
*Easel not included
**Sale is for Metal Sign ONLY

Made in U.S.A.

Please ask any and all questions before purchase.

Thank you,
Bad Bunny Designs",,,,,,,1,$20.85 ,,,,,1,badbunny400,badbunny160,https://img1.wsimg.com/isteam/ip/d60a8e97-8bec-436a-acdb-1f4df800ed0b/ols/TS2312%20Vintage%20Little%20Witch.jpg,TS2312 Vintage Little Witch.jpg,,,badbunny800,TS2312 Vintage Little Witch.jpg
Buckeye Girl Ohio Tribute Garden Flag ~ Wholesale Package of 3,Buckeye Girl Ohio Tribute Garden Flag - Wholesale Package of 3,,"Buckeye Girl   OhiWholesale pack of three flags.   
Price for each flag is $5.95 Suggested retail is $12.95 to $14.95 depending on your area.

Standard 8x12 Garden Flag
Double Sided with sun block sheet in between.
Fully readable on both sides.
Double stitched on three sides with standard rod pocket at the top.
250g Dye Sublimated Polyester.
Heavy but soft to the touch.
Weather Resistant.  Fade Resistant. **
**Flags will last longer if not in direct sunlight.   If needed spray with a UV Protectant each seasono Tribute Garden Flag",,,,,,,1,$17.85 ,,,,,1,badbunny400,badbunny160,https://img1.wsimg.com/isteam/ip/d60a8e97-8bec-436a-acdb-1f4df800ed0b/ols/5049%20pole%202.jpg,5049 pole 2.jpg,,,badbunny800,5049 pole 2.jpg
Three Colorful Birds With Leaves Metal Sign ~ 12x8 ~ Set of 3,Three Colorful Birds With Leaves Metal Sign - 12x8 - Set of 3,,"Three Colorful Birds With Leaves Metal Sign ~ 12x8 ~ Set of 3

Heavy Gauge Sublimated Aluminum
Measures 12in x 8in
Holes in all four corners for ease of wall placement. Can also be displayed on a tabletop with an easel. 
*Easel not included
**Sale is for Metal Sign ONLY

Made in U.S.A.

Please ask any and all questions before purchase.

Thank you,
Bad Bunny Designs",,,,,,,1,$20.85 ,,,,,1,badbunny400,badbunny160,https://img1.wsimg.com/isteam/ip/d60a8e97-8bec-436a-acdb-1f4df800ed0b/ols/TS2279%20Three%20Colorful%20Birds%20With%20Leaves.jpg,TS2279 Three Colorful Birds With Leaves.jpg,,,badbunny800,TS2279 Three Colorful Birds With Leaves.jpg
Me & My Dog Talk Sh*t Cork Back Drink Coasters ~ Set of 4 ~ 4 x 4in. ~,Me & My Dog Talk Sh*t Cork Back Drink Coasters - Set of 4 - 4 x 4in. -,,"Me & My Dog Talk Sh*t Cork Back Drink Coasters ~ Set of ~ 4in. x 4in.

Our coasters are a cute way to display your personal style while protecting your furniture. They are a complement to any table or surface. Perfect for hot or cold drinks.
Measures 4'x4'
High gloss finish and a non-skid cork backing. Wipe clean.",,,,,,,1,$7.95 ,,,,,1,badbunny400,badbunny160,https://img1.wsimg.com/isteam/ip/d60a8e97-8bec-436a-acdb-1f4df800ed0b/ols/1079.jpg,1079.jpg,,,badbunny800,1079.jpg
Tom Smith's Christmas Novelties Metal Sign ~ 12x8 ~ Set of 3,Tom Smith's Christmas Novelties Metal Sign - 12x8 - Set of 3,,"Tom Smith's Christmas Novelties Metal Sign ~ 12x8 ~ Set of 3

Heavy Gauge Sublimated Aluminum
Measures 12in x 8in
Holes in all four corners for ease of wall placement. Can also be displayed on a tabletop with an easel. 
*Easel not included
**Sale is for Metal Sign ONLY

Made in U.S.A.

Please ask any and all questions before purchase.

Thank you,
Bad Bunny Designs",,,,,,,1,$20.85 ,,,,,1,badbunny400,badbunny160,https://img1.wsimg.com/isteam/ip/d60a8e97-8bec-436a-acdb-1f4df800ed0b/ols/TS2268%20Tom%20Smith's%20Christmas%20Novelties.jpg,TS2268 Tom Smith's Christmas Novelties.jpg,,,badbunny800,TS2268 Tom Smith's Christmas Novelties.jpg
Gardening Tools With Succulents Metal Sign ~ 12x8 ~ Set of 3,Gardening Tools With Succulents Metal Sign - 12x8 - Set of 3,,"Gardening Tools With Succulents Metal Sign ~ 12x8 ~ Set of 3

Heavy Gauge Sublimated Aluminum
Measures 12in x 8in
Holes in all four corners for ease of wall placement. Can also be displayed on a tabletop with an easel. 
*Easel not included
**Sale is for Metal Sign ONLY

Made in U.S.A.

Please ask any and all questions before purchase.

Thank you,
Bad Bunny Designs",,,,,,,1,$20.85 ,,,,,1,badbunny400,badbunny160,https://img1.wsimg.com/isteam/ip/d60a8e97-8bec-436a-acdb-1f4df800ed0b/ols/TS2303%20Gardening%20Tools%20With%20Succulents.jpg,TS2303 Gardening Tools With Succulents.jpg,,,badbunny800,TS2303 Gardening Tools With Succulents.jpg
Welcome St Patrick's Gnome Garden Flag ~ Wholesale Pack of Three Flags,Welcome St Patrick's Gnome Garden Flag - Wholesale Pack of Three Flags,,"Welcome St Patrick's Day Gnome Garden Flag

Wholesale pack of three flags.   Price for each flag is $5.95
Suggested retail is $12.95 to $14.95 depending on your area.

Standard 8x12 Garden Flag
Double Sided with sun block sheet in between.
Fully readable on both sides.
Double stitched on three sides with standard rod pocket at the top.
250g Dye Sublimated Polyester.
Heavy but soft to the touch.
Weather Resistant.  Fade Resistant.**
**Flags will last longer if not in direct sunlight.   If needed spray with a UV Protectant each season.",,,,,,,1,$17.85 ,,,,,1,badbunny400,badbunny160,https://img1.wsimg.com/isteam/ip/d60a8e97-8bec-436a-acdb-1f4df800ed0b/ols/5012%20pole%20(2).jpg,5012 pole (2).jpg,,,badbunny800,5012 pole (2).jpg
I'm A Sh*tty Housewife Cork Back Drink Coasters ~ Set of 4 ~ 4 x 4in. ~,I'm A Sh*tty Housewife Cork Back Drink Coasters - Set of 4 - 4 x 4in. -,,"I'm A Sh*tty Housewife Cork Back Drink Coasters ~ Set of ~ 4in. x 4in.

Our coasters are a cute way to display your personal style while protecting your furniture. They are a complement to any table or surface. Perfect for hot or cold drinks.
Measures 4'x4'
High gloss finish and a non-skid cork backing. Wipe clean.",,,,,,,1,$7.95 ,,,,,1,badbunny400,badbunny160,https://img1.wsimg.com/isteam/ip/d60a8e97-8bec-436a-acdb-1f4df800ed0b/ols/1075.jpg,1075.jpg,,,badbunny800,1075.jpg
Welcome Easter Bunny Ears = Wholesale Pack of Three Flags,Welcome Easter Bunny Ears = Wholesale Pack of Three Flags,,"Welcome Easter Bunny Ears Garden Flag
Wholesale pack of three flags.   Price for each flag is $5.95
Suggested retail is $12.95 to $14.95 depending on your area.

Standard 8x12 Garden Flag
Double Sided with sun block sheet in between.
Fully readable on both sides.
Double stitched on three sides with standard rod pocket at the top.
250g Dye Sublimated Polyester.
Heavy but soft to the touch.
Weather Resistant.  Fade Resistant.**
**Flags will last longer if not in direct sunlight.   If needed spray with a UV Protectant each season.",,,,,,,1,$17.85 ,,,,,1,badbunny400,badbunny160,https://img1.wsimg.com/isteam/ip/d60a8e97-8bec-436a-acdb-1f4df800ed0b/ols/5014%20pole%20(3).jpg,5014 pole (3).jpg,,,badbunny800,5014 pole (3).jpg
Post Card Clock Face Cork Back Drink Coasters ~ Set of 4 ~ 4 x 4in. ~,Post Card Clock Face Cork Back Drink Coasters - Set of 4 - 4 x 4in. -,,"Post Card Clock Face Cork Back Drink Coasters ~ Set of ~ 4in. x 4in.

Our coasters are a cute way to display your personal style while protecting your furniture. They are a complement to any table or surface. Perfect for hot or cold drinks.
Measures 4'x4'
High gloss finish and a non-skid cork backing. Wipe clean.",,,,,,,1,$7.95 ,,,,,1,badbunny400,badbunny160,https://img1.wsimg.com/isteam/ip/d60a8e97-8bec-436a-acdb-1f4df800ed0b/ols/1029.jpg,1029.jpg,,,badbunny800,1029.jpg
St. Patrick's Day Lucky and Blessed Garden Flag ~ Wholesale Pack of 3,St. Patrick's Day Lucky and Blessed Garden Flag - Wholesale Pack of 3,,"St. Patrick's Day Lucky and Bless Garden Flag

Wholesale pack of three flags.   Price for each flag is $5.95
Suggested retail is $12.95 to $14.95 depending on your area.

Standard 8x12 Garden Flag
Double Sided with sun block sheet in between.
Fully readable on both sides.
Double stitched on three sides with standard rod pocket at the top.
250g Dye Sublimated Polyester.
Heavy but soft to the touch.
Weather Resistant.  Fade Resistant.**
**Flags will last longer if not in direct sunlight.   If needed spray with a UV Protectant each season.",,,,,,,1,$17.85 ,,,,,1,badbunny400,badbunny160,https://img1.wsimg.com/isteam/ip/d60a8e97-8bec-436a-acdb-1f4df800ed0b/ols/5010%20pole%20(2).jpg,5010 pole (2).jpg,,,badbunny800,5010 pole (2).jpg
Cus We're Fancy AF Cork Back Drink Coasters ~ Set of 4 ~ 4 x 4in. ~,Cus We're Fancy AF Cork Back Drink Coasters - Set of 4 - 4 x 4in. -,,"Cus We're Fancy AF Cork Back Drink Coasters ~ Set of ~ 4in. x 4in.

Our coasters are a cute way to display your personal style while protecting your furniture. They are a complement to any table or surface. Perfect for hot or cold drinks.
Measures 4'x4'
High gloss finish and a non-skid cork backing. Wipe clean.",,,,,,,1,$7.95 ,,,,,1,badbunny400,badbunny160,https://img1.wsimg.com/isteam/ip/d60a8e97-8bec-436a-acdb-1f4df800ed0b/ols/1015.jpg,1015.jpg,,,badbunny800,1015.jpg
Hugs Kisses & Valentine Wishes ~ Wholesale Pkg of 3 Flags,Hugs Kisses & Valentine Wishes - Wholesale Pkg of 3 Flags,,"Hugs Kisses and Valentine Wishes Garden Flag

Wholesale pack of three flags.   
Price for each flag is $5.95 Suggested retail is $12.95 to $14.95 depending on your area.

Standard 8x12 Garden Flag
Double Sided with sun block sheet in between.
Fully readable on both sides.
Double stitched on three sides with standard rod pocket at the top.
250g Dye Sublimated Polyester.
Heavy but soft to the touch.
Weather Resistant.  Fade Resistant. **
**Flags will last longer if not in direct sunlight.   If needed spray with a UV Protectant each season",,,,,,,1,$17.95 ,,,,,1,badbunny400,badbunny160,https://img1.wsimg.com/isteam/ip/d60a8e97-8bec-436a-acdb-1f4df800ed0b/ols/5019%20pole%203.jpg,5019 pole 3.jpg,,,badbunny800,5019 pole 3.jpg
USA Nylon Embroidered Stars Stitched Stripes TEA STAINED Pk of 3,USA Nylon Embroidered Stars Stitched Stripes TEA STAINED Pk of 3,,"USA Nylon E

Wholesale pack of three flags.   
Price for each flag is $7.95 Suggested retail is $14.95 to $18.95 depending on your area.

This flag is made of top quality nylon.   The ""stars"" are embroidered Buckeye Leaves.
Each 'stripe' is individually stitched.

Standard 8x12 Garden Flag
Double Sided
Fully readable on both sides.
Double stitched on three sides with standard rod pocket at the top.
Heavy but soft to the touch.
Weather Resistant.  Fade Resistant. **
**Flags will last longer if not in direct sunlight.   If needed spray with a UV Protectant each season

mbroidered Stars and Stitched Stripes TEA STAINED Garden Flag",,,,,,,1,$23.85 ,,,,,1,badbunny400,badbunny160,https://img1.wsimg.com/isteam/ip/d60a8e97-8bec-436a-acdb-1f4df800ed0b/ols/5051%20pole%204.jpg,5051 pole 4.jpg,,,badbunny800,5051 pole 4.jpg
Be You The World Will Adjust Cork Back Drink Coasters ~ Set of 4 ~ 4 x 4in. ~,Be You The World Will Adjust Cork Back Drink Coasters - Set of 4 - 4 x 4in. -,,"Be You The World Will Adjust Cork Back Drink Coasters ~ Set of ~ 4in. x 4in.

Our coasters are a cute way to display your personal style while protecting your furniture. They are a complement to any table or surface. Perfect for hot or cold drinks.
Measures 4'x4'
High gloss finish and a non-skid cork backing. Wipe clean.",,,,,,,1,$7.95 ,,,,,1,badbunny400,badbunny160,https://img1.wsimg.com/isteam/ip/d60a8e97-8bec-436a-acdb-1f4df800ed0b/ols/1031.jpg,1031.jpg,,,badbunny800,1031.jpg
Abe Lincoln Cork Back Drink Coasters ~ Set of 4 ~ 4 x 4in. ~,Abe Lincoln Cork Back Drink Coasters - Set of 4 - 4 x 4in. -,,"Abe Lincoln Cork Back Drink Coasters ~ Set of ~ 4in. x 4in.

Our coasters are a cute way to display your personal style while protecting your furniture. They are a complement to any table or surface. Perfect for hot or cold drinks.
Measures 4'x4'
High gloss finish and a non-skid cork backing. Wipe clean.",,,,,,,1,$7.95 ,,,,,1,badbunny400,badbunny160,https://img1.wsimg.com/isteam/ip/d60a8e97-8bec-436a-acdb-1f4df800ed0b/ols/1009.jpg,1009.jpg,,,badbunny800,1009.jpg
Vintage Truck Tin Roof Barn Metal Sign ~ 12x8 ~ Set of 3,Vintage Truck Tin Roof Barn Metal Sign - 12x8 - Set of 3,,"Vintage Truck Tin Roof Barn Metal Sign ~ 12x8 ~ Set of 3

Heavy Gauge Sublimated Aluminum
Measures 12in x 8in
Holes in all four corners for ease of wall placement. Can also be displayed on a tabletop with an easel. 
*Easel not included
**Sale is for Metal Sign ONLY

Made in U.S.A.

Please ask any and all questions before purchase.

Thank you,
Bad Bunny Designs",,,,,,,1,$20.85 ,,,,,1,badbunny400,badbunny160,https://img1.wsimg.com/isteam/ip/d60a8e97-8bec-436a-acdb-1f4df800ed0b/ols/TS2300%20Vintage%20Truck%20White%20Flowers.jpg,TS2300 Vintage Truck White Flowers.jpg,,,badbunny800,TS2300 Vintage Truck White Flowers.jpg
Primitive Flag Metal Sign ~ 12x8 ~ Set of 3,Primitive Flag Metal Sign - 12x8 - Set of 3,,"Primitive Flag Metal Sign ~ 12x8 ~ Set of 3

Heavy Gauge Sublimated Aluminum
Measures 12in x 8in
Holes in all four corners for ease of wall placement. Can also be displayed on a tabletop with an easel. 
*Easel not included
**Sale is for Metal Sign ONLY

Made in U.S.A.

Please ask any and all questions before purchase.

Thank you,
Bad Bunny Designs",,,,,,,1,$20.85 ,,,,,1,badbunny400,badbunny160,https://img1.wsimg.com/isteam/ip/d60a8e97-8bec-436a-acdb-1f4df800ed0b/ols/TS2258%20Primitive%20Flag.jpg,TS2258 Primitive Flag.jpg,,,badbunny800,TS2258 Primitive Flag.jpg
May The Luck Of The Irish Always Be With You Garden Flag = Wholesale Pack of 3 flags,May The Luck Of The Irish Always Be With You Garden Flag = Wholesale Pack of 3 flags,,"May The Luck of The IrishWholesale pack of three flags.   Price for each flag is $5.95
Suggested retail is $12.95 to $14.95 depending on your area.

Standard 8x12 Garden Flag
Double Sided with sun block sheet in between.
Fully readable on both sides.
Double stitched on three sides with standard rod pocket at the top.
250g Dye Sublimated Polyester.
Heavy but soft to the touch.
Weather Resistant.  Fade Resistant.**
**Flags will last longer if not in direct sunlight.   If needed spray with a UV Protectant each season. Always Be With You Garden Flag",,,,,,,1,$17.85 ,,,,,1,badbunny400,badbunny160,https://img1.wsimg.com/isteam/ip/d60a8e97-8bec-436a-acdb-1f4df800ed0b/ols/5034%20pole.jpg,5034 pole.jpg,,,badbunny800,5034 pole.jpg
Frosty's Snowflake Cafe With Snowman Metal Sign ~ 12x8 ~ Set of 3,Frosty's Snowflake Cafe With Snowman Metal Sign - 12x8 - Set of 3,,"Frosty's Snowflake Cafe With Snowman Metal Sign ~ 12x8 ~ Set of 3

Heavy Gauge Sublimated Aluminum
Measures 12in x 8in
Holes in all four corners for ease of wall placement. Can also be displayed on a tabletop with an easel. 
*Easel not included
**Sale is for Metal Sign ONLY

Made in U.S.A.

Please ask any and all questions before purchase.

Thank you,
Bad Bunny Designs",,,,,,,1,$20.85 ,,,,,1,badbunny400,badbunny160,https://img1.wsimg.com/isteam/ip/d60a8e97-8bec-436a-acdb-1f4df800ed0b/ols/TS2271%20Frosty's%20Snowflake%20Cafe%20With%20Snowman.jpg,TS2271 Frosty's Snowflake Cafe With Snowman.jpg,,,badbunny800,TS2271 Frosty's Snowflake Cafe With Snowman.jpg
Witch Flying In Front Of Pink Moon Metal Sign ~ 12x8 ~ Set of 3,Witch Flying In Front Of Pink Moon Metal Sign - 12x8 - Set of 3,,"Witch Flying In Front Of Pink Moon Metal Sign ~ 12x8 ~ Set of 3

Heavy Gauge Sublimated Aluminum
Measures 12in x 8in
Holes in all four corners for ease of wall placement. Can also be displayed on a tabletop with an easel. 
*Easel not included
**Sale is for Metal Sign ONLY

Made in U.S.A.

Please ask any and all questions before purchase.

Thank you,
Bad Bunny Designs",,,,,,,1,$20.85 ,,,,,1,badbunny400,badbunny160,https://img1.wsimg.com/isteam/ip/d60a8e97-8bec-436a-acdb-1f4df800ed0b/ols/TS2335%20Witch%20Flying%20In%20Front%20Of%20Pink%20Moon.jpg,TS2335 Witch Flying In Front Of Pink Moon.jpg,,,badbunny800,TS2335 Witch Flying In Front Of Pink Moon.jpg
Don't Be Such a Richard Cork Back Drink Coasters ~ Set of 4 ~ 4 x 4in. ~,Don't Be Such a Richard Cork Back Drink Coasters - Set of 4 - 4 x 4in. -,,"Don't Be Such a Richard Cork Back Drink Coasters ~ Set of ~ 4in. x 4in.

Our coasters are a cute way to display your personal style while protecting your furniture. They are a complement to any table or surface. Perfect for hot or cold drinks.
Measures 4'x4'
High gloss finish and a non-skid cork backing. Wipe clean.",,,,,,,1,$7.95 ,,,,,1,badbunny400,badbunny160,https://img1.wsimg.com/isteam/ip/d60a8e97-8bec-436a-acdb-1f4df800ed0b/ols/1017.jpg,1017.jpg,,,badbunny800,1017.jpg
Beware Witchy Potion Cork Back Drink Coasters ~ Set of 4 ~ 4 x 4in. ~,Beware Witchy Potion Cork Back Drink Coasters - Set of 4 - 4 x 4in. -,,"Beware Witchy Potion Cork Back Drink Coasters ~ Set of ~ 4in. x 4in.

Our coasters are a cute way to display your personal style while protecting your furniture. They are a complement to any table or surface. Perfect for hot or cold drinks.
Measures 4'x4'
High gloss finish and a non-skid cork backing. Wipe clean.",,,,,,,1,$7.95 ,,,,,1,badbunny400,badbunny160,https://img1.wsimg.com/isteam/ip/d60a8e97-8bec-436a-acdb-1f4df800ed0b/ols/1018.jpg,1018.jpg,,,badbunny800,1018.jpg
Boy with Cow Cork Back Drink Coasters ~ Set of 4 ~ 4 x 4in. ~,Boy with Cow Cork Back Drink Coasters - Set of 4 - 4 x 4in. -,,"Boy with Cow Cork Back Drink Coasters ~ Set of ~ 4in. x 4in.

Our coasters are a cute way to display your personal style while protecting your furniture. They are a complement to any table or surface. Perfect for hot or cold drinks.
Measures 4'x4'
High gloss finish and a non-skid cork backing. Wipe clean.",,,,,,,1,$7.95 ,,,,,1,badbunny400,badbunny160,https://img1.wsimg.com/isteam/ip/d60a8e97-8bec-436a-acdb-1f4df800ed0b/ols/1173.jpg,1173.jpg,,,badbunny800,1173.jpg
Cats With Full Moon Metal Sign ~ 12x8 ~ Set of 3,Cats With Full Moon Metal Sign - 12x8 - Set of 3,,"Cats With Full Moon Metal Sign ~ 12x8 ~ Set of 3

Heavy Gauge Sublimated Aluminum
Measures 12in x 8in
Holes in all four corners for ease of wall placement. Can also be displayed on a tabletop with an easel. 
*Easel not included
**Sale is for Metal Sign ONLY

Made in U.S.A.

Please ask any and all questions before purchase.

Thank you,
Bad Bunny Designs",,,,,,,1,$20.85 ,,,,,1,badbunny400,badbunny160,https://img1.wsimg.com/isteam/ip/d60a8e97-8bec-436a-acdb-1f4df800ed0b/ols/TS2319%20Cats%20With%20Full%20Moon.jpg,TS2319 Cats With Full Moon.jpg,,,badbunny800,TS2319 Cats With Full Moon.jpg
Black Cat Bats With Jack O Lanterns Metal Sign ~ 12x8 ~ Set of 3,Black Cat Bats With Jack O Lanterns Metal Sign - 12x8 - Set of 3,,"Black Cat Bats With Jack O Lanterns Metal Sign ~ 12x8 ~ Set of 3

Heavy Gauge Sublimated Aluminum
Measures 12in x 8in
Holes in all four corners for ease of wall placement. Can also be displayed on a tabletop with an easel. 
*Easel not included
**Sale is for Metal Sign ONLY

Made in U.S.A.

Please ask any and all questions before purchase.

Thank you,
Bad Bunny Designs",,,,,,,1,$20.85 ,,,,,1,badbunny400,badbunny160,https://img1.wsimg.com/isteam/ip/d60a8e97-8bec-436a-acdb-1f4df800ed0b/ols/TS2320%20Black%20Cat%20Bats%20With%20Jack%20O%20Lanterns.jpg,TS2320 Black Cat Bats With Jack O Lanterns.jpg,,,badbunny800,TS2320 Black Cat Bats With Jack O Lanterns.jpg
Halloween Haunted House Metal Sign ~ 12x8 ~ Set of 3,Halloween Haunted House Metal Sign - 12x8 - Set of 3,,"Halloween Haunted House Metal Sign ~ 12x8 ~ Set of 3

Heavy Gauge Sublimated Aluminum
Measures 12in x 8in
Holes in all four corners for ease of wall placement. Can also be displayed on a tabletop with an easel. 
*Easel not included
**Sale is for Metal Sign ONLY

Made in U.S.A.

Please ask any and all questions before purchase.

Thank you,
Bad Bunny Designs",,,,,,,1,$20.85 ,,,,,1,badbunny400,badbunny160,https://img1.wsimg.com/isteam/ip/d60a8e97-8bec-436a-acdb-1f4df800ed0b/ols/TS2322%20Halloween%20Haunted%20House.jpg,TS2322 Halloween Haunted House.jpg,,,badbunny800,TS2322 Halloween Haunted House.jpg
Moonbeam Witch Cork Back Drink Coasters ~ Set of 4 ~ 4 x 4in. ~,Moonbeam Witch Cork Back Drink Coasters - Set of 4 - 4 x 4in. -,,"Moonbeam Witch Cork Back Drink Coasters ~ Set of ~ 4in. x 4in.

Our coasters are a cute way to display your personal style while protecting your furniture. They are a complement to any table or surface. Perfect for hot or cold drinks.
Measures 4'x4'
High gloss finish and a non-skid cork backing. Wipe clean.",,,,,,,1,$7.95 ,,,,,1,badbunny400,badbunny160,https://img1.wsimg.com/isteam/ip/d60a8e97-8bec-436a-acdb-1f4df800ed0b/ols/1019.jpg,1019.jpg,,,badbunny800,1019.jpg
Furry Cat In Witch Hat Metal Sign ~ 12x8 ~ Set of 3,Furry Cat In Witch Hat Metal Sign - 12x8 - Set of 3,,"Furry Cat In Witch Hat Metal Sign ~ 12x8 ~ Set of 3

Heavy Gauge Sublimated Aluminum
Measures 12in x 8in
Holes in all four corners for ease of wall placement. Can also be displayed on a tabletop with an easel. 
*Easel not included
**Sale is for Metal Sign ONLY

Made in U.S.A.

Please ask any and all questions before purchase.

Thank you,
Bad Bunny Designs",,,,,,,1,$20.85 ,,,,,1,badbunny400,badbunny160,https://img1.wsimg.com/isteam/ip/d60a8e97-8bec-436a-acdb-1f4df800ed0b/ols/TS2315%20Furry%20Cat%20In%20Witch%20Hat.jpg,TS2315 Furry Cat In Witch Hat.jpg,,,badbunny800,TS2315 Furry Cat In Witch Hat.jpg
Give Me Coffee Cork Back Drink Coasters ~ Set of 4 ~ 4 x 4in. ~,Give Me Coffee Cork Back Drink Coasters - Set of 4 - 4 x 4in. -,,"Give Me Coffee Cork Back Drink Coasters ~ Set of ~ 4in. x 4in.

Our coasters are a cute way to display your personal style while protecting your furniture. They are a complement to any table or surface. Perfect for hot or cold drinks.
Measures 4'x4'
High gloss finish and a non-skid cork backing. Wipe clean.",,,,,,,1,$7.95 ,,,,,1,badbunny400,badbunny160,https://img1.wsimg.com/isteam/ip/d60a8e97-8bec-436a-acdb-1f4df800ed0b/ols/1014.jpg,1014.jpg,,,badbunny800,1014.jpg
Happy St. Patrick's Day Top Hat Garden Flag ~ Wholesale pack of 3 flags,Happy St. Patrick's Day Top Hat Garden Flag - Wholesale pack of 3 flags,,"Happy St. Patrick's Day Top Hat Garden Flag

Wholesale package of three flags  $5.95 each
12 x 18  250g Dye-Sublimated Printing
Double Sided;  Image is readable on both sides.
Double stitched edges with rod pocket at the top for hanging
Our flags are heavy and flow nicely in the breeze but yet are still soft to the touch.
Moisture resistant.   Fade resistant.  But lasts longer in shade and if sprayed with UV protectant.
Badbunnydesigns",,,,,,,1,$17.85 ,,,,,1,badbunny400,badbunny160,https://img1.wsimg.com/isteam/ip/d60a8e97-8bec-436a-acdb-1f4df800ed0b/ols/5001%20pole%202.jpg,5001 pole 2.jpg,,,badbunny800,5001 pole 2.jpg
Coffee Less Murdery Cork Back Drink Coasters ~ Set of 4 ~ 4 x 4in. ~,Coffee Less Murdery Cork Back Drink Coasters - Set of 4 - 4 x 4in. -,,"Coffee Less Murdery Cork Back Drink Coasters ~ Set of ~ 4in. x 4in.

Our coasters are a cute way to display your personal style while protecting your furniture. They are a complement to any table or surface. Perfect for hot or cold drinks.
Measures 4'x4'
High gloss finish and a non-skid cork backing. Wipe clean.",,,,,,,1,$7.95 ,,,,,1,badbunny400,badbunny160,https://img1.wsimg.com/isteam/ip/d60a8e97-8bec-436a-acdb-1f4df800ed0b/ols/1126.jpg,1126.jpg,,,badbunny800,1126.jpg
Wash Your Hands You Filthy Raccoon Metal Sign ~ 12x8 ~ Set of 3,Wash Your Hands You Filthy Raccoon Metal Sign - 12x8 - Set of 3,,"Wash Your Hands You Filthy Raccoon Metal Sign ~ 12x8 ~ Set of 3

Heavy Gauge Sublimated Aluminum
Measures 12in x 8in
Holes in all four corners for ease of wall placement. Can also be displayed on a tabletop with an easel. 
*Easel not included
**Sale is for Metal Sign ONLY

Made in U.S.A.

Please ask any and all questions before purchase.

Thank you,
Bad Bunny Designs",,,,,,,1,$20.85 ,,,,,1,badbunny400,badbunny160,https://img1.wsimg.com/isteam/ip/d60a8e97-8bec-436a-acdb-1f4df800ed0b/ols/TS2289%20Wash%20Your%20Hands%20Filthy%20Raccoon.jpg,TS2289 Wash Your Hands Filthy Raccoon.jpg,,,badbunny800,TS2289 Wash Your Hands Filthy Raccoon.jpg
Bee Hive #1 Cork Back Drink Coasters ~ Set of 4 ~ 4 x 4in. ~,Bee Hive #1 Cork Back Drink Coasters - Set of 4 - 4 x 4in. -,,"Bee Hive #1 Cork Back Drink Coasters ~ Set of ~ 4in. x 4in.

Our coasters are a cute way to display your personal style while protecting your furniture. They are a complement to any table or surface. Perfect for hot or cold drinks.
Measures 4'x4'
High gloss finish and a non-skid cork backing. Wipe clean.",,,,,,,1,$7.95 ,,,,,1,badbunny400,badbunny160,https://img1.wsimg.com/isteam/ip/d60a8e97-8bec-436a-acdb-1f4df800ed0b/ols/1067.jpg,1067.jpg,,,badbunny800,1067.jpg
O H Ohio Garden Flag ~ Wholesale Package of 3 flags,O H Ohio Garden Flag - Wholesale Package of 3 flags,,"O H Ohio Garden Flag
Wholesale pack of three flags.   
Price for each flag is $5.95 Suggested retail is $12.95 to $14.95 depending on your area.

Standard 8x12 Garden Flag
Double Sided with sun block sheet in between.
Fully readable on both sides.
Double stitched on three sides with standard rod pocket at the top.
250g Dye Sublimated Polyester.
Heavy but soft to the touch.
Weather Resistant.  Fade Resistant. **
**Flags will last longer if not in direct sunlight.   If needed spray with a UV Protectant each season",,,,,,,1,$17.85 ,,,,,1,badbunny400,badbunny160,https://img1.wsimg.com/isteam/ip/d60a8e97-8bec-436a-acdb-1f4df800ed0b/ols/5047%20pole%201.jpg,5047 pole 1.jpg,,,badbunny800,5047 pole 1.jpg
Black Furry Cat On Green Metal Sign ~ 12x8 ~ Set of 3,Black Furry Cat On Green Metal Sign - 12x8 - Set of 3,,"Black Furry Cat On Green Metal Sign ~ 12x8 ~ Set of 3

Heavy Gauge Sublimated Aluminum
Measures 12in x 8in
Holes in all four corners for ease of wall placement. Can also be displayed on a tabletop with an easel. 
*Easel not included
**Sale is for Metal Sign ONLY

Made in U.S.A.

Please ask any and all questions before purchase.

Thank you,
Bad Bunny Designs",,,,,,,1,$20.85 ,,,,,1,badbunny400,badbunny160,https://img1.wsimg.com/isteam/ip/d60a8e97-8bec-436a-acdb-1f4df800ed0b/ols/TS2317%20Black%20Furry%20Cat%20On%20Green.jpg,TS2317 Black Furry Cat On Green.jpg,,,badbunny800,TS2317 Black Furry Cat On Green.jpg
Fall Garden Stand Cork Back Drink Coasters ~ Set of 4 ~ 4 x 4in. ~,Fall Garden Stand Cork Back Drink Coasters - Set of 4 - 4 x 4in. -,,"Fall Garden Stand Cork Back Drink Coasters ~ Set of ~ 4in. x 4in.

Our coasters are a cute way to display your personal style while protecting your furniture. They are a complement to any table or surface. Perfect for hot or cold drinks.
Measures 4'x4'
High gloss finish and a non-skid cork backing. Wipe clean.",,,,,,,1,$7.95 ,,,,,1,badbunny400,badbunny160,https://img1.wsimg.com/isteam/ip/d60a8e97-8bec-436a-acdb-1f4df800ed0b/ols/1085.jpg,1085.jpg,,,badbunny800,1085.jpg
Harvest Pumpkin Patch Cork Back Drink Coasters ~ Set of 4 ~ 4 x 4in. ~,Harvest Pumpkin Patch Cork Back Drink Coasters - Set of 4 - 4 x 4in. -,,"Harvest Pumpkin Patch Cork Back Drink Coasters ~ Set of ~ 4in. x 4in.

Our coasters are a cute way to display your personal style while protecting your furniture. They are a complement to any table or surface. Perfect for hot or cold drinks.
Measures 4'x4'
High gloss finish and a non-skid cork backing. Wipe clean.",,,,,,,1,$7.95 ,,,,,1,badbunny400,badbunny160,https://img1.wsimg.com/isteam/ip/d60a8e97-8bec-436a-acdb-1f4df800ed0b/ols/1022.jpg,1022.jpg,,,badbunny800,1022.jpg
Be Mine Valentine Love Tree Garden Flag ~ Wholesale Package of 3 Flags,Be Mine Valentine Love Tree Garden Flag - Wholesale Package of 3 Flags,,"Be Mine Valentine Love Tree Garden Flag 


Wholesale package of three flags  $5.95 each
12 x 18  250g Dye-Sublimated Printing
Double Sided;  Image is readable on both sides.
Double stitched edges with rod pocket at the top for hanging
Our flags are heavy and flow nicely in the breeze but yet are still soft to the touch.
Moisture resistant.   Fade resistant.  But lasts longer in shade and if sprayed with UV protectant.
Badbunnydesigns",,,,,,,1,$17.85 ,,,,,1,badbunny400,badbunny160,https://img1.wsimg.com/isteam/ip/d60a8e97-8bec-436a-acdb-1f4df800ed0b/ols/5008%20pole.jpg,5008 pole.jpg,,,badbunny800,5008 pole.jpg
Two Ghosts At Bonfire Metal Sign ~ 12x8 ~ Set of 3,Two Ghosts At Bonfire Metal Sign - 12x8 - Set of 3,,"Two Ghosts At Bonfire Metal Sign ~ 12x8 ~ Set of 3

Heavy Gauge Sublimated Aluminum
Measures 12in x 8in
Holes in all four corners for ease of wall placement. Can also be displayed on a tabletop with an easel. 
*Easel not included
**Sale is for Metal Sign ONLY

Made in U.S.A.

Please ask any and all questions before purchase.

Thank you,
Bad Bunny Designs",,,,,,,1,$20.85 ,,,,,1,badbunny400,badbunny160,https://img1.wsimg.com/isteam/ip/d60a8e97-8bec-436a-acdb-1f4df800ed0b/ols/TS2288%20Two%20Ghosts%20Bonfire%20Reading%20Books.jpg,TS2288 Two Ghosts Bonfire Reading Books.jpg,,,badbunny800,TS2288 Two Ghosts Bonfire Reading Books.jpg
Merry Christmas Three Stockings Metal Sign ~ 12x8 ~ Set of 3,Merry Christmas Three Stockings Metal Sign - 12x8 - Set of 3,,"Merry Christmas Three Stockings Metal Sign ~ 12x8 ~ Set of 3

Heavy Gauge Sublimated Aluminum
Measures 12in x 8in
Holes in all four corners for ease of wall placement. Can also be displayed on a tabletop with an easel. 
*Easel not included
**Sale is for Metal Sign ONLY

Made in U.S.A.

Please ask any and all questions before purchase.

Thank you,
Bad Bunny Designs",,,,,,,1,$20.85 ,,,,,1,badbunny400,badbunny160,https://img1.wsimg.com/isteam/ip/d60a8e97-8bec-436a-acdb-1f4df800ed0b/ols/TS2282%20Three%20Christmas%20Stockings%20With%20Ginger%20B.jpg,TS2282 Three Christmas Stockings With Ginger B.jpg,,,badbunny800,TS2282 Three Christmas Stockings With Ginger B.jpg
Hello Love Gnome Valentine's Day Garden Flag ~ Wholesale Package of 3 flags,Hello Love Gnome Valentine's Day Garden Flag - Wholesale Package of 3 flags,,"Hello Love Gnome Valentine's Day Garden Flag 


Wholesale package of three flags  $5.95 each
12 x 18  250g Dye-Sublimated Printing
Double Sided;  Image is readable on both sides.
Double stitched edges with rod pocket at the top for hanging
Our flags are heavy and flow nicely in the breeze but yet are still soft to the touch.
Moisture resistant.   Fade resistant.  But lasts longer in shade and if sprayed with UV protectant.
Badbunnydesigns",,,,,,,1,$17.85 ,,,,,1,badbunny400,badbunny160,https://img1.wsimg.com/isteam/ip/d60a8e97-8bec-436a-acdb-1f4df800ed0b/ols/5003%20pole%202.jpg,5003 pole 2.jpg,,,badbunny800,5003 pole 2.jpg
Running Out Of Reasons Cork Back Drink Coasters ~ Set of 4 ~ 4 x 4in. ~,Running Out Of Reasons Cork Back Drink Coasters - Set of 4 - 4 x 4in. -,,"Running Out Of Reasons Cork Back Drink Coasters ~ Set of ~ 4in. x 4in.

Our coasters are a cute way to display your personal style while protecting your furniture. They are a complement to any table or surface. Perfect for hot or cold drinks.
Measures 4'x4'
High gloss finish and a non-skid cork backing. Wipe clean.",,,,,,,1,$7.95 ,,,,,1,badbunny400,badbunny160,https://img1.wsimg.com/isteam/ip/d60a8e97-8bec-436a-acdb-1f4df800ed0b/ols/1076.jpg,1076.jpg,,,badbunny800,1076.jpg
Welcome Black Crow Metal Sign ~ 12x8 ~ Set of 3,Welcome Black Crow Metal Sign - 12x8 - Set of 3,,"Welcome Black Crow Metal Sign ~ 12x8 ~ Set of 3

Heavy Gauge Sublimated Aluminum
Measures 12in x 8in
Holes in all four corners for ease of wall placement. Can also be displayed on a tabletop with an easel. 
*Easel not included
**Sale is for Metal Sign ONLY

Made in U.S.A.

Please ask any and all questions before purchase.

Thank you,
Bad Bunny Designs",,,,,,,1,$20.85 ,,,,,1,badbunny400,badbunny160,https://img1.wsimg.com/isteam/ip/d60a8e97-8bec-436a-acdb-1f4df800ed0b/ols/TS2285%20Welcome%20Black%20Crow%20Ball%20Jar.jpg,TS2285 Welcome Black Crow Ball Jar.jpg,,,badbunny800,TS2285 Welcome Black Crow Ball Jar.jpg
Basset Hound with Flag Cork Back Drink Coasters ~ Set of 4 ~ 4 x 4in. ~,Basset Hound with Flag Cork Back Drink Coasters - Set of 4 - 4 x 4in. -,,"Basset Hound with Flag Cork Back Drink Coasters ~ Set of ~ 4in. x 4in.

Our coasters are a cute way to display your personal style while protecting your furniture. They are a complement to any table or surface. Perfect for hot or cold drinks.
Measures 4'x4'
High gloss finish and a non-skid cork backing. Wipe clean.",,,,,,,1,$7.95 ,,,,,1,badbunny400,badbunny160,https://img1.wsimg.com/isteam/ip/d60a8e97-8bec-436a-acdb-1f4df800ed0b/ols/1191.jpg,1191.jpg,,,badbunny800,1191.jpg
USA Nylon Embroidered Stars Stitched Stripes Garden Flag Pack of 3,USA Nylon Embroidered Stars Stitched Stripes Garden Flag Pack of 3,,"USA Nylon Embroidered Stars and Stitched Stripes Garden Flag



Wholesale pack of three flags.   
Price for each flag is $7.95 Suggested retail is $14.95 to $18.95 depending on your area.

This flag is made of top quality nylon.   The ""stars"" are embroidered Buckeye Leaves.
Each 'stripe' is individually stitched.

Standard 8x12 Garden Flag
Double Sided
Fully readable on both sides.
Double stitched on three sides with standard rod pocket at the top.
Heavy but soft to the touch.
Weather Resistant.  Fade Resistant. **
**Flags will last longer if not in direct sunlight.   If needed spray with a UV Protectant each season",,,,,,,1,$23.85 ,,,,,1,badbunny400,badbunny160,https://img1.wsimg.com/isteam/ip/d60a8e97-8bec-436a-acdb-1f4df800ed0b/ols/5050%20pole%202.jpg,5050 pole 2.jpg,,,badbunny800,5050 pole 2.jpg
Just One Glass Away Cork Back Drink Coasters ~ Set of 4 ~ 4 x 4in. ~,Just One Glass Away Cork Back Drink Coasters - Set of 4 - 4 x 4in. -,,"Just One Glass Away Cork Back Drink Coasters ~ Set of ~ 4in. x 4in.

Our coasters are a cute way to display your personal style while protecting your furniture. They are a complement to any table or surface. Perfect for hot or cold drinks.
Measures 4'x4'
High gloss finish and a non-skid cork backing. Wipe clean.",,,,,,,1,$7.95 ,,,,,1,badbunny400,badbunny160,https://img1.wsimg.com/isteam/ip/d60a8e97-8bec-436a-acdb-1f4df800ed0b/ols/1006-fa7463e.jpg,1006-fa7463e.jpg,,,badbunny800,1006-fa7463e.jpg
Flying Witch On Broom Full Moon Metal Sign ~ 12x8 ~ Set of 3,Flying Witch On Broom Full Moon Metal Sign - 12x8 - Set of 3,,"Flying Witch On Broom Full Moon Metal Sign ~ 12x8 ~ Set of 3

Heavy Gauge Sublimated Aluminum
Measures 12in x 8in
Holes in all four corners for ease of wall placement. Can also be displayed on a tabletop with an easel. 
*Easel not included
**Sale is for Metal Sign ONLY

Made in U.S.A.

Please ask any and all questions before purchase.

Thank you,
Bad Bunny Designs",,,,,,,1,$20.85 ,,,,,1,badbunny400,badbunny160,https://img1.wsimg.com/isteam/ip/d60a8e97-8bec-436a-acdb-1f4df800ed0b/ols/TS2333%20Flying%20Witch%20On%20Broom%20Full%20Moon.jpg,TS2333 Flying Witch On Broom Full Moon.jpg,,,badbunny800,TS2333 Flying Witch On Broom Full Moon.jpg
Highland Cow Cork Back Drink Coasters ~ Set of 4 ~ 4 x 4in. ~,Highland Cow Cork Back Drink Coasters - Set of 4 - 4 x 4in. -,,"Highland Cow Cork Back Drink Coasters ~ Set of ~ 4in. x 4in.

Our coasters are a cute way to display your personal style while protecting your furniture. They are a complement to any table or surface. Perfect for hot or cold drinks.
Measures 4'x4'
High gloss finish and a non-skid cork backing. Wipe clean.",,,,,,,1,$7.95 ,,,,,1,badbunny400,badbunny160,https://img1.wsimg.com/isteam/ip/d60a8e97-8bec-436a-acdb-1f4df800ed0b/ols/1097.jpg,1097.jpg,,,badbunny800,1097.jpg
Country Lane Milk and Cream Cork Back Drink Coasters ~ Set of 4 ~ 4 x 4in. ~,Country Lane Milk and Cream Cork Back Drink Coasters - Set of 4 - 4 x 4in. -,,"Country Lane Milk and Cream Cork Back Drink Coasters ~ Set of ~ 4in. x 4in.

Our coasters are a cute way to display your personal style while protecting your furniture. They are a complement to any table or surface. Perfect for hot or cold drinks.
Measures 4'x4'
High gloss finish and a non-skid cork backing. Wipe clean.",,,,,,,1,$7.95 ,,,,,1,badbunny400,badbunny160,https://img1.wsimg.com/isteam/ip/d60a8e97-8bec-436a-acdb-1f4df800ed0b/ols/1028.jpg,1028.jpg,,,badbunny800,1028.jpg
Bee Fall Is My Favorite Color Cork Back Drink Coasters ~ Set of 4 ~ 4 x 4in. ~,Bee Fall Is My Favorite Color Cork Back Drink Coasters - Set of 4 - 4 x 4in. -,,"Bee Fall Is My Favorite Color Cork Back Drink Coasters ~ Set of ~ 4in. x 4in.

Our coasters are a cute way to display your personal style while protecting your furniture. They are a complement to any table or surface. Perfect for hot or cold drinks.
Measures 4'x4'
High gloss finish and a non-skid cork backing. Wipe clean.",,,,,,,1,$7.95 ,,,,,1,badbunny400,badbunny160,https://img1.wsimg.com/isteam/ip/d60a8e97-8bec-436a-acdb-1f4df800ed0b/ols/1088.jpg,1088.jpg,,,badbunny800,1088.jpg
Santa Milk And Cookies Metal Sign ~ 12x8 ~ Set of 3,Santa Milk And Cookies Metal Sign - 12x8 - Set of 3,,"Santa Milk And Cookies Metal Sign ~ 12x8 ~ Set of 3

Heavy Gauge Sublimated Aluminum
Measures 12in x 8in
Holes in all four corners for ease of wall placement. Can also be displayed on a tabletop with an easel. 
*Easel not included
**Sale is for Metal Sign ONLY

Made in U.S.A.

Please ask any and all questions before purchase.

Thank you,
Bad Bunny Designs",,,,,,,1,$20.85 ,,,,,1,badbunny400,badbunny160,https://img1.wsimg.com/isteam/ip/d60a8e97-8bec-436a-acdb-1f4df800ed0b/ols/TS2265%20Santa%20Milk%20And%20Cookies.jpg,TS2265 Santa Milk And Cookies.jpg,,,badbunny800,TS2265 Santa Milk And Cookies.jpg
Being Normal Is Overrated Cork Back Drink Coasters ~ Set of 4 ~ 4 x 4in. ~,Being Normal Is Overrated Cork Back Drink Coasters - Set of 4 - 4 x 4in. -,,"Being Normal Is Overrated Cork Back Drink Coasters ~ Set of ~ 4in. x 4in.

Our coasters are a cute way to display your personal style while protecting your furniture. They are a complement to any table or surface. Perfect for hot or cold drinks.
Measures 4'x4'
High gloss finish and a non-skid cork backing. Wipe clean.",,,,,,,1,$7.95 ,,,,,1,badbunny400,badbunny160,https://img1.wsimg.com/isteam/ip/d60a8e97-8bec-436a-acdb-1f4df800ed0b/ols/1082.jpg,1082.jpg,,,badbunny800,1082.jpg
Witch Girl Black Cat Full Moon Metal Sign ~ 12x8 ~ Set of 3,Witch Girl Black Cat Full Moon Metal Sign - 12x8 - Set of 3,,"Witch Girl Black Cat Full Moon Metal Sign ~ 12x8 ~ Set of 3

Heavy Gauge Sublimated Aluminum
Measures 12in x 8in
Holes in all four corners for ease of wall placement. Can also be displayed on a tabletop with an easel. 
*Easel not included
**Sale is for Metal Sign ONLY

Made in U.S.A.

Please ask any and all questions before purchase.

Thank you,
Bad Bunny Designs",,,,,,,1,$20.85 ,,,,,1,badbunny400,badbunny160,https://img1.wsimg.com/isteam/ip/d60a8e97-8bec-436a-acdb-1f4df800ed0b/ols/TS2331%20Young%20Witch%20Girl%20Black%20Cat%20Big%20Full%20Moo.jpg,TS2331 Young Witch Girl Black Cat Big Full Moo.jpg,,,badbunny800,TS2331 Young Witch Girl Black Cat Big Full Moo.jpg
Welcome St Patrick's Clover Garden Flag = Wholesale Pkg of 3 Flags,Welcome St Patrick's Clover Garden Flag = Wholesale Pkg of 3 Flags,,"Welcome St. Patrick's Day Clover Garden Flag

Wholesale pack of three flags.   
Price for each flag is $5.95 Suggested retail is $12.95 to $14.95 depending on your area.

Standard 8x12 Garden Flag
Double Sided with sun block sheet in between.
Fully readable on both sides.
Double stitched on three sides with standard rod pocket at the top.
250g Dye Sublimated Polyester.
Heavy but soft to the touch.
Weather Resistant.  Fade Resistant. **
**Flags will last longer if not in direct sunlight.   If needed spray with a UV Protectant each season",,,,,,,1,$17.95 ,,,,,1,badbunny400,badbunny160,https://img1.wsimg.com/isteam/ip/d60a8e97-8bec-436a-acdb-1f4df800ed0b/ols/5022%20pole%202.jpg,5022 pole 2.jpg,,,badbunny800,5022 pole 2.jpg
Pumpkin Brand Cork Back Drink Coasters ~ Set of 4 ~ 4 x 4in. ~,Pumpkin Brand Cork Back Drink Coasters - Set of 4 - 4 x 4in. -,,"Pumpkin Brand Cork Back Drink Coasters ~ Set of ~ 4in. x 4in.

Our coasters are a cute way to display your personal style while protecting your furniture. They are a complement to any table or surface. Perfect for hot or cold drinks.
Measures 4'x4'
High gloss finish and a non-skid cork backing. Wipe clean.",,,,,,,1,$7.95 ,,,,,1,badbunny400,badbunny160,https://img1.wsimg.com/isteam/ip/d60a8e97-8bec-436a-acdb-1f4df800ed0b/ols/1026.jpg,1026.jpg,,,badbunny800,1026.jpg
Sweet And Spooky Pumpkin Metal Sign ~ 12x8 ~ Set of 3,Sweet And Spooky Pumpkin Metal Sign - 12x8 - Set of 3,,"Sweet And Spooky Pumpkin Metal Sign ~ 12x8 ~ Set of 3

Heavy Gauge Sublimated Aluminum
Measures 12in x 8in
Holes in all four corners for ease of wall placement. Can also be displayed on a tabletop with an easel. 
*Easel not included
**Sale is for Metal Sign ONLY

Made in U.S.A.

Please ask any and all questions before purchase.

Thank you,
Bad Bunny Designs",,,,,,,1,$20.85 ,,,,,1,badbunny400,badbunny160,https://img1.wsimg.com/isteam/ip/d60a8e97-8bec-436a-acdb-1f4df800ed0b/ols/TS2277%20Sweet%20And%20Spooky%20Pumpkin.jpg,TS2277 Sweet And Spooky Pumpkin.jpg,,,badbunny800,TS2277 Sweet And Spooky Pumpkin.jpg
Cute Scarecrow With Jack-O-Lanterns Metal Sign ~ 12x8 ~ Set of 3,Cute Scarecrow With Jack-O-Lanterns Metal Sign - 12x8 - Set of 3,,"Cute Scarecrow With Jack-O-Lanterns Metal Sign ~ 12x8 ~ Set of 3

Heavy Gauge Sublimated Aluminum
Measures 12in x 8in
Holes in all four corners for ease of wall placement. Can also be displayed on a tabletop with an easel. 
*Easel not included
**Sale is for Metal Sign ONLY

Made in U.S.A.

Please ask any and all questions before purchase.

Thank you,
Bad Bunny Designs",,,,,,,1,$20.85 ,,,,,1,badbunny400,badbunny160,https://img1.wsimg.com/isteam/ip/d60a8e97-8bec-436a-acdb-1f4df800ed0b/ols/TS2286%20Cute%20Scarecrow%20In%20Pumpkin%20Field.jpg,TS2286 Cute Scarecrow In Pumpkin Field.jpg,,,badbunny800,TS2286 Cute Scarecrow In Pumpkin Field.jpg
Now I Lay Me Down To Sleep Metal Sign ~ 12x8 ~ Set of 3,Now I Lay Me Down To Sleep Metal Sign - 12x8 - Set of 3,,"Now I Lay Me Down To Sleep Metal Sign ~ 12x8 ~ Set of 3

Heavy Gauge Sublimated Aluminum
Measures 12in x 8in
Holes in all four corners for ease of wall placement. Can also be displayed on a tabletop with an easel. 
*Easel not included
**Sale is for Metal Sign ONLY

Made in U.S.A.

Please ask any and all questions before purchase.

Thank you,
Bad Bunny Designs",,,,,,,1,$20.85 ,,,,,1,badbunny400,badbunny160,https://img1.wsimg.com/isteam/ip/d60a8e97-8bec-436a-acdb-1f4df800ed0b/ols/TS2283%20Now%20I%20Lay%20Me%20Down%20To%20Sleep.jpg,TS2283 Now I Lay Me Down To Sleep.jpg,,,badbunny800,TS2283 Now I Lay Me Down To Sleep.jpg
Witch With Pumpkin Bucket Metal Sign ~ 12x8 ~ Set of 3,Witch With Pumpkin Bucket Metal Sign - 12x8 - Set of 3,,"Witch With Pumpkin Bucket Metal Sign ~ 12x8 ~ Set of 3

Heavy Gauge Sublimated Aluminum
Measures 12in x 8in
Holes in all four corners for ease of wall placement. Can also be displayed on a tabletop with an easel. 
*Easel not included
**Sale is for Metal Sign ONLY

Made in U.S.A.

Please ask any and all questions before purchase.

Thank you,
Bad Bunny Designs",,,,,,,1,$20.85 ,,,,,1,badbunny400,badbunny160,https://img1.wsimg.com/isteam/ip/d60a8e97-8bec-436a-acdb-1f4df800ed0b/ols/TS2328%20Tall%20Thin%20Witch%20Orange%20Boots%20Full%20Moon%20.jpg,TS2328 Tall Thin Witch Orange Boots Full Moon .jpg,,,badbunny800,TS2328 Tall Thin Witch Orange Boots Full Moon .jpg
Santa with Holly and Snow Cork Back Drink Coasters ~ Set of 4 ~ 4 x 4in. ~,Santa with Holly and Snow Cork Back Drink Coasters - Set of 4 - 4 x 4in. -,,"Santa with Holly and Snow Cork Back Drink Coasters ~ Set of ~ 4in. x 4in.

Our coasters are a cute way to display your personal style while protecting your furniture. They are a complement to any table or surface. Perfect for hot or cold drinks.
Measures 4'x4'
High gloss finish and a non-skid cork backing. Wipe clean.",,,,,,,1,$7.95 ,,,,,1,badbunny400,badbunny160,https://img1.wsimg.com/isteam/ip/d60a8e97-8bec-436a-acdb-1f4df800ed0b/ols/1095.jpg,1095.jpg,,,badbunny800,1095.jpg
Vintage Truck Pumpkin Spice Cork Back Drink Coasters ~ Set of 4 ~ 4 x 4in. ~,Vintage Truck Pumpkin Spice Cork Back Drink Coasters - Set of 4 - 4 x 4in. -,,"Vintage Truck Pumpkin Spice Cork Back Drink Coasters ~ Set of ~ 4in. x 4in.

Our coasters are a cute way to display your personal style while protecting your furniture. They are a complement to any table or surface. Perfect for hot or cold drinks.
Measures 4'x4'
High gloss finish and a non-skid cork backing. Wipe clean.",,,,,,,1,$7.95 ,,,,,1,badbunny400,badbunny160,https://img1.wsimg.com/isteam/ip/d60a8e97-8bec-436a-acdb-1f4df800ed0b/ols/1183.jpg,1183.jpg,,,badbunny800,1183.jpg
Happy Halloween Black Cat With Bucket Metal Sign ~ 12x8 ~ Set of 3,Happy Halloween Black Cat With Bucket Metal Sign - 12x8 - Set of 3,,"Happy Halloween Black Cat With Bucket Metal Sign ~ 12x8 ~ Set of 3

Heavy Gauge Sublimated Aluminum
Measures 12in x 8in
Holes in all four corners for ease of wall placement. Can also be displayed on a tabletop with an easel. 
*Easel not included
**Sale is for Metal Sign ONLY

Made in U.S.A.

Please ask any and all questions before purchase.

Thank you,
Bad Bunny Designs",,,,,,,1,$20.85 ,,,,,1,badbunny400,badbunny160,https://img1.wsimg.com/isteam/ip/d60a8e97-8bec-436a-acdb-1f4df800ed0b/ols/TS2338%20Happy%20Halloween%20Black%20Cat%20Black%20Bucket.jpg,TS2338 Happy Halloween Black Cat Black Bucket.jpg,,,badbunny800,TS2338 Happy Halloween Black Cat Black Bucket.jpg
True Crime Cork Back Drink Coasters ~ Set of 4 ~ 4 x 4in. ~,True Crime Cork Back Drink Coasters - Set of 4 - 4 x 4in. -,,"True Crime Cork Back Drink Coasters ~ Set of ~ 4in. x 4in.

Our coasters are a cute way to display your personal style while protecting your furniture. They are a complement to any table or surface. Perfect for hot or cold drinks.
Measures 4'x4'
High gloss finish and a non-skid cork backing. Wipe clean.",,,,,,,1,$7.95 ,,,,,1,badbunny400,badbunny160,https://img1.wsimg.com/isteam/ip/d60a8e97-8bec-436a-acdb-1f4df800ed0b/ols/1171.jpg,1171.jpg,,,badbunny800,1171.jpg
Vintage Red Truck with Sunflowers Cork Back Drink Coasters ~ Set of 4 ~ 4 x 4in. ~,Vintage Red Truck with Sunflowers Cork Back Drink Coasters - Set of 4 - 4 x 4in. -,,"Vintage Red Truck with Sunflowers Cork Back Drink Coasters ~ Set of ~ 4in. x 4in.

Our coasters are a cute way to display your personal style while protecting your furniture. They are a complement to any table or surface. Perfect for hot or cold drinks.
Measures 4'x4'
High gloss finish and a non-skid cork backing. Wipe clean.",,,,,,,1,$7.95 ,,,,,1,badbunny400,badbunny160,https://img1.wsimg.com/isteam/ip/d60a8e97-8bec-436a-acdb-1f4df800ed0b/ols/1169.jpg,1169.jpg,,,badbunny800,1169.jpg
Not My Coop Cork Back Drink Coasters ~ Set of 4 ~ 4 x 4in. ~,Not My Coop Cork Back Drink Coasters - Set of 4 - 4 x 4in. -,,"Not My Coop Cork Back Drink Coasters ~ Set of ~ 4in. x 4in.

Our coasters are a cute way to display your personal style while protecting your furniture. They are a complement to any table or surface. Perfect for hot or cold drinks.
Measures 4'x4'
High gloss finish and a non-skid cork backing. Wipe clean.",,,,,,,1,$7.95 ,,,,,1,badbunny400,badbunny160,https://img1.wsimg.com/isteam/ip/d60a8e97-8bec-436a-acdb-1f4df800ed0b/ols/1084.jpg,1084.jpg,,,badbunny800,1084.jpg
Full Moon Farm Metal Sign ~ 12x8 ~ Set of 3,Full Moon Farm Metal Sign - 12x8 - Set of 3,,"Full Moon Farm Metal Sign ~ 12x8 ~ Set of 3

Heavy Gauge Sublimated Aluminum
Measures 12in x 8in
Holes in all four corners for ease of wall placement. Can also be displayed on a tabletop with an easel. 
*Easel not included
**Sale is for Metal Sign ONLY

Made in U.S.A.

Please ask any and all questions before purchase.

Thank you,
Bad Bunny Designs",,,,,,,1,$20.85 ,,,,,1,badbunny400,badbunny160,https://img1.wsimg.com/isteam/ip/d60a8e97-8bec-436a-acdb-1f4df800ed0b/ols/TS2284%20Full%20Moon%20Farm.jpg,TS2284 Full Moon Farm.jpg,,,badbunny800,TS2284 Full Moon Farm.jpg
Grand Christmas Toys December 24 Metal Sign ~ 12x8 ~ Set of 3,Grand Christmas Toys December 24 Metal Sign - 12x8 - Set of 3,,"Grand Christmas Toys December 24 Metal Sign ~ 12x8 ~ Set of 3

Heavy Gauge Sublimated Aluminum
Measures 12in x 8in
Holes in all four corners for ease of wall placement. Can also be displayed on a tabletop with an easel. 
*Easel not included
**Sale is for Metal Sign ONLY

Made in U.S.A.

Please ask any and all questions before purchase.

Thank you,
Bad Bunny Designs",,,,,,,1,$20.85 ,,,,,1,badbunny400,badbunny160,https://img1.wsimg.com/isteam/ip/d60a8e97-8bec-436a-acdb-1f4df800ed0b/ols/TS2266%20Grand%20Christmas%20Toys.jpg,TS2266 Grand Christmas Toys.jpg,,,badbunny800,TS2266 Grand Christmas Toys.jpg
Cow with Glasses and Flowers Cork Back Drink Coasters ~ Set of 4 ~ 4 x 4in. ~,Cow with Glasses and Flowers Cork Back Drink Coasters - Set of 4 - 4 x 4in. -,,"Cow with Glasses and Flowers Cork Back Drink Coasters ~ Set of ~ 4in. x 4in.

Our coasters are a cute way to display your personal style while protecting your furniture. They are a complement to any table or surface. Perfect for hot or cold drinks.
Measures 4'x4'
High gloss finish and a non-skid cork backing. Wipe clean.",,,,,,,1,$7.95 ,,,,,1,badbunny400,badbunny160,https://img1.wsimg.com/isteam/ip/d60a8e97-8bec-436a-acdb-1f4df800ed0b/ols/1119.jpg,1119.jpg,,,badbunny800,1119.jpg
St. Patrick's Day Kitty In Top Hat Garden Flag ~ Wholesale Pack of 3 flags,St. Patrick's Day Kitty In Top Hat Garden Flag - Wholesale Pack of 3 flags,,"Happy St. Patrick's Day Kitty Garden Flag


Wholesale package of three flags  $5.95 each
12 x 18  250g Dye-Sublimated Printing
Double Sided;  Image is readable on both sides.
Double stitched edges with rod pocket at the top for hanging
Our flags are heavy and flow nicely in the breeze but yet are still soft to the touch.
Moisture resistant.   Fade resistant.  But lasts longer in shade and if sprayed with UV protectant.
Badbunnydesigns",,,,,,,1,$17.85 ,,,,,1,badbunny400,badbunny160,https://img1.wsimg.com/isteam/ip/d60a8e97-8bec-436a-acdb-1f4df800ed0b/ols/5002%20c.jpg,5002 c.jpg,,,badbunny800,5002 c.jpg
St Patrick's Day Stars and Stripes Flag = Wholesale Pack of 3 Flags,St Patrick's Day Stars and Stripes Flag = Wholesale Pack of 3 Flags,,"St Patrick's Stars and Stripes Garden FWholesale pack of three flags.   Price for each flag is $5.95
Suggested retail is $12.95 to $14.95 depending on your area.

Standard 8x12 Garden Flag
Double Sided with sun block sheet in between.
Fully readable on both sides.
Double stitched on three sides with standard rod pocket at the top.
250g Dye Sublimated Polyester.
Heavy but soft to the touch.
Weather Resistant.  Fade Resistant.**
**Flags will last longer if not in direct sunlight.   If needed spray with a UV Protectant each season.lag",,,,,,,1,$17.85 ,,,,,1,badbunny400,badbunny160,https://img1.wsimg.com/isteam/ip/d60a8e97-8bec-436a-acdb-1f4df800ed0b/ols/5031%20pole.jpg,5031 pole.jpg,,,badbunny800,5031 pole.jpg
Halloween Cat Mom Metal Sign ~ 12x8 ~ Set of 3,Halloween Cat Mom Metal Sign - 12x8 - Set of 3,,"Halloween Cat Mom Metal Sign ~ 12x8 ~ Set of 3

Heavy Gauge Sublimated Aluminum
Measures 12in x 8in
Holes in all four corners for ease of wall placement. Can also be displayed on a tabletop with an easel. 
*Easel not included
**Sale is for Metal Sign ONLY

Made in U.S.A.

Please ask any and all questions before purchase.

Thank you,
Bad Bunny Designs",,,,,,,1,$20.85 ,,,,,1,badbunny400,badbunny160,https://img1.wsimg.com/isteam/ip/d60a8e97-8bec-436a-acdb-1f4df800ed0b/ols/TS2332%20Cat%20Mom%20With%20Black%20Cat.jpg,TS2332 Cat Mom With Black Cat.jpg,,,badbunny800,TS2332 Cat Mom With Black Cat.jpg
Greenhouse with Birds Cork Back Drink Coasters ~ Set of 4 ~ 4 x 4in. ~,Greenhouse with Birds Cork Back Drink Coasters - Set of 4 - 4 x 4in. -,,"Greenhouse with Birds Cork Back Drink Coasters ~ Set of ~ 4in. x 4in.

Our coasters are a cute way to display your personal style while protecting your furniture. They are a complement to any table or surface. Perfect for hot or cold drinks.
Measures 4'x4'
High gloss finish and a non-skid cork backing. Wipe clean.",,,,,,,1,$7.95 ,,,,,1,badbunny400,badbunny160,https://img1.wsimg.com/isteam/ip/d60a8e97-8bec-436a-acdb-1f4df800ed0b/ols/1120.jpg,1120.jpg,,,badbunny800,1120.jpg
Frog with Daisies Cork Back Drink Coasters ~ Set of 4 ~ 4 x 4in. ~,Frog with Daisies Cork Back Drink Coasters - Set of 4 - 4 x 4in. -,,"Frog with Daisies Cork Back Drink Coasters ~ Set of ~ 4in. x 4in.

Our coasters are a cute way to display your personal style while protecting your furniture. They are a complement to any table or surface. Perfect for hot or cold drinks.
Measures 4'x4'
High gloss finish and a non-skid cork backing. Wipe clean.",,,,,,,1,$7.95 ,,,,,1,badbunny400,badbunny160,https://img1.wsimg.com/isteam/ip/d60a8e97-8bec-436a-acdb-1f4df800ed0b/ols/1121.jpg,1121.jpg,,,badbunny800,1121.jpg
Santa Standing Next To Deer Metal Sign ~ 12x8 ~ Set of 3,Santa Standing Next To Deer Metal Sign - 12x8 - Set of 3,,"Santa Standing Next To Deer Metal Sign ~ 12x8 ~ Set of 3

Heavy Gauge Sublimated Aluminum
Measures 12in x 8in
Holes in all four corners for ease of wall placement. Can also be displayed on a tabletop with an easel. 
*Easel not included
**Sale is for Metal Sign ONLY

Made in U.S.A.

Please ask any and all questions before purchase.

Thank you,
Bad Bunny Designs",,,,,,,1,$20.85 ,,,,,1,badbunny400,badbunny160,https://img1.wsimg.com/isteam/ip/d60a8e97-8bec-436a-acdb-1f4df800ed0b/ols/TS2260%20Santa%20Standing%20Next%20To%20Deer.jpg,TS2260 Santa Standing Next To Deer.jpg,,,badbunny800,TS2260 Santa Standing Next To Deer.jpg
Take Chances Cork Back Drink Coasters ~ Set of 4 ~ 4 x 4in. ~,Take Chances Cork Back Drink Coasters - Set of 4 - 4 x 4in. -,,"Take Chances Cork Back Drink Coasters ~ Set of ~ 4in. x 4in.

Our coasters are a cute way to display your personal style while protecting your furniture. They are a complement to any table or surface. Perfect for hot or cold drinks.
Measures 4'x4'
High gloss finish and a non-skid cork backing. Wipe clean.",,,,,,,1,$7.95 ,,,,,1,badbunny400,badbunny160,https://img1.wsimg.com/isteam/ip/d60a8e97-8bec-436a-acdb-1f4df800ed0b/ols/1032.jpg,1032.jpg,,,badbunny800,1032.jpg
Vintage Blue Truck with Sunflowers Cork Back Drink Coasters ~ Set of 4 ~ 4 x 4in. ~,Vintage Blue Truck with Sunflowers Cork Back Drink Coasters - Set of 4 - 4 x 4in. -,,"Vintage Blue Truck with Sunflowers Cork Back Drink Coasters ~ Set of ~ 4in. x 4in.

Our coasters are a cute way to display your personal style while protecting your furniture. They are a complement to any table or surface. Perfect for hot or cold drinks.
Measures 4'x4'
High gloss finish and a non-skid cork backing. Wipe clean.",,,,,,,1,$7.95 ,,,,,1,badbunny400,badbunny160,https://img1.wsimg.com/isteam/ip/d60a8e97-8bec-436a-acdb-1f4df800ed0b/ols/1125.jpg,1125.jpg,,,badbunny800,1125.jpg
Skunk with Flowers Cork Back Drink Coasters ~ Set of 4 ~ 4 x 4in. ~,Skunk with Flowers Cork Back Drink Coasters - Set of 4 - 4 x 4in. -,,"Skunk with Flowers Cork Back Drink Coasters ~ Set of ~ 4in. x 4in.

Our coasters are a cute way to display your personal style while protecting your furniture. They are a complement to any table or surface. Perfect for hot or cold drinks.
Measures 4'x4'
High gloss finish and a non-skid cork backing. Wipe clean.",,,,,,,1,$7.95 ,,,,,1,badbunny400,badbunny160,https://img1.wsimg.com/isteam/ip/d60a8e97-8bec-436a-acdb-1f4df800ed0b/ols/1124.jpg,1124.jpg,,,badbunny800,1124.jpg
Boots & Plants Metal Sign ~ 12x8 ~ Set of 3,Boots & Plants Metal Sign - 12x8 - Set of 3,,"Boots & Plants Metal Sign ~ 12x8 ~ Set of 3

Heavy Gauge Sublimated Aluminum
Measures 12in x 8in
Holes in all four corners for ease of wall placement. Can also be displayed on a tabletop with an easel. 
*Easel not included
**Sale is for Metal Sign ONLY

Made in U.S.A.

Please ask any and all questions before purchase.

Thank you,
Bad Bunny Designs",,,,,,,1,$20.85 ,,,,,1,badbunny400,badbunny160,https://img1.wsimg.com/isteam/ip/d60a8e97-8bec-436a-acdb-1f4df800ed0b/ols/TS2304%20Gardening%20Boots%20And%20Plants.jpg,TS2304 Gardening Boots And Plants.jpg,,,badbunny800,TS2304 Gardening Boots And Plants.jpg
Explain To You Cork Back Drink Coasters ~ Set of 4 ~ 4 x 4in. ~,Explain To You Cork Back Drink Coasters - Set of 4 - 4 x 4in. -,,"Explain To You Cork Back Drink Coasters ~ Set of ~ 4in. x 4in.

Our coasters are a cute way to display your personal style while protecting your furniture. They are a complement to any table or surface. Perfect for hot or cold drinks.
Measures 4'x4'
High gloss finish and a non-skid cork backing. Wipe clean.",,,,,,,1,$7.95 ,,,,,1,badbunny400,badbunny160,https://img1.wsimg.com/isteam/ip/d60a8e97-8bec-436a-acdb-1f4df800ed0b/ols/1004-52bcd00.jpg,1004-52bcd00.jpg,,,badbunny800,1004-52bcd00.jpg
I Would Like To Solve The Puzzle Garden Flag Wholesale Pkg of 3 Flags,I Would Like To Solve The Puzzle Garden Flag Wholesale Pkg of 3 Flags,,"I Would Like To Solve The Puzzle Garden Flag.

Wholesale pack of three flags.   
Price for each flag is $5.95 Suggested retail is $12.95 to $14.95 depending on your area.

Standard 8x12 Garden Flag
Double Sided with sun block sheet in between.
Fully readable on both sides.
Double stitched on three sides with standard rod pocket at the top.
250g Dye Sublimated Polyester.
Heavy but soft to the touch.
Weather Resistant.  Fade Resistant. **
**Flags will last longer if not in direct sunlight.   If needed spray with a UV Protectant each season",,,,,,,1,$17.85 ,,,,,1,badbunny400,badbunny160,https://img1.wsimg.com/isteam/ip/d60a8e97-8bec-436a-acdb-1f4df800ed0b/ols/5044%20pole.jpg,5044 pole.jpg,,,badbunny800,5044 pole.jpg
Reindeer Sleigh Rides Deer In Top Hat Metal Sign ~ 12x8 ~ Set of 3,Reindeer Sleigh Rides Deer In Top Hat Metal Sign - 12x8 - Set of 3,,"Reindeer Sleigh Rides Deer In Top Hat Metal Sign ~ 12x8 ~ Set of 3

Heavy Gauge Sublimated Aluminum
Measures 12in x 8in
Holes in all four corners for ease of wall placement. Can also be displayed on a tabletop with an easel. 
*Easel not included
**Sale is for Metal Sign ONLY

Made in U.S.A.

Please ask any and all questions before purchase.

Thank you,
Bad Bunny Designs",,,,,,,1,$20.85 ,,,,,1,badbunny400,badbunny160,https://img1.wsimg.com/isteam/ip/d60a8e97-8bec-436a-acdb-1f4df800ed0b/ols/TS2264%20Reindeer%20Sleigh%20Rides.jpg,TS2264 Reindeer Sleigh Rides.jpg,,,badbunny800,TS2264 Reindeer Sleigh Rides.jpg
Black Cat Bat Jack-O-Lanterns Metal Sign ~ 12x8 ~ Set of 3,Black Cat Bat Jack-O-Lanterns Metal Sign - 12x8 - Set of 3,,"Black Cat Bat Jack-O-Lantern Metal Sign ~ 12x8 ~ Set of 3

Heavy Gauge Sublimated Aluminum
Measures 12in x 8in
Holes in all four corners for ease of wall placement. Can also be displayed on a tabletop with an easel. 
*Easel not included
**Sale is for Metal Sign ONLY

Made in U.S.A.

Please ask any and all questions before purchase.

Thank you,
Bad Bunny Designs",,,,,,,1,$20.85 ,,,,,1,badbunny400,badbunny160,https://img1.wsimg.com/isteam/ip/d60a8e97-8bec-436a-acdb-1f4df800ed0b/ols/TS2327%20Black%20Cat%20On%20Green%20Four%20Pumpkins.jpg,TS2327 Black Cat On Green Four Pumpkins.jpg,,,badbunny800,TS2327 Black Cat On Green Four Pumpkins.jpg
Many Have Eaten Here Cork Back Drink Coasters ~ Set of 4 ~ 4 x 4in. ~,Many Have Eaten Here Cork Back Drink Coasters - Set of 4 - 4 x 4in. -,,"Many Have Eaten Here Cork Back Drink Coasters ~ Set of ~ 4in. x 4in.

Our coasters are a cute way to display your personal style while protecting your furniture. They are a complement to any table or surface. Perfect for hot or cold drinks.
Measures 4'x4'
High gloss finish and a non-skid cork backing. Wipe clean.",,,,,,,1,$7.95 ,,,,,1,badbunny400,badbunny160,https://img1.wsimg.com/isteam/ip/d60a8e97-8bec-436a-acdb-1f4df800ed0b/ols/1003-da5daec.jpg,1003-da5daec.jpg,,,badbunny800,1003-da5daec.jpg
Flowery Rooster #3 Cork Back Drink Coasters ~ Set of 4 ~ 4 x 4in. ~,Flowery Rooster #3 Cork Back Drink Coasters - Set of 4 - 4 x 4in. -,,"Flowery Rooster #3 Cork Back Drink Coasters ~ Set of ~ 4in. x 4in.

Our coasters are a cute way to display your personal style while protecting your furniture. They are a complement to any table or surface. Perfect for hot or cold drinks.
Measures 4'x4'
High gloss finish and a non-skid cork backing. Wipe clean.",,,,,,,1,$7.95 ,,,,,1,badbunny400,badbunny160,https://img1.wsimg.com/isteam/ip/d60a8e97-8bec-436a-acdb-1f4df800ed0b/ols/1069.jpg,1069.jpg,,,badbunny800,1069.jpg
The Valentine Inn Garden Flag ~ Wholesale Package of Three Flags,The Valentine Inn Garden Flag - Wholesale Package of Three Flags,,"The Valentine Inn Garden Flag


Wholesale package of three flags  $5.95 each
12 x 18  250g Dye-Sublimated Printing
Double Sided;  Image is readable on both sides.
Double stitched edges with rod pocket at the top for hanging
Our flags are heavy and flow nicely in the breeze but yet are still soft to the touch.
Moisture resistant.   Fade resistant.  But lasts longer in shade and if sprayed with UV protectant.
Badbunnydesigns",,,,,,,1,$17.85 ,,,,,1,badbunny400,badbunny160,https://img1.wsimg.com/isteam/ip/d60a8e97-8bec-436a-acdb-1f4df800ed0b/ols/5004%20pole.jpg,5004 pole.jpg,,,badbunny800,5004 pole.jpg
Except Eat Healthy and Exercise Cork Back Drink Coasters ~ Set of 4 ~ 4 x 4in. ~,Except Eat Healthy and Exercise Cork Back Drink Coasters - Set of 4 - 4 x 4in. -,,"Except Eat Healthy and Exercise Cork Back Drink Coasters ~ Set of ~ 4in. x 4in.

Our coasters are a cute way to display your personal style while protecting your furniture. They are a complement to any table or surface. Perfect for hot or cold drinks.
Measures 4'x4'
High gloss finish and a non-skid cork backing. Wipe clean.",,,,,,,1,$7.95 ,,,,,1,badbunny400,badbunny160,https://img1.wsimg.com/isteam/ip/d60a8e97-8bec-436a-acdb-1f4df800ed0b/ols/1005-23274cc.jpg,1005-23274cc.jpg,,,badbunny800,1005-23274cc.jpg
Black Cat Full Moon With Flowers Metal Sign ~ 12x8 ~ Set of 3,Black Cat Full Moon With Flowers Metal Sign - 12x8 - Set of 3,,"Black Cat Full Moon With Flowers Metal Sign ~ 12x8 ~ Set of 3

Heavy Gauge Sublimated Aluminum
Measures 12in x 8in
Holes in all four corners for ease of wall placement. Can also be displayed on a tabletop with an easel. 
*Easel not included
**Sale is for Metal Sign ONLY

Made in U.S.A.

Please ask any and all questions before purchase.

Thank you,
Bad Bunny Designs",,,,,,,1,$20.85 ,,,,,1,badbunny400,badbunny160,https://img1.wsimg.com/isteam/ip/d60a8e97-8bec-436a-acdb-1f4df800ed0b/ols/TS2325%20Black%20Cat%20Full%20Moon%20Yellow%20Moon.jpg,TS2325 Black Cat Full Moon Yellow Moon.jpg,,,badbunny800,TS2325 Black Cat Full Moon Yellow Moon.jpg
George Washington Cork Back Drink Coasters ~ Set of 4 ~ 4 x 4in. ~,George Washington Cork Back Drink Coasters - Set of 4 - 4 x 4in. -,,"George Washington Cork Back Drink Coasters ~ Set of ~ 4in. x 4in.

Our coasters are a cute way to display your personal style while protecting your furniture. They are a complement to any table or surface. Perfect for hot or cold drinks.
Measures 4'x4'
High gloss finish and a non-skid cork backing. Wipe clean.",,,,,,,1,$7.95 ,,,,,1,badbunny400,badbunny160,https://img1.wsimg.com/isteam/ip/d60a8e97-8bec-436a-acdb-1f4df800ed0b/ols/1010.jpg,1010.jpg,,,badbunny800,1010.jpg
Two Trick Or Treat Kids Two Black Cats Pumpkins Metal Sign ~ 12x8 ~ Set of 3,Two Trick Or Treat Kids Two Black Cats Pumpkins Metal Sign - 12x8 - Set of 3,,"Two Trick Or Treat Kids Two Black Cats Pumpkins Metal Sign ~ 12x8 ~ Set of 3

Heavy Gauge Sublimated Aluminum
Measures 12in x 8in
Holes in all four corners for ease of wall placement. Can also be displayed on a tabletop with an easel. 
*Easel not included
**Sale is for Metal Sign ONLY

Made in U.S.A.

Please ask any and all questions before purchase.

Thank you,
Bad Bunny Designs",,,,,,,1,$20.85 ,,,,,1,badbunny400,badbunny160,https://img1.wsimg.com/isteam/ip/d60a8e97-8bec-436a-acdb-1f4df800ed0b/ols/TS2270%20Trick%20Or%20Treat%20Kids%20And%20Cats.jpg,TS2270 Trick Or Treat Kids And Cats.jpg,,,badbunny800,TS2270 Trick Or Treat Kids And Cats.jpg
Witches Be Golden Cork Back Drink Coasters ~ Set of 4 ~ 4 x 4in. ~,Witches Be Golden Cork Back Drink Coasters - Set of 4 - 4 x 4in. -,,"Witches Be Golden Cork Back Drink Coasters ~ Set of ~ 4in. x 4in.

Our coasters are a cute way to display your personal style while protecting your furniture. They are a complement to any table or surface. Perfect for hot or cold drinks.
Measures 4'x4'
High gloss finish and a non-skid cork backing. Wipe clean.",,,,,,,1,$7.95 ,,,,,1,badbunny400,badbunny160,https://img1.wsimg.com/isteam/ip/d60a8e97-8bec-436a-acdb-1f4df800ed0b/ols/1008.jpg,1008.jpg,,,badbunny800,1008.jpg
Victorian Witch Metal Sign ~ 12x8 ~ Set of 3,Victorian Witch Metal Sign - 12x8 - Set of 3,,"Victorian Witch Metal Sign ~ 12x8 ~ Set of 3

Heavy Gauge Sublimated Aluminum
Measures 12in x 8in
Holes in all four corners for ease of wall placement. Can also be displayed on a tabletop with an easel. 
*Easel not included
**Sale is for Metal Sign ONLY

Made in U.S.A.

Please ask any and all questions before purchase.

Thank you,
Bad Bunny Designs",,,,,,,1,$20.85 ,,,,,1,badbunny400,badbunny160,https://img1.wsimg.com/isteam/ip/d60a8e97-8bec-436a-acdb-1f4df800ed0b/ols/TS2330%20Victorian%20Witch.jpg,TS2330 Victorian Witch.jpg,,,badbunny800,TS2330 Victorian Witch.jpg
Ohio Proud Buckeye Leaf and Nut Garden Flag ~ Wholesale Pkg of 3 Flags,Ohio Proud Buckeye Leaf and Nut Garden Flag - Wholesale Pkg of 3 Flags,,"Ohio Proud  State Buckeye Leaf and Nut garden flag.
Wholesale pack of three flags.   
Price for each flag is $5.95 Suggested retail is $12.95 to $14.95 depending on your area.

Standard 8x12 Garden Flag
Double Sided with sun block sheet in between.
Fully readable on both sides.
Double stitched on three sides with standard rod pocket at the top.
250g Dye Sublimated Polyester.
Heavy but soft to the touch.
Weather Resistant.  Fade Resistant. **
**Flags will last longer if not in direct sunlight.   If needed spray with a UV Protectant each season",,,,,,,1,$17.85 ,,,,,1,badbunny400,badbunny160,https://img1.wsimg.com/isteam/ip/d60a8e97-8bec-436a-acdb-1f4df800ed0b/ols/5042%20pole%202.jpg,5042 pole 2.jpg,,,badbunny800,5042 pole 2.jpg
Red Truck with Sunflowers Cork Back Drink Coasters ~ Set of 4 ~ 4 x 4in. ~,Red Truck with Sunflowers Cork Back Drink Coasters - Set of 4 - 4 x 4in. -,,"Red Truck with Sunflowers Cork Back Drink Coasters ~ Set of ~ 4in. x 4in.

Our coasters are a cute way to display your personal style while protecting your furniture. They are a complement to any table or surface. Perfect for hot or cold drinks.
Measures 4'x4'
High gloss finish and a non-skid cork backing. Wipe clean.",,,,,,,1,$7.95 ,,,,,1,badbunny400,badbunny160,https://img1.wsimg.com/isteam/ip/d60a8e97-8bec-436a-acdb-1f4df800ed0b/ols/1087.jpg,1087.jpg,,,badbunny800,1087.jpg
Three Colorful Witches Metal Sign ~ 12x8 ~ Set of 3,Three Colorful Witches Metal Sign - 12x8 - Set of 3,,"Three Colorful Witches Metal Sign ~ 12x8 ~ Set of 3

Heavy Gauge Sublimated Aluminum
Measures 12in x 8in
Holes in all four corners for ease of wall placement. Can also be displayed on a tabletop with an easel. 
*Easel not included
**Sale is for Metal Sign ONLY

Made in U.S.A.

Please ask any and all questions before purchase.

Thank you,
Bad Bunny Designs",,,,,,,1,$20.85 ,,,,,1,badbunny400,badbunny160,https://img1.wsimg.com/isteam/ip/d60a8e97-8bec-436a-acdb-1f4df800ed0b/ols/TS2321%20Three%20Witches%20Colorful%20Woods.jpg,TS2321 Three Witches Colorful Woods.jpg,,,badbunny800,TS2321 Three Witches Colorful Woods.jpg
A True Love Story Never Ends Metal Sign ~ 12x8 ~ Set of 3,A True Love Story Never Ends Metal Sign - 12x8 - Set of 3,,"A True Love Story Never Ends Metal Sign ~ 12x8 ~ Set of 3

Heavy Gauge Sublimated Aluminum
Measures 12in x 8in
Holes in all four corners for ease of wall placement. Can also be displayed on a tabletop with an easel. 
*Easel not included
**Sale is for Metal Sign ONLY

Made in U.S.A.

Please ask any and all questions before purchase.

Thank you,
Bad Bunny Designs",,,,,,,1,20.85,,,,,1,badbunny400,badbunny160,https://img1.wsimg.com/isteam/ip/d60a8e97-8bec-436a-acdb-1f4df800ed0b/ols/2114d.jpg,2114d.jpg,,,badbunny800,2114d.jpg
Bee Skep Hive with Flowers Metal Sign ~ 12x8 ~ Set of 3,Bee Skep Hive with Flowers Metal Sign - 12x8 - Set of 3,,"Bee Skep Hive with Flowers Metal Sign ~ 12x8 ~ Set of 3

Heavy Gauge Sublimated Aluminum
Measures 12in x 8in
Holes in all four corners for ease of wall placement. Can also be displayed on a tabletop with an easel. 
*Easel not included
**Sale is for Metal Sign ONLY

Made in U.S.A.

Please ask any and all questions before purchase.

Thank you,
Bad Bunny Designs",,,,,,,1,20.85,,,,,1,badbunny400,badbunny160,https://img1.wsimg.com/isteam/ip/d60a8e97-8bec-436a-acdb-1f4df800ed0b/ols/TS2136%20Bee%20Skep%20Hive%20With%20Flowers.jpg,TS2136 Bee Skep Hive With Flowers.jpg,,,badbunny800,TS2136 Bee Skep Hive With Flowers.jpg
Bigfoot Big Orange Moon Metal Sign ~ 12x8 ~ Set of 3,Bigfoot Big Orange Moon Metal Sign - 12x8 - Set of 3,,"Bigfoot Big Orange Moon Metal Sign ~ 12x8 ~ Set of 3

Heavy Gauge Sublimated Aluminum
Measures 12in x 8in
Holes in all four corners for ease of wall placement. Can also be displayed on a tabletop with an easel. 
*Easel not included
**Sale is for Metal Sign ONLY

Made in U.S.A.

Please ask any and all questions before purchase.

Thank you,
Bad Bunny Designs",,,,,,,1,20.85,,,,,1,badbunny400,badbunny160,https://img1.wsimg.com/isteam/ip/d60a8e97-8bec-436a-acdb-1f4df800ed0b/ols/TS2205%20Big%20Foot%20Big%20Orange%20Moon.jpg,TS2205 Big Foot Big Orange Moon.jpg,,,badbunny800,TS2205 Big Foot Big Orange Moon.jpg
Bigfoot USA Metal Sign ~ 12x8 ~ Set of 3,Bigfoot USA Metal Sign - 12x8 - Set of 3,,"Bigfoot USA Metal Sign ~ 12x8 ~ Set of 3

Heavy Gauge Sublimated Aluminum
Measures 12in x 8in
Holes in all four corners for ease of wall placement. Can also be displayed on a tabletop with an easel. 
*Easel not included
**Sale is for Metal Sign ONLY

Made in U.S.A.

Please ask any and all questions before purchase.

Thank you,
Bad Bunny Designs",,,,,,,1,20.85,,,,,1,badbunny400,badbunny160,https://img1.wsimg.com/isteam/ip/d60a8e97-8bec-436a-acdb-1f4df800ed0b/ols/TS2206%20Big%20Foot%20USA.jpg,TS2206 Big Foot USA.jpg,,,badbunny800,TS2206 Big Foot USA.jpg
Black Cat With Witches Laundry Metal Sign ~ 12x8 ~ Set of 3,Black Cat With Witches Laundry Metal Sign - 12x8 - Set of 3,,"Black Cat With Witches Laundry Metal Sign ~ 12x8 ~ Set of 3

Heavy Gauge Sublimated Aluminum
Measures 12in x 8in
Holes in all four corners for ease of wall placement. Can also be displayed on a tabletop with an easel. 
*Easel not included
**Sale is for Metal Sign ONLY

Made in U.S.A.

Please ask any and all questions before purchase.

Thank you,
Bad Bunny Designs",,,,,,,1,20.85,,,,,1,badbunny400,badbunny160,https://img1.wsimg.com/isteam/ip/d60a8e97-8bec-436a-acdb-1f4df800ed0b/ols/TS2240%20Black%20Cat%20With%20Witches%20Laundry.jpg,TS2240 Black Cat With Witches Laundry.jpg,,,badbunny800,TS2240 Black Cat With Witches Laundry.jpg
Country Market Metal Sign ~ 12x8 ~ Set of 3,Country Market Metal Sign - 12x8 - Set of 3,,"Country Market Metal Sign ~ 12x8 ~ Set of 3

Heavy Gauge Sublimated Aluminum
Measures 12in x 8in
Holes in all four corners for ease of wall placement. Can also be displayed on a tabletop with an easel. 
*Easel not included
**Sale is for Metal Sign ONLY

Made in U.S.A.

Please ask any and all questions before purchase.

Thank you,
Bad Bunny Designs",,,,,,,1,20.85,,,,,1,badbunny400,badbunny160,https://img1.wsimg.com/isteam/ip/d60a8e97-8bec-436a-acdb-1f4df800ed0b/ols/2115c.jpg,2115c.jpg,,,badbunny800,2115c.jpg
Day Drink and Work In My Garden Cork Back Drink Coasters ~ Set of 4 ~ 4 x 4in. ~,Day Drink and Work In My Garden Cork Back Drink Coasters - Set of 4 - 4 x 4in. -,,"Day Drink and Work In My Garden Cork Back Drink Coasters ~ Set of ~ 4in. x 4in.

Our coasters are a cute way to display your personal style while protecting your furniture. They are a complement to any table or surface. Perfect for hot or cold drinks.
Measures 4'x4'
High gloss finish and a non-skid cork backing. Wipe clean.",,,,,,,1,7.95,,,,,1,badbunny400,badbunny160,https://img1.wsimg.com/isteam/ip/d60a8e97-8bec-436a-acdb-1f4df800ed0b/ols/1002-256bf0e.jpg,1002-256bf0e.jpg,,,badbunny800,1002-256bf0e.jpg
Distressed Bee on Yellow Republique Francaise Metal Sign ~ 12x8 ~ Set of 3,Distressed Bee on Yellow Republique Francaise Metal Sign - 12x8 - Set of 3,,"Distressed Bee on Yellow Republique Francaise Metal Sign ~ 12x8 ~ Set of 3

Heavy Gauge Sublimated Aluminum
Measures 12in x 8in
Holes in all four corners for ease of wall placement. Can also be displayed on a tabletop with an easel. 
*Easel not included
**Sale is for Metal Sign ONLY

Made in U.S.A.

Please ask any and all questions before purchase.

Thank you,
Bad Bunny Designs",,,,,,,1,20.85,,,,,1,badbunny400,badbunny160,https://img1.wsimg.com/isteam/ip/d60a8e97-8bec-436a-acdb-1f4df800ed0b/ols/TS2177%20Distressed.jpg,TS2177 Distressed.jpg,,,badbunny800,TS2177 Distressed.jpg
Every Day Start Again Metal Sign ~ 12x8 ~ Set of 3,Every Day Start Again Metal Sign - 12x8 - Set of 3,,"Every Day Start Again Metal Sign ~ 12x8 ~ Set of 3

Heavy Gauge Sublimated Aluminum
Measures 12in x 8in
Holes in all four corners for ease of wall placement. Can also be displayed on a tabletop with an easel. 
*Easel not included
**Sale is for Metal Sign ONLY

Made in U.S.A.

Please ask any and all questions before purchase.

Thank you,
Bad Bunny Designs",,,,,,,1,20.85,,,,,1,badbunny400,badbunny160,https://img1.wsimg.com/isteam/ip/d60a8e97-8bec-436a-acdb-1f4df800ed0b/ols/TS2176%20Every%20Day%20Start%20Again.jpg,TS2176 Every Day Start Again.jpg,,,badbunny800,TS2176 Every Day Start Again.jpg
Farm Fresh Milk Metal Sign ~ 12x8 ~ Set of 3,Farm Fresh Milk Metal Sign - 12x8 - Set of 3,,"Farm Fresh Milk Metal Sign ~ 12x8 ~ Set of 3

Heavy Gauge Sublimated Aluminum
Measures 12in x 8in
Holes in all four corners for ease of wall placement. Can also be displayed on a tabletop with an easel. 
*Easel not included
**Sale is for Metal Sign ONLY

Made in U.S.A.

Please ask any and all questions before purchase.

Thank you,
Bad Bunny Designs",,,,,,,1,20.85,,,,,1,badbunny400,badbunny160,https://img1.wsimg.com/isteam/ip/d60a8e97-8bec-436a-acdb-1f4df800ed0b/ols/TS2224%20Farm%20Fresh%20Milk.jpg,TS2224 Farm Fresh Milk.jpg,,,badbunny800,TS2224 Farm Fresh Milk.jpg
Fire Rescue Metal Sign ~ 12x8 ~ Set of 3,Fire Rescue Metal Sign - 12x8 - Set of 3,,"Fire Rescue Metal Sign ~ 12x8 ~ Set of 3

Heavy Gauge Sublimated Aluminum
Measures 12in x 8in
Holes in all four corners for ease of wall placement. Can also be displayed on a tabletop with an easel. 
*Easel not included
**Sale is for Metal Sign ONLY

Made in U.S.A.

Please ask any and all questions before purchase.

Thank you,
Bad Bunny Designs",,,,,,,1,20.85,,,,,1,badbunny400,badbunny160,https://img1.wsimg.com/isteam/ip/d60a8e97-8bec-436a-acdb-1f4df800ed0b/ols/TS2207%20Fire%20Rescue.jpg,TS2207 Fire Rescue.jpg,,,badbunny800,TS2207 Fire Rescue.jpg
Garden Farm Catalogue Metal Sign ~ 12x8 ~ Set of 3,Garden Farm Catalogue Metal Sign - 12x8 - Set of 3,,"Garden Farm Catalogue Metal Sign ~ 12x8 ~ Set of 3

Heavy Gauge Sublimated Aluminum
Measures 12in x 8in
Holes in all four corners for ease of wall placement. Can also be displayed on a tabletop with an easel. 
*Easel not included
**Sale is for Metal Sign ONLY

Made in U.S.A.

Please ask any and all questions before purchase.

Thank you,
Bad Bunny Designs",,,,,,,1,20.85,,,,,1,badbunny400,badbunny160,https://img1.wsimg.com/isteam/ip/d60a8e97-8bec-436a-acdb-1f4df800ed0b/ols/TS2185%20Garden%20Farm%20Catalog.jpg,TS2185 Garden Farm Catalog.jpg,,,badbunny800,TS2185 Garden Farm Catalog.jpg
Geo Washington With Betsy Ross Metal Sign ~ 12x8 ~ Set of 3,Geo Washington With Betsy Ross Metal Sign - 12x8 - Set of 3,,"Geo Washington With Betsy Ross Metal Sign ~ 12x8 ~ Set of 3

Heavy Gauge Sublimated Aluminum
Measures 12in x 8in
Holes in all four corners for ease of wall placement. Can also be displayed on a tabletop with an easel. 
*Easel not included
**Sale is for Metal Sign ONLY

Made in U.S.A.

Please ask any and all questions before purchase.

Thank you,
Bad Bunny Designs",,,,,,,1,20.85,,,,,1,badbunny400,badbunny160,https://img1.wsimg.com/isteam/ip/d60a8e97-8bec-436a-acdb-1f4df800ed0b/ols/TS2255%20George%20Washington%20With%20Betsy%20Ross.jpg,TS2255 George Washington With Betsy Ross.jpg,,,badbunny800,TS2255 George Washington With Betsy Ross.jpg
George Washington Cut Plug Metal Sign ~ 12x8 ~ Set of 3,George Washington Cut Plug Metal Sign - 12x8 - Set of 3,,"George Washington Cut Plug Metal Sign ~ 12x8 ~ Set of 3

Heavy Gauge Sublimated Aluminum
Measures 12in x 8in
Holes in all four corners for ease of wall placement. Can also be displayed on a tabletop with an easel. 
*Easel not included
**Sale is for Metal Sign ONLY

Made in U.S.A.

Please ask any and all questions before purchase.

Thank you,
Bad Bunny Designs",,,,,,,1,20.85,,,,,1,badbunny400,badbunny160,https://img1.wsimg.com/isteam/ip/d60a8e97-8bec-436a-acdb-1f4df800ed0b/ols/TS2238%20George%20Washington%20Cut%20Plug.jpg,TS2238 George Washington Cut Plug.jpg,,,badbunny800,TS2238 George Washington Cut Plug.jpg
Halloween Rules Metal Sign ~ 12x8 ~ Set of 3,Halloween Rules Metal Sign - 12x8 - Set of 3,,"Halloween Rules Metal Sign ~ 12x8 ~ Set of 3

Heavy Gauge Sublimated Aluminum
Measures 12in x 8in
Holes in all four corners for ease of wall placement. Can also be displayed on a tabletop with an easel. 
*Easel not included
**Sale is for Metal Sign ONLY

Made in U.S.A.

Please ask any and all questions before purchase.

Thank you,
Bad Bunny Designs",,,,,,,1,20.85,,,,,1,badbunny400,badbunny160,https://img1.wsimg.com/isteam/ip/d60a8e97-8bec-436a-acdb-1f4df800ed0b/ols/TS2250%20Halloween%20Rules.jpg,TS2250 Halloween Rules.jpg,,,badbunny800,TS2250 Halloween Rules.jpg
Happy St. Pat's Metal Sign ~ 12x8 ~ Set of 3,Happy St. Pat's Metal Sign - 12x8 - Set of 3,,"Happy St. Pat's Metal Sign ~ 12x8 ~ Set of 3

Heavy Gauge Sublimated Aluminum
Measures 12in x 8in
Holes in all four corners for ease of wall placement. Can also be displayed on a tabletop with an easel. 
*Easel not included
**Sale is for Metal Sign ONLY

Made in U.S.A.

Please ask any and all questions before purchase.

Thank you,
Bad Bunny Designs",,,,,,,1,20.85,,,,,1,badbunny400,badbunny160,https://img1.wsimg.com/isteam/ip/d60a8e97-8bec-436a-acdb-1f4df800ed0b/ols/TS2126%20Happy%20St.%20Patricks.jpg,TS2126 Happy St. Patricks.jpg,,,badbunny800,TS2126 Happy St. Patricks.jpg
Heifer Please Metal Sign ~ 12x8 ~ Set of 3,Heifer Please Metal Sign - 12x8 - Set of 3,,"Heifer Please Metal Sign ~ 12x8 ~ Set of 3

Heavy Gauge Sublimated Aluminum
Measures 12in x 8in
Holes in all four corners for ease of wall placement. Can also be displayed on a tabletop with an easel. 
*Easel not included
**Sale is for Metal Sign ONLY

Made in U.S.A.

Please ask any and all questions before purchase.

Thank you,
Bad Bunny Designs",,,,,,,1,20.85,,,,,1,badbunny400,badbunny160,https://img1.wsimg.com/isteam/ip/d60a8e97-8bec-436a-acdb-1f4df800ed0b/ols/TS2183%20Heifer%20Please%20Cow.jpg,TS2183 Heifer Please Cow.jpg,,,badbunny800,TS2183 Heifer Please Cow.jpg
Highland Cow In Bathtub Metal Sign ~ 12x8 ~ Set of 3,Highland Cow In Bathtub Metal Sign - 12x8 - Set of 3,,"Highland Cow In Bathtub Metal Sign ~ 12x8 ~ Set of 3

Heavy Gauge Sublimated Aluminum
Measures 12in x 8in
Holes in all four corners for ease of wall placement. Can also be displayed on a tabletop with an easel. 
*Easel not included
**Sale is for Metal Sign ONLY

Made in U.S.A.

Please ask any and all questions before purchase.

Thank you,
Bad Bunny Designs",,,,,,,1,20.85,,,,,1,badbunny400,badbunny160,https://img1.wsimg.com/isteam/ip/d60a8e97-8bec-436a-acdb-1f4df800ed0b/ols/TS2229%20Highland%20Cow%20In%20Bathtub.jpg,TS2229 Highland Cow In Bathtub.jpg,,,badbunny800,TS2229 Highland Cow In Bathtub.jpg
Home Of The Free Betsy Ross Sewing Flag Metal Sign ~ 12x8 ~ Set of 3,Home Of The Free Betsy Ross Sewing Flag Metal Sign - 12x8 - Set of 3,,"Home Of The Free Betsy Ross Sewing Flag ~ 12x8 ~ Set of 3

Heavy Gauge Sublimated Aluminum
Measures 12in x 8in
Holes in all four corners for ease of wall placement. Can also be displayed on a tabletop with an easel. 
*Easel not included
**Sale is for Metal Sign ONLY

Made in U.S.A.

Please ask any and all questions before purchase.

Thank you,
Bad Bunny Designs",,,,,,,1,20.85,,,,,1,badbunny400,badbunny160,https://img1.wsimg.com/isteam/ip/d60a8e97-8bec-436a-acdb-1f4df800ed0b/ols/TS2236%20Home%20Of%20The%20Free%20Betsy%20Ross%20Sewing%20Flag.jpg,TS2236 Home Of The Free Betsy Ross Sewing Flag.jpg,,,badbunny800,TS2236 Home Of The Free Betsy Ross Sewing Flag.jpg
Ivory Soap Metal Sign ~ 12x8 ~ Set of 3,Ivory Soap Metal Sign - 12x8 - Set of 3,,"Ivory Soap Metal Sign ~ 12x8 ~ Set of 3

Heavy Gauge Sublimated Aluminum
Measures 12in x 8in
Holes in all four corners for ease of wall placement. Can also be displayed on a tabletop with an easel. 
*Easel not included
**Sale is for Metal Sign ONLY

Made in U.S.A.

Please ask any and all questions before purchase.

Thank you,
Bad Bunny Designs",,,,,,,1,20.85,,,,,1,badbunny400,badbunny160,https://img1.wsimg.com/isteam/ip/d60a8e97-8bec-436a-acdb-1f4df800ed0b/ols/TS2214%20Ivory%20Soap.jpg,TS2214 Ivory Soap.jpg,,,badbunny800,TS2214 Ivory Soap.jpg
Johnson Cakes Crackers and Biscuits Metal Sign ~ 12x8 ~ Set of 3,Johnson Cakes Crackers and Biscuits Metal Sign - 12x8 - Set of 3,,"Johnson Cakes Crackers and Biscuits Metal Sign ~ 12x8 ~ Set of 3

Heavy Gauge Sublimated Aluminum
Measures 12in x 8in
Holes in all four corners for ease of wall placement. Can also be displayed on a tabletop with an easel. 
*Easel not included
**Sale is for Metal Sign ONLY

Made in U.S.A.

Please ask any and all questions before purchase.

Thank you,
Bad Bunny Designs",,,,,,,1,20.85,,,,,1,badbunny400,badbunny160,https://img1.wsimg.com/isteam/ip/d60a8e97-8bec-436a-acdb-1f4df800ed0b/ols/2179.jpg,2179.jpg,,,badbunny800,2179.jpg
Kissing Booth Metal Sign ~ 12x8 ~ Set of 3,Kissing Booth Metal Sign - 12x8 - Set of 3,,"Kissing Booth Metal Sign ~ 12x8 ~ Set of 3

Heavy Gauge Sublimated Aluminum
Measures 12in x 8in
Holes in all four corners for ease of wall placement. Can also be displayed on a tabletop with an easel. 
*Easel not included
**Sale is for Metal Sign ONLY

Made in U.S.A.

Please ask any and all questions before purchase.

Thank you,
Bad Bunny Designs",,,,,,,1,20.85,,,,,1,badbunny400,badbunny160,https://img1.wsimg.com/isteam/ip/d60a8e97-8bec-436a-acdb-1f4df800ed0b/ols/TS2103%20Kissing%20Booth.jpg,TS2103 Kissing Booth.jpg,,,badbunny800,TS2103 Kissing Booth.jpg
Live Like Someone Left The Gate Open Cows Metal Sign ~ 12x8 ~ Set of 3,Live Like Someone Left The Gate Open Cows Metal Sign - 12x8 - Set of 3,,"Live Like Someone Left The Gate Open Cows Metal Sign ~ 12x8 ~ Set of 3

Heavy Gauge Sublimated Aluminum
Measures 12in x 8in
Holes in all four corners for ease of wall placement. Can also be displayed on a tabletop with an easel. 
*Easel not included
**Sale is for Metal Sign ONLY

Made in U.S.A.

Please ask any and all questions before purchase.

Thank you,
Bad Bunny Designs",,,,,,,1,20.85,,,,,1,badbunny400,badbunny160,https://img1.wsimg.com/isteam/ip/d60a8e97-8bec-436a-acdb-1f4df800ed0b/ols/TS2231%20Live%20Like%20Someone%20Left%20The%20Gate%20Open.jpg,TS2231 Live Like Someone Left The Gate Open.jpg,,,badbunny800,TS2231 Live Like Someone Left The Gate Open.jpg
Love & Peace St. Patrick Metal Sign ~ 12x8 ~ Set of 3,Love & Peace St. Patrick Metal Sign - 12x8 - Set of 3,,"Love & Peace St Patrick Metal Sign ~ 12x8 ~ Set of 3

Heavy Gauge Sublimated Aluminum
Measures 12in x 8in
Holes in all four corners for ease of wall placement. Can also be displayed on a tabletop with an easel. 
*Easel not included
**Sale is for Metal Sign ONLY

Made in U.S.A.

Please ask any and all questions before purchase.

Thank you,
Bad Bunny Designs",,,,,,,1,20.85,,,,,1,badbunny400,badbunny160,https://img1.wsimg.com/isteam/ip/d60a8e97-8bec-436a-acdb-1f4df800ed0b/ols/TS2124%20Love%20%2B%20Peace%20St.%20Patricks.jpg,TS2124 Love %2B Peace St. Patricks.jpg,,,badbunny800,TS2124 Love %2B Peace St. Patricks.jpg
Love Is Kinda Crazy With A Spooky Little Girl Like You Metal Sign ~ 12x8 ~ Set of 3,Love Is Kinda Crazy With A Spooky Little Girl Like You Metal Sign - 12x8 - Set of 3,,"Love Is Kinda Crazy With A Spooky Little Girl Like You Metal Sign ~ 12x8 ~ Set of 3

Heavy Gauge Sublimated Aluminum
Measures 12in x 8in
Holes in all four corners for ease of wall placement. Can also be displayed on a tabletop with an easel. 
*Easel not included
**Sale is for Metal Sign ONLY

Made in U.S.A.

Please ask any and all questions before purchase.

Thank you,
Bad Bunny Designs",,,,,,,1,20.85,,,,,1,badbunny400,badbunny160,https://img1.wsimg.com/isteam/ip/d60a8e97-8bec-436a-acdb-1f4df800ed0b/ols/TS2243%20Love%20Is%20Kinda%20Spooky%20Girl.jpg,TS2243 Love Is Kinda Spooky Girl.jpg,,,badbunny800,TS2243 Love Is Kinda Spooky Girl.jpg
Lucky Charm Market Metal Sign ~ 12x8 ~ Set of 3,Lucky Charm Market Metal Sign - 12x8 - Set of 3,,"Lucky Charm Market Metal Sign ~ 12x8 ~ Set of 3

Heavy Gauge Sublimated Aluminum
Measures 12in x 8in
Holes in all four corners for ease of wall placement. Can also be displayed on a tabletop with an easel. 
*Easel not included
**Sale is for Metal Sign ONLY

Made in U.S.A.

Please ask any and all questions before purchase.

Thank you,
Bad Bunny Designs",,,,,,,1,20.85,,,,,1,badbunny400,badbunny160,https://img1.wsimg.com/isteam/ip/d60a8e97-8bec-436a-acdb-1f4df800ed0b/ols/TS2125%20Lucky%20Charm.jpg,TS2125 Lucky Charm.jpg,,,badbunny800,TS2125 Lucky Charm.jpg
Marriage Teaches You ..... 4x4x2 Block Shelf Sitter,Marriage Teaches You ..... 4x4x2 Block Shelf Sitter,,"Funny, humorous block shelf sitter.   #BL  1002

Marriage teaches you a lot about yourself.
For instance I've learned I don't need to use so
many paper towels and they're expensive.

Made in the USA
Made of MDF Wood.
Measures 4x4x2",,,,,,,1,8.95,,,,,1,badbunny400,badbunny160,https://img1.wsimg.com/isteam/ip/d60a8e97-8bec-436a-acdb-1f4df800ed0b/1002.jpg,https://img1.wsimg.com/isteam/ip/d60a8e97-8bec-436a-acdb-1f4df800ed0b/1002.jpg,,,badbunny800,https://img1.wsimg.com/isteam/ip/d60a8e97-8bec-436a-acdb-1f4df800ed0b/1002.jpg
National Register of Historical Places Metal Sign ~ 12x8 ~ Set of 3,National Register of Historical Places Metal Sign - 12x8 - Set of 3,,"National Register of Historical Places Metal Sign ~ 12x8 ~ Set of 3

Heavy Gauge Sublimated Aluminum
Measures 12in x 8in
Holes in all four corners for ease of wall placement. Can also be displayed on a tabletop with an easel. 
*Easel not included
**Sale is for Metal Sign ONLY

Made in U.S.A.

Please ask any and all questions before purchase.

Thank you,
Bad Bunny Designs",,,,,,,1,20.85,,,,,1,badbunny400,badbunny160,https://img1.wsimg.com/isteam/ip/d60a8e97-8bec-436a-acdb-1f4df800ed0b/ols/TS2222%20National%20Register%20Of%20Historical%20Places.jpg,TS2222 National Register Of Historical Places.jpg,,,badbunny800,TS2222 National Register Of Historical Places.jpg
Our Flag Does Not Fly Metal Sign ~ 12x8 ~ Set of 3,Our Flag Does Not Fly Metal Sign - 12x8 - Set of 3,,"Our Flag Does Not Fly Metal Sign ~ 12x8 ~ Set of 3

Heavy Gauge Sublimated Aluminum
Measures 12in x 8in
Holes in all four corners for ease of wall placement. Can also be displayed on a tabletop with an easel. 
*Easel not included
**Sale is for Metal Sign ONLY

Made in U.S.A.

Please ask any and all questions before purchase.

Thank you,
Bad Bunny Designs",,,,,,,1,20.85,,,,,1,badbunny400,badbunny160,https://img1.wsimg.com/isteam/ip/d60a8e97-8bec-436a-acdb-1f4df800ed0b/ols/TS2251%20Our%20Flag.jpg,TS2251 Our Flag.jpg,,,badbunny800,TS2251 Our Flag.jpg
Pesticide Free Habitat Metal Sign ~ 12x8 ~ Set of 3,Pesticide Free Habitat Metal Sign - 12x8 - Set of 3,,"Pesticide Free Habitat Metal Sign ~ 12x8 ~ Set of 3

Heavy Gauge Sublimated Aluminum
Measures 12in x 8in
Holes in all four corners for ease of wall placement. Can also be displayed on a tabletop with an easel. 
*Easel not included
**Sale is for Metal Sign ONLY

Made in U.S.A.

Please ask any and all questions before purchase.

Thank you,
Bad Bunny Designs",,,,,,,1,20.85,,,,,1,badbunny400,badbunny160,https://img1.wsimg.com/isteam/ip/d60a8e97-8bec-436a-acdb-1f4df800ed0b/ols/TS2184%20Pesticide%20Free%20Habitat.jpg,TS2184 Pesticide Free Habitat.jpg,,,badbunny800,TS2184 Pesticide Free Habitat.jpg
Peter Cottontail Chocolate Bunny Metal Sign ~ 12x8 ~ Set of 3,Peter Cottontail Chocolate Bunny Metal Sign - 12x8 - Set of 3,,"Peter Cottontail Chocolate Bunny Metal Sign ~ 12x8 ~ Set of 3

Heavy Gauge Sublimated Aluminum
Measures 12in x 8in
Holes in all four corners for ease of wall placement. Can also be displayed on a tabletop with an easel. 
*Easel not included
**Sale is for Metal Sign ONLY

Made in U.S.A.

Please ask any and all questions before purchase.

Thank you,
Bad Bunny Designs",,,,,,,1,20.85,,,,,1,badbunny400,badbunny160,https://img1.wsimg.com/isteam/ip/d60a8e97-8bec-436a-acdb-1f4df800ed0b/ols/TS2113%20Peter%20Cottontail%20Chocolate%20Bunny.jpg,TS2113 Peter Cottontail Chocolate Bunny.jpg,,,badbunny800,TS2113 Peter Cottontail Chocolate Bunny.jpg
Prairie Bonnet Tissues Metal Sign ~ 12x8 ~ Set of 3,Prairie Bonnet Tissues Metal Sign - 12x8 - Set of 3,,"Prairie Bonnet Tissues Metal Sign ~ 12x8 ~ Set of 3

Heavy Gauge Sublimated Aluminum
Measures 12in x 8in
Holes in all four corners for ease of wall placement. Can also be displayed on a tabletop with an easel. 
*Easel not included
**Sale is for Metal Sign ONLY

Made in U.S.A.

Please ask any and all questions before purchase.

Thank you,
Bad Bunny Designs",,,,,,,1,20.85,,,,,1,badbunny400,badbunny160,https://img1.wsimg.com/isteam/ip/d60a8e97-8bec-436a-acdb-1f4df800ed0b/ols/TS2211%20Prairie%20Bonnet%20Tissues.jpg,TS2211 Prairie Bonnet Tissues.jpg,,,badbunny800,TS2211 Prairie Bonnet Tissues.jpg
Quack Shack Metal Sign ~ 12x8 ~ Set of 3,Quack Shack Metal Sign - 12x8 - Set of 3,,"Quack Shack Metal Sign ~ 12x8 ~ Set of 3

Heavy Gauge Sublimated Aluminum
Measures 12in x 8in
Holes in all four corners for ease of wall placement. Can also be displayed on a tabletop with an easel. 
*Easel not included
**Sale is for Metal Sign ONLY

Made in U.S.A.

Please ask any and all questions before purchase.

Thank you,
Bad Bunny Designs",,,,,,,1,20.85,,,,,1,badbunny400,badbunny160,https://img1.wsimg.com/isteam/ip/d60a8e97-8bec-436a-acdb-1f4df800ed0b/ols/TS2216%20Quack%20Shack.jpg,TS2216 Quack Shack.jpg,,,badbunny800,TS2216 Quack Shack.jpg
Scary Black Cat Head And Pumpkin Metal Sign ~ 12x8 ~ Set of 3,Scary Black Cat Head And Pumpkin Metal Sign - 12x8 - Set of 3,,"Scary Black Cat Head And Pumpkin Metal Sign ~ 12x8 ~ Set of 3

Heavy Gauge Sublimated Aluminum
Measures 12in x 8in
Holes in all four corners for ease of wall placement. Can also be displayed on a tabletop with an easel. 
*Easel not included
**Sale is for Metal Sign ONLY

Made in U.S.A.

Please ask any and all questions before purchase.

Thank you,
Bad Bunny Designs",,,,,,,1,20.85,,,,,1,badbunny400,badbunny160,https://img1.wsimg.com/isteam/ip/d60a8e97-8bec-436a-acdb-1f4df800ed0b/ols/TS2245%20Scary%20Black%20Cat%20Head%20With%20Pumpkin.jpg,TS2245 Scary Black Cat Head With Pumpkin.jpg,,,badbunny800,TS2245 Scary Black Cat Head With Pumpkin.jpg
Sea To Shining Sea Metal Sign ~ 12x8 ~ Set of 3,Sea To Shining Sea Metal Sign - 12x8 - Set of 3,,"Sea To Shining Sea Metal Sign ~ 12x8 ~ Set of 3

Heavy Gauge Sublimated Aluminum
Measures 12in x 8in
Holes in all four corners for ease of wall placement. Can also be displayed on a tabletop with an easel. 
*Easel not included
**Sale is for Metal Sign ONLY

Made in U.S.A.

Please ask any and all questions before purchase.

Thank you,
Bad Bunny Designs",,,,,,,1,20.85,,,,,1,badbunny400,badbunny160,https://img1.wsimg.com/isteam/ip/d60a8e97-8bec-436a-acdb-1f4df800ed0b/ols/TS2237%20Sea%20To%20Shining%20Sea.jpg,TS2237 Sea To Shining Sea.jpg,,,badbunny800,TS2237 Sea To Shining Sea.jpg
St. Patrick's & Co Shamrock Farm Metal Sign ~ 12x8 ~ Set of 3,St. Patrick's & Co Shamrock Farm Metal Sign - 12x8 - Set of 3,,"St. Patrick's & Co Shamrock Farm Metal Sign ~ 12x8 ~ Set of 3

Heavy Gauge Sublimated Aluminum
Measures 12in x 8in
Holes in all four corners for ease of wall placement. Can also be displayed on a tabletop with an easel. 
*Easel not included
**Sale is for Metal Sign ONLY

Made in U.S.A.

Please ask any and all questions before purchase.

Thank you,
Bad Bunny Designs",,,,,,,1,20.85,,,,,1,badbunny400,badbunny160,https://img1.wsimg.com/isteam/ip/d60a8e97-8bec-436a-acdb-1f4df800ed0b/ols/TS2104%20St%20Patricks%20And%20Co%20Shamrock%20Farm.jpg,TS2104 St Patricks And Co Shamrock Farm.jpg,,,badbunny800,TS2104 St Patricks And Co Shamrock Farm.jpg
Sunflowers Ball Jar Metal Sign ~ 12x8 ~ Set of 3,Sunflowers Ball Jar Metal Sign - 12x8 - Set of 3,,"Sunflowers Ball Jar Metal Sign ~ 12x8 ~ Set of 3

Heavy Gauge Sublimated Aluminum
Measures 12in x 8in
Holes in all four corners for ease of wall placement. Can also be displayed on a tabletop with an easel. 
*Easel not included
**Sale is for Metal Sign ONLY

Made in U.S.A.

Please ask any and all questions before purchase.

Thank you,
Bad Bunny Designs",,,,,,,1,20.85,,,,,1,badbunny400,badbunny160,https://img1.wsimg.com/isteam/ip/d60a8e97-8bec-436a-acdb-1f4df800ed0b/ols/TS2121%20Sunflowers%20Ball%20Jar.jpg,TS2121 Sunflowers Ball Jar.jpg,,,badbunny800,TS2121 Sunflowers Ball Jar.jpg
Sweet Land of Liberty Girl Metal Sign ~ 12x8 ~ Set of 3,Sweet Land of Liberty Girl Metal Sign - 12x8 - Set of 3,,"Sweet Land of Liberty Girl Metal Sign ~ 12x8 ~ Set of 3

Heavy Gauge Sublimated Aluminum
Measures 12in x 8in
Holes in all four corners for ease of wall placement. Can also be displayed on a tabletop with an easel. 
*Easel not included
**Sale is for Metal Sign ONLY

Made in U.S.A.

Please ask any and all questions before purchase.

Thank you,
Bad Bunny Designs",,,,,,,1,20.85,,,,,1,badbunny400,badbunny160,https://img1.wsimg.com/isteam/ip/d60a8e97-8bec-436a-acdb-1f4df800ed0b/ols/TS2226%20Sweet%20Land%20Of%20Liberty%20Girl.jpg,TS2226 Sweet Land Of Liberty Girl.jpg,,,badbunny800,TS2226 Sweet Land Of Liberty Girl.jpg
Today I Choose Joy Ball Jars Metal Sign ~ 12x8 ~ Set of 3,Today I Choose Joy Ball Jars Metal Sign - 12x8 - Set of 3,,"Today I Choose Joy Ball Jars Metal Sign ~ 12x8 ~ Set of 3

Heavy Gauge Sublimated Aluminum
Measures 12in x 8in
Holes in all four corners for ease of wall placement. Can also be displayed on a tabletop with an easel. 
*Easel not included
**Sale is for Metal Sign ONLY

Made in U.S.A.

Please ask any and all questions before purchase.

Thank you,
Bad Bunny Designs",,,,,,,1,20.85,,,,,1,badbunny400,badbunny160,https://img1.wsimg.com/isteam/ip/d60a8e97-8bec-436a-acdb-1f4df800ed0b/ols/TS2178%20Today%20I%20Choose%20Joy%20Ball%20Jars.jpg,TS2178 Today I Choose Joy Ball Jars.jpg,,,badbunny800,TS2178 Today I Choose Joy Ball Jars.jpg
Valentine Flower Market Metal Sign ~ 12x8 ~ Set of 3,Valentine Flower Market Metal Sign - 12x8 - Set of 3,,"Valentine Flower Market Metal Sign ~ 12x8 ~ Set of 3

Heavy Gauge Sublimated Aluminum
Measures 12in x 8in
Holes in all four corners for ease of wall placement. Can also be displayed on a tabletop with an easel. 
*Easel not included
**Sale is for Metal Sign ONLY

Made in U.S.A.

Please ask any and all questions before purchase.

Thank you,
Bad Bunny Designs",,,,,,,1,20.85,,,,,1,badbunny400,badbunny160,https://img1.wsimg.com/isteam/ip/d60a8e97-8bec-436a-acdb-1f4df800ed0b/ols/TS2106%20Valentine%20Flower%20Market.jpg,TS2106 Valentine Flower Market.jpg,,,badbunny800,TS2106 Valentine Flower Market.jpg
Welcome Red & White Flowers Jar on Black Metal Sign ~ 12x8 ~ Set of 3,Welcome Red & White Flowers Jar on Black Metal Sign - 12x8 - Set of 3,,"Welcome Red & White Flowers Jar on Black Metal Sign ~ 12x8 ~ Set of 3

Heavy Gauge Sublimated Aluminum
Measures 12in x 8in
Holes in all four corners for ease of wall placement. Can also be displayed on a tabletop with an easel. 
*Easel not included
**Sale is for Metal Sign ONLY

Made in U.S.A.

Please ask any and all questions before purchase.

Thank you,
Bad Bunny Designs",,,,,,,1,20.85,,,,,1,badbunny400,badbunny160,https://img1.wsimg.com/isteam/ip/d60a8e97-8bec-436a-acdb-1f4df800ed0b/ols/TS2195%20Welcome%20Red%20And%20White%20Flowers%20Jar%20On%20Bl.jpg,TS2195 Welcome Red And White Flowers Jar On Bl.jpg,,,badbunny800,TS2195 Welcome Red And White Flowers Jar On Bl.jpg
Welcome Snowman on Green Metal Sign ~ 12x8 ~ Set of 3,Welcome Snowman on Green Metal Sign - 12x8 - Set of 3,,"Welcome Snowman on Green Metal Sign ~ 12x8 ~ Set of 3

Heavy Gauge Sublimated Aluminum
Measures 12in x 8in
Holes in all four corners for ease of wall placement. Can also be displayed on a tabletop with an easel. 
*Easel not included
**Sale is for Metal Sign ONLY

Made in U.S.A.

Please ask any and all questions before purchase.

Thank you,
Bad Bunny Designs",,,,,,,1,20.85,,,,,1,badbunny400,badbunny160,https://img1.wsimg.com/isteam/ip/d60a8e97-8bec-436a-acdb-1f4df800ed0b/ols/TS2220%20Snowman%20On%20Green%20Scarf%20And%20Hat.jpg,TS2220 Snowman On Green Scarf And Hat.jpg,,,badbunny800,TS2220 Snowman On Green Scarf And Hat.jpg
Welcome Sunflowers Metal Sign ~ 12x8 ~ Set of 3,Welcome Sunflowers Metal Sign - 12x8 - Set of 3,,"Welcome Sunflowers Metal Sign ~ 12x8 ~ Set of 3

Heavy Gauge Sublimated Aluminum
Measures 12in x 8in
Holes in all four corners for ease of wall placement. Can also be displayed on a tabletop with an easel. 
*Easel not included
**Sale is for Metal Sign ONLY

Made in U.S.A.

Please ask any and all questions before purchase.

Thank you,
Bad Bunny Designs",,,,,,,1,20.85,,,,,1,badbunny400,badbunny160,https://img1.wsimg.com/isteam/ip/d60a8e97-8bec-436a-acdb-1f4df800ed0b/ols/TS2208%20Welcome%20Sunflowers.jpg,TS2208 Welcome Sunflowers.jpg,,,badbunny800,TS2208 Welcome Sunflowers.jpg
Welcome To Our Home Blue Truck Metal Sign ~ 12x8 ~ Set of 3,Welcome To Our Home Blue Truck Metal Sign - 12x8 - Set of 3,,"Welcome To Our Home Blue Truck Metal Sign ~ 12x8 ~ Set of 3

Heavy Gauge Sublimated Aluminum
Measures 12in x 8in
Holes in all four corners for ease of wall placement. Can also be displayed on a tabletop with an easel. 
*Easel not included
**Sale is for Metal Sign ONLY

Made in U.S.A.

Please ask any and all questions before purchase.

Thank you,
Bad Bunny Designs",,,,,,,1,20.85,,,,,1,badbunny400,badbunny160,https://img1.wsimg.com/isteam/ip/d60a8e97-8bec-436a-acdb-1f4df800ed0b/ols/TS2118%20Welcome%20To%20Our%20Home%20Blue%20Truck.jpg,TS2118 Welcome To Our Home Blue Truck.jpg,,,badbunny800,TS2118 Welcome To Our Home Blue Truck.jpg
Welcome To The Beach Metal Sign ~ 12x8 ~ Set of 3,Welcome To The Beach Metal Sign - 12x8 - Set of 3,,"Welcome To The Beach Metal Sign ~ 12x8 ~ Set of 3

Heavy Gauge Sublimated Aluminum
Measures 12in x 8in
Holes in all four corners for ease of wall placement. Can also be displayed on a tabletop with an easel. 
*Easel not included
**Sale is for Metal Sign ONLY

Made in U.S.A.

Please ask any and all questions before purchase.

Thank you,
Bad Bunny Designs",,,,,,,1,20.85,,,,,1,badbunny400,badbunny160,https://img1.wsimg.com/isteam/ip/d60a8e97-8bec-436a-acdb-1f4df800ed0b/ols/TS2182%20Welcome%20To%20The%20Beach.jpg,TS2182 Welcome To The Beach.jpg,,,badbunny800,TS2182 Welcome To The Beach.jpg
