ANGEL FAITH HOPE PEACE BACKLIGHT TABLETOP 3 ASST,15188,,"Includes Tea Light Candle; Wood/Mixed Material; 4""W x 5""H x 3""D",In stock,,,,"Includes Tea Light Candle; Wood/Mixed Material; 4""W x 5""H x 3""D",,6,$5.25 ,12,$4.75 ,,,6,Hannas400,Hannas160,https://www.hannashandiworks.com/media/catalog/product/cache/bbf624d4e302b71a44cbbfb433873131/1/5/15188.JPG,15188.JPG,,,Hannas800,15188.JPG
ANGEL JOY PEACE BACKLIGHT TABLETOP 2 ASST,15187,,"Includes Tea Light Candle; Wood/Mixed Material; 4""W x 5""H x 3""D",In stock,,,,"Includes Tea Light Candle; Wood/Mixed Material; 4""W x 5""H x 3""D",,6,$5.25 ,12,$4.75 ,,,6,Hannas400,Hannas160,https://www.hannashandiworks.com/media/catalog/product/cache/bbf624d4e302b71a44cbbfb433873131/1/5/15187.JPG,15187.JPG,,,Hannas800,15187.JPG
ANGEL METALLIC GOLD STANDER,15267,,"2' Tall! Metal; 15""W x 24""H x 6.25""D",In stock,$17.90 ,,,"2' Tall! Metal; 15""W x 24""H x 6.25""D",,4,$23.00 ,,,,,4,Hannas400,Hannas160,https://www.hannashandiworks.com/media/catalog/product/cache/bbf624d4e302b71a44cbbfb433873131/1/5/15267.JPG,15267.JPG,,,Hannas800,15267.JPG
ANGEL SILVER TRUMPET 2 ASST,15456,,"Resin; 6.5-7""W x 12""H x 3""D",In stock,,,,"Resin; 6.5-7""W x 12""H x 3""D",,8,$10.50 ,16,$10.00 ,24,$9.50 ,8,Hannas400,Hannas160,https://www.hannashandiworks.com/media/catalog/product/cache/bbf624d4e302b71a44cbbfb433873131/1/5/15456.JPG,15456.JPG,,,Hannas800,15456.JPG
ANGEL SILVER WING 3 ASST,15459,,"Resin; 6.5""W x 11""H x 2.75""D",In stock,$10.75 ,,,"Resin; 6.5""W x 11""H x 2.75""D",,6,$15.50 ,,,,,6,Hannas400,Hannas160,https://www.hannashandiworks.com/media/catalog/product/cache/bbf624d4e302b71a44cbbfb433873131/1/5/15459.JPG,15459.JPG,,,Hannas800,15459.JPG
ANIMATED CHRISTMAS PUPPY SONG AND EAR WAGGING STOCKING,15042,,"Dog sings Jingle Bells and Bobs Head to Music; Requires 3 AA batteries, not included. Fabric and Mixed Material; 12.5""W x 22.5""H x 5""D",In stock,,,,"Dog sings Jingle Bells and Bobs Head to Music; Requires 3 AA batteries, not included. Fabric and Mixed Material; 12.5""W x 22.5""H x 5""D",,4,$17.90 ,,,,,4,Hannas400,Hannas160,https://www.hannashandiworks.com/media/catalog/product/cache/bbf624d4e302b71a44cbbfb433873131/1/5/15042.JPG,15042.JPG,,,Hannas800,15042.JPG
ANIMATED INSTRUMENTAL JINGLE BELLS DANCING SANTA TABLETOP,15035,,"Dances and Twerks to instrumental Jingle Bells. Requires 3 AA batteries, not included. Fabric; 8.5""W x 14""H x 8""D",In stock,,,,"Dances and Twerks to instrumental Jingle Bells. Requires 3 AA batteries, not included. Fabric; 8.5""W x 14""H x 8""D",,6,$14.90 ,,,,,6,Hannas400,Hannas160,https://www.hannashandiworks.com/media/catalog/product/cache/bbf624d4e302b71a44cbbfb433873131/1/5/15035.JPG,15035.JPG,,,Hannas800,15035.JPG
ARCTIC SNOWMAN DANGLE LEG 2 ASST,15115,,"Fabric; 8""W x 31.5""H x 5.57""D",In stock,,,,"Fabric; 8""W x 31.5""H x 5.57""D",,8,$12.75 ,16,$12.25 ,24,$11.75 ,8,Hannas400,Hannas160,https://www.hannashandiworks.com/media/catalog/product/cache/bbf624d4e302b71a44cbbfb433873131/1/5/15115.JPG,15115.JPG,,,Hannas800,15115.JPG
ARCTIC SNOWMAN TABLETOP 2 ASST,15114,,"Fabric/Mixed Material; 13""W x 19""H x 6.5""D",In stock,,,,"Fabric/Mixed Material; 13""W x 19""H x 6.5""D",,8,$14.80 ,16,$14.20 ,24,$13.60 ,8,Hannas400,Hannas160,https://www.hannashandiworks.com/media/catalog/product/cache/bbf624d4e302b71a44cbbfb433873131/1/5/15114.JPG,15114.JPG,,,Hannas800,15114.JPG
BACKCOUNTRY SANTA SNOWMAN BEAD LEG 2 ASST,15546,,"Fabric/Mixed Materials; 7""W x 17.5-22.5""H x 4.5""D",In stock,,,,"Fabric/Mixed Materials; 7""W x 17.5-22.5""H x 4.5""D",,6,$8.50 ,12,$8.00 ,24,$7.50 ,6,Hannas400,Hannas160,https://www.hannashandiworks.com/media/catalog/product/cache/bbf624d4e302b71a44cbbfb433873131/1/5/15546.JPG,15546.JPG,,,Hannas800,15546.JPG
BACKCOUNTRY SANTA SNOWMAN DANGLE LEG 2 ASST,15543,,"Fabric/Mixed; 10""W x 29-35""H x 5.5""D",In stock,,,,"Fabric/Mixed; 10""W x 29-35""H x 5.5""D",,6,$14.00 ,12,$13.50 ,24,$13.00 ,6,Hannas400,Hannas160,https://www.hannashandiworks.com/media/catalog/product/cache/bbf624d4e302b71a44cbbfb433873131/1/5/15543.JPG,15543.JPG,,,Hannas800,15543.JPG
BACKCOUNTRY SANTA SNOWMAN DOOR HANGER 2 ASST,15549,,"Fabric/Mixed Materials; 7.5-10.5""W x 17""H x 4""D",In stock,,,,"Fabric/Mixed Materials; 7.5-10.5""W x 17""H x 4""D",,6,$6.25 ,12,$5.75 ,,,6,Hannas400,Hannas160,https://www.hannashandiworks.com/media/catalog/product/cache/bbf624d4e302b71a44cbbfb433873131/1/5/15549.JPG,15549.JPG,,,Hannas800,15549.JPG
BACKCOUNTRY SANTA SNOWMAN HEAD ORNAMENT 2 ASST,15550,,"Fabric/Mixed Materials; 5-5.5""W x 11-15""H x 2.75""D",In stock,,,,"Fabric/Mixed Materials; 5-5.5""W x 11-15""H x 2.75""D",,12,$3.05 ,24,$2.80 ,,,12,Hannas400,Hannas160,https://www.hannashandiworks.com/media/catalog/product/cache/bbf624d4e302b71a44cbbfb433873131/1/5/15550.JPG,15550.JPG,,,Hannas800,15550.JPG
BACKCOUNTRY SANTA SNOWMAN ORNAMENT TRAY 2 ASST,15551,,"Fabric/Mixed Materials; 3.75""W x 8-8.75""H x 2""D",In stock,,,,"Fabric/Mixed Materials; 3.75""W x 8-8.75""H x 2""D",,12,$3.05 ,48,$2.80 ,,,12,Hannas400,Hannas160,https://www.hannashandiworks.com/media/catalog/product/cache/bbf624d4e302b71a44cbbfb433873131/1/5/15551.JPG,15551.JPG,,,Hannas800,15551.JPG
BACKCOUNTRY SANTA SNOWMAN SLEDDER 2 ASST,15545,,"Fabric/Wood/Mixed Material; 7""W x 14-17.25""H x 9.5""D",In stock,,,,"Fabric/Wood/Mixed Material; 7""W x 14-17.25""H x 9.5""D",,6,$10.50 ,12,$10.00 ,24,$9.50 ,6,Hannas400,Hannas160,https://www.hannashandiworks.com/media/catalog/product/cache/bbf624d4e302b71a44cbbfb433873131/1/5/15545.JPG,15545.JPG,,,Hannas800,15545.JPG
BACKCOUNTRY SANTA SNOWMAN STANDER 2 ASST,15542,,"Fabric/Mixed Materials; 9""W x 19.5-23""H x 5.5""D",In stock,,,,"Fabric/Mixed Materials; 9""W x 19.5-23""H x 5.5""D",,6,$12.00 ,12,$11.50 ,24,$11.00 ,6,Hannas400,Hannas160,https://www.hannashandiworks.com/media/catalog/product/cache/bbf624d4e302b71a44cbbfb433873131/1/5/15542.JPG,15542.JPG,,,Hannas800,15542.JPG
BACKCOUNTRY SANTA SNOWMAN STOCKING 2 ASST,15548,,"Fabric/Mixed Materials; 11.25""W x 23""H x 2.75""D",In stock,,,,"Fabric/Mixed Materials; 11.25""W x 23""H x 2.75""D",,6,$8.25 ,12,$7.75 ,,,6,Hannas400,Hannas160,https://www.hannashandiworks.com/media/catalog/product/cache/bbf624d4e302b71a44cbbfb433873131/1/5/15548.JPG,15548.JPG,,,Hannas800,15548.JPG
BACKCOUNTRY SANTA SNOWMAN TABLETOP 2 ASST,15544,,"Fabric/Mixed Materials; 8.25""W x 14.5-21.5""H x 4.5""D",In stock,,,,"Fabric/Mixed Materials; 8.25""W x 14.5-21.5""H x 4.5""D",,6,$10.50 ,12,$10.00 ,24,$9.50 ,6,Hannas400,Hannas160,https://www.hannashandiworks.com/media/catalog/product/cache/bbf624d4e302b71a44cbbfb433873131/1/5/15544.JPG,15544.JPG,,,Hannas800,15544.JPG
BACKCOUNTRY SANTA SNOWMAN TALL STANDER 2 ASST,15541,,"Over 2' Tall! Fabric/Mixed Material; 11""W x 31-37.5""H x 7.25""D",In stock,$19.50 ,,,"Over 2' Tall! Fabric/Mixed Material; 11""W x 31-37.5""H x 7.25""D",,6,$24.00 ,,,,,6,Hannas400,Hannas160,https://www.hannashandiworks.com/media/catalog/product/cache/bbf624d4e302b71a44cbbfb433873131/1/5/15541.JPG,15541.JPG,,,Hannas800,15541.JPG
BACKWOODS SANTA STANDER 2 ASST MEDIUM,15056,,"Fabric/Mixed Material; 8.75""W x 25""H x 6""D",In stock,,,,"Fabric/Mixed Material; 8.75""W x 25""H x 6""D",,6,$15.25 ,12,$14.25 ,24,$13.50 ,6,Hannas400,Hannas160,https://www.hannashandiworks.com/media/catalog/product/cache/bbf624d4e302b71a44cbbfb433873131/1/5/15056.JPG,15056.JPG,,,Hannas800,15056.JPG
BEARY CHRISTMAS DANGLE LEG 2 ASST,15590,,"Fabric/Mixed Materials; 9.25""W x 28-32.5""H x 8""D",In stock,,,,"Fabric/Mixed Materials; 9.25""W x 28-32.5""H x 8""D",,6,$14.75 ,12,$14.00 ,24,$13.25 ,6,Hannas400,Hannas160,https://www.hannashandiworks.com/media/catalog/product/cache/bbf624d4e302b71a44cbbfb433873131/1/5/15590.JPG,15590.JPG,,,Hannas800,15590.JPG
BEARY CHRISTMAS MAGNET WITH DISPLAY 4 ASST,15162,,"Wood; Display: 9.75""W x 7.25""H x 8""D; Bear Magnets: 2.25""W x 3.25""H x .25""D",In stock,,,,"Wood; Display: 9.75""W x 7.25""H x 8""D; Bear Magnets: 2.25""W x 3.25""H x .25""D",,72,$1.95 ,144,$1.75 ,,,72,Hannas400,Hannas160,https://www.hannashandiworks.com/media/catalog/product/cache/bbf624d4e302b71a44cbbfb433873131/1/5/15162.JPG,15162.JPG,,,Hannas800,15162.JPG
BEARY CHRISTMAS ORNAMENT WITH DISPLAY 4 ASST,15161,,"Wood/Wire; Display: 9.75""W x 15.75""H x 7.75""D; Bear Ornaments: 2.5""W x 5.5""H x .25""D",In stock,,,,"Wood/Wire; Display: 9.75""W x 15.75""H x 7.75""D; Bear Ornaments: 2.5""W x 5.5""H x .25""D",,72,$1.75 ,144,$1.65 ,288,$1.45 ,72,Hannas400,Hannas160,https://www.hannashandiworks.com/media/catalog/product/cache/bbf624d4e302b71a44cbbfb433873131/1/5/15161.JPG,15161.JPG,,,Hannas800,15161.JPG
BEARY CHRISTMAS SLEDDER 2 ASST,15589,,"Fabric/Wood/Mixed Materials; 8""W x 17.5-22""H x 14""D",In stock,,,,"Fabric/Wood/Mixed Materials; 8""W x 17.5-22""H x 14""D",,4,$18.90 ,,,,,4,Hannas400,Hannas160,https://www.hannashandiworks.com/media/catalog/product/cache/bbf624d4e302b71a44cbbfb433873131/1/5/15589.JPG,15589.JPG,,,Hannas800,15589.JPG
BEARY CHRISTMAS STANDER 2 ASST,15588,,"Fabric/Mixed Materials; 9.75""W x 23.5-30""H x 6.5""D",In stock,$14.50 ,,,"Fabric/Mixed Materials; 9.75""W x 23.5-30""H x 6.5""D",,6,$19.25 ,,,,,6,Hannas400,Hannas160,https://www.hannashandiworks.com/media/catalog/product/cache/bbf624d4e302b71a44cbbfb433873131/1/5/15588.JPG,15588.JPG,,,Hannas800,15588.JPG
BEARY CHRISTMAS STANDER WITH LIGHTS,15120,,"Lights Up! Requires 3 AAA batteries, not included; Composite Resin; 8.75""W x 18.75""H x 7""D",In stock,,,,"Lights Up! Requires 3 AAA batteries, not included; Composite Resin; 8.75""W x 18.75""H x 7""D",,4,$24.50 ,8,$23.50 ,16,$22.50 ,4,Hannas400,Hannas160,https://www.hannashandiworks.com/media/catalog/product/cache/bbf624d4e302b71a44cbbfb433873131/1/5/15120.JPG,15120.JPG,,,Hannas800,15120.JPG
BELIEVE AND MERRY LARGE WOODEN ORNAMENT HANGER 2 ASST,14282,,"Wood/Metal/Rope; 11½""W x 17""H x ½""D",In stock,,,,"Wood/Metal/Rope; 11½""W x 17""H x ½""D",,6,$5.90 ,12,$5.50 ,24,$5.10 ,6,Hannas400,Hannas160,https://www.hannashandiworks.com/media/catalog/product/cache/bbf624d4e302b71a44cbbfb433873131/1/4/14282.JPG,14282.JPG,,,Hannas800,14282.JPG
BELIEVE SANTAS SLEIGH PHOTO FRAME,15608,,"Wood/Metal; 9.25""W x 7""H x 2.5""D",In stock,,,,"Wood/Metal; 9.25""W x 7""H x 2.5""D",,4,$6.25 ,8,$5.75 ,,,4,Hannas400,Hannas160,https://www.hannashandiworks.com/media/catalog/product/cache/bbf624d4e302b71a44cbbfb433873131/1/5/15608.JPG,15608.JPG,,,Hannas800,15608.JPG
BELLS COCOA TABLETOP SIGN 2 ASST,15607,,"Wood/Mixed Materials; 7""W x 5.25""H x 1""D",In stock,,,,"Wood/Mixed Materials; 7""W x 5.25""H x 1""D",,6,$3.90 ,12,$3.50 ,,,6,Hannas400,Hannas160,https://www.hannashandiworks.com/media/catalog/product/cache/bbf624d4e302b71a44cbbfb433873131/1/5/15607.JPG,15607.JPG,,,Hannas800,15607.JPG
BESSIE AND BUBBA COW PICK WITH DISPLAY BASE 4 ASST,15150,,"Wood/Wire; Base: 9.75""W x 2.5""H x 4""D; Picks: 2.25-2.75""W x 11""H x .25""D",In stock,,,,"Wood/Wire; Base: 9.75""W x 2.5""H x 4""D; Picks: 2.25-2.75""W x 11""H x .25""D",,24,$2.15 ,48,$2.00 ,288,$1.85 ,24,Hannas400,Hannas160,https://www.hannashandiworks.com/media/catalog/product/cache/bbf624d4e302b71a44cbbfb433873131/1/5/15150.JPG,15150.JPG,,,Hannas800,15150.JPG
BESSIE AND BUBBA COW SITTER 2 ASST,15424,,"Fabric; 9""W x 19""H x 5.5""D",In stock,,,,"Fabric; 9""W x 19""H x 5.5""D",,6,$10.25 ,12,$9.75 ,24,$9.25 ,6,Hannas400,Hannas160,https://www.hannashandiworks.com/media/catalog/product/cache/bbf624d4e302b71a44cbbfb433873131/1/5/15424.JPG,15424.JPG,,,Hannas800,15424.JPG
BESSIE AND BUBBA COW WELCOME HANGER 2 ASST,15149,,"Wood; 10.5""W x 13""H x .5""D",In stock,,,,"Wood; 10.5""W x 13""H x .5""D",,6,$8.60 ,12,$8.10 ,24,$7.60 ,6,Hannas400,Hannas160,https://www.hannashandiworks.com/media/catalog/product/cache/bbf624d4e302b71a44cbbfb433873131/1/5/15149.JPG,15149.JPG,,,Hannas800,15149.JPG
BESSIE AND BUBBA TABLETOP ORNAMENTAL COW WITH DISPLAY 4 ASST,15151,,"Wood; Display: 10.75""W x 1.25""H x 7""D; Tabletop Cow: 2.5""W x 3.25""H x 1""D",In stock,,,,"Wood; Display: 10.75""W x 1.25""H x 7""D; Tabletop Cow: 2.5""W x 3.25""H x 1""D",,24,$2.50 ,,,,,24,Hannas400,Hannas160,https://www.hannashandiworks.com/media/catalog/product/cache/bbf624d4e302b71a44cbbfb433873131/1/5/15151.JPG,15151.JPG,,,Hannas800,15151.JPG
BESSIE AND WOOLIAM SCARVED WELCOME EASEL 2 ASST,15148,,"Wood; 13-13.5""W x 11.75-12.25""H x 3.5""D",In stock,$10.90 ,,,"Wood; 13-13.5""W x 11.75-12.25""H x 3.5""D",,6,$15.50 ,,,,,6,Hannas400,Hannas160,https://www.hannashandiworks.com/media/catalog/product/cache/bbf624d4e302b71a44cbbfb433873131/1/5/15148.JPG,15148.JPG,,,Hannas800,15148.JPG
BIRCH SANTA SNOWMAN ORNAMENT 4 ASST,15503,,"Resin; 2-2.5""H x 3.75""H x 1.5""D",In stock,,,,"Resin; 2-2.5""H x 3.75""H x 1.5""D",,8,$3.25 ,16,$3.00 ,24,$2.75 ,8,Hannas400,Hannas160,https://www.hannashandiworks.com/media/catalog/product/cache/bbf624d4e302b71a44cbbfb433873131/1/5/15503.JPG,15503.JPG,,,Hannas800,15503.JPG
BIRCH SANTA TABLETOP 2 ASST SMALL,15502,,"Resin; 2""W x 3.75""H x 1.5""D",In stock,,,,"Resin; 2""W x 3.75""H x 1.5""D",,6,$3.00 ,12,$2.75 ,,,6,Hannas400,Hannas160,https://www.hannashandiworks.com/media/catalog/product/cache/bbf624d4e302b71a44cbbfb433873131/1/5/15502.JPG,15502.JPG,,,Hannas800,15502.JPG
FARMERS MARKET ROUND SIGN,66148,,"Wood; 14""W x 14""H x 1""D",In stock,,,,"Wood; 14""W x 14""H x 1""D",,6,$7.50 ,12,$7.00 ,,,6,Hannas400,Hannas160,https://www.hannashandiworks.com/media/catalog/product/cache/bbf624d4e302b71a44cbbfb433873131/6/6/66148.JPG,66148.JPG,,,Hannas800,66148.JPG
HIGHLAND COW SUNFLOWER BIRDBATH,66202,,"Resin; 9""W x 10¼""H x 9½""D",In stock,$18.75 ,,,"Resin; 9""W x 10¼""H x 9½""D",,4,$23.00 ,,,,,4,Hannas400,Hannas160,https://www.hannashandiworks.com/media/catalog/product/cache/bbf624d4e302b71a44cbbfb433873131/6/6/66202.JPG,66202.JPG,,,Hannas800,66202.JPG
MOO COW SITTER,66308,,"Fabric; 10""W x 11.25""H x 12.5""D",In stock,,,,"Fabric; 10""W x 11.25""H x 12.5""D",,6,$9.75 ,12,$9.25 ,24,$8.75 ,6,Hannas400,Hannas160,https://www.hannashandiworks.com/media/catalog/product/cache/bbf624d4e302b71a44cbbfb433873131/6/6/66308.JPG,66308.JPG,,,Hannas800,66308.JPG
KANSAS BASKETBALL PILLOW DECOR,820025,,Fabric; 12”Dia *Product is pre-release and will be brought into stock based on customer interest,In stock,,,,Fabric; 12”Dia *Product is pre-release and will be brought into stock based on customer interest,,6,$19.90 ,,,,,6,Hannas400,Hannas160,https://www.hannashandiworks.com/media/catalog/product/cache/bbf624d4e302b71a44cbbfb433873131/8/2/820025.jpg,820025.jpg,,,Hannas800,820025.jpg
OHIO STATE CHILLY SNOWMAN STANDER,80634,,"Fabric; 15.5""H x 10.75""W x 5.75""D.",,,,,"Fabric; 15.5""H x 10.75""W x 5.75""D.",,NA,$13.50 ,12,$12.75 ,,,NA,Hannas400,Hannas160,https://www.hannashandiworks.com/media/catalog/product/cache/bbf624d4e302b71a44cbbfb433873131/8/0/80634-cob.jpg,80634-cob.jpg,,,Hannas800,80634-cob.jpg
TEXAS FOOTBALL PILLOW DECOR,830024,,Fabric; 18½”W x 8¾”D *Product is pre-release and will be brought into stock based on customer interest,In stock,,,,Fabric; 18½”W x 8¾”D *Product is pre-release and will be brought into stock based on customer interest,,6,$19.90 ,,,,,6,Hannas400,Hannas160,https://www.hannashandiworks.com/media/catalog/product/cache/bbf624d4e302b71a44cbbfb433873131/8/3/830024.jpg,830024.jpg,,,Hannas800,830024.jpg
PATCHWORK STONEWARE GARDEN FROG,66011,,"Manufactured Stone; 5.25""W x 6.75""H x 5""D",In stock,,,,"Manufactured Stone; 5.25""W x 6.75""H x 5""D",,4,$8.75 ,8,$8.25 ,16,$7.75 ,4,Hannas400,Hannas160,https://www.hannashandiworks.com/media/catalog/product/cache/bbf624d4e302b71a44cbbfb433873131/6/6/66011_1.jpg,66011_1.jpg,,,Hannas800,66011_1.jpg
ALABAMA RETRO SIGN,808021,,Metal; 9”W x 6¾”H x ”D Includes 4 Mounting Holes,In stock,,,,Metal; 9”W x 6¾”H x ”D Includes 4 Mounting Holes,,12,$4.25 ,24,$4.00 ,,,12,Hannas400,Hannas160,https://www.hannashandiworks.com/media/catalog/product/cache/bbf624d4e302b71a44cbbfb433873131/8/0/808021.jpg,808021.jpg,,,Hannas800,808021.jpg
WELCOME HIGHLAND COW TRIO TABLETOP,66201,,"Resin; 7.75""W x 5""H x 4""D",In stock,,,,"Resin; 7.75""W x 5""H x 4""D",,4,$10.50 ,8,$10.00 ,,,4,Hannas400,Hannas160,https://www.hannashandiworks.com/media/catalog/product/cache/bbf624d4e302b71a44cbbfb433873131/6/6/66201.JPG,66201.JPG,,,Hannas800,66201.JPG
BIRCH SNOWMAN FAMILY,15497,,"Resin; 7.75""W x 8""H x 4.5""D",In stock,$14.25 ,,,"Resin; 7.75""W x 8""H x 4.5""D",,4,$18.50 ,,,,,4,Hannas400,Hannas160,https://www.hannashandiworks.com/media/catalog/product/cache/bbf624d4e302b71a44cbbfb433873131/1/5/15497.JPG,15497.JPG,,,Hannas800,15497.JPG
BLESS THIS HOME STEEPLE WALL ART,60796,,Wood; 18¼”W x 31½”H x 1¼”D,In stock,$16.90 ,,,Wood; 18¼”W x 31½”H x 1¼”D,,3,$20.90 ,,,,,3,Hannas400,Hannas160,https://www.hannashandiworks.com/media/catalog/product/cache/bbf624d4e302b71a44cbbfb433873131/6/0/60796_1.JPG,60796_1.JPG,,,Hannas800,60796_1.JPG
BOUNCING MIMIC SANTA,14157,,"Sound and Animation! Santa Bounces and Mimics What You Say Up to 5 Seconds of Recording; 6.25""W x 11""H x 4.25""D; Requires 3 AAA batteries; not included",In stock,$6.90 ,,,"Sound and Animation! Santa Bounces and Mimics What You Say Up to 5 Seconds of Recording; 6.25""W x 11""H x 4.25""D; Requires 3 AAA batteries; not included",,6,$9.90 ,,,,,6,Hannas400,Hannas160,https://www.hannashandiworks.com/media/catalog/product/cache/bbf624d4e302b71a44cbbfb433873131/1/4/14157-cob.jpg,14157-cob.jpg,,,Hannas800,14157-cob.jpg
BOW TIE SNOWMAN STANDER,15360,,"2' Tall! Wood; 19""W x 24""H x 4.75""D",In stock,$29.50 ,,,"2' Tall! Wood; 19""W x 24""H x 4.75""D",,2,$37.50 ,,,,,2,Hannas400,Hannas160,https://www.hannashandiworks.com/media/catalog/product/cache/bbf624d4e302b71a44cbbfb433873131/1/5/15360.JPG,15360.JPG,,,Hannas800,15360.JPG
CANDIED CHRISTMAS LIGHT UP TOWNHOME,15474,,"Lights Up! Requires 2 AA batteries, not included. Resin; 9.25""W x 17.5""H x 3.75""D",In stock,$27.00 ,,,"Lights Up! Requires 2 AA batteries, not included. Resin; 9.25""W x 17.5""H x 3.75""D",,2,$33.00 ,,,,,2,Hannas400,Hannas160,https://www.hannashandiworks.com/media/catalog/product/cache/bbf624d4e302b71a44cbbfb433873131/1/5/15474.JPG,15474.JPG,,,Hannas800,15474.JPG
CARDINAL WELCOME SIGN TABLETOP,15129,,"Composite Resin; 11""W x 18.5""H x 4.75""D",In stock,$19.25 ,,,"Composite Resin; 11""W x 18.5""H x 4.75""D",,4,$24.00 ,,,,,4,Hannas400,Hannas160,https://www.hannashandiworks.com/media/catalog/product/cache/bbf624d4e302b71a44cbbfb433873131/1/5/15129.JPG,15129.JPG,,,Hannas800,15129.JPG
CERAMIC CHRISTMAS PRESENTS COOKIE JAR,14060,,Glazed Ceramic; 6½”W x 9”H x 6½”D,In stock,$9.90 ,,,Glazed Ceramic; 6½”W x 9”H x 6½”D,,2,$18.50 ,,,,,2,Hannas400,Hannas160,https://www.hannashandiworks.com/media/catalog/product/cache/bbf624d4e302b71a44cbbfb433873131/1/4/14060-cob.jpg,14060-cob.jpg,,,Hannas800,14060-cob.jpg
CHRISTMAS CANDLE TABLETOP 2 ASST,15135,,"Wood/Mixed Material; 10.75""W x 15.25""H x 2.5""D",In stock,$9.50 ,,,"Wood/Mixed Material; 10.75""W x 15.25""H x 2.5""D",,6,$12.75 ,,,,,6,Hannas400,Hannas160,https://www.hannashandiworks.com/media/catalog/product/cache/bbf624d4e302b71a44cbbfb433873131/1/5/15135.JPG,15135.JPG,,,Hannas800,15135.JPG
CHRISTMAS CARDINALS STUMP TABLETOP,15244,,"Resin and Mixed Materials; 6.25""W x 8.25""H x 3.25""D",In stock,$9.25 ,,,"Resin and Mixed Materials; 6.25""W x 8.25""H x 3.25""D",,4,$13.00 ,,,,,4,Hannas400,Hannas160,https://www.hannashandiworks.com/media/catalog/product/cache/bbf624d4e302b71a44cbbfb433873131/1/5/15244.JPG,15244.JPG,,,Hannas800,15244.JPG
CHRISTMAS COW LOUNGER,15425,,"Wired hat for easy posing! Fabric; 16.5""W x 17.25""H x 6.25""D",In stock,$11.75 ,,,"Wired hat for easy posing! Fabric; 16.5""W x 17.25""H x 6.25""D",,6,$15.50 ,,,,,6,Hannas400,Hannas160,https://www.hannashandiworks.com/media/catalog/product/cache/bbf624d4e302b71a44cbbfb433873131/1/5/15425.JPG,15425.JPG,,,Hannas800,15425.JPG
CHRISTMAS GIFT BOX GARLAND,15616,,"Over 4' Wide! Metal/Rope; Gift Box: 3.5""W x 4.5""H x 3.5""D; Overall: 54.5""W x 3.5""D",In stock,$15.90 ,,,"Over 4' Wide! Metal/Rope; Gift Box: 3.5""W x 4.5""H x 3.5""D; Overall: 54.5""W x 3.5""D",,6,$21.50 ,,,,,6,Hannas400,Hannas160,https://www.hannashandiworks.com/media/catalog/product/cache/bbf624d4e302b71a44cbbfb433873131/1/5/15616.JPG,15616.JPG,,,Hannas800,15616.JPG
CHRISTMAS GIFT BOX TEALIGHT 3 ASST,15240,,"Lights Up! Requires 3 LR44 batteries, not included. Metal; 6""W x 6""H x 8"" H",In stock,$10.50 ,,,"Lights Up! Requires 3 LR44 batteries, not included. Metal; 6""W x 6""H x 8"" H",,6,$14.50 ,,,,,6,Hannas400,Hannas160,https://www.hannashandiworks.com/media/catalog/product/cache/bbf624d4e302b71a44cbbfb433873131/1/5/15240.JPG,15240.JPG,,,Hannas800,15240.JPG
CHRISTMAS PACKAGE WITH LIGHTS SET OF 2,14264,,"Lights Up! Wood; Tall Package 7""W x 22.75""H x 5""D and Square Package 11""W x 11?H x 5""D; Requires 2 AA batteries, not included; Timer includes on/off/flash settings",In stock,,,,"Lights Up! Wood; Tall Package 7""W x 22.75""H x 5""D and Square Package 11""W x 11?H x 5""D; Requires 2 AA batteries, not included; Timer includes on/off/flash settings",,2,$39.50 ,,,,,2,Hannas400,Hannas160,https://www.hannashandiworks.com/media/catalog/product/cache/bbf624d4e302b71a44cbbfb433873131/1/4/14264.JPG,14264.JPG,,,Hannas800,14264.JPG
CHRISTMAS SAYINGS CARDINAL TABLETOP 24 PIECE SET,15198,,"Free Display! Wood Display/Acrylic Plaque; Plaques: 7.75""W x 1.5""H x 0.25""D; Display: 7""W x 13""H x 9.75""D",In stock,$47.50 ,,,"Free Display! Wood Display/Acrylic Plaque; Plaques: 7.75""W x 1.5""H x 0.25""D; Display: 7""W x 13""H x 9.75""D",,1,$60.00 ,,,,,1,Hannas400,Hannas160,https://www.hannashandiworks.com/media/catalog/product/cache/bbf624d4e302b71a44cbbfb433873131/1/5/15198.JPG,15198.JPG,,,Hannas800,15198.JPG
CHRISTMAS SAYINGS SANTA SNOWMAN TABLETOP 24 PIECE SET,15199,,"Free Display! Wood Display/Wood Plaque; Plaques: 7.75""W x 1.5""H x .25""D; Display: 7""W x 13""H x 9.75""D",In stock,$21.50 ,,,"Free Display! Wood Display/Wood Plaque; Plaques: 7.75""W x 1.5""H x .25""D; Display: 7""W x 13""H x 9.75""D",,1,$27.50 ,,,,,1,Hannas400,Hannas160,https://www.hannashandiworks.com/media/catalog/product/cache/bbf624d4e302b71a44cbbfb433873131/1/5/15199.JPG,15199.JPG,,,Hannas800,15199.JPG
CHRISTMAS TRAIN METALLIC GOLD,15265,,"Over 3' Long Metal; 39""W x 12.25""H x 5.75""D",In stock,$39.50 ,,,"Over 3' Long Metal; 39""W x 12.25""H x 5.75""D",,2,$52.50 ,,,,,2,Hannas400,Hannas160,https://www.hannashandiworks.com/media/catalog/product/cache/bbf624d4e302b71a44cbbfb433873131/1/5/15265.JPG,15265.JPG,,,Hannas800,15265.JPG
CHRISTMAS TRAIN RED AND GOLD TRIM,15264,,"3' Long! Metal; 36""W x 10.5""H x 7.25""D",In stock,$46.50 ,,,"3' Long! Metal; 36""W x 10.5""H x 7.25""D",,2,$59.50 ,,,,,2,Hannas400,Hannas160,https://www.hannashandiworks.com/media/catalog/product/cache/bbf624d4e302b71a44cbbfb433873131/1/5/15264.JPG,15264.JPG,,,Hannas800,15264.JPG
COCOA CREAM SNOWMAN STRETCH LEG 2 ASST,15388,,"Stretch Legs! Over 3' Tall! Fabric & Mixed Materials; 11.25""W x 26-44""H x 6.25""D",In stock,$16.90 ,,,"Stretch Legs! Over 3' Tall! Fabric & Mixed Materials; 11.25""W x 26-44""H x 6.25""D",,6,$26.00 ,,,,,6,Hannas400,Hannas160,https://www.hannashandiworks.com/media/catalog/product/cache/bbf624d4e302b71a44cbbfb433873131/1/5/15388.JPG,15388.JPG,,,Hannas800,15388.JPG
COCOA MOOSE STRETCH LEG 2 ASST,15401,,"Stretches to Over 3' Tall! Fabric & Mixed Materials; 17""W x 30.5-38""H x 8""D",In stock,$24.74 ,,,"Stretches to Over 3' Tall! Fabric & Mixed Materials; 17""W x 30.5-38""H x 8""D",,6,$31.00 ,,,,,6,Hannas400,Hannas160,https://www.hannashandiworks.com/media/catalog/product/cache/bbf624d4e302b71a44cbbfb433873131/1/5/15401.JPG,15401.JPG,,,Hannas800,15401.JPG
COCOA REINDEER STANDER,15400,,"Over 2' Tall! Fabric & Mixed Materials; 16""W x 25.5""H x 7.5""D",In stock,$15.90 ,,,"Over 2' Tall! Fabric & Mixed Materials; 16""W x 25.5""H x 7.5""D",,6,$21.00 ,,,,,6,Hannas400,Hannas160,https://www.hannashandiworks.com/media/catalog/product/cache/bbf624d4e302b71a44cbbfb433873131/1/5/15400.JPG,15400.JPG,,,Hannas800,15400.JPG
CONFECTIONER MR AND MRS CLAUS TABLETOP 2 ASST,15531,,"Fabric/Mixed Material; 9.5""W x 16.75-17.25""H x 5.5-7""D",In stock,$12.25 ,,,"Fabric/Mixed Material; 9.5""W x 16.75-17.25""H x 5.5-7""D",,6,$15.50 ,,,,,6,Hannas400,Hannas160,https://www.hannashandiworks.com/media/catalog/product/cache/bbf624d4e302b71a44cbbfb433873131/1/5/15531.JPG,15531.JPG,,,Hannas800,15531.JPG
COZY SNOWFLAKE TREE SKIRT 2 ASST,13063,,Over 4' Wide! Fabric; 48½”Dia x 1”D,In stock,$11.25 ,,,Over 4' Wide! Fabric; 48½”Dia x 1”D,,6,$22.50 ,,,,,6,Hannas400,Hannas160,https://www.hannashandiworks.com/media/catalog/product/cache/bbf624d4e302b71a44cbbfb433873131/1/3/13063.JPG,13063.JPG,,,Hannas800,13063.JPG
CRANBERRY SNOWMAN FAMILY,15399,,"Fabric & Mixed Materials; 8.25""W x 13""H x 5""D",In stock,$10.50 ,,,"Fabric & Mixed Materials; 8.25""W x 13""H x 5""D",,6,$13.50 ,,,,,6,Hannas400,Hannas160,https://www.hannashandiworks.com/media/catalog/product/cache/bbf624d4e302b71a44cbbfb433873131/1/5/15399.JPG,15399.JPG,,,Hannas800,15399.JPG
CRANBERRY SNOWMAN STRETCH LEG 2 ASST,15391,,"Stretch Legs! Over 3' Tall! Fabric & Mixed Materials; 11.5""W x 25-45""H x 7""D",In stock,$19.90 ,,,"Stretch Legs! Over 3' Tall! Fabric & Mixed Materials; 11.5""W x 25-45""H x 7""D",,6,$26.00 ,,,,,6,Hannas400,Hannas160,https://www.hannashandiworks.com/media/catalog/product/cache/bbf624d4e302b71a44cbbfb433873131/1/5/15391.JPG,15391.JPG,,,Hannas800,15391.JPG
DECORATED CHRISTMAS TREE TABLETOP 2 PIECE SET,15471,,"Resin; Large: 4.25""Diameter x 12.25""H; Small: 3.25""Diameter x 9""H",In stock,$17.75 ,,,"Resin; Large: 4.25""Diameter x 12.25""H; Small: 3.25""Diameter x 9""H",,4,$23.50 ,,,,,4,Hannas400,Hannas160,https://www.hannashandiworks.com/media/catalog/product/cache/bbf624d4e302b71a44cbbfb433873131/1/5/15471.JPG,15471.JPG,,,Hannas800,15471.JPG
DIMENSIONAL CHRISTMAS ORNAMENT TABLETOP 2 ASST,14165,,"Breaks Down for Easy Shipping, Assembly and Storage! Wood; 12¼""Dia x 16""H",In stock,$13.50 ,,,"Breaks Down for Easy Shipping, Assembly and Storage! Wood; 12¼""Dia x 16""H",,4,$18.25 ,,,,,4,Hannas400,Hannas160,https://www.hannashandiworks.com/media/catalog/product/cache/bbf624d4e302b71a44cbbfb433873131/1/4/14165_COB.JPG,14165_COB.JPG,,,Hannas800,14165_COB.JPG
EARMUFFS PLUMP SNOWMAN PILLOW BUDDY 2 ASST,15569,,"Over 2' Tall! Fabric; 18""W x 24.75""H x 6""D",In stock,$21.25 ,,,"Over 2' Tall! Fabric; 18""W x 24.75""H x 6""D",,6,$26.50 ,,,,,6,Hannas400,Hannas160,https://www.hannashandiworks.com/media/catalog/product/cache/bbf624d4e302b71a44cbbfb433873131/1/5/15569.JPG,15569.JPG,,,Hannas800,15569.JPG
EDDIE AND EVA ELF STRETCH LEG 2 ASST,15429,,Stretches to Over 3’ Tall! Fabric and Mixed Materials; 10.5”W x 28-38”H x 6.25”D,In stock,$19.25 ,,,Stretches to Over 3’ Tall! Fabric and Mixed Materials; 10.5”W x 28-38”H x 6.25”D,,6,$25.00 ,,,,,6,Hannas400,Hannas160,https://www.hannashandiworks.com/media/catalog/product/cache/bbf624d4e302b71a44cbbfb433873131/1/5/15429_New.JPG,15429_New.JPG,,,Hannas800,15429_New.JPG
EMERALD RUBY ELF STANDER 2 ASST,15584,,"Over 2' Tall! Fabric/Mixed Materials; 9.5""W x 30""H x 6.25""D",In stock,$14.50 ,,,"Over 2' Tall! Fabric/Mixed Materials; 9.5""W x 30""H x 6.25""D",,6,$19.25 ,,,,,6,Hannas400,Hannas160,https://www.hannashandiworks.com/media/catalog/product/cache/bbf624d4e302b71a44cbbfb433873131/1/5/15584.JPG,15584.JPG,,,Hannas800,15584.JPG
EVERGREEN MOOSE STRETCH LEG STANDER,15412,,"Stretch Legs! Over 2' Tall! Fabric; 13.25""W x 24.5-32""H x 8""H",In stock,$18.25 ,,,"Stretch Legs! Over 2' Tall! Fabric; 13.25""W x 24.5-32""H x 8""H",,6,$24.50 ,,,,,6,Hannas400,Hannas160,https://www.hannashandiworks.com/media/catalog/product/cache/bbf624d4e302b71a44cbbfb433873131/1/5/15412.JPG,15412.JPG,,,Hannas800,15412.JPG
EVERGREEN SANTA SNOWMAN PILLOW 2 ASST,15422,,"Fabric; 14""W x 14""H x 6""D",In stock,$9.90 ,,,"Fabric; 14""W x 14""H x 6""D",,6,$13.50 ,,,,,6,Hannas400,Hannas160,https://www.hannashandiworks.com/media/catalog/product/cache/bbf624d4e302b71a44cbbfb433873131/1/5/15422.JPG,15422.JPG,,,Hannas800,15422.JPG
HIGHLAND COW TRACTOR OPERATOR,66230,,"Resin; 6""W x 7""H x 4.25""D",In stock,$9.00 ,,,"Resin; 6""W x 7""H x 4.25""D",,4,$11.00 ,,,,,4,Hannas400,Hannas160,https://www.hannashandiworks.com/media/catalog/product/cache/bbf624d4e302b71a44cbbfb433873131/6/6/66230.JPG,66230.JPG,,,Hannas800,66230.JPG
HIGHLAND COW FESTIVE STACKER,15521,,"Resin; 6.25""W x 13""H x 5.25""D",In stock,$17.75 ,,,"Resin; 6.25""W x 13""H x 5.25""D",,4,$22.75 ,,,,,4,Hannas400,Hannas160,https://www.hannashandiworks.com/media/catalog/product/cache/bbf624d4e302b71a44cbbfb433873131/1/5/15521.JPG,15521.JPG,,,Hannas800,15521.JPG
HINTERLAND POLAR BEAR SITTER 2 ASST,15559,,"Fabric; 12.75""W x 18-26""H x 10.25""D",In stock,,,,"Fabric; 12.75""W x 18-26""H x 10.25""D",,6,$17.90 ,12,$17.40 ,24,$16.90 ,6,Hannas400,Hannas160,https://www.hannashandiworks.com/media/catalog/product/cache/bbf624d4e302b71a44cbbfb433873131/1/5/15559.JPG,15559.JPG,,,Hannas800,15559.JPG
JOY BEARY CHRISTMAS STACKER,15245,,"Resin; 4.25""W x 11.25""H x 4.5""D",In stock,,,,"Resin; 4.25""W x 11.25""H x 4.5""D",,6,$13.75 ,12,$13.25 ,24,$12.75 ,6,Hannas400,Hannas160,https://www.hannashandiworks.com/media/catalog/product/cache/bbf624d4e302b71a44cbbfb433873131/1/5/15245.JPG,15245.JPG,,,Hannas800,15245.JPG
HIGHLAND COW LARGE LIGHT UP SITTER,15523,,"Lights Up! Requires 3 AA batteries, not included. Resin; 14.5""W x 21""H x 11.75""D",In stock,$57.50 ,,,"Lights Up! Requires 3 AA batteries, not included. Resin; 14.5""W x 21""H x 11.75""D",,1,$71.00 ,,,,,1,Hannas400,Hannas160,https://www.hannashandiworks.com/media/catalog/product/cache/bbf624d4e302b71a44cbbfb433873131/1/5/15523.JPG,15523.JPG,,,Hannas800,15523.JPG
RED GRAY TARTAN PLUMP SNOWMAN STANDER 2 ASST LARGE,15573,,"Over 3' Tall! Fabric/Mixed Materials; 22""W x 39-46""H x 13.5""D",In stock,,,,"Over 3' Tall! Fabric/Mixed Materials; 22""W x 39-46""H x 13.5""D",,2,$63.50 ,,,,,2,Hannas400,Hannas160,https://www.hannashandiworks.com/media/catalog/product/cache/bbf624d4e302b71a44cbbfb433873131/1/5/15573.JPG,15573.JPG,,,Hannas800,15573.JPG
GIANT GOLD ROUND BELL 2 ASST,14326,,"Over 2' Tall! Twists Apart for Easy Shipping! Metal/Rope Hanger; 16½""Dia x 31""H",In stock,$21.50 ,,,"Over 2' Tall! Twists Apart for Easy Shipping! Metal/Rope Hanger; 16½""Dia x 31""H",,4,$39.50 ,,,,,4,Hannas400,Hannas160,https://www.hannashandiworks.com/media/catalog/product/cache/bbf624d4e302b71a44cbbfb433873131/1/4/14326.JPG,14326.JPG,,,Hannas800,14326.JPG
HANGING LARGE ACCENTED WHITE JINGLE BELL 2 ASST,15276,,"Metal/Rope; 10""Dia x 22""H",In stock,$15.90 ,,,"Metal/Rope; 10""Dia x 22""H",,4,$20.50 ,,,,,4,Hannas400,Hannas160,https://www.hannashandiworks.com/media/catalog/product/cache/bbf624d4e302b71a44cbbfb433873131/1/5/15276.JPG,15276.JPG,,,Hannas800,15276.JPG
HANGING LARGE METALLIC RED AND GREEN CHURCH BELL 2 ASST,15279,,"Metal and Rope; 8.5""Dia x 16""H",In stock,,,,"Metal and Rope; 8.5""Dia x 16""H",,6,$9.25 ,12,$8.75 ,,,6,Hannas400,Hannas160,https://www.hannashandiworks.com/media/catalog/product/cache/bbf624d4e302b71a44cbbfb433873131/1/5/15279.JPG,15279.JPG,,,Hannas800,15279.JPG
HANGING LARGE METALLIC RED AND GREEN JINGLE BELL 2 ASST,15278,,"Metal/Rope; 10""Dia x 19.5""H",In stock,$16.90 ,,,"Metal/Rope; 10""Dia x 19.5""H",,4,$21.50 ,,,,,4,Hannas400,Hannas160,https://www.hannashandiworks.com/media/catalog/product/cache/bbf624d4e302b71a44cbbfb433873131/1/5/15278.JPG,15278.JPG,,,Hannas800,15278.JPG
HANGING RED AND WHITE BELL GARLAND,15270,,"Over 3' Wide! Metal and Rope; Bells: 5.75""Dia x 7.25""H; Overall Garland: 43"" Wide",In stock,$17.25 ,,,"Over 3' Wide! Metal and Rope; Bells: 5.75""Dia x 7.25""H; Overall Garland: 43"" Wide",,4,$24.50 ,,,,,4,Hannas400,Hannas160,https://www.hannashandiworks.com/media/catalog/product/cache/bbf624d4e302b71a44cbbfb433873131/1/5/15270.JPG,15270.JPG,,,Hannas800,15270.JPG
HANGING RED AND WHITE REINDEER STAR JINGLE BELL 2 ASST,15271,,"Metal and Rope; 9.25""Dia x 17""H",In stock,,,,"Metal and Rope; 9.25""Dia x 17""H",,6,$10.50 ,12,$10.00 ,24,$9.50 ,6,Hannas400,Hannas160,https://www.hannashandiworks.com/media/catalog/product/cache/bbf624d4e302b71a44cbbfb433873131/1/5/15271.JPG,15271.JPG,,,Hannas800,15271.JPG
HANGING RED WHITE GREEN CHURCH BELL GARLAND,15272,,"Over 4' Wide! Metal/Rope; Bells: 5""Dia x 6.75""H; Overall Garland: 49"" Wide",In stock,$17.25 ,,,"Over 4' Wide! Metal/Rope; Bells: 5""Dia x 6.75""H; Overall Garland: 49"" Wide",,4,$24.00 ,,,,,4,Hannas400,Hannas160,https://www.hannashandiworks.com/media/catalog/product/cache/bbf624d4e302b71a44cbbfb433873131/1/5/15272.JPG,15272.JPG,,,Hannas800,15272.JPG
METALLIC NATIVITY SCENE CHURCH BELL HANGER 3 ASST,15617,,"Metal/Rope; 7.25""Dia x 17.5""H",In stock,,,,"Metal/Rope; 7.25""Dia x 17.5""H",,6,$10.25 ,12,$9.75 ,24,$9.25 ,6,Hannas400,Hannas160,https://www.hannashandiworks.com/media/catalog/product/cache/bbf624d4e302b71a44cbbfb433873131/1/5/15617.JPG,15617.JPG,,,Hannas800,15617.JPG
METALLIC SNOWFLAKE LARGE BELL HANGER,15624,,"Metal/Rope; 7.75""Dia x 16""H",In stock,,,,"Metal/Rope; 7.75""Dia x 16""H",,6,$14.90 ,12,$14.30 ,24,$13.70 ,6,Hannas400,Hannas160,https://www.hannashandiworks.com/media/catalog/product/cache/bbf624d4e302b71a44cbbfb433873131/1/5/15624.JPG,15624.JPG,,,Hannas800,15624.JPG
NORTH STAR GIFT BOW WITH BELLS 2 ASST,15618,,"Over 2' Wide! Metal; 26.5""W x 25""H x 6""D",In stock,$19.35 ,,,"Over 2' Wide! Metal; 26.5""W x 25""H x 6""D",,6,$29.50 ,,,,,6,Hannas400,Hannas160,https://www.hannashandiworks.com/media/catalog/product/cache/bbf624d4e302b71a44cbbfb433873131/1/5/15618.JPG,15618.JPG,,,Hannas800,15618.JPG
ROUND SANTA SNOWMAN BELL ORNAMENT 4 ASST SMALL,14029,,"Free Display! Metal/Twine Hanger; Display: 14""W x 16½""H x 12½""D; Orns: 2""Dia x 4""H",In stock,,,,"Free Display! Metal/Twine Hanger; Display: 14""W x 16½""H x 12½""D; Orns: 2""Dia x 4""H",,60,$1.90 ,120,$1.65 ,,,60,Hannas400,Hannas160,https://www.hannashandiworks.com/media/catalog/product/cache/bbf624d4e302b71a44cbbfb433873131/1/4/14029.JPG,14029.JPG,,,Hannas800,14029.JPG
SNOWFLAKE HANGING BELL WITH LIGHT 2 ASST,15226,,"Faux Candle Lights Up with Flickering Effect; Requires 2 AA batteries, not included; Metal/Mixed Material; 6""Dia x 14""H",In stock,,,,"Faux Candle Lights Up with Flickering Effect; Requires 2 AA batteries, not included; Metal/Mixed Material; 6""Dia x 14""H",,6,$8.50 ,12,$8.00 ,24,$7.50 ,6,Hannas400,Hannas160,https://www.hannashandiworks.com/media/catalog/product/cache/bbf624d4e302b71a44cbbfb433873131/1/5/15226.JPG,15226.JPG,,,Hannas800,15226.JPG
TRADITIONAL BELL BANNER,12010,,4' Wide! Metal/Rope; Banner: 48”W; Bells: 8”H x 4½”Dia,In stock,,,,4' Wide! Metal/Rope; Banner: 48”W; Bells: 8”H x 4½”Dia,,4,$18.50 ,8,$17.90 ,,,4,Hannas400,Hannas160,https://www.hannashandiworks.com/media/catalog/product/cache/bbf624d4e302b71a44cbbfb433873131/1/2/12010.JPG,12010.JPG,,,Hannas800,12010.JPG
TRADITIONAL BELL GARLAND,14321,,"Over 3' Wide! Metal/Rope Hanger; Overall Length: 39½""W; Bells: 4¼""Dia x 6¾""H",In stock,$13.50 ,,,"Over 3' Wide! Metal/Rope Hanger; Overall Length: 39½""W; Bells: 4¼""Dia x 6¾""H",,4,$17.50 ,,,,,4,Hannas400,Hannas160,https://www.hannashandiworks.com/media/catalog/product/cache/bbf624d4e302b71a44cbbfb433873131/1/4/14321.JPG,14321.JPG,,,Hannas800,14321.JPG
TRADITIONAL BELL ORNAMENT WITH DISPLAY 4 ASST,12043,,Free Display! Wood/Metal/Fabric; Orn: 5¾”H x 3¼”Dia; Display: 10½”W x 20¼”H x 10”D,In stock,$1.90 ,,,Free Display! Wood/Metal/Fabric; Orn: 5¾”H x 3¼”Dia; Display: 10½”W x 20¼”H x 10”D,,36,$2.90 ,,,,,36,Hannas400,Hannas160,https://www.hannashandiworks.com/media/catalog/product/cache/bbf624d4e302b71a44cbbfb433873131/1/2/12043-cob.jpg,12043-cob.jpg,,,Hannas800,12043-cob.jpg
TRADITIONAL RED BELL,14323,,"Metal/Rope Hanger; 7""Dia x 17¾""H",In stock,,,,"Metal/Rope Hanger; 7""Dia x 17¾""H",,4,$5.25 ,8,$4.75 ,,,4,Hannas400,Hannas160,https://www.hannashandiworks.com/media/catalog/product/cache/bbf624d4e302b71a44cbbfb433873131/1/4/14323.JPG,14323.JPG,,,Hannas800,14323.JPG
TRADITIONAL WHITE BELL,14322,,"Metal/Rope Hanger; 8¾""Dia x 20½""H",In stock,,,,"Metal/Rope Hanger; 8¾""Dia x 20½""H",,4,$6.75 ,12,$6.25 ,,,4,Hannas400,Hannas160,https://www.hannashandiworks.com/media/catalog/product/cache/bbf624d4e302b71a44cbbfb433873131/1/4/14322.JPG,14322.JPG,,,Hannas800,14322.JPG
TRIPLE STACKED BELL WOODEN STANDER,14148,,"Over 2' Tall! Wood; 13¼""W x 33¼""H x 4½""D",In stock,,,,"Over 2' Tall! Wood; 13¼""W x 33¼""H x 4½""D",,2,$32.50 ,4,$30.50 ,8,$27.50 ,2,Hannas400,Hannas160,https://www.hannashandiworks.com/media/catalog/product/cache/bbf624d4e302b71a44cbbfb433873131/1/4/14148.JPG,14148.JPG,,,Hannas800,14148.JPG
VINTAGE METALLIC BELLS HANGER 2 ASST,15619,,"Metal/Rope; 9.75""W x 18""H x 7.25""D",In stock,,,,"Metal/Rope; 9.75""W x 18""H x 7.25""D",,6,$10.90 ,12,$10.40 ,24,$9.90 ,6,Hannas400,Hannas160,https://www.hannashandiworks.com/media/catalog/product/cache/bbf624d4e302b71a44cbbfb433873131/1/5/15619.JPG,15619.JPG,,,Hannas800,15619.JPG
VINTAGE METALLIC CHRISTMAS BELLS STACKER,15620,,"Over 2' Tall! Metal; 9.25""Dia x 33.5""H",In stock,$29.50 ,,,"Over 2' Tall! Metal; 9.25""Dia x 33.5""H",,2,$34.50 ,,,,,2,Hannas400,Hannas160,https://www.hannashandiworks.com/media/catalog/product/cache/bbf624d4e302b71a44cbbfb433873131/1/5/15620.JPG,15620.JPG,,,Hannas800,15620.JPG
VINTAGE METALLIC LARGE JINGLE BELL 2 ASST,15621,,"Metal and Rope; 10""Dia x 10""H",In stock,,,,"Metal and Rope; 10""Dia x 10""H",,6,$15.90 ,12,$14.90 ,24,$13.90 ,6,Hannas400,Hannas160,https://www.hannashandiworks.com/media/catalog/product/cache/bbf624d4e302b71a44cbbfb433873131/1/5/15621.JPG,15621.JPG,,,Hannas800,15621.JPG
VINTAGE METALLIC NATIVITY SCENE CHURCH BELL 2 ASST,15622,,"Metal/Rope; 7.5""Dia x 15.5""H",In stock,,,,"Metal/Rope; 7.5""Dia x 15.5""H",,6,$8.00 ,12,$7.50 ,,,6,Hannas400,Hannas160,https://www.hannashandiworks.com/media/catalog/product/cache/bbf624d4e302b71a44cbbfb433873131/1/5/15622.JPG,15622.JPG,,,Hannas800,15622.JPG
CARDINAL COUNTDOWN TABLETOP 2 ASST,15201,,"Wood; 4.75""W x 5.75""H x 2.25""D",In stock,,,,"Wood; 4.75""W x 5.75""H x 2.25""D",,6,$4.25 ,12,$4.00 ,,,6,Hannas400,Hannas160,https://www.hannashandiworks.com/media/catalog/product/cache/bbf624d4e302b71a44cbbfb433873131/1/5/15201.JPG,15201.JPG,,,Hannas800,15201.JPG
CLASSIC CARDINAL ORNAMENT 6 ASST,13110,,"Free Display! Wood/Wire; Orns: 4½-5½""W x 4¾""H x ¼""D; Display: 13½""W x 23½""H x 3¾""D",In stock,,,,"Free Display! Wood/Wire; Orns: 4½-5½""W x 4¾""H x ¼""D; Display: 13½""W x 23½""H x 3¾""D",,48,$2.50 ,96,$2.25 ,,,48,Hannas400,Hannas160,https://www.hannashandiworks.com/media/catalog/product/cache/bbf624d4e302b71a44cbbfb433873131/1/3/13110.JPG,13110.JPG,,,Hannas800,13110.JPG
FROSTY BIRDS ON LOG TABLETOP,15123,,"Resin; 9""W x 6""H x 3.75""D",In stock,,,,"Resin; 9""W x 6""H x 3.75""D",,4,$9.00 ,8,$8.50 ,16,$8.00 ,4,Hannas400,Hannas160,https://www.hannashandiworks.com/media/catalog/product/cache/bbf624d4e302b71a44cbbfb433873131/1/5/15123.JPG,15123.JPG,,,Hannas800,15123.JPG
FROSTY BIRDS ON STUMP TABLETOP,15124,,"Resin; 10.25""W x 10.5""H x 4.25""D",In stock,,,,"Resin; 10.25""W x 10.5""H x 4.25""D",,2,$12.50 ,4,$12.00 ,8,$11.00 ,2,Hannas400,Hannas160,https://www.hannashandiworks.com/media/catalog/product/cache/bbf624d4e302b71a44cbbfb433873131/1/5/15124.JPG,15124.JPG,,,Hannas800,15124.JPG
HOLLY CARDINAL MERRY CHRISTMAS WALL SIGN,15287,,"Metal/Wood; 12.5""W x 15""H x .75""D; 1 Sawtooth Hanger",In stock,$10.50 ,,,"Metal/Wood; 12.5""W x 15""H x .75""D; 1 Sawtooth Hanger",,3,$13.50 ,,,,,3,Hannas400,Hannas160,https://www.hannashandiworks.com/media/catalog/product/cache/bbf624d4e302b71a44cbbfb433873131/1/5/15287.JPG,15287.JPG,,,Hannas800,15287.JPG
PEPPERMINT PLAID BIRD TABLETOP 2 ASST,15027,,"Fabric/Mixed Materials; 4.5""W x 9.75""H x 6.75""D",In stock,,,,"Fabric/Mixed Materials; 4.5""W x 9.75""H x 6.75""D",,6,$6.40 ,12,$6.00 ,,,6,Hannas400,Hannas160,https://www.hannashandiworks.com/media/catalog/product/cache/bbf624d4e302b71a44cbbfb433873131/1/5/15027.JPG,15027.JPG,,,Hannas800,15027.JPG
POLISHED CARDINAL ORNAMENT 6 ASST,13121,,"Free Display! Wood/Wire; Orns: 4¼-5¼""W x 4½""H x ¼""D; Display: 13½""W x 23¼""H x 3½""D",In stock,,,,"Free Display! Wood/Wire; Orns: 4¼-5¼""W x 4½""H x ¼""D; Display: 13½""W x 23¼""H x 3½""D",,48,$2.50 ,96,$2.25 ,,,48,Hannas400,Hannas160,https://www.hannashandiworks.com/media/catalog/product/cache/bbf624d4e302b71a44cbbfb433873131/1/3/13121.JPG,13121.JPG,,,Hannas800,13121.JPG
TOP HAT CARDINAL SNOWMAN LARGE 2 ASST,14001,,"Resin; 7""W x 11.75""H x 5.25""D",In stock,$11.50 ,,,"Resin; 7""W x 11.75""H x 5.25""D",,4,$19.00 ,,,,,4,Hannas400,Hannas160,https://www.hannashandiworks.com/media/catalog/product/cache/bbf624d4e302b71a44cbbfb433873131/1/4/14001-cob.jpg,14001-cob.jpg,,,Hannas800,14001-cob.jpg
WELCOME CARDINAL HOUSE ORNAMENT WITH DISPLAY 4 ASST,15156,,"Wood/Wire; Display: 11.5""W x 14.25""H x 8.25""D; Ornaments: 3""W x 5.75""H x .25""D",In stock,,,,"Wood/Wire; Display: 11.5""W x 14.25""H x 8.25""D; Ornaments: 3""W x 5.75""H x .25""D",,72,$2.20 ,144,$2.00 ,,,72,Hannas400,Hannas160,https://www.hannashandiworks.com/media/catalog/product/cache/bbf624d4e302b71a44cbbfb433873131/1/5/15156.JPG,15156.JPG,,,Hannas800,15156.JPG
WELCOME CARDINAL MAGNET WITH DISPLAY 4 ASST,15155,,"Wood; Display: 9""W x 6.5""H x 6""D; Cardinal Magnets: 2-2.25""W x 1.75-2""H x .25""D",In stock,,,,"Wood; Display: 9""W x 6.5""H x 6""D; Cardinal Magnets: 2-2.25""W x 1.75-2""H x .25""D",,96,$1.40 ,,,,,96,Hannas400,Hannas160,https://www.hannashandiworks.com/media/catalog/product/cache/bbf624d4e302b71a44cbbfb433873131/1/5/15155.JPG,15155.JPG,,,Hannas800,15155.JPG
WELCOME CARDINAL ORNAMENT WITH DISPLAY 4 ASST,15153,,"Wood/Wire; Display: 8.5""W x 14.5""H x 8""D; Cardinal Orn: 3""W x 4""H x .25""D",In stock,,,,"Wood/Wire; Display: 8.5""W x 14.5""H x 8""D; Cardinal Orn: 3""W x 4""H x .25""D",,72,$1.95 ,144,$1.75 ,,,72,Hannas400,Hannas160,https://www.hannashandiworks.com/media/catalog/product/cache/bbf624d4e302b71a44cbbfb433873131/1/5/15153.JPG,15153.JPG,,,Hannas800,15153.JPG
WELCOME CARDINAL PICK WITH DISPLAY 4 ASST,15154,,"Wood/Wire; Base: 9.75""W x 2.5""H x 4""D; Picks: 3.25""W x 11.75""H x .25""D",In stock,,,,"Wood/Wire; Base: 9.75""W x 2.5""H x 4""D; Picks: 3.25""W x 11.75""H x .25""D",,24,$2.50 ,48,$2.30 ,288,$2.10 ,24,Hannas400,Hannas160,https://www.hannashandiworks.com/media/catalog/product/cache/bbf624d4e302b71a44cbbfb433873131/1/5/15154.JPG,15154.JPG,,,Hannas800,15154.JPG
WINTER CAP CARDINAL LIGHT UP TABLETOP 2 ASST,15501,,"Lights Up! Requires 2 LR44 batteries, not included. Resin; 4.25""W x 6.5""H x 7""D",In stock,,,,"Lights Up! Requires 2 LR44 batteries, not included. Resin; 4.25""W x 6.5""H x 7""D",,4,$10.75 ,12,$10.25 ,24,$9.75 ,4,Hannas400,Hannas160,https://www.hannashandiworks.com/media/catalog/product/cache/bbf624d4e302b71a44cbbfb433873131/1/5/15501.JPG,15501.JPG,,,Hannas800,15501.JPG
WINTER CAP CARDINAL TABLETOP 3 ASST,15488,,"Resin; 2.5""W x 2.25""H x 2""D",In stock,,,,"Resin; 2.5""W x 2.25""H x 2""D",,6,$3.75 ,24,$3.50 ,,,6,Hannas400,Hannas160,https://www.hannashandiworks.com/media/catalog/product/cache/bbf624d4e302b71a44cbbfb433873131/1/5/15488.JPG,15488.JPG,,,Hannas800,15488.JPG
WINTER SNOW CARDINAL TABLETOP WITH LIGHTS 2 ASST,15192,,"Lights Up! Requires 2 AAA batteries; not included. Wood; 4.75""W x 6""H x 1""D",In stock,,,,"Lights Up! Requires 2 AAA batteries; not included. Wood; 4.75""W x 6""H x 1""D",,6,$4.50 ,12,$4.00 ,,,6,Hannas400,Hannas160,https://www.hannashandiworks.com/media/catalog/product/cache/bbf624d4e302b71a44cbbfb433873131/1/5/15192.JPG,15192.JPG,,,Hannas800,15192.JPG
WINTERTIME CARDINAL TABLETOP 2 ASST MEDIUM,15490,,"Resin; 5.5""W x 4.5""H x 5""D",In stock,,,,"Resin; 5.5""W x 4.5""H x 5""D",,6,$6.25 ,12,$5.75 ,,,6,Hannas400,Hannas160,https://www.hannashandiworks.com/media/catalog/product/cache/bbf624d4e302b71a44cbbfb433873131/1/5/15490.JPG,15490.JPG,,,Hannas800,15490.JPG
WINTERTIME CARDINAL TABLETOP 3 ASST SMALL,15489,,"Resin; 3.75""W x 3""H x 3.25""D",In stock,,,,"Resin; 3.75""W x 3""H x 3.25""D",,6,$4.35 ,12,$3.85 ,48,$3.35 ,6,Hannas400,Hannas160,https://www.hannashandiworks.com/media/catalog/product/cache/bbf624d4e302b71a44cbbfb433873131/1/5/15489.JPG,15489.JPG,,,Hannas800,15489.JPG
WINTERTIME HOME BIRD TABLETOP 3 ASST SMALL,14461,,"Resin; 2¾-3¾""W x 2½""H x 3¼-4¼""D",In stock,,,,"Resin; 2¾-3¾""W x 2½""H x 3¼-4¼""D",,6,$2.25 ,12,$2.00 ,,,6,Hannas400,Hannas160,https://www.hannashandiworks.com/media/catalog/product/cache/bbf624d4e302b71a44cbbfb433873131/1/4/14461.JPG,14461.JPG,,,Hannas800,14461.JPG
BIRCH SNOWMAN DANGLE LEG 2 ASST,15495,,"Resin; 3.25""W x 7.75""H x 2.5""D",In stock,,,,"Resin; 3.25""W x 7.75""H x 2.5""D",,6,$4.25 ,12,$4.00 ,24,$3.75 ,6,Hannas400,Hannas160,https://www.hannashandiworks.com/media/catalog/product/cache/bbf624d4e302b71a44cbbfb433873131/1/5/15495.JPG,15495.JPG,,,Hannas800,15495.JPG
CANDIED GINGERBREAD DANGLE LEG 2 ASST,15480,,"Resin; 2.25""W x 6.75""H x 1.75""D",In stock,,,,"Resin; 2.25""W x 6.75""H x 1.75""D",,6,$5.35 ,12,$5.10 ,24,$4.85 ,6,Hannas400,Hannas160,https://www.hannashandiworks.com/media/catalog/product/cache/bbf624d4e302b71a44cbbfb433873131/1/5/15480.JPG,15480.JPG,,,Hannas800,15480.JPG
CHRISTMAS KIDS DANGLE LEG 2 ASST,15098,,"Fabric/Mixed Materials; 5.75""W x 18.75""H x 4""D",In stock,,,,"Fabric/Mixed Materials; 5.75""W x 18.75""H x 4""D",,6,$12.25 ,12,$11.75 ,24,$11.25 ,6,Hannas400,Hannas160,https://www.hannashandiworks.com/media/catalog/product/cache/bbf624d4e302b71a44cbbfb433873131/1/5/15098.JPG,15098.JPG,,,Hannas800,15098.JPG
COCOA CREAM SNOWMAN BUTTON LEG 2 ASST,15381,,"Fabric & Mixed Materials; 6""W x 18-20.5""H x 3.5""D",In stock,,,,"Fabric & Mixed Materials; 6""W x 18-20.5""H x 3.5""D",,6,$7.50 ,12,$7.00 ,,,6,Hannas400,Hannas160,https://www.hannashandiworks.com/media/catalog/product/cache/bbf624d4e302b71a44cbbfb433873131/1/5/15381.JPG,15381.JPG,,,Hannas800,15381.JPG
COCOA MOOSE DANGLE LEG 2 ASST,15404,,"Fabric & Mixed Materials; 14.25""W x 28.5""H x 7.75""D",In stock,,,,"Fabric & Mixed Materials; 14.25""W x 28.5""H x 7.75""D",,6,$13.75 ,12,$13.00 ,24,$12.25 ,6,Hannas400,Hannas160,https://www.hannashandiworks.com/media/catalog/product/cache/bbf624d4e302b71a44cbbfb433873131/1/5/15404.JPG,15404.JPG,,,Hannas800,15404.JPG
EDDIE AND EVA ELF BUTTON LEG 2 ASST,15430,,"Fabric & Mixed Materials; 6.5""W x 25""H x 3.25""D",In stock,,,,"Fabric & Mixed Materials; 6.5""W x 25""H x 3.25""D",,6,$8.25 ,12,$7.75 ,24,$7.25 ,6,Hannas400,Hannas160,https://www.hannashandiworks.com/media/catalog/product/cache/bbf624d4e302b71a44cbbfb433873131/1/5/15430.JPG,15430.JPG,,,Hannas800,15430.JPG
EDDIE AND EVA ELF DANGLE LEG 2 ASST,15428,,"Fabric & Mixed Materials; 7.75""W x 29""H x 4""D",In stock,,,,"Fabric & Mixed Materials; 7.75""W x 29""H x 4""D",,6,$9.75 ,12,$9.25 ,24,$8.75 ,6,Hannas400,Hannas160,https://www.hannashandiworks.com/media/catalog/product/cache/bbf624d4e302b71a44cbbfb433873131/1/5/15428.JPG,15428.JPG,,,Hannas800,15428.JPG
EMERALD RUBY ELF GIFT DANGLE LEG 2 ASST,15585,,"Fabric/Mixed Material; 9.25""W x 29""H x 6""D",In stock,,,,"Fabric/Mixed Material; 9.25""W x 29""H x 6""D",,6,$10.50 ,12,$10.00 ,24,$9.50 ,6,Hannas400,Hannas160,https://www.hannashandiworks.com/media/catalog/product/cache/bbf624d4e302b71a44cbbfb433873131/1/5/15585.JPG,15585.JPG,,,Hannas800,15585.JPG
EVERGREEN MOOSE DANGLE LEG 2 ASST,15414,,"Fabric; 8""W x 26-31.5""H x 7""D",In stock,,,,"Fabric; 8""W x 26-31.5""H x 7""D",,6,$11.25 ,12,$10.75 ,24,$10.25 ,6,Hannas400,Hannas160,https://www.hannashandiworks.com/media/catalog/product/cache/bbf624d4e302b71a44cbbfb433873131/1/5/15414.JPG,15414.JPG,,,Hannas800,15414.JPG
EVERGREEN SANTA SNOWMAN BUTTON LEG 2 ASST,15421,,"Fabric & Mixed Materials; 6""W x 19.5""H x 4""D",In stock,,,,"Fabric & Mixed Materials; 6""W x 19.5""H x 4""D",,6,$7.50 ,12,$7.00 ,,,6,Hannas400,Hannas160,https://www.hannashandiworks.com/media/catalog/product/cache/bbf624d4e302b71a44cbbfb433873131/1/5/15421.JPG,15421.JPG,,,Hannas800,15421.JPG
FRONTIER SANTA SNOWMAN DANGLE LEG 2 ASST,15580,,"Fabric/Mixed Materials; 8.75""W x 27-35.5""H x 6.5""D",In stock,,,,"Fabric/Mixed Materials; 8.75""W x 27-35.5""H x 6.5""D",,6,$14.50 ,12,$13.75 ,24,$13.00 ,6,Hannas400,Hannas160,https://www.hannashandiworks.com/media/catalog/product/cache/bbf624d4e302b71a44cbbfb433873131/1/5/15580.JPG,15580.JPG,,,Hannas800,15580.JPG
HINTERLAND MOOSE DANGLE LEG 2 ASST,15554,,"Fabric; 12""W x 27-33""H x 7.5""D",In stock,,,,"Fabric; 12""W x 27-33""H x 7.5""D",,6,$13.90 ,12,$13.40 ,24,$12.90 ,6,Hannas400,Hannas160,https://www.hannashandiworks.com/media/catalog/product/cache/bbf624d4e302b71a44cbbfb433873131/1/5/15554.JPG,15554.JPG,,,Hannas800,15554.JPG
HINTERLAND PENGUIN BEAD LEG 2 ASST,15558,,"Fabric/Mixed Materials; 6.5""W x 18-22.5""H x 4.75""D",In stock,,,,"Fabric/Mixed Materials; 6.5""W x 18-22.5""H x 4.75""D",,6,$8.50 ,12,$8.00 ,,,6,Hannas400,Hannas160,https://www.hannashandiworks.com/media/catalog/product/cache/bbf624d4e302b71a44cbbfb433873131/1/5/15558.JPG,15558.JPG,,,Hannas800,15558.JPG
JOLLY PLAID MOOSE BUTTON LEG 2 ASST,15408,,"Fabric & Mixed Materials; 7.25""W x 19""H x 4.25""D",In stock,,,,"Fabric & Mixed Materials; 7.25""W x 19""H x 4.25""D",,6,$8.25 ,12,$7.75 ,24,$7.25 ,6,Hannas400,Hannas160,https://www.hannashandiworks.com/media/catalog/product/cache/bbf624d4e302b71a44cbbfb433873131/1/5/15408.JPG,15408.JPG,,,Hannas800,15408.JPG
MIDNIGHT SNOWMAN DANGLE LEG 2 ASST,15109,,"Fabric; 9""W x 26-34""H x 6""D",In stock,,,,"Fabric; 9""W x 26-34""H x 6""D",,8,$12.75 ,12,$12.25 ,24,$11.75 ,8,Hannas400,Hannas160,https://www.hannashandiworks.com/media/catalog/product/cache/bbf624d4e302b71a44cbbfb433873131/1/5/15109.JPG,15109.JPG,,,Hannas800,15109.JPG
PASTEL BAKERY DONUT DANGLE LEG 2 ASST,15012,,"Fabric; 10""W x 14.5""H x 4""D",In stock,,,,"Fabric; 10""W x 14.5""H x 4""D",,6,$9.20 ,12,$8.70 ,24,$8.20 ,6,Hannas400,Hannas160,https://www.hannashandiworks.com/media/catalog/product/cache/bbf624d4e302b71a44cbbfb433873131/1/5/15012.JPG,15012.JPG,,,Hannas800,15012.JPG
PASTEL BAKERY GINGERBREAD DANGLE LEG 2 ASST,15010,,"Fabric; 7""W x 20.25""H x 5.75""D",In stock,,,,"Fabric; 7""W x 20.25""H x 5.75""D",,6,$9.60 ,12,$9.10 ,24,$8.60 ,6,Hannas400,Hannas160,https://www.hannashandiworks.com/media/catalog/product/cache/bbf624d4e302b71a44cbbfb433873131/1/5/15010.JPG,15010.JPG,,,Hannas800,15010.JPG
PASTEL BAKERY PASTRY DANGLE LEG 2 ASST,15015,,"Weighted bottoms helps dangle legs sit upright when properly seated. Fabric; 8.5""W x 14.5""H x 4.5""D",In stock,,,,"Weighted bottoms helps dangle legs sit upright when properly seated. Fabric; 8.5""W x 14.5""H x 4.5""D",,6,$9.25 ,12,$8.75 ,48,$8.25 ,6,Hannas400,Hannas160,https://www.hannashandiworks.com/media/catalog/product/cache/bbf624d4e302b71a44cbbfb433873131/1/5/15015.JPG,15015.JPG,,,Hannas800,15015.JPG
PASTEL BAKERY SANTA SNOWMAN DANGLE LEG 2 ASST,15016,,"Fabric; 8""W x 19.5-22.5""H x 5""D",In stock,,,,"Fabric; 8""W x 19.5-22.5""H x 5""D",,6,$10.80 ,12,$10.30 ,24,$9.80 ,6,Hannas400,Hannas160,https://www.hannashandiworks.com/media/catalog/product/cache/bbf624d4e302b71a44cbbfb433873131/1/5/15016.JPG,15016.JPG,,,Hannas800,15016.JPG
PEPPERMINT GINGERBREAD BUTTON LEG 2 ASST,15435,,"Fabric & Mixed Materials; 6.5""W x 17.5-21""H x 4.75""D",,,,,"Fabric & Mixed Materials; 6.5""W x 17.5-21""H x 4.75""D",,NA,$8.50 ,12,$8.00 ,,,NA,Hannas400,Hannas160,https://www.hannashandiworks.com/media/catalog/product/cache/bbf624d4e302b71a44cbbfb433873131/1/5/15435.JPG,15435.JPG,,,Hannas800,15435.JPG
PEPPERMINT PLAID REINDEER DANGLE LEG 2 ASST,15026,,"Fabric; 6""W x 20""H x 5""D",In stock,,,,"Fabric; 6""W x 20""H x 5""D",,6,$10.80 ,12,$10.30 ,24,$9.80 ,6,Hannas400,Hannas160,https://www.hannashandiworks.com/media/catalog/product/cache/bbf624d4e302b71a44cbbfb433873131/1/5/15026.JPG,15026.JPG,,,Hannas800,15026.JPG
PEPPERMINT PLAID SNOWMAN DANGLE LEG 2 ASST,15025,,"Fabric; 8.25""W x 20.5""H x 4.5""D",In stock,,,,"Fabric; 8.25""W x 20.5""H x 4.5""D",,6,$11.50 ,12,$11.00 ,24,$10.50 ,6,Hannas400,Hannas160,https://www.hannashandiworks.com/media/catalog/product/cache/bbf624d4e302b71a44cbbfb433873131/1/5/15025.JPG,15025.JPG,,,Hannas800,15025.JPG
VIBRANT SNOWMAN BUTTON LEG 2 ASST,15072,,"Fabric/Mixed Material; 7.5""W x 18-24""H x 5.25""D",In stock,,,,"Fabric/Mixed Material; 7.5""W x 18-24""H x 5.25""D",,6,$9.50 ,12,$9.00 ,24,$8.50 ,6,Hannas400,Hannas160,https://www.hannashandiworks.com/media/catalog/product/cache/bbf624d4e302b71a44cbbfb433873131/1/5/15072.JPG,15072.JPG,,,Hannas800,15072.JPG
WINTER BAKERY DONUT DANGLE LEG 2 ASST,15032,,"Fabric; 8""W x 14.25""H x 3.5""D",In stock,,,,"Fabric; 8""W x 14.25""H x 3.5""D",,6,$9.20 ,12,$8.70 ,24,$8.20 ,6,Hannas400,Hannas160,https://www.hannashandiworks.com/media/catalog/product/cache/bbf624d4e302b71a44cbbfb433873131/1/5/15032.JPG,15032.JPG,,,Hannas800,15032.JPG
WINTER BAKERY PASTRY DANGLE LEG 2 ASST,15033,,"Fabric; 8.25""W x 15""H x 3.75""D",In stock,,,,"Fabric; 8.25""W x 15""H x 3.75""D",,6,$9.25 ,12,$8.75 ,24,$8.25 ,6,Hannas400,Hannas160,https://www.hannashandiworks.com/media/catalog/product/cache/bbf624d4e302b71a44cbbfb433873131/1/5/15033.JPG,15033.JPG,,,Hannas800,15033.JPG
WINTER BAKERY SANTA SNOWMAN DANGLE LEG 2 ASST,15034,,"Fabric; 7.75""W x 19-22""H x 4.5""D",In stock,,,,"Fabric; 7.75""W x 19-22""H x 4.5""D",,6,$10.80 ,12,$10.30 ,24,$9.80 ,6,Hannas400,Hannas160,https://www.hannashandiworks.com/media/catalog/product/cache/bbf624d4e302b71a44cbbfb433873131/1/5/15034.JPG,15034.JPG,,,Hannas800,15034.JPG
WINTER FROST SNOWMAN BUTTON LEG 2 ASST,15061,,"Fabric/Mixed Material; 7""W x 21-24.5""H x 5.25""D",In stock,,,,"Fabric/Mixed Material; 7""W x 21-24.5""H x 5.25""D",,6,$9.50 ,12,$9.00 ,24,$8.50 ,6,Hannas400,Hannas160,https://www.hannashandiworks.com/media/catalog/product/cache/bbf624d4e302b71a44cbbfb433873131/1/5/15061.JPG,15061.JPG,,,Hannas800,15061.JPG
WINTERY MOOSE BUTTON LEG 2 ASST,15088,,"Fabric/Mixed Material; 7.25""W x 22""H x 5.25""D",In stock,,,,"Fabric/Mixed Material; 7.25""W x 22""H x 5.25""D",,6,$9.75 ,12,$9.25 ,24,$8.75 ,6,Hannas400,Hannas160,https://www.hannashandiworks.com/media/catalog/product/cache/bbf624d4e302b71a44cbbfb433873131/1/5/15088.JPG,15088.JPG,,,Hannas800,15088.JPG
WINTRY MOUSE DANGLE LEG 2 ASST,15104,,"Fabric; 6""W x 23.25""H x 4.25""D",In stock,,,,"Fabric; 6""W x 23.25""H x 4.25""D",,6,$8.25 ,,,,,6,Hannas400,Hannas160,https://www.hannashandiworks.com/media/catalog/product/cache/bbf624d4e302b71a44cbbfb433873131/1/5/15104.JPG,15104.JPG,,,Hannas800,15104.JPG
WINTRY SNOWMAN DANGLE LEG 2 ASST,15103,,"Fabric/Mixed Materials; 6.75""W x 24""H x 4.5""D",In stock,,,,"Fabric/Mixed Materials; 6.75""W x 24""H x 4.5""D",,6,$10.50 ,,,,,6,Hannas400,Hannas160,https://www.hannashandiworks.com/media/catalog/product/cache/bbf624d4e302b71a44cbbfb433873131/1/5/15103.JPG,15103.JPG,,,Hannas800,15103.JPG
WOODLAND PLAID SNOWMAN BUTTON LEG 2 ASST,15068,,"Fabric/Mixed Material; 6.5""W x 19-23""H x 4.75""D",In stock,,,,"Fabric/Mixed Material; 6.5""W x 19-23""H x 4.75""D",,6,$9.50 ,12,$9.00 ,24,$8.50 ,6,Hannas400,Hannas160,https://www.hannashandiworks.com/media/catalog/product/cache/bbf624d4e302b71a44cbbfb433873131/1/5/15068.JPG,15068.JPG,,,Hannas800,15068.JPG
CHRISTMAS RED TUB 2-PIECE SET,15233,,"Metal; Large: 13.5""W x 8""H x 6.5""D and Small: 11.75""W x 6.25""H x 5.5""D",In stock,,,,"Metal; Large: 13.5""W x 8""H x 6.5""D and Small: 11.75""W x 6.25""H x 5.5""D",,4,$21.50 ,8,$20.50 ,,,4,Hannas400,Hannas160,https://www.hannashandiworks.com/media/catalog/product/cache/bbf624d4e302b71a44cbbfb433873131/1/5/15233.JPG,15233.JPG,,,Hannas800,15233.JPG
CHRISTMAS TREE CONTAINER WITH LID 2 PIECE SET,13437,,Metal/Wood/Fabric; Lg: 14¼”Dia x 15½”H; Sm: 11¼”Dia x 12¼”H,In stock,,,,Metal/Wood/Fabric; Lg: 14¼”Dia x 15½”H; Sm: 11¼”Dia x 12¼”H,,2,$69.50 ,,,,,2,Hannas400,Hannas160,https://www.hannashandiworks.com/media/catalog/product/cache/bbf624d4e302b71a44cbbfb433873131/1/3/13437.JPG,13437.JPG,,,Hannas800,13437.JPG
CHRISTMAS TREE TIN BUCKETS 3 ASST,14257,,"Metal; 6¾""Dia x 5½""H; Handleless; Greenery Not Included",In stock,,,,"Metal; 6¾""Dia x 5½""H; Handleless; Greenery Not Included",,6,$4.90 ,12,$4.60 ,24,$4.30 ,6,Hannas400,Hannas160,https://www.hannashandiworks.com/media/catalog/product/cache/bbf624d4e302b71a44cbbfb433873131/1/4/14257.JPG,14257.JPG,,,Hannas800,14257.JPG
CUPCAKE SANTA COOKIE JAR,15336,,"Ceramic; 6.75""W x 10.5""H x 5.5""D",In stock,,,,"Ceramic; 6.75""W x 10.5""H x 5.5""D",,4,$12.75 ,,,,,4,Hannas400,Hannas160,https://www.hannashandiworks.com/media/catalog/product/cache/bbf624d4e302b71a44cbbfb433873131/1/5/15336.JPG,15336.JPG,,,Hannas800,15336.JPG
CUPCAKE SNOWMAN COOKIE JAR,15337,,"Ceramic; 6.25""W x 10.75""H x 5.5""D",In stock,,,,"Ceramic; 6.25""W x 10.75""H x 5.5""D",,4,$12.75 ,,,,,4,Hannas400,Hannas160,https://www.hannashandiworks.com/media/catalog/product/cache/bbf624d4e302b71a44cbbfb433873131/1/5/15337.JPG,15337.JPG,,,Hannas800,15337.JPG
FESTIVE PRINT SANTA COOKIE JAR,15332,,"Ceramic; 5.75""Dia x 9.75""H",In stock,$11.90 ,,,"Ceramic; 5.75""Dia x 9.75""H",,4,$15.50 ,,,,,4,Hannas400,Hannas160,https://www.hannashandiworks.com/media/catalog/product/cache/bbf624d4e302b71a44cbbfb433873131/1/5/15332.JPG,15332.JPG,,,Hannas800,15332.JPG
FESTIVE PRINT SNOWMAN COOKIE JAR,15331,,"Ceramic; 5.75""Dia x 9.75""H",In stock,$11.90 ,,,"Ceramic; 5.75""Dia x 9.75""H",,4,$15.50 ,,,,,4,Hannas400,Hannas160,https://www.hannashandiworks.com/media/catalog/product/cache/bbf624d4e302b71a44cbbfb433873131/1/5/15331.JPG,15331.JPG,,,Hannas800,15331.JPG
FROSTY SNOWMAN SALT AND PEPPER SET,15335,,"Ceramic; 2.5""W x 3.25""H x 2.25""D",In stock,,,,"Ceramic; 2.5""W x 3.25""H x 2.25""D",,4,$4.90 ,8,$4.60 ,16,$4.30 ,4,Hannas400,Hannas160,https://www.hannashandiworks.com/media/catalog/product/cache/bbf624d4e302b71a44cbbfb433873131/1/5/15335.JPG,15335.JPG,,,Hannas800,15335.JPG
GOLD SANTA BUCKLE STORAGE CRATE 2 PIECE SET,15312,,"Wood/Metal; Large: 12.5""W x 8""H x 10""D; Small: 10""W x 6.75""H x 8""D",In stock,,,,"Wood/Metal; Large: 12.5""W x 8""H x 10""D; Small: 10""W x 6.75""H x 8""D",,1,$31.50 ,,,,,1,Hannas400,Hannas160,https://www.hannashandiworks.com/media/catalog/product/cache/bbf624d4e302b71a44cbbfb433873131/1/5/15312.JPG,15312.JPG,,,Hannas800,15312.JPG
HIGHLAND COW COOKIE JAR,15348,,"Ceramic; 6.5""W x 10.5""H x 5.75""D",In stock,$12.90 ,,,"Ceramic; 6.5""W x 10.5""H x 5.75""D",,4,$17.75 ,,,,,4,Hannas400,Hannas160,https://www.hannashandiworks.com/media/catalog/product/cache/bbf624d4e302b71a44cbbfb433873131/1/5/15348.JPG,15348.JPG,,,Hannas800,15348.JPG
HOLLY CHRISTMAS SERVING TRAY 2 ASST,15290,,"Metal/Wood Handles; 15.75""W x 11.75""H x 1""D",In stock,,,,"Metal/Wood Handles; 15.75""W x 11.75""H x 1""D",,4,$14.50 ,12,$14.00 ,24,$13.50 ,4,Hannas400,Hannas160,https://www.hannashandiworks.com/media/catalog/product/cache/bbf624d4e302b71a44cbbfb433873131/1/5/15290.JPG,15290.JPG,,,Hannas800,15290.JPG
LETTERS TO SANTA MAILBOX,15173,,"Mail door opens up for easy letter retrieval; Box can hang or sit tabletop due to1 keyhole hanger on back; Metal; 8.75""W x 10.75""H x 4.75""D",,,,,"Mail door opens up for easy letter retrieval; Box can hang or sit tabletop due to1 keyhole hanger on back; Metal; 8.75""W x 10.75""H x 4.75""D",,NA,$12.25 ,12,$11.50 ,24,$10.75 ,NA,Hannas400,Hannas160,https://www.hannashandiworks.com/media/catalog/product/cache/bbf624d4e302b71a44cbbfb433873131/1/5/15173.JPG,15173.JPG,,,Hannas800,15173.JPG
MR AND MRS CLAUS SALT AND PEPPER SET,15334,,"Ceramic; 2.5""W x 3.25""H x 2.25""D",In stock,,,,"Ceramic; 2.5""W x 3.25""H x 2.25""D",,4,$4.90 ,8,$4.60 ,16,$4.30 ,4,Hannas400,Hannas160,https://www.hannashandiworks.com/media/catalog/product/cache/bbf624d4e302b71a44cbbfb433873131/1/5/15334.JPG,15334.JPG,,,Hannas800,15334.JPG
PLANTER PAIL SNOWFLAKE GRAY 3 PIECE SET,15259,,"Metal; Large: 10.25""Dia x 9""H; Medium: 9.25""Dia x 8.25""H; Small: 7.75""Dia x 7.25""H",In stock,,,,"Metal; Large: 10.25""Dia x 9""H; Medium: 9.25""Dia x 8.25""H; Small: 7.75""Dia x 7.25""H",,4,$19.25 ,8,$18.75 ,16,$18.25 ,4,Hannas400,Hannas160,https://www.hannashandiworks.com/media/catalog/product/cache/bbf624d4e302b71a44cbbfb433873131/1/5/15259.JPG,15259.JPG,,,Hannas800,15259.JPG
PLANTER PAIL SNOWFLAKE GREEN 3 PIECE SET,15258,,"Metal; Large:7""Dia x 5.75""H; Medium: 5.75""Dia x 5""H; Small: 4.75""Dia x 4.5""H",In stock,,,,"Metal; Large:7""Dia x 5.75""H; Medium: 5.75""Dia x 5""H; Small: 4.75""Dia x 4.5""H",,4,$14.90 ,8,$14.40 ,16,$13.90 ,4,Hannas400,Hannas160,https://www.hannashandiworks.com/media/catalog/product/cache/bbf624d4e302b71a44cbbfb433873131/1/5/15258.JPG,15258.JPG,,,Hannas800,15258.JPG
PLANTER PAIL SNOWFLAKE RED 3 PIECE SET,15257,,"Metal; Large: 8.25""Dia x 8.5""H; Medium: 7""Dia x 7.75""H; Small: 6""Dia x 7""H",In stock,,,,"Metal; Large: 8.25""Dia x 8.5""H; Medium: 7""Dia x 7.75""H; Small: 6""Dia x 7""H",,4,$14.90 ,8,$14.40 ,16,$13.90 ,4,Hannas400,Hannas160,https://www.hannashandiworks.com/media/catalog/product/cache/bbf624d4e302b71a44cbbfb433873131/1/5/15257.JPG,15257.JPG,,,Hannas800,15257.JPG
PLANTER PAIL SNOWFLAKE WHITE 3 PIECE SET,15256,,"Metal; Large:7""Dia x 5.75""H; Medium: 5.75""Dia x 5""H; Small: 4.75""Dia x 4.5""H",In stock,,,,"Metal; Large:7""Dia x 5.75""H; Medium: 5.75""Dia x 5""H; Small: 4.75""Dia x 4.5""H",,4,$10.50 ,8,$10.00 ,16,$9.50 ,4,Hannas400,Hannas160,https://www.hannashandiworks.com/media/catalog/product/cache/bbf624d4e302b71a44cbbfb433873131/1/5/15256.JPG,15256.JPG,,,Hannas800,15256.JPG
RED AND BLACK SNOWFLAKE CONTAINER 2 ASST,14258,,"Metal; 5½""Dia x 6¾""H; Greenery Not Included",In stock,,,,"Metal; 5½""Dia x 6¾""H; Greenery Not Included",,6,$5.90 ,12,$5.50 ,,,6,Hannas400,Hannas160,https://www.hannashandiworks.com/media/catalog/product/cache/bbf624d4e302b71a44cbbfb433873131/1/4/14258.JPG,14258.JPG,,,Hannas800,14258.JPG
RED AND GOLD METAL CHRISTMAS TRAY 2 PIECE SET,14254,,Metal; 19¾”W x 3¼”H x 12”D,In stock,$18.50 ,,,Metal; 19¾”W x 3¼”H x 12”D,,4,$24.00 ,,,,,4,Hannas400,Hannas160,https://www.hannashandiworks.com/media/catalog/product/cache/bbf624d4e302b71a44cbbfb433873131/1/4/14254.JPG,14254.JPG,,,Hannas800,14254.JPG
RED AND GREEN TREE BUCKET 2 PIECE SET,14189,,"Metal/Ribbon; Lg: 9½""W x 13""H x 7½""D; Sm: 8½""W x 11½""H x 6¼""D",In stock,$23.50 ,,,"Metal/Ribbon; Lg: 9½""W x 13""H x 7½""D; Sm: 8½""W x 11½""H x 6¼""D",,2,$32.50 ,,,,,2,Hannas400,Hannas160,https://www.hannashandiworks.com/media/catalog/product/cache/bbf624d4e302b71a44cbbfb433873131/1/4/14189.JPG,14189.JPG,,,Hannas800,14189.JPG
RED AND WHITE CHRISTMAS BUCKET 2 PIECE SET,14190,,"High-quality buckets - extra sturdy feel; Metal; Lg: 13½""W x 12""H x 11¾""D; Sm: 12""W x 10""H x 9¾""D",In stock,$29.50 ,,,"High-quality buckets - extra sturdy feel; Metal; Lg: 13½""W x 12""H x 11¾""D; Sm: 12""W x 10""H x 9¾""D",,2,$37.50 ,,,,,2,Hannas400,Hannas160,https://www.hannashandiworks.com/media/catalog/product/cache/bbf624d4e302b71a44cbbfb433873131/1/4/14190.JPG,14190.JPG,,,Hannas800,14190.JPG
REINDEER PLANTER BOX 2-PIECE SET,15231,,"Metal/Wood; Large: 21""W x 26""H x 9.25""D and Small: 17""W x 23.25""H x 7.25""D",In stock,,,,"Metal/Wood; Large: 21""W x 26""H x 9.25""D and Small: 17""W x 23.25""H x 7.25""D",,1,$47.50 ,,,,,1,Hannas400,Hannas160,https://www.hannashandiworks.com/media/catalog/product/cache/bbf624d4e302b71a44cbbfb433873131/1/5/15231.JPG,15231.JPG,,,Hannas800,15231.JPG
ROYAL RED DIMENSIONAL SLEIGH 2 ASST,14163,,"Breaks Down for Easy Shipping, Assembly and Storage! Add a Liner and Use as a Planter Too! Wood; Sm: 18½""W x 11¾""H x 8½""D and Lg: 20""W x 12""H x 8½""D",In stock,,,,"Breaks Down for Easy Shipping, Assembly and Storage! Add a Liner and Use as a Planter Too! Wood; Sm: 18½""W x 11¾""H x 8½""D and Lg: 20""W x 12""H x 8½""D",,4,$18.50 ,,,,,4,Hannas400,Hannas160,https://www.hannashandiworks.com/media/catalog/product/cache/bbf624d4e302b71a44cbbfb433873131/1/4/14163.JPG,14163.JPG,,,Hannas800,14163.JPG
SEASONS GREETINGS SLATTED CONTAINER 2 PIECE SET,13440,,Wood/Metal/Rope; Lg: 21”W x 15¾”H x 16”D; Sm: 17¼”W x 12¾”H x 13”D,In stock,,,,Wood/Metal/Rope; Lg: 21”W x 15¾”H x 16”D; Sm: 17¼”W x 12¾”H x 13”D,,1,$79.50 ,,,,,1,Hannas400,Hannas160,https://www.hannashandiworks.com/media/catalog/product/cache/bbf624d4e302b71a44cbbfb433873131/1/3/13440-cob.JPG,13440-cob.JPG,,,Hannas800,13440-cob.JPG
SNOWFLAKE WOODEN CRATES 2 PIECE SET,13439,,Wood; Lg: 17¾”W x 9½”H x 10”D; Sm:12¾”W x 6¾”H x 7¾”D,In stock,,,,Wood; Lg: 17¾”W x 9½”H x 10”D; Sm:12¾”W x 6¾”H x 7¾”D,,2,$44.50 ,,,,,2,Hannas400,Hannas160,https://www.hannashandiworks.com/media/catalog/product/cache/bbf624d4e302b71a44cbbfb433873131/1/3/13439.JPG,13439.JPG,,,Hannas800,13439.JPG
TIN SNOWFLAKE BUCKET 2 PIECE SET,15236,,"Metal; Large: 8.5""W x 9.5""H x 7.5""D and Small: 7""W x 7.5""H x 6.25""D",In stock,,,,"Metal; Large: 8.5""W x 9.5""H x 7.5""D and Small: 7""W x 7.5""H x 6.25""D",,4,$11.75 ,8,$11.25 ,24,$10.75 ,4,Hannas400,Hannas160,https://www.hannashandiworks.com/media/catalog/product/cache/bbf624d4e302b71a44cbbfb433873131/1/5/15236.JPG,15236.JPG,,,Hannas800,15236.JPG
VIBRANT SNOWMAN CANDY JAR 2 ASST,15076,,"Fabric/Mixed Material; 7""W x 11.5-14""H x 6""D",In stock,,,,"Fabric/Mixed Material; 7""W x 11.5-14""H x 6""D",,6,$6.50 ,12,$6.00 ,,,6,Hannas400,Hannas160,https://www.hannashandiworks.com/media/catalog/product/cache/bbf624d4e302b71a44cbbfb433873131/1/5/15076.JPG,15076.JPG,,,Hannas800,15076.JPG
WEATHERED CHRISTMAS RED MILK CANISTER,15237,,"Metal; 8""W x 12""H x 7""D",In stock,,,,"Metal; 8""W x 12""H x 7""D",,6,$13.00 ,12,$12.25 ,24,$11.50 ,6,Hannas400,Hannas160,https://www.hannashandiworks.com/media/catalog/product/cache/bbf624d4e302b71a44cbbfb433873131/1/5/15237.JPG,15237.JPG,,,Hannas800,15237.JPG
WEATHERED WINTER SILHOUETTE PAIL 2 ASST,15220,,"Metal; 5""Dia x 13.25""H (with Handle Up)",In stock,,,,"Metal; 5""Dia x 13.25""H (with Handle Up)",,6,$7.90 ,12,$7.50 ,24,$7.10 ,6,Hannas400,Hannas160,https://www.hannashandiworks.com/media/catalog/product/cache/bbf624d4e302b71a44cbbfb433873131/1/5/15220.JPG,15220.JPG,,,Hannas800,15220.JPG
BRONZE WING WEATHERED ANGEL HANGER,15323,,"Wood/Mixed Materials; 7.25""W x 12.25""H x .5""D",In stock,,,,"Wood/Mixed Materials; 7.25""W x 12.25""H x .5""D",,4,$6.40 ,8,$5.90 ,,,4,Hannas400,Hannas160,https://www.hannashandiworks.com/media/catalog/product/cache/bbf624d4e302b71a44cbbfb433873131/1/5/15323.JPG,15323.JPG,,,Hannas800,15323.JPG
CHRISTMAS GIFT BOW WALL DECOR 3 ASST,15241,,"Metal; 11""W x 17""H x 4""D; 1 Keyhole Hanger",In stock,,,,"Metal; 11""W x 17""H x 4""D; 1 Keyhole Hanger",,6,$12.00 ,12,$11.50 ,18,$11.00 ,6,Hannas400,Hannas160,https://www.hannashandiworks.com/media/catalog/product/cache/bbf624d4e302b71a44cbbfb433873131/1/5/15241.JPG,15241.JPG,,,Hannas800,15241.JPG
CHRISTMAS GIFT BOX TRIO HANGER,15615,,"Over 2' Tall! Metal/Rope; Gift Box: 4""W x 5""H x 4""D; Overall: 9""W x 25""H x 9""D",In stock,,,,"Over 2' Tall! Metal/Rope; Gift Box: 4""W x 5""H x 4""D; Overall: 9""W x 25""H x 9""D",,4,$10.50 ,8,$10.00 ,12,$9.50 ,4,Hannas400,Hannas160,https://www.hannashandiworks.com/media/catalog/product/cache/bbf624d4e302b71a44cbbfb433873131/1/5/15615.JPG,15615.JPG,,,Hannas800,15615.JPG
CHRISTMAS WISHES METAL SIGN 3 ASST,13191,,Metal/Rope; 15¾”W x 9½”H x ¼”D,In stock,,,,Metal/Rope; 15¾”W x 9½”H x ¼”D,,24,$1.90 ,48,$1.60 ,,,24,Hannas400,Hannas160,https://www.hannashandiworks.com/media/catalog/product/cache/bbf624d4e302b71a44cbbfb433873131/1/3/13191.JPG,13191.JPG,,,Hannas800,13191.JPG
CHRISTMASTIME METAL SIGN 3 ASST,14048,,"Metal/Rope Hanger; 12""W x 16½""H x ¼""D PLEASE NOTE: PRODUCT DISCOUNTED 33% OFF ORIGINAL PRICE TO REFLECT MISSPELLING DURING PRODUCTION ON 1 SIGN; OTHER 2 SIGNS ARE UNAFFECTED",In stock,,,,"Metal/Rope Hanger; 12""W x 16½""H x ¼""D PLEASE NOTE: PRODUCT DISCOUNTED 33% OFF ORIGINAL PRICE TO REFLECT MISSPELLING DURING PRODUCTION ON 1 SIGN; OTHER 2 SIGNS ARE UNAFFECTED",,6,$3.50 ,12,$3.25 ,36,$3.00 ,6,Hannas400,Hannas160,https://www.hannashandiworks.com/media/catalog/product/cache/bbf624d4e302b71a44cbbfb433873131/1/4/14048.JPG,14048.JPG,,,Hannas800,14048.JPG
CLASSIC SANTA FABRIC COUNTDOWN HANGER,15210,,"Over 2' Tall! Christmas Tree Acts as Movable Counter; Fabric/Mixed Materials; 14.75""W x 24.25""H x 1.75""D",In stock,,,,"Over 2' Tall! Christmas Tree Acts as Movable Counter; Fabric/Mixed Materials; 14.75""W x 24.25""H x 1.75""D",,6,$6.90 ,12,$6.40 ,24,$5.90 ,6,Hannas400,Hannas160,https://www.hannashandiworks.com/media/catalog/product/cache/bbf624d4e302b71a44cbbfb433873131/1/5/15210.JPG,15210.JPG,,,Hannas800,15210.JPG
COCOA CREAM SNOWMAN DOORKNOB HANGER 2 ASST,15380,,"Fabric & Mixed Materials; 6-7.25""W x 15.25-16""H x 3.25""D",In stock,,,,"Fabric & Mixed Materials; 6-7.25""W x 15.25-16""H x 3.25""D",,6,$5.00 ,12,$4.50 ,,,6,Hannas400,Hannas160,https://www.hannashandiworks.com/media/catalog/product/cache/bbf624d4e302b71a44cbbfb433873131/1/5/15380.JPG,15380.JPG,,,Hannas800,15380.JPG
COCOA CREAM SNOWMAN STOCKING 2 ASST,15384,,"Fabric; 10.5""W x 19.5""H x 2.75""D",In stock,,,,"Fabric; 10.5""W x 19.5""H x 2.75""D",,6,$6.75 ,12,$6.25 ,24,$5.75 ,6,Hannas400,Hannas160,https://www.hannashandiworks.com/media/catalog/product/cache/bbf624d4e302b71a44cbbfb433873131/1/5/15384.JPG,15384.JPG,,,Hannas800,15384.JPG
CRANBERRY SNOWMAN DOORKNOB HANGER 2 ASST,15394,,"Fabric & Mixed Materials; 6.5-7.75""W x 16.25""H x 3.75""D",In stock,,,,"Fabric & Mixed Materials; 6.5-7.75""W x 16.25""H x 3.75""D",,6,$5.00 ,12,$4.50 ,,,6,Hannas400,Hannas160,https://www.hannashandiworks.com/media/catalog/product/cache/bbf624d4e302b71a44cbbfb433873131/1/5/15394.JPG,15394.JPG,,,Hannas800,15394.JPG
CRANBERRY SNOWMAN SHELF LOUNGER 2 ASST,15398,,"Fabric & Mixed Materials; 6.75""W x 8.75-13""H x 14""D",In stock,,,,"Fabric & Mixed Materials; 6.75""W x 8.75-13""H x 14""D",,6,$9.50 ,12,$9.00 ,24,$8.50 ,6,Hannas400,Hannas160,https://www.hannashandiworks.com/media/catalog/product/cache/bbf624d4e302b71a44cbbfb433873131/1/5/15398.JPG,15398.JPG,,,Hannas800,15398.JPG
CRANBERRY SNOWMAN STOCKING 2 ASST,15393,,"Fabric; 11""W x 19""H x 3.75""D",In stock,,,,"Fabric; 11""W x 19""H x 3.75""D",,6,$6.75 ,12,$6.25 ,24,$5.75 ,6,Hannas400,Hannas160,https://www.hannashandiworks.com/media/catalog/product/cache/bbf624d4e302b71a44cbbfb433873131/1/5/15393.JPG,15393.JPG,,,Hannas800,15393.JPG
EARMUFFS SNOWMAN HEAD ORNAMENT 2 ASST,15572,,"Fabric; 7""W x 11.5""H x 4""D",In stock,,,,"Fabric; 7""W x 11.5""H x 4""D",,24,$3.05 ,48,$2.80 ,,,24,Hannas400,Hannas160,https://www.hannashandiworks.com/media/catalog/product/cache/bbf624d4e302b71a44cbbfb433873131/1/5/15572.JPG,15572.JPG,,,Hannas800,15572.JPG
EMERALD RUBY ELF HANGER 2 ASST,15586,,"Fabric/Mixed Material; 6.25""W x 24.25""H x 4""D",In stock,,,,"Fabric/Mixed Material; 6.25""W x 24.25""H x 4""D",,6,$9.25 ,12,$8.75 ,,,6,Hannas400,Hannas160,https://www.hannashandiworks.com/media/catalog/product/cache/bbf624d4e302b71a44cbbfb433873131/1/5/15586.JPG,15586.JPG,,,Hannas800,15586.JPG
EVERGREEN SANTA SNOWMAN STOCKING 2 ASST,15423,,"Fabric; 10""W x 19.5""H x 1.5""D",In stock,,,,"Fabric; 10""W x 19.5""H x 1.5""D",,6,$6.00 ,12,$5.50 ,48,$5.00 ,6,Hannas400,Hannas160,https://www.hannashandiworks.com/media/catalog/product/cache/bbf624d4e302b71a44cbbfb433873131/1/5/15423.JPG,15423.JPG,,,Hannas800,15423.JPG
FARM FRESH CHRISTMAS TREES SIGN,15309,,"Metal; 13""W x 9""H x .25""D; 2 Sawtooth Hangers",In stock,,,,"Metal; 13""W x 9""H x .25""D; 2 Sawtooth Hangers",,6,$6.25 ,12,$5.75 ,,,6,Hannas400,Hannas160,https://www.hannashandiworks.com/media/catalog/product/cache/bbf624d4e302b71a44cbbfb433873131/1/5/15309.JPG,15309.JPG,,,Hannas800,15309.JPG
FROSTY SNOWMAN HEAD ORNAMENT 2 ASST,15601,,"Fabric/Mixed Material; 4.5-5""W x 17.5-18.5""H x 3""D",In stock,,,,"Fabric/Mixed Material; 4.5-5""W x 17.5-18.5""H x 3""D",,12,$3.25 ,,,,,12,Hannas400,Hannas160,https://www.hannashandiworks.com/media/catalog/product/cache/bbf624d4e302b71a44cbbfb433873131/1/5/15601.JPG,15601.JPG,,,Hannas800,15601.JPG
GINGERBREAD BAKERY MASON JAR WALL HANGER 3 ASST,15195,,"Wood/Mixed Materials; 3.75""W x 8""H x .25""D",In stock,,,,"Wood/Mixed Materials; 3.75""W x 8""H x .25""D",,12,$2.50 ,24,$2.25 ,72,$2.00 ,12,Hannas400,Hannas160,https://www.hannashandiworks.com/media/catalog/product/cache/bbf624d4e302b71a44cbbfb433873131/1/5/15195-new.jpg,15195-new.jpg,,,Hannas800,15195-new.jpg
GOLD ON WHITE SNOW CHRISTMAS LARGE HANG TAG 2 ASST,15299,,"Wood/Rope; 3.5""W x 8.75""H x .5""D",In stock,,,,"Wood/Rope; 3.5""W x 8.75""H x .5""D",,12,$3.20 ,24,$2.90 ,,,12,Hannas400,Hannas160,https://www.hannashandiworks.com/media/catalog/product/cache/bbf624d4e302b71a44cbbfb433873131/1/5/15299.JPG,15299.JPG,,,Hannas800,15299.JPG
HANGING METALLIC GOLD SILVER LARGE SNOWFLAKE ORNAMENT 2 ASST,15274,,"Metal/Rope; 7.25""W x 12.5""H x .50""D",In stock,,,,"Metal/Rope; 7.25""W x 12.5""H x .50""D",,12,$3.00 ,24,$2.75 ,48,$2.50 ,12,Hannas400,Hannas160,https://www.hannashandiworks.com/media/catalog/product/cache/bbf624d4e302b71a44cbbfb433873131/1/5/15274.JPG,15274.JPG,,,Hannas800,15274.JPG
HOLLY CARDINAL WOODEN JAR HANGER 3 ASST,14300,,"Lights Up! Wood/Mixed Materials; 7.5""W x 15.25""H x 2""D; Greenery Included; Requires 2 AAA Batteries; Not Included",In stock,,,,"Lights Up! Wood/Mixed Materials; 7.5""W x 15.25""H x 2""D; Greenery Included; Requires 2 AAA Batteries; Not Included",,6,$8.75 ,12,$8.25 ,18,$7.75 ,6,Hannas400,Hannas160,https://www.hannashandiworks.com/media/catalog/product/cache/bbf624d4e302b71a44cbbfb433873131/1/4/14300.JPG,14300.JPG,,,Hannas800,14300.JPG
HOLLY JOLLY CHRISTMAS ORNAMENT 3 ASST,14047,,"Metal/Rope Hanger; 9½""W x 14¾""H x ¼""D",In stock,,,,"Metal/Rope Hanger; 9½""W x 14¾""H x ¼""D",,12,$2.75 ,24,$2.50 ,36,$2.25 ,12,Hannas400,Hannas160,https://www.hannashandiworks.com/media/catalog/product/cache/bbf624d4e302b71a44cbbfb433873131/1/4/14047.JPG,14047.JPG,,,Hannas800,14047.JPG
JOY SNOWMAN ORNAMENT HANGER 3 ASST,14287,,"Wood/Metal/Rope; 15¼""W x 23¼""H x ½""D",In stock,,,,"Wood/Metal/Rope; 15¼""W x 23¼""H x ½""D",,6,$7.75 ,12,$7.25 ,24,$6.75 ,6,Hannas400,Hannas160,https://www.hannashandiworks.com/media/catalog/product/cache/bbf624d4e302b71a44cbbfb433873131/1/4/14287.JPG,14287.JPG,,,Hannas800,14287.JPG
LET IT SNOW WOODEN SIGN 2 ASST,13094,,Wood/Mixed Materials; 11¾”W x 8½”H x ½”D,In stock,,,,Wood/Mixed Materials; 11¾”W x 8½”H x ½”D,,4,$6.75 ,12,$6.25 ,24,$5.75 ,4,Hannas400,Hannas160,https://www.hannashandiworks.com/media/catalog/product/cache/bbf624d4e302b71a44cbbfb433873131/1/3/13094.JPG,13094.JPG,,,Hannas800,13094.JPG
MERRY CHRISTMAS CAN WHITE 2 PIECE SET,15234,,"Metal; Large: 7.5""W x 8""H x 5.75""D and Small: 6""W x 6.5""H x 4.75""D",In stock,,,,"Metal; Large: 7.5""W x 8""H x 5.75""D and Small: 6""W x 6.5""H x 4.75""D",,4,$19.75 ,8,$19.00 ,16,$17.75 ,4,Hannas400,Hannas160,https://www.hannashandiworks.com/media/catalog/product/cache/bbf624d4e302b71a44cbbfb433873131/1/5/15234.JPG,15234.JPG,,,Hannas800,15234.JPG
MERRY CHRISTMAS METAL SIGN 3 ASST,15370,,"Metal/Ribbon; 12""W x 17.25""H x .25""D",In stock,,,,"Metal/Ribbon; 12""W x 17.25""H x .25""D",,24,$3.25 ,48,$3.00 ,,,24,Hannas400,Hannas160,https://www.hannashandiworks.com/media/catalog/product/cache/bbf624d4e302b71a44cbbfb433873131/1/5/15370.JPG,15370.JPG,,,Hannas800,15370.JPG
MERRY CHRISTMAS PINK AND WHITE WIDE METAL SIGN,15302,,"Metal; 20""W x 6.5""H x 0.25""D; 2 Sawtooth Hangers",In stock,,,,"Metal; 20""W x 6.5""H x 0.25""D; 2 Sawtooth Hangers",,4,$9.00 ,8,$8.50 ,16,$8.00 ,4,Hannas400,Hannas160,https://www.hannashandiworks.com/media/catalog/product/cache/bbf624d4e302b71a44cbbfb433873131/1/5/15302.JPG,15302.JPG,,,Hannas800,15302.JPG
CHRISTMAS LIGHT UP NATURE GNOME TABLETOP 3 ASST,14456,,"Lights Up! Resin; 4½""W x8¾""H x 3½""D; Requires 2 AAA Batteries; Not Included",In stock,,,,"Lights Up! Resin; 4½""W x8¾""H x 3½""D; Requires 2 AAA Batteries; Not Included",,6,$7.75 ,12,$7.25 ,24,$6.75 ,6,Hannas400,Hannas160,https://www.hannashandiworks.com/media/catalog/product/cache/bbf624d4e302b71a44cbbfb433873131/1/4/14456.JPG,14456.JPG,,,Hannas800,14456.JPG
COWBOY GNOME ORNAMENT 2 ASST,15484,,"Resin; 2.5""W x 3.5""H x 1.75""D; Measurement is ornament body height only",In stock,,,,"Resin; 2.5""W x 3.5""H x 1.75""D; Measurement is ornament body height only",,6,$4.50 ,12,$4.20 ,24,$3.90 ,6,Hannas400,Hannas160,https://www.hannashandiworks.com/media/catalog/product/cache/bbf624d4e302b71a44cbbfb433873131/1/5/15484.JPG,15484.JPG,,,Hannas800,15484.JPG
EDDIE AND EVA ELF ORNAMENT 2 ASST,15431,,"Fabric & Mixed Materials; 4.25""W x 9.5""H x 2.25""D",In stock,,,,"Fabric & Mixed Materials; 4.25""W x 9.5""H x 2.25""D",,24,$3.00 ,48,$2.50 ,,,24,Hannas400,Hannas160,https://www.hannashandiworks.com/media/catalog/product/cache/bbf624d4e302b71a44cbbfb433873131/1/5/15431.JPG,15431.JPG,,,Hannas800,15431.JPG
EDDIE AND EVA ELF TABLETOP 2 ASST,15427,,"Fabric & Mixed Materials; 6.5""W x 15.5""H x 4.25""D",In stock,,,,"Fabric & Mixed Materials; 6.5""W x 15.5""H x 4.25""D",,6,$5.75 ,12,$4.25 ,,,6,Hannas400,Hannas160,https://www.hannashandiworks.com/media/catalog/product/cache/bbf624d4e302b71a44cbbfb433873131/1/5/15427.JPG,15427.JPG,,,Hannas800,15427.JPG
ELEGANT ELF STOCKING 2 ASST,15006,,"Fabric; 12.25""W x 22.75""H x 1.25""D",In stock,,,,"Fabric; 12.25""W x 22.75""H x 1.25""D",,6,$9.00 ,12,$8.50 ,48,$8.00 ,6,Hannas400,Hannas160,https://www.hannashandiworks.com/media/catalog/product/cache/bbf624d4e302b71a44cbbfb433873131/1/5/15006.JPG,15006.JPG,,,Hannas800,15006.JPG
EMERALD RUBY ELF ORNAMENT 2 ASST,15587,,"Fabric; 4.5""W x 10.5""H x 2.75""D",In stock,,,,"Fabric; 4.5""W x 10.5""H x 2.75""D",,12,$3.05 ,48,$2.80 ,,,12,Hannas400,Hannas160,https://www.hannashandiworks.com/media/catalog/product/cache/bbf624d4e302b71a44cbbfb433873131/1/5/15587.JPG,15587.JPG,,,Hannas800,15587.JPG
EMERALD RUBY ELF TALL STANDER 2 ASST,15583,,"Over 2' Tall! Fabric/Mixed Materials; 13""W x 31""H x 8.75""D",In stock,,,,"Over 2' Tall! Fabric/Mixed Materials; 13""W x 31""H x 8.75""D",,6,$14.00 ,12,$13.25 ,24,$12.50 ,6,Hannas400,Hannas160,https://www.hannashandiworks.com/media/catalog/product/cache/bbf624d4e302b71a44cbbfb433873131/1/5/15583.JPG,15583.JPG,,,Hannas800,15583.JPG
FROSTY GNOMES CHRISTMAS TABLETOP WITH LIGHTS,15127,,"Lights Up! Requires 3 AAA batteries, not included. Composite Resin; 12.25""W x 17.5""H x 5""D",In stock,,,,"Lights Up! Requires 3 AAA batteries, not included. Composite Resin; 12.25""W x 17.5""H x 5""D",,4,$25.50 ,8,$24.50 ,16,$23.50 ,4,Hannas400,Hannas160,https://www.hannashandiworks.com/media/catalog/product/cache/bbf624d4e302b71a44cbbfb433873131/1/5/15127.JPG,15127.JPG,,,Hannas800,15127.JPG
GRIDIRON GNOME TABLETOP 3 ASST,15477,,"Resin; 4""W x 4.25""H x 3.25""D",In stock,,,,"Resin; 4""W x 4.25""H x 3.25""D",,6,$4.75 ,12,$4.25 ,,,6,Hannas400,Hannas160,https://www.hannashandiworks.com/media/catalog/product/cache/bbf624d4e302b71a44cbbfb433873131/1/5/15477.JPG,15477.JPG,,,Hannas800,15477.JPG
HAZEL PLAID SANTA GNOME STANDER 2 ASST,13341,,Fabric/Wood; 9¾”W x 23½”H x 6¼”D,In stock,$15.25 ,,,Fabric/Wood; 9¾”W x 23½”H x 6¼”D,,4,$19.00 ,,,,,4,Hannas400,Hannas160,https://www.hannashandiworks.com/media/catalog/product/cache/bbf624d4e302b71a44cbbfb433873131/1/3/13341.JPG,13341.JPG,,,Hannas800,13341.JPG
JOY GNOME RESIN TABLETOP,13305,,Resin; 8”W x 4½”H x 1¾”D,In stock,,,,Resin; 8”W x 4½”H x 1¾”D,,4,$6.75 ,8,$6.25 ,12,$5.75 ,4,Hannas400,Hannas160,https://www.hannashandiworks.com/media/catalog/product/cache/bbf624d4e302b71a44cbbfb433873131/1/3/13305.JPG,13305.JPG,,,Hannas800,13305.JPG
LANTERN GNOME STANDER,15096,,"Fabric/Mixed Materials; 7""W x 22.75""H x 4.25""D",In stock,$14.75 ,,,"Fabric/Mixed Materials; 7""W x 22.75""H x 4.25""D",,4,$19.50 ,,,,,4,Hannas400,Hannas160,https://www.hannashandiworks.com/media/catalog/product/cache/bbf624d4e302b71a44cbbfb433873131/1/5/15096.JPG,15096.JPG,,,Hannas800,15096.JPG
WINTER RED BOBBLE GNOME WITH ANTLERS,13364,,Bobbles! Fabric/Metal; 12”W x 15”H x 6”D,In stock,,,,Bobbles! Fabric/Metal; 12”W x 15”H x 6”D,,4,$15.90 ,12,$14.90 ,24,$13.90 ,4,Hannas400,Hannas160,https://www.hannashandiworks.com/media/catalog/product/cache/bbf624d4e302b71a44cbbfb433873131/1/3/13364.JPG,13364.JPG,,,Hannas800,13364.JPG
CANDIED CHRISTMAS CONFECTIONS HO HO HO TABLETOP,15516,,"Resin; 9""W x 3""H x 1.5""D",In stock,,,,"Resin; 9""W x 3""H x 1.5""D",,4,$7.90 ,8,$7.50 ,16,$6.90 ,4,Hannas400,Hannas160,https://www.hannashandiworks.com/media/catalog/product/cache/bbf624d4e302b71a44cbbfb433873131/1/5/15516.JPG,15516.JPG,,,Hannas800,15516.JPG
CANDIED CHRISTMAS LIGHT UP COTTAGE,15472,,"Lights Up! Requires 2 AAA batteries, not included. Resin; 5.5""W x 6.5""H x 2.25""D",In stock,,,,"Lights Up! Requires 2 AAA batteries, not included. Resin; 5.5""W x 6.5""H x 2.25""D",,4,$10.50 ,8,$10.00 ,16,$9.50 ,4,Hannas400,Hannas160,https://www.hannashandiworks.com/media/catalog/product/cache/bbf624d4e302b71a44cbbfb433873131/1/5/15472.JPG,15472.JPG,,,Hannas800,15472.JPG
CANDIED CUPCAKE SANTA SNOWMAN TABLETOP 2 ASST,15468,,"Resin; 3.25""W x 4.75""H x 3""D",In stock,,,,"Resin; 3.25""W x 4.75""H x 3""D",,6,$6.25 ,12,$5.75 ,,,6,Hannas400,Hannas160,https://www.hannashandiworks.com/media/catalog/product/cache/bbf624d4e302b71a44cbbfb433873131/1/5/15468.JPG,15468.JPG,,,Hannas800,15468.JPG
CANDIED GINGERBREAD STANDER 2 ASST,15479,,"Resin; 2.75""W x 6.25""H x 2.5""D",In stock,,,,"Resin; 2.75""W x 6.25""H x 2.5""D",,6,$6.50 ,12,$6.00 ,,,6,Hannas400,Hannas160,https://www.hannashandiworks.com/media/catalog/product/cache/bbf624d4e302b71a44cbbfb433873131/1/5/15479.JPG,15479.JPG,,,Hannas800,15479.JPG
CHRISTMAS CONFECTIONS ORNAMENT WITH DISPLAY 8 ASST,15157,,"Wood/Wire; Tree: 10.75""W x 18.5""H x 4""D; Ornaments: 2.25-3.5""W x 6-6.75""H x .25""D",In stock,,,,"Wood/Wire; Tree: 10.75""W x 18.5""H x 4""D; Ornaments: 2.25-3.5""W x 6-6.75""H x .25""D",,80,$1.95 ,,,,,80,Hannas400,Hannas160,https://www.hannashandiworks.com/media/catalog/product/cache/bbf624d4e302b71a44cbbfb433873131/1/5/15157.JPG,15157.JPG,,,Hannas800,15157.JPG
CHRISTMAS TREES ALL IN A ROW 2 ASST,15181,,"Wood; 16.5""W x 6""H x .75""D",In stock,,,,"Wood; 16.5""W x 6""H x .75""D",,6,$6.50 ,12,$6.00 ,24,$5.50 ,6,Hannas400,Hannas160,https://www.hannashandiworks.com/media/catalog/product/cache/bbf624d4e302b71a44cbbfb433873131/1/5/15181-2.JPG,15181-2.JPG,,,Hannas800,15181-2.JPG
CONFECTIONER MR AND MRS CLAUS 2 ASST,15475,,"Resin; 4""W x 8.25""H x 3.75""D",In stock,,,,"Resin; 4""W x 8.25""H x 3.75""D",,6,$10.50 ,12,$10.00 ,,,6,Hannas400,Hannas160,https://www.hannashandiworks.com/media/catalog/product/cache/bbf624d4e302b71a44cbbfb433873131/1/5/15475.JPG,15475.JPG,,,Hannas800,15475.JPG
CONFECTIONER MR AND MRS CLAUS STANDER 2 ASST,15530,,"Fabric/Mixed Material; 8.75""W x 20-21""H x 4-5.5""D",In stock,,,,"Fabric/Mixed Material; 8.75""W x 20-21""H x 4-5.5""D",,6,$11.75 ,12,$11.25 ,24,$10.75 ,6,Hannas400,Hannas160,https://www.hannashandiworks.com/media/catalog/product/cache/bbf624d4e302b71a44cbbfb433873131/1/5/15530.JPG,15530.JPG,,,Hannas800,15530.JPG
EVERYTHING NICE GINGERBREAD SIGN,14253,,Metal; 18”W x 12”H x ½”D,In stock,,,,Metal; 18”W x 12”H x ½”D,,4,$10.50 ,8,$10.00 ,12,$9.50 ,4,Hannas400,Hannas160,https://www.hannashandiworks.com/media/catalog/product/cache/bbf624d4e302b71a44cbbfb433873131/1/4/14253.JPG,14253.JPG,,,Hannas800,14253.JPG
FESTIVE GINGERBREAD COCOA MUG WITH TOPPER,15340,,"Ceramic; 5""W x 6""H x 3.75""D",In stock,,,,"Ceramic; 5""W x 6""H x 3.75""D",,6,$7.25 ,12,$6.75 ,,,6,Hannas400,Hannas160,https://www.hannashandiworks.com/media/catalog/product/cache/bbf624d4e302b71a44cbbfb433873131/1/5/15340.JPG,15340.JPG,,,Hannas800,15340.JPG
FESTIVE GINGERBREAD DOILY PLATE,15341,,"Ceramic; 11""Dia x 1.25""H",In stock,,,,"Ceramic; 11""Dia x 1.25""H",,6,$9.25 ,12,$8.75 ,,,6,Hannas400,Hannas160,https://www.hannashandiworks.com/media/catalog/product/cache/bbf624d4e302b71a44cbbfb433873131/1/5/15341.JPG,15341.JPG,,,Hannas800,15341.JPG
FESTIVE GINGERBREAD HOUSE DISH,15338,,"Ceramic; 8""H x 1.25""H x 9""D",In stock,,,,"Ceramic; 8""H x 1.25""H x 9""D",,6,$6.90 ,12,$6.40 ,,,6,Hannas400,Hannas160,https://www.hannashandiworks.com/media/catalog/product/cache/bbf624d4e302b71a44cbbfb433873131/1/5/15338.JPG,15338.JPG,,,Hannas800,15338.JPG
FESTIVE GINGERBREAD TREE SNACK DISH,15339,,"Ceramic; 8""W x 1.25""H x 11""D",In stock,,,,"Ceramic; 8""W x 1.25""H x 11""D",,6,$8.25 ,12,$7.75 ,24,$7.25 ,6,Hannas400,Hannas160,https://www.hannashandiworks.com/media/catalog/product/cache/bbf624d4e302b71a44cbbfb433873131/1/5/15339.JPG,15339.JPG,,,Hannas800,15339.JPG
GINGERBREAD BAKERY AWNING SIGN,15372,,"Over 2' Wide! Wood/Metal; 24.25""W x 15.5""H x 5.5""D",In stock,$21.50 ,,,"Over 2' Wide! Wood/Metal; 24.25""W x 15.5""H x 5.5""D",,4,$26.50 ,,,,,4,Hannas400,Hannas160,https://www.hannashandiworks.com/media/catalog/product/cache/bbf624d4e302b71a44cbbfb433873131/1/5/15372.JPG,15372.JPG,,,Hannas800,15372.JPG
GINGERBREAD COUNTDOWN TABLETOP 2 ASST,15200,,"Wood/Mixed Material; 3.75""W x 6""H x 2.25""D",In stock,,,,"Wood/Mixed Material; 3.75""W x 6""H x 2.25""D",,6,$3.90 ,12,$3.60 ,24,$3.30 ,6,Hannas400,Hannas160,https://www.hannashandiworks.com/media/catalog/product/cache/bbf624d4e302b71a44cbbfb433873131/1/5/15200.JPG,15200.JPG,,,Hannas800,15200.JPG
GINGERBREAD PALS ORNAMENT WITH DISPLAY 6 ASST,15160,,"Wood/Wire; Tree: 14.25""W x 22.5""H x 4""D; Ornaments: 3.5-3.75""W x 6.75""H x .25""D",In stock,,,,"Wood/Wire; Tree: 14.25""W x 22.5""H x 4""D; Ornaments: 3.5-3.75""W x 6.75""H x .25""D",,48,$2.75 ,96,$2.50 ,192,$2.25 ,48,Hannas400,Hannas160,https://www.hannashandiworks.com/media/catalog/product/cache/bbf624d4e302b71a44cbbfb433873131/1/5/15160.JPG,15160.JPG,,,Hannas800,15160.JPG
HOLIDAY SWEETS MERRY CHRISTMAS WALL SIGN,15321,,"Wood/Mixed Materials; 13""W x 13""H x .5""D",In stock,,,,"Wood/Mixed Materials; 13""W x 13""H x .5""D",,4,$13.50 ,8,$12.75 ,,,4,Hannas400,Hannas160,https://www.hannashandiworks.com/media/catalog/product/cache/bbf624d4e302b71a44cbbfb433873131/1/5/15321.JPG,15321.JPG,,,Hannas800,15321.JPG
HOLLY BERRY GINGERBREAD ORNAMENT TRAY 2 ASST,15566,,"Fabric/Mixed Material; 3.75""W x 8.5""H x 2""D",In stock,,,,"Fabric/Mixed Material; 3.75""W x 8.5""H x 2""D",,12,$3.05 ,48,$2.80 ,,,12,Hannas400,Hannas160,https://www.hannashandiworks.com/media/catalog/product/cache/bbf624d4e302b71a44cbbfb433873131/1/5/15566.JPG,15566.JPG,,,Hannas800,15566.JPG
HOLLY BERRY GINGERBREAD PILLOW 2 ASST,15563,,"Fabric/Mixed Materials; 17""W x 19-20.5""H x 5.75""D",In stock,,,,"Fabric/Mixed Materials; 17""W x 19-20.5""H x 5.75""D",,6,$16.50 ,12,$16.00 ,,,6,Hannas400,Hannas160,https://www.hannashandiworks.com/media/catalog/product/cache/bbf624d4e302b71a44cbbfb433873131/1/5/15563.JPG,15563.JPG,,,Hannas800,15563.JPG
HOLLY BERRY GINGERBREAD SITTER 2 ASST,15567,,"Fabric and Mixed Material; 9""W x 14-18""H x 6-7""D",In stock,,,,"Fabric and Mixed Material; 9""W x 14-18""H x 6-7""D",,6,$8.75 ,12,$8.25 ,,,6,Hannas400,Hannas160,https://www.hannashandiworks.com/media/catalog/product/cache/bbf624d4e302b71a44cbbfb433873131/1/5/15567.JPG,15567.JPG,,,Hannas800,15567.JPG
HOLLY BERRY GINGERBREAD STOCKING 2 ASST,15564,,"Fabric/Mixed Materials; 11""W x 20.25""H x 1.5""D",In stock,,,,"Fabric/Mixed Materials; 11""W x 20.25""H x 1.5""D",,6,$8.25 ,12,$7.75 ,24,$7.25 ,6,Hannas400,Hannas160,https://www.hannashandiworks.com/media/catalog/product/cache/bbf624d4e302b71a44cbbfb433873131/1/5/15564.JPG,15564.JPG,,,Hannas800,15564.JPG
HOLLY BERRY PLUMP GINGERBREAD ORNAMENT 2 ASST,15565,,"Fabric/Mixed Materials; 6""W x 7.5-8.75""H x 3.25""D",In stock,,,,"Fabric/Mixed Materials; 6""W x 7.5-8.75""H x 3.25""D",,24,$4.25 ,48,$3.90 ,,,24,Hannas400,Hannas160,https://www.hannashandiworks.com/media/catalog/product/cache/bbf624d4e302b71a44cbbfb433873131/1/5/15565.JPG,15565.JPG,,,Hannas800,15565.JPG
HOLLY BERRY PLUMP GINGERBREAD STANDER 2 ASST LARGE,15560,,"Over 4' Tall! Fabric/Mixed Materials; 22.75""W X 36-49.5""H x 15""D",In stock,$49.50 ,,,"Over 4' Tall! Fabric/Mixed Materials; 22.75""W X 36-49.5""H x 15""D",,2,$63.50 ,,,,,2,Hannas400,Hannas160,https://www.hannashandiworks.com/media/catalog/product/cache/bbf624d4e302b71a44cbbfb433873131/1/5/15560.JPG,15560.JPG,,,Hannas800,15560.JPG
HOLLY BERRY PLUMP GINGERBREAD STANDER 2 ASST MEDIUM,15561,,"Fabric and Mixed Materials; 10""W x 16-17.25""H x 5-6.5""D",In stock,,,,"Fabric and Mixed Materials; 10""W x 16-17.25""H x 5-6.5""D",,6,$14.50 ,12,$14.00 ,,,6,Hannas400,Hannas160,https://www.hannashandiworks.com/media/catalog/product/cache/bbf624d4e302b71a44cbbfb433873131/1/5/15561new.JPG,15561new.JPG,,,Hannas800,15561new.JPG
HOLLY BERRY PLUMP GINGERBREAD STANDER 2 ASST SMALL,15562,,"Fabric/Mixed Materials; 8.25""W x 12.25-14""H x 4-5""D",In stock,,,,"Fabric/Mixed Materials; 8.25""W x 12.25-14""H x 4-5""D",,6,$9.00 ,12,$8.25 ,24,$7.75 ,6,Hannas400,Hannas160,https://www.hannashandiworks.com/media/catalog/product/cache/bbf624d4e302b71a44cbbfb433873131/1/5/15562new.JPG,15562new.JPG,,,Hannas800,15562new.JPG
MRS CLAUS BAKE SHOP METAL SIGN,14250,,Over 2' Wide! Metal; 26¼”W x 13¼”H x ½”D,In stock,$12.50 ,,,Over 2' Wide! Metal; 26¼”W x 13¼”H x ½”D,,4,$16.75 ,,,,,4,Hannas400,Hannas160,https://www.hannashandiworks.com/media/catalog/product/cache/bbf624d4e302b71a44cbbfb433873131/1/4/14250.JPG,14250.JPG,,,Hannas800,14250.JPG
PASTEL BAKERY DONUT ORNAMENT 2 ASST,15017,,"Height is the actual ornament body height. Fabric; 5.25""W x 7.25""H x 2""D",In stock,,,,"Height is the actual ornament body height. Fabric; 5.25""W x 7.25""H x 2""D",,12,$3.20 ,48,$2.90 ,,,12,Hannas400,Hannas160,https://www.hannashandiworks.com/media/catalog/product/cache/bbf624d4e302b71a44cbbfb433873131/1/5/15017.JPG,15017.JPG,,,Hannas800,15017.JPG
PASTEL BAKERY GINGERBREAD CHRISTMAS TREE,15021,,"Fabric; 9.25""W x 22.25""H x 4.5""D",In stock,,,,"Fabric; 9.25""W x 22.25""H x 4.5""D",,4,$12.85 ,12,$12.35 ,24,$11.85 ,4,Hannas400,Hannas160,https://www.hannashandiworks.com/media/catalog/product/cache/bbf624d4e302b71a44cbbfb433873131/1/5/15021.JPG,15021.JPG,,,Hannas800,15021.JPG
PASTEL BAKERY GINGERBREAD CONE HANGER 2 ASST,15009,,"Fabric; 5.5""W x 15.5""H x 3""D",In stock,,,,"Fabric; 5.5""W x 15.5""H x 3""D",,6,$7.50 ,12,$7.00 ,,,6,Hannas400,Hannas160,https://www.hannashandiworks.com/media/catalog/product/cache/bbf624d4e302b71a44cbbfb433873131/1/5/15009.JPG,15009.JPG,,,Hannas800,15009.JPG
FESTIVE HIGHLAND COW SITTER 2 ASST LARGE,15440,,"Weighted bottom allows cow to sit upright when placed on flat, level surface. Fabric & Mixed Materials; 15.75""W x 19""H x 13""W",In stock,$19.50 ,,,"Weighted bottom allows cow to sit upright when placed on flat, level surface. Fabric & Mixed Materials; 15.75""W x 19""H x 13""W",,6,$25.00 ,,,,,6,Hannas400,Hannas160,https://www.hannashandiworks.com/media/catalog/product/cache/bbf624d4e302b71a44cbbfb433873131/1/5/15440.JPG,15440.JPG,,,Hannas800,15440.JPG
FESTIVE HIGHLAND COW SITTER 2 ASST SMALL,15439,,"Fabric & Mixed Materials; 10""W x 10.75""H x 5.5""D",In stock,$7.85 ,,,"Fabric & Mixed Materials; 10""W x 10.75""H x 5.5""D",,6,$11.25 ,,,,,6,Hannas400,Hannas160,https://www.hannashandiworks.com/media/catalog/product/cache/bbf624d4e302b71a44cbbfb433873131/1/5/15439.JPG,15439.JPG,,,Hannas800,15439.JPG
FESTIVE HIGHLAND COW TABLETOP,15438,,"Fabric; 9.5""W x 10.25""H x 8.5""D",In stock,,,,"Fabric; 9.5""W x 10.25""H x 8.5""D",,6,$9.25 ,12,$8.75 ,,,6,Hannas400,Hannas160,https://www.hannashandiworks.com/media/catalog/product/cache/bbf624d4e302b71a44cbbfb433873131/1/5/15438.JPG,15438.JPG,,,Hannas800,15438.JPG
FESTIVE HIGHLAND COW TABLETOP 2 ASST,15485,,"Resin; 3.5""W x 5.25""H x 4""D",,,,,"Resin; 3.5""W x 5.25""H x 4""D",,NA,$6.75 ,12,$6.25 ,24,$5.75 ,NA,Hannas400,Hannas160,https://www.hannashandiworks.com/media/catalog/product/cache/bbf624d4e302b71a44cbbfb433873131/1/5/15485.JPG,15485.JPG,,,Hannas800,15485.JPG
GRIDIRON HIGHLAND COW 3 ASST,15482,,"Resin; 3.25""W x 3.75""H x 2.75""D",In stock,,,,"Resin; 3.25""W x 3.75""H x 2.75""D",,6,$5.50 ,12,$5.00 ,24,$4.50 ,6,Hannas400,Hannas160,https://www.hannashandiworks.com/media/catalog/product/cache/bbf624d4e302b71a44cbbfb433873131/1/5/15482.JPG,15482.JPG,,,Hannas800,15482.JPG
HIGHLAND COW GIFT BOX TABLETOP 2 ASST,15508,,"Resin; 4.5-5.25""W x 8""H x 4""D",In stock,,,,"Resin; 4.5-5.25""W x 8""H x 4""D",,6,$12.90 ,12,$12.40 ,24,$11.90 ,6,Hannas400,Hannas160,https://www.hannashandiworks.com/media/catalog/product/cache/bbf624d4e302b71a44cbbfb433873131/1/5/15508.JPG,15508.JPG,,,Hannas800,15508.JPG
HIGHLAND COW HOLIDAY CHARACTERS TRIO,15522,,"Resin; 10.5""W x 7.5""H x 3.75""D",In stock,,,,"Resin; 10.5""W x 7.5""H x 3.75""D",,4,$16.75 ,8,$16.00 ,,,4,Hannas400,Hannas160,https://www.hannashandiworks.com/media/catalog/product/cache/bbf624d4e302b71a44cbbfb433873131/1/5/15522.JPG,15522.JPG,,,Hannas800,15522.JPG
HIGHLAND COW HOLIDAY ORNAMENT 3 ASST,15498,,"Resin; 2.25""W x 2.75""H x 1.75""D; Measurement is ornament body height only",In stock,,,,"Resin; 2.25""W x 2.75""H x 1.75""D; Measurement is ornament body height only",,6,$4.00 ,12,$3.75 ,,,6,Hannas400,Hannas160,https://www.hannashandiworks.com/media/catalog/product/cache/bbf624d4e302b71a44cbbfb433873131/1/5/15498.JPG,15498.JPG,,,Hannas800,15498.JPG
HIGHLAND COW HOLIDAY TABLETOP 3 ASST,15499,,"Resin; 3.75""W x 4""H x 3""D",In stock,,,,"Resin; 3.75""W x 4""H x 3""D",,6,$5.25 ,12,$5.00 ,24,$4.75 ,6,Hannas400,Hannas160,https://www.hannashandiworks.com/media/catalog/product/cache/bbf624d4e302b71a44cbbfb433873131/1/5/15499.JPG,15499.JPG,,,Hannas800,15499.JPG
HIGHLAND COW HOLLY WREATH LIGHT UP TABLETOP,15505,,"Lights Up! Requires 2 LR44 batteries, not included. Resin; 6.5""W x 7.75""H x 5.75""D",In stock,,,,"Lights Up! Requires 2 LR44 batteries, not included. Resin; 6.5""W x 7.75""H x 5.75""D",,4,$11.75 ,12,$11.25 ,24,$10.75 ,4,Hannas400,Hannas160,https://www.hannashandiworks.com/media/catalog/product/cache/bbf624d4e302b71a44cbbfb433873131/1/5/15505.JPG,15505.JPG,,,Hannas800,15505.JPG
HIGHLAND COW LARGE,14392,,"Over 2' Deep! Fabric/Mixed Materials; 23""W x 27""H x 30½""D",In stock,$79.50 ,,,"Over 2' Deep! Fabric/Mixed Materials; 23""W x 27""H x 30½""D",,1,$105.00 ,,,,,1,Hannas400,Hannas160,https://www.hannashandiworks.com/media/catalog/product/cache/bbf624d4e302b71a44cbbfb433873131/1/4/14392-angle-cob.JPG,14392-angle-cob.JPG,,,Hannas800,14392-angle-cob.JPG
HIGHLAND COW SANTAS COAT TABLETOP 2 ASST,15500,,"Resin; 5.75""W x 6""H x 3.75""D",In stock,,,,"Resin; 5.75""W x 6""H x 3.75""D",,8,$9.90 ,16,$9.40 ,24,$8.90 ,8,Hannas400,Hannas160,https://www.hannashandiworks.com/media/catalog/product/cache/bbf624d4e302b71a44cbbfb433873131/1/5/15500.JPG,15500.JPG,,,Hannas800,15500.JPG
HIGHLAND COW WITH GIFTS TABLETOP 2 ASST,15509,,"Resin/Fabric; 3.75""W x 5.25""H x 3.75""D",In stock,,,,"Resin/Fabric; 3.75""W x 5.25""H x 3.75""D",,6,$7.50 ,12,$7.00 ,,,6,Hannas400,Hannas160,https://www.hannashandiworks.com/media/catalog/product/cache/bbf624d4e302b71a44cbbfb433873131/1/5/15509.JPG,15509.JPG,,,Hannas800,15509.JPG
JOLLY HIGHLAND COW ORNAMENT TRAY 2 ASST,15593,,"Fabric; 4.75""W x 10.25""H x 2.75""D",In stock,,,,"Fabric; 4.75""W x 10.25""H x 2.75""D",,12,$3.05 ,48,$2.80 ,,,12,Hannas400,Hannas160,https://www.hannashandiworks.com/media/catalog/product/cache/bbf624d4e302b71a44cbbfb433873131/1/5/15593.JPG,15593.JPG,,,Hannas800,15593.JPG
JOLLY HIGHLAND COW SHORT TABLETOP 2 ASST,15592,,"Fabric; 7""W x 15""H x 9.75""D",In stock,,,,"Fabric; 7""W x 15""H x 9.75""D",,6,$7.90 ,12,$7.40 ,24,$6.90 ,6,Hannas400,Hannas160,https://www.hannashandiworks.com/media/catalog/product/cache/bbf624d4e302b71a44cbbfb433873131/1/5/15592.JPG,15592.JPG,,,Hannas800,15592.JPG
JOLLY HIGHLAND COW TABLETOP,15591,,"Fabric; 7.5""W x 18.5""H x 12""D",In stock,$9.25 ,,,"Fabric; 7.5""W x 18.5""H x 12""D",,6,$12.50 ,,,,,6,Hannas400,Hannas160,https://www.hannashandiworks.com/media/catalog/product/cache/bbf624d4e302b71a44cbbfb433873131/1/5/15591.JPG,15591.JPG,,,Hannas800,15591.JPG
CHRISTMAS BAUBLE TABLETOP WITH LIGHTS 2 ASST,15470,,"Lights Up! Requires 2 LR44 batteries, not included. Resin; 5""Diameter x 5.5""H",In stock,,,,"Lights Up! Requires 2 LR44 batteries, not included. Resin; 5""Diameter x 5.5""H",,8,$9.00 ,16,$8.50 ,24,$8.00 ,8,Hannas400,Hannas160,https://www.hannashandiworks.com/media/catalog/product/cache/bbf624d4e302b71a44cbbfb433873131/1/5/15470.JPG,15470.JPG,,,Hannas800,15470.JPG
CHRISTMAS GIFT LIGHT UP BOX 2 ASST,15137,,"Lights Up! Requires 2 AA batteries, not included. 3 modes: timer, timer flash, and off. Wood/Mixed Material; 7""W x 8""H x 7""D",In stock,,,,"Lights Up! Requires 2 AA batteries, not included. 3 modes: timer, timer flash, and off. Wood/Mixed Material; 7""W x 8""H x 7""D",,6,$14.50 ,12,$13.75 ,,,6,Hannas400,Hannas160,https://www.hannashandiworks.com/media/catalog/product/cache/bbf624d4e302b71a44cbbfb433873131/1/5/15137.JPG,15137.JPG,,,Hannas800,15137.JPG
CLASSIC WOODEN SANTA HANGER WITH LIGHTS,14262,,"Lights Up! Wood/Metal; 10""W x 19""H x 2""D; Requires 2 AA Batteries; Not Included; Battery settings are on/off/flash/timer",In stock,,,,"Lights Up! Wood/Metal; 10""W x 19""H x 2""D; Requires 2 AA Batteries; Not Included; Battery settings are on/off/flash/timer",,2,$18.00 ,4,$17.00 ,,,2,Hannas400,Hannas160,https://www.hannashandiworks.com/media/catalog/product/cache/bbf624d4e302b71a44cbbfb433873131/1/4/14262.JPG,14262.JPG,,,Hannas800,14262.JPG
FARMHOUSE WELCOME LIGHT UP TABLETOP,14304,,Lights Up! Wood/Mixed Materials; 13¾”W x 5½”H x 2”D; Requires 2 AA Batteries; Not Included,In stock,$12.50 ,,,Lights Up! Wood/Mixed Materials; 13¾”W x 5½”H x 2”D; Requires 2 AA Batteries; Not Included,,4,$16.50 ,,,,,4,Hannas400,Hannas160,https://www.hannashandiworks.com/media/catalog/product/cache/bbf624d4e302b71a44cbbfb433873131/1/4/14304.JPG,14304.JPG,,,Hannas800,14304.JPG
FROSTY SNOWMAN STACKER WITH LIGHTS,15126,,"Lights Up! Requires 3 AAA batteries, not included. Composite Resin; 8""W x 19""H x 7.75""D",In stock,$22.50 ,,,"Lights Up! Requires 3 AAA batteries, not included. Composite Resin; 8""W x 19""H x 7.75""D",,4,$29.00 ,,,,,4,Hannas400,Hannas160,https://www.hannashandiworks.com/media/catalog/product/cache/bbf624d4e302b71a44cbbfb433873131/1/5/15126.JPG,15126.JPG,,,Hannas800,15126.JPG
FROSTY STEEPLE WITH LIGHTS,15122,,"Lights Up! Requires 3 AAA batteries, not included. Composite Resin; 9.5""W x 21""H x 6.75""D",In stock,,,,"Lights Up! Requires 3 AAA batteries, not included. Composite Resin; 9.5""W x 21""H x 6.75""D",,2,$26.50 ,4,$25.50 ,6,$24.50 ,2,Hannas400,Hannas160,https://www.hannashandiworks.com/media/catalog/product/cache/bbf624d4e302b71a44cbbfb433873131/1/5/15122.JPG,15122.JPG,,,Hannas800,15122.JPG
HO HO HO WOODEN LIGHT UP HANGER,14263,,"Lights Up! Wood/Metal; 7""W x 23""H x 1¾""D; Requires 2 AA Batteries; Not Included; Battery settings are on/off/flash/timer",In stock,,,,"Lights Up! Wood/Metal; 7""W x 23""H x 1¾""D; Requires 2 AA Batteries; Not Included; Battery settings are on/off/flash/timer",,2,$17.00 ,4,$16.00 ,,,2,Hannas400,Hannas160,https://www.hannashandiworks.com/media/catalog/product/cache/bbf624d4e302b71a44cbbfb433873131/1/4/14263.JPG,14263.JPG,,,Hannas800,14263.JPG
HUMBLE HOME ORNAMENT WITH LIGHT 2 ASST,15242,,"Lights Up! Requires 3 LR44 batteries, not included. Metal; Orn body: 2.75""W x 2.5""H x 2""D",In stock,,,,"Lights Up! Requires 3 LR44 batteries, not included. Metal; Orn body: 2.75""W x 2.5""H x 2""D",,6,$3.85 ,12,$3.60 ,48,$3.35 ,6,Hannas400,Hannas160,https://www.hannashandiworks.com/media/catalog/product/cache/bbf624d4e302b71a44cbbfb433873131/1/5/15242.JPG,15242.JPG,,,Hannas800,15242.JPG
JOY MERRY CHRISTMAS TREE TABLETOP WITH LIGHTS 2 ASST,15184,,"Lights Up! Requires 2 AAA batteries; not included. Wood/Mixed Material; 8.25""W x 11.75""H x 2""D",In stock,,,,"Lights Up! Requires 2 AAA batteries; not included. Wood/Mixed Material; 8.25""W x 11.75""H x 2""D",,6,$8.75 ,12,$8.25 ,24,$7.75 ,6,Hannas400,Hannas160,https://www.hannashandiworks.com/media/catalog/product/cache/bbf624d4e302b71a44cbbfb433873131/1/5/15184.JPG,15184.JPG,,,Hannas800,15184.JPG
JOY MERRY SNOWMAN LIGHT UP WOODEN SIGN 2 ASST,14293,,Lights Up! Wood/Mixed Materials; 8”W x 8”H x 1¼”D; Requires 2 AA Batteries; Not Included,In stock,,,,Lights Up! Wood/Mixed Materials; 8”W x 8”H x 1¼”D; Requires 2 AA Batteries; Not Included,,6,$7.50 ,12,$6.75 ,,,6,Hannas400,Hannas160,https://www.hannashandiworks.com/media/catalog/product/cache/bbf624d4e302b71a44cbbfb433873131/1/4/14293.JPG,14293.JPG,,,Hannas800,14293.JPG
JOY SNOWMAN CARDINAL LIGHT UP SIGN 3 ASST,14305,,"Wood/Mixed Materials; 8""W x 8""H x 1¼""D; Requires 2 AA Batteries; Not Included",In stock,,,,"Wood/Mixed Materials; 8""W x 8""H x 1¼""D; Requires 2 AA Batteries; Not Included",,6,$6.25 ,12,$5.75 ,,,6,Hannas400,Hannas160,https://www.hannashandiworks.com/media/catalog/product/cache/bbf624d4e302b71a44cbbfb433873131/1/4/14305.JPG,14305.JPG,,,Hannas800,14305.JPG
LET IT SNOW EASEL PORCH SIGN WITH LED LIGHTS,13026,,"Lights Up! Over 3' Tall! Wood; 11""W x 46¾""H x 12½""D; Requires 2 AA Batteries; Not Included",In stock,$35.50 ,,,"Lights Up! Over 3' Tall! Wood; 11""W x 46¾""H x 12½""D; Requires 2 AA Batteries; Not Included",,2,$42.50 ,,,,,2,Hannas400,Hannas160,https://www.hannashandiworks.com/media/catalog/product/cache/bbf624d4e302b71a44cbbfb433873131/1/3/13026.JPG,13026.JPG,,,Hannas800,13026.JPG
MERRY AND BRIGHT SNOWMAN TABLETOP WITH LIGHT 2 ASST,15248,,"Lights Up! Requires 3 LR44 batteries, not included. Resin; 4""W x 7.25""H x 2.75""D",In stock,,,,"Lights Up! Requires 3 LR44 batteries, not included. Resin; 4""W x 7.25""H x 2.75""D",,4,$10.90 ,12,$10.40 ,,,4,Hannas400,Hannas160,https://www.hannashandiworks.com/media/catalog/product/cache/bbf624d4e302b71a44cbbfb433873131/1/5/15248.JPG,15248.JPG,,,Hannas800,15248.JPG
MERRY CHRISTMAS BACKLIGHT TABLETOP 2 ASST,15186,,"Lights Up! Requires 2 AAA batteries; not included. Wood/Mixed Material; 5.5""W x 7.25""H x 1.25""D",In stock,,,,"Lights Up! Requires 2 AAA batteries; not included. Wood/Mixed Material; 5.5""W x 7.25""H x 1.25""D",,6,$5.50 ,12,$5.00 ,,,6,Hannas400,Hannas160,https://www.hannashandiworks.com/media/catalog/product/cache/bbf624d4e302b71a44cbbfb433873131/1/5/15186.JPG,15186.JPG,,,Hannas800,15186.JPG
NATIVITY SCENE BACKLIGHT TABLETOP 2 ASST,15191,,"Lights Up! Requires 2 AAA batteries; not included. Wood/Mixed Material; 5.5""W x 7.25""H x 1.25""D",In stock,,,,"Lights Up! Requires 2 AAA batteries; not included. Wood/Mixed Material; 5.5""W x 7.25""H x 1.25""D",,6,$5.50 ,12,$5.00 ,,,6,Hannas400,Hannas160,https://www.hannashandiworks.com/media/catalog/product/cache/bbf624d4e302b71a44cbbfb433873131/1/5/15191.JPG,15191.JPG,,,Hannas800,15191.JPG
NATIVITY SCENE TABLETOP WITH LIGHTS 2 ASST,15183,,"Lights Up! Requires 2 AAA batteries; not included. Wood/Mixed Material; 6""W x 6.5""H x 1""D",In stock,,,,"Lights Up! Requires 2 AAA batteries; not included. Wood/Mixed Material; 6""W x 6.5""H x 1""D",,6,$6.90 ,12,$6.50 ,24,$6.10 ,6,Hannas400,Hannas160,https://www.hannashandiworks.com/media/catalog/product/cache/bbf624d4e302b71a44cbbfb433873131/1/5/15183.JPG,15183.JPG,,,Hannas800,15183.JPG
NATIVITY SHIMMERING HOLY FAMILY LIGHT UP TABLETOP,14404,,"Lights Up! Resin; 17¼""W x 15""H x 3¾""D; Requires 2 AAA Batteries; Not Included",In stock,$29.90 ,,,"Lights Up! Resin; 17¼""W x 15""H x 3¾""D; Requires 2 AAA Batteries; Not Included",,2,$39.25 ,,,,,2,Hannas400,Hannas160,https://www.hannashandiworks.com/media/catalog/product/cache/bbf624d4e302b71a44cbbfb433873131/1/4/14404_COB.JPG,14404_COB.JPG,,,Hannas800,14404_COB.JPG
O HOLY NIGHT BANNER WITH LIGHTS,15209,,"Lights Up! Over 4' Tall! Requires 2 AA batteries, not included. Poly-Canvas; 11.75""W x 51""H x .75""D",In stock,,,,"Lights Up! Over 4' Tall! Requires 2 AA batteries, not included. Poly-Canvas; 11.75""W x 51""H x .75""D",,6,$8.25 ,12,$7.75 ,,,6,Hannas400,Hannas160,https://www.hannashandiworks.com/media/catalog/product/cache/bbf624d4e302b71a44cbbfb433873131/1/5/15209.JPG,15209.JPG,,,Hannas800,15209.JPG
PASTEL BAKERY STOCKING WITH LIGHTS,15022,,"Lights up! Flash and color change lights; requires 2 AA batteries, not included. Fabric; 10.75""W x 22.25""H x 1.5""D",In stock,,,,"Lights up! Flash and color change lights; requires 2 AA batteries, not included. Fabric; 10.75""W x 22.25""H x 1.5""D",,8,$10.50 ,12,$10.00 ,24,$9.50 ,8,Hannas400,Hannas160,https://www.hannashandiworks.com/media/catalog/product/cache/bbf624d4e302b71a44cbbfb433873131/1/5/15022.JPG,15022.JPG,,,Hannas800,15022.JPG
PLAID TOP HAT WITH LIGHTS 2 ASST,13052,,Lights Up! Fabric/Mixed Materials; 11½”Dia x 10½”H; Requires 2 AA Batteries; Not Included,In stock,$8.75 ,,,Lights Up! Fabric/Mixed Materials; 11½”Dia x 10½”H; Requires 2 AA Batteries; Not Included,,6,$13.50 ,,,,,6,Hannas400,Hannas160,https://www.hannashandiworks.com/media/catalog/product/cache/bbf624d4e302b71a44cbbfb433873131/1/3/13052-cob.jpg,13052-cob.jpg,,,Hannas800,13052-cob.jpg
RED AND WHITE CHRISTMAS SLED OVERSIZED ORNAMENT WITH LIGHTS 2 ASST,14292,,Lights Up! Wood/Mixed Materials; 6”W x 15”H x 1¾”D; Greenery Included; Requires 2 AAA Batteries; Not Included,In stock,$5.50 ,,,Lights Up! Wood/Mixed Materials; 6”W x 15”H x 1¾”D; Greenery Included; Requires 2 AAA Batteries; Not Included,,6,$8.50 ,,,,,6,Hannas400,Hannas160,https://www.hannashandiworks.com/media/catalog/product/cache/bbf624d4e302b71a44cbbfb433873131/1/4/14292.JPG,14292.JPG,,,Hannas800,14292.JPG
RED WHITE GREEN TALL TREE WITH LIGHTS,15366,,"Lights Up! Over 3' Tall! Requires 3 AA batteries, not included; Modes: on, off and timer; does not flash. Wood; 23.5""W x 44.25""H x 15.25""D",In stock,,,,"Lights Up! Over 3' Tall! Requires 3 AA batteries, not included; Modes: on, off and timer; does not flash. Wood; 23.5""W x 44.25""H x 15.25""D",,2,$42.50 ,,,,,2,Hannas400,Hannas160,https://www.hannashandiworks.com/media/catalog/product/cache/bbf624d4e302b71a44cbbfb433873131/1/5/15366.JPG,15366.JPG,,,Hannas800,15366.JPG
ROUND GIFT BOX ORNAMENT WITH LIGHT 3 ASST,15243,,"Lights Up! Requires 3 LR44 batteries, not included. Metal; Orn body: 2.25""Dia x 2.75""H",In stock,,,,"Lights Up! Requires 3 LR44 batteries, not included. Metal; Orn body: 2.25""Dia x 2.75""H",,6,$3.85 ,12,$3.60 ,48,$3.35 ,6,Hannas400,Hannas160,https://www.hannashandiworks.com/media/catalog/product/cache/bbf624d4e302b71a44cbbfb433873131/1/5/15243.JPG,15243.JPG,,,Hannas800,15243.JPG
ROUND TOP HAT SNOWMAN WITH LIGHTS,14261,,"Lights Up! Wood; 15½""W x 21¼""H x 3""D; Requires 2 AA Batteries; Not Included; Battery settings are on/off/flash/timer",In stock,$21.90 ,,,"Lights Up! Wood; 15½""W x 21¼""H x 3""D; Requires 2 AA Batteries; Not Included; Battery settings are on/off/flash/timer",,2,$32.00 ,,,,,2,Hannas400,Hannas160,https://www.hannashandiworks.com/media/catalog/product/cache/bbf624d4e302b71a44cbbfb433873131/1/4/14261.JPG,14261.JPG,,,Hannas800,14261.JPG
WINTER COAT MOUSE ORNAMENT 2 ASST,14222,,"Fabric/Mixed Material; 3¾""W x 5½""H x 3""D",In stock,,,,"Fabric/Mixed Material; 3¾""W x 5½""H x 3""D",,12,$2.75 ,48,$2.50 ,,,12,Hannas400,Hannas160,https://www.hannashandiworks.com/media/catalog/product/cache/bbf624d4e302b71a44cbbfb433873131/1/4/14222.JPG,14222.JPG,,,Hannas800,14222.JPG
WINTER COAT MOUSE STRETCH LEG 2 ASST,14219,,"Stretch Legs! Over 3' Tall! Fabric/Mixed Material; 10¼""W x 31-37½""H x 9½""D",In stock,$17.75 ,,,"Stretch Legs! Over 3' Tall! Fabric/Mixed Material; 10¼""W x 31-37½""H x 9½""D",,4,$23.00 ,,,,,4,Hannas400,Hannas160,https://www.hannashandiworks.com/media/catalog/product/cache/bbf624d4e302b71a44cbbfb433873131/1/4/14219.JPG,14219.JPG,,,Hannas800,14219.JPG
WINTER COAT MOUSE TABLETOP 2 ASST,14220,,"Fabric/Mixed Material; 9""W x 19½""H x 7¾""D",In stock,,,,"Fabric/Mixed Material; 9""W x 19½""H x 7¾""D",,6,$9.50 ,12,$9.00 ,24,$8.50 ,6,Hannas400,Hannas160,https://www.hannashandiworks.com/media/catalog/product/cache/bbf624d4e302b71a44cbbfb433873131/1/4/14220.JPG,14220.JPG,,,Hannas800,14220.JPG
FROSTY SNOWMAN PICK WITH DISPLAY 4 ASST,15142,,"Wood/Wire; Base: 9.75""W x 2.5""H x 4""D; Picks: 2-2.5""W x 12-12.5""H x .25""D",In stock,,,,"Wood/Wire; Base: 9.75""W x 2.5""H x 4""D; Picks: 2-2.5""W x 12-12.5""H x .25""D",,24,$2.10 ,48,$1.90 ,288,$1.70 ,24,Hannas400,Hannas160,https://www.hannashandiworks.com/media/catalog/product/cache/bbf624d4e302b71a44cbbfb433873131/1/5/15142.JPG,15142.JPG,,,Hannas800,15142.JPG
GIANT RED METAL TRUCK,15238,,"Over 7' Wide! Over 3' Tall! Removable bed rails. Metal/Wood; 95.5""W x 44""H x 42""D",,,,,"Over 7' Wide! Over 3' Tall! Removable bed rails. Metal/Wood; 95.5""W x 44""H x 42""D",,NA,$649.00 ,,,,,NA,Hannas400,Hannas160,https://www.hannashandiworks.com/media/catalog/product/cache/bbf624d4e302b71a44cbbfb433873131/1/5/15238.JPG,15238.JPG,,,Hannas800,15238.JPG
GIFT BOX MAGENTIC COUNTDOWN HANGER 2 ASST,15285,,"Wood/Metal/Mixed Materials; 15.75""W x 22""H x .75""D; 1 Sawtooth Hanger",In stock,,,,"Wood/Metal/Mixed Materials; 15.75""W x 22""H x .75""D; 1 Sawtooth Hanger",,6,$15.50 ,12,$15.00 ,24,$14.50 ,6,Hannas400,Hannas160,https://www.hannashandiworks.com/media/catalog/product/cache/bbf624d4e302b71a44cbbfb433873131/1/5/15285.JPG,15285.JPG,,,Hannas800,15285.JPG
GOLD TRIMMED MERRY CHRISTMAS TABLETOP,15517,,"Resin; 11.25""W x 4.75""H x 1.25""D",In stock,,,,"Resin; 11.25""W x 4.75""H x 1.25""D",,4,$9.90 ,8,$9.40 ,16,$8.90 ,4,Hannas400,Hannas160,https://www.hannashandiworks.com/media/catalog/product/cache/bbf624d4e302b71a44cbbfb433873131/1/5/15517.JPG,15517.JPG,,,Hannas800,15517.JPG
HOLLY MERRY CHRISTMAS TABLETOP SIGN,15606,,"Metal/Wood; 13.5""W x 5.75""H x 2""D",In stock,,,,"Metal/Wood; 13.5""W x 5.75""H x 2""D",,4,$8.75 ,8,$8.25 ,16,$7.75 ,4,Hannas400,Hannas160,https://www.hannashandiworks.com/media/catalog/product/cache/bbf624d4e302b71a44cbbfb433873131/1/5/15606.JPG,15606.JPG,,,Hannas800,15606.JPG
JOVIAL SANTA SNOWMAN PICK WITH DISPLAY 4 ASST,15141,,"Wood/Wire; Base: 9.75""W x 2.5""H x 4""D; Picks: 2.5-2.75""W x 12-12.75""H x .25""D",In stock,,,,"Wood/Wire; Base: 9.75""W x 2.5""H x 4""D; Picks: 2.5-2.75""W x 12-12.75""H x .25""D",,24,$2.20 ,96,$2.00 ,288,$1.80 ,24,Hannas400,Hannas160,https://www.hannashandiworks.com/media/catalog/product/cache/bbf624d4e302b71a44cbbfb433873131/1/5/15141.JPG,15141.JPG,,,Hannas800,15141.JPG
MERRY CARDINAL SANTA SIGN 2 ASST,15219,,"Wood/Mixed Material; 6.25""W x 7.75""H x .75""D",In stock,,,,"Wood/Mixed Material; 6.25""W x 7.75""H x .75""D",,6,$3.25 ,12,$3.00 ,36,$2.75 ,6,Hannas400,Hannas160,https://www.hannashandiworks.com/media/catalog/product/cache/bbf624d4e302b71a44cbbfb433873131/1/5/15219.JPG,15219.JPG,,,Hannas800,15219.JPG
MRS CLAUS COAT WINE BOTTLE COVER,15216,,"Fabric/Mixed Material; 6""Dia x 9.75""H",In stock,,,,"Fabric/Mixed Material; 6""Dia x 9.75""H",,12,$3.50 ,24,$3.25 ,,,12,Hannas400,Hannas160,https://www.hannashandiworks.com/media/catalog/product/cache/bbf624d4e302b71a44cbbfb433873131/1/5/15216.JPG,15216.JPG,,,Hannas800,15216.JPG
NOEL BOW TABLETOP,15136,,"Wood/Mixed Material; 22.5""W x 11.75""H x 2.5""D",In stock,,,,"Wood/Mixed Material; 22.5""W x 11.75""H x 2.5""D",,4,$18.00 ,12,$17.00 ,,,4,Hannas400,Hannas160,https://www.hannashandiworks.com/media/catalog/product/cache/bbf624d4e302b71a44cbbfb433873131/1/5/15136.JPG,15136.JPG,,,Hannas800,15136.JPG
PAW PRINT JOY PHOTO HOLDER,15610,,"Wood and Metal; 5.5""W x 5""H x 1""D",In stock,,,,"Wood and Metal; 5.5""W x 5""H x 1""D",,6,$3.25 ,,,,,6,Hannas400,Hannas160,https://www.hannashandiworks.com/media/catalog/product/cache/bbf624d4e302b71a44cbbfb433873131/1/5/15610.JPG,15610.JPG,,,Hannas800,15610.JPG
SANTA AND MOTORCYCLE SET,12790,,"Fabric Santa; 8""W x 28""H x 6""D and Metal Motorcycle; 32.5""W x 17.5""H x 5""D",In stock,$59.50 ,,,"Fabric Santa; 8""W x 28""H x 6""D and Metal Motorcycle; 32.5""W x 17.5""H x 5""D",,2,$101.50 ,,,,,2,Hannas400,Hannas160,https://www.hannashandiworks.com/media/catalog/product/cache/bbf624d4e302b71a44cbbfb433873131/1/2/12790-cob.jpg,12790-cob.jpg,,,Hannas800,12790-cob.jpg
SANTA DON'T FORGET PETS TABLETOP 2 ASST,15609,,"Wood; 4.5""W x 3.5""H x 1""D",In stock,,,,"Wood; 4.5""W x 3.5""H x 1""D",,12,$3.00 ,48,$2.75 ,,,12,Hannas400,Hannas160,https://www.hannashandiworks.com/media/catalog/product/cache/bbf624d4e302b71a44cbbfb433873131/1/5/15609.JPG,15609.JPG,,,Hannas800,15609.JPG
SANTAS COAT WINE BOTTLE SWEATER,15213,,"Fabric/Mixed Material; Body: 3""Dia x 6.25""H x 5.5""W (with arms out) Hat: 1.75""Diameter x 3.5""H",In stock,,,,"Fabric/Mixed Material; Body: 3""Dia x 6.25""H x 5.5""W (with arms out) Hat: 1.75""Diameter x 3.5""H",,12,$4.90 ,,,,,12,Hannas400,Hannas160,https://www.hannashandiworks.com/media/catalog/product/cache/bbf624d4e302b71a44cbbfb433873131/1/5/15213.JPG,15213.JPG,,,Hannas800,15213.JPG
SNOW MERRY PRESENTS DECOR TABLETOP 2 ASST,15611,,"Wood; 8""W x 9""H x 1""D",In stock,,,,"Wood; 8""W x 9""H x 1""D",,6,$6.00 ,12,$5.75 ,24,$5.50 ,6,Hannas400,Hannas160,https://www.hannashandiworks.com/media/catalog/product/cache/bbf624d4e302b71a44cbbfb433873131/1/5/15611.JPG,15611.JPG,,,Hannas800,15611.JPG
SNOWFLAKE SNOWMAN WINE BOTTLE SWEATER 2 ASST,15212,,"Fabric; Body: 3""Dia x 6.25""H x 5.5""W (with arms out) Hat: 1.75""Diameter x 3.5""H",In stock,,,,"Fabric; Body: 3""Dia x 6.25""H x 5.5""W (with arms out) Hat: 1.75""Diameter x 3.5""H",,12,$4.90 ,24,$4.70 ,48,$4.50 ,12,Hannas400,Hannas160,https://www.hannashandiworks.com/media/catalog/product/cache/bbf624d4e302b71a44cbbfb433873131/1/5/15212.JPG,15212.JPG,,,Hannas800,15212.JPG
SNOWFLAKE SQUARES MAGNETIC PLAYABLE TIC TAC TOE,15310,,"Wood and Metal; 10.25""W x 10.25""H x 1""D",In stock,,,,"Wood and Metal; 10.25""W x 10.25""H x 1""D",,4,$12.90 ,12,$12.40 ,24,$11.90 ,4,Hannas400,Hannas160,https://www.hannashandiworks.com/media/catalog/product/cache/bbf624d4e302b71a44cbbfb433873131/1/5/15310.JPG,15310.JPG,,,Hannas800,15310.JPG
VIBRANT SNOWMAN DRAFT BLOCKER 2 ASST,15078,,"Over 2' Wide! Fabric/Mixed Material; 24.5""W x 15.5-20""H x 7.25""D",In stock,,,,"Over 2' Wide! Fabric/Mixed Material; 24.5""W x 15.5-20""H x 7.25""D",,6,$14.50 ,12,$14.00 ,24,$13.50 ,6,Hannas400,Hannas160,https://www.hannashandiworks.com/media/catalog/product/cache/bbf624d4e302b71a44cbbfb433873131/1/5/15078.JPG,15078.JPG,,,Hannas800,15078.JPG
BIRCH SANTA TABLETOP STANDER,15504,,"Resin; 6""W x 13""H x 4.75""D",In stock,,,,"Resin; 6""W x 13""H x 4.75""D",,4,$14.50 ,,,,,4,Hannas400,Hannas160,https://www.hannashandiworks.com/media/catalog/product/cache/bbf624d4e302b71a44cbbfb433873131/1/5/15504.JPG,15504.JPG,,,Hannas800,15504.JPG
CHRISTMAS COW AND PIG ORNAMENT 2 ASST,14016,,"Resin; 3¾""W x 2¾""H x 1½""D",In stock,,,,"Resin; 3¾""W x 2¾""H x 1½""D",,6,$2.90 ,24,$2.60 ,,,6,Hannas400,Hannas160,https://www.hannashandiworks.com/media/catalog/product/cache/bbf624d4e302b71a44cbbfb433873131/1/4/14016.JPG,14016.JPG,,,Hannas800,14016.JPG
CHRISTMAS TREE BLOCKED METAL 3 PIECE SET,15266,,"Metal; Large: 12.5""W x 21.5""H x 2.75""D; Medium: 10.75""W x 18""H x 2.75""D; Small: 9.25""W x 14""H x 2.75""D",In stock,,,,"Metal; Large: 12.5""W x 21.5""H x 2.75""D; Medium: 10.75""W x 18""H x 2.75""D; Small: 9.25""W x 14""H x 2.75""D",,2,$32.50 ,,,,,2,Hannas400,Hannas160,https://www.hannashandiworks.com/media/catalog/product/cache/bbf624d4e302b71a44cbbfb433873131/1/5/15266.JPG,15266.JPG,,,Hannas800,15266.JPG
CHRISTMAS TRUCK TAILGATE WALL DECOR,15232,,"Includes 2 Keyhole Hangers; Metal; 14.25""W x 12.75""H x 5.25""D",In stock,,,,"Includes 2 Keyhole Hangers; Metal; 14.25""W x 12.75""H x 5.25""D",,4,$15.90 ,8,$15.40 ,16,$14.90 ,4,Hannas400,Hannas160,https://www.hannashandiworks.com/media/catalog/product/cache/bbf624d4e302b71a44cbbfb433873131/1/5/15232.JPG,15232.JPG,,,Hannas800,15232.JPG
COZY SNOWFLAKE TABLE RUNNER 2 ASST,13062,,Over 5' Long! Fabric; 14”W x 67”L x 1”D (90”L with Tassel),In stock,$7.25 ,,,Over 5' Long! Fabric; 14”W x 67”L x 1”D (90”L with Tassel),,6,$14.50 ,,,,,6,Hannas400,Hannas160,https://www.hannashandiworks.com/media/catalog/product/cache/bbf624d4e302b71a44cbbfb433873131/1/3/13062.JPG,13062.JPG,,,Hannas800,13062.JPG
DAYS UNTIL CHRISTMAS ORNAMENT COUNTDOWN HANGER,13435,,Metal/Wood/Rope; 18”W x 24½”H x 1¾”D,In stock,,,,Metal/Wood/Rope; 18”W x 24½”H x 1¾”D,,4,$26.50 ,,,,,4,Hannas400,Hannas160,https://www.hannashandiworks.com/media/catalog/product/cache/bbf624d4e302b71a44cbbfb433873131/1/3/13435.JPG,13435.JPG,,,Hannas800,13435.JPG
DECORATED SNOWMAN TABLETOP 2 ASST,15444,,"Fabric & Mixed Materials; 5.25""W x 10-11""H x 4.75""D",In stock,,,,"Fabric & Mixed Materials; 5.25""W x 10-11""H x 4.75""D",,6,$11.25 ,12,$10.75 ,,,6,Hannas400,Hannas160,https://www.hannashandiworks.com/media/catalog/product/cache/bbf624d4e302b71a44cbbfb433873131/1/5/15444.JPG,15444.JPG,,,Hannas800,15444.JPG
FAUX WOOD CARVED REINDEER TABLETOP 2 PIECE SET,15463,,"Resin; Standing Deer: 3.5""W x 6""H x 2.25""D; Laying Deer: 3.25""W x 3.25""H x 1.75""D",In stock,,,,"Resin; Standing Deer: 3.5""W x 6""H x 2.25""D; Laying Deer: 3.25""W x 3.25""H x 1.75""D",,6,$8.75 ,12,$8.25 ,24,$7.75 ,6,Hannas400,Hannas160,https://www.hannashandiworks.com/media/catalog/product/cache/bbf624d4e302b71a44cbbfb433873131/1/5/15463.JPG,15463.JPG,,,Hannas800,15463.JPG
COCOA MOOSE SITTER 2 ASST,15403,,"Fabric & Mixed Materials; 9""W x 16""H x 7.5""D",In stock,,,,"Fabric & Mixed Materials; 9""W x 16""H x 7.5""D",,6,$10.75 ,12,$10.25 ,24,$9.75 ,6,Hannas400,Hannas160,https://www.hannashandiworks.com/media/catalog/product/cache/bbf624d4e302b71a44cbbfb433873131/1/5/15403.JPG,15403.JPG,,,Hannas800,15403.JPG
COCOA MOOSE STANDER 2 ASST,15402,,"Over 2' Tall! Fabric & Mixed Materials; 14""W x 26""H x 8""D",In stock,,,,"Over 2' Tall! Fabric & Mixed Materials; 14""W x 26""H x 8""D",,6,$15.90 ,12,$15.40 ,,,6,Hannas400,Hannas160,https://www.hannashandiworks.com/media/catalog/product/cache/bbf624d4e302b71a44cbbfb433873131/1/5/15402.JPG,15402.JPG,,,Hannas800,15402.JPG
EVERGREEN MOOSE SITTER 2 ASST,15415,,"Fabric; 8.75""W x 15-18""H x 6.5""D",In stock,,,,"Fabric; 8.75""W x 15-18""H x 6.5""D",,6,$10.25 ,12,$9.75 ,24,$9.25 ,6,Hannas400,Hannas160,https://www.hannashandiworks.com/media/catalog/product/cache/bbf624d4e302b71a44cbbfb433873131/1/5/15415.JPG,15415.JPG,,,Hannas800,15415.JPG
EVERGREEN MOOSE STANDER 2 ASST,15413,,"Over 2' Tall! Fabric; 8.25""W x 26-30""H x 7.5""D",In stock,,,,"Over 2' Tall! Fabric; 8.25""W x 26-30""H x 7.5""D",,6,$12.65 ,12,$12.15 ,24,$11.65 ,6,Hannas400,Hannas160,https://www.hannashandiworks.com/media/catalog/product/cache/bbf624d4e302b71a44cbbfb433873131/1/5/15413.JPG,15413.JPG,,,Hannas800,15413.JPG
FROSTY MOOSE STANDER 2 ASST,14155,,"Over 2' Tall! Fabric; 10½""W x 26½""H x 9""D",In stock,,,,"Over 2' Tall! Fabric; 10½""W x 26½""H x 9""D",,4,$17.50 ,8,$16.50 ,,,4,Hannas400,Hannas160,https://www.hannashandiworks.com/media/catalog/product/cache/bbf624d4e302b71a44cbbfb433873131/1/4/14155.JPG,14155.JPG,,,Hannas800,14155.JPG
FUZZY RED DEER TABLETOP 2 PIECE SET,14421,,"Resin; 1½-2¼""W x 3¾-5""H x 3-3½""D",In stock,$5.25 ,,,"Resin; 1½-2¼""W x 3¾-5""H x 3-3½""D",,4,$8.00 ,,,,,4,Hannas400,Hannas160,https://www.hannashandiworks.com/media/catalog/product/cache/bbf624d4e302b71a44cbbfb433873131/1/4/14421-cob.jpg,14421-cob.jpg,,,Hannas800,14421-cob.jpg
GOLD ANTLER REINDEER TABLETOP 2 PIECE SET,15524,,"Resin/Mixed Materials; Standing Deer: 12""W x 16""H x 5.5""D; Laying Deer: 11""W x 9.5""H x 3.75""D",In stock,$37.50 ,,,"Resin/Mixed Materials; Standing Deer: 12""W x 16""H x 5.5""D; Laying Deer: 11""W x 9.5""H x 3.75""D",,2,$46.50 ,,,,,2,Hannas400,Hannas160,https://www.hannashandiworks.com/media/catalog/product/cache/bbf624d4e302b71a44cbbfb433873131/1/5/15524.JPG,15524.JPG,,,Hannas800,15524.JPG
HINTERLAND MOOSE ORNAMENT 2 ASST,15556,,"Fabric; 5""W x 6.75""H x 3""D",In stock,,,,"Fabric; 5""W x 6.75""H x 3""D",,12,$3.05 ,48,$2.80 ,,,12,Hannas400,Hannas160,https://www.hannashandiworks.com/media/catalog/product/cache/bbf624d4e302b71a44cbbfb433873131/1/5/15556.JPG,15556.JPG,,,Hannas800,15556.JPG
HINTERLAND MOOSE SITTER 2 ASST,15555,,"Fabric; 8.5""W x 13.5-18""H x 7.75""D",In stock,,,,"Fabric; 8.5""W x 13.5-18""H x 7.75""D",,6,$9.25 ,12,$8.75 ,24,$8.25 ,6,Hannas400,Hannas160,https://www.hannashandiworks.com/media/catalog/product/cache/bbf624d4e302b71a44cbbfb433873131/1/5/15555.JPG,15555.JPG,,,Hannas800,15555.JPG
HINTERLAND MOOSE STANDER 2 ASST,15553,,"Fabric/Mixed Material; 12""W x 18.25-23""H x 7""D",In stock,,,,"Fabric/Mixed Material; 12""W x 18.25-23""H x 7""D",,6,$12.75 ,12,$12.25 ,,,6,Hannas400,Hannas160,https://www.hannashandiworks.com/media/catalog/product/cache/bbf624d4e302b71a44cbbfb433873131/1/5/15553.JPG,15553.JPG,,,Hannas800,15553.JPG
BLESSING CERAMIC ANGEL LARGE,14062,,Glazed Ceramic; 5¼”W x 14”H x 4½”D; Greenery Not Included,In stock,,,,Glazed Ceramic; 5¼”W x 14”H x 4½”D; Greenery Not Included,,2,$13.90 ,,,,,2,Hannas400,Hannas160,https://www.hannashandiworks.com/media/catalog/product/cache/bbf624d4e302b71a44cbbfb433873131/1/4/14062.JPG,14062.JPG,,,Hannas800,14062.JPG
BLESSING CERAMIC ANGEL MEDIUM,14063,,"Glazed Ceramic; 4""W x 10""H x 3¼""D; Greenery not included",In stock,,,,"Glazed Ceramic; 4""W x 10""H x 3¼""D; Greenery not included",,2,$9.50 ,,,,,2,Hannas400,Hannas160,https://www.hannashandiworks.com/media/catalog/product/cache/bbf624d4e302b71a44cbbfb433873131/1/4/14063.JPG,14063.JPG,,,Hannas800,14063.JPG
CHAPEL STEEPLE WOODEN TABLETOP 2 ASST,15289,,"Wood/Mixed Materials; 6""W x 10""H x 1""D",In stock,,,,"Wood/Mixed Materials; 6""W x 10""H x 1""D",,4,$9.25 ,12,$8.75 ,,,4,Hannas400,Hannas160,https://www.hannashandiworks.com/media/catalog/product/cache/bbf624d4e302b71a44cbbfb433873131/1/5/15289.JPG,15289.JPG,,,Hannas800,15289.JPG
GOLD STAR NATIVITY SCENE,15363,,"Over 2' Tall! Wood; 30.25""W x 29.25""H x 4""D",In stock,,,,"Over 2' Tall! Wood; 30.25""W x 29.25""H x 4""D",,2,$34.75 ,4,$32.75 ,,,2,Hannas400,Hannas160,https://www.hannashandiworks.com/media/catalog/product/cache/bbf624d4e302b71a44cbbfb433873131/1/5/15363.JPG,15363.JPG,,,Hannas800,15363.JPG
HOLLY CROSS TABLETOP BACKLIGHT,15189,,"Includes Tea Light Candle; Wood/Mixed Material; 3.5""W x 5.25""H x 3""D",In stock,,,,"Includes Tea Light Candle; Wood/Mixed Material; 3.5""W x 5.25""H x 3""D",,6,$5.25 ,12,$4.75 ,,,6,Hannas400,Hannas160,https://www.hannashandiworks.com/media/catalog/product/cache/bbf624d4e302b71a44cbbfb433873131/1/5/15189-2.jpg,15189-2.jpg,,,Hannas800,15189-2.jpg
NATIVITY ANGELIC TABLETOP 8 PIECE SET,15481,,"Resin; Baby Jesus: 2""W x 1.75""H x 2.5""D; Mary: 2.5""W x 4""H x 2.75""D; Joseph: 3""W x 5.25""H x 2.25""D",In stock,$19.90 ,,,"Resin; Baby Jesus: 2""W x 1.75""H x 2.5""D; Mary: 2.5""W x 4""H x 2.75""D; Joseph: 3""W x 5.25""H x 2.25""D",,4,$25.50 ,,,,,4,Hannas400,Hannas160,https://www.hannashandiworks.com/media/catalog/product/cache/bbf624d4e302b71a44cbbfb433873131/1/5/15481.JPG,15481.JPG,,,Hannas800,15481.JPG
NATIVITY BETHLEHEM MANGER TABLETOP,10443,,"Resin; 8""W x 4.5""H x 2.5""D",In stock,,,,"Resin; 8""W x 4.5""H x 2.5""D",,4,$14.25 ,8,$13.75 ,16,$13.25 ,4,Hannas400,Hannas160,https://www.hannashandiworks.com/media/catalog/product/cache/bbf624d4e302b71a44cbbfb433873131/1/0/10443.JPG,10443.JPG,,,Hannas800,10443.JPG
NATIVITY CHILDRENS 8 PIECE SET,13308,,"Resin; Baby Jesus: 1""W x 1""H x 1.25""D; Mary: 1.25""W x 2""H x 1""D; Joseph: 1.25""W x 2.5""H x 1""D",In stock,,,,"Resin; Baby Jesus: 1""W x 1""H x 1.25""D; Mary: 1.25""W x 2""H x 1""D; Joseph: 1.25""W x 2.5""H x 1""D",,4,$14.75 ,8,$14.25 ,24,$13.75 ,4,Hannas400,Hannas160,https://www.hannashandiworks.com/media/catalog/product/cache/bbf624d4e302b71a44cbbfb433873131/1/3/13308.JPG,13308.JPG,,,Hannas800,13308.JPG
NATIVITY CHILDRENS HOLY FAMILY ORNAMENT 3 ASST,15455,,"Resin; 2""W x 2.25""H x 1""D; Measurement is ornament body height only",In stock,,,,"Resin; 2""W x 2.25""H x 1""D; Measurement is ornament body height only",,6,$4.25 ,12,$4.00 ,48,$3.75 ,6,Hannas400,Hannas160,https://www.hannashandiworks.com/media/catalog/product/cache/bbf624d4e302b71a44cbbfb433873131/1/5/15455.JPG,15455.JPG,,,Hannas800,15455.JPG
NATIVITY ELEGANT HOLY FAMILY,13320,,"Resin; 6.25""W x 9""H x 3""D",In stock,,,,"Resin; 6.25""W x 9""H x 3""D",,4,$10.50 ,12,$10.00 ,24,$9.50 ,4,Hannas400,Hannas160,https://www.hannashandiworks.com/media/catalog/product/cache/bbf624d4e302b71a44cbbfb433873131/1/3/13320.JPG,13320.JPG,,,Hannas800,13320.JPG
NATIVITY NORTH STAR SET,19540,,"Metal Barn/Resin Figures; Barn: 11.75""W x 8.75""H x 2.75""D; Baby Jesus: 0.75""W x 0.75""H x 1""D; Mary: 1.25""W x 2""H x 1""D; Joseph: 1.5""W x 2.5""H x 1.25""D",In stock,$17.50 ,,,"Metal Barn/Resin Figures; Barn: 11.75""W x 8.75""H x 2.75""D; Baby Jesus: 0.75""W x 0.75""H x 1""D; Mary: 1.25""W x 2""H x 1""D; Joseph: 1.5""W x 2.5""H x 1.25""D",,4,$27.00 ,,,,,4,Hannas400,Hannas160,https://www.hannashandiworks.com/media/catalog/product/cache/bbf624d4e302b71a44cbbfb433873131/1/9/19540.JPG,19540.JPG,,,Hannas800,19540.JPG
NATIVITY SERENE BLUE GOLD TABLETOP,15457,,"Resin; 10.25""W x 7.75""H x 4.5""D",In stock,,,,"Resin; 10.25""W x 7.75""H x 4.5""D",,4,$18.00 ,8,$17.00 ,,,4,Hannas400,Hannas160,https://www.hannashandiworks.com/media/catalog/product/cache/bbf624d4e302b71a44cbbfb433873131/1/5/15457.JPG,15457.JPG,,,Hannas800,15457.JPG
NATIVITY SILVER NOEL PEACE HOLY FAMILY ORNAMENT 2 ASST,15458,,"Resin; 3.75-4""W x 1.75""H x .75""D; Measurement is ornament body height only",In stock,,,,"Resin; 3.75-4""W x 1.75""H x .75""D; Measurement is ornament body height only",,8,$3.50 ,16,$3.25 ,,,8,Hannas400,Hannas160,https://www.hannashandiworks.com/media/catalog/product/cache/bbf624d4e302b71a44cbbfb433873131/1/5/15458.JPG,15458.JPG,,,Hannas800,15458.JPG
NATIVITY SILVER NOEL PEACE HOLY FAMILY TABLETOP 2 ASST,15460,,"Resin; 10.5-11.5""W x 4.25""H x 1""D",In stock,,,,"Resin; 10.5-11.5""W x 4.25""H x 1""D",,6,$7.25 ,12,$6.75 ,24,$6.25 ,6,Hannas400,Hannas160,https://www.hannashandiworks.com/media/catalog/product/cache/bbf624d4e302b71a44cbbfb433873131/1/5/15460.JPG,15460.JPG,,,Hannas800,15460.JPG
ORNATE CROSS WALL ART,69056,,Wood/Metal; 16½”W x 23½”H x ¾”D,In stock,$16.90 ,,,Wood/Metal; 16½”W x 23½”H x ¾”D,,6,$21.50 ,,,,,6,Hannas400,Hannas160,https://www.hannashandiworks.com/media/catalog/product/cache/bbf624d4e302b71a44cbbfb433873131/6/9/69056_3.jpg,69056_3.jpg,,,Hannas800,69056_3.jpg
RED HOLY NIGHT SIGN,12298,,Wood; 23½”W x 9”H x 1”D,In stock,$18.90 ,,,Wood; 23½”W x 9”H x 1”D,,4,$24.00 ,,,,,4,Hannas400,Hannas160,https://www.hannashandiworks.com/media/catalog/product/cache/bbf624d4e302b71a44cbbfb433873131/1/2/12298_1.JPG,12298_1.JPG,,,Hannas800,12298_1.JPG
SCRIPTURE TABLETOP LIGHT UP 2 ASST,15180,,"Lights Up! Requires 2 AAA batteries; not included. Wood; 6.25""W x 9.25""H x .75""D",In stock,,,,"Lights Up! Requires 2 AAA batteries; not included. Wood; 6.25""W x 9.25""H x .75""D",,6,$5.90 ,12,$5.60 ,24,$5.30 ,6,Hannas400,Hannas160,https://www.hannashandiworks.com/media/catalog/product/cache/bbf624d4e302b71a44cbbfb433873131/1/5/15180.JPG,15180.JPG,,,Hannas800,15180.JPG
SILHOUETTE NATIVITY SCENE WALL DECOR,15314,,"Wood; 14""W x 30""H x 1""D; 1 Sawtooth Hanger",In stock,$19.25 ,,,"Wood; 14""W x 30""H x 1""D; 1 Sawtooth Hanger",,2,$25.90 ,,,,,2,Hannas400,Hannas160,https://www.hannashandiworks.com/media/catalog/product/cache/bbf624d4e302b71a44cbbfb433873131/1/5/15314.JPG,15314.JPG,,,Hannas800,15314.JPG
WHITE NATIVITY SILHOUETTE TABLETOP,15329,,"Metal/Wood; 13""W x 9.25""H x 2""D",In stock,$10.90 ,,,"Metal/Wood; 13""W x 9.25""H x 2""D",,4,$15.50 ,,,,,4,Hannas400,Hannas160,https://www.hannashandiworks.com/media/catalog/product/cache/bbf624d4e302b71a44cbbfb433873131/1/5/15329.JPG,15329.JPG,,,Hannas800,15329.JPG
REGAL NUTCRACKER TABLETOP 2 ASST,15252,,"Resin; 4""W x 15.75""H x 4""D",In stock,$13.50 ,,,"Resin; 4""W x 15.75""H x 4""D",,6,$18.25 ,,,,,6,Hannas400,Hannas160,https://www.hannashandiworks.com/media/catalog/product/cache/bbf624d4e302b71a44cbbfb433873131/1/5/15252.JPG,15252.JPG,,,Hannas800,15252.JPG
CARTOON SANTA SNOWMAN ORNAMENT SET,15203,,"Wood/Twine Hanger; 2""W x 4.5""H x .25""D",In stock,,,,"Wood/Twine Hanger; 2""W x 4.5""H x .25""D",,2,$2.80 ,6,$2.65 ,,,2,Hannas400,Hannas160,https://www.hannashandiworks.com/media/catalog/product/cache/bbf624d4e302b71a44cbbfb433873131/1/5/15203.JPG,15203.JPG,,,Hannas800,15203.JPG
CHRISTMAS CHEER SNOWMAN ORNAMENT 3 ASST,13076,,Fabric; 4¼”W x 11-16”H x 4”D,In stock,,,,Fabric; 4¼”W x 11-16”H x 4”D,,12,$3.75 ,24,$3.50 ,48,$3.25 ,12,Hannas400,Hannas160,https://www.hannashandiworks.com/media/catalog/product/cache/bbf624d4e302b71a44cbbfb433873131/1/3/13076.JPG,13076.JPG,,,Hannas800,13076.JPG
CHRISTMAS PALS GIFT BAG ORNAMENT WITH DISPLAY 6 ASST,15158,,"Wood/Wire; Tree: 14.25""W x 22.5""H x 4""D; Ornaments: 4.5""W x 6.5""H x .25""D",In stock,,,,"Wood/Wire; Tree: 14.25""W x 22.5""H x 4""D; Ornaments: 4.5""W x 6.5""H x .25""D",,48,$3.00 ,96,$2.75 ,192,$2.50 ,48,Hannas400,Hannas160,https://www.hannashandiworks.com/media/catalog/product/cache/bbf624d4e302b71a44cbbfb433873131/1/5/15158.JPG,15158.JPG,,,Hannas800,15158.JPG
CHRISTMAS PALS ORNAMENT WITH DISPLAY 8 ASST,15143,,"Wood/Wire; Tree: 10.75""W x 18.75""H x 4""D; Ornaments: 2-3""W x 3.75-5.25""H x .25""D",In stock,,,,"Wood/Wire; Tree: 10.75""W x 18.75""H x 4""D; Ornaments: 2-3""W x 3.75-5.25""H x .25""D",,80,$1.85 ,240,$1.65 ,,,80,Hannas400,Hannas160,https://www.hannashandiworks.com/media/catalog/product/cache/bbf624d4e302b71a44cbbfb433873131/1/5/15143.JPG,15143.JPG,,,Hannas800,15143.JPG
COWBOY SANTA SNOWMAN ORNAMENT 2 ASST,15483,,"Resin; 2""W x 3.5""H x 1.5""D; Measurement is ornament body height only",In stock,,,,"Resin; 2""W x 3.5""H x 1.5""D; Measurement is ornament body height only",,6,$4.50 ,12,$4.20 ,24,$3.90 ,6,Hannas400,Hannas160,https://www.hannashandiworks.com/media/catalog/product/cache/bbf624d4e302b71a44cbbfb433873131/1/5/15483.JPG,15483.JPG,,,Hannas800,15483.JPG
CRANBERRY SNOWMAN ORNAMENT 2 ASST,15395,,"Fabric & Mixed Materials; 4""W x 6.5-8.5""H x 2.75""D",In stock,,,,"Fabric & Mixed Materials; 4""W x 6.5-8.5""H x 2.75""D",,24,$2.75 ,48,$2.50 ,96,$2.25 ,24,Hannas400,Hannas160,https://www.hannashandiworks.com/media/catalog/product/cache/bbf624d4e302b71a44cbbfb433873131/1/5/15395.JPG,15395.JPG,,,Hannas800,15395.JPG
EVERGREEN SANTA SNOWMAN ORNAMENT 2 ASST,15417,,"Fabric & Mixed Materials; 3.75""W x 7-8.75""H x 2.5""D",In stock,,,,"Fabric & Mixed Materials; 3.75""W x 7-8.75""H x 2.5""D",,24,$2.75 ,48,$2.50 ,96,$2.25 ,24,Hannas400,Hannas160,https://www.hannashandiworks.com/media/catalog/product/cache/bbf624d4e302b71a44cbbfb433873131/1/5/15417.JPG,15417.JPG,,,Hannas800,15417.JPG
FESTIVE SNOWMAN SANTA ORNAMENT 6 ASST,13111,,"Free Display! Wood/Wire; Orns: 3¾-4½""W x 6.25-7¼""H x ¼""D; Display: 13½""W x 23½""H x 3¾""D",In stock,,,,"Free Display! Wood/Wire; Orns: 3¾-4½""W x 6.25-7¼""H x ¼""D; Display: 13½""W x 23½""H x 3¾""D",,48,$2.75 ,96,$2.50 ,,,48,Hannas400,Hannas160,https://www.hannashandiworks.com/media/catalog/product/cache/bbf624d4e302b71a44cbbfb433873131/1/3/13111.JPG,13111.JPG,,,Hannas800,13111.JPG
FROSTY SNOWMAN ORNAMENT TRAY 2 ASST,15602,,"Fabric/Mixed Material; 3.5""W x 10.5""H x 2.25""D",In stock,,,,"Fabric/Mixed Material; 3.5""W x 10.5""H x 2.25""D",,12,$3.05 ,48,$2.80 ,,,12,Hannas400,Hannas160,https://www.hannashandiworks.com/media/catalog/product/cache/bbf624d4e302b71a44cbbfb433873131/1/5/15602.JPG,15602.JPG,,,Hannas800,15602.JPG
FROSTY SNOWMAN ORNAMENT WITH DISPLAY 6 ASST,15145,,"Wood/Wire; Tree: 14.25""W x 22.5""H x 4""D; Ornaments: 3-3.75""W x 6.25-6.75""H x .25""D",In stock,,,,"Wood/Wire; Tree: 14.25""W x 22.5""H x 4""D; Ornaments: 3-3.75""W x 6.25-6.75""H x .25""D",,48,$2.90 ,96,$2.60 ,192,$2.30 ,48,Hannas400,Hannas160,https://www.hannashandiworks.com/media/catalog/product/cache/bbf624d4e302b71a44cbbfb433873131/1/5/15145.JPG,15145.JPG,,,Hannas800,15145.JPG
HEART SANTA SNOWMAN ORNAMENT WITH DISPLAY 4 ASST.,15165,,"Wood/Metal/Rope; Display: 11.75""W x 19.25""H x 9.75""D; Heart Ornaments: 3.25""W x 5.25""H x .75""D",In stock,,,,"Wood/Metal/Rope; Display: 11.75""W x 19.25""H x 9.75""D; Heart Ornaments: 3.25""W x 5.25""H x .75""D",,72,$2.10 ,144,$1.90 ,,,72,Hannas400,Hannas160,https://www.hannashandiworks.com/media/catalog/product/cache/bbf624d4e302b71a44cbbfb433873131/1/5/15165.JPG,15165.JPG,,,Hannas800,15165.JPG
HEART STAR SNOWMAN ORNAMENT WITH DISPLAY 6 ASST,15146,,"Wood/Rope; Tree: 14.25""W x 22.5""H x 4""D; Ornaments: 4.5-5""W x 7.25""H x .25""D",In stock,,,,"Wood/Rope; Tree: 14.25""W x 22.5""H x 4""D; Ornaments: 4.5-5""W x 7.25""H x .25""D",,48,$3.25 ,96,$3.00 ,192,$2.75 ,48,Hannas400,Hannas160,https://www.hannashandiworks.com/media/catalog/product/cache/bbf624d4e302b71a44cbbfb433873131/1/5/15146.JPG,15146.JPG,,,Hannas800,15146.JPG
JINGLE BELL SANTA SNOWMAN ORNAMENT WITH DISPLAY 4 ASST,15164,,"Wood, Metal and Rope; Display: 10.5""W x 20""H x 10.5""D; Ornaments: 3.25""Diameter x 5.5""H",In stock,,,,"Wood, Metal and Rope; Display: 10.5""W x 20""H x 10.5""D; Ornaments: 3.25""Diameter x 5.5""H",,36,$3.20 ,72,$3.00 ,144,$2.80 ,36,Hannas400,Hannas160,https://www.hannashandiworks.com/media/catalog/product/cache/bbf624d4e302b71a44cbbfb433873131/1/5/15164.JPG,15164.JPG,,,Hannas800,15164.JPG
JOLLY FARM ANIMAL ORNAMENT 3 ASST,14409,,"Resin; 1¾-3¼""W x 5½""H x 1¾-3""D; Includes hanging height",In stock,,,,"Resin; 1¾-3¼""W x 5½""H x 1¾-3""D; Includes hanging height",,6,$2.75 ,48,$2.50 ,,,6,Hannas400,Hannas160,https://www.hannashandiworks.com/media/catalog/product/cache/bbf624d4e302b71a44cbbfb433873131/1/4/14409.JPG,14409.JPG,,,Hannas800,14409.JPG
JOLLY PLAID MOOSE ORNAMENT WITHTRAY 2 ASST,15409,,"Includes free display box! Fabric; 4.5""W x 7.5""H x 3""D",In stock,,,,"Includes free display box! Fabric; 4.5""W x 7.5""H x 3""D",,24,$2.75 ,48,$2.50 ,96,$2.25 ,24,Hannas400,Hannas160,https://www.hannashandiworks.com/media/catalog/product/cache/bbf624d4e302b71a44cbbfb433873131/1/5/15409.JPG,15409.JPG,,,Hannas800,15409.JPG
HINTERLAND PENGUIN STANDER 2 ASST,15557,,"Over 2' Tall! Fabric; 13.5""W x 26-30.5""H x 13.5""D",In stock,$24.90 ,,,"Over 2' Tall! Fabric; 13.5""W x 26-30.5""H x 13.5""D",,2,$29.90 ,,,,,2,Hannas400,Hannas160,https://www.hannashandiworks.com/media/catalog/product/cache/bbf624d4e302b71a44cbbfb433873131/1/5/15557.JPG,15557.JPG,,,Hannas800,15557.JPG
CHRISTMAS TREES PHOTO FRAME 2 ASST,15306,,"Wood/Mixed Materials; 11""W x 8.75""H x 5""D",In stock,,,,"Wood/Mixed Materials; 11""W x 8.75""H x 5""D",,6,$6.90 ,12,$6.40 ,,,6,Hannas400,Hannas160,https://www.hannashandiworks.com/media/catalog/product/cache/bbf624d4e302b71a44cbbfb433873131/1/5/15306.JPG,15306.JPG,,,Hannas800,15306.JPG
ORNATE FRAME,15303,,"Resin/Mixed Materials; 6.75""W x 9.75""H x 4.5""D; Easel frame plus 1 d-ring hanger",In stock,,,,"Resin/Mixed Materials; 6.75""W x 9.75""H x 4.5""D; Easel frame plus 1 d-ring hanger",,2,$9.90 ,12,$9.40 ,24,$8.90 ,2,Hannas400,Hannas160,https://www.hannashandiworks.com/media/catalog/product/cache/bbf624d4e302b71a44cbbfb433873131/1/5/15303-2.jpg,15303-2.jpg,,,Hannas800,15303-2.jpg
ICY BLUE PLAID REINDEER PILLLOW,15538,,"Fabric; 17.75""W x 17.75""H x 7.75""D",In stock,,,,"Fabric; 17.75""W x 17.75""H x 7.75""D",,6,$14.90 ,,,,,6,Hannas400,Hannas160,https://www.hannashandiworks.com/media/catalog/product/cache/bbf624d4e302b71a44cbbfb433873131/1/5/15538.JPG,15538.JPG,,,Hannas800,15538.JPG
JOLLY SANTA PILLOW,14150,,Fabric; 13½”W x 15”H x 6”D,In stock,$13.50 ,,,Fabric; 13½”W x 15”H x 6”D,,4,$17.50 ,,,,,4,Hannas400,Hannas160,https://www.hannashandiworks.com/media/catalog/product/cache/bbf624d4e302b71a44cbbfb433873131/1/4/14150.JPG,14150.JPG,,,Hannas800,14150.JPG
PASTEL BAKERY LARGE DONUT PILLOW,15020,,"Fabric; 16""W x 20""H x 4.75""D",In stock,$12.75 ,,,"Fabric; 16""W x 20""H x 4.75""D",,6,$16.25 ,,,,,6,Hannas400,Hannas160,https://www.hannashandiworks.com/media/catalog/product/cache/bbf624d4e302b71a44cbbfb433873131/1/5/15020.JPG,15020.JPG,,,Hannas800,15020.JPG
PLAID SNOWFLAKE PILLOW 2 ASST,15535,,"Fabric; 18.25""W x 18.25""H x 8.25""D",In stock,,,,"Fabric; 18.25""W x 18.25""H x 8.25""D",,6,$15.50 ,,,,,6,Hannas400,Hannas160,https://www.hannashandiworks.com/media/catalog/product/cache/bbf624d4e302b71a44cbbfb433873131/1/5/15535.JPG,15535.JPG,,,Hannas800,15535.JPG
VIBRANT SNOWMAN PILLOW 2 ASST,15080,,"Fabric; 14.25""W x 14.25""H x 8""D",In stock,,,,"Fabric; 14.25""W x 14.25""H x 8""D",,4,$9.90 ,12,$9.40 ,24,$8.90 ,4,Hannas400,Hannas160,https://www.hannashandiworks.com/media/catalog/product/cache/bbf624d4e302b71a44cbbfb433873131/1/5/15080.JPG,15080.JPG,,,Hannas800,15080.JPG
BIRCH SNOWMAN STANDER 2 ASST,15496,,"Resin; 6.5""W x 9.75""H x 3.75""D",In stock,,,,"Resin; 6.5""W x 9.75""H x 3.75""D",,6,$11.50 ,12,$11.00 ,24,$10.50 ,6,Hannas400,Hannas160,https://www.hannashandiworks.com/media/catalog/product/cache/bbf624d4e302b71a44cbbfb433873131/1/5/15496.JPG,15496.JPG,,,Hannas800,15496.JPG
BIRCH SNOWMAN TABLETOP 2 ASST,15492,,"Resin; 3.5""W x 6.75""H x 2""D",In stock,,,,"Resin; 3.5""W x 6.75""H x 2""D",,6,$5.75 ,12,$5.25 ,24,$4.75 ,6,Hannas400,Hannas160,https://www.hannashandiworks.com/media/catalog/product/cache/bbf624d4e302b71a44cbbfb433873131/1/5/15492.JPG,15492.JPG,,,Hannas800,15492.JPG
FAUX WOOD GRAIN SNOWMAN TABLETOP 2 ASST,15465,,"Resin; 3""W x 4.5""H x 2""D",In stock,,,,"Resin; 3""W x 4.5""H x 2""D",,6,$4.75 ,12,$4.25 ,24,$3.75 ,6,Hannas400,Hannas160,https://www.hannashandiworks.com/media/catalog/product/cache/bbf624d4e302b71a44cbbfb433873131/1/5/15465.JPG,15465.JPG,,,Hannas800,15465.JPG
FROSTY SANTA STANDER WITH LANTERN TEALIGHT HOLDER,15128,,"Composite Resin; 11""W x 17""H x 6""D",In stock,$21.75 ,,,"Composite Resin; 11""W x 17""H x 6""D",,4,$28.50 ,,,,,4,Hannas400,Hannas160,https://www.hannashandiworks.com/media/catalog/product/cache/bbf624d4e302b71a44cbbfb433873131/1/5/15128.JPG,15128.JPG,,,Hannas800,15128.JPG
FROSTY SNOWMAN STACKER,15525,,"Resin; 4""W x 11.5""H x 3.25""D",In stock,,,,"Resin; 4""W x 11.5""H x 3.25""D",,4,$11.90 ,12,$11.40 ,24,$10.90 ,4,Hannas400,Hannas160,https://www.hannashandiworks.com/media/catalog/product/cache/bbf624d4e302b71a44cbbfb433873131/1/5/15525.JPG,15525.JPG,,,Hannas800,15525.JPG
FROSTY SNOWMAN TABLETOP 2 ASST LARGE,15519,,"Resin; 4.25""W x 7""H x 3""D",In stock,,,,"Resin; 4.25""W x 7""H x 3""D",,6,$7.50 ,12,$7.00 ,24,$6.50 ,6,Hannas400,Hannas160,https://www.hannashandiworks.com/media/catalog/product/cache/bbf624d4e302b71a44cbbfb433873131/1/5/15519.JPG,15519.JPG,,,Hannas800,15519.JPG
FROSTY SNOWMAN TABLETOP 2 ASST MEDIUM,15520,,"Resin; 3.75""W x 5""H x 2.75""D",In stock,,,,"Resin; 3.75""W x 5""H x 2.75""D",,6,$5.75 ,12,$5.25 ,24,$4.75 ,6,Hannas400,Hannas160,https://www.hannashandiworks.com/media/catalog/product/cache/bbf624d4e302b71a44cbbfb433873131/1/5/15520.JPG,15520.JPG,,,Hannas800,15520.JPG
FROSTY SNOWMAN TABLETOP 2 ASST SMALL,15518,,"Resin; 2.5""W x 3.75""H x 2""D",In stock,,,,"Resin; 2.5""W x 3.75""H x 2""D",,6,$4.50 ,12,$4.25 ,24,$4.00 ,6,Hannas400,Hannas160,https://www.hannashandiworks.com/media/catalog/product/cache/bbf624d4e302b71a44cbbfb433873131/1/5/15518.JPG,15518.JPG,,,Hannas800,15518.JPG
GOLD BUCKLE SANTA STANDER,15361,,"2' Tall! Wood/Metal; 18.5""W x 24""H x 4.5""D",In stock,$28.50 ,,,"2' Tall! Wood/Metal; 18.5""W x 24""H x 4.5""D",,2,$36.50 ,,,,,2,Hannas400,Hannas160,https://www.hannashandiworks.com/media/catalog/product/cache/bbf624d4e302b71a44cbbfb433873131/1/5/15361.JPG,15361.JPG,,,Hannas800,15361.JPG
HO HO HO SANTA STAKE,15003,,"Over 2' Tall! Metal; 13""W x 30""H x .75""D",In stock,,,,"Over 2' Tall! Metal; 13""W x 30""H x .75""D",,4,$8.50 ,8,$8.00 ,,,4,Hannas400,Hannas160,https://www.hannashandiworks.com/media/catalog/product/cache/bbf624d4e302b71a44cbbfb433873131/1/5/15003.JPG,15003.JPG,,,Hannas800,15003.JPG
HOLIDAY TRADITION SANTA STANDER 2 ASST,15036,,"Over 2' tall! Weighted feet help Santa stands when placed on flat, level surface. Wired arms for easy posing! Fabric; 7.5""W x 26.75""H x 7""D",In stock,$14.50 ,,,"Over 2' tall! Weighted feet help Santa stands when placed on flat, level surface. Wired arms for easy posing! Fabric; 7.5""W x 26.75""H x 7""D",,4,$18.50 ,,,,,4,Hannas400,Hannas160,https://www.hannashandiworks.com/media/catalog/product/cache/bbf624d4e302b71a44cbbfb433873131/1/5/15036.JPG,15036.JPG,,,Hannas800,15036.JPG
HOLLY BERRY SANTA STANDER,15131,,"Wood/Mixed Material; 11.5""W x 12.25""H x 2.25""D",In stock,,,,"Wood/Mixed Material; 11.5""W x 12.25""H x 2.25""D",,4,$11.25 ,8,$10.75 ,12,$10.25 ,4,Hannas400,Hannas160,https://www.hannashandiworks.com/media/catalog/product/cache/bbf624d4e302b71a44cbbfb433873131/1/5/15131.JPG,15131.JPG,,,Hannas800,15131.JPG
JOLLY SANTA ORNAMENT 6 ASST,14026,,"Free Display! Wood/Wire Hanger; Display: 13½""W x 23½""H x 4½""D; Orns: 4½""W x 6½""H x ½""D",In stock,,,,"Free Display! Wood/Wire Hanger; Display: 13½""W x 23½""H x 4½""D; Orns: 4½""W x 6½""H x ½""D",,48,$2.75 ,96,$2.50 ,,,48,Hannas400,Hannas160,https://www.hannashandiworks.com/media/catalog/product/cache/bbf624d4e302b71a44cbbfb433873131/1/4/14026.JPG,14026.JPG,,,Hannas800,14026.JPG
JOLLY SANTA TABLETOP 3 ASST,14457,,"Resin; 3½""W x 6½""H x 2¾""D",In stock,,,,"Resin; 3½""W x 6½""H x 2¾""D",,6,$5.50 ,12,$5.00 ,,,6,Hannas400,Hannas160,https://www.hannashandiworks.com/media/catalog/product/cache/bbf624d4e302b71a44cbbfb433873131/1/4/14457.JPG,14457.JPG,,,Hannas800,14457.JPG
LONG COAT SANTA TABLETOP 2 ASST,15507,,"Resin; 6""W x 11""H x 4""D",In stock,,,,"Resin; 6""W x 11""H x 4""D",,6,$13.75 ,12,$13.00 ,24,$12.25 ,6,Hannas400,Hannas160,https://www.hannashandiworks.com/media/catalog/product/cache/bbf624d4e302b71a44cbbfb433873131/1/5/15507-2asst.jpg,15507-2asst.jpg,,,Hannas800,15507-2asst.jpg
MERRY SANTA SNOWMAN REINDEER STACKER 2 ASST,15246,,"Resin; 4""Dia x 12""H",In stock,$11.50 ,,,"Resin; 4""Dia x 12""H",,6,$15.50 ,,,,,6,Hannas400,Hannas160,https://www.hannashandiworks.com/media/catalog/product/cache/bbf624d4e302b71a44cbbfb433873131/1/5/15246.JPG,15246.JPG,,,Hannas800,15246.JPG
MR AND MRS CLAUS WALTZ TABLETOP,15249,,"Resin; 6""W x 9.5""H x 4""D",In stock,$13.90 ,,,"Resin; 6""W x 9.5""H x 4""D",,4,$18.90 ,,,,,4,Hannas400,Hannas160,https://www.hannashandiworks.com/media/catalog/product/cache/bbf624d4e302b71a44cbbfb433873131/1/5/15249.JPG,15249.JPG,,,Hannas800,15249.JPG
O HOLY NIGHT SANTA SERVING TRAY 2 PIECE SET,15291,,"Wood; Large: 14""W x 14""H x 2""D; Small: 13""W x 13""H x 1.75""D",In stock,$19.90 ,,,"Wood; Large: 14""W x 14""H x 2""D; Small: 13""W x 13""H x 1.75""D",,3,$25.00 ,,,,,3,Hannas400,Hannas160,https://www.hannashandiworks.com/media/catalog/product/cache/bbf624d4e302b71a44cbbfb433873131/1/5/15291new.JPG,15291new.JPG,,,Hannas800,15291new.JPG
POLISHED SANTA ORNAMENT 6 ASST,14028,,"Free Display! Wood/Wire Hanger; Display: 13½""W x 23½""H x 4½""D; Orns: 3¼""W x 7""H x ½""D",In stock,,,,"Free Display! Wood/Wire Hanger; Display: 13½""W x 23½""H x 4½""D; Orns: 3¼""W x 7""H x ½""D",,48,$2.50 ,96,$2.25 ,,,48,Hannas400,Hannas160,https://www.hannashandiworks.com/media/catalog/product/cache/bbf624d4e302b71a44cbbfb433873131/1/4/14028.JPG,14028.JPG,,,Hannas800,14028.JPG
SANTA AND TREE WOODEN STANDER,14146,,"2' Tall! Wood; 20½""W x 24""H x 4¾""D",In stock,,,,"2' Tall! Wood; 20½""W x 24""H x 4¾""D",,2,$29.90 ,,,,,2,Hannas400,Hannas160,https://www.hannashandiworks.com/media/catalog/product/cache/bbf624d4e302b71a44cbbfb433873131/1/4/14146.JPG,14146.JPG,,,Hannas800,14146.JPG
SANTA STOP HERE LIGHT UP BANNER,14274,,"Lights Up! Over 4' Tall! Vinyl, Wood & Mixed Materials; 11½”W x 50½”H x 1”D; Requires 2 AA Batteries; Not Included",In stock,,,,"Lights Up! Over 4' Tall! Vinyl, Wood & Mixed Materials; 11½”W x 50½”H x 1”D; Requires 2 AA Batteries; Not Included",,6,$8.75 ,12,$8.25 ,24,$7.75 ,6,Hannas400,Hannas160,https://www.hannashandiworks.com/media/catalog/product/cache/bbf624d4e302b71a44cbbfb433873131/1/4/14274.JPG,14274.JPG,,,Hannas800,14274.JPG
WINTER WOODS SANTA STANDER,15113,,"Over 2' Tall! Fabric/Mixed Material; 13.25""W x 32""H x 8""D",In stock,$19.90 ,,,"Over 2' Tall! Fabric/Mixed Material; 13.25""W x 32""H x 8""D",,4,$25.90 ,,,,,4,Hannas400,Hannas160,https://www.hannashandiworks.com/media/catalog/product/cache/bbf624d4e302b71a44cbbfb433873131/1/5/15113.JPG,15113.JPG,,,Hannas800,15113.JPG
TRADITIONAL SANTA STANDER 2 ASST SMALL,15055,,"Fabric/Mixed Material; 7""W x 16.5""H x 4.75""D",In stock,,,,"Fabric/Mixed Material; 7""W x 16.5""H x 4.75""D",,6,$9.50 ,12,$9.00 ,24,$8.50 ,6,Hannas400,Hannas160,https://www.hannashandiworks.com/media/catalog/product/cache/bbf624d4e302b71a44cbbfb433873131/1/5/15055.JPG,15055.JPG,,,Hannas800,15055.JPG
SILVER WINTER SANTA STANDER,13156,,"Fabric & Mixed Material; 9.5""W x 28.75""H x 5.75""D",,$21.50 ,,,"Fabric & Mixed Material; 9.5""W x 28.75""H x 5.75""D",,NA,$26.00 ,,,,,NA,Hannas400,Hannas160,https://www.hannashandiworks.com/media/catalog/product/cache/bbf624d4e302b71a44cbbfb433873131/1/3/13156.JPG,13156.JPG,,,Hannas800,13156.JPG
SINGING DANCING SANTA AND REINDEER 2 ASST,14151,,"Music and Animation! Fabric; 6-9""W x 15-18""H x 8""D; Requires 3 AA Batteries; Not Included; Sings and dances to ""Jingle Bell Rock""",In stock,$8.90 ,,,"Music and Animation! Fabric; 6-9""W x 15-18""H x 8""D; Requires 3 AA Batteries; Not Included; Sings and dances to ""Jingle Bell Rock""",,6,$16.50 ,,,,,6,Hannas400,Hannas160,https://www.hannashandiworks.com/media/catalog/product/cache/bbf624d4e302b71a44cbbfb433873131/1/4/14151-cob.jpg,14151-cob.jpg,,,Hannas800,14151-cob.jpg
TRADITIONAL SANTA STANDER 2 ASST MEDIUM,15054,,"Over 2' Tall! Fabric/Mixed Material; 8.75""W x 25""H x 6""D",In stock,,,,"Over 2' Tall! Fabric/Mixed Material; 8.75""W x 25""H x 6""D",,6,$13.75 ,12,$13.25 ,24,$12.75 ,6,Hannas400,Hannas160,https://www.hannashandiworks.com/media/catalog/product/cache/bbf624d4e302b71a44cbbfb433873131/1/5/15054.JPG,15054.JPG,,,Hannas800,15054.JPG
SANTAS LIST RED TABLETOP 2 ASST,15462,,"Resin; 4.5-5.5""W x 9.75""H x 3.75""D",In stock,,,,"Resin; 4.5-5.5""W x 9.75""H x 3.75""D",,8,$12.90 ,,,,,8,Hannas400,Hannas160,https://www.hannashandiworks.com/media/catalog/product/cache/bbf624d4e302b71a44cbbfb433873131/1/5/15462.JPG,15462.JPG,,,Hannas800,15462.JPG
SANTAS LIST CREAM TABLETOP 2 ASST,15461,,"Resin; 4.5-5.5""W x 9.75""H x 3.75""D",In stock,,,,"Resin; 4.5-5.5""W x 9.75""H x 3.75""D",,8,$12.90 ,,,,,8,Hannas400,Hannas160,https://www.hannashandiworks.com/media/catalog/product/cache/bbf624d4e302b71a44cbbfb433873131/1/5/15461.JPG,15461.JPG,,,Hannas800,15461.JPG
WOODEN SANTA GREETER WITH LIGHTS,12001,,Easel! Over 2' Tall! Wood; 20½”W x 27¾”H x 8¼”D; Requires 2 AA Batteries; Not Included,In stock,,,,Easel! Over 2' Tall! Wood; 20½”W x 27¾”H x 8¼”D; Requires 2 AA Batteries; Not Included,,2,$42.50 ,4,$39.50 ,,,2,Hannas400,Hannas160,https://www.hannashandiworks.com/media/catalog/product/cache/bbf624d4e302b71a44cbbfb433873131/1/2/12001.JPG,12001.JPG,,,Hannas800,12001.JPG
SANTAS BEARD COUNTDOWN HANGER,15197,,"Wood/Mixed Materials; 7.75""W x 11.5""H x .25""D",In stock,,,,"Wood/Mixed Materials; 7.75""W x 11.5""H x .25""D",,6,$4.00 ,12,$3.75 ,24,$3.50 ,6,Hannas400,Hannas160,https://www.hannashandiworks.com/media/catalog/product/cache/bbf624d4e302b71a44cbbfb433873131/1/5/15197.JPG,15197.JPG,,,Hannas800,15197.JPG
SANTA ON REINDEER STANDER,15365,,"Over 2' Tall! Wood; 14W x 31.25""H x 4.75""D",In stock,,,,"Over 2' Tall! Wood; 14W x 31.25""H x 4.75""D",,2,$35.50 ,4,$34.50 ,,,2,Hannas400,Hannas160,https://www.hannashandiworks.com/media/catalog/product/cache/bbf624d4e302b71a44cbbfb433873131/1/5/15365.JPG,15365.JPG,,,Hannas800,15365.JPG
SLEIGH TABLETOP WHITE AND GOLD TRIM,15269,,"Metal; 15.25""W x 8.25""H x 8""D",In stock,,,,"Metal; 15.25""W x 8.25""H x 8""D",,4,$15.90 ,8,$15.30 ,,,4,Hannas400,Hannas160,https://www.hannashandiworks.com/media/catalog/product/cache/bbf624d4e302b71a44cbbfb433873131/1/5/15269.JPG,15269.JPG,,,Hannas800,15269.JPG
HOLLY JOLLY SNOWMAN SKIER TABLETOP,15116,,"Fabric/Mixed Material; 9.75""W x 19.25""H x 7.25""D",In stock,$13.75 ,,,"Fabric/Mixed Material; 9.75""W x 19.25""H x 7.25""D",,4,$18.50 ,,,,,4,Hannas400,Hannas160,https://www.hannashandiworks.com/media/catalog/product/cache/bbf624d4e302b71a44cbbfb433873131/1/5/15116.JPG,15116.JPG,,,Hannas800,15116.JPG
VIBRANT SNOWMAN SKIER 2 ASST,15074,,"Fabric/Mixed Material; 8""W x 15.5-19""H x 7""D",In stock,,,,"Fabric/Mixed Material; 8""W x 15.5-19""H x 7""D",,6,$8.75 ,12,$8.25 ,,,6,Hannas400,Hannas160,https://www.hannashandiworks.com/media/catalog/product/cache/bbf624d4e302b71a44cbbfb433873131/1/5/15074.JPG,15074.JPG,,,Hannas800,15074.JPG
RED ROYAL SLEIGH,11381,,Over 3 Feet Wide! Metal; 37”W x 24¼”H x 15¾”D,In stock,$69.50 ,,,Over 3 Feet Wide! Metal; 37”W x 24¼”H x 15¾”D,,1,$79.50 ,,,,,1,Hannas400,Hannas160,https://www.hannashandiworks.com/media/catalog/product/cache/bbf624d4e302b71a44cbbfb433873131/1/1/11381-cob.jpg,11381-cob.jpg,,,Hannas800,11381-cob.jpg
SNOWY SANTA SLEIGH,15364,,"Wood; 23.5""W x 14.25""H x 8""D",In stock,,,,"Wood; 23.5""W x 14.25""H x 8""D",,2,$37.75 ,,,,,2,Hannas400,Hannas160,https://www.hannashandiworks.com/media/catalog/product/cache/bbf624d4e302b71a44cbbfb433873131/1/5/15364.JPG,15364.JPG,,,Hannas800,15364.JPG
COCOA CREAM SNOWMAN SITTER 2 ASST,15385,,"Fabric & Mixed Materials; 8.75""W x 12.5-16""H x 6.75""D",In stock,,,,"Fabric & Mixed Materials; 8.75""W x 12.5-16""H x 6.75""D",,6,$8.50 ,12,$8.00 ,24,$7.50 ,6,Hannas400,Hannas160,https://www.hannashandiworks.com/media/catalog/product/cache/bbf624d4e302b71a44cbbfb433873131/1/5/15385.JPG,15385.JPG,,,Hannas800,15385.JPG
COCOA CREAM SNOWMAN TABLETOP 2 ASST,15387,,"Fabric & Mixed Materials; 7""W x 10.5-14""H x 4.75""D",In stock,,,,"Fabric & Mixed Materials; 7""W x 10.5-14""H x 4.75""D",,6,$5.50 ,12,$5.00 ,,,6,Hannas400,Hannas160,https://www.hannashandiworks.com/media/catalog/product/cache/bbf624d4e302b71a44cbbfb433873131/1/5/15387.JPG,15387.JPG,,,Hannas800,15387.JPG
CRANBERRY SNOWMAN SITTER 2 ASST,15396,,"Fabric & Mixed Materials; 9.25""W x 12-15.5""H x 6.75""D",In stock,,,,"Fabric & Mixed Materials; 9.25""W x 12-15.5""H x 6.75""D",,6,$8.50 ,12,$8.00 ,24,$7.50 ,6,Hannas400,Hannas160,https://www.hannashandiworks.com/media/catalog/product/cache/bbf624d4e302b71a44cbbfb433873131/1/5/15396.JPG,15396.JPG,,,Hannas800,15396.JPG
CRANBERRY SNOWMAN STACKER,15392,,"Over 2' Tall! Fabric & Mixed Materials; 10.75""W x 29""H x 8.75""D",In stock,,,,"Over 2' Tall! Fabric & Mixed Materials; 10.75""W x 29""H x 8.75""D",,6,$18.50 ,,,,,6,Hannas400,Hannas160,https://www.hannashandiworks.com/media/catalog/product/cache/bbf624d4e302b71a44cbbfb433873131/1/5/15392.JPG,15392.JPG,,,Hannas800,15392.JPG
CRANBERRY SNOWMAN STANDER 2 ASST,15397,,"Fabric & Mixed Materials; 9""W x 15-19.5""H x 5.25""D",In stock,,,,"Fabric & Mixed Materials; 9""W x 15-19.5""H x 5.25""D",,6,$9.25 ,12,$8.75 ,24,$8.25 ,6,Hannas400,Hannas160,https://www.hannashandiworks.com/media/catalog/product/cache/bbf624d4e302b71a44cbbfb433873131/1/5/15397.JPG,15397.JPG,,,Hannas800,15397.JPG
EARMUFFS PLUMP SNOWMAN 2 ASST SMALL,15568,,"Fabric and Mixed Materials; 8.25""W x 10.75""H x 5""D",In stock,,,,"Fabric and Mixed Materials; 8.25""W x 10.75""H x 5""D",,6,$8.50 ,12,$8.00 ,,,6,Hannas400,Hannas160,https://www.hannashandiworks.com/media/catalog/product/cache/bbf624d4e302b71a44cbbfb433873131/1/5/15568.JPG,15568.JPG,,,Hannas800,15568.JPG
FRONTIER SANTA AND SNOWMAN TALL STANDER 2 ASST,15578,,"Fabric and Mixed Materials; 9""W x 18-23.5""H x 7""D",In stock,,,,"Fabric and Mixed Materials; 9""W x 18-23.5""H x 7""D",,6,$13.75 ,12,$13.25 ,24,$12.75 ,6,Hannas400,Hannas160,https://www.hannashandiworks.com/media/catalog/product/cache/bbf624d4e302b71a44cbbfb433873131/1/5/15578.JPG,15578.JPG,,,Hannas800,15578.JPG
FRONTIER SANTA SNOWMAN ORNAMENT TRAY 2 ASST,15581,,"Fabric/Mixed Material; 5""W x 9-10""H x 2.25""D",In stock,,,,"Fabric/Mixed Material; 5""W x 9-10""H x 2.25""D",,12,$3.05 ,48,$2.80 ,,,12,Hannas400,Hannas160,https://www.hannashandiworks.com/media/catalog/product/cache/bbf624d4e302b71a44cbbfb433873131/1/5/15581.JPG,15581.JPG,,,Hannas800,15581.JPG
FRONTIER SANTA SNOWMAN STOCKING 2 ASST,15582,,"Fabric/Mixed Materials; 12""W x 23""H x 4.25""D",In stock,,,,"Fabric/Mixed Materials; 12""W x 23""H x 4.25""D",,6,$8.25 ,12,$7.75 ,,,6,Hannas400,Hannas160,https://www.hannashandiworks.com/media/catalog/product/cache/bbf624d4e302b71a44cbbfb433873131/1/5/15582.JPG,15582.JPG,,,Hannas800,15582.JPG
FRONTIER SANTA SNOWMAN TABLETOP 2 ASST,15579,,"Fabric/Mixed Materials; 7.5""W x 17-21""H x 5.75""D",In stock,,,,"Fabric/Mixed Materials; 7.5""W x 17-21""H x 5.75""D",,6,$10.50 ,12,$10.00 ,24,$9.50 ,6,Hannas400,Hannas160,https://www.hannashandiworks.com/media/catalog/product/cache/bbf624d4e302b71a44cbbfb433873131/1/5/15579.JPG,15579.JPG,,,Hannas800,15579.JPG
FRONTIER SANTA SNOWMAN TALL STANDER 2 ASST,15577,,"Over 3' Tall! Fabric/Mixed Materials; 13.5""W x 35-38.5""H x 8.75""D",In stock,$21.50 ,,,"Over 3' Tall! Fabric/Mixed Materials; 13.5""W x 35-38.5""H x 8.75""D",,6,$26.90 ,,,,,6,Hannas400,Hannas160,https://www.hannashandiworks.com/media/catalog/product/cache/bbf624d4e302b71a44cbbfb433873131/1/5/15577.JPG,15577.JPG,,,Hannas800,15577.JPG
SNAZZY SNOWMAN DOOR HANGER 2 ASST,14115,,"Fabric; 10½""W x 13""H x 4¼""D",In stock,,,,"Fabric; 10½""W x 13""H x 4¼""D",,6,$5.50 ,12,$5.25 ,24,$5.00 ,6,Hannas400,Hannas160,https://www.hannashandiworks.com/media/catalog/product/cache/bbf624d4e302b71a44cbbfb433873131/1/4/14115.JPG,14115.JPG,,,Hannas800,14115.JPG
RED GRAY TARTAN SNOWMAN STOCKING 2 ASST,15570,,"Fabric/Mixed Materials; 12-13""W x 21.5-27""H x 2.5""D",In stock,,,,"Fabric/Mixed Materials; 12-13""W x 21.5-27""H x 2.5""D",,6,$7.25 ,12,$6.75 ,,,6,Hannas400,Hannas160,https://www.hannashandiworks.com/media/catalog/product/cache/bbf624d4e302b71a44cbbfb433873131/1/5/15570.JPG,15570.JPG,,,Hannas800,15570.JPG
RED GRAY TARTAN SNOWMAN DOOR HANGER 2 ASST,15571,,"Fabric/Mixed Materials; 6-7""W x 16.5-18.5""H x 5""D",In stock,,,,"Fabric/Mixed Materials; 6-7""W x 16.5-18.5""H x 5""D",,6,$6.50 ,12,$6.00 ,,,6,Hannas400,Hannas160,https://www.hannashandiworks.com/media/catalog/product/cache/bbf624d4e302b71a44cbbfb433873131/1/5/15571.JPG,15571.JPG,,,Hannas800,15571.JPG
WINTER FROST SNOWMAN WREATH 2 ASST,15062,,"Fabric/Wood/Mixed Material; 12.5""W x 16""H x 5""D",In stock,$9.75 ,,,"Fabric/Wood/Mixed Material; 12.5""W x 16""H x 5""D",,6,$12.50 ,,,,,6,Hannas400,Hannas160,https://www.hannashandiworks.com/media/catalog/product/cache/bbf624d4e302b71a44cbbfb433873131/1/5/15062.JPG,15062.JPG,,,Hannas800,15062.JPG
WINTER FROST SNOWMAN DOOR HANGER 2 ASST,15063,,"Fabric/Mixed Material; 7.5""W x 16.5""H x 3.5""D",In stock,,,,"Fabric/Mixed Material; 7.5""W x 16.5""H x 3.5""D",,6,$5.50 ,12,$5.00 ,,,6,Hannas400,Hannas160,https://www.hannashandiworks.com/media/catalog/product/cache/bbf624d4e302b71a44cbbfb433873131/1/5/15063.JPG,15063.JPG,,,Hannas800,15063.JPG
VIBRANT SNOWMAN DOOR HANGER 2 ASST,15079,,"Fabric; 8.75""W x 17""H x 5""D",In stock,,,,"Fabric; 8.75""W x 17""H x 5""D",,6,$5.50 ,12,$5.00 ,,,6,Hannas400,Hannas160,https://www.hannashandiworks.com/media/catalog/product/cache/bbf624d4e302b71a44cbbfb433873131/1/5/15079.JPG,15079.JPG,,,Hannas800,15079.JPG
WINTRY SNOWMAN STANDER 2 ASST,15101,,"Fabric/Mixed Materials; 7""W x 21.25""H x 5.5""D",In stock,,,,"Fabric/Mixed Materials; 7""W x 21.25""H x 5.5""D",,6,$13.90 ,,,,,6,Hannas400,Hannas160,https://www.hannashandiworks.com/media/catalog/product/cache/bbf624d4e302b71a44cbbfb433873131/1/5/15101.JPG,15101.JPG,,,Hannas800,15101.JPG
SNOWMAN BURLAP TRIM PILLOW HANGER 2 ASST,15533,,"Height measurement includes hanger. Fabric; 12.25""W x 19""H x 7""D",In stock,,,,"Height measurement includes hanger. Fabric; 12.25""W x 19""H x 7""D",,6,$10.50 ,12,$10.00 ,24,$9.50 ,6,Hannas400,Hannas160,https://www.hannashandiworks.com/media/catalog/product/cache/bbf624d4e302b71a44cbbfb433873131/1/5/15533.JPG,15533.JPG,,,Hannas800,15533.JPG
WOODLAND PLAID SNOWMAN WREATH 2 ASST,15069,,"Fabric/Wood/Mixed Materials; 11.25""W x 16.5""H x 5""D",In stock,$9.75 ,,,"Fabric/Wood/Mixed Materials; 11.25""W x 16.5""H x 5""D",,6,$12.50 ,,,,,6,Hannas400,Hannas160,https://www.hannashandiworks.com/media/catalog/product/cache/bbf624d4e302b71a44cbbfb433873131/1/5/15069.JPG,15069.JPG,,,Hannas800,15069.JPG
SNOWY SNOWMAN STOCKING 2 ASST,14359,,Fabric; 11¼”W x 16¾”H x 2½”D,In stock,,,,Fabric; 11¼”W x 16¾”H x 2½”D,,6,$7.25 ,12,$6.75 ,24,$6.25 ,6,Hannas400,Hannas160,https://www.hannashandiworks.com/media/catalog/product/cache/bbf624d4e302b71a44cbbfb433873131/1/4/14359.JPG,14359.JPG,,,Hannas800,14359.JPG
FURRY HAT SNOWMAN STOCKING 2 ASST,14386,,"Fabric/Mixed Materials; 11¾""W x 21½""H x 3""D",In stock,,,,"Fabric/Mixed Materials; 11¾""W x 21½""H x 3""D",,6,$7.90 ,12,$7.40 ,24,$6.90 ,6,Hannas400,Hannas160,https://www.hannashandiworks.com/media/catalog/product/cache/bbf624d4e302b71a44cbbfb433873131/1/4/14386.JPG,14386.JPG,,,Hannas800,14386.JPG
TRADITIONAL SNOWMAN TALL ORNAMENT 2 ASST,15447,,"Fabric & Mixed Materials; 4.5""W x 9.5""H x 3.25""D",In stock,,,,"Fabric & Mixed Materials; 4.5""W x 9.5""H x 3.25""D",,12,$4.15 ,24,$3.85 ,,,12,Hannas400,Hannas160,https://www.hannashandiworks.com/media/catalog/product/cache/bbf624d4e302b71a44cbbfb433873131/1/5/15447.JPG,15447.JPG,,,Hannas800,15447.JPG
MIDNIGHT SWEATER VEST SNOWMAN TABLETOP 2 ASST,15112,,"Fabric/Mixed Material; 13.5""W x 22""H x 6.5""D",In stock,,,,"Fabric/Mixed Material; 13.5""W x 22""H x 6.5""D",,8,$14.80 ,16,$14.20 ,24,$13.60 ,8,Hannas400,Hannas160,https://www.hannashandiworks.com/media/catalog/product/cache/bbf624d4e302b71a44cbbfb433873131/1/5/15112.JPG,15112.JPG,,,Hannas800,15112.JPG
WOODLAND PLAID SNOWMAN STANDER 2 ASST,15066,,"Fabric/Mixed Material; 8""W x 17-22""H x 6.25""D",In stock,,,,"Fabric/Mixed Material; 8""W x 17-22""H x 6.25""D",,6,$10.90 ,12,$10.40 ,24,$9.90 ,6,Hannas400,Hannas160,https://www.hannashandiworks.com/media/catalog/product/cache/bbf624d4e302b71a44cbbfb433873131/1/5/15066.JPG,15066.JPG,,,Hannas800,15066.JPG
WINTER FROST SNOWMAN STANDER 2 ASST,15059,,"Fabric/Mixed Material; 8""W x 17-22""H x 7""D",In stock,,,,"Fabric/Mixed Material; 8""W x 17-22""H x 7""D",,6,$10.90 ,12,$10.40 ,24,$9.90 ,6,Hannas400,Hannas160,https://www.hannashandiworks.com/media/catalog/product/cache/bbf624d4e302b71a44cbbfb433873131/1/5/15059.JPG,15059.JPG,,,Hannas800,15059.JPG
RED GRAY TARTAN SNOWMAN STRETCH LEG 2 ASST LARGE,15575,,"Stretch Legs! Up to 6' Tall! Fabric/Mixed Materials; 21""W x 40-72""H x 14""D",In stock,$65.15 ,,,"Stretch Legs! Up to 6' Tall! Fabric/Mixed Materials; 21""W x 40-72""H x 14""D",,2,$92.00 ,,,,,2,Hannas400,Hannas160,https://www.hannashandiworks.com/media/catalog/product/cache/bbf624d4e302b71a44cbbfb433873131/1/5/15575.JPG,15575.JPG,,,Hannas800,15575.JPG
VIBRANT SNOWMAN ORNAMENT 2 ASST,15082,,"Fabric/Mixed Material; 3.5""W x 5.75-7.25""H x 2""D",In stock,,,,"Fabric/Mixed Material; 3.5""W x 5.75-7.25""H x 2""D",,24,$3.00 ,48,$2.75 ,72,$2.50 ,24,Hannas400,Hannas160,https://www.hannashandiworks.com/media/catalog/product/cache/bbf624d4e302b71a44cbbfb433873131/1/5/15082.JPG,15082.JPG,,,Hannas800,15082.JPG
SPIFFY SANTA SNOWMAN ORNAMENT 2 ASST.,12513,,Fabric; 4¼”W x 9”H x 2½”D,In stock,,,,Fabric; 4¼”W x 9”H x 2½”D,,12,$2.90 ,48,$2.60 ,,,12,Hannas400,Hannas160,https://www.hannashandiworks.com/media/catalog/product/cache/bbf624d4e302b71a44cbbfb433873131/1/2/12513.JPG,12513.JPG,,,Hannas800,12513.JPG
RED GRAY TARTAN PLUMP SNOWMAN ORNAMENT 2 ASST,15574,,"Fabric; 5.75""W x 10-11""H x 3.25""D",In stock,,,,"Fabric; 5.75""W x 10-11""H x 3.25""D",,24,$3.85 ,48,$3.50 ,,,24,Hannas400,Hannas160,https://www.hannashandiworks.com/media/catalog/product/cache/bbf624d4e302b71a44cbbfb433873131/1/5/15574.JPG,15574.JPG,,,Hannas800,15574.JPG
FROSTY SNOWMAN WELCOME STAKE,15001,,"Over 2' Tall! Metal; 19.75""W x 30""H x .75""D",In stock,$11.75 ,,,"Over 2' Tall! Metal; 19.75""W x 30""H x .75""D",,4,$15.00 ,,,,,4,Hannas400,Hannas160,https://www.hannashandiworks.com/media/catalog/product/cache/bbf624d4e302b71a44cbbfb433873131/1/5/15001.JPG,15001.JPG,,,Hannas800,15001.JPG
WINTER WISHES SNOWMAN FAMILY,14403,,"Resin; 6¼""W x 7½""H x 3¾""D",In stock,,,,"Resin; 6¼""W x 7½""H x 3¾""D",,4,$9.50 ,8,$9.00 ,16,$8.50 ,4,Hannas400,Hannas160,https://www.hannashandiworks.com/media/catalog/product/cache/bbf624d4e302b71a44cbbfb433873131/1/4/14403.JPG,14403.JPG,,,Hannas800,14403.JPG
JACK FROST SNOWMAN NOEL TABLETOP,15515,,"Resin; 8.5""W x 4.5""H x 2.75""D",In stock,,,,"Resin; 8.5""W x 4.5""H x 2.75""D",,6,$9.25 ,12,$8.75 ,24,$8.25 ,6,Hannas400,Hannas160,https://www.hannashandiworks.com/media/catalog/product/cache/bbf624d4e302b71a44cbbfb433873131/1/5/15515.JPG,15515.JPG,,,Hannas800,15515.JPG
SIMPLE SNOWMAN SNACK DISH 2 ASST,15350,,"Ceramic; 7.5""W x 2.25""H x 16""D",In stock,$9.50 ,,,"Ceramic; 7.5""W x 2.25""H x 16""D",,4,$12.50 ,,,,,4,Hannas400,Hannas160,https://www.hannashandiworks.com/media/catalog/product/cache/bbf624d4e302b71a44cbbfb433873131/1/5/15350.JPG,15350.JPG,,,Hannas800,15350.JPG
RED HOLLY SNOWMAN PLATE SMALL,13426,,Ceramic; 6½”W x 9¼”H x 1½”D,In stock,,,,Ceramic; 6½”W x 9¼”H x 1½”D,,4,$5.25 ,8,$4.75 ,,,4,Hannas400,Hannas160,https://www.hannashandiworks.com/media/catalog/product/cache/bbf624d4e302b71a44cbbfb433873131/1/3/13426.JPG,13426.JPG,,,Hannas800,13426.JPG
SCARFED CARDINAL SNOWMAN TABLETOP 2 ASST,15464,,"Resin; 5.75""W x 10""H x 3.75""D",In stock,,,,"Resin; 5.75""W x 10""H x 3.75""D",,8,$9.90 ,16,$9.40 ,24,$8.90 ,8,Hannas400,Hannas160,https://www.hannashandiworks.com/media/catalog/product/cache/bbf624d4e302b71a44cbbfb433873131/1/5/15464.JPG,15464.JPG,,,Hannas800,15464.JPG
SNOWFLAKE SNOWMAN LIGHT UP TABLETOP 2 ASST,14453,,"Lights Up! Resin/Mixed Material; 9""W x 15¼""H x 5½""D; Requires 2 AAA Batteries; Not Included",In stock,$15.75 ,,,"Lights Up! Resin/Mixed Material; 9""W x 15¼""H x 5½""D; Requires 2 AAA Batteries; Not Included",,4,$20.00 ,,,,,4,Hannas400,Hannas160,https://www.hannashandiworks.com/media/catalog/product/cache/bbf624d4e302b71a44cbbfb433873131/1/4/14453.JPG,14453.JPG,,,Hannas800,14453.JPG
SCARF SNOWMAN SALT AND PEPPER SET,15349,,"Ceramic; 2""Dia x 3.5""H",In stock,,,,"Ceramic; 2""Dia x 3.5""H",,6,$4.90 ,12,$4.60 ,24,$4.30 ,6,Hannas400,Hannas160,https://www.hannashandiworks.com/media/catalog/product/cache/bbf624d4e302b71a44cbbfb433873131/1/5/15349.JPG,15349.JPG,,,Hannas800,15349.JPG
HOLIDAY SNOWMAN STANDER 2 ASST,15491,,"Resin; 2.5""W x 8""H x 2""D",In stock,,,,"Resin; 2.5""W x 8""H x 2""D",,4,$5.75 ,8,$5.25 ,,,4,Hannas400,Hannas160,https://www.hannashandiworks.com/media/catalog/product/cache/bbf624d4e302b71a44cbbfb433873131/1/5/15491.JPG,15491.JPG,,,Hannas800,15491.JPG
SNOW PLACE LIKE HOME WOODEN SIGN EASEL WITH LIGHTS,12006,,Easel! Over 3' Tall! Wood; 9¼”W x 45”H x 13¾”D; Requires 2 AA Batteries; Not Included,In stock,,,,Easel! Over 3' Tall! Wood; 9¼”W x 45”H x 13¾”D; Requires 2 AA Batteries; Not Included,,2,$34.50 ,4,$32.50 ,,,2,Hannas400,Hannas160,https://www.hannashandiworks.com/media/catalog/product/cache/bbf624d4e302b71a44cbbfb433873131/1/2/12006.JPG,12006.JPG,,,Hannas800,12006.JPG
TOP HAT STAR SNOWMAN HANGER WITH LIGHTS,14266,,"Lights Up! 2' Tall! Wood/Metal; 13""W x 24""H x 1¾""D; Requires 2 AA Batteries; Not Included; Battery settings are on/off/flash/timer",In stock,,,,"Lights Up! 2' Tall! Wood/Metal; 13""W x 24""H x 1¾""D; Requires 2 AA Batteries; Not Included; Battery settings are on/off/flash/timer",,2,$21.50 ,4,$20.50 ,,,2,Hannas400,Hannas160,https://www.hannashandiworks.com/media/catalog/product/cache/bbf624d4e302b71a44cbbfb433873131/1/4/14266.JPG,14266.JPG,,,Hannas800,14266.JPG
SNOWMAN WITH SHOVEL STANDER,15132,,"2' Tall! Wood; 11.5""W x 24""H x 2.25""D",In stock,,,,"2' Tall! Wood; 11.5""W x 24""H x 2.25""D",,2,$21.50 ,,,,,2,Hannas400,Hannas160,https://www.hannashandiworks.com/media/catalog/product/cache/bbf624d4e302b71a44cbbfb433873131/1/5/15132.JPG,15132.JPG,,,Hannas800,15132.JPG
TALL TOP HAT WOODEN SNOWMAN WITH LIGHTS,14260,,"Lights Up! Over 3' Tall! Wood/Mixed Materials; 16""W x 46½""H x 4¾""D; Requires 2 AA Batteries; Not Included; Battery settings are on/off/flash/timer",In stock,,,,"Lights Up! Over 3' Tall! Wood/Mixed Materials; 16""W x 46½""H x 4¾""D; Requires 2 AA Batteries; Not Included; Battery settings are on/off/flash/timer",,2,$39.90 ,,,,,2,Hannas400,Hannas160,https://www.hannashandiworks.com/media/catalog/product/cache/bbf624d4e302b71a44cbbfb433873131/1/4/14260.JPG,14260.JPG,,,Hannas800,14260.JPG
SNOWMAN WITH PACKAGE LIGHT UP STANDER,15134,,"Lights Up! Over 3' Tall! Requires 2 AA batteries, not included; 3 modes: timer, timer flash and off; Wood & Mixed Material; 17.5""W x 37.5""H x 3.75""D",In stock,,,,"Lights Up! Over 3' Tall! Requires 2 AA batteries, not included; 3 modes: timer, timer flash and off; Wood & Mixed Material; 17.5""W x 37.5""H x 3.75""D",,2,$42.50 ,,,,,2,Hannas400,Hannas160,https://www.hannashandiworks.com/media/catalog/product/cache/bbf624d4e302b71a44cbbfb433873131/1/5/15134.JPG,15134.JPG,,,Hannas800,15134.JPG
SNOWMAN WITH TREE STANDER,15133,,"Wood/Mixed Material; 10.75""W x 19.25""H x 2.25""D",In stock,,,,"Wood/Mixed Material; 10.75""W x 19.25""H x 2.25""D",,4,$15.50 ,8,$15.00 ,12,$14.50 ,4,Hannas400,Hannas160,https://www.hannashandiworks.com/media/catalog/product/cache/bbf624d4e302b71a44cbbfb433873131/1/5/15133.JPG,15133.JPG,,,Hannas800,15133.JPG
SNOWMAN CUTOUT LIGHT UP TABLETOP 3 ASST,14271,,"Lights Up! Wood/Fabric/Mixed Materials; 4¼""W x 7""H x 1""D; Requires 2 AAA Batteries; Not Included",In stock,,,,"Lights Up! Wood/Fabric/Mixed Materials; 4¼""W x 7""H x 1""D; Requires 2 AAA Batteries; Not Included",,6,$5.75 ,12,$5.50 ,24,$5.25 ,6,Hannas400,Hannas160,https://www.hannashandiworks.com/media/catalog/product/cache/bbf624d4e302b71a44cbbfb433873131/1/4/14271.JPG,14271.JPG,,,Hannas800,14271.JPG
EVERGREEN SANTA SNOWMAN SITTER 2 ASST,15420,,"Fabric; 8.5""W x 12.25-16""H x 5.75""D",In stock,,,,"Fabric; 8.5""W x 12.25-16""H x 5.75""D",,6,$8.25 ,12,$7.75 ,,,6,Hannas400,Hannas160,https://www.hannashandiworks.com/media/catalog/product/cache/bbf624d4e302b71a44cbbfb433873131/1/5/15420.JPG,15420.JPG,,,Hannas800,15420.JPG
EVERGREEN SANTA SNOWMAN STANDER 2 ASST LARGE,15418,,"Fabric; 7""W x 20.5-26""H x 4""D",In stock,,,,"Fabric; 7""W x 20.5-26""H x 4""D",,6,$9.90 ,12,$9.40 ,24,$8.90 ,6,Hannas400,Hannas160,https://www.hannashandiworks.com/media/catalog/product/cache/bbf624d4e302b71a44cbbfb433873131/1/5/15418.JPG,15418.JPG,,,Hannas800,15418.JPG
EVERGREEN SANTA SNOWMAN STANDER 2 ASST SMALL,15419,,"Fabric; 7.5""W x 20.5""H x 3.75""D",In stock,,,,"Fabric; 7.5""W x 20.5""H x 3.75""D",,6,$9.25 ,12,$8.75 ,24,$8.25 ,6,Hannas400,Hannas160,https://www.hannashandiworks.com/media/catalog/product/cache/bbf624d4e302b71a44cbbfb433873131/1/5/15419.JPG,15419.JPG,,,Hannas800,15419.JPG
EVERGREEN SANTA SNOWMAN STRETCH LEG 2 ASST,15416,,"Stretch Legs! Over 3' Tall! Fabric; 9.75""W x 25-43.5""H x 5.75""D",In stock,$21.50 ,,,"Stretch Legs! Over 3' Tall! Fabric; 9.75""W x 25-43.5""H x 5.75""D",,6,$26.50 ,,,,,6,Hannas400,Hannas160,https://www.hannashandiworks.com/media/catalog/product/cache/bbf624d4e302b71a44cbbfb433873131/1/5/15416.JPG,15416.JPG,,,Hannas800,15416.JPG
FESTIVE SANTA SNOWMAN CHIP N DIP SERVING DISH 2 ASST,15333,,"Ceramic; 10-10.5""W x 1.25""H x 10.75""D",In stock,,,,"Ceramic; 10-10.5""W x 1.25""H x 10.75""D",,4,$8.60 ,8,$8.10 ,12,$7.60 ,4,Hannas400,Hannas160,https://www.hannashandiworks.com/media/catalog/product/cache/bbf624d4e302b71a44cbbfb433873131/1/5/15333.JPG,15333.JPG,,,Hannas800,15333.JPG
FRONTIER SANTA SNOWMAN MEDIUM STANDER 2 ASST,15576,,"Over 2' Tall! Fabric/Mixed Materials; 9.75""W x 26.5-31""H x 6.5""D",In stock,,,,"Over 2' Tall! Fabric/Mixed Materials; 9.75""W x 26.5-31""H x 6.5""D",,6,$14.00 ,12,$13.50 ,24,$13.00 ,6,Hannas400,Hannas160,https://www.hannashandiworks.com/media/catalog/product/cache/bbf624d4e302b71a44cbbfb433873131/1/5/15576.JPG,15576.JPG,,,Hannas800,15576.JPG
HOLIDAY PLAID SNOWMAN TREE SKIRT,12498,,Over 3' Wide! Fabric/Faux Trim; 3½”H x 46”Dia,In stock,$24.50 ,,,Over 3' Wide! Fabric/Faux Trim; 3½”H x 46”Dia,,3,$31.00 ,,,,,3,Hannas400,Hannas160,https://www.hannashandiworks.com/media/catalog/product/cache/bbf624d4e302b71a44cbbfb433873131/1/2/12498-front-half.JPG,12498-front-half.JPG,,,Hannas800,12498-front-half.JPG
HOLIDAY TRADITIONAL CHARACTER STANDER 3 ASST,15037,,"Over 2' Tall! Fabric; 8.25""W x 24-27""H x 6""D",In stock,,,,"Over 2' Tall! Fabric; 8.25""W x 24-27""H x 6""D",,6,$14.90 ,12,$14.40 ,24,$13.90 ,6,Hannas400,Hannas160,https://www.hannashandiworks.com/media/catalog/product/cache/bbf624d4e302b71a44cbbfb433873131/1/5/15037.JPG,15037.JPG,,,Hannas800,15037.JPG
JOLLY SANTA SNOWMAN MUG 2 ASST,15347,,"Ceramic; 5""W x 3.25""H x 3.5""D",In stock,,,,"Ceramic; 5""W x 3.25""H x 3.5""D",,6,$4.25 ,12,$4.00 ,24,$3.75 ,6,Hannas400,Hannas160,https://www.hannashandiworks.com/media/catalog/product/cache/bbf624d4e302b71a44cbbfb433873131/1/5/15347.JPG,15347.JPG,,,Hannas800,15347.JPG
JOVIAL SANTA SNOWMAN ORNAMENT WITH DISPLAY 6 ASST,15140,,"Wood/Wire; Tree: 14.25""W x 22.5""H x 4""D; Ornaments: 3-3.75""W x 6.25-7.25""H x .25""D",In stock,,,,"Wood/Wire; Tree: 14.25""W x 22.5""H x 4""D; Ornaments: 3-3.75""W x 6.25-7.25""H x .25""D",,48,$3.00 ,96,$2.75 ,192,$2.50 ,48,Hannas400,Hannas160,https://www.hannashandiworks.com/media/catalog/product/cache/bbf624d4e302b71a44cbbfb433873131/1/5/15140.JPG,15140.JPG,,,Hannas800,15140.JPG
MERRY MITTEN SANTA SNOWMAN ORNAMENT WITH DISPLAY 6 ASST,15144,,"Wood/Wire; Tree: 14.25""W x 22.5""H x 4""D; Ornaments: 3.5""W x 7""H x .25""D",In stock,,,,"Wood/Wire; Tree: 14.25""W x 22.5""H x 4""D; Ornaments: 3.5""W x 7""H x .25""D",,48,$3.00 ,96,$2.75 ,192,$2.50 ,48,Hannas400,Hannas160,https://www.hannashandiworks.com/media/catalog/product/cache/bbf624d4e302b71a44cbbfb433873131/1/5/15144.JPG,15144.JPG,,,Hannas800,15144.JPG
METAL SNOWMAN SANTA MITTEN ORNAMENT 4 ASST,14031,,"Free Display! Metal/Twine Hanger; Display: 10½""W x 19""H x 10""D; Orns: 2½""W x 6""H x ¾""D",In stock,,,,"Free Display! Metal/Twine Hanger; Display: 10½""W x 19""H x 10""D; Orns: 2½""W x 6""H x ¾""D",,72,$1.90 ,144,$1.65 ,,,72,Hannas400,Hannas160,https://www.hannashandiworks.com/media/catalog/product/cache/bbf624d4e302b71a44cbbfb433873131/1/4/14031.JPG,14031.JPG,,,Hannas800,14031.JPG
MITTEN SANTA SNOWMAN ORNAMENT DISPLAY 4 ASST,15166,,"Wood, Metal and Rope; Display: 10.75""W x 19.5""H x 9.5""D; Mitten Ornaments: 5.5""W x 5.75""H x .75""D",In stock,,,,"Wood, Metal and Rope; Display: 10.75""W x 19.5""H x 9.5""D; Mitten Ornaments: 5.5""W x 5.75""H x .75""D",,72,$2.10 ,144,$1.90 ,,,72,Hannas400,Hannas160,https://www.hannashandiworks.com/media/catalog/product/cache/bbf624d4e302b71a44cbbfb433873131/1/5/15166.JPG,15166.JPG,,,Hannas800,15166.JPG
PAIL SANTA SNOWMAN ORNAMENT WITH DISPLAY 4 ASST,15167,,"Wood/Metal/Rope; Display: 9.75""W x 19.25""H x 9""D; Pail Ornaments: 2.5""Diameter x 6.25""H",In stock,,,,"Wood/Metal/Rope; Display: 9.75""W x 19.25""H x 9""D; Pail Ornaments: 2.5""Diameter x 6.25""H",,72,$2.15 ,144,$1.95 ,,,72,Hannas400,Hannas160,https://www.hannashandiworks.com/media/catalog/product/cache/bbf624d4e302b71a44cbbfb433873131/1/5/15167.JPG,15167.JPG,,,Hannas800,15167.JPG
PASTEL BAKERY SANTA SNOWMAN STANDER 2 ASST,15008,,"Stands over 2' tall! Weighted feet help snowman to stand upright when placed on flat, level surface. Fabric; 9.5""W x 25.5-28.5""H x 4-7""D",In stock,$14.90 ,,,"Stands over 2' tall! Weighted feet help snowman to stand upright when placed on flat, level surface. Fabric; 9.5""W x 25.5-28.5""H x 4-7""D",,4,$18.50 ,,,,,4,Hannas400,Hannas160,https://www.hannashandiworks.com/media/catalog/product/cache/bbf624d4e302b71a44cbbfb433873131/1/5/15008.JPG,15008.JPG,,,Hannas800,15008.JPG
PEPPERMINT PLAID HOLIDAY STANDER 3 ASST,15030,,"Wired arms for easy posing! Weighted feet help characters stand upright when placed on a flat, level surface. Fabric; 8.5""W x 22.5-29.5""H x 7.25""D",In stock,$13.70 ,,,"Wired arms for easy posing! Weighted feet help characters stand upright when placed on a flat, level surface. Fabric; 8.5""W x 22.5-29.5""H x 7.25""D",,6,$17.25 ,,,,,6,Hannas400,Hannas160,https://www.hannashandiworks.com/media/catalog/product/cache/bbf624d4e302b71a44cbbfb433873131/1/5/15030.JPG,15030.JPG,,,Hannas800,15030.JPG
SANTA AND SNOWMAN PLATE 2 ASST,14181,,"Ceramic; 6""W x 1¼""H x 11¼""D",In stock,$4.75 ,,,"Ceramic; 6""W x 1¼""H x 11¼""D",,4,$6.90 ,,,,,4,Hannas400,Hannas160,https://www.hannashandiworks.com/media/catalog/product/cache/bbf624d4e302b71a44cbbfb433873131/1/4/14181-cob.jpg,14181-cob.jpg,,,Hannas800,14181-cob.jpg
SANTA SNOWMAN IN BAUBLE ORNAMENT 2 ASST,15466,,"Resin; 4.25""W x 4""H x 2.75""D; Measurement is ornament body height only",In stock,,,,"Resin; 4.25""W x 4""H x 2.75""D; Measurement is ornament body height only",,6,$4.50 ,12,$4.25 ,24,$4.00 ,6,Hannas400,Hannas160,https://www.hannashandiworks.com/media/catalog/product/cache/bbf624d4e302b71a44cbbfb433873131/1/5/15466.JPG,15466.JPG,,,Hannas800,15466.JPG
ROUND BELL SANTA SNOWMAN ORNAMENT DISPLAY 4 ASST,15163,,"Wood/Metal/Rope; Display: 14.5""W x 18.5""H x 13""D; Bell Ornaments: 3""Diameter x 5""H",In stock,,,,"Wood/Metal/Rope; Display: 14.5""W x 18.5""H x 13""D; Bell Ornaments: 3""Diameter x 5""H",,28,$3.65 ,56,$3.45 ,112,$3.25 ,28,Hannas400,Hannas160,https://www.hannashandiworks.com/media/catalog/product/cache/bbf624d4e302b71a44cbbfb433873131/1/5/15163.JPG,15163.JPG,,,Hannas800,15163.JPG
WOODLAND SANTA SNOWMAN EASEL 2 ASST,15159,,"Wood; 13-15""W x 19.5""H x 4.75""D",In stock,$14.50 ,,,"Wood; 13-15""W x 19.5""H x 4.75""D",,6,$19.00 ,,,,,6,Hannas400,Hannas160,https://www.hannashandiworks.com/media/catalog/product/cache/bbf624d4e302b71a44cbbfb433873131/1/5/15159.JPG,15159.JPG,,,Hannas800,15159.JPG
WOODEN CANDLE LIGHT UP TABLETOP 2 ASST,14023,,"Lights Up! Wood; 6""W x 17""H x 2""D; Requires 2 AA Batteries; Not Included",In stock,$11.25 ,,,"Lights Up! Wood; 6""W x 17""H x 2""D; Requires 2 AA Batteries; Not Included",,6,$13.90 ,,,,,6,Hannas400,Hannas160,https://www.hannashandiworks.com/media/catalog/product/cache/bbf624d4e302b71a44cbbfb433873131/1/4/14023.JPG,14023.JPG,,,Hannas800,14023.JPG
WOODEN SANTA SNOWMAN WITH TREE EASEL 2 ASST,14024,,"Wood; 8-9¾""W x 12¼""H x 4""D",In stock,,,,"Wood; 8-9¾""W x 12¼""H x 4""D",,6,$6.50 ,12,$6.00 ,24,$5.50 ,6,Hannas400,Hannas160,https://www.hannashandiworks.com/media/catalog/product/cache/bbf624d4e302b71a44cbbfb433873131/1/4/14024.JPG,14024.JPG,,,Hannas800,14024.JPG
SNOWMAN SANTA COUNTDOWN HANGER 3 ASST,14288,,"Wood/Rope; 11½""W x 17½""H ½""D",,,,,"Wood/Rope; 11½""W x 17½""H ½""D",,NA,$5.00 ,12,$4.50 ,,,NA,Hannas400,Hannas160,https://www.hannashandiworks.com/media/catalog/product/cache/bbf624d4e302b71a44cbbfb433873131/1/4/14288.JPG,14288.JPG,,,Hannas800,14288.JPG
FESTIVE CHRISTMAS TREE STAKE,15002,,"Over 3' Tall! Metal; 8""W x 39.5""H x .75""D",In stock,,,,"Over 3' Tall! Metal; 8""W x 39.5""H x .75""D",,6,$5.25 ,12,$4.75 ,24,$4.25 ,6,Hannas400,Hannas160,https://www.hannashandiworks.com/media/catalog/product/cache/bbf624d4e302b71a44cbbfb433873131/1/5/15002.JPG,15002.JPG,,,Hannas800,15002.JPG
ICY BLUE PLAID REINDEER STOCKING,15539,,"Over 2' Tall! Fabric; 12""W x 24.5""H x 1.5""D",In stock,,,,"Over 2' Tall! Fabric; 12""W x 24.5""H x 1.5""D",,6,$7.50 ,12,$7.00 ,48,$6.50 ,6,Hannas400,Hannas160,https://www.hannashandiworks.com/media/catalog/product/cache/bbf624d4e302b71a44cbbfb433873131/1/5/15539.JPG,15539.JPG,,,Hannas800,15539.JPG
ICY BLUE PLAID REINDEER TREE SKIRT,15540,,"4' Wide! Fabric; 48""Dia x 1""D",In stock,$19.90 ,,,"4' Wide! Fabric; 48""Dia x 1""D",,4,$24.50 ,,,,,4,Hannas400,Hannas160,https://www.hannashandiworks.com/media/catalog/product/cache/bbf624d4e302b71a44cbbfb433873131/1/5/15540-new.jpg,15540-new.jpg,,,Hannas800,15540-new.jpg
KNIT CHRISTMAS STOCKING 2 ASST,15215,,"Fabric; 9""W x 22.25""H x 1""D",In stock,,,,"Fabric; 9""W x 22.25""H x 1""D",,6,$8.50 ,12,$8.00 ,24,$7.50 ,6,Hannas400,Hannas160,https://www.hannashandiworks.com/media/catalog/product/cache/bbf624d4e302b71a44cbbfb433873131/1/5/15215.JPG,15215.JPG,,,Hannas800,15215.JPG
PLAID SNOWFLAKE STOCKING 2 ASST,15536,,"Over 2' Tall! Fabric; 12.25""W x 25.5""H x 2""D",In stock,,,,"Over 2' Tall! Fabric; 12.25""W x 25.5""H x 2""D",,6,$7.50 ,12,$7.00 ,48,$6.50 ,6,Hannas400,Hannas160,https://www.hannashandiworks.com/media/catalog/product/cache/bbf624d4e302b71a44cbbfb433873131/1/5/15536.JPG,15536.JPG,,,Hannas800,15536.JPG
PLAID SNOWFLAKE TREE SKIRT,15537,,"4' Wide! Fabric; 48""Dia x 1""D",In stock,$21.50 ,,,"4' Wide! Fabric; 48""Dia x 1""D",,4,$26.50 ,,,,,4,Hannas400,Hannas160,https://www.hannashandiworks.com/media/catalog/product/cache/bbf624d4e302b71a44cbbfb433873131/1/5/15537.JPG,15537.JPG,,,Hannas800,15537.JPG
SIMPLE RED KNIT CHRISTMAS TREE SKIRT,15214,,"Over 5' Wide! Fabric; 63""Diameter x 0.25""D",In stock,$23.50 ,,,"Over 5' Wide! Fabric; 63""Diameter x 0.25""D",,4,$30.00 ,,,,,4,Hannas400,Hannas160,https://www.hannashandiworks.com/media/catalog/product/cache/bbf624d4e302b71a44cbbfb433873131/1/5/15214.JPG,15214.JPG,,,Hannas800,15214.JPG
SNAZZY SNOWMAN STOCKING 2 ASST,14114,,Fabric/Mixed Materials; 11”W x 18½”H x 2”D,In stock,,,,Fabric/Mixed Materials; 11”W x 18½”H x 2”D,,6,$7.50 ,12,$7.00 ,,,6,Hannas400,Hannas160,https://www.hannashandiworks.com/media/catalog/product/cache/bbf624d4e302b71a44cbbfb433873131/1/4/14114.JPG,14114.JPG,,,Hannas800,14114.JPG
VIBRANT SNOWMAN STOCKING 2 ASST,15081,,"Fabric/Mixed Materials; 11.75""W x 21.75""H x 3""D",In stock,,,,"Fabric/Mixed Materials; 11.75""W x 21.75""H x 3""D",,6,$8.00 ,12,$7.25 ,,,6,Hannas400,Hannas160,https://www.hannashandiworks.com/media/catalog/product/cache/bbf624d4e302b71a44cbbfb433873131/1/5/15081.JPG,15081.JPG,,,Hannas800,15081.JPG
WINTER SAGE MOOSE STOCKING 2 ASST,14227,,"Fabric/Mixed Material; 12""W x 18½""H x 5¼""D",In stock,,,,"Fabric/Mixed Material; 12""W x 18½""H x 5¼""D",,6,$9.50 ,12,$9.00 ,,,6,Hannas400,Hannas160,https://www.hannashandiworks.com/media/catalog/product/cache/bbf624d4e302b71a44cbbfb433873131/1/4/14227.JPG,14227.JPG,,,Hannas800,14227.JPG
WOODEN HOLLY STOCKING ORNAMENT 3 ASST.,12619,,Wood/Rope; 4½”W x 10¼”H x ½”D,In stock,$2.25 ,,,Wood/Rope; 4½”W x 10¼”H x ½”D,,6,$4.50 ,,,,,6,Hannas400,Hannas160,https://www.hannashandiworks.com/media/catalog/product/cache/bbf624d4e302b71a44cbbfb433873131/1/2/12619.JPG,12619.JPG,,,Hannas800,12619.JPG
FESTIVE PRINT RED BOWL,15344,,"Ceramic; 6.25""Dia x 3.25""H",In stock,,,,"Ceramic; 6.25""Dia x 3.25""H",,4,$6.25 ,8,$5.75 ,16,$5.25 ,4,Hannas400,Hannas160,https://www.hannashandiworks.com/media/catalog/product/cache/bbf624d4e302b71a44cbbfb433873131/1/5/15344.JPG,15344.JPG,,,Hannas800,15344.JPG
FESTIVE PRINT RED DISH LARGE,15342,,"Ceramic; 14.5""W x 1.5""H x 10.25""D",In stock,,,,"Ceramic; 14.5""W x 1.5""H x 10.25""D",,4,$10.50 ,8,$10.00 ,,,4,Hannas400,Hannas160,https://www.hannashandiworks.com/media/catalog/product/cache/bbf624d4e302b71a44cbbfb433873131/1/5/15342.JPG,15342.JPG,,,Hannas800,15342.JPG
FESTIVE PRINT RED DISH SMALL,15343,,"Ceramic; 12""W x 1.25""D x 8.75""D",In stock,,,,"Ceramic; 12""W x 1.25""D x 8.75""D",,4,$7.90 ,12,$7.40 ,,,4,Hannas400,Hannas160,https://www.hannashandiworks.com/media/catalog/product/cache/bbf624d4e302b71a44cbbfb433873131/1/5/15343.JPG,15343.JPG,,,Hannas800,15343.JPG
FESTIVE PRINT RED MUG,15345,,"Ceramic; 5""W x 4""H x 3.75""D",In stock,,,,"Ceramic; 5""W x 4""H x 3.75""D",,6,$4.90 ,12,$4.60 ,,,6,Hannas400,Hannas160,https://www.hannashandiworks.com/media/catalog/product/cache/bbf624d4e302b71a44cbbfb433873131/1/5/15345.JPG,15345.JPG,,,Hannas800,15345.JPG
FOREST GREEN PLATE,14176,,"Ceramic; 8¼""W x 1""H x 11½""D",In stock,,,,"Ceramic; 8¼""W x 1""H x 11½""D",,4,$8.50 ,8,$8.00 ,12,$7.50 ,4,Hannas400,Hannas160,https://www.hannashandiworks.com/media/catalog/product/cache/bbf624d4e302b71a44cbbfb433873131/1/4/14176.JPG,14176.JPG,,,Hannas800,14176.JPG
SNOWY TREE TABLETOP LARGE,14017,,"Resin; 6¾""Dia x 14""H",In stock,,,,"Resin; 6¾""Dia x 14""H",,2,$14.50 ,,,,,2,Hannas400,Hannas160,https://www.hannashandiworks.com/media/catalog/product/cache/bbf624d4e302b71a44cbbfb433873131/1/4/14017.JPG,14017.JPG,,,Hannas800,14017.JPG
FROSTY PINE JOY TABLETOP SIGN,15295,,"Wood/Mixed Materials; 7.5""W x 4""H x 2""D",,,,,"Wood/Mixed Materials; 7.5""W x 4""H x 2""D",,NA,$6.00 ,12,$5.50 ,,,NA,Hannas400,Hannas160,https://www.hannashandiworks.com/media/catalog/product/cache/bbf624d4e302b71a44cbbfb433873131/1/5/15295.JPG,15295.JPG,,,Hannas800,15295.JPG
FROSTY PINE NOEL TABLETOP SIGN,15296,,"Wood/Mixed Materials; 10""W x 4""H x 2""D",In stock,,,,"Wood/Mixed Materials; 10""W x 4""H x 2""D",,4,$7.50 ,12,$7.00 ,,,4,Hannas400,Hannas160,https://www.hannashandiworks.com/media/catalog/product/cache/bbf624d4e302b71a44cbbfb433873131/1/5/15296.JPG,15296.JPG,,,Hannas800,15296.JPG
FUZZY GREEN TREE 3 PIECE SET,14428,,"Resin; Sm: 5¾""Dia x 11¾""H; Med: 6¼""Dia x 14½""H; Lg: 7¼""Dia x 19¼""H",In stock,$19.50 ,,,"Resin; Sm: 5¾""Dia x 11¾""H; Med: 6¼""Dia x 14½""H; Lg: 7¼""Dia x 19¼""H",,2,$48.50 ,,,,,2,Hannas400,Hannas160,https://www.hannashandiworks.com/media/catalog/product/cache/bbf624d4e302b71a44cbbfb433873131/1/4/14428-cob.jpg,14428-cob.jpg,,,Hannas800,14428-cob.jpg
FUZZY RED TREE 3 PIECE SET,14429,,"Resin; Sm: 5¾""Dia x 11¾""H; Med: 6¼""Dia x 14½""H; Lg: 7¼""Dia x 19¼""H",In stock,$19.50 ,,,"Resin; Sm: 5¾""Dia x 11¾""H; Med: 6¼""Dia x 14½""H; Lg: 7¼""Dia x 19¼""H",,2,$48.50 ,,,,,2,Hannas400,Hannas160,https://www.hannashandiworks.com/media/catalog/product/cache/bbf624d4e302b71a44cbbfb433873131/1/4/14429-cob.jpg,14429-cob.jpg,,,Hannas800,14429-cob.jpg
HOLIDAY SAYINGS TREE TABLETOP,15204,,"Wood; 13.75""W x 16.25""H x 2""D",In stock,,,,"Wood; 13.75""W x 16.25""H x 2""D",,6,$9.75 ,12,$9.25 ,,,6,Hannas400,Hannas160,https://www.hannashandiworks.com/media/catalog/product/cache/bbf624d4e302b71a44cbbfb433873131/1/5/15204.JPG,15204.JPG,,,Hannas800,15204.JPG
PINE GREEN TREE DUO 3 PIECE SET,15493,,"Resin; Large: 8.5""W x 17""H x 3""D; Medium: 6.25""W x 13""H x 2.25""D; Small: 4.5""W x 9""H x 1.75""D",,$35.50 ,,,"Resin; Large: 8.5""W x 17""H x 3""D; Medium: 6.25""W x 13""H x 2.25""D; Small: 4.5""W x 9""H x 1.75""D",,NA,$42.50 ,,,,,NA,Hannas400,Hannas160,https://www.hannashandiworks.com/media/catalog/product/cache/bbf624d4e302b71a44cbbfb433873131/1/5/15493.JPG,15493.JPG,,,Hannas800,15493.JPG
PINE WHITE TREE DUO 3 PIECE SET,15494,,"Resin; Large: 8.5""W x 17""H x 3""D; Medium: 6.25""W x 13""H x 2.25""D; Small: 4.5""W x 9""H x 1.75""D",In stock,$35.50 ,,,"Resin; Large: 8.5""W x 17""H x 3""D; Medium: 6.25""W x 13""H x 2.25""D; Small: 4.5""W x 9""H x 1.75""D",,2,$42.50 ,,,,,2,Hannas400,Hannas160,https://www.hannashandiworks.com/media/catalog/product/cache/bbf624d4e302b71a44cbbfb433873131/1/5/15494.JPG,15494.JPG,,,Hannas800,15494.JPG
PLAID CHRISTMAS TREE TABLETOP 2 ASST,15024,,"Fabric/Wood; 7.5""W x 14.25""H x 2.25""D",In stock,,,,"Fabric/Wood; 7.5""W x 14.25""H x 2.25""D",,8,$6.85 ,16,$6.45 ,,,8,Hannas400,Hannas160,https://www.hannashandiworks.com/media/catalog/product/cache/bbf624d4e302b71a44cbbfb433873131/1/5/15024.JPG,15024.JPG,,,Hannas800,15024.JPG
SANTA GIFTS BACKLIGHT TABLETOP 2 ASST,15190,,"Lights Up! Requires 2 AAA batteries; not included. Wood/Mixed Material; 5.25""W x 7.5""H x 1.25""D",In stock,,,,"Lights Up! Requires 2 AAA batteries; not included. Wood/Mixed Material; 5.25""W x 7.5""H x 1.25""D",,6,$5.50 ,12,$5.00 ,,,6,Hannas400,Hannas160,https://www.hannashandiworks.com/media/catalog/product/cache/bbf624d4e302b71a44cbbfb433873131/1/5/15190.JPG,15190.JPG,,,Hannas800,15190.JPG
SHIMMERING GOLD TREE TABLETOP,14440,,"Resin; 4½""W x 13""H x 2¾""D",,,,,"Resin; 4½""W x 13""H x 2¾""D",,NA,$8.25 ,8,$7.75 ,16,$7.25 ,NA,Hannas400,Hannas160,https://www.hannashandiworks.com/media/catalog/product/cache/bbf624d4e302b71a44cbbfb433873131/1/4/14440.JPG,14440.JPG,,,Hannas800,14440.JPG
SNOWY TREE TABLETOP,14018,,"Resin; 4½""Dia x 12½""H",In stock,,,,"Resin; 4½""Dia x 12½""H",,4,$10.50 ,8,$10.00 ,,,4,Hannas400,Hannas160,https://www.hannashandiworks.com/media/catalog/product/cache/bbf624d4e302b71a44cbbfb433873131/1/4/14018.JPG,14018.JPG,,,Hannas800,14018.JPG
STAR TREE TABLETOP 2 ASST LARGE,15106,,"Fabric/Wood; 14.25""W x 21.25""H x 4""D",In stock,,,,"Fabric/Wood; 14.25""W x 21.25""H x 4""D",,6,$10.90 ,12,$10.40 ,24,$9.90 ,6,Hannas400,Hannas160,https://www.hannashandiworks.com/media/catalog/product/cache/bbf624d4e302b71a44cbbfb433873131/1/5/15106.JPG,15106.JPG,,,Hannas800,15106.JPG
STAR TREE TABLETOP 2 ASST SMALL,15108,,"Fabric/Wood; 10.75""W x 15""H x 2.75""D",In stock,,,,"Fabric/Wood; 10.75""W x 15""H x 2.75""D",,6,$6.90 ,12,$6.40 ,,,6,Hannas400,Hannas160,https://www.hannashandiworks.com/media/catalog/product/cache/bbf624d4e302b71a44cbbfb433873131/1/5/15108.JPG,15108.JPG,,,Hannas800,15108.JPG
THREE TIERED TREE SHAPED STAND,14182,,"2' Tall! Wood/Metal; 15""Dia x 24""H",In stock,$16.50 ,,,"2' Tall! Wood/Metal; 15""Dia x 24""H",,2,$29.00 ,,,,,2,Hannas400,Hannas160,https://www.hannashandiworks.com/media/catalog/product/cache/bbf624d4e302b71a44cbbfb433873131/1/4/14182-cob.jpg,14182-cob.jpg,,,Hannas800,14182-cob.jpg
TIN AND WOOD CHRISTMAS TREE TABLETOP 2 PIECE SET,15230,,"Metal/Wood; Large: 8""W x 16.5""H x 2.5""D and Small: 6.5""W x 14""H x 2.5""D",In stock,,,,"Metal/Wood; Large: 8""W x 16.5""H x 2.5""D and Small: 6.5""W x 14""H x 2.5""D",,2,$18.50 ,4,$17.50 ,,,2,Hannas400,Hannas160,https://www.hannashandiworks.com/media/catalog/product/cache/bbf624d4e302b71a44cbbfb433873131/1/5/15230.JPG,15230.JPG,,,Hannas800,15230.JPG
TIN AND WOOD RED CHRISTMAS TREE TABLETOP 2 PIECE SET,15229,,"Metal/Wood; Large: 8""W x 16.5""H x 2.5""D and Small: 6.5""W x 14""H x 2.5""D",In stock,,,,"Metal/Wood; Large: 8""W x 16.5""H x 2.5""D and Small: 6.5""W x 14""H x 2.5""D",,2,$18.50 ,4,$17.50 ,,,2,Hannas400,Hannas160,https://www.hannashandiworks.com/media/catalog/product/cache/bbf624d4e302b71a44cbbfb433873131/1/5/15229.JPG,15229.JPG,,,Hannas800,15229.JPG
WHITE AND GREEN FOREST TREE 2 ASST SMALL,14004,,"Resin; 3¼""W x 8½""H x 2""D",In stock,,,,"Resin; 3¼""W x 8½""H x 2""D",,4,$6.50 ,8,$6.00 ,16,$5.50 ,4,Hannas400,Hannas160,https://www.hannashandiworks.com/media/catalog/product/cache/bbf624d4e302b71a44cbbfb433873131/1/4/14004.JPG,14004.JPG,,,Hannas800,14004.JPG
WHITE CHRISTMAS TREE CUTOUT TABLETOP 2 ASST,15172,,"Wood/Mixed Materials; 10""W x 16.5""H x 4.25""D",In stock,,,,"Wood/Mixed Materials; 10""W x 16.5""H x 4.25""D",,6,$9.90 ,12,$9.40 ,24,$9.10 ,6,Hannas400,Hannas160,https://www.hannashandiworks.com/media/catalog/product/cache/bbf624d4e302b71a44cbbfb433873131/1/5/15172.JPG,15172.JPG,,,Hannas800,15172.JPG
WINTER WONDERLAND WALL SIGN,15205,,"Wood; 22.25""W x 11""H x 1""D",In stock,$9.90 ,,,"Wood; 22.25""W x 11""H x 1""D",,6,$12.90 ,,,,,6,Hannas400,Hannas160,https://www.hannashandiworks.com/media/catalog/product/cache/bbf624d4e302b71a44cbbfb433873131/1/5/15205.JPG,15205.JPG,,,Hannas800,15205.JPG
WINTRY DEER AND PINE TABLETOP 2 ASST,15247,,"Resin; 4.25""Dia x 7.75""H",In stock,,,,"Resin; 4.25""Dia x 7.75""H",,4,$11.50 ,8,$11.00 ,24,$10.50 ,4,Hannas400,Hannas160,https://www.hannashandiworks.com/media/catalog/product/cache/bbf624d4e302b71a44cbbfb433873131/1/5/15247.JPG,15247.JPG,,,Hannas800,15247.JPG
AUTUMN ACORN CAP BIRD 3 ASST,45108,,"Resin; 3.25""W x 4""H x 3.75""D",In stock,,,,"Resin; 3.25""W x 4""H x 3.75""D",,6,$3.00 ,12,$2.75 ,,,6,Hannas400,Hannas160,https://www.hannashandiworks.com/media/catalog/product/cache/bbf624d4e302b71a44cbbfb433873131/4/5/45108.JPG,45108.JPG,,,Hannas800,45108.JPG
AUTUMN ANGEL TABLETOP 2 ASST,49170,,"Resin; 4.5""W x 11.75""H x 2""D",In stock,$11.50 ,,,"Resin; 4.5""W x 11.75""H x 2""D",,4,$14.00 ,,,,,4,Hannas400,Hannas160,https://www.hannashandiworks.com/media/catalog/product/cache/bbf624d4e302b71a44cbbfb433873131/4/9/49170.JPG,49170.JPG,,,Hannas800,49170.JPG
AUTUMN CHICKADEE TABLETOP 2 ASST LARGE,45127,,"Resin; 7-8.5""W x 6.5-7""H x 4.75-6.25""D",In stock,,,,"Resin; 7-8.5""W x 6.5-7""H x 4.75-6.25""D",,8,$7.90 ,16,$7.40 ,,,8,Hannas400,Hannas160,https://www.hannashandiworks.com/media/catalog/product/cache/bbf624d4e302b71a44cbbfb433873131/4/5/45127.JPG,45127.JPG,,,Hannas800,45127.JPG
AUTUMN CHICKADEE TABLETOP 3 ASST SMALL,45128,,"Resin; 2-3""W x 2.75-3.25""H x 2-2.75""D",In stock,,,,"Resin; 2-3""W x 2.75-3.25""H x 2-2.75""D",,6,$3.75 ,12,$3.50 ,48,$3.25 ,6,Hannas400,Hannas160,https://www.hannashandiworks.com/media/catalog/product/cache/bbf624d4e302b71a44cbbfb433873131/4/5/45128.JPG,45128.JPG,,,Hannas800,45128.JPG
AUTUMN GREETINGS TABLETOP 2 ASST,45046,,"Wood; 8""W x 10""H x 4""D",In stock,,,,"Wood; 8""W x 10""H x 4""D",,6,$7.20 ,12,$6.70 ,24,$6.20 ,6,Hannas400,Hannas160,https://www.hannashandiworks.com/media/catalog/product/cache/bbf624d4e302b71a44cbbfb433873131/4/5/45046.JPG,45046.JPG,,,Hannas800,45046.JPG
AUTUMN GRIDIRON BIRD TABLETOP 3 ASST,45113,,"Resin; 4""W x 3.25""H x 4.25""D",In stock,,,,"Resin; 4""W x 3.25""H x 4.25""D",,6,$4.75 ,12,$4.25 ,48,$4.00 ,6,Hannas400,Hannas160,https://www.hannashandiworks.com/media/catalog/product/cache/bbf624d4e302b71a44cbbfb433873131/4/5/45113.JPG,45113.JPG,,,Hannas800,45113.JPG
AUTUMN HARVEST CRITTER TABLETOP 3 ASST,45042,,"Resin; 3""W x 5.5""H x 2.75""D",In stock,,,,"Resin; 3""W x 5.5""H x 2.75""D",,6,$6.25 ,12,$5.75 ,24,$5.25 ,6,Hannas400,Hannas160,https://www.hannashandiworks.com/media/catalog/product/cache/bbf624d4e302b71a44cbbfb433873131/4/5/45042.JPG,45042.JPG,,,Hannas800,45042.JPG
AUTUMN HARVEST PAIL 2 PIECE SET,45051,,"Metal; Large: 9.25""Diameter x 14.25""H; Small: 7""Diameter x 10.25""H",In stock,$16.50 ,,,"Metal; Large: 9.25""Diameter x 14.25""H; Small: 7""Diameter x 10.25""H",,2,$21.50 ,,,,,2,Hannas400,Hannas160,https://www.hannashandiworks.com/media/catalog/product/cache/bbf624d4e302b71a44cbbfb433873131/4/5/45051.JPG,45051.JPG,,,Hannas800,45051.JPG
AUTUMN HIGHLAND COW TABLETOP 3 ASST,45123,,"Resin; 2.75""W x 3.25""H x 2.75""D",In stock,,,,"Resin; 2.75""W x 3.25""H x 2.75""D",,6,$5.25 ,12,$4.75 ,24,$4.25 ,6,Hannas400,Hannas160,https://www.hannashandiworks.com/media/catalog/product/cache/bbf624d4e302b71a44cbbfb433873131/4/5/45123.JPG,45123.JPG,,,Hannas800,45123.JPG
AUTUMN LEAF SCARECROW STAKE 2 ASST,45001,,"Over 3' Tall! Metal; 17-21""W x 38""H x 1""D",In stock,$12.25 ,,,"Over 3' Tall! Metal; 17-21""W x 38""H x 1""D",,6,$17.25 ,,,,,6,Hannas400,Hannas160,https://www.hannashandiworks.com/media/catalog/product/cache/bbf624d4e302b71a44cbbfb433873131/4/5/45001.JPG,45001.JPG,,,Hannas800,45001.JPG
AUTUMN LEAF WOODEN PUMPKIN SMALL,45067,,"Wood; 13""W x 13.25""H x 4""D",In stock,,,,"Wood; 13""W x 13.25""H x 4""D",,4,$17.90 ,,,,,4,Hannas400,Hannas160,https://www.hannashandiworks.com/media/catalog/product/cache/bbf624d4e302b71a44cbbfb433873131/4/5/45067.JPG,45067.JPG,,,Hannas800,45067.JPG
AUTUMN LEAVES EASEL SIGN,45054,,"Over 2' Tall! Wood; 16""W x 28.25""H x 17.5""D",In stock,$19.50 ,,,"Over 2' Tall! Wood; 16""W x 28.25""H x 17.5""D",,2,$24.50 ,,,,,2,Hannas400,Hannas160,https://www.hannashandiworks.com/media/catalog/product/cache/bbf624d4e302b71a44cbbfb433873131/4/5/45054s.JPG,45054s.JPG,,,Hannas800,45054s.JPG
AUTUMN MAPLE LEAF DISH 2 ASST LARGE,45063,,"Ceramic; 9""W x 1""H x 7""D",In stock,,,,"Ceramic; 9""W x 1""H x 7""D",,6,$6.90 ,12,$6.40 ,,,6,Hannas400,Hannas160,https://www.hannashandiworks.com/media/catalog/product/cache/bbf624d4e302b71a44cbbfb433873131/4/5/45063.JPG,45063.JPG,,,Hannas800,45063.JPG
AUTUMN OAK LEAF DISH 2 ASST,45061,,"Ceramic; 8""W x 1.25""H x 3.25""D",In stock,,,,"Ceramic; 8""W x 1.25""H x 3.25""D",,12,$4.10 ,24,$3.80 ,48,$3.50 ,12,Hannas400,Hannas160,https://www.hannashandiworks.com/media/catalog/product/cache/bbf624d4e302b71a44cbbfb433873131/4/5/45061.JPG,45061.JPG,,,Hannas800,45061.JPG
AUTUMN SAYINGS TABLETOP 3 ASST,45101,,"Resin; 9.75""W x 5.25""H x 1""D",In stock,,,,"Resin; 9.75""W x 5.25""H x 1""D",,6,$8.25 ,12,$7.75 ,24,$7.25 ,6,Hannas400,Hannas160,https://www.hannashandiworks.com/media/catalog/product/cache/bbf624d4e302b71a44cbbfb433873131/4/5/45101.JPG,45101.JPG,,,Hannas800,45101.JPG
AUTUMN SAYINGS TABLETOP EASEL 2 ASST,45045,,"Wood; 6""W x 9.75""H x 5.25""D",In stock,,,,"Wood; 6""W x 9.75""H x 5.25""D",,6,$5.75 ,12,$5.25 ,24,$4.75 ,6,Hannas400,Hannas160,https://www.hannashandiworks.com/media/catalog/product/cache/bbf624d4e302b71a44cbbfb433873131/4/5/45045.JPG,45045.JPG,,,Hannas800,45045.JPG
BANNER PUMPKIN WOODEN SIGN WITH LIGHTS,42175,,Wood; 11¾”W x 9½”H x 1¼”D; Batteries required; Not Included,In stock,$4.75 ,,,Wood; 11¾”W x 9½”H x 1¼”D; Batteries required; Not Included,,6,$9.50 ,,,,,6,Hannas400,Hannas160,https://www.hannashandiworks.com/media/catalog/product/cache/bbf624d4e302b71a44cbbfb433873131/4/2/42175.JPG,42175.JPG,,,Hannas800,42175.JPG
BARN HARVEST SCENE PUMPKIN 2 ASST,45095,,"Resin; 3.5-4""W x 4.5-4.75""H x 4-4.5""D",In stock,,,,"Resin; 3.5-4""W x 4.5-4.75""H x 4-4.5""D",,6,$6.75 ,12,$6.25 ,,,6,Hannas400,Hannas160,https://www.hannashandiworks.com/media/catalog/product/cache/bbf624d4e302b71a44cbbfb433873131/4/5/45095.JPG,45095.JPG,,,Hannas800,45095.JPG
BLESSED BLUE CANDY PLATE,42204,,Ceramic; 10¾”W x 1”H x 12”D,In stock,$5.63 ,,,Ceramic; 10¾”W x 1”H x 12”D,,4,$11.25 ,,,,,4,Hannas400,Hannas160,https://www.hannashandiworks.com/media/catalog/product/cache/bbf624d4e302b71a44cbbfb433873131/4/2/42204.JPG,42204.JPG,,,Hannas800,42204.JPG
COWBOY SCARECROW STRETCH LEG 2 ASST,44081,,"Stretch Legs! Over 2' Tall! Fabric/Mixed Material; 10¾""W x 19½-31""H x 7""D",In stock,,,,"Stretch Legs! Over 2' Tall! Fabric/Mixed Material; 10¾""W x 19½-31""H x 7""D",,6,$18.25 ,12,$17.25 ,24,$16.25 ,6,Hannas400,Hannas160,https://www.hannashandiworks.com/media/catalog/product/cache/bbf624d4e302b71a44cbbfb433873131/4/4/44081-cob.jpg,44081-cob.jpg,,,Hannas800,44081-cob.jpg
FALL COLORS WOODEN PUMPKIN STANDER 3 ASST,44056,,"Wood/Mixed Materials; 11¾""W x 12¼""H x 3""D",In stock,,,,"Wood/Mixed Materials; 11¾""W x 12¼""H x 3""D",,3,$12.75 ,6,$12.00 ,,,3,Hannas400,Hannas160,https://www.hannashandiworks.com/media/catalog/product/cache/bbf624d4e302b71a44cbbfb433873131/4/4/44056.JPG,44056.JPG,,,Hannas800,44056.JPG
FALL FLOWER FOX STANDER 2 ASST,45083,,"Weighted feet help fox stand upright when placed on flat, level surface. Fabric & Mixed Materials; 6.5""W x 13.5-18.5""H x 4.75""D",In stock,,,,"Weighted feet help fox stand upright when placed on flat, level surface. Fabric & Mixed Materials; 6.5""W x 13.5-18.5""H x 4.75""D",,6,$9.90 ,12,$9.40 ,24,$8.90 ,6,Hannas400,Hannas160,https://www.hannashandiworks.com/media/catalog/product/cache/bbf624d4e302b71a44cbbfb433873131/4/5/45083.JPG,45083.JPG,,,Hannas800,45083.JPG
FALL HARVEST HEDGEHOG DANGLE LEG 2 ASST,45006,,"Fabric and Mixed Material; 5.75""W x 16-18""H x 5.75""D",In stock,,,,"Fabric and Mixed Material; 5.75""W x 16-18""H x 5.75""D",,6,$10.75 ,12,$10.25 ,24,$9.75 ,6,Hannas400,Hannas160,https://www.hannashandiworks.com/media/catalog/product/cache/bbf624d4e302b71a44cbbfb433873131/4/5/45006.JPG,45006.JPG,,,Hannas800,45006.JPG
FALL HARVEST HEDGEHOG STRETCH LEG 2 ASST,45012,,"Stretches to Over 2' Tall! Weighted feet help hedgehog stand upright when placed on flat, level surface. Fabric and Mixed Material; 9""W x 16-27""H x 7.75""D",In stock,,,,"Stretches to Over 2' Tall! Weighted feet help hedgehog stand upright when placed on flat, level surface. Fabric and Mixed Material; 9""W x 16-27""H x 7.75""D",,4,$16.50 ,8,$15.50 ,,,4,Hannas400,Hannas160,https://www.hannashandiworks.com/media/catalog/product/cache/bbf624d4e302b71a44cbbfb433873131/4/5/45012.JPG,45012.JPG,,,Hannas800,45012.JPG
FALL HARVEST PLAID PUMPKIN TABLETOP 2 ASST,45014,,"Fabric & Twine; 8.25""Diameter x 6""H",In stock,,,,"Fabric & Twine; 8.25""Diameter x 6""H",,6,$8.25 ,12,$7.75 ,24,$7.25 ,6,Hannas400,Hannas160,https://www.hannashandiworks.com/media/catalog/product/cache/bbf624d4e302b71a44cbbfb433873131/4/5/45014.JPG,45014.JPG,,,Hannas800,45014.JPG
FALL HARVEST SCARECROW DANGLE LEG 2 ASST,45007,,"Fabric and Mixed Material; 6.75""W x 17-20""H x 4.5""D",In stock,,,,"Fabric and Mixed Material; 6.75""W x 17-20""H x 4.5""D",,6,$11.90 ,12,$11.50 ,24,$10.90 ,6,Hannas400,Hannas160,https://www.hannashandiworks.com/media/catalog/product/cache/bbf624d4e302b71a44cbbfb433873131/4/5/45007.JPG,45007.JPG,,,Hannas800,45007.JPG
FALL HARVEST SCARECROW STANDER 2 ASST,45009,,"Weighted feet help scarecrow stand upright when placed on a flat, level surface. Fabric and Mixed Material; 8.5""W x 22-26""H x 4""D",In stock,$14.90 ,,,"Weighted feet help scarecrow stand upright when placed on a flat, level surface. Fabric and Mixed Material; 8.5""W x 22-26""H x 4""D",,4,$19.25 ,,,,,4,Hannas400,Hannas160,https://www.hannashandiworks.com/media/catalog/product/cache/bbf624d4e302b71a44cbbfb433873131/4/5/45009.JPG,45009.JPG,,,Hannas800,45009.JPG
FALL HARVEST TURKEY ORNAMENT 2 ASST,45013,,"Height is the actual ornament body height. Weighted bottom allows ornament to also be used as a tabletop item. Fabric; 4.75""W x 5""H x 2.25""D",In stock,,,,"Height is the actual ornament body height. Weighted bottom allows ornament to also be used as a tabletop item. Fabric; 4.75""W x 5""H x 2.25""D",,12,$3.25 ,48,$3.00 ,,,12,Hannas400,Hannas160,https://www.hannashandiworks.com/media/catalog/product/cache/bbf624d4e302b71a44cbbfb433873131/4/5/45013.JPG,45013.JPG,,,Hannas800,45013.JPG
FALL HARVEST TURKEY STANDER 2 ASST,45011,,"Weighted feet help turkey stand upright when placed on flat, level surface. Fabric; 10.5""W x 32.5-34""H x 5""D",In stock,$20.50 ,,,"Weighted feet help turkey stand upright when placed on flat, level surface. Fabric; 10.5""W x 32.5-34""H x 5""D",,4,$25.50 ,,,,,4,Hannas400,Hannas160,https://www.hannashandiworks.com/media/catalog/product/cache/bbf624d4e302b71a44cbbfb433873131/4/5/45011.JPG,45011.JPG,,,Hannas800,45011.JPG
FALL PLAID TURKEY ORNAMENT 2 ASST,43102,,"Fabric; 5¼""W x 5½""H x 2”D",In stock,,,,"Fabric; 5¼""W x 5½""H x 2”D",,12,$2.90 ,,,,,12,Hannas400,Hannas160,https://www.hannashandiworks.com/media/catalog/product/cache/bbf624d4e302b71a44cbbfb433873131/4/3/43102.JPG,43102.JPG,,,Hannas800,43102.JPG
FALL SAYINGS HANGING SIGN 4 ASST,45070,,"Metal/Rope; 11.75""W x 11.50""H x .25""D",In stock,,,,"Metal/Rope; 11.75""W x 11.50""H x .25""D",,24,$2.50 ,48,$2.30 ,,,24,Hannas400,Hannas160,https://www.hannashandiworks.com/media/catalog/product/cache/bbf624d4e302b71a44cbbfb433873131/4/5/45070.JPG,45070.JPG,,,Hannas800,45070.JPG
FARMSTEAD SCARECROW BEAD LEG 2 ASST,45152,,"Fabric/Mixed Material; 7""W x 17-20.5""H x 4.25""D",In stock,,,,"Fabric/Mixed Material; 7""W x 17-20.5""H x 4.25""D",,6,$8.50 ,12,$8.00 ,,,6,Hannas400,Hannas160,https://www.hannashandiworks.com/media/catalog/product/cache/bbf624d4e302b71a44cbbfb433873131/4/5/45152.JPG,45152.JPG,,,Hannas800,45152.JPG
FARMSTEAD SCARECROW DANGLE LEG 2 ASST,45149,,"Fabric/Mixed Materials; 8.5""W x 20.5-25""H x 4.75""D",In stock,,,,"Fabric/Mixed Materials; 8.5""W x 20.5-25""H x 4.75""D",,6,$12.25 ,12,$11.75 ,24,$11.25 ,6,Hannas400,Hannas160,https://www.hannashandiworks.com/media/catalog/product/cache/bbf624d4e302b71a44cbbfb433873131/4/5/45149.JPG,45149.JPG,,,Hannas800,45149.JPG
FARMSTEAD SCARECROW ORNAMENT TRAY 2 ASST,45154,,"Fabric/Mixed Material; 4.5""W x 9""H x 2.75""D",In stock,,,,"Fabric/Mixed Material; 4.5""W x 9""H x 2.75""D",,12,$3.05 ,48,$2.80 ,,,12,Hannas400,Hannas160,https://www.hannashandiworks.com/media/catalog/product/cache/bbf624d4e302b71a44cbbfb433873131/4/5/45154.JPG,45154.JPG,,,Hannas800,45154.JPG
FARMSTEAD SCARECROW SITTER 2 ASST,45151,,"Fabric/Mixed Materials; 8.5""W x 11.5-14""H x 6""D",In stock,,,,"Fabric/Mixed Materials; 8.5""W x 11.5-14""H x 6""D",,6,$9.25 ,12,$8.75 ,24,$8.25 ,6,Hannas400,Hannas160,https://www.hannashandiworks.com/media/catalog/product/cache/bbf624d4e302b71a44cbbfb433873131/4/5/45151.JPG,45151.JPG,,,Hannas800,45151.JPG
FARMSTEAD SCARECROW STANDER 2 ASST,45148,,"Fabric/Mixed Materials; 9""W x 17-18.5""H x 7""D",In stock,,,,"Fabric/Mixed Materials; 9""W x 17-18.5""H x 7""D",,6,$12.50 ,12,$12.00 ,24,$11.50 ,6,Hannas400,Hannas160,https://www.hannashandiworks.com/media/catalog/product/cache/bbf624d4e302b71a44cbbfb433873131/4/5/45148.JPG,45148.JPG,,,Hannas800,45148.JPG
FARMSTEAD SCARECROW TALL STANDER 2 ASST,45147,,"Over 2' Tall! Fabric/Mixed Materials; 12-14""W x 32-34""H x 9.75""D",In stock,$20.25 ,,,"Over 2' Tall! Fabric/Mixed Materials; 12-14""W x 32-34""H x 9.75""D",,6,$24.75 ,,,,,6,Hannas400,Hannas160,https://www.hannashandiworks.com/media/catalog/product/cache/bbf624d4e302b71a44cbbfb433873131/4/5/45147.JPG,45147.JPG,,,Hannas800,45147.JPG
GATHER WALL PLAQUE,69107,,Over 3' Tall! Metal; 12”W x 47”H x ½”D,In stock,$21.50 ,,,Over 3' Tall! Metal; 12”W x 47”H x ½”D,,4,$28.50 ,,,,,4,Hannas400,Hannas160,https://www.hannashandiworks.com/media/catalog/product/cache/bbf624d4e302b71a44cbbfb433873131/6/9/69107_4.jpg,69107_4.jpg,,,Hannas800,69107_4.jpg
GIVE THANKS TURKEY STANDER,45164,,"Wood/Metal; 12""W x 21""H x 2.5""D",In stock,$14.75 ,,,"Wood/Metal; 12""W x 21""H x 2.5""D",,4,$19.00 ,,,,,4,Hannas400,Hannas160,https://www.hannashandiworks.com/media/catalog/product/cache/bbf624d4e302b71a44cbbfb433873131/4/5/45164.JPG,45164.JPG,,,Hannas800,45164.JPG
GRATEFUL PLAID TURKEY HANGER,42322,,Wood; 12”W x 23½”H x ¾”D,In stock,$9.90 ,,,Wood; 12”W x 23½”H x ¾”D,,4,$12.50 ,,,,,4,Hannas400,Hannas160,https://www.hannashandiworks.com/media/catalog/product/cache/bbf624d4e302b71a44cbbfb433873131/4/2/42322.JPG,42322.JPG,,,Hannas800,42322.JPG
HARVEST HIGHLAND COW STACKER,45100,,"Resin; 6""W x 13""H x 4.75""D",In stock,$17.75 ,,,"Resin; 6""W x 13""H x 4.75""D",,4,$22.00 ,,,,,4,Hannas400,Hannas160,https://www.hannashandiworks.com/media/catalog/product/cache/bbf624d4e302b71a44cbbfb433873131/4/5/45100.JPG,45100.JPG,,,Hannas800,45100.JPG
HARVEST PUMPKIN STACKER,45085,,"Weighted bottom allows pumpkin to stand upright when placed on flat, level surface. Fabric & Mixed Materials; 7.75""Diameter x 14""H",In stock,$11.50 ,,,"Weighted bottom allows pumpkin to stand upright when placed on flat, level surface. Fabric & Mixed Materials; 7.75""Diameter x 14""H",,6,$15.00 ,,,,,6,Hannas400,Hannas160,https://www.hannashandiworks.com/media/catalog/product/cache/bbf624d4e302b71a44cbbfb433873131/4/5/45085.JPG,45085.JPG,,,Hannas800,45085.JPG
HELLO SUNSHINE MILK JUG,61231,,Metal; 9”W x 19¾”H x 8”D,In stock,$27.50 ,,,Metal; 9”W x 19¾”H x 8”D,,2,$34.50 ,,,,,2,Hannas400,Hannas160,https://www.hannashandiworks.com/media/catalog/product/cache/bbf624d4e302b71a44cbbfb433873131/6/1/61231_1.JPG,61231_1.JPG,,,Hannas800,61231_1.JPG
PLAIN PUMPKIN TABLETOP 2 ASST,45040,,"Resin; 9.75""Dia x 7.5""H",In stock,$15.50 ,,,"Resin; 9.75""Dia x 7.5""H",,4,$19.90 ,,,,,4,Hannas400,Hannas160,https://www.hannashandiworks.com/media/catalog/product/cache/bbf624d4e302b71a44cbbfb433873131/4/5/45040.JPG,45040.JPG,,,Hannas800,45040.JPG
PUMPKIN COOKIE JAR,44062,,"Ceramic; 8""Dia x 8""H",In stock,$8.75 ,,,"Ceramic; 8""Dia x 8""H",,2,$13.50 ,,,,,2,Hannas400,Hannas160,https://www.hannashandiworks.com/media/catalog/product/cache/bbf624d4e302b71a44cbbfb433873131/4/4/44062-cob.jpg,44062-cob.jpg,,,Hannas800,44062-cob.jpg
PUMPKIN CORNUCOPIA LIGHT UP TABLETOP,45025,,"Faux Candle Lights Up! Requires 3 AAA batteries, not included. Metal/Mixed Materials; 11.75""W x 11""H x 8.75""D",In stock,$15.90 ,,,"Faux Candle Lights Up! Requires 3 AAA batteries, not included. Metal/Mixed Materials; 11.75""W x 11""H x 8.75""D",,4,$21.00 ,,,,,4,Hannas400,Hannas160,https://www.hannashandiworks.com/media/catalog/product/cache/bbf624d4e302b71a44cbbfb433873131/4/5/45025.JPG,45025.JPG,,,Hannas800,45025.JPG
PUMPKIN WELCOME VERTICAL SIGN,45047,,"4' Tall! Metal/Wood; 10""W x 48""H x 1.25""D; 1 sawtooth hanger",In stock,$21.50 ,,,"4' Tall! Metal/Wood; 10""W x 48""H x 1.25""D; 1 sawtooth hanger",,2,$27.50 ,,,,,2,Hannas400,Hannas160,https://www.hannashandiworks.com/media/catalog/product/cache/bbf624d4e302b71a44cbbfb433873131/4/5/45047.JPG,45047.JPG,,,Hannas800,45047.JPG
SUNFLOWER SCARECROW DOORKNOB HANGER 2 ASST,44079,,"Fabric/Mixed Material; 8¼""W x 17""H x 4¾""D",In stock,$3.90 ,,,"Fabric/Mixed Material; 8¼""W x 17""H x 4¾""D",,6,$6.75 ,,,,,6,Hannas400,Hannas160,https://www.hannashandiworks.com/media/catalog/product/cache/bbf624d4e302b71a44cbbfb433873131/4/4/44079.JPG,44079.JPG,,,Hannas800,44079.JPG
SUNFLOWER WIRE PUMPKIN 3 ASST,45117,,"Metal; 8.5""Dia x 9.25""H",In stock,$14.25 ,,,"Metal; 8.5""Dia x 9.25""H",,6,$19.50 ,,,,,6,Hannas400,Hannas160,https://www.hannashandiworks.com/media/catalog/product/cache/bbf624d4e302b71a44cbbfb433873131/4/5/45117.JPG,45117.JPG,,,Hannas800,45117.JPG
TIMBERLAND SCARECROW STANDER 2 ASST,45141,,"Over 2' Tall! Fabric/Mixed Materials; 13-15""W x 31-33""H x 8.75""D",In stock,$21.50 ,,,"Over 2' Tall! Fabric/Mixed Materials; 13-15""W x 31-33""H x 8.75""D",,6,$27.00 ,,,,,6,Hannas400,Hannas160,https://www.hannashandiworks.com/media/catalog/product/cache/bbf624d4e302b71a44cbbfb433873131/4/5/45141.JPG,45141.JPG,,,Hannas800,45141.JPG
TIMBERLAND SCARECROW STRETCH LEG 2 ASST,45146,,"Stretches Up to 5' Tall! Fabric/Mixed Materials; 17.25""W x 35.5-60""H x 13.5""D",In stock,$76.50 ,,,"Stretches Up to 5' Tall! Fabric/Mixed Materials; 17.25""W x 35.5-60""H x 13.5""D",,2,$92.00 ,,,,,2,Hannas400,Hannas160,https://www.hannashandiworks.com/media/catalog/product/cache/bbf624d4e302b71a44cbbfb433873131/4/5/45146.JPG,45146.JPG,,,Hannas800,45146.JPG
WEATHERED PUMPKIN TABLETOP 2 ASST,45031,,"Wood/Metal; 8.5-9.25""W x 11""H x 2.25""D",In stock,$10.90 ,,,"Wood/Metal; 8.5-9.25""W x 11""H x 2.25""D",,4,$14.80 ,,,,,4,Hannas400,Hannas160,https://www.hannashandiworks.com/media/catalog/product/cache/bbf624d4e302b71a44cbbfb433873131/4/5/45031.JPG,45031.JPG,,,Hannas800,45031.JPG
WOODEN TRUCK WITH PUMPKIN,42128,,Wood; 23½”W x 14¼”H x 4¾”D,In stock,$10.75 ,,,Wood; 23½”W x 14¼”H x 4¾”D,,2,$21.50 ,,,,,2,Hannas400,Hannas160,https://www.hannashandiworks.com/media/catalog/product/cache/bbf624d4e302b71a44cbbfb433873131/4/2/42128-cob.jpg,42128-cob.jpg,,,Hannas800,42128-cob.jpg
FARMSTEAD SCARECROW TABLETOP 2 ASST,45150,,"Fabric/Mixed Materials; 7.25""W x 13-16""H x 5.75""D",In stock,,,,"Fabric/Mixed Materials; 7.25""W x 13-16""H x 5.75""D",,6,$10.00 ,12,$9.50 ,24,$9.00 ,6,Hannas400,Hannas160,https://www.hannashandiworks.com/media/catalog/product/cache/bbf624d4e302b71a44cbbfb433873131/4/5/45150.JPG,45150.JPG,,,Hannas800,45150.JPG
FAUX WOVEN PUMPKIN TABLETOP 3 ASST,45124,,"Resin/Metal; 4.5""Dia x 4.75""H",In stock,,,,"Resin/Metal; 4.5""Dia x 4.75""H",,6,$6.50 ,12,$6.00 ,24,$5.50 ,6,Hannas400,Hannas160,https://www.hannashandiworks.com/media/catalog/product/cache/bbf624d4e302b71a44cbbfb433873131/4/5/45124.JPG,45124.JPG,,,Hannas800,45124.JPG
GATHER AROUND RESIN BLOCKS 3 ASST,43078,,Resin/Raffia; 5½”W x 6½”H x 1¾”D,In stock,,,,Resin/Raffia; 5½”W x 6½”H x 1¾”D,,6,$5.75 ,12,$5.25 ,,,6,Hannas400,Hannas160,https://www.hannashandiworks.com/media/catalog/product/cache/bbf624d4e302b71a44cbbfb433873131/4/3/43078.JPG,43078.JPG,,,Hannas800,43078.JPG
GATHER WOODEN TABLETOP EASEL 3 ASST,44046,,"Wood; 5½""W x 7""H x 4""D",In stock,,,,"Wood; 5½""W x 7""H x 4""D",,6,$3.50 ,12,$3.25 ,24,$3.00 ,6,Hannas400,Hannas160,https://www.hannashandiworks.com/media/catalog/product/cache/bbf624d4e302b71a44cbbfb433873131/4/4/44046.JPG,44046.JPG,,,Hannas800,44046.JPG
GNOME HARVEST TRUCK ORNAMENT 24-PIECE SET,45026,,"Wood/Twine; 3.25""W x 4.25""H x .25""D",In stock,,,,"Wood/Twine; 3.25""W x 4.25""H x .25""D",,2,$2.75 ,6,$2.50 ,,,2,Hannas400,Hannas160,https://www.hannashandiworks.com/media/catalog/product/cache/bbf624d4e302b71a44cbbfb433873131/4/5/45026.JPG,45026.JPG,,,Hannas800,45026.JPG
GRATEFUL HARVEST FALL TAG HANGER 2 ASST,43141,,Wood/Rope; 5”W x 14¼”H x ¼”D,In stock,,,,Wood/Rope; 5”W x 14¼”H x ¼”D,,6,$6.90 ,12,$6.40 ,24,$5.90 ,6,Hannas400,Hannas160,https://www.hannashandiworks.com/media/catalog/product/cache/bbf624d4e302b71a44cbbfb433873131/4/3/43141.JPG,43141.JPG,,,Hannas800,43141.JPG
GRAY FALL SCARECROW DOORKNOB HANGER 2 ASST,44091,,"Fabric/Mixed Material; 8""W x 17-21""H x 5""D",In stock,,,,"Fabric/Mixed Material; 8""W x 17-21""H x 5""D",,6,$6.50 ,12,$6.00 ,24,$5.50 ,6,Hannas400,Hannas160,https://www.hannashandiworks.com/media/catalog/product/cache/bbf624d4e302b71a44cbbfb433873131/4/4/44091.JPG,44091.JPG,,,Hannas800,44091.JPG
GRAY FALL SCARECROW ORNAMENT 2 ASST,44092,,"Fabric/Mixed Material; 4¼""W x 6-7""H x 2¾""D",In stock,,,,"Fabric/Mixed Material; 4¼""W x 6-7""H x 2¾""D",,12,$2.75 ,48,$2.50 ,,,12,Hannas400,Hannas160,https://www.hannashandiworks.com/media/catalog/product/cache/bbf624d4e302b71a44cbbfb433873131/4/4/44092.JPG,44092.JPG,,,Hannas800,44092.JPG
HAPPY FALL PUMPKIN SIGN 3 ASST.,42249,,Wood; 11¾”W x 7¾”H x 1”D,In stock,,,,Wood; 11¾”W x 7¾”H x 1”D,,6,$6.75 ,12,$6.25 ,18,$5.75 ,6,Hannas400,Hannas160,https://www.hannashandiworks.com/media/catalog/product/cache/bbf624d4e302b71a44cbbfb433873131/4/2/42249.JPG,42249.JPG,,,Hannas800,42249.JPG
FOOTBALL MOUNTED HIGHLAND COW 3 ASST,45115,,"Resin; 3.5""W x 5""H x 2.25""D",In stock,,,,"Resin; 3.5""W x 5""H x 2.25""D",,6,$6.75 ,12,$6.25 ,24,$5.75 ,6,Hannas400,Hannas160,https://www.hannashandiworks.com/media/catalog/product/cache/bbf624d4e302b71a44cbbfb433873131/4/5/45115.JPG,45115.JPG,,,Hannas800,45115.JPG
HARVEST HIGHLAND COW PUMPKIN 2 ASST,45121,,"Resin; 4.5""Dia x 5.75""H",In stock,,,,"Resin; 4.5""Dia x 5.75""H",,6,$8.00 ,12,$7.50 ,,,6,Hannas400,Hannas160,https://www.hannashandiworks.com/media/catalog/product/cache/bbf624d4e302b71a44cbbfb433873131/4/5/45121.JPG,45121.JPG,,,Hannas800,45121.JPG
HARVEST HIGHLAND COW TABLETOP 3 ASST,45119,,"Resin; 3.75""W x 4.5""H x 3""D",In stock,,,,"Resin; 3.75""W x 4.5""H x 3""D",,6,$5.35 ,12,$5.05 ,24,$4.75 ,6,Hannas400,Hannas160,https://www.hannashandiworks.com/media/catalog/product/cache/bbf624d4e302b71a44cbbfb433873131/4/5/45119.JPG,45119.JPG,,,Hannas800,45119.JPG
HIGHLAND COW IN PUMPKIN 3 ASST,45099,,"Resin; 3.75""Dia x 4.75""H",In stock,,,,"Resin; 3.75""Dia x 4.75""H",,6,$7.50 ,12,$7.00 ,,,6,Hannas400,Hannas160,https://www.hannashandiworks.com/media/catalog/product/cache/bbf624d4e302b71a44cbbfb433873131/4/5/45099.JPG,45099.JPG,,,Hannas800,45099.JPG
HIGHLAND COW PUMPKIN HEAD 2 ASST,45109,,"Resin; 3.5""W x 3.75""H x 2.75""D",In stock,,,,"Resin; 3.5""W x 3.75""H x 2.75""D",,4,$4.85 ,12,$4.65 ,24,$4.35 ,4,Hannas400,Hannas160,https://www.hannashandiworks.com/media/catalog/product/cache/bbf624d4e302b71a44cbbfb433873131/4/5/45109.JPG,45109.JPG,,,Hannas800,45109.JPG
SCARF HIGHLAND COW ON PUMPKIN 3 ASST,45110,,"Resin; 3.5""Dia x 5.25""H",In stock,,,,"Resin; 3.5""Dia x 5.25""H",,6,$7.50 ,12,$7.00 ,,,6,Hannas400,Hannas160,https://www.hannashandiworks.com/media/catalog/product/cache/bbf624d4e302b71a44cbbfb433873131/4/5/45110.JPG,45110.JPG,,,Hannas800,45110.JPG
SIGNPOST HARVEST HIGHLAND COW 2 ASST,45129,,"Resin; 4.75""W x 5""H x 2.75""D",In stock,,,,"Resin; 4.75""W x 5""H x 2.75""D",,6,$8.35 ,12,$7.85 ,24,$7.35 ,6,Hannas400,Hannas160,https://www.hannashandiworks.com/media/catalog/product/cache/bbf624d4e302b71a44cbbfb433873131/4/5/45129.JPG,45129.JPG,,,Hannas800,45129.JPG
HAPPY FALL YALL BLOCK SIGNS 3 ASST,43185,,"Wood; 7""W x 7""H x 1¼""D",In stock,,,,"Wood; 7""W x 7""H x 1¼""D",,6,$3.75 ,12,$3.50 ,48,$3.25 ,6,Hannas400,Hannas160,https://www.hannashandiworks.com/media/catalog/product/cache/bbf624d4e302b71a44cbbfb433873131/4/3/43185.JPG,43185.JPG,,,Hannas800,43185.JPG
HELLO FALL LEAVES SIGN,42280,,Over 2' Wide! Wood/Metal; 25”W x 13”H x 1¼”D,In stock,$9.95 ,,,Over 2' Wide! Wood/Metal; 25”W x 13”H x 1¼”D,,6,$19.90 ,,,,,6,Hannas400,Hannas160,https://www.hannashandiworks.com/media/catalog/product/cache/bbf624d4e302b71a44cbbfb433873131/4/2/42280.JPG,42280.JPG,,,Hannas800,42280.JPG
THANKFUL PUMPKIN TRUCK HANGER,43041,,"Wood/Mixed Material; 11¼""W x 13""H x 1""D",In stock,,,,"Wood/Mixed Material; 11¼""W x 13""H x 1""D",,6,$10.00 ,12,$9.50 ,48,$9.00 ,6,Hannas400,Hannas160,https://www.hannashandiworks.com/media/catalog/product/cache/bbf624d4e302b71a44cbbfb433873131/4/3/43041.JPG,43041.JPG,,,Hannas800,43041.JPG
FOOTBALL HAT GNOME TABLETOP 3 ASST,45112,,"Resin; 4""W x 6""H x 3""D",In stock,,,,"Resin; 4""W x 6""H x 3""D",,6,$6.00 ,12,$5.50 ,,,6,Hannas400,Hannas160,https://www.hannashandiworks.com/media/catalog/product/cache/bbf624d4e302b71a44cbbfb433873131/4/5/45112.JPG,45112.JPG,,,Hannas800,45112.JPG
HARVEST FIELD MOUSE BEAD LEG 2 ASST,45137,,"Fabric/Mixed Material; 6""W x 16.5""H x 4.5""D",In stock,,,,"Fabric/Mixed Material; 6""W x 16.5""H x 4.5""D",,6,$8.25 ,12,$7.75 ,24,$7.25 ,6,Hannas400,Hannas160,https://www.hannashandiworks.com/media/catalog/product/cache/bbf624d4e302b71a44cbbfb433873131/4/5/45137.JPG,45137.JPG,,,Hannas800,45137.JPG
HARVEST FIELD MOUSE ORNAMENT TRAY 2 ASST,45138,,"Fabric/Mixed Material; 4""W x 7.5""H x 2.75""D",In stock,,,,"Fabric/Mixed Material; 4""W x 7.5""H x 2.75""D",,12,$3.05 ,48,$2.80 ,,,12,Hannas400,Hannas160,https://www.hannashandiworks.com/media/catalog/product/cache/bbf624d4e302b71a44cbbfb433873131/4/5/45138.JPG,45138.JPG,,,Hannas800,45138.JPG
HARVEST FIELD MOUSE STANDER 2 ASST,45136,,"Fabric/Mixed Materials; 6-7""W x 15""H x 6""D",In stock,,,,"Fabric/Mixed Materials; 6-7""W x 15""H x 6""D",,6,$10.50 ,12,$10.00 ,24,$9.50 ,6,Hannas400,Hannas160,https://www.hannashandiworks.com/media/catalog/product/cache/bbf624d4e302b71a44cbbfb433873131/4/5/45136.JPG,45136.JPG,,,Hannas800,45136.JPG
HARVEST HEDGEHOG PUMPKIN PLUSHIE,45156,,"Fabric/Mixed Materials; 8""Dia x 7.5""H",In stock,,,,"Fabric/Mixed Materials; 8""Dia x 7.5""H",,4,$9.25 ,8,$8.75 ,16,$8.25 ,4,Hannas400,Hannas160,https://www.hannashandiworks.com/media/catalog/product/cache/bbf624d4e302b71a44cbbfb433873131/4/5/45156.JPG,45156.JPG,,,Hannas800,45156.JPG
HARVEST JAR HANGER WITH LIGHTS 2 ASST,45029,,"Lights Up! Requires 2 AA batteries, not included. Poly-Canvas and Mixed Materials; 11.75""W x 22.25""H x .50""D",In stock,,,,"Lights Up! Requires 2 AA batteries, not included. Poly-Canvas and Mixed Materials; 11.75""W x 22.25""H x .50""D",,6,$6.50 ,12,$6.00 ,,,6,Hannas400,Hannas160,https://www.hannashandiworks.com/media/catalog/product/cache/bbf624d4e302b71a44cbbfb433873131/4/5/45029.JPG,45029.JPG,,,Hannas800,45029.JPG
HARVEST TAG HANGER DISPLAY 6 ASST,45027,,"Free Display! Wood/Mixed; Pumpkin Display: 10.5""W x 17.75""H x 3""D; Ornaments: 3""W x 6.25""H x .25""D",In stock,,,,"Free Display! Wood/Mixed; Pumpkin Display: 10.5""W x 17.75""H x 3""D; Ornaments: 3""W x 6.25""H x .25""D",,24,$2.25 ,48,$2.00 ,144,$1.75 ,24,Hannas400,Hannas160,https://www.hannashandiworks.com/media/catalog/product/cache/bbf624d4e302b71a44cbbfb433873131/4/5/45027.JPG,45027.JPG,,,Hannas800,45027.JPG
HARVEST TIME SCARECROW DOORKNOB HANGER 2 ASST,43015,,Fabric/Mixed Materials; 8”W x 18-21”H x 4¼”D,In stock,,,,Fabric/Mixed Materials; 8”W x 18-21”H x 4¼”D,,6,$6.50 ,12,$6.00 ,,,6,Hannas400,Hannas160,https://www.hannashandiworks.com/media/catalog/product/cache/bbf624d4e302b71a44cbbfb433873131/4/3/43015.JPG,43015.JPG,,,Hannas800,43015.JPG
HARVEST WHEELBARROW 2-PIECE SET,45032,,"Wood/Metal; Large: 18""W x 9""H x 6.5""D and Small: 13.25""W x 7""H x 5""D",In stock,,,,"Wood/Metal; Large: 18""W x 9""H x 6.5""D and Small: 13.25""W x 7""H x 5""D",,2,$26.50 ,4,$25.50 ,8,$24.50 ,2,Hannas400,Hannas160,https://www.hannashandiworks.com/media/catalog/product/cache/bbf624d4e302b71a44cbbfb433873131/4/5/45032.JPG,45032.JPG,,,Hannas800,45032.JPG
SQUIRRELLY HARVEST STANDER,45017,,"Fabric/Mixed Materials; 6""W x 13""H x 9.25""D",In stock,,,,"Fabric/Mixed Materials; 6""W x 13""H x 9.25""D",,4,$13.75 ,,,,,4,Hannas400,Hannas160,https://www.hannashandiworks.com/media/catalog/product/cache/bbf624d4e302b71a44cbbfb433873131/4/5/45017.JPG,45017.JPG,,,Hannas800,45017.JPG
WOODLAND CRITTER PUMPKIN PLUSHIE 2 ASST,45155,,"Fabric/Mixed Materials; 13.25""W x 7""H x 8""D",In stock,,,,"Fabric/Mixed Materials; 13.25""W x 7""H x 8""D",,6,$9.25 ,12,$8.75 ,24,$8.50 ,6,Hannas400,Hannas160,https://www.hannashandiworks.com/media/catalog/product/cache/bbf624d4e302b71a44cbbfb433873131/4/5/45155.JPG,45155.JPG,,,Hannas800,45155.JPG
HARVEST CROW BUTTON LEG 2 ASST,45087,,"Fabric & Mixed Materials; 6""W x 18""H x 5.25""D",In stock,,,,"Fabric & Mixed Materials; 6""W x 18""H x 5.25""D",,6,$8.00 ,12,$7.25 ,,,6,Hannas400,Hannas160,https://www.hannashandiworks.com/media/catalog/product/cache/bbf624d4e302b71a44cbbfb433873131/4/5/45087.JPG,45087.JPG,,,Hannas800,45087.JPG
HARVEST CROW SITTER 2 ASST,45089,,"Fabric & Mixed Materials; 6.25""W x 14""H x 8.25""D",In stock,,,,"Fabric & Mixed Materials; 6.25""W x 14""H x 8.25""D",,6,$7.75 ,12,$7.25 ,24,$6.75 ,6,Hannas400,Hannas160,https://www.hannashandiworks.com/media/catalog/product/cache/bbf624d4e302b71a44cbbfb433873131/4/5/45089.JPG,45089.JPG,,,Hannas800,45089.JPG
HARVEST CROW STANDER 2 ASST LARGE,45086,,"Over 2' Tall! Fabric & Mixed Materials; 8""W x 29""H x 8""D",In stock,$10.75 ,,,"Over 2' Tall! Fabric & Mixed Materials; 8""W x 29""H x 8""D",,6,$14.50 ,,,,,6,Hannas400,Hannas160,https://www.hannashandiworks.com/media/catalog/product/cache/bbf624d4e302b71a44cbbfb433873131/4/5/45086.JPG,45086.JPG,,,Hannas800,45086.JPG
HARVEST CROW STANDER 2 ASST SMALL,45088,,"Fabric & Mixed Materials; 5""W x 15""H x 9.5""D",In stock,,,,"Fabric & Mixed Materials; 5""W x 15""H x 9.5""D",,6,$6.50 ,12,$6.00 ,,,6,Hannas400,Hannas160,https://www.hannashandiworks.com/media/catalog/product/cache/bbf624d4e302b71a44cbbfb433873131/4/5/45088.JPG,45088.JPG,,,Hannas800,45088.JPG
FLOWER HARVEST PUMPKIN TABLETOP 2 ASST,45096,,"Resin; 4.75""Dia x 4.75""H",In stock,,,,"Resin; 4.75""Dia x 4.75""H",,6,$7.25 ,12,$6.75 ,,,6,Hannas400,Hannas160,https://www.hannashandiworks.com/media/catalog/product/cache/bbf624d4e302b71a44cbbfb433873131/4/5/45096.JPG,45096.JPG,,,Hannas800,45096.JPG
HARVEST PUMPKIN CANISTER,45035,,"Metal; 8.75""W x 13.5""H x 7.5""D",In stock,,,,"Metal; 8.75""W x 13.5""H x 7.5""D",,4,$16.75 ,8,$16.25 ,,,4,Hannas400,Hannas160,https://www.hannashandiworks.com/media/catalog/product/cache/bbf624d4e302b71a44cbbfb433873131/4/5/45035.JPG,45035.JPG,,,Hannas800,45035.JPG
HARVEST PUMPKIN LIGHT UP CUTOUT TABLETOP 2 ASST,44041,,"Lights Up! Wood/Mixed Materials; 5¾""W x 5½""H x 1""D; Requires 2 AA Batteries; Not Included",In stock,,,,"Lights Up! Wood/Mixed Materials; 5¾""W x 5½""H x 1""D; Requires 2 AA Batteries; Not Included",,6,$5.75 ,12,$5.50 ,24,$5.25 ,6,Hannas400,Hannas160,https://www.hannashandiworks.com/media/catalog/product/cache/bbf624d4e302b71a44cbbfb433873131/4/4/44041.JPG,44041.JPG,,,Hannas800,44041.JPG
HELLO FALL PUMPKIN SALT & PEPPER STACKER 2-PIECE SET,42205,,Ceramic; 3½”H x 2¼”D,In stock,,,,Ceramic; 3½”H x 2¼”D,,12,$3.90 ,48,$3.60 ,,,12,Hannas400,Hannas160,https://www.hannashandiworks.com/media/catalog/product/cache/bbf624d4e302b71a44cbbfb433873131/4/2/42205.JPG,42205.JPG,,,Hannas800,42205.JPG
MAIZE HARVEST PUMPKIN 3 ASST LARGE,45102,,"Resin; 4.75""W x 4.5-5""H x 4.25-5""D",In stock,,,,"Resin; 4.75""W x 4.5-5""H x 4.25-5""D",,6,$7.75 ,12,$7.25 ,24,$6.75 ,6,Hannas400,Hannas160,https://www.hannashandiworks.com/media/catalog/product/cache/bbf624d4e302b71a44cbbfb433873131/4/5/45102.JPG,45102.JPG,,,Hannas800,45102.JPG
MAIZE HARVEST PUMPKIN 3 ASST SMALL,45103,,"Resin; 3.5""W x 3.25-4.25""H x 3-3.5""D",In stock,,,,"Resin; 3.5""W x 3.25-4.25""H x 3-3.5""D",,6,$4.90 ,24,$4.60 ,,,6,Hannas400,Hannas160,https://www.hannashandiworks.com/media/catalog/product/cache/bbf624d4e302b71a44cbbfb433873131/4/5/45103.JPG,45103.JPG,,,Hannas800,45103.JPG
METAL AND WOOD PUMPKIN SUNFLOWER SIGN 2 ASST.,42190,,"Wood,Metal,Beads; Vert: 9¾”W x 17½”H x ½”D and Horiz: 14”W x 13”H x ½”D",In stock,,,,"Wood,Metal,Beads; Vert: 9¾”W x 17½”H x ½”D and Horiz: 14”W x 13”H x ½”D",,6,$11.50 ,12,$11.00 ,24,$10.50 ,6,Hannas400,Hannas160,https://www.hannashandiworks.com/media/catalog/product/cache/bbf624d4e302b71a44cbbfb433873131/4/2/42190.JPG,42190.JPG,,,Hannas800,42190.JPG
NATURAL PUMPKIN TABLETOP 3 ASST LARGE,45097,,"Resin; 5""W x 4.5-5.5""H x 4-4.75""D",In stock,,,,"Resin; 5""W x 4.5-5.5""H x 4-4.75""D",,6,$7.00 ,12,$6.50 ,24,$6.00 ,6,Hannas400,Hannas160,https://www.hannashandiworks.com/media/catalog/product/cache/bbf624d4e302b71a44cbbfb433873131/4/5/45097.JPG,45097.JPG,,,Hannas800,45097.JPG
NATURAL PUMPKIN TABLETOP 3 ASST SMALL,45098,,"Resin; 3.75""W x 3.75-4.75""H x 3.25-4""D",In stock,,,,"Resin; 3.75""W x 3.75-4.75""H x 3.25-4""D",,6,$5.75 ,12,$5.50 ,24,$5.25 ,6,Hannas400,Hannas160,https://www.hannashandiworks.com/media/catalog/product/cache/bbf624d4e302b71a44cbbfb433873131/4/5/45098.JPG,45098.JPG,,,Hannas800,45098.JPG
PLAID PUMPKIN PLUSHIE 3 ASST,45158,,"Fabric; 8""Dia x 6.5""H",In stock,,,,"Fabric; 8""Dia x 6.5""H",,6,$6.90 ,12,$6.40 ,24,$5.90 ,6,Hannas400,Hannas160,https://www.hannashandiworks.com/media/catalog/product/cache/bbf624d4e302b71a44cbbfb433873131/4/5/45158.JPG,45158.JPG,,,Hannas800,45158.JPG
PUMPKIN KIDS DANGLE LEG 2 ASST,43119,,Fabric/Mixed Materials; 4”W x 19”H x 3¾”D,In stock,,,,Fabric/Mixed Materials; 4”W x 19”H x 3¾”D,,8,$12.90 ,,,,,8,Hannas400,Hannas160,https://www.hannashandiworks.com/media/catalog/product/cache/bbf624d4e302b71a44cbbfb433873131/4/3/43119.JPG,43119.JPG,,,Hannas800,43119.JPG
PUMPKIN PAIR METAL YARD STAKE,45120,,"Metal; 16""W x 22.5""H x .75""D",In stock,,,,"Metal; 16""W x 22.5""H x .75""D",,4,$11.25 ,8,$10.75 ,16,$10.25 ,4,Hannas400,Hannas160,https://www.hannashandiworks.com/media/catalog/product/cache/bbf624d4e302b71a44cbbfb433873131/4/5/45120.JPG,45120.JPG,,,Hannas800,45120.JPG
HARVEST SCARECROW GNOME TABLETOP 3 ASST,45125,,"Resin/Raffia; 3.75""W x 6.5""H x 2.75""D",In stock,,,,"Resin/Raffia; 3.75""W x 6.5""H x 2.75""D",,6,$5.90 ,12,$5.60 ,24,$5.10 ,6,Hannas400,Hannas160,https://www.hannashandiworks.com/media/catalog/product/cache/bbf624d4e302b71a44cbbfb433873131/4/5/45125.JPG,45125.JPG,,,Hannas800,45125.JPG
WEATHERED TURKEY TABLETOP,45043,,"Resin; 7.25""W x 7.5""H x 7.25""D",In stock,,,,"Resin; 7.25""W x 7.5""H x 7.25""D",,4,$13.50 ,,,,,4,Hannas400,Hannas160,https://www.hannashandiworks.com/media/catalog/product/cache/bbf624d4e302b71a44cbbfb433873131/4/5/45043.JPG,45043.JPG,,,Hannas800,45043.JPG
WELCOME HARVEST TURKEY DANGLE LEG 2 ASST,45118,,"Resin; 4.5""W x 6""H x 2.25""D",In stock,,,,"Resin; 4.5""W x 6""H x 2.25""D",,6,$5.50 ,12,$5.25 ,24,$5.00 ,6,Hannas400,Hannas160,https://www.hannashandiworks.com/media/catalog/product/cache/bbf624d4e302b71a44cbbfb433873131/4/5/45118.JPG,45118.JPG,,,Hannas800,45118.JPG
WELCOME THANKFUL FAUX KNIT PUMPKINS 2 ASST,45107,,"Resin/Burlap; 9""W x 4.5""H x 1.75""D",In stock,,,,"Resin/Burlap; 9""W x 4.5""H x 1.75""D",,6,$6.75 ,12,$6.25 ,,,6,Hannas400,Hannas160,https://www.hannashandiworks.com/media/catalog/product/cache/bbf624d4e302b71a44cbbfb433873131/4/5/45107.JPG,45107.JPG,,,Hannas800,45107.JPG
WOVEN PUMPKIN TABLETOP 3 ASST,45041,,"Resin; 5.75""Dia x 5.5""H",In stock,,,,"Resin; 5.75""Dia x 5.5""H",,6,$8.10 ,12,$7.60 ,,,6,Hannas400,Hannas160,https://www.hannashandiworks.com/media/catalog/product/cache/bbf624d4e302b71a44cbbfb433873131/4/5/45041.JPG,45041.JPG,,,Hannas800,45041.JPG
HAPPY HARVEST SCARECROW STAKE 2 ASST,45060,,"3' Tall! Metal/Raffia; 14.75-19""W x 36""H x 1""D",In stock,,,,"3' Tall! Metal/Raffia; 14.75-19""W x 36""H x 1""D",,6,$18.90 ,,,,,6,Hannas400,Hannas160,https://www.hannashandiworks.com/media/catalog/product/cache/bbf624d4e302b71a44cbbfb433873131/4/5/45060.JPG,45060.JPG,,,Hannas800,45060.JPG
TIMBERLAND SCARECROW DANGLE LEG 2 ASST,45142,,"Fabric/Mixed Materials; 8.25""W x 19.5-22.5""H x 5""D",In stock,,,,"Fabric/Mixed Materials; 8.25""W x 19.5-22.5""H x 5""D",,6,$12.50 ,12,$12.00 ,24,$11.50 ,6,Hannas400,Hannas160,https://www.hannashandiworks.com/media/catalog/product/cache/bbf624d4e302b71a44cbbfb433873131/4/5/45142.JPG,45142.JPG,,,Hannas800,45142.JPG
TIMBERLAND SCARECROW ORNAMENT TRAY 2 ASST,45145,,"Fabric/Mixed Material; 4.25""W x 9.75""H x 3""D",In stock,,,,"Fabric/Mixed Material; 4.25""W x 9.75""H x 3""D",,12,$3.05 ,48,$2.80 ,,,12,Hannas400,Hannas160,https://www.hannashandiworks.com/media/catalog/product/cache/bbf624d4e302b71a44cbbfb433873131/4/5/45145.JPG,45145.JPG,,,Hannas800,45145.JPG
WHIMSICAL TURKEY SITTER 2 ASST,45140,,"Fabric; 14""W x 10""H x 6.75""D",In stock,,,,"Fabric; 14""W x 10""H x 6.75""D",,6,$8.25 ,12,$7.75 ,24,$7.25 ,6,Hannas400,Hannas160,https://www.hannashandiworks.com/media/catalog/product/cache/bbf624d4e302b71a44cbbfb433873131/4/5/45140.JPG,45140.JPG,,,Hannas800,45140.JPG
WHIMSICAL TURKEY STANDER 2 ASST,45139,,"Fabric/Wood; 14""W X 18.5""H X 4.75""D",In stock,,,,"Fabric/Wood; 14""W X 18.5""H X 4.75""D",,6,$10.50 ,12,$10.00 ,,,6,Hannas400,Hannas160,https://www.hannashandiworks.com/media/catalog/product/cache/bbf624d4e302b71a44cbbfb433873131/4/5/45139.JPG,45139.JPG,,,Hannas800,45139.JPG
WOODEN TURKEY STANDER WITH LIGHTS,44035,,"Lights Up! Wood; 23""W x 23""H x 3""D; Requires 2 AA batteries; not included",In stock,,,,"Lights Up! Wood; 23""W x 23""H x 3""D; Requires 2 AA batteries; not included",,2,$29.90 ,,,,,2,Hannas400,Hannas160,https://www.hannashandiworks.com/media/catalog/product/cache/bbf624d4e302b71a44cbbfb433873131/4/4/44035.JPG,44035.JPG,,,Hannas800,44035.JPG
MY SUNSHINE SUNFLOWER WALL ART,61232,,Wood/Fabric; 18¾”W x 11¾”H x ¾”D,In stock,,,,Wood/Fabric; 18¾”W x 11¾”H x ¾”D,,3,$14.50 ,,,,,3,Hannas400,Hannas160,https://www.hannashandiworks.com/media/catalog/product/cache/bbf624d4e302b71a44cbbfb433873131/6/1/61232_1.JPG,61232_1.JPG,,,Hannas800,61232_1.JPG
SUNFLOWER WELCOME VERTICAL HANGER,61051,,Over 3 Feet Tall! Wood; 10”W x 44¾”H x 1¾”D,In stock,,,,Over 3 Feet Tall! Wood; 10”W x 44¾”H x 1¾”D,,2,$27.50 ,,,,,2,Hannas400,Hannas160,https://www.hannashandiworks.com/media/catalog/product/cache/bbf624d4e302b71a44cbbfb433873131/6/1/61051_1.JPG,61051_1.JPG,,,Hannas800,61051_1.JPG
WELCOME HOME HARVEST BANNER WITH LIGHTS,45028,,"Lights Up! Over 4' Tall! Requires 2 AA batteries, not included. Poly-Canvas/Mixed Materials; 11.75""W x 51""H x .75""D",In stock,,,,"Lights Up! Over 4' Tall! Requires 2 AA batteries, not included. Poly-Canvas/Mixed Materials; 11.75""W x 51""H x .75""D",,6,$8.50 ,12,$8.00 ,24,$7.50 ,6,Hannas400,Hannas160,https://www.hannashandiworks.com/media/catalog/product/cache/bbf624d4e302b71a44cbbfb433873131/4/5/45028.JPG,45028.JPG,,,Hannas800,45028.JPG
HAPPY THANKSGIVING TABLETOP DECOR,45034,,"Metal/Wood; 18""W x 9""H x 2""D",In stock,,,,"Metal/Wood; 18""W x 9""H x 2""D",,4,$8.75 ,8,$8.25 ,,,4,Hannas400,Hannas160,https://www.hannashandiworks.com/media/catalog/product/cache/bbf624d4e302b71a44cbbfb433873131/4/5/45034.JPG,45034.JPG,,,Hannas800,45034.JPG
PUMPKIN TRUCK SIGN 2 ASST.,42323,,Wood; Square: 8”W x 8”H x 1½”D; Rectangle: 8”W x 7”H x 1½”D,In stock,,,,Wood; Square: 8”W x 8”H x 1½”D; Rectangle: 8”W x 7”H x 1½”D,,4,$5.90 ,12,$5.60 ,24,$5.25 ,4,Hannas400,Hannas160,https://www.hannashandiworks.com/media/catalog/product/cache/bbf624d4e302b71a44cbbfb433873131/4/2/42323.JPG,42323.JPG,,,Hannas800,42323.JPG
THANKFUL GRATEFUL SIGN 2 ASST.,42301,,Wood; 15¾”W x 6¼”H x ¾”D,In stock,,,,Wood; 15¾”W x 6¼”H x ¾”D,,4,$6.90 ,8,$6.40 ,24,$5.90 ,4,Hannas400,Hannas160,https://www.hannashandiworks.com/media/catalog/product/cache/bbf624d4e302b71a44cbbfb433873131/4/2/42301.JPG,42301.JPG,,,Hannas800,42301.JPG
TRIO PUMPKIN PATCH WOODEN PLAQUE,43060,,Wood; 19¾”W x 7¾”H x 0¾”D,In stock,,,,Wood; 19¾”W x 7¾”H x 0¾”D,,4,$8.50 ,8,$8.10 ,16,$7.30 ,4,Hannas400,Hannas160,https://www.hannashandiworks.com/media/catalog/product/cache/bbf624d4e302b71a44cbbfb433873131/4/3/43060.JPG,43060.JPG,,,Hannas800,43060.JPG
WELCOME THANKFUL PUMPKIN SIGN 2 ASST,45049,,"Wood/Mixed Materials; 16""W x 14.5""H x 1.25""D; 1 Sawtooth Hanger",In stock,,,,"Wood/Mixed Materials; 16""W x 14.5""H x 1.25""D; 1 Sawtooth Hanger",,4,$12.75 ,12,$12.25 ,,,4,Hannas400,Hannas160,https://www.hannashandiworks.com/media/catalog/product/cache/bbf624d4e302b71a44cbbfb433873131/4/5/45049.JPG,45049.JPG,,,Hannas800,45049.JPG
WOODEN FALL JAR SIGN 2 ASST,44044,,"Wood/Metal/Rope; 4¾""W x 10¼""H x 1""D",In stock,,,,"Wood/Metal/Rope; 4¾""W x 10¼""H x 1""D",,6,$5.00 ,12,$4.75 ,24,$4.50 ,6,Hannas400,Hannas160,https://www.hannashandiworks.com/media/catalog/product/cache/bbf624d4e302b71a44cbbfb433873131/4/4/44044.JPG,44044.JPG,,,Hannas800,44044.JPG
ANIMATED WACKY WITCH WALL HANGER,55016,,"Hangs 2' Tall! Cackles and kicks legs; Requires 3 AA batteries, not included. Fabric and Mixed Material; 10.75""W x 24""H x 4""D",In stock,,,,"Hangs 2' Tall! Cackles and kicks legs; Requires 3 AA batteries, not included. Fabric and Mixed Material; 10.75""W x 24""H x 4""D",,4,$15.20 ,,,,,4,Hannas400,Hannas160,https://www.hannashandiworks.com/media/catalog/product/cache/bbf624d4e302b71a44cbbfb433873131/5/5/55016.JPG,55016.JPG,,,Hannas800,55016.JPG
BATTY GNOME METAL BAG WITH LIGHTS 2 ASST,52078,,Metal; 7¼”W x 10”H x 3¼”D; Handle: 4½”H; *Includes LED tea light,In stock,$6.88 ,,,Metal; 7¼”W x 10”H x 3¼”D; Handle: 4½”H; *Includes LED tea light,,6,$13.75 ,,,,,6,Hannas400,Hannas160,https://www.hannashandiworks.com/media/catalog/product/cache/bbf624d4e302b71a44cbbfb433873131/5/2/52078.JPG,52078.JPG,,,Hannas800,52078.JPG
BATTY JACK O LANTERN BELL HANGER 2 ASST,55187,,"Metal and Rope; 7.75""W x 13""H x 3.75""D",In stock,,,,"Metal and Rope; 7.75""W x 13""H x 3.75""D",,6,$8.25 ,12,$7.75 ,,,6,Hannas400,Hannas160,https://www.hannashandiworks.com/media/catalog/product/cache/bbf624d4e302b71a44cbbfb433873131/5/5/55187.JPG,55187.JPG,,,Hannas800,55187.JPG
BLACK AND WHITE HALLOWEEN EASEL FRAME,53043,,Wood/Mixed Materials; 8¾”W x 7½”H x 4¼”D,In stock,,,,Wood/Mixed Materials; 8¾”W x 7½”H x 4¼”D,,6,$6.50 ,12,$6.00 ,24,$5.50 ,6,Hannas400,Hannas160,https://www.hannashandiworks.com/media/catalog/product/cache/bbf624d4e302b71a44cbbfb433873131/5/3/53043.JPG,53043.JPG,,,Hannas800,53043.JPG
BLACK MAGIC WITCH DANGLE LEG 2 ASST,55141,,"Fabric & Mixed Materials; 13.25""W x 24.5""H x 5""D",In stock,,,,"Fabric & Mixed Materials; 13.25""W x 24.5""H x 5""D",,6,$10.90 ,12,$10.40 ,24,$9.90 ,6,Hannas400,Hannas160,https://www.hannashandiworks.com/media/catalog/product/cache/bbf624d4e302b71a44cbbfb433873131/5/5/55141.JPG,55141.JPG,,,Hannas800,55141.JPG
BLACK MAGIC WITCH TALL STANDER 2 ASST,55140,,"Over 2' Tall! Fabric; 8.75""W x 31.5""H x 8""D",In stock,$15.50 ,,,"Over 2' Tall! Fabric; 8.75""W x 31.5""H x 8""D",,6,$20.00 ,,,,,6,Hannas400,Hannas160,https://www.hannashandiworks.com/media/catalog/product/cache/bbf624d4e302b71a44cbbfb433873131/5/5/55140.JPG,55140.JPG,,,Hannas800,55140.JPG
BLACK SHROUD LANTERN WITH LIGHT,55076,,"Lights Up! Requires 4 LR44 batteries, not included (2 in base and 2 in lantern) Resin and Mixed Materials; 9""W x 16.25""H x 6""D",In stock,$18.50 ,,,"Lights Up! Requires 4 LR44 batteries, not included (2 in base and 2 in lantern) Resin and Mixed Materials; 9""W x 16.25""H x 6""D",,4,$26.00 ,,,,,4,Hannas400,Hannas160,https://www.hannashandiworks.com/media/catalog/product/cache/bbf624d4e302b71a44cbbfb433873131/5/5/55076.JPG,55076.JPG,,,Hannas800,55076.JPG
BOO BOO BOO SIGN,52083,,Wood/Metal; 14”W x 14”H x 1”D,In stock,,,,Wood/Metal; 14”W x 14”H x 1”D,,4,$13.50 ,8,$13.00 ,16,$12.50 ,4,Hannas400,Hannas160,https://www.hannashandiworks.com/media/catalog/product/cache/bbf624d4e302b71a44cbbfb433873131/5/2/52083.JPG,52083.JPG,,,Hannas800,52083.JPG
BOO CARVED SPIDER IN PUMPKIN LIGHT UP,54053,,"Lights Up! Wood; 15¾""W x 16¼""H x 4¾""D; Requires 3 AA batteries; not included",In stock,,,,"Lights Up! Wood; 15¾""W x 16¼""H x 4¾""D; Requires 3 AA batteries; not included",,2,$18.75 ,,,,,2,Hannas400,Hannas160,https://www.hannashandiworks.com/media/catalog/product/cache/bbf624d4e302b71a44cbbfb433873131/5/4/54053.JPG,54053.JPG,,,Hannas800,54053.JPG
BOO GHOST WOODEN STANDER,54051,,Over 2' Tall! Wood/Mixed Materials; 19”W x 32¼”H x 5¼”D,In stock,,,,Over 2' Tall! Wood/Mixed Materials; 19”W x 32¼”H x 5¼”D,,2,$32.50 ,,,,,2,Hannas400,Hannas160,https://www.hannashandiworks.com/media/catalog/product/cache/bbf624d4e302b71a44cbbfb433873131/5/4/54051.JPG,54051.JPG,,,Hannas800,54051.JPG
BOO GHOSTLY MUG 2 ASST,55120,,"Ceramic; 5.75""W x 4.25"" x 4""D",In stock,,,,"Ceramic; 5.75""W x 4.25"" x 4""D",,4,$4.90 ,12,$4.60 ,32,$4.30 ,4,Hannas400,Hannas160,https://www.hannashandiworks.com/media/catalog/product/cache/bbf624d4e302b71a44cbbfb433873131/5/5/55120.JPG,55120.JPG,,,Hannas800,55120.JPG
BOO GHOSTLY WALL BANNER,55180,,"3' Tall! Poly-Canvas/Mixed Material; 13.25""W x 36""H x 1""D",In stock,,,,"3' Tall! Poly-Canvas/Mixed Material; 13.25""W x 36""H x 1""D",,6,$9.90 ,12,$9.40 ,24,$8.90 ,6,Hannas400,Hannas160,https://www.hannashandiworks.com/media/catalog/product/cache/bbf624d4e302b71a44cbbfb433873131/5/5/55180.JPG,55180.JPG,,,Hannas800,55180.JPG
BOO HALLOWEEN COFFEE CUP 2 ASST.,52087,,Ceramic; 5¾”W x 3”H x 4¼”D,In stock,$2.25 ,,,Ceramic; 5¾”W x 3”H x 4¼”D,,6,$4.50 ,,,,,6,Hannas400,Hannas160,https://www.hannashandiworks.com/media/catalog/product/cache/bbf624d4e302b71a44cbbfb433873131/5/2/52087.JPG,52087.JPG,,,Hannas800,52087.JPG
BOO TREAT PLATE LARGE,55118,,"Ceramic; 14""W x 1.5""H x 7.25""D",In stock,,,,"Ceramic; 14""W x 1.5""H x 7.25""D",,4,$11.90 ,,,,,4,Hannas400,Hannas160,https://www.hannashandiworks.com/media/catalog/product/cache/bbf624d4e302b71a44cbbfb433873131/5/5/55118.JPG,55118.JPG,,,Hannas800,55118.JPG
CANDY WITCH HALLOWEEN SIGN 2 ASST.,52186,,Wood; 15¾”W x 15¾”H x 1½”D,In stock,$4.00 ,,,Wood; 15¾”W x 15¾”H x 1½”D,,6,$8.00 ,,,,,6,Hannas400,Hannas160,https://www.hannashandiworks.com/media/catalog/product/cache/bbf624d4e302b71a44cbbfb433873131/5/2/52186.JPG,52186.JPG,,,Hannas800,52186.JPG
CERAMIC HALLOWEEN PUMPKIN COOKIE JAR 2 ASST,54025,,Glazed Ceramic; 5¾”Dia x 6”H,In stock,$6.50 ,,,Glazed Ceramic; 5¾”Dia x 6”H,,4,$9.25 ,,,,,4,Hannas400,Hannas160,https://www.hannashandiworks.com/media/catalog/product/cache/bbf624d4e302b71a44cbbfb433873131/5/4/54025-cob.jpg,54025-cob.jpg,,,Hannas800,54025-cob.jpg
COLONY OF BATS TABLETOP,55094,,"Metal; 11""W x 9.25""H x 2.25""D",In stock,$10.50 ,,,"Metal; 11""W x 9.25""H x 2.25""D",,4,$15.00 ,,,,,4,Hannas400,Hannas160,https://www.hannashandiworks.com/media/catalog/product/cache/bbf624d4e302b71a44cbbfb433873131/5/5/55094.JPG,55094.JPG,,,Hannas800,55094.JPG
CRAZY WITCHES WALL SIGN,55093,,"Metal; 9.5""W x 16""H x .25""D; 1 sawtooth hanger",In stock,,,,"Metal; 9.5""W x 16""H x .25""D; 1 sawtooth hanger",,4,$8.50 ,8,$8.00 ,,,4,Hannas400,Hannas160,https://www.hannashandiworks.com/media/catalog/product/cache/bbf624d4e302b71a44cbbfb433873131/5/5/55093.JPG,55093.JPG,,,Hannas800,55093.JPG
CREEPY EYEBALL LIGHT UP 2 ASST,55018,,"Lights Up! Requires LR 41 batteries, not included. Fabric; 2.25"" Diameter x 2.25""H",In stock,,,,"Lights Up! Requires LR 41 batteries, not included. Fabric; 2.25"" Diameter x 2.25""H",,12,$3.50 ,24,$3.25 ,48,$3.00 ,12,Hannas400,Hannas160,https://www.hannashandiworks.com/media/catalog/product/cache/bbf624d4e302b71a44cbbfb433873131/5/5/55018-new.jpg,55018-new.jpg,,,Hannas800,55018-new.jpg
CROW PERCH BOO TABLETOP DECOR,55071,,"Metal/Wood; 13.25""W x 7.25""H x 2.5""D",In stock,,,,"Metal/Wood; 13.25""W x 7.25""H x 2.5""D",,4,$6.75 ,8,$6.25 ,,,4,Hannas400,Hannas160,https://www.hannashandiworks.com/media/catalog/product/cache/bbf624d4e302b71a44cbbfb433873131/5/5/55071.jpg,55071.jpg,,,Hannas800,55071.jpg
EEK BOO FAUX KNIT PUMPKINS TABLETOP 2 ASST,55156,,"Resin; 6.5""W x 4""H x 1.5""D",In stock,,,,"Resin; 6.5""W x 4""H x 1.5""D",,6,$5.50 ,12,$5.00 ,24,$4.50 ,6,Hannas400,Hannas160,https://www.hannashandiworks.com/media/catalog/product/cache/bbf624d4e302b71a44cbbfb433873131/5/5/55156.JPG,55156.JPG,,,Hannas800,55156.JPG
FLOWERS GHOST WALL DECOR 2 ASST,55090,,"Wood; 11.75""W x 18""H x 1""D; 1 sawtooth hanger",In stock,$8.90 ,,,"Wood; 11.75""W x 18""H x 1""D; 1 sawtooth hanger",,8,$12.50 ,,,,,8,Hannas400,Hannas160,https://www.hannashandiworks.com/media/catalog/product/cache/bbf624d4e302b71a44cbbfb433873131/5/5/55090.JPG,55090.JPG,,,Hannas800,55090.JPG
GHOST AND JACK O LANTERN LIGHT UP 2 PIECE SET,55162,,"Lights Up! Requires 2 AAA batteries, not included. Resin; Large: 9.25""W x 13""H x 5.75""D and Regular: 6""W x 7.75""H x 3.75""D",In stock,$24.75 ,,,"Lights Up! Requires 2 AAA batteries, not included. Resin; Large: 9.25""W x 13""H x 5.75""D and Regular: 6""W x 7.75""H x 3.75""D",,2,$33.50 ,,,,,2,Hannas400,Hannas160,https://www.hannashandiworks.com/media/catalog/product/cache/bbf624d4e302b71a44cbbfb433873131/5/5/55162.JPG,55162.JPG,,,Hannas800,55162.JPG
GHOST AND JACK STACK WITH LIGHTS,55039,,"Lights Up! Multicolors! Requires 3 AAA batteries, not included. Composite Resin; 7.75""W x 18""H x 6.75""D",In stock,,,,"Lights Up! Multicolors! Requires 3 AAA batteries, not included. Composite Resin; 7.75""W x 18""H x 6.75""D",,4,$21.50 ,8,$20.50 ,16,$19.50 ,4,Hannas400,Hannas160,https://www.hannashandiworks.com/media/catalog/product/cache/bbf624d4e302b71a44cbbfb433873131/5/5/55039.JPG,55039.JPG,,,Hannas800,55039.JPG
GHOST AND PUMPKIN HALLOWEEN SIGN 2 ASST.,52201,,Wood/Metal/Rope; 9½”W x 18”H x ½”D,In stock,$3.75 ,,,Wood/Metal/Rope; 9½”W x 18”H x ½”D,,6,$7.50 ,,,,,6,Hannas400,Hannas160,https://www.hannashandiworks.com/media/catalog/product/cache/bbf624d4e302b71a44cbbfb433873131/5/2/52201.JPG,52201.JPG,,,Hannas800,52201.JPG
GHOST AND WITCH HAT GARLAND 2 ASST,53077,,"Over 6' Wide! Fabric/Rope; Witch Hat Garland: 77”W; Ghost Garland: 86""W; Hat: 3""Dia x 4""H; Ghost: 3""W x 4""H x ¾""D",In stock,$3.63 ,,,"Over 6' Wide! Fabric/Rope; Witch Hat Garland: 77”W; Ghost Garland: 86""W; Hat: 3""Dia x 4""H; Ghost: 3""W x 4""H x ¾""D",,6,$7.25 ,,,,,6,Hannas400,Hannas160,https://www.hannashandiworks.com/media/catalog/product/cache/bbf624d4e302b71a44cbbfb433873131/5/3/53077.JPG,53077.JPG,,,Hannas800,53077.JPG
GHOST FACE CHURCH BELL HANGER 2 ASST,55186,,"Metal/Rope; 5.25""Dia x 12.25""H",In stock,,,,"Metal/Rope; 5.25""Dia x 12.25""H",,6,$5.75 ,12,$5.25 ,,,6,Hannas400,Hannas160,https://www.hannashandiworks.com/media/catalog/product/cache/bbf624d4e302b71a44cbbfb433873131/5/5/55186.JPG,55186.JPG,,,Hannas800,55186.JPG
GHOST JACK O LANTERN BIN 2 ASST,55182,,"Wood/Rope; 9""W x 6""H x 6""D",In stock,,,,"Wood/Rope; 9""W x 6""H x 6""D",,4,$9.50 ,8,$9.00 ,16,$8.50 ,4,Hannas400,Hannas160,https://www.hannashandiworks.com/media/catalog/product/cache/bbf624d4e302b71a44cbbfb433873131/5/5/55182.JPG,55182.JPG,,,Hannas800,55182.JPG
GHOST JACK O LANTERN COOKIE JAR,55123,,"Ceramic; 6""Diameter x 10.5""H",In stock,$12.50 ,,,"Ceramic; 6""Diameter x 10.5""H",,4,$17.00 ,,,,,4,Hannas400,Hannas160,https://www.hannashandiworks.com/media/catalog/product/cache/bbf624d4e302b71a44cbbfb433873131/5/5/55123.JPG,55123.JPG,,,Hannas800,55123.JPG
GHOST JACK O LANTERN SALT AND PEPPER SET,55124,,"Ceramic; 2.25""Dia x 3H",In stock,,,,"Ceramic; 2.25""Dia x 3H",,4,$4.90 ,8,$4.60 ,24,$4.30 ,4,Hannas400,Hannas160,https://www.hannashandiworks.com/media/catalog/product/cache/bbf624d4e302b71a44cbbfb433873131/5/5/55124.JPG,55124.JPG,,,Hannas800,55124.JPG
GHOST ON JACK O LANTERN TEALIGHT HOLDER,55041,,"Composite Resin; 7.75""Dia x 15.5""H",In stock,,,,"Composite Resin; 7.75""Dia x 15.5""H",,4,$19.50 ,8,$18.50 ,16,$17.50 ,4,Hannas400,Hannas160,https://www.hannashandiworks.com/media/catalog/product/cache/bbf624d4e302b71a44cbbfb433873131/5/5/55041.JPG,55041.JPG,,,Hannas800,55041.JPG
GHOSTLY HAUNTED HOUSE YARD STAKE,55110,,"Over 2' Tall! Metal; 22.5""W x 28""H x .25""D",In stock,,,,"Over 2' Tall! Metal; 22.5""W x 28""H x .25""D",,4,$15.75 ,,,,,4,Hannas400,Hannas160,https://www.hannashandiworks.com/media/catalog/product/cache/bbf624d4e302b71a44cbbfb433873131/5/5/55110.JPG,55110.JPG,,,Hannas800,55110.JPG
GHOSTLY TRIO LIGHT UP JACK O LANTERN,55163,,"Lights Up! Requires 2 AAA batteries, not included. Resin; 8.75""W x 10""H x 6""D",In stock,$16.50 ,,,"Lights Up! Requires 2 AAA batteries, not included. Resin; 8.75""W x 10""H x 6""D",,4,$20.50 ,,,,,4,Hannas400,Hannas160,https://www.hannashandiworks.com/media/catalog/product/cache/bbf624d4e302b71a44cbbfb433873131/5/5/55163.JPG,55163.JPG,,,Hannas800,55163.JPG
HALLOWEEN BUCKET 3 ASST.,52173,,Metal/Faux Trim; 4”H x 4½”Dia,In stock,,,,Metal/Faux Trim; 4”H x 4½”Dia,,6,$5.90 ,12,$5.50 ,,,6,Hannas400,Hannas160,https://www.hannashandiworks.com/media/catalog/product/cache/bbf624d4e302b71a44cbbfb433873131/5/2/52173.JPG,52173.JPG,,,Hannas800,52173.JPG
HALLOWEEN FRIENDS ORNAMENT WITH DISPLAY 4 ASST,55056,,"Wood/Wire; Display: 11""W x 12.25""H x 7.75""D; Ornaments: 2.25-3.25""W x 5-5.75""H x .25""D",In stock,,,,"Wood/Wire; Display: 11""W x 12.25""H x 7.75""D; Ornaments: 2.25-3.25""W x 5-5.75""H x .25""D",,72,$1.85 ,144,$1.65 ,,,72,Hannas400,Hannas160,https://www.hannashandiworks.com/media/catalog/product/cache/bbf624d4e302b71a44cbbfb433873131/5/5/55056.JPG,55056.JPG,,,Hannas800,55056.JPG
HALLOWEEN FRIENDS PICK WITH DISPLAY 4 ASST,55058,,"Wood; Base: 9.75""W x 2.5""H x 4""D; Picks: 2-2.75""W x 11""H x .50""D",In stock,,,,"Wood; Base: 9.75""W x 2.5""H x 4""D; Picks: 2-2.75""W x 11""H x .50""D",,24,$2.10 ,96,$1.90 ,,,24,Hannas400,Hannas160,https://www.hannashandiworks.com/media/catalog/product/cache/bbf624d4e302b71a44cbbfb433873131/5/5/55058.JPG,55058.JPG,,,Hannas800,55058.JPG
HALLOWEEN GIANT SPIDER 3 ASST,54105,,"Over 5' Wide! Fabric; 64""W x 6""H 33""D",In stock,$10.50 ,,,"Over 5' Wide! Fabric; 64""W x 6""H 33""D",,6,$13.00 ,,,,,6,Hannas400,Hannas160,https://www.hannashandiworks.com/media/catalog/product/cache/bbf624d4e302b71a44cbbfb433873131/5/4/54105.JPG,54105.JPG,,,Hannas800,54105.JPG
HAUNTED HOUSE TABLETOP DECOR,55070,,"Metal/Wood; 15.75""W x 16.5""H x 2.25""D",In stock,$11.25 ,,,"Metal/Wood; 15.75""W x 16.5""H x 2.25""D",,4,$14.90 ,,,,,4,Hannas400,Hannas160,https://www.hannashandiworks.com/media/catalog/product/cache/bbf624d4e302b71a44cbbfb433873131/5/5/55070.JPG,55070.JPG,,,Hannas800,55070.JPG
HAUNTED HOUSE VERTICAL WALL ART,55102,,"Over 2' Tall! Wood; 10""W x 35""H x 1""D; 1 sawtooth hanger",In stock,$12.90 ,,,"Over 2' Tall! Wood; 10""W x 35""H x 1""D; 1 sawtooth hanger",,4,$17.50 ,,,,,4,Hannas400,Hannas160,https://www.hannashandiworks.com/media/catalog/product/cache/bbf624d4e302b71a44cbbfb433873131/5/5/55102.JPG,55102.JPG,,,Hannas800,55102.JPG
JACK O LANTERN KITTY STANDER,55130,,"Over 2' Tall! Wood; 17""W x 24.25""H x 4""D",In stock,$24.50 ,,,"Over 2' Tall! Wood; 17""W x 24.25""H x 4""D",,2,$31.00 ,,,,,2,Hannas400,Hannas160,https://www.hannashandiworks.com/media/catalog/product/cache/bbf624d4e302b71a44cbbfb433873131/5/5/55130.JPG,55130.JPG,,,Hannas800,55130.JPG
JACK O LANTERN PLUSHIE 2 ASST,55170,,"Fabric; 14.75""Dia x 12""H",In stock,$17.00 ,,,"Fabric; 14.75""Dia x 12""H",,6,$23.50 ,,,,,6,Hannas400,Hannas160,https://www.hannashandiworks.com/media/catalog/product/cache/bbf624d4e302b71a44cbbfb433873131/5/5/55170.JPG,55170.JPG,,,Hannas800,55170.JPG
JACK WITCH BOO PILLOW 3 ASST,55145,,"Fabric & Mixed Materials; 16.5""W x 16.5""H x 5.5""D",In stock,$10.90 ,,,"Fabric & Mixed Materials; 16.5""W x 16.5""H x 5.5""D",,6,$15.50 ,,,,,6,Hannas400,Hannas160,https://www.hannashandiworks.com/media/catalog/product/cache/bbf624d4e302b71a44cbbfb433873131/5/5/55145.JPG,55145.JPG,,,Hannas800,55145.JPG
MIDNIGHT PUMPKIN HEAD STANDER 2 ASST,55142,,"Fabric & Mixed Materials; 6.5""W x 23-25""H x 4.25""D",In stock,$10.50 ,,,"Fabric & Mixed Materials; 6.5""W x 23-25""H x 4.25""D",,6,$14.50 ,,,,,6,Hannas400,Hannas160,https://www.hannashandiworks.com/media/catalog/product/cache/bbf624d4e302b71a44cbbfb433873131/5/5/55142.JPG,55142.JPG,,,Hannas800,55142.JPG
PRIMITIVE HALLOWEEN STRETCH LEGS 4 ASST,54075,,Fabric/Mixed Materials; 9-12”W x 18½-35”H x 5-7”D,In stock,$15.75 ,,,Fabric/Mixed Materials; 9-12”W x 18½-35”H x 5-7”D,,8,$20.00 ,,,,,8,Hannas400,Hannas160,https://www.hannashandiworks.com/media/catalog/product/cache/bbf624d4e302b71a44cbbfb433873131/5/4/54075.JPG,54075.JPG,,,Hannas800,54075.JPG
SKELETON COUPLE STRETCH LEG 2 ASST,55023,,"Stretch Legs! Over 2' Tall! Fabric/Mixed Materials; 7.75""W x 22-32""H x 5.25""D",In stock,$18.75 ,,,"Stretch Legs! Over 2' Tall! Fabric/Mixed Materials; 7.75""W x 22-32""H x 5.25""D",,4,$24.50 ,,,,,4,Hannas400,Hannas160,https://www.hannashandiworks.com/media/catalog/product/cache/bbf624d4e302b71a44cbbfb433873131/5/5/55023.JPG,55023.JPG,,,Hannas800,55023.JPG
SPOOKY SKELETON STAKE 2 ASST,55006,,"Over 4' Tall! Metal; 19.5-21""W x 48-53""H x 1""D",In stock,$15.50 ,,,"Over 4' Tall! Metal; 19.5-21""W x 48-53""H x 1""D",,6,$19.90 ,,,,,6,Hannas400,Hannas160,https://www.hannashandiworks.com/media/catalog/product/cache/bbf624d4e302b71a44cbbfb433873131/5/5/55006.JPG,55006.JPG,,,Hannas800,55006.JPG
TOP HAT SKELETON LAMP POST WITH LIGHT,55075,,"Lights Up! Requires 2 LR44 batteries, not included. Resin; 2.5""Dia x 12.75""H",In stock,$11.25 ,,,"Lights Up! Requires 2 LR44 batteries, not included. Resin; 2.5""Dia x 12.75""H",,4,$15.50 ,,,,,4,Hannas400,Hannas160,https://www.hannashandiworks.com/media/catalog/product/cache/bbf624d4e302b71a44cbbfb433873131/5/5/55075.JPG,55075.JPG,,,Hannas800,55075.JPG
TRICK OR TREAT JACK VERTICAL SIGN,54019,,"Over 2' Tall! Metal; 8""W x 31½""H x ¾""D",In stock,$10.25 ,,,"Over 2' Tall! Metal; 8""W x 31½""H x ¾""D",,4,$12.75 ,,,,,4,Hannas400,Hannas160,https://www.hannashandiworks.com/media/catalog/product/cache/bbf624d4e302b71a44cbbfb433873131/5/4/54019.JPG,54019.JPG,,,Hannas800,54019.JPG
TRICK OR TREAT WREATH,55054,,"Wood/Mixed Materials; 11.75""Dia x 1.5""D",In stock,$11.50 ,,,"Wood/Mixed Materials; 11.75""Dia x 1.5""D",,6,$15.50 ,,,,,6,Hannas400,Hannas160,https://www.hannashandiworks.com/media/catalog/product/cache/bbf624d4e302b71a44cbbfb433873131/5/5/55054.JPG,55054.JPG,,,Hannas800,55054.JPG
TRIO OF BATS YARD STAKE,55099,,"Over 2' Tall! Metal; 10""W x 32""H x .75""D",In stock,$13.75 ,,,"Over 2' Tall! Metal; 10""W x 32""H x .75""D",,4,$17.00 ,,,,,4,Hannas400,Hannas160,https://www.hannashandiworks.com/media/catalog/product/cache/bbf624d4e302b71a44cbbfb433873131/5/5/55099.JPG,55099.JPG,,,Hannas800,55099.JPG
WACKY HALLOWEEN FRIENDS PILLOW 3 ASST,55013,,"Fabric; 12-14""W x 13.5""H x 4.75""D",In stock,$10.25 ,,,"Fabric; 12-14""W x 13.5""H x 4.75""D",,6,$13.75 ,,,,,6,Hannas400,Hannas160,https://www.hannashandiworks.com/media/catalog/product/cache/bbf624d4e302b71a44cbbfb433873131/5/5/55013.JPG,55013.JPG,,,Hannas800,55013.JPG
WITCHY BOOT AND BAT LIGHT UP STANDER,55045,,"Lights Up! Requires 2 AA batteries, not included. 3 modes: timer, timer flash, and off. Wood/Mixed Material; 15""W x 23""H x 3""D",In stock,$24.00 ,,,"Lights Up! Requires 2 AA batteries, not included. 3 modes: timer, timer flash, and off. Wood/Mixed Material; 15""W x 23""H x 3""D",,2,$29.50 ,,,,,2,Hannas400,Hannas160,https://www.hannashandiworks.com/media/catalog/product/cache/bbf624d4e302b71a44cbbfb433873131/5/5/55045.JPG,55045.JPG,,,Hannas800,55045.JPG
WITCHY CAULDRON TABLETOP TREAT JAR,55114,,"Ceramic; 9""W x 6.25""H x 7.75""D",In stock,$12.90 ,,,"Ceramic; 9""W x 6.25""H x 7.75""D",,2,$18.00 ,,,,,2,Hannas400,Hannas160,https://www.hannashandiworks.com/media/catalog/product/cache/bbf624d4e302b71a44cbbfb433873131/5/5/55114.JPG,55114.JPG,,,Hannas800,55114.JPG
WITCHY HAT 3 ASST,55003,,"Hats are wearable. Fabric/Mixed Materials; 19""Dia x 21""H",In stock,$10.90 ,,,"Hats are wearable. Fabric/Mixed Materials; 19""Dia x 21""H",,9,$14.50 ,,,,,9,Hannas400,Hannas160,https://www.hannashandiworks.com/media/catalog/product/cache/bbf624d4e302b71a44cbbfb433873131/5/5/55003.JPG,55003.JPG,,,Hannas800,55003.JPG
WOODEN HALLOWEEN GNOME STANDER,52020,,Over 2' Tall! Wood; 15”W x 25½”H x 4¾”D,In stock,$16.75 ,,,Over 2' Tall! Wood; 15”W x 25½”H x 4¾”D,,2,$33.50 ,,,,,2,Hannas400,Hannas160,https://www.hannashandiworks.com/media/catalog/product/cache/bbf624d4e302b71a44cbbfb433873131/5/2/52020-cob.jpg,52020-cob.jpg,,,Hannas800,52020-cob.jpg
WOODEN WITCH MOON WITH LIGHTS,52003,,Easel! Wood; 23”Dia x 9¼”D; Requires 2 AA Batteries; Not Included,In stock,$29.50 ,,,Easel! Wood; 23”Dia x 9¼”D; Requires 2 AA Batteries; Not Included,,2,$49.50 ,,,,,2,Hannas400,Hannas160,https://www.hannashandiworks.com/media/catalog/product/cache/bbf624d4e302b71a44cbbfb433873131/5/2/52003-cob.jpg,52003-cob.jpg,,,Hannas800,52003-cob.jpg
HALLOWEEN TRUCK STAKE,55007,,"Over 2' Tall! Metal; 31.75""W x 31.5""H x 1.25""D",In stock,,,,"Over 2' Tall! Metal; 31.75""W x 31.5""H x 1.25""D",,4,$13.50 ,,,,,4,Hannas400,Hannas160,https://www.hannashandiworks.com/media/catalog/product/cache/bbf624d4e302b71a44cbbfb433873131/5/5/55007.JPG,55007.JPG,,,Hannas800,55007.JPG
HAUNTED HOUSE WINDOW HANGER 2 ASST,55057,,"Wood/Rope Hanger; 8.5""W x 15""H x .5""D",In stock,,,,"Wood/Rope Hanger; 8.5""W x 15""H x .5""D",,6,$8.25 ,12,$7.75 ,24,$7.25 ,6,Hannas400,Hannas160,https://www.hannashandiworks.com/media/catalog/product/cache/bbf624d4e302b71a44cbbfb433873131/5/5/55057.JPG,55057.JPG,,,Hannas800,55057.JPG
JACK AND GHOST WIZARD ORNAMENT 2 ASST,52123,,Fabric; 5½”W x 9”H x 3”D,In stock,$1.45 ,,,Fabric; 5½”W x 9”H x 3”D,,12,$2.90 ,,,,,12,Hannas400,Hannas160,https://www.hannashandiworks.com/media/catalog/product/cache/bbf624d4e302b71a44cbbfb433873131/5/2/52123.JPG,52123.JPG,,,Hannas800,52123.JPG
MIDNIGHT PUMPKIN HEAD BEAD LEG 2 ASST,55143,,"Fabric & Mixed Materials; 5.25""W x 17-18""H x 3.25""D",In stock,,,,"Fabric & Mixed Materials; 5.25""W x 17-18""H x 3.25""D",,6,$7.25 ,12,$6.75 ,24,$6.25 ,6,Hannas400,Hannas160,https://www.hannashandiworks.com/media/catalog/product/cache/bbf624d4e302b71a44cbbfb433873131/5/5/55143.JPG,55143.JPG,,,Hannas800,55143.JPG
NIGHT EYES CREEPY KITTY LIGHT UP TABLETOP,55012,,"Lights Up! Requires 3 LR44 Batteriers; Not Included. Fabric; 5.75""W x 18.5""H x 12""D",In stock,,,,"Lights Up! Requires 3 LR44 Batteriers; Not Included. Fabric; 5.75""W x 18.5""H x 12""D",,6,$10.50 ,,,,,6,Hannas400,Hannas160,https://www.hannashandiworks.com/media/catalog/product/cache/bbf624d4e302b71a44cbbfb433873131/5/5/55012.JPG,55012.JPG,,,Hannas800,55012.JPG
PAIL CUT OUT SPOOKY KITTY FACE 2 PIECE SET,55085,,"Metal; Large: 7.5""Dia x 8.25""H; Lg Handle: 8""H; Medium: 6.25""Dia x 7.25""H; Med Handle: 6.25""H",In stock,,,,"Metal; Large: 7.5""Dia x 8.25""H; Lg Handle: 8""H; Medium: 6.25""Dia x 7.25""H; Med Handle: 6.25""H",,4,$10.50 ,8,$10.00 ,16,$9.50 ,4,Hannas400,Hannas160,https://www.hannashandiworks.com/media/catalog/product/cache/bbf624d4e302b71a44cbbfb433873131/5/5/55085.JPG,55085.JPG,,,Hannas800,55085.JPG
PRIMITIVE HALLOWEEN ORNAMENT 4 AST,54078,,"Fabric/Mixed Material; 3""W x 4½-6½""H x 1¾""D",In stock,,,,"Fabric/Mixed Material; 3""W x 4½-6½""H x 1¾""D",,12,$2.75 ,48,$2.50 ,,,12,Hannas400,Hannas160,https://www.hannashandiworks.com/media/catalog/product/cache/bbf624d4e302b71a44cbbfb433873131/5/4/54078.JPG,54078.JPG,,,Hannas800,54078.JPG
PRIMITIVE PUMPKIN HEAD BEAD LEG 2 ASST,55174,,"Fabric/Mixed Material; 6.25""W x 22-23.5""H x 4.5""D",In stock,,,,"Fabric/Mixed Material; 6.25""W x 22-23.5""H x 4.5""D",,6,$9.25 ,12,$8.75 ,24,$8.25 ,6,Hannas400,Hannas160,https://www.hannashandiworks.com/media/catalog/product/cache/bbf624d4e302b71a44cbbfb433873131/5/5/55174.JPG,55174.JPG,,,Hannas800,55174.JPG
PRIMITIVE PUMPKIN HEAD DANGLE LEG 2 ASST,55172,,"Fabric; 8.75""W x 31.5-33.25""H x 7.25""D",In stock,,,,"Fabric; 8.75""W x 31.5-33.25""H x 7.25""D",,4,$14.75 ,,,,,4,Hannas400,Hannas160,https://www.hannashandiworks.com/media/catalog/product/cache/bbf624d4e302b71a44cbbfb433873131/5/5/55172.JPG,55172.JPG,,,Hannas800,55172.JPG
PRIMITIVE PUMPKIN HEAD ORNAMENT TRAY 2 ASST,55175,,"Fabric/Mixed Material; 3.75""W x 10.25""H x 2.75""D",In stock,,,,"Fabric/Mixed Material; 3.75""W x 10.25""H x 2.75""D",,12,$3.05 ,48,$2.80 ,,,12,Hannas400,Hannas160,https://www.hannashandiworks.com/media/catalog/product/cache/bbf624d4e302b71a44cbbfb433873131/5/5/55175.JPG,55175.JPG,,,Hannas800,55175.JPG
PRIMITIVE PUMPKIN HEAD SITTER 2 ASST,55173,,"Fabric; 7.75""Dia x 17.5-20""H",In stock,,,,"Fabric; 7.75""Dia x 17.5-20""H",,6,$12.50 ,12,$12.00 ,24,$11.50 ,6,Hannas400,Hannas160,https://www.hannashandiworks.com/media/catalog/product/cache/bbf624d4e302b71a44cbbfb433873131/5/5/55173.JPG,55173.JPG,,,Hannas800,55173.JPG
PRIMITIVE PUMPKIN HEAD STANDER 2 ASST,55171,,"Fabric; 9-10""W x 30.5-32""H x 6.75""D",In stock,,,,"Fabric; 9-10""W x 30.5-32""H x 6.75""D",,6,$14.75 ,,,,,6,Hannas400,Hannas160,https://www.hannashandiworks.com/media/catalog/product/cache/bbf624d4e302b71a44cbbfb433873131/5/5/55171.JPG,55171.JPG,,,Hannas800,55171.JPG
PUMPKIN PLAID DANGLE LEG 2 ASST,55025,,"Fabric/Mixed Material; 7.5""W x 23.5""H x 6.5""D",In stock,,,,"Fabric/Mixed Material; 7.5""W x 23.5""H x 6.5""D",,6,$13.75 ,12,$13.00 ,24,$12.25 ,6,Hannas400,Hannas160,https://www.hannashandiworks.com/media/catalog/product/cache/bbf624d4e302b71a44cbbfb433873131/5/5/55025.JPG,55025.JPG,,,Hannas800,55025.JPG
SKELETON BONE DOG TABLETOP,55011,,"Fabric; 11""W x 10""H x 11.75""D",In stock,,,,"Fabric; 11""W x 10""H x 11.75""D",,4,$11.50 ,8,$11.00 ,,,4,Hannas400,Hannas160,https://www.hannashandiworks.com/media/catalog/product/cache/bbf624d4e302b71a44cbbfb433873131/5/5/55011.JPG,55011.JPG,,,Hannas800,55011.JPG
SKELETON COUPLE STANDER 2 ASST,55021,,"Fabric/Mixed Materials; 5.25""W x 15-16""H x 4""D",In stock,,,,"Fabric/Mixed Materials; 5.25""W x 15-16""H x 4""D",,6,$14.90 ,12,$14.40 ,,,6,Hannas400,Hannas160,https://www.hannashandiworks.com/media/catalog/product/cache/bbf624d4e302b71a44cbbfb433873131/5/5/55021.JPG,55021.JPG,,,Hannas800,55021.JPG
SPOOKY BLACK CAT TABLETOP,55050,,"Wood; 12.5""W x 14""H x 2""D",In stock,$11.75 ,,,"Wood; 12.5""W x 14""H x 2""D",,6,$14.50 ,,,,,6,Hannas400,Hannas160,https://www.hannashandiworks.com/media/catalog/product/cache/bbf624d4e302b71a44cbbfb433873131/5/5/55050.JPG,55050.JPG,,,Hannas800,55050.JPG
SPOOKY COILED SNAKE 3 ASST,54056,,Fabric; 7”W x 9¾”H x 6¾”D,In stock,,,,Fabric; 7”W x 9¾”H x 6¾”D,,6,$7.75 ,12,$7.25 ,24,$6.75 ,6,Hannas400,Hannas160,https://www.hannashandiworks.com/media/catalog/product/cache/bbf624d4e302b71a44cbbfb433873131/5/4/54056.JPG,54056.JPG,,,Hannas800,54056.JPG
SPOOKY HALLOWEEN ORNAMENT WITH DISPLAY 6 ASST,52014,,Free Display! Wood/Metal; Orn: 4-4½”W x 7-7½”H x ¼”D; Display: 15¼”W x 19”H x 3½”D,In stock,$1.13 ,,,Free Display! Wood/Metal; Orn: 4-4½”W x 7-7½”H x ¼”D; Display: 15¼”W x 19”H x 3½”D,,48,$2.25 ,,,,,48,Hannas400,Hannas160,https://www.hannashandiworks.com/media/catalog/product/cache/bbf624d4e302b71a44cbbfb433873131/5/2/52014.JPG,52014.JPG,,,Hannas800,52014.JPG
SPOOKY OWL TABLETOP 3 ASST,55081,,"Resin; 2.75""W x 3.25""H x 1.75""D",In stock,,,,"Resin; 2.75""W x 3.25""H x 1.75""D",,6,$4.25 ,12,$3.75 ,,,6,Hannas400,Hannas160,https://www.hannashandiworks.com/media/catalog/product/cache/bbf624d4e302b71a44cbbfb433873131/5/5/55081-2.JPG,55081-2.JPG,,,Hannas800,55081-2.JPG
SPOOKY SCENE FRAME CORNER CUT OUT 2 ASST,55136,,"Cut-Out Corner Decoration for Door or Window Frame. Metal; 12-13.5""W x 12""H x .25""D",In stock,,,,"Cut-Out Corner Decoration for Door or Window Frame. Metal; 12-13.5""W x 12""H x .25""D",,12,$3.25 ,24,$3.10 ,48,$2.95 ,12,Hannas400,Hannas160,https://www.hannashandiworks.com/media/catalog/product/cache/bbf624d4e302b71a44cbbfb433873131/5/5/55136.JPG,55136.JPG,,,Hannas800,55136.JPG
VAMPIRE BAT GNOME STANDER 2 ASST,55022,,"Fabric; 10""W x 19.5""H x 4.25""D",In stock,,,,"Fabric; 10""W x 19.5""H x 4.25""D",,6,$9.90 ,12,$9.40 ,,,6,Hannas400,Hannas160,https://www.hannashandiworks.com/media/catalog/product/cache/bbf624d4e302b71a44cbbfb433873131/5/5/55022.JPG,55022.JPG,,,Hannas800,55022.JPG
VINTAGE HALLOWEEN METAL SIGN 4 ASST,54015,,"Metal/Rope Hanger; 11¾""W x 19¼""H x ¼""D",In stock,,,,"Metal/Rope Hanger; 11¾""W x 19¼""H x ¼""D",,8,$3.75 ,16,$3.50 ,24,$3.25 ,8,Hannas400,Hannas160,https://www.hannashandiworks.com/media/catalog/product/cache/bbf624d4e302b71a44cbbfb433873131/5/4/54015.JPG,54015.JPG,,,Hannas800,54015.JPG
WACKY HALLOWEEN FRIENDS DANGLE LEG 3 ASST,55014,,"Fabric; 7.25""W x 22""H x 4.5""D",In stock,,,,"Fabric; 7.25""W x 22""H x 4.5""D",,6,$12.50 ,12,$12.00 ,24,$11.50 ,6,Hannas400,Hannas160,https://www.hannashandiworks.com/media/catalog/product/cache/bbf624d4e302b71a44cbbfb433873131/5/5/55014.JPG,55014.JPG,,,Hannas800,55014.JPG
WACKY HALLOWEEN FRIENDS STANDER 3 ASST,55010,,"Weighted feet allow characters to stand upright when placed on flat, level surface. Fabric; 6.25""W x 17.5""H x 3.75""D",In stock,,,,"Weighted feet allow characters to stand upright when placed on flat, level surface. Fabric; 6.25""W x 17.5""H x 3.75""D",,6,$11.50 ,12,$11.00 ,24,$10.50 ,6,Hannas400,Hannas160,https://www.hannashandiworks.com/media/catalog/product/cache/bbf624d4e302b71a44cbbfb433873131/5/5/55010.JPG,55010.JPG,,,Hannas800,55010.JPG
SPOOKY WITCHY BOOT TABLETOP,55078,,"Resin and Metal; 8.25""W x 15.5""H x 9""D",In stock,,,,"Resin and Metal; 8.25""W x 15.5""H x 9""D",,4,$15.50 ,,,,,4,Hannas400,Hannas160,https://www.hannashandiworks.com/media/catalog/product/cache/bbf624d4e302b71a44cbbfb433873131/5/5/55078-2.JPG,55078-2.JPG,,,Hannas800,55078-2.JPG
WITCH BOOTS HAPPY HALLOWEEN TABLETOP,55103,,"Wood; 13""W x 5""H x 1.5""D",In stock,,,,"Wood; 13""W x 5""H x 1.5""D",,4,$7.75 ,8,$7.25 ,16,$6.75 ,4,Hannas400,Hannas160,https://www.hannashandiworks.com/media/catalog/product/cache/bbf624d4e302b71a44cbbfb433873131/5/5/55103.JPG,55103.JPG,,,Hannas800,55103.JPG
WITCHY CROW TABLETOP 3 ASST,55157,,"Resin; 3.75""W x 4""H x 2.5""D",In stock,,,,"Resin; 3.75""W x 4""H x 2.5""D",,6,$3.75 ,24,$3.50 ,,,6,Hannas400,Hannas160,https://www.hannashandiworks.com/media/catalog/product/cache/bbf624d4e302b71a44cbbfb433873131/5/5/55157.JPG,55157.JPG,,,Hannas800,55157.JPG
HAPPY HALLOWEEN BLOCK TABLETOP 2 ASST,53041,,Metal/Wood; 8”W x 8”H x 1½”D,In stock,,,,Metal/Wood; 8”W x 8”H x 1½”D,,6,$5.00 ,12,$4.75 ,24,$4.50 ,6,Hannas400,Hannas160,https://www.hannashandiworks.com/media/catalog/product/cache/bbf624d4e302b71a44cbbfb433873131/5/3/53041.JPG,53041.JPG,,,Hannas800,53041.JPG
SINISTER SKELETON WITH LIGHTS TABLETOP,55032,,"Lights Up! Requires 3 AAA batteries, not included. Composite Resin; 7.75""W x 15.5""H x 7""D",In stock,,,,"Lights Up! Requires 3 AAA batteries, not included. Composite Resin; 7.75""W x 15.5""H x 7""D",,4,$19.75 ,8,$18.75 ,,,4,Hannas400,Hannas160,https://www.hannashandiworks.com/media/catalog/product/cache/bbf624d4e302b71a44cbbfb433873131/5/5/55032.JPG,55032.JPG,,,Hannas800,55032.JPG
SPIDER SKULL HANGER 2 ASST,53026,,Wood/Mixed Materials; 7¾”W x 14¾”H x ½”D,In stock,$2.95 ,,,Wood/Mixed Materials; 7¾”W x 14¾”H x ½”D,,4,$5.90 ,,,,,4,Hannas400,Hannas160,https://www.hannashandiworks.com/media/catalog/product/cache/bbf624d4e302b71a44cbbfb433873131/5/3/53026.JPG,53026.JPG,,,Hannas800,53026.JPG
SPOOKY SKELETON SALT AND PEPPER SET,55121,,"Ceramic; Salt Shaker Head: 1.75""Dia x 2.5""H; Pepper Shaker Body: 2""Dia x 2.25H",In stock,,,,"Ceramic; Salt Shaker Head: 1.75""Dia x 2.5""H; Pepper Shaker Body: 2""Dia x 2.25H",,4,$4.90 ,12,$4.60 ,,,4,Hannas400,Hannas160,https://www.hannashandiworks.com/media/catalog/product/cache/bbf624d4e302b71a44cbbfb433873131/5/5/55121.JPG,55121.JPG,,,Hannas800,55121.JPG
TOMBSTONE BOO SKULLY LIGHT UP,55042,,"Lights Up! Multicolors! Requires 3 AAA batteries, not included. Composite Resin; 12.25""W x 18.5""H x 5.75""D",In stock,,,,"Lights Up! Multicolors! Requires 3 AAA batteries, not included. Composite Resin; 12.25""W x 18.5""H x 5.75""D",,2,$24.75 ,4,$23.75 ,,,2,Hannas400,Hannas160,https://www.hannashandiworks.com/media/catalog/product/cache/bbf624d4e302b71a44cbbfb433873131/5/5/55042.JPG,55042.JPG,,,Hannas800,55042.JPG
TOMBSTONE RIP CANDLES LIGHT UP,55043,,"Lights Up! Requires 3 AAA batteries, not included. Composite Resin; 12""W x 18.25""H x 6""D",In stock,,,,"Lights Up! Requires 3 AAA batteries, not included. Composite Resin; 12""W x 18.25""H x 6""D",,2,$24.75 ,4,$23.75 ,,,2,Hannas400,Hannas160,https://www.hannashandiworks.com/media/catalog/product/cache/bbf624d4e302b71a44cbbfb433873131/5/5/55043.JPG,55043.JPG,,,Hannas800,55043.JPG
TOP HAT SKULL STANDER,54050,,Over 2' Tall! Wood; 16W x 28½”H x 4”D,In stock,,,,Over 2' Tall! Wood; 16W x 28½”H x 4”D,,2,$19.75 ,4,$18.75 ,,,2,Hannas400,Hannas160,https://www.hannashandiworks.com/media/catalog/product/cache/bbf624d4e302b71a44cbbfb433873131/5/4/54050.JPG,54050.JPG,,,Hannas800,54050.JPG
TRICK OR TREAT GHOST EASEL,55053,,"Wood/Mixed Materials; 11.5""W x 14.25""H x 3.25""D",In stock,,,,"Wood/Mixed Materials; 11.5""W x 14.25""H x 3.25""D",,6,$10.90 ,12,$10.40 ,24,$9.90 ,6,Hannas400,Hannas160,https://www.hannashandiworks.com/media/catalog/product/cache/bbf624d4e302b71a44cbbfb433873131/5/5/55053.JPG,55053.JPG,,,Hannas800,55053.JPG
WITCHY HIGHLAND COW TABLETOP 3 ASST,55160,,"Resin; 3.75""W x 5""H x 3""D",In stock,,,,"Resin; 3.75""W x 5""H x 3""D",,6,$6.25 ,12,$5.75 ,24,$5.25 ,6,Hannas400,Hannas160,https://www.hannashandiworks.com/media/catalog/product/cache/bbf624d4e302b71a44cbbfb433873131/5/5/55160.JPG,55160.JPG,,,Hannas800,55160.JPG
WIZARD HIGHLAND COW TABLETOP 2 ASST,55158,,"Resin; 3.5""W x 5""H x 3""D",In stock,,,,"Resin; 3.5""W x 5""H x 3""D",,6,$5.75 ,12,$5.25 ,24,$4.75 ,6,Hannas400,Hannas160,https://www.hannashandiworks.com/media/catalog/product/cache/bbf624d4e302b71a44cbbfb433873131/5/5/55158.JPG,55158.JPG,,,Hannas800,55158.JPG
HALLOWEEN PUMPKINS SALT AND PEPPER SET,53119,,Ceramic; 2½”W x 2¼”H x 2”D,In stock,$1.88 ,,,Ceramic; 2½”W x 2¼”H x 2”D,,4,$3.75 ,,,,,4,Hannas400,Hannas160,https://www.hannashandiworks.com/media/catalog/product/cache/bbf624d4e302b71a44cbbfb433873131/5/3/53119.JPG,53119.JPG,,,Hannas800,53119.JPG
HAPPY JACK WOODEN PUMPKIN WITH LIGHTS,54040,,"Lights Up! Wood; 15""W x 18.25""H x 3""D; Requires 2 AA batteries; not included",In stock,,,,"Lights Up! Wood; 15""W x 18.25""H x 3""D; Requires 2 AA batteries; not included",,2,$22.50 ,4,$19.50 ,,,2,Hannas400,Hannas160,https://www.hannashandiworks.com/media/catalog/product/cache/bbf624d4e302b71a44cbbfb433873131/5/4/54040.JPG,54040.JPG,,,Hannas800,54040.JPG
JACK O LANTERN BOOS WALL SIGN 2 ASST,55092,,"Metal; 10.5""W x 16""H x .25""D; 1 Sawtooth Hanger",In stock,,,,"Metal; 10.5""W x 16""H x .25""D; 1 Sawtooth Hanger",,4,$9.25 ,12,$8.75 ,24,$8.25 ,4,Hannas400,Hannas160,https://www.hannashandiworks.com/media/catalog/product/cache/bbf624d4e302b71a44cbbfb433873131/5/5/55092.JPG,55092.JPG,,,Hannas800,55092.JPG
JACK O LANTERN TEALIGHT HOLDER TABLETOP,55038,,"Composite Resin; 9.25""Diameter x 12.75""H",In stock,,,,"Composite Resin; 9.25""Diameter x 12.75""H",,4,$19.90 ,8,$18.90 ,16,$17.90 ,4,Hannas400,Hannas160,https://www.hannashandiworks.com/media/catalog/product/cache/bbf624d4e302b71a44cbbfb433873131/5/5/55038.JPG,55038.JPG,,,Hannas800,55038.JPG
METALLIC JACK O LANTERN BELL HANGER 4 ASST,55185,,"Metal/Rope; 5.25""W x 10""H x 4.5""D",In stock,,,,"Metal/Rope; 5.25""W x 10""H x 4.5""D",,8,$4.90 ,16,$4.50 ,24,$4.10 ,8,Hannas400,Hannas160,https://www.hannashandiworks.com/media/catalog/product/cache/bbf624d4e302b71a44cbbfb433873131/5/5/55185.JPG,55185.JPG,,,Hannas800,55185.JPG
PUMPKIN SPOOKY SCENE CUT OUT,55062,,"Wood; 6""W x 5.5""H x 1""D",In stock,,,,"Wood; 6""W x 5.5""H x 1""D",,6,$4.25 ,12,$4.00 ,48,$3.75 ,6,Hannas400,Hannas160,https://www.hannashandiworks.com/media/catalog/product/cache/bbf624d4e302b71a44cbbfb433873131/5/5/55062.JPG,55062.JPG,,,Hannas800,55062.JPG
SPIDERS WEB PUMPKIN TABLETOP 2 ASST,55150,,"Resin; 4.5-5""Dia x 4.75-5.75""H",In stock,,,,"Resin; 4.5-5""Dia x 4.75-5.75""H",,6,$7.75 ,12,$7.25 ,24,$6.75 ,6,Hannas400,Hannas160,https://www.hannashandiworks.com/media/catalog/product/cache/bbf624d4e302b71a44cbbfb433873131/5/5/55150.JPG,55150.JPG,,,Hannas800,55150.JPG
SPOOKY JACK PILLOW 2 ASST,54058,,Fabric; 14”W x 14”H x 5½”D,In stock,,,,Fabric; 14”W x 14”H x 5½”D,,6,$13.50 ,12,$13.00 ,24,$12.50 ,6,Hannas400,Hannas160,https://www.hannashandiworks.com/media/catalog/product/cache/bbf624d4e302b71a44cbbfb433873131/5/4/54058.JPG,54058.JPG,,,Hannas800,54058.JPG
TRICK OR TREAT LIGHT UP WOODEN SIGN,53104,,"Lights up! Requires 2 AAA batteries, not included. Wood and Rope; 7.25""W x 28""H x 1.25""D",In stock,,,,"Lights up! Requires 2 AAA batteries, not included. Wood and Rope; 7.25""W x 28""H x 1.25""D",,6,$9.50 ,12,$9.00 ,24,$8.50 ,6,Hannas400,Hannas160,https://www.hannashandiworks.com/media/catalog/product/cache/bbf624d4e302b71a44cbbfb433873131/5/3/53104.JPG,53104.JPG,,,Hannas800,53104.JPG
WACKY JACK O LANTERN TABLETOP,55015,,"Fabric & Twine; 12""Diameter x 12.5""H",In stock,,,,"Fabric & Twine; 12""Diameter x 12.5""H",,4,$15.75 ,,,,,4,Hannas400,Hannas160,https://www.hannashandiworks.com/media/catalog/product/cache/bbf624d4e302b71a44cbbfb433873131/5/5/55015.JPG,55015.JPG,,,Hannas800,55015.JPG
WACKY WITCH PUMPKIN WITH LIGHTS,52004,,Easel! 2' Tall! Wood/Metal; 24”W x 16½”H x 6”D; Requires 2 AA Batteries; Not Included,In stock,,,,Easel! 2' Tall! Wood/Metal; 24”W x 16½”H x 6”D; Requires 2 AA Batteries; Not Included,,2,$32.50 ,4,$30.50 ,,,2,Hannas400,Hannas160,https://www.hannashandiworks.com/media/catalog/product/cache/bbf624d4e302b71a44cbbfb433873131/5/2/52004.JPG,52004.JPG,,,Hannas800,52004.JPG
WIZARD GHOST JACK O LANTERN WITH LIGHTS,55034,,"Lights Up! Requires 3 AA batteries, not included. Composite Resin; 8.5""W x 17.5""H x 6.25""D",In stock,,,,"Lights Up! Requires 3 AA batteries, not included. Composite Resin; 8.5""W x 17.5""H x 6.25""D",,4,$22.50 ,8,$21.50 ,,,4,Hannas400,Hannas160,https://www.hannashandiworks.com/media/catalog/product/cache/bbf624d4e302b71a44cbbfb433873131/5/5/55034.JPG,55034.JPG,,,Hannas800,55034.JPG
WIZARD FROG JACK O LANTERN WITH LIGHTS,55030,,"Lights Up! Requires 3 AAA batteries, not included. Composite Resin; 7""Dia x 13.25""H",In stock,,,,"Lights Up! Requires 3 AAA batteries, not included. Composite Resin; 7""Dia x 13.25""H",,4,$14.75 ,8,$14.25 ,12,$13.75 ,4,Hannas400,Hannas160,https://www.hannashandiworks.com/media/catalog/product/cache/bbf624d4e302b71a44cbbfb433873131/5/5/55030.JPG,55030.JPG,,,Hannas800,55030.JPG
MOONRISE SPOOKY SCENE HANGER 2 ASST,55106,,"Wood/Rope Hanger; 15.75""W x 20.5""H x .75""D",In stock,,,,"Wood/Rope Hanger; 15.75""W x 20.5""H x .75""D",,6,$10.50 ,12,$10.00 ,24,$9.50 ,6,Hannas400,Hannas160,https://www.hannashandiworks.com/media/catalog/product/cache/bbf624d4e302b71a44cbbfb433873131/5/5/55106.JPG,55106.JPG,,,Hannas800,55106.JPG
WEBBED PHOTO FRAME,55096,,"Wood/Mixed Materials; 9.5""W x 11.5""H x 4.75""D",In stock,,,,"Wood/Mixed Materials; 9.5""W x 11.5""H x 4.75""D",,4,$7.50 ,8,$7.00 ,,,4,Hannas400,Hannas160,https://www.hannashandiworks.com/media/catalog/product/cache/bbf624d4e302b71a44cbbfb433873131/5/5/55096.JPG,55096.JPG,,,Hannas800,55096.JPG
WELCOME HALLOWEEN TABLETOP 2 ASST,55100,,"Metal/Wood; 8""W x 8""H x 1.5""D",In stock,,,,"Metal/Wood; 8""W x 8""H x 1.5""D",,6,$6.00 ,12,$5.50 ,24,$5.00 ,6,Hannas400,Hannas160,https://www.hannashandiworks.com/media/catalog/product/cache/bbf624d4e302b71a44cbbfb433873131/5/5/55100.JPG,55100.JPG,,,Hannas800,55100.JPG
SPIDER SPOOKY SCENE CUT OUT,55061,,"Wood; 6""W x 6.25""H x 1""D",In stock,,,,"Wood; 6""W x 6.25""H x 1""D",,6,$4.90 ,12,$4.60 ,48,$4.30 ,6,Hannas400,Hannas160,https://www.hannashandiworks.com/media/catalog/product/cache/bbf624d4e302b71a44cbbfb433873131/5/5/55061.JPG,55061.JPG,,,Hannas800,55061.JPG
SPIDERS WEB CHIP N DIP PLATE SET,55115,,"Ceramic; Dip Bowl: 4.25""Diameter x 1.75""H and Chip Plate: 12""Diameter x 1""H",In stock,,,,"Ceramic; Dip Bowl: 4.25""Diameter x 1.75""H and Chip Plate: 12""Diameter x 1""H",,4,$11.75 ,,,,,4,Hannas400,Hannas160,https://www.hannashandiworks.com/media/catalog/product/cache/bbf624d4e302b71a44cbbfb433873131/5/5/55115.JPG,55115.JPG,,,Hannas800,55115.JPG
SPIDERS WEB WALL SHELF,55108,,"Wood/Metal; 15.75""W x 10.75""H x 4.75""D; 2 keyhole hangers",In stock,$15.75 ,,,"Wood/Metal; 15.75""W x 10.75""H x 4.75""D; 2 keyhole hangers",,2,$20.50 ,,,,,2,Hannas400,Hannas160,https://www.hannashandiworks.com/media/catalog/product/cache/bbf624d4e302b71a44cbbfb433873131/5/5/55108.JPG,55108.JPG,,,Hannas800,55108.JPG
TRICK OR TREAT SPIDER WEB PORCH SIGN,54064,,"Over 3' Tall! Wood; 10""W x 47¾""H x ½""D",In stock,,,,"Over 3' Tall! Wood; 10""W x 47¾""H x ½""D",,4,$16.50 ,8,$15.50 ,,,4,Hannas400,Hannas160,https://www.hannashandiworks.com/media/catalog/product/cache/bbf624d4e302b71a44cbbfb433873131/5/4/54064.JPG,54064.JPG,,,Hannas800,54064.JPG
WEBBY TRICK OR TREAT SNACK PLATE,55117,,"Ceramic; 12.25""W x 1""H x 4.5""D",In stock,,,,"Ceramic; 12.25""W x 1""H x 4.5""D",,4,$6.65 ,8,$6.25 ,,,4,Hannas400,Hannas160,https://www.hannashandiworks.com/media/catalog/product/cache/bbf624d4e302b71a44cbbfb433873131/5/5/55117.JPG,55117.JPG,,,Hannas800,55117.JPG
SCARY BLOCK SIGN 3 ASST,52111,,Wood; 5¾”W x 5¾”H x 1”D,In stock,,,,Wood; 5¾”W x 5¾”H x 1”D,,12,$3.30 ,24,$3.10 ,36,$2.80 ,12,Hannas400,Hannas160,https://www.hannashandiworks.com/media/catalog/product/cache/bbf624d4e302b71a44cbbfb433873131/5/2/52111.JPG,52111.JPG,,,Hannas800,52111.JPG
SPOOKY BLOCK HANGER 3 ASST.,52182,,Wood/Metal; 11¾”W x 11¾”H x 1½”D,In stock,$2.95 ,,,Wood/Metal; 11¾”W x 11¾”H x 1½”D,,6,$5.90 ,,,,,6,Hannas400,Hannas160,https://www.hannashandiworks.com/media/catalog/product/cache/bbf624d4e302b71a44cbbfb433873131/5/2/52182.JPG,52182.JPG,,,Hannas800,52182.JPG
WACKY WITCH SKELETON STANDER 2 ASST,55017,,"Weighted feet allow characters to stand upright when placed on flat, level surface. Fabric; 6""W x 18""H x 3.75""D",In stock,,,,"Weighted feet allow characters to stand upright when placed on flat, level surface. Fabric; 6""W x 18""H x 3.75""D",,6,$10.50 ,12,$10.00 ,,,6,Hannas400,Hannas160,https://www.hannashandiworks.com/media/catalog/product/cache/bbf624d4e302b71a44cbbfb433873131/5/5/55017.JPG,55017.JPG,,,Hannas800,55017.JPG
WELCOME POTION TABLETOP,52196,,Wood; 13¾”W x 6½”H x 1½”D,In stock,,,,Wood; 13¾”W x 6½”H x 1½”D,,6,$6.00 ,12,$5.50 ,,,6,Hannas400,Hannas160,https://www.hannashandiworks.com/media/catalog/product/cache/bbf624d4e302b71a44cbbfb433873131/5/2/52196.JPG,52196.JPG,,,Hannas800,52196.JPG
WICKED WITCH DANGLE LEG 3 ASST,55002,,"Fabric/Mixed Materials; 5""W x 22""H x 7.5""D",In stock,,,,"Fabric/Mixed Materials; 5""W x 22""H x 7.5""D",,6,$12.65 ,12,$11.15 ,24,$10.65 ,6,Hannas400,Hannas160,https://www.hannashandiworks.com/media/catalog/product/cache/bbf624d4e302b71a44cbbfb433873131/5/5/55002.JPG,55002.JPG,,,Hannas800,55002.JPG
WOODEN WITCH HAT STANDER,55046,,"Wood; 16.5""W x 15.75""H x 2.25""D",In stock,,,,"Wood; 16.5""W x 15.75""H x 2.25""D",,4,$13.75 ,8,$13.00 ,,,4,Hannas400,Hannas160,https://www.hannashandiworks.com/media/catalog/product/cache/bbf624d4e302b71a44cbbfb433873131/5/5/55046.JPG,55046.JPG,,,Hannas800,55046.JPG
WITCH HAT GHOST DOG STANDER,55132,,"Over 2' Tall! Wood; 18.5""W x 28.25""H x 4.75""D",In stock,,,,"Over 2' Tall! Wood; 18.5""W x 28.25""H x 4.75""D",,2,$32.50 ,4,$30.50 ,,,2,Hannas400,Hannas160,https://www.hannashandiworks.com/media/catalog/product/cache/bbf624d4e302b71a44cbbfb433873131/5/5/55132.JPG,55132.JPG,,,Hannas800,55132.JPG
PUMPKIN PLATE 2 ASST,44061,,"Ceramic; 10¼""W x 1""H x 9½""D",In stock,,,,"Ceramic; 10¼""W x 1""H x 9½""D",,4,$8.50 ,8,$8.00 ,12,$7.50 ,4,Hannas400,Hannas160,https://www.hannashandiworks.com/media/catalog/product/cache/bbf624d4e302b71a44cbbfb433873131/4/4/44061.JPG,44061.JPG,,,Hannas800,44061.JPG
BACKLIT LOVED HEART TABLETOP,66157,,"Lights Up Wood/Mixed Materials; 6""W x 6""H x 1.25""D",In stock,,,,"Lights Up Wood/Mixed Materials; 6""W x 6""H x 1.25""D",,6,$6.90 ,12,$6.60 ,24,$6.30 ,6,Hannas400,Hannas160,https://www.hannashandiworks.com/media/catalog/product/cache/bbf624d4e302b71a44cbbfb433873131/6/6/66157.JPG,66157.JPG,,,Hannas800,66157.JPG
BAROQUE CROSS,64129,,"Wood & Metal; 8""W x 11""H x 1""D",In stock,,,,"Wood & Metal; 8""W x 11""H x 1""D",,4,$7.50 ,12,$7.00 ,24,$6.50 ,4,Hannas400,Hannas160,https://www.hannashandiworks.com/media/catalog/product/cache/bbf624d4e302b71a44cbbfb433873131/6/4/64129.JPG,64129.JPG,,,Hannas800,64129.JPG
BEADED FLOWER CROSS WALL ART 2 ASST.,66283,,"1 Sawtooth Hanger Wood/Mixed Materials; 9.25""W x 12.25""H x 1""D",In stock,$11.50 ,,,"1 Sawtooth Hanger Wood/Mixed Materials; 9.25""W x 12.25""H x 1""D",,6,$14.00 ,,,,,6,Hannas400,Hannas160,https://www.hannashandiworks.com/media/catalog/product/cache/bbf624d4e302b71a44cbbfb433873131/6/6/66283.JPG,66283.JPG,,,Hannas800,66283.JPG
BEIGE BUNNY DANGLE LEG 2 ASST,63634,,Fabric/Mixed Materials; 6½”W x 24-26½”H x 6½”D,In stock,,,,Fabric/Mixed Materials; 6½”W x 24-26½”H x 6½”D,,6,$12.50 ,12,$12.00 ,24,$11.50 ,6,Hannas400,Hannas160,https://www.hannashandiworks.com/media/catalog/product/cache/bbf624d4e302b71a44cbbfb433873131/6/3/63634.JPG,63634.JPG,,,Hannas800,63634.JPG
BEIGE BUNNY SITTER 2 ASST,63635,,Fabric/Mixed Materials; 8”W x 13-15¼”H x 6¾”D,In stock,$4.75 ,,,Fabric/Mixed Materials; 8”W x 13-15¼”H x 6¾”D,,6,$9.50 ,,,,,6,Hannas400,Hannas160,https://www.hannashandiworks.com/media/catalog/product/cache/bbf624d4e302b71a44cbbfb433873131/6/3/63635.JPG,63635.JPG,,,Hannas800,63635.JPG
BESPECTACLED BUNNY TABLETOP 2 ASST.,66260,,"Wood; 3.5""W x 8""H x 1""D",In stock,,,,"Wood; 3.5""W x 8""H x 1""D",,12,$4.50 ,24,$4.00 ,,,12,Hannas400,Hannas160,https://www.hannashandiworks.com/media/catalog/product/cache/bbf624d4e302b71a44cbbfb433873131/6/6/66260.JPG,66260.JPG,,,Hannas800,66260.JPG
BESPECTACLED BUNNY TRIO WOODEN SHELF,65103,,"Wood; 19½""W x 15¼""H x 3¾""D",In stock,$7.90 ,,,"Wood; 19½""W x 15¼""H x 3¾""D",,4,$11.00 ,,,,,4,Hannas400,Hannas160,https://www.hannashandiworks.com/media/catalog/product/cache/bbf624d4e302b71a44cbbfb433873131/6/5/65103.JPG,65103.JPG,,,Hannas800,65103.JPG
BLACK GINGHAM EASTER SPRING BUNNY TABLETOP 2 ASST,61420,,Resin; 6”W x 6½”H x 1¾”D,In stock,$2.50 ,,,Resin; 6”W x 6½”H x 1¾”D,,4,$5.00 ,,,,,4,Hannas400,Hannas160,https://www.hannashandiworks.com/media/catalog/product/cache/bbf624d4e302b71a44cbbfb433873131/6/1/61420_1.JPG,61420_1.JPG,,,Hannas800,61420_1.JPG
BLISSFUL BUNBUN WITH FLOWER 3 ASST,65460,,"Resin; 2¾""W x 5½-6¾""H x 3½""D",In stock,,,,"Resin; 2¾""W x 5½-6¾""H x 3½""D",,6,$4.75 ,12,$4.50 ,24,$4.25 ,6,Hannas400,Hannas160,https://www.hannashandiworks.com/media/catalog/product/cache/bbf624d4e302b71a44cbbfb433873131/6/5/65460.JPG,65460.JPG,,,Hannas800,65460.JPG
BLOOMING BUNNY ORNAMENT TRAY 2 ASST.,66339,,"Fabric/Mixed Materials; Orn: 5""W x 7.5""H X 2""D",In stock,,,,"Fabric/Mixed Materials; Orn: 5""W x 7.5""H X 2""D",,12,$3.00 ,48,$2.75 ,,,12,Hannas400,Hannas160,https://www.hannashandiworks.com/media/catalog/product/cache/bbf624d4e302b71a44cbbfb433873131/6/6/66339.JPG,66339.JPG,,,Hannas800,66339.JPG
BLOOMING BUNNY SITTER LARGE 2 ASST,66336,,"Fabric/Mixed Materials; 12""W x 24""H x 14""D 2 feet tall!",In stock,$21.50 ,,,"Fabric/Mixed Materials; 12""W x 24""H x 14""D 2 feet tall!",,4,$27.50 ,,,,,4,Hannas400,Hannas160,https://www.hannashandiworks.com/media/catalog/product/cache/bbf624d4e302b71a44cbbfb433873131/6/6/66336.JPG,66336.JPG,,,Hannas800,66336.JPG
BLOOMING BUNNY SITTER SMALL 2 ASST.,66337,,"Fabric/Mixed Materials; 6.5- 7.5""W x 11""H x 6.5""D",In stock,,,,"Fabric/Mixed Materials; 6.5- 7.5""W x 11""H x 6.5""D",,6,$6.25 ,12,$5.75 ,,,6,Hannas400,Hannas160,https://www.hannashandiworks.com/media/catalog/product/cache/bbf624d4e302b71a44cbbfb433873131/6/6/66337.JPG,66337.JPG,,,Hannas800,66337.JPG
BLOOMING GARDEN CAPYBARA 3 ASST,66237,,"Resin; 2½-4½""W x 2¼-5""H x 2½-3""D",In stock,,,,"Resin; 2½-4½""W x 2¼-5""H x 2½-3""D",,6,$4.00 ,12,$3.75 ,,,6,Hannas400,Hannas160,https://www.hannashandiworks.com/media/catalog/product/cache/bbf624d4e302b71a44cbbfb433873131/6/6/66237.JPG,66237.JPG,,,Hannas800,66237.JPG
BLOOMING HIGHLAND COW WITH LED 2 ASST.,66212,,"Resin/Mixed Materials; 5""W x 6.5-7""H x 4""D Lights Up! Requires 2 AA Batteries; Not Included",In stock,,,,"Resin/Mixed Materials; 5""W x 6.5-7""H x 4""D Lights Up! Requires 2 AA Batteries; Not Included",,4,$9.50 ,12,$9.00 ,24,$8.50 ,4,Hannas400,Hannas160,https://www.hannashandiworks.com/media/catalog/product/cache/bbf624d4e302b71a44cbbfb433873131/6/6/66212.JPG,66212.JPG,,,Hannas800,66212.JPG
BLUE BUCKTOOTH BUNNY SITTER,64247,,"Fabric; 8""W x 21""H x 7½""D",In stock,,,,"Fabric; 8""W x 21""H x 7½""D",,4,$10.50 ,8,$10.00 ,16,$9.50 ,4,Hannas400,Hannas160,https://www.hannashandiworks.com/media/catalog/product/cache/bbf624d4e302b71a44cbbfb433873131/6/4/64247.JPG,64247.JPG,,,Hannas800,64247.JPG
BLUE HEART BUNNY SITTER 2 ASST,63471,,Fabric; 6”W x 13”H x 3¾”D,In stock,$4.25 ,,,Fabric; 6”W x 13”H x 3¾”D,,6,$8.50 ,,,,,6,Hannas400,Hannas160,https://www.hannashandiworks.com/media/catalog/product/cache/bbf624d4e302b71a44cbbfb433873131/6/3/63471.JPG,63471.JPG,,,Hannas800,63471.JPG
BLUE MEADOW EASTER GNOME HANGER,62444,,Metal; 12”W x 18½”H x ¼”D,In stock,,,,Metal; 12”W x 18½”H x ¼”D,,4,$8.50 ,8,$8.00 ,,,4,Hannas400,Hannas160,https://www.hannashandiworks.com/media/catalog/product/cache/bbf624d4e302b71a44cbbfb433873131/6/2/62444_1.JPG,62444_1.JPG,,,Hannas800,62444_1.JPG
BOHEMIAN BUNNY BEAD LEG 2 ASST,65144,,"Fabric/Mixed Materials; 5¼""W x 21""H x 5""D",In stock,,,,"Fabric/Mixed Materials; 5¼""W x 21""H x 5""D",,6,$9.00 ,12,$8.50 ,24,$8.00 ,6,Hannas400,Hannas160,https://www.hannashandiworks.com/media/catalog/product/cache/bbf624d4e302b71a44cbbfb433873131/6/5/65144.JPG,65144.JPG,,,Hannas800,65144.JPG
BOHEMIAN BUNNY CANDY JAR 2 ASST,65146,,"Fabric/Mixed Material; 6½""W x 13""H x 4¼""D",In stock,,,,"Fabric/Mixed Material; 6½""W x 13""H x 4¼""D",,6,$6.25 ,12,$5.75 ,,,6,Hannas400,Hannas160,https://www.hannashandiworks.com/media/catalog/product/cache/bbf624d4e302b71a44cbbfb433873131/6/5/65146.JPG,65146.JPG,,,Hannas800,65146.JPG
BOHEMIAN BUNNY ORNAMENT 2 ASST,65147,,"Fabric; 3¼""W x 7""H x 2""D",In stock,,,,"Fabric; 3¼""W x 7""H x 2""D",,12,$2.75 ,24,$2.50 ,48,$2.25 ,12,Hannas400,Hannas160,https://www.hannashandiworks.com/media/catalog/product/cache/bbf624d4e302b71a44cbbfb433873131/6/5/65147.JPG,65147.JPG,,,Hannas800,65147.JPG
BOHEMIAN BUNNY SITTER 2 ASST,65143,,"Fabric/Mixed Materials; 9""W x 16½""H x 7""D",In stock,,,,"Fabric/Mixed Materials; 9""W x 16½""H x 7""D",,6,$9.25 ,12,$8.75 ,24,$8.25 ,6,Hannas400,Hannas160,https://www.hannashandiworks.com/media/catalog/product/cache/bbf624d4e302b71a44cbbfb433873131/6/5/65143.JPG,65143.JPG,,,Hannas800,65143.JPG
BRIGHT BOW BUNBUN TABLETOP 3 ASST,65477,,"Resin; 1½""W x 4¼""H x 2¼""D",In stock,,,,"Resin; 1½""W x 4¼""H x 2¼""D",,12,$2.00 ,24,$1.75 ,96,$1.50 ,12,Hannas400,Hannas160,https://www.hannashandiworks.com/media/catalog/product/cache/bbf624d4e302b71a44cbbfb433873131/6/5/65477.JPG,65477.JPG,,,Hannas800,65477.JPG
BUNBUN WITH CARROT TABLETOP 2 ASST,65454,,"Resin; 3½""W x 6¼""H x 3""D",In stock,,,,"Resin; 3½""W x 6¼""H x 3""D",,4,$4.25 ,8,$4.00 ,24,$3.75 ,4,Hannas400,Hannas160,https://www.hannashandiworks.com/media/catalog/product/cache/bbf624d4e302b71a44cbbfb433873131/6/5/65454.JPG,65454.JPG,,,Hannas800,65454.JPG
BUNNY AND BABY,64262,,"Resin; 4""W x 7½""H x 5""D",In stock,,,,"Resin; 4""W x 7½""H x 5""D",,4,$8.00 ,8,$7.50 ,,,4,Hannas400,Hannas160,https://www.hannashandiworks.com/media/catalog/product/cache/bbf624d4e302b71a44cbbfb433873131/6/4/64262.JPG,64262.JPG,,,Hannas800,64262.JPG
BUNNY AND EGG SALT AND PEPPER SHAKERS,64329,,"Ceramic; 3½""W x 4""H x 3½""D",In stock,,,,"Ceramic; 3½""W x 4""H x 3½""D",,6,$3.90 ,12,$3.50 ,,,6,Hannas400,Hannas160,https://www.hannashandiworks.com/media/catalog/product/cache/bbf624d4e302b71a44cbbfb433873131/6/4/64329.JPG,64329.JPG,,,Hannas800,64329.JPG
BUNNY BOI SALT AND PEPPER SET,65219,,"Ceramic; 1¾""W x 4""H x 2¾""D",In stock,,,,"Ceramic; 1¾""W x 4""H x 2¾""D",,4,$3.75 ,8,$3.50 ,36,$3.25 ,4,Hannas400,Hannas160,https://www.hannashandiworks.com/media/catalog/product/cache/bbf624d4e302b71a44cbbfb433873131/6/5/65219.JPG,65219.JPG,,,Hannas800,65219.JPG
BUNNY BUDDIES EGG DISH,65218,,"Ceramic; 6¾""Dia x 3¾""H",In stock,,,,"Ceramic; 6¾""Dia x 3¾""H",,4,$6.50 ,8,$6.00 ,,,4,Hannas400,Hannas160,https://www.hannashandiworks.com/media/catalog/product/cache/bbf624d4e302b71a44cbbfb433873131/6/5/65218.JPG,65218.JPG,,,Hannas800,65218.JPG
BUNNY CARROT GARLAND,65041,,"Over 2' Wide! Metal/Mixed Materials; Overall: 34¼""W; Rabbit 5""W x 7½""H x ½""D; Carrot 2½""W x 5½""H x ½""D",In stock,,,,"Over 2' Wide! Metal/Mixed Materials; Overall: 34¼""W; Rabbit 5""W x 7½""H x ½""D; Carrot 2½""W x 5½""H x ½""D",,6,$7.90 ,12,$7.40 ,18,$6.90 ,6,Hannas400,Hannas160,https://www.hannashandiworks.com/media/catalog/product/cache/bbf624d4e302b71a44cbbfb433873131/6/5/65041.JPG,65041.JPG,,,Hannas800,65041.JPG
BUNNY COUPLE EGG BASKET TABLETOP 2 ASST.,62336,,Resin; 4½”W x 4¼”H x 3”D,In stock,,,,Resin; 4½”W x 4¼”H x 3”D,,6,$4.90 ,12,$4.60 ,24,$4.30 ,6,Hannas400,Hannas160,https://www.hannashandiworks.com/media/catalog/product/cache/bbf624d4e302b71a44cbbfb433873131/6/2/62336_1.JPG,62336_1.JPG,,,Hannas800,62336_1.JPG
BUNNY CUTOUT TABLETOP SCENE WITH LIGHTS,66126,,"Lights Up! Wood/Mixed Materials; 6""W x 6""H x 1.5""D",In stock,,,,"Lights Up! Wood/Mixed Materials; 6""W x 6""H x 1.5""D",,6,$5.50 ,12,$5.25 ,24,$5.00 ,6,Hannas400,Hannas160,https://www.hannashandiworks.com/media/catalog/product/cache/bbf624d4e302b71a44cbbfb433873131/6/6/66126.JPG,66126.JPG,,,Hannas800,66126.JPG
BUNNY EARS BUCKET 3 PIECE SET,65222,,"Metal and Rope; Lg: 9½""Dia x 9""H; Med: 8""Dia x 8¼""H; Sm: 6""Dia x 7½""H",In stock,$19.90 ,,,"Metal and Rope; Lg: 9½""Dia x 9""H; Med: 8""Dia x 8¼""H; Sm: 6""Dia x 7½""H",,4,$29.50 ,,,,,4,Hannas400,Hannas160,https://www.hannashandiworks.com/media/catalog/product/cache/bbf624d4e302b71a44cbbfb433873131/6/5/65222.JPG,65222.JPG,,,Hannas800,65222.JPG
BUNNY EARS DUCKY STANDER 2 ASST.,66241,,"Resin; 4.5-5.5""W x 8.5-9.5""H x 3.25""D",In stock,,,,"Resin; 4.5-5.5""W x 8.5-9.5""H x 3.25""D",,6,$9.90 ,12,$9.40 ,24,$8.90 ,6,Hannas400,Hannas160,https://www.hannashandiworks.com/media/catalog/product/cache/bbf624d4e302b71a44cbbfb433873131/6/6/66241.JPG,66241.JPG,,,Hannas800,66241.JPG
BUNNY EARS FAMILY TABLETOP,65473,,"Resin; 7½""W x 6""H x 1¾""D",In stock,,,,"Resin; 7½""W x 6""H x 1¾""D",,4,$5.00 ,8,$4.75 ,16,$4.50 ,4,Hannas400,Hannas160,https://www.hannashandiworks.com/media/catalog/product/cache/bbf624d4e302b71a44cbbfb433873131/6/5/65473.JPG,65473.JPG,,,Hannas800,65473.JPG
BUNNY EARS PLANTER POT 2-PIECE SET,66059,,"Metal; 8-6.5""W x 10-12""H x 6.25-8.25""D",In stock,$10.00 ,,,"Metal; 8-6.5""W x 10-12""H x 6.25-8.25""D",,4,$12.50 ,,,,,4,Hannas400,Hannas160,https://www.hannashandiworks.com/media/catalog/product/cache/bbf624d4e302b71a44cbbfb433873131/6/6/66059.JPG,66059.JPG,,,Hannas800,66059.JPG
BUNNY EGG WHEELBARROW TABLETOP 2 ASST.,62341,,Resin; 4”W x 5”H x 2”D,In stock,,,,Resin; 4”W x 5”H x 2”D,,8,$3.75 ,16,$3.50 ,,,8,Hannas400,Hannas160,https://www.hannashandiworks.com/media/catalog/product/cache/bbf624d4e302b71a44cbbfb433873131/6/2/62341_1.JPG,62341_1.JPG,,,Hannas800,62341_1.JPG
BUNNY GNOME SIGN 4 ASST,64151,,Enamel Metal; 11¾”W x 11¾”H x ¼”D,In stock,,,,Enamel Metal; 11¾”W x 11¾”H x ¼”D,,12,$3.50 ,24,$3.25 ,36,$3.00 ,12,Hannas400,Hannas160,https://www.hannashandiworks.com/media/catalog/product/cache/bbf624d4e302b71a44cbbfb433873131/6/4/64151.JPG,64151.JPG,,,Hannas800,64151.JPG
BUNNY RABBIT AND KIT STANDER 2 ASST,66301,,"Fabric; 5.5""W x 22.5""H x 4""D",In stock,$9.25 ,,,"Fabric; 5.5""W x 22.5""H x 4""D",,6,$11.50 ,,,,,6,Hannas400,Hannas160,https://www.hannashandiworks.com/media/catalog/product/cache/bbf624d4e302b71a44cbbfb433873131/6/6/66301.JPG,66301.JPG,,,Hannas800,66301.JPG
BUNNY TWINS CERAMIC BASKET,65217,,"Ceramic; 8½""W x 5¾""H x 4¼""D",In stock,$8.50 ,,,"Ceramic; 8½""W x 5¾""H x 4¼""D",,4,$12.00 ,,,,,4,Hannas400,Hannas160,https://www.hannashandiworks.com/media/catalog/product/cache/bbf624d4e302b71a44cbbfb433873131/6/5/65217.JPG,65217.JPG,,,Hannas800,65217.JPG
BUNNY WITH EGG CANISTER,64334,,"Ceramic; 7""W x 9""H x 5¼""D",In stock,$9.90 ,,,"Ceramic; 7""W x 9""H x 5¼""D",,2,$12.50 ,,,,,2,Hannas400,Hannas160,https://www.hannashandiworks.com/media/catalog/product/cache/bbf624d4e302b71a44cbbfb433873131/6/4/64334.JPG,64334.JPG,,,Hannas800,64334.JPG
BUTTERFLY WINDMILL STAKE,66251,,"Metal; 22½""W x 67""H x 4""D Over 5 Feet Tall!",In stock,$14.50 ,,,"Metal; 22½""W x 67""H x 4""D Over 5 Feet Tall!",,4,$18.50 ,,,,,4,Hannas400,Hannas160,https://www.hannashandiworks.com/media/catalog/product/cache/bbf624d4e302b71a44cbbfb433873131/6/6/66251.JPG,66251.JPG,,,Hannas800,66251.JPG
CERAMIC SPRING GNOME 2 ASST,63569,,Ceramic; 4¼”Dia x 9¾”H,In stock,$12.25 ,,,Ceramic; 4¼”Dia x 9¾”H,,6,$15.50 ,,,,,6,Hannas400,Hannas160,https://www.hannashandiworks.com/media/catalog/product/cache/bbf624d4e302b71a44cbbfb433873131/6/3/63569.JPG,63569.JPG,,,Hannas800,63569.JPG
CHUNKY SPRING FLOWER BASKET,65137,,"Wood; 16½""W x 20""H x 4¼""D",In stock,$22.50 ,,,"Wood; 16½""W x 20""H x 4¼""D",,2,$29.50 ,,,,,2,Hannas400,Hannas160,https://www.hannashandiworks.com/media/catalog/product/cache/bbf624d4e302b71a44cbbfb433873131/6/5/65137.JPG,65137.JPG,,,Hannas800,65137.JPG
CHUNKY VIBRANT BUTTERFLY WALL ART,66049,,"Wood; 27½""W x 18""H x 1¾""D Over 2 feet wide!",In stock,$26.50 ,,,"Wood; 27½""W x 18""H x 1¾""D Over 2 feet wide!",,4,$32.00 ,,,,,4,Hannas400,Hannas160,https://www.hannashandiworks.com/media/catalog/product/cache/bbf624d4e302b71a44cbbfb433873131/6/6/66049.JPG,66049.JPG,,,Hannas800,66049.JPG
CHUNKY WHITE FLOWER LIGHT-UP WALL ART,66046,,"Requires 2 AA Batteries; Not Included 1 Triangle Hanger Wood; 20""W x 20""H x 2.25`""D Lights up! Solid or flashing lights and has a timer.",In stock,$28.50 ,,,"Requires 2 AA Batteries; Not Included 1 Triangle Hanger Wood; 20""W x 20""H x 2.25`""D Lights up! Solid or flashing lights and has a timer.",,2,$35.00 ,,,,,2,Hannas400,Hannas160,https://www.hannashandiworks.com/media/catalog/product/cache/bbf624d4e302b71a44cbbfb433873131/6/6/66046.JPG,66046.JPG,,,Hannas800,66046.JPG
CHUNKY WILDFLOWER WALL ART 2 ASST.,66050,,"1 Triangle Hanger Wood; 20.75""W x 20.75""H x .75""D",In stock,$15.50 ,,,"1 Triangle Hanger Wood; 20.75""W x 20.75""H x .75""D",,4,$19.00 ,,,,,4,Hannas400,Hannas160,https://www.hannashandiworks.com/media/catalog/product/cache/bbf624d4e302b71a44cbbfb433873131/6/6/66050.JPG,66050.JPG,,,Hannas800,66050.JPG
COTTONTAIL BUNNY BASKET,66263,,"Mixed Materials; 6""W x 11¾""H x 7¼""D",In stock,$19.50 ,,,"Mixed Materials; 6""W x 11¾""H x 7¼""D",,4,$24.00 ,,,,,4,Hannas400,Hannas160,https://www.hannashandiworks.com/media/catalog/product/cache/bbf624d4e302b71a44cbbfb433873131/6/6/66263.JPG,66263.JPG,,,Hannas800,66263.JPG
COTTONTAIL BUNNY WELCOME TABLETOP,66112,,"Resin; 6.5""W x 5.25""H x 2.5""D",In stock,$6.90 ,,,"Resin; 6.5""W x 5.25""H x 2.5""D",,4,$8.50 ,,,,,4,Hannas400,Hannas160,https://www.hannashandiworks.com/media/catalog/product/cache/bbf624d4e302b71a44cbbfb433873131/6/6/66112.JPG,66112.JPG,,,Hannas800,66112.JPG
COTTONTAIL FULL BELLY STANDER 2 ASST,65164,,Over 2' Tall! Fabric; 7”W x 35”H x 5”D,In stock,$17.90 ,,,Over 2' Tall! Fabric; 7”W x 35”H x 5”D,,4,$23.50 ,,,,,4,Hannas400,Hannas160,https://www.hannashandiworks.com/media/catalog/product/cache/bbf624d4e302b71a44cbbfb433873131/6/5/65164.JPG,65164.JPG,,,Hannas800,65164.JPG
COUNTRY CHARM BUNNY STRETCH LEG 2 ASST,65534,,"Stretch Legs! Over 5' Tall! Fabric/Mixed Material; 26""W x 48-68""H x 13""D",In stock,$63.50 ,,,"Stretch Legs! Over 5' Tall! Fabric/Mixed Material; 26""W x 48-68""H x 13""D",,2,$78.50 ,,,,,2,Hannas400,Hannas160,https://www.hannashandiworks.com/media/catalog/product/cache/bbf624d4e302b71a44cbbfb433873131/6/5/65534.JPG,65534.JPG,,,Hannas800,65534.JPG
DAISY SWEATER BUNNY STANDER 2 ASST,63323,,Fabric; 8½”W x 17”H x 3¾”D,In stock,$8.50 ,,,Fabric; 8½”W x 17”H x 3¾”D,,6,$11.00 ,,,,,6,Hannas400,Hannas160,https://www.hannashandiworks.com/media/catalog/product/cache/bbf624d4e302b71a44cbbfb433873131/6/3/63323.JPG,63323.JPG,,,Hannas800,63323.JPG
DELIGHTFUL GNOME STANDER 2 ASST,63629,,Over 2' Tall! Fabric; 8¾”W x 34”H x 6½”D,In stock,$18.50 ,,,Over 2' Tall! Fabric; 8¾”W x 34”H x 6½”D,,6,$22.50 ,,,,,6,Hannas400,Hannas160,https://www.hannashandiworks.com/media/catalog/product/cache/bbf624d4e302b71a44cbbfb433873131/6/3/63629-cob.jpg,63629-cob.jpg,,,Hannas800,63629-cob.jpg
DONT WORRY EASTER SIGN 2 ASST,63286,,Wood/Metal; 23¾”W x 4¾”H x 1”D,In stock,$9.50 ,,,Wood/Metal; 23¾”W x 4¾”H x 1”D,,8,$11.50 ,,,,,8,Hannas400,Hannas160,https://www.hannashandiworks.com/media/catalog/product/cache/bbf624d4e302b71a44cbbfb433873131/6/3/63286.JPG,63286.JPG,,,Hannas800,63286.JPG
EASTER EGG BASKET WITH LED,64335,,"Lights Up! Ceramic; 6¼""Dia x 10¼""H; Requires 3 AAA Batteries; Not Included",In stock,$14.50 ,,,"Lights Up! Ceramic; 6¼""Dia x 10¼""H; Requires 3 AAA Batteries; Not Included",,2,$18.00 ,,,,,2,Hannas400,Hannas160,https://www.hannashandiworks.com/media/catalog/product/cache/bbf624d4e302b71a44cbbfb433873131/6/4/64335.JPG,64335.JPG,,,Hannas800,64335.JPG
EASTER EGG BUNNY COOKIE JAR,65215,,"Ceramic; 5¼""W x 9¼""H x 5¾""D",In stock,$9.90 ,,,"Ceramic; 5¼""W x 9¼""H x 5¾""D",,4,$12.50 ,,,,,4,Hannas400,Hannas160,https://www.hannashandiworks.com/media/catalog/product/cache/bbf624d4e302b71a44cbbfb433873131/6/5/65215.JPG,65215.JPG,,,Hannas800,65215.JPG
EASTER HARE FAMILY WITH FLOWERS,66108,,"Resin; 4.5""W x 7.5""H x 4""D",In stock,$8.25 ,,,"Resin; 4.5""W x 7.5""H x 4""D",,4,$10.00 ,,,,,4,Hannas400,Hannas160,https://www.hannashandiworks.com/media/catalog/product/cache/bbf624d4e302b71a44cbbfb433873131/6/6/66108.JPG,66108.JPG,,,Hannas800,66108.JPG
EASTER SUNDAY BUNNY STRETCH LEG 2 ASST,66340,,"Fabric/Mixed Materials; 10.5""W x 22.5-30.5""H x 5.25""D",In stock,$12.90 ,,,"Fabric/Mixed Materials; 10.5""W x 22.5-30.5""H x 5.25""D",,6,$16.00 ,,,,,6,Hannas400,Hannas160,https://www.hannashandiworks.com/media/catalog/product/cache/bbf624d4e302b71a44cbbfb433873131/6/6/66340.JPG,66340.JPG,,,Hannas800,66340.JPG
FARM FRESH FLOWERS WALL SIGN,66137,,"Wood; 24""W x 11½""H x ½""D 2 feet wide!",In stock,$8.90 ,,,"Wood; 24""W x 11½""H x ½""D 2 feet wide!",,6,$12.00 ,,,,,6,Hannas400,Hannas160,https://www.hannashandiworks.com/media/catalog/product/cache/bbf624d4e302b71a44cbbfb433873131/6/6/66137.JPG,66137.JPG,,,Hannas800,66137.JPG
FLOP-EARED BUNNY GNOME COOKIE JAR,62179,,Ceramic; 10”H x 6”Dia,In stock,$10.75 ,,,Ceramic; 10”H x 6”Dia,,3,$13.90 ,,,,,3,Hannas400,Hannas160,https://www.hannashandiworks.com/media/catalog/product/cache/bbf624d4e302b71a44cbbfb433873131/6/2/62179_1.JPG,62179_1.JPG,,,Hannas800,62179_1.JPG
FLORAL BUNNY FAMILY TABLETOP,66302,,"Fabric; 8""W x 12.75""H x 5""D",In stock,$10.25 ,,,"Fabric; 8""W x 12.75""H x 5""D",,6,$12.50 ,,,,,6,Hannas400,Hannas160,https://www.hannashandiworks.com/media/catalog/product/cache/bbf624d4e302b71a44cbbfb433873131/6/6/66302.JPG,66302.JPG,,,Hannas800,66302.JPG
FLUFFY FOLK BUNNY STRETCH LEG 2 ASST,65254,,"Stretch Legs! Over 2' Tall! Fabric; 11""W x 21-30""H x 7""D",In stock,$11.75 ,,,"Stretch Legs! Over 2' Tall! Fabric; 11""W x 21-30""H x 7""D",,6,$15.00 ,,,,,6,Hannas400,Hannas160,https://www.hannashandiworks.com/media/catalog/product/cache/bbf624d4e302b71a44cbbfb433873131/6/5/65254.JPG,65254.JPG,,,Hannas800,65254.JPG
GENTLE GREEN BUNNY STRETCH LEG 2 ASST,64471,,"Over 2' Tall! Fabric; 11""W x 25-34""H x 6¼""D",In stock,$17.50 ,,,"Over 2' Tall! Fabric; 11""W x 25-34""H x 6¼""D",,4,$22.50 ,,,,,4,Hannas400,Hannas160,https://www.hannashandiworks.com/media/catalog/product/cache/bbf624d4e302b71a44cbbfb433873131/6/4/64471.JPG,64471.JPG,,,Hannas800,64471.JPG
GREEN GATHER TOGETHER SIGN,62121,,Metal; 46”W x 8½”H x ¼”D,In stock,$14.25 ,,,Metal; 46”W x 8½”H x ¼”D,,2,$18.00 ,,,,,2,Hannas400,Hannas160,https://www.hannashandiworks.com/media/catalog/product/cache/bbf624d4e302b71a44cbbfb433873131/6/2/62121_1.JPG,62121_1.JPG,,,Hannas800,62121_1.JPG
GREEN PLAID TALL BUNNY STRETCH LEG 2 ASST,63520,,Stretch Legs! Over 3' Tall! Fabric; 10½”W x 29-41½”H x 6¼”D,In stock,$12.25 ,,,Stretch Legs! Over 3' Tall! Fabric; 10½”W x 29-41½”H x 6¼”D,,6,$24.50 ,,,,,6,Hannas400,Hannas160,https://www.hannashandiworks.com/media/catalog/product/cache/bbf624d4e302b71a44cbbfb433873131/6/3/63520.JPG,63520.JPG,,,Hannas800,63520.JPG
HAPPY EASTER BUNNY STAKE,64264,,"Over 2' Tall! Metal; 14¾""W x 27¾""H x 1¼""D",In stock,$13.90 ,,,"Over 2' Tall! Metal; 14¾""W x 27¾""H x 1¼""D",,4,$18.00 ,,,,,4,Hannas400,Hannas160,https://www.hannashandiworks.com/media/catalog/product/cache/bbf624d4e302b71a44cbbfb433873131/6/4/64264.JPG,64264.JPG,,,Hannas800,64264.JPG
HAPPY EASTER EGG BUNNY TRIO,65424,,"Resin; 3¾""W x 10""H x 3¼""D",In stock,$6.50 ,,,"Resin; 3¾""W x 10""H x 3¼""D",,4,$8.50 ,,,,,4,Hannas400,Hannas160,https://www.hannashandiworks.com/media/catalog/product/cache/bbf624d4e302b71a44cbbfb433873131/6/5/65424.JPG,65424.JPG,,,Hannas800,65424.JPG
HIGHLAND COW TRACTOR WITH SOLAR LIGHTS,66235,,"Resin/Mixed Materials; 8½""W x 8""H x 4¼""D",In stock,$13.75 ,,,"Resin/Mixed Materials; 8½""W x 8""H x 4¼""D",,4,$17.50 ,,,,,4,Hannas400,Hannas160,https://www.hannashandiworks.com/media/catalog/product/cache/bbf624d4e302b71a44cbbfb433873131/6/6/66235.JPG,66235.JPG,,,Hannas800,66235.JPG
BUNNY RABBIT GARDEN CADDY,66255,,"Wood; 12.25""W x 10""H x 6.25""D",In stock,,,,"Wood; 12.25""W x 10""H x 6.25""D",,4,$17.90 ,8,$16.90 ,,,4,Hannas400,Hannas160,https://www.hannashandiworks.com/media/catalog/product/cache/bbf624d4e302b71a44cbbfb433873131/6/6/66255.JPG,66255.JPG,,,Hannas800,66255.JPG
COTTONTAIL AND KIT WITH MACARONS 2 ASST.,66111,,"Resin; 3""W x 5.25""H x 2.75""D",In stock,,,,"Resin; 3""W x 5.25""H x 2.75""D",,6,$4.75 ,12,$4.50 ,24,$4.25 ,6,Hannas400,Hannas160,https://www.hannashandiworks.com/media/catalog/product/cache/bbf624d4e302b71a44cbbfb433873131/6/6/66111.JPG,66111.JPG,,,Hannas800,66111.JPG
COTTONTAIL BUNNY WITH MACARONS 3 ASST.,66110,,"Resin; 1.25-1.5""W x 3-3.25""H x 1.25-2.25""D",In stock,,,,"Resin; 1.25-1.5""W x 3-3.25""H x 1.25-2.25""D",,6,$2.75 ,12,$2.50 ,,,6,Hannas400,Hannas160,https://www.hannashandiworks.com/media/catalog/product/cache/bbf624d4e302b71a44cbbfb433873131/6/6/66110.JPG,66110.JPG,,,Hannas800,66110.JPG
CRUCIFIX FLOWERS TABLETOP DECOR 2 ASST.,66258,,"Wood; 4.5""W x 7""H x 1.25""D",In stock,,,,"Wood; 4.5""W x 7""H x 1.25""D",,6,$4.25 ,12,$3.75 ,,,6,Hannas400,Hannas160,https://www.hannashandiworks.com/media/catalog/product/cache/bbf624d4e302b71a44cbbfb433873131/6/6/66258.JPG,66258.JPG,,,Hannas800,66258.JPG
DECORATED CRUCIFIX FRAMED WALL ART,66259,,"1 Sawtooth Hanger Wood; 10""W x 11.75""H x 1.25""D",In stock,,,,"1 Sawtooth Hanger Wood; 10""W x 11.75""H x 1.25""D",,4,$7.75 ,8,$7.25 ,16,$6.75 ,4,Hannas400,Hannas160,https://www.hannashandiworks.com/media/catalog/product/cache/bbf624d4e302b71a44cbbfb433873131/6/6/66259.JPG,66259.JPG,,,Hannas800,66259.JPG
DOWNY CHICK DANGLE LEG 2 ASST.,66101,,"Resin/Mixed Materials; 2.5""W x 7""H x 2""D",In stock,,,,"Resin/Mixed Materials; 2.5""W x 7""H x 2""D",,6,$3.75 ,12,$3.50 ,24,$3.25 ,6,Hannas400,Hannas160,https://www.hannashandiworks.com/media/catalog/product/cache/bbf624d4e302b71a44cbbfb433873131/6/6/66101.JPG,66101.JPG,,,Hannas800,66101.JPG
EASTER BUNBUN TABLETOP 2 ASST.,66113,,"Resin; 4-4.5""W x 6-6.5""H x 3.5""D",In stock,,,,"Resin; 4-4.5""W x 6-6.5""H x 3.5""D",,4,$7.50 ,8,$7.00 ,16,$6.50 ,4,Hannas400,Hannas160,https://www.hannashandiworks.com/media/catalog/product/cache/bbf624d4e302b71a44cbbfb433873131/6/6/66113.JPG,66113.JPG,,,Hannas800,66113.JPG
EASTER BUNNY BOY IN EGG,66329,,"Wood; 10.5""W x 25""H x 4.5""D Over 2ft tall!",In stock,,,,"Wood; 10.5""W x 25""H x 4.5""D Over 2ft tall!",,2,$22.50 ,4,$21.50 ,8,$20.50 ,2,Hannas400,Hannas160,https://www.hannashandiworks.com/media/catalog/product/cache/bbf624d4e302b71a44cbbfb433873131/6/6/66329.JPG,66329.JPG,,,Hannas800,66329.JPG
EASTER BUNNY GIRL IN EGG,66330,,"Wood; 10.5""W x 24.5""H x 5""D Over 2ft tall!",In stock,,,,"Wood; 10.5""W x 24.5""H x 5""D Over 2ft tall!",,2,$22.50 ,4,$21.50 ,8,$20.50 ,2,Hannas400,Hannas160,https://www.hannashandiworks.com/media/catalog/product/cache/bbf624d4e302b71a44cbbfb433873131/6/6/66330.JPG,66330.JPG,,,Hannas800,66330.JPG
EASTER HARE AND KIT WITH FLOWERS 2 ASST.,66106,,"Resin; 3""W x 6""H x 3""D",In stock,,,,"Resin; 3""W x 6""H x 3""D",,6,$5.25 ,12,$5.00 ,24,$4.75 ,6,Hannas400,Hannas160,https://www.hannashandiworks.com/media/catalog/product/cache/bbf624d4e302b71a44cbbfb433873131/6/6/66106.JPG,66106.JPG,,,Hannas800,66106.JPG
EASTER HARE WITH FLOWERS 2 ASST.,66107,,"Resin; 2.5""W x 5.5""H x 2.75""D",In stock,,,,"Resin; 2.5""W x 5.5""H x 2.75""D",,6,$4.75 ,12,$4.25 ,24,$4.00 ,6,Hannas400,Hannas160,https://www.hannashandiworks.com/media/catalog/product/cache/bbf624d4e302b71a44cbbfb433873131/6/6/66107.JPG,66107.JPG,,,Hannas800,66107.JPG
EASTER RAIN BOOTS DUCKY 2 ASST.,66114,,"Resin; 3.5-4.5""W x 7""H x 3.5-4""D",In stock,,,,"Resin; 3.5-4.5""W x 7""H x 3.5-4""D",,4,$5.75 ,8,$5.25 ,,,4,Hannas400,Hannas160,https://www.hannashandiworks.com/media/catalog/product/cache/bbf624d4e302b71a44cbbfb433873131/6/6/66114.JPG,66114.JPG,,,Hannas800,66114.JPG
EASTER SUNDAY BUNBUN STANDER 2 ASST.,66115,,"Resin; 1.75""W x 3.25""H x 1.25""D",In stock,,,,"Resin; 1.75""W x 3.25""H x 1.25""D",,8,$2.75 ,16,$2.50 ,,,8,Hannas400,Hannas160,https://www.hannashandiworks.com/media/catalog/product/cache/bbf624d4e302b71a44cbbfb433873131/6/6/66115.JPG,66115.JPG,,,Hannas800,66115.JPG
EASTER SUNDAY BUNNY BEAD LEG 2 ASST.,66342,,"Fabric/Mixed Materials; 6.5-8.5""W x 19.25""H x 3.5""D",In stock,,,,"Fabric/Mixed Materials; 6.5-8.5""W x 19.25""H x 3.5""D",,6,$7.90 ,12,$7.40 ,24,$6.90 ,6,Hannas400,Hannas160,https://www.hannashandiworks.com/media/catalog/product/cache/bbf624d4e302b71a44cbbfb433873131/6/6/66342.JPG,66342.JPG,,,Hannas800,66342.JPG
EASTER SUNDAY BUNNY ORNAMENT TRAY 2 ASST.,66346,,"Fabric/Mixed Materials; Orn: 5""W x 7.75""H x 2.5-3.5""D",In stock,,,,"Fabric/Mixed Materials; Orn: 5""W x 7.75""H x 2.5-3.5""D",,12,$3.00 ,48,$2.75 ,,,12,Hannas400,Hannas160,https://www.hannashandiworks.com/media/catalog/product/cache/bbf624d4e302b71a44cbbfb433873131/6/6/66346.JPG,66346.JPG,,,Hannas800,66346.JPG
EASTER SUNDAY BUNNY SITTER 2 AST,66341,,"Fabric/Mixed Materials; 8.5""W X 16""H X 6.5""D",In stock,,,,"Fabric/Mixed Materials; 8.5""W X 16""H X 6.5""D",,6,$9.50 ,12,$9.00 ,24,$8.50 ,6,Hannas400,Hannas160,https://www.hannashandiworks.com/media/catalog/product/cache/bbf624d4e302b71a44cbbfb433873131/6/6/66341.JPG,66341.JPG,,,Hannas800,66341.JPG
EASTER SUNDAY HIGHLAND COW 2 ASST.,66103,,"Resin/Mixed Materials; 4""W x 4.5""H x 2.75""D",In stock,,,,"Resin/Mixed Materials; 4""W x 4.5""H x 2.75""D",,8,$4.25 ,16,$4.00 ,24,$3.50 ,8,Hannas400,Hannas160,https://www.hannashandiworks.com/media/catalog/product/cache/bbf624d4e302b71a44cbbfb433873131/6/6/66103.JPG,66103.JPG,,,Hannas800,66103.JPG
FAITH POSSIBLE SCRIPTURE WALL PLAQUE 2 ASST.,66275,,"1 Sawtooth Hanger Wood/Rope; 14""W x 11""H x 1.25""D",In stock,,,,"1 Sawtooth Hanger Wood/Rope; 14""W x 11""H x 1.25""D",,6,$10.50 ,12,$10.00 ,24,$9.50 ,6,Hannas400,Hannas160,https://www.hannashandiworks.com/media/catalog/product/cache/bbf624d4e302b71a44cbbfb433873131/6/6/66275.JPG,66275.JPG,,,Hannas800,66275.JPG
FAUX CHOCOLATE BUNNY SITTER 2 ASST.,60318,,"Resin; 4.5""W x 5.25-6""H x 1.75""D",In stock,,,,"Resin; 4.5""W x 5.25-6""H x 1.75""D",,8,$3.75 ,16,$3.50 ,,,8,Hannas400,Hannas160,https://www.hannashandiworks.com/media/catalog/product/cache/bbf624d4e302b71a44cbbfb433873131/6/0/60318.JPG,60318.JPG,,,Hannas800,60318.JPG
FLORAL BUNNY ORNAMENT 2 ASST.,66306,,"Fabric/Plastic Beads; 4.5""W x 7.25""H x 2.75""D",In stock,,,,"Fabric/Plastic Beads; 4.5""W x 7.25""H x 2.75""D",,24,$2.65 ,48,$2.35 ,,,24,Hannas400,Hannas160,https://www.hannashandiworks.com/media/catalog/product/cache/bbf624d4e302b71a44cbbfb433873131/6/6/66306.JPG,66306.JPG,,,Hannas800,66306.JPG
FLORAL BUNNY STANDER 2 ASST.,66304,,"Fabric/Plastic Beads; 8""W x 16.5""H x 4""D",In stock,,,,"Fabric/Plastic Beads; 8""W x 16.5""H x 4""D",,6,$9.00 ,12,$8.50 ,24,$8.00 ,6,Hannas400,Hannas160,https://www.hannashandiworks.com/media/catalog/product/cache/bbf624d4e302b71a44cbbfb433873131/6/6/66304.JPG,66304.JPG,,,Hannas800,66304.JPG
FLORAL BUNNY STRETCH LEG 2 ASST.,66303,,"Fabric/Plastic Beads; 11""W x 21-28.5""H x 5.25""D Stretch Legs, Stretches over 2ft tall!",In stock,,,,"Fabric/Plastic Beads; 11""W x 21-28.5""H x 5.25""D Stretch Legs, Stretches over 2ft tall!",,6,$14.50 ,12,$14.00 ,24,$13.50 ,6,Hannas400,Hannas160,https://www.hannashandiworks.com/media/catalog/product/cache/bbf624d4e302b71a44cbbfb433873131/6/6/66303.JPG,66303.JPG,,,Hannas800,66303.JPG
GARDEN DUCKY FIGURINE 2 ASST.,66228,,"Resin; 5-6""W x 8-8.5""H x 3.5""D",In stock,,,,"Resin; 5-6""W x 8-8.5""H x 3.5""D",,4,$8.50 ,8,$8.00 ,,,4,Hannas400,Hannas160,https://www.hannashandiworks.com/media/catalog/product/cache/bbf624d4e302b71a44cbbfb433873131/6/6/66228.JPG,66228.JPG,,,Hannas800,66228.JPG
HAPPY EASTER CROSS WALL PLAQUE,66257,,"2 Sawtooth Hangers Wood; 19.75""W x 15.75""H x 1""D",In stock,,,,"2 Sawtooth Hangers Wood; 19.75""W x 15.75""H x 1""D",,4,$13.50 ,8,$13.00 ,,,4,Hannas400,Hannas160,https://www.hannashandiworks.com/media/catalog/product/cache/bbf624d4e302b71a44cbbfb433873131/6/6/66257.JPG,66257.JPG,,,Hannas800,66257.JPG
HAPPY EASTER EGG CUTOUT TABLETOP,66133,,"Wood; 5""W x 6.5""H x .25""D",In stock,,,,"Wood; 5""W x 6.5""H x .25""D",,6,$2.50 ,12,$2.25 ,,,6,Hannas400,Hannas160,https://www.hannashandiworks.com/media/catalog/product/cache/bbf624d4e302b71a44cbbfb433873131/6/6/66133.JPG,66133.JPG,,,Hannas800,66133.JPG
HAPPY EASTER VERTICAL SIGN WITH LED,66331,,"Wood; 7.75""W x 40""H x 2""D Lights Up! Solid of flashing lights with timer. Over 3ft Tall!",In stock,,,,"Wood; 7.75""W x 40""H x 2""D Lights Up! Solid of flashing lights with timer. Over 3ft Tall!",,2,$24.50 ,4,$23.50 ,8,$22.50 ,2,Hannas400,Hannas160,https://www.hannashandiworks.com/media/catalog/product/cache/bbf624d4e302b71a44cbbfb433873131/6/6/66331.JPG,66331.JPG,,,Hannas800,66331.JPG
HIGHLAND COW ON EGG TABLETOP 2 ASST.,66105,,"Resin; 3""W x 4.5""H x 2""D",In stock,,,,"Resin; 3""W x 4.5""H x 2""D",,8,$3.75 ,16,$3.50 ,24,$3.25 ,8,Hannas400,Hannas160,https://www.hannashandiworks.com/media/catalog/product/cache/bbf624d4e302b71a44cbbfb433873131/6/6/66105.JPG,66105.JPG,,,Hannas800,66105.JPG
COUNTRY CHARM BUNNY CANDY BAG 2 ASST,65539,,"Fabric/Mixed Materials; 10½""W x 15""H x 4½""D; Zippered back for easy filling",In stock,,,,"Fabric/Mixed Materials; 10½""W x 15""H x 4½""D; Zippered back for easy filling",,6,$4.90 ,12,$4.60 ,24,$4.30 ,6,Hannas400,Hannas160,https://www.hannashandiworks.com/media/catalog/product/cache/bbf624d4e302b71a44cbbfb433873131/6/5/65539.JPG,65539.JPG,,,Hannas800,65539.JPG
COUNTRY CHARM BUNNY CANDY JAR 2 ASST,65538,,"Fabric/Mixed Materials; 8¾""W x 13""H x 4¾""D",In stock,,,,"Fabric/Mixed Materials; 8¾""W x 13""H x 4¾""D",,6,$5.50 ,12,$5.00 ,24,$4.50 ,6,Hannas400,Hannas160,https://www.hannashandiworks.com/media/catalog/product/cache/bbf624d4e302b71a44cbbfb433873131/6/5/65538.JPG,65538.JPG,,,Hannas800,65538.JPG
BUNNY KISSES SITTING,64261,,"Resin; 5¾""W x 6¼""H x 4""D",In stock,,,,"Resin; 5¾""W x 6¼""H x 4""D",,4,$9.25 ,8,$8.75 ,12,$8.25 ,4,Hannas400,Hannas160,https://www.hannashandiworks.com/media/catalog/product/cache/bbf624d4e302b71a44cbbfb433873131/6/4/64261.JPG,64261.JPG,,,Hannas800,64261.JPG
BUNNY KISSES STANDING,64260,,"Resin; 7""W x 6¾""H x 3¾""D",In stock,,,,"Resin; 7""W x 6¾""H x 3¾""D",,4,$9.50 ,8,$9.00 ,12,$8.50 ,4,Hannas400,Hannas160,https://www.hannashandiworks.com/media/catalog/product/cache/bbf624d4e302b71a44cbbfb433873131/6/4/64260.JPG,64260.JPG,,,Hannas800,64260.JPG
BUNNY RABBIT AND KIT DANGLE LEG 2 ASST.,66300,,"Fabric; 5.5""W x 22.5""H x 4""D",In stock,,,,"Fabric; 5.5""W x 22.5""H x 4""D",,6,$8.50 ,12,$8.00 ,24,$7.50 ,6,Hannas400,Hannas160,https://www.hannashandiworks.com/media/catalog/product/cache/bbf624d4e302b71a44cbbfb433873131/6/6/66300.JPG,66300.JPG,,,Hannas800,66300.JPG
BUNNY RABBIT WITH CHICKS TABLETOP 2 ASST,65456,,"Resin; 3""W x 8¼""H x 4¼""D",In stock,,,,"Resin; 3""W x 8¼""H x 4¼""D",,4,$5.90 ,12,$5.60 ,24,$5.30 ,4,Hannas400,Hannas160,https://www.hannashandiworks.com/media/catalog/product/cache/bbf624d4e302b71a44cbbfb433873131/6/5/65456.JPG,65456.JPG,,,Hannas800,65456.JPG
CARROT BUNCH DOOR HANGER,66058,,"Metal/Mixed Materials; 7""W x 33""H x 2""D",In stock,,,,"Metal/Mixed Materials; 7""W x 33""H x 2""D",,4,$11.75 ,8,$11.25 ,16,$10.75 ,4,Hannas400,Hannas160,https://www.hannashandiworks.com/media/catalog/product/cache/bbf624d4e302b71a44cbbfb433873131/6/6/66058.JPG,66058.JPG,,,Hannas800,66058.JPG
CARROT PATCH STAKE,64345,,"Metal; 20""W x 13¼""H x ¼""D",In stock,,,,"Metal; 20""W x 13¼""H x ¼""D",,4,$10.75 ,8,$10.25 ,16,$9.75 ,4,Hannas400,Hannas160,https://www.hannashandiworks.com/media/catalog/product/cache/bbf624d4e302b71a44cbbfb433873131/6/4/64345.JPG,64345.JPG,,,Hannas800,64345.JPG
EASTER PALS CARROT CAR 3 ASST.,60310,,"Resin; 4.75""W x 6""H x 2.5""D",In stock,,,,"Resin; 4.75""W x 6""H x 2.5""D",,6,$3.75 ,12,$3.25 ,,,6,Hannas400,Hannas160,https://www.hannashandiworks.com/media/catalog/product/cache/bbf624d4e302b71a44cbbfb433873131/6/0/60310.JPG,60310.JPG,,,Hannas800,60310.JPG
HAPPY EASTER VERTICAL SIGN,63288,,3' Tall! Wood/Metal; 8”W x 36”H x 1”D,In stock,,,,3' Tall! Wood/Metal; 8”W x 36”H x 1”D,,3,$18.50 ,6,$17.50 ,12,$16.50 ,3,Hannas400,Hannas160,https://www.hannashandiworks.com/media/catalog/product/cache/bbf624d4e302b71a44cbbfb433873131/6/3/63288.JPG,63288.JPG,,,Hannas800,63288.JPG
ROYAL BLUE FLORAL CARROT WELCOME HANGER,62241,,Wood; 9¾”W x 12”H x ¾”D,In stock,$3.13 ,,,Wood; 9¾”W x 12”H x ¾”D,,4,$6.25 ,,,,,4,Hannas400,Hannas160,https://www.hannashandiworks.com/media/catalog/product/cache/bbf624d4e302b71a44cbbfb433873131/6/2/62241_1.JPG,62241_1.JPG,,,Hannas800,62241_1.JPG
CHUNKY SPRING CHICKEN SITTER,65138,,Wood; 12¼”W x 17”H x 3”D,In stock,,,,Wood; 12¼”W x 17”H x 3”D,,4,$11.50 ,8,$10.50 ,,,4,Hannas400,Hannas160,https://www.hannashandiworks.com/media/catalog/product/cache/bbf624d4e302b71a44cbbfb433873131/6/5/65138.JPG,65138.JPG,,,Hannas800,65138.JPG
EASTER CHICK SALT AND PEPPER SET,63377,,Ceramic; 3¼”W x 2¼”H x 2”D,In stock,,,,Ceramic; 3¼”W x 2¼”H x 2”D,,6,$4.75 ,12,$4.25 ,48,$3.75 ,6,Hannas400,Hannas160,https://www.hannashandiworks.com/media/catalog/product/cache/bbf624d4e302b71a44cbbfb433873131/6/3/63377.JPG,63377.JPG,,,Hannas800,63377.JPG
EGG HUNT CHICKIE TABLETOP 2 ASST.,61411,,"Resin; 2.25""W x 5""H x 3.25-4""D",In stock,,,,"Resin; 2.25""W x 5""H x 3.25-4""D",,6,$3.50 ,12,$3.25 ,,,6,Hannas400,Hannas160,https://www.hannashandiworks.com/media/catalog/product/cache/bbf624d4e302b71a44cbbfb433873131/6/1/61411_1.JPG,61411_1.JPG,,,Hannas800,61411_1.JPG
FARM FOWL SITTER 2 ASST.,66178,,"Fabric/Mixed Materials; 7""W x 12.5-13.5""H x 8""D",In stock,,,,"Fabric/Mixed Materials; 7""W x 12.5-13.5""H x 8""D",,6,$12.50 ,12,$11.75 ,24,$11.00 ,6,Hannas400,Hannas160,https://www.hannashandiworks.com/media/catalog/product/cache/bbf624d4e302b71a44cbbfb433873131/6/6/66178.JPG,66178.JPG,,,Hannas800,66178.JPG
FLOWER HAT DUCK TABLETOP 2 ASST.,66199,,"Fabric/Mixed Materials; 6.5""W x 12""H x 9.5""D",In stock,,,,"Fabric/Mixed Materials; 6.5""W x 12""H x 9.5""D",,8,$10.50 ,16,$10.00 ,,,8,Hannas400,Hannas160,https://www.hannashandiworks.com/media/catalog/product/cache/bbf624d4e302b71a44cbbfb433873131/6/6/66199.JPG,66199.JPG,,,Hannas800,66199.JPG
PEDESTAL EGG CUP CHICK TALL STATUARY,65352,,"A staff favorite for spring, this item stands over 2' tall! Resin construction; 10½""W x 29""H x 8""D",In stock,,,,"A staff favorite for spring, this item stands over 2' tall! Resin construction; 10½""W x 29""H x 8""D",,2,$39.50 ,,,,,2,Hannas400,Hannas160,https://www.hannashandiworks.com/media/catalog/product/cache/bbf624d4e302b71a44cbbfb433873131/6/5/65352.JPG,65352.JPG,,,Hannas800,65352.JPG
SPRING DUCKY DANGLE LEG 2 ASST.,66229,,"Resin/Mixed Materials; 2.25""W x 6.5""H x 2-2.5""D",In stock,,,,"Resin/Mixed Materials; 2.25""W x 6.5""H x 2-2.5""D",,6,$3.50 ,12,$3.25 ,24,$3.00 ,6,Hannas400,Hannas160,https://www.hannashandiworks.com/media/catalog/product/cache/bbf624d4e302b71a44cbbfb433873131/6/6/66229.JPG,66229.JPG,,,Hannas800,66229.JPG
SPRING EASTER BLESSINGS EASEL 2 ASST,64407,,"Wood; 7¾""W x 11¾""H x 5""D",In stock,,,,"Wood; 7¾""W x 11¾""H x 5""D",,6,$4.75 ,12,$4.25 ,,,6,Hannas400,Hannas160,https://www.hannashandiworks.com/media/catalog/product/cache/bbf624d4e302b71a44cbbfb433873131/6/4/64407.JPG,64407.JPG,,,Hannas800,64407.JPG
BUNNY WITH EGG CANDY BOWL,64328,,"Ceramic; 7""W x 5¼""H x 5¼""D",In stock,,,,"Ceramic; 7""W x 5¼""H x 5¼""D",,4,$8.50 ,8,$8.00 ,16,$7.50 ,4,Hannas400,Hannas160,https://www.hannashandiworks.com/media/catalog/product/cache/bbf624d4e302b71a44cbbfb433873131/6/4/64328.JPG,64328.JPG,,,Hannas800,64328.JPG
DRAGON BUNNY EGG TABLETOP 3 ASST.,62334,,Resin; 4-4½”W x 3½-4”H x 2¼”D,In stock,,,,Resin; 4-4½”W x 3½-4”H x 2¼”D,,6,$3.50 ,12,$3.25 ,,,6,Hannas400,Hannas160,https://www.hannashandiworks.com/media/catalog/product/cache/bbf624d4e302b71a44cbbfb433873131/6/2/62334_1.JPG,62334_1.JPG,,,Hannas800,62334_1.JPG
EGG HUNT CHAMP GNOME SIGN 2 ASST.,62046,,Wood; 5”W x 7”H x ½”D,In stock,$1.45 ,,,Wood; 5”W x 7”H x ½”D,,12,$2.90 ,,,,,12,Hannas400,Hannas160,https://www.hannashandiworks.com/media/catalog/product/cache/bbf624d4e302b71a44cbbfb433873131/6/2/62046_1.JPG,62046_1.JPG,,,Hannas800,62046_1.JPG
HELLO EASTER SIGN 2 ASST,64150,,"Metal/Rope; 15¾""W x 12¼""H x ¼""D",In stock,,,,"Metal/Rope; 15¾""W x 12¼""H x ¼""D",,12,$3.25 ,24,$3.00 ,36,$2.75 ,12,Hannas400,Hannas160,https://www.hannashandiworks.com/media/catalog/product/cache/bbf624d4e302b71a44cbbfb433873131/6/4/64150.JPG,64150.JPG,,,Hannas800,64150.JPG
MARCH HARE AND EGG WITH LED TABLETOP,65385,,"Lights Up! Wood/Ceramic; 5½""W x 11¼""H x 2¾""D; Requires 2 LR44 batteries; not included",In stock,$8.90 ,,,"Lights Up! Wood/Ceramic; 5½""W x 11¼""H x 2¾""D; Requires 2 LR44 batteries; not included",,4,$11.75 ,,,,,4,Hannas400,Hannas160,https://www.hannashandiworks.com/media/catalog/product/cache/bbf624d4e302b71a44cbbfb433873131/6/5/65385.JPG,65385.JPG,,,Hannas800,65385.JPG
PLAID SQUARE SPRING EASTER SIGN 2 ASST.,62130,,Wood/Metal; 12”W x 12”H x 1”D,In stock,$5.00 ,,,Wood/Metal; 12”W x 12”H x 1”D,,6,$10.00 ,,,,,6,Hannas400,Hannas160,https://www.hannashandiworks.com/media/catalog/product/cache/bbf624d4e302b71a44cbbfb433873131/6/2/62130_1.JPG,62130_1.JPG,,,Hannas800,62130_1.JPG
TRADITIONAL EASTER EGG MINIS TABLETOP 4 ASST,65420,,"Free Display! Resin; 1""Dia x 1½""H; Box: 5½""W x 1½""H x 4""D",In stock,,,,"Free Display! Resin; 1""Dia x 1½""H; Box: 5½""W x 1½""H x 4""D",,24,$1.25 ,48,$1.15 ,96,$1.05 ,24,Hannas400,Hannas160,https://www.hannashandiworks.com/media/catalog/product/cache/bbf624d4e302b71a44cbbfb433873131/6/5/65420.JPG,65420.JPG,,,Hannas800,65420.JPG
TRUCK BED BUNNY TABLETOP 2 ASST.,62335,,Resin; 9½”W x 5¼”H x 5”D,In stock,$10.90 ,,,Resin; 9½”W x 5¼”H x 5”D,,4,$13.50 ,,,,,4,Hannas400,Hannas160,https://www.hannashandiworks.com/media/catalog/product/cache/bbf624d4e302b71a44cbbfb433873131/6/2/62335_1.JPG,62335_1.JPG,,,Hannas800,62335_1.JPG
WOOD EASTER TRUCK WITH GNOME AND EGG,63459,,Wood; 19¾”W x 15½”H x 3¼”D,In stock,$10.75 ,,,Wood; 19¾”W x 15½”H x 3¼”D,,2,$21.50 ,,,,,2,Hannas400,Hannas160,https://www.hannashandiworks.com/media/catalog/product/cache/bbf624d4e302b71a44cbbfb433873131/6/3/63459.JPG,63459.JPG,,,Hannas800,63459.JPG
COUNTRY CHARM BUNNY STANDER 2 ASST,65541,,"Over 2' Tall! Fabric/Mixed Materials; 8½""W x 25""H x 7""D",In stock,,,,"Over 2' Tall! Fabric/Mixed Materials; 8½""W x 25""H x 7""D",,6,$10.50 ,12,$10.00 ,24,$9.50 ,6,Hannas400,Hannas160,https://www.hannashandiworks.com/media/catalog/product/cache/bbf624d4e302b71a44cbbfb433873131/6/5/65541.JPG,65541.JPG,,,Hannas800,65541.JPG
FLUFFY FOLK BUNNY STANDER 2 ASST,65255,,"Fabric; 7""W x 16¾""H x 4¾""D",In stock,,,,"Fabric; 7""W x 16¾""H x 4¾""D",,6,$7.75 ,12,$7.25 ,24,$6.75 ,6,Hannas400,Hannas160,https://www.hannashandiworks.com/media/catalog/product/cache/bbf624d4e302b71a44cbbfb433873131/6/5/65255.JPG,65255.JPG,,,Hannas800,65255.JPG
HOMESTEADER HARE TABLETOP 2 ASST LARGE,65463,,"Resin; 6""W x 18""H x 7¼""D",In stock,$17.50 ,,,"Resin; 6""W x 18""H x 7¼""D",,2,$23.50 ,,,,,2,Hannas400,Hannas160,https://www.hannashandiworks.com/media/catalog/product/cache/bbf624d4e302b71a44cbbfb433873131/6/5/65463.JPG,65463.JPG,,,Hannas800,65463.JPG
KHAKI STRIPE BUNNY STANDER 2 ASST.,62276,,Fabric; 9¼”W x 20”H x 3½”D,In stock,,,,Fabric; 9¼”W x 20”H x 3½”D,,6,$11.50 ,12,$11.00 ,24,$10.50 ,6,Hannas400,Hannas160,https://www.hannashandiworks.com/media/catalog/product/cache/bbf624d4e302b71a44cbbfb433873131/6/2/62276_1.JPG,62276_1.JPG,,,Hannas800,62276_1.JPG
LONG BEARD GNOME STANDERS 3 ASST,63330,,Fabric; 4”W x 16”H x 3”D,In stock,$2.38 ,,,Fabric; 4”W x 16”H x 3”D,,6,$4.75 ,,,,,6,Hannas400,Hannas160,https://www.hannashandiworks.com/media/catalog/product/cache/bbf624d4e302b71a44cbbfb433873131/6/3/63330.JPG,63330.JPG,,,Hannas800,63330.JPG
METAL GNOME TRUCK STAKE,63551,,Metal; 15”W x 26”H x 1½”D,In stock,,,,Metal; 15”W x 26”H x 1½”D,,4,$15.50 ,8,$14.90 ,,,4,Hannas400,Hannas160,https://www.hannashandiworks.com/media/catalog/product/cache/bbf624d4e302b71a44cbbfb433873131/6/3/63551.JPG,63551.JPG,,,Hannas800,63551.JPG
PASTEL BUNNY STRETCH LEG 2 ASST,63525,,Stretch Legs! Over 2' Tall! Fabric; 10¼”W x 22-34”H x 7”D,In stock,$11.25 ,,,Stretch Legs! Over 2' Tall! Fabric; 10¼”W x 22-34”H x 7”D,,6,$22.50 ,,,,,6,Hannas400,Hannas160,https://www.hannashandiworks.com/media/catalog/product/cache/bbf624d4e302b71a44cbbfb433873131/6/3/63525.JPG,63525.JPG,,,Hannas800,63525.JPG
PASTEL GNOME STRETCH LEG 2 ASST,63538,,Stretch Legs! Over 2' Tall! Fabric; 10”W x 24-35”H x 6”D,In stock,$9.95 ,,,Stretch Legs! Over 2' Tall! Fabric; 10”W x 24-35”H x 6”D,,6,$19.90 ,,,,,6,Hannas400,Hannas160,https://www.hannashandiworks.com/media/catalog/product/cache/bbf624d4e302b71a44cbbfb433873131/6/3/63538.JPG,63538.JPG,,,Hannas800,63538.JPG
SPRING FLOWER STAKE,65239,,"Metal; 10¼""W x 23½""H x 1½""D",In stock,$8.50 ,,,"Metal; 10¼""W x 23½""H x 1½""D",,6,$11.50 ,,,,,6,Hannas400,Hannas160,https://www.hannashandiworks.com/media/catalog/product/cache/bbf624d4e302b71a44cbbfb433873131/6/5/65239.JPG,65239.JPG,,,Hannas800,65239.JPG
SPRING FLOWERS HIGHLAND COW STANDER SMALL 2 ASST.,66348,,"Fabric/Mixed Materials; 10""W x 24-25""H x 6""D Over 2 feet tall!",In stock,$16.25 ,,,"Fabric/Mixed Materials; 10""W x 24-25""H x 6""D Over 2 feet tall!",,6,$21.00 ,,,,,6,Hannas400,Hannas160,https://www.hannashandiworks.com/media/catalog/product/cache/bbf624d4e302b71a44cbbfb433873131/6/6/66348.JPG,66348.JPG,,,Hannas800,66348.JPG
SPRING HIGHLAND COW WELCOME STAKE 2 ASST,66211,,"Metal/Mixed Materials; 15""W x 35""H x ¼""D Over 2 feet tall!",In stock,$15.90 ,,,"Metal/Mixed Materials; 15""W x 35""H x ¼""D Over 2 feet tall!",,6,$19.50 ,,,,,6,Hannas400,Hannas160,https://www.hannashandiworks.com/media/catalog/product/cache/bbf624d4e302b71a44cbbfb433873131/6/6/66211.JPG,66211.JPG,,,Hannas800,66211.JPG
SUNDAY BEST BUNNY STANDER 2 ASST,65134,,"Wood/Mixed Materials; 11¾""W x 23½""H x 4""D",In stock,,,,"Wood/Mixed Materials; 11¾""W x 23½""H x 4""D",,2,$19.50 ,4,$18.50 ,,,2,Hannas400,Hannas160,https://www.hannashandiworks.com/media/catalog/product/cache/bbf624d4e302b71a44cbbfb433873131/6/5/65134.JPG,65134.JPG,,,Hannas800,65134.JPG
WELCOME HIGHLAND COW SOLAR STREET LAMP,66206,,"Resin; 8.5""W x 15.25""H x 6""D",In stock,$23.75 ,,,"Resin; 8.5""W x 15.25""H x 6""D",,2,$29.50 ,,,,,2,Hannas400,Hannas160,https://www.hannashandiworks.com/media/catalog/product/cache/bbf624d4e302b71a44cbbfb433873131/6/6/66206.JPG,66206.JPG,,,Hannas800,66206.JPG
Y'ALL BUNNY WELCOME LOVE STAKE,61140,,Over 3 Feet Tall! Metal; 14¾”W x 42”H x 1”D,In stock,$5.95 ,,,Over 3 Feet Tall! Metal; 14¾”W x 42”H x 1”D,,6,$11.90 ,,,,,6,Hannas400,Hannas160,https://www.hannashandiworks.com/media/catalog/product/cache/bbf624d4e302b71a44cbbfb433873131/6/1/61140_1.JPG,61140_1.JPG,,,Hannas800,61140_1.JPG
YOKEL YELLOW BUNNY STRETCH LEG 2 ASST LARGE,64478,,Over 2' Tall! Fabric; 11”W x 35-46”H x 7¾”D,In stock,$29.50 ,,,Over 2' Tall! Fabric; 11”W x 35-46”H x 7¾”D,,4,$36.00 ,,,,,4,Hannas400,Hannas160,https://www.hannashandiworks.com/media/catalog/product/cache/bbf624d4e302b71a44cbbfb433873131/6/4/64478.JPG,64478.JPG,,,Hannas800,64478.JPG
YOKEL YELLOW BUNNY STRETCH LEG 2 ASST SMALL,64479,,"Stretch Legs! Over 2' Tall! Fabric/Mixed Material; 8½""W x 21-26½""H x 5""D",In stock,,,,"Stretch Legs! Over 2' Tall! Fabric/Mixed Material; 8½""W x 21-26½""H x 5""D",,6,$14.25 ,12,$13.50 ,24,$12.75 ,6,Hannas400,Hannas160,https://www.hannashandiworks.com/media/catalog/product/cache/bbf624d4e302b71a44cbbfb433873131/6/4/64479.JPG,64479.JPG,,,Hannas800,64479.JPG
CHUNKY HIGHLAND COW WALL ART,66047,,"Wood; 16""W x 12.75""H x 1.5""D",In stock,,,,"Wood; 16""W x 12.75""H x 1.5""D",,4,$10.50 ,8,$10.00 ,12,$9.50 ,4,Hannas400,Hannas160,https://www.hannashandiworks.com/media/catalog/product/cache/bbf624d4e302b71a44cbbfb433873131/6/6/66047.JPG,66047.JPG,,,Hannas800,66047.JPG
HIGHLAND COW SUNFLOWER BIRDHOUSE,66120,,"Resin; 6""W x 7""H x 4.5""D",In stock,,,,"Resin; 6""W x 7""H x 4.5""D",,4,$8.75 ,8,$8.25 ,16,$7.75 ,4,Hannas400,Hannas160,https://www.hannashandiworks.com/media/catalog/product/cache/bbf624d4e302b71a44cbbfb433873131/6/6/66120.JPG,66120.JPG,,,Hannas800,66120.JPG
HIGHLAND COW WELCOME GARDEN STAKE,65290,,"Metal; 19¾""W x 24""H x ½""",In stock,,,,"Metal; 19¾""W x 24""H x ½""",,4,$15.25 ,12,$14.25 ,,,4,Hannas400,Hannas160,https://www.hannashandiworks.com/media/catalog/product/cache/bbf624d4e302b71a44cbbfb433873131/6/5/65290.JPG,65290.JPG,,,Hannas800,65290.JPG
LUSH SPRING HIGHLAND COW SITTER 2 ASST.,66194,,"Fabric; 5.5""W x 10.5-13""H x 8""D",In stock,,,,"Fabric; 5.5""W x 10.5-13""H x 8""D",,6,$12.75 ,12,$12.25 ,18,$11.75 ,6,Hannas400,Hannas160,https://www.hannashandiworks.com/media/catalog/product/cache/bbf624d4e302b71a44cbbfb433873131/6/6/66194.JPG,66194.JPG,,,Hannas800,66194.JPG
SPRING FLOWERS HIGHLAND COW DANGLE LEG 2 ASST.,66350,,"Fabric/Mixed Materials; 8.5-9.5""W x 20.5""H x 5.5""D",In stock,,,,"Fabric/Mixed Materials; 8.5-9.5""W x 20.5""H x 5.5""D",,6,$13.75 ,12,$13.00 ,24,$12.25 ,6,Hannas400,Hannas160,https://www.hannashandiworks.com/media/catalog/product/cache/bbf624d4e302b71a44cbbfb433873131/6/6/66350.JPG,66350.JPG,,,Hannas800,66350.JPG
SPRING FLOWERS HIGHLAND COW SITTER 2 ASST.,66349,,"Fabric/Mixed Materials; 10.5""W x 15.5""H x 6.5""D",In stock,,,,"Fabric/Mixed Materials; 10.5""W x 15.5""H x 6.5""D",,6,$13.25 ,12,$12.50 ,24,$11.75 ,6,Hannas400,Hannas160,https://www.hannashandiworks.com/media/catalog/product/cache/bbf624d4e302b71a44cbbfb433873131/6/6/66349.JPG,66349.JPG,,,Hannas800,66349.JPG
SPRING FLOWERS HIGHLAND COW STRETCH LEG 2 ASST.,66347,,"Fabric/Mixed Materials; 14""W x 27.5-39""H x 8.5""D",In stock,,,,"Fabric/Mixed Materials; 14""W x 27.5-39""H x 8.5""D",,4,$34.50 ,,,,,4,Hannas400,Hannas160,https://www.hannashandiworks.com/media/catalog/product/cache/bbf624d4e302b71a44cbbfb433873131/6/6/66347.JPG,66347.JPG,,,Hannas800,66347.JPG
SPRINGTIDE HIGHLAND COW DANGLE LEG 3 ASST.,66122,,"Resin; 3""W x 6.5""H x 2""D",In stock,,,,"Resin; 3""W x 6.5""H x 2""D",,12,$3.25 ,24,$3.00 ,,,12,Hannas400,Hannas160,https://www.hannashandiworks.com/media/catalog/product/cache/bbf624d4e302b71a44cbbfb433873131/6/6/66122.JPG,66122.JPG,,,Hannas800,66122.JPG
SPRINGTIDE HIGHLAND COW TABLETOP 3 ASST.,66121,,"Resin; 3.5-4""W x 3.5-4.25""H x 2.75-3""D",In stock,,,,"Resin; 3.5-4""W x 3.5-4.25""H x 2.75-3""D",,6,$3.75 ,12,$3.50 ,,,6,Hannas400,Hannas160,https://www.hannashandiworks.com/media/catalog/product/cache/bbf624d4e302b71a44cbbfb433873131/6/6/66121.JPG,66121.JPG,,,Hannas800,66121.JPG
SPRINGTIME HIGHLAND COW DANGLE LEG 2 ASST.,66312,,"Fabric; 9.75""W x 17.5""H x 5.5""D",In stock,,,,"Fabric; 9.75""W x 17.5""H x 5.5""D",,6,$11.50 ,12,$11.00 ,,,6,Hannas400,Hannas160,https://www.hannashandiworks.com/media/catalog/product/cache/bbf624d4e302b71a44cbbfb433873131/6/6/66312.JPG,66312.JPG,,,Hannas800,66312.JPG
FLOWER GARDEN HIGHLAND COW PLANTER,66003,,"Manufactured Stone; 15.75""W x 14.25""H x 8.5""D",In stock,,,,"Manufactured Stone; 15.75""W x 14.25""H x 8.5""D",,2,$36.50 ,,,,,2,Hannas400,Hannas160,https://www.hannashandiworks.com/media/catalog/product/cache/bbf624d4e302b71a44cbbfb433873131/6/6/66003.JPG,66003.JPG,,,Hannas800,66003.JPG
LUSH SPRING HIGHLAND COW DANGLE LEG 2 ASST,66193,,"Fabric/Mixed Materials; 7""W x 10-20""H x 5""D",In stock,$12.90 ,,,"Fabric/Mixed Materials; 7""W x 10-20""H x 5""D",,6,$16.00 ,,,,,6,Hannas400,Hannas160,https://www.hannashandiworks.com/media/catalog/product/cache/bbf624d4e302b71a44cbbfb433873131/6/6/66193.JPG,66193.JPG,,,Hannas800,66193.JPG
PASTEL LLAMA STANDER 2 ASST SMALL,65273,,"Fabric; 4""W x 10""H x 8½""D",In stock,,,,"Fabric; 4""W x 10""H x 8½""D",,6,$5.90 ,12,$5.40 ,,,6,Hannas400,Hannas160,https://www.hannashandiworks.com/media/catalog/product/cache/bbf624d4e302b71a44cbbfb433873131/6/5/65273.JPG,65273.JPG,,,Hannas800,65273.JPG
PASTEL LLAMA STANDER 3 ASST LARGE,65274,,"Fabric; 6""W x 15¾""H x 12¾""D",In stock,$8.90 ,,,"Fabric; 6""W x 15¾""H x 12¾""D",,6,$11.50 ,,,,,6,Hannas400,Hannas160,https://www.hannashandiworks.com/media/catalog/product/cache/bbf624d4e302b71a44cbbfb433873131/6/5/65274.JPG,65274.JPG,,,Hannas800,65274.JPG
PUFFBALL SHEEP STANDER 2 ASST SMALL,65267,,"Fabric; 6""W x 11¼""H x 4¾""D",In stock,,,,"Fabric; 6""W x 11¼""H x 4¾""D",,6,$8.50 ,12,$8.00 ,24,$7.50 ,6,Hannas400,Hannas160,https://www.hannashandiworks.com/media/catalog/product/cache/bbf624d4e302b71a44cbbfb433873131/6/5/65267.JPG,65267.JPG,,,Hannas800,65267.JPG
SPRING FLOWERS HIGHLAND COW ORNAMENT TRAY 2 ASST,66351,,"Fabric/Mixed Materials; Orn: 5""W x 6""H x 3½""D Tray: 12""W x 2¾""H x 7¼""D",In stock,,,,"Fabric/Mixed Materials; Orn: 5""W x 6""H x 3½""D Tray: 12""W x 2¾""H x 7¼""D",,12,$3.25 ,48,$3.00 ,,,12,Hannas400,Hannas160,https://www.hannashandiworks.com/media/catalog/product/cache/bbf624d4e302b71a44cbbfb433873131/6/6/66351.JPG,66351.JPG,,,Hannas800,66351.JPG
SPRINGTIDE LITTLE LAMB 3 ASST.,66216,,"Resin; 2-3.5""W x 3-3.5""H x 2-2.5""D",In stock,,,,"Resin; 2-3.5""W x 3-3.5""H x 2-2.5""D",,6,$3.50 ,12,$3.25 ,24,$3.00 ,6,Hannas400,Hannas160,https://www.hannashandiworks.com/media/catalog/product/cache/bbf624d4e302b71a44cbbfb433873131/6/6/66216.JPG,66216.JPG,,,Hannas800,66216.JPG
SPRINGTIME HIGHLAND COW SITTER,66311,,"Fabric; 10""W x 10½""H x 10½""D",In stock,,,,"Fabric; 10""W x 10½""H x 10½""D",,6,$9.00 ,12,$8.50 ,,,6,Hannas400,Hannas160,https://www.hannashandiworks.com/media/catalog/product/cache/bbf624d4e302b71a44cbbfb433873131/6/6/66311.JPG,66311.JPG,,,Hannas800,66311.JPG
WOOLLY LAMB TABLETOP 2 ASST LARGE,65199,,Fabric; 9”W x 11½”H x 9¾”D,In stock,,,,Fabric; 9”W x 11½”H x 9¾”D,,4,$13.90 ,8,$13.30 ,12,$12.70 ,4,Hannas400,Hannas160,https://www.hannashandiworks.com/media/catalog/product/cache/bbf624d4e302b71a44cbbfb433873131/6/5/65199.JPG,65199.JPG,,,Hannas800,65199.JPG
BUNNY TOWNCAR COOKIE JAR,64332,,"Ceramic; 6¾""W x 8¼""H x 4¾""D",In stock,$7.50 ,,,"Ceramic; 6¾""W x 8¼""H x 4¾""D",,2,$11.90 ,,,,,2,Hannas400,Hannas160,https://www.hannashandiworks.com/media/catalog/product/cache/bbf624d4e302b71a44cbbfb433873131/6/4/64332_COB.jpg,64332_COB.jpg,,,Hannas800,64332_COB.jpg
EASTER FLORAL PICKET FENCE SHADOW BOX 2 ASST,65044,,"Wood; 6""W x 7½""H x 1""D",In stock,,,,"Wood; 6""W x 7½""H x 1""D",,4,$4.50 ,8,$4.25 ,12,$4.00 ,4,Hannas400,Hannas160,https://www.hannashandiworks.com/media/catalog/product/cache/bbf624d4e302b71a44cbbfb433873131/6/5/65044.JPG,65044.JPG,,,Hannas800,65044.JPG
EASTER PLAID GNOME TABLETOP,62042,,Wood; 7”W x 5”H x 1”D,In stock,$1.95 ,,,Wood; 7”W x 5”H x 1”D,,6,$3.90 ,,,,,6,Hannas400,Hannas160,https://www.hannashandiworks.com/media/catalog/product/cache/bbf624d4e302b71a44cbbfb433873131/6/2/62042_1.JPG,62042_1.JPG,,,Hannas800,62042_1.JPG
LOVE BLOOMS EASTER SIGN 2 ASST,64412,,"Wood/Rope; 7¾""W x 1¼""H x ½""D",In stock,,,,"Wood/Rope; 7¾""W x 1¼""H x ½""D",,12,$3.90 ,24,$3.60 ,,,12,Hannas400,Hannas160,https://www.hannashandiworks.com/media/catalog/product/cache/bbf624d4e302b71a44cbbfb433873131/6/4/64412.JPG,64412.JPG,,,Hannas800,64412.JPG
PASTEL BUNNY EGG DISH,65216,,"Ceramic; 11""Dia x 1""H",In stock,,,,"Ceramic; 11""Dia x 1""H",,4,$9.25 ,8,$8.75 ,12,$8.25 ,4,Hannas400,Hannas160,https://www.hannashandiworks.com/media/catalog/product/cache/bbf624d4e302b71a44cbbfb433873131/6/5/65216.JPG,65216.JPG,,,Hannas800,65216.JPG
PICNIC PLAID EASTER TRUCK TABLETOP WITH LED 2 ASST.,62385,,Wood; 5”W x 8½”H x 1¾”D Requires 2 AAA Batteries; Not Included,In stock,$2.88 ,,,Wood; 5”W x 8½”H x 1¾”D Requires 2 AAA Batteries; Not Included,,6,$5.75 ,,,,,6,Hannas400,Hannas160,https://www.hannashandiworks.com/media/catalog/product/cache/bbf624d4e302b71a44cbbfb433873131/6/2/62385_1.JPG,62385_1.JPG,,,Hannas800,62385_1.JPG
SPRING EASTER TULIP TABLETOP 2 ASST,65474,,"Resin; 11¾""W x 3½""H x 1½""D",In stock,,,,"Resin; 11¾""W x 3½""H x 1½""D",,6,$7.90 ,12,$7.50 ,24,$7.10 ,6,Hannas400,Hannas160,https://www.hannashandiworks.com/media/catalog/product/cache/bbf624d4e302b71a44cbbfb433873131/6/5/65474.JPG,65474.JPG,,,Hannas800,65474.JPG
SPRING FLOWER TREAT TOWER,65243,,"Metal; 10""Dia x 18""H",In stock,$12.90 ,,,"Metal; 10""Dia x 18""H",,4,$17.50 ,,,,,4,Hannas400,Hannas160,https://www.hannashandiworks.com/media/catalog/product/cache/bbf624d4e302b71a44cbbfb433873131/6/5/65243.JPG,65243.JPG,,,Hannas800,65243.JPG
SPRING TULIP TABLETOP 2 ASST,65238,,"Metal/Wood; 3¼""W x 8""H x 2""D",In stock,,,,"Metal/Wood; 3¼""W x 8""H x 2""D",,6,$6.50 ,12,$6.00 ,24,$5.50 ,6,Hannas400,Hannas160,https://www.hannashandiworks.com/media/catalog/product/cache/bbf624d4e302b71a44cbbfb433873131/6/5/65238.JPG,65238.JPG,,,Hannas800,65238.JPG
WILDFLOWER CROSS WALL ART 3 ASST.,66285,,"1 Bucksaw Hack Tooth Hanger Wood/Mixed Materials; 10""W x 14.25""H x 1.5""D",In stock,,,,"1 Bucksaw Hack Tooth Hanger Wood/Mixed Materials; 10""W x 14.25""H x 1.5""D",,6,$10.25 ,12,$9.75 ,24,$9.25 ,6,Hannas400,Hannas160,https://www.hannashandiworks.com/media/catalog/product/cache/bbf624d4e302b71a44cbbfb433873131/6/6/66285.JPG,66285.JPG,,,Hannas800,66285.JPG
FLUFFY FOLK BUNNY ORNAMENT 2 ASST,65259,,"Fabric; 4""W x 7½""H x 2½""D",In stock,,,,"Fabric; 4""W x 7½""H x 2½""D",,12,$2.25 ,24,$2.00 ,48,$1.75 ,12,Hannas400,Hannas160,https://www.hannashandiworks.com/media/catalog/product/cache/bbf624d4e302b71a44cbbfb433873131/6/5/65259.JPG,65259.JPG,,,Hannas800,65259.JPG
METAL SPRING UMBRELLA ORNAMENTS 3 ASST,64056,,"Metal/Mixed Materials; 5¾""W x 8½""H x ¼""D",In stock,,,,"Metal/Mixed Materials; 5¾""W x 8½""H x ¼""D",,12,$2.50 ,24,$2.25 ,,,12,Hannas400,Hannas160,https://www.hannashandiworks.com/media/catalog/product/cache/bbf624d4e302b71a44cbbfb433873131/6/4/64056.JPG,64056.JPG,,,Hannas800,64056.JPG
OVERALLS CHICKIE MAGNETS WITH DISPLAY 4 ASST.,66091,,"Wood/Magnet; Display: 10.75""W x 3.5""H x 7.5""D Magnet: 2.5""W x 3""H x .5""D",In stock,,,,"Wood/Magnet; Display: 10.75""W x 3.5""H x 7.5""D Magnet: 2.5""W x 3""H x .5""D",,72,$1.85 ,,,,,72,Hannas400,Hannas160,https://www.hannashandiworks.com/media/catalog/product/cache/bbf624d4e302b71a44cbbfb433873131/6/6/66091.JPG,66091.JPG,,,Hannas800,66091.JPG
CARROT AND FLOWER BASKET BUNBUN 2 ASST,65465,,"Resin; 4¾""W x 8½""H x 5½""D",In stock,,,,"Resin; 4¾""W x 8½""H x 5½""D",,4,$9.50 ,8,$9.00 ,12,$8.50 ,4,Hannas400,Hannas160,https://www.hannashandiworks.com/media/catalog/product/cache/bbf624d4e302b71a44cbbfb433873131/6/5/65465.JPG,65465.JPG,,,Hannas800,65465.JPG
CARROT AND FLOWER BASKET HARE 2 ASST,65467,,"Resin; 4.5""W x 8""H x 5""D",In stock,,,,"Resin; 4.5""W x 8""H x 5""D",,4,$9.50 ,8,$9.00 ,12,$8.50 ,4,Hannas400,Hannas160,https://www.hannashandiworks.com/media/catalog/product/cache/bbf624d4e302b71a44cbbfb433873131/6/5/65467.JPG,65467.JPG,,,Hannas800,65467.JPG
CARROT AND FLOWER HARVEST BUNBUN 2 ASST,65466,,"Resin; 3""W x 6¼""H x 3¼""D",In stock,,,,"Resin; 3""W x 6¼""H x 3¼""D",,4,$4.75 ,8,$4.50 ,24,$4.25 ,4,Hannas400,Hannas160,https://www.hannashandiworks.com/media/catalog/product/cache/bbf624d4e302b71a44cbbfb433873131/6/5/65466.JPG,65466.JPG,,,Hannas800,65466.JPG
COTTONTAIL BUNNY WELCOME SIGN,65040,,"Wood/Mixed Material; 14""W X 10½""H x ½""D",In stock,,,,"Wood/Mixed Material; 14""W X 10½""H x ½""D",,4,$7.50 ,8,$7.00 ,12,$6.50 ,4,Hannas400,Hannas160,https://www.hannashandiworks.com/media/catalog/product/cache/bbf624d4e302b71a44cbbfb433873131/6/5/65040.JPG,65040.JPG,,,Hannas800,65040.JPG
EASTER BUNNY GNOME TRUCK TAG HANGER,62238,,Wood/Metal/Fabric; 9½”W x 8¾”H x ½”D,In stock,$1.95 ,,,Wood/Metal/Fabric; 9½”W x 8¾”H x ½”D,,6,$3.90 ,,,,,6,Hannas400,Hannas160,https://www.hannashandiworks.com/media/catalog/product/cache/bbf624d4e302b71a44cbbfb433873131/6/2/62238_1.JPG,62238_1.JPG,,,Hannas800,62238_1.JPG
EASTER SPRING BUNNY HANGER 2 ASST,63384,,Wood/Metal; 7¾”W x 18”H x 1”D,In stock,,,,Wood/Metal; 7¾”W x 18”H x 1”D,,4,$12.75 ,8,$12.00 ,,,4,Hannas400,Hannas160,https://www.hannashandiworks.com/media/catalog/product/cache/bbf624d4e302b71a44cbbfb433873131/6/3/63384.JPG,63384.JPG,,,Hannas800,63384.JPG
EVERY BUNNY WELCOME SIGN,63192,,Wood/Twine; 10”W x 7½”H x ¼”D,In stock,,,,Wood/Twine; 10”W x 7½”H x ¼”D,,6,$4.25 ,12,$4.00 ,24,$3.75 ,6,Hannas400,Hannas160,https://www.hannashandiworks.com/media/catalog/product/cache/bbf624d4e302b71a44cbbfb433873131/6/3/63192.JPG,63192.JPG,,,Hannas800,63192.JPG
HAPPY EASTER BUNNY METAL SIGN,63605,,Metal; 20”W x 15½”H x ¼”D,In stock,,,,Metal; 20”W x 15½”H x ¼”D,,4,$13.90 ,8,$13.20 ,,,4,Hannas400,Hannas160,https://www.hannashandiworks.com/media/catalog/product/cache/bbf624d4e302b71a44cbbfb433873131/6/3/63605.JPG,63605.JPG,,,Hannas800,63605.JPG
HAPPY EASTER MASON JAR HANGER WITH LED,65328,,"Lights Up! Poly-Canvas and Mixed Materials; 11½""W x 22½""H x 1""D; Requires 2 AA batteries; not included",In stock,,,,"Lights Up! Poly-Canvas and Mixed Materials; 11½""W x 22½""H x 1""D; Requires 2 AA batteries; not included",,6,$6.25 ,12,$6.00 ,24,$5.75 ,6,Hannas400,Hannas160,https://www.hannashandiworks.com/media/catalog/product/cache/bbf624d4e302b71a44cbbfb433873131/6/5/65328.JPG,65328.JPG,,,Hannas800,65328.JPG
HAPPY EASTER SIGN 2 ASST,64339,,"Wood/Rope/Mixed Materials; 16""W x 12½""H x 1½""D",In stock,,,,"Wood/Rope/Mixed Materials; 16""W x 12½""H x 1½""D",,6,$10.50 ,12,$9.75 ,24,$9.00 ,6,Hannas400,Hannas160,https://www.hannashandiworks.com/media/catalog/product/cache/bbf624d4e302b71a44cbbfb433873131/6/4/64339.JPG,64339.JPG,,,Hannas800,64339.JPG
HELLO SPRING WILDFLOWER SIGN,65113,,"Wood; 20""W x 16""H x 1""D",In stock,,,,"Wood; 20""W x 16""H x 1""D",,4,$10.25 ,8,$9.50 ,12,$8.75 ,4,Hannas400,Hannas160,https://www.hannashandiworks.com/media/catalog/product/cache/bbf624d4e302b71a44cbbfb433873131/6/5/65113.JPG,65113.JPG,,,Hannas800,65113.JPG
LARGE METAL BANDED CROSS HANGER,60408,,Metal; 15½”W x 23¾”H x 2¾”D,In stock,$19.50 ,,,Metal; 15½”W x 23¾”H x 2¾”D,,4,$24.00 ,,,,,4,Hannas400,Hannas160,https://www.hannashandiworks.com/media/catalog/product/cache/bbf624d4e302b71a44cbbfb433873131/6/0/60408_2.JPG,60408_2.JPG,,,Hannas800,60408_2.JPG
LUCKY CLOVER GNOME SIGN,62131,,Wood/Paper Mâché; 16”W x 16”H x 1”D,In stock,,,,Wood/Paper Mâché; 16”W x 16”H x 1”D,,4,$11.75 ,8,$11.25 ,16,$10.75 ,4,Hannas400,Hannas160,https://www.hannashandiworks.com/media/catalog/product/cache/bbf624d4e302b71a44cbbfb433873131/6/2/62131_1.JPG,62131_1.JPG,,,Hannas800,62131_1.JPG
PASTEL SPRING BELL GARLAND,64465,,"Over 3' Wide! Metal/Rope; Overall: 40½""W; Bells: 4""Dia x 5½""H",In stock,,,,"Over 3' Wide! Metal/Rope; Overall: 40½""W; Bells: 4""Dia x 5½""H",,6,$16.90 ,,,,,6,Hannas400,Hannas160,https://www.hannashandiworks.com/media/catalog/product/cache/bbf624d4e302b71a44cbbfb433873131/6/4/64465.JPG,64465.JPG,,,Hannas800,64465.JPG
PINK BUNNY EASTER SIGN,63380,,Metal; 31”W x 9¾”H x ¾”D,In stock,$16.90 ,,,Metal; 31”W x 9¾”H x ¾”D,,6,$21.00 ,,,,,6,Hannas400,Hannas160,https://www.hannashandiworks.com/media/catalog/product/cache/bbf624d4e302b71a44cbbfb433873131/6/3/63380.JPG,63380.JPG,,,Hannas800,63380.JPG
SPRING BLOOMS WELCOME SIGN,64364,,"4' Tall! Wood/Mixed Material; 11¼""W x 48""H x 2¼""D",In stock,,,,"4' Tall! Wood/Mixed Material; 11¼""W x 48""H x 2¼""D",,4,$15.90 ,8,$15.30 ,,,4,Hannas400,Hannas160,https://www.hannashandiworks.com/media/catalog/product/cache/bbf624d4e302b71a44cbbfb433873131/6/4/64364.JPG,64364.JPG,,,Hannas800,64364.JPG
AMERICA HIGHLAND COW STEPPING STONE,66095,,"Resin; 10.25""W x 10.25""H x .5""D",In stock,,,,"Resin; 10.25""W x 10.25""H x .5""D",,6,$7.25 ,12,$6.75 ,,,6,Hannas400,Hannas160,https://www.hannashandiworks.com/media/catalog/product/cache/bbf624d4e302b71a44cbbfb433873131/6/6/66095.JPG,66095.JPG,,,Hannas800,66095.JPG
AMERICA PICKET FENCE HIGHLAND COW TRIO,66098,,"Resin; 9""W x 7¼""H x 3¾""D",In stock,$14.25 ,,,"Resin; 9""W x 7¼""H x 3¾""D",,4,$17.50 ,,,,,4,Hannas400,Hannas160,https://www.hannashandiworks.com/media/catalog/product/cache/bbf624d4e302b71a44cbbfb433873131/6/6/66098.JPG,66098.JPG,,,Hannas800,66098.JPG
AMERICANA PILLOW ORNAMENT 2 ASST,64245,,Fabric; 5”W x 8”H x 1¾”D,In stock,,,,Fabric; 5”W x 8”H x 1¾”D,,12,$2.65 ,48,$2.40 ,144,$2.15 ,12,Hannas400,Hannas160,https://www.hannashandiworks.com/media/catalog/product/cache/bbf624d4e302b71a44cbbfb433873131/6/4/64245.JPG,64245.JPG,,,Hannas800,64245.JPG
BEARDED CHUNKY LEPRECHAUN SITTER,65135,,Wood; 11¼”W x 17”H x 3”D,In stock,,,,Wood; 11¼”W x 17”H x 3”D,,4,$11.75 ,8,$10.75 ,,,4,Hannas400,Hannas160,https://www.hannashandiworks.com/media/catalog/product/cache/bbf624d4e302b71a44cbbfb433873131/6/5/65135.JPG,65135.JPG,,,Hannas800,65135.JPG
BELTED SHAMROCK VERTICAL WELCOME SIGN,66265,,"1 Eyelet Hanger Wood; 6""W x 26""H x 1""D Over 2 feet tall!",In stock,,,,"1 Eyelet Hanger Wood; 6""W x 26""H x 1""D Over 2 feet tall!",,4,$9.25 ,8,$8.75 ,,,4,Hannas400,Hannas160,https://www.hannashandiworks.com/media/catalog/product/cache/bbf624d4e302b71a44cbbfb433873131/6/6/66265.JPG,66265.JPG,,,Hannas800,66265.JPG
BESPECTACLED LUCKY HIGHLAND COW 2 ASST,66116,,"Resin; 4""W x 4½-4¾""H x 3-3½""D",In stock,,,,"Resin; 4""W x 4½-4¾""H x 3-3½""D",,6,$4.00 ,12,$3.75 ,,,6,Hannas400,Hannas160,https://www.hannashandiworks.com/media/catalog/product/cache/bbf624d4e302b71a44cbbfb433873131/6/6/66116.JPG,66116.JPG,,,Hannas800,66116.JPG
BLESS AMERICA HANGING BANNER SIGN,66055,,"Metal; 20""W x 28""H x ¼""D",In stock,$9.00 ,,,"Metal; 20""W x 28""H x ¼""D",,4,$11.00 ,,,,,4,Hannas400,Hannas160,https://www.hannashandiworks.com/media/catalog/product/cache/bbf624d4e302b71a44cbbfb433873131/6/6/66055.JPG,66055.JPG,,,Hannas800,66055.JPG
BLESS AMERICA TOP HAT WALL SIGN,66084,,"Wood; 7""Dia x .25""D",In stock,,,,"Wood; 7""Dia x .25""D",,24,$3.25 ,48,$3.00 ,,,24,Hannas400,Hannas160,https://www.hannashandiworks.com/media/catalog/product/cache/bbf624d4e302b71a44cbbfb433873131/6/6/66084.JPG,66084.JPG,,,Hannas800,66084.JPG
BLESS AMERICA WALL SIGN,65214,,"Wood/Metal; 23""W x 12½""H x ¾""D",In stock,,,,"Wood/Metal; 23""W x 12½""H x ¾""D",,4,$13.50 ,8,$12.50 ,,,4,Hannas400,Hannas160,https://www.hannashandiworks.com/media/catalog/product/cache/bbf624d4e302b71a44cbbfb433873131/6/5/65214.JPG,65214.JPG,,,Hannas800,65214.JPG
CHUNKY AMERICANA WELCOME,63452,,Wood/Metal; 20½”W x 19½”H x 4”D,In stock,,,,Wood/Metal; 20½”W x 19½”H x 4”D,,2,$23.50 ,4,$22.50 ,6,$21.50 ,2,Hannas400,Hannas160,https://www.hannashandiworks.com/media/catalog/product/cache/bbf624d4e302b71a44cbbfb433873131/6/3/63452.JPG,63452.JPG,,,Hannas800,63452.JPG
FIREWORKS TRUCK WALL HANGER,64436,,"Metal; 13½""W x 19½""H x 1¼""D",In stock,,,,"Metal; 13½""W x 19½""H x 1¼""D",,4,$8.25 ,8,$7.75 ,12,$7.25 ,4,Hannas400,Hannas160,https://www.hannashandiworks.com/media/catalog/product/cache/bbf624d4e302b71a44cbbfb433873131/6/4/64436.JPG,64436.JPG,,,Hannas800,64436.JPG
FREEDOM STAR SPANGLED TABLETOP,66083,,"Wood; 15""W x 4.5""H x 1.75""D",In stock,,,,"Wood; 15""W x 4.5""H x 1.75""D",,6,$7.50 ,12,$7.00 ,,,6,Hannas400,Hannas160,https://www.hannashandiworks.com/media/catalog/product/cache/bbf624d4e302b71a44cbbfb433873131/6/6/66083.JPG,66083.JPG,,,Hannas800,66083.JPG
GREEN STEIN ST PATRICKS WALL HANGER,65225,,"Wood/Metal/Rope; 12¼""W x 12½""H x ¾""D",In stock,,,,"Wood/Metal/Rope; 12¼""W x 12½""H x ¾""D",,4,$8.50 ,8,$8.00 ,12,$7.50 ,4,Hannas400,Hannas160,https://www.hannashandiworks.com/media/catalog/product/cache/bbf624d4e302b71a44cbbfb433873131/6/5/65225.JPG,65225.JPG,,,Hannas800,65225.JPG
HAPPY 4TH FIREWORKS WAGON STANDER,65130,,"Wood/Metal; 21""W x 21¼""H x 4""D",In stock,,,,"Wood/Metal; 21""W x 21¼""H x 4""D",,2,$21.50 ,4,$20.50 ,8,$19.50 ,2,Hannas400,Hannas160,https://www.hannashandiworks.com/media/catalog/product/cache/bbf624d4e302b71a44cbbfb433873131/6/5/65130.JPG,65130.JPG,,,Hannas800,65130.JPG
HAPPY ST PATRICKS DAY EASEL,65226,,"Wood/Metal; 15¼""W x 23¼""H x 7¾""D",In stock,$18.90 ,,,"Wood/Metal; 15¼""W x 23¼""H x 7¾""D",,4,$25.00 ,,,,,4,Hannas400,Hannas160,https://www.hannashandiworks.com/media/catalog/product/cache/bbf624d4e302b71a44cbbfb433873131/6/5/65226.JPG,65226.JPG,,,Hannas800,65226.JPG
HAPPY ST PATS TABLETOP SIGN,66267,,"Wood; 9.25""W x 7.75""H x 1.25""D",In stock,,,,"Wood; 9.25""W x 7.75""H x 1.25""D",,4,$9.50 ,8,$9.00 ,16,$8.50 ,4,Hannas400,Hannas160,https://www.hannashandiworks.com/media/catalog/product/cache/bbf624d4e302b71a44cbbfb433873131/6/6/66267.JPG,66267.JPG,,,Hannas800,66267.JPG
HEART USA STAR SPANGLED TABLETOP,66081,,"Wood; 10.75""W x 8.25""H x 1.75""D",In stock,,,,"Wood; 10.75""W x 8.25""H x 1.75""D",,6,$8.50 ,12,$8.00 ,,,6,Hannas400,Hannas160,https://www.hannashandiworks.com/media/catalog/product/cache/bbf624d4e302b71a44cbbfb433873131/6/6/66081.JPG,66081.JPG,,,Hannas800,66081.JPG
HIGHLAND COW PATRIOT TABLETOP 3 ASST.,66099,,"Resin; 4""W x 5.5-6""H x 3.5""D",In stock,,,,"Resin; 4""W x 5.5-6""H x 3.5""D",,6,$6.50 ,12,$6.00 ,,,6,Hannas400,Hannas160,https://www.hannashandiworks.com/media/catalog/product/cache/bbf624d4e302b71a44cbbfb433873131/6/6/66099.JPG,66099.JPG,,,Hannas800,66099.JPG
IRISH GNOME LIGHTUP BOBBLE,65165,,"Bobbles! Lights Up! Fabric; 6""W x 14¾""H x 5½""D; Requires 3 LR1130 batteries, not included",In stock,,,,"Bobbles! Lights Up! Fabric; 6""W x 14¾""H x 5½""D; Requires 3 LR1130 batteries, not included",,4,$10.50 ,8,$10.00 ,,,4,Hannas400,Hannas160,https://www.hannashandiworks.com/media/catalog/product/cache/bbf624d4e302b71a44cbbfb433873131/6/5/65165.JPG,65165.JPG,,,Hannas800,65165.JPG
LIBERTY USA ORNAMENT WITH DISPLAY 6 ASST.,66086,,"Wood/Metal; Orns: 5-6""W x 5-8""H x .25""D Display: 12""W x 21""H x 4.75""D",In stock,,,,"Wood/Metal; Orns: 5-6""W x 5-8""H x .25""D Display: 12""W x 21""H x 4.75""D",,48,$2.75 ,96,$2.50 ,,,48,Hannas400,Hannas160,https://www.hannashandiworks.com/media/catalog/product/cache/bbf624d4e302b71a44cbbfb433873131/6/6/66086.JPG,66086.JPG,,,Hannas800,66086.JPG
LUCKY KISS TAG HANGER 2 ASST,63195,,Wood/Twine; 4½”W x 10”H x ¼”D,In stock,,,,Wood/Twine; 4½”W x 10”H x ¼”D,,6,$3.25 ,12,$3.00 ,24,$2.75 ,6,Hannas400,Hannas160,https://www.hannashandiworks.com/media/catalog/product/cache/bbf624d4e302b71a44cbbfb433873131/6/3/63195.JPG,63195.JPG,,,Hannas800,63195.JPG
LUCKY LEPRECHAUN SITTER 2 ASST,66195,,"Fabric/Mixed Materials; 7½""W x 11½""H x 5½""D",In stock,,,,"Fabric/Mixed Materials; 7½""W x 11½""H x 5½""D",,6,$9.25 ,12,$8.75 ,24,$8.25 ,6,Hannas400,Hannas160,https://www.hannashandiworks.com/media/catalog/product/cache/bbf624d4e302b71a44cbbfb433873131/6/6/66195.JPG,66195.JPG,,,Hannas800,66195.JPG
LUCKY TOP HAT WELCOME HANGER,64347,,"Wood/Metal/Rope; 10¾""W x 15½""H x ¾""D",In stock,,,,"Wood/Metal/Rope; 10¾""W x 15½""H x ¾""D",,4,$7.50 ,12,$7.00 ,24,$6.50 ,4,Hannas400,Hannas160,https://www.hannashandiworks.com/media/catalog/product/cache/bbf624d4e302b71a44cbbfb433873131/6/4/64347.JPG,64347.JPG,,,Hannas800,64347.JPG
METAL SAINT PATRICKS GNOME HANGER,63396,,Metal; 9¾”Dia x ¼”D,In stock,,,,Metal; 9¾”Dia x ¼”D,,8,$5.00 ,16,$4.50 ,,,8,Hannas400,Hannas160,https://www.hannashandiworks.com/media/catalog/product/cache/bbf624d4e302b71a44cbbfb433873131/6/3/63396.JPG,63396.JPG,,,Hannas800,63396.JPG
PATRIOT GNOME BUTTON LEG 2 ASST,65531,,"Fabric/Mixed Material; 5""W x 18½""H x 3½""D",In stock,,,,"Fabric/Mixed Material; 5""W x 18½""H x 3½""D",,6,$6.25 ,12,$5.75 ,24,$5.25 ,6,Hannas400,Hannas160,https://www.hannashandiworks.com/media/catalog/product/cache/bbf624d4e302b71a44cbbfb433873131/6/5/65531.JPG,65531.JPG,,,Hannas800,65531.JPG
PATRIOT GNOME ORNAMENT IN TRAY 2 ASST,65533,,"Fabric; 4""W x 6¾""H x 2¾""D",In stock,,,,"Fabric; 4""W x 6¾""H x 2¾""D",,12,$2.75 ,24,$2.50 ,48,$2.25 ,12,Hannas400,Hannas160,https://www.hannashandiworks.com/media/catalog/product/cache/bbf624d4e302b71a44cbbfb433873131/6/5/65533.JPG,65533.JPG,,,Hannas800,65533.JPG
PATRIOTIC GNOME CANVAS WITH LED,63126,,Lights Up! Canvas; 15¾”W x 11¾”H x ¾”D; Requires 2 AA Batteries; Not Included,In stock,$4.88 ,,,Lights Up! Canvas; 15¾”W x 11¾”H x ¾”D; Requires 2 AA Batteries; Not Included,,6,$9.75 ,,,,,6,Hannas400,Hannas160,https://www.hannashandiworks.com/media/catalog/product/cache/bbf624d4e302b71a44cbbfb433873131/6/3/63126.JPG,63126.JPG,,,Hannas800,63126.JPG
PATRIOTIC GNOME STATUARY WITH FLAG,66001,,"Manufactured Stone/Nylon Flag; 9½""W x 16½""H x 6¼""D",In stock,,,,"Manufactured Stone/Nylon Flag; 9½""W x 16½""H x 6¼""D",,2,$36.50 ,,,,,2,Hannas400,Hannas160,https://www.hannashandiworks.com/media/catalog/product/cache/bbf624d4e302b71a44cbbfb433873131/6/6/66001.JPG,66001.JPG,,,Hannas800,66001.JPG
RAIN BOOTS HIGHLAND COW PATRIOT 2 ASST,66097,,"Resin; 5½""W x 5½-6""H x 2½""D",In stock,,,,"Resin; 5½""W x 5½-6""H x 2½""D",,4,$6.25 ,12,$5.75 ,24,$5.25 ,4,Hannas400,Hannas160,https://www.hannashandiworks.com/media/catalog/product/cache/bbf624d4e302b71a44cbbfb433873131/6/6/66097.JPG,66097.JPG,,,Hannas800,66097.JPG
RAISED UNCLE SAM BUCKET PLANTER 2 PIECE SET,65074,,"Metal; Lg: 13¾”Dia x 22½”H and Sm: 12""Dia x 18.25""H",In stock,$36.50 ,,,"Metal; Lg: 13¾”Dia x 22½”H and Sm: 12""Dia x 18.25""H",,2,$46.00 ,,,,,2,Hannas400,Hannas160,https://www.hannashandiworks.com/media/catalog/product/cache/bbf624d4e302b71a44cbbfb433873131/6/5/65074.JPG,65074.JPG,,,Hannas800,65074.JPG
"RED, WHITE & BLUE STAR WALL ART 3-PIECE SET",66056,,"Metal; Lg: 15.5""W x 15.5""H x .25""D Med: 12.5""W x 12""H x .25""D Sm: 8""W x 8""H x .25""D Set Pricing",In stock,,,,"Metal; Lg: 15.5""W x 15.5""H x .25""D Med: 12.5""W x 12""H x .25""D Sm: 8""W x 8""H x .25""D Set Pricing",,4,$13.50 ,8,$12.50 ,,,4,Hannas400,Hannas160,https://www.hannashandiworks.com/media/catalog/product/cache/bbf624d4e302b71a44cbbfb433873131/6/6/66056.JPG,66056.JPG,,,Hannas800,66056.JPG
SAINT PATRICKS GNOME STAKE 2 ASST,63395,,Over 2' Tall! Metal/Wood; 7½”W x 19-25”H x ¾”D,In stock,,,,Over 2' Tall! Metal/Wood; 7½”W x 19-25”H x ¾”D,,6,$8.75 ,12,$8.25 ,24,$7.75 ,6,Hannas400,Hannas160,https://www.hannashandiworks.com/media/catalog/product/cache/bbf624d4e302b71a44cbbfb433873131/6/3/63395.JPG,63395.JPG,,,Hannas800,63395.JPG
SAINT PATRICKS WELCOME WREATH,63196,,Wood/Twine; 10”W x 12½”H x ¾”D,In stock,,,,Wood/Twine; 10”W x 12½”H x ¾”D,,4,$9.50 ,8,$9.00 ,16,$8.50 ,4,Hannas400,Hannas160,https://www.hannashandiworks.com/media/catalog/product/cache/bbf624d4e302b71a44cbbfb433873131/6/3/63196.JPG,63196.JPG,,,Hannas800,63196.JPG
SHAMROCK DISH 2 ASST,65227,,"Metal; 8¼""Dia x ¾""H",In stock,,,,"Metal; 8¼""Dia x ¾""H",,8,$3.25 ,16,$3.00 ,32,$2.75 ,8,Hannas400,Hannas160,https://www.hannashandiworks.com/media/catalog/product/cache/bbf624d4e302b71a44cbbfb433873131/6/5/65227.JPG,65227.JPG,,,Hannas800,65227.JPG
SHAMROCK TOP HAT HIGHLAND COW 3 ASST,66117,,"Resin; 3-3¼""W x 3½-4""H x 2¼-2½""D",In stock,,,,"Resin; 3-3¼""W x 3½-4""H x 2¼-2½""D",,6,$3.90 ,12,$3.60 ,,,6,Hannas400,Hannas160,https://www.hannashandiworks.com/media/catalog/product/cache/bbf624d4e302b71a44cbbfb433873131/6/6/66117.JPG,66117.JPG,,,Hannas800,66117.JPG
SHAMROCK TOP HAT SERVING TRAY 2 ASST,65106,,"Wood; 18""W x 2""H x 14""D",In stock,,,,"Wood; 18""W x 2""H x 14""D",,4,$10.00 ,8,$9.50 ,16,$9.00 ,4,Hannas400,Hannas160,https://www.hannashandiworks.com/media/catalog/product/cache/bbf624d4e302b71a44cbbfb433873131/6/5/65106.JPG,65106.JPG,,,Hannas800,65106.JPG
SHAMROCK WELCOME VERTICAL HANGER,62026,,Over 3' Long! Metal; 4½”W x 36¾”H x ¼”D,In stock,$2.75 ,,,Over 3' Long! Metal; 4½”W x 36¾”H x ¼”D,,4,$5.50 ,,,,,4,Hannas400,Hannas160,https://www.hannashandiworks.com/media/catalog/product/cache/bbf624d4e302b71a44cbbfb433873131/6/2/62026_1.JPG,62026_1.JPG,,,Hannas800,62026_1.JPG
SHAMROCK WELCOME WALL SIGN,64351,,"Wood/Rope; 15½""W x 9½""H x 1""D",In stock,,,,"Wood/Rope; 15½""W x 9½""H x 1""D",,4,$9.50 ,8,$9.00 ,16,$8.50 ,4,Hannas400,Hannas160,https://www.hannashandiworks.com/media/catalog/product/cache/bbf624d4e302b71a44cbbfb433873131/6/4/64351.JPG,64351.JPG,,,Hannas800,64351.JPG
SIMPLE SHAMROCK TABLETOP BLOCK,65108,,"Wood/Metal; 6""W x 6""H x 1½""D",In stock,,,,"Wood/Metal; 6""W x 6""H x 1½""D",,6,$4.50 ,12,$4.25 ,18,$4.00 ,6,Hannas400,Hannas160,https://www.hannashandiworks.com/media/catalog/product/cache/bbf624d4e302b71a44cbbfb433873131/6/5/65108.JPG,65108.JPG,,,Hannas800,65108.JPG
ST PATS SHAMROCK WALL SIGN,64350,,"Wood/Metal/Rope; 13¼""W x 12""H x ½""D",In stock,$8.50 ,,,"Wood/Metal/Rope; 13¼""W x 12""H x ½""D",,4,$11.00 ,,,,,4,Hannas400,Hannas160,https://www.hannashandiworks.com/media/catalog/product/cache/bbf624d4e302b71a44cbbfb433873131/6/4/64350.JPG,64350.JPG,,,Hannas800,64350.JPG
ST PATTYS GNOME SITTER 2 ASST,65261,,"Fabric/Mixed Materials; 6½""W x 17""H x 5¾""D",In stock,,,,"Fabric/Mixed Materials; 6½""W x 17""H x 5¾""D",,6,$6.75 ,12,$6.25 ,24,$5.75 ,6,Hannas400,Hannas160,https://www.hannashandiworks.com/media/catalog/product/cache/bbf624d4e302b71a44cbbfb433873131/6/5/65261.JPG,65261.JPG,,,Hannas800,65261.JPG
ST PATTYS GNOME TABLETOP 2 ASST,65262,,"Fabric/Mixed Materials; 6¾""W x 12¾""H x 4¼""D",In stock,,,,"Fabric/Mixed Materials; 6¾""W x 12¾""H x 4¼""D",,6,$4.75 ,12,$4.25 ,,,6,Hannas400,Hannas160,https://www.hannashandiworks.com/media/catalog/product/cache/bbf624d4e302b71a44cbbfb433873131/6/5/65262.JPG,65262.JPG,,,Hannas800,65262.JPG
STAR AND STRIPES WINDMILL STAKE,66057,,"Metal; 18.5""W x 53""H x 20""D",In stock,$16.75 ,,,"Metal; 18.5""W x 53""H x 20""D",,2,$21.00 ,,,,,2,Hannas400,Hannas160,https://www.hannashandiworks.com/media/catalog/product/cache/bbf624d4e302b71a44cbbfb433873131/6/6/66057.JPG,66057.JPG,,,Hannas800,66057.JPG
STAR SPANGLED BICYCLE STAKE,64437,,"Over 3' Tall! Metal; 20½""W x 44½""H x 3""D",In stock,,,,"Over 3' Tall! Metal; 20½""W x 44½""H x 3""D",,4,$22.50 ,,,,,4,Hannas400,Hannas160,https://www.hannashandiworks.com/media/catalog/product/cache/bbf624d4e302b71a44cbbfb433873131/6/4/64437.JPG,64437.JPG,,,Hannas800,64437.JPG
STAR SPANGLED HIGHLAND COW SITTER 2 ASST.,66295,,"Fabric; 8""W x 11""-11½""H x 5½""D",In stock,,,,"Fabric; 8""W x 11""-11½""H x 5½""D",,6,$9.50 ,12,$9.00 ,24,$8.50 ,6,Hannas400,Hannas160,https://www.hannashandiworks.com/media/catalog/product/cache/bbf624d4e302b71a44cbbfb433873131/6/6/66295.JPG,66295.JPG,,,Hannas800,66295.JPG
STAR SPANGLED PIGGY TABLETOP 3 ASST,65450,,"Resin; 4""W x 6½""H x 2¼""D",In stock,,,,"Resin; 4""W x 6½""H x 2¼""D",,6,$4.50 ,12,$4.25 ,,,6,Hannas400,Hannas160,https://www.hannashandiworks.com/media/catalog/product/cache/bbf624d4e302b71a44cbbfb433873131/6/5/65450.JPG,65450.JPG,,,Hannas800,65450.JPG
STAR SPANGLED WAGON,64439,,"Metal; 12½""W x 10¼""H x 7½""D (Measured with Handle Upright)",In stock,,,,"Metal; 12½""W x 10¼""H x 7½""D (Measured with Handle Upright)",,4,$19.50 ,,,,,4,Hannas400,Hannas160,https://www.hannashandiworks.com/media/catalog/product/cache/bbf624d4e302b71a44cbbfb433873131/6/4/64439.JPG,64439.JPG,,,Hannas800,64439.JPG
STAR SPANGLED WINDMILL STAKE,64438,,"Over 5' Tall! Metal; 20""W x 67½""H x 5""D",In stock,,,,"Over 5' Tall! Metal; 20""W x 67½""H x 5""D",,4,$23.50 ,,,,,4,Hannas400,Hannas160,https://www.hannashandiworks.com/media/catalog/product/cache/bbf624d4e302b71a44cbbfb433873131/6/4/64438.JPG,64438.JPG,,,Hannas800,64438.JPG
STARS AND STRIPES CLASSIC CAMPER STAKE,65210,,"Over 2' Tall! Metal; 23½""W x 31""H x ¾""D",In stock,,,,"Over 2' Tall! Metal; 23½""W x 31""H x ¾""D",,4,$14.90 ,,,,,4,Hannas400,Hannas160,https://www.hannashandiworks.com/media/catalog/product/cache/bbf624d4e302b71a44cbbfb433873131/6/5/65210.JPG,65210.JPG,,,Hannas800,65210.JPG
STARS AND STRIPES WIRE BASKET,65076,,"Metal/Wood Handles; 14¼""W x 7""H x 9½""D",In stock,,,,"Metal/Wood Handles; 14¼""W x 7""H x 9½""D",,4,$13.50 ,8,$12.50 ,16,$11.50 ,4,Hannas400,Hannas160,https://www.hannashandiworks.com/media/catalog/product/cache/bbf624d4e302b71a44cbbfb433873131/6/5/65076.JPG,65076.JPG,,,Hannas800,65076.JPG
UNCLE SAM STANDER WITH FLAG,65131,,Over 3' Tall! Wood; 20¾”W x 40”H x 5¼”D,In stock,,,,Over 3' Tall! Wood; 20¾”W x 40”H x 5¼”D,,2,$37.50 ,,,,,2,Hannas400,Hannas160,https://www.hannashandiworks.com/media/catalog/product/cache/bbf624d4e302b71a44cbbfb433873131/6/5/65131.JPG,65131.JPG,,,Hannas800,65131.JPG
USA PATRIOTIC GNOME TRIO,66096,,"Resin; 7.25""W x 4""H x 2.5""D",In stock,,,,"Resin; 7.25""W x 4""H x 2.5""D",,4,$6.00 ,8,$5.75 ,16,$5.50 ,4,Hannas400,Hannas160,https://www.hannashandiworks.com/media/catalog/product/cache/bbf624d4e302b71a44cbbfb433873131/6/6/66096.JPG,66096.JPG,,,Hannas800,66096.JPG
WELCOME USA GNOME,63451,,Over 2' Tall! Wood; 14¼”W x 25½”H x 4¼”D,In stock,$24.90 ,,,Over 2' Tall! Wood; 14¼”W x 25½”H x 4¼”D,,2,$31.50 ,,,,,2,Hannas400,Hannas160,https://www.hannashandiworks.com/media/catalog/product/cache/bbf624d4e302b71a44cbbfb433873131/6/3/63451.JPG,63451.JPG,,,Hannas800,63451.JPG
ACCORDION QUAD PLANTER STAND,62123,,Metal; 25”W x 41”H x 8”D *Plants not included,In stock,$49.50 ,,,Metal; 25”W x 41”H x 8”D *Plants not included,,2,$62.50 ,,,,,2,Hannas400,Hannas160,https://www.hannashandiworks.com/media/catalog/product/cache/bbf624d4e302b71a44cbbfb433873131/6/2/62123_1.JPG,62123_1.JPG,,,Hannas800,62123_1.JPG
ANGELIC BIRDFEEDER,60330,,"Resin; 8.25""W x 17""H x 7""D",In stock,$24.50 ,,,"Resin; 8.25""W x 17""H x 7""D",,2,$30.00 ,,,,,2,Hannas400,Hannas160,https://www.hannashandiworks.com/media/catalog/product/cache/bbf624d4e302b71a44cbbfb433873131/6/0/60330.JPG,60330.JPG,,,Hannas800,60330.JPG
AUSTERE BIRDBATH GARDEN STAKE 2 ASST.,66170,,"Metal; 10.5-11""W x 42.5-45.5""H x 9.5""D",In stock,,,,"Metal; 10.5-11""W x 42.5-45.5""H x 9.5""D",,4,$8.25 ,8,$7.75 ,16,$7.25 ,4,Hannas400,Hannas160,https://www.hannashandiworks.com/media/catalog/product/cache/bbf624d4e302b71a44cbbfb433873131/6/6/66170.JPG,66170.JPG,,,Hannas800,66170.JPG
AUSTERE HANGING BIRDBATH,66169,,"Metal; 12.75""Dia x 20.5""H",In stock,,,,"Metal; 12.75""Dia x 20.5""H",,4,$7.90 ,8,$7.50 ,16,$7.10 ,4,Hannas400,Hannas160,https://www.hannashandiworks.com/media/catalog/product/cache/bbf624d4e302b71a44cbbfb433873131/6/6/66169.JPG,66169.JPG,,,Hannas800,66169.JPG
BARNYARD FRIENDS BUCKET ORNAMENT 3 ASST.,66172,,"Fabric/Mixed Materials; 3.5""W x 6.5""H x 2""D",In stock,,,,"Fabric/Mixed Materials; 3.5""W x 6.5""H x 2""D",,12,$3.90 ,24,$3.60 ,,,12,Hannas400,Hannas160,https://www.hannashandiworks.com/media/catalog/product/cache/bbf624d4e302b71a44cbbfb433873131/6/6/66172.JPG,66172.JPG,,,Hannas800,66172.JPG
BARNYARD FRIENDS DANGLE LEG 3 ASST.,66173,,"Fabric/Mixed Materials; 5-5.5""W x 13""H x 2.5""D",In stock,,,,"Fabric/Mixed Materials; 5-5.5""W x 13""H x 2.5""D",,6,$10.50 ,12,$10.00 ,24,$9.50 ,6,Hannas400,Hannas160,https://www.hannashandiworks.com/media/catalog/product/cache/bbf624d4e302b71a44cbbfb433873131/6/6/66173.JPG,66173.JPG,,,Hannas800,66173.JPG
BARNYARD FRIENDS HANGING SIGN,66182,,"Fabric/Mixed Materials; 13.5""W x 12""H x 2""D",In stock,,,,"Fabric/Mixed Materials; 13.5""W x 12""H x 2""D",,4,$13.50 ,,,,,4,Hannas400,Hannas160,https://www.hannashandiworks.com/media/catalog/product/cache/bbf624d4e302b71a44cbbfb433873131/6/6/66182.JPG,66182.JPG,,,Hannas800,66182.JPG
BARNYARD FRIENDS STRETCH LEG 4 ASST.,66184,,"Fabric/Mixed Materials; 8""W x 14-25.5""H x 3.5""D",In stock,,,,"Fabric/Mixed Materials; 8""W x 14-25.5""H x 3.5""D",,8,$14.50 ,,,,,8,Hannas400,Hannas160,https://www.hannashandiworks.com/media/catalog/product/cache/bbf624d4e302b71a44cbbfb433873131/6/6/66184.JPG,66184.JPG,,,Hannas800,66184.JPG
BEACHWEAR CHICKEN STANDER,66333,,"Wood; 14""W x 24""H x 5""D 2 feet tall!",In stock,$24.50 ,,,"Wood; 14""W x 24""H x 5""D 2 feet tall!",,2,$30.00 ,,,,,2,Hannas400,Hannas160,https://www.hannashandiworks.com/media/catalog/product/cache/bbf624d4e302b71a44cbbfb433873131/6/6/66333.JPG,66333.JPG,,,Hannas800,66333.JPG
BEACHWEAR ROOSTER STANDER,66334,,"Wood; 14""W x 25""H x 5""D Over 2 feet tall!",In stock,$24.50 ,,,"Wood; 14""W x 25""H x 5""D Over 2 feet tall!",,2,$30.00 ,,,,,2,Hannas400,Hannas160,https://www.hannashandiworks.com/media/catalog/product/cache/bbf624d4e302b71a44cbbfb433873131/6/6/66334.JPG,66334.JPG,,,Hannas800,66334.JPG
BEE GNOME INSPIRATION STONE 2 ASST.,62368,,Cement; ¾”H x 10”Dia,In stock,$3.13 ,,,Cement; ¾”H x 10”Dia,,6,$6.25 ,,,,,6,Hannas400,Hannas160,https://www.hannashandiworks.com/media/catalog/product/cache/bbf624d4e302b71a44cbbfb433873131/6/2/62368_1.JPG,62368_1.JPG,,,Hannas800,62368_1.JPG
BEE HAPPY HANGING SIGN 2 ASST,64145,,"Wood & Rope; 11¾""W x 11""H x ¼""D",In stock,,,,"Wood & Rope; 11¾""W x 11""H x ¼""D",,6,$3.25 ,12,$3.00 ,24,$2.75 ,6,Hannas400,Hannas160,https://www.hannashandiworks.com/media/catalog/product/cache/bbf624d4e302b71a44cbbfb433873131/6/4/64145.JPG,64145.JPG,,,Hannas800,64145.JPG
BEE HAPPY HONEY HIVE JAR,65232,,"Ceramic; 4½""Dia x 6½""H",In stock,,,,"Ceramic; 4½""Dia x 6½""H",,4,$7.50 ,8,$7.00 ,12,$6.50 ,4,Hannas400,Hannas160,https://www.hannashandiworks.com/media/catalog/product/cache/bbf624d4e302b71a44cbbfb433873131/6/5/65232.JPG,65232.JPG,,,Hannas800,65232.JPG
BEES AND BIKES SPRINGTIME CANVAS WITH LED 2 ASST,63131,,Lights Up! Canvas/Ribbon; 8”W x 9½”H x ½”D; Requires 2 AA Batteries; Not Included,In stock,,,,Lights Up! Canvas/Ribbon; 8”W x 9½”H x ½”D; Requires 2 AA Batteries; Not Included,,6,$5.25 ,12,$4.75 ,,,6,Hannas400,Hannas160,https://www.hannashandiworks.com/media/catalog/product/cache/bbf624d4e302b71a44cbbfb433873131/6/3/63131.JPG,63131.JPG,,,Hannas800,63131.JPG
BELL PEPPER MINIS TABLETOP 3 ASST,65430,,"Free Display! Resin; 1""Dia x 1½""H; Box: 5¼""W x 1½""H x 4""D",In stock,,,,"Free Display! Resin; 1""Dia x 1½""H; Box: 5¼""W x 1½""H x 4""D",,24,$1.75 ,48,$1.60 ,96,$1.45 ,24,Hannas400,Hannas160,https://www.hannashandiworks.com/media/catalog/product/cache/bbf624d4e302b71a44cbbfb433873131/6/5/65430.JPG,65430.JPG,,,Hannas800,65430.JPG
BESPECTACLED PIGGY WELCOME STEPPING STONE,66035,,"Manufactured Stone; 10""W x 10""H x .5""D",In stock,,,,"Manufactured Stone; 10""W x 10""H x .5""D",,6,$6.75 ,12,$6.25 ,24,$5.75 ,6,Hannas400,Hannas160,https://www.hannashandiworks.com/media/catalog/product/cache/bbf624d4e302b71a44cbbfb433873131/6/6/66035.JPG,66035.JPG,,,Hannas800,66035.JPG
BEST FRIENDS PAW PRINT STEPPING STONE,66039,,"Manufactured Stone; 10""W x 10""H x .5""D",In stock,$5.50 ,,,"Manufactured Stone; 10""W x 10""H x .5""D",,6,$6.75 ,,,,,6,Hannas400,Hannas160,https://www.hannashandiworks.com/media/catalog/product/cache/bbf624d4e302b71a44cbbfb433873131/6/6/66039.JPG,66039.JPG,,,Hannas800,66039.JPG
BIRCH CANDLE AND LANTERN CANVAS WITH LED 2 ASST,63135,,Lights Up! Canvas/Ribbon; 6”W x 11¼”H x ½”D; Requires 2 AA Batteries; Not Included,In stock,,,,Lights Up! Canvas/Ribbon; 6”W x 11¼”H x ½”D; Requires 2 AA Batteries; Not Included,,6,$5.50 ,12,$5.00 ,,,6,Hannas400,Hannas160,https://www.hannashandiworks.com/media/catalog/product/cache/bbf624d4e302b71a44cbbfb433873131/6/3/63135.JPG,63135.JPG,,,Hannas800,63135.JPG
BLESS THIS NEST BIRDHOUSE,62049,,Wood/Metal; 6”W x 9”H x 5¼”D; Includes Cleanout Access,In stock,$5.25 ,,,Wood/Metal; 6”W x 9”H x 5¼”D; Includes Cleanout Access,,4,$10.50 ,,,,,4,Hannas400,Hannas160,https://www.hannashandiworks.com/media/catalog/product/cache/bbf624d4e302b71a44cbbfb433873131/6/2/62049_1.JPG,62049_1.JPG,,,Hannas800,62049_1.JPG
BLESSED GARDEN BIRD BRANCH HANGER 2 ASST.,62147,,Wood/Metal; Blessed: 12”W x 16”H x ½”D and Garden: 13”W x 17”H x ½”D,In stock,$5.95 ,,,Wood/Metal; Blessed: 12”W x 16”H x ½”D and Garden: 13”W x 17”H x ½”D,,6,$11.90 ,,,,,6,Hannas400,Hannas160,https://www.hannashandiworks.com/media/catalog/product/cache/bbf624d4e302b71a44cbbfb433873131/6/2/62147_1.JPG,62147_1.JPG,,,Hannas800,62147_1.JPG
BLOOM LOVE FLORAL PINK SIGN 2 ASST,62133,,Metal; 8¼”W x 12”H x 1”D,In stock,$7.25 ,,,Metal; 8¼”W x 12”H x 1”D,,6,$9.50 ,,,,,6,Hannas400,Hannas160,https://www.hannashandiworks.com/media/catalog/product/cache/bbf624d4e302b71a44cbbfb433873131/6/2/62133_1.JPG,62133_1.JPG,,,Hannas800,62133_1.JPG
BLOOMING HIGHLAND COW TABLETOP 3 ASST.,66213,,"Resin; 3.5""W x 4.5""H x 2.5""D",In stock,,,,"Resin; 3.5""W x 4.5""H x 2.5""D",,6,$4.50 ,12,$4.25 ,18,$4.00 ,6,Hannas400,Hannas160,https://www.hannashandiworks.com/media/catalog/product/cache/bbf624d4e302b71a44cbbfb433873131/6/6/66213.JPG,66213.JPG,,,Hannas800,66213.JPG
BLOOMING SPRING FLOWER STAKE 3 ASST.,66223,,"Metal; 4.5-5""W x 17.25""H x 1""D",In stock,,,,"Metal; 4.5-5""W x 17.25""H x 1""D",,12,$5.00 ,24,$4.50 ,,,12,Hannas400,Hannas160,https://www.hannashandiworks.com/media/catalog/product/cache/bbf624d4e302b71a44cbbfb433873131/6/6/66223.JPG,66223.JPG,,,Hannas800,66223.JPG
BLUE BIRDS ON A STRING WALL SIGN,63251,,2' Wide! Indoor Use Only; Wood/Mixed Materials; 24”W x 9”H x 1”D,In stock,$12.90 ,,,2' Wide! Indoor Use Only; Wood/Mixed Materials; 24”W x 9”H x 1”D,,6,$16.90 ,,,,,6,Hannas400,Hannas160,https://www.hannashandiworks.com/media/catalog/product/cache/bbf624d4e302b71a44cbbfb433873131/6/3/63251.JPG,63251.JPG,,,Hannas800,63251.JPG
BLUE BIRDS SQUARE WALL SIGN,63250,,Indoor Use Only; Wood/Mixed Materials; 11¾”W x 11¾”H x 1”D,In stock,,,,Indoor Use Only; Wood/Mixed Materials; 11¾”W x 11¾”H x 1”D,,4,$11.25 ,8,$10.75 ,16,$10.25 ,4,Hannas400,Hannas160,https://www.hannashandiworks.com/media/catalog/product/cache/bbf624d4e302b71a44cbbfb433873131/6/3/63250.JPG,63250.JPG,,,Hannas800,63250.JPG
BOOTS VERTICAL WELCOME SIGN,66154,,"Wood; 10""W x 36""H x 1""D 3 ft Tall!",In stock,$12.25 ,,,"Wood; 10""W x 36""H x 1""D 3 ft Tall!",,4,$15.50 ,,,,,4,Hannas400,Hannas160,https://www.hannashandiworks.com/media/catalog/product/cache/bbf624d4e302b71a44cbbfb433873131/6/6/66154.JPG,66154.JPG,,,Hannas800,66154.JPG
BRIGHT BIRD TABLETOP 4 ASST.,62360,,Resin; 4¾”W x 3”H x 2½”D,In stock,,,,Resin; 4¾”W x 3”H x 2½”D,,8,$2.90 ,16,$2.60 ,,,8,Hannas400,Hannas160,https://www.hannashandiworks.com/media/catalog/product/cache/bbf624d4e302b71a44cbbfb433873131/6/2/62360_1.JPG,62360_1.JPG,,,Hannas800,62360_1.JPG
BRIGHT SPRING BIRD FIGURINE 3 ASST.,66208,,"Resin; 4.5-5""W x 2.5-3""H x 2.5""D",In stock,,,,"Resin; 4.5-5""W x 2.5-3""H x 2.5""D",,6,$3.50 ,12,$3.25 ,24,$3.00 ,6,Hannas400,Hannas160,https://www.hannashandiworks.com/media/catalog/product/cache/bbf624d4e302b71a44cbbfb433873131/6/6/66208.JPG,66208.JPG,,,Hannas800,66208.JPG
BRONZED TABLETOP MILK JUG,65305,,"Metal; 9¼""W x 10¾""H x 8""D",In stock,,,,"Metal; 9¼""W x 10¾""H x 8""D",,4,$9.50 ,8,$9.00 ,12,$8.50 ,4,Hannas400,Hannas160,https://www.hannashandiworks.com/media/catalog/product/cache/bbf624d4e302b71a44cbbfb433873131/6/5/65305.JPG,65305.JPG,,,Hannas800,65305.JPG
BUTTERFLY CUTOUT VOTIVE LANTERN 2-PIECE SET,66280,,"Metal; 9-10.5""W x 18¼-21½""H x 9-10½""D Set Pricing",In stock,$69.50 ,,,"Metal; 9-10.5""W x 18¼-21½""H x 9-10½""D Set Pricing",,2,$98.00 ,,,,,2,Hannas400,Hannas160,https://www.hannashandiworks.com/media/catalog/product/cache/bbf624d4e302b71a44cbbfb433873131/6/6/66280.JPG,66280.JPG,,,Hannas800,66280.JPG
BUTTERFLY SILHOUETTE LANTERN 2 PIECE SET,65300,,"Metal; Lg: 7¼""W x 20""H x 7¼""D; Sm: 5¾""W x 16½""H x 5¾""D",In stock,$13.90 ,,,"Metal; Lg: 7¼""W x 20""H x 7¼""D; Sm: 5¾""W x 16½""H x 5¾""D",,2,$19.50 ,,,,,2,Hannas400,Hannas160,https://www.hannashandiworks.com/media/catalog/product/cache/bbf624d4e302b71a44cbbfb433873131/6/5/65300.JPG,65300.JPG,,,Hannas800,65300.JPG
BUTTERFLY SPRING WALL DECOR,65234,,"Metal; 21""W x 17""H x ¾""D",In stock,$8.90 ,,,"Metal; 21""W x 17""H x ¾""D",,4,$12.50 ,,,,,4,Hannas400,Hannas160,https://www.hannashandiworks.com/media/catalog/product/cache/bbf624d4e302b71a44cbbfb433873131/6/5/65234.JPG,65234.JPG,,,Hannas800,65234.JPG
BUTTERFLY TRIO GARDEN STAKE,65293,,"Over 3' Tall! Metal; 9½""W x 40¼""H x 1¾""D",In stock,$8.50 ,,,"Over 3' Tall! Metal; 9½""W x 40¼""H x 1¾""D",,4,$11.50 ,,,,,4,Hannas400,Hannas160,https://www.hannashandiworks.com/media/catalog/product/cache/bbf624d4e302b71a44cbbfb433873131/6/5/65293.JPG,65293.JPG,,,Hannas800,65293.JPG
BUTTERFLY WALL SHELVES,66276,,"2 D-Ring Hangers Wood; 27½""W x 24""H x 4½""D",In stock,$39.50 ,,,"2 D-Ring Hangers Wood; 27½""W x 24""H x 4½""D",,2,$51.00 ,,,,,2,Hannas400,Hannas160,https://www.hannashandiworks.com/media/catalog/product/cache/bbf624d4e302b71a44cbbfb433873131/6/6/66276.JPG,66276.JPG,,,Hannas800,66276.JPG
DAISY WELCOME VERTICAL HANGER,62099,,Wood/Metal; 10”W x 30”H x 1¼”D,In stock,$8.25 ,,,Wood/Metal; 10”W x 30”H x 1¼”D,,3,$16.50 ,,,,,3,Hannas400,Hannas160,https://www.hannashandiworks.com/media/catalog/product/cache/bbf624d4e302b71a44cbbfb433873131/6/2/62099_1.JPG,62099_1.JPG,,,Hannas800,62099_1.JPG
DISTRESSED RAISED PLANTER TUB 2 PIECE SET,65092,,2' Tall! Metal; L: 20¾”W x 23¾”H x 12½”D; S: 19½”W x 20½”H x 10½”D; Spray with Metal Protectant Prior to Outdoor Usage,In stock,$69.50 ,,,2' Tall! Metal; L: 20¾”W x 23¾”H x 12½”D; S: 19½”W x 20½”H x 10½”D; Spray with Metal Protectant Prior to Outdoor Usage,,1,$85.50 ,,,,,1,Hannas400,Hannas160,https://www.hannashandiworks.com/media/catalog/product/cache/bbf624d4e302b71a44cbbfb433873131/6/5/65092.JPG,65092.JPG,,,Hannas800,65092.JPG
DRAGONFLY SPRING WALL DECOR,65235,,"2' Wide! Metal; 24""W x 21""H x ¾""D",In stock,$9.25 ,,,"2' Wide! Metal; 24""W x 21""H x ¾""D",,4,$13.00 ,,,,,4,Hannas400,Hannas160,https://www.hannashandiworks.com/media/catalog/product/cache/bbf624d4e302b71a44cbbfb433873131/6/5/65235.JPG,65235.JPG,,,Hannas800,65235.JPG
FEATHERED FRIENDS SOLAR MUSHROOM HOUSE 2 ASST,65493,,"Lights Up! Resin; 6.5W x 7½""H x 5½""D; Requires 1 AA battery; not included",In stock,$9.90 ,,,"Lights Up! Resin; 6.5W x 7½""H x 5½""D; Requires 1 AA battery; not included",,4,$13.25 ,,,,,4,Hannas400,Hannas160,https://www.hannashandiworks.com/media/catalog/product/cache/bbf624d4e302b71a44cbbfb433873131/6/5/65493.JPG,65493.JPG,,,Hannas800,65493.JPG
FLIGHT OF BUTTERFLIES WALL ART,66278,,"Wood/Metal; 43¾""W x 23¼""H x 1""D Over 3ft Wide!",In stock,$21.50 ,,,"Wood/Metal; 43¾""W x 23¼""H x 1""D Over 3ft Wide!",,4,$26.00 ,,,,,4,Hannas400,Hannas160,https://www.hannashandiworks.com/media/catalog/product/cache/bbf624d4e302b71a44cbbfb433873131/6/6/66278.JPG,66278.JPG,,,Hannas800,66278.JPG
GARDEN FROGS WITH FLORAL SOLAR MUSHROOM CAP,65367,,"Elevate the whimsical with our Floral Solar Mushroom Cap Garden Frogs! Constructed from Manufactured Stone; 11½""W x 16¼""H x 7¾""D",In stock,$27.50 ,,,"Elevate the whimsical with our Floral Solar Mushroom Cap Garden Frogs! Constructed from Manufactured Stone; 11½""W x 16¼""H x 7¾""D",,2,$34.00 ,,,,,2,Hannas400,Hannas160,https://www.hannashandiworks.com/media/catalog/product/cache/bbf624d4e302b71a44cbbfb433873131/6/5/65367.JPG,65367.JPG,,,Hannas800,65367.JPG
GARDEN GNOME WITH FLORAL SOLAR MUSHROOM CAP,65366,,"This piece is simply charming! Features Solar Light Floral Mushroom Cap. Constructed from Manufactured Stone; 10½""W x 16¼""H x 8¾""D",In stock,$27.50 ,,,"This piece is simply charming! Features Solar Light Floral Mushroom Cap. Constructed from Manufactured Stone; 10½""W x 16¼""H x 8¾""D",,2,$34.00 ,,,,,2,Hannas400,Hannas160,https://www.hannashandiworks.com/media/catalog/product/cache/bbf624d4e302b71a44cbbfb433873131/6/5/65366.JPG,65366.JPG,,,Hannas800,65366.JPG
GARDEN KIDDIES SITTING WITH SOLAR GLASS ORB,65363,,"Timeless, charming statuary includes a solar orb for soft nighttime glow. Solar Light! Manufactured Stone/Textured Glass; 10""W x 14""H x 8""D",In stock,$24.50 ,,,"Timeless, charming statuary includes a solar orb for soft nighttime glow. Solar Light! Manufactured Stone/Textured Glass; 10""W x 14""H x 8""D",,2,$30.50 ,,,,,2,Hannas400,Hannas160,https://www.hannashandiworks.com/media/catalog/product/cache/bbf624d4e302b71a44cbbfb433873131/6/5/65363.JPG,65363.JPG,,,Hannas800,65363.JPG
GINGHAM TRUCK FRESH LEMONS SIGN,62139,,Metal; 14”W x 14”H x ¾”D,In stock,$9.50 ,,,Metal; 14”W x 14”H x ¾”D,,4,$11.75 ,,,,,4,Hannas400,Hannas160,https://www.hannashandiworks.com/media/catalog/product/cache/bbf624d4e302b71a44cbbfb433873131/6/2/62139_2.JPG,62139_2.JPG,,,Hannas800,62139_2.JPG
HATSHROOM GNOME STANDER 2 ASST,65169,,"Fabric; 7½""W x 18½""H x 4½""D",In stock,$9.90 ,,,"Fabric; 7½""W x 18½""H x 4½""D",,4,$13.50 ,,,,,4,Hannas400,Hannas160,https://www.hannashandiworks.com/media/catalog/product/cache/bbf624d4e302b71a44cbbfb433873131/6/5/65169.JPG,65169.JPG,,,Hannas800,65169.JPG
HEDGEHOG HOMIES LIGHTED SPOUT 2 ASST,65508,,"Solar Spout! Resin; 4-7½""W x 9½""H x 3¾""D; Requires 1 AA battery; not included",In stock,$8.90 ,,,"Solar Spout! Resin; 4-7½""W x 9½""H x 3¾""D; Requires 1 AA battery; not included",,4,$12.90 ,,,,,4,Hannas400,Hannas160,https://www.hannashandiworks.com/media/catalog/product/cache/bbf624d4e302b71a44cbbfb433873131/6/5/65508.JPG,65508.JPG,,,Hannas800,65508.JPG
BUGGY BUDDIES GARDEN CADDY 2 ASST.,66070,,"Metal; 12""W x 9""H x 6.5""D",In stock,,,,"Metal; 12""W x 9""H x 6.5""D",,4,$8.90 ,8,$8.40 ,,,4,Hannas400,Hannas160,https://www.hannashandiworks.com/media/catalog/product/cache/bbf624d4e302b71a44cbbfb433873131/6/6/66070.JPG,66070.JPG,,,Hannas800,66070.JPG
BUGGY BUDDIES STEPPING STONE 2 ASST.,66032,,"Manufactured Stone; 9.5""-10""W x 10""H x .5""D",In stock,,,,"Manufactured Stone; 9.5""-10""W x 10""H x .5""D",,6,$6.75 ,12,$6.25 ,24,$5.75 ,6,Hannas400,Hannas160,https://www.hannashandiworks.com/media/catalog/product/cache/bbf624d4e302b71a44cbbfb433873131/6/6/66032.JPG,66032.JPG,,,Hannas800,66032.JPG
BUMBLEBEE HONEYCOMB WELCOME HANGER,66068,,"Metal/Mixed Materials; 26""W x 17.5""H x .25""D Over 2ft Wide!",In stock,,,,"Metal/Mixed Materials; 26""W x 17.5""H x .25""D Over 2ft Wide!",,4,$11.50 ,8,$11.00 ,12,$10.50 ,4,Hannas400,Hannas160,https://www.hannashandiworks.com/media/catalog/product/cache/bbf624d4e302b71a44cbbfb433873131/6/6/66068.JPG,66068.JPG,,,Hannas800,66068.JPG
BUMBLEBEE SUNRISE GARDEN STAKE,66069,,"Metal; 21.5""W x 38.5""H x .25""D Over 3ft Tall!",In stock,,,,"Metal; 21.5""W x 38.5""H x .25""D Over 3ft Tall!",,4,$11.50 ,8,$11.00 ,12,$10.50 ,4,Hannas400,Hannas160,https://www.hannashandiworks.com/media/catalog/product/cache/bbf624d4e302b71a44cbbfb433873131/6/6/66069.JPG,66069.JPG,,,Hannas800,66069.JPG
BUTTERFLY CUT-OUT PLANTER BOX,66064,,"Metal; 17""W x 7.5""H x 7.5""D",In stock,,,,"Metal; 17""W x 7.5""H x 7.5""D",,4,$13.75 ,8,$13.00 ,,,4,Hannas400,Hannas160,https://www.hannashandiworks.com/media/catalog/product/cache/bbf624d4e302b71a44cbbfb433873131/6/6/66064.JPG,66064.JPG,,,Hannas800,66064.JPG
BUTTERFLY DAISY WINDMILL YARD STAKE,66062,,"Metal/Mixed Materials; 20.5""W x 57.5""H x 3.5""D Over 4ft Tall! Spins",In stock,,,,"Metal/Mixed Materials; 20.5""W x 57.5""H x 3.5""D Over 4ft Tall! Spins",,2,$18.50 ,4,$17.50 ,8,$16.50 ,2,Hannas400,Hannas160,https://www.hannashandiworks.com/media/catalog/product/cache/bbf624d4e302b71a44cbbfb433873131/6/6/66062.JPG,66062.JPG,,,Hannas800,66062.JPG
BUTTERFLY FLORAL WELCOME STAKE 2 ASST.,66220,,"Metal; 11.25""W x 37.5""H x 1.25""D Over 3ft Tall!",In stock,,,,"Metal; 11.25""W x 37.5""H x 1.25""D Over 3ft Tall!",,6,$12.50 ,12,$12.00 ,24,$11.50 ,6,Hannas400,Hannas160,https://www.hannashandiworks.com/media/catalog/product/cache/bbf624d4e302b71a44cbbfb433873131/6/6/66220.JPG,66220.JPG,,,Hannas800,66220.JPG
BUTTERFLY ON SPRING FLOWER 3 ASST.,66210,,"Resin; 5""W x 6""H x 4.25""D",In stock,,,,"Resin; 5""W x 6""H x 4.25""D",,6,$7.25 ,12,$6.75 ,24,$6.25 ,6,Hannas400,Hannas160,https://www.hannashandiworks.com/media/catalog/product/cache/bbf624d4e302b71a44cbbfb433873131/6/6/66210.JPG,66210.JPG,,,Hannas800,66210.JPG
BUTTERFLY SUNFLOWER HANGING BIRDBATH,66061,,"Metal; 8""W x 24.25""H x 8""D",In stock,,,,"Metal; 8""W x 24.25""H x 8""D",,4,$6.90 ,8,$6.60 ,12,$6.30 ,4,Hannas400,Hannas160,https://www.hannashandiworks.com/media/catalog/product/cache/bbf624d4e302b71a44cbbfb433873131/6/6/66061.JPG,66061.JPG,,,Hannas800,66061.JPG
CARDINAL CROSS STAKE 2 ASST.,66252,,"Metal; 12""W x 24""H x .25""D 2ft Tall!",In stock,,,,"Metal; 12""W x 24""H x .25""D 2ft Tall!",,6,$7.75 ,12,$7.25 ,,,6,Hannas400,Hannas160,https://www.hannashandiworks.com/media/catalog/product/cache/bbf624d4e302b71a44cbbfb433873131/6/6/66252.JPG,66252.JPG,,,Hannas800,66252.JPG
CAREFREE CAPYBARA TABLETOP 2 ASST.,66236,,"Resin; 2.5""W x 4-4.25""H x 2.25-3""D",In stock,,,,"Resin; 2.5""W x 4-4.25""H x 2.25-3""D",,6,$3.50 ,24,$3.25 ,,,6,Hannas400,Hannas160,https://www.hannashandiworks.com/media/catalog/product/cache/bbf624d4e302b71a44cbbfb433873131/6/6/66236.JPG,66236.JPG,,,Hannas800,66236.JPG
CAREFREE COW DANGLE LEG 2 ASST.,66233,,"Resin/Mixed Materials; 2.25""W x 6.5""H x 2.25""D",In stock,,,,"Resin/Mixed Materials; 2.25""W x 6.5""H x 2.25""D",,6,$3.50 ,12,$3.25 ,24,$3.00 ,6,Hannas400,Hannas160,https://www.hannashandiworks.com/media/catalog/product/cache/bbf624d4e302b71a44cbbfb433873131/6/6/66233.JPG,66233.JPG,,,Hannas800,66233.JPG
CAT IS JUDGING STEPPING STONE,66038,,"Manufactured Stone; 10""W x 10"" H x .5""D",In stock,,,,"Manufactured Stone; 10""W x 10"" H x .5""D",,6,$6.75 ,12,$6.25 ,24,$5.75 ,6,Hannas400,Hannas160,https://www.hannashandiworks.com/media/catalog/product/cache/bbf624d4e302b71a44cbbfb433873131/6/6/66038.JPG,66038.JPG,,,Hannas800,66038.JPG
CHICKEN WARNING HANGING ORNAMENT 2 ASST.,66144,,"Wood/Metal; 7.5""W x 6.5""H x .5""D",In stock,,,,"Wood/Metal; 7.5""W x 6.5""H x .5""D",,24,$1.65 ,48,$1.45 ,,,24,Hannas400,Hannas160,https://www.hannashandiworks.com/media/catalog/product/cache/bbf624d4e302b71a44cbbfb433873131/6/6/66144.JPG,66144.JPG,,,Hannas800,66144.JPG
CHUNKY PINK FLOWER WALL ART,66045,,"1 Triangle Hanger Wood; 15.25""W x 15.25""H x 1.25""D",In stock,,,,"1 Triangle Hanger Wood; 15.25""W x 15.25""H x 1.25""D",,4,$13.90 ,8,$13.30 ,,,4,Hannas400,Hannas160,https://www.hannashandiworks.com/media/catalog/product/cache/bbf624d4e302b71a44cbbfb433873131/6/6/66045.JPG,66045.JPG,,,Hannas800,66045.JPG
CHUNKY SUCCULENTS PLANTER WOOD STANDER,66332,,"Wood; 15""W x 16""H x 4""D",In stock,,,,"Wood; 15""W x 16""H x 4""D",,4,$21.50 ,8,$19.50 ,,,4,Hannas400,Hannas160,https://www.hannashandiworks.com/media/catalog/product/cache/bbf624d4e302b71a44cbbfb433873131/6/6/66332.JPG,66332.JPG,,,Hannas800,66332.JPG
CHUNKY SUNFLOWER WALL ART,66051,,"Wood; 20.5""W x 22""H x 1""D",In stock,,,,"Wood; 20.5""W x 22""H x 1""D",,4,$17.90 ,8,$16.90 ,12,$15.90 ,4,Hannas400,Hannas160,https://www.hannashandiworks.com/media/catalog/product/cache/bbf624d4e302b71a44cbbfb433873131/6/6/66051.JPG,66051.JPG,,,Hannas800,66051.JPG
COWBOY BOOT WALL DECOR 2 ASST.,66156,,"Wood; 7.5""W x 10-10.5""H x .25""D",In stock,,,,"Wood; 7.5""W x 10-10.5""H x .25""D",,6,$3.75 ,12,$3.50 ,,,6,Hannas400,Hannas160,https://www.hannashandiworks.com/media/catalog/product/cache/bbf624d4e302b71a44cbbfb433873131/6/6/66156.JPG,66156.JPG,,,Hannas800,66156.JPG
FANCY FROGGY DANGLE LEG 2 ASST.,66314,,"Fabric/Mixed Materials; 9""W x 17.75""H x 5""D",In stock,,,,"Fabric/Mixed Materials; 9""W x 17.75""H x 5""D",,6,$9.50 ,12,$9.00 ,,,6,Hannas400,Hannas160,https://www.hannashandiworks.com/media/catalog/product/cache/bbf624d4e302b71a44cbbfb433873131/6/6/66314.JPG,66314.JPG,,,Hannas800,66314.JPG
FARM FOWL DANGLE LEG ORNAMENT 2 ASST.,66174,,"Fabric/Mixed Materials; 5-5.5""W x 14""H x 1.5-2""D",In stock,,,,"Fabric/Mixed Materials; 5-5.5""W x 14""H x 1.5-2""D",,6,$7.25 ,12,$6.75 ,,,6,Hannas400,Hannas160,https://www.hannashandiworks.com/media/catalog/product/cache/bbf624d4e302b71a44cbbfb433873131/6/6/66174.JPG,66174.JPG,,,Hannas800,66174.JPG
FLOCKING BUNBUN INCLUDES TRAY 2 ASST SMALL,65455,,"Resin; BunBun: 1½""W x 3""H x 1¾""D; Tray: 6¼""W x 3""H x 4¾""D",In stock,,,,"Resin; BunBun: 1½""W x 3""H x 1¾""D; Tray: 6¼""W x 3""H x 4¾""D",,12,$1.85 ,48,$1.65 ,96,$1.45 ,12,Hannas400,Hannas160,https://www.hannashandiworks.com/media/catalog/product/cache/bbf624d4e302b71a44cbbfb433873131/6/5/65455.JPG,65455.JPG,,,Hannas800,65455.JPG
FLORAL SHELL STONEWARE GARDEN TURTLE,66007,,"Manufactured Stone; 11.25""W x 8.75""H x 7.25""D",In stock,,,,"Manufactured Stone; 11.25""W x 8.75""H x 7.25""D",,2,$23.50 ,4,$22.50 ,,,2,Hannas400,Hannas160,https://www.hannashandiworks.com/media/catalog/product/cache/bbf624d4e302b71a44cbbfb433873131/6/6/66007.JPG,66007.JPG,,,Hannas800,66007.JPG
HIGHLAND COW IN WATERING CAN 2 ASST.,66207,,"Resin; 4.25""W x 5""H x 2.5""D",In stock,,,,"Resin; 4.25""W x 5""H x 2.5""D",,4,$4.75 ,8,$4.50 ,12,$4.25 ,4,Hannas400,Hannas160,https://www.hannashandiworks.com/media/catalog/product/cache/bbf624d4e302b71a44cbbfb433873131/6/6/66207.JPG,66207.JPG,,,Hannas800,66207.JPG
HIGHLAND COW WELCOME STEPPING STONE,66036,,"Manufactured Stone; 10.25""W x 10.25"" H x .5""D",In stock,,,,"Manufactured Stone; 10.25""W x 10.25"" H x .5""D",,6,$6.75 ,12,$6.25 ,24,$5.75 ,6,Hannas400,Hannas160,https://www.hannashandiworks.com/media/catalog/product/cache/bbf624d4e302b71a44cbbfb433873131/6/6/66036.JPG,66036.JPG,,,Hannas800,66036.JPG
CAMPER CAGE HANGING BIRD FEEDER,66065,,"Metal; 10.25""W x 20""H x 5.75""D",In stock,,,,"Metal; 10.25""W x 20""H x 5.75""D",,4,$11.90 ,8,$11.40 ,12,$10.90 ,4,Hannas400,Hannas160,https://www.hannashandiworks.com/media/catalog/product/cache/bbf624d4e302b71a44cbbfb433873131/6/6/66065.JPG,66065.JPG,,,Hannas800,66065.JPG
DISTRESSED HANGING BIRDHOUSE,66075,,"Metal; 6.75""W x 19.5""H x 6""D",In stock,,,,"Metal; 6.75""W x 19.5""H x 6""D",,4,$8.00 ,8,$7.50 ,,,4,Hannas400,Hannas160,https://www.hannashandiworks.com/media/catalog/product/cache/bbf624d4e302b71a44cbbfb433873131/6/6/66075.JPG,66075.JPG,,,Hannas800,66075.JPG
DISTRESSED THREE TIERED BUTTERFLY HOUSE,65015,,"Wood/Metal; 9""W x 13½""H x 5¾""D; Features clean-out on backside. Great for indoor decor too!",In stock,,,,"Wood/Metal; 9""W x 13½""H x 5¾""D; Features clean-out on backside. Great for indoor decor too!",,2,$15.50 ,4,$14.50 ,8,$13.50 ,2,Hannas400,Hannas160,https://www.hannashandiworks.com/media/catalog/product/cache/bbf624d4e302b71a44cbbfb433873131/6/5/65015.JPG,65015.JPG,,,Hannas800,65015.JPG
DOUBLE SUNFLOWER HANGING BIRDHOUSE,66074,,"Metal; 7""W x 20""H x 5.75""D",In stock,,,,"Metal; 7""W x 20""H x 5.75""D",,4,$10.50 ,8,$10.00 ,12,$9.50 ,4,Hannas400,Hannas160,https://www.hannashandiworks.com/media/catalog/product/cache/bbf624d4e302b71a44cbbfb433873131/6/6/66074.JPG,66074.JPG,,,Hannas800,66074.JPG
GARDEN FRIENDS GOLD ACCENT BIRDHOUSE,65302,,"Metal/Rope; 8""W x 16¾""H x 8¾""D; No cleanout opening",In stock,,,,"Metal/Rope; 8""W x 16¾""H x 8¾""D; No cleanout opening",,4,$10.50 ,,,,,4,Hannas400,Hannas160,https://www.hannashandiworks.com/media/catalog/product/cache/bbf624d4e302b71a44cbbfb433873131/6/5/65302.JPG,65302.JPG,,,Hannas800,65302.JPG
GARDEN-GREEN SPIGOT BIRDHOUSE STAKE,65176,,"Over 4' Tall! Metal; 6¾""W x 51""H x 6""D",In stock,,,,"Over 4' Tall! Metal; 6¾""W x 51""H x 6""D",,4,$16.50 ,8,$15.50 ,12,$13.50 ,4,Hannas400,Hannas160,https://www.hannashandiworks.com/media/catalog/product/cache/bbf624d4e302b71a44cbbfb433873131/6/5/65176.JPG,65176.JPG,,,Hannas800,65176.JPG
HOME SHELTER VERTICAL SIGN,62252,,4' Tall! Wood; 9½”W x 48”H x ¾”D,In stock,$13.50 ,,,4' Tall! Wood; 9½”W x 48”H x ¾”D,,4,$16.50 ,,,,,4,Hannas400,Hannas160,https://www.hannashandiworks.com/media/catalog/product/cache/bbf624d4e302b71a44cbbfb433873131/6/2/62252_1.JPG,62252_1.JPG,,,Hannas800,62252_1.JPG
HOME TWEET HOME PASTEL BIRDHOUSE,62052,,"Wood/Metal; 4.75""W x 10.5""H x 4.75""D; Includes Cleanout Access",In stock,$4.45 ,,,"Wood/Metal; 4.75""W x 10.5""H x 4.75""D; Includes Cleanout Access",,4,$8.90 ,,,,,4,Hannas400,Hannas160,https://www.hannashandiworks.com/media/catalog/product/cache/bbf624d4e302b71a44cbbfb433873131/6/2/62052.JPG,62052.JPG,,,Hannas800,62052.JPG
MUSHROOM BIRDHOUSE 2 ASST,64356,,"Wood/Rope/Metal; 9""W x 13""H x 3¼""D; Clean-out access on back",In stock,,,,"Wood/Rope/Metal; 9""W x 13""H x 3¼""D; Clean-out access on back",,6,$13.50 ,12,$12.75 ,24,$12.00 ,6,Hannas400,Hannas160,https://www.hannashandiworks.com/media/catalog/product/cache/bbf624d4e302b71a44cbbfb433873131/6/4/64356.JPG,64356.JPG,,,Hannas800,64356.JPG
PATCHWORK BASIN STONEWARE BIRDBATH,66010,,"Manufactured Stone; 10.5""W x 4.75""H x 8.5""D",In stock,,,,"Manufactured Stone; 10.5""W x 4.75""H x 8.5""D",,4,$13.50 ,8,$12.50 ,,,4,Hannas400,Hannas160,https://www.hannashandiworks.com/media/catalog/product/cache/bbf624d4e302b71a44cbbfb433873131/6/6/66010.JPG,66010.JPG,,,Hannas800,66010.JPG
PATCHWORK HEART SHAPED BIRDBATH,66005,,"Manufactured Stone; 15½""W x 8¼""H x 14½""D",In stock,,,,"Manufactured Stone; 15½""W x 8¼""H x 14½""D",,2,$29.75 ,4,$28.75 ,,,2,Hannas400,Hannas160,https://www.hannashandiworks.com/media/catalog/product/cache/bbf624d4e302b71a44cbbfb433873131/6/6/66005.JPG,66005.JPG,,,Hannas800,66005.JPG
RESTING CHERUB STATUARY,66238,,"Resin; 10""W x 9""H x 5.5""D",In stock,$15.75 ,,,"Resin; 10""W x 9""H x 5.5""D",,4,$19.50 ,,,,,4,Hannas400,Hannas160,https://www.hannashandiworks.com/media/catalog/product/cache/bbf624d4e302b71a44cbbfb433873131/6/6/66238.JPG,66238.JPG,,,Hannas800,66238.JPG
RUSTIC SCROLL STAND BIRDBATH,65177,,"Over 2' Tall! Metal; 12½"" Dia x 27""H",In stock,$11.90 ,,,"Over 2' Tall! Metal; 12½"" Dia x 27""H",,4,$16.50 ,,,,,4,Hannas400,Hannas160,https://www.hannashandiworks.com/media/catalog/product/cache/bbf624d4e302b71a44cbbfb433873131/6/5/65177-2.jpg,65177-2.jpg,,,Hannas800,65177-2.jpg
RUSTIC WOOD SLAT BIRDHOUSE,65014,,"Wood; 9¼""W x 16¼""H x 4¾""D; Features clean-out on backside",In stock,,,,"Wood; 9¼""W x 16¼""H x 4¾""D; Features clean-out on backside",,4,$13.90 ,8,$12.90 ,,,4,Hannas400,Hannas160,https://www.hannashandiworks.com/media/catalog/product/cache/bbf624d4e302b71a44cbbfb433873131/6/5/65014.JPG,65014.JPG,,,Hannas800,65014.JPG
SPRING COLORS DECORATIVE GARDEN BIRDHOUSE 4 ASST,65337,,"Wood/Rope; 8¼""W x 12""H x 3½""D; Recommended Indoor Decorative Use Only",In stock,$8.50 ,,,"Wood/Rope; 8¼""W x 12""H x 3½""D; Recommended Indoor Decorative Use Only",,4,$10.50 ,,,,,4,Hannas400,Hannas160,https://www.hannashandiworks.com/media/catalog/product/cache/bbf624d4e302b71a44cbbfb433873131/6/5/65337.JPG,65337.JPG,,,Hannas800,65337.JPG
STAY AWHILE FLORAL BIRDHOUSE,62050,,"Wood/Metal; 7""W x 7.5""H x 5""D; Includes Cleanout Access",In stock,$5.25 ,,,"Wood/Metal; 7""W x 7.5""H x 5""D; Includes Cleanout Access",,4,$10.50 ,,,,,4,Hannas400,Hannas160,https://www.hannashandiworks.com/media/catalog/product/cache/bbf624d4e302b71a44cbbfb433873131/6/2/62050.JPG,62050.JPG,,,Hannas800,62050.JPG
SUNFLOWER BASIN HANGING BIRDBATH,66250,,"Metal; 15""Dia x 17""H",In stock,,,,"Metal; 15""Dia x 17""H",,4,$8.50 ,8,$8.00 ,16,$7.50 ,4,Hannas400,Hannas160,https://www.hannashandiworks.com/media/catalog/product/cache/bbf624d4e302b71a44cbbfb433873131/6/6/66250.JPG,66250.JPG,,,Hannas800,66250.JPG
TABLETOP METAL BIRDCAGE DÉCOR,64040,,"Metal; 14¾""W x 16""H x 8""D",In stock,$29.50 ,,,"Metal; 14¾""W x 16""H x 8""D",,2,$37.50 ,,,,,2,Hannas400,Hannas160,https://www.hannashandiworks.com/media/catalog/product/cache/bbf624d4e302b71a44cbbfb433873131/6/4/64040.JPG,64040.JPG,,,Hannas800,64040.JPG
WILDFLOWER CHIME BIRDBATH STAKE 2 ASST,65179,,"Over 4' Tall! Metal; 13¼""W x 52½""H x 6""D",In stock,$13.50 ,,,"Over 4' Tall! Metal; 13¼""W x 52½""H x 6""D",,6,$14.50 ,,,,,6,Hannas400,Hannas160,https://www.hannashandiworks.com/media/catalog/product/cache/bbf624d4e302b71a44cbbfb433873131/6/5/65179.JPG,65179.JPG,,,Hannas800,65179.JPG
CLOUD WHITE BIRD TABLETOP 3 ASST,62355,,"Resin; 2-3¾""W x 2¼""H 2-4¼""D",In stock,,,,"Resin; 2-3¾""W x 2¼""H 2-4¼""D",,12,$2.50 ,24,$2.25 ,,,12,Hannas400,Hannas160,https://www.hannashandiworks.com/media/catalog/product/cache/bbf624d4e302b71a44cbbfb433873131/6/2/62355_1.JPG,62355_1.JPG,,,Hannas800,62355_1.JPG
ELEGANT SPRING BIRD TABLETOP 3 ASST.,66161,,"Resin; 5-5.75""W x 2.5-3""H x 2.25""D",In stock,,,,"Resin; 5-5.75""W x 2.5-3""H x 2.25""D",,6,$3.25 ,12,$3.00 ,,,6,Hannas400,Hannas160,https://www.hannashandiworks.com/media/catalog/product/cache/bbf624d4e302b71a44cbbfb433873131/6/6/66161.JPG,66161.JPG,,,Hannas800,66161.JPG
FEATHERED FRIENDS GARDEN WELCOME 2 ASST,65504,,"Resin; 3½""W x 4""H x 2""D",In stock,,,,"Resin; 3½""W x 4""H x 2""D",,6,$4.00 ,12,$3.75 ,24,$3.50 ,6,Hannas400,Hannas160,https://www.hannashandiworks.com/media/catalog/product/cache/bbf624d4e302b71a44cbbfb433873131/6/5/65504.JPG,65504.JPG,,,Hannas800,65504.JPG
FEATHERED FRIENDS WELCOME STEPPING STONE,65485,,"Resin; 11""Dia x ¾""D",In stock,,,,"Resin; 11""Dia x ¾""D",,6,$7.25 ,12,$6.75 ,18,$6.25 ,6,Hannas400,Hannas160,https://www.hannashandiworks.com/media/catalog/product/cache/bbf624d4e302b71a44cbbfb433873131/6/5/65485.JPG,65485.JPG,,,Hannas800,65485.JPG
FEATHERED FRIENDS WICKER CAP MUSHROOM 3 ASST SMALL,65513,,"Resin; 3""Dia x 4½""H",In stock,,,,"Resin; 3""Dia x 4½""H",,6,$3.75 ,12,$3.50 ,24,$3.25 ,6,Hannas400,Hannas160,https://www.hannashandiworks.com/media/catalog/product/cache/bbf624d4e302b71a44cbbfb433873131/6/5/65513.JPG,65513.JPG,,,Hannas800,65513.JPG
FOREVER HEARTS CARDINAL STEPPING STONE,66027,,"Manufactured Stone; 10.25""W x 10.25""H x .5""D",In stock,,,,"Manufactured Stone; 10.25""W x 10.25""H x .5""D",,6,$6.75 ,12,$6.25 ,24,$5.75 ,6,Hannas400,Hannas160,https://www.hannashandiworks.com/media/catalog/product/cache/bbf624d4e302b71a44cbbfb433873131/6/6/66027.JPG,66027.JPG,,,Hannas800,66027.JPG
GARDEN FRESH START STEPPING STONE,65003,,"Manufactured Stone; 10¼""Dia x 1""D",In stock,,,,"Manufactured Stone; 10¼""Dia x 1""D",,6,$6.50 ,12,$6.00 ,24,$5.50 ,6,Hannas400,Hannas160,https://www.hannashandiworks.com/media/catalog/product/cache/bbf624d4e302b71a44cbbfb433873131/6/5/65003.JPG,65003.JPG,,,Hannas800,65003.JPG
GARDEN FRIENDS SOLAR WELCOME FAUX STONE 3 ASST,65369,,"Solar Light! Manufactured Stone/Mixed Material; 9½-10""W x 11½-12""H x 5½""D",In stock,,,,"Solar Light! Manufactured Stone/Mixed Material; 9½-10""W x 11½-12""H x 5½""D",,3,$18.50 ,6,$17.50 ,9,$16.50 ,3,Hannas400,Hannas160,https://www.hannashandiworks.com/media/catalog/product/cache/bbf624d4e302b71a44cbbfb433873131/6/5/65369.JPG,65369.JPG,,,Hannas800,65369.JPG
GRACEFUL SPRING BIRD FIGURINE 3 ASST.,66160,,"Resin; 3.5-4""W x 2-2.5""H x 2""D",In stock,,,,"Resin; 3.5-4""W x 2-2.5""H x 2""D",,6,$2.75 ,12,$2.50 ,,,6,Hannas400,Hannas160,https://www.hannashandiworks.com/media/catalog/product/cache/bbf624d4e302b71a44cbbfb433873131/6/6/66160.JPG,66160.JPG,,,Hannas800,66160.JPG
HUMMINGBIRD ARCHED PLANTER BOX 2-PIECE SET,66281,,"1 Bucksaw Hack Tooth Hanger Metal; 15-19""W x 17-21.5""H x 6-7.25""D Set Pricing",In stock,,,,"1 Bucksaw Hack Tooth Hanger Metal; 15-19""W x 17-21.5""H x 6-7.25""D Set Pricing",,2,$39.50 ,,,,,2,Hannas400,Hannas160,https://www.hannashandiworks.com/media/catalog/product/cache/bbf624d4e302b71a44cbbfb433873131/6/6/66281.JPG,66281.JPG,,,Hannas800,66281.JPG
IVY BIRD WELCOME HOOK HANGER,62449,,Metal/Wood; 15¾”W x 8¾”H x 2¾”D,In stock,$6.45 ,,,Metal/Wood; 15¾”W x 8¾”H x 2¾”D,,4,$12.90 ,,,,,4,Hannas400,Hannas160,https://www.hannashandiworks.com/media/catalog/product/cache/bbf624d4e302b71a44cbbfb433873131/6/2/62449_1.JPG,62449_1.JPG,,,Hannas800,62449_1.JPG
LOVE LAUGH FLORAL BIRD BLOCK 3 ASST.,62192,,Wood/Glass; 7”W x 7”H x 1½”D,In stock,,,,Wood/Glass; 7”W x 7”H x 1½”D,,6,$6.75 ,12,$6.25 ,,,6,Hannas400,Hannas160,https://www.hannashandiworks.com/media/catalog/product/cache/bbf624d4e302b71a44cbbfb433873131/6/2/62192abc.JPG,62192abc.JPG,,,Hannas800,62192abc.JPG
MODEST SPRING BIRD TABLETOP 3 ASST.,66234,,"Resin; 4""W x 3""H x 2""D",In stock,,,,"Resin; 4""W x 3""H x 2""D",,6,$2.75 ,12,$2.50 ,,,6,Hannas400,Hannas160,https://www.hannashandiworks.com/media/catalog/product/cache/bbf624d4e302b71a44cbbfb433873131/6/6/66234.JPG,66234.JPG,,,Hannas800,66234.JPG
PATCHWORK STONEWARE GARDEN BIRD,66012,,"Manufactured Stone; 6.25""W x 9.5""H x 6.25""D",In stock,,,,"Manufactured Stone; 6.25""W x 9.5""H x 6.25""D",,4,$13.50 ,8,$13.00 ,16,$12.50 ,4,Hannas400,Hannas160,https://www.hannashandiworks.com/media/catalog/product/cache/bbf624d4e302b71a44cbbfb433873131/6/6/66012.JPG,66012.JPG,,,Hannas800,66012.JPG
PATCHWORK STONEWARE GARDEN OWL,66014,,"Manufactured Stone; 4.5""W x 7.5""H x 4.25""D",In stock,,,,"Manufactured Stone; 4.5""W x 7.5""H x 4.25""D",,4,$8.00 ,8,$7.50 ,16,$7.00 ,4,Hannas400,Hannas160,https://www.hannashandiworks.com/media/catalog/product/cache/bbf624d4e302b71a44cbbfb433873131/6/6/66014.JPG,66014.JPG,,,Hannas800,66014.JPG
PATCHWORK STONEWARE GARDEN ROOSTER,66002,,"Manufactured Stone; 6¼""W x 14""H x 13¼""D",In stock,,,,"Manufactured Stone; 6¼""W x 14""H x 13¼""D",,2,$27.50 ,4,$26.50 ,8,$25.50 ,2,Hannas400,Hannas160,https://www.hannashandiworks.com/media/catalog/product/cache/bbf624d4e302b71a44cbbfb433873131/6/6/66002.JPG,66002.JPG,,,Hannas800,66002.JPG
PERCHED BIRDS WALL SHELF,66273,,"Metal/Mixed Materials; 12""W x 12""H x 4½""D",In stock,$8.50 ,,,"Metal/Mixed Materials; 12""W x 12""H x 4½""D",,6,$10.50 ,,,,,6,Hannas400,Hannas160,https://www.hannashandiworks.com/media/catalog/product/cache/bbf624d4e302b71a44cbbfb433873131/6/6/66273.JPG,66273.JPG,,,Hannas800,66273.JPG
PERCHED BIRDS WIDE WALL DECOR,65016,,"Over 3' Wide! Wood/Metal; 38""W x 12""H x ¾""D",In stock,,,,"Over 3' Wide! Wood/Metal; 38""W x 12""H x ¾""D",,4,$13.75 ,8,$13.00 ,12,$12.75 ,4,Hannas400,Hannas160,https://www.hannashandiworks.com/media/catalog/product/cache/bbf624d4e302b71a44cbbfb433873131/6/5/65016.JPG,65016.JPG,,,Hannas800,65016.JPG
PICKET FENCE PLANTER POT TRIO,66072,,"Metal; 16""W x 17.5""H x 5.25""D",In stock,$11.25 ,,,"Metal; 16""W x 17.5""H x 5.25""D",,4,$14.00 ,,,,,4,Hannas400,Hannas160,https://www.hannashandiworks.com/media/catalog/product/cache/bbf624d4e302b71a44cbbfb433873131/6/6/66072.JPG,66072.JPG,,,Hannas800,66072.JPG
BUTTERFLY FLOWERS STEPPING STONE 2 ASST,65001,,"Manufactured Stone; 10½""Dia x 1""D",In stock,,,,"Manufactured Stone; 10½""Dia x 1""D",,6,$6.50 ,12,$6.00 ,24,$5.50 ,6,Hannas400,Hannas160,https://www.hannashandiworks.com/media/catalog/product/cache/bbf624d4e302b71a44cbbfb433873131/6/5/65001.JPG,65001.JPG,,,Hannas800,65001.JPG
BUTTERFLY PLANT PICK 3 ASST,65499,,"Metal; 6""W x 18""H x ¼""D; Butterfly Bobbles on Spring",In stock,,,,"Metal; 6""W x 18""H x ¼""D; Butterfly Bobbles on Spring",,12,$2.50 ,48,$2.25 ,,,12,Hannas400,Hannas160,https://www.hannashandiworks.com/media/catalog/product/cache/bbf624d4e302b71a44cbbfb433873131/6/5/65499.JPG,65499.JPG,,,Hannas800,65499.JPG
BUTTERFLY SCROLLED GARDEN TRELLIS,66067,,"Metal; 11.25""W X 24""H X .25""D",In stock,,,,"Metal; 11.25""W X 24""H X .25""D",,4,$5.50 ,8,$5.00 ,,,4,Hannas400,Hannas160,https://www.hannashandiworks.com/media/catalog/product/cache/bbf624d4e302b71a44cbbfb433873131/6/6/66067.JPG,66067.JPG,,,Hannas800,66067.JPG
FAITH BLESSINGS BUTTERFLY LIGHTED TABLETOP 2 ASST.,66142,,"Lights Up Wood/Plastic; 4""W x 5""H x 2.5""D",In stock,,,,"Lights Up Wood/Plastic; 4""W x 5""H x 2.5""D",,6,$4.00 ,12,$3.75 ,24,$3.50 ,6,Hannas400,Hannas160,https://www.hannashandiworks.com/media/catalog/product/cache/bbf624d4e302b71a44cbbfb433873131/6/6/66142.JPG,66142.JPG,,,Hannas800,66142.JPG
GALVANIZED BUTTERFLY WINDCHIME 2 ASST,64446,,"Over 2' Tall! Metal; 5""W x 31½""H x 3¼""D",In stock,,,,"Over 2' Tall! Metal; 5""W x 31½""H x 3¼""D",,6,$11.50 ,12,$10.75 ,,,6,Hannas400,Hannas160,https://www.hannashandiworks.com/media/catalog/product/cache/bbf624d4e302b71a44cbbfb433873131/6/4/64446.JPG,64446.JPG,,,Hannas800,64446.JPG
GARDEN BUTTERFLY PLANTER 3 ASST,65294,,"Metal; 6½""W x 5¾""H x 6¼""D",In stock,,,,"Metal; 6½""W x 5¾""H x 6¼""D",,6,$4.75 ,12,$4.50 ,18,$4.25 ,6,Hannas400,Hannas160,https://www.hannashandiworks.com/media/catalog/product/cache/bbf624d4e302b71a44cbbfb433873131/6/5/65294.JPG,65294.JPG,,,Hannas800,65294.JPG
IRIDESCENT BUTTERFLY WALL ART LARGE 2 ASST.,66218,,"Metal; 17.5""W x 12""H x .25""D",In stock,$9.90 ,,,"Metal; 17.5""W x 12""H x .25""D",,6,$12.50 ,,,,,6,Hannas400,Hannas160,https://www.hannashandiworks.com/media/catalog/product/cache/bbf624d4e302b71a44cbbfb433873131/6/6/66218.JPG,66218.JPG,,,Hannas800,66218.JPG
IRIDESCENT MINI BUTTERFLY PLANTER HANGER 2 ASST.,66219,,"Hangs off Planter Metal; 6""W x 4.25""H x 1.5""D",In stock,,,,"Hangs off Planter Metal; 6""W x 4.25""H x 1.5""D",,6,$5.00 ,12,$4.75 ,18,$4.50 ,6,Hannas400,Hannas160,https://www.hannashandiworks.com/media/catalog/product/cache/bbf624d4e302b71a44cbbfb433873131/6/6/66219.JPG,66219.JPG,,,Hannas800,66219.JPG
MONARCH BUTTERFLY WALL ART LARGE,66222,,"Metal; 16""W x 11""H x .25""D",In stock,,,,"Metal; 16""W x 11""H x .25""D",,4,$9.50 ,12,$9.00 ,24,$8.50 ,4,Hannas400,Hannas160,https://www.hannashandiworks.com/media/catalog/product/cache/bbf624d4e302b71a44cbbfb433873131/6/6/66222.JPG,66222.JPG,,,Hannas800,66222.JPG
MONARCH BUTTERFLY WALL ART MEDIUM,66226,,"Metal; 14.25""W x 10.25""H x .25""D",In stock,,,,"Metal; 14.25""W x 10.25""H x .25""D",,6,$5.90 ,12,$5.60 ,24,$5.30 ,6,Hannas400,Hannas160,https://www.hannashandiworks.com/media/catalog/product/cache/bbf624d4e302b71a44cbbfb433873131/6/6/66226.JPG,66226.JPG,,,Hannas800,66226.JPG
MONARCH BUTTERFLY WALL ART SMALL,66227,,"Metal; 12""W x 9""H x .25""D",In stock,,,,"Metal; 12""W x 9""H x .25""D",,6,$4.50 ,12,$4.00 ,,,6,Hannas400,Hannas160,https://www.hannashandiworks.com/media/catalog/product/cache/bbf624d4e302b71a44cbbfb433873131/6/6/66227.JPG,66227.JPG,,,Hannas800,66227.JPG
POLLINATOR SUNFLOWER STEPPING STONE 3 ASST.,61381,,"Concrete; 11.5""W x 12""H x 1""D",In stock,,,,"Concrete; 11.5""W x 12""H x 1""D",,6,$8.00 ,12,$7.50 ,,,6,Hannas400,Hannas160,https://www.hannashandiworks.com/media/catalog/product/cache/bbf624d4e302b71a44cbbfb433873131/6/1/61381_1.JPG,61381_1.JPG,,,Hannas800,61381_1.JPG
SPRING BUTTERFLY WELCOME WALL HANGER,65291,,"Over 2' Wide! Metal; 27½""W x 15¾""H x 1¼""D",In stock,,,,"Over 2' Wide! Metal; 27½""W x 15¾""H x 1¼""D",,4,$12.50 ,8,$11.75 ,12,$11.00 ,4,Hannas400,Hannas160,https://www.hannashandiworks.com/media/catalog/product/cache/bbf624d4e302b71a44cbbfb433873131/6/5/65291.JPG,65291.JPG,,,Hannas800,65291.JPG
SPRING BUTTERFLY YARD STAKE 2 ASST.,66168,,"Metal; 15.5""W x 45.5""H x 1""D Over 3ft Tall!",In stock,,,,"Metal; 15.5""W x 45.5""H x 1""D Over 3ft Tall!",,4,$11.75 ,8,$11.25 ,16,$10.75 ,4,Hannas400,Hannas160,https://www.hannashandiworks.com/media/catalog/product/cache/bbf624d4e302b71a44cbbfb433873131/6/6/66168.JPG,66168.JPG,,,Hannas800,66168.JPG
SPRING FLOWERS BUTTERFLY GARDEN STAKE,66221,,"Metal; 12""W x 41""H x .25""D Over 3ft Tall!",In stock,,,,"Metal; 12""W x 41""H x .25""D Over 3ft Tall!",,4,$18.50 ,,,,,4,Hannas400,Hannas160,https://www.hannashandiworks.com/media/catalog/product/cache/bbf624d4e302b71a44cbbfb433873131/6/6/66221.JPG,66221.JPG,,,Hannas800,66221.JPG
SPRING FLOWERS BUTTERFLY WELCOME STAKE,65090,,"Over 2' Tall! Metal; 17¼""W x 26½""H x ½""D; Spray with Metal Protectant Prior to Outdoor Usage",In stock,,,,"Over 2' Tall! Metal; 17¼""W x 26½""H x ½""D; Spray with Metal Protectant Prior to Outdoor Usage",,4,$12.50 ,8,$11.75 ,16,$11.00 ,4,Hannas400,Hannas160,https://www.hannashandiworks.com/media/catalog/product/cache/bbf624d4e302b71a44cbbfb433873131/6/5/65090-cob.jpg,65090-cob.jpg,,,Hannas800,65090-cob.jpg
SPRING FLOWERS PLANTER BOX,66063,,"Metal; 18""W x 33¼""H x 6""D",In stock,$23.60 ,,,"Metal; 18""W x 33¼""H x 6""D",,2,$29.00 ,,,,,2,Hannas400,Hannas160,https://www.hannashandiworks.com/media/catalog/product/cache/bbf624d4e302b71a44cbbfb433873131/6/6/66063.JPG,66063.JPG,,,Hannas800,66063.JPG
SPRING SAYINGS MASON JAR HANGER WITH LED,65329,,"Lights Up! Poly-Canvas and Mixed Materials; 11½""W x 22½""H x 1""D; Requires 2 AA batteries; not included",In stock,,,,"Lights Up! Poly-Canvas and Mixed Materials; 11½""W x 22½""H x 1""D; Requires 2 AA batteries; not included",,6,$6.25 ,12,$6.00 ,24,$5.75 ,6,Hannas400,Hannas160,https://www.hannashandiworks.com/media/catalog/product/cache/bbf624d4e302b71a44cbbfb433873131/6/5/65329.JPG,65329.JPG,,,Hannas800,65329.JPG
SPRING TIME BUTTERFLY HANGER 3 ASST,63577,,Metal/Rope; 7¾”W x 9”H x ¼”D,In stock,,,,Metal/Rope; 7¾”W x 9”H x ¼”D,,12,$2.90 ,24,$2.60 ,,,12,Hannas400,Hannas160,https://www.hannashandiworks.com/media/catalog/product/cache/bbf624d4e302b71a44cbbfb433873131/6/3/63577.JPG,63577.JPG,,,Hannas800,63577.JPG
STARK SPRING BUTTERFLY WALL ART 2 ASST.,66217,,"Metal; 18""W x 13.5""H x 1.5""D",In stock,,,,"Metal; 18""W x 13.5""H x 1.5""D",,4,$16.90 ,,,,,4,Hannas400,Hannas160,https://www.hannashandiworks.com/media/catalog/product/cache/bbf624d4e302b71a44cbbfb433873131/6/6/66217.JPG,66217.JPG,,,Hannas800,66217.JPG
TRADITIONAL RED LANTERN,65307,,Metal; 6¾”W x 15¾”H x 6¾”D,In stock,,,,Metal; 6¾”W x 15¾”H x 6¾”D,,4,$11.25 ,8,$10.75 ,12,$10.25 ,4,Hannas400,Hannas160,https://www.hannashandiworks.com/media/catalog/product/cache/bbf624d4e302b71a44cbbfb433873131/6/5/65307.JPG,65307.JPG,,,Hannas800,65307.JPG
TROPICAL FISH TEALIGHT HOLDER 2 ASST,68869,,Ceramic; 4¾”W x 1”H x 3½”D,In stock,$1.25 ,,,Ceramic; 4¾”W x 1”H x 3½”D,,4,$2.50 ,,,,,4,Hannas400,Hannas160,https://www.hannashandiworks.com/media/catalog/product/cache/bbf624d4e302b71a44cbbfb433873131/6/8/68869_11.jpg,68869_11.jpg,,,Hannas800,68869_11.jpg
DISTRESSED METAL MILK JUG,65018,,"Standing 1' tall, this Metal Milk Jug is great for tabletop, centerpiece or arrangement display. Metal; 8""Dia x 12""H",In stock,,,,"Standing 1' tall, this Metal Milk Jug is great for tabletop, centerpiece or arrangement display. Metal; 8""Dia x 12""H",,4,$10.50 ,8,$10.00 ,12,$9.50 ,4,Hannas400,Hannas160,https://www.hannashandiworks.com/media/catalog/product/cache/bbf624d4e302b71a44cbbfb433873131/6/5/65018.JPG,65018.JPG,,,Hannas800,65018.JPG
FLORAL OVAL PALE PURPLE PLANTER 3 PIECE SET,64467,,"Metal/Wood; Lg: 15""W x 7""H x 8¼""D; Med: 13¼""W x 6¾""H x 7¼""D; Sm: 11½""W x 6¼""H x 6""D",In stock,,,,"Metal/Wood; Lg: 15""W x 7""H x 8¼""D; Med: 13¼""W x 6¾""H x 7¼""D; Sm: 11½""W x 6¼""H x 6""D",,2,$18.50 ,4,$17.50 ,8,$16.50 ,2,Hannas400,Hannas160,https://www.hannashandiworks.com/media/catalog/product/cache/bbf624d4e302b71a44cbbfb433873131/6/4/64467.JPG,64467.JPG,,,Hannas800,64467.JPG
FLORAL OVAL YELLOW PLANTER 3 PIECE SET,64463,,"Metal; Sm: 11¼""W x 5¾""H x 5¾""D; Med: 14½""W x 6¼""H x 7¼""D; Lg: 17¾""W x 7""H x 8¼""D",In stock,,,,"Metal; Sm: 11¼""W x 5¾""H x 5¾""D; Med: 14½""W x 6¼""H x 7¼""D; Lg: 17¾""W x 7""H x 8¼""D",,2,$18.90 ,4,$17.90 ,,,2,Hannas400,Hannas160,https://www.hannashandiworks.com/media/catalog/product/cache/bbf624d4e302b71a44cbbfb433873131/6/4/64463.JPG,64463.JPG,,,Hannas800,64463.JPG
FLUTED METAL FLAGON,65121,,"Metal; 11""W x 15""H x 7¼""D",In stock,,,,"Metal; 11""W x 15""H x 7¼""D",,4,$11.25 ,8,$10.50 ,12,$9.75 ,4,Hannas400,Hannas160,https://www.hannashandiworks.com/media/catalog/product/cache/bbf624d4e302b71a44cbbfb433873131/6/5/65121.JPG,65121.JPG,,,Hannas800,65121.JPG
FLUTED METAL PITCHER,65120,,"Metal; 6½""W x 8""H x 5½""D",In stock,,,,"Metal; 6½""W x 8""H x 5½""D",,4,$8.75 ,8,$8.25 ,12,$7.75 ,4,Hannas400,Hannas160,https://www.hannashandiworks.com/media/catalog/product/cache/bbf624d4e302b71a44cbbfb433873131/6/5/65120.JPG,65120.JPG,,,Hannas800,65120.JPG
GARDEN VARIETY WHEELBARROW 3 PIECE SET,65088,,"Largest is Over 2' Wide! Metal with Wood Handles; Lg: 35¼""W x 13½""H x 13¾""D; Med: 29½""W x 14""H x 11½""D; Sm: 24¼""W x 10""H x 9½""D; Spray with Metal Protectant Prior to Outdoor Usage",In stock,,,,"Largest is Over 2' Wide! Metal with Wood Handles; Lg: 35¼""W x 13½""H x 13¾""D; Med: 29½""W x 14""H x 11½""D; Sm: 24¼""W x 10""H x 9½""D; Spray with Metal Protectant Prior to Outdoor Usage",,1,$62.50 ,,,,,1,Hannas400,Hannas160,https://www.hannashandiworks.com/media/catalog/product/cache/bbf624d4e302b71a44cbbfb433873131/6/5/65088.JPG,65088.JPG,,,Hannas800,65088.JPG
HANGING PAIL WELCOME PLANTER,62323,,Wood/Metal; 24½”W x 14¾”H x 6”D,In stock,,,,Wood/Metal; 24½”W x 14¾”H x 6”D,,2,$19.90 ,,,,,2,Hannas400,Hannas160,https://www.hannashandiworks.com/media/catalog/product/cache/bbf624d4e302b71a44cbbfb433873131/6/2/62323_1.JPG,62323_1.JPG,,,Hannas800,62323_1.JPG
METAL BEE CANISTER 2 PIECE SET,63178,,Metal; Lg: 18”W x 8”H x 9¼”D; Sm: 14½”W x 7”H x 7¾”D,In stock,$27.50 ,,,Metal; Lg: 18”W x 8”H x 9¼”D; Sm: 14½”W x 7”H x 7¾”D,,2,$34.50 ,,,,,2,Hannas400,Hannas160,https://www.hannashandiworks.com/media/catalog/product/cache/bbf624d4e302b71a44cbbfb433873131/6/3/63178.JPG,63178.JPG,,,Hannas800,63178.JPG
METAL WICKER PRINT PAIL 3 PIECE SET,62437,,Metal; L: 15¼”W x 7”H x 6¾”D and M: 13¼”W x 6½”H x 5¾”D and S: 11½”W x 6”H x 5”D,In stock,,,,Metal; L: 15¼”W x 7”H x 6¾”D and M: 13¼”W x 6½”H x 5¾”D and S: 11½”W x 6”H x 5”D,,2,$12.00 ,4,$11.50 ,,,2,Hannas400,Hannas160,https://www.hannashandiworks.com/media/catalog/product/cache/bbf624d4e302b71a44cbbfb433873131/6/2/62437_alt_1.JPG,62437_alt_1.JPG,,,Hannas800,62437_alt_1.JPG
METAL WOVEN PRINT TUB 3 PIECE SET,62436,,Metal; L: 17”W x 6¾”H x 7¾”D and S: 14”W x 5½”H x 5¾”D,In stock,$19.75 ,,,Metal; L: 17”W x 6¾”H x 7¾”D and S: 14”W x 5½”H x 5¾”D,,2,$25.00 ,,,,,2,Hannas400,Hannas160,https://www.hannashandiworks.com/media/catalog/product/cache/bbf624d4e302b71a44cbbfb433873131/6/2/62436_1.JPG,62436_1.JPG,,,Hannas800,62436_1.JPG
NESTING WOOD TOTE 2 PIECE SET,64044,,"Wood; Sm: 9½""W x 9""H x 9½""D; Lg: 12""W x 10½""H x 12""D *For use as a planter, please line first to protect wood.",In stock,,,,"Wood; Sm: 9½""W x 9""H x 9½""D; Lg: 12""W x 10½""H x 12""D *For use as a planter, please line first to protect wood.",,2,$47.50 ,,,,,2,Hannas400,Hannas160,https://www.hannashandiworks.com/media/catalog/product/cache/bbf624d4e302b71a44cbbfb433873131/6/4/64044.JPG,64044.JPG,,,Hannas800,64044.JPG
OPULENT PLANTER TUB 3 PIECE SET,65304,,"Metal; Lg: 13¼""W x 11½""H x 7¾""D; Med: 11½""W x 10¼""H x 6¾""D; Sm: 9¾""W x 9""H x 5¾""D",In stock,,,,"Metal; Lg: 13¼""W x 11½""H x 7¾""D; Med: 11½""W x 10¼""H x 6¾""D; Sm: 9¾""W x 9""H x 5¾""D",,2,$24.50 ,,,,,2,Hannas400,Hannas160,https://www.hannashandiworks.com/media/catalog/product/cache/bbf624d4e302b71a44cbbfb433873131/6/5/65304.JPG,65304.JPG,,,Hannas800,65304.JPG
PENNY FARTHING TWIN PLANTER,65183,,Over 2' Tall! Metal/Rope; 27¼”W x 30½”H x 10¾”D,In stock,$34.50 ,,,Over 2' Tall! Metal/Rope; 27¼”W x 30½”H x 10¾”D,,2,$45.50 ,,,,,2,Hannas400,Hannas160,https://www.hannashandiworks.com/media/catalog/product/cache/bbf624d4e302b71a44cbbfb433873131/6/5/65183.JPG,65183.JPG,,,Hannas800,65183.JPG
PUSHCART THREE TIERED STAND,65077,,"Over 2' Tall! Metal; 31""W x 31½""H x 11¾""D; Spray with Metal Protectant Prior to Outdoor Usage",In stock,,,,"Over 2' Tall! Metal; 31""W x 31½""H x 11¾""D; Spray with Metal Protectant Prior to Outdoor Usage",,1,$37.50 ,,,,,1,Hannas400,Hannas160,https://www.hannashandiworks.com/media/catalog/product/cache/bbf624d4e302b71a44cbbfb433873131/6/5/65077.JPG,65077.JPG,,,Hannas800,65077.JPG
RAISED BOWL PLANTER 2 PIECE SET,65027,,"Metal/Wood; Lg; 13¼""Dia x 22½""H; Sm; 11½""Dia x 18¼""H - Recommended indoor use only.",In stock,$35.50 ,,,"Metal/Wood; Lg; 13¼""Dia x 22½""H; Sm; 11½""Dia x 18¼""H - Recommended indoor use only.",,2,$46.50 ,,,,,2,Hannas400,Hannas160,https://www.hannashandiworks.com/media/catalog/product/cache/bbf624d4e302b71a44cbbfb433873131/6/5/65027.JPG,65027.JPG,,,Hannas800,65027.JPG
RAISED CORRUGATED PLANTER 2 PIECE SET,65308,,"Chic black and gold accent Raised Corrugated Planter Set - large size stands over 2' Tall! Metal; Lg: 11½""Dia x 32""H; Sm: 9¼""Dia x 27""H",In stock,$27.50 ,,,"Chic black and gold accent Raised Corrugated Planter Set - large size stands over 2' Tall! Metal; Lg: 11½""Dia x 32""H; Sm: 9¼""Dia x 27""H",,2,$34.50 ,,,,,2,Hannas400,Hannas160,https://www.hannashandiworks.com/media/catalog/product/cache/bbf624d4e302b71a44cbbfb433873131/6/5/65308.JPG,65308.JPG,,,Hannas800,65308.JPG
RAISED TUB HANDCART PLANTER,65082,,"Over 2' Tall! Metal; 30""W x 30""H x 12""D - Fantastic Decor Piece! Line to Turn Into a Drink Server or Use as a Planter; Spray with Metal Protectant Prior to Outdoor Usage",In stock,,,,"Over 2' Tall! Metal; 30""W x 30""H x 12""D - Fantastic Decor Piece! Line to Turn Into a Drink Server or Use as a Planter; Spray with Metal Protectant Prior to Outdoor Usage",,1,$52.50 ,,,,,1,Hannas400,Hannas160,https://www.hannashandiworks.com/media/catalog/product/cache/bbf624d4e302b71a44cbbfb433873131/6/5/65082.JPG,65082.JPG,,,Hannas800,65082.JPG
RING HANDLE PLANTER POT 3 PIECE SET,65020,,"Metal; Lg; 10""Dia x 10½""H; Med; 9""Dia x 9""H; Sm; 7¾""Dia x 8""H",In stock,$29.50 ,,,"Metal; Lg; 10""Dia x 10½""H; Med; 9""Dia x 9""H; Sm; 7¾""Dia x 8""H",,2,$37.50 ,,,,,2,Hannas400,Hannas160,https://www.hannashandiworks.com/media/catalog/product/cache/bbf624d4e302b71a44cbbfb433873131/6/5/65020.JPG,65020.JPG,,,Hannas800,65020.JPG
RUSTIC FARM FRESH METAL RAISED TUB,62321,,Metal; 17¼”W x 17½”H x 13”D *Pre-drilled for drainage,,$29.90 ,,,Metal; 17¼”W x 17½”H x 13”D *Pre-drilled for drainage,,NA,$37.50 ,,,,,NA,Hannas400,Hannas160,https://www.hannashandiworks.com/media/catalog/product/cache/bbf624d4e302b71a44cbbfb433873131/6/2/62321_1.JPG,62321_1.JPG,,,Hannas800,62321_1.JPG
RUSTIC METAL GARDEN CADDY 3 PIECE SET,65309,,"Metal; Lg: 13""W x 13½""H x 7½""D; Med: 11½""W x 11¾""H x 6¼""D; Sm: 9¾""W x 10½""H x 5¼""D",In stock,,,,"Metal; Lg: 13""W x 13½""H x 7½""D; Med: 11½""W x 11¾""H x 6¼""D; Sm: 9¾""W x 10½""H x 5¼""D",,4,$14.25 ,8,$13.50 ,12,$12.75 ,4,Hannas400,Hannas160,https://www.hannashandiworks.com/media/catalog/product/cache/bbf624d4e302b71a44cbbfb433873131/6/5/65309.JPG,65309.JPG,,,Hannas800,65309.JPG
RUSTIC METAL THREE TIERED STAND,65078,,"Over 2' Tall! Metal; 18½""Dia x 28½""H; Spray with Metal Protectant Prior to Outdoor Usage",In stock,,,,"Over 2' Tall! Metal; 18½""Dia x 28½""H; Spray with Metal Protectant Prior to Outdoor Usage",,2,$28.50 ,4,$27.00 ,6,$25.50 ,2,Hannas400,Hannas160,https://www.hannashandiworks.com/media/catalog/product/cache/bbf624d4e302b71a44cbbfb433873131/6/5/65078.JPG,65078.JPG,,,Hannas800,65078.JPG
RUSTIC TRIPLE BUCKET WITH TRAY,63177,,Metal/Wood; Bucket: 5¼”W x 5”H x 5¼”D; Tray: 17”W x 3½”H x 4¼”D,In stock,,,,Metal/Wood; Bucket: 5¼”W x 5”H x 5¼”D; Tray: 17”W x 3½”H x 4¼”D,,2,$19.90 ,,,,,2,Hannas400,Hannas160,https://www.hannashandiworks.com/media/catalog/product/cache/bbf624d4e302b71a44cbbfb433873131/6/3/63177.JPG,63177.JPG,,,Hannas800,63177.JPG
BUGGY GNOME ORNAMENT 2 ASST,65172,,"Fabric; 3¾""W x 10""H x 3""D",In stock,,,,"Fabric; 3¾""W x 10""H x 3""D",,12,$2.75 ,48,$2.50 ,,,12,Hannas400,Hannas160,https://www.hannashandiworks.com/media/catalog/product/cache/bbf624d4e302b71a44cbbfb433873131/6/5/65172.JPG,65172.JPG,,,Hannas800,65172.JPG
CHILLIN BEE GNOMES 2 ASST,63342,,Resin; 7¾”W x 5¾”H x 4½”D,In stock,,,,Resin; 7¾”W x 5¾”H x 4½”D,,4,$13.50 ,12,$13.00 ,24,$12.50 ,4,Hannas400,Hannas160,https://www.hannashandiworks.com/media/catalog/product/cache/bbf624d4e302b71a44cbbfb433873131/6/3/63342-with-props.JPG,63342-with-props.JPG,,,Hannas800,63342-with-props.JPG
GARDEN CRITTERS MUSHROOM BUNCH 3 ASST,65501,,"Resin; 4""W x 6-6¾""H x 2½""D",In stock,,,,"Resin; 4""W x 6-6¾""H x 2½""D",,6,$4.20 ,12,$3.90 ,,,6,Hannas400,Hannas160,https://www.hannashandiworks.com/media/catalog/product/cache/bbf624d4e302b71a44cbbfb433873131/6/5/65501.JPG,65501.JPG,,,Hannas800,65501.JPG
GARDEN GNOME BOOKWORM MOSAIC SOLAR HAT,65359,,"Where beauty meets the whimsical! Our Bookworm Gnome features a mosaic, solar light hat for gentle nighttime glow. Solar Light! Resin/Mosaic Glass; 6""W x 19¾""H x 6¾""D",In stock,,,,"Where beauty meets the whimsical! Our Bookworm Gnome features a mosaic, solar light hat for gentle nighttime glow. Solar Light! Resin/Mosaic Glass; 6""W x 19¾""H x 6¾""D",,2,$24.75 ,,,,,2,Hannas400,Hannas160,https://www.hannashandiworks.com/media/catalog/product/cache/bbf624d4e302b71a44cbbfb433873131/6/5/65359.JPG,65359.JPG,,,Hannas800,65359.JPG
GARDEN GNOME RECLINING FRIEND MOSAIC SOLAR HAT,65356,,"Bring beauty to the whimsical! Our Reclining Garden Gnome features a mosaic, solar-light glass hat for soft, nighttime glow. Resin/Mosaic Glass construction; 7""W x 13""H x 11½""D",In stock,,,,"Bring beauty to the whimsical! Our Reclining Garden Gnome features a mosaic, solar-light glass hat for soft, nighttime glow. Resin/Mosaic Glass construction; 7""W x 13""H x 11½""D",,2,$25.50 ,,,,,2,Hannas400,Hannas160,https://www.hannashandiworks.com/media/catalog/product/cache/bbf624d4e302b71a44cbbfb433873131/6/5/65356.JPG,65356.JPG,,,Hannas800,65356.JPG
GARDEN GNOME WELCOME MOSAIC SOLAR HAT,65357,,"Where beauty meets the whimsical! Our Weclome Gnome features a mosaic glass, solar light hat for a soft nighttime glow. Solar Light! Resin/Mosaic Glass; 7¾""W x 17¾""H x 5¾""D",In stock,,,,"Where beauty meets the whimsical! Our Weclome Gnome features a mosaic glass, solar light hat for a soft nighttime glow. Solar Light! Resin/Mosaic Glass; 7¾""W x 17¾""H x 5¾""D",,2,$25.00 ,,,,,2,Hannas400,Hannas160,https://www.hannashandiworks.com/media/catalog/product/cache/bbf624d4e302b71a44cbbfb433873131/6/5/65357.JPG,65357.JPG,,,Hannas800,65357.JPG
GARDEN WELCOME GNOME STONE 2 ASST.,62363,,Cement; ¾”H x 10”Dia,In stock,$3.25 ,,,Cement; ¾”H x 10”Dia,,6,$6.50 ,,,,,6,Hannas400,Hannas160,https://www.hannashandiworks.com/media/catalog/product/cache/bbf624d4e302b71a44cbbfb433873131/6/2/62363_1.JPG,62363_1.JPG,,,Hannas800,62363_1.JPG
LARGE MUSHROOM BUNCH TABLETOP,65507,,"Resin; 6¼""Dia x 12""H",In stock,,,,"Resin; 6¼""Dia x 12""H",,4,$13.50 ,8,$12.50 ,,,4,Hannas400,Hannas160,https://www.hannashandiworks.com/media/catalog/product/cache/bbf624d4e302b71a44cbbfb433873131/6/5/65507.JPG,65507.JPG,,,Hannas800,65507.JPG
MUSHROOM CAP GNOME WITH LED 2 ASST,65486,,"Cap Lights Up! Resin; 5½"" x 9¼""H x 4""D; Requires 2 LR44 batteries; not included",In stock,$6.90 ,,,"Cap Lights Up! Resin; 5½"" x 9¼""H x 4""D; Requires 2 LR44 batteries; not included",,4,$9.50 ,,,,,4,Hannas400,Hannas160,https://www.hannashandiworks.com/media/catalog/product/cache/bbf624d4e302b71a44cbbfb433873131/6/5/65486.JPG,65486.JPG,,,Hannas800,65486.JPG
MUSHROOM SALT AND PEPPER SET,65231,,"Ceramic; 2½""Dia x 3""H",In stock,,,,"Ceramic; 2½""Dia x 3""H",,4,$3.75 ,8,$3.50 ,36,$3.25 ,4,Hannas400,Hannas160,https://www.hannashandiworks.com/media/catalog/product/cache/bbf624d4e302b71a44cbbfb433873131/6/5/65231.JPG,65231.JPG,,,Hannas800,65231.JPG
PASTEL MUSHROOM STANDER 3 ASST,65271,,"Fabric; 8½""Dia x 12½""H",In stock,,,,"Fabric; 8½""Dia x 12½""H",,6,$7.50 ,12,$7.00 ,24,$6.50 ,6,Hannas400,Hannas160,https://www.hannashandiworks.com/media/catalog/product/cache/bbf624d4e302b71a44cbbfb433873131/6/5/65271.JPG,65271.JPG,,,Hannas800,65271.JPG
RIVER STONE HAT GARDEN GNOME,66008,,"Manufactured Stone; 7""W x 20.5""H x 6.5""D",In stock,,,,"Manufactured Stone; 7""W x 20.5""H x 6.5""D",,2,$26.50 ,4,$25.50 ,,,2,Hannas400,Hannas160,https://www.hannashandiworks.com/media/catalog/product/cache/bbf624d4e302b71a44cbbfb433873131/6/6/66008.JPG,66008.JPG,,,Hannas800,66008.JPG
SPRING TIME FAIRY HANGER 3 ASST,63575,,Metal/Rope; 5¼”W x 11¾”H x ¼”D,In stock,$1.13 ,,,Metal/Rope; 5¼”W x 11¾”H x ¼”D,,12,$2.25 ,,,,,12,Hannas400,Hannas160,https://www.hannashandiworks.com/media/catalog/product/cache/bbf624d4e302b71a44cbbfb433873131/6/3/63575.JPG,63575.JPG,,,Hannas800,63575.JPG
WELCOME GNOMES 2 ASST,64026,,"Manufactured Stone; 4¼""W x 8½""H x 3¼""D",In stock,,,,"Manufactured Stone; 4¼""W x 8½""H x 3¼""D",,8,$5.50 ,16,$5.00 ,,,8,Hannas400,Hannas160,https://www.hannashandiworks.com/media/catalog/product/cache/bbf624d4e302b71a44cbbfb433873131/6/4/64026.JPG,64026.JPG,,,Hannas800,64026.JPG
GARDEN SNAIL WITH FLORAL SOLAR MUSHROOM CAP,65368,,"Where beauty meets the whimsical! Floral mushroom cap features Solar Light! Resin construction; 10""W x 15¾""H x 7""D",In stock,,,,"Where beauty meets the whimsical! Floral mushroom cap features Solar Light! Resin construction; 10""W x 15¾""H x 7""D",,2,$27.50 ,4,$26.50 ,,,2,Hannas400,Hannas160,https://www.hannashandiworks.com/media/catalog/product/cache/bbf624d4e302b71a44cbbfb433873131/6/5/65368.JPG,65368.JPG,,,Hannas800,65368.JPG
GRANDKIDS LOVED STEPPING STONE,65000,,"Manufactured Stone; 10¼""Dia x 1""D",In stock,,,,"Manufactured Stone; 10¼""Dia x 1""D",,6,$6.50 ,12,$6.00 ,24,$5.50 ,6,Hannas400,Hannas160,https://www.hannashandiworks.com/media/catalog/product/cache/bbf624d4e302b71a44cbbfb433873131/6/5/65000.JPG,65000.JPG,,,Hannas800,65000.JPG
HOMESTEADER HARE TABLETOP 2 ASST SMALL,65464,,"Resin; 3¼""W X 8¾""H X 3¾""D",In stock,,,,"Resin; 3¼""W X 8¾""H X 3¾""D",,4,$5.75 ,8,$5.25 ,,,4,Hannas400,Hannas160,https://www.hannashandiworks.com/media/catalog/product/cache/bbf624d4e302b71a44cbbfb433873131/6/5/65464.JPG,65464.JPG,,,Hannas800,65464.JPG
LITTLE LAMBCHOP TABLETOP 3 ASST,65517,,"Resin; 2½-4""W x 3¼-3¾""H x 2¾-3""D",In stock,,,,"Resin; 2½-4""W x 3¼-3¾""H x 2¾-3""D",,12,$2.75 ,24,$2.50 ,48,$2.25 ,12,Hannas400,Hannas160,https://www.hannashandiworks.com/media/catalog/product/cache/bbf624d4e302b71a44cbbfb433873131/6/5/65517.JPG,65517.JPG,,,Hannas800,65517.JPG
LOUNGING CHERUB SHELF PIECE 2 ASST.,66239,,"Resin; 7.5""W x 3.75""H x 3.5""D",In stock,,,,"Resin; 7.5""W x 3.75""H x 3.5""D",,4,$7.50 ,8,$7.00 ,24,$6.50 ,4,Hannas400,Hannas160,https://www.hannashandiworks.com/media/catalog/product/cache/bbf624d4e302b71a44cbbfb433873131/6/6/66239.JPG,66239.JPG,,,Hannas800,66239.JPG
MOSAIC BACK SOLAR KITTY AND PUPPER 2 ASST,65379,,"Eyes glow at nighttime thanks to built-in Solar Light! Manufactured Stone; 12¾""W x 6-7¼""H x 7""D",In stock,,,,"Eyes glow at nighttime thanks to built-in Solar Light! Manufactured Stone; 12¾""W x 6-7¼""H x 7""D",,2,$20.00 ,4,$19.00 ,8,$18.00 ,2,Hannas400,Hannas160,https://www.hannashandiworks.com/media/catalog/product/cache/bbf624d4e302b71a44cbbfb433873131/6/5/65379.JPG,65379.JPG,,,Hannas800,65379.JPG
MOSSY FINISH BUNBUN 2 ASST,65459,,"Resin; 2-2¾""W x 3½""H x 2-2¼""D",In stock,,,,"Resin; 2-2¾""W x 3½""H x 2-2¼""D",,12,$1.90 ,96,$1.60 ,,,12,Hannas400,Hannas160,https://www.hannashandiworks.com/media/catalog/product/cache/bbf624d4e302b71a44cbbfb433873131/6/5/65459.JPG,65459.JPG,,,Hannas800,65459.JPG
FULL BLOOM HAPPINESS SIGN 2 ASST,63293,,Metal/Rope; 14”W x 17¼”H x ½”D,In stock,,,,Metal/Rope; 14”W x 17¼”H x ½”D,,6,$9.50 ,12,$9.00 ,24,$8.50 ,6,Hannas400,Hannas160,https://www.hannashandiworks.com/media/catalog/product/cache/bbf624d4e302b71a44cbbfb433873131/6/3/63293.JPG,63293.JPG,,,Hannas800,63293.JPG
GARDEN FENCE WELCOME HANGING SIGN,65136,,"Over 2' Tall! Wood/Rope; 11¼""W x 30½""H x 3""D",In stock,,,,"Over 2' Tall! Wood/Rope; 11¼""W x 30½""H x 3""D",,4,$16.50 ,8,$15.50 ,,,4,Hannas400,Hannas160,https://www.hannashandiworks.com/media/catalog/product/cache/bbf624d4e302b71a44cbbfb433873131/6/5/65136.JPG,65136.JPG,,,Hannas800,65136.JPG
GOLD TRIMMED FLOWER WALL DECOR LARGE,65184,,"Metal; 22¾"" Dia x 2¾""D",In stock,,,,"Metal; 22¾"" Dia x 2¾""D",,4,$15.50 ,8,$14.50 ,16,$13.50 ,4,Hannas400,Hannas160,https://www.hannashandiworks.com/media/catalog/product/cache/bbf624d4e302b71a44cbbfb433873131/6/5/65184.JPG,65184.JPG,,,Hannas800,65184.JPG
GOLD TRIMMED WILDFLOWER WALL DECOR,65182,,Metal; 12”Dia x 1”D,In stock,,,,Metal; 12”Dia x 1”D,,6,$5.75 ,12,$5.25 ,,,6,Hannas400,Hannas160,https://www.hannashandiworks.com/media/catalog/product/cache/bbf624d4e302b71a44cbbfb433873131/6/5/65182.JPG,65182.JPG,,,Hannas800,65182.JPG
HAPPINESS LOVE LIGHTED TABLETOP 2 ASST.,66141,,"Lights Up Wood/Plastic; 8""W x 7""H x 2.5""D",In stock,,,,"Lights Up Wood/Plastic; 8""W x 7""H x 2.5""D",,6,$7.75 ,12,$7.25 ,,,6,Hannas400,Hannas160,https://www.hannashandiworks.com/media/catalog/product/cache/bbf624d4e302b71a44cbbfb433873131/6/6/66141.JPG,66141.JPG,,,Hannas800,66141.JPG
HOME AND GARDEN WELCOME STONES 2 ASST,64029,,"Manufactured Stone; 10"" Dia x ¾""D",In stock,,,,"Manufactured Stone; 10"" Dia x ¾""D",,6,$6.75 ,12,$6.25 ,24,$5.75 ,6,Hannas400,Hannas160,https://www.hannashandiworks.com/media/catalog/product/cache/bbf624d4e302b71a44cbbfb433873131/6/4/64029.JPG,64029.JPG,,,Hannas800,64029.JPG
METAL FLOWER HOOK 3 ASST,63142,,Metal; 5¾”W x 10”H x 2¾”D,In stock,$7.20 ,,,Metal; 5¾”W x 10”H x 2¾”D,,6,$9.00 ,,,,,6,Hannas400,Hannas160,https://www.hannashandiworks.com/media/catalog/product/cache/bbf624d4e302b71a44cbbfb433873131/6/3/63142.JPG,63142.JPG,,,Hannas800,63142.JPG
METAL FLOWER MARKET WALL PLAQUE,63308,,Metal; 15¾”W x 15¾”H x ¼”D,In stock,,,,Metal; 15¾”W x 15¾”H x ¼”D,,4,$12.50 ,8,$12.00 ,16,$11.50 ,4,Hannas400,Hannas160,https://www.hannashandiworks.com/media/catalog/product/cache/bbf624d4e302b71a44cbbfb433873131/6/3/63308.JPG,63308.JPG,,,Hannas800,63308.JPG
RED RETRO WOOD FLOWER TRUCK STANDER,62270,,Wood; 23½”W x 14”H x 4¾”D,In stock,$12.25 ,,,Wood; 23½”W x 14”H x 4¾”D,,2,$24.50 ,,,,,2,Hannas400,Hannas160,https://www.hannashandiworks.com/media/catalog/product/cache/bbf624d4e302b71a44cbbfb433873131/6/2/62270_1.JPG,62270_1.JPG,,,Hannas800,62270_1.JPG
RELAXED HIGHLAND COW IN FLOWER 2 ASST.,66203,,"Resin; 4.5""W x 3.5""H x 3""D",In stock,,,,"Resin; 4.5""W x 3.5""H x 3""D",,4,$4.75 ,8,$4.25 ,,,4,Hannas400,Hannas160,https://www.hannashandiworks.com/media/catalog/product/cache/bbf624d4e302b71a44cbbfb433873131/6/6/66203.JPG,66203.JPG,,,Hannas800,66203.JPG
ROSETTE BLOSSOM FLOWER HANGER 3 ASST MEDIUM,62556,,Metal; 16¼”Dia x 3½”D,In stock,,,,Metal; 16¼”Dia x 3½”D,,6,$11.90 ,,,,,6,Hannas400,Hannas160,https://www.hannashandiworks.com/media/catalog/product/cache/bbf624d4e302b71a44cbbfb433873131/6/2/62556_1.JPG,62556_1.JPG,,,Hannas800,62556_1.JPG
RUSTIC GARDEN FLOWER STAKE 2 ASST,65181,,Over 3' Tall! Metal; 9¾”W x 40”H x 1”D,In stock,$9.50 ,,,Over 3' Tall! Metal; 9¾”W x 40”H x 1”D,,6,$12.50 ,,,,,6,Hannas400,Hannas160,https://www.hannashandiworks.com/media/catalog/product/cache/bbf624d4e302b71a44cbbfb433873131/6/5/65181.JPG,65181.JPG,,,Hannas800,65181.JPG
DECORATED SHELL TURTLE SNAIL GARDEN STONE 2 ASST.,66031,,"Manufactured Stone; 6.5""W x 4""H x 3-4""D",In stock,,,,"Manufactured Stone; 6.5""W x 4""H x 3-4""D",,6,$5.50 ,12,$5.25 ,24,$5.00 ,6,Hannas400,Hannas160,https://www.hannashandiworks.com/media/catalog/product/cache/bbf624d4e302b71a44cbbfb433873131/6/6/66031.JPG,66031.JPG,,,Hannas800,66031.JPG
FANCY FROGGY STANDER 2 ASST.,66313,,"Fabric/Mixed Materials; 9""W x 20""H x 4.5""D",In stock,,,,"Fabric/Mixed Materials; 9""W x 20""H x 4.5""D",,6,$10.75 ,12,$10.25 ,24,$9.75 ,6,Hannas400,Hannas160,https://www.hannashandiworks.com/media/catalog/product/cache/bbf624d4e302b71a44cbbfb433873131/6/6/66313.JPG,66313.JPG,,,Hannas800,66313.JPG
INNOCENT TURTLE TABLETOP 2 ASST.,66209,,"Resin; 3.5""W x 4.75""H x 2.75""D",In stock,,,,"Resin; 3.5""W x 4.75""H x 2.75""D",,6,$4.50 ,12,$4.25 ,24,$4.00 ,6,Hannas400,Hannas160,https://www.hannashandiworks.com/media/catalog/product/cache/bbf624d4e302b71a44cbbfb433873131/6/6/66209.JPG,66209.JPG,,,Hannas800,66209.JPG
LEISURELY GARDEN FROG WITH SOLAR LIGHTS 2 ASST,66200,,"Resin; 10½""W x 7¼""H x 3½""D",In stock,$13.00 ,,,"Resin; 10½""W x 7¼""H x 3½""D",,4,$16.50 ,,,,,4,Hannas400,Hannas160,https://www.hannashandiworks.com/media/catalog/product/cache/bbf624d4e302b71a44cbbfb433873131/6/6/66200.JPG,66200.JPG,,,Hannas800,66200.JPG
RIVER STONE SHELL GARDEN TURTLES,66016,,"Manufactured Stone; 15""W x 10""H x 7¼""D",In stock,$23.50 ,,,"Manufactured Stone; 15""W x 10""H x 7¼""D",,2,$29.50 ,,,,,2,Hannas400,Hannas160,https://www.hannashandiworks.com/media/catalog/product/cache/bbf624d4e302b71a44cbbfb433873131/6/6/66016.JPG,66016.JPG,,,Hannas800,66016.JPG
SPRING GARDEN TURTLE 3 ASST.,60294,,"Resin; 2.5""W x 4.5-5""H x 2.5""D",In stock,,,,"Resin; 2.5""W x 4.5-5""H x 2.5""D",,12,$3.75 ,24,$3.25 ,,,12,Hannas400,Hannas160,https://www.hannashandiworks.com/media/catalog/product/cache/bbf624d4e302b71a44cbbfb433873131/6/0/60294.JPG,60294.JPG,,,Hannas800,60294.JPG
WELCOME TURTLE DANGLE LEG 2 ASST.,66231,,"Resin/Mixed Materials; 2.75""W x 6.5""H x 1.5-2""D",In stock,,,,"Resin/Mixed Materials; 2.75""W x 6.5""H x 1.5-2""D",,6,$3.50 ,12,$3.25 ,24,$3.00 ,6,Hannas400,Hannas160,https://www.hannashandiworks.com/media/catalog/product/cache/bbf624d4e302b71a44cbbfb433873131/6/6/66231.JPG,66231.JPG,,,Hannas800,66231.JPG
WOOD GRAIN FAUX STONE TURTLE,65355,,"Resin; 13¼""W x 10½""H x 8¼""D",In stock,,,,"Resin; 13¼""W x 10½""H x 8¼""D",,2,$23.75 ,4,$22.75 ,8,$21.75 ,2,Hannas400,Hannas160,https://www.hannashandiworks.com/media/catalog/product/cache/bbf624d4e302b71a44cbbfb433873131/6/5/65355.JPG,65355.JPG,,,Hannas800,65355.JPG
BUMBLEBEE DAISY WELCOME WREATH,65242,,"Metal; 17""W x 15""H x 1¼""D",In stock,,,,"Metal; 17""W x 15""H x 1¼""D",,6,$17.90 ,,,,,6,Hannas400,Hannas160,https://www.hannashandiworks.com/media/catalog/product/cache/bbf624d4e302b71a44cbbfb433873131/6/5/65242.JPG,65242.JPG,,,Hannas800,65242.JPG
HONEY BEE SIGN,64060,,"Metal/Rope; 8""W x 10½""H x ¼""D",In stock,,,,"Metal/Rope; 8""W x 10½""H x ¼""D",,8,$4.50 ,16,$4.25 ,24,$4.00 ,8,Hannas400,Hannas160,https://www.hannashandiworks.com/media/catalog/product/cache/bbf624d4e302b71a44cbbfb433873131/6/4/64060.JPG,64060.JPG,,,Hannas800,64060.JPG
HONEY HIVE TABLETOP 2 ASST,64065,,"Wood; 5½""W x 6¾""H x 1""D",In stock,,,,"Wood; 5½""W x 6¾""H x 1""D",,4,$4.50 ,12,$4.25 ,24,$4.00 ,4,Hannas400,Hannas160,https://www.hannashandiworks.com/media/catalog/product/cache/bbf624d4e302b71a44cbbfb433873131/6/4/64065.JPG,64065.JPG,,,Hannas800,64065.JPG
HONEYBEE SIGN 2 ASST,64154,,"Wood/Metal/Rope; 11¾""W x 16""H x 1""D",In stock,,,,"Wood/Metal/Rope; 11¾""W x 16""H x 1""D",,6,$9.50 ,12,$9.00 ,18,$8.50 ,6,Hannas400,Hannas160,https://www.hannashandiworks.com/media/catalog/product/cache/bbf624d4e302b71a44cbbfb433873131/6/4/64154.JPG,64154.JPG,,,Hannas800,64154.JPG
HONEYCOMB BEE TRAY 2 PIECE SET,63245,,Wood; Lg: 14”W x 14”H x 1¾”D; Sm: 13”W x 13”H x 1½”D,,$19.50 ,,,Wood; Lg: 14”W x 14”H x 1¾”D; Sm: 13”W x 13”H x 1½”D,,NA,$25.00 ,,,,,NA,Hannas400,Hannas160,https://www.hannashandiworks.com/media/catalog/product/cache/bbf624d4e302b71a44cbbfb433873131/6/3/63245.JPG,63245.JPG,,,Hannas800,63245.JPG
HONEYCOMB WELCOME VERTICAL HANGER,62148,,Wood/Metal; 9”W x 42½”H x 1”D; Hanger: 7”H,In stock,$22.90 ,,,Wood/Metal; 9”W x 42½”H x 1”D; Hanger: 7”H,,4,$28.75 ,,,,,4,Hannas400,Hannas160,https://www.hannashandiworks.com/media/catalog/product/cache/bbf624d4e302b71a44cbbfb433873131/6/2/62148_2.JPG,62148_2.JPG,,,Hannas800,62148_2.JPG
LADYBUG SPRING WELCOME TABLETOP SIGN,64069,,Wood/Metal; 12½”W x 13¾”H x 3¾”D,In stock,$11.90 ,,,Wood/Metal; 12½”W x 13¾”H x 3¾”D,,4,$15.50 ,,,,,4,Hannas400,Hannas160,https://www.hannashandiworks.com/media/catalog/product/cache/bbf624d4e302b71a44cbbfb433873131/6/4/64069.JPG,64069.JPG,,,Hannas800,64069.JPG
LADYBUG TABLETOP,64074,,"Wood/Metal; 5""W x 3½""H x 1""D",In stock,,,,"Wood/Metal; 5""W x 3½""H x 1""D",,4,$3.75 ,12,$3.50 ,24,$3.25 ,4,Hannas400,Hannas160,https://www.hannashandiworks.com/media/catalog/product/cache/bbf624d4e302b71a44cbbfb433873131/6/4/64074.JPG,64074.JPG,,,Hannas800,64074.JPG
LET IT BEE SIGN 2 ASST,65394,,"Metal; 23¼""W x 15½""H x ½""D",In stock,,,,"Metal; 23¼""W x 15½""H x ½""D",,6,$4.50 ,12,$4.25 ,24,$4.00 ,6,Hannas400,Hannas160,https://www.hannashandiworks.com/media/catalog/product/cache/bbf624d4e302b71a44cbbfb433873131/6/5/65394.JPG,65394.JPG,,,Hannas800,65394.JPG
SILLY SNAIL TABLETOP 2 ASST,66318,,"Fabric/Mixed Materials; 11¼-12""W x 10¼-11""H x 5¼-6""D",In stock,,,,"Fabric/Mixed Materials; 11¼-12""W x 10¼-11""H x 5¼-6""D",,6,$8.50 ,12,$8.00 ,24,$7.50 ,6,Hannas400,Hannas160,https://www.hannashandiworks.com/media/catalog/product/cache/bbf624d4e302b71a44cbbfb433873131/6/6/66318.JPG,66318.JPG,,,Hannas800,66318.JPG
SIMPLY BEE METAL BUCKET 2-PIECE SET,62149,,Metal/Wood; L: 12¼”W x 11¼”H x 8”D and S: 10¼”W x 9½”H x 7”D; Handle: 6-7”H,In stock,$27.90 ,,,Metal/Wood; L: 12¼”W x 11¼”H x 8”D and S: 10¼”W x 9½”H x 7”D; Handle: 6-7”H,,2,$34.50 ,,,,,2,Hannas400,Hannas160,https://www.hannashandiworks.com/media/catalog/product/cache/bbf624d4e302b71a44cbbfb433873131/6/2/62149_1.JPG,62149_1.JPG,,,Hannas800,62149_1.JPG
RAIN BOOTS BLOOMING HIGHLAND COW 3 ASST.,66214,,"Resin; 3.25-4.25""W x 3.5-4.5""H x 3""D",In stock,,,,"Resin; 3.25-4.25""W x 3.5-4.5""H x 3""D",,6,$4.25 ,12,$4.00 ,,,6,Hannas400,Hannas160,https://www.hannashandiworks.com/media/catalog/product/cache/bbf624d4e302b71a44cbbfb433873131/6/6/66214.JPG,66214.JPG,,,Hannas800,66214.JPG
SPRINGTIDE HIGHLAND COW ORNAMENT 3 ASST.,66123,,"Resin/Mixed Materials; 2.5""W x 3""H x 2""D",In stock,,,,"Resin/Mixed Materials; 2.5""W x 3""H x 2""D",,12,$2.75 ,24,$2.50 ,,,12,Hannas400,Hannas160,https://www.hannashandiworks.com/media/catalog/product/cache/bbf624d4e302b71a44cbbfb433873131/6/6/66123.JPG,66123.JPG,,,Hannas800,66123.JPG
DOGS WELCOME FAUX GARDEN STONE,65523,,"Resin; 8½""W x 2¾""H x 6""D",In stock,,,,"Resin; 8½""W x 2¾""H x 6""D",,4,$7.50 ,8,$7.00 ,16,$6.50 ,4,Hannas400,Hannas160,https://www.hannashandiworks.com/media/catalog/product/cache/bbf624d4e302b71a44cbbfb433873131/6/5/65523.JPG,65523.JPG,,,Hannas800,65523.JPG
MUSHROOM CLUSTER GARDEN STAKE 2 ASST,65296,,"Metal; 8""W x 20½""H x 5½""D",In stock,,,,"Metal; 8""W x 20½""H x 5½""D",,8,$10.50 ,16,$10.00 ,24,$9.50 ,8,Hannas400,Hannas160,https://www.hannashandiworks.com/media/catalog/product/cache/bbf624d4e302b71a44cbbfb433873131/6/5/65296.JPG,65296.JPG,,,Hannas800,65296.JPG
MUSHROOM DUO VIOLET MOSAIC CAP,65361,,"Where beauty meets the whimsical! Our Violet Mushroom Duo feature a mosaic glass cap for added charm in the garden; on Special Offer. Manufactured Stone/Mosaic Glass; 15""W x 21¼""H x 12¾""D",In stock,$34.50 ,,,"Where beauty meets the whimsical! Our Violet Mushroom Duo feature a mosaic glass cap for added charm in the garden; on Special Offer. Manufactured Stone/Mosaic Glass; 15""W x 21¼""H x 12¾""D",,2,$44.00 ,,,,,2,Hannas400,Hannas160,https://www.hannashandiworks.com/media/catalog/product/cache/bbf624d4e302b71a44cbbfb433873131/6/5/65361.JPG,65361.JPG,,,Hannas800,65361.JPG
MUSHROOM TRIO GREEN MOSAIC CAP,65360,,"Where beauty meets the whimsical! Our green Mushroom Trio features a mosaic glass cap for an exceptional look in the garden. Manufactured Stone/Mosaic Glass; 13""W x 19""H x 10¾""D",In stock,,,,"Where beauty meets the whimsical! Our green Mushroom Trio features a mosaic glass cap for an exceptional look in the garden. Manufactured Stone/Mosaic Glass; 13""W x 19""H x 10¾""D",,2,$32.50 ,,,,,2,Hannas400,Hannas160,https://www.hannashandiworks.com/media/catalog/product/cache/bbf624d4e302b71a44cbbfb433873131/6/5/65360.JPG,65360.JPG,,,Hannas800,65360.JPG
RIPE TOMATO MINIS TABLETOP 3 ASST,65429,,"Resin; 1¼""Diameter x 1""H; Box: 6""W x 1¼""H x 4½""D",In stock,,,,"Resin; 1¼""Diameter x 1""H; Box: 6""W x 1¼""H x 4½""D",,24,$1.20 ,48,$1.10 ,96,$1.00 ,24,Hannas400,Hannas160,https://www.hannashandiworks.com/media/catalog/product/cache/bbf624d4e302b71a44cbbfb433873131/6/5/65429.JPG,65429.JPG,,,Hannas800,65429.JPG
SPOILED GRANDKIDS STONE,64030,,"Manufactured Stone; 10"" Dia x ¾""D",In stock,,,,"Manufactured Stone; 10"" Dia x ¾""D",,6,$6.75 ,12,$6.25 ,24,$5.75 ,6,Hannas400,Hannas160,https://www.hannashandiworks.com/media/catalog/product/cache/bbf624d4e302b71a44cbbfb433873131/6/4/64030.JPG,64030.JPG,,,Hannas800,64030.JPG
SPRING TIME BELL HANGER 3 ASST,63579,,Metal/Rope; 8¾”H x 4”Dia,In stock,,,,Metal/Rope; 8¾”H x 4”Dia,,12,$3.50 ,24,$3.25 ,48,$3.00 ,12,Hannas400,Hannas160,https://www.hannashandiworks.com/media/catalog/product/cache/bbf624d4e302b71a44cbbfb433873131/6/3/63579.JPG,63579.JPG,,,Hannas800,63579.JPG
SPRING TIME BIRD BELL 3 ASST,63580,,Metal/Rope; 8½”H x 3¾”Dia,In stock,$1.75 ,,,Metal/Rope; 8½”H x 3¾”Dia,,12,$3.50 ,,,,,12,Hannas400,Hannas160,https://www.hannashandiworks.com/media/catalog/product/cache/bbf624d4e302b71a44cbbfb433873131/6/3/63580.JPG,63580.JPG,,,Hannas800,63580.JPG
DOG BONE STEPPING STONE 2 ASST.,66163,,"Resin; 11.75""W x 5.75""H x .75""D",In stock,,,,"Resin; 11.75""W x 5.75""H x .75""D",,8,$6.75 ,16,$6.25 ,24,$5.75 ,8,Hannas400,Hannas160,https://www.hannashandiworks.com/media/catalog/product/cache/bbf624d4e302b71a44cbbfb433873131/6/6/66163.JPG,66163.JPG,,,Hannas800,66163.JPG
PLEASANT PIGGY DANGLE LEG 2 ASST.,66232,,"Resin/Mixed Materials; 2.25-2.5""W x 6.5""H x 2-2.25""D",In stock,,,,"Resin/Mixed Materials; 2.25-2.5""W x 6.5""H x 2-2.25""D",,6,$3.50 ,12,$3.25 ,24,$3.00 ,6,Hannas400,Hannas160,https://www.hannashandiworks.com/media/catalog/product/cache/bbf624d4e302b71a44cbbfb433873131/6/6/66232.JPG,66232.JPG,,,Hannas800,66232.JPG
RESTING CHERUB SHELF SITTER 2 ASST.,66240,,"Resin; 5.5""W x 7.5""H x 3.5""D",In stock,,,,"Resin; 5.5""W x 7.5""H x 3.5""D",,4,$8.75 ,8,$8.25 ,16,$7.75 ,4,Hannas400,Hannas160,https://www.hannashandiworks.com/media/catalog/product/cache/bbf624d4e302b71a44cbbfb433873131/6/6/66240.JPG,66240.JPG,,,Hannas800,66240.JPG
SERENE SPRING BIRD TABLETOP 3 ASST.,66124,,"Resin; 2.5-3""W x 2-2.5""H x 2""D",In stock,,,,"Resin; 2.5-3""W x 2-2.5""H x 2""D",,12,$2.35 ,24,$2.20 ,,,12,Hannas400,Hannas160,https://www.hannashandiworks.com/media/catalog/product/cache/bbf624d4e302b71a44cbbfb433873131/6/6/66124.JPG,66124.JPG,,,Hannas800,66124.JPG
HOME LOVE LIGHTED TABLETOP DECOR 2 ASST.,66135,,"ights Up Wood/Plastic; 8""W x 5.5""H x 1.5""D",In stock,,,,"ights Up Wood/Plastic; 8""W x 5.5""H x 1.5""D",,6,$6.00 ,12,$5.50 ,24,$5.00 ,6,Hannas400,Hannas160,https://www.hannashandiworks.com/media/catalog/product/cache/bbf624d4e302b71a44cbbfb433873131/6/6/66135.JPG,66135.JPG,,,Hannas800,66135.JPG
MOM LIGHTED TABLETOP DECOR,66136,,"Lights Up Wood/Plastic; 8""W x 5.25""H x 1.5""D",In stock,,,,"Lights Up Wood/Plastic; 8""W x 5.25""H x 1.5""D",,6,$6.00 ,12,$5.50 ,24,$5.00 ,6,Hannas400,Hannas160,https://www.hannashandiworks.com/media/catalog/product/cache/bbf624d4e302b71a44cbbfb433873131/6/6/66136.JPG,66136.JPG,,,Hannas800,66136.JPG
NATURAL STONEWARE MUSHROOM HOUSE WITH SOLAR LIGHT,66009,,"Solar Light! Manufactured Stone; 9.25""W x 13.5""H x 8.25""D",In stock,$26.50 ,,,"Solar Light! Manufactured Stone; 9.25""W x 13.5""H x 8.25""D",,2,$32.00 ,,,,,2,Hannas400,Hannas160,https://www.hannashandiworks.com/media/catalog/product/cache/bbf624d4e302b71a44cbbfb433873131/6/6/66009.JPG,66009.JPG,,,Hannas800,66009.JPG
PRAYER HANDS CROSS STAKE,66167,,"Metal; 12""W x 24.25""H x .25""D Over 2ft Tall!",In stock,,,,"Metal; 12""W x 24.25""H x .25""D Over 2ft Tall!",,6,$7.75 ,12,$7.25 ,,,6,Hannas400,Hannas160,https://www.hannashandiworks.com/media/catalog/product/cache/bbf624d4e302b71a44cbbfb433873131/6/6/66167.JPG,66167.JPG,,,Hannas800,66167.JPG
FARM FRESH WALL CHALKBOARD,66147,,"Wood/Mixed Materials; 10""W x 20""H x .5""D",In stock,,,,"Wood/Mixed Materials; 10""W x 20""H x .5""D",,6,$7.50 ,12,$7.00 ,,,6,Hannas400,Hannas160,https://www.hannashandiworks.com/media/catalog/product/cache/bbf624d4e302b71a44cbbfb433873131/6/6/66147.JPG,66147.JPG,,,Hannas800,66147.JPG
FLOWERS WELCOME PORCH SIGN 2 ASST,64358,,"Wood/Mixed Material; 11¼""W x 48""H x 2¼""D",In stock,,,,"Wood/Mixed Material; 11¼""W x 48""H x 2¼""D",,4,$15.90 ,8,$15.30 ,,,4,Hannas400,Hannas160,https://www.hannashandiworks.com/media/catalog/product/cache/bbf624d4e302b71a44cbbfb433873131/6/4/64358.JPG,64358.JPG,,,Hannas800,64358.JPG
FRESH SQUEEZED FIVE CENTS LEMONADE SIGN 2 ASST.,61323,,Metal; 14”W x 14”H x 1”D,In stock,,,,Metal; 14”W x 14”H x 1”D,,4,$13.50 ,8,$12.75 ,,,4,Hannas400,Hannas160,https://www.hannashandiworks.com/media/catalog/product/cache/bbf624d4e302b71a44cbbfb433873131/6/1/61323_1.JPG,61323_1.JPG,,,Hannas800,61323_1.JPG
GARDEN SAYINGS SIGN 2 ASST,65386,,"Wood/Rope; 15½""W x 12¼""H x ¼""D",In stock,,,,"Wood/Rope; 15½""W x 12¼""H x ¼""D",,6,$3.50 ,12,$3.25 ,24,$3.00 ,6,Hannas400,Hannas160,https://www.hannashandiworks.com/media/catalog/product/cache/bbf624d4e302b71a44cbbfb433873131/6/5/65386.JPG,65386.JPG,,,Hannas800,65386.JPG
GARDENING FUN METAL SIGN,65393,,"Metal; 15¾""W x 11¾""H x ¼""D",In stock,,,,"Metal; 15¾""W x 11¾""H x ¼""D",,4,$5.00 ,8,$4.75 ,24,$4.50 ,4,Hannas400,Hannas160,https://www.hannashandiworks.com/media/catalog/product/cache/bbf624d4e302b71a44cbbfb433873131/6/5/65393.JPG,65393.JPG,,,Hannas800,65393.JPG
ANGELIC CAT DOG FIGURINE 2 ASST.,66162,,"Resin; 1.75""W x 4""H x 2""D",In stock,,,,"Resin; 1.75""W x 4""H x 2""D",,8,$3.75 ,16,$3.50 ,,,8,Hannas400,Hannas160,https://www.hannashandiworks.com/media/catalog/product/cache/bbf624d4e302b71a44cbbfb433873131/6/6/66162.JPG,66162.JPG,,,Hannas800,66162.JPG
BAMBOO ROUND TRAY 2 PIECE SET,65555,,"Wood; Large: 15.75""Diameter x 3""H; Small: 14""Diameter x 2.5""H",In stock,,,,"Wood; Large: 15.75""Diameter x 3""H; Small: 14""Diameter x 2.5""H",,4,$21.50 ,,,,,4,Hannas400,Hannas160,https://www.hannashandiworks.com/media/catalog/product/cache/bbf624d4e302b71a44cbbfb433873131/6/5/65555.JPG,65555.JPG,,,Hannas800,65555.JPG
BEAD BORDERED PHOTO FRAME 2 ASST.,66286,,"Wood/Mixed Materials; 7.25""W x 9.25""H x .75""D",In stock,,,,"Wood/Mixed Materials; 7.25""W x 9.25""H x .75""D",,6,$7.75 ,12,$7.25 ,24,$6.75 ,6,Hannas400,Hannas160,https://www.hannashandiworks.com/media/catalog/product/cache/bbf624d4e302b71a44cbbfb433873131/6/6/66286.JPG,66286.JPG,,,Hannas800,66286.JPG
BETTER AFTER COFFEE SIGN,61319,,2 Feet Wide! Wood/Metal; 24”W x 8¼”H x 1”D,In stock,,,,2 Feet Wide! Wood/Metal; 24”W x 8¼”H x 1”D,,4,$12.90 ,8,$11.90 ,,,4,Hannas400,Hannas160,https://www.hannashandiworks.com/media/catalog/product/cache/bbf624d4e302b71a44cbbfb433873131/6/1/61319_2.JPG,61319_2.JPG,,,Hannas800,61319_2.JPG
BLACK AND WHITE HOME SIGN,63159,,Wood; 23¾”W x 23¾”H x ¾”D,In stock,$27.50 ,,,Wood; 23¾”W x 23¾”H x ¾”D,,4,$36.00 ,,,,,4,Hannas400,Hannas160,https://www.hannashandiworks.com/media/catalog/product/cache/bbf624d4e302b71a44cbbfb433873131/6/3/63159.JPG,63159.JPG,,,Hannas800,63159.JPG
BLACK BAMBOO ROUND TRAY 2 PIECE SET,65556,,"Wood; Large: 15.75""Diameter x 3""H; Small: 14""Diameter x 2.5""H",In stock,,,,"Wood; Large: 15.75""Diameter x 3""H; Small: 14""Diameter x 2.5""H",,4,$21.50 ,,,,,4,Hannas400,Hannas160,https://www.hannashandiworks.com/media/catalog/product/cache/bbf624d4e302b71a44cbbfb433873131/6/5/65556.JPG,65556.JPG,,,Hannas800,65556.JPG
BLESS THIS HOME VERTICAL SIGN 2 ASST.,62568,,Wood/Metal; 6¾”W x 31½”H x 1½”D,In stock,$9.90 ,,,Wood/Metal; 6¾”W x 31½”H x 1½”D,,6,$12.90 ,,,,,6,Hannas400,Hannas160,https://www.hannashandiworks.com/media/catalog/product/cache/bbf624d4e302b71a44cbbfb433873131/6/2/62568.JPG,62568.JPG,,,Hannas800,62568.JPG
BLESSED BIRD PHOTO CLIP WALL HANGER 2 ASST,63249,,Wood/Metal; 23”W x 20”H x 1”D,In stock,,,,Wood/Metal; 23”W x 20”H x 1”D,,4,$19.75 ,,,,,4,Hannas400,Hannas160,https://www.hannashandiworks.com/media/catalog/product/cache/bbf624d4e302b71a44cbbfb433873131/6/3/63249.JPG,63249.JPG,,,Hannas800,63249.JPG
BLESSED BY GRACE WALL PLAQUE,66277,,"Wood; 11.75""W x 5.5""H x .75""D",In stock,,,,"Wood; 11.75""W x 5.5""H x .75""D",,6,$6.75 ,12,$6.25 ,24,$5.75 ,6,Hannas400,Hannas160,https://www.hannashandiworks.com/media/catalog/product/cache/bbf624d4e302b71a44cbbfb433873131/6/6/66277.JPG,66277.JPG,,,Hannas800,66277.JPG
BLESSED FAMILY GATHER PRAY HANGER 4 ASST.,60713,,Wood; 13¼”W x 6”H x ½”D,In stock,,,,Wood; 13¼”W x 6”H x ½”D,,8,$4.75 ,16,$4.50 ,24,$4.25 ,8,Hannas400,Hannas160,https://www.hannashandiworks.com/media/catalog/product/cache/bbf624d4e302b71a44cbbfb433873131/6/0/60713_3.jpg,60713_3.jpg,,,Hannas800,60713_3.jpg
BLESSED GRATEFUL TRI CLIP HANGER 2 ASST.,62108,,Wood/Metal; 8”W x 23¾”H x ½”D,In stock,$11.50 ,,,Wood/Metal; 8”W x 23¾”H x ½”D,,4,$14.50 ,,,,,4,Hannas400,Hannas160,https://www.hannashandiworks.com/media/catalog/product/cache/bbf624d4e302b71a44cbbfb433873131/6/2/62108_1.JPG,62108_1.JPG,,,Hannas800,62108_1.JPG
CLASSIC TRUCK WALL ART,66863,,Metal; 36”W x 18”H x 1½”D,In stock,$33.50 ,,,Metal; 36”W x 18”H x 1½”D,,3,$42.50 ,,,,,3,Hannas400,Hannas160,https://www.hannashandiworks.com/media/catalog/product/cache/bbf624d4e302b71a44cbbfb433873131/6/6/66863_7.jpg,66863_7.jpg,,,Hannas800,66863_7.jpg
COFFEE NOTES WALL HANGER,61267,,Over 2 Feet Tall! *Includes one paper roll. Wood/Metal; 23”W x 37”H x 3¾”D,In stock,$65.50 ,,,Over 2 Feet Tall! *Includes one paper roll. Wood/Metal; 23”W x 37”H x 3¾”D,,1,$87.50 ,,,,,1,Hannas400,Hannas160,https://www.hannashandiworks.com/media/catalog/product/cache/bbf624d4e302b71a44cbbfb433873131/6/1/61267_1.JPG,61267_1.JPG,,,Hannas800,61267_1.JPG
CORRUGATED FAMILY SIGN,64453,,"Over 3' Wide! Metal/Wood; 39""W x 17¼""H x 7½""D",In stock,$15.50 ,,,"Over 3' Wide! Metal/Wood; 39""W x 17¼""H x 7½""D",,4,$19.50 ,,,,,4,Hannas400,Hannas160,https://www.hannashandiworks.com/media/catalog/product/cache/bbf624d4e302b71a44cbbfb433873131/6/4/64453.JPG,64453.JPG,,,Hannas800,64453.JPG
CRAZY LOUD LOVE FAMILY WALL ART,60852,,Wood/Metal; 18¾”W x 12”H x 1”D,In stock,$16.90 ,,,Wood/Metal; 18¾”W x 12”H x 1”D,,4,$21.90 ,,,,,4,Hannas400,Hannas160,https://www.hannashandiworks.com/media/catalog/product/cache/bbf624d4e302b71a44cbbfb433873131/6/0/60852_1.JPG,60852_1.JPG,,,Hannas800,60852_1.JPG
DAY BY DAY CHALKBOARD,63642,,Metal /Wood; 23”W x 34½”H x ¾”D,In stock,$21.50 ,,,Metal /Wood; 23”W x 34½”H x ¾”D,,4,$26.50 ,,,,,4,Hannas400,Hannas160,https://www.hannashandiworks.com/media/catalog/product/cache/bbf624d4e302b71a44cbbfb433873131/6/3/63642.JPG,63642.JPG,,,Hannas800,63642.JPG
DOG BONE LEASH HOLDER,63247,,Wood/Metal; 23½”W x 11½”H x 2¾”D,In stock,$14.90 ,,,Wood/Metal; 23½”W x 11½”H x 2¾”D,,4,$19.00 ,,,,,4,Hannas400,Hannas160,https://www.hannashandiworks.com/media/catalog/product/cache/bbf624d4e302b71a44cbbfb433873131/6/3/63247.JPG,63247.JPG,,,Hannas800,63247.JPG
DREAM CLOUD LIGHTUP,98602,,Metal; 12”W x 7¼”H x 2”D. Requires 2AA batteries; not included.,In stock,,,,Metal; 12”W x 7¼”H x 2”D. Requires 2AA batteries; not included.,,2,$10.00 ,4,$7.50 ,,,2,Hannas400,Hannas160,https://www.hannashandiworks.com/media/catalog/product/cache/bbf624d4e302b71a44cbbfb433873131/9/8/98602_11.jpg,98602_11.jpg,,,Hannas800,98602_11.jpg
FAMILY IS EVERYTHING SIGN,60209,,3 Feet Wide! Wood; 36”W x 18”H x 1”D,In stock,$21.50 ,,,3 Feet Wide! Wood; 36”W x 18”H x 1”D,,4,$27.90 ,,,,,4,Hannas400,Hannas160,https://www.hannashandiworks.com/media/catalog/product/cache/bbf624d4e302b71a44cbbfb433873131/6/0/60209_3.jpg,60209_3.jpg,,,Hannas800,60209_3.jpg
FAMILY PLAYS TOGETHER SIGN,60208,,Over 2 Feet Tall! Wood; 15”W x 30”H x 1”D,In stock,$14.75 ,,,Over 2 Feet Tall! Wood; 15”W x 30”H x 1”D,,4,$19.50 ,,,,,4,Hannas400,Hannas160,https://www.hannashandiworks.com/media/catalog/product/cache/bbf624d4e302b71a44cbbfb433873131/6/0/60208_2.jpg,60208_2.jpg,,,Hannas800,60208_2.jpg
GIVING LOVE CAKE SIGN,60207,,Over 2 Feet Tall! Wood; 15”W x 30”H x 1”D,In stock,$15.75 ,,,Over 2 Feet Tall! Wood; 15”W x 30”H x 1”D,,4,$19.50 ,,,,,4,Hannas400,Hannas160,https://www.hannashandiworks.com/media/catalog/product/cache/bbf624d4e302b71a44cbbfb433873131/6/0/60207_3.jpg,60207_3.jpg,,,Hannas800,60207_3.jpg
HEART SCRIPT PHOTO CLIP HANGER,62064,,Wood/Metal; 20”W x 10”H x 1¼”D,In stock,$8.90 ,,,Wood/Metal; 20”W x 10”H x 1¼”D,,4,$12.00 ,,,,,4,Hannas400,Hannas160,https://www.hannashandiworks.com/media/catalog/product/cache/bbf624d4e302b71a44cbbfb433873131/6/2/62064_1.JPG,62064_1.JPG,,,Hannas800,62064_1.JPG
IRON BOARD DOUBLE SHELF,62513,,Wood; 9½”W x 30”H x 7”D *Shelves fold,In stock,$24.50 ,,,Wood; 9½”W x 30”H x 7”D *Shelves fold,,4,$32.50 ,,,,,4,Hannas400,Hannas160,https://www.hannashandiworks.com/media/catalog/product/cache/bbf624d4e302b71a44cbbfb433873131/6/2/62513_1.JPG,62513_1.JPG,,,Hannas800,62513_1.JPG
JUICE BAG LEMONADE RECIPE SIGN,61325,,Metal; 12”W x 24¼”H x 1”D,In stock,$13.25 ,,,Metal; 12”W x 24¼”H x 1”D,,3,$16.25 ,,,,,3,Hannas400,Hannas160,https://www.hannashandiworks.com/media/catalog/product/cache/bbf624d4e302b71a44cbbfb433873131/6/1/61325_1.JPG,61325_1.JPG,,,Hannas800,61325_1.JPG
FARM CRITTER WITH SUNFLOWER TABLETOP 3 ASST,65342,,"Wood/Twine; 4-5¾""W x 3.25-3¾""H x 1""D",In stock,,,,"Wood/Twine; 4-5¾""W x 3.25-3¾""H x 1""D",,6,$2.75 ,12,$2.50 ,48,$2.25 ,6,Hannas400,Hannas160,https://www.hannashandiworks.com/media/catalog/product/cache/bbf624d4e302b71a44cbbfb433873131/6/5/65342.JPG,65342.JPG,,,Hannas800,65342.JPG
HOME WELCOME FARM ANIMALS WITH LED,65340,,"Lights Up! Wood; 7""W x 4.25-4¾""H x 1""D; Requires 2 AAA batteries; not included",In stock,,,,"Lights Up! Wood; 7""W x 4.25-4¾""H x 1""D; Requires 2 AAA batteries; not included",,6,$4.75 ,12,$4.50 ,24,$4.25 ,6,Hannas400,Hannas160,https://www.hannashandiworks.com/media/catalog/product/cache/bbf624d4e302b71a44cbbfb433873131/6/5/65340.JPG,65340.JPG,,,Hannas800,65340.JPG
MOO COW BEAD LEG 2 ASST.,66307,,"Fabric/Mixed Materials; 6.5""W x 15.75""H x 4.75""D",In stock,,,,"Fabric/Mixed Materials; 6.5""W x 15.75""H x 4.75""D",,6,$8.25 ,12,$7.75 ,24,$7.25 ,6,Hannas400,Hannas160,https://www.hannashandiworks.com/media/catalog/product/cache/bbf624d4e302b71a44cbbfb433873131/6/6/66307.JPG,66307.JPG,,,Hannas800,66307.JPG
MOO COW ROUND SERVING TRAY,66146,,"Wood/Metal; 17.5""W x 16""H x 1""D",In stock,,,,"Wood/Metal; 17.5""W x 16""H x 1""D",,4,$10.50 ,8,$10.00 ,16,$9.50 ,4,Hannas400,Hannas160,https://www.hannashandiworks.com/media/catalog/product/cache/bbf624d4e302b71a44cbbfb433873131/6/6/66146.JPG,66146.JPG,,,Hannas800,66146.JPG
PRAIRIE PIGGY TABLETOP 3 ASST,65514,,"Resin; 3-3¾""W x 3-4""H x 3-4¾""D",In stock,,,,"Resin; 3-3¾""W x 3-4""H x 3-4¾""D",,6,$2.75 ,24,$2.50 ,,,6,Hannas400,Hannas160,https://www.hannashandiworks.com/media/catalog/product/cache/bbf624d4e302b71a44cbbfb433873131/6/5/65514.JPG,65514.JPG,,,Hannas800,65514.JPG
SACK RACE BARNYARD FRIENDS 3 ASST.,66176,,"Fabric/Mixed Materials; 6.5""W x 12.25-13.25""H x 4""D",In stock,,,,"Fabric/Mixed Materials; 6.5""W x 12.25-13.25""H x 4""D",,6,$11.50 ,12,$11.00 ,24,$10.50 ,6,Hannas400,Hannas160,https://www.hannashandiworks.com/media/catalog/product/cache/bbf624d4e302b71a44cbbfb433873131/6/6/66176.JPG,66176.JPG,,,Hannas800,66176.JPG
WOOD GRAIN ROOSTER ON STUMP,65373,,"Resin; 8½""W x 18¼""H x 7""D",In stock,,,,"Resin; 8½""W x 18¼""H x 7""D",,2,$26.50 ,,,,,2,Hannas400,Hannas160,https://www.hannashandiworks.com/media/catalog/product/cache/bbf624d4e302b71a44cbbfb433873131/6/5/65373.JPG,65373.JPG,,,Hannas800,65373.JPG
WHITE AND BLACK BICYCLE WALL ART 2 ASS,60420,,Metal; 35¼”W x 20¼”H x 2¼”D,In stock,$34.50 ,,,Metal; 35¼”W x 20¼”H x 2¼”D,,4,$43.50 ,,,,,4,Hannas400,Hannas160,https://www.hannashandiworks.com/media/catalog/product/cache/bbf624d4e302b71a44cbbfb433873131/6/0/60420_1.jpg,60420_1.jpg,,,Hannas800,60420_1.jpg
DUAL BASKET HANGER WITH HOOKS,60421,,Over 2 Feet Wide! Wood/Metal; 31½”W x 19”H x 5½”D,In stock,,,,Over 2 Feet Wide! Wood/Metal; 31½”W x 19”H x 5½”D,,2,$37.50 ,,,,,2,Hannas400,Hannas160,https://www.hannashandiworks.com/media/catalog/product/cache/bbf624d4e302b71a44cbbfb433873131/6/0/60421_1.JPG,60421_1.JPG,,,Hannas800,60421_1.JPG
RUSTIC WHITE WOOD CRATE 2 PIECE SET,64042,,"Wood; Sm: 15¾""W x 7½""H x 9¼""D; Lg: 17¾""W x 8""H x 11¾""D",In stock,,,,"Wood; Sm: 15¾""W x 7½""H x 9¼""D; Lg: 17¾""W x 8""H x 11¾""D",,2,$52.50 ,,,,,2,Hannas400,Hannas160,https://www.hannashandiworks.com/media/catalog/product/cache/bbf624d4e302b71a44cbbfb433873131/6/4/64042.JPG,64042.JPG,,,Hannas800,64042.JPG
COFFEE BEFORE TALKIE SIGN,63411,,Wood; 20”W x 17½”H x 1”D,In stock,,,,Wood; 20”W x 17½”H x 1”D,,4,$14.50 ,,,,,4,Hannas400,Hannas160,https://www.hannashandiworks.com/media/catalog/product/cache/bbf624d4e302b71a44cbbfb433873131/6/3/63411.JPG,63411.JPG,,,Hannas800,63411.JPG
COFFEE CALLING LIGHTED TABLETOP,66159,,"Wood/Plastic; 5""W x 5""H x 2.5""D",In stock,,,,"Wood/Plastic; 5""W x 5""H x 2.5""D",,6,$4.50 ,12,$4.25 ,,,6,Hannas400,Hannas160,https://www.hannashandiworks.com/media/catalog/product/cache/bbf624d4e302b71a44cbbfb433873131/6/6/66159-2.jpg,66159-2.jpg,,,Hannas800,66159-2.jpg
COFFEE MUG HOOK HANGER,61241,,Metal/Wood; 23¾”W x 9¾”H x 2¼”D,In stock,,,,Metal/Wood; 23¾”W x 9¾”H x 2¼”D,,4,$19.75 ,,,,,4,Hannas400,Hannas160,https://www.hannashandiworks.com/media/catalog/product/cache/bbf624d4e302b71a44cbbfb433873131/6/1/61241_1.JPG,61241_1.JPG,,,Hannas800,61241_1.JPG
DRY BRUSHED CANISTER 3 PIECE SET,63413,,Includes Label Holders; Metal; L: 11¼”H x 8½”Dia; M: 9½”H x 7½”Dia; S: 8”H x 6½”Dia,In stock,,,,Includes Label Holders; Metal; L: 11¼”H x 8½”Dia; M: 9½”H x 7½”Dia; S: 8”H x 6½”Dia,,2,$39.50 ,,,,,2,Hannas400,Hannas160,https://www.hannashandiworks.com/media/catalog/product/cache/bbf624d4e302b71a44cbbfb433873131/6/3/63413.JPG,63413.JPG,,,Hannas800,63413.JPG
FRESH SQUEEZED LEMONADE HANGER,61230,,Wood; 11¾”W x 15”H x 1¼”D,In stock,,,,Wood; 11¾”W x 15”H x 1¼”D,,4,$12.50 ,8,$12.00 ,,,4,Hannas400,Hannas160,https://www.hannashandiworks.com/media/catalog/product/cache/bbf624d4e302b71a44cbbfb433873131/6/1/61230_1.JPG,61230_1.JPG,,,Hannas800,61230_1.JPG
GRACE AND COFFEE SIGN,65057,,"Wood/Mixed Materials; 10""W x 10""H x 1¼""D",In stock,,,,"Wood/Mixed Materials; 10""W x 10""H x 1¼""D",,4,$7.50 ,8,$7.25 ,12,$7.00 ,4,Hannas400,Hannas160,https://www.hannashandiworks.com/media/catalog/product/cache/bbf624d4e302b71a44cbbfb433873131/6/5/65057.JPG,65057.JPG,,,Hannas800,65057.JPG
TWO-BIN HOOK SHELF HANGER,62207,,Wood/Metal; 23½”W x 19”H x 9”D,In stock,$38.50 ,,,Wood/Metal; 23½”W x 19”H x 9”D,,2,$48.50 ,,,,,2,Hannas400,Hannas160,https://www.hannashandiworks.com/media/catalog/product/cache/bbf624d4e302b71a44cbbfb433873131/6/2/62207_1.JPG,62207_1.JPG,,,Hannas800,62207_1.JPG
WITH ENOUGH COFFEE WALL SIGN,61268,,Metal; 18”W x 13”H x 1”D,In stock,,,,Metal; 18”W x 13”H x 1”D,,4,$9.90 ,8,$9.50 ,,,4,Hannas400,Hannas160,https://www.hannashandiworks.com/media/catalog/product/cache/bbf624d4e302b71a44cbbfb433873131/6/1/61268_1.JPG,61268_1.JPG,,,Hannas800,61268_1.JPG
WOOD-FRAME WELCOME EASEL,62112,,Wood/Metal; 11¾”W x 45¾”H x 18”D,In stock,$24.90 ,,,Wood/Metal; 11¾”W x 45¾”H x 18”D,,3,$31.00 ,,,,,3,Hannas400,Hannas160,https://www.hannashandiworks.com/media/catalog/product/cache/bbf624d4e302b71a44cbbfb433873131/6/2/62112_1.JPG,62112_1.JPG,,,Hannas800,62112_1.JPG
NATURAL WOOD CRATE 3 PIECE SET,65553,,"Wood; Large: 16.25""W x 5.75""H x 12.75""D; Medium: 14.5""W x 5.5""H x 11.25""D; Small: 12.5""W x 5""H x 9.5""D",In stock,,,,"Wood; Large: 16.25""W x 5.75""H x 12.75""D; Medium: 14.5""W x 5.5""H x 11.25""D; Small: 12.5""W x 5""H x 9.5""D",,2,$34.50 ,,,,,2,Hannas400,Hannas160,https://www.hannashandiworks.com/media/catalog/product/cache/bbf624d4e302b71a44cbbfb433873131/6/5/65553.JPG,65553.JPG,,,Hannas800,65553.JPG
SCALED PLANTER CONTAINER 3 PIECE SET,65303,,"Metal; Lg: 10¼""Dia x 8""H; Med: 8¾""Dia x 7""H; Sm: 7"" Dia x 6½""H",In stock,,,,"Metal; Lg: 10¼""Dia x 8""H; Med: 8¾""Dia x 7""H; Sm: 7"" Dia x 6½""H",,4,$14.90 ,8,$14.30 ,16,$13.70 ,4,Hannas400,Hannas160,https://www.hannashandiworks.com/media/catalog/product/cache/bbf624d4e302b71a44cbbfb433873131/6/5/65303.JPG,65303.JPG,,,Hannas800,65303.JPG
SUNFLOWER STAMPED METAL BUCKET 2 PIECE SET,65080,,"Metal; Lg: 12""Dia x 14""H; Sm: 9¾""Dia x 12""H; Spray with Metal Protectant Prior to Outdoor Usage",In stock,,,,"Metal; Lg: 12""Dia x 14""H; Sm: 9¾""Dia x 12""H; Spray with Metal Protectant Prior to Outdoor Usage",,2,$29.50 ,,,,,2,Hannas400,Hannas160,https://www.hannashandiworks.com/media/catalog/product/cache/bbf624d4e302b71a44cbbfb433873131/6/5/65080.JPG,65080.JPG,,,Hannas800,65080.JPG
SUNFLOWER STAMPED RAISED METAL PLANTER 2 PIECE SET,65085,,"Metal; Lg: 12½""Dia x 22""H; Sm: 10¼""Dia x 18""H; Spray with Metal Protectant Prior to Outdoor Usage",In stock,$29.50 ,,,"Metal; Lg: 12½""Dia x 22""H; Sm: 10¼""Dia x 18""H; Spray with Metal Protectant Prior to Outdoor Usage",,2,$39.00 ,,,,,2,Hannas400,Hannas160,https://www.hannashandiworks.com/media/catalog/product/cache/bbf624d4e302b71a44cbbfb433873131/6/5/65085.JPG,65085.JPG,,,Hannas800,65085.JPG
SUNFLOWER STAMPED TUB PLANTER 2 PIECE SET,65087,,"Metal; Lg: 15""W x 9¾""H x 7½""D; Sm: 13""W x 8¼""H x 6¾""D; Spray with Metal Protectant Prior to Outdoor Usage",In stock,,,,"Metal; Lg: 15""W x 9¾""H x 7½""D; Sm: 13""W x 8¼""H x 6¾""D; Spray with Metal Protectant Prior to Outdoor Usage",,2,$23.75 ,4,$22.50 ,6,$20.75 ,2,Hannas400,Hannas160,https://www.hannashandiworks.com/media/catalog/product/cache/bbf624d4e302b71a44cbbfb433873131/6/5/65087.JPG,65087.JPG,,,Hannas800,65087.JPG
TIERED BUCKET PLANTER TRIO,65079,,"Over 2' Tall! Metal; 22""Dia x 28½""H; Spray with Metal Protectant Prior to Outdoor Usage",In stock,,,,"Over 2' Tall! Metal; 22""Dia x 28½""H; Spray with Metal Protectant Prior to Outdoor Usage",,1,$39.50 ,2,$36.50 ,,,1,Hannas400,Hannas160,https://www.hannashandiworks.com/media/catalog/product/cache/bbf624d4e302b71a44cbbfb433873131/6/5/65079.JPG,65079.JPG,,,Hannas800,65079.JPG
TRIPLE MASON JAR WALL PLANTER,60546,,Metal; 16½”W x 14¼”H x 3½”D,In stock,,,,Metal; 16½”W x 14¼”H x 3½”D,,4,$18.90 ,,,,,4,Hannas400,Hannas160,https://www.hannashandiworks.com/media/catalog/product/cache/bbf624d4e302b71a44cbbfb433873131/6/0/60546_2.jpg,60546_2.jpg,,,Hannas800,60546_2.jpg
VINTAGE RED TRUCK WITH WOOD BED,61520,,"Metal/Wood; 18.25""W x 9""H x 7.5""D",In stock,$26.50 ,,,"Metal/Wood; 18.25""W x 9""H x 7.5""D",,4,$33.00 ,,,,,4,Hannas400,Hannas160,https://www.hannashandiworks.com/media/catalog/product/cache/bbf624d4e302b71a44cbbfb433873131/6/1/61520_1.JPG,61520_1.JPG,,,Hannas800,61520_1.JPG
DISTRESSED GRATITUDE HOME HANGER 2 ASST.,62195,,Wood/Metal; 12”W x 5”H x 1½”D,In stock,,,,Wood/Metal; 12”W x 5”H x 1½”D,,4,$7.50 ,8,$7.00 ,,,4,Hannas400,Hannas160,https://www.hannashandiworks.com/media/catalog/product/cache/bbf624d4e302b71a44cbbfb433873131/6/2/62195_1.JPG,62195_1.JPG,,,Hannas800,62195_1.JPG
FAITH CROSS,63212,,Wood/Metal; 6”W x 10¾”H x ½”D,In stock,,,,Wood/Metal; 6”W x 10¾”H x ½”D,,4,$4.90 ,8,$4.60 ,16,$4.30 ,4,Hannas400,Hannas160,https://www.hannashandiworks.com/media/catalog/product/cache/bbf624d4e302b71a44cbbfb433873131/6/3/63212-new.jpg,63212-new.jpg,,,Hannas800,63212-new.jpg
FAMILY BLESSINGS WALL HANGER,63266,,Wood/Rope; 16”W x 14¼”H x ¾”D,In stock,,,,Wood/Rope; 16”W x 14¼”H x ¾”D,,4,$12.00 ,8,$11.50 ,16,$11.25 ,4,Hannas400,Hannas160,https://www.hannashandiworks.com/media/catalog/product/cache/bbf624d4e302b71a44cbbfb433873131/6/3/63266.JPG,63266.JPG,,,Hannas800,63266.JPG
HEART CROSS 2 ASST,63162,,Wood; 11¼”W x 16¾”H x ¾”D,In stock,,,,Wood; 11¼”W x 16¾”H x ¾”D,,6,$9.75 ,12,$9.25 ,24,$8.75 ,6,Hannas400,Hannas160,https://www.hannashandiworks.com/media/catalog/product/cache/bbf624d4e302b71a44cbbfb433873131/6/3/63162.JPG,63162.JPG,,,Hannas800,63162.JPG
HOPE FAITH MIRACLES TABLETOP,60221,,Wood/Metal; 6¾”W x 11¼”H x 3”D,In stock,,,,Wood/Metal; 6¾”W x 11¼”H x 3”D,,6,$7.75 ,12,$7.50 ,24,$7.25 ,6,Hannas400,Hannas160,https://www.hannashandiworks.com/media/catalog/product/cache/bbf624d4e302b71a44cbbfb433873131/6/0/60221_3.jpg,60221_3.jpg,,,Hannas800,60221_3.jpg
LIFE IS BEAUTIFUL SIGN,65339,,"Wood; 12½""W x 7""H x ¾""D",In stock,,,,"Wood; 12½""W x 7""H x ¾""D",,6,$3.90 ,12,$3.60 ,24,$3.30 ,6,Hannas400,Hannas160,https://www.hannashandiworks.com/media/catalog/product/cache/bbf624d4e302b71a44cbbfb433873131/6/5/65339.JPG,65339.JPG,,,Hannas800,65339.JPG
MOO COW LOUNGER,66309,,"Fabric; 16""W x 11.25""H x 8.5""D",In stock,$11.50 ,,,"Fabric; 16""W x 11.25""H x 8.5""D",,6,$14.50 ,,,,,6,Hannas400,Hannas160,https://www.hannashandiworks.com/media/catalog/product/cache/bbf624d4e302b71a44cbbfb433873131/6/6/66309.JPG,66309.JPG,,,Hannas800,66309.JPG
MUSIC SHEET CROSS WALL PLAQUE WITH LED 2 ASST,63442,,Lights Up! Wood; 9½”W x 4¾”H x 1”D; Requires 2 AA Batteries; Not Included,,,,,Lights Up! Wood; 9½”W x 4¾”H x 1”D; Requires 2 AA Batteries; Not Included,,NA,$5.50 ,12,$5.25 ,24,$5.00 ,NA,Hannas400,Hannas160,https://www.hannashandiworks.com/media/catalog/product/cache/bbf624d4e302b71a44cbbfb433873131/6/3/63442.JPG,63442.JPG,,,Hannas800,63442.JPG
PSALM VERSE DISTRESSED SIGN,65402,,"Metal/Rope; 11¾""W x 22½""H x ¼""D",,,,,"Metal/Rope; 11¾""W x 22½""H x ¼""D",,NA,$3.90 ,12,$3.60 ,,,NA,Hannas400,Hannas160,https://www.hannashandiworks.com/media/catalog/product/cache/bbf624d4e302b71a44cbbfb433873131/6/5/65402.JPG,65402.JPG,,,Hannas800,65402.JPG
FARM HOME TABLETOP BLOCK 3 ASST,65341,,"Wood; 13""W x 2½""H x 1""D",In stock,,,,"Wood; 13""W x 2½""H x 1""D",,6,$3.75 ,12,$3.50 ,24,$3.25 ,6,Hannas400,Hannas160,https://www.hannashandiworks.com/media/catalog/product/cache/bbf624d4e302b71a44cbbfb433873131/6/5/65341.JPG,65341.JPG,,,Hannas800,65341.JPG
FAENZA ORGANIZER WALL HOOK HANGER,60755,,Over 2 Feet Tall! Wood/Metal; 19”W x 26”H x 4”D,In stock,,,,Over 2 Feet Tall! Wood/Metal; 19”W x 26”H x 4”D,,2,$27.50 ,,,,,2,Hannas400,Hannas160,https://www.hannashandiworks.com/media/catalog/product/cache/bbf624d4e302b71a44cbbfb433873131/6/0/60755_2.jpg,60755_2.jpg,,,Hannas800,60755_2.jpg
FAMILY RUSTIC HOOK HANGER,65029,,"Over 2' Wide! Wood/Metal; 31¼""W x 12""H x 3¼""D",In stock,,,,"Over 2' Wide! Wood/Metal; 31¼""W x 12""H x 3¼""D",,2,$15.90 ,4,$15.00 ,8,$14.10 ,2,Hannas400,Hannas160,https://www.hannashandiworks.com/media/catalog/product/cache/bbf624d4e302b71a44cbbfb433873131/6/5/65029.JPG,65029.JPG,,,Hannas800,65029.JPG
METAL HANDLE NATURAL WOOD TRAY 2 PIECE SET,65030,,"Wood/Metal; Lg; 19""W x 4""H x 12""D; Sm; 15¾""W x 3¾""H x 10""D",In stock,,,,"Wood/Metal; Lg; 19""W x 4""H x 12""D; Sm; 15¾""W x 3¾""H x 10""D",,2,$19.50 ,4,$18.50 ,,,2,Hannas400,Hannas160,https://www.hannashandiworks.com/media/catalog/product/cache/bbf624d4e302b71a44cbbfb433873131/6/5/65030.JPG,65030.JPG,,,Hannas800,65030.JPG
RUSTIC TALL CHICKEN COOP CABINET,65026,,"2' Tall! Wood/Metal; 17""W x 24""H x 8""D",In stock,,,,"2' Tall! Wood/Metal; 17""W x 24""H x 8""D",,2,$32.50 ,,,,,2,Hannas400,Hannas160,https://www.hannashandiworks.com/media/catalog/product/cache/bbf624d4e302b71a44cbbfb433873131/6/5/65026.JPG,65026.JPG,,,Hannas800,65026.JPG
WICKER BAMBOO BASKET 2 PIECE SET,65124,,"Bamboo; Lg: 17½""Dia x 18½""H; Sm: 14¼""Dia x 15¼""H",In stock,$29.50 ,,,"Bamboo; Lg: 17½""Dia x 18½""H; Sm: 14¼""Dia x 15¼""H",,2,$37.50 ,,,,,2,Hannas400,Hannas160,https://www.hannashandiworks.com/media/catalog/product/cache/bbf624d4e302b71a44cbbfb433873131/6/5/65124.JPG,65124.JPG,,,Hannas800,65124.JPG
WICKER BAMBOO TRAY 2 PIECE SET,65123,,"Bamboo; Lg: 22""Dia x 4¼""H; Sm: 18¼""Dia x 3¾""H",In stock,,,,"Bamboo; Lg: 22""Dia x 4¼""H; Sm: 18¼""Dia x 3¾""H",,2,$36.50 ,,,,,2,Hannas400,Hannas160,https://www.hannashandiworks.com/media/catalog/product/cache/bbf624d4e302b71a44cbbfb433873131/6/5/65123.JPG,65123.JPG,,,Hannas800,65123.JPG
WOVEN BAMBOO BASKET 3 PIECE SET,65558,,"Wood; Large: 19""W x 9""H x 15.5""D; Medium: 17.25""W x 8.5""H 13.5""D; Small: 15.25""W x 7.5""H x11.75""D",In stock,$32.50 ,,,"Wood; Large: 19""W x 9""H x 15.5""D; Medium: 17.25""W x 8.5""H 13.5""D; Small: 15.25""W x 7.5""H x11.75""D",,2,$40.00 ,,,,,2,Hannas400,Hannas160,https://www.hannashandiworks.com/media/catalog/product/cache/bbf624d4e302b71a44cbbfb433873131/6/5/65558.JPG,65558.JPG,,,Hannas800,65558.JPG
VINTAGE CAR WALL ART 2 ASST,66872,,Over 2' Wide! Metal; 31½”W x 9½”H x 1”D,In stock,$10.50 ,,,Over 2' Wide! Metal; 31½”W x 9½”H x 1”D,,6,$20.00 ,,,,,6,Hannas400,Hannas160,https://www.hannashandiworks.com/media/catalog/product/cache/bbf624d4e302b71a44cbbfb433873131/6/6/66872_13.jpg,66872_13.jpg,,,Hannas800,66872_13.jpg
ICE COLD LEMONADE ROUND HANGER,61229,,Metal; 11¾”Dia x ½”D,In stock,,,,Metal; 11¾”Dia x ½”D,,6,$6.50 ,12,$6.00 ,,,6,Hannas400,Hannas160,https://www.hannashandiworks.com/media/catalog/product/cache/bbf624d4e302b71a44cbbfb433873131/6/1/61229_1.JPG,61229_1.JPG,,,Hannas800,61229_1.JPG
PET OWNER LIGHTED TROPHY 2 ASST.,66158,,"Lights Up Wood/Plastic; 5""W x 7""H x 1.5""D",In stock,,,,"Lights Up Wood/Plastic; 5""W x 7""H x 1.5""D",,6,$4.25 ,12,$4.00 ,24,$3.75 ,6,Hannas400,Hannas160,https://www.hannashandiworks.com/media/catalog/product/cache/bbf624d4e302b71a44cbbfb433873131/6/6/66158.JPG,66158.JPG,,,Hannas800,66158.JPG
WINE BUDDY GNOME SITTER 2 ASST,65275,,"Fabric/Mixed Material; 6½""W x 15""H x 5""D",In stock,,,,"Fabric/Mixed Material; 6½""W x 15""H x 5""D",,6,$6.25 ,12,$5.75 ,24,$5.25 ,6,Hannas400,Hannas160,https://www.hannashandiworks.com/media/catalog/product/cache/bbf624d4e302b71a44cbbfb433873131/6/5/65275.JPG,65275.JPG,,,Hannas800,65275.JPG
DOG DEFINITION WALL PLAQUE,60211,,Wood; 15¾”W x 9¾”H x ¾”D,In stock,,,,Wood; 15¾”W x 9¾”H x ¾”D,,4,$11.25 ,8,$10.75 ,16,$10.25 ,4,Hannas400,Hannas160,https://www.hannashandiworks.com/media/catalog/product/cache/bbf624d4e302b71a44cbbfb433873131/6/0/60211_2.jpg,60211_2.jpg,,,Hannas800,60211_2.jpg
DOG PAW PRINT WELCOME HANGER,65345,,"Wood/Rope; 11¾""W x 13¾""H x ½""D",In stock,,,,"Wood/Rope; 11¾""W x 13¾""H x ½""D",,4,$7.50 ,12,$7.00 ,,,4,Hannas400,Hannas160,https://www.hannashandiworks.com/media/catalog/product/cache/bbf624d4e302b71a44cbbfb433873131/6/5/65345.JPG,65345.JPG,,,Hannas800,65345.JPG
CONCENTRIC GROOVE PHOTO FRAME 2 ASST,65118,,"Wood/Glass; 10¼""W x 12¼""H x 4""D",In stock,,,,"Wood/Glass; 10¼""W x 12¼""H x 4""D",,4,$6.50 ,8,$6.00 ,16,$5.50 ,4,Hannas400,Hannas160,https://www.hannashandiworks.com/media/catalog/product/cache/bbf624d4e302b71a44cbbfb433873131/6/5/65118.JPG,65118.JPG,,,Hannas800,65118.JPG
LOVE HOME FAITH PHOTO CLIP PLAQUE,61266,,Wood; 23½”W x 7¾”H x 1”D,In stock,,,,Wood; 23½”W x 7¾”H x 1”D,,4,$12.00 ,8,$11.50 ,,,4,Hannas400,Hannas160,https://www.hannashandiworks.com/media/catalog/product/cache/bbf624d4e302b71a44cbbfb433873131/6/1/61266_1.JPG,61266_1.JPG,,,Hannas800,61266_1.JPG
NATURAL WOOD PHOTO FRAME 2 ASST,65115,,"Wood/Metal/Glass; 9½""W x 11¼""H x 6""D",,,,,"Wood/Metal/Glass; 9½""W x 11¼""H x 6""D",,NA,$7.50 ,8,$7.00 ,16,$6.50 ,NA,Hannas400,Hannas160,https://www.hannashandiworks.com/media/catalog/product/cache/bbf624d4e302b71a44cbbfb433873131/6/5/65115.JPG,65115.JPG,,,Hannas800,65115.JPG
PROVINCIAL PHOTO FRAME,65119,,"Wood/Glass; 8.75W x 10½""H x 7""D",In stock,,,,"Wood/Glass; 8.75W x 10½""H x 7""D",,4,$6.25 ,8,$5.75 ,16,$5.25 ,4,Hannas400,Hannas160,https://www.hannashandiworks.com/media/catalog/product/cache/bbf624d4e302b71a44cbbfb433873131/6/5/65119.JPG,65119.JPG,,,Hannas800,65119.JPG
VERTICAL FOUR PHOTO WALL FRAME,62517,,Wood/Rope; 12”W x 48”H x 1½”D,In stock,,,,Wood/Rope; 12”W x 48”H x 1½”D,,2,$43.50 ,,,,,2,Hannas400,Hannas160,https://www.hannashandiworks.com/media/catalog/product/cache/bbf624d4e302b71a44cbbfb433873131/6/2/62517_1.JPG,62517_1.JPG,,,Hannas800,62517_1.JPG
FAMILY GATHERS HERE WALL ART,60848,,Metal; 19¾”W x 13¼”H x ¾”D.,In stock,,,,Metal; 19¾”W x 13¼”H x ¾”D.,,4,$12.90 ,8,$12.40 ,16,$11.90 ,4,Hannas400,Hannas160,https://www.hannashandiworks.com/media/catalog/product/cache/bbf624d4e302b71a44cbbfb433873131/6/0/60848_1.JPG,60848_1.JPG,,,Hannas800,60848_1.JPG
TOGETHER FAMILY WOODEN HANGER,63267,,Wood/Mixed Materials; 16”W x 19¼”H x ½”D,In stock,$14.90 ,,,Wood/Mixed Materials; 16”W x 19¼”H x ½”D,,4,$18.50 ,,,,,4,Hannas400,Hannas160,https://www.hannashandiworks.com/media/catalog/product/cache/bbf624d4e302b71a44cbbfb433873131/6/3/63267.JPG,63267.JPG,,,Hannas800,63267.JPG
SCROLLED HOME SWEET HOME PLAQUE,60542,,Over 2 Feet Wide! Metal; 31½”W x 11¼”H x ¼”D,In stock,,,,Over 2 Feet Wide! Metal; 31½”W x 11¼”H x ¼”D,,6,$9.50 ,12,$8.90 ,,,6,Hannas400,Hannas160,https://www.hannashandiworks.com/media/catalog/product/cache/bbf624d4e302b71a44cbbfb433873131/6/0/60542_1.JPG,60542_1.JPG,,,Hannas800,60542_1.JPG
VERTICAL LAUNDRY HOOK SIGN,60548,,Over 2 Feet Tall! Metal; 4¾”W x 31½”H x 6”D,In stock,,,,Over 2 Feet Tall! Metal; 4¾”W x 31½”H x 6”D,,4,$15.50 ,8,$15.00 ,12,$14.50 ,4,Hannas400,Hannas160,https://www.hannashandiworks.com/media/catalog/product/cache/bbf624d4e302b71a44cbbfb433873131/6/0/60548_2.jpg,60548_2.jpg,,,Hannas800,60548_2.jpg
SELF SERVICE LAUNDRY ROOM SIGN 2 ASST.,61313,,Metal; 16¼”W x 12”H x 1”D,In stock,,,,Metal; 16¼”W x 12”H x 1”D,,4,$11.50 ,8,$10.75 ,,,4,Hannas400,Hannas160,https://www.hannashandiworks.com/media/catalog/product/cache/bbf624d4e302b71a44cbbfb433873131/6/1/61313_1.JPG,61313_1.JPG,,,Hannas800,61313_1.JPG
THANKFUL FAMILY BEADED BANNER HANGER 2 ASST.,62063,,Wood/Metal/Rope; 7”W x 12”H x 1”D,In stock,,,,Wood/Metal/Rope; 7”W x 12”H x 1”D,,4,$5.90 ,8,$5.60 ,24,$5.30 ,4,Hannas400,Hannas160,https://www.hannashandiworks.com/media/catalog/product/cache/bbf624d4e302b71a44cbbfb433873131/6/2/62063_1.JPG,62063_1.JPG,,,Hannas800,62063_1.JPG
VERTICAL LOVE SIGN,63160,,Over 2' Tall! Wood; 9½”W x 30”H x ¾”D,In stock,,,,Over 2' Tall! Wood; 9½”W x 30”H x ¾”D,,6,$18.50 ,12,$17.50 ,,,6,Hannas400,Hannas160,https://www.hannashandiworks.com/media/catalog/product/cache/bbf624d4e302b71a44cbbfb433873131/6/3/63160.JPG,63160.JPG,,,Hannas800,63160.JPG
KITCHEN RULES SIGN,63504,,2' Tall! Wood/Rope; 9¾”W x 24”H x 1”D,In stock,,,,2' Tall! Wood/Rope; 9¾”W x 24”H x 1”D,,6,$7.50 ,12,$7.25 ,24,$7.00 ,6,Hannas400,Hannas160,https://www.hannashandiworks.com/media/catalog/product/cache/bbf624d4e302b71a44cbbfb433873131/6/3/63504.JPG,63504.JPG,,,Hannas800,63504.JPG
WINE TIME CORK HOLDER WALL ART,63646,,Wood/Metal/Glass; 14”W x 14”H x 2”D,In stock,$12.50 ,,,Wood/Metal/Glass; 14”W x 14”H x 2”D,,4,$15.50 ,,,,,4,Hannas400,Hannas160,https://www.hannashandiworks.com/media/catalog/product/cache/bbf624d4e302b71a44cbbfb433873131/6/3/63646.JPG,63646.JPG,,,Hannas800,63646.JPG
SHOWER WASH TABLETOP SIGN 2 ASST,64108,,"Metal/Wood; 8""W x 8""H x 1½""D",In stock,,,,"Metal/Wood; 8""W x 8""H x 1½""D",,6,$5.75 ,12,$5.50 ,24,$5.25 ,6,Hannas400,Hannas160,https://www.hannashandiworks.com/media/catalog/product/cache/bbf624d4e302b71a44cbbfb433873131/6/4/64108.JPG,64108.JPG,,,Hannas800,64108.JPG
MOO COW STRETCH LEG 2 ASST.,66310,,"Fabric; 10""W x 15-23.5""H x 5.5""D Stretch Legs",In stock,,,,"Fabric; 10""W x 15-23.5""H x 5.5""D Stretch Legs",,6,$14.50 ,12,$14.00 ,24,$13.50 ,6,Hannas400,Hannas160,https://www.hannashandiworks.com/media/catalog/product/cache/bbf624d4e302b71a44cbbfb433873131/6/6/66310.JPG,66310.JPG,,,Hannas800,66310.JPG
FREE BEER TOMORROW SIGN,65411,,"Metal/Rope; 11¾""W x 15""H x ¼""D",In stock,,,,"Metal/Rope; 11¾""W x 15""H x ¼""D",,4,$2.90 ,12,$2.70 ,24,$2.50 ,4,Hannas400,Hannas160,https://www.hannashandiworks.com/media/catalog/product/cache/bbf624d4e302b71a44cbbfb433873131/6/5/65411.JPG,65411.JPG,,,Hannas800,65411.JPG
WOODEN TRUCK BED TABLETOP,61487,,Metal/Wood; 18¾”W x 9”H x 8”D,In stock,$26.50 ,,,Metal/Wood; 18¾”W x 9”H x 8”D,,4,$33.00 ,,,,,4,Hannas400,Hannas160,https://www.hannashandiworks.com/media/catalog/product/cache/bbf624d4e302b71a44cbbfb433873131/6/1/61487_1.JPG,61487_1.JPG,,,Hannas800,61487_1.JPG
ALABAMA BEAD LEG GNOME,808005,,Fabric/Wood; 7¾”W x 20”H x 3½”D,In stock,,,,Fabric/Wood; 7¾”W x 20”H x 3½”D,,6,$9.90 ,12,$9.40 ,24,$8.90 ,6,Hannas400,Hannas160,https://www.hannashandiworks.com/media/catalog/product/cache/bbf624d4e302b71a44cbbfb433873131/8/0/808005-cob24.jpg,808005-cob24.jpg,,,Hannas800,808005-cob24.jpg
ALABAMA BEAD LEG SNOWMAN,808004,,Fabric/Wood; 7¾”W x 16¼”H x 3½”D,In stock,,,,Fabric/Wood; 7¾”W x 16¼”H x 3½”D,,6,$10.90 ,12,$10.40 ,24,$9.90 ,6,Hannas400,Hannas160,https://www.hannashandiworks.com/media/catalog/product/cache/bbf624d4e302b71a44cbbfb433873131/8/0/808004-cob24.jpg,808004-cob24.jpg,,,Hannas800,808004-cob24.jpg
ALABAMA BOTTLE CAP CLOCK,80898,,"Metal; 13"" W x 13""H; batteries not included",In stock,,,,"Metal; 13"" W x 13""H; batteries not included",,6,$13.90 ,12,$13.40 ,24,$12.90 ,6,Hannas400,Hannas160,https://www.hannashandiworks.com/media/catalog/product/cache/bbf624d4e302b71a44cbbfb433873131/8/0/80898_25.jpg,80898_25.jpg,,,Hannas800,80898_25.jpg
ALABAMA CHILLY SNOWMAN STANDER,80834,,"Fabric; 15.5""H x 10.75""W x 5.75""D.",In stock,,,,"Fabric; 15.5""H x 10.75""W x 5.75""D.",,6,$13.50 ,12,$12.75 ,,,6,Hannas400,Hannas160,https://www.hannashandiworks.com/media/catalog/product/cache/bbf624d4e302b71a44cbbfb433873131/8/0/80834-cob25.jpg,80834-cob25.jpg,,,Hannas800,80834-cob25.jpg
ALABAMA CHUNKY GNOME STANDER,808009,,Wood; 15½”W x 20”H x 4”D,In stock,$12.75 ,,,Wood; 15½”W x 20”H x 4”D,,2,$31.50 ,,,,,2,Hannas400,Hannas160,https://www.hannashandiworks.com/media/catalog/product/cache/bbf624d4e302b71a44cbbfb433873131/8/0/808009-cob24.jpg,808009-cob24.jpg,,,Hannas800,808009-cob24.jpg
ALABAMA CHUNKY SNOWMAN ORNAMENT 2 ASST,808018,,Wood; Orn: 3¼”W x 8¾”H x 2¼”D; Box: 10½”W x 3”H x 7¾”D,In stock,,,,Wood; Orn: 3¼”W x 8¾”H x 2¼”D; Box: 10½”W x 3”H x 7¾”D,,12,$4.00 ,24,$3.75 ,48,$3.50 ,12,Hannas400,Hannas160,https://www.hannashandiworks.com/media/catalog/product/cache/bbf624d4e302b71a44cbbfb433873131/8/0/808018-cob24.jpg,808018-cob24.jpg,,,Hannas800,808018-cob24.jpg
ALABAMA CHUNKY SNOWMAN STANDER,808010,,Wood; 15½”W x 17¼”H x 4”D,In stock,$23.50 ,,,Wood; 15½”W x 17¼”H x 4”D,,2,$29.50 ,,,,,2,Hannas400,Hannas160,https://www.hannashandiworks.com/media/catalog/product/cache/bbf624d4e302b71a44cbbfb433873131/8/0/808010-cob24.jpg,808010-cob24.jpg,,,Hannas800,808010-cob24.jpg
ALABAMA COLLEGIATE STONE,80858,,"Resin; 6¾""W x 4¾""H x 2¼""D",In stock,,,,"Resin; 6¾""W x 4¾""H x 2¼""D",,6,$6.25 ,12,$5.75 ,24,$5.25 ,6,Hannas400,Hannas160,https://www.hannashandiworks.com/media/catalog/product/cache/bbf624d4e302b71a44cbbfb433873131/8/0/80858-cob24.jpg,80858-cob24.jpg,,,Hannas800,80858-cob24.jpg
ALABAMA CORRUGATED SIGN,80842,,"Metal; 15.5""W x 23.25""H x .5""D",In stock,$5.75 ,,,"Metal; 15.5""W x 23.25""H x .5""D",,4,$11.50 ,,,,,4,Hannas400,Hannas160,https://www.hannashandiworks.com/media/catalog/product/cache/bbf624d4e302b71a44cbbfb433873131/8/0/80842_1.jpg,80842_1.jpg,,,Hannas800,80842_1.jpg
ALABAMA FAN SIGN,808008,,"Wood; 12""W x 9.75""H x .75""D",In stock,,,,"Wood; 12""W x 9.75""H x .75""D",,6,$6.90 ,12,$6.50 ,24,$6.10 ,6,Hannas400,Hannas160,https://www.hannashandiworks.com/media/catalog/product/cache/bbf624d4e302b71a44cbbfb433873131/8/0/808008.jpg,808008.jpg,,,Hannas800,808008.jpg
ALABAMA FOOTBALL PILLOW DECOR,808024,,Fabric; 18½”W x 8¾”D. *Product is pre-release and will be brought into stock based on customer interest,In stock,,,,Fabric; 18½”W x 8¾”D. *Product is pre-release and will be brought into stock based on customer interest,,6,$19.90 ,,,,,6,Hannas400,Hannas160,https://www.hannashandiworks.com/media/catalog/product/cache/bbf624d4e302b71a44cbbfb433873131/8/0/808024.jpg,808024.jpg,,,Hannas800,808024.jpg
ALABAMA GARDEN GNOME,808006,,Resin; 8½”W x 19¼”H x 7½”D,In stock,$19.75 ,,,Resin; 8½”W x 19¼”H x 7½”D,,2,$39.50 ,,,,,2,Hannas400,Hannas160,https://www.hannashandiworks.com/media/catalog/product/cache/bbf624d4e302b71a44cbbfb433873131/8/0/808006-cob24.jpg,808006-cob24.jpg,,,Hannas800,808006-cob24.jpg
ALABAMA GNOME FAN STRETCH LEG,80857,,"Fabric; 18.5-35""H x 10.5""W x 5.5""D.",In stock,,,,"Fabric; 18.5-35""H x 10.5""W x 5.5""D.",,6,$15.50 ,12,$14.50 ,,,6,Hannas400,Hannas160,https://www.hannashandiworks.com/media/catalog/product/cache/bbf624d4e302b71a44cbbfb433873131/8/0/80857-cob24.jpg,80857-cob24.jpg,,,Hannas800,80857-cob24.jpg
ALABAMA GNOME ORNAMENT 2 ASST.,80888,,"Fabric; 4""W x 8""H x 2.5""D",In stock,,,,"Fabric; 4""W x 8""H x 2.5""D",,12,$3.50 ,48,$3.25 ,96,$3.00 ,12,Hannas400,Hannas160,https://www.hannashandiworks.com/media/catalog/product/cache/bbf624d4e302b71a44cbbfb433873131/8/0/80888_1.jpg,80888_1.jpg,,,Hannas800,80888_1.jpg
ALABAMA GO BLOCK SET,808012,,"Wood; 1¾""W x 2½""H x 1¼""D",In stock,,,,"Wood; 1¾""W x 2½""H x 1¼""D",,6,$9.00 ,12,$8.50 ,18,$8.00 ,6,Hannas400,Hannas160,https://www.hannashandiworks.com/media/catalog/product/cache/bbf624d4e302b71a44cbbfb433873131/8/0/808012-cob24.jpg,808012-cob24.jpg,,,Hannas800,808012-cob24.jpg
ALABAMA LOGO RIPPLE METAL SIGN,808003,,Metal; 12”W x 11¾”H x ½”D,In stock,,,,Metal; 12”W x 11¾”H x ½”D,,6,$6.90 ,12,$6.40 ,24,$5.90 ,6,Hannas400,Hannas160,https://www.hannashandiworks.com/media/catalog/product/cache/bbf624d4e302b71a44cbbfb433873131/8/0/808003.jpg,808003.jpg,,,Hannas800,808003.jpg
ALABAMA MINI PERPETUAL CALENDAR,808014,,"Wood; 2.75""W x 5""H x 1.75""D",In stock,,,,"Wood; 2.75""W x 5""H x 1.75""D",,6,$5.50 ,12,$5.25 ,24,$5.00 ,6,Hannas400,Hannas160,https://www.hannashandiworks.com/media/catalog/product/cache/bbf624d4e302b71a44cbbfb433873131/8/0/808014-cob24.jpg,808014-cob24.jpg,,,Hannas800,808014-cob24.jpg
ALABAMA RESIN GNOME,80833,,"Resin; 3.25""W x 8""H x 3""D",,,,,"Resin; 3.25""W x 8""H x 3""D",,NA,$7.00 ,12,$6.50 ,24,$6.00 ,NA,Hannas400,Hannas160,https://www.hannashandiworks.com/media/catalog/product/cache/bbf624d4e302b71a44cbbfb433873131/8/0/80833-cob25.jpg,80833-cob25.jpg,,,Hannas800,80833-cob25.jpg
ALABAMA RESIN SNOWMAN TABLETOP,80855,,"Resin; 8""H x 4.25""W x 1.5""D.",In stock,,,,"Resin; 8""H x 4.25""W x 1.5""D.",,6,$9.75 ,12,$9.25 ,36,$8.75 ,6,Hannas400,Hannas160,https://www.hannashandiworks.com/media/catalog/product/cache/bbf624d4e302b71a44cbbfb433873131/8/0/80855-cob24.jpg,80855-cob24.jpg,,,Hannas800,80855-cob24.jpg
ALABAMA RETRO TRUCK,808019,,Metal; 3¾”W x 4¼”H x 7¾”D,,,,,Metal; 3¾”W x 4¼”H x 7¾”D,,NA,$12.50 ,12,$12.00 ,,,NA,Hannas400,Hannas160,https://www.hannashandiworks.com/media/catalog/product/cache/bbf624d4e302b71a44cbbfb433873131/8/0/808019-cob24.jpg,808019-cob24.jpg,,,Hannas800,808019-cob24.jpg
ALABAMA SANTA MASCOT,80881,,"3 Feet Tall! Stretch Legs! Fabric; 22-36""H x 14""W x 8""D.",In stock,,,,"3 Feet Tall! Stretch Legs! Fabric; 22-36""H x 14""W x 8""D.",,2,$29.90 ,4,$27.90 ,,,2,Hannas400,Hannas160,https://www.hannashandiworks.com/media/catalog/product/cache/bbf624d4e302b71a44cbbfb433873131/8/0/80881-cob24.jpg,80881-cob24.jpg,,,Hannas800,80881-cob24.jpg
ALABAMA SNOWMAN ORNAMENT,80882,,"Fabric; 4.75""W x 7""H x 2.5""D",In stock,,,,"Fabric; 4.75""W x 7""H x 2.5""D",,24,$2.75 ,48,$2.25 ,96,$2.00 ,24,Hannas400,Hannas160,https://www.hannashandiworks.com/media/catalog/product/cache/bbf624d4e302b71a44cbbfb433873131/8/0/80882_1.jpg,80882_1.jpg,,,Hannas800,80882_1.jpg
ALABAMA SNOWMAN ORNAMENT 3 ASST,80854,,"Metal; 3""W x 4¼""H x ¾""D",In stock,,,,"Metal; 3""W x 4¼""H x ¾""D",,36,$3.25 ,,,,,36,Hannas400,Hannas160,https://www.hannashandiworks.com/media/catalog/product/cache/bbf624d4e302b71a44cbbfb433873131/8/0/80854_6.jpg,80854_6.jpg,,,Hannas800,80854_6.jpg
ALABAMA STATE RESIN SNOWMAN DANGLE LEG 2 ASST.,80893,,"Resin; 7-7.5""H x 2.5-2.75""W x 2.25""D",In stock,,,,"Resin; 7-7.5""H x 2.5-2.75""W x 2.25""D",,6,$4.25 ,36,$3.90 ,,,6,Hannas400,Hannas160,https://www.hannashandiworks.com/media/catalog/product/cache/bbf624d4e302b71a44cbbfb433873131/8/0/80893-cob24.jpg,80893-cob24.jpg,,,Hannas800,80893-cob24.jpg
ALABAMA TABLETOP CLOCK,80845,,"Metal; 3.75""W x 4.5""H x 2""D. Requires 1 AA Battery; Not Included",In stock,$1.00 ,,,"Metal; 3.75""W x 4.5""H x 2""D. Requires 1 AA Battery; Not Included",,6,$4.50 ,,,,,6,Hannas400,Hannas160,https://www.hannashandiworks.com/media/catalog/product/cache/bbf624d4e302b71a44cbbfb433873131/8/0/80845-cob25.jpg,80845-cob25.jpg,,,Hannas800,80845-cob25.jpg
ALABAMA TABLETOP FRAME,808016,,"Wood and Mixed Materials; 11.5""W x 5""H x 1.25""D",In stock,,,,"Wood and Mixed Materials; 11.5""W x 5""H x 1.25""D",,6,$5.25 ,,,,,6,Hannas400,Hannas160,https://www.hannashandiworks.com/media/catalog/product/cache/bbf624d4e302b71a44cbbfb433873131/8/0/808016-cob24.jpg,808016-cob24.jpg,,,Hannas800,808016-cob24.jpg
ALABAMA TABLETOP SIGN,808002,,Wood/Metal; 15”W x 5”H x 1½”D,In stock,$4.45 ,,,Wood/Metal; 15”W x 5”H x 1½”D,,6,$10.00 ,,,,,6,Hannas400,Hannas160,https://www.hannashandiworks.com/media/catalog/product/cache/bbf624d4e302b71a44cbbfb433873131/8/0/808002.jpg,808002.jpg,,,Hannas800,808002.jpg
ALABAMA TAILGATE BANNER,80832,,"Fabric; Each flag section is 5.5""H x 0.25""D, overall width varies by school",In stock,,,,"Fabric; Each flag section is 5.5""H x 0.25""D, overall width varies by school",,12,$5.25 ,24,$4.75 ,,,12,Hannas400,Hannas160,https://www.hannashandiworks.com/media/catalog/product/cache/bbf624d4e302b71a44cbbfb433873131/8/0/80832_TB_2.jpg,80832_TB_2.jpg,,,Hannas800,80832_TB_2.jpg
ALABAMA THERMOMETER,80865,,"Metal; 4""W x 11.5""H x .5""D",In stock,,,,"Metal; 4""W x 11.5""H x .5""D",,6,$5.50 ,12,$5.25 ,24,$5.00 ,6,Hannas400,Hannas160,https://www.hannashandiworks.com/media/catalog/product/cache/bbf624d4e302b71a44cbbfb433873131/8/0/80865_2018_3.jpg,80865_2018_3.jpg,,,Hannas800,80865_2018_3.jpg
ALABAMA TIN ROOF BIRDHOUSE,808017,,Wood/Metal; 6½”W x 8”H x 5½”D; Features Clean-out on Back,In stock,$13.50 ,,,Wood/Metal; 6½”W x 8”H x 5½”D; Features Clean-out on Back,,4,$16.90 ,,,,,4,Hannas400,Hannas160,https://www.hannashandiworks.com/media/catalog/product/cache/bbf624d4e302b71a44cbbfb433873131/8/0/808017-cob24.jpg,808017-cob24.jpg,,,Hannas800,808017-cob24.jpg
ALABAMA WIDE SIGN,808007,,"Wood; 27¾""W x 7""H x ¾""D",In stock,$9.75 ,,,"Wood; 27¾""W x 7""H x ¾""D",,4,$11.75 ,,,,,4,Hannas400,Hannas160,https://www.hannashandiworks.com/media/catalog/product/cache/bbf624d4e302b71a44cbbfb433873131/8/0/808007.jpg,808007.jpg,,,Hannas800,808007.jpg
ARKANSAS BEAD LEG GNOME,839005,,Fabric/Wood; 7¾”W x 20”H x 3½”D,In stock,,,,Fabric/Wood; 7¾”W x 20”H x 3½”D,,6,$9.90 ,12,$9.40 ,24,$8.90 ,6,Hannas400,Hannas160,https://www.hannashandiworks.com/media/catalog/product/cache/bbf624d4e302b71a44cbbfb433873131/8/3/839005-cob24.jpg,839005-cob24.jpg,,,Hannas800,839005-cob24.jpg
ARKANSAS BEAD LEG SNOWMAN,839004,,Fabric/Wood; 7¾”W x 16¼”H x 3½”D,In stock,,,,Fabric/Wood; 7¾”W x 16¼”H x 3½”D,,6,$10.90 ,12,$10.40 ,24,$9.90 ,6,Hannas400,Hannas160,https://www.hannashandiworks.com/media/catalog/product/cache/bbf624d4e302b71a44cbbfb433873131/8/3/839004-cob24.jpg,839004-cob24.jpg,,,Hannas800,839004-cob24.jpg
ARKANSAS BOTTLE CAP CLOCK,83998,,"Metal; 13.25""Dia x 1.5""D. Requires 1 AA Battery; Not Included",In stock,,,,"Metal; 13.25""Dia x 1.5""D. Requires 1 AA Battery; Not Included",,6,$13.90 ,12,$13.40 ,24,$12.90 ,6,Hannas400,Hannas160,https://www.hannashandiworks.com/media/catalog/product/cache/bbf624d4e302b71a44cbbfb433873131/8/3/83998_25.jpg,83998_25.jpg,,,Hannas800,83998_25.jpg
ARKANSAS CHILLY SNOWMAN,83934,,"Fabric; 10.75""W x 15.5""H x 5.75""D",In stock,,,,"Fabric; 10.75""W x 15.5""H x 5.75""D",,6,$13.50 ,12,$12.75 ,,,6,Hannas400,Hannas160,https://www.hannashandiworks.com/media/catalog/product/cache/bbf624d4e302b71a44cbbfb433873131/8/3/83934-cob24.jpg,83934-cob24.jpg,,,Hannas800,83934-cob24.jpg
ARKANSAS CHUNKY SNOWMAN STANDER,839010,,Wood; 15½”W x 17¼”H x 4”D,In stock,$23.50 ,,,Wood; 15½”W x 17¼”H x 4”D,,2,$29.50 ,,,,,2,Hannas400,Hannas160,https://www.hannashandiworks.com/media/catalog/product/cache/bbf624d4e302b71a44cbbfb433873131/8/3/839010-cob24.jpg,839010-cob24.jpg,,,Hannas800,839010-cob24.jpg
ARKANSAS GARDEN GNOME,839006,,Resin; 8½”W x 19¼”H x 7½”D,In stock,$19.75 ,,,Resin; 8½”W x 19¼”H x 7½”D,,2,$39.50 ,,,,,2,Hannas400,Hannas160,https://www.hannashandiworks.com/media/catalog/product/cache/bbf624d4e302b71a44cbbfb433873131/8/3/839006-cob24.jpg,839006-cob24.jpg,,,Hannas800,839006-cob24.jpg
ARKANSAS PERPETUAL CALENDAR,83922,,"Wood; 6½""W x 8""H x 3¼""D",In stock,$3.75 ,,,"Wood; 6½""W x 8""H x 3¼""D",,4,$7.50 ,,,,,4,Hannas400,Hannas160,https://www.hannashandiworks.com/media/catalog/product/cache/bbf624d4e302b71a44cbbfb433873131/8/3/83922-cob.jpg,83922-cob.jpg,,,Hannas800,83922-cob.jpg
ARKANSAS TABLETOP SIGN,839002,,Wood/Metal; 15”W x 5”H x 1½”D,In stock,$4.45 ,,,Wood/Metal; 15”W x 5”H x 1½”D,,6,$10.00 ,,,,,6,Hannas400,Hannas160,https://www.hannashandiworks.com/media/catalog/product/cache/bbf624d4e302b71a44cbbfb433873131/8/3/839002.jpg,839002.jpg,,,Hannas800,839002.jpg
ARKANSAS WIDE SIGN,839007,,"Wood; 27¾""W x 7""H x ¾""D",In stock,$9.75 ,,,"Wood; 27¾""W x 7""H x ¾""D",,4,$11.75 ,,,,,4,Hannas400,Hannas160,https://www.hannashandiworks.com/media/catalog/product/cache/bbf624d4e302b71a44cbbfb433873131/8/3/839007.jpg,839007.jpg,,,Hannas800,839007.jpg
AUBURN ARROW CLOCK,81394,,"Metal; 25""W x 10""H x 1""D. Requires 1 AA Battery; Not Included",In stock,$4.48 ,,,"Metal; 25""W x 10""H x 1""D. Requires 1 AA Battery; Not Included",,6,$12.99 ,,,,,6,Hannas400,Hannas160,https://www.hannashandiworks.com/media/catalog/product/cache/bbf624d4e302b71a44cbbfb433873131/8/1/81394_2018_1.jpg,81394_2018_1.jpg,,,Hannas800,81394_2018_1.jpg
AUBURN BEAD LEG GNOME,813005,,Fabric/Wood; 7¾”W x 20”H x 3½”D,In stock,$4.45 ,,,Fabric/Wood; 7¾”W x 20”H x 3½”D,,6,$8.90 ,,,,,6,Hannas400,Hannas160,https://www.hannashandiworks.com/media/catalog/product/cache/bbf624d4e302b71a44cbbfb433873131/8/1/813005-cob24.jpg,813005-cob24.jpg,,,Hannas800,813005-cob24.jpg
AUBURN HELMET CUTOUT SIGN,81314,,"Metal; 11.75""Dia x .25""D",In stock,$7.50 ,,,"Metal; 11.75""Dia x .25""D",,6,$9.00 ,,,,,6,Hannas400,Hannas160,https://www.hannashandiworks.com/media/catalog/product/cache/bbf624d4e302b71a44cbbfb433873131/8/1/81314.jpg,81314.jpg,,,Hannas800,81314.jpg
AUBURN LARGE METAL SIGN,813001,,Metal; 15½”W x 31¼”H x ¼”D,In stock,$8.25 ,,,Metal; 15½”W x 31¼”H x ¼”D,,3,$20.00 ,,,,,3,Hannas400,Hannas160,https://www.hannashandiworks.com/media/catalog/product/cache/bbf624d4e302b71a44cbbfb433873131/8/1/813001.jpg,813001.jpg,,,Hannas800,813001.jpg
AUBURN LONG BANNER,81363,,"Fabric; 10.5""W x 45.5""H x 0.25""D",In stock,$2.25 ,,,"Fabric; 10.5""W x 45.5""H x 0.25""D",,6,$6.25 ,,,,,6,Hannas400,Hannas160,https://www.hannashandiworks.com/media/catalog/product/cache/bbf624d4e302b71a44cbbfb433873131/8/1/81363_1.jpg,81363_1.jpg,,,Hannas800,81363_1.jpg
AUBURN STEPPING STONE,81389,,"Composite Material; 10""Dia x ¾""D",In stock,$3.00 ,,,"Composite Material; 10""Dia x ¾""D",,4,$7.95 ,,,,,4,Hannas400,Hannas160,https://www.hannashandiworks.com/media/catalog/product/cache/bbf624d4e302b71a44cbbfb433873131/8/1/81389_5.jpg,81389_5.jpg,,,Hannas800,81389_5.jpg
AUBURN TABLETOP CLOCK,81345,,"Metal; 3.75""W x 4.5""H x 2""D. Requires 1 AA Battery; Not Included",In stock,$1.00 ,,,"Metal; 3.75""W x 4.5""H x 2""D. Requires 1 AA Battery; Not Included",,6,$4.50 ,,,,,6,Hannas400,Hannas160,https://www.hannashandiworks.com/media/catalog/product/cache/bbf624d4e302b71a44cbbfb433873131/8/1/81345-cob24.jpg,81345-cob24.jpg,,,Hannas800,81345-cob24.jpg
AUBURN TABLETOP SIGN,813002,,Wood/Metal; 15”W x 5”H x 1½”D,In stock,$4.45 ,,,Wood/Metal; 15”W x 5”H x 1½”D,,6,$10.00 ,,,,,6,Hannas400,Hannas160,https://www.hannashandiworks.com/media/catalog/product/cache/bbf624d4e302b71a44cbbfb433873131/8/1/813002.jpg,813002.jpg,,,Hannas800,813002.jpg
AUBURN TIN ROOF BIRDHOUSE,813017,,Wood/Metal; 6½”W x 8”H x 5½”D; Features Clean-out on Back,In stock,$13.50 ,,,Wood/Metal; 6½”W x 8”H x 5½”D; Features Clean-out on Back,,4,$16.90 ,,,,,4,Hannas400,Hannas160,https://www.hannashandiworks.com/media/catalog/product/cache/bbf624d4e302b71a44cbbfb433873131/8/1/813017-cob24.jpg,813017-cob24.jpg,,,Hannas800,813017-cob24.jpg
AUBURN WIDE SIGN,813007,,"Wood; 27¾""W x 7""H x ¾""D",In stock,$9.75 ,,,"Wood; 27¾""W x 7""H x ¾""D",,4,$11.75 ,,,,,4,Hannas400,Hannas160,https://www.hannashandiworks.com/media/catalog/product/cache/bbf624d4e302b71a44cbbfb433873131/8/1/813007.jpg,813007.jpg,,,Hannas800,813007.jpg
AUBURN YARD SIGN,81330,,"Metal; 12""W x 39""H x 1/2""D.",In stock,$5.45 ,,,"Metal; 12""W x 39""H x 1/2""D.",,6,$12.90 ,,,,,6,Hannas400,Hannas160,https://www.hannashandiworks.com/media/catalog/product/cache/bbf624d4e302b71a44cbbfb433873131/8/1/81330_2018_3.jpg,81330_2018_3.jpg,,,Hannas800,81330_2018_3.jpg
BAYLOR CHUNKY SNOWMAN STANDER,828010,,Wood; 15½”W x 17¼”H x 4”D,In stock,$11.75 ,,,Wood; 15½”W x 17¼”H x 4”D,,2,$29.50 ,,,,,2,Hannas400,Hannas160,https://www.hannashandiworks.com/media/catalog/product/cache/bbf624d4e302b71a44cbbfb433873131/8/2/828010-cob24.jpg,828010-cob24.jpg,,,Hannas800,828010-cob24.jpg
BAYLOR DISTRESS LONG SIGN,82848,,"Wood; 27.25""W x 7.5""H x 0.75""D",In stock,$2.50 ,,,"Wood; 27.25""W x 7.5""H x 0.75""D",,8,$8.50 ,,,,,8,Hannas400,Hannas160,https://www.hannashandiworks.com/media/catalog/product/cache/bbf624d4e302b71a44cbbfb433873131/8/2/82848_2018_2.jpg,82848_2018_2.jpg,,,Hannas800,82848_2018_2.jpg
BAYLOR ROPE BLOCK,82847,,"Wood; 3""W x 3""H x 1.5""D (each block)",In stock,$1.50 ,,,"Wood; 3""W x 3""H x 1.5""D (each block)",,6,$8.50 ,,,,,6,Hannas400,Hannas160,https://www.hannashandiworks.com/media/catalog/product/cache/bbf624d4e302b71a44cbbfb433873131/8/2/82847-cob24.jpg,82847-cob24.jpg,,,Hannas800,82847-cob24.jpg
BAYLOR STEPPING STONE,82889,,"Composite Material; 10""Dia x ¾""D",In stock,$1.75 ,,,"Composite Material; 10""Dia x ¾""D",,4,$7.95 ,,,,,4,Hannas400,Hannas160,https://www.hannashandiworks.com/media/catalog/product/cache/bbf624d4e302b71a44cbbfb433873131/8/2/82889_2020_1.jpg,82889_2020_1.jpg,,,Hannas800,82889_2020_1.jpg
BAYLOR STOOL,82873,,"Metal; 12.5""Dia x 17.5""H",In stock,$6.25 ,,,"Metal; 12.5""Dia x 17.5""H",,2,$32.50 ,,,,,2,Hannas400,Hannas160,https://www.hannashandiworks.com/media/catalog/product/cache/bbf624d4e302b71a44cbbfb433873131/8/2/82873-cob.jpg,82873-cob.jpg,,,Hannas800,82873-cob.jpg
BAYLOR STORAGE CAN,82851,,"Metal; 9¼""Dia x 10¾""H",In stock,$1.50 ,,,"Metal; 9¼""Dia x 10¾""H",,6,$9.50 ,,,,,6,Hannas400,Hannas160,https://www.hannashandiworks.com/media/catalog/product/cache/bbf624d4e302b71a44cbbfb433873131/8/2/82851-cob24.jpg,82851-cob24.jpg,,,Hannas800,82851-cob24.jpg
BAYLOR TABLETOP CLOCK,82845,,"Metal; 3¾""W x 4½""H x 2""D. Requires 1 AA Battery; Not Included",In stock,$1.00 ,,,"Metal; 3¾""W x 4½""H x 2""D. Requires 1 AA Battery; Not Included",,6,$4.50 ,,,,,6,Hannas400,Hannas160,https://www.hannashandiworks.com/media/catalog/product/cache/bbf624d4e302b71a44cbbfb433873131/8/2/82845-cob24.jpg,82845-cob24.jpg,,,Hannas800,82845-cob24.jpg
BAYLOR WELCOME SIGN,82829,,"Wood; 11.5""W x 12.75""H x 0.25""D",In stock,$1.50 ,,,"Wood; 11.5""W x 12.75""H x 0.25""D",,6,$5.00 ,,,,,6,Hannas400,Hannas160,https://www.hannashandiworks.com/media/catalog/product/cache/bbf624d4e302b71a44cbbfb433873131/8/2/82829_1.JPG,82829_1.JPG,,,Hannas800,82829_1.JPG
CLEMSON BEAD LEG SNOWMAN,829004,,Fabric/Wood; 7¾”W x 16¼”H x 3½”D,In stock,$4.95 ,,,Fabric/Wood; 7¾”W x 16¼”H x 3½”D,,6,$9.90 ,,,,,6,Hannas400,Hannas160,https://www.hannashandiworks.com/media/catalog/product/cache/bbf624d4e302b71a44cbbfb433873131/8/2/829004-cob24.jpg,829004-cob24.jpg,,,Hannas800,829004-cob24.jpg
FLORIDA CHUNKY GNOME STANDER,837009,,Wood; 15½”W x 20”H x 4”D,In stock,$12.75 ,,,Wood; 15½”W x 20”H x 4”D,,2,$31.50 ,,,,,2,Hannas400,Hannas160,https://www.hannashandiworks.com/media/catalog/product/cache/bbf624d4e302b71a44cbbfb433873131/8/3/837009-cob24.jpg,837009-cob24.jpg,,,Hannas800,837009-cob24.jpg
FLORIDA GARDEN GNOME,837006,,Resin; 8½”W x 19¼”H x 7½”D,In stock,$19.75 ,,,Resin; 8½”W x 19¼”H x 7½”D,,2,$39.50 ,,,,,2,Hannas400,Hannas160,https://www.hannashandiworks.com/media/catalog/product/cache/bbf624d4e302b71a44cbbfb433873131/8/3/837006-cob24.jpg,837006-cob24.jpg,,,Hannas800,837006-cob24.jpg
FLORIDA PERPETUAL CALENDAR,83722,,"Wood; 6½""W x 8""H x 3¼""D",In stock,$3.75 ,,,"Wood; 6½""W x 8""H x 3¼""D",,4,$7.50 ,,,,,4,Hannas400,Hannas160,https://www.hannashandiworks.com/media/catalog/product/cache/bbf624d4e302b71a44cbbfb433873131/8/3/83722-cob.jpg,83722-cob.jpg,,,Hannas800,83722-cob.jpg
ARKANSAS CHUNKY SNOWMAN ORNAMENT 2 ASST,839018,,Wood; Orn: 3¼”W x 8¾”H x 2¼”D; Box: 10½”W x 3”H x 7¾”D,In stock,,,,Wood; Orn: 3¼”W x 8¾”H x 2¼”D; Box: 10½”W x 3”H x 7¾”D,,12,$4.00 ,24,$3.75 ,48,$3.50 ,12,Hannas400,Hannas160,https://www.hannashandiworks.com/media/catalog/product/cache/bbf624d4e302b71a44cbbfb433873131/8/3/839018-cob24.jpg,839018-cob24.jpg,,,Hannas800,839018-cob24.jpg
ARKANSAS COLLEGIATE STONE,83958,,"Resin; 6¾""W x 4¾""H x 2¼""D",In stock,,,,"Resin; 6¾""W x 4¾""H x 2¼""D",,6,$6.25 ,12,$5.75 ,24,$5.25 ,6,Hannas400,Hannas160,https://www.hannashandiworks.com/media/catalog/product/cache/bbf624d4e302b71a44cbbfb433873131/8/3/83958-cob24.jpg,83958-cob24.jpg,,,Hannas800,83958-cob24.jpg
ARKANSAS FAN SIGN,839008,,"Wood; 12""W x 9.75""H x .75""D",In stock,,,,"Wood; 12""W x 9.75""H x .75""D",,6,$6.90 ,12,$6.50 ,24,$6.10 ,6,Hannas400,Hannas160,https://www.hannashandiworks.com/media/catalog/product/cache/bbf624d4e302b71a44cbbfb433873131/8/3/839008.jpg,839008.jpg,,,Hannas800,839008.jpg
ARKANSAS FOOTBALL PILLOW DECOR,839024,,Fabric; 18½”W x 8¾”D *Product is pre-release and will be brought into stock based on customer interest,In stock,,,,Fabric; 18½”W x 8¾”D *Product is pre-release and will be brought into stock based on customer interest,,6,$19.90 ,,,,,6,Hannas400,Hannas160,https://www.hannashandiworks.com/media/catalog/product/cache/bbf624d4e302b71a44cbbfb433873131/8/3/839024.jpg,839024.jpg,,,Hannas800,839024.jpg
ARKANSAS FROSTY MASCOT,83972,,"Fabric; 14""W x 22-36""H x 8""D",In stock,,,,"Fabric; 14""W x 22-36""H x 8""D",,2,$29.90 ,4,$27.90 ,,,2,Hannas400,Hannas160,https://www.hannashandiworks.com/media/catalog/product/cache/bbf624d4e302b71a44cbbfb433873131/8/3/83972-cob24.jpg,83972-cob24.jpg,,,Hannas800,83972-cob24.jpg
ARKANSAS GNOME FAN STRETCH LEG,83957,,"Fabric; 18.5-35""H x 10.5""W x 5.5""D.",In stock,,,,"Fabric; 18.5-35""H x 10.5""W x 5.5""D.",,6,$15.50 ,12,$14.50 ,,,6,Hannas400,Hannas160,https://www.hannashandiworks.com/media/catalog/product/cache/bbf624d4e302b71a44cbbfb433873131/8/3/83957-cob24.jpg,83957-cob24.jpg,,,Hannas800,83957-cob24.jpg
ARKANSAS GNOME ORNAMENT 2 ASST.,83988,,"Fabric; 4""W x 8""H x 2.5""D",In stock,,,,"Fabric; 4""W x 8""H x 2.5""D",,12,$3.50 ,48,$3.25 ,96,$3.00 ,12,Hannas400,Hannas160,https://www.hannashandiworks.com/media/catalog/product/cache/bbf624d4e302b71a44cbbfb433873131/8/3/83988_1.JPG,83988_1.JPG,,,Hannas800,83988_1.JPG
ARKANSAS GO BLOCK SET,839012,,"Wood; 1¾""W x 2½""H x 1¼""D",In stock,,,,"Wood; 1¾""W x 2½""H x 1¼""D",,6,$9.00 ,12,$8.50 ,18,$8.00 ,6,Hannas400,Hannas160,https://www.hannashandiworks.com/media/catalog/product/cache/bbf624d4e302b71a44cbbfb433873131/8/3/839012-cob24.jpg,839012-cob24.jpg,,,Hannas800,839012-cob24.jpg
ARKANSAS LOGO RIPPLE METAL SIGN,839003,,Metal; 12”W x 11¾”H x ½”D,,,,,Metal; 12”W x 11¾”H x ½”D,,NA,$6.90 ,12,$6.40 ,24,$5.90 ,NA,Hannas400,Hannas160,https://www.hannashandiworks.com/media/catalog/product/cache/bbf624d4e302b71a44cbbfb433873131/8/3/839003.jpg,839003.jpg,,,Hannas800,839003.jpg
ARKANSAS RESIN GNOME,83933,,"Resin; 3.25""W x 8""H x 3""D",In stock,,,,"Resin; 3.25""W x 8""H x 3""D",,4,$7.00 ,12,$6.50 ,24,$6.00 ,4,Hannas400,Hannas160,https://www.hannashandiworks.com/media/catalog/product/cache/bbf624d4e302b71a44cbbfb433873131/8/3/83933-cob24.jpg,83933-cob24.jpg,,,Hannas800,83933-cob24.jpg
ARKANSAS RESIN SNOWMAN DANGLE LEG 2 ASST.,83993,,"Resin; 7-7.5""H x 2.5-2.75""W x 2.25""D",In stock,,,,"Resin; 7-7.5""H x 2.5-2.75""W x 2.25""D",,6,$4.25 ,36,$3.90 ,,,6,Hannas400,Hannas160,https://www.hannashandiworks.com/media/catalog/product/cache/bbf624d4e302b71a44cbbfb433873131/8/3/83993-cob24.jpg,83993-cob24.jpg,,,Hannas800,83993-cob24.jpg
ARKANSAS RESIN SNOWMAN ORNAMENT 2-PIECE SET,83939,,"Resin; 4""H x 2.5""W x 2""D",In stock,,,,"Resin; 4""H x 2.5""W x 2""D",,4,$8.00 ,12,$7.50 ,48,$7.00 ,4,Hannas400,Hannas160,https://www.hannashandiworks.com/media/catalog/product/cache/bbf624d4e302b71a44cbbfb433873131/8/3/83939_SMO_2.jpg,83939_SMO_2.jpg,,,Hannas800,83939_SMO_2.jpg
ARKANSAS RESIN SNOWMAN TABLETOP,83955,,"Resin; 8""H x 4.25""W x 1.5""D",In stock,,,,"Resin; 8""H x 4.25""W x 1.5""D",,6,$9.75 ,12,$9.25 ,36,$8.75 ,6,Hannas400,Hannas160,https://www.hannashandiworks.com/media/catalog/product/cache/bbf624d4e302b71a44cbbfb433873131/8/3/83955-cob24.jpg,83955-cob24.jpg,,,Hannas800,83955-cob24.jpg
ARKANSAS RETRO TRUCK,839019,,Metal; 3¾”W x 4¼”H x 7¾”D,In stock,,,,Metal; 3¾”W x 4¼”H x 7¾”D,,4,$12.50 ,12,$12.00 ,,,4,Hannas400,Hannas160,https://www.hannashandiworks.com/media/catalog/product/cache/bbf624d4e302b71a44cbbfb433873131/8/3/839019-cob24.jpg,839019-cob24.jpg,,,Hannas800,839019-cob24.jpg
ARKANSAS SNOWMAN ORNAMENT 3 ASST,83954,,"Metal; 3""W x 4¼""H x ¾""D",In stock,,,,"Metal; 3""W x 4¼""H x ¾""D",,36,$3.25 ,,,,,36,Hannas400,Hannas160,https://www.hannashandiworks.com/media/catalog/product/cache/bbf624d4e302b71a44cbbfb433873131/8/3/83954_3.jpg,83954_3.jpg,,,Hannas800,83954_3.jpg
ARKANSAS TAILGATE BANNER,83932,,"Fabric; Each flag section is 5.5""H x 0.25""D, overall width varies by school.",In stock,,,,"Fabric; Each flag section is 5.5""H x 0.25""D, overall width varies by school.",,12,$5.25 ,24,$4.75 ,,,12,Hannas400,Hannas160,https://www.hannashandiworks.com/media/catalog/product/cache/bbf624d4e302b71a44cbbfb433873131/8/3/83932_TB_2.jpg,83932_TB_2.jpg,,,Hannas800,83932_TB_2.jpg
ARKANSAS THERMOMETER,83965,,"Metal; 11.5""H x 4""W x 0.5""D",In stock,,,,"Metal; 11.5""H x 4""W x 0.5""D",,6,$5.50 ,12,$5.25 ,24,$5.00 ,6,Hannas400,Hannas160,https://www.hannashandiworks.com/media/catalog/product/cache/bbf624d4e302b71a44cbbfb433873131/8/3/83965_2018_2.jpg,83965_2018_2.jpg,,,Hannas800,83965_2018_2.jpg
AUBURN BEAD LEG SNOWMAN,813004,,Fabric/Wood; 7¾”W x 16¼”H x 3½”D,In stock,,,,Fabric/Wood; 7¾”W x 16¼”H x 3½”D,,6,$10.90 ,12,$10.40 ,24,$9.90 ,6,Hannas400,Hannas160,https://www.hannashandiworks.com/media/catalog/product/cache/bbf624d4e302b71a44cbbfb433873131/8/1/813004-cob24.jpg,813004-cob24.jpg,,,Hannas800,813004-cob24.jpg
AUBURN BOTTLE CAP CLOCK,81398,,"Metal; 13.25""Dia x 1.5""D. Requires 1 AA Battery; Not Included",In stock,,,,"Metal; 13.25""Dia x 1.5""D. Requires 1 AA Battery; Not Included",,6,$13.90 ,12,$13.40 ,24,$12.90 ,6,Hannas400,Hannas160,https://www.hannashandiworks.com/media/catalog/product/cache/bbf624d4e302b71a44cbbfb433873131/8/1/81398_Clock_ART_1.JPG,81398_Clock_ART_1.JPG,,,Hannas800,81398_Clock_ART_1.JPG
AUBURN CHILLY SNOWMAN STANDER,81334,,"Fabric; 15.5""H x 10.75""W x 5.75""D",In stock,,,,"Fabric; 15.5""H x 10.75""W x 5.75""D",,6,$13.50 ,12,$12.75 ,,,6,Hannas400,Hannas160,https://www.hannashandiworks.com/media/catalog/product/cache/bbf624d4e302b71a44cbbfb433873131/8/1/81334-cob24.jpg,81334-cob24.jpg,,,Hannas800,81334-cob24.jpg
AUBURN CHUNKY SNOWMAN ORNAMENT 2 ASST,813018,,"Wood/Wire; 2.5""W x 8""H x 2.5""D; Includes Tray",In stock,,,,"Wood/Wire; 2.5""W x 8""H x 2.5""D; Includes Tray",,12,$4.00 ,24,$3.75 ,48,$3.50 ,12,Hannas400,Hannas160,https://www.hannashandiworks.com/media/catalog/product/cache/bbf624d4e302b71a44cbbfb433873131/8/1/813018-cob24.jpg,813018-cob24.jpg,,,Hannas800,813018-cob24.jpg
AUBURN COLLEGIATE STONE,81358,,"Resin; 6¾""W x 4¾""H x 2¼""D",In stock,,,,"Resin; 6¾""W x 4¾""H x 2¼""D",,6,$6.25 ,12,$5.75 ,24,$5.25 ,6,Hannas400,Hannas160,https://www.hannashandiworks.com/media/catalog/product/cache/bbf624d4e302b71a44cbbfb433873131/8/1/81358-cob24.jpg,81358-cob24.jpg,,,Hannas800,81358-cob24.jpg
AUBURN CORRUGATE SIGN,81342,,"Metal; 15.5""W x 23.25""H x .5""D",In stock,$5.75 ,,,"Metal; 15.5""W x 23.25""H x .5""D",,4,$11.50 ,,,,,4,Hannas400,Hannas160,https://www.hannashandiworks.com/media/catalog/product/cache/bbf624d4e302b71a44cbbfb433873131/8/1/81342_1.jpg,81342_1.jpg,,,Hannas800,81342_1.jpg
AUBURN GNOME FAN STRETCH LEG,81357,,"Fabric; 18.5-35""H x 10.5""W x 5.5""D.",In stock,$7.75 ,,,"Fabric; 18.5-35""H x 10.5""W x 5.5""D.",,6,$15.50 ,,,,,6,Hannas400,Hannas160,https://www.hannashandiworks.com/media/catalog/product/cache/bbf624d4e302b71a44cbbfb433873131/8/1/81357-cob24.jpg,81357-cob24.jpg,,,Hannas800,81357-cob24.jpg
AUBURN GNOME ORNAMENT 2 ASST.,81388,,"Fabric; 4""W x 8""H x 2.5""D",In stock,,,,"Fabric; 4""W x 8""H x 2.5""D",,12,$3.50 ,48,$3.25 ,96,$3.00 ,12,Hannas400,Hannas160,https://www.hannashandiworks.com/media/catalog/product/cache/bbf624d4e302b71a44cbbfb433873131/8/1/81388.jpg,81388.jpg,,,Hannas800,81388.jpg
AUBURN GO BLOCKS,81346,,"Wood; 1.75""W x 2.5""H"" x 1.25""D",In stock,$3.25 ,,,"Wood; 1.75""W x 2.5""H"" x 1.25""D",,6,$6.50 ,,,,,6,Hannas400,Hannas160,https://www.hannashandiworks.com/media/catalog/product/cache/bbf624d4e302b71a44cbbfb433873131/8/1/81346-cob.jpg,81346-cob.jpg,,,Hannas800,81346-cob.jpg
AUBURN HANGING FAN SIGN,813008,,"Wood; 12""W x 9¾""H x ¾""D",In stock,,,,"Wood; 12""W x 9¾""H x ¾""D",,6,$6.90 ,12,$6.50 ,24,$6.10 ,6,Hannas400,Hannas160,https://www.hannashandiworks.com/media/catalog/product/cache/bbf624d4e302b71a44cbbfb433873131/8/1/81302_2020_1.jpg,81302_2020_1.jpg,,,Hannas800,81302_2020_1.jpg
AUBURN METAL FRAME 2 ASST.,81311,,"Metal/Glass/Wood (back); Portrait 6.25""W x 7.75""H x 1.25""D and Landscape 8.25""W x 6.50""H x 1.25""D (not extended)",In stock,$4.13 ,,,"Metal/Glass/Wood (back); Portrait 6.25""W x 7.75""H x 1.25""D and Landscape 8.25""W x 6.50""H x 1.25""D (not extended)",,4,$8.25 ,,,,,4,Hannas400,Hannas160,https://www.hannashandiworks.com/media/catalog/product/cache/bbf624d4e302b71a44cbbfb433873131/8/1/81311-cob.jpg,81311-cob.jpg,,,Hannas800,81311-cob.jpg
AUBURN PERPETUAL CALENDAR,81321,,"Wood; 6½""W x 8""H x 3¼""D",In stock,$3.75 ,,,"Wood; 6½""W x 8""H x 3¼""D",,4,$7.50 ,,,,,4,Hannas400,Hannas160,https://www.hannashandiworks.com/media/catalog/product/cache/bbf624d4e302b71a44cbbfb433873131/8/1/81321-cob.jpg,81321-cob.jpg,,,Hannas800,81321-cob.jpg
AUBURN RESIN GNOME,81333,,"Resin; 3.25""W x 8""H x 3""D",In stock,,,,"Resin; 3.25""W x 8""H x 3""D",,4,$7.00 ,12,$6.50 ,24,$6.00 ,4,Hannas400,Hannas160,https://www.hannashandiworks.com/media/catalog/product/cache/bbf624d4e302b71a44cbbfb433873131/8/1/81333-cob.jpg,81333-cob.jpg,,,Hannas800,81333-cob.jpg
AUBURN RESIN SNOWMAN DANGLE LEG 2 ASST.,81393,,"Resin; 7-7.5""H x 2.5-2.75""W x 2.25""D",In stock,$2.13 ,,,"Resin; 7-7.5""H x 2.5-2.75""W x 2.25""D",,6,$4.25 ,,,,,6,Hannas400,Hannas160,https://www.hannashandiworks.com/media/catalog/product/cache/bbf624d4e302b71a44cbbfb433873131/8/1/81393-cob24.jpg,81393-cob24.jpg,,,Hannas800,81393-cob24.jpg
AUBURN RESIN SNOWMAN ORNAMENT 2-PIECE SET,81339,,"Resin; 4""H x 2.5""W x 2""D",In stock,$4.00 ,,,"Resin; 4""H x 2.5""W x 2""D",,4,$8.00 ,,,,,4,Hannas400,Hannas160,https://www.hannashandiworks.com/media/catalog/product/cache/bbf624d4e302b71a44cbbfb433873131/8/1/81339_SMO_2.jpg,81339_SMO_2.jpg,,,Hannas800,81339_SMO_2.jpg
AUBURN RESIN SNOWMAN TABLETOP,81355,,"Resin; 8""H x 4.25""W x 1.5""D.",In stock,$4.88 ,,,"Resin; 8""H x 4.25""W x 1.5""D.",,6,$9.75 ,,,,,6,Hannas400,Hannas160,https://www.hannashandiworks.com/media/catalog/product/cache/bbf624d4e302b71a44cbbfb433873131/8/1/81355-cob24.jpg,81355-cob24.jpg,,,Hannas800,81355-cob24.jpg
AUBURN SNOWMAN ORNAMENT,81382,,"Fabric; 7.75""W x 7""H x 2.5""D",In stock,,,,"Fabric; 7.75""W x 7""H x 2.5""D",,24,$2.75 ,48,$2.25 ,96,$2.00 ,24,Hannas400,Hannas160,https://www.hannashandiworks.com/media/catalog/product/cache/bbf624d4e302b71a44cbbfb433873131/8/1/81382_1.jpg,81382_1.jpg,,,Hannas800,81382_1.jpg
AUBURN SNOWMAN ORNAMENT 3 ASST,81354,,"Metal; 3""W x 4¼""H x ¾""D",In stock,,,,"Metal; 3""W x 4¼""H x ¾""D",,36,$3.25 ,,,,,36,Hannas400,Hannas160,https://www.hannashandiworks.com/media/catalog/product/cache/bbf624d4e302b71a44cbbfb433873131/8/1/81354_4.jpg,81354_4.jpg,,,Hannas800,81354_4.jpg
AUBURN TAILGATE BANNER,81332,,"Fabric; Each flag section is 5.5""H x 0.25""D, overall width varies by school",In stock,,,,"Fabric; Each flag section is 5.5""H x 0.25""D, overall width varies by school",,12,$5.25 ,24,$4.75 ,,,12,Hannas400,Hannas160,https://www.hannashandiworks.com/media/catalog/product/cache/bbf624d4e302b71a44cbbfb433873131/8/1/81332_TB_2.jpg,81332_TB_2.jpg,,,Hannas800,81332_TB_2.jpg
AUBURN THERMOMETER,81365,,"Metal; 4""W x 11.5""H x .5""D",In stock,,,,"Metal; 4""W x 11.5""H x .5""D",,6,$5.50 ,12,$5.25 ,24,$5.00 ,6,Hannas400,Hannas160,https://www.hannashandiworks.com/media/catalog/product/cache/bbf624d4e302b71a44cbbfb433873131/8/1/81365_2018_2.jpg,81365_2018_2.jpg,,,Hannas800,81365_2018_2.jpg
BAYLOR BEAD LEG GNOME,828005,,Fabric/Wood; 7¾”W x 20”H x 3½”D,In stock,,,,Fabric/Wood; 7¾”W x 20”H x 3½”D,,6,$9.90 ,12,$9.40 ,24,$8.90 ,6,Hannas400,Hannas160,https://www.hannashandiworks.com/media/catalog/product/cache/bbf624d4e302b71a44cbbfb433873131/8/2/828005-cob24.jpg,828005-cob24.jpg,,,Hannas800,828005-cob24.jpg
BAYLOR BOTTLE CAP CLOCK,82898,,"Metal; 13.25"" Dia x 1.5""D. Requires 1 AA Battery; Not Included",In stock,,,,"Metal; 13.25"" Dia x 1.5""D. Requires 1 AA Battery; Not Included",,6,$13.90 ,12,$13.40 ,24,$12.90 ,6,Hannas400,Hannas160,https://www.hannashandiworks.com/media/catalog/product/cache/bbf624d4e302b71a44cbbfb433873131/8/2/82898_1.JPG,82898_1.JPG,,,Hannas800,82898_1.JPG
BAYLOR CHILLY SNOWMAN,82834,,"Fabric; 10.75""W x 15.5""H x 5.75""D",In stock,$5.95 ,,,"Fabric; 10.75""W x 15.5""H x 5.75""D",,6,$11.90 ,,,,,6,Hannas400,Hannas160,https://www.hannashandiworks.com/media/catalog/product/cache/bbf624d4e302b71a44cbbfb433873131/8/2/82834-cob24.jpg,82834-cob24.jpg,,,Hannas800,82834-cob24.jpg
BAYLOR GNOME FAN STRETCH LEG,82857,,Fabric; 10½”W x 18½-35”H x 5½”D,In stock,$7.75 ,,,Fabric; 10½”W x 18½-35”H x 5½”D,,6,$15.50 ,,,,,6,Hannas400,Hannas160,https://www.hannashandiworks.com/media/catalog/product/cache/bbf624d4e302b71a44cbbfb433873131/8/2/82857-cob24.jpg,82857-cob24.jpg,,,Hannas800,82857-cob24.jpg
BAYLOR GNOME ORNAMENT 2 ASST,82888,,"Fabric; 4""W x 8""H x 2.5""D",In stock,,,,"Fabric; 4""W x 8""H x 2.5""D",,12,$3.50 ,48,$3.25 ,96,$3.00 ,12,Hannas400,Hannas160,https://www.hannashandiworks.com/media/catalog/product/cache/bbf624d4e302b71a44cbbfb433873131/8/2/82888.jpg,82888.jpg,,,Hannas800,82888.jpg
BAYLOR PERPETUAL CALENDAR,82822,,"Wood; 6 1/2""W x 8""H x 3 1/4""D",In stock,$3.75 ,,,"Wood; 6 1/2""W x 8""H x 3 1/4""D",,4,$7.50 ,,,,,4,Hannas400,Hannas160,https://www.hannashandiworks.com/media/catalog/product/cache/bbf624d4e302b71a44cbbfb433873131/8/2/82822-cob.jpg,82822-cob.jpg,,,Hannas800,82822-cob.jpg
BAYLOR TAILGATE BANNER,82832,,"Fabric; 5.5""H x 0.25""D (Width Varies)",In stock,,,,"Fabric; 5.5""H x 0.25""D (Width Varies)",,12,$5.25 ,24,$4.75 ,,,12,Hannas400,Hannas160,https://www.hannashandiworks.com/media/catalog/product/cache/bbf624d4e302b71a44cbbfb433873131/8/2/82832.jpg,82832.jpg,,,Hannas800,82832.jpg
CLEMSON BOTTLE CAP CLOCK,82998,,"Metal; 13¼""Dia x 1½""H. Requires 1 AA Battery; Not Included",In stock,,,,"Metal; 13¼""Dia x 1½""H. Requires 1 AA Battery; Not Included",,6,$13.90 ,12,$13.40 ,24,$12.90 ,6,Hannas400,Hannas160,https://www.hannashandiworks.com/media/catalog/product/cache/bbf624d4e302b71a44cbbfb433873131/8/2/82998_25.jpg,82998_25.jpg,,,Hannas800,82998_25.jpg
CLEMSON CHILLY SNOWMAN,82934,,"Fabric; 10.75""W x 15.5""H x 5.75""D",In stock,,,,"Fabric; 10.75""W x 15.5""H x 5.75""D",,6,$13.50 ,12,$12.75 ,,,6,Hannas400,Hannas160,https://www.hannashandiworks.com/media/catalog/product/cache/bbf624d4e302b71a44cbbfb433873131/8/2/82934-cob24.jpg,82934-cob24.jpg,,,Hannas800,82934-cob24.jpg
CLEMSON CHUNKY SNOWMAN ORNAMENT 2 ASST,829018,,Wood; Orn: 3¼”W x 8¾”H x 2¼”D; Box: 10½”W x 3”H x 7¾”D,In stock,,,,Wood; Orn: 3¼”W x 8¾”H x 2¼”D; Box: 10½”W x 3”H x 7¾”D,,12,$4.00 ,24,$3.75 ,48,$3.00 ,12,Hannas400,Hannas160,https://www.hannashandiworks.com/media/catalog/product/cache/bbf624d4e302b71a44cbbfb433873131/8/2/829018-cob24.jpg,829018-cob24.jpg,,,Hannas800,829018-cob24.jpg
CLEMSON FAN SIGN,829008,,"Wood; 12""W x 9.75""H x .75""D",In stock,,,,"Wood; 12""W x 9.75""H x .75""D",,6,$6.90 ,12,$6.50 ,24,$6.10 ,6,Hannas400,Hannas160,https://www.hannashandiworks.com/media/catalog/product/cache/bbf624d4e302b71a44cbbfb433873131/8/2/829008.jpg,829008.jpg,,,Hannas800,829008.jpg
CLEMSON GNOME FAN STRETCH LEG,82957,,"Fabric; 18.5-35""H x 10.5""W x 5.5""D.",In stock,$7.75 ,,,"Fabric; 18.5-35""H x 10.5""W x 5.5""D.",,6,$15.50 ,,,,,6,Hannas400,Hannas160,https://www.hannashandiworks.com/media/catalog/product/cache/bbf624d4e302b71a44cbbfb433873131/8/2/82957-cob24.jpg,82957-cob24.jpg,,,Hannas800,82957-cob24.jpg
CLEMSON GNOME ORNAMENT 2 ASST,82988,,"Fabric; 4""W x 8""H x 2.5""D",In stock,,,,"Fabric; 4""W x 8""H x 2.5""D",,12,$3.00 ,48,$2.50 ,96,$2.25 ,12,Hannas400,Hannas160,https://www.hannashandiworks.com/media/catalog/product/cache/bbf624d4e302b71a44cbbfb433873131/8/2/82988.jpg,82988.jpg,,,Hannas800,82988.jpg
CLEMSON GO BLOCKS,829012,,"Wood; 1¾""W x 2½""H x 1¼""D",In stock,,,,"Wood; 1¾""W x 2½""H x 1¼""D",,6,$9.00 ,12,$8.50 ,18,$8.00 ,6,Hannas400,Hannas160,https://www.hannashandiworks.com/media/catalog/product/cache/bbf624d4e302b71a44cbbfb433873131/8/2/829012-cob.jpg,829012-cob.jpg,,,Hannas800,829012-cob.jpg
CLEMSON RESIN GNOME,82933,,"Resin; 3.25""W x 8""H x 3""D",In stock,,,,"Resin; 3.25""W x 8""H x 3""D",,4,$7.00 ,12,$6.50 ,24,$6.00 ,4,Hannas400,Hannas160,https://www.hannashandiworks.com/media/catalog/product/cache/bbf624d4e302b71a44cbbfb433873131/8/2/82933-cob24.jpg,82933-cob24.jpg,,,Hannas800,82933-cob24.jpg
CLEMSON RESIN SNOWMAN ORNAMENT 2 PIECE SET,82939,,"Resin; 4""H x 2.5""W x 2""D",In stock,,,,"Resin; 4""H x 2.5""W x 2""D",,4,$8.00 ,12,$7.50 ,48,$7.00 ,4,Hannas400,Hannas160,https://www.hannashandiworks.com/media/catalog/product/cache/bbf624d4e302b71a44cbbfb433873131/8/2/82939_2.jpg,82939_2.jpg,,,Hannas800,82939_2.jpg
CLEMSON RESIN SNOWMAN TABLETOP,82955,,"Resin; 8""H x 4.25""W x 1.5""D",In stock,$4.88 ,,,"Resin; 8""H x 4.25""W x 1.5""D",,6,$9.75 ,,,,,6,Hannas400,Hannas160,https://www.hannashandiworks.com/media/catalog/product/cache/bbf624d4e302b71a44cbbfb433873131/8/2/82955-cob24.jpg,82955-cob24.jpg,,,Hannas800,82955-cob24.jpg
CLEMSON TAILGATE BANNER,82932,,"Fabric; Each flag section is 5.5""H x 0.25""D, overall width varies by school.",In stock,,,,"Fabric; Each flag section is 5.5""H x 0.25""D, overall width varies by school.",,12,$5.25 ,24,$4.75 ,,,12,Hannas400,Hannas160,https://www.hannashandiworks.com/media/catalog/product/cache/bbf624d4e302b71a44cbbfb433873131/8/2/82932_TB_3.jpg,82932_TB_3.jpg,,,Hannas800,82932_TB_3.jpg
CLEMSON THERMOMETER,82965,,"Metal; 4""W x 11.5""H x .5""D",In stock,,,,"Metal; 4""W x 11.5""H x .5""D",,6,$5.50 ,12,$5.25 ,24,$5.00 ,6,Hannas400,Hannas160,https://www.hannashandiworks.com/media/catalog/product/cache/bbf624d4e302b71a44cbbfb433873131/8/2/82965CL_5.jpg,82965CL_5.jpg,,,Hannas800,82965CL_5.jpg
COLORADO BOTTLE CAP CLOCK,85298,,"Metal; 13.25"" Diameter x 1.5""D",In stock,,,,"Metal; 13.25"" Diameter x 1.5""D",,6,$10.00 ,12,$9.50 ,24,$8.90 ,6,Hannas400,Hannas160,https://www.hannashandiworks.com/media/catalog/product/cache/bbf624d4e302b71a44cbbfb433873131/8/5/85298_5.jpg,85298_5.jpg,,,Hannas800,85298_5.jpg
FLORIDA BEAD LEG GNOME,837005,,Fabric/Wood; 7¾”W x 20”H x 3½”D,In stock,,,,Fabric/Wood; 7¾”W x 20”H x 3½”D,,6,$9.90 ,12,$9.40 ,24,$8.90 ,6,Hannas400,Hannas160,https://www.hannashandiworks.com/media/catalog/product/cache/bbf624d4e302b71a44cbbfb433873131/8/3/837005-cob.jpg,837005-cob.jpg,,,Hannas800,837005-cob.jpg
FLORIDA BEAD LEG SNOWMAN,837004,,Fabric/Wood; 7¾”W x 16¼”H x 3½”D,In stock,,,,Fabric/Wood; 7¾”W x 16¼”H x 3½”D,,6,$10.90 ,12,$10.40 ,24,$9.90 ,6,Hannas400,Hannas160,https://www.hannashandiworks.com/media/catalog/product/cache/bbf624d4e302b71a44cbbfb433873131/8/3/837004-cob24.jpg,837004-cob24.jpg,,,Hannas800,837004-cob24.jpg
FLORIDA BOTTLE CAP CLOCK,83798,,"Metal; 13.25"" Dia x 1.5""D. Requires 1 AA Battery; Not Included",In stock,,,,"Metal; 13.25"" Dia x 1.5""D. Requires 1 AA Battery; Not Included",,6,$13.90 ,12,$13.40 ,24,$12.90 ,6,Hannas400,Hannas160,https://www.hannashandiworks.com/media/catalog/product/cache/bbf624d4e302b71a44cbbfb433873131/8/3/83798_5.jpg,83798_5.jpg,,,Hannas800,83798_5.jpg
FLORIDA CHILLY SNOWMAN STANDER,83734,,"Fabric; 15.5""H x 10.75""W x 5.75""D",In stock,,,,"Fabric; 15.5""H x 10.75""W x 5.75""D",,6,$13.50 ,12,$12.75 ,,,6,Hannas400,Hannas160,https://www.hannashandiworks.com/media/catalog/product/cache/bbf624d4e302b71a44cbbfb433873131/8/3/83734-cob24.jpg,83734-cob24.jpg,,,Hannas800,83734-cob24.jpg
FLORIDA CHUNKY SNOWMAN ORNAMENT 2 ASST,837018,,Wood; Orn: 3¼”W x 8¾”H x 2¼”D; Box: 10½”W x 3”H x 7¾”D,In stock,,,,Wood; Orn: 3¼”W x 8¾”H x 2¼”D; Box: 10½”W x 3”H x 7¾”D,,12,$4.00 ,24,$3.75 ,48,$3.50 ,12,Hannas400,Hannas160,https://www.hannashandiworks.com/media/catalog/product/cache/bbf624d4e302b71a44cbbfb433873131/8/3/837018-cob24.jpg,837018-cob24.jpg,,,Hannas800,837018-cob24.jpg
FLORIDA COLLEGIATE STONE,83758,,"Resin; 6¾""W x 4¾""H x 2¼""D",In stock,,,,"Resin; 6¾""W x 4¾""H x 2¼""D",,6,$6.25 ,12,$5.75 ,24,$5.25 ,6,Hannas400,Hannas160,https://www.hannashandiworks.com/media/catalog/product/cache/bbf624d4e302b71a44cbbfb433873131/8/3/83758-cob24.jpg,83758-cob24.jpg,,,Hannas800,83758-cob24.jpg
FLORIDA FOOTBALL PILLOW DECOR,837024,,Fabric; 18½”W x 8¾”D *Product is pre-release and will be brought into stock based on customer interest,In stock,,,,Fabric; 18½”W x 8¾”D *Product is pre-release and will be brought into stock based on customer interest,,6,$19.90 ,,,,,6,Hannas400,Hannas160,https://www.hannashandiworks.com/media/catalog/product/cache/bbf624d4e302b71a44cbbfb433873131/8/3/837024.jpg,837024.jpg,,,Hannas800,837024.jpg
FLORIDA GNOME FAN STRETCH LEG,83757,,"Fabric; 18.5-35""H x 10.5""W x 5.5""D.",,,,,"Fabric; 18.5-35""H x 10.5""W x 5.5""D.",,NA,$15.50 ,12,$14.50 ,,,NA,Hannas400,Hannas160,https://www.hannashandiworks.com/media/catalog/product/cache/bbf624d4e302b71a44cbbfb433873131/8/3/83757-cob24.jpg,83757-cob24.jpg,,,Hannas800,83757-cob24.jpg
FLORIDA GNOME ORNAMENT 2 ASST,83788,,"Fabric; 4""W x 8""H x 2.5""D",In stock,,,,"Fabric; 4""W x 8""H x 2.5""D",,12,$3.50 ,48,$3.25 ,96,$3.00 ,12,Hannas400,Hannas160,https://www.hannashandiworks.com/media/catalog/product/cache/bbf624d4e302b71a44cbbfb433873131/8/3/83788.jpg,83788.jpg,,,Hannas800,83788.jpg
FLORIDA GO BLOCKS,83746,,"Wood; 1¾""W x 2½""H x 1¼""D",In stock,,,,"Wood; 1¾""W x 2½""H x 1¼""D",,6,$7.50 ,12,$7.00 ,24,$6.50 ,6,Hannas400,Hannas160,https://www.hannashandiworks.com/media/catalog/product/cache/bbf624d4e302b71a44cbbfb433873131/8/3/83746-cob24.jpg,83746-cob24.jpg,,,Hannas800,83746-cob24.jpg
FLORIDA HANGING FAN SIGN,837008,,"Wood; 12""W x 9¾""H x ¾""D",In stock,,,,"Wood; 12""W x 9¾""H x ¾""D",,6,$6.90 ,12,$6.50 ,24,$6.10 ,6,Hannas400,Hannas160,https://www.hannashandiworks.com/media/catalog/product/cache/bbf624d4e302b71a44cbbfb433873131/8/3/837008.jpg,837008.jpg,,,Hannas800,837008.jpg
FLORIDA PORCH WELCOME SIGN WITH EASEL,837011,,"Metal; 11""W x 41.25""H x 9.25""D",In stock,$9.95 ,,,"Metal; 11""W x 41.25""H x 9.25""D",,6,$23.50 ,,,,,6,Hannas400,Hannas160,https://www.hannashandiworks.com/media/catalog/product/cache/bbf624d4e302b71a44cbbfb433873131/8/3/837011.jpg,837011.jpg,,,Hannas800,837011.jpg
FLORIDA RESIN SNOWMAN DANGLE LEG 2 ASST.,83793,,"Resin; 7-7.5""H x 2.5-2.75""W x 2.25""D",In stock,,,,"Resin; 7-7.5""H x 2.5-2.75""W x 2.25""D",,6,$4.25 ,36,$3.90 ,,,6,Hannas400,Hannas160,https://www.hannashandiworks.com/media/catalog/product/cache/bbf624d4e302b71a44cbbfb433873131/8/3/83793-cob24.jpg,83793-cob24.jpg,,,Hannas800,83793-cob24.jpg
FLORIDA RETRO METAL SIGN,837021,,Metal; 9”W x 6¾”H x ”D Includes 4 mounting holes,In stock,,,,Metal; 9”W x 6¾”H x ”D Includes 4 mounting holes,,12,$4.25 ,24,$4.00 ,,,12,Hannas400,Hannas160,https://www.hannashandiworks.com/media/catalog/product/cache/bbf624d4e302b71a44cbbfb433873131/8/3/837021.jpg,837021.jpg,,,Hannas800,837021.jpg
FLORIDA SANTA MASCOT,83781,,"Fabric; 14""W x 22-36""H x 8""D",In stock,,,,"Fabric; 14""W x 22-36""H x 8""D",,2,$29.90 ,4,$27.90 ,,,2,Hannas400,Hannas160,https://www.hannashandiworks.com/media/catalog/product/cache/bbf624d4e302b71a44cbbfb433873131/8/3/83781-cob24.jpg,83781-cob24.jpg,,,Hannas800,83781-cob24.jpg
FLORIDA SNOWMAN ORNAMENT WITH DISPLAY 3 ASST,83754,,"Metal; 3""W x 4¼""H x ¾""D",In stock,,,,"Metal; 3""W x 4¼""H x ¾""D",,36,$3.25 ,,,,,36,Hannas400,Hannas160,https://www.hannashandiworks.com/media/catalog/product/cache/bbf624d4e302b71a44cbbfb433873131/8/3/83754_3.jpg,83754_3.jpg,,,Hannas800,83754_3.jpg
FLORIDA TABLETOP SIGN,837002,,Wood/Metal; 15”W x 5”H x 1½”D,In stock,$4.45 ,,,Wood/Metal; 15”W x 5”H x 1½”D,,6,$10.00 ,,,,,6,Hannas400,Hannas160,https://www.hannashandiworks.com/media/catalog/product/cache/bbf624d4e302b71a44cbbfb433873131/8/3/837002.jpg,837002.jpg,,,Hannas800,837002.jpg
FLORIDA TAILGATE BANNER,83732,,"Fabric; Each flag section is 5.5""H x 0.25""D, overall width varies by school",In stock,,,,"Fabric; Each flag section is 5.5""H x 0.25""D, overall width varies by school",,12,$5.25 ,24,$4.75 ,,,12,Hannas400,Hannas160,https://www.hannashandiworks.com/media/catalog/product/cache/bbf624d4e302b71a44cbbfb433873131/8/3/83732_24.jpg,83732_24.jpg,,,Hannas800,83732_24.jpg
FLORIDA THERMOMETER,83765,,"Metal; 4""W x 11.5""H x .5""D",,,,,"Metal; 4""W x 11.5""H x .5""D",,NA,$5.50 ,12,$5.25 ,24,$5.00 ,NA,Hannas400,Hannas160,https://www.hannashandiworks.com/media/catalog/product/cache/bbf624d4e302b71a44cbbfb433873131/8/3/83765FL_5.jpg,83765FL_5.jpg,,,Hannas800,83765FL_5.jpg
FLORIDA TIN ROOF BIRDHOUSE,837017,,Wood/Metal; 6½”W x 8”H x 5½”D; Features Clean-out on Back,In stock,$13.50 ,,,Wood/Metal; 6½”W x 8”H x 5½”D; Features Clean-out on Back,,4,$16.90 ,,,,,4,Hannas400,Hannas160,https://www.hannashandiworks.com/media/catalog/product/cache/bbf624d4e302b71a44cbbfb433873131/8/3/837017-cob24.jpg,837017-cob24.jpg,,,Hannas800,837017-cob24.jpg
FLORIDA WIDE SIGN,837007,,"Wood; 27¾""W x 7""H x ¾""D",In stock,$9.75 ,,,"Wood; 27¾""W x 7""H x ¾""D",,4,$11.75 ,,,,,4,Hannas400,Hannas160,https://www.hannashandiworks.com/media/catalog/product/cache/bbf624d4e302b71a44cbbfb433873131/8/3/837007.jpg,837007.jpg,,,Hannas800,837007.jpg
FLORIDA WIRE PHOTO FRAME,83783,,"Wood/Metal; 10.75""H x 9.5""W x 1.5""D",In stock,$3.63 ,,,"Wood/Metal; 10.75""H x 9.5""W x 1.5""D",,4,$8.00 ,,,,,4,Hannas400,Hannas160,https://www.hannashandiworks.com/media/catalog/product/cache/bbf624d4e302b71a44cbbfb433873131/8/3/83783-cob.jpg,83783-cob.jpg,,,Hannas800,83783-cob.jpg
GEORGIA BEAD LEG SNOWMAN,822004,,Fabric/Wood; 7¾”W x 16¼”H x 3½”D,In stock,,,,Fabric/Wood; 7¾”W x 16¼”H x 3½”D,,6,$10.90 ,12,$10.40 ,24,$9.90 ,6,Hannas400,Hannas160,https://www.hannashandiworks.com/media/catalog/product/cache/bbf624d4e302b71a44cbbfb433873131/8/2/822004-cob24.jpg,822004-cob24.jpg,,,Hannas800,822004-cob24.jpg
GEORGIA BOTTLE CAP CLOCK,82298,,"Metal; 13"" W x 13""H x 1.5""D. Requires 1 AA Battery; Not Included",In stock,,,,"Metal; 13"" W x 13""H x 1.5""D. Requires 1 AA Battery; Not Included",,6,$13.90 ,12,$13.40 ,24,$12.90 ,6,Hannas400,Hannas160,https://www.hannashandiworks.com/media/catalog/product/cache/bbf624d4e302b71a44cbbfb433873131/8/2/82298_25.jpg,82298_25.jpg,,,Hannas800,82298_25.jpg
GEORGIA CHILLY SNOWMAN STANDER,82234,,"Fabric; 15.5""H x 10.75""W x 5.75""D",In stock,,,,"Fabric; 15.5""H x 10.75""W x 5.75""D",,6,$13.50 ,12,$12.75 ,,,6,Hannas400,Hannas160,https://www.hannashandiworks.com/media/catalog/product/cache/bbf624d4e302b71a44cbbfb433873131/8/2/82234-cob24.jpg,82234-cob24.jpg,,,Hannas800,82234-cob24.jpg
GEORGIA CHUNKY SNOWMAN ORNAMENT 2 ASST,822018,,Wood; Orn: 3¼”W x 8¾”H x 2¼”D; Box: 10½”W x 3”H x 7¾”D,,,,,Wood; Orn: 3¼”W x 8¾”H x 2¼”D; Box: 10½”W x 3”H x 7¾”D,,NA,$4.00 ,24,$3.75 ,48,$3.00 ,NA,Hannas400,Hannas160,https://www.hannashandiworks.com/media/catalog/product/cache/bbf624d4e302b71a44cbbfb433873131/8/2/822018-cob24.jpg,822018-cob24.jpg,,,Hannas800,822018-cob24.jpg
GEORGIA CHUNKY SNOWMAN STANDER,822010,,Wood; 15½”W x 17¼”H x 4”D,In stock,$23.50 ,,,Wood; 15½”W x 17¼”H x 4”D,,2,$29.50 ,,,,,2,Hannas400,Hannas160,https://www.hannashandiworks.com/media/catalog/product/cache/bbf624d4e302b71a44cbbfb433873131/8/2/822010-cob24.jpg,822010-cob24.jpg,,,Hannas800,822010-cob24.jpg
GEORGIA COLLEGIATE STONE,82258,,"Resin; 6¾""W x 4¾""H x 2¼""D",In stock,,,,"Resin; 6¾""W x 4¾""H x 2¼""D",,6,$6.25 ,12,$5.75 ,24,$5.25 ,6,Hannas400,Hannas160,https://www.hannashandiworks.com/media/catalog/product/cache/bbf624d4e302b71a44cbbfb433873131/8/2/82258-cob24.jpg,82258-cob24.jpg,,,Hannas800,82258-cob24.jpg
GEORGIA FAN SIGN,822008,,"Wood; 12""W x 9.75""H x .75""D",In stock,,,,"Wood; 12""W x 9.75""H x .75""D",,6,$6.90 ,12,$6.50 ,24,$6.10 ,6,Hannas400,Hannas160,https://www.hannashandiworks.com/media/catalog/product/cache/bbf624d4e302b71a44cbbfb433873131/8/2/822008.jpg,822008.jpg,,,Hannas800,822008.jpg
GEORGIA FOOTBALL PILLOW DECOR,822024,,Fabric; 18½”W x 8¾”D *Product is pre-release and will be brought into stock based on customer interest,In stock,,,,Fabric; 18½”W x 8¾”D *Product is pre-release and will be brought into stock based on customer interest,,6,$19.90 ,,,,,6,Hannas400,Hannas160,https://www.hannashandiworks.com/media/catalog/product/cache/bbf624d4e302b71a44cbbfb433873131/8/2/822024.jpg,822024.jpg,,,Hannas800,822024.jpg
GEORGIA GNOME FAN STRETCH LEG,82257,,"Fabric; 18.5-35""H x 10.5""W x 5.5""D.",In stock,,,,"Fabric; 18.5-35""H x 10.5""W x 5.5""D.",,6,$15.50 ,12,$14.50 ,,,6,Hannas400,Hannas160,https://www.hannashandiworks.com/media/catalog/product/cache/bbf624d4e302b71a44cbbfb433873131/8/2/82257-cob24.jpg,82257-cob24.jpg,,,Hannas800,82257-cob24.jpg
GEORGIA GNOME ORNAMENT 2 ASST.,82288,,"Fabric; 4""W x 8""H x 2.5""D",,,,,"Fabric; 4""W x 8""H x 2.5""D",,NA,$3.50 ,48,$3.25 ,96,$3.00 ,NA,Hannas400,Hannas160,https://www.hannashandiworks.com/media/catalog/product/cache/bbf624d4e302b71a44cbbfb433873131/8/2/82288_1.jpg,82288_1.jpg,,,Hannas800,82288_1.jpg
GEORGIA LOGO RIPPLE METAL SIGN,822003,,Metal; 12”W x 11¾”H x ½”D,In stock,,,,Metal; 12”W x 11¾”H x ½”D,,6,$6.90 ,12,$6.40 ,24,$5.90 ,6,Hannas400,Hannas160,https://www.hannashandiworks.com/media/catalog/product/cache/bbf624d4e302b71a44cbbfb433873131/8/2/822003.jpg,822003.jpg,,,Hannas800,822003.jpg
GEORGIA MINI PERPETUAL CALENDAR,822014,,"Wood; 3""W x 5.75""H x 1.5""D",In stock,,,,"Wood; 3""W x 5.75""H x 1.5""D",,6,$5.50 ,12,$5.25 ,24,$5.00 ,6,Hannas400,Hannas160,https://www.hannashandiworks.com/media/catalog/product/cache/bbf624d4e302b71a44cbbfb433873131/8/2/822014-cob24.jpg,822014-cob24.jpg,,,Hannas800,822014-cob24.jpg
GEORGIA RESIN SNOWMAN ORNAMENT 2-PIECE SET,82239,,"Resin; 4""H x 2.5""W x 2""D",In stock,,,,"Resin; 4""H x 2.5""W x 2""D",,4,$8.00 ,12,$7.50 ,48,$7.00 ,4,Hannas400,Hannas160,https://www.hannashandiworks.com/media/catalog/product/cache/bbf624d4e302b71a44cbbfb433873131/8/2/82239_1.jpg,82239_1.jpg,,,Hannas800,82239_1.jpg
GEORGIA RESIN SNOWMAN TABLETOP,82255,,"Resin; 8""H x 4.25""W x 1.5""D",In stock,,,,"Resin; 8""H x 4.25""W x 1.5""D",,6,$9.75 ,12,$9.25 ,36,$8.75 ,6,Hannas400,Hannas160,https://www.hannashandiworks.com/media/catalog/product/cache/bbf624d4e302b71a44cbbfb433873131/8/2/82255-cob24.jpg,82255-cob24.jpg,,,Hannas800,82255-cob24.jpg
GEORGIA RETRO METAL SIGN,822021,,Metal; 9”W x 6¾”H x ”D Includes 4 mounting holes,In stock,,,,Metal; 9”W x 6¾”H x ”D Includes 4 mounting holes,,12,$4.25 ,24,$4.00 ,,,12,Hannas400,Hannas160,https://www.hannashandiworks.com/media/catalog/product/cache/bbf624d4e302b71a44cbbfb433873131/8/2/822021.jpg,822021.jpg,,,Hannas800,822021.jpg
GEORGIA RETRO TRUCK,822019,,Metal; 3¾”W x 4¼”H x 7¾”D,,,,,Metal; 3¾”W x 4¼”H x 7¾”D,,NA,$12.50 ,12,$12.00 ,,,NA,Hannas400,Hannas160,https://www.hannashandiworks.com/media/catalog/product/cache/bbf624d4e302b71a44cbbfb433873131/8/2/822019-cob24.jpg,822019-cob24.jpg,,,Hannas800,822019-cob24.jpg
GEORGIA SANTA MASCOT,82281,,"Fabric; 14""W x 22-36""H x 8""D",In stock,,,,"Fabric; 14""W x 22-36""H x 8""D",,2,$29.90 ,4,$27.90 ,,,2,Hannas400,Hannas160,https://www.hannashandiworks.com/media/catalog/product/cache/bbf624d4e302b71a44cbbfb433873131/8/2/82281-cob24.jpg,82281-cob24.jpg,,,Hannas800,82281-cob24.jpg
GEORGIA SNOWMAN ORNAMENT 3 ASST,82254,,"Metal; 3""W x 4¼""H x ¾""D",,,,,"Metal; 3""W x 4¼""H x ¾""D",,NA,$3.25 ,,,,,NA,Hannas400,Hannas160,https://www.hannashandiworks.com/media/catalog/product/cache/bbf624d4e302b71a44cbbfb433873131/8/2/82254_3.jpg,82254_3.jpg,,,Hannas800,82254_3.jpg
GEORGIA TABLETOP FRAME,822016,,"Wood and Mixed Materials; 11.5""W x 5""H x 1.25""D",In stock,,,,"Wood and Mixed Materials; 11.5""W x 5""H x 1.25""D",,6,$5.25 ,,,,,6,Hannas400,Hannas160,https://www.hannashandiworks.com/media/catalog/product/cache/bbf624d4e302b71a44cbbfb433873131/8/2/822016-cob24.jpg,822016-cob24.jpg,,,Hannas800,822016-cob24.jpg
GEORGIA THERMOMETER,82265,,"Metal; 4""W x 11.5""H x .5""D",In stock,,,,"Metal; 4""W x 11.5""H x .5""D",,6,$5.50 ,12,$5.25 ,24,$5.00 ,6,Hannas400,Hannas160,https://www.hannashandiworks.com/media/catalog/product/cache/bbf624d4e302b71a44cbbfb433873131/8/2/82265_2020_2.jpg,82265_2020_2.jpg,,,Hannas800,82265_2020_2.jpg
GEORGIA TIN ROOF BIRDHOUSE,822017,,Wood/Metal; 6½”W x 8”H x 5½”D; Features Clean-out on Back,In stock,$13.50 ,,,Wood/Metal; 6½”W x 8”H x 5½”D; Features Clean-out on Back,,4,$16.90 ,,,,,4,Hannas400,Hannas160,https://www.hannashandiworks.com/media/catalog/product/cache/bbf624d4e302b71a44cbbfb433873131/8/2/822017-cob24.jpg,822017-cob24.jpg,,,Hannas800,822017-cob24.jpg
GEORGIA WALL HANGING,82232,,"Fabric; Each flag section is 5.5""H x 0.25""D, overall width varies by school",In stock,,,,"Fabric; Each flag section is 5.5""H x 0.25""D, overall width varies by school",,12,$5.25 ,24,$4.75 ,,,12,Hannas400,Hannas160,https://www.hannashandiworks.com/media/catalog/product/cache/bbf624d4e302b71a44cbbfb433873131/8/2/82232_TB_2.jpg,82232_TB_2.jpg,,,Hannas800,82232_TB_2.jpg
GEORGIA WIDE SIGN,822007,,"Wood; 27¾""W x 7""H x ¾""D",In stock,$9.75 ,,,"Wood; 27¾""W x 7""H x ¾""D",,4,$11.75 ,,,,,4,Hannas400,Hannas160,https://www.hannashandiworks.com/media/catalog/product/cache/bbf624d4e302b71a44cbbfb433873131/8/2/822007.jpg,822007.jpg,,,Hannas800,822007.jpg
IOWA BEAD LEG GNOME,819005,,Fabric/Wood; 7¾”W x 20”H x 3½”D,In stock,,,,Fabric/Wood; 7¾”W x 20”H x 3½”D,,6,$9.90 ,12,$9.40 ,24,$8.90 ,6,Hannas400,Hannas160,https://www.hannashandiworks.com/media/catalog/product/cache/bbf624d4e302b71a44cbbfb433873131/8/1/819005-cob24.jpg,819005-cob24.jpg,,,Hannas800,819005-cob24.jpg
IOWA BEAD LEG SNOWMAN,819004,,Fabric/Wood; 7¾”W x 16¼”H x 3½”D,In stock,,,,Fabric/Wood; 7¾”W x 16¼”H x 3½”D,,6,$10.90 ,12,$10.40 ,24,$9.90 ,6,Hannas400,Hannas160,https://www.hannashandiworks.com/media/catalog/product/cache/bbf624d4e302b71a44cbbfb433873131/8/1/819004-cob24.jpg,819004-cob24.jpg,,,Hannas800,819004-cob24.jpg
IOWA BOTTLE CAP CLOCK,81998,,"Metal; 13.25""Dia x 1.5""D. Requires 1 AA Battery; Not Included",In stock,,,,"Metal; 13.25""Dia x 1.5""D. Requires 1 AA Battery; Not Included",,6,$13.90 ,12,$13.40 ,24,$12.90 ,6,Hannas400,Hannas160,https://www.hannashandiworks.com/media/catalog/product/cache/bbf624d4e302b71a44cbbfb433873131/8/1/81998_4.jpg,81998_4.jpg,,,Hannas800,81998_4.jpg
IOWA CHILLY SNOWMAN STANDER,81934,,"Fabric; 15.5""H x 10.75""W x 5.75""D",In stock,,,,"Fabric; 15.5""H x 10.75""W x 5.75""D",,6,$13.50 ,12,$12.75 ,,,6,Hannas400,Hannas160,https://www.hannashandiworks.com/media/catalog/product/cache/bbf624d4e302b71a44cbbfb433873131/8/1/81934-cob24.jpg,81934-cob24.jpg,,,Hannas800,81934-cob24.jpg
IOWA CHUNKY SNOWMAN STANDER,819010,,Wood; 15½”W x 17¼”H x 4”D,,$23.50 ,,,Wood; 15½”W x 17¼”H x 4”D,,NA,$29.50 ,,,,,NA,Hannas400,Hannas160,https://www.hannashandiworks.com/media/catalog/product/cache/bbf624d4e302b71a44cbbfb433873131/8/1/819010-cob24.jpg,819010-cob24.jpg,,,Hannas800,819010-cob24.jpg
IOWA COLLEGIATE STONE,81958,,"Resin; 6¾""W x 4¾""H x 2¼""D",,,,,"Resin; 6¾""W x 4¾""H x 2¼""D",,NA,$6.25 ,12,$5.75 ,24,$5.25 ,NA,Hannas400,Hannas160,https://www.hannashandiworks.com/media/catalog/product/cache/bbf624d4e302b71a44cbbfb433873131/8/1/81958-cob24.jpg,81958-cob24.jpg,,,Hannas800,81958-cob24.jpg
IOWA CORRUGATED SIGN,81942,,"Metal; 15.5""W x 23.25""H x .5""D",In stock,$5.75 ,,,"Metal; 15.5""W x 23.25""H x .5""D",,4,$11.50 ,,,,,4,Hannas400,Hannas160,https://www.hannashandiworks.com/media/catalog/product/cache/bbf624d4e302b71a44cbbfb433873131/8/1/81942_1.jpg,81942_1.jpg,,,Hannas800,81942_1.jpg
IOWA DISTRESSED FRAME,81997,,"Wood; 7¾""W x 19½""H",In stock,$2.75 ,,,"Wood; 7¾""W x 19½""H",,6,$7.50 ,,,,,6,Hannas400,Hannas160,https://www.hannashandiworks.com/media/catalog/product/cache/bbf624d4e302b71a44cbbfb433873131/8/1/81997_4.jpg,81997_4.jpg,,,Hannas800,81997_4.jpg
IOWA EMBOSSED OVAL SIGN,81987,,"Metal; 15.75""W x 11.75""H",In stock,$2.00 ,,,"Metal; 15.75""W x 11.75""H",,6,$8.50 ,,,,,6,Hannas400,Hannas160,https://www.hannashandiworks.com/media/catalog/product/cache/bbf624d4e302b71a44cbbfb433873131/8/1/81987_2018_2.jpg,81987_2018_2.jpg,,,Hannas800,81987_2018_2.jpg
IOWA FROSTY MASCOT,81972,,"3 Feet Tall! Stretch Legs! Fabric; 22-36""H x 14""W x 8""D.",In stock,,,,"3 Feet Tall! Stretch Legs! Fabric; 22-36""H x 14""W x 8""D.",,2,$29.90 ,4,$27.90 ,,,2,Hannas400,Hannas160,https://www.hannashandiworks.com/media/catalog/product/cache/bbf624d4e302b71a44cbbfb433873131/8/1/81972-cob24.jpg,81972-cob24.jpg,,,Hannas800,81972-cob24.jpg
IOWA GARDEN GNOME,819006,,Resin; 8½”W x 19¼”H x 7½”D,In stock,$19.75 ,,,Resin; 8½”W x 19¼”H x 7½”D,,2,$39.50 ,,,,,2,Hannas400,Hannas160,https://www.hannashandiworks.com/media/catalog/product/cache/bbf624d4e302b71a44cbbfb433873131/8/1/819006-cob24.jpg,819006-cob24.jpg,,,Hannas800,819006-cob24.jpg
IOWA GNOME FAN STRETCH LEG,81957,,"Fabric; 18.5-35""H x 10.5""W x 5.5""D.",In stock,,,,"Fabric; 18.5-35""H x 10.5""W x 5.5""D.",,6,$15.50 ,12,$14.50 ,,,6,Hannas400,Hannas160,https://www.hannashandiworks.com/media/catalog/product/cache/bbf624d4e302b71a44cbbfb433873131/8/1/81957-cob24.jpg,81957-cob24.jpg,,,Hannas800,81957-cob24.jpg
IOWA GNOME ORNAMENT 2 ASST.,81988,,"Fabric; 4""W x 8""H x 2.5""D",In stock,,,,"Fabric; 4""W x 8""H x 2.5""D",,12,$3.50 ,48,$3.25 ,96,$3.00 ,12,Hannas400,Hannas160,https://www.hannashandiworks.com/media/catalog/product/cache/bbf624d4e302b71a44cbbfb433873131/8/1/81988_1.JPG,81988_1.JPG,,,Hannas800,81988_1.JPG
IOWA GO BLOCK SET,819012,,"Wood; 1¾""W x 2½""H x 1¼""D",In stock,,,,"Wood; 1¾""W x 2½""H x 1¼""D",,6,$9.00 ,12,$8.50 ,18,$8.00 ,6,Hannas400,Hannas160,https://www.hannashandiworks.com/media/catalog/product/cache/bbf624d4e302b71a44cbbfb433873131/8/1/819012-cob24.jpg,819012-cob24.jpg,,,Hannas800,819012-cob24.jpg
IOWA HANGING FAN SIGN,819008,,"Wood; 12""W x 9¾""H x ¾""D",In stock,,,,"Wood; 12""W x 9¾""H x ¾""D",,6,$6.90 ,12,$6.50 ,24,$6.10 ,6,Hannas400,Hannas160,https://www.hannashandiworks.com/media/catalog/product/cache/bbf624d4e302b71a44cbbfb433873131/I/A/IA9017H_4.jpg,IA9017H_4.jpg,,,Hannas800,IA9017H_4.jpg
IOWA LOGO RIPPLE METAL SIGN,819003,,Metal; 12”W x 11¾”H x ½”D,In stock,,,,Metal; 12”W x 11¾”H x ½”D,,6,$6.90 ,12,$6.40 ,24,$5.90 ,6,Hannas400,Hannas160,https://www.hannashandiworks.com/media/catalog/product/cache/bbf624d4e302b71a44cbbfb433873131/8/1/819003.jpg,819003.jpg,,,Hannas800,819003.jpg
IOWA METAL SNOWMAN ORNAMENT 3 ASST.,81954,,"Metal; 3""W x 4¼""H x ¾""D",In stock,,,,"Metal; 3""W x 4¼""H x ¾""D",,36,$3.25 ,,,,,36,Hannas400,Hannas160,https://www.hannashandiworks.com/media/catalog/product/cache/bbf624d4e302b71a44cbbfb433873131/8/1/81954_2.jpg,81954_2.jpg,,,Hannas800,81954_2.jpg
IOWA MINI PERPETUAL CALENDAR,819014,,"Wood; 3""W x 5.75""H x 1.5""D",In stock,,,,"Wood; 3""W x 5.75""H x 1.5""D",,6,$5.50 ,12,$5.25 ,24,$5.00 ,6,Hannas400,Hannas160,https://www.hannashandiworks.com/media/catalog/product/cache/bbf624d4e302b71a44cbbfb433873131/8/1/819014-cob24.jpg,819014-cob24.jpg,,,Hannas800,819014-cob24.jpg
IOWA RESIN SNOWMAN TABLETOP,81955,,"Resin; 8""H x 4.25""W x 1.5""D.",,,,,"Resin; 8""H x 4.25""W x 1.5""D.",,NA,$9.75 ,12,$9.25 ,36,$8.75 ,NA,Hannas400,Hannas160,https://www.hannashandiworks.com/media/catalog/product/cache/bbf624d4e302b71a44cbbfb433873131/8/1/81955-cob24.jpg,81955-cob24.jpg,,,Hannas800,81955-cob24.jpg
IOWA RETRO METAL SIGN,819021,,Metal; 9”W x 6¾”H x ”D Includes 4 mounting holes,In stock,,,,Metal; 9”W x 6¾”H x ”D Includes 4 mounting holes,,12,$4.25 ,24,$4.00 ,,,12,Hannas400,Hannas160,https://www.hannashandiworks.com/media/catalog/product/cache/bbf624d4e302b71a44cbbfb433873131/8/1/819021.jpg,819021.jpg,,,Hannas800,819021.jpg
IOWA RETRO TRUCK,819019,,Metal; 3¾”W x 4¼”H x 7¾”D,In stock,,,,Metal; 3¾”W x 4¼”H x 7¾”D,,4,$12.50 ,12,$12.00 ,,,4,Hannas400,Hannas160,https://www.hannashandiworks.com/media/catalog/product/cache/bbf624d4e302b71a44cbbfb433873131/8/1/819019-cob24.jpg,819019-cob24.jpg,,,Hannas800,819019-cob24.jpg
IOWA SANTA MASCOT,81981,,"3 Feet Tall! Stretch Legs! Fabric; 22-36""H x 14""W x 8""D.",In stock,,,,"3 Feet Tall! Stretch Legs! Fabric; 22-36""H x 14""W x 8""D.",,2,$29.90 ,4,$27.90 ,,,2,Hannas400,Hannas160,https://www.hannashandiworks.com/media/catalog/product/cache/bbf624d4e302b71a44cbbfb433873131/8/1/81981-cob24.jpg,81981-cob24.jpg,,,Hannas800,81981-cob24.jpg
IOWA SNOWMAN ORNAMENT,81982,,"Fabric; 7.75""W x 7""H x 2.5""D",In stock,,,,"Fabric; 7.75""W x 7""H x 2.5""D",,24,$2.75 ,48,$2.25 ,96,$2.00 ,24,Hannas400,Hannas160,https://www.hannashandiworks.com/media/catalog/product/cache/bbf624d4e302b71a44cbbfb433873131/8/1/81982_1.jpg,81982_1.jpg,,,Hannas800,81982_1.jpg
IOWA TABLETOP CLOCK,81945,,"Metal; 3¾""W x 4½""H x 2""D. Requires 1 AA Battery: Not Included",In stock,$1.00 ,,,"Metal; 3¾""W x 4½""H x 2""D. Requires 1 AA Battery: Not Included",,6,$4.50 ,,,,,6,Hannas400,Hannas160,https://www.hannashandiworks.com/media/catalog/product/cache/bbf624d4e302b71a44cbbfb433873131/8/1/81945-cob24.jpg,81945-cob24.jpg,,,Hannas800,81945-cob24.jpg
IOWA TABLETOP SIGN,819002,,Wood/Metal; 15”W x 5”H x 1½”D,In stock,$4.45 ,,,Wood/Metal; 15”W x 5”H x 1½”D,,6,$10.00 ,,,,,6,Hannas400,Hannas160,https://www.hannashandiworks.com/media/catalog/product/cache/bbf624d4e302b71a44cbbfb433873131/8/1/819002.jpg,819002.jpg,,,Hannas800,819002.jpg
IOWA TAILGATE BANNER,81932,,"Fabric; Each flag section is 5.5""H x 0.25""D, overall width varies by school.",In stock,,,,"Fabric; Each flag section is 5.5""H x 0.25""D, overall width varies by school.",,12,$5.25 ,24,$4.75 ,,,12,Hannas400,Hannas160,https://www.hannashandiworks.com/media/catalog/product/cache/bbf624d4e302b71a44cbbfb433873131/8/1/81932_TB_1.jpg,81932_TB_1.jpg,,,Hannas800,81932_TB_1.jpg
IOWA THERMOMETER,81965,,"Metal; 4""W x 11.5""H x .5""D",In stock,,,,"Metal; 4""W x 11.5""H x .5""D",,6,$5.50 ,12,$5.25 ,24,$5.00 ,6,Hannas400,Hannas160,https://www.hannashandiworks.com/media/catalog/product/cache/bbf624d4e302b71a44cbbfb433873131/8/1/81965IA_4.jpg,81965IA_4.jpg,,,Hannas800,81965IA_4.jpg
IOWA TIN ROOF BIRDHOUSE,819017,,Wood/Metal; 6½”W x 8”H x 5½”D,In stock,$13.50 ,,,Wood/Metal; 6½”W x 8”H x 5½”D,,4,$16.90 ,,,,,4,Hannas400,Hannas160,https://www.hannashandiworks.com/media/catalog/product/cache/bbf624d4e302b71a44cbbfb433873131/8/1/819017.jpg,819017.jpg,,,Hannas800,819017.jpg
IOWA WIDE SIGN,819007,,"Wood; 27¾""W x 7""H x ¾""D",In stock,$9.75 ,,,"Wood; 27¾""W x 7""H x ¾""D",,4,$11.75 ,,,,,4,Hannas400,Hannas160,https://www.hannashandiworks.com/media/catalog/product/cache/bbf624d4e302b71a44cbbfb433873131/8/1/819007_25.jpg,819007_25.jpg,,,Hannas800,819007_25.jpg
IOWA STATE BEAD LEG GNOME,824005,,Fabric/Wood; 7¾”W x 20”H x 3½”D,In stock,,,,Fabric/Wood; 7¾”W x 20”H x 3½”D,,6,$9.90 ,12,$9.40 ,24,$8.90 ,6,Hannas400,Hannas160,https://www.hannashandiworks.com/media/catalog/product/cache/bbf624d4e302b71a44cbbfb433873131/8/2/824005-cob24.jpg,824005-cob24.jpg,,,Hannas800,824005-cob24.jpg
IOWA STATE BEAD LEG SNOWMAN,824004,,Fabric/Wood; 7¾”W x 16¼”H x 3½”D,In stock,,,,Fabric/Wood; 7¾”W x 16¼”H x 3½”D,,6,$10.90 ,12,$10.40 ,24,$9.90 ,6,Hannas400,Hannas160,https://www.hannashandiworks.com/media/catalog/product/cache/bbf624d4e302b71a44cbbfb433873131/8/2/824004-cob24.jpg,824004-cob24.jpg,,,Hannas800,824004-cob24.jpg
IOWA STATE BOTTLE CAP CLOCK,82498,,"Metal; 13.25""Dia x 1.5""D. Requires 1 AA Battery; Not Included",,,,,"Metal; 13.25""Dia x 1.5""D. Requires 1 AA Battery; Not Included",,NA,$13.90 ,12,$13.40 ,24,$12.90 ,NA,Hannas400,Hannas160,https://www.hannashandiworks.com/media/catalog/product/cache/bbf624d4e302b71a44cbbfb433873131/8/2/82498_Clock-25.jpg,82498_Clock-25.jpg,,,Hannas800,82498_Clock-25.jpg
IOWA STATE CHILLY SNOWMAN STANDER,82434,,"Fabric; 15.5""H x 10.75""W x 5.75""D",In stock,,,,"Fabric; 15.5""H x 10.75""W x 5.75""D",,6,$13.50 ,12,$12.75 ,,,6,Hannas400,Hannas160,https://www.hannashandiworks.com/media/catalog/product/cache/bbf624d4e302b71a44cbbfb433873131/8/2/82434-cob24.jpg,82434-cob24.jpg,,,Hannas800,82434-cob24.jpg
IOWA STATE CHUNKY SNOWMAN ORNAMENT 2 ASST,824018,,Wood; Orn: 3¼”W x 8¾”H x 2¼”D; Box: 10½”W x 3”H x 7¾”D,In stock,,,,Wood; Orn: 3¼”W x 8¾”H x 2¼”D; Box: 10½”W x 3”H x 7¾”D,,12,$4.00 ,24,$3.75 ,48,$3.50 ,12,Hannas400,Hannas160,https://www.hannashandiworks.com/media/catalog/product/cache/bbf624d4e302b71a44cbbfb433873131/8/2/824018-cob24.jpg,824018-cob24.jpg,,,Hannas800,824018-cob24.jpg
IOWA STATE COLLEGIATE STONE,82458,,"Resin; 6¾""W x 4¾""H x 2¼""D",In stock,,,,"Resin; 6¾""W x 4¾""H x 2¼""D",,6,$6.25 ,12,$5.75 ,24,$5.25 ,6,Hannas400,Hannas160,https://www.hannashandiworks.com/media/catalog/product/cache/bbf624d4e302b71a44cbbfb433873131/8/2/82458-cob24.jpg,82458-cob24.jpg,,,Hannas800,82458-cob24.jpg
IOWA STATE CORRUGATED SIGN,82442,,"Metal; 15.5""W x 23.25""H x .5""D",In stock,$5.75 ,,,"Metal; 15.5""W x 23.25""H x .5""D",,4,$11.50 ,,,,,4,Hannas400,Hannas160,https://www.hannashandiworks.com/media/catalog/product/cache/bbf624d4e302b71a44cbbfb433873131/8/2/82442_1.jpg,82442_1.jpg,,,Hannas800,82442_1.jpg
IOWA STATE DISTRESSED BOTTLE CAP SIGN,82450,,"Metal; 14""Dia x 1.5""D",,$3.63 ,,,"Metal; 14""Dia x 1.5""D",,NA,$7.90 ,,,,,NA,Hannas400,Hannas160,https://www.hannashandiworks.com/media/catalog/product/cache/bbf624d4e302b71a44cbbfb433873131/8/2/82450_2.jpg,82450_2.jpg,,,Hannas800,82450_2.jpg
IOWA STATE FOOTBALL PILLOW DECOR,824024,,Fabric; 18½”W x 8¾”D *Product is pre-release and will be brought into stock based on customer interest,In stock,,,,Fabric; 18½”W x 8¾”D *Product is pre-release and will be brought into stock based on customer interest,,6,$19.90 ,,,,,6,Hannas400,Hannas160,https://www.hannashandiworks.com/media/catalog/product/cache/bbf624d4e302b71a44cbbfb433873131/8/2/824024.jpg,824024.jpg,,,Hannas800,824024.jpg
IOWA STATE FROSTY MASCOT,82472,,"3 Feet Tall! Stretch Legs! Fabric; 22-36""H x 14""W x 8""D.",In stock,,,,"3 Feet Tall! Stretch Legs! Fabric; 22-36""H x 14""W x 8""D.",,2,$29.90 ,4,$27.90 ,,,2,Hannas400,Hannas160,https://www.hannashandiworks.com/media/catalog/product/cache/bbf624d4e302b71a44cbbfb433873131/8/2/82472-cob24.jpg,82472-cob24.jpg,,,Hannas800,82472-cob24.jpg
IOWA STATE GNOME FAN STRETCH LEG,82457,,"Fabric; 18.5-35""H x 10.5""W x 5.5""D.",In stock,,,,"Fabric; 18.5-35""H x 10.5""W x 5.5""D.",,6,$15.50 ,12,$14.50 ,,,6,Hannas400,Hannas160,https://www.hannashandiworks.com/media/catalog/product/cache/bbf624d4e302b71a44cbbfb433873131/8/2/82457-cob24.jpg,82457-cob24.jpg,,,Hannas800,82457-cob24.jpg
IOWA STATE GNOME ORNAMENT 2 ASST.,82488,,"Fabric; 4""W x 8""H x 2.5""D",In stock,,,,"Fabric; 4""W x 8""H x 2.5""D",,12,$3.50 ,48,$3.25 ,96,$3.00 ,12,Hannas400,Hannas160,https://www.hannashandiworks.com/media/catalog/product/cache/bbf624d4e302b71a44cbbfb433873131/8/2/82488_1.jpg,82488_1.jpg,,,Hannas800,82488_1.jpg
IOWA STATE GO BLOCKS,82446,,"Wood; 1¾""W x 2½""H x 1¼""D",In stock,,,,"Wood; 1¾""W x 2½""H x 1¼""D",,6,$7.50 ,12,$7.00 ,24,$6.50 ,6,Hannas400,Hannas160,https://www.hannashandiworks.com/media/catalog/product/cache/bbf624d4e302b71a44cbbfb433873131/8/2/82446-cob24.jpg,82446-cob24.jpg,,,Hannas800,82446-cob24.jpg
IOWA STATE HANGING FAN SIGN,824008,,"Wood; 12""W x 9¾""H x ¾""D",In stock,,,,"Wood; 12""W x 9¾""H x ¾""D",,6,$6.90 ,12,$6.50 ,24,$6.10 ,6,Hannas400,Hannas160,https://www.hannashandiworks.com/media/catalog/product/cache/bbf624d4e302b71a44cbbfb433873131/8/2/82402_3.jpg,82402_3.jpg,,,Hannas800,82402_3.jpg
IOWA STATE LOGO RIPPLE METAL SIGN,824003,,Metal; 12”W x 11¾”H x ½”D,In stock,,,,Metal; 12”W x 11¾”H x ½”D,,6,$6.90 ,12,$6.40 ,24,$5.90 ,6,Hannas400,Hannas160,https://www.hannashandiworks.com/media/catalog/product/cache/bbf624d4e302b71a44cbbfb433873131/8/2/824003.jpg,824003.jpg,,,Hannas800,824003.jpg
IOWA STATE METAL FRAME 2 ASST.,82411,,"Metal/Glass/Wood (back); Portrait 6.25""W x 7.75""H x 1.25""D and Landscape 8.25""W x 6.50""H x 1.25""D (not extended)",In stock,$4.13 ,,,"Metal/Glass/Wood (back); Portrait 6.25""W x 7.75""H x 1.25""D and Landscape 8.25""W x 6.50""H x 1.25""D (not extended)",,4,$8.25 ,,,,,4,Hannas400,Hannas160,https://www.hannashandiworks.com/media/catalog/product/cache/bbf624d4e302b71a44cbbfb433873131/8/2/82411-cob.jpg,82411-cob.jpg,,,Hannas800,82411-cob.jpg
IOWA STATE METAL SNOWMAN ORNAMENT 3 ASST,82454,,"Metal; 3""W x 4¼""H x ¾""D",In stock,,,,"Metal; 3""W x 4¼""H x ¾""D",,36,$3.25 ,,,,,36,Hannas400,Hannas160,https://www.hannashandiworks.com/media/catalog/product/cache/bbf624d4e302b71a44cbbfb433873131/8/2/82454_4.jpg,82454_4.jpg,,,Hannas800,82454_4.jpg
IOWA STATE PERPETUAL CALENDER,82406,,"Wood; 6½""W x 8""H x 3¼""D",In stock,$3.75 ,,,"Wood; 6½""W x 8""H x 3¼""D",,4,$7.50 ,,,,,4,Hannas400,Hannas160,https://www.hannashandiworks.com/media/catalog/product/cache/bbf624d4e302b71a44cbbfb433873131/8/2/82406-cob.jpg,82406-cob.jpg,,,Hannas800,82406-cob.jpg
IOWA STATE RESIN GNOME,82433,,"Resin; 3.25""W x 8""H x 3""D",In stock,,,,"Resin; 3.25""W x 8""H x 3""D",,4,$7.00 ,12,$6.50 ,24,$6.00 ,4,Hannas400,Hannas160,https://www.hannashandiworks.com/media/catalog/product/cache/bbf624d4e302b71a44cbbfb433873131/8/2/82433-cob24.jpg,82433-cob24.jpg,,,Hannas800,82433-cob24.jpg
IOWA STATE RESIN SNOWMAN TABLETOP,82455,,"Resin; 8""H x 4.25""W x 1.5""D.",,,,,"Resin; 8""H x 4.25""W x 1.5""D.",,NA,$9.75 ,12,$9.25 ,36,$8.75 ,NA,Hannas400,Hannas160,https://www.hannashandiworks.com/media/catalog/product/cache/bbf624d4e302b71a44cbbfb433873131/8/2/82455-cob24.jpg,82455-cob24.jpg,,,Hannas800,82455-cob24.jpg
IOWA STATE RETRO METAL SIGN,824021,,Metal; 9”W x 6¾”H x ”D Includes 4 mounting holes,In stock,,,,Metal; 9”W x 6¾”H x ”D Includes 4 mounting holes,,12,$4.25 ,24,$4.00 ,,,12,Hannas400,Hannas160,https://www.hannashandiworks.com/media/catalog/product/cache/bbf624d4e302b71a44cbbfb433873131/8/2/824021.jpg,824021.jpg,,,Hannas800,824021.jpg
IOWA STATE RETRO TRUCK,824019,,Metal; 3¾”W x 4¼”H x 7¾”D,In stock,,,,Metal; 3¾”W x 4¼”H x 7¾”D,,4,$12.50 ,12,$12.00 ,,,4,Hannas400,Hannas160,https://www.hannashandiworks.com/media/catalog/product/cache/bbf624d4e302b71a44cbbfb433873131/8/2/824019-cob24.jpg,824019-cob24.jpg,,,Hannas800,824019-cob24.jpg
IOWA STATE ROPE BLOCKS,82447,,"3""W x 3""H x 1.5""D",In stock,$3.00 ,,,"3""W x 3""H x 1.5""D",,6,$8.50 ,,,,,6,Hannas400,Hannas160,https://www.hannashandiworks.com/media/catalog/product/cache/bbf624d4e302b71a44cbbfb433873131/8/2/82447-cob24.jpg,82447-cob24.jpg,,,Hannas800,82447-cob24.jpg
IOWA STATE SANTA MASCOT,82481,,"3 Feet Tall! Stretch Legs! Fabric; 22-36""H x 14""W x 8""D.",In stock,,,,"3 Feet Tall! Stretch Legs! Fabric; 22-36""H x 14""W x 8""D.",,2,$29.90 ,4,$27.90 ,,,2,Hannas400,Hannas160,https://www.hannashandiworks.com/media/catalog/product/cache/bbf624d4e302b71a44cbbfb433873131/8/2/82481-cob24.jpg,82481-cob24.jpg,,,Hannas800,82481-cob24.jpg
IOWA STATE SNOWMAN ORNAMENT,82482,,"Fabric; 4.75""W x 7""H x 2.5""D",,,,,"Fabric; 4.75""W x 7""H x 2.5""D",,NA,$2.75 ,48,$2.25 ,96,$2.00 ,NA,Hannas400,Hannas160,https://www.hannashandiworks.com/media/catalog/product/cache/bbf624d4e302b71a44cbbfb433873131/8/2/82482_1.jpg,82482_1.jpg,,,Hannas800,82482_1.jpg
IOWA STATE TABLETOP SIGN,824002,,Wood/Metal; 15”W x 5”H x 1½”D,In stock,$4.45 ,,,Wood/Metal; 15”W x 5”H x 1½”D,,6,$10.00 ,,,,,6,Hannas400,Hannas160,https://www.hannashandiworks.com/media/catalog/product/cache/bbf624d4e302b71a44cbbfb433873131/8/2/824002.jpg,824002.jpg,,,Hannas800,824002.jpg
IOWA STATE TAILGATE BANNER,82432,,"Fabric; Each flag section is 5.5""H x 0.25""D, overall width varies by school",In stock,,,,"Fabric; Each flag section is 5.5""H x 0.25""D, overall width varies by school",,12,$5.25 ,24,$4.75 ,,,12,Hannas400,Hannas160,https://www.hannashandiworks.com/media/catalog/product/cache/bbf624d4e302b71a44cbbfb433873131/8/2/82432_1.jpg,82432_1.jpg,,,Hannas800,82432_1.jpg
IOWA STATE THERMOMETER,82465,,"Metal; 4""W x 11.5""H x .5""D",In stock,,,,"Metal; 4""W x 11.5""H x .5""D",,6,$5.50 ,12,$5.25 ,24,$5.00 ,6,Hannas400,Hannas160,https://www.hannashandiworks.com/media/catalog/product/cache/bbf624d4e302b71a44cbbfb433873131/8/2/82465IAS_3.jpg,82465IAS_3.jpg,,,Hannas800,82465IAS_3.jpg
IOWA STATE TIN ROOF BIRDHOUSE,824017,,Wood/Metal; 6½”W x 8”H x 5½”D; Features Clean-out on Back,In stock,$13.50 ,,,Wood/Metal; 6½”W x 8”H x 5½”D; Features Clean-out on Back,,4,$16.90 ,,,,,4,Hannas400,Hannas160,https://www.hannashandiworks.com/media/catalog/product/cache/bbf624d4e302b71a44cbbfb433873131/8/2/824017-cob24.jpg,824017-cob24.jpg,,,Hannas800,824017-cob24.jpg
IOWA STATE WIDE SIGN,824007,,"Wood; 27¾""W x 7""H x ¾""D",In stock,$9.75 ,,,"Wood; 27¾""W x 7""H x ¾""D",,4,$11.75 ,,,,,4,Hannas400,Hannas160,https://www.hannashandiworks.com/media/catalog/product/cache/bbf624d4e302b71a44cbbfb433873131/8/2/824007.jpg,824007.jpg,,,Hannas800,824007.jpg
KANSAS BEAD LEG SNOWMAN,820004,,Fabric/Wood; 7¾”W x 16¼”H x 3½”D,In stock,,,,Fabric/Wood; 7¾”W x 16¼”H x 3½”D,,6,$10.90 ,12,$10.40 ,24,$9.90 ,6,Hannas400,Hannas160,https://www.hannashandiworks.com/media/catalog/product/cache/bbf624d4e302b71a44cbbfb433873131/8/2/820004-cob24.jpg,820004-cob24.jpg,,,Hannas800,820004-cob24.jpg
KANSAS BIRDHOUSE,82084,,"Wood and Metal; 6½""W x 8""H x 5½""D",In stock,,,,"Wood and Metal; 6½""W x 8""H x 5½""D",,4,$15.90 ,8,$12.90 ,,,4,Hannas400,Hannas160,https://www.hannashandiworks.com/media/catalog/product/cache/bbf624d4e302b71a44cbbfb433873131/8/2/82084_1.JPG,82084_1.JPG,,,Hannas800,82084_1.JPG
KANSAS BOTTLE CAP CLOCK,82098,,"Metal; 13.25""Dia x 1.5""D. Requires 1 AA Battery; Not Included",In stock,,,,"Metal; 13.25""Dia x 1.5""D. Requires 1 AA Battery; Not Included",,6,$13.90 ,12,$13.40 ,24,$12.90 ,6,Hannas400,Hannas160,https://www.hannashandiworks.com/media/catalog/product/cache/bbf624d4e302b71a44cbbfb433873131/8/2/82098_4.jpg,82098_4.jpg,,,Hannas800,82098_4.jpg
KANSAS CHILLY SNOWMAN STANDER,82034,,"Fabric; 15.5""H x 10.75""W x 5.75""D.",In stock,,,,"Fabric; 15.5""H x 10.75""W x 5.75""D.",,6,$13.50 ,12,$12.75 ,,,6,Hannas400,Hannas160,https://www.hannashandiworks.com/media/catalog/product/cache/bbf624d4e302b71a44cbbfb433873131/8/2/82034-cob24.jpg,82034-cob24.jpg,,,Hannas800,82034-cob24.jpg
KANSAS COLLEGIATE STONE,82058,,"Resin; 6¾""W x 4¾""H x 2¼""D",,,,,"Resin; 6¾""W x 4¾""H x 2¼""D",,NA,$6.25 ,12,$5.75 ,24,$5.25 ,NA,Hannas400,Hannas160,https://www.hannashandiworks.com/media/catalog/product/cache/bbf624d4e302b71a44cbbfb433873131/8/2/82058-cob24.jpg,82058-cob24.jpg,,,Hannas800,82058-cob24.jpg
KANSAS DISTRESSED WOOD SIGN,82091,,"23 1/2""W x 23 1/2""H x 1 1/4""D",In stock,$5.00 ,,,"23 1/2""W x 23 1/2""H x 1 1/4""D",,4,$17.50 ,,,,,4,Hannas400,Hannas160,https://www.hannashandiworks.com/media/catalog/product/cache/bbf624d4e302b71a44cbbfb433873131/8/2/82091_3.jpg,82091_3.jpg,,,Hannas800,82091_3.jpg
KANSAS FAN SIGN,820008,,"Wood; 12""W x 9.75""H x .75""D",In stock,,,,"Wood; 12""W x 9.75""H x .75""D",,6,$6.90 ,12,$6.50 ,24,$6.10 ,6,Hannas400,Hannas160,https://www.hannashandiworks.com/media/catalog/product/cache/bbf624d4e302b71a44cbbfb433873131/8/2/820008.jpg,820008.jpg,,,Hannas800,820008.jpg
KANSAS FROSTY MASCOT,82072,,"Fabric; 14""W x 22-36""H x 8""D",In stock,,,,"Fabric; 14""W x 22-36""H x 8""D",,2,$29.90 ,4,$27.90 ,,,2,Hannas400,Hannas160,https://www.hannashandiworks.com/media/catalog/product/cache/bbf624d4e302b71a44cbbfb433873131/8/2/82072-cob24.jpg,82072-cob24.jpg,,,Hannas800,82072-cob24.jpg
KANSAS GARDEN GNOME,820006,,Resin; 8½”W x 19¼”H x 7½”D,In stock,$19.75 ,,,Resin; 8½”W x 19¼”H x 7½”D,,2,$39.50 ,,,,,2,Hannas400,Hannas160,https://www.hannashandiworks.com/media/catalog/product/cache/bbf624d4e302b71a44cbbfb433873131/8/2/820006-cob.jpg,820006-cob.jpg,,,Hannas800,820006-cob.jpg
KANSAS GNOME FAN STRETCH LEG,82057,,"Fabric; 18.5-35""H x 10.5""W x 5.5""D.",In stock,,,,"Fabric; 18.5-35""H x 10.5""W x 5.5""D.",,6,$15.50 ,12,$14.50 ,,,6,Hannas400,Hannas160,https://www.hannashandiworks.com/media/catalog/product/cache/bbf624d4e302b71a44cbbfb433873131/8/2/82057-cob24.jpg,82057-cob24.jpg,,,Hannas800,82057-cob24.jpg
KANSAS GO BLOCK SET,820012,,"Wood; 1¾""W x 2½""H x 1¼""D",In stock,,,,"Wood; 1¾""W x 2½""H x 1¼""D",,6,$9.00 ,12,$8.50 ,18,$8.00 ,6,Hannas400,Hannas160,https://www.hannashandiworks.com/media/catalog/product/cache/bbf624d4e302b71a44cbbfb433873131/8/2/820012-cob24.jpg,820012-cob24.jpg,,,Hannas800,820012-cob24.jpg
KANSAS LOGO RIPPLE METAL SIGN,820003,,Metal; 12”W x 11¾”H x ½”D,In stock,,,,Metal; 12”W x 11¾”H x ½”D,,6,$6.90 ,12,$6.40 ,24,$5.90 ,6,Hannas400,Hannas160,https://www.hannashandiworks.com/media/catalog/product/cache/bbf624d4e302b71a44cbbfb433873131/8/2/820003.jpg,820003.jpg,,,Hannas800,820003.jpg
KANSAS LONG BANNER,82063,,"Over 3 Feet Tall! Fabric; 45.5""H x 10.5""W x 0.25""D.",In stock,$2.25 ,,,"Over 3 Feet Tall! Fabric; 45.5""H x 10.5""W x 0.25""D.",,6,$6.25 ,,,,,6,Hannas400,Hannas160,https://www.hannashandiworks.com/media/catalog/product/cache/bbf624d4e302b71a44cbbfb433873131/8/2/82063_3.jpg,82063_3.jpg,,,Hannas800,82063_3.jpg
KANSAS METAL SNOWMAN ORNAMENT 3 ASST,82054,,"Metal; 3""W x 4¼""H x ¾""D",In stock,,,,"Metal; 3""W x 4¼""H x ¾""D",,36,$3.25 ,,,,,36,Hannas400,Hannas160,https://www.hannashandiworks.com/media/catalog/product/cache/bbf624d4e302b71a44cbbfb433873131/8/2/82054_4.jpg,82054_4.jpg,,,Hannas800,82054_4.jpg
KANSAS RESIN SNOWMAN DANGLE LEG 2 ASST.,82093,,"Resin; 7-7.5""H x 2.5-2.75""W x 2.25""D",In stock,,,,"Resin; 7-7.5""H x 2.5-2.75""W x 2.25""D",,6,$4.25 ,36,$3.90 ,,,6,Hannas400,Hannas160,https://www.hannashandiworks.com/media/catalog/product/cache/bbf624d4e302b71a44cbbfb433873131/8/2/82093-cob24.jpg,82093-cob24.jpg,,,Hannas800,82093-cob24.jpg
KANSAS RESIN SNOWMAN ORNAMENT 2-PIECE SET,82039,,"Resin; 4""H x 2.5""W x 2""D",In stock,,,,"Resin; 4""H x 2.5""W x 2""D",,4,$8.00 ,12,$7.50 ,48,$7.00 ,4,Hannas400,Hannas160,https://www.hannashandiworks.com/media/catalog/product/cache/bbf624d4e302b71a44cbbfb433873131/8/2/82039_SMO_2.jpg,82039_SMO_2.jpg,,,Hannas800,82039_SMO_2.jpg
KANSAS RESIN SNOWMAN TABLETOP,82055,,"Resin; 8""H x 4.25""W x 1.5""D.",In stock,,,,"Resin; 8""H x 4.25""W x 1.5""D.",,6,$9.75 ,12,$9.25 ,36,$8.75 ,6,Hannas400,Hannas160,https://www.hannashandiworks.com/media/catalog/product/cache/bbf624d4e302b71a44cbbfb433873131/8/2/82055-cob24.jpg,82055-cob24.jpg,,,Hannas800,82055-cob24.jpg
KANSAS RETRO METAL SIGN,820021,,Metal; 9”W x 6¾”H x ”D Includes 4 mounting holes,In stock,,,,Metal; 9”W x 6¾”H x ”D Includes 4 mounting holes,,12,$4.25 ,24,$4.00 ,,,12,Hannas400,Hannas160,https://www.hannashandiworks.com/media/catalog/product/cache/bbf624d4e302b71a44cbbfb433873131/8/2/820021.jpg,820021.jpg,,,Hannas800,820021.jpg
KANSAS RETRO TRUCK,820019,,Metal; 3¾”W x 4¼”H x 7¾”D,In stock,,,,Metal; 3¾”W x 4¼”H x 7¾”D,,4,$12.50 ,12,$12.00 ,,,4,Hannas400,Hannas160,https://www.hannashandiworks.com/media/catalog/product/cache/bbf624d4e302b71a44cbbfb433873131/8/2/820019-cob.jpg,820019-cob.jpg,,,Hannas800,820019-cob.jpg
KANSAS RIPPLE SIGN,82009,,"Metal; 12""W x 11.75""H",In stock,$1.70 ,,,"Metal; 12""W x 11.75""H",,6,$5.50 ,,,,,6,Hannas400,Hannas160,https://www.hannashandiworks.com/media/catalog/product/cache/bbf624d4e302b71a44cbbfb433873131/8/2/82009_4.jpg,82009_4.jpg,,,Hannas800,82009_4.jpg
KANSAS ROPE BLOCKS,82047,,"3""W X 3""H x 1.5""D",In stock,$3.00 ,,,"3""W X 3""H x 1.5""D",,6,$8.50 ,,,,,6,Hannas400,Hannas160,https://www.hannashandiworks.com/media/catalog/product/cache/bbf624d4e302b71a44cbbfb433873131/8/2/82047-cob24.jpg,82047-cob24.jpg,,,Hannas800,82047-cob24.jpg
KANSAS SANTA BAG,82074,,"Approx. 10""Dia x 14""H/p",In stock,$1.50 ,,,"Approx. 10""Dia x 14""H/p",,6,$6.50 ,,,,,6,Hannas400,Hannas160,https://www.hannashandiworks.com/media/catalog/product/cache/bbf624d4e302b71a44cbbfb433873131/8/2/82074_SantaBag_1.JPG,82074_SantaBag_1.JPG,,,Hannas800,82074_SantaBag_1.JPG
KANSAS TAILGATE BANNER,82032,,"Fabric; Each flag section is 5.5""H x 0.25""D, overall width varies by school",In stock,,,,"Fabric; Each flag section is 5.5""H x 0.25""D, overall width varies by school",,12,$5.25 ,24,$4.75 ,,,12,Hannas400,Hannas160,https://www.hannashandiworks.com/media/catalog/product/cache/bbf624d4e302b71a44cbbfb433873131/8/2/82032_TB_1.jpg,82032_TB_1.jpg,,,Hannas800,82032_TB_1.jpg
KANSAS TEAM ORNAMENT PHOTO HOLDER 3 ASST. WITH DISPLAY,82069,,"Wood; 4""W x 4½""H x ¼""D",In stock,$0.75 ,,,"Wood; 4""W x 4½""H x ¼""D",,24,$2.00 ,,,,,24,Hannas400,Hannas160,https://www.hannashandiworks.com/media/catalog/product/cache/bbf624d4e302b71a44cbbfb433873131/8/2/82069-cob.jpg,82069-cob.jpg,,,Hannas800,82069-cob.jpg
KANSAS THERMOMETER,82065,,"Metal; 4""W x 11.5""H x .5""D",In stock,,,,"Metal; 4""W x 11.5""H x .5""D",,6,$5.50 ,12,$5.25 ,24,$5.00 ,6,Hannas400,Hannas160,https://www.hannashandiworks.com/media/catalog/product/cache/bbf624d4e302b71a44cbbfb433873131/8/2/82065KS_3.jpg,82065KS_3.jpg,,,Hannas800,82065KS_3.jpg
KANSAS TIN ROOF BIRDHOUSE,820017,,Wood/Metal; 6½”W x 8”H x 5½”D,In stock,$13.50 ,,,Wood/Metal; 6½”W x 8”H x 5½”D,,4,$16.90 ,,,,,4,Hannas400,Hannas160,https://www.hannashandiworks.com/media/catalog/product/cache/bbf624d4e302b71a44cbbfb433873131/8/2/820017.jpg,820017.jpg,,,Hannas800,820017.jpg
KU BEAD LEG GNOME,820005,,Fabric/Wood; 7¾”W x 20”H x 3½”D,In stock,,,,Fabric/Wood; 7¾”W x 20”H x 3½”D,,6,$9.90 ,12,$9.40 ,24,$8.90 ,6,Hannas400,Hannas160,https://www.hannashandiworks.com/media/catalog/product/cache/bbf624d4e302b71a44cbbfb433873131/8/2/820005-cob24.jpg,820005-cob24.jpg,,,Hannas800,820005-cob24.jpg
KU CHUNKY SNOWMAN ORNAMENT 2 ASST,820018,,Wood; Orn: 3¼”W x 8¾”H x 2¼”D; Box: 10½”W x 3”H x 7¾”D,In stock,,,,Wood; Orn: 3¼”W x 8¾”H x 2¼”D; Box: 10½”W x 3”H x 7¾”D,,12,$4.00 ,24,$3.75 ,48,$3.50 ,12,Hannas400,Hannas160,https://www.hannashandiworks.com/media/catalog/product/cache/bbf624d4e302b71a44cbbfb433873131/8/2/820018-cob24.jpg,820018-cob24.jpg,,,Hannas800,820018-cob24.jpg
KU CHUNKY SNOWMAN STANDER,820010,,Wood; 15½”W x 17¼”H x 4”D,In stock,$23.50 ,,,Wood; 15½”W x 17¼”H x 4”D,,2,$29.50 ,,,,,2,Hannas400,Hannas160,https://www.hannashandiworks.com/media/catalog/product/cache/bbf624d4e302b71a44cbbfb433873131/8/2/820010-cob24.jpg,820010-cob24.jpg,,,Hannas800,820010-cob24.jpg
KU CORRUGATED SIGN,82042,,"Metal; 15.5""W x 23.25""H x .5""D",In stock,$5.75 ,,,"Metal; 15.5""W x 23.25""H x .5""D",,4,$11.50 ,,,,,4,Hannas400,Hannas160,https://www.hannashandiworks.com/media/catalog/product/cache/bbf624d4e302b71a44cbbfb433873131/8/2/82042_1.jpg,82042_1.jpg,,,Hannas800,82042_1.jpg
KU PORCH WELCOME SIGN WITH EASEL,820011,,"Metal; 11""W x 41.25""H x 9.25""D",In stock,$9.95 ,,,"Metal; 11""W x 41.25""H x 9.25""D",,6,$23.50 ,,,,,6,Hannas400,Hannas160,https://www.hannashandiworks.com/media/catalog/product/cache/bbf624d4e302b71a44cbbfb433873131/8/2/820011.jpg,820011.jpg,,,Hannas800,820011.jpg
KU RESIN GNOME,82033,,"Resin; 3.25""W x8""H x 3""D",In stock,,,,"Resin; 3.25""W x8""H x 3""D",,4,$7.00 ,12,$6.50 ,24,$6.00 ,4,Hannas400,Hannas160,https://www.hannashandiworks.com/media/catalog/product/cache/bbf624d4e302b71a44cbbfb433873131/8/2/82033-cob24.jpg,82033-cob24.jpg,,,Hannas800,82033-cob24.jpg
KU SNOWMAN ORNAMENT,82082,,"Fabric; 4.75""W x 7""H x 2.5""D",In stock,,,,"Fabric; 4.75""W x 7""H x 2.5""D",,24,$2.75 ,48,$2.25 ,96,$2.00 ,24,Hannas400,Hannas160,https://www.hannashandiworks.com/media/catalog/product/cache/bbf624d4e302b71a44cbbfb433873131/8/2/82082_1.jpg,82082_1.jpg,,,Hannas800,82082_1.jpg
KU WIDE SIGN,820007,,"Wood; 27¾""W x 7""H x ¾""D",In stock,$9.75 ,,,"Wood; 27¾""W x 7""H x ¾""D",,4,$11.75 ,,,,,4,Hannas400,Hannas160,https://www.hannashandiworks.com/media/catalog/product/cache/bbf624d4e302b71a44cbbfb433873131/8/2/820007.jpg,820007.jpg,,,Hannas800,820007.jpg
K STATE FROSTY MASCOT,81172,,"Fabric; 14""W x 22-36""H x 8""D",In stock,$13.95 ,,,"Fabric; 14""W x 22-36""H x 8""D",,2,$27.90 ,,,,,2,Hannas400,Hannas160,https://www.hannashandiworks.com/media/catalog/product/cache/bbf624d4e302b71a44cbbfb433873131/8/1/81172-cob24.jpg,81172-cob24.jpg,,,Hannas800,81172-cob24.jpg
K STATE GAME ON SIGN,81178,,"9¾""W x 4""H x ½""D",In stock,$1.25 ,,,"9¾""W x 4""H x ½""D",,6,$5.00 ,,,,,6,Hannas400,Hannas160,https://www.hannashandiworks.com/media/catalog/product/cache/bbf624d4e302b71a44cbbfb433873131/8/1/81178_4.jpg,81178_4.jpg,,,Hannas800,81178_4.jpg
K STATE GO BLOCK SET,811012,,"Wood; 1¾""W x 2½""H x 1¼""D",In stock,$3.25 ,,,"Wood; 1¾""W x 2½""H x 1¼""D",,6,$7.50 ,,,,,6,Hannas400,Hannas160,https://www.hannashandiworks.com/media/catalog/product/cache/bbf624d4e302b71a44cbbfb433873131/8/1/811012-cob24.jpg,811012-cob24.jpg,,,Hannas800,811012-cob24.jpg
K STATE PERPETUAL CALENDAR,81122,,"Wood; 6½""W x 8""H x 3¼""D",In stock,$3.75 ,,,"Wood; 6½""W x 8""H x 3¼""D",,4,$7.50 ,,,,,4,Hannas400,Hannas160,https://www.hannashandiworks.com/media/catalog/product/cache/bbf624d4e302b71a44cbbfb433873131/8/1/81122-cob.jpg,81122-cob.jpg,,,Hannas800,81122-cob.jpg
K-STATE BIRDHOUSE,81184,,"Wood and Metal; 6½""W x 8""H x 5½""D",In stock,,,,"Wood and Metal; 6½""W x 8""H x 5½""D",,4,$15.90 ,8,$12.90 ,,,4,Hannas400,Hannas160,https://www.hannashandiworks.com/media/catalog/product/cache/bbf624d4e302b71a44cbbfb433873131/8/1/81184_1.JPG,81184_1.JPG,,,Hannas800,81184_1.JPG
K-STATE CHUNKY SNOWMAN ORNAMENT 2 ASST,811018,,Wood; Orn: 3¼”W x 8¾”H x 2¼”D; Box: 10½”W x 3”H x 7¾”D,In stock,,,,Wood; Orn: 3¼”W x 8¾”H x 2¼”D; Box: 10½”W x 3”H x 7¾”D,,12,$4.00 ,24,$3.75 ,48,$3.50 ,12,Hannas400,Hannas160,https://www.hannashandiworks.com/media/catalog/product/cache/bbf624d4e302b71a44cbbfb433873131/8/1/811018-cob24.jpg,811018-cob24.jpg,,,Hannas800,811018-cob24.jpg
K-STATE COLLEGIATE STONE,81158,,"Resin; 6¾""W x 4¾""H x 2¼""D",,,,,"Resin; 6¾""W x 4¾""H x 2¼""D",,NA,$6.25 ,12,$5.75 ,24,$5.25 ,NA,Hannas400,Hannas160,https://www.hannashandiworks.com/media/catalog/product/cache/bbf624d4e302b71a44cbbfb433873131/8/1/81158-cob24.jpg,81158-cob24.jpg,,,Hannas800,81158-cob24.jpg
K-STATE GNOME ORNAMENT 2 ASST.,81188,,"Fabric; 4""W x 8""H x 2.5""D",In stock,,,,"Fabric; 4""W x 8""H x 2.5""D",,12,$3.50 ,48,$3.25 ,96,$3.00 ,12,Hannas400,Hannas160,https://www.hannashandiworks.com/media/catalog/product/cache/bbf624d4e302b71a44cbbfb433873131/8/1/81188_1.JPG,81188_1.JPG,,,Hannas800,81188_1.JPG
K-STATE MAN CAVE SIGN,81176,,"15½""W x 13½""H x 1""D",In stock,$2.00 ,,,"15½""W x 13½""H x 1""D",,4,$8.50 ,,,,,4,Hannas400,Hannas160,https://www.hannashandiworks.com/media/catalog/product/cache/bbf624d4e302b71a44cbbfb433873131/8/1/81176_ManCaveSign_1.JPG,81176_ManCaveSign_1.JPG,,,Hannas800,81176_ManCaveSign_1.JPG
K-STATE METAL FRAME 2 ASST.,81111,,"Metal/Glass/Wood (back); Portrait 6.25""W x 7.75""H x 1.25""D and Landscape 8.25""W x 6.50""H x 1.25""D (not extended)",In stock,$4.13 ,,,"Metal/Glass/Wood (back); Portrait 6.25""W x 7.75""H x 1.25""D and Landscape 8.25""W x 6.50""H x 1.25""D (not extended)",,4,$8.25 ,,,,,4,Hannas400,Hannas160,https://www.hannashandiworks.com/media/catalog/product/cache/bbf624d4e302b71a44cbbfb433873131/8/1/81111-cob.jpg,81111-cob.jpg,,,Hannas800,81111-cob.jpg
K-STATE METAL SNOWMAN ORNAMENT WITH DISPLAY 3 ASST.,81154,,"Metal; 3""W x 4¼""H x ¾""D",In stock,,,,"Metal; 3""W x 4¼""H x ¾""D",,36,$3.25 ,,,,,36,Hannas400,Hannas160,https://www.hannashandiworks.com/media/catalog/product/cache/bbf624d4e302b71a44cbbfb433873131/8/1/81154_2.jpg,81154_2.jpg,,,Hannas800,81154_2.jpg
K-STATE PICTURE FRAME,81120,,"7¼""W x 9""H x ¾""D",In stock,$2.30 ,,,"7¼""W x 9""H x ¾""D",,6,$4.60 ,,,,,6,Hannas400,Hannas160,https://www.hannashandiworks.com/media/catalog/product/cache/bbf624d4e302b71a44cbbfb433873131/8/1/81120.JPG,81120.JPG,,,Hannas800,81120.JPG
K-STATE RESIN GNOME,81133,,"Resin; 3.25""W x 8""H x 3""D",In stock,,,,"Resin; 3.25""W x 8""H x 3""D",,4,$7.00 ,12,$6.50 ,24,$6.00 ,4,Hannas400,Hannas160,https://www.hannashandiworks.com/media/catalog/product/cache/bbf624d4e302b71a44cbbfb433873131/8/1/81133-cob24.jpg,81133-cob24.jpg,,,Hannas800,81133-cob24.jpg
K-STATE RESIN SNOWMAN TABLETOP,81155,,"Resin; 8""H x 4.25""W x 1.5""D",,,,,"Resin; 8""H x 4.25""W x 1.5""D",,NA,$9.75 ,12,$9.25 ,36,$8.75 ,NA,Hannas400,Hannas160,https://www.hannashandiworks.com/media/catalog/product/cache/bbf624d4e302b71a44cbbfb433873131/8/1/81155-cob24.jpg,81155-cob24.jpg,,,Hannas800,81155-cob24.jpg
K-STATE SANTA BAG,81174,,"Approx. 10""Dia x 14""H",In stock,$1.50 ,,,"Approx. 10""Dia x 14""H",,6,$6.50 ,,,,,6,Hannas400,Hannas160,https://www.hannashandiworks.com/media/catalog/product/cache/bbf624d4e302b71a44cbbfb433873131/8/1/81174-cob.jpg,81174-cob.jpg,,,Hannas800,81174-cob.jpg
K-STATE TAILGATE BANNER,81132,,"Fabric; Each flag section is 5.5""H x 0.25""D, overall width varies by school",In stock,,,,"Fabric; Each flag section is 5.5""H x 0.25""D, overall width varies by school",,12,$5.25 ,24,$4.75 ,,,12,Hannas400,Hannas160,https://www.hannashandiworks.com/media/catalog/product/cache/bbf624d4e302b71a44cbbfb433873131/8/1/81132.jpg,81132.jpg,,,Hannas800,81132.jpg
K-STATE THERMOMETER,81165,,"Metal; 4""W x 11.5""H x .5""D",In stock,,,,"Metal; 4""W x 11.5""H x .5""D",,6,$5.50 ,12,$5.25 ,24,$5.00 ,6,Hannas400,Hannas160,https://www.hannashandiworks.com/media/catalog/product/cache/bbf624d4e302b71a44cbbfb433873131/8/1/81165KSS_3.jpg,81165KSS_3.jpg,,,Hannas800,81165KSS_3.jpg
K-STATE WIRE PHOTO FRAME,81183,,"Wood/Metal; 10.75""H x 9.5""W x 1.5""D",In stock,$4.00 ,,,"Wood/Metal; 10.75""H x 9.5""W x 1.5""D",,4,$8.00 ,,,,,4,Hannas400,Hannas160,https://www.hannashandiworks.com/media/catalog/product/cache/bbf624d4e302b71a44cbbfb433873131/8/1/81183-cob.jpg,81183-cob.jpg,,,Hannas800,81183-cob.jpg
K-STATE WOODEN GNOME,81161,,"Wood; 25.25""H x 15.25""W x 4.5""D",In stock,$10.00 ,,,"Wood; 25.25""H x 15.25""W x 4.5""D",,2,$29.50 ,,,,,2,Hannas400,Hannas160,https://www.hannashandiworks.com/media/catalog/product/cache/bbf624d4e302b71a44cbbfb433873131/8/1/81161-cob24.jpg,81161-cob24.jpg,,,Hannas800,81161-cob24.jpg
KANSAS STATE BEAD LEG GNOME,811005,,Fabric/Wood; 7¾”W x 20”H x 3½”D,In stock,,,,Fabric/Wood; 7¾”W x 20”H x 3½”D,,6,$9.90 ,12,$9.40 ,24,$8.90 ,6,Hannas400,Hannas160,https://www.hannashandiworks.com/media/catalog/product/cache/bbf624d4e302b71a44cbbfb433873131/8/1/811005-cob24.jpg,811005-cob24.jpg,,,Hannas800,811005-cob24.jpg
KANSAS STATE CHILLY SNOWMAN STANDER,81134,,"Fabric; 15.5""H x10.75""W x 5.75""D.",In stock,,,,"Fabric; 15.5""H x10.75""W x 5.75""D.",,6,$13.50 ,12,$12.75 ,,,6,Hannas400,Hannas160,https://www.hannashandiworks.com/media/catalog/product/cache/bbf624d4e302b71a44cbbfb433873131/8/1/81134-cob24.jpg,81134-cob24.jpg,,,Hannas800,81134-cob24.jpg
KANSAS STATE CHUNKY SNOWMAN STANDER,811010,,Wood; 15½”W x 17¼”H x 4”D,In stock,$11.75 ,,,Wood; 15½”W x 17¼”H x 4”D,,2,$29.50 ,,,,,2,Hannas400,Hannas160,https://www.hannashandiworks.com/media/catalog/product/cache/bbf624d4e302b71a44cbbfb433873131/8/1/811010-cob24.jpg,811010-cob24.jpg,,,Hannas800,811010-cob24.jpg
KANSAS STATE EMBOSSED OVAL SIGN,81187,,"Metal; 15¾""W x 11¾""H",In stock,$2.00 ,,,"Metal; 15¾""W x 11¾""H",,6,$8.50 ,,,,,6,Hannas400,Hannas160,https://www.hannashandiworks.com/media/catalog/product/cache/bbf624d4e302b71a44cbbfb433873131/8/1/81187_2018_2.jpg,81187_2018_2.jpg,,,Hannas800,81187_2018_2.jpg
KANSAS STATE FAN SIGN,811008,,Wood; 12”W x 9¾”H x ¾”D,In stock,,,,Wood; 12”W x 9¾”H x ¾”D,,6,$6.90 ,12,$6.50 ,24,$6.10 ,6,Hannas400,Hannas160,https://www.hannashandiworks.com/media/catalog/product/cache/bbf624d4e302b71a44cbbfb433873131/8/1/811008.jpg,811008.jpg,,,Hannas800,811008.jpg
KANSAS STATE GNOME FAN STRETCH LEG,81157,,"Fabric; 18.5-35""H x 10.5""W x 5.5""D.",In stock,$7.75 ,,,"Fabric; 18.5-35""H x 10.5""W x 5.5""D.",,6,$15.50 ,,,,,6,Hannas400,Hannas160,https://www.hannashandiworks.com/media/catalog/product/cache/bbf624d4e302b71a44cbbfb433873131/8/1/81157-cob24.jpg,81157-cob24.jpg,,,Hannas800,81157-cob24.jpg
KANSAS STATE LOGO RIPPLE METAL SIGN,811003,,Metal; 12”W x 11¾”H x ½”D,In stock,,,,Metal; 12”W x 11¾”H x ½”D,,6,$6.90 ,12,$6.40 ,24,$5.90 ,6,Hannas400,Hannas160,https://www.hannashandiworks.com/media/catalog/product/cache/bbf624d4e302b71a44cbbfb433873131/8/1/811003.jpg,811003.jpg,,,Hannas800,811003.jpg
KANSAS STATE LONG BANNER,81163,,"Over 3 Feet Tall! Fabric; 45.5""H x 10.5""W x 0.25""D.",In stock,$2.25 ,,,"Over 3 Feet Tall! Fabric; 45.5""H x 10.5""W x 0.25""D.",,6,$6.25 ,,,,,6,Hannas400,Hannas160,https://www.hannashandiworks.com/media/catalog/product/cache/bbf624d4e302b71a44cbbfb433873131/8/1/81163.JPG,81163.JPG,,,Hannas800,81163.JPG
KANSAS STATE RESIN SNOWMAN DANGLE LEG,81193,,"Resin; 7-7.5""H x 2.5-2.75""W x 2.25""D.",In stock,,,,"Resin; 7-7.5""H x 2.5-2.75""W x 2.25""D.",,6,$4.25 ,36,$3.90 ,,,6,Hannas400,Hannas160,https://www.hannashandiworks.com/media/catalog/product/cache/bbf624d4e302b71a44cbbfb433873131/8/1/81193-cob24.jpg,81193-cob24.jpg,,,Hannas800,81193-cob24.jpg
KANSAS STATE RESIN SNOWMAN ORNAMENT 2-PIECE SET,81139,,"Resin; 4""H x 2.5""W x 2""D",In stock,,,,"Resin; 4""H x 2.5""W x 2""D",,4,$8.00 ,12,$7.50 ,48,$7.00 ,4,Hannas400,Hannas160,https://www.hannashandiworks.com/media/catalog/product/cache/bbf624d4e302b71a44cbbfb433873131/8/1/81139_SMO_2.jpg,81139_SMO_2.jpg,,,Hannas800,81139_SMO_2.jpg
KANSAS STATE TABLETOP SIGN,811002,,Wood/Metal; 15”W x 5”H x 1½”D,In stock,$4.45 ,,,Wood/Metal; 15”W x 5”H x 1½”D,,6,$10.00 ,,,,,6,Hannas400,Hannas160,https://www.hannashandiworks.com/media/catalog/product/cache/bbf624d4e302b71a44cbbfb433873131/8/1/811002.jpg,811002.jpg,,,Hannas800,811002.jpg
KANSAS STATE TIN ROOF BIRDHOUSE,811017,,Wood/Metal; 6½”W x 8”H x 5½”D; Features Clean-out on Back,In stock,$13.50 ,,,Wood/Metal; 6½”W x 8”H x 5½”D; Features Clean-out on Back,,4,$16.90 ,,,,,4,Hannas400,Hannas160,https://www.hannashandiworks.com/media/catalog/product/cache/bbf624d4e302b71a44cbbfb433873131/8/1/811017.jpg,811017.jpg,,,Hannas800,811017.jpg
KANSAS STATE WIDE SIGN,811007,,"Wood; 27¾""W x 7""H x ¾""D",In stock,$9.75 ,,,"Wood; 27¾""W x 7""H x ¾""D",,4,$11.75 ,,,,,4,Hannas400,Hannas160,https://www.hannashandiworks.com/media/catalog/product/cache/bbf624d4e302b71a44cbbfb433873131/8/1/811007.jpg,811007.jpg,,,Hannas800,811007.jpg
KENTUCKY BASKETBALL PILLOW DECOR,810025,,Fabric; 12”Dia *Product is pre-release and will be brought into stock based on customer interest,In stock,,,,Fabric; 12”Dia *Product is pre-release and will be brought into stock based on customer interest,,6,$19.90 ,,,,,6,Hannas400,Hannas160,https://www.hannashandiworks.com/media/catalog/product/cache/bbf624d4e302b71a44cbbfb433873131/8/1/810025.jpg,810025.jpg,,,Hannas800,810025.jpg
KENTUCKY BEAD LEG GNOME,810005,,Fabric/Wood; 7¾”W x 20”H x 3½”D,In stock,,,,Fabric/Wood; 7¾”W x 20”H x 3½”D,,6,$9.90 ,12,$9.40 ,24,$8.90 ,6,Hannas400,Hannas160,https://www.hannashandiworks.com/media/catalog/product/cache/bbf624d4e302b71a44cbbfb433873131/8/1/810005-cob24.jpg,810005-cob24.jpg,,,Hannas800,810005-cob24.jpg
KENTUCKY BEAD LEG SNOWMAN,810004,,Fabric/Wood; 7¾”W x 16¼”H x 3½”D,In stock,,,,Fabric/Wood; 7¾”W x 16¼”H x 3½”D,,6,$10.90 ,12,$10.40 ,24,$9.90 ,6,Hannas400,Hannas160,https://www.hannashandiworks.com/media/catalog/product/cache/bbf624d4e302b71a44cbbfb433873131/8/1/810004-cob24.jpg,810004-cob24.jpg,,,Hannas800,810004-cob24.jpg
KENTUCKY BOTTLE CAP CLOCK,81098,,"Metal; 13.25""Dia x 1.5""D. Requires 1 AA Battery; Not Included",In stock,,,,"Metal; 13.25""Dia x 1.5""D. Requires 1 AA Battery; Not Included",,6,$13.90 ,12,$13.40 ,24,$12.90 ,6,Hannas400,Hannas160,https://www.hannashandiworks.com/media/catalog/product/cache/bbf624d4e302b71a44cbbfb433873131/8/1/81098_25.jpg,81098_25.jpg,,,Hannas800,81098_25.jpg
KENTUCKY CHILLY SNOWMAN STANDER,81034,,"Fabric; 15.5""H x 10.75""W x 5.75""D.",In stock,,,,"Fabric; 15.5""H x 10.75""W x 5.75""D.",,6,$13.50 ,12,$12.75 ,,,6,Hannas400,Hannas160,https://www.hannashandiworks.com/media/catalog/product/cache/bbf624d4e302b71a44cbbfb433873131/8/1/81034-cob24.jpg,81034-cob24.jpg,,,Hannas800,81034-cob24.jpg
KENTUCKY CHUNKY SNOWMAN ORNAMENT 2 ASST,810018,,Wood; Orn: 3¼”W x 8¾”H x 2¼”D; Box: 10½”W x 3”H x 7¾”D,In stock,,,,Wood; Orn: 3¼”W x 8¾”H x 2¼”D; Box: 10½”W x 3”H x 7¾”D,,12,$4.00 ,24,$3.75 ,48,$3.50 ,12,Hannas400,Hannas160,https://www.hannashandiworks.com/media/catalog/product/cache/bbf624d4e302b71a44cbbfb433873131/8/1/810018-cob24.jpg,810018-cob24.jpg,,,Hannas800,810018-cob24.jpg
KENTUCKY CHUNKY SNOWMAN STANDER,810010,,Wood; 15½”W x 17¼”H x 4”D,In stock,$23.50 ,,,Wood; 15½”W x 17¼”H x 4”D,,2,$29.50 ,,,,,2,Hannas400,Hannas160,https://www.hannashandiworks.com/media/catalog/product/cache/bbf624d4e302b71a44cbbfb433873131/8/1/810010-cob24.jpg,810010-cob24.jpg,,,Hannas800,810010-cob24.jpg
KENTUCKY COLLEGIATE STONE,81058,,"Resin; 6¾""W x 4¾""H x 2¼""D",In stock,,,,"Resin; 6¾""W x 4¾""H x 2¼""D",,6,$6.25 ,12,$5.75 ,24,$5.25 ,6,Hannas400,Hannas160,https://www.hannashandiworks.com/media/catalog/product/cache/bbf624d4e302b71a44cbbfb433873131/8/1/81058-cob24.jpg,81058-cob24.jpg,,,Hannas800,81058-cob24.jpg
KENTUCKY CORRUGATED SIGN,81042,,"Metal; 15.5""W x 23.25""H x .5""D",,$5.75 ,,,"Metal; 15.5""W x 23.25""H x .5""D",,NA,$11.50 ,,,,,NA,Hannas400,Hannas160,https://www.hannashandiworks.com/media/catalog/product/cache/bbf624d4e302b71a44cbbfb433873131/8/1/81042_1.jpg,81042_1.jpg,,,Hannas800,81042_1.jpg
KENTUCKY FAN SIGN,810008,,"Wood; 12""W x 9.75""H x .75""D",In stock,,,,"Wood; 12""W x 9.75""H x .75""D",,6,$6.90 ,12,$6.50 ,24,$6.10 ,6,Hannas400,Hannas160,https://www.hannashandiworks.com/media/catalog/product/cache/bbf624d4e302b71a44cbbfb433873131/8/1/810008.jpg,810008.jpg,,,Hannas800,810008.jpg
KENTUCKY FROSTY MASCOT,81072,,"3 Feet Tall! Stretch Legs! Fabric; 22-36""H x 14""W x 8""D.",In stock,,,,"3 Feet Tall! Stretch Legs! Fabric; 22-36""H x 14""W x 8""D.",,2,$29.90 ,4,$27.90 ,,,2,Hannas400,Hannas160,https://www.hannashandiworks.com/media/catalog/product/cache/bbf624d4e302b71a44cbbfb433873131/8/1/81072-cob24.jpg,81072-cob24.jpg,,,Hannas800,81072-cob24.jpg
KENTUCKY GARDEN GNOME,810006,,Resin; 8½”W x 19¼”H x 7½”D,In stock,$19.75 ,,,Resin; 8½”W x 19¼”H x 7½”D,,2,$39.50 ,,,,,2,Hannas400,Hannas160,https://www.hannashandiworks.com/media/catalog/product/cache/bbf624d4e302b71a44cbbfb433873131/8/1/810006-cob24.jpg,810006-cob24.jpg,,,Hannas800,810006-cob24.jpg
KENTUCKY GNOME ORNAMENT 2 ASST.,81088,,"Fabric; 4""W x 8""H x 2.5""D",In stock,,,,"Fabric; 4""W x 8""H x 2.5""D",,12,$3.50 ,48,$3.25 ,96,$3.00 ,12,Hannas400,Hannas160,https://www.hannashandiworks.com/media/catalog/product/cache/bbf624d4e302b71a44cbbfb433873131/8/1/81088_1.JPG,81088_1.JPG,,,Hannas800,81088_1.JPG
KENTUCKY GO BLOCK SET,810012,,"Wood; 1¾""W x 2½""H x 1¼""D",In stock,,,,"Wood; 1¾""W x 2½""H x 1¼""D",,6,$9.00 ,12,$8.50 ,18,$8.00 ,6,Hannas400,Hannas160,https://www.hannashandiworks.com/media/catalog/product/cache/bbf624d4e302b71a44cbbfb433873131/8/1/810012-cob24.jpg,810012-cob24.jpg,,,Hannas800,810012-cob24.jpg
KENTUCKY LOGO RIPPLE METAL SIGN,810003,,Metal; 12”W x 11¾”H x ½”D,In stock,,,,Metal; 12”W x 11¾”H x ½”D,,6,$6.90 ,12,$6.40 ,24,$5.90 ,6,Hannas400,Hannas160,https://www.hannashandiworks.com/media/catalog/product/cache/bbf624d4e302b71a44cbbfb433873131/8/1/810003.jpg,810003.jpg,,,Hannas800,810003.jpg
KENTUCKY PERPETUAL CALENDAR,81043,,"Wood; 6½""W x 8""H x 3¼""D",In stock,$3.75 ,,,"Wood; 6½""W x 8""H x 3¼""D",,4,$7.50 ,,,,,4,Hannas400,Hannas160,https://www.hannashandiworks.com/media/catalog/product/cache/bbf624d4e302b71a44cbbfb433873131/8/1/81043-cob.jpg,81043-cob.jpg,,,Hannas800,81043-cob.jpg
KENTUCKY PORCH WELCOME SIGN WITH EASEL,810011,,"Metal; 11""W x 41.25""H x 9.25""D",,$9.95 ,,,"Metal; 11""W x 41.25""H x 9.25""D",,NA,$23.50 ,,,,,NA,Hannas400,Hannas160,https://www.hannashandiworks.com/media/catalog/product/cache/bbf624d4e302b71a44cbbfb433873131/8/1/810011.jpg,810011.jpg,,,Hannas800,810011.jpg
KENTUCKY RESIN GNOME,81033,,"Resin; 3.25""W x 8""H x 3""D",In stock,,,,"Resin; 3.25""W x 8""H x 3""D",,4,$7.00 ,12,$6.50 ,24,$6.00 ,4,Hannas400,Hannas160,https://www.hannashandiworks.com/media/catalog/product/cache/bbf624d4e302b71a44cbbfb433873131/8/1/81033-cob24.jpg,81033-cob24.jpg,,,Hannas800,81033-cob24.jpg
KENTUCKY RESIN SNOWMAN DANGLE LEG,81093,,"Resin; 7-7.5""H x 2.5-2.75""W x 2.25""D.",In stock,,,,"Resin; 7-7.5""H x 2.5-2.75""W x 2.25""D.",,6,$4.25 ,36,$3.90 ,,,6,Hannas400,Hannas160,https://www.hannashandiworks.com/media/catalog/product/cache/bbf624d4e302b71a44cbbfb433873131/8/1/81093-cob24.jpg,81093-cob24.jpg,,,Hannas800,81093-cob24.jpg
KENTUCKY RESIN SNOWMAN TABLETOP,81055,,"Resin; 8""H x 4.25""W x 1.5""D.",,,,,"Resin; 8""H x 4.25""W x 1.5""D.",,NA,$9.75 ,12,$9.25 ,36,$8.75 ,NA,Hannas400,Hannas160,https://www.hannashandiworks.com/media/catalog/product/cache/bbf624d4e302b71a44cbbfb433873131/8/1/81055-cob24.jpg,81055-cob24.jpg,,,Hannas800,81055-cob24.jpg
KENTUCKY RETRO SIGN,810021,,Metal; 9”W x 6¾”H x ”D Includes 4 mounting holes,In stock,,,,Metal; 9”W x 6¾”H x ”D Includes 4 mounting holes,,12,$4.25 ,24,$4.00 ,,,12,Hannas400,Hannas160,https://www.hannashandiworks.com/media/catalog/product/cache/bbf624d4e302b71a44cbbfb433873131/8/1/810021.jpg,810021.jpg,,,Hannas800,810021.jpg
KENTUCKY RETRO TRUCK,810019,,Metal; 3¾”W x 4¼”H x 7¾”D,In stock,,,,Metal; 3¾”W x 4¼”H x 7¾”D,,4,$12.50 ,12,$12.00 ,,,4,Hannas400,Hannas160,https://www.hannashandiworks.com/media/catalog/product/cache/bbf624d4e302b71a44cbbfb433873131/8/1/810019-cob24.jpg,810019-cob24.jpg,,,Hannas800,810019-cob24.jpg
KENTUCKY SNOWMAN ORNAMENT 3 ASST,81054,,"Metal; 3""W x 4¼""H x ¾""D",In stock,,,,"Metal; 3""W x 4¼""H x ¾""D",,36,$3.25 ,,,,,36,Hannas400,Hannas160,https://www.hannashandiworks.com/media/catalog/product/cache/bbf624d4e302b71a44cbbfb433873131/8/1/81054_2.jpg,81054_2.jpg,,,Hannas800,81054_2.jpg
KENTUCKY TABLETOP SIGN,810002,,Wood/Metal; 15”W x 5”H x 1½”D,In stock,$4.45 ,,,Wood/Metal; 15”W x 5”H x 1½”D,,6,$10.00 ,,,,,6,Hannas400,Hannas160,https://www.hannashandiworks.com/media/catalog/product/cache/bbf624d4e302b71a44cbbfb433873131/8/1/810002.jpg,810002.jpg,,,Hannas800,810002.jpg
KENTUCKY THERMOMETER,81065,,"Metal; 4""W x 11.5""H x .5""D",In stock,,,,"Metal; 4""W x 11.5""H x .5""D",,6,$5.50 ,12,$5.25 ,24,$5.00 ,6,Hannas400,Hannas160,https://www.hannashandiworks.com/media/catalog/product/cache/bbf624d4e302b71a44cbbfb433873131/8/1/81065KY_5.jpg,81065KY_5.jpg,,,Hannas800,81065KY_5.jpg
KENTUCKY TIN ROOF BIRDHOUSE,810017,,Wood/Metal; 6½”W x 8”H x 5½”D; Features Clean-out on Back,In stock,$13.50 ,,,Wood/Metal; 6½”W x 8”H x 5½”D; Features Clean-out on Back,,4,$16.90 ,,,,,4,Hannas400,Hannas160,https://www.hannashandiworks.com/media/catalog/product/cache/bbf624d4e302b71a44cbbfb433873131/8/1/810017-cob24.jpg,810017-cob24.jpg,,,Hannas800,810017-cob24.jpg
KENTUCKY WALL HANGING,81032,,"Fabric; Each flag section is 5.5""H x 0.25""D, overall width varies by school.",In stock,,,,"Fabric; Each flag section is 5.5""H x 0.25""D, overall width varies by school.",,12,$5.25 ,24,$4.75 ,,,12,Hannas400,Hannas160,https://www.hannashandiworks.com/media/catalog/product/cache/bbf624d4e302b71a44cbbfb433873131/8/1/81032_3.jpg,81032_3.jpg,,,Hannas800,81032_3.jpg
KENTUCKY WIDE SIGN,810007,,"Wood; 27¾""W x 7""H x ¾""D",In stock,$9.75 ,,,"Wood; 27¾""W x 7""H x ¾""D",,4,$11.75 ,,,,,4,Hannas400,Hannas160,https://www.hannashandiworks.com/media/catalog/product/cache/bbf624d4e302b71a44cbbfb433873131/8/1/810007.jpg,810007.jpg,,,Hannas800,810007.jpg
KENTUCKY WOODEN GNOME,81061,,"Wood; 15.25""W x 25.5""H x 4.5""D",In stock,$10.00 ,,,"Wood; 15.25""W x 25.5""H x 4.5""D",,2,$29.50 ,,,,,2,Hannas400,Hannas160,https://www.hannashandiworks.com/media/catalog/product/cache/bbf624d4e302b71a44cbbfb433873131/8/1/81061-cob24.jpg,81061-cob24.jpg,,,Hannas800,81061-cob24.jpg
LSU BEAD LEG GNOME,831005,,Fabric/Wood; 7¾”W x 20”H x 3½”D,In stock,,,,Fabric/Wood; 7¾”W x 20”H x 3½”D,,6,$9.90 ,12,$9.40 ,24,$8.90 ,6,Hannas400,Hannas160,https://www.hannashandiworks.com/media/catalog/product/cache/bbf624d4e302b71a44cbbfb433873131/8/3/831005-cob24.jpg,831005-cob24.jpg,,,Hannas800,831005-cob24.jpg
LSU CHILLY SNOWMAN,83134,,"Fabric; 10.75""W x 15.5""H x 5.75""D",In stock,,,,"Fabric; 10.75""W x 15.5""H x 5.75""D",,6,$13.50 ,12,$12.75 ,,,6,Hannas400,Hannas160,https://www.hannashandiworks.com/media/catalog/product/cache/bbf624d4e302b71a44cbbfb433873131/8/3/83134-cob.jpg,83134-cob.jpg,,,Hannas800,83134-cob.jpg
LSU CHUNKY SNOWMAN STANDER,831010,,Wood; 15½”W x 17¼”H x 4”D,In stock,$11.75 ,,,Wood; 15½”W x 17¼”H x 4”D,,2,$29.50 ,,,,,2,Hannas400,Hannas160,https://www.hannashandiworks.com/media/catalog/product/cache/bbf624d4e302b71a44cbbfb433873131/8/3/831010-cob24.jpg,831010-cob24.jpg,,,Hannas800,831010-cob24.jpg
LSU COLLEGIATE STONE,83158,,"Resin; 6¾""W x 4¾""H x 2¼""D",In stock,,,,"Resin; 6¾""W x 4¾""H x 2¼""D",,6,$6.25 ,12,$5.75 ,24,$5.25 ,6,Hannas400,Hannas160,https://www.hannashandiworks.com/media/catalog/product/cache/bbf624d4e302b71a44cbbfb433873131/8/3/83158-cob24.jpg,83158-cob24.jpg,,,Hannas800,83158-cob24.jpg
LSU GARDEN GNOME,831006,,Resin; 8½”W x 19¼”H x 7½”D,In stock,$19.75 ,,,Resin; 8½”W x 19¼”H x 7½”D,,2,$39.50 ,,,,,2,Hannas400,Hannas160,https://www.hannashandiworks.com/media/catalog/product/cache/bbf624d4e302b71a44cbbfb433873131/8/3/831006-cob24.jpg,831006-cob24.jpg,,,Hannas800,831006-cob24.jpg
LSU GNOME FAN STRETCH LEG,83157,,"Fabric; 18.5-35""H x 10.5""W x 5.5""D.",In stock,$7.75 ,,,"Fabric; 18.5-35""H x 10.5""W x 5.5""D.",,6,$15.50 ,,,,,6,Hannas400,Hannas160,https://www.hannashandiworks.com/media/catalog/product/cache/bbf624d4e302b71a44cbbfb433873131/8/3/83157-cob24.jpg,83157-cob24.jpg,,,Hannas800,83157-cob24.jpg
LSU GNOME ORNAMENT 2 ASST.,83188,,"Fabric; 4""W x 8""H x 2.5""D",In stock,,,,"Fabric; 4""W x 8""H x 2.5""D",,12,$3.50 ,48,$3.25 ,96,$3.00 ,12,Hannas400,Hannas160,https://www.hannashandiworks.com/media/catalog/product/cache/bbf624d4e302b71a44cbbfb433873131/8/3/83188_1.JPG,83188_1.JPG,,,Hannas800,83188_1.JPG
LSU GO BLOCK SET,831012,,"Wood; 1¾""W x 2½""H x 1¼""D",In stock,$3.25 ,,,"Wood; 1¾""W x 2½""H x 1¼""D",,6,$7.50 ,,,,,6,Hannas400,Hannas160,https://www.hannashandiworks.com/media/catalog/product/cache/bbf624d4e302b71a44cbbfb433873131/8/3/831012-cob24.jpg,831012-cob24.jpg,,,Hannas800,831012-cob24.jpg
LSU HANGING FAN SIGN,831008,,"Wood; 12""W x 9¾""H x ¾""D",In stock,,,,"Wood; 12""W x 9¾""H x ¾""D",,6,$6.90 ,12,$6.50 ,24,$6.10 ,6,Hannas400,Hannas160,https://www.hannashandiworks.com/media/catalog/product/cache/bbf624d4e302b71a44cbbfb433873131/8/3/83101_2020_1.jpg,83101_2020_1.jpg,,,Hannas800,83101_2020_1.jpg
LSU HELMET CUTOUT SIGN,83114,,"Metal; 11.25"" Dia x 0.25""D",In stock,$3.75 ,,,"Metal; 11.25"" Dia x 0.25""D",,6,$9.00 ,,,,,6,Hannas400,Hannas160,https://www.hannashandiworks.com/media/catalog/product/cache/bbf624d4e302b71a44cbbfb433873131/8/3/83114_2020.jpg,83114_2020.jpg,,,Hannas800,83114_2020.jpg
LSU PERPETUAL CALENDAR,83122,,"6½""W x 8""H x 3¼""D",In stock,$3.75 ,,,"6½""W x 8""H x 3¼""D",,4,$7.50 ,,,,,4,Hannas400,Hannas160,https://www.hannashandiworks.com/media/catalog/product/cache/bbf624d4e302b71a44cbbfb433873131/8/3/83122-cob.jpg,83122-cob.jpg,,,Hannas800,83122-cob.jpg
LSU RESIN GNOME,83133,,"Resin; 3.25""W x 8""H x 3""D",In stock,,,,"Resin; 3.25""W x 8""H x 3""D",,4,$7.00 ,12,$6.50 ,24,$6.00 ,4,Hannas400,Hannas160,https://www.hannashandiworks.com/media/catalog/product/cache/bbf624d4e302b71a44cbbfb433873131/8/3/83133-cob24.jpg,83133-cob24.jpg,,,Hannas800,83133-cob24.jpg
LSU RESIN SNOWMAN DANGLE LEG 2 ASST.,83193,,"Resin; 7-7.5""H x 2.5-2.75""W x 2.25""D",In stock,$2.13 ,,,"Resin; 7-7.5""H x 2.5-2.75""W x 2.25""D",,6,$4.25 ,,,,,6,Hannas400,Hannas160,https://www.hannashandiworks.com/media/catalog/product/cache/bbf624d4e302b71a44cbbfb433873131/8/3/83193-cob24.jpg,83193-cob24.jpg,,,Hannas800,83193-cob24.jpg
LSU RESIN SNOWMAN ORNAMENT 2-PIECE SET,83139,,"Resin; 4""H x 2.5""W x 2""D",In stock,$4.00 ,,,"Resin; 4""H x 2.5""W x 2""D",,4,$8.00 ,,,,,4,Hannas400,Hannas160,https://www.hannashandiworks.com/media/catalog/product/cache/bbf624d4e302b71a44cbbfb433873131/8/3/83139_SMO_2.jpg,83139_SMO_2.jpg,,,Hannas800,83139_SMO_2.jpg
LSU RESIN SNOWMAN TABLETOP,83155,,"Resin; 8""H x 4.25""W x 1.5""D.",In stock,$4.88 ,,,"Resin; 8""H x 4.25""W x 1.5""D.",,6,$9.75 ,,,,,6,Hannas400,Hannas160,https://www.hannashandiworks.com/media/catalog/product/cache/bbf624d4e302b71a44cbbfb433873131/8/3/83155-cob24.jpg,83155-cob24.jpg,,,Hannas800,83155-cob24.jpg
LSU SANTA MASCOT,83181,,"Fabric; 14""W x 22-36""H x 8""D",In stock,$13.95 ,,,"Fabric; 14""W x 22-36""H x 8""D",,2,$27.90 ,,,,,2,Hannas400,Hannas160,https://www.hannashandiworks.com/media/catalog/product/cache/bbf624d4e302b71a44cbbfb433873131/8/3/83181-cob24.jpg,83181-cob24.jpg,,,Hannas800,83181-cob24.jpg
LSU SNOWMAN ORNAMENT 3 ASST,83154,,"Metal; 3""W x 4¼""H x ¾""D",In stock,,,,"Metal; 3""W x 4¼""H x ¾""D",,36,$3.25 ,,,,,36,Hannas400,Hannas160,https://www.hannashandiworks.com/media/catalog/product/cache/bbf624d4e302b71a44cbbfb433873131/8/3/83154_2.jpg,83154_2.jpg,,,Hannas800,83154_2.jpg
LSU TABLETOP FRAME,831016,,"Wood and Mixed Materials; 11.5""W x 5""H x 1.25""D",In stock,,,,"Wood and Mixed Materials; 11.5""W x 5""H x 1.25""D",,6,$5.25 ,,,,,6,Hannas400,Hannas160,https://www.hannashandiworks.com/media/catalog/product/cache/bbf624d4e302b71a44cbbfb433873131/8/3/831016-cob24.jpg,831016-cob24.jpg,,,Hannas800,831016-cob24.jpg
LSU TAILGATE BANNER,83132,,"Fabric; 5.5""H x 0.25""D (Width Varies)",In stock,,,,"Fabric; 5.5""H x 0.25""D (Width Varies)",,12,$5.25 ,24,$4.75 ,,,12,Hannas400,Hannas160,https://www.hannashandiworks.com/media/catalog/product/cache/bbf624d4e302b71a44cbbfb433873131/8/3/83132_2.jpg,83132_2.jpg,,,Hannas800,83132_2.jpg
LSU THERMOMETER,83165,,"Metal; 4""W x 11.5""H x .5""D",In stock,,,,"Metal; 4""W x 11.5""H x .5""D",,6,$5.50 ,12,$5.25 ,24,$5.00 ,6,Hannas400,Hannas160,https://www.hannashandiworks.com/media/catalog/product/cache/bbf624d4e302b71a44cbbfb433873131/8/3/83165_1.jpg,83165_1.jpg,,,Hannas800,83165_1.jpg
LSU TIN ROOF BIRDHOUSE,831017,,Wood/Metal; 6½”W x 8”H x 5½”D; Features Clean-out on Back,In stock,$13.50 ,,,Wood/Metal; 6½”W x 8”H x 5½”D; Features Clean-out on Back,,4,$16.90 ,,,,,4,Hannas400,Hannas160,https://www.hannashandiworks.com/media/catalog/product/cache/bbf624d4e302b71a44cbbfb433873131/8/3/831017-cob24.jpg,831017-cob24.jpg,,,Hannas800,831017-cob24.jpg
LSU WOODEN SNOWMAN WITH TRAY 3 ASST.,83115,,"Wood; 2""W x 9""H x 2""D",In stock,,,,"Wood; 2""W x 9""H x 2""D",,18,$3.75 ,36,$3.50 ,54,$3.25 ,18,Hannas400,Hannas160,https://www.hannashandiworks.com/media/catalog/product/cache/bbf624d4e302b71a44cbbfb433873131/8/3/83115-cob.jpg,83115-cob.jpg,,,Hannas800,83115-cob.jpg
MICHIGAN STATE CLOCK,84345,,"Metal; 3.75""W x 4.5""H x 2""D. Requires 1 AA Battery; Not Included",In stock,$1.00 ,,,"Metal; 3.75""W x 4.5""H x 2""D. Requires 1 AA Battery; Not Included",,6,$4.50 ,,,,,6,Hannas400,Hannas160,https://www.hannashandiworks.com/media/catalog/product/cache/bbf624d4e302b71a44cbbfb433873131/8/4/84345-cob.jpg,84345-cob.jpg,,,Hannas800,84345-cob.jpg
MICHIGAN STATE COLLEGIATE STONE,84358,,"Resin; 6¾""W x 4¾""H x 2¼""D",In stock,,,,"Resin; 6¾""W x 4¾""H x 2¼""D",,6,$6.25 ,12,$5.75 ,24,$5.25 ,6,Hannas400,Hannas160,https://www.hannashandiworks.com/media/catalog/product/cache/bbf624d4e302b71a44cbbfb433873131/8/4/84358-cob.jpg,84358-cob.jpg,,,Hannas800,84358-cob.jpg
MICHIGAN STATE DIMENSIONAL DOOR HOOK,84364,,"Wood; 4¼""W x 11¾""H x ½""D",In stock,$0.75 ,,,"Wood; 4¼""W x 11¾""H x ½""D",,6,$3.50 ,,,,,6,Hannas400,Hannas160,https://www.hannashandiworks.com/media/catalog/product/cache/bbf624d4e302b71a44cbbfb433873131/8/4/84364-cob.jpg,84364-cob.jpg,,,Hannas800,84364-cob.jpg
MICHIGAN STATE DISTRESSED FRAME,84397,,"Wood; 7¾""W x 19½""H",In stock,$5.00 ,,,"Wood; 7¾""W x 19½""H",,6,$7.50 ,,,,,6,Hannas400,Hannas160,https://www.hannashandiworks.com/media/catalog/product/cache/bbf624d4e302b71a44cbbfb433873131/8/4/84397_5.jpg,84397_5.jpg,,,Hannas800,84397_5.jpg
MICHIGAN STATE GAME ON SIGN,84378,,,In stock,$2.50 ,,,,,6,$4.00 ,,,,,6,Hannas400,Hannas160,https://www.hannashandiworks.com/media/catalog/product/cache/bbf624d4e302b71a44cbbfb433873131/8/4/84378_4.jpg,84378_4.jpg,,,Hannas800,84378_4.jpg
MICHIGAN STATE GNOME FAN STRETCH LEG,84357,,Fabric; 10½”W x 18½-35”H x 5½”D,In stock,$7.75 ,,,Fabric; 10½”W x 18½-35”H x 5½”D,,6,$15.50 ,,,,,6,Hannas400,Hannas160,https://www.hannashandiworks.com/media/catalog/product/cache/bbf624d4e302b71a44cbbfb433873131/8/4/84357-cob.jpg,84357-cob.jpg,,,Hannas800,84357-cob.jpg
MICHIGAN STATE GO BLOCK SET,84346,,"Wood; 1¾""W x 2½""H x 1¼""D",In stock,$3.25 ,,,"Wood; 1¾""W x 2½""H x 1¼""D",,6,$6.50 ,,,,,6,Hannas400,Hannas160,https://www.hannashandiworks.com/media/catalog/product/cache/bbf624d4e302b71a44cbbfb433873131/8/4/84346-cob.jpg,84346-cob.jpg,,,Hannas800,84346-cob.jpg
MICHIGAN STATE MAN CAVE SIGN,84367,,"11¼""W x 8¼""H x 1¼""D",In stock,$4.00 ,,,"11¼""W x 8¼""H x 1¼""D",,6,$7.50 ,,,,,6,Hannas400,Hannas160,https://www.hannashandiworks.com/media/catalog/product/cache/bbf624d4e302b71a44cbbfb433873131/8/4/84367_4.jpg,84367_4.jpg,,,Hannas800,84367_4.jpg
MICHIGAN STATE PHOTO FRAME,84320,,"Wood; 7¼""W x 9""H x ¾""D",In stock,$2.30 ,,,"Wood; 7¼""W x 9""H x ¾""D",,6,$4.60 ,,,,,6,Hannas400,Hannas160,https://www.hannashandiworks.com/media/catalog/product/cache/bbf624d4e302b71a44cbbfb433873131/8/4/84320_1.JPG,84320_1.JPG,,,Hannas800,84320_1.JPG
MICHIGAN STATE RIPPLE SIGN,84309,,"Metal; 12""W x 11¾""H",In stock,$1.70 ,,,"Metal; 12""W x 11¾""H",,6,$5.50 ,,,,,6,Hannas400,Hannas160,https://www.hannashandiworks.com/media/catalog/product/cache/bbf624d4e302b71a44cbbfb433873131/8/4/84309_4.jpg,84309_4.jpg,,,Hannas800,84309_4.jpg
MICHIGAN STATE SLATE 2 ASST.,84301,,"13""W x 11½""H x ¼""D",In stock,$4.00 ,,,"13""W x 11½""H x ¼""D",,6,$6.95 ,,,,,6,Hannas400,Hannas160,https://www.hannashandiworks.com/media/catalog/product/cache/bbf624d4e302b71a44cbbfb433873131/8/4/84301_2018_1.jpg,84301_2018_1.jpg,,,Hannas800,84301_2018_1.jpg
MICHIGAN STATE SPARTANS MAN CAVE SIGN,84376,,"Wood; 15.5""W x 13.5""H x 1""D",In stock,$2.00 ,,,"Wood; 15.5""W x 13.5""H x 1""D",,4,$8.50 ,,,,,4,Hannas400,Hannas160,https://www.hannashandiworks.com/media/catalog/product/cache/bbf624d4e302b71a44cbbfb433873131/8/4/84376_4.jpg,84376_4.jpg,,,Hannas800,84376_4.jpg
MICHIGAN STATE WIDE SIGN,843007,,"Wood; 27¾""W x 7""H x ¾""D",In stock,$9.75 ,,,"Wood; 27¾""W x 7""H x ¾""D",,4,$11.75 ,,,,,4,Hannas400,Hannas160,https://www.hannashandiworks.com/media/catalog/product/cache/bbf624d4e302b71a44cbbfb433873131/8/4/843007.jpg,843007.jpg,,,Hannas800,843007.jpg
MICHIGAN BEAD LEG SNOWMAN,842004,,Fabric/Wood; 7¾”W x 16¼”H x 3½”D,In stock,,,,Fabric/Wood; 7¾”W x 16¼”H x 3½”D,,6,$10.90 ,12,$10.40 ,24,$9.90 ,6,Hannas400,Hannas160,https://www.hannashandiworks.com/media/catalog/product/cache/bbf624d4e302b71a44cbbfb433873131/8/4/842004-cob24.jpg,842004-cob24.jpg,,,Hannas800,842004-cob24.jpg
MICHIGAN BOTTLE TOP SIGN,84275,,"Metal; 19""Dia x 1¾""D",In stock,,,,"Metal; 19""Dia x 1¾""D",,6,$12.50 ,,,,,6,Hannas400,Hannas160,https://www.hannashandiworks.com/media/catalog/product/cache/bbf624d4e302b71a44cbbfb433873131/8/4/84275-24.jpg,84275-24.jpg,,,Hannas800,84275-24.jpg
MICHIGAN CHAMPION SIGN,84236,,"Wood; 12½""W x 9""H x ¼""D",In stock,,,,"Wood; 12½""W x 9""H x ¼""D",,6,$4.00 ,,,,,6,Hannas400,Hannas160,https://www.hannashandiworks.com/media/catalog/product/cache/bbf624d4e302b71a44cbbfb433873131/8/4/84236-24.jpg,84236-24.jpg,,,Hannas800,84236-24.jpg
MICHIGAN CHILLY SNOWMAN STANDER,84234,,"Fabric; 15.5""H x 10.75""W x 5.75""D",In stock,,,,"Fabric; 15.5""H x 10.75""W x 5.75""D",,6,$13.50 ,12,$12.75 ,,,6,Hannas400,Hannas160,https://www.hannashandiworks.com/media/catalog/product/cache/bbf624d4e302b71a44cbbfb433873131/8/4/84234-cob24.jpg,84234-cob24.jpg,,,Hannas800,84234-cob24.jpg
MICHIGAN CHUNKY SNOWMAN ORNAMENT 2 ASST,842018,,Wood; Orn: 3¼”W x 8¾”H x 2¼”D; Box: 10½”W x 3”H x 7¾”D,In stock,,,,Wood; Orn: 3¼”W x 8¾”H x 2¼”D; Box: 10½”W x 3”H x 7¾”D,,12,$4.00 ,24,$3.75 ,48,$3.50 ,12,Hannas400,Hannas160,https://www.hannashandiworks.com/media/catalog/product/cache/bbf624d4e302b71a44cbbfb433873131/8/4/842018-cob24.jpg,842018-cob24.jpg,,,Hannas800,842018-cob24.jpg
MICHIGAN COLLEGIATE STONE,84258,,"Resin; 6¾""W x 4¾""H x 2¼""D",In stock,,,,"Resin; 6¾""W x 4¾""H x 2¼""D",,6,$5.50 ,12,$5.15 ,24,$4.75 ,6,Hannas400,Hannas160,https://www.hannashandiworks.com/media/catalog/product/cache/bbf624d4e302b71a44cbbfb433873131/8/4/84258-24.jpg,84258-24.jpg,,,Hannas800,84258-24.jpg
MICHIGAN DIMENSIONAL DOOR HOOK,84264,,"Wood; 4¼""W x 11¾""H x ½""D",In stock,,,,"Wood; 4¼""W x 11¾""H x ½""D",,6,$3.50 ,12,$3.15 ,24,$2.90 ,6,Hannas400,Hannas160,https://www.hannashandiworks.com/media/catalog/product/cache/bbf624d4e302b71a44cbbfb433873131/8/4/84264-24.jpg,84264-24.jpg,,,Hannas800,84264-24.jpg
MICHIGAN FAN SIGN,84205,,"Wood; 12""W x 9¾""H x ¾""D",In stock,,,,"Wood; 12""W x 9¾""H x ¾""D",,6,$5.00 ,,,,,6,Hannas400,Hannas160,https://www.hannashandiworks.com/media/catalog/product/cache/bbf624d4e302b71a44cbbfb433873131/8/4/84205-24.jpg,84205-24.jpg,,,Hannas800,84205-24.jpg
MICHIGAN FOOTBALL PILLOW DECOR,842024,,Fabric; 18½”W x 8¾”D *Product is pre-release and will be brought into stock based on customer interest,In stock,,,,Fabric; 18½”W x 8¾”D *Product is pre-release and will be brought into stock based on customer interest,,6,$19.90 ,,,,,6,Hannas400,Hannas160,https://www.hannashandiworks.com/media/catalog/product/cache/bbf624d4e302b71a44cbbfb433873131/8/4/842024.jpg,842024.jpg,,,Hannas800,842024.jpg
MICHIGAN FROSTY MASCOT,84272,,"3 Feet Tall! Stretch Legs! Fabric; 22-36""H x 14""W x 8""D.",In stock,,,,"3 Feet Tall! Stretch Legs! Fabric; 22-36""H x 14""W x 8""D.",,2,$29.90 ,4,$27.90 ,,,2,Hannas400,Hannas160,https://www.hannashandiworks.com/media/catalog/product/cache/bbf624d4e302b71a44cbbfb433873131/8/4/84272-cob24.jpg,84272-cob24.jpg,,,Hannas800,84272-cob24.jpg
MICHIGAN GNOME ORNAMENT 2 ASST,84288,,"Fabric; 4""W x 8""H x 2.5""D",,,,,"Fabric; 4""W x 8""H x 2.5""D",,NA,$3.00 ,48,$2.50 ,96,$2.25 ,NA,Hannas400,Hannas160,https://www.hannashandiworks.com/media/catalog/product/cache/bbf624d4e302b71a44cbbfb433873131/8/4/84288.jpg,84288.jpg,,,Hannas800,84288.jpg
MICHIGAN GO BLOCKS,842012,,"Wood; 1¾""W x 2½""H x 1¼""D",In stock,,,,"Wood; 1¾""W x 2½""H x 1¼""D",,6,$9.00 ,12,$8.50 ,18,$8.00 ,6,Hannas400,Hannas160,https://www.hannashandiworks.com/media/catalog/product/cache/bbf624d4e302b71a44cbbfb433873131/8/4/842012.jpg,842012.jpg,,,Hannas800,842012.jpg
MICHIGAN GO BLUE BLOCKS,84246,,"Wood; 1¾""W x 2½""H x 1¼""D",In stock,,,,"Wood; 1¾""W x 2½""H x 1¼""D",,6,$6.50 ,,,,,6,Hannas400,Hannas160,https://www.hannashandiworks.com/media/catalog/product/cache/bbf624d4e302b71a44cbbfb433873131/8/4/84246-24.jpg,84246-24.jpg,,,Hannas800,84246-24.jpg
MICHIGAN LONG SIGN 3 ASST,84200,,"Wood; 27¼""W x 7½""H x ¾""D",In stock,,,,"Wood; 27¼""W x 7½""H x ¾""D",,6,$5.00 ,,,,,6,Hannas400,Hannas160,https://www.hannashandiworks.com/media/catalog/product/cache/bbf624d4e302b71a44cbbfb433873131/8/4/84200-24.jpg,84200-24.jpg,,,Hannas800,84200-24.jpg
MICHIGAN MAN CAVE SIGN,84276,,"Wood; 15.5""W x 13.5""H x 1""D",In stock,,,,"Wood; 15.5""W x 13.5""H x 1""D",,4,$8.50 ,,,,,4,Hannas400,Hannas160,https://www.hannashandiworks.com/media/catalog/product/cache/bbf624d4e302b71a44cbbfb433873131/8/4/84276-24.jpg,84276-24.jpg,,,Hannas800,84276-24.jpg
MICHIGAN MAN CAVE WOOD SIGN,84267,,"11¼""W x 8¼""H x 1¼""D",In stock,,,,"11¼""W x 8¼""H x 1¼""D",,6,$7.50 ,,,,,6,Hannas400,Hannas160,https://www.hannashandiworks.com/media/catalog/product/cache/bbf624d4e302b71a44cbbfb433873131/8/4/84267-24.jpg,84267-24.jpg,,,Hannas800,84267-24.jpg
MICHIGAN METAL SNOWFLAKE ORN,84221,,"6""W x 6""H",In stock,,,,"6""W x 6""H",,36,$1.75 ,,,,,36,Hannas400,Hannas160,https://www.hannashandiworks.com/media/catalog/product/cache/bbf624d4e302b71a44cbbfb433873131/8/4/84221-24.jpg,84221-24.jpg,,,Hannas800,84221-24.jpg
MICHIGAN RETRO METAL SIGN,842021,,Metal; 9”W x 6¾”H x ”D Includes 4 mounting holes,In stock,,,,Metal; 9”W x 6¾”H x ”D Includes 4 mounting holes,,12,$4.25 ,24,$4.00 ,,,12,Hannas400,Hannas160,https://www.hannashandiworks.com/media/catalog/product/cache/bbf624d4e302b71a44cbbfb433873131/8/4/842021.jpg,842021.jpg,,,Hannas800,842021.jpg
MICHIGAN SANTA MASCOT,84281,,"3 Feet Tall! Stretch Legs! Fabric; 22-36""H x 14""W x 8""D.",In stock,,,,"3 Feet Tall! Stretch Legs! Fabric; 22-36""H x 14""W x 8""D.",,2,$29.90 ,4,$27.90 ,,,2,Hannas400,Hannas160,https://www.hannashandiworks.com/media/catalog/product/cache/bbf624d4e302b71a44cbbfb433873131/8/4/84281-cob.jpg,84281-cob.jpg,,,Hannas800,84281-cob.jpg
MICHIGAN SLATE 2 ASST,84201,,"13""W x 11½""H x ¼""D",In stock,,,,"13""W x 11½""H x ¼""D",,6,$6.95 ,,,,,6,Hannas400,Hannas160,https://www.hannashandiworks.com/media/catalog/product/cache/bbf624d4e302b71a44cbbfb433873131/8/4/84201-24.jpg,84201-24.jpg,,,Hannas800,84201-24.jpg
MICHIGAN TAILGATE BANNER,84232,,"Fabric; Each flag section is 5.5""H x 0.25""D, overall width varies by school",In stock,,,,"Fabric; Each flag section is 5.5""H x 0.25""D, overall width varies by school",,12,$5.25 ,24,$4.75 ,,,12,Hannas400,Hannas160,https://www.hannashandiworks.com/media/catalog/product/cache/bbf624d4e302b71a44cbbfb433873131/8/4/84232_24.jpg,84232_24.jpg,,,Hannas800,84232_24.jpg
MICHIGAN TIN ROOF BIRDHOUSE,842017,,Wood/Metal; 6½”W x 8”H x 5½”D; Features Clean-out on Back,In stock,$13.50 ,,,Wood/Metal; 6½”W x 8”H x 5½”D; Features Clean-out on Back,,4,$16.90 ,,,,,4,Hannas400,Hannas160,https://www.hannashandiworks.com/media/catalog/product/cache/bbf624d4e302b71a44cbbfb433873131/8/4/842017-cob24.jpg,842017-cob24.jpg,,,Hannas800,842017-cob24.jpg
MICHIGAN WELCOME SIGN,84229,,"Wood; 11½""W x 12¾""H x ¼""D",In stock,,,,"Wood; 11½""W x 12¾""H x ¼""D",,6,$5.00 ,12,$4.70 ,24,$4.40 ,6,Hannas400,Hannas160,https://www.hannashandiworks.com/media/catalog/product/cache/bbf624d4e302b71a44cbbfb433873131/8/4/84229-24.jpg,84229-24.jpg,,,Hannas800,84229-24.jpg
MICHIGAN WIDE SIGN,842007,,"Wood; 27¾""W x 7""H x ¾""D",In stock,$9.75 ,,,"Wood; 27¾""W x 7""H x ¾""D",,4,$11.75 ,,,,,4,Hannas400,Hannas160,https://www.hannashandiworks.com/media/catalog/product/cache/bbf624d4e302b71a44cbbfb433873131/8/4/842007_24.jpg,842007_24.jpg,,,Hannas800,842007_24.jpg
MICHIGAN WOLVERINES FAN SIGN,842008,,"Wood; 12""W x 9.75""H x .75""D",In stock,,,,"Wood; 12""W x 9.75""H x .75""D",,6,$6.90 ,12,$6.50 ,24,$6.10 ,6,Hannas400,Hannas160,https://www.hannashandiworks.com/media/catalog/product/cache/bbf624d4e302b71a44cbbfb433873131/8/4/842008_24_1.jpg,842008_24_1.jpg,,,Hannas800,842008_24_1.jpg
MISSISSIPPI BEAD LEG GNOME,840005,,Fabric/Wood; 7¾”W x 20”H x 3½”D,In stock,,,,Fabric/Wood; 7¾”W x 20”H x 3½”D,,6,$9.90 ,12,$9.40 ,24,$8.90 ,6,Hannas400,Hannas160,https://www.hannashandiworks.com/media/catalog/product/cache/bbf624d4e302b71a44cbbfb433873131/8/4/840005-cob.jpg,840005-cob.jpg,,,Hannas800,840005-cob.jpg
MISSISSIPPI BEAD LEG SNOWMAN,840004,,Fabric/Wood; 7¾”W x 16¼”H x 3½”D,In stock,,,,Fabric/Wood; 7¾”W x 16¼”H x 3½”D,,6,$10.90 ,12,$10.40 ,24,$9.90 ,6,Hannas400,Hannas160,https://www.hannashandiworks.com/media/catalog/product/cache/bbf624d4e302b71a44cbbfb433873131/8/4/840004-cob.jpg,840004-cob.jpg,,,Hannas800,840004-cob.jpg
MISSISSIPPI BIRDHOUSE,84084,,"Wood and Metal; 6½""W x 8""H x 5½”D",In stock,,,,"Wood and Metal; 6½""W x 8""H x 5½”D",,4,$15.90 ,8,$12.90 ,,,4,Hannas400,Hannas160,https://www.hannashandiworks.com/media/catalog/product/cache/bbf624d4e302b71a44cbbfb433873131/8/4/84084_MetalRoofBirdhouse_ART_1.JPG,84084_MetalRoofBirdhouse_ART_1.JPG,,,Hannas800,84084_MetalRoofBirdhouse_ART_1.JPG
MISSISSIPPI CHILLY SNOWMAN,84034,,"Fabric; 10.75""W x 15.5""H x 5.75""D",In stock,,,,"Fabric; 10.75""W x 15.5""H x 5.75""D",,6,$13.50 ,12,$12.75 ,,,6,Hannas400,Hannas160,https://www.hannashandiworks.com/media/catalog/product/cache/bbf624d4e302b71a44cbbfb433873131/8/4/84034-cob.jpg,84034-cob.jpg,,,Hannas800,84034-cob.jpg
MISSISSIPPI COLLEGIATE STONE,84058,,"Resin; 6¾""W x 4¾""H x 2¼""D",In stock,,,,"Resin; 6¾""W x 4¾""H x 2¼""D",,6,$6.25 ,12,$5.75 ,24,$5.25 ,6,Hannas400,Hannas160,https://www.hannashandiworks.com/media/catalog/product/cache/bbf624d4e302b71a44cbbfb433873131/8/4/84058-cob.jpg,84058-cob.jpg,,,Hannas800,84058-cob.jpg
MISSISSIPPI FAN SIGN,840008,,"Wood; 12""W x 9.75""H x .75""D",In stock,,,,"Wood; 12""W x 9.75""H x .75""D",,6,$6.90 ,12,$6.50 ,24,$6.10 ,6,Hannas400,Hannas160,https://www.hannashandiworks.com/media/catalog/product/cache/bbf624d4e302b71a44cbbfb433873131/8/4/840008.jpg,840008.jpg,,,Hannas800,840008.jpg
MISSISSIPPI GNOME FAN STRETCH LEG,84057,,"Fabric; 10.5""W x 18.5-35""H x 5.5""D",In stock,$7.75 ,,,"Fabric; 10.5""W x 18.5-35""H x 5.5""D",,6,$15.50 ,,,,,6,Hannas400,Hannas160,https://www.hannashandiworks.com/media/catalog/product/cache/bbf624d4e302b71a44cbbfb433873131/8/4/84057-cob.jpg,84057-cob.jpg,,,Hannas800,84057-cob.jpg
MISSISSIPPI GNOME ORNAMENT 2 ASST,84088,,"Fabric; 4""W x 8""H x 2.5""D",In stock,,,,"Fabric; 4""W x 8""H x 2.5""D",,12,$3.50 ,48,$3.25 ,96,$3.00 ,12,Hannas400,Hannas160,https://www.hannashandiworks.com/media/catalog/product/cache/bbf624d4e302b71a44cbbfb433873131/8/4/84088.jpg,84088.jpg,,,Hannas800,84088.jpg
MISSISSIPPI GO BLOCK SET,840012,,"Wood; 1¾""W x 2½""H x 1¼""D",In stock,$3.25 ,,,"Wood; 1¾""W x 2½""H x 1¼""D",,6,$8.00 ,,,,,6,Hannas400,Hannas160,https://www.hannashandiworks.com/media/catalog/product/cache/bbf624d4e302b71a44cbbfb433873131/8/4/840012-cob.jpg,840012-cob.jpg,,,Hannas800,840012-cob.jpg
MISSISSIPPI MAN CAVE SIGN,84076,,"15½""W x 13½""H x 1""D",In stock,$5.50 ,,,"15½""W x 13½""H x 1""D",,4,$8.50 ,,,,,4,Hannas400,Hannas160,https://www.hannashandiworks.com/media/catalog/product/cache/bbf624d4e302b71a44cbbfb433873131/8/4/84076_3.jpg,84076_3.jpg,,,Hannas800,84076_3.jpg
MISSISSIPPI RESIN SNOWMAN DANGLE LEG 2 ASST.,84093,,"Resin; 7-7.5""H x 2.5-2.75""W x 2.25""D",In stock,$2.13 ,,,"Resin; 7-7.5""H x 2.5-2.75""W x 2.25""D",,6,$4.25 ,,,,,6,Hannas400,Hannas160,https://www.hannashandiworks.com/media/catalog/product/cache/bbf624d4e302b71a44cbbfb433873131/8/4/84093-cob.jpg,84093-cob.jpg,,,Hannas800,84093-cob.jpg
MISSISSIPPI RESIN SNOWMAN ORNAMENT 2-PIECE SET,84039,,"Resin; 4""H x 2.5""W x 2""D",In stock,$4.00 ,,,"Resin; 4""H x 2.5""W x 2""D",,4,$8.00 ,,,,,4,Hannas400,Hannas160,https://www.hannashandiworks.com/media/catalog/product/cache/bbf624d4e302b71a44cbbfb433873131/8/4/84039_SMO_2.jpg,84039_SMO_2.jpg,,,Hannas800,84039_SMO_2.jpg
MISSISSIPPI RESIN SNOWMAN TABLETOP,84055,,"Resin; 8""H x 4.25""W x 1.5""D.",,$4.88 ,,,"Resin; 8""H x 4.25""W x 1.5""D.",,NA,$9.75 ,,,,,NA,Hannas400,Hannas160,https://www.hannashandiworks.com/media/catalog/product/cache/bbf624d4e302b71a44cbbfb433873131/8/4/84055-cob.jpg,84055-cob.jpg,,,Hannas800,84055-cob.jpg
MISSISSIPPI SNOWMAN METAL ORNAMENT 3 ASST,84054,,"Metal; 3""W x 4¼""H x ¾""D",In stock,,,,"Metal; 3""W x 4¼""H x ¾""D",,36,$3.25 ,,,,,36,Hannas400,Hannas160,https://www.hannashandiworks.com/media/catalog/product/cache/bbf624d4e302b71a44cbbfb433873131/8/4/84054_2.jpg,84054_2.jpg,,,Hannas800,84054_2.jpg
MISSISSIPPI SNOWMAN ORNAMENT 3 ASST,84052,,"3""W x 4¼""H x ¾""D

Ornaments only
Display not included",In stock,,,,"3""W x 4¼""H x ¾""D

Ornaments only
Display not included",,36,$1.35 ,,,,,36,Hannas400,Hannas160,https://www.hannashandiworks.com/media/catalog/product/cache/bbf624d4e302b71a44cbbfb433873131/8/4/84052_3.jpg,84052_3.jpg,,,Hannas800,84052_3.jpg
MISSISSIPPI TABLETOP CLOCK,84045,,"Metal; 3¾""W x 4½""H x 2""D. Requires 1 AA Battery; Not Included",In stock,$1.00 ,,,"Metal; 3¾""W x 4½""H x 2""D. Requires 1 AA Battery; Not Included",,6,$4.50 ,,,,,6,Hannas400,Hannas160,https://www.hannashandiworks.com/media/catalog/product/cache/bbf624d4e302b71a44cbbfb433873131/8/4/84045-cob.jpg,84045-cob.jpg,,,Hannas800,84045-cob.jpg
MISSISSIPPI TAILGATE BANNER,84032,,"Fabric; Each flag section is 5.5""H x 0.25""D, overall width varies by school",In stock,,,,"Fabric; Each flag section is 5.5""H x 0.25""D, overall width varies by school",,12,$5.25 ,24,$4.75 ,,,12,Hannas400,Hannas160,https://www.hannashandiworks.com/media/catalog/product/cache/bbf624d4e302b71a44cbbfb433873131/8/4/84032_TB_1.jpg,84032_TB_1.jpg,,,Hannas800,84032_TB_1.jpg
MISSISSIPPI WIDE SIGN,840007,,"Wood; 27¾""W x 7""H x ¾""D",In stock,$9.75 ,,,"Wood; 27¾""W x 7""H x ¾""D",,4,$11.75 ,,,,,4,Hannas400,Hannas160,https://www.hannashandiworks.com/media/catalog/product/cache/bbf624d4e302b71a44cbbfb433873131/8/4/840007.jpg,840007.jpg,,,Hannas800,840007.jpg
OLE MISS TABLETOP FRAME,840016,,"Wood and Mixed Materials; 11.5""W x 5""H x 1.25""D",In stock,,,,"Wood and Mixed Materials; 11.5""W x 5""H x 1.25""D",,6,$5.25 ,,,,,6,Hannas400,Hannas160,https://www.hannashandiworks.com/media/catalog/product/cache/bbf624d4e302b71a44cbbfb433873131/8/4/840016-cob.jpg,840016-cob.jpg,,,Hannas800,840016-cob.jpg
OLE MISS TAILGATE FRAME,84096,,"Folding Picture Frames
Sits on your desk or hangs on the wall
8¾"" x 7¾""",In stock,$1.50 ,,,"Folding Picture Frames
Sits on your desk or hangs on the wall
8¾"" x 7¾""",,6,$6.50 ,,,,,6,Hannas400,Hannas160,https://www.hannashandiworks.com/media/catalog/product/cache/bbf624d4e302b71a44cbbfb433873131/8/4/84096-cob.jpg,84096-cob.jpg,,,Hannas800,84096-cob.jpg
MISSISSIPPI STATE BEAD LEG GNOME,841005,,Fabric/Wood; 7¾”W x 20”H x 3½”D,In stock,,,,Fabric/Wood; 7¾”W x 20”H x 3½”D,,6,$9.90 ,12,$9.40 ,24,$8.90 ,6,Hannas400,Hannas160,https://www.hannashandiworks.com/media/catalog/product/cache/bbf624d4e302b71a44cbbfb433873131/8/4/841005-cob.jpg,841005-cob.jpg,,,Hannas800,841005-cob.jpg
MISSISSIPPI STATE BIRDHOUSE,84184,,Wood and Metal; 6½”W x 8”H x 5½”D,In stock,,,,Wood and Metal; 6½”W x 8”H x 5½”D,,4,$15.90 ,8,$12.90 ,,,4,Hannas400,Hannas160,https://www.hannashandiworks.com/media/catalog/product/cache/bbf624d4e302b71a44cbbfb433873131/8/4/84184_2020_1.jpg,84184_2020_1.jpg,,,Hannas800,84184_2020_1.jpg
MISSISSIPPI STATE BOTTLE CAP CLOCK,84198,,"Metal; 13"" 1/4"" Dia x 1 1/2""D. Requires 1 AA Battery; Not Included",In stock,,,,"Metal; 13"" 1/4"" Dia x 1 1/2""D. Requires 1 AA Battery; Not Included",,6,$13.90 ,12,$13.40 ,24,$12.90 ,6,Hannas400,Hannas160,https://www.hannashandiworks.com/media/catalog/product/cache/bbf624d4e302b71a44cbbfb433873131/8/4/84198_6.jpg,84198_6.jpg,,,Hannas800,84198_6.jpg
MISSISSIPPI STATE CHILLY SNOWMAN STANDER,84134,,"Fabric; 15.5""H x 10.75""W x 5.75""D",In stock,,,,"Fabric; 15.5""H x 10.75""W x 5.75""D",,6,$13.50 ,12,$12.75 ,,,6,Hannas400,Hannas160,https://www.hannashandiworks.com/media/catalog/product/cache/bbf624d4e302b71a44cbbfb433873131/8/4/84134-cob.jpg,84134-cob.jpg,,,Hannas800,84134-cob.jpg
MISSISSIPPI STATE COLLEGIATE STONE,84158,,"Resin; 6¾""W x 4¾""H x 2¼""D",In stock,,,,"Resin; 6¾""W x 4¾""H x 2¼""D",,6,$6.25 ,12,$5.75 ,24,$5.25 ,6,Hannas400,Hannas160,https://www.hannashandiworks.com/media/catalog/product/cache/bbf624d4e302b71a44cbbfb433873131/8/4/84158-cob.jpg,84158-cob.jpg,,,Hannas800,84158-cob.jpg
MISSISSIPPI STATE CORRUGATED SIGN,84142,,"Metal; 15.5""W x 23.25""H x .5""D",In stock,$5.75 ,,,"Metal; 15.5""W x 23.25""H x .5""D",,4,$11.50 ,,,,,4,Hannas400,Hannas160,https://www.hannashandiworks.com/media/catalog/product/cache/bbf624d4e302b71a44cbbfb433873131/8/4/84142_1.jpg,84142_1.jpg,,,Hannas800,84142_1.jpg
MISSISSIPPI STATE FAN SIGN,841008,,"Wood; 12""W x 9.75""H x .75""D",In stock,,,,"Wood; 12""W x 9.75""H x .75""D",,6,$6.90 ,12,$6.50 ,24,$6.10 ,6,Hannas400,Hannas160,https://www.hannashandiworks.com/media/catalog/product/cache/bbf624d4e302b71a44cbbfb433873131/8/4/841008.jpg,841008.jpg,,,Hannas800,841008.jpg
MISSISSIPPI STATE GNOME FAN STRETCH LEG,84157,,"Fabric; 18.5-35""H x 10.5W x 5.5D",In stock,$7.75 ,,,"Fabric; 18.5-35""H x 10.5W x 5.5D",,6,$15.50 ,,,,,6,Hannas400,Hannas160,https://www.hannashandiworks.com/media/catalog/product/cache/bbf624d4e302b71a44cbbfb433873131/8/4/84157-cob.jpg,84157-cob.jpg,,,Hannas800,84157-cob.jpg
MISSISSIPPI STATE GO BLOCK SET,841012,,"Wood; 1¾""W x 2½""H x 1¼""D",In stock,$3.25 ,,,"Wood; 1¾""W x 2½""H x 1¼""D",,6,$8.00 ,,,,,6,Hannas400,Hannas160,https://www.hannashandiworks.com/media/catalog/product/cache/bbf624d4e302b71a44cbbfb433873131/8/4/841012-cob.jpg,841012-cob.jpg,,,Hannas800,841012-cob.jpg
MISSISSIPPI STATE RESIN SNOWMAN ORNAMENT 2-PIECE SET,84139,,"Resin; 4""H x 2.5""W x 2""",In stock,$4.00 ,,,"Resin; 4""H x 2.5""W x 2""",,4,$8.00 ,,,,,4,Hannas400,Hannas160,https://www.hannashandiworks.com/media/catalog/product/cache/bbf624d4e302b71a44cbbfb433873131/8/4/84139_SMO_2.jpg,84139_SMO_2.jpg,,,Hannas800,84139_SMO_2.jpg
MISSISSIPPI STATE SNOWMAN FAN 2 ASST.,84170,,"2½-4½""W x 6""H x 3¼""D",In stock,$1.50 ,,,"2½-4½""W x 6""H x 3¼""D",,6,$4.50 ,,,,,6,Hannas400,Hannas160,https://www.hannashandiworks.com/media/catalog/product/cache/bbf624d4e302b71a44cbbfb433873131/8/4/84170-cob.jpg,84170-cob.jpg,,,Hannas800,84170-cob.jpg
MISSISSIPPI STATE SNOWMAN ORNAMENT 3 ASST,84154,,"Metal; 3""W x 4¼""H x ¾""D",In stock,,,,"Metal; 3""W x 4¼""H x ¾""D",,36,$3.25 ,,,,,36,Hannas400,Hannas160,https://www.hannashandiworks.com/media/catalog/product/cache/bbf624d4e302b71a44cbbfb433873131/8/4/84154_3.jpg,84154_3.jpg,,,Hannas800,84154_3.jpg
MISSISSIPPI STATE TABLETOP CLOCK,84145,,"Metal; 3¾""W x 4½""H 2""D. Requires 1 AA Battery; Not Included",In stock,$1.00 ,,,"Metal; 3¾""W x 4½""H 2""D. Requires 1 AA Battery; Not Included",,6,$4.50 ,,,,,6,Hannas400,Hannas160,https://www.hannashandiworks.com/media/catalog/product/cache/bbf624d4e302b71a44cbbfb433873131/8/4/84145-cob.jpg,84145-cob.jpg,,,Hannas800,84145-cob.jpg
MISSISSIPPI STATE TAILGATE BANNER,84132,,"Fabric; Each flag section is 5.5""H x 0.25""D, overall width varies by school",In stock,,,,"Fabric; Each flag section is 5.5""H x 0.25""D, overall width varies by school",,12,$5.25 ,24,$4.75 ,,,12,Hannas400,Hannas160,https://www.hannashandiworks.com/media/catalog/product/cache/bbf624d4e302b71a44cbbfb433873131/8/4/84132_TB_2.jpg,84132_TB_2.jpg,,,Hannas800,84132_TB_2.jpg
MISSISSIPPI STATE TAILGATE FRAME,84196,,"Folding Picture Frame! Sits on your desk or hangs on the wall.
8¾"" x 7¾""",In stock,$1.50 ,,,"Folding Picture Frame! Sits on your desk or hangs on the wall.
8¾"" x 7¾""",,6,$6.50 ,,,,,6,Hannas400,Hannas160,https://www.hannashandiworks.com/media/catalog/product/cache/bbf624d4e302b71a44cbbfb433873131/8/4/84196-cob.jpg,84196-cob.jpg,,,Hannas800,84196-cob.jpg
MISSISSIPPI STATE THERMOMETER,84165,,"Metal; 4""W x 11.5""H x .5""D",In stock,,,,"Metal; 4""W x 11.5""H x .5""D",,6,$5.50 ,12,$5.25 ,24,$5.00 ,6,Hannas400,Hannas160,https://www.hannashandiworks.com/media/catalog/product/cache/bbf624d4e302b71a44cbbfb433873131/8/4/84165MSS_5.jpg,84165MSS_5.jpg,,,Hannas800,84165MSS_5.jpg
MISSISSIPPI STATE WIDE SIGN,841007,,"Wood; 27¾""W x 7""H x ¾""D",In stock,$9.75 ,,,"Wood; 27¾""W x 7""H x ¾""D",,4,$11.75 ,,,,,4,Hannas400,Hannas160,https://www.hannashandiworks.com/media/catalog/product/cache/bbf624d4e302b71a44cbbfb433873131/8/4/841007.jpg,841007.jpg,,,Hannas800,841007.jpg
MISSISSIPPI STATE WOODEN SNOWMAN WITH TRAY 3 ASST.,84110,,"Wood; 2""W x 9""H x 2""D",In stock,,,,"Wood; 2""W x 9""H x 2""D",,18,$3.75 ,36,$3.50 ,54,$3.25 ,18,Hannas400,Hannas160,https://www.hannashandiworks.com/media/catalog/product/cache/bbf624d4e302b71a44cbbfb433873131/8/4/84110-cob.jpg,84110-cob.jpg,,,Hannas800,84110-cob.jpg
MISSOURI BEAD LEG SNOWMAN,821004,,Fabric/Wood; 7¾”W x 16¼”H x 3½”D,In stock,,,,Fabric/Wood; 7¾”W x 16¼”H x 3½”D,,6,$10.90 ,12,$10.40 ,24,$9.90 ,6,Hannas400,Hannas160,https://www.hannashandiworks.com/media/catalog/product/cache/bbf624d4e302b71a44cbbfb433873131/8/2/821004-cob.jpg,821004-cob.jpg,,,Hannas800,821004-cob.jpg
MISSOURI BOTTLE CAP CLOCK,82198,,"Metal; 13.25""Dia x 1.5""D. Requires 1 AA Battery; Not Included",In stock,,,,"Metal; 13.25""Dia x 1.5""D. Requires 1 AA Battery; Not Included",,6,$13.90 ,12,$13.40 ,24,$12.90 ,6,Hannas400,Hannas160,https://www.hannashandiworks.com/media/catalog/product/cache/bbf624d4e302b71a44cbbfb433873131/8/2/82198_25.jpg,82198_25.jpg,,,Hannas800,82198_25.jpg
MISSOURI CHILLY SNOWMAN STANDER,82134,,"Fabric; 15.5""H x 10.75""W x 5.75""D.",In stock,,,,"Fabric; 15.5""H x 10.75""W x 5.75""D.",,6,$13.50 ,12,$12.75 ,,,6,Hannas400,Hannas160,https://www.hannashandiworks.com/media/catalog/product/cache/bbf624d4e302b71a44cbbfb433873131/8/2/82134-cob.jpg,82134-cob.jpg,,,Hannas800,82134-cob.jpg
MISSOURI CHUNKY SNOWMAN STANDER,821010,,Wood; 15½”W x 17¼”H x 4”D,In stock,$11.75 ,,,Wood; 15½”W x 17¼”H x 4”D,,2,$29.50 ,,,,,2,Hannas400,Hannas160,https://www.hannashandiworks.com/media/catalog/product/cache/bbf624d4e302b71a44cbbfb433873131/8/2/821010-cob.jpg,821010-cob.jpg,,,Hannas800,821010-cob.jpg
MISSOURI CORRUGATED SIGN,82142,,"Metal; 15.5""W x 23.25""H x .5""D",In stock,$5.75 ,,,"Metal; 15.5""W x 23.25""H x .5""D",,4,$11.50 ,,,,,4,Hannas400,Hannas160,https://www.hannashandiworks.com/media/catalog/product/cache/bbf624d4e302b71a44cbbfb433873131/8/2/82142_1.jpg,82142_1.jpg,,,Hannas800,82142_1.jpg
MISSOURI DISTRESSED BOTTLE CAP SIGN,82150,,"Metal; 14"" Dia x 1.5""D",In stock,$3.95 ,,,"Metal; 14"" Dia x 1.5""D",,6,$7.90 ,,,,,6,Hannas400,Hannas160,https://www.hannashandiworks.com/media/catalog/product/cache/bbf624d4e302b71a44cbbfb433873131/8/2/82150_2020.jpg,82150_2020.jpg,,,Hannas800,82150_2020.jpg
MISSOURI GAME ON SIGN,82178,,"9¾""W x 4""H x ½""D",In stock,$2.50 ,,,"9¾""W x 4""H x ½""D",,6,$4.00 ,,,,,6,Hannas400,Hannas160,https://www.hannashandiworks.com/media/catalog/product/cache/bbf624d4e302b71a44cbbfb433873131/8/2/82178_GameOn_1.JPG,82178_GameOn_1.JPG,,,Hannas800,82178_GameOn_1.JPG
MISSOURI GNOME FAN STRETCH LEG,82157,,"Fabric; 18.5-35""H x 10.5""W x 5.5""D.",In stock,$7.75 ,,,"Fabric; 18.5-35""H x 10.5""W x 5.5""D.",,6,$15.50 ,,,,,6,Hannas400,Hannas160,https://www.hannashandiworks.com/media/catalog/product/cache/bbf624d4e302b71a44cbbfb433873131/8/2/82157-cob.jpg,82157-cob.jpg,,,Hannas800,82157-cob.jpg
MISSOURI GNOME ORNAMENT 2 ASST.,82188,,"Fabric; 4""W x 8""H x 2.5""D",In stock,$1.50 ,,,"Fabric; 4""W x 8""H x 2.5""D",,12,$3.00 ,,,,,12,Hannas400,Hannas160,https://www.hannashandiworks.com/media/catalog/product/cache/bbf624d4e302b71a44cbbfb433873131/8/2/82188_1.JPG,82188_1.JPG,,,Hannas800,82188_1.JPG
MISSOURI GO BLOCK SET,82146,,"Wood; 1¾""W x 2½""H x 1¼""D",In stock,$3.25 ,,,"Wood; 1¾""W x 2½""H x 1¼""D",,6,$6.50 ,,,,,6,Hannas400,Hannas160,https://www.hannashandiworks.com/media/catalog/product/cache/bbf624d4e302b71a44cbbfb433873131/8/2/82146-cob.jpg,82146-cob.jpg,,,Hannas800,82146-cob.jpg
MISSOURI HELMET CUTOUT SIGN,82114,,"Metal; 11.25"" Dia x 0.25""D",In stock,$3.75 ,,,"Metal; 11.25"" Dia x 0.25""D",,6,$9.00 ,,,,,6,Hannas400,Hannas160,https://www.hannashandiworks.com/media/catalog/product/cache/bbf624d4e302b71a44cbbfb433873131/8/2/82114_2020.jpg,82114_2020.jpg,,,Hannas800,82114_2020.jpg
MISSOURI METAL FRAME 2 ASST.,82111,,"Metal/Glass/Wood (back); Portrait 6.25""W x 7.75""H x 1.25""D and Landscape 8.25""W x 6.50""H x 1.25""D (not extended)",In stock,$4.13 ,,,"Metal/Glass/Wood (back); Portrait 6.25""W x 7.75""H x 1.25""D and Landscape 8.25""W x 6.50""H x 1.25""D (not extended)",,4,$8.25 ,,,,,4,Hannas400,Hannas160,https://www.hannashandiworks.com/media/catalog/product/cache/bbf624d4e302b71a44cbbfb433873131/8/2/82111-cob.jpg,82111-cob.jpg,,,Hannas800,82111-cob.jpg
MISSOURI METAL SNOWFLAKE ORNAMENT WITH DISPLAY,82180,,Metal; 5”Dia,In stock,$0.50 ,,,Metal; 5”Dia,,24,$2.50 ,,,,,24,Hannas400,Hannas160,https://www.hannashandiworks.com/media/catalog/product/cache/bbf624d4e302b71a44cbbfb433873131/8/2/82180-cob.jpg,82180-cob.jpg,,,Hannas800,82180-cob.jpg
MISSOURI PORCH WELCOME SIGN WITH EASEL,821011,,"Metal; 11""W x 41.25""H x 9.25""D",In stock,$9.95 ,,,"Metal; 11""W x 41.25""H x 9.25""D",,6,$23.50 ,,,,,6,Hannas400,Hannas160,https://www.hannashandiworks.com/media/catalog/product/cache/bbf624d4e302b71a44cbbfb433873131/8/2/821011.jpg,821011.jpg,,,Hannas800,821011.jpg
MISSOURI RESIN SNOWMAN DANGLE LEG 2 ASST.,82193,,"Resin; 7-7.5""H x 2.5-2.75""W x 2.25""D",In stock,$2.13 ,,,"Resin; 7-7.5""H x 2.5-2.75""W x 2.25""D",,6,$4.25 ,,,,,6,Hannas400,Hannas160,https://www.hannashandiworks.com/media/catalog/product/cache/bbf624d4e302b71a44cbbfb433873131/8/2/82193-cob.jpg,82193-cob.jpg,,,Hannas800,82193-cob.jpg
MISSOURI RESIN SNOWMAN ORNAMENT 2-PIECE SET,82139,,"Resin; 4""H x 2.5""W x 2""D",In stock,$4.00 ,,,"Resin; 4""H x 2.5""W x 2""D",,4,$8.00 ,,,,,4,Hannas400,Hannas160,https://www.hannashandiworks.com/media/catalog/product/cache/bbf624d4e302b71a44cbbfb433873131/8/2/82139-2020_1.jpg,82139-2020_1.jpg,,,Hannas800,82139-2020_1.jpg
MISSOURI RESIN SNOWMAN TABLETOP,82155,,"Resin; 8""H x 4.25""W x 1.5""D.",In stock,,,,"Resin; 8""H x 4.25""W x 1.5""D.",,6,$9.75 ,12,$9.25 ,36,$8.75 ,6,Hannas400,Hannas160,https://www.hannashandiworks.com/media/catalog/product/cache/bbf624d4e302b71a44cbbfb433873131/8/2/82155-cob.jpg,82155-cob.jpg,,,Hannas800,82155-cob.jpg
MISSOURI ROPE BLOCKS,82147,,"Wood; 3""W x 3""H x 1.5""D",In stock,$1.50 ,,,"Wood; 3""W x 3""H x 1.5""D",,6,$8.50 ,,,,,6,Hannas400,Hannas160,https://www.hannashandiworks.com/media/catalog/product/cache/bbf624d4e302b71a44cbbfb433873131/8/2/82147-cob.jpg,82147-cob.jpg,,,Hannas800,82147-cob.jpg
MISSOURI SANTA BAG,82174,,"Approx. 10""Dia x 14""H",In stock,$3.00 ,,,"Approx. 10""Dia x 14""H",,6,$6.50 ,,,,,6,Hannas400,Hannas160,https://www.hannashandiworks.com/media/catalog/product/cache/bbf624d4e302b71a44cbbfb433873131/8/2/82174_SantaBag_1.JPG,82174_SantaBag_1.JPG,,,Hannas800,82174_SantaBag_1.JPG
MISSOURI SCHOOL PRIDE SIGN 3 ASST.,82156,,"7""W x 4""H x ¼""D",In stock,$0.50 ,,,"7""W x 4""H x ¼""D",,24,$1.50 ,,,,,24,Hannas400,Hannas160,https://www.hannashandiworks.com/media/catalog/product/cache/bbf624d4e302b71a44cbbfb433873131/8/2/82156_2020.jpg,82156_2020.jpg,,,Hannas800,82156_2020.jpg
MISSOURI SNOWMAN FAN 2 ASST,82170,,"2½-4½""W x 6""H x 3¼""D",In stock,$1.50 ,,,"2½-4½""W x 6""H x 3¼""D",,6,$4.50 ,,,,,6,Hannas400,Hannas160,https://www.hannashandiworks.com/media/catalog/product/cache/bbf624d4e302b71a44cbbfb433873131/8/2/82170-cob.jpg,82170-cob.jpg,,,Hannas800,82170-cob.jpg
MISSOURI SNOWMAN ORNAMENT WITH DISPLAY 3 ASST.,82154,,"Metal; 3""W x 4¼""H x ¾""D",In stock,,,,"Metal; 3""W x 4¼""H x ¾""D",,36,$3.25 ,,,,,36,Hannas400,Hannas160,https://www.hannashandiworks.com/media/catalog/product/cache/bbf624d4e302b71a44cbbfb433873131/8/2/82154_2.jpg,82154_2.jpg,,,Hannas800,82154_2.jpg
MISSOURI SNOWMAN PHOTO ORNAMENT 3 ASST,82140,,"4""W x 5""H x .25""D",In stock,$0.38 ,,,"4""W x 5""H x .25""D",,36,$2.50 ,,,,,36,Hannas400,Hannas160,https://www.hannashandiworks.com/media/catalog/product/cache/bbf624d4e302b71a44cbbfb433873131/8/2/82140-cob.jpg,82140-cob.jpg,,,Hannas800,82140-cob.jpg
MISSOURI TABLETOP CLOCK,82145,,"Metal; 3¾""W x 4½""H x 2""D. Requires 1 AA Battery; Not Included",In stock,$1.00 ,,,"Metal; 3¾""W x 4½""H x 2""D. Requires 1 AA Battery; Not Included",,6,$4.50 ,,,,,6,Hannas400,Hannas160,https://www.hannashandiworks.com/media/catalog/product/cache/bbf624d4e302b71a44cbbfb433873131/8/2/82145-cob.jpg,82145-cob.jpg,,,Hannas800,82145-cob.jpg
MISSOURI TAILGATE BANNER,82132,,"Fabric; Each flag section is 5.5""H x 0.25""D, overall width varies by school",In stock,,,,"Fabric; Each flag section is 5.5""H x 0.25""D, overall width varies by school",,12,$5.25 ,24,$4.75 ,,,12,Hannas400,Hannas160,https://www.hannashandiworks.com/media/catalog/product/cache/bbf624d4e302b71a44cbbfb433873131/8/2/82132TB_new_2.jpg,82132TB_new_2.jpg,,,Hannas800,82132TB_new_2.jpg
MISSOURI THERMOMETER,82165,,"Metal; 4""W x 11.5""H x .5""D",In stock,,,,"Metal; 4""W x 11.5""H x .5""D",,6,$5.50 ,12,$5.25 ,24,$5.00 ,6,Hannas400,Hannas160,https://www.hannashandiworks.com/media/catalog/product/cache/bbf624d4e302b71a44cbbfb433873131/8/2/82165_2020.jpg,82165_2020.jpg,,,Hannas800,82165_2020.jpg
MISSOURI TIN ROOF BIRDHOUSE,821017,,Wood/Metal; 6½”W x 8”H x 5½”D,In stock,$13.50 ,,,Wood/Metal; 6½”W x 8”H x 5½”D,,4,$16.90 ,,,,,4,Hannas400,Hannas160,https://www.hannashandiworks.com/media/catalog/product/cache/bbf624d4e302b71a44cbbfb433873131/8/2/821017.jpg,821017.jpg,,,Hannas800,821017.jpg
MISSOURI WIDE SIGN,821007,,"Wood; 27¾""W x 7""H x ¾""D",In stock,$9.75 ,,,"Wood; 27¾""W x 7""H x ¾""D",,4,$11.75 ,,,,,4,Hannas400,Hannas160,https://www.hannashandiworks.com/media/catalog/product/cache/bbf624d4e302b71a44cbbfb433873131/8/2/821007.jpg,821007.jpg,,,Hannas800,821007.jpg
MIZZOU CHUNKY SNOWMAN ORNAMENT 2 ASST,821018,,Wood; Orn: 3¼”W x 8¾”H x 2¼”D; Box: 10½”W x 3”H x 7¾”D,In stock,,,,Wood; Orn: 3¼”W x 8¾”H x 2¼”D; Box: 10½”W x 3”H x 7¾”D,,12,$4.00 ,24,$3.75 ,48,$3.50 ,12,Hannas400,Hannas160,https://www.hannashandiworks.com/media/catalog/product/cache/bbf624d4e302b71a44cbbfb433873131/8/2/821018-cob.jpg,821018-cob.jpg,,,Hannas800,821018-cob.jpg
NEBRASKA BEAD LEG GNOME,827005,,Fabric/Wood; 7¾”W x 20”H x 3½”D,In stock,,,,Fabric/Wood; 7¾”W x 20”H x 3½”D,,6,$9.90 ,12,$9.40 ,24,$8.90 ,6,Hannas400,Hannas160,https://www.hannashandiworks.com/media/catalog/product/cache/bbf624d4e302b71a44cbbfb433873131/8/2/827005-cob.jpg,827005-cob.jpg,,,Hannas800,827005-cob.jpg
NEBRASKA BEAD LEG SNOWMAN,827004,,Fabric/Wood; 7¾”W x 16¼”H x 3½”D,In stock,,,,Fabric/Wood; 7¾”W x 16¼”H x 3½”D,,6,$10.90 ,12,$10.40 ,24,$9.90 ,6,Hannas400,Hannas160,https://www.hannashandiworks.com/media/catalog/product/cache/bbf624d4e302b71a44cbbfb433873131/8/2/827004-cob.jpg,827004-cob.jpg,,,Hannas800,827004-cob.jpg
NEBRASKA BIRDHOUSE,82784,,Wood and Metal; 6½”W x 8”H x 5½”D,In stock,,,,Wood and Metal; 6½”W x 8”H x 5½”D,,4,$15.90 ,8,$12.90 ,,,4,Hannas400,Hannas160,https://www.hannashandiworks.com/media/catalog/product/cache/bbf624d4e302b71a44cbbfb433873131/8/2/82784_1.JPG,82784_1.JPG,,,Hannas800,82784_1.JPG
NEBRASKA BOTTLE CAP CLOCK,82798,,"Metal; 13.25""Dia x 1.5""D. Requires 1 AA Battery; Not Included.",In stock,,,,"Metal; 13.25""Dia x 1.5""D. Requires 1 AA Battery; Not Included.",,6,$13.90 ,12,$13.40 ,24,$12.90 ,6,Hannas400,Hannas160,https://www.hannashandiworks.com/media/catalog/product/cache/bbf624d4e302b71a44cbbfb433873131/8/2/82798_4.jpg,82798_4.jpg,,,Hannas800,82798_4.jpg
NEBRASKA CHILLY SNOWMAN STANDER,82734,,"Fabric; 15.5""H x 10.75""W x 5.75""D",In stock,,,,"Fabric; 15.5""H x 10.75""W x 5.75""D",,6,$13.50 ,12,$12.75 ,,,6,Hannas400,Hannas160,https://www.hannashandiworks.com/media/catalog/product/cache/bbf624d4e302b71a44cbbfb433873131/8/2/82734-cob.jpg,82734-cob.jpg,,,Hannas800,82734-cob.jpg
NEBRASKA CHUNKY SNOWMAN ORNAMENT 2 ASST,827018,,Wood; Orn: 3¼”W x 8¾”H x 2¼”D; Box: 10½”W x 3”H x 7¾”D,In stock,,,,Wood; Orn: 3¼”W x 8¾”H x 2¼”D; Box: 10½”W x 3”H x 7¾”D,,12,$4.00 ,24,$3.75 ,48,$3.50 ,12,Hannas400,Hannas160,https://www.hannashandiworks.com/media/catalog/product/cache/bbf624d4e302b71a44cbbfb433873131/8/2/827018-cob.jpg,827018-cob.jpg,,,Hannas800,827018-cob.jpg
NEBRASKA CHUNKY SNOWMAN STANDER,827010,,Wood; 15½”W x 17¼”H x 4”D,In stock,$23.50 ,,,Wood; 15½”W x 17¼”H x 4”D,,2,$29.50 ,,,,,2,Hannas400,Hannas160,https://www.hannashandiworks.com/media/catalog/product/cache/bbf624d4e302b71a44cbbfb433873131/8/2/827010-cob.jpg,827010-cob.jpg,,,Hannas800,827010-cob.jpg
NEBRASKA COLLEGIATE STONE,82758,,"Resin; 6¾""W x 4¾""H x 2¼""D",In stock,,,,"Resin; 6¾""W x 4¾""H x 2¼""D",,6,$6.25 ,12,$5.75 ,24,$5.25 ,6,Hannas400,Hannas160,https://www.hannashandiworks.com/media/catalog/product/cache/bbf624d4e302b71a44cbbfb433873131/8/2/82758-cob.jpg,82758-cob.jpg,,,Hannas800,82758-cob.jpg
NEBRASKA FAN SIGN,827008,,"Wood; 12""W x 9.75""H x .75""D",In stock,,,,"Wood; 12""W x 9.75""H x .75""D",,6,$6.90 ,12,$6.50 ,24,$6.10 ,6,Hannas400,Hannas160,https://www.hannashandiworks.com/media/catalog/product/cache/bbf624d4e302b71a44cbbfb433873131/8/2/827008.jpg,827008.jpg,,,Hannas800,827008.jpg
NEBRASKA FOOTBALL PILLOW DECOR,827024,,Fabric; 18½”W x 8¾”D *Product is pre-release and will be brought into stock based on customer interest,In stock,,,,Fabric; 18½”W x 8¾”D *Product is pre-release and will be brought into stock based on customer interest,,6,$19.90 ,,,,,6,Hannas400,Hannas160,https://www.hannashandiworks.com/media/catalog/product/cache/bbf624d4e302b71a44cbbfb433873131/8/2/827024.jpg,827024.jpg,,,Hannas800,827024.jpg
NEBRASKA FROSTY MASCOT,82772,,"Fabric; 14""W x 22-36""H x 8""D",In stock,,,,"Fabric; 14""W x 22-36""H x 8""D",,2,$29.90 ,4,$27.90 ,,,2,Hannas400,Hannas160,https://www.hannashandiworks.com/media/catalog/product/cache/bbf624d4e302b71a44cbbfb433873131/8/2/82772-cob.jpg,82772-cob.jpg,,,Hannas800,82772-cob.jpg
NEBRASKA GO BLOCK SET,82746,,"Wood; 1¾""W x 2½""H x 1¼""D",In stock,,,,"Wood; 1¾""W x 2½""H x 1¼""D",,6,$7.50 ,12,$7.00 ,24,$6.50 ,6,Hannas400,Hannas160,https://www.hannashandiworks.com/media/catalog/product/cache/bbf624d4e302b71a44cbbfb433873131/8/2/82746-cob.jpg,82746-cob.jpg,,,Hannas800,82746-cob.jpg
NEBRASKA LOGO RIPPLE METAL SIGN,827003,,Metal; 12”W x 11¾”H x ½”D,In stock,,,,Metal; 12”W x 11¾”H x ½”D,,6,$6.90 ,12,$6.40 ,24,$5.90 ,6,Hannas400,Hannas160,https://www.hannashandiworks.com/media/catalog/product/cache/bbf624d4e302b71a44cbbfb433873131/8/2/827003.jpg,827003.jpg,,,Hannas800,827003.jpg
NEBRASKA METAL FRAME 2 ASST.,82711,,"Metal/Glass/Wood (back); Portrait 6.25""W x 7.75""H x 1.25""D and Landscape 8.25""W x 6.50""H x 1.25""D (not extended)",In stock,$4.13 ,,,"Metal/Glass/Wood (back); Portrait 6.25""W x 7.75""H x 1.25""D and Landscape 8.25""W x 6.50""H x 1.25""D (not extended)",,4,$8.25 ,,,,,4,Hannas400,Hannas160,https://www.hannashandiworks.com/media/catalog/product/cache/bbf624d4e302b71a44cbbfb433873131/8/2/82711-cob.jpg,82711-cob.jpg,,,Hannas800,82711-cob.jpg
NEBRASKA PERPETUAL CALENDAR,82702,,"Wood; 6½""W x 8""H x 3¼""D",In stock,$3.75 ,,,"Wood; 6½""W x 8""H x 3¼""D",,4,$7.50 ,,,,,4,Hannas400,Hannas160,https://www.hannashandiworks.com/media/catalog/product/cache/bbf624d4e302b71a44cbbfb433873131/8/2/82702-cob.jpg,82702-cob.jpg,,,Hannas800,82702-cob.jpg
NEBRASKA PICTURE FRAME,82703,,"7¼""W x 9""H x ¾""D",In stock,$2.30 ,,,"7¼""W x 9""H x ¾""D",,6,$4.60 ,,,,,6,Hannas400,Hannas160,https://www.hannashandiworks.com/media/catalog/product/cache/bbf624d4e302b71a44cbbfb433873131/8/2/82703_Frame_1.JPG,82703_Frame_1.JPG,,,Hannas800,82703_Frame_1.JPG
NEBRASKA RESIN GNOME,82733,,"Resin; 3.25""W x 8""H x 3""D",In stock,,,,"Resin; 3.25""W x 8""H x 3""D",,4,$7.00 ,12,$6.50 ,24,$6.00 ,4,Hannas400,Hannas160,https://www.hannashandiworks.com/media/catalog/product/cache/bbf624d4e302b71a44cbbfb433873131/8/2/82733-cob.jpg,82733-cob.jpg,,,Hannas800,82733-cob.jpg
NEBRASKA RESIN SNOWMAN ORNAMENT 2-PIECE SET,82739,,"Resin; 4""H x 2.5""W x 2""D",,,,,"Resin; 4""H x 2.5""W x 2""D",,NA,$8.00 ,12,$7.50 ,48,$7.00 ,NA,Hannas400,Hannas160,https://www.hannashandiworks.com/media/catalog/product/cache/bbf624d4e302b71a44cbbfb433873131/8/2/82739_SMO_2.jpg,82739_SMO_2.jpg,,,Hannas800,82739_SMO_2.jpg
NEBRASKA RESIN SNOWMAN TABLETOP,82755,,"Resin; 8""H x 4.25""W x 1.5""D",In stock,,,,"Resin; 8""H x 4.25""W x 1.5""D",,6,$9.75 ,12,$9.25 ,36,$8.75 ,6,Hannas400,Hannas160,https://www.hannashandiworks.com/media/catalog/product/cache/bbf624d4e302b71a44cbbfb433873131/8/2/82755_RSMS_2.jpg,82755_RSMS_2.jpg,,,Hannas800,82755_RSMS_2.jpg
NEBRASKA RETRO METAL SIGN,827021,,Metal; 9”W x 6¾”H x ”D Includes 4 mounting holes,In stock,,,,Metal; 9”W x 6¾”H x ”D Includes 4 mounting holes,,12,$4.25 ,24,$4.00 ,,,12,Hannas400,Hannas160,https://www.hannashandiworks.com/media/catalog/product/cache/bbf624d4e302b71a44cbbfb433873131/8/2/827021.jpg,827021.jpg,,,Hannas800,827021.jpg
NEBRASKA ROPE BLOCKS,82747,,"3""W x 3""H x 1.5""D",In stock,$3.00 ,,,"3""W x 3""H x 1.5""D",,6,$8.50 ,,,,,6,Hannas400,Hannas160,https://www.hannashandiworks.com/media/catalog/product/cache/bbf624d4e302b71a44cbbfb433873131/8/2/82747-cob.jpg,82747-cob.jpg,,,Hannas800,82747-cob.jpg
NEBRASKA SANTA BAG,82774,,"Approx. 10""Dia x 14""H",In stock,$3.00 ,,,"Approx. 10""Dia x 14""H",,6,$6.50 ,,,,,6,Hannas400,Hannas160,https://www.hannashandiworks.com/media/catalog/product/cache/bbf624d4e302b71a44cbbfb433873131/8/2/82774_6.jpg,82774_6.jpg,,,Hannas800,82774_6.jpg
NEBRASKA SANTA MASCOT,82781,,"Fabric; 14""W x 22-36""H x 8""D",In stock,,,,"Fabric; 14""W x 22-36""H x 8""D",,2,$29.90 ,4,$27.90 ,,,2,Hannas400,Hannas160,https://www.hannashandiworks.com/media/catalog/product/cache/bbf624d4e302b71a44cbbfb433873131/8/2/82781-cob.jpg,82781-cob.jpg,,,Hannas800,82781-cob.jpg
NEBRASKA SNOWMAN ORNAMENT 3 ASST.,82754,,"Metal; 3""W x 4¼""H x ¾""D",In stock,,,,"Metal; 3""W x 4¼""H x ¾""D",,36,$3.25 ,,,,,36,Hannas400,Hannas160,https://www.hannashandiworks.com/media/catalog/product/cache/bbf624d4e302b71a44cbbfb433873131/8/2/82754_1.jpg,82754_1.jpg,,,Hannas800,82754_1.jpg
NEBRASKA TABLETOP SIGN,827002,,Wood/Metal; 15”W x 5”H x 1½”D,In stock,$4.45 ,,,Wood/Metal; 15”W x 5”H x 1½”D,,6,$10.00 ,,,,,6,Hannas400,Hannas160,https://www.hannashandiworks.com/media/catalog/product/cache/bbf624d4e302b71a44cbbfb433873131/8/2/827002.jpg,827002.jpg,,,Hannas800,827002.jpg
NEBRASKA TAILGATE BANNER,82732,,"Fabric; Each flag section is 5.5""H x 0.25""D, overall width varies by school",In stock,,,,"Fabric; Each flag section is 5.5""H x 0.25""D, overall width varies by school",,12,$5.25 ,24,$4.75 ,,,12,Hannas400,Hannas160,https://www.hannashandiworks.com/media/catalog/product/cache/bbf624d4e302b71a44cbbfb433873131/8/2/82732_TB_2.jpg,82732_TB_2.jpg,,,Hannas800,82732_TB_2.jpg
NEBRASKA THERMOMETER,82765,,"Metal; 4""W x 11.5""H x .5""D",In stock,,,,"Metal; 4""W x 11.5""H x .5""D",,6,$5.50 ,12,$5.25 ,24,$5.00 ,6,Hannas400,Hannas160,https://www.hannashandiworks.com/media/catalog/product/cache/bbf624d4e302b71a44cbbfb433873131/8/2/82765NE_4.jpg,82765NE_4.jpg,,,Hannas800,82765NE_4.jpg
NEBRASKA WIDE SIGN,827007,,"Wood; 27¾""W x 7""H x ¾""D",In stock,$9.75 ,,,"Wood; 27¾""W x 7""H x ¾""D",,4,$11.75 ,,,,,4,Hannas400,Hannas160,https://www.hannashandiworks.com/media/catalog/product/cache/bbf624d4e302b71a44cbbfb433873131/8/2/827007.jpg,827007.jpg,,,Hannas800,827007.jpg
NORTH CAROLINA BLOCK SIGN 3 ASST,82653,,"Wood; 6""W x 6""H x 1.25""D",In stock,,,,"Wood; 6""W x 6""H x 1.25""D",,12,$3.25 ,,,,,12,Hannas400,Hannas160,https://www.hannashandiworks.com/media/catalog/product/cache/bbf624d4e302b71a44cbbfb433873131/8/2/82653.jpg,82653.jpg,,,Hannas800,82653.jpg
NORTH CAROLINA BOTTLE TOP SIGN,82675,,"Metal; 19""Dia x 1¾""D",In stock,,,,"Metal; 19""Dia x 1¾""D",,6,$12.50 ,,,,,6,Hannas400,Hannas160,https://www.hannashandiworks.com/media/catalog/product/cache/bbf624d4e302b71a44cbbfb433873131/8/2/82675.jpg,82675.jpg,,,Hannas800,82675.jpg
NORTH CAROLINA CANVAS CATCH ALL,NC9126T,,"Canvas; 12""L x 9 1/4""W x 8 1/4""H",In stock,,,,"Canvas; 12""L x 9 1/4""W x 8 1/4""H",,4,$5.75 ,16,$4.95 ,,,4,Hannas400,Hannas160,https://www.hannashandiworks.com/media/catalog/product/cache/bbf624d4e302b71a44cbbfb433873131/N/C/NC9126T.jpg,NC9126T.jpg,,,Hannas800,NC9126T.jpg
NORTH CAROLINA CHAMPION SIGN,82636,,"Wood; 12½""W x 9""H x ¼""D",In stock,,,,"Wood; 12½""W x 9""H x ¼""D",,6,$4.00 ,,,,,6,Hannas400,Hannas160,https://www.hannashandiworks.com/media/catalog/product/cache/bbf624d4e302b71a44cbbfb433873131/8/2/82636.jpg,82636.jpg,,,Hannas800,82636.jpg
NORTH CAROLINA COLLEGIATE STONE,82658,,"Resin; 6¾""W x 4¾""H x 2¼""D",In stock,,,,"Resin; 6¾""W x 4¾""H x 2¼""D",,6,$6.25 ,12,$5.75 ,24,$5.25 ,6,Hannas400,Hannas160,https://www.hannashandiworks.com/media/catalog/product/cache/bbf624d4e302b71a44cbbfb433873131/8/2/82658.jpg,82658.jpg,,,Hannas800,82658.jpg
NORTH CAROLINA DIMENSIONAL DOOR HOOK,82664,,"Wood; 4""W x 11.5""H x .5""D",In stock,,,,"Wood; 4""W x 11.5""H x .5""D",,6,$3.50 ,12,$3.15 ,24,$2.90 ,6,Hannas400,Hannas160,https://www.hannashandiworks.com/media/catalog/product/cache/bbf624d4e302b71a44cbbfb433873131/8/2/82664.jpg,82664.jpg,,,Hannas800,82664.jpg
NORTH CAROLINA DOOR HANGER,82602,,"Wood; 4 1/4""W x 11 3/4""H x 1/4""D",In stock,,,,"Wood; 4 1/4""W x 11 3/4""H x 1/4""D",,12,$1.75 ,,,,,12,Hannas400,Hannas160,https://www.hannashandiworks.com/media/catalog/product/cache/bbf624d4e302b71a44cbbfb433873131/8/2/82602.jpg,82602.jpg,,,Hannas800,82602.jpg
NORTH CAROLINA EXECUTIVE BLOCKS,82600,,"4"" Square Blocks",In stock,,,,"4"" Square Blocks",,4,$8.50 ,12,$8.00 ,,,4,Hannas400,Hannas160,https://www.hannashandiworks.com/media/catalog/product/cache/bbf624d4e302b71a44cbbfb433873131/8/2/82600.jpg,82600.jpg,,,Hannas800,82600.jpg
NORTH CAROLINA FAN SIGN,NC9122T,,"Wood; 11.5""W x 16""H x .25""D",In stock,,,,"Wood; 11.5""W x 16""H x .25""D",,6,$5.90 ,12,$5.25 ,24,$5.00 ,6,Hannas400,Hannas160,https://www.hannashandiworks.com/media/catalog/product/cache/bbf624d4e302b71a44cbbfb433873131/N/C/NC9122T.jpg,NC9122T.jpg,,,Hannas800,NC9122T.jpg
NORTH CAROLINA LONG SIGN 3 ASST,NC9121T,,"Wood; 27¼""W x 7½""H x ¾""D",In stock,,,,"Wood; 27¼""W x 7½""H x ¾""D",,6,$5.00 ,,,,,6,Hannas400,Hannas160,https://www.hannashandiworks.com/media/catalog/product/cache/bbf624d4e302b71a44cbbfb433873131/N/C/NC9121T.jpg,NC9121T.jpg,,,Hannas800,NC9121T.jpg
NORTH CAROLINA METAL FLAG,NC9131T,,"Metal; 18""W x 14""H x 1/2""D",In stock,,,,"Metal; 18""W x 14""H x 1/2""D",,3,$9.50 ,,,,,3,Hannas400,Hannas160,https://www.hannashandiworks.com/media/catalog/product/cache/bbf624d4e302b71a44cbbfb433873131/N/C/NC9131T.jpg,NC9131T.jpg,,,Hannas800,NC9131T.jpg
NORTH CAROLINA METAL SNOWFLAKE ORNAMENT,82621,,"6""W x 6""H",In stock,,,,"6""W x 6""H",,36,$1.75 ,,,,,36,Hannas400,Hannas160,https://www.hannashandiworks.com/media/catalog/product/cache/bbf624d4e302b71a44cbbfb433873131/8/2/82621.jpg,82621.jpg,,,Hannas800,82621.jpg
NORTH CAROLINA SANTA BAG,82674,,"Fabric; 10""Dia x 14""H",In stock,,,,"Fabric; 10""Dia x 14""H",,6,$6.50 ,,,,,6,Hannas400,Hannas160,https://www.hannashandiworks.com/media/catalog/product/cache/bbf624d4e302b71a44cbbfb433873131/8/2/82674.jpg,82674.jpg,,,Hannas800,82674.jpg
NORTH CAROLINA SNOWMAN ORNAMENT 3 ASST,82654,,"Metal; 3""W x 4¼""H x ¾""D",In stock,,,,"Metal; 3""W x 4¼""H x ¾""D",,36,$2.50 ,,,,,36,Hannas400,Hannas160,https://www.hannashandiworks.com/media/catalog/product/cache/bbf624d4e302b71a44cbbfb433873131/8/2/82654.jpg,82654.jpg,,,Hannas800,82654.jpg
NORTH CAROLINA SQUARE SLATE,82641,,"Slate; 7.25""W x 7.25""H x .5""D",In stock,,,,"Slate; 7.25""W x 7.25""H x .5""D",,6,$3.00 ,,,,,6,Hannas400,Hannas160,https://www.hannashandiworks.com/media/catalog/product/cache/bbf624d4e302b71a44cbbfb433873131/8/2/82641.jpg,82641.jpg,,,Hannas800,82641.jpg
NORTH CAROLINA YARD SIGN,82601,,"Metal; 12""W x 39""H x 1/2""D",In stock,,,,"Metal; 12""W x 39""H x 1/2""D",,6,$12.90 ,,,,,6,Hannas400,Hannas160,https://www.hannashandiworks.com/media/catalog/product/cache/bbf624d4e302b71a44cbbfb433873131/8/2/82601.jpg,82601.jpg,,,Hannas800,82601.jpg
OHIO STATE BEAD LEG GNOME,806005,,Fabric/Wood; 7¾”W x 20”H x 3½”D,In stock,,,,Fabric/Wood; 7¾”W x 20”H x 3½”D,,6,$9.90 ,12,$9.40 ,24,$8.90 ,6,Hannas400,Hannas160,https://www.hannashandiworks.com/media/catalog/product/cache/bbf624d4e302b71a44cbbfb433873131/8/0/806005-cob24.jpg,806005-cob24.jpg,,,Hannas800,806005-cob24.jpg
OHIO STATE BEAD LEG SNOWMAN,806004,,Fabric/Wood; 7¾”W x 16¼”H x 3½”D,In stock,,,,Fabric/Wood; 7¾”W x 16¼”H x 3½”D,,6,$10.90 ,12,$10.40 ,24,$9.90 ,6,Hannas400,Hannas160,https://www.hannashandiworks.com/media/catalog/product/cache/bbf624d4e302b71a44cbbfb433873131/8/0/806004-cob.jpg,806004-cob.jpg,,,Hannas800,806004-cob.jpg
OHIO STATE BOTTLE CAP CLOCK,80698,,"Metal, 13""Dia x 1.5""D. Requires 1 AA Battery; Not Included",In stock,,,,"Metal, 13""Dia x 1.5""D. Requires 1 AA Battery; Not Included",,6,$12.75 ,12,$12.25 ,24,$11.50 ,6,Hannas400,Hannas160,https://www.hannashandiworks.com/media/catalog/product/cache/bbf624d4e302b71a44cbbfb433873131/8/0/80698_25.jpg,80698_25.jpg,,,Hannas800,80698_25.jpg
OHIO STATE CHUNKY SNOWMAN ORNAMENT 2 ASST,806018,,Wood; Orn: 3¼”W x 8¾”H x 2¼”D; Box: 10½”W x 3”H x 7¾”D,In stock,,,,Wood; Orn: 3¼”W x 8¾”H x 2¼”D; Box: 10½”W x 3”H x 7¾”D,,12,$4.00 ,24,$3.75 ,48,$3.50 ,12,Hannas400,Hannas160,https://www.hannashandiworks.com/media/catalog/product/cache/bbf624d4e302b71a44cbbfb433873131/8/0/806018-cob.jpg,806018-cob.jpg,,,Hannas800,806018-cob.jpg
OHIO STATE COLLEGIATE STONE,80658,,"Resin; 6¾""W x 4¾""H x 2¼""D",In stock,,,,"Resin; 6¾""W x 4¾""H x 2¼""D",,6,$6.25 ,12,$5.75 ,24,$5.25 ,6,Hannas400,Hannas160,https://www.hannashandiworks.com/media/catalog/product/cache/bbf624d4e302b71a44cbbfb433873131/8/0/80658-cob.jpg,80658-cob.jpg,,,Hannas800,80658-cob.jpg
OHIO STATE FAN SIGN,806008,,"Wood; 12""W x 9.75""H x .75""D",In stock,,,,"Wood; 12""W x 9.75""H x .75""D",,6,$6.90 ,12,$6.50 ,24,$6.10 ,6,Hannas400,Hannas160,https://www.hannashandiworks.com/media/catalog/product/cache/bbf624d4e302b71a44cbbfb433873131/8/0/806008.jpg,806008.jpg,,,Hannas800,806008.jpg
OHIO STATE FOOTBALL PILLOW DECOR,806024,,Fabric; 18½”W x 8¾”D. *Product is pre-release and will be brought into stock based on customer interest,In stock,,,,Fabric; 18½”W x 8¾”D. *Product is pre-release and will be brought into stock based on customer interest,,6,$19.90 ,,,,,6,Hannas400,Hannas160,https://www.hannashandiworks.com/media/catalog/product/cache/bbf624d4e302b71a44cbbfb433873131/8/0/806024.jpg,806024.jpg,,,Hannas800,806024.jpg
OHIO STATE FROSTY MASCOT,80672,,"3 Feet Tall! Stretch Legs! Fabric; 22-36""H x 14""W x 8""D.",In stock,,,,"3 Feet Tall! Stretch Legs! Fabric; 22-36""H x 14""W x 8""D.",,2,$29.90 ,4,$27.90 ,,,2,Hannas400,Hannas160,https://www.hannashandiworks.com/media/catalog/product/cache/bbf624d4e302b71a44cbbfb433873131/8/0/80672-cob.jpg,80672-cob.jpg,,,Hannas800,80672-cob.jpg
OHIO STATE GNOME FAN STRETCH LEG,80657,,"Fabric; 18.5-35""H x 10.5""W x 5.5""D.",In stock,,,,"Fabric; 18.5-35""H x 10.5""W x 5.5""D.",,6,$15.50 ,12,$14.50 ,,,6,Hannas400,Hannas160,https://www.hannashandiworks.com/media/catalog/product/cache/bbf624d4e302b71a44cbbfb433873131/8/0/80657-cob.jpg,80657-cob.jpg,,,Hannas800,80657-cob.jpg
OHIO STATE GNOME ORNAMENT 2 ASST.,80688,,"Fabric; 4""W x 8""H x 2.5""D",In stock,,,,"Fabric; 4""W x 8""H x 2.5""D",,12,$3.50 ,48,$3.25 ,96,$3.00 ,12,Hannas400,Hannas160,https://www.hannashandiworks.com/media/catalog/product/cache/bbf624d4e302b71a44cbbfb433873131/8/0/80688_2.jpg,80688_2.jpg,,,Hannas800,80688_2.jpg
OHIO STATE GO BLOCK SET,806012,,"Wood; 1¾""W x 2½""H x 1¼""D",In stock,,,,"Wood; 1¾""W x 2½""H x 1¼""D",,6,$7.50 ,12,$7.00 ,18,$6.50 ,6,Hannas400,Hannas160,https://www.hannashandiworks.com/media/catalog/product/cache/bbf624d4e302b71a44cbbfb433873131/8/0/806012-cob.jpg,806012-cob.jpg,,,Hannas800,806012-cob.jpg
OHIO STATE LOGO RIPPLE METAL SIGN,806003,,Metal; 12”W x 11¾”H x ½”D,In stock,,,,Metal; 12”W x 11¾”H x ½”D,,6,$6.90 ,12,$6.40 ,24,$5.90 ,6,Hannas400,Hannas160,https://www.hannashandiworks.com/media/catalog/product/cache/bbf624d4e302b71a44cbbfb433873131/8/0/806003.jpg,806003.jpg,,,Hannas800,806003.jpg
OHIO STATE MINI PERPETUAL CALENDAR,806014,,"Wood; 3""W x 5.75""H x 1.5""D",,,,,"Wood; 3""W x 5.75""H x 1.5""D",,NA,$5.50 ,12,$5.25 ,24,$5.00 ,NA,Hannas400,Hannas160,https://www.hannashandiworks.com/media/catalog/product/cache/bbf624d4e302b71a44cbbfb433873131/8/0/806014-cob.jpg,806014-cob.jpg,,,Hannas800,806014-cob.jpg
OHIO STATE RESIN SNOWMAN TABLETOP,80655,,"Resin; 8""H x 4.25""W x 1.5""D.",,,,,"Resin; 8""H x 4.25""W x 1.5""D.",,NA,$9.75 ,12,$9.25 ,36,$8.75 ,NA,Hannas400,Hannas160,https://www.hannashandiworks.com/media/catalog/product/cache/bbf624d4e302b71a44cbbfb433873131/8/0/80655-cob.jpg,80655-cob.jpg,,,Hannas800,80655-cob.jpg
OHIO STATE RETRO METAL SIGN,806021,,"Metal; 9""x6.75""x.125""",In stock,,,,"Metal; 9""x6.75""x.125""",,12,$4.25 ,24,$4.00 ,,,12,Hannas400,Hannas160,https://www.hannashandiworks.com/media/catalog/product/cache/bbf624d4e302b71a44cbbfb433873131/8/0/806021.jpg,806021.jpg,,,Hannas800,806021.jpg
OHIO STATE RETRO TRUCK,806019,,Metal; 3¾”W x 4¼”H x 7¾”D,,,,,Metal; 3¾”W x 4¼”H x 7¾”D,,NA,$12.50 ,12,$12.00 ,,,NA,Hannas400,Hannas160,https://www.hannashandiworks.com/media/catalog/product/cache/bbf624d4e302b71a44cbbfb433873131/8/0/806019-cob.jpg,806019-cob.jpg,,,Hannas800,806019-cob.jpg
OHIO STATE SANTA MASCOT,80681,,"3 Feet Tall! Stretch Legs! Fabric; 22-36""H x 14""W x 8""D.",In stock,,,,"3 Feet Tall! Stretch Legs! Fabric; 22-36""H x 14""W x 8""D.",,2,$29.90 ,4,$27.90 ,,,2,Hannas400,Hannas160,https://www.hannashandiworks.com/media/catalog/product/cache/bbf624d4e302b71a44cbbfb433873131/8/0/80681-cob.jpg,80681-cob.jpg,,,Hannas800,80681-cob.jpg
OHIO STATE SNOWMAN ORNAMENT,80682,,"Fabric; 4.75""W x 7""H x 2.5""D",,,,,"Fabric; 4.75""W x 7""H x 2.5""D",,NA,$2.75 ,48,$2.25 ,96,$2.00 ,NA,Hannas400,Hannas160,https://www.hannashandiworks.com/media/catalog/product/cache/bbf624d4e302b71a44cbbfb433873131/8/0/80682_2.jpg,80682_2.jpg,,,Hannas800,80682_2.jpg
OHIO STATE SNOWMAN ORNAMENT 3 ASST,80654,,"Metal; 3""W x 4¼""H x ¾""D",In stock,,,,"Metal; 3""W x 4¼""H x ¾""D",,36,$3.25 ,,,,,36,Hannas400,Hannas160,https://www.hannashandiworks.com/media/catalog/product/cache/bbf624d4e302b71a44cbbfb433873131/8/0/80654.JPG,80654.JPG,,,Hannas800,80654.JPG
OHIO STATE TABLETOP FRAME,806016,,"Wood and Mixed Materials; 11.5""W x 5""H x 1.25""D",In stock,,,,"Wood and Mixed Materials; 11.5""W x 5""H x 1.25""D",,6,$5.25 ,,,,,6,Hannas400,Hannas160,https://www.hannashandiworks.com/media/catalog/product/cache/bbf624d4e302b71a44cbbfb433873131/8/0/806016-cob.jpg,806016-cob.jpg,,,Hannas800,806016-cob.jpg
OHIO STATE TAILGATE BANNER,80632,,"Fabric; Each flag section is 5.5""H x 0.25""D, overall width varies by school.",In stock,,,,"Fabric; Each flag section is 5.5""H x 0.25""D, overall width varies by school.",,12,$5.25 ,24,$4.75 ,,,12,Hannas400,Hannas160,https://www.hannashandiworks.com/media/catalog/product/cache/bbf624d4e302b71a44cbbfb433873131/8/0/80632_TB_3.jpg,80632_TB_3.jpg,,,Hannas800,80632_TB_3.jpg
OHIO STATE THERMOMETER,80665,,"Metal; 4""W x 11.5""H x .5""D",In stock,,,,"Metal; 4""W x 11.5""H x .5""D",,6,$5.50 ,12,$5.25 ,24,$5.00 ,6,Hannas400,Hannas160,https://www.hannashandiworks.com/media/catalog/product/cache/bbf624d4e302b71a44cbbfb433873131/8/0/80665_Thermometer_1.JPG,80665_Thermometer_1.JPG,,,Hannas800,80665_Thermometer_1.JPG
OHIO STATE TIN ROOF BIRDHOUSE,806017,,Wood/Metal; 6½”W x 8”H x 5½”D; Features Clean-out on Back,,$13.50 ,,,Wood/Metal; 6½”W x 8”H x 5½”D; Features Clean-out on Back,,NA,$16.90 ,,,,,NA,Hannas400,Hannas160,https://www.hannashandiworks.com/media/catalog/product/cache/bbf624d4e302b71a44cbbfb433873131/8/0/806017-cob.jpg,806017-cob.jpg,,,Hannas800,806017-cob.jpg
OHIO STATE WIDE SIGN,806007,,"Wood; 27¾""W x 7""H x ¾""D",In stock,$9.75 ,,,"Wood; 27¾""W x 7""H x ¾""D",,4,$11.75 ,,,,,4,Hannas400,Hannas160,https://www.hannashandiworks.com/media/catalog/product/cache/bbf624d4e302b71a44cbbfb433873131/8/0/806007.jpg,806007.jpg,,,Hannas800,806007.jpg
OKLAHOMA BEAD LEG GNOME,833005,,Fabric/Wood; 7¾”W x 20”H x 3½”D,In stock,,,,Fabric/Wood; 7¾”W x 20”H x 3½”D,,6,$9.90 ,12,$9.40 ,24,$8.90 ,6,Hannas400,Hannas160,https://www.hannashandiworks.com/media/catalog/product/cache/bbf624d4e302b71a44cbbfb433873131/8/3/833005-cob.jpg,833005-cob.jpg,,,Hannas800,833005-cob.jpg
OKLAHOMA BEAD LEG SNOWMAN,833004,,Fabric/Wood; 7¾”W x 16¼”H x 3½”D,In stock,,,,Fabric/Wood; 7¾”W x 16¼”H x 3½”D,,6,$10.90 ,12,$10.40 ,24,$9.90 ,6,Hannas400,Hannas160,https://www.hannashandiworks.com/media/catalog/product/cache/bbf624d4e302b71a44cbbfb433873131/8/3/833004-cob.jpg,833004-cob.jpg,,,Hannas800,833004-cob.jpg
OKLAHOMA BIRDHOUSE,83384,,Wood and Metal; 6½”W x 8”H x 5½”D,In stock,,,,Wood and Metal; 6½”W x 8”H x 5½”D,,4,$12.50 ,8,$11.50 ,,,4,Hannas400,Hannas160,https://www.hannashandiworks.com/media/catalog/product/cache/bbf624d4e302b71a44cbbfb433873131/8/3/83384_2019_2.jpg,83384_2019_2.jpg,,,Hannas800,83384_2019_2.jpg
OKLAHOMA BOTTLE CAP CLOCK,83398,,"Metal; 13.25""Dia x 1.5""D. Requires 1 AA Battery; Not Included",In stock,,,,"Metal; 13.25""Dia x 1.5""D. Requires 1 AA Battery; Not Included",,6,$13.90 ,12,$13.40 ,24,$12.90 ,6,Hannas400,Hannas160,https://www.hannashandiworks.com/media/catalog/product/cache/bbf624d4e302b71a44cbbfb433873131/8/3/83398_25.jpg,83398_25.jpg,,,Hannas800,83398_25.jpg
OKLAHOMA CHILLY SNOWMAN STANDER,83334,,"Fabric; 15.5""H x 10.75""W x 5.75""D",In stock,,,,"Fabric; 15.5""H x 10.75""W x 5.75""D",,6,$13.50 ,12,$12.75 ,,,6,Hannas400,Hannas160,https://www.hannashandiworks.com/media/catalog/product/cache/bbf624d4e302b71a44cbbfb433873131/8/3/83334-cob.jpg,83334-cob.jpg,,,Hannas800,83334-cob.jpg
OKLAHOMA CHUNKY SNOWMAN ORNAMENT 2 ASST,833018,,Wood; Orn: 3¼”W x 8¾”H x 2¼”D; Box: 10½”W x 3”H x 7¾”D,In stock,,,,Wood; Orn: 3¼”W x 8¾”H x 2¼”D; Box: 10½”W x 3”H x 7¾”D,,12,$4.00 ,24,$3.75 ,48,$3.50 ,12,Hannas400,Hannas160,https://www.hannashandiworks.com/media/catalog/product/cache/bbf624d4e302b71a44cbbfb433873131/8/3/833018-cob.jpg,833018-cob.jpg,,,Hannas800,833018-cob.jpg
OKLAHOMA CHUNKY SNOWMAN STANDER,833010,,Wood; 15½”W x 17¼”H x 4”D,In stock,$23.50 ,,,Wood; 15½”W x 17¼”H x 4”D,,2,$29.50 ,,,,,2,Hannas400,Hannas160,https://www.hannashandiworks.com/media/catalog/product/cache/bbf624d4e302b71a44cbbfb433873131/8/3/833010-cob.jpg,833010-cob.jpg,,,Hannas800,833010-cob.jpg
OKLAHOMA COLLEGIATE STONE,83358,,"Resin; 6¾""W x 4¾""H x 2¼""D",In stock,,,,"Resin; 6¾""W x 4¾""H x 2¼""D",,6,$6.25 ,12,$5.75 ,24,$5.25 ,6,Hannas400,Hannas160,https://www.hannashandiworks.com/media/catalog/product/cache/bbf624d4e302b71a44cbbfb433873131/8/3/83358-cob.jpg,83358-cob.jpg,,,Hannas800,83358-cob.jpg
OKLAHOMA CORRUGATED SIGN,83342,,"Metal; 15.5""W x 23.25""H x .5""D",In stock,$5.75 ,,,"Metal; 15.5""W x 23.25""H x .5""D",,4,$11.50 ,,,,,4,Hannas400,Hannas160,https://www.hannashandiworks.com/media/catalog/product/cache/bbf624d4e302b71a44cbbfb433873131/8/3/83342_1.jpg,83342_1.jpg,,,Hannas800,83342_1.jpg
OKLAHOMA EXECUTIVE BLOCKS,83320,,"4"" Square Blocks",In stock,,,,"4"" Square Blocks",,4,$8.50 ,12,$8.00 ,,,4,Hannas400,Hannas160,https://www.hannashandiworks.com/media/catalog/product/cache/bbf624d4e302b71a44cbbfb433873131/8/3/83320_5.jpg,83320_5.jpg,,,Hannas800,83320_5.jpg
OKLAHOMA FAN SIGN,833008,,"Wood; 12""W x 9.75""H x .75""D",In stock,,,,"Wood; 12""W x 9.75""H x .75""D",,6,$6.90 ,12,$6.50 ,24,$6.10 ,6,Hannas400,Hannas160,https://www.hannashandiworks.com/media/catalog/product/cache/bbf624d4e302b71a44cbbfb433873131/8/3/833008.jpg,833008.jpg,,,Hannas800,833008.jpg
OKLAHOMA FOOTBALL PILLOW DECOR,833024,,Fabric; 18½”W x 8¾”D *Product is pre-release and will be brought into stock based on customer interest,In stock,,,,Fabric; 18½”W x 8¾”D *Product is pre-release and will be brought into stock based on customer interest,,6,$19.90 ,,,,,6,Hannas400,Hannas160,https://www.hannashandiworks.com/media/catalog/product/cache/bbf624d4e302b71a44cbbfb433873131/8/3/833024.jpg,833024.jpg,,,Hannas800,833024.jpg
OKLAHOMA FROSTY MASCOT,83372,,"3 Feet Tall! Stretch Legs! Fabric; 22-36""H x 14""W x 8""D.",In stock,,,,"3 Feet Tall! Stretch Legs! Fabric; 22-36""H x 14""W x 8""D.",,2,$29.90 ,4,$27.90 ,,,2,Hannas400,Hannas160,https://www.hannashandiworks.com/media/catalog/product/cache/bbf624d4e302b71a44cbbfb433873131/8/3/83372-cob.jpg,83372-cob.jpg,,,Hannas800,83372-cob.jpg
OKLAHOMA GARDEN GNOME,833006,,Resin; 8½”W x 19¼”H x 7½”D,In stock,$19.75 ,,,Resin; 8½”W x 19¼”H x 7½”D,,2,$39.50 ,,,,,2,Hannas400,Hannas160,https://www.hannashandiworks.com/media/catalog/product/cache/bbf624d4e302b71a44cbbfb433873131/8/3/833006-cob.jpg,833006-cob.jpg,,,Hannas800,833006-cob.jpg
OKLAHOMA GNOME FAN STRETCH LEG,83357,,"Fabric; 18.5-35""H x 10.5""W x 5.5""D",In stock,,,,"Fabric; 18.5-35""H x 10.5""W x 5.5""D",,6,$15.50 ,12,$14.50 ,,,6,Hannas400,Hannas160,https://www.hannashandiworks.com/media/catalog/product/cache/bbf624d4e302b71a44cbbfb433873131/8/3/83357-cob.jpg,83357-cob.jpg,,,Hannas800,83357-cob.jpg
OKLAHOMA GNOME ORNAMENT 2 ASST.,83388,,"Fabric; 4""W x 8""H x 2.5""D",In stock,,,,"Fabric; 4""W x 8""H x 2.5""D",,12,$3.50 ,48,$3.25 ,96,$3.00 ,12,Hannas400,Hannas160,https://www.hannashandiworks.com/media/catalog/product/cache/bbf624d4e302b71a44cbbfb433873131/8/3/83388_1.JPG,83388_1.JPG,,,Hannas800,83388_1.JPG
OKLAHOMA GO BLOCK SET,833012,,"Wood; 1¾""W x 2½""H x 1¼""D",In stock,,,,"Wood; 1¾""W x 2½""H x 1¼""D",,6,$9.00 ,12,$8.50 ,18,$8.00 ,6,Hannas400,Hannas160,https://www.hannashandiworks.com/media/catalog/product/cache/bbf624d4e302b71a44cbbfb433873131/8/3/833012-cob.jpg,833012-cob.jpg,,,Hannas800,833012-cob.jpg
OKLAHOMA LARGE METAL SIGN,833001,,Metal; 15½”W x 31¼”H x ¼”D,In stock,$8.25 ,,,Metal; 15½”W x 31¼”H x ¼”D,,3,$20.00 ,,,,,3,Hannas400,Hannas160,https://www.hannashandiworks.com/media/catalog/product/cache/bbf624d4e302b71a44cbbfb433873131/8/3/833001.jpg,833001.jpg,,,Hannas800,833001.jpg
OKLAHOMA LOGO RIPPLE METAL SIGN,833003,,Metal; 12”W x 11¾”H x ½”D,In stock,,,,Metal; 12”W x 11¾”H x ½”D,,6,$6.90 ,12,$6.40 ,24,$5.90 ,6,Hannas400,Hannas160,https://www.hannashandiworks.com/media/catalog/product/cache/bbf624d4e302b71a44cbbfb433873131/8/3/833003.jpg,833003.jpg,,,Hannas800,833003.jpg
OKLAHOMA MAN CAVE SIGN,83376,,"15½""W x 13½""H x 1""D",In stock,$2.00 ,,,"15½""W x 13½""H x 1""D",,4,$8.50 ,,,,,4,Hannas400,Hannas160,https://www.hannashandiworks.com/media/catalog/product/cache/bbf624d4e302b71a44cbbfb433873131/8/3/83376_6.jpg,83376_6.jpg,,,Hannas800,83376_6.jpg
OKLAHOMA METAL FRAME 2 ASST.,83311,,"Metal/Glass/Wood (back); Portrait 6.25""W x 7.75""H x 1.25""D and Landscape 8.25""W x 6.50""H x 1.25""D (not extended)",In stock,$4.13 ,,,"Metal/Glass/Wood (back); Portrait 6.25""W x 7.75""H x 1.25""D and Landscape 8.25""W x 6.50""H x 1.25""D (not extended)",,4,$8.25 ,,,,,4,Hannas400,Hannas160,https://www.hannashandiworks.com/media/catalog/product/cache/bbf624d4e302b71a44cbbfb433873131/8/3/83311-cob.jpg,83311-cob.jpg,,,Hannas800,83311-cob.jpg
OKLAHOMA MINI PERPETUAL CALENDAR,833014,,"Wood; 3""W x 5.75""H x 1.5""D",In stock,,,,"Wood; 3""W x 5.75""H x 1.5""D",,6,$5.50 ,12,$5.25 ,24,$5.00 ,6,Hannas400,Hannas160,https://www.hannashandiworks.com/media/catalog/product/cache/bbf624d4e302b71a44cbbfb433873131/8/3/833014-cob.jpg,833014-cob.jpg,,,Hannas800,833014-cob.jpg
OKLAHOMA PORCH WELCOME SIGN WITH EASEL,833011,,"Metal; 11""W x 41.25""H x 9.25""D",In stock,$9.95 ,,,"Metal; 11""W x 41.25""H x 9.25""D",,6,$23.50 ,,,,,6,Hannas400,Hannas160,https://www.hannashandiworks.com/media/catalog/product/cache/bbf624d4e302b71a44cbbfb433873131/8/3/833011.jpg,833011.jpg,,,Hannas800,833011.jpg
OKLAHOMA RESIN GNOME,83333,,"Resin; 3.25""W x 8""H x 3""D",In stock,,,,"Resin; 3.25""W x 8""H x 3""D",,4,$7.00 ,12,$6.50 ,24,$6.00 ,4,Hannas400,Hannas160,https://www.hannashandiworks.com/media/catalog/product/cache/bbf624d4e302b71a44cbbfb433873131/8/3/83333-cob.jpg,83333-cob.jpg,,,Hannas800,83333-cob.jpg
OKLAHOMA RESIN SNOWMAN DANGLE LEG 2 ASST.,83393,,"Resin; 7-7.5""H x 2.5-2.75""W x 2.25""",In stock,,,,"Resin; 7-7.5""H x 2.5-2.75""W x 2.25""",,6,$4.25 ,36,$3.90 ,,,6,Hannas400,Hannas160,https://www.hannashandiworks.com/media/catalog/product/cache/bbf624d4e302b71a44cbbfb433873131/8/3/83393-cob.jpg,83393-cob.jpg,,,Hannas800,83393-cob.jpg
OKLAHOMA RESIN SNOWMAN ORNAMENT 2-PIECE SET,83339,,"Resin; 4""H x 2.5""W x 2""D",,,,,"Resin; 4""H x 2.5""W x 2""D",,NA,$8.00 ,12,$7.50 ,48,$7.00 ,NA,Hannas400,Hannas160,https://www.hannashandiworks.com/media/catalog/product/cache/bbf624d4e302b71a44cbbfb433873131/8/3/83339_SMO_2.jpg,83339_SMO_2.jpg,,,Hannas800,83339_SMO_2.jpg
OKLAHOMA RESIN SNOWMAN TABLETOP,83355,,"Resin; 8""H x 4.25""W x 1.5""D",In stock,,,,"Resin; 8""H x 4.25""W x 1.5""D",,6,$9.75 ,12,$9.25 ,36,$8.75 ,6,Hannas400,Hannas160,https://www.hannashandiworks.com/media/catalog/product/cache/bbf624d4e302b71a44cbbfb433873131/8/3/83355-cob.jpg,83355-cob.jpg,,,Hannas800,83355-cob.jpg
OKLAHOMA RETRO TRUCK,833019,,Metal; 3¾”W x 4¼”H x 7¾”D,In stock,,,,Metal; 3¾”W x 4¼”H x 7¾”D,,4,$12.50 ,12,$12.00 ,,,4,Hannas400,Hannas160,https://www.hannashandiworks.com/media/catalog/product/cache/bbf624d4e302b71a44cbbfb433873131/8/3/833019-cob.jpg,833019-cob.jpg,,,Hannas800,833019-cob.jpg
OKLAHOMA SNOWMAN ORNAMENT 3 ASST,83354,,"Metal; 3""W x 4¼""H x ¾""D",In stock,,,,"Metal; 3""W x 4¼""H x ¾""D",,36,$3.25 ,,,,,36,Hannas400,Hannas160,https://www.hannashandiworks.com/media/catalog/product/cache/bbf624d4e302b71a44cbbfb433873131/8/3/83354_3.jpg,83354_3.jpg,,,Hannas800,83354_3.jpg
OKLAHOMA TABLETOP FRAME,833016,,"Wood and Mixed Materials; 11.5""W x 5""H x 1.25""D",In stock,,,,"Wood and Mixed Materials; 11.5""W x 5""H x 1.25""D",,6,$5.25 ,,,,,6,Hannas400,Hannas160,https://www.hannashandiworks.com/media/catalog/product/cache/bbf624d4e302b71a44cbbfb433873131/8/3/833016-cob.jpg,833016-cob.jpg,,,Hannas800,833016-cob.jpg
OKLAHOMA TABLETOP SIGN,833002,,Wood/Metal; 15”W x 5”H x 1½”D,In stock,$4.45 ,,,Wood/Metal; 15”W x 5”H x 1½”D,,6,$10.00 ,,,,,6,Hannas400,Hannas160,https://www.hannashandiworks.com/media/catalog/product/cache/bbf624d4e302b71a44cbbfb433873131/8/3/833002.jpg,833002.jpg,,,Hannas800,833002.jpg
OKLAHOMA TAILGATE BANNER,83332,,"Fabric; Each flag section is 5.5""H x 0.25""D, overall width varies by school.",In stock,,,,"Fabric; Each flag section is 5.5""H x 0.25""D, overall width varies by school.",,12,$5.25 ,24,$4.75 ,,,12,Hannas400,Hannas160,https://www.hannashandiworks.com/media/catalog/product/cache/bbf624d4e302b71a44cbbfb433873131/8/3/83332.jpg,83332.jpg,,,Hannas800,83332.jpg
OKLAHOMA TAILGATE FRAME,83396,,"Folding Picture Frames
Sits on your desk or hangs on the wall
8¾"" x 7¾""",In stock,$1.50 ,,,"Folding Picture Frames
Sits on your desk or hangs on the wall
8¾"" x 7¾""",,6,$6.50 ,,,,,6,Hannas400,Hannas160,https://www.hannashandiworks.com/media/catalog/product/cache/bbf624d4e302b71a44cbbfb433873131/8/3/83396-cob.jpg,83396-cob.jpg,,,Hannas800,83396-cob.jpg
OKLAHOMA THERMOMETER,83365,,"Metal; 4""W x 11.5""H x .5""D",In stock,,,,"Metal; 4""W x 11.5""H x .5""D",,6,$5.50 ,12,$5.25 ,24,$5.00 ,6,Hannas400,Hannas160,https://www.hannashandiworks.com/media/catalog/product/cache/bbf624d4e302b71a44cbbfb433873131/8/3/83365_2019_1.jpg,83365_2019_1.jpg,,,Hannas800,83365_2019_1.jpg
OKLAHOMA TIN ROOF BIRDHOUSE,833017,,Wood/Metal; 6½”W x 8”H x 5½”D; Features Clean-out on Back,In stock,$13.50 ,,,Wood/Metal; 6½”W x 8”H x 5½”D; Features Clean-out on Back,,4,$16.90 ,,,,,4,Hannas400,Hannas160,https://www.hannashandiworks.com/media/catalog/product/cache/bbf624d4e302b71a44cbbfb433873131/8/3/833017.jpg,833017.jpg,,,Hannas800,833017.jpg
OKLAHOMA WIDE SIGN,833007,,Wood; 27¾”W x 7”H x ¾”D,In stock,$9.75 ,,,Wood; 27¾”W x 7”H x ¾”D,,4,$11.75 ,,,,,4,Hannas400,Hannas160,https://www.hannashandiworks.com/media/catalog/product/cache/bbf624d4e302b71a44cbbfb433873131/8/3/833007.jpg,833007.jpg,,,Hannas800,833007.jpg
OKLAHOMA STATE BEAD LEG GNOME,807005,,Fabric/Wood; 7¾”W x 20”H x 3½”D,In stock,,,,Fabric/Wood; 7¾”W x 20”H x 3½”D,,6,$9.90 ,12,$9.40 ,24,$8.90 ,6,Hannas400,Hannas160,https://www.hannashandiworks.com/media/catalog/product/cache/bbf624d4e302b71a44cbbfb433873131/8/0/807005-cob.jpg,807005-cob.jpg,,,Hannas800,807005-cob.jpg
OKLAHOMA STATE BEAD LEG SNOWMAN,807004,,Fabric/Wood; 7¾”W x 16¼”H x 3½”D,In stock,,,,Fabric/Wood; 7¾”W x 16¼”H x 3½”D,,6,$10.90 ,12,$10.40 ,24,$9.90 ,6,Hannas400,Hannas160,https://www.hannashandiworks.com/media/catalog/product/cache/bbf624d4e302b71a44cbbfb433873131/8/0/807004-cob.jpg,807004-cob.jpg,,,Hannas800,807004-cob.jpg
OKLAHOMA STATE BLOCK SET,80709,,"Wood; 1¾""W x 2½""H x 1¼""D",In stock,$3.25 ,,,"Wood; 1¾""W x 2½""H x 1¼""D",,6,$6.50 ,,,,,6,Hannas400,Hannas160,https://www.hannashandiworks.com/media/catalog/product/cache/bbf624d4e302b71a44cbbfb433873131/8/0/80709-cob.jpg,80709-cob.jpg,,,Hannas800,80709-cob.jpg
OKLAHOMA STATE CHILLY SNOWMAN STANDER,80734,,"Fabric; 15.5""H x 10.75""W x 5.75""D.",In stock,,,,"Fabric; 15.5""H x 10.75""W x 5.75""D.",,6,$13.50 ,12,$12.75 ,,,6,Hannas400,Hannas160,https://www.hannashandiworks.com/media/catalog/product/cache/bbf624d4e302b71a44cbbfb433873131/8/0/80734-cob.jpg,80734-cob.jpg,,,Hannas800,80734-cob.jpg
OKLAHOMA STATE CHUNKY SNOWMAN ORNAMENT 2 ASST,807018,,Wood; Orn: 3¼”W x 8¾”H x 2¼”D; Box: 10½”W x 3”H x 7¾”D,In stock,,,,Wood; Orn: 3¼”W x 8¾”H x 2¼”D; Box: 10½”W x 3”H x 7¾”D,,12,$4.00 ,24,$3.75 ,48,$3.50 ,12,Hannas400,Hannas160,https://www.hannashandiworks.com/media/catalog/product/cache/bbf624d4e302b71a44cbbfb433873131/8/0/807018-cob.jpg,807018-cob.jpg,,,Hannas800,807018-cob.jpg
OKLAHOMA STATE COLLEGIATE STONE,80758,,"Resin; 6¾""W x 4¾""H x 2¼""D",In stock,,,,"Resin; 6¾""W x 4¾""H x 2¼""D",,6,$6.25 ,12,$5.75 ,24,$5.25 ,6,Hannas400,Hannas160,https://www.hannashandiworks.com/media/catalog/product/cache/bbf624d4e302b71a44cbbfb433873131/8/0/80758-cob.jpg,80758-cob.jpg,,,Hannas800,80758-cob.jpg
OKLAHOMA STATE FAN ZONE SIGN,80759,,"10""W x 16""H",In stock,$1.00 ,,,"10""W x 16""H",,6,$6.00 ,,,,,6,Hannas400,Hannas160,https://www.hannashandiworks.com/media/catalog/product/cache/bbf624d4e302b71a44cbbfb433873131/8/0/80759_FanZoneArrow_ART_1.JPG,80759_FanZoneArrow_ART_1.JPG,,,Hannas800,80759_FanZoneArrow_ART_1.JPG
OKLAHOMA STATE FROSTY MASCOT,80772,,"Fabric; 14""W x 22-36""H x 8""D",In stock,$13.95 ,,,"Fabric; 14""W x 22-36""H x 8""D",,2,$27.90 ,,,,,2,Hannas400,Hannas160,https://www.hannashandiworks.com/media/catalog/product/cache/bbf624d4e302b71a44cbbfb433873131/8/0/80772-cob.jpg,80772-cob.jpg,,,Hannas800,80772-cob.jpg
OKLAHOMA STATE GARDEN GNOME,807006,,Resin; 8½”W x 19¼”H x 7½”D,In stock,$19.75 ,,,Resin; 8½”W x 19¼”H x 7½”D,,2,$39.50 ,,,,,2,Hannas400,Hannas160,https://www.hannashandiworks.com/media/catalog/product/cache/bbf624d4e302b71a44cbbfb433873131/8/0/807006-cob.jpg,807006-cob.jpg,,,Hannas800,807006-cob.jpg
OKLAHOMA STATE GNOME FAN STRETCH LEG,80757,,"Fabric; 18.5-35""H x 10.5""W x 5.5""D.",In stock,$7.75 ,,,"Fabric; 18.5-35""H x 10.5""W x 5.5""D.",,6,$15.50 ,,,,,6,Hannas400,Hannas160,https://www.hannashandiworks.com/media/catalog/product/cache/bbf624d4e302b71a44cbbfb433873131/8/0/80757-cob.jpg,80757-cob.jpg,,,Hannas800,80757-cob.jpg
OKLAHOMA STATE GNOME ORNAMENT 2 ASST.,80788,,"Fabric; 4""W x 8""H x 2.5""D",In stock,$1.50 ,,,"Fabric; 4""W x 8""H x 2.5""D",,12,$3.00 ,,,,,12,Hannas400,Hannas160,https://www.hannashandiworks.com/media/catalog/product/cache/bbf624d4e302b71a44cbbfb433873131/8/0/80788_1.JPG,80788_1.JPG,,,Hannas800,80788_1.JPG
OKLAHOMA STATE GO BLOCK SET,80746,,"Wood; 1¾""W x 2½""H x 1¼""D",In stock,$3.25 ,,,"Wood; 1¾""W x 2½""H x 1¼""D",,6,$6.50 ,,,,,6,Hannas400,Hannas160,https://www.hannashandiworks.com/media/catalog/product/cache/bbf624d4e302b71a44cbbfb433873131/8/0/80746-cob.jpg,80746-cob.jpg,,,Hannas800,80746-cob.jpg
OKLAHOMA STATE LOGO RIPPLE METAL SIGN,807003,,Metal; 12”W x 11¾”H x ½”D,In stock,,,,Metal; 12”W x 11¾”H x ½”D,,6,$6.90 ,12,$6.40 ,24,$5.90 ,6,Hannas400,Hannas160,https://www.hannashandiworks.com/media/catalog/product/cache/bbf624d4e302b71a44cbbfb433873131/8/0/807003.jpg,807003.jpg,,,Hannas800,807003.jpg
OKLAHOMA STATE PERPETUAL CALENDAR,80722,,"Wood; 6½""W x 8""H x 3¼""D",In stock,$3.75 ,,,"Wood; 6½""W x 8""H x 3¼""D",,4,$7.50 ,,,,,4,Hannas400,Hannas160,https://www.hannashandiworks.com/media/catalog/product/cache/bbf624d4e302b71a44cbbfb433873131/8/0/80722-cob.jpg,80722-cob.jpg,,,Hannas800,80722-cob.jpg
OKLAHOMA STATE RESIN GNOME,80733,,"Resin; 3.25""W x 8""H x 3""D",In stock,,,,"Resin; 3.25""W x 8""H x 3""D",,4,$7.00 ,12,$6.50 ,24,$6.00 ,4,Hannas400,Hannas160,https://www.hannashandiworks.com/media/catalog/product/cache/bbf624d4e302b71a44cbbfb433873131/8/0/80733-cob.jpg,80733-cob.jpg,,,Hannas800,80733-cob.jpg
OKLAHOMA STATE RESIN SNOWMAN TABLETOP,80755,,"Resin; 8""H x 4.25""W x 1.5""D.",In stock,,,,"Resin; 8""H x 4.25""W x 1.5""D.",,6,$9.75 ,12,$9.25 ,36,$8.75 ,6,Hannas400,Hannas160,https://www.hannashandiworks.com/media/catalog/product/cache/bbf624d4e302b71a44cbbfb433873131/8/0/80755-cob.jpg,80755-cob.jpg,,,Hannas800,80755-cob.jpg
OKLAHOMA STATE SANTA BAG,80774,,"Approx. 10""Dia x 14""H",In stock,$1.50 ,,,"Approx. 10""Dia x 14""H",,6,$6.50 ,,,,,6,Hannas400,Hannas160,https://www.hannashandiworks.com/media/catalog/product/cache/bbf624d4e302b71a44cbbfb433873131/8/0/80774_7.jpg,80774_7.jpg,,,Hannas800,80774_7.jpg
OKLAHOMA STATE SNOWMAN ORNAMENT 3 ASST,80754,,"Metal; 3""W x 4¼""H x ¾""D",In stock,,,,"Metal; 3""W x 4¼""H x ¾""D",,36,$3.25 ,,,,,36,Hannas400,Hannas160,https://www.hannashandiworks.com/media/catalog/product/cache/bbf624d4e302b71a44cbbfb433873131/8/0/80754_3.jpg,80754_3.jpg,,,Hannas800,80754_3.jpg
OKLAHOMA STATE TAILGATE BANNER,80732,,"Fabric; 5.5""H x .25""D; overall width varies by school.",In stock,,,,"Fabric; 5.5""H x .25""D; overall width varies by school.",,12,$5.25 ,24,$4.75 ,,,12,Hannas400,Hannas160,https://www.hannashandiworks.com/media/catalog/product/cache/bbf624d4e302b71a44cbbfb433873131/8/0/80732.jpg,80732.jpg,,,Hannas800,80732.jpg
OKLAHOMA STATE TEAM COLORS FRAME,80777,,"8""W x 6""H x ½""D",In stock,$1.50 ,,,"8""W x 6""H x ½""D",,6,$5.00 ,,,,,6,Hannas400,Hannas160,https://www.hannashandiworks.com/media/catalog/product/cache/bbf624d4e302b71a44cbbfb433873131/8/0/80777_5.jpg,80777_5.jpg,,,Hannas800,80777_5.jpg
OKLAHOMA STATE THERMOMETER,80765,,"Metal; 4""W x 11.5""H x .5""D",In stock,,,,"Metal; 4""W x 11.5""H x .5""D",,6,$5.50 ,12,$5.25 ,24,$5.00 ,6,Hannas400,Hannas160,https://www.hannashandiworks.com/media/catalog/product/cache/bbf624d4e302b71a44cbbfb433873131/8/0/80765-2023.jpg,80765-2023.jpg,,,Hannas800,80765-2023.jpg
OKLAHOMA STATE WELCOME SIGN,80729,,"11½""W x 12¾""H x ¼""D",In stock,$1.50 ,,,"11½""W x 12¾""H x ¼""D",,6,$5.00 ,,,,,6,Hannas400,Hannas160,https://www.hannashandiworks.com/media/catalog/product/cache/bbf624d4e302b71a44cbbfb433873131/8/0/80729_2020.jpg,80729_2020.jpg,,,Hannas800,80729_2020.jpg
OKLAHOMA STATE WIDE SIGN,807007,,"Wood; 27¾""W x 7""H x ¾""D",In stock,$9.75 ,,,"Wood; 27¾""W x 7""H x ¾""D",,4,$11.75 ,,,,,4,Hannas400,Hannas160,https://www.hannashandiworks.com/media/catalog/product/cache/bbf624d4e302b71a44cbbfb433873131/8/0/807007.jpg,807007.jpg,,,Hannas800,807007.jpg
OKLAHOMA STATE YARD SIGN,80730,,"Metal; 39""H x 12""W x 1/2""D.",In stock,$5.45 ,,,"Metal; 39""H x 12""W x 1/2""D.",,6,$12.90 ,,,,,6,Hannas400,Hannas160,https://www.hannashandiworks.com/media/catalog/product/cache/bbf624d4e302b71a44cbbfb433873131/8/0/80730-2023.jpg,80730-2023.jpg,,,Hannas800,80730-2023.jpg
OSU BIRDHOUSE,80784,,Wood and Metal; 6½”W x 8”H x 5½”D,In stock,,,,Wood and Metal; 6½”W x 8”H x 5½”D,,4,$15.90 ,8,$12.90 ,,,4,Hannas400,Hannas160,https://www.hannashandiworks.com/media/catalog/product/cache/bbf624d4e302b71a44cbbfb433873131/8/0/80784_2020_1.jpg,80784_2020_1.jpg,,,Hannas800,80784_2020_1.jpg
OSU CORRUGATED SIGN,80742,,"Metal; 15.5""W x 23.25""H x .5""D",In stock,$5.75 ,,,"Metal; 15.5""W x 23.25""H x .5""D",,4,$11.50 ,,,,,4,Hannas400,Hannas160,https://www.hannashandiworks.com/media/catalog/product/cache/bbf624d4e302b71a44cbbfb433873131/8/0/80742_1.jpg,80742_1.jpg,,,Hannas800,80742_1.jpg
OSU FAN SIGN,807008,,"Wood; 12""W x 9.75""H x .75""D",In stock,,,,"Wood; 12""W x 9.75""H x .75""D",,6,$6.90 ,12,$6.50 ,24,$6.10 ,6,Hannas400,Hannas160,https://www.hannashandiworks.com/media/catalog/product/cache/bbf624d4e302b71a44cbbfb433873131/8/0/807008.jpg,807008.jpg,,,Hannas800,807008.jpg
PENN ST WIDE SIGN,834007,,"Wood; 27¾""W x 7""H x ¾""D",In stock,$9.75 ,,,"Wood; 27¾""W x 7""H x ¾""D",,4,$11.75 ,,,,,4,Hannas400,Hannas160,https://www.hannashandiworks.com/media/catalog/product/cache/bbf624d4e302b71a44cbbfb433873131/8/3/834007.jpg,834007.jpg,,,Hannas800,834007.jpg
PENN STATE BEAD LEG GNOME,834005,,Fabric/Wood; 7¾”W x 20”H x 3½”D,In stock,,,,Fabric/Wood; 7¾”W x 20”H x 3½”D,,6,$9.90 ,12,$9.40 ,24,$8.90 ,6,Hannas400,Hannas160,https://www.hannashandiworks.com/media/catalog/product/cache/bbf624d4e302b71a44cbbfb433873131/8/3/834005-cob.jpg,834005-cob.jpg,,,Hannas800,834005-cob.jpg
PENN STATE BEAD LEG SNOWMAN,834004,,Fabric/Wood; 7¾”W x 16¼”H x 3½”D,In stock,,,,Fabric/Wood; 7¾”W x 16¼”H x 3½”D,,6,$10.90 ,12,$10.40 ,24,$9.90 ,6,Hannas400,Hannas160,https://www.hannashandiworks.com/media/catalog/product/cache/bbf624d4e302b71a44cbbfb433873131/8/3/834004-cob.jpg,834004-cob.jpg,,,Hannas800,834004-cob.jpg
PENN STATE CHILLY SNOWMAN STANDER,83434,,"Fabric; 15.5""H x 10.75""W x 5.75""D",In stock,,,,"Fabric; 15.5""H x 10.75""W x 5.75""D",,6,$13.50 ,12,$12.75 ,,,6,Hannas400,Hannas160,https://www.hannashandiworks.com/media/catalog/product/cache/bbf624d4e302b71a44cbbfb433873131/8/3/83434-cob.jpg,83434-cob.jpg,,,Hannas800,83434-cob.jpg
PENN STATE CHUNKY GNOME STANDER,834009,,Wood; 15½”W x 20”H x 4”D,In stock,$12.75 ,,,Wood; 15½”W x 20”H x 4”D,,2,$31.50 ,,,,,2,Hannas400,Hannas160,https://www.hannashandiworks.com/media/catalog/product/cache/bbf624d4e302b71a44cbbfb433873131/8/3/834009-cob.jpg,834009-cob.jpg,,,Hannas800,834009-cob.jpg
PENN STATE CHUNKY SNOWMAN ORNAMENT 2 ASST,834018,,Wood; Orn: 3¼”W x 8¾”H x 2¼”D; Box: 10½”W x 3”H x 7¾”D,In stock,,,,Wood; Orn: 3¼”W x 8¾”H x 2¼”D; Box: 10½”W x 3”H x 7¾”D,,12,$4.00 ,24,$3.75 ,48,$3.50 ,12,Hannas400,Hannas160,https://www.hannashandiworks.com/media/catalog/product/cache/bbf624d4e302b71a44cbbfb433873131/8/3/834018-cob.jpg,834018-cob.jpg,,,Hannas800,834018-cob.jpg
PENN STATE CHUNKY SNOWMAN STANDER,834010,,Wood; 15½”W x 17¼”H x 4”D,In stock,$23.50 ,,,Wood; 15½”W x 17¼”H x 4”D,,2,$29.50 ,,,,,2,Hannas400,Hannas160,https://www.hannashandiworks.com/media/catalog/product/cache/bbf624d4e302b71a44cbbfb433873131/8/3/834010-cob.jpg,834010-cob.jpg,,,Hannas800,834010-cob.jpg
PENN STATE COLLEGIATE STONE,83458,,"Resin; 6¾""W x 4¾""H x 2¼""D",In stock,,,,"Resin; 6¾""W x 4¾""H x 2¼""D",,6,$6.25 ,12,$5.75 ,24,$5.25 ,6,Hannas400,Hannas160,https://www.hannashandiworks.com/media/catalog/product/cache/bbf624d4e302b71a44cbbfb433873131/8/3/83458-cob.jpg,83458-cob.jpg,,,Hannas800,83458-cob.jpg
PENN STATE CORRUGATED SIGN,83442,,"Metal; 15.5""W x 23.25""H x .5""D",In stock,$5.75 ,,,"Metal; 15.5""W x 23.25""H x .5""D",,4,$11.50 ,,,,,4,Hannas400,Hannas160,https://www.hannashandiworks.com/media/catalog/product/cache/bbf624d4e302b71a44cbbfb433873131/8/3/83442_1.jpg,83442_1.jpg,,,Hannas800,83442_1.jpg
PENN STATE FAN SIGN,834008,,"Wood; 12""W x 9.75""H x .75""D",In stock,,,,"Wood; 12""W x 9.75""H x .75""D",,6,$6.90 ,12,$6.50 ,24,$6.10 ,6,Hannas400,Hannas160,https://www.hannashandiworks.com/media/catalog/product/cache/bbf624d4e302b71a44cbbfb433873131/8/3/834008.jpg,834008.jpg,,,Hannas800,834008.jpg
PENN STATE FOOTBALL PILLOW DECOR,834024,,Fabric; 18½”W x 8¾”D *Product is pre-release and will be brought into stock based on customer interest,In stock,,,,Fabric; 18½”W x 8¾”D *Product is pre-release and will be brought into stock based on customer interest,,6,$19.90 ,,,,,6,Hannas400,Hannas160,https://www.hannashandiworks.com/media/catalog/product/cache/bbf624d4e302b71a44cbbfb433873131/8/3/834024.jpg,834024.jpg,,,Hannas800,834024.jpg
PENN STATE FROSTY MASCOT STRETCH LEG,83472,,"Fabric; Legs Stretch; 14""W x 22-36""H x 8""D",In stock,,,,"Fabric; Legs Stretch; 14""W x 22-36""H x 8""D",,2,$29.90 ,4,$27.90 ,,,2,Hannas400,Hannas160,https://www.hannashandiworks.com/media/catalog/product/cache/bbf624d4e302b71a44cbbfb433873131/8/3/83472-cob.jpg,83472-cob.jpg,,,Hannas800,83472-cob.jpg
PENN STATE GARDEN GNOME,834006,,Resin; 8½”W x 19¼”H x 7½”D,In stock,$19.75 ,,,Resin; 8½”W x 19¼”H x 7½”D,,2,$39.50 ,,,,,2,Hannas400,Hannas160,https://www.hannashandiworks.com/media/catalog/product/cache/bbf624d4e302b71a44cbbfb433873131/8/3/834006-cob.jpg,834006-cob.jpg,,,Hannas800,834006-cob.jpg
PENN STATE GNOME FAN STRETCH LEG,83457,,"Fabric; 18.5-35""H x 10.5""W x 5.5""D.",In stock,,,,"Fabric; 18.5-35""H x 10.5""W x 5.5""D.",,6,$15.50 ,12,$14.50 ,,,6,Hannas400,Hannas160,https://www.hannashandiworks.com/media/catalog/product/cache/bbf624d4e302b71a44cbbfb433873131/8/3/83457-cob.jpg,83457-cob.jpg,,,Hannas800,83457-cob.jpg
PENN STATE GNOME ORNAMENT 2 ASST.,83488,,"Fabric; 4""W x 8""H x 2.5""D",In stock,,,,"Fabric; 4""W x 8""H x 2.5""D",,12,$3.50 ,48,$3.25 ,96,$3.00 ,12,Hannas400,Hannas160,https://www.hannashandiworks.com/media/catalog/product/cache/bbf624d4e302b71a44cbbfb433873131/8/3/83488_1.jpg,83488_1.jpg,,,Hannas800,83488_1.jpg
PENN STATE GO BLOCK SET,834012,,"Wood; 1¾""W x 2½""H x 1¼""D",In stock,,,,"Wood; 1¾""W x 2½""H x 1¼""D",,6,$9.00 ,12,$8.50 ,18,$8.00 ,6,Hannas400,Hannas160,https://www.hannashandiworks.com/media/catalog/product/cache/bbf624d4e302b71a44cbbfb433873131/8/3/834012-cob.jpg,834012-cob.jpg,,,Hannas800,834012-cob.jpg
PENN STATE LARGE METAL SIGN,834001,,Metal; 15½”W x 31¼”H x ¼”D,In stock,$8.25 ,,,Metal; 15½”W x 31¼”H x ¼”D,,3,$20.00 ,,,,,3,Hannas400,Hannas160,https://www.hannashandiworks.com/media/catalog/product/cache/bbf624d4e302b71a44cbbfb433873131/8/3/834001.jpg,834001.jpg,,,Hannas800,834001.jpg
PENN STATE MINI PERPETUAL CALENDAR,834014,,"Wood; 3""W x 5.75""H x 1.5""D",In stock,,,,"Wood; 3""W x 5.75""H x 1.5""D",,6,$5.50 ,12,$5.25 ,24,$5.00 ,6,Hannas400,Hannas160,https://www.hannashandiworks.com/media/catalog/product/cache/bbf624d4e302b71a44cbbfb433873131/8/3/834014-cob.jpg,834014-cob.jpg,,,Hannas800,834014-cob.jpg
PENN STATE PORCH WELCOME SIGN WITH EASEL,834011,,"Metal; 11""W x 41.25""H x 9.25""D",In stock,$9.95 ,,,"Metal; 11""W x 41.25""H x 9.25""D",,6,$23.50 ,,,,,6,Hannas400,Hannas160,https://www.hannashandiworks.com/media/catalog/product/cache/bbf624d4e302b71a44cbbfb433873131/8/3/834011.jpg,834011.jpg,,,Hannas800,834011.jpg
PENN STATE RESIN SNOWMAN TABLETOP,83455,,"Resin; 8""H x 4.25""W x 1.5""D",In stock,,,,"Resin; 8""H x 4.25""W x 1.5""D",,6,$9.75 ,12,$9.25 ,36,$8.75 ,6,Hannas400,Hannas160,https://www.hannashandiworks.com/media/catalog/product/cache/bbf624d4e302b71a44cbbfb433873131/8/3/83455-cob.jpg,83455-cob.jpg,,,Hannas800,83455-cob.jpg
PENN STATE RETRO METAL SIGN,834021,,Metal; 9”W x 6¾”H x ”D Includes 4 mounting holes,In stock,,,,Metal; 9”W x 6¾”H x ”D Includes 4 mounting holes,,12,$4.25 ,24,$4.00 ,,,12,Hannas400,Hannas160,https://www.hannashandiworks.com/media/catalog/product/cache/bbf624d4e302b71a44cbbfb433873131/8/3/834021.jpg,834021.jpg,,,Hannas800,834021.jpg
PENN STATE RETRO TRUCK,834019,,Metal; 3¾”W x 4¼”H x 7¾”D,In stock,,,,Metal; 3¾”W x 4¼”H x 7¾”D,,4,$12.50 ,12,$12.00 ,,,4,Hannas400,Hannas160,https://www.hannashandiworks.com/media/catalog/product/cache/bbf624d4e302b71a44cbbfb433873131/8/3/834019-cob.jpg,834019-cob.jpg,,,Hannas800,834019-cob.jpg
PENN STATE SNOWMAN ORNAMENT 3 ASST,83454,,"Metal; 3""W x 4¼""H x ¾""D",In stock,,,,"Metal; 3""W x 4¼""H x ¾""D",,36,$3.25 ,,,,,36,Hannas400,Hannas160,https://www.hannashandiworks.com/media/catalog/product/cache/bbf624d4e302b71a44cbbfb433873131/8/3/83454_2.jpg,83454_2.jpg,,,Hannas800,83454_2.jpg
PENN STATE TABLETOP FRAME,834016,,"Wood and Mixed Materials; 11.5""W x 5""H x 1.25""D",In stock,,,,"Wood and Mixed Materials; 11.5""W x 5""H x 1.25""D",,6,$5.25 ,,,,,6,Hannas400,Hannas160,https://www.hannashandiworks.com/media/catalog/product/cache/bbf624d4e302b71a44cbbfb433873131/8/3/834016-cob.jpg,834016-cob.jpg,,,Hannas800,834016-cob.jpg
PENN STATE TABLETOP SIGN,834002,,Wood/Metal; 15”W x 5”H x 1½”D,In stock,$4.45 ,,,Wood/Metal; 15”W x 5”H x 1½”D,,6,$10.00 ,,,,,6,Hannas400,Hannas160,https://www.hannashandiworks.com/media/catalog/product/cache/bbf624d4e302b71a44cbbfb433873131/8/3/834002.jpg,834002.jpg,,,Hannas800,834002.jpg
PENN STATE TAILGATE BANNER,83432,,"Fabric; 5.5""H x .25""D, overall width varies by school.",In stock,,,,"Fabric; 5.5""H x .25""D, overall width varies by school.",,12,$5.25 ,24,$4.75 ,,,12,Hannas400,Hannas160,https://www.hannashandiworks.com/media/catalog/product/cache/bbf624d4e302b71a44cbbfb433873131/8/3/83432_TB_2.jpg,83432_TB_2.jpg,,,Hannas800,83432_TB_2.jpg
PENN STATE TIN ROOF BIRDHOUSE,834017,,Wood/Metal; 6½”W x 8”H x 5½”D,In stock,$13.50 ,,,Wood/Metal; 6½”W x 8”H x 5½”D,,4,$16.90 ,,,,,4,Hannas400,Hannas160,https://www.hannashandiworks.com/media/catalog/product/cache/bbf624d4e302b71a44cbbfb433873131/8/3/834017.jpg,834017.jpg,,,Hannas800,834017.jpg
PENN STATE WIRE PHOTO FRAME,83483,,"Wood/Metal; 10.75""H x 9.5""W x 1.5""D",In stock,,,,"Wood/Metal; 10.75""H x 9.5""W x 1.5""D",,4,$8.00 ,24,$7.25 ,,,4,Hannas400,Hannas160,https://www.hannashandiworks.com/media/catalog/product/cache/bbf624d4e302b71a44cbbfb433873131/8/3/83483-cob.jpg,83483-cob.jpg,,,Hannas800,83483-cob.jpg
PENN STATE YARD STAKE,83430,,"Metal; 12""W x 39""H x 0.5""D.",In stock,$5.45 ,,,"Metal; 12""W x 39""H x 0.5""D.",,6,$12.90 ,,,,,6,Hannas400,Hannas160,https://www.hannashandiworks.com/media/catalog/product/cache/bbf624d4e302b71a44cbbfb433873131/8/3/83430_2018_2.jpg,83430_2018_2.jpg,,,Hannas800,83430_2018_2.jpg
TENNESSEE BEAD LEG GNOME,809005,,Fabric/Wood; 7¾”W x 20”H x 3½”D,In stock,,,,Fabric/Wood; 7¾”W x 20”H x 3½”D,,6,$9.90 ,12,$9.40 ,24,$8.90 ,6,Hannas400,Hannas160,https://www.hannashandiworks.com/media/catalog/product/cache/bbf624d4e302b71a44cbbfb433873131/8/0/809005-cob.jpg,809005-cob.jpg,,,Hannas800,809005-cob.jpg
TENNESSEE BEAD LEG SNOWMAN,809004,,Fabric/Wood; 7¾”W x 16¼”H x 3½”D,In stock,,,,Fabric/Wood; 7¾”W x 16¼”H x 3½”D,,6,$10.90 ,12,$10.40 ,24,$9.90 ,6,Hannas400,Hannas160,https://www.hannashandiworks.com/media/catalog/product/cache/bbf624d4e302b71a44cbbfb433873131/8/0/809004-cob.jpg,809004-cob.jpg,,,Hannas800,809004-cob.jpg
TENNESSEE BOTTLE CAP CLOCK,80998,,"Metal; 13.25""Dia x 1.5""D. Requires 1 AA Battery; Not Included",In stock,,,,"Metal; 13.25""Dia x 1.5""D. Requires 1 AA Battery; Not Included",,6,$13.90 ,12,$13.40 ,24,$12.90 ,6,Hannas400,Hannas160,https://www.hannashandiworks.com/media/catalog/product/cache/bbf624d4e302b71a44cbbfb433873131/8/0/80998_Clock-25.jpg,80998_Clock-25.jpg,,,Hannas800,80998_Clock-25.jpg
TENNESSEE CHILLY SNOWMAN,80934,,"Fabric; 10.75""W x 15.5""H x 5.75""D",In stock,,,,"Fabric; 10.75""W x 15.5""H x 5.75""D",,6,$13.50 ,12,$12.75 ,,,6,Hannas400,Hannas160,https://www.hannashandiworks.com/media/catalog/product/cache/bbf624d4e302b71a44cbbfb433873131/8/0/80934-cob.jpg,80934-cob.jpg,,,Hannas800,80934-cob.jpg
TENNESSEE CHUNKY SNOWMAN ORNAMENT 2 ASST,809018,,Wood; Orn: 3¼”W x 8¾”H x 2¼”D; Box: 10½”W x 3”H x 7¾”D,In stock,,,,Wood; Orn: 3¼”W x 8¾”H x 2¼”D; Box: 10½”W x 3”H x 7¾”D,,12,$4.00 ,24,$3.75 ,48,$3.50 ,12,Hannas400,Hannas160,https://www.hannashandiworks.com/media/catalog/product/cache/bbf624d4e302b71a44cbbfb433873131/8/0/809018-cob.jpg,809018-cob.jpg,,,Hannas800,809018-cob.jpg
TENNESSEE COLLEGIATE STONE,80958,,"Resin; 6¾""W x 4¾""H x 2¼""D",In stock,,,,"Resin; 6¾""W x 4¾""H x 2¼""D",,6,$6.25 ,12,$5.75 ,24,$5.25 ,6,Hannas400,Hannas160,https://www.hannashandiworks.com/media/catalog/product/cache/bbf624d4e302b71a44cbbfb433873131/8/0/80958-cob.jpg,80958-cob.jpg,,,Hannas800,80958-cob.jpg
TENNESSEE FAN SIGN,809008,,"Wood; 12""W x 9.75""H x .75""D",In stock,,,,"Wood; 12""W x 9.75""H x .75""D",,6,$6.90 ,12,$6.50 ,24,$6.10 ,6,Hannas400,Hannas160,https://www.hannashandiworks.com/media/catalog/product/cache/bbf624d4e302b71a44cbbfb433873131/8/0/809008.jpg,809008.jpg,,,Hannas800,809008.jpg
TENNESSEE FOOTBALL PILLOW DECOR,809024,,Fabric; 18½”W x 8¾”D *Product is pre-release and will be brought into stock based on customer interest,In stock,,,,Fabric; 18½”W x 8¾”D *Product is pre-release and will be brought into stock based on customer interest,,6,$19.90 ,,,,,6,Hannas400,Hannas160,https://www.hannashandiworks.com/media/catalog/product/cache/bbf624d4e302b71a44cbbfb433873131/8/0/809024.jpg,809024.jpg,,,Hannas800,809024.jpg
TENNESSEE FROSTY MASCOT STRETCH LEG,80972,,"Fabric; Legs Stretch; 14""W x 22-36""H x 8""D",In stock,,,,"Fabric; Legs Stretch; 14""W x 22-36""H x 8""D",,2,$29.90 ,4,$27.90 ,,,2,Hannas400,Hannas160,https://www.hannashandiworks.com/media/catalog/product/cache/bbf624d4e302b71a44cbbfb433873131/8/0/80972-cob.jpg,80972-cob.jpg,,,Hannas800,80972-cob.jpg
TENNESSEE GNOME ORNAMENT 2 ASST.,80988,,"Fabric; 4""W x 8""H x 2.5""D",In stock,,,,"Fabric; 4""W x 8""H x 2.5""D",,12,$3.50 ,48,$3.25 ,96,$3.00 ,12,Hannas400,Hannas160,https://www.hannashandiworks.com/media/catalog/product/cache/bbf624d4e302b71a44cbbfb433873131/8/0/80988_1.JPG,80988_1.JPG,,,Hannas800,80988_1.JPG
TENNESSEE GO BLOCK SET,809012,,"Wood; 1¾""W x 2½""H x 1¼""D",In stock,,,,"Wood; 1¾""W x 2½""H x 1¼""D",,6,$9.00 ,12,$8.50 ,18,$8.00 ,6,Hannas400,Hannas160,https://www.hannashandiworks.com/media/catalog/product/cache/bbf624d4e302b71a44cbbfb433873131/8/0/809012-cob.jpg,809012-cob.jpg,,,Hannas800,809012-cob.jpg
TENNESSEE LOGO RIPPLE METAL SIGN,809003,,Metal; 12”W x 11¾”H x ½”D,In stock,,,,Metal; 12”W x 11¾”H x ½”D,,6,$6.90 ,12,$6.40 ,24,$5.90 ,6,Hannas400,Hannas160,https://www.hannashandiworks.com/media/catalog/product/cache/bbf624d4e302b71a44cbbfb433873131/8/0/809003.jpg,809003.jpg,,,Hannas800,809003.jpg
TENNESSEE RESIN GNOME,80933,,"Resin; 3.25""W x 8""H x 3""D",,,,,"Resin; 3.25""W x 8""H x 3""D",,NA,$7.00 ,12,$6.50 ,24,$6.00 ,NA,Hannas400,Hannas160,https://www.hannashandiworks.com/media/catalog/product/cache/bbf624d4e302b71a44cbbfb433873131/8/0/80933-cob.jpg,80933-cob.jpg,,,Hannas800,80933-cob.jpg
TENNESSEE RESIN SNOWMAN DANGLE LEG 2 ASST.,80993,,"Resin; 7-7.5""H x 2.5-2.75""W x 2.25""D",,,,,"Resin; 7-7.5""H x 2.5-2.75""W x 2.25""D",,NA,$4.25 ,36,$3.90 ,,,NA,Hannas400,Hannas160,https://www.hannashandiworks.com/media/catalog/product/cache/bbf624d4e302b71a44cbbfb433873131/8/0/80993-cob.jpg,80993-cob.jpg,,,Hannas800,80993-cob.jpg
TENNESSEE RESIN SNOWMAN TABLETOP,80955,,"Resin; 8""H x 4.25""W x 1.5""D.",In stock,,,,"Resin; 8""H x 4.25""W x 1.5""D.",,6,$9.75 ,12,$9.25 ,36,$8.75 ,6,Hannas400,Hannas160,https://www.hannashandiworks.com/media/catalog/product/cache/bbf624d4e302b71a44cbbfb433873131/8/0/80955-cob.jpg,80955-cob.jpg,,,Hannas800,80955-cob.jpg
TENNESSEE RETRO SIGN,809021,,Metal; 9”W x 6¾”H x ”D,In stock,,,,Metal; 9”W x 6¾”H x ”D,,12,$4.25 ,24,$4.00 ,,,12,Hannas400,Hannas160,https://www.hannashandiworks.com/media/catalog/product/cache/bbf624d4e302b71a44cbbfb433873131/8/0/809021.jpg,809021.jpg,,,Hannas800,809021.jpg
TENNESSEE RETRO TRUCK,809019,,Metal; 3¾”W x 4¼”H x 7¾”D,,,,,Metal; 3¾”W x 4¼”H x 7¾”D,,NA,$12.50 ,12,$12.00 ,,,NA,Hannas400,Hannas160,https://www.hannashandiworks.com/media/catalog/product/cache/bbf624d4e302b71a44cbbfb433873131/8/0/809019-cob.jpg,809019-cob.jpg,,,Hannas800,809019-cob.jpg
TENNESSEE SANTA MASCOT,80981,,"Fabric; 14""W x 22-36""H x 8""D",In stock,,,,"Fabric; 14""W x 22-36""H x 8""D",,2,$29.90 ,4,$27.90 ,,,2,Hannas400,Hannas160,https://www.hannashandiworks.com/media/catalog/product/cache/bbf624d4e302b71a44cbbfb433873131/8/0/80981-cob.jpg,80981-cob.jpg,,,Hannas800,80981-cob.jpg
TENNESSEE SNOWMAN ORNAMENT 3 ASST,80954,,"Metal; 3""W x 4¼""H x ¾""D",,,,,"Metal; 3""W x 4¼""H x ¾""D",,NA,$3.25 ,,,,,NA,Hannas400,Hannas160,https://www.hannashandiworks.com/media/catalog/product/cache/bbf624d4e302b71a44cbbfb433873131/8/0/80954_2.jpg,80954_2.jpg,,,Hannas800,80954_2.jpg
TENNESSEE TABLETOP FRAME,809016,,"Wood and Mixed Materials; 11.5""W x 5""H x 1.25""D",In stock,,,,"Wood and Mixed Materials; 11.5""W x 5""H x 1.25""D",,6,$5.25 ,,,,,6,Hannas400,Hannas160,https://www.hannashandiworks.com/media/catalog/product/cache/bbf624d4e302b71a44cbbfb433873131/8/0/809016-cob.jpg,809016-cob.jpg,,,Hannas800,809016-cob.jpg
TENNESSEE TAILGATE BANNER,80932,,"Fabric; Each flag section is 5.5""H x 0.25""D, overall width varies by school",In stock,,,,"Fabric; Each flag section is 5.5""H x 0.25""D, overall width varies by school",,12,$5.25 ,24,$4.75 ,,,12,Hannas400,Hannas160,https://www.hannashandiworks.com/media/catalog/product/cache/bbf624d4e302b71a44cbbfb433873131/8/0/80932-Alt.jpg,80932-Alt.jpg,,,Hannas800,80932-Alt.jpg
TENNESSEE THERMOMETER,80965,,"Metal; 4""W x 11.5""H x .5""D",In stock,,,,"Metal; 4""W x 11.5""H x .5""D",,6,$5.50 ,12,$5.25 ,24,$5.00 ,6,Hannas400,Hannas160,https://www.hannashandiworks.com/media/catalog/product/cache/bbf624d4e302b71a44cbbfb433873131/8/0/80965TN_5.jpg,80965TN_5.jpg,,,Hannas800,80965TN_5.jpg
TENNESSEE TIN ROOF BIRDHOUSE,809017,,Wood/Metal; 6½”W x 8”H x 5½”D; Features Clean-out on Back,In stock,$13.50 ,,,Wood/Metal; 6½”W x 8”H x 5½”D; Features Clean-out on Back,,4,$16.90 ,,,,,4,Hannas400,Hannas160,https://www.hannashandiworks.com/media/catalog/product/cache/bbf624d4e302b71a44cbbfb433873131/8/0/809017-cob.jpg,809017-cob.jpg,,,Hannas800,809017-cob.jpg
TENNESSEE WIDE SIGN,809007,,"Wood; 27¾""W x 7""H x ¾""D",,$9.75 ,,,"Wood; 27¾""W x 7""H x ¾""D",,NA,$11.75 ,,,,,NA,Hannas400,Hannas160,https://www.hannashandiworks.com/media/catalog/product/cache/bbf624d4e302b71a44cbbfb433873131/8/0/809007.jpg,809007.jpg,,,Hannas800,809007.jpg
TEXAS A&M BASKETBALL SLATE,84414A,,"Slate; 9""W x 12""H x ¼""D",In stock,$2.00 ,,,"Slate; 9""W x 12""H x ¼""D",,6,$6.25 ,,,,,6,Hannas400,Hannas160,https://www.hannashandiworks.com/media/catalog/product/cache/bbf624d4e302b71a44cbbfb433873131/8/4/84414_2018_2.jpg,84414_2018_2.jpg,,,Hannas800,84414_2018_2.jpg
TEXAS A&M BOTTLE CAP CLOCK,84498,,"Metal; 13.25""Dia  x 1.5""D. Requires 1 AA Battery; Not Included",In stock,,,,"Metal; 13.25""Dia  x 1.5""D. Requires 1 AA Battery; Not Included",,6,$13.90 ,12,$13.40 ,24,$12.90 ,6,Hannas400,Hannas160,https://www.hannashandiworks.com/media/catalog/product/cache/bbf624d4e302b71a44cbbfb433873131/8/4/84498_25.jpg,84498_25.jpg,,,Hannas800,84498_25.jpg
TEXAS A&M CHILLY SNOWMAN STANDER,84434,,"Fabric; 15.5""H x 10.75""W x 5.75""D.",In stock,,,,"Fabric; 15.5""H x 10.75""W x 5.75""D.",,6,$13.50 ,12,$12.75 ,,,6,Hannas400,Hannas160,https://www.hannashandiworks.com/media/catalog/product/cache/bbf624d4e302b71a44cbbfb433873131/8/4/84434-cob.jpg,84434-cob.jpg,,,Hannas800,84434-cob.jpg
TEXAS A&M CORRUGATED SIGN,84442,,"Metal; 15.5""W x 23.25""H x .5""DMetal; 15.5""W x 23.25""H x .5""D",In stock,$5.75 ,,,"Metal; 15.5""W x 23.25""H x .5""DMetal; 15.5""W x 23.25""H x .5""D",,4,$11.50 ,,,,,4,Hannas400,Hannas160,https://www.hannashandiworks.com/media/catalog/product/cache/bbf624d4e302b71a44cbbfb433873131/8/4/84442_1.JPG,84442_1.JPG,,,Hannas800,84442_1.JPG
TEXAS A&M DISTRESSED BOTTLE CAP SIGN,84450,,"Metal; 14""Dia x 1.5""D",In stock,$3.63 ,,,"Metal; 14""Dia x 1.5""D",,6,$7.90 ,,,,,6,Hannas400,Hannas160,https://www.hannashandiworks.com/media/catalog/product/cache/bbf624d4e302b71a44cbbfb433873131/8/4/84450_1.jpg,84450_1.jpg,,,Hannas800,84450_1.jpg
TEXAS A&M FOOTBALL PILLOW DECOR,844024,,Fabric; 18½”W x 8¾”D *Product is pre-release and will be brought into stock based on customer interest,In stock,,,,Fabric; 18½”W x 8¾”D *Product is pre-release and will be brought into stock based on customer interest,,6,$19.90 ,,,,,6,Hannas400,Hannas160,https://www.hannashandiworks.com/media/catalog/product/cache/bbf624d4e302b71a44cbbfb433873131/8/4/844024.jpg,844024.jpg,,,Hannas800,844024.jpg
TEXAS A&M GNOME FAN STRETCH LEG,84457,,"Fabric; 18.5-35""H x 10.5""W x 5.5""D",In stock,,,,"Fabric; 18.5-35""H x 10.5""W x 5.5""D",,6,$15.50 ,12,$14.50 ,,,6,Hannas400,Hannas160,https://www.hannashandiworks.com/media/catalog/product/cache/bbf624d4e302b71a44cbbfb433873131/8/4/84457-cob.jpg,84457-cob.jpg,,,Hannas800,84457-cob.jpg
TEXAS A&M GNOME ORNAMENT 2 ASST.,84488,,"Fabric; 4""W x 8""H x 2.5""D",In stock,,,,"Fabric; 4""W x 8""H x 2.5""D",,12,$3.50 ,48,$3.25 ,96,$3.00 ,12,Hannas400,Hannas160,https://www.hannashandiworks.com/media/catalog/product/cache/bbf624d4e302b71a44cbbfb433873131/8/4/84488_1.jpg,84488_1.jpg,,,Hannas800,84488_1.jpg
TEXAS A&M ROPE BLOCKS,84447,,"3""W x 3""H x 1.5""D",In stock,$3.00 ,,,"3""W x 3""H x 1.5""D",,6,$8.50 ,,,,,6,Hannas400,Hannas160,https://www.hannashandiworks.com/media/catalog/product/cache/bbf624d4e302b71a44cbbfb433873131/8/4/84447-cob.jpg,84447-cob.jpg,,,Hannas800,84447-cob.jpg
TEXAS A&M TABLETOP CLOCK,84445,,"Metal; 3¾""W x 4½""H x 2""D. Requires 1 AA Battery; Not Included",In stock,$1.00 ,,,"Metal; 3¾""W x 4½""H x 2""D. Requires 1 AA Battery; Not Included",,6,$4.50 ,,,,,6,Hannas400,Hannas160,https://www.hannashandiworks.com/media/catalog/product/cache/bbf624d4e302b71a44cbbfb433873131/8/4/84445-cob.jpg,84445-cob.jpg,,,Hannas800,84445-cob.jpg
TEXAS AM BEAD LEG GNOME,844005,,Fabric/Wood; 7¾”W x 20”H x 3½”D,In stock,,,,Fabric/Wood; 7¾”W x 20”H x 3½”D,,6,$9.90 ,12,$9.40 ,24,$8.90 ,6,Hannas400,Hannas160,https://www.hannashandiworks.com/media/catalog/product/cache/bbf624d4e302b71a44cbbfb433873131/8/4/844005-cob.jpg,844005-cob.jpg,,,Hannas800,844005-cob.jpg
TEXAS AM BEAD LEG SNOWMAN,844004,,Fabric/Wood; 7¾”W x 16¼”H x 3½”D,In stock,,,,Fabric/Wood; 7¾”W x 16¼”H x 3½”D,,6,$9.90 ,12,$9.40 ,24,$8.90 ,6,Hannas400,Hannas160,https://www.hannashandiworks.com/media/catalog/product/cache/bbf624d4e302b71a44cbbfb433873131/8/4/844004-cob.jpg,844004-cob.jpg,,,Hannas800,844004-cob.jpg
TEXAS AM CHUNKY SNOWMAN ORNAMENT 2 ASST,844018,,Wood; Orn: 3¼”W x 8¾”H x 2¼”D; Box: 10½”W x 3”H x 7¾”D,In stock,,,,Wood; Orn: 3¼”W x 8¾”H x 2¼”D; Box: 10½”W x 3”H x 7¾”D,,12,$4.00 ,24,$3.75 ,48,$3.50 ,12,Hannas400,Hannas160,https://www.hannashandiworks.com/media/catalog/product/cache/bbf624d4e302b71a44cbbfb433873131/8/4/844018-cob.jpg,844018-cob.jpg,,,Hannas800,844018-cob.jpg
TEXAS AM CHUNKY SNOWMAN STANDER,844010,,Wood; 15½”W x 17¼”H x 4”D,In stock,$23.50 ,,,Wood; 15½”W x 17¼”H x 4”D,,2,$29.50 ,,,,,2,Hannas400,Hannas160,https://www.hannashandiworks.com/media/catalog/product/cache/bbf624d4e302b71a44cbbfb433873131/8/4/844010-cob.jpg,844010-cob.jpg,,,Hannas800,844010-cob.jpg
TEXAS AM COLLEGIATE STONE,84458,,"Resin; 6¾""W x 4¾""H x 2¼""D",In stock,,,,"Resin; 6¾""W x 4¾""H x 2¼""D",,6,$6.25 ,12,$5.75 ,24,$5.25 ,6,Hannas400,Hannas160,https://www.hannashandiworks.com/media/catalog/product/cache/bbf624d4e302b71a44cbbfb433873131/8/4/84458-cob.jpg,84458-cob.jpg,,,Hannas800,84458-cob.jpg
TEXAS AM FROSTY MASCOT,84472,,"3 Feet Tall! Stretch Legs! Fabric; 22-36""H x 14""W x 8""D.",In stock,,,,"3 Feet Tall! Stretch Legs! Fabric; 22-36""H x 14""W x 8""D.",,2,$29.90 ,4,$27.90 ,,,2,Hannas400,Hannas160,https://www.hannashandiworks.com/media/catalog/product/cache/bbf624d4e302b71a44cbbfb433873131/8/4/84472-cob.jpg,84472-cob.jpg,,,Hannas800,84472-cob.jpg
TEXAS AM GARDEN GNOME,844006,,Resin; 8½”W x 19¼”H x 7½”D,In stock,$19.75 ,,,Resin; 8½”W x 19¼”H x 7½”D,,2,$39.50 ,,,,,2,Hannas400,Hannas160,https://www.hannashandiworks.com/media/catalog/product/cache/bbf624d4e302b71a44cbbfb433873131/8/4/844006-cob.jpg,844006-cob.jpg,,,Hannas800,844006-cob.jpg
TEXAS AM GO BLOCK SET,844012,,"Wood; 1¾""W x 2½""H x 1¼""D",In stock,,,,"Wood; 1¾""W x 2½""H x 1¼""D",,6,$9.00 ,12,$8.50 ,18,$8.00 ,6,Hannas400,Hannas160,https://www.hannashandiworks.com/media/catalog/product/cache/bbf624d4e302b71a44cbbfb433873131/8/4/844012-cob.jpg,844012-cob.jpg,,,Hannas800,844012-cob.jpg
TEXAS AM HANGING FAN SIGN,844008,,"Wood; 12""W x 9¾""H x ¾""D",In stock,,,,"Wood; 12""W x 9¾""H x ¾""D",,6,$6.90 ,12,$6.50 ,24,$6.10 ,6,Hannas400,Hannas160,https://www.hannashandiworks.com/media/catalog/product/cache/bbf624d4e302b71a44cbbfb433873131/8/4/844008.jpg,844008.jpg,,,Hannas800,844008.jpg
TEXAS AM LARGE METAL SIGN,844001,,Metal; 15½”W x 31¼”H x ¼”D,In stock,$8.25 ,,,Metal; 15½”W x 31¼”H x ¼”D,,3,$20.00 ,,,,,3,Hannas400,Hannas160,https://www.hannashandiworks.com/media/catalog/product/cache/bbf624d4e302b71a44cbbfb433873131/8/4/844001.jpg,844001.jpg,,,Hannas800,844001.jpg
TEXAS AM LOGO RIPPLE METAL SIGN,844003,,Metal; 12”W x 11¾”H x ½”D,In stock,,,,Metal; 12”W x 11¾”H x ½”D,,6,$6.90 ,12,$6.40 ,24,$5.90 ,6,Hannas400,Hannas160,https://www.hannashandiworks.com/media/catalog/product/cache/bbf624d4e302b71a44cbbfb433873131/8/4/844003.jpg,844003.jpg,,,Hannas800,844003.jpg
TEXAS AM MINI PERPETUAL CALENDAR,844014,,"Wood; 3""W x 5.75""H x 1.5""D",In stock,,,,"Wood; 3""W x 5.75""H x 1.5""D",,6,$5.50 ,12,$5.25 ,24,$5.00 ,6,Hannas400,Hannas160,https://www.hannashandiworks.com/media/catalog/product/cache/bbf624d4e302b71a44cbbfb433873131/8/4/844014-cob.jpg,844014-cob.jpg,,,Hannas800,844014-cob.jpg
TEXAS AM PERPETUAL CALENDAR,84422,,"Wood; 6½""W x 8""H x 3¼""D",,$3.75 ,,,"Wood; 6½""W x 8""H x 3¼""D",,NA,$7.50 ,,,,,NA,Hannas400,Hannas160,https://www.hannashandiworks.com/media/catalog/product/cache/bbf624d4e302b71a44cbbfb433873131/8/4/84422-cob.jpg,84422-cob.jpg,,,Hannas800,84422-cob.jpg
TEXAS AM PORCH SIGN WITH EASEL,844011,,"Metal; 11""W x 41.25""H x 9.25""D",In stock,$9.95 ,,,"Metal; 11""W x 41.25""H x 9.25""D",,6,$23.50 ,,,,,6,Hannas400,Hannas160,https://www.hannashandiworks.com/media/catalog/product/cache/bbf624d4e302b71a44cbbfb433873131/8/4/844011.jpg,844011.jpg,,,Hannas800,844011.jpg
TEXAS AM RESIN GNOME,84433,,"Resin; 3.25""W x 8""H x 3""D",,,,,"Resin; 3.25""W x 8""H x 3""D",,NA,$7.00 ,12,$6.50 ,24,$6.00 ,NA,Hannas400,Hannas160,https://www.hannashandiworks.com/media/catalog/product/cache/bbf624d4e302b71a44cbbfb433873131/8/4/84433-cob.jpg,84433-cob.jpg,,,Hannas800,84433-cob.jpg
TEXAS AM RESIN SNOWMAN DANGLE LEG 2 ASST.,84493,,"Resin; 7-7.5""H x 2.5-2.75""W x 2.25""D",In stock,,,,"Resin; 7-7.5""H x 2.5-2.75""W x 2.25""D",,6,$4.25 ,36,$3.90 ,,,6,Hannas400,Hannas160,https://www.hannashandiworks.com/media/catalog/product/cache/bbf624d4e302b71a44cbbfb433873131/8/4/84493-cob.jpg,84493-cob.jpg,,,Hannas800,84493-cob.jpg
TEXAS AM RETRO TRUCK,844019,,Metal; 3¾”W x 4¼”H x 7¾”D,,,,,Metal; 3¾”W x 4¼”H x 7¾”D,,NA,$12.50 ,12,$12.00 ,,,NA,Hannas400,Hannas160,https://www.hannashandiworks.com/media/catalog/product/cache/bbf624d4e302b71a44cbbfb433873131/8/4/844019-cob.jpg,844019-cob.jpg,,,Hannas800,844019-cob.jpg
TEXAS AM SANTA MASCOT,84481,,"3 Feet Tall! Stretch Legs! Fabric; 22-36""H x 14""W x 8""D.",In stock,,,,"3 Feet Tall! Stretch Legs! Fabric; 22-36""H x 14""W x 8""D.",,2,$29.90 ,4,$27.90 ,,,2,Hannas400,Hannas160,https://www.hannashandiworks.com/media/catalog/product/cache/bbf624d4e302b71a44cbbfb433873131/8/4/84481-cob.jpg,84481-cob.jpg,,,Hannas800,84481-cob.jpg
TEXAS AM SNOWMAN ORNAMENT 3 ASST,84454,,"Metal; 3""W x 4¼""H x ¾""D",,,,,"Metal; 3""W x 4¼""H x ¾""D",,NA,$3.25 ,,,,,NA,Hannas400,Hannas160,https://www.hannashandiworks.com/media/catalog/product/cache/bbf624d4e302b71a44cbbfb433873131/8/4/84454_2.jpg,84454_2.jpg,,,Hannas800,84454_2.jpg
TEXAS AM TABLETOP SIGN,844002,,Wood/Metal; 15”W x 5”H x 1½”D,In stock,$4.45 ,,,Wood/Metal; 15”W x 5”H x 1½”D,,6,$10.00 ,,,,,6,Hannas400,Hannas160,https://www.hannashandiworks.com/media/catalog/product/cache/bbf624d4e302b71a44cbbfb433873131/8/4/844002.jpg,844002.jpg,,,Hannas800,844002.jpg
TEXAS AM TAILGATE BANNER,84432,,"Fabric; Each flag section is 5.5""H x 0.25""D, overall width varies by school",In stock,,,,"Fabric; Each flag section is 5.5""H x 0.25""D, overall width varies by school",,12,$5.25 ,24,$4.75 ,,,12,Hannas400,Hannas160,https://www.hannashandiworks.com/media/catalog/product/cache/bbf624d4e302b71a44cbbfb433873131/8/4/84432_24.jpg,84432_24.jpg,,,Hannas800,84432_24.jpg
TEXAS AM WELCOME SIGN,84429,,"Wood; 11½""W x 12¾""H x ¼""D",In stock,$1.50 ,,,"Wood; 11½""W x 12¾""H x ¼""D",,6,$5.00 ,,,,,6,Hannas400,Hannas160,https://www.hannashandiworks.com/media/catalog/product/cache/bbf624d4e302b71a44cbbfb433873131/8/4/84429_2018_1.jpg,84429_2018_1.jpg,,,Hannas800,84429_2018_1.jpg
TEXAS AM WIDE SIGN,844007,,"Wood; 27¾""W x 7""H x ¾""D",In stock,$9.75 ,,,"Wood; 27¾""W x 7""H x ¾""D",,4,$11.75 ,,,,,4,Hannas400,Hannas160,https://www.hannashandiworks.com/media/catalog/product/cache/bbf624d4e302b71a44cbbfb433873131/8/4/844007.jpg,844007.jpg,,,Hannas800,844007.jpg
TX AM RETRO METAL SIGN,844021,,"Metal; 9""W x 6.75""H x .125""D",In stock,,,,"Metal; 9""W x 6.75""H x .125""D",,12,$4.25 ,24,$4.00 ,,,12,Hannas400,Hannas160,https://www.hannashandiworks.com/media/catalog/product/cache/bbf624d4e302b71a44cbbfb433873131/8/4/844021_1.jpg,844021_1.jpg,,,Hannas800,844021_1.jpg
TEXAS BEAD LEG SNOWMAN,830004,,Fabric/Wood; 7¾”W x 16¼”H x 3½”D,In stock,,,,Fabric/Wood; 7¾”W x 16¼”H x 3½”D,,6,$10.90 ,12,$10.40 ,24,$9.90 ,6,Hannas400,Hannas160,https://www.hannashandiworks.com/media/catalog/product/cache/bbf624d4e302b71a44cbbfb433873131/8/3/830004-cob.jpg,830004-cob.jpg,,,Hannas800,830004-cob.jpg
TEXAS BIRDHOUSE,830017,,Wood/Metal; 6½”W x 8”H x 5½”D; Features Clean-out on Back,In stock,$13.50 ,,,Wood/Metal; 6½”W x 8”H x 5½”D; Features Clean-out on Back,,4,$16.90 ,,,,,4,Hannas400,Hannas160,https://www.hannashandiworks.com/media/catalog/product/cache/bbf624d4e302b71a44cbbfb433873131/8/3/830017-cob.jpg,830017-cob.jpg,,,Hannas800,830017-cob.jpg
TEXAS BLOCK SET,83011,,Wood; 1¾”W x 2½”H x 1¼”D (each block),In stock,,,,Wood; 1¾”W x 2½”H x 1¼”D (each block),,6,$4.50 ,,,,,6,Hannas400,Hannas160,https://www.hannashandiworks.com/media/catalog/product/cache/bbf624d4e302b71a44cbbfb433873131/8/3/83011-24.jpg,83011-24.jpg,,,Hannas800,83011-24.jpg
TEXAS BOTTLE CAP CLOCK,83098,,"Metal; 13.25""Dia x 1.5""D. Requires 1 AA Battery; Not Included.",In stock,,,,"Metal; 13.25""Dia x 1.5""D. Requires 1 AA Battery; Not Included.",,6,$13.90 ,12,$13.40 ,24,$12.90 ,6,Hannas400,Hannas160,https://www.hannashandiworks.com/media/catalog/product/cache/bbf624d4e302b71a44cbbfb433873131/8/3/83098_25.jpg,83098_25.jpg,,,Hannas800,83098_25.jpg
TEXAS CHILLY SNOWMAN STANDER,83034,,"Fabric; 15.5""H x 10.75""W x 5.75""D",In stock,,,,"Fabric; 15.5""H x 10.75""W x 5.75""D",,6,$13.50 ,12,$12.75 ,,,6,Hannas400,Hannas160,https://www.hannashandiworks.com/media/catalog/product/cache/bbf624d4e302b71a44cbbfb433873131/8/3/83034-cob.jpg,83034-cob.jpg,,,Hannas800,83034-cob.jpg
TEXAS CHUNKY SNOWMAN ORNAMENT 2 ASST,830018,,C,In stock,,,,C,,12,$4.00 ,24,$3.75 ,48,$3.50 ,12,Hannas400,Hannas160,https://www.hannashandiworks.com/media/catalog/product/cache/bbf624d4e302b71a44cbbfb433873131/8/3/830018-cob.jpg,830018-cob.jpg,,,Hannas800,830018-cob.jpg
TEXAS COLLEGIATE STONE,83058,,"Resin; 6¾""W x 4¾""H x 2¼""D",In stock,,,,"Resin; 6¾""W x 4¾""H x 2¼""D",,6,$6.25 ,12,$5.75 ,24,$5.25 ,6,Hannas400,Hannas160,https://www.hannashandiworks.com/media/catalog/product/cache/bbf624d4e302b71a44cbbfb433873131/8/3/83058-cob.jpg,83058-cob.jpg,,,Hannas800,83058-cob.jpg
TEXAS DIMENSIONAL DOOR HOOK,83064,,Wood; 4¼”W x 11¾”H x ½”D,In stock,,,,Wood; 4¼”W x 11¾”H x ½”D,,6,$3.50 ,,,,,6,Hannas400,Hannas160,https://www.hannashandiworks.com/media/catalog/product/cache/bbf624d4e302b71a44cbbfb433873131/8/3/83064-24.jpg,83064-24.jpg,,,Hannas800,83064-24.jpg
TEXAS FOOTBALL SHIELD SIGN,83071,,Metal; 6”W x 6¾”H x 1¼”D,In stock,,,,Metal; 6”W x 6¾”H x 1¼”D,,6,$6.50 ,,,,,6,Hannas400,Hannas160,https://www.hannashandiworks.com/media/catalog/product/cache/bbf624d4e302b71a44cbbfb433873131/8/3/83071-24.jpg,83071-24.jpg,,,Hannas800,83071-24.jpg
TEXAS FROSTY MASCOT,83072,,"3 Feet Tall! Stretch Legs! Fabric; 22-36""H x 14""W x 8""D.",In stock,,,,"3 Feet Tall! Stretch Legs! Fabric; 22-36""H x 14""W x 8""D.",,2,$29.90 ,4,$27.90 ,,,2,Hannas400,Hannas160,https://www.hannashandiworks.com/media/catalog/product/cache/bbf624d4e302b71a44cbbfb433873131/8/3/83072-cob.jpg,83072-cob.jpg,,,Hannas800,83072-cob.jpg
TEXAS GNOME ORN 2 AST,83088,,Fabric; 4”W x 8”H x 2½”D,,,,,Fabric; 4”W x 8”H x 2½”D,,NA,$3.50 ,48,$3.25 ,96,$3.00 ,NA,Hannas400,Hannas160,https://www.hannashandiworks.com/media/catalog/product/cache/bbf624d4e302b71a44cbbfb433873131/8/3/83088.jpg,83088.jpg,,,Hannas800,83088.jpg
TEXAS HANGING FAN SIGN,830007,,"Wood; 27¾""W x 7""H x ¾""D",In stock,$9.75 ,,,"Wood; 27¾""W x 7""H x ¾""D",,4,$11.75 ,,,,,4,Hannas400,Hannas160,https://www.hannashandiworks.com/media/catalog/product/cache/bbf624d4e302b71a44cbbfb433873131/8/3/830007_24.jpg,830007_24.jpg,,,Hannas800,830007_24.jpg
TEXAS LOGO RIPPLE METAL SIGN,830003,,Metal; 12”W x 11¾”H x ½”D,In stock,,,,Metal; 12”W x 11¾”H x ½”D,,6,$6.90 ,12,$6.40 ,24,$5.90 ,6,Hannas400,Hannas160,https://www.hannashandiworks.com/media/catalog/product/cache/bbf624d4e302b71a44cbbfb433873131/8/3/830003_24.jpg,830003_24.jpg,,,Hannas800,830003_24.jpg
TEXAS METAL SNOWMAN ORNAMENT 3 ASST,83082,,"Metal; 3""W x 4¼""H x ¾""D",In stock,,,,"Metal; 3""W x 4¼""H x ¾""D",,36,$3.25 ,,,,,36,Hannas400,Hannas160,https://www.hannashandiworks.com/media/catalog/product/cache/bbf624d4e302b71a44cbbfb433873131/8/3/83082_SM-Orns3.jpg,83082_SM-Orns3.jpg,,,Hannas800,83082_SM-Orns3.jpg
TEXAS METAL SNOWMAN ORNAMENT WITH DISPLAY 3 ASST,83054,,Metal; 3”W x 4¼”H x ¾”D,In stock,,,,Metal; 3”W x 4¼”H x ¾”D,,36,$3.25 ,,,,,36,Hannas400,Hannas160,https://www.hannashandiworks.com/media/catalog/product/cache/bbf624d4e302b71a44cbbfb433873131/8/3/83054-24.jpg,83054-24.jpg,,,Hannas800,83054-24.jpg
TEXAS RETRO SIGN,830021,,Metal; 9”W x 6¾”H x ”D,In stock,,,,Metal; 9”W x 6¾”H x ”D,,12,$4.25 ,24,$4.00 ,,,12,Hannas400,Hannas160,https://www.hannashandiworks.com/media/catalog/product/cache/bbf624d4e302b71a44cbbfb433873131/8/3/830021.jpg,830021.jpg,,,Hannas800,830021.jpg
TEXAS SANTA BAG,83074,,Over 1' Tall! Fabric; 10”Dia x 14”H,In stock,,,,Over 1' Tall! Fabric; 10”Dia x 14”H,,6,$6.50 ,,,,,6,Hannas400,Hannas160,https://www.hannashandiworks.com/media/catalog/product/cache/bbf624d4e302b71a44cbbfb433873131/8/3/83074-24.jpg,83074-24.jpg,,,Hannas800,83074-24.jpg
TEXAS SANTA MASCOT,83081,,"3 Feet Tall! Stretch Legs! Fabric; 22-36""H x 14""W x 8""D.",In stock,,,,"3 Feet Tall! Stretch Legs! Fabric; 22-36""H x 14""W x 8""D.",,2,$29.90 ,4,$27.90 ,,,2,Hannas400,Hannas160,https://www.hannashandiworks.com/media/catalog/product/cache/bbf624d4e302b71a44cbbfb433873131/8/3/83081-cob.jpg,83081-cob.jpg,,,Hannas800,83081-cob.jpg
TEXAS TAILGATE BANNER,83032,,"Fabric; Each flag section is 5.5""H x 0.25""D, overall width varies by school",In stock,,,,"Fabric; Each flag section is 5.5""H x 0.25""D, overall width varies by school",,12,$5.25 ,24,$4.75 ,,,12,Hannas400,Hannas160,https://www.hannashandiworks.com/media/catalog/product/cache/bbf624d4e302b71a44cbbfb433873131/8/3/83032.jpg,83032.jpg,,,Hannas800,83032.jpg
TEXAS WELCOME SIGN,83029,,Wood; 11½”W x 12¾”H x ¼”D,In stock,,,,Wood; 11½”W x 12¾”H x ¼”D,,6,$5.00 ,,,,,6,Hannas400,Hannas160,https://www.hannashandiworks.com/media/catalog/product/cache/bbf624d4e302b71a44cbbfb433873131/8/3/83029-24.jpg,83029-24.jpg,,,Hannas800,83029-24.jpg
TEXAS TECH BEAD LEG GNOME,855005,,Fabric/Wood; 7¾”W x 20”H x 3½”D,In stock,$4.45 ,,,Fabric/Wood; 7¾”W x 20”H x 3½”D,,6,$8.90 ,,,,,6,Hannas400,Hannas160,https://www.hannashandiworks.com/media/catalog/product/cache/bbf624d4e302b71a44cbbfb433873131/8/5/855005-cob.jpg,855005-cob.jpg,,,Hannas800,855005-cob.jpg
TEXAS TECH BEAD LEG SNOWMAN,855004,,Fabric/Wood; 7¾”W x 16¼”H x 3½”D,In stock,$4.95 ,,,Fabric/Wood; 7¾”W x 16¼”H x 3½”D,,6,$9.90 ,,,,,6,Hannas400,Hannas160,https://www.hannashandiworks.com/media/catalog/product/cache/bbf624d4e302b71a44cbbfb433873131/8/5/855004-cob.jpg,855004-cob.jpg,,,Hannas800,855004-cob.jpg
TEXAS TECH BIRDHOUSE,85584,,Wood and Metal; 6½”W x 8”H x 5½”D,In stock,,,,Wood and Metal; 6½”W x 8”H x 5½”D,,4,$15.90 ,8,$12.90 ,,,4,Hannas400,Hannas160,https://www.hannashandiworks.com/media/catalog/product/cache/bbf624d4e302b71a44cbbfb433873131/8/5/85584_1.JPG,85584_1.JPG,,,Hannas800,85584_1.JPG
TEXAS TECH CHILLY SNOWMAN,85534,,"Fabric; 10.75""W x 15.5""H x 5.75""D.",In stock,,,,"Fabric; 10.75""W x 15.5""H x 5.75""D.",,6,$13.50 ,12,$12.75 ,,,6,Hannas400,Hannas160,https://www.hannashandiworks.com/media/catalog/product/cache/bbf624d4e302b71a44cbbfb433873131/8/5/85534-cob.jpg,85534-cob.jpg,,,Hannas800,85534-cob.jpg
TEXAS TECH CHUNKY SNOWMAN ORNAMENT 2 ASST,855018,,Wood; Orn: 3¼”W x 8¾”H x 2¼”D; Box: 10½”W x 3”H x 7¾”D,In stock,,,,Wood; Orn: 3¼”W x 8¾”H x 2¼”D; Box: 10½”W x 3”H x 7¾”D,,12,$4.00 ,24,$3.75 ,48,$3.50 ,12,Hannas400,Hannas160,https://www.hannashandiworks.com/media/catalog/product/cache/bbf624d4e302b71a44cbbfb433873131/8/5/855018-cob.jpg,855018-cob.jpg,,,Hannas800,855018-cob.jpg
TEXAS TECH DIMENSIONAL DOOR HOOK,85564,,"Wood; 4¼""W x 11¾""H x ½""D",In stock,$0.50 ,,,"Wood; 4¼""W x 11¾""H x ½""D",,6,$3.50 ,,,,,6,Hannas400,Hannas160,https://www.hannashandiworks.com/media/catalog/product/cache/bbf624d4e302b71a44cbbfb433873131/8/5/85564-cob.jpg,85564-cob.jpg,,,Hannas800,85564-cob.jpg
TEXAS TECH FAN SIGN,855008,,"Wood; 12""W x 9.75""H x .75""D",In stock,,,,"Wood; 12""W x 9.75""H x .75""D",,6,$6.90 ,12,$6.50 ,24,$6.10 ,6,Hannas400,Hannas160,https://www.hannashandiworks.com/media/catalog/product/cache/bbf624d4e302b71a44cbbfb433873131/8/5/855008.jpg,855008.jpg,,,Hannas800,855008.jpg
TEXAS TECH GAME ON SIGN,85578,,"9.75""W x 4""H x 0.5""D",In stock,$2.50 ,,,"9.75""W x 4""H x 0.5""D",,6,$4.00 ,,,,,6,Hannas400,Hannas160,https://www.hannashandiworks.com/media/catalog/product/cache/bbf624d4e302b71a44cbbfb433873131/8/5/85578_2018_1.jpg,85578_2018_1.jpg,,,Hannas800,85578_2018_1.jpg
TEXAS TECH GARDEN GNOME,855006,,Resin; 8½”W x 19¼”H x 7½”D,In stock,$19.75 ,,,Resin; 8½”W x 19¼”H x 7½”D,,2,$39.50 ,,,,,2,Hannas400,Hannas160,https://www.hannashandiworks.com/media/catalog/product/cache/bbf624d4e302b71a44cbbfb433873131/8/5/855006-cob.jpg,855006-cob.jpg,,,Hannas800,855006-cob.jpg
TEXAS TECH GNOME FAN STRETCH LEG,85557,,"Fabric; 18.5-35""H x 10.5""W x 5.5""D",In stock,$7.75 ,,,"Fabric; 18.5-35""H x 10.5""W x 5.5""D",,6,$15.50 ,,,,,6,Hannas400,Hannas160,https://www.hannashandiworks.com/media/catalog/product/cache/bbf624d4e302b71a44cbbfb433873131/8/5/85557-cob.jpg,85557-cob.jpg,,,Hannas800,85557-cob.jpg
TEXAS TECH GNOME ORNAMENT 2 ASST.,85588,,"Fabric; 4""W x 8""H x 2.5""D",In stock,,,,"Fabric; 4""W x 8""H x 2.5""D",,12,$3.50 ,48,$3.25 ,96,$3.00 ,12,Hannas400,Hannas160,https://www.hannashandiworks.com/media/catalog/product/cache/bbf624d4e302b71a44cbbfb433873131/8/5/85588_1.JPG,85588_1.JPG,,,Hannas800,85588_1.JPG
TEXAS TECH LET'S GO SIGN,85568,,"4½""W x 13½""H x 1""D",In stock,$2.00 ,,,"4½""W x 13½""H x 1""D",,6,$5.95 ,,,,,6,Hannas400,Hannas160,https://www.hannashandiworks.com/media/catalog/product/cache/bbf624d4e302b71a44cbbfb433873131/8/5/85568_5.jpg,85568_5.jpg,,,Hannas800,85568_5.jpg
TEXAS TECH LOGO RIPPLE METAL SIGN,855003,,Metal; 12”W x 11¾”H x ½”D,In stock,,,,Metal; 12”W x 11¾”H x ½”D,,6,$6.90 ,12,$6.40 ,24,$5.90 ,6,Hannas400,Hannas160,https://www.hannashandiworks.com/media/catalog/product/cache/bbf624d4e302b71a44cbbfb433873131/8/5/855003.jpg,855003.jpg,,,Hannas800,855003.jpg
TEXAS TECH LONG BANNER,85563,,"Fabric; 10.5""W x 45.5""H x .25""D",In stock,$2.25 ,,,"Fabric; 10.5""W x 45.5""H x .25""D",,6,$6.25 ,,,,,6,Hannas400,Hannas160,https://www.hannashandiworks.com/media/catalog/product/cache/bbf624d4e302b71a44cbbfb433873131/8/5/85563_LB_1.jpg,85563_LB_1.jpg,,,Hannas800,85563_LB_1.jpg
TEXAS TECH MAGNETIC BOTTLE OPENER,85579,,"4"" Diameter

Rugged steel bottle opener (available in 30 schools!) has both a rubberized magnet for safekeeping on your fridge, as well as back cork protectors that allow it to double as a coaster.",In stock,$0.50 ,,,"4"" Diameter

Rugged steel bottle opener (available in 30 schools!) has both a rubberized magnet for safekeeping on your fridge, as well as back cork protectors that allow it to double as a coaster.",,12,$3.50 ,,,,,12,Hannas400,Hannas160,https://www.hannashandiworks.com/media/catalog/product/cache/bbf624d4e302b71a44cbbfb433873131/8/5/85579_BottleOpener_ART_1.JPG,85579_BottleOpener_ART_1.JPG,,,Hannas800,85579_BottleOpener_ART_1.JPG
TEXAS TECH METAL SNOWMAN ORNAMENT WITH DISPLAY 3 ASST,85554,,"Metal; 3""W x 4¼""H x ¾""D",In stock,,,,"Metal; 3""W x 4¼""H x ¾""D",,36,$3.25 ,,,,,36,Hannas400,Hannas160,https://www.hannashandiworks.com/media/catalog/product/cache/bbf624d4e302b71a44cbbfb433873131/8/5/85554_2.jpg,85554_2.jpg,,,Hannas800,85554_2.jpg
TEXAS TECH PERPETUAL CALENDAR,85522,,"Wood; 6½""W x 8""H x 3¼""D",In stock,$3.75 ,,,"Wood; 6½""W x 8""H x 3¼""D",,4,$7.50 ,,,,,4,Hannas400,Hannas160,https://www.hannashandiworks.com/media/catalog/product/cache/bbf624d4e302b71a44cbbfb433873131/8/5/85522-cob.jpg,85522-cob.jpg,,,Hannas800,85522-cob.jpg
TEXAS TECH PORCH WELCOME SIGN WITH EASEL,855011,,"Metal; 11""W x 41.25""H x 9.25""D",In stock,$9.95 ,,,"Metal; 11""W x 41.25""H x 9.25""D",,6,$23.50 ,,,,,6,Hannas400,Hannas160,https://www.hannashandiworks.com/media/catalog/product/cache/bbf624d4e302b71a44cbbfb433873131/8/5/855011.jpg,855011.jpg,,,Hannas800,855011.jpg
TEXAS TECH RESIN SNOWMAN DANGLE LEG 2 ASST.,85593,,"Resin; 7-7.5""H x 2.5-2.75""W x 2.25""D",In stock,$2.13 ,,,"Resin; 7-7.5""H x 2.5-2.75""W x 2.25""D",,6,$4.25 ,,,,,6,Hannas400,Hannas160,https://www.hannashandiworks.com/media/catalog/product/cache/bbf624d4e302b71a44cbbfb433873131/8/5/85593-cob.jpg,85593-cob.jpg,,,Hannas800,85593-cob.jpg
TEXAS TECH RESIN SNOWMAN TABLESTOP,85555,,"Resin; 8""H x 4.25""W x 1.5""D",,$4.88 ,,,"Resin; 8""H x 4.25""W x 1.5""D",,NA,$9.75 ,,,,,NA,Hannas400,Hannas160,https://www.hannashandiworks.com/media/catalog/product/cache/bbf624d4e302b71a44cbbfb433873131/8/5/85555-cob.jpg,85555-cob.jpg,,,Hannas800,85555-cob.jpg
TEXAS TECH SANTA BAG,85574,,"Approx. 10""Dia x 14""H",In stock,$3.00 ,,,"Approx. 10""Dia x 14""H",,6,$6.50 ,,,,,6,Hannas400,Hannas160,https://www.hannashandiworks.com/media/catalog/product/cache/bbf624d4e302b71a44cbbfb433873131/8/5/85574_7.jpg,85574_7.jpg,,,Hannas800,85574_7.jpg
TEXAS TECH SANTA MASCOT,85581,,"3 Feet Tall! Stretch Legs! Fabric; 22-36""H x 14""W x 8""D.",In stock,,,,"3 Feet Tall! Stretch Legs! Fabric; 22-36""H x 14""W x 8""D.",,2,$29.90 ,4,$27.90 ,,,2,Hannas400,Hannas160,https://www.hannashandiworks.com/media/catalog/product/cache/bbf624d4e302b71a44cbbfb433873131/8/5/85581-cob.jpg,85581-cob.jpg,,,Hannas800,85581-cob.jpg
TEXAS TECH TABLETOP CLOCK,85545,,"Metal; 3¾""W x 4½""H x 2""D. Requires 1 AA Battery; Not Included",In stock,$1.00 ,,,"Metal; 3¾""W x 4½""H x 2""D. Requires 1 AA Battery; Not Included",,6,$4.50 ,,,,,6,Hannas400,Hannas160,https://www.hannashandiworks.com/media/catalog/product/cache/bbf624d4e302b71a44cbbfb433873131/8/5/85545-cob.jpg,85545-cob.jpg,,,Hannas800,85545-cob.jpg
TEXAS TECH TAILGATE BANNER,85532,,"Fabric; 5.5""H x .25""D; overall width varies by school.",In stock,,,,"Fabric; 5.5""H x .25""D; overall width varies by school.",,12,$5.25 ,24,$4.75 ,,,12,Hannas400,Hannas160,https://www.hannashandiworks.com/media/catalog/product/cache/bbf624d4e302b71a44cbbfb433873131/8/5/85532_TB_1.jpg,85532_TB_1.jpg,,,Hannas800,85532_TB_1.jpg
TEXAS TECH THERMOMETER,85565,,"Metal; 4""W x 11.5""H x .5""D",In stock,,,,"Metal; 4""W x 11.5""H x .5""D",,6,$5.50 ,12,$5.25 ,24,$5.00 ,6,Hannas400,Hannas160,https://www.hannashandiworks.com/media/catalog/product/cache/bbf624d4e302b71a44cbbfb433873131/8/5/85565_2.jpg,85565_2.jpg,,,Hannas800,85565_2.jpg
TEXAS TECH TIN ROOF BIRDHOUSE,855017,,Wood/Metal; 6½”W x 8”H x 5½”D,In stock,$13.50 ,,,Wood/Metal; 6½”W x 8”H x 5½”D,,4,$16.90 ,,,,,4,Hannas400,Hannas160,https://www.hannashandiworks.com/media/catalog/product/cache/bbf624d4e302b71a44cbbfb433873131/8/5/855017.jpg,855017.jpg,,,Hannas800,855017.jpg
TEXAS TECH WIDE SIGN,855007,,"Wood; 27¾""W x 7""H x ¾""D",In stock,$9.75 ,,,"Wood; 27¾""W x 7""H x ¾""D",,4,$11.75 ,,,,,4,Hannas400,Hannas160,https://www.hannashandiworks.com/media/catalog/product/cache/bbf624d4e302b71a44cbbfb433873131/8/5/855007.jpg,855007.jpg,,,Hannas800,855007.jpg
TEXAS TECH YARD SIGN,85530,,"Metal; 12""W x 39""H x 1/2""D.",In stock,$5.45 ,,,"Metal; 12""W x 39""H x 1/2""D.",,6,$12.90 ,,,,,6,Hannas400,Hannas160,https://www.hannashandiworks.com/media/catalog/product/cache/bbf624d4e302b71a44cbbfb433873131/8/5/85530_2018_3.jpg,85530_2018_3.jpg,,,Hannas800,85530_2018_3.jpg
WEST VIRGINIA BEAD LEG GNOME,801005,,Fabric/Wood; 7¾”W x 20”H x 3½”D,In stock,,,,Fabric/Wood; 7¾”W x 20”H x 3½”D,,6,$9.90 ,12,$9.40 ,24,$8.90 ,6,Hannas400,Hannas160,https://www.hannashandiworks.com/media/catalog/product/cache/bbf624d4e302b71a44cbbfb433873131/8/0/801005-cob.jpg,801005-cob.jpg,,,Hannas800,801005-cob.jpg
WEST VIRGINIA BEAD LEG SNOWMAN,801004,,Fabric/Wood; 7¾”W x 16¼”H x 3½”D,,,,,Fabric/Wood; 7¾”W x 16¼”H x 3½”D,,NA,$10.90 ,12,$10.40 ,24,$9.90 ,NA,Hannas400,Hannas160,https://www.hannashandiworks.com/media/catalog/product/cache/bbf624d4e302b71a44cbbfb433873131/8/0/801004-cob.jpg,801004-cob.jpg,,,Hannas800,801004-cob.jpg
WEST VIRGINIA BIRDHOUSE,80184,,Wood and Metal; 6½”W x 8”H x 5½”D,In stock,,,,Wood and Metal; 6½”W x 8”H x 5½”D,,4,$15.90 ,8,$12.90 ,,,4,Hannas400,Hannas160,https://www.hannashandiworks.com/media/catalog/product/cache/bbf624d4e302b71a44cbbfb433873131/8/0/80184-new.jpg,80184-new.jpg,,,Hannas800,80184-new.jpg
WEST VIRGINIA BOTTLE CAP CLOCK,80198,,"Metal; 13.25""Dia x 1.5""D. Requires 1 AA Battery; Not Included",In stock,,,,"Metal; 13.25""Dia x 1.5""D. Requires 1 AA Battery; Not Included",,6,$13.90 ,12,$13.40 ,24,$12.90 ,6,Hannas400,Hannas160,https://www.hannashandiworks.com/media/catalog/product/cache/bbf624d4e302b71a44cbbfb433873131/8/0/80198_25.jpg,80198_25.jpg,,,Hannas800,80198_25.jpg
WEST VIRGINIA CHILLY SNOWMAN STANDER,80134,,"Fabric; 15.5""H x 10.75""W x 5.75""D.",In stock,,,,"Fabric; 15.5""H x 10.75""W x 5.75""D.",,6,$13.50 ,12,$12.75 ,,,6,Hannas400,Hannas160,https://www.hannashandiworks.com/media/catalog/product/cache/bbf624d4e302b71a44cbbfb433873131/8/0/80134-cob.jpg,80134-cob.jpg,,,Hannas800,80134-cob.jpg
WEST VIRGINIA CHUNKY SNOWMAN ORNAMENT 2 ASST,801018,,Wood; Orn: 3¼”W x 8¾”H x 2¼”D; Box: 10½”W x 3”H x 7¾”D,In stock,,,,Wood; Orn: 3¼”W x 8¾”H x 2¼”D; Box: 10½”W x 3”H x 7¾”D,,12,$4.00 ,24,$3.75 ,48,$3.50 ,12,Hannas400,Hannas160,https://www.hannashandiworks.com/media/catalog/product/cache/bbf624d4e302b71a44cbbfb433873131/8/0/801018-cob.jpg,801018-cob.jpg,,,Hannas800,801018-cob.jpg
WEST VIRGINIA COLLEGIATE STONE,80158,,"Resin; 6¾""W x 4¾""H x 2¼""D",In stock,,,,"Resin; 6¾""W x 4¾""H x 2¼""D",,6,$6.25 ,12,$5.75 ,24,$5.25 ,6,Hannas400,Hannas160,https://www.hannashandiworks.com/media/catalog/product/cache/bbf624d4e302b71a44cbbfb433873131/8/0/80158-cob.jpg,80158-cob.jpg,,,Hannas800,80158-cob.jpg
WEST VIRGINIA FAN SIGN,801008,,"Wood; 12""W x 9.75""H x .75""D",In stock,,,,"Wood; 12""W x 9.75""H x .75""D",,6,$6.90 ,12,$6.50 ,24,$6.10 ,6,Hannas400,Hannas160,https://www.hannashandiworks.com/media/catalog/product/cache/bbf624d4e302b71a44cbbfb433873131/8/0/801008.jpg,801008.jpg,,,Hannas800,801008.jpg
WEST VIRGINIA FOOTBALL PILLOW DECOR,801024,,Fabric; 18½”W x 8¾”D. *Product is pre-release and will be brought into stock based on customer interest,In stock,,,,Fabric; 18½”W x 8¾”D. *Product is pre-release and will be brought into stock based on customer interest,,6,$19.90 ,,,,,6,Hannas400,Hannas160,https://www.hannashandiworks.com/media/catalog/product/cache/bbf624d4e302b71a44cbbfb433873131/8/0/801024.jpg,801024.jpg,,,Hannas800,801024.jpg
WEST VIRGINIA FROSTY MASCOT,80172,,"3 Feet Tall! Stretch Legs! Fabric; 22-36""H x 14""W x 8""D.",In stock,,,,"3 Feet Tall! Stretch Legs! Fabric; 22-36""H x 14""W x 8""D.",,2,$29.90 ,4,$27.90 ,,,2,Hannas400,Hannas160,https://www.hannashandiworks.com/media/catalog/product/cache/bbf624d4e302b71a44cbbfb433873131/8/0/80172-cob.jpg,80172-cob.jpg,,,Hannas800,80172-cob.jpg
WEST VIRGINIA GNOME FAN STRETCH LEG,80157,,"Fabric; 18.5-35""H x 10.5""W x 5.5""D.",In stock,,,,"Fabric; 18.5-35""H x 10.5""W x 5.5""D.",,6,$15.50 ,12,$14.50 ,,,6,Hannas400,Hannas160,https://www.hannashandiworks.com/media/catalog/product/cache/bbf624d4e302b71a44cbbfb433873131/8/0/80157-cob.jpg,80157-cob.jpg,,,Hannas800,80157-cob.jpg
WEST VIRGINIA GNOME ORNAMENT 2 ASST.,80188,,"Fabric; 4""W x 8""H x 2.5""D",In stock,,,,"Fabric; 4""W x 8""H x 2.5""D",,12,$3.50 ,48,$3.25 ,96,$3.00 ,12,Hannas400,Hannas160,https://www.hannashandiworks.com/media/catalog/product/cache/bbf624d4e302b71a44cbbfb433873131/8/0/80188_1.jpg,80188_1.jpg,,,Hannas800,80188_1.jpg
WEST VIRGINIA GO BLOCK SET,801012,,"Wood; 1¾""W x 2½""H x 1¼""D",In stock,,,,"Wood; 1¾""W x 2½""H x 1¼""D",,6,$9.00 ,12,$8.50 ,18,$8.00 ,6,Hannas400,Hannas160,https://www.hannashandiworks.com/media/catalog/product/cache/bbf624d4e302b71a44cbbfb433873131/8/0/801012-cob.jpg,801012-cob.jpg,,,Hannas800,801012-cob.jpg
WEST VIRGINIA LOGO RIPPLE METAL SIGN,801003,,Metal; 12”W x 11¾”H x ½”D,In stock,,,,Metal; 12”W x 11¾”H x ½”D,,6,$6.90 ,12,$6.40 ,24,$5.90 ,6,Hannas400,Hannas160,https://www.hannashandiworks.com/media/catalog/product/cache/bbf624d4e302b71a44cbbfb433873131/8/0/801003.jpg,801003.jpg,,,Hannas800,801003.jpg
WEST VIRGINIA METAL FRAME 2 ASST.,80111,,"Metal/Glass/Wood (back); Portrait 6.25""W x 7.75""H x 1.25""D and Landscape 8.25""W x 6.50""H x 1.25""D (not extended)",In stock,$4.13 ,,,"Metal/Glass/Wood (back); Portrait 6.25""W x 7.75""H x 1.25""D and Landscape 8.25""W x 6.50""H x 1.25""D (not extended)",,4,$8.25 ,,,,,4,Hannas400,Hannas160,https://www.hannashandiworks.com/media/catalog/product/cache/bbf624d4e302b71a44cbbfb433873131/8/0/80111-cob.jpg,80111-cob.jpg,,,Hannas800,80111-cob.jpg
WEST VIRGINIA PERPETUAL CALENDAR,80125,,"Wood; 6½""W x 8""H x 3¼""D",In stock,$3.75 ,,,"Wood; 6½""W x 8""H x 3¼""D",,4,$7.50 ,,,,,4,Hannas400,Hannas160,https://www.hannashandiworks.com/media/catalog/product/cache/bbf624d4e302b71a44cbbfb433873131/8/0/80125-cob.jpg,80125-cob.jpg,,,Hannas800,80125-cob.jpg
WEST VIRGINIA RETRO SIGN,801021,,Metal; 9”W x 6¾”H x ”D,In stock,,,,Metal; 9”W x 6¾”H x ”D,,12,$4.25 ,24,$4.00 ,,,12,Hannas400,Hannas160,https://www.hannashandiworks.com/media/catalog/product/cache/bbf624d4e302b71a44cbbfb433873131/8/0/801021.jpg,801021.jpg,,,Hannas800,801021.jpg
WEST VIRGINIA RETRO TRUCK,801019,,Metal; 3¾”W x 4¼”H x 7¾”D,In stock,,,,Metal; 3¾”W x 4¼”H x 7¾”D,,4,$12.50 ,12,$12.00 ,,,4,Hannas400,Hannas160,https://www.hannashandiworks.com/media/catalog/product/cache/bbf624d4e302b71a44cbbfb433873131/8/0/801019-cob.jpg,801019-cob.jpg,,,Hannas800,801019-cob.jpg
WEST VIRGINIA SNOWMAN ORNAMENT 3 ASST,80154,,"Metal; 3""W x 4¼""H x ¾""D",In stock,,,,"Metal; 3""W x 4¼""H x ¾""D",,36,$3.25 ,,,,,36,Hannas400,Hannas160,https://www.hannashandiworks.com/media/catalog/product/cache/bbf624d4e302b71a44cbbfb433873131/8/0/80154.jpg,80154.jpg,,,Hannas800,80154.jpg
WEST VIRGINIA TAILGATE BANNER,80132,,"Fabric; 5.5""H x .25""D; overall width varies by school.",In stock,,,,"Fabric; 5.5""H x .25""D; overall width varies by school.",,12,$5.25 ,24,$4.75 ,,,12,Hannas400,Hannas160,https://www.hannashandiworks.com/media/catalog/product/cache/bbf624d4e302b71a44cbbfb433873131/8/0/80132.jpg,80132.jpg,,,Hannas800,80132.jpg
WEST VIRGINIA THERMOMETER,80165,,"Metal; 4""W x 11.5""H x .5""D",In stock,,,,"Metal; 4""W x 11.5""H x .5""D",,6,$5.50 ,12,$5.25 ,24,$5.00 ,6,Hannas400,Hannas160,https://www.hannashandiworks.com/media/catalog/product/cache/bbf624d4e302b71a44cbbfb433873131/8/0/80165_2.jpg,80165_2.jpg,,,Hannas800,80165_2.jpg
WEST VIRGINIA WIDE SIGN,801007,,"Wood; 27¾""W x 7""H x ¾""D",In stock,$9.75 ,,,"Wood; 27¾""W x 7""H x ¾""D",,4,$11.75 ,,,,,4,Hannas400,Hannas160,https://www.hannashandiworks.com/media/catalog/product/cache/bbf624d4e302b71a44cbbfb433873131/8/0/801007.jpg,801007.jpg,,,Hannas800,801007.jpg
WEST VIRGINIA WOODEN GNOME,80161,,"Wood; 15.25""W x 25.5""H x 4.5""D",In stock,$10.00 ,,,"Wood; 15.25""W x 25.5""H x 4.5""D",,2,$29.50 ,,,,,2,Hannas400,Hannas160,https://www.hannashandiworks.com/media/catalog/product/cache/bbf624d4e302b71a44cbbfb433873131/8/0/80161-cob.jpg,80161-cob.jpg,,,Hannas800,80161-cob.jpg
WEST VIRGINIA YARD SIGN,80130,,"Metal; 12""W x 39""H x 1/2""D.",In stock,$5.45 ,,,"Metal; 12""W x 39""H x 1/2""D.",,6,$12.90 ,,,,,6,Hannas400,Hannas160,https://www.hannashandiworks.com/media/catalog/product/cache/bbf624d4e302b71a44cbbfb433873131/8/0/80130_2018_3.jpg,80130_2018_3.jpg,,,Hannas800,80130_2018_3.jpg
