Beach Bum,MASBBM,,"Indulge your senses with the irresistible Beach Bum collection. Hand-poured soy candles in charming mason jars, eco-friendly wax melts, linen and room sprays, and more offer long-lasting fragrance and relaxation.",,,,,,,2,99,,,,,2,JanMichael400,JanMichael160,https://cdn11.bigcommerce.com/s-wb4uepr7/images/stencil/500x659/attribute_rule_images/42568_source_1687369704.jpg,42568_source_1687369704.jpg,,,JanMichael800,42568_source_1687369704.jpg
Blueberry Crumb Cake,MASBCC,,"Indulge in the irresistible aroma of our Blueberry Crumb Cake scented products. Hand-poured in small batches, these vegan soy candles and melts offer a long-lasting, clean burn with captivating notes of butter, blueberry, and vanilla.",,,,,,,2,99,,,,,2,JanMichael400,JanMichael160,https://cdn11.bigcommerce.com/s-wb4uepr7/images/stencil/500x659/attribute_rule_images/42577_source_1687371274.jpg,42577_source_1687371274.jpg,,,JanMichael800,42577_source_1687371274.jpg
Brulee Latte,MASBLT,,"Indulge in the luxurious aroma of Brulee Latte, a delightful blend of caramelized sugar, custard, vanilla, and maple. Hand-poured in small batches in Lancaster, PA, our soy Mason jar candles offer up to 84 hours of long-lasting fragrance.",,,,,,,2,99,,,,,2,JanMichael400,JanMichael160,https://cdn11.bigcommerce.com/s-wb4uepr7/images/stencil/500x659/attribute_rule_images/42572_source_1687375029.jpg,42572_source_1687375029.jpg,,,JanMichael800,42572_source_1687375029.jpg
Citron & Mandarin,MASCAM,,"Indulge in the luxurious blend of Citron & Mandarin, a tantalizing fusion of bright citrus fruits and exotic musky undertones. Hand-poured in small batches, our soy wax candles offer up to 84 hours of immersive scent throw, creating a warm and inviting ambiance in any space.",,,,,,,2,99,,,,,2,JanMichael400,JanMichael160,https://cdn11.bigcommerce.com/s-wb4uepr7/images/stencil/500x659/attribute_rule_images/42559_source_1687364760.jpg,42559_source_1687364760.jpg,,,JanMichael800,42559_source_1687364760.jpg
Caramel Butter Cream,SWMCBC,,"Indulge your senses with the irresistible aroma of Caramel Butter Cream. Hand-poured in small batches, our soy wax candles offer up to 84 hours of long-lasting scent throw.",,,,,,,2,99,,,,,2,JanMichael400,JanMichael160,https://cdn11.bigcommerce.com/s-wb4uepr7/images/stencil/500x659/attribute_rule_images/42707_source_1688652175.jpg,42707_source_1688652175.jpg,,,JanMichael800,42707_source_1688652175.jpg
Cinnamon Sticks,MASCIN,,"Indulge in the warm and inviting scent of our Cinnamon Sticks collection, hand-poured in small batches. Our soy wax candles offer up to 84 hours of rich, long-lasting fragrance in a stylish Mason jar.",,,,,,,2,99,,,,,2,JanMichael400,JanMichael160,https://cdn11.bigcommerce.com/s-wb4uepr7/images/stencil/500x659/attribute_rule_images/42595_source_1688581662.jpg,42595_source_1688581662.jpg,,,JanMichael800,42595_source_1688581662.jpg
Cherry Cobbler,MASCOB,,"Indulge in the irresistible aroma of Cherry Cobbler with our hand-poured soy Mason jar candles. Each candle burns for up to 84 hours, delivering a long-lasting and captivating scent experience.",,,,,,,2,99,,,,,2,JanMichael400,JanMichael160,https://cdn11.bigcommerce.com/s-wb4uepr7/images/stencil/500x659/attribute_rule_images/42598_source_1687359142.jpg,42598_source_1687359142.jpg,,,JanMichael800,42598_source_1687359142.jpg
Cinnamon Pumpkin Cheesecake,MASCPC,,"Indulge in the warm and cozy scents of our Cinnamon Pumpkin Cheesecake collection. Hand-poured candles, soy wax melts, room spray, car diffusers, and reed diffusers offer a long-lasting aromatic experience.",,,,,,,2,99,,,,,2,JanMichael400,JanMichael160,https://cdn11.bigcommerce.com/s-wb4uepr7/images/stencil/500x659/attribute_rule_images/42666_source_1687360443.jpg,42666_source_1687360443.jpg,,,JanMichael800,42666_source_1687360443.jpg
Christmas Tree,MASCTR,,"Indulge your senses with our enchanting Christmas Tree Soy Mason Jar Candle, hand-poured in small batches for a long-lasting burn time of up to 84 hours. With top notes of apple, middle notes of pine, and base notes of cedar, fir, and cypress, this candle will fill your space with the festive scents of the holiday season.",,,,,,,2,99,,,,,2,JanMichael400,JanMichael160,https://cdn11.bigcommerce.com/s-wb4uepr7/images/stencil/500x659/attribute_rule_images/42675_source_1687359923.jpg,42675_source_1687359923.jpg,,,JanMichael800,42675_source_1687359923.jpg
Dutch Apple Pie CLEARANCE SALE,MASDAP,,"Indulge in the delightful aromas of our Dutch Apple Pie collection, featuring top notes of Granny Smith apples, creamy butter, and warm cinnamon. Hand-poured in small batches in Lancashire, PA, our soy wax candles offer up to 84 hours of captivating scent throw.",,,,,,,2,99,,,,,2,JanMichael400,JanMichael160,https://cdn11.bigcommerce.com/s-wb4uepr7/images/stencil/500x659/attribute_rule_images/42593_source_1687366654.jpg,42593_source_1687366654.jpg,,,JanMichael800,42593_source_1687366654.jpg
Drunkin Pumpkin,MASDRP,,"Indulge in the cozy aroma of Drunkin Pumpkin, a unique blend of pumpkin, bourbon, and toasted sugar in our hand-poured soy candles. Made in small batches for a long-lasting, captivating scent experience.",,,,,,,2,99,,,,,2,JanMichael400,JanMichael160,https://cdn11.bigcommerce.com/s-wb4uepr7/images/stencil/500x659/attribute_rule_images/43037_source_1687364527.jpg,43037_source_1687364527.jpg,,,JanMichael800,43037_source_1687364527.jpg
Eucalyptus & Citronella,MASECI,,"Indulge in the refreshing blend of Eucalyptus & Citronella with our handmade Mason Jar Candles, Soy Wax Melts, Linen and Room Spray, Car Diffusers, and Reed Diffusers. Experience long-lasting, eco-friendly scents that elevate any space.",,,,,,,2,99,,,,,2,JanMichael400,JanMichael160,https://cdn11.bigcommerce.com/s-wb4uepr7/images/stencil/500x659/attribute_rule_images/43021_source_1687365848.jpg,43021_source_1687365848.jpg,,,JanMichael800,43021_source_1687365848.jpg
Farmhouse Cider CLEARANCE SALE,MASFHC,,"Indulge in the warm, inviting scent of Farmhouse Cider with our hand-poured soy wax candles, melts, and room sprays. Made with premium fragrance oils and essential oils for a long-lasting, eco-friendly aroma.",,,,,,,2,99,,,,,2,JanMichael400,JanMichael160,https://cdn11.bigcommerce.com/s-wb4uepr7/images/stencil/500x659/attribute_rule_images/42588_source_1687357998.jpg,42588_source_1687357998.jpg,,,JanMichael800,42588_source_1687357998.jpg
Farmhouse Kitchen,MASFHK,,"Indulge in the warm, inviting scents of Farmhouse Kitchen soy candles, wax melts, and diffusers. Hand-poured in small batches, each product offers a long-lasting, delightful aroma that fills your space with comfort and charm.",,,,,,,2,99,,,,,2,JanMichael400,JanMichael160,https://cdn11.bigcommerce.com/s-wb4uepr7/images/stencil/500x659/attribute_rule_images/42583_source_1687365254.jpg,42583_source_1687365254.jpg,,,JanMichael800,42583_source_1687365254.jpg
Lavender & Citronella,MASLCI,,"Indulge in the exquisite blend of zesty lime, calming lavender, and crisp citronella with our Lavender & Citronella soy wax candles. Hand-poured in Lancaster, PA, these Mason jar candles offer up to 84 hours of pure relaxation.",,,,,,,2,99,,,,,2,JanMichael400,JanMichael160,https://cdn11.bigcommerce.com/s-wb4uepr7/images/stencil/500x659/attribute_rule_images/43678_source_1687357238.jpg,43678_source_1687357238.jpg,,,JanMichael800,43678_source_1687357238.jpg
Lily & Lilac,MASLAL,,"Indulge in the captivating blend of Lilac Bush and Lily of the Valley with our hand-poured Soy Mason Jar Candles. Experience a long-lasting, clean burn for up to 84 hours of pure scent enjoyment.",,,,,,,2,99,,,,,2,JanMichael400,JanMichael160,https://cdn11.bigcommerce.com/s-wb4uepr7/images/stencil/500x659/attribute_rule_images/42660_source_1687357378.jpg,42660_source_1687357378.jpg,,,JanMichael800,42660_source_1687357378.jpg
Lemon Crinkle Cookie,MASLCC,,"Indulge in the refreshing aroma of Lemon Crinkle Cookie with our artisan-made soy mason jar candles, reed diffusers, and room sprays. Hand-poured in small batches, our products offer a long-lasting scent experience.",,,,,,,2,99,,,,,2,JanMichael400,JanMichael160,https://cdn11.bigcommerce.com/s-wb4uepr7/images/stencil/500x659/attribute_rule_images/42656_source_1687283024.jpg,42656_source_1687283024.jpg,,,JanMichael800,42656_source_1687283024.jpg
Pumpkin Pretzel,MASPUM,,"Indulge in the warm, comforting scent of our Pumpkin Pretzel handmade soy candles, melts, and room sprays. Crafted in small batches, these long-lasting products will fill your space with the aroma of buttery pretzels, pumpkin, caramel, and more.",,,,,,,2,99,,,,,2,JanMichael400,JanMichael160,https://cdn11.bigcommerce.com/s-wb4uepr7/images/stencil/500x659/attribute_rule_images/42674_source_1687286844.jpg,42674_source_1687286844.jpg,,,JanMichael800,42674_source_1687286844.jpg
Strudel & Spice,SWMSAS,,"Indulge in the warm, cozy embrace of our Strudel & Spice collection. Hand-poured in Lancaster, PA, our soy Mason jar candles offer up to 84 hours of captivating, long-lasting scent. With top notes of orange zest and nutmeg, middle notes of clove and maple syrup, and base notes of vanilla sugar and walnut, this fragrance will transform any space into a delightful sensory experience.",,,,,,,2,99,,,,,2,JanMichael400,JanMichael160,https://cdn11.bigcommerce.com/s-wb4uepr7/images/stencil/500x659/attribute_rule_images/42765_source_1688584778.jpg,42765_source_1688584778.jpg,,,JanMichael800,42765_source_1688584778.jpg
Spiced Coffee Cake,MASSCC,,"Indulge in the warm, cozy embrace of our Spiced Coffee Cake scented candles, soy wax melts, linen and room spray, car diffusers, reed diffusers, pure makers oils, and standard oils. Hand-poured in small batches with premium fragrances, these products offer a long-lasting and delightful sensory experience.",,,,,,,2,99,,,,,2,JanMichael400,JanMichael160,https://cdn11.bigcommerce.com/s-wb4uepr7/images/stencil/500x659/attribute_rule_images/42653_source_1687536157.jpg,42653_source_1687536157.jpg,,,JanMichael800,42653_source_1687536157.jpg
Sunrise Citrus,MASSCT,,"Indulge in the refreshing burst of Sunrise Citrus with our hand-poured soy wax candles, melts, linen sprays, car diffusers, and reed diffusers. Each product guarantees long-lasting fragrance and a touch of luxury for your home.",,,,,,,2,99,,,,,2,JanMichael400,JanMichael160,https://cdn11.bigcommerce.com/s-wb4uepr7/images/stencil/500x659/attribute_rule_images/42649_source_1687536059.jpg,42649_source_1687536059.jpg,,,JanMichael800,42649_source_1687536059.jpg
Snickerdoodle,MASSNK,,"Indulge in the warm, cozy embrace of Snickerdoodle, a delightful blend of creamy vanilla, nutmeg, and cinnamon in every hand-poured soy mason jar candle. Crafted in Lancaster, PA, each candle offers up to 84 hours of inviting fragrance.",,,,,,,2,99,,,,,2,JanMichael400,JanMichael160,https://cdn11.bigcommerce.com/s-wb4uepr7/images/stencil/500x659/attribute_rule_images/42672_source_1687543588.jpg,42672_source_1687543588.jpg,,,JanMichael800,42672_source_1687543588.jpg
Smoked Sugar & Spice,MASSSS,,"Elevate your space with the enticing aromas of Smoked Sugar & Spice. Hand-poured in small batches, our soy wax products offer a captivating experience for up to 84 hours.",,,,,,,2,99,,,,,2,JanMichael400,JanMichael160,https://cdn11.bigcommerce.com/s-wb4uepr7/images/stencil/500x659/attribute_rule_images/42640_source_1687288139.jpg,42640_source_1687288139.jpg,,,JanMichael800,42640_source_1687288139.jpg
Sugar Coated Clementine,MASSGC,,"Indulge in the irresistible aroma of our Sugar Coated Clementine collection, featuring a delightful blend of orange, vanilla, and coconut. Hand-poured with vegan soy wax, each candle offers up to 84 hours of enchanting fragrance.",,,,,,,2,99,,,,,2,JanMichael400,JanMichael160,https://cdn11.bigcommerce.com/s-wb4uepr7/images/stencil/500x659/attribute_rule_images/43541_source_1687537096.jpg,43541_source_1687537096.jpg,,,JanMichael800,43541_source_1687537096.jpg
Sunshine Grove CLEARANCE,MASSUN,,"Immerse yourself in the tropical paradise of Sunshine Grove, where every product is crafted with care and passion. Experience the vibrant notes of citrus zest, tropical fruits, and subtle musks that create a luscious sensory experience.",,,,,,,2,99,,,,,2,JanMichael400,JanMichael160,https://cdn11.bigcommerce.com/s-wb4uepr7/images/stencil/500x659/attribute_rule_images/42633_source_1687544250.jpg,42633_source_1687544250.jpg,,,JanMichael800,42633_source_1687544250.jpg
Toasted Pumpkin Spice CLEARANCE,MASTPS,,"Indulge in the warm, inviting aroma of Toasted Pumpkin Spice with our hand-poured soy Mason jar candles, wax melts, linen and room sprays, and more. Made in Lancaster, PA with vegan dye-free soy wax for a long-lasting experience.",,,,,,,2,99,,,,,2,JanMichael400,JanMichael160,https://cdn11.bigcommerce.com/s-wb4uepr7/images/stencil/500x659/attribute_rule_images/42673_source_1687530168.jpg,42673_source_1687530168.jpg,,,JanMichael800,42673_source_1687530168.jpg
Vanilla Bean Buttercream,MASVBB,,"Indulge in the irresistible scent of Vanilla Bean Buttercream with our hand-poured soy candles, wax melts, linen sprays, and more. Experience long-lasting, luxurious aromas that elevate any space.",,,,,,,2,99,,,,,2,JanMichael400,JanMichael160,https://cdn11.bigcommerce.com/s-wb4uepr7/images/stencil/500x659/attribute_rule_images/42628_source_1687542697.jpg,42628_source_1687542697.jpg,,,JanMichael800,42628_source_1687542697.jpg
Vermont Maple Shortbread,MASVMS,,"Indulge in the irresistible aroma of Vermont Maple Shortbread with our hand-poured soy candles, wax melts, room spray, diffusers, and oils. Each product offers a long-lasting, captivating scent experience to elevate any space.",,,,,,,2,99,,,,,2,JanMichael400,JanMichael160,https://cdn11.bigcommerce.com/s-wb4uepr7/images/stencil/500x659/attribute_rule_images/42612_source_1687530501.jpg,42612_source_1687530501.jpg,,,JanMichael800,42612_source_1687530501.jpg
Winter Forest,MASWIN,,"Transform your space into a winter wonderland with our Winter Forest collection. Hand-poured soy candles, reed diffusers, and room sprays infuse your home with the scents of pine, fir, and jasmine.",,,,,,,2,99,,,,,2,JanMichael400,JanMichael160,https://cdn11.bigcommerce.com/s-wb4uepr7/images/stencil/500x659/attribute_rule_images/42610_source_1688583988.jpg,42610_source_1688583988.jpg,,,JanMichael800,42610_source_1688583988.jpg
Warm Maple Bourbon,MASWMB,,"Immerse your senses in the rich, warm aroma of Warm Maple Bourbon. Hand-poured in small batches, our soy wax candles offer up to 84 hours of captivating scent.",,,,,,,2,99,,,,,2,JanMichael400,JanMichael160,https://cdn11.bigcommerce.com/s-wb4uepr7/images/stencil/500x659/attribute_rule_images/42606_source_1688583796.jpg,42606_source_1688583796.jpg,,,JanMichael800,42606_source_1688583796.jpg
Roasted Caramel Coffee,MASRCC,,"Introducing our Roasted Caramel Coffee scented products, hand-poured with care in Lancaster, PA. Enjoy the captivating scent of coffee, caramel, and vanilla in soy wax candles, melts, room sprays, and more!",,,,,,,2,99,,,,,2,JanMichael400,JanMichael160,https://cdn11.bigcommerce.com/s-wb4uepr7/images/stencil/500x659/attribute_rule_images/43244_source_1687528360.jpg,43244_source_1687528360.jpg,,,JanMichael800,43244_source_1687528360.jpg
Apple Bourbon Barrel CLEARANCE SALE,MASABB,,"Indulge in the warm, inviting aroma of Apple Bourbon Barrel with our hand-poured soy candles and reed diffusers. Enjoy long-lasting scents in every room with our eco-friendly products.",,,,,,,2,99,,,,,2,JanMichael400,JanMichael160,https://cdn11.bigcommerce.com/s-wb4uepr7/images/stencil/500x659/attribute_rule_images/43235_source_1687373966.jpg,43235_source_1687373966.jpg,,,JanMichael800,43235_source_1687373966.jpg
Champagne + Roses,MASCPR,,"Indulge in the luxurious aroma of Champagne + Roses with our range of hand-poured soy candles, wax melts, reed diffusers, linen sprays, and more. Each product is crafted with care in Lancaster, PA to provide a long-lasting scent experience.",,,,,,,2,99,,,,,2,JanMichael400,JanMichael160,https://cdn11.bigcommerce.com/s-wb4uepr7/images/stencil/500x659/attribute_rule_images/43208_source_1687376956.jpg,43208_source_1687376956.jpg,,,JanMichael800,43208_source_1687376956.jpg
Nutty Praline,MASNPN,,"Indulge in the decadent aromas of our Nutty Praline collection, featuring captivating scents of caramelized sugar, buttery pecans, and creamy vanilla. Hand-poured in small batches in Lancaster, PA, our soy candles offer up to 84 hours of long-lasting fragrance.",,,,,,,2,99,,,,,2,JanMichael400,JanMichael160,https://cdn11.bigcommerce.com/s-wb4uepr7/images/stencil/500x659/attribute_rule_images/43301_source_1687357713.jpg,43301_source_1687357713.jpg,,,JanMichael800,43301_source_1687357713.jpg
Lavender,MASLAV,,"Indulge in the captivating aroma of our Lavender soy mason jar candles, hand-poured in small batches for a long-lasting experience of up to 84 hours. Each candle releases a delightful scent profile of citrus, bergamot, lavender, camphor, eucalyptus, powder, and cedar.",,,,,,,2,99,,,,,2,JanMichael400,JanMichael160,https://cdn11.bigcommerce.com/s-wb4uepr7/images/stencil/500x659/attribute_rule_images/43283_source_1687356737.jpg,43283_source_1687356737.jpg,,,JanMichael800,43283_source_1687356737.jpg
Strawberry Sunday Waffles,MASSSW,,"Indulge in the delightful aroma of Strawberry Sunday Waffles with our hand-poured soy candles, wax melts, linen sprays, car diffusers, reed diffusers, and essential oils. Made in small batches in Lancaster, PA.",,,,,,,2,99,,,,,2,JanMichael400,JanMichael160,https://cdn11.bigcommerce.com/s-wb4uepr7/images/stencil/500x659/attribute_rule_images/43144_source_1687530805.jpg,43144_source_1687530805.jpg,,,JanMichael800,43144_source_1687530805.jpg
Old Farmhouse Christmas CLEARANCE SALE,MASOFC,,"Experience the cozy nostalgia of Old Farmhouse Christmas with our hand-poured soy candles. Infused with apple, cinnamon, and vanilla, these long-lasting Mason jar candles create a warm ambiance in any space.",,,,,,,2,99,,,,,2,JanMichael400,JanMichael160,https://cdn11.bigcommerce.com/s-wb4uepr7/images/stencil/500x659/attribute_rule_images/43168_source_1687287871.jpg,43168_source_1687287871.jpg,,,JanMichael800,43168_source_1687287871.jpg
Berries at the Market,MASBAM,,"Elevate your space with the irresistible aroma of Berries at the Market. Hand-poured in Lancaster, PA, our vegan soy wax candles offer up to 84 hours of captivating scent throw, creating a long-lasting and enjoyable experience.",,,,,,,2,99,,,,,2,JanMichael400,JanMichael160,https://cdn11.bigcommerce.com/s-wb4uepr7/images/stencil/500x659/attribute_rule_images/43187_source_1687528863.jpg,43187_source_1687528863.jpg,,,JanMichael800,43187_source_1687528863.jpg
Bourbon Pumpkin,MASBPN,,"Indulge in the warm and inviting aroma of Bourbon Pumpkin, a unique blend of pumpkin spices, maple syrup, and bourbon vanilla. Hand-poured in small batches, our soy mason jar candles offer up to 84 hours of long-lasting scent throw.",,,,,,,2,99,,,,,2,JanMichael400,JanMichael160,https://cdn11.bigcommerce.com/s-wb4uepr7/images/stencil/500x659/attribute_rule_images/42620_source_1687371543.jpg,42620_source_1687371543.jpg,,,JanMichael800,42620_source_1687371543.jpg
Minty Marshmallow,MASMTM,,"Indulge in the delightful aroma of Minty Marshmallow, a perfect blend of marshmallow fluff, peppermint, and vanilla. Hand-poured in Lancaster, PA, our soy mason jar candles offer a clean burn with up to 84 hours of captivating scent throw.",,,,,,,2,99,,,,,2,JanMichael400,JanMichael160,https://cdn11.bigcommerce.com/s-wb4uepr7/images/stencil/500x659/attribute_rule_images/43334_source_1688584194.jpg,43334_source_1688584194.jpg,,,JanMichael800,43334_source_1688584194.jpg
Winter Cranberry,MASWCR,,"Indulge in the delightful Winter Cranberry fragrance with our hand-poured soy mason jar candles, wax melts, linen sprays, and more. Each product promises a long-lasting, captivating scent experience for your home.",,,,,,,2,99,,,,,2,JanMichael400,JanMichael160,https://cdn11.bigcommerce.com/s-wb4uepr7/images/stencil/500x659/attribute_rule_images/43410_source_1688584409.jpg,43410_source_1688584409.jpg,,,JanMichael800,43410_source_1688584409.jpg
Cake Please,MASCAK,,"Indulge in the deliciously sweet and creamy scents of our Cake Please products. Hand-poured in small batches, our soy mason jar candles, wax melts, and room spray offer long-lasting enjoyment with captivating vanilla, sugar, and buttercream notes.",,,,,,,2,99,,,,,2,JanMichael400,JanMichael160,https://cdn11.bigcommerce.com/s-wb4uepr7/images/stencil/500x659/attribute_rule_images/43380_source_1687529144.jpg,43380_source_1687529144.jpg,,,JanMichael800,43380_source_1687529144.jpg
Hello Handsome,MASHEH,,"Indulge in the captivating scent of our Hello Handsome products, hand-poured in Lancaster, PA. From soy mason jar candles to reed diffusers, our long-lasting aromas will elevate your space.",,,,,,,2,99,,,,,2,JanMichael400,JanMichael160,https://cdn11.bigcommerce.com/s-wb4uepr7/images/stencil/500x659/attribute_rule_images/43370_source_1687361555.jpg,43370_source_1687361555.jpg,,,JanMichael800,43370_source_1687361555.jpg
Nordic Pine,MASNOP,,"Immerse yourself in the enchanting essence of Nordic Pine. Hand-poured soy mason jar candles, eco-friendly melts, room sprays, diffusers, and oils are crafted for a long-lasting aromatic experience.",,,,,,,2,99,,,,,2,JanMichael400,JanMichael160,https://cdn11.bigcommerce.com/s-wb4uepr7/images/stencil/500x659/attribute_rule_images/43398_source_1687285346.jpg,43398_source_1687285346.jpg,,,JanMichael800,43398_source_1687285346.jpg
Sleigh Ride,MASSLR,,"Indulge in the cozy aromas of our hand-poured Sleigh Ride collection. From mulled apple cider to balsam fir, each product offers a long-lasting, captivating scent experience.",,,,,,,2,99,,,,,2,JanMichael400,JanMichael160,https://cdn11.bigcommerce.com/s-wb4uepr7/images/stencil/500x659/attribute_rule_images/43732_source_1687528250.jpg,43732_source_1687528250.jpg,,,JanMichael800,43732_source_1687528250.jpg
Lemon Meringue,MASLME,,"Experience the intoxicating blend of zesty Lemon Zest and rich Vanilla Cake in our Lemon Meringue collection. Hand-poured soy candles, melts, room sprays, and more offer a long-lasting, aromatic treat for your senses.",,,,,,,2,99,,,,,2,JanMichael400,JanMichael160,https://cdn11.bigcommerce.com/s-wb4uepr7/images/stencil/500x659/attribute_rule_images/43304_source_1687284228.jpg,43304_source_1687284228.jpg,,,JanMichael800,43304_source_1687284228.jpg
Fine Ass Man,MASFAM,,Scent Note Profile:,,,,,,,2,99,,,,,2,JanMichael400,JanMichael160,https://cdn11.bigcommerce.com/s-wb4uepr7/images/stencil/500x659/attribute_rule_images/45611_source_1713801674.jpg,45611_source_1713801674.jpg,,,JanMichael800,45611_source_1713801674.jpg
Blackberry Peach Cobbler,MASBPC,,Scent Note Profile:,,,,,,,2,99,,,,,2,JanMichael400,JanMichael160,https://cdn11.bigcommerce.com/s-wb4uepr7/images/stencil/500x659/attribute_rule_images/45622_source_1713797080.jpg,45622_source_1713797080.jpg,,,JanMichael800,45622_source_1713797080.jpg
Ginger & Nutmeg,MASGIN,,Scent Note Profile:,,,,,,,2,99,,,,,2,JanMichael400,JanMichael160,https://cdn11.bigcommerce.com/s-wb4uepr7/images/stencil/500x659/attribute_rule_images/45633_source_1713796229.jpg,45633_source_1713796229.jpg,,,JanMichael800,45633_source_1713796229.jpg
Butt Naked,MASBNA,,Scent Note Profile:,,,,,,,2,99,,,,,2,JanMichael400,JanMichael160,https://cdn11.bigcommerce.com/s-wb4uepr7/images/stencil/500x659/attribute_rule_images/45644_source_1713795823.jpg,45644_source_1713795823.jpg,,,JanMichael800,45644_source_1713795823.jpg
Coconut Macaroon,MASCOC,,Scent Note Profile:,,,,,,,2,99,,,,,2,JanMichael400,JanMichael160,https://cdn11.bigcommerce.com/s-wb4uepr7/images/stencil/500x659/attribute_rule_images/45655_source_1713802518.jpg,45655_source_1713802518.jpg,,,JanMichael800,45655_source_1713802518.jpg
Chocolatier Shoppe,MASCHO,,Scent Note Profile:,,,,,,,2,99,,,,,2,JanMichael400,JanMichael160,https://cdn11.bigcommerce.com/s-wb4uepr7/images/stencil/500x659/attribute_rule_images/45666_source_1713802638.jpg,45666_source_1713802638.jpg,,,JanMichael800,45666_source_1713802638.jpg
Cozy Cotton,MASCZC,,Scent Note Profile:,,,,,,,2,99,,,,,2,JanMichael400,JanMichael160,https://cdn11.bigcommerce.com/s-wb4uepr7/images/stencil/500x659/attribute_rule_images/45677_source_1713802933.jpg,45677_source_1713802933.jpg,,,JanMichael800,45677_source_1713802933.jpg
Festive Spice,MASFES,,Scent Note Profile:,,,,,,,2,99,,,,,2,JanMichael400,JanMichael160,https://cdn11.bigcommerce.com/s-wb4uepr7/images/stencil/500x659/attribute_rule_images/45687_source_1713796632.jpg,45687_source_1713796632.jpg,,,JanMichael800,45687_source_1713796632.jpg
French Macaroon,MASFRE,,Scent Note Profile:,,,,,,,2,99,,,,,2,JanMichael400,JanMichael160,https://cdn11.bigcommerce.com/s-wb4uepr7/images/stencil/500x659/attribute_rule_images/45697_source_1713801980.jpg,45697_source_1713801980.jpg,,,JanMichael800,45697_source_1713801980.jpg
Gooey Smores,MASGOO,,Scent Note Profile:,,,,,,,2,99,,,,,2,JanMichael400,JanMichael160,https://cdn11.bigcommerce.com/s-wb4uepr7/images/stencil/500x659/attribute_rule_images/45707_source_1713796926.jpg,45707_source_1713796926.jpg,,,JanMichael800,45707_source_1713796926.jpg
Laundry Day,MASLAU,,Scent Note Profile:,,,,,,,2,99,,,,,2,JanMichael400,JanMichael160,https://cdn11.bigcommerce.com/s-wb4uepr7/images/stencil/500x659/attribute_rule_images/45717_source_1713802757.jpg,45717_source_1713802757.jpg,,,JanMichael800,45717_source_1713802757.jpg
Mad Tea Party,MASMAD,,Scent Note Profile:,,,,,,,2,99,,,,,2,JanMichael400,JanMichael160,https://cdn11.bigcommerce.com/s-wb4uepr7/images/stencil/500x659/attribute_rule_images/45727_source_1713802222.jpg,45727_source_1713802222.jpg,,,JanMichael800,45727_source_1713802222.jpg
Mrs Claus Cocoa & Cookies,MASMRS,,Scent Note Profile:,,,,,,,2,99,,,,,2,JanMichael400,JanMichael160,https://cdn11.bigcommerce.com/s-wb4uepr7/images/stencil/500x659/attribute_rule_images/45737_source_1713797245.jpg,45737_source_1713797245.jpg,,,JanMichael800,45737_source_1713797245.jpg
Pineapple Upside Down Cake,MASPIN,,Scent Note Profile:,,,,,,,2,99,,,,,2,JanMichael400,JanMichael160,https://cdn11.bigcommerce.com/s-wb4uepr7/images/stencil/500x659/attribute_rule_images/45747_source_1713803630.jpg,45747_source_1713803630.jpg,,,JanMichael800,45747_source_1713803630.jpg
Pumpkin Ginger & Apple,MASPGA,,Scent Note Profile:,,,,,,,2,99,,,,,2,JanMichael400,JanMichael160,https://cdn11.bigcommerce.com/s-wb4uepr7/images/stencil/500x659/attribute_rule_images/45757_source_1713794680.jpg,45757_source_1713794680.jpg,,,JanMichael800,45757_source_1713794680.jpg
Berries & Cream *New Version*,MASBER,,"Indulge in the irresistible blend of Red Raspberry Puree, Vanilla Cake, and Cream with our Berries & Cream *New Version* scented candles, melts, diffusers, and oils.",,,,,,,2,99,,,,,2,JanMichael400,JanMichael160,https://cdn11.bigcommerce.com/s-wb4uepr7/images/stencil/500x659/attribute_rule_images/46311_source_1713800985.jpg,46311_source_1713800985.jpg,,,JanMichael800,46311_source_1713800985.jpg
Vanilla Berry Tart,SWMVBT,,"Indulge in the delightful aroma of our Vanilla Berry Tart soy candle, hand-poured in small batches in Lancaster, PA. With top notes of raspberry and lemon, middle notes of blackberry, and base notes of vanilla and crystal musk, this candle promises 84 hours of captivating scent.",,,,,,,2,99,,,,,2,JanMichael400,JanMichael160,https://cdn11.bigcommerce.com/s-wb4uepr7/images/stencil/500x659/products/24586/78342/DIFFUSER__70634.1717084361.png,DIFFUSER__70634.1717084361.png,,,JanMichael800,DIFFUSER__70634.1717084361.png
Vintage Christmas,SWMVCX,,"Indulge in the captivating scents of our Vintage Christmas collection. Hand-poured soy candles, melts, sprays, diffusers, and oils offer a long-lasting aroma experience.",,,,,,,2,99,,,,,2,JanMichael400,JanMichael160,https://cdn11.bigcommerce.com/s-wb4uepr7/images/stencil/500x659/products/24587/78364/DIFFUSER__44543.1717088136.png,DIFFUSER__44543.1717088136.png,,,JanMichael800,DIFFUSER__44543.1717088136.png
Our Little Secret,OLS,,"Indulge in the luxurious scent experience of Our Little Secret products. Hand-poured soy Mason Jar Candles, Soy Wax Melts, Linen and Room Sprays, Car Diffusers, Reed Diffusers, and Pure Maker Oils all offer captivating fragrances to elevate your space.",,,,,,,2,99,,,,,2,JanMichael400,JanMichael160,https://cdn11.bigcommerce.com/s-wb4uepr7/images/stencil/500x659/products/34537/84543/masols__94188.1745957163.jpg,masols__94188.1745957163.jpg,,,JanMichael800,masols__94188.1745957163.jpg
Beach House,BHO,,"Indulge in the luxurious essence of our Beach House collection, where each hand-poured soy candle transports you to a coastal paradise. With captivating scents of red apple, lavender, and tobacco leaf, let your senses drift away to a blissful escape.",,,,,,,2,99,,,,,2,JanMichael400,JanMichael160,https://cdn11.bigcommerce.com/s-wb4uepr7/images/stencil/500x659/products/34823/84546/masbho__88911.1745957315.jpg,masbho__88911.1745957315.jpg,,,JanMichael800,masbho__88911.1745957315.jpg
Island Life,ILL,,"Experience the enchanting aroma of Island Life with our hand-poured soy mason jar candles. Infused with mandarin orange, apricot nectar, and passionfruit, each candle offers up to 84 hours of indulgent fragrance.",,,,,,,2,99,,,,,2,JanMichael400,JanMichael160,https://cdn11.bigcommerce.com/s-wb4uepr7/images/stencil/500x659/products/34824/84545/masill__26388.1745957262.jpg,masill__26388.1745957262.jpg,,,JanMichael800,masill__26388.1745957262.jpg
HMK067 Duck in Red Boots Box Frame,HMK067,,"This Box Frame is called ""Duck in Red Boots"" and is available in a variety of sizes. In this picture an absolutely adorable little yellow duck stands in a pair of oversized red rain boots, its fluffy feathers bright and soft. The duck's curious eyes and tiny beak add to its charm, while the red boots seem comically large for its small body. The textured background, a subtle mix of earthy tones, adds depth and warmth, making the duck the clear focal point of this endearing scene. It is UV protected so you will never have to worry about fading! The Poplar wood frame is espresso stain and will add about one inch per side with an amazing 1.5 inch thickness. The Box Frame also gives you options, you can hang it from the wire hanger that is attached to the back, or you can sit it on a flat surface!",,,,,,,2,99,,,,,2,JanMichael400,JanMichael160,https://cdn11.bigcommerce.com/s-wb4uepr7/images/stencil/500x659/attribute_rule_images/47559_source_1746799978.jpg,47559_source_1746799978.jpg,,,JanMichael800,47559_source_1746799978.jpg
HMK067 Duck in Red Boots Box Frame,1818HMK067,,"This Box Frame is called ""Duck in Red Boots"" and is available in a variety of sizes. In this picture an absolutely adorable little yellow duck stands in a pair of oversized red rain boots, its fluffy feathers bright and soft. The duck's curious eyes and tiny beak add to its charm, while the red boots seem comically large for its small body. The textured background, a subtle mix of earthy tones, adds depth and warmth, making the duck the clear focal point of this endearing scene. It is UV protected so you will never have to worry about fading! The Poplar wood frame is espresso stain and will add about one inch per side with an amazing 1.5 inch thickness. The Box Frame also gives you options, you can hang it from the wire hanger that is attached to the back, or you can sit it on a flat surface!",,,,,,,2,99,,,,,2,JanMichael400,JanMichael160,https://cdn11.bigcommerce.com/s-wb4uepr7/images/stencil/500x659/attribute_rule_images/49685_source_1746799978.jpg,49685_source_1746799978.jpg,,,JanMichael800,49685_source_1746799978.jpg
HMK080 Pot of Luck Box Frame,HMK080,,"This Box Frame is called ""Pot of Luck"" and is available in a variety of sizes. This picture features a beautiful floral arrangement of delicate white flowers and vibrant four-leaf clovers, all nestled in an elegant gold pot. The pot has ornate handles on each side, adding a touch of luxury to the scene. The white flowers and clovers blend harmoniously, creating a fresh, serene look. The gold pot shines brightly, contrasting beautifully with the soft, natural colors of the arrangement. The overall composition exudes elegance and charm, making it a perfect centerpiece. It is UV protected so you will never have to worry about fading! The Poplar wood frame is espresso stain and will add about one inch per side with an amazing 1.5 inch thickness. The Box Frame also gives you options, you can hang it from the wire hanger that is attached to the back, or you can sit it on a flat surface!",,,,,,,2,99,,,,,2,JanMichael400,JanMichael160,https://cdn11.bigcommerce.com/s-wb4uepr7/images/stencil/500x659/attribute_rule_images/47599_source_1745334818.jpg,47599_source_1745334818.jpg,,,JanMichael800,47599_source_1745334818.jpg
HMK080 Pot of Luck Box Frame,1818HMK080,,"This Box Frame is called ""Pot of Luck"" and is available in a variety of sizes. This picture features a beautiful floral arrangement of delicate white flowers and vibrant four-leaf clovers, all nestled in an elegant gold pot. The pot has ornate handles on each side, adding a touch of luxury to the scene. The white flowers and clovers blend harmoniously, creating a fresh, serene look. The gold pot shines brightly, contrasting beautifully with the soft, natural colors of the arrangement. The overall composition exudes elegance and charm, making it a perfect centerpiece. It is UV protected so you will never have to worry about fading! The Poplar wood frame is espresso stain and will add about one inch per side with an amazing 1.5 inch thickness. The Box Frame also gives you options, you can hang it from the wire hanger that is attached to the back, or you can sit it on a flat surface!",,,,,,,2,99,,,,,2,JanMichael400,JanMichael160,https://cdn11.bigcommerce.com/s-wb4uepr7/images/stencil/500x659/attribute_rule_images/49640_source_1745334818.jpg,49640_source_1745334818.jpg,,,JanMichael800,49640_source_1745334818.jpg
HMK221 Painted Sunflower Box Frame,HMK221,,Add a touch of sunny charm to your space with our HMK221 Painted Sunflower Box Frame. The vibrant sunflower against a bold blue backdrop is a visually striking piece that exudes warmth and beauty.,,,,,,,2,99,,,,,2,JanMichael400,JanMichael160,https://cdn11.bigcommerce.com/s-wb4uepr7/images/stencil/500x659/attribute_rule_images/48315_source_1745336217.jpg,48315_source_1745336217.jpg,,,JanMichael800,48315_source_1745336217.jpg
HMK221 Painted Sunflower Box Frame,1818HMK221,,Add a touch of sunny charm to your space with our HMK221 Painted Sunflower Box Frame. The vibrant sunflower against a bold blue backdrop is a visually striking piece that exudes warmth and beauty.,,,,,,,2,99,,,,,2,JanMichael400,JanMichael160,https://cdn11.bigcommerce.com/s-wb4uepr7/images/stencil/500x659/attribute_rule_images/49628_source_1745336217.jpg,49628_source_1745336217.jpg,,,JanMichael800,49628_source_1745336217.jpg
HMK304 Boat in the Ocean Box Frame,1818HMK304,,"Immerse yourself in the serene beauty of the HMK304 Boat in the Ocean Box Frame. This stunning piece captures the tranquility of a lone rowboat floating in calm waters, creating a peaceful and captivating atmosphere.",,,,,,,2,99,,,,,2,JanMichael400,JanMichael160,https://cdn11.bigcommerce.com/s-wb4uepr7/images/stencil/500x659/attribute_rule_images/48554_source_1746806199.jpg,48554_source_1746806199.jpg,,,JanMichael800,48554_source_1746806199.jpg
DOG273 Angelic Blooms Box Frame,FBB1212DOG273,,"This Box Frame is called ""Angelic Blooms"" and is available in a variety of sizes. This beautiful picture features white flowers arranged in a clear glass vase filled with water, creating the impression of a painted artwork. It is UV protected so you will never have to worry about fading! The Poplar wood frame is espresso stain and will add about one inch per side with an amazing 1.5 inch thickness. The Box Frame also gives you options, you can hang it from the wire hanger that is attached to the back, or you can sit it on a flat surface!",,,,,,,2,99,,,,,2,JanMichael400,JanMichael160,https://cdn11.bigcommerce.com/s-wb4uepr7/images/stencil/500x659/products/28812/83445/DOG273_1212__65200.1741268258.jpg,DOG273_1212__65200.1741268258.jpg,,,JanMichael800,DOG273_1212__65200.1741268258.jpg
DOG273 Angelic Blooms Box Frame,FBB1818DOG273,,"This Box Frame is called ""Angelic Blooms"" and is available in a variety of sizes. This beautiful picture features white flowers arranged in a clear glass vase filled with water, creating the impression of a painted artwork. It is UV protected so you will never have to worry about fading! The Poplar wood frame is espresso stain and will add about one inch per side with an amazing 1.5 inch thickness. The Box Frame also gives you options, you can hang it from the wire hanger that is attached to the back, or you can sit it on a flat surface!",,,,,,,2,99,,,,,2,JanMichael400,JanMichael160,https://cdn11.bigcommerce.com/s-wb4uepr7/images/stencil/500x659/products/28812/83445/DOG273_1212__65200.1741268258.jpg,DOG273_1212__65200.1741268258.jpg,,,JanMichael800,DOG273_1212__65200.1741268258.jpg
SGD216 Mr. Claus Box Frame,FBB1824SGD216,,"Add some holiday cheer to your home with our 'Mr. Claus' Box Frame. Featuring a charming print of Santa Claus in his traditional outfit, this UV-protected frame is both festive and durable.",,,,,,,2,99,,,,,2,JanMichael400,JanMichael160,https://cdn11.bigcommerce.com/s-wb4uepr7/images/stencil/500x659/attribute_rule_images/49875_source_1739460854.jpg,49875_source_1739460854.jpg,,,JanMichael800,49875_source_1739460854.jpg
SGD216 Mr. Claus Box Frame,FBB1216SGD216,,"Add some holiday cheer to your home with our 'Mr. Claus' Box Frame. Featuring a charming print of Santa Claus in his traditional outfit, this UV-protected frame is both festive and durable.",,,,,,,2,99,,,,,2,JanMichael400,JanMichael160,https://cdn11.bigcommerce.com/s-wb4uepr7/images/stencil/500x659/attribute_rule_images/47080_source_1723749833.jpg,47080_source_1723749833.jpg,,,JanMichael800,47080_source_1723749833.jpg
JO152 Nutcracker Trio Box Frame,1824JO152,,"Bring festive charm to your space with the JO152 Nutcracker Trio Box Frame. This artwork features a trio of nutcrackers in vibrant holiday colors, adding a touch of whimsy to your decor.",,,,,,,2,99,,,,,2,JanMichael400,JanMichael160,https://cdn11.bigcommerce.com/s-wb4uepr7/images/stencil/500x659/attribute_rule_images/49870_source_1739460292.jpg,49870_source_1739460292.jpg,,,JanMichael800,49870_source_1739460292.jpg
JO152 Nutcracker Trio Box Frame,1216JO152P30,,"Bring festive charm to your space with the JO152 Nutcracker Trio Box Frame. This artwork features a trio of nutcrackers in vibrant holiday colors, adding a touch of whimsy to your decor.",,,,,,,2,99,,,,,2,JanMichael400,JanMichael160,https://cdn11.bigcommerce.com/s-wb4uepr7/images/stencil/500x659/attribute_rule_images/47137_source_1729194565.jpg,47137_source_1729194565.jpg,,,JanMichael800,47137_source_1729194565.jpg
HK312 Trip to the Greenhouse Box Frame,1212HK312P19,12x12 Box Frame Size,Transform your space with the enchanting 'Trip to the Greenhouse' Box Frame. A nostalgic scene of a rustic pickup truck overflowing with vibrant plants and flowers will bring a touch of the outdoors into your home.,12x12 Box Frame Size,,,,,,2,99,,,,,2,JanMichael400,JanMichael160,https://cdn11.bigcommerce.com/s-wb4uepr7/images/stencil/500x659/attribute_rule_images/50008_source_1752515755.jpg,50008_source_1752515755.jpg,,,JanMichael800,50008_source_1752515755.jpg
Dog277 Pretty Pink Posies Box Frame,1212DOG277,12x12 Box Frame Size,"This Box Frame is called ""Pretty Pink Posies"" and is available in a variety of sizes. This picture showcases pretty pink posies in a glass vase against a light grey background that has the appearance of a painted surface. It is UV protected so you will never have to worry about fading! The Poplar wood frame is espresso stain and will add about one inch per side with an amazing 1.5 inch thickness. The Box Frame also gives you options, you can hang it from the wire hanger that is attached to the back, or you can sit it on a flat surface!",12x12 Box Frame Size,,,,,,2,99,,,,,2,JanMichael400,JanMichael160,https://cdn11.bigcommerce.com/s-wb4uepr7/images/stencil/500x659/attribute_rule_images/50193_source_1742919630.jpg,50193_source_1742919630.jpg,,,JanMichael800,50193_source_1742919630.jpg
HMK231 Calf in a Tub Box Frame,1212HMK231P25,12x12 Box Frame Size,"Bring a touch of rustic charm to your space with the adorable HMK231 Calf in a Tub Box Frame. Featuring a peaceful calf in a vintage bathtub surrounded by quaint countryside, this UV-protected artwork is a cozy addition to any room.",12x12 Box Frame Size,,,,,,2,99,,,,,2,JanMichael400,JanMichael160,https://cdn11.bigcommerce.com/s-wb4uepr7/images/stencil/500x659/attribute_rule_images/49608_source_1746802431.jpg,49608_source_1746802431.jpg,,,JanMichael800,49608_source_1746802431.jpg
HMK059 Christ The Lord Box Frame,1212HMK059P28,12x12 Box Frame Size,"Add a touch of elegance and warmth to your space with the HMK059 Christ The Lord Box Frame. Featuring a beautifully off-centered Christmas tree adorned with shimmering gold ornaments and candles, this exquisite piece exudes a vintage charm.",12x12 Box Frame Size,,,,,,2,99,,,,,2,JanMichael400,JanMichael160,https://cdn11.bigcommerce.com/s-wb4uepr7/images/stencil/500x659/attribute_rule_images/49615_source_1746799835.jpg,49615_source_1746799835.jpg,,,JanMichael800,49615_source_1746799835.jpg
HMK686 Vintage Flying Pig Box Frame,1212HMK686P19,12x12 Box Frame Size,"Bring a touch of whimsy to your space with the Vintage Flying Pig Box Frame. Watch as a charming pig with wings soars through the sky amidst fluffy clouds and lush greenery, adding a playful and enchanting vibe to any room.",12x12 Box Frame Size,,,,,,2,99,,,,,2,JanMichael400,JanMichael160,https://cdn11.bigcommerce.com/s-wb4uepr7/images/stencil/500x659/attribute_rule_images/50052_source_1746806842.jpg,50052_source_1746806842.jpg,,,JanMichael800,50052_source_1746806842.jpg
HMK687 Vintage Lemon Tree Box Frame,1212HMK687P19,12x12 Box Frame Size,"Bring the beauty of a Vintage Lemon Tree into your home with our HMK687 Box Frame. This stunning piece captures the essence of growth and fresh ripeness, adding a touch of nature to any space.",12x12 Box Frame Size,,,,,,2,99,,,,,2,JanMichael400,JanMichael160,https://cdn11.bigcommerce.com/s-wb4uepr7/images/stencil/500x659/attribute_rule_images/50054_source_1746806915.jpg,50054_source_1746806915.jpg,,,JanMichael800,50054_source_1746806915.jpg
HMK689 Vintage Hot Air Balloons Box Frame,1212HMK689P19,12x12 Box Frame Size,Add a touch of vintage charm to your space with the HMK689 Vintage Hot Air Balloons Box Frame. This exquisite piece captures the beauty of hot air balloons gracefully drifting over tranquil waters at sunset.,12x12 Box Frame Size,,,,,,2,99,,,,,2,JanMichael400,JanMichael160,https://cdn11.bigcommerce.com/s-wb4uepr7/images/stencil/500x659/attribute_rule_images/50059_source_1746807002.jpg,50059_source_1746807002.jpg,,,JanMichael800,50059_source_1746807002.jpg
HMK1106 Distressed Jolly Santa Box Frame,1212HMK1106P4,12x12 Box Frame Size,"Bring classic Christmas charm to your home with Distressed Jolly Santa, a heartwarming print that captures Santa’s joyful spirit with a vintage twist. Featuring Santa's rosy cheeks, twinkling eyes, and a sprig of holly tucked in his iconic red cap, this artwork radiates warmth, cheer, and timeless holiday magic. The distressed edging gives it a nostalgic, weathered look—like a treasured heirloom passed down through generations.",12x12 Box Frame Size,,,,,,2,99,,,,,2,JanMichael400,JanMichael160,https://cdn11.bigcommerce.com/s-wb4uepr7/images/stencil/500x659/products/35942/84307/HMK1106_DISTRESSED_JOLLY_SANTA_BOX_ART__50659.1745340371.png,HMK1106_DISTRESSED_JOLLY_SANTA_BOX_ART__50659.1745340371.png,,,JanMichael800,HMK1106_DISTRESSED_JOLLY_SANTA_BOX_ART__50659.1745340371.png
HMK1107 Ghost Fruitcake Box Frame,1212HMK1107P4,12x12 Box Frame Size,"Add a touch of spooky sweetness to your holiday décor with Ghost Fruitcake, a delightfully unexpected mashup of Halloween charm and Christmas cheer! Featuring an adorable ghost in a Santa hat, blushing with joy as it presents a festive fruitcake topped with holly, this whimsical print is perfect for those who love to blend holidays with humor and heart.",12x12 Box Frame Size,,,,,,2,99,,,,,2,JanMichael400,JanMichael160,https://cdn11.bigcommerce.com/s-wb4uepr7/images/stencil/500x659/attribute_rule_images/50925_source_1746800423.jpg,50925_source_1746800423.jpg,,,JanMichael800,50925_source_1746800423.jpg
HMK1108 Pink Dress Bunny Box Frame,1212HMK1108P22,12x12 Box Frame Size,"Meet the most fashionable bunny of the season! Pink Dress Bunny features an elegantly dressed rabbit holding a woven basket of pastel Easter eggs, set against a soft pink backdrop with vintage-inspired textures. With her ruffled collar and buttoned frock, this charming character brings timeless sweetness and cottagecore flair to any space.",12x12 Box Frame Size,,,,,,2,99,,,,,2,JanMichael400,JanMichael160,https://cdn11.bigcommerce.com/s-wb4uepr7/images/stencil/500x659/attribute_rule_images/50927_source_1746800516.jpg,50927_source_1746800516.jpg,,,JanMichael800,50927_source_1746800516.jpg
HMK1109 Black Candles Box Frame,1212HMK1109P30,12x12 Box Frame Size,"Embrace the mystique of candlelight with Black Candles, a captivating print that combines gothic elegance with artistic drama. This moody still life features a group of thick, black candles melting down in soft layers of wax, their golden flames casting a haunting glow against a rich, textured background of deep shadow and ash-gray tones.",12x12 Box Frame Size,,,,,,2,99,,,,,2,JanMichael400,JanMichael160,https://cdn11.bigcommerce.com/s-wb4uepr7/images/stencil/500x659/attribute_rule_images/50929_source_1746800702.jpg,50929_source_1746800702.jpg,,,JanMichael800,50929_source_1746800702.jpg
HMK1110 Halloween Rabbit Box Frame,1212HMK1110P30,12x12 Box Frame Size,"Celebrate Halloween with a touch of unexpected charm! Halloween Rabbit features an adorable bunny nestled inside a glowing jack-o’-lantern, surrounded by autumn pumpkins and golden leaves. With its soft fur, curious gaze, and the vintage floral backdrop, this whimsical print blends fall warmth with playful delight—perfect for fans of cozy, cottagecore-inspired Halloween decor.",12x12 Box Frame Size,,,,,,2,99,,,,,2,JanMichael400,JanMichael160,https://cdn11.bigcommerce.com/s-wb4uepr7/images/stencil/500x659/attribute_rule_images/50931_source_1746800766.jpg,50931_source_1746800766.jpg,,,JanMichael800,50931_source_1746800766.jpg
HMK1111 Yellow Shirt Bunny Box Frame,1212HMK1111P11,12x12 Box Frame Size,"Meet your new favorite dapper darling: Yellow Shirt Bunny! Dressed to impress in a floral yellow button-down and a patterned bow tie, this stylish bunny sports oversized golden glasses and a serious stare that's equal parts adorable and sophisticated. Set against a textured blue backdrop, this charming portrait adds a splash of personality to any space.",12x12 Box Frame Size,,,,,,2,99,,,,,2,JanMichael400,JanMichael160,https://cdn11.bigcommerce.com/s-wb4uepr7/images/stencil/500x659/attribute_rule_images/50933_source_1746800872.jpg,50933_source_1746800872.jpg,,,JanMichael800,50933_source_1746800872.jpg
HMK1112 Duck Eggs Box Frame,1212HMK1112P22,12x12 Box Frame Size,"Bursting with charm and springtime whimsy, Duck Eggs features an adorable baby duck dressed in a floral waistcoat and oversized pink bow tie, surrounded by a colorful collection of patterned Easter eggs. With delicate roses framing the scene, this art piece captures the magic of vintage storybook illustrations and adds a touch of timeless sweetness to any space.",12x12 Box Frame Size,,,,,,2,99,,,,,2,JanMichael400,JanMichael160,https://cdn11.bigcommerce.com/s-wb4uepr7/images/stencil/500x659/attribute_rule_images/50935_source_1746800957.jpg,50935_source_1746800957.jpg,,,JanMichael800,50935_source_1746800957.jpg
HMK1113 Santa Pig Box Frame,1212HMK1113P3,12x12 Box Frame Size,"Make your holiday season a little merrier with Santa Pig, a heartwarming portrait of a jolly piglet all dressed up in Santa’s finest! With twinkling eyes, rosy cheeks, and a fluffy red suit complete with boots and mittens, this cheerful pig stands proudly among a pile of perfectly wrapped presents, ready to deliver joy and snorts of laughter.",12x12 Box Frame Size,,,,,,2,99,,,,,2,JanMichael400,JanMichael160,https://cdn11.bigcommerce.com/s-wb4uepr7/images/stencil/500x659/attribute_rule_images/50937_source_1746801025.jpg,50937_source_1746801025.jpg,,,JanMichael800,50937_source_1746801025.jpg
HMK1114 Fall Witch Box Frame,1212HMK1114P30,12x12 Box Frame Size,"Step into a golden woodland spell with Fall Witch, a dreamy portrait of quiet enchantment. A young woman in a long ivory dress walks away into a softly lit forest, her cascading hair and towering woven witch hat capturing the essence of autumnal magic. Warm amber, sepia, and golden hues surround her, evoking the whispers of falling leaves and fading light.",12x12 Box Frame Size,,,,,,2,99,,,,,2,JanMichael400,JanMichael160,https://cdn11.bigcommerce.com/s-wb4uepr7/images/stencil/500x659/products/35950/84967/gNEszYhx__53328.1746801093.jpg,gNEszYhx__53328.1746801093.jpg,,,JanMichael800,gNEszYhx__53328.1746801093.jpg
HMK1115 American Mouse Box Frame,1212HMK1115P19,12x12 Box Frame Size,"A star-spangled cutie for your cottagecore dreams! American Mouse features an adorable wide-eyed mouse peeking from inside a vintage teacup, decked out in a top hat and baby blue bow tie. The red stars on the worn creamware pop against the teal background, giving the scene an irresistible mix of nostalgia, Americana, and storybook wonder.",12x12 Box Frame Size,,,,,,2,99,,,,,2,JanMichael400,JanMichael160,https://cdn11.bigcommerce.com/s-wb4uepr7/images/stencil/500x659/attribute_rule_images/50941_source_1746801168.jpg,50941_source_1746801168.jpg,,,JanMichael800,50941_source_1746801168.jpg
HMK1116 Ghost Library Box Frame,1212HMK1116P30,12x12 Box Frame Size,"Where stories never die... Ghost Library invites you into a haunted haven of literary magic. A sweet little ghost floats quietly among ancient shelves, lost in the pages of a weathered book. Surrounded by rich wood tones and endless leather-bound volumes, this softly spooky scene is both eerie and endearing—a perfect blend of Halloween charm and scholarly whimsy.",12x12 Box Frame Size,,,,,,2,99,,,,,2,JanMichael400,JanMichael160,https://cdn11.bigcommerce.com/s-wb4uepr7/images/stencil/500x659/attribute_rule_images/50943_source_1746801258.jpg,50943_source_1746801258.jpg,,,JanMichael800,50943_source_1746801258.jpg
HMK1117 Four Ghost Friends Box Frame,1212HMK1117P30,12x12 Box Frame Size,"Meet the spectral squad of the season! Four Ghost Friends captures a perfectly eerie moment: four sheeted spirits stand silently among autumn leaves, framed by a haunted forest and a looming gothic mansion in the background. Their wide eyes, symmetrical stance, and the fading orange twilight sky give this piece a cinematic sense of mystery with just the right dose of whimsy.",12x12 Box Frame Size,,,,,,2,99,,,,,2,JanMichael400,JanMichael160,https://cdn11.bigcommerce.com/s-wb4uepr7/images/stencil/500x659/attribute_rule_images/50945_source_1746801377.jpg,50945_source_1746801377.jpg,,,JanMichael800,50945_source_1746801377.jpg
HMK1118 Pink Glasses Bunny Box Frame,1212HMK1118P22,12x12 Box Frame Size,"Hop into whimsy with Pink Glasses Bunny, a delightful portrait that captures the sweet charm of a bright-eyed bunny donning oversized pink spectacles. Set against a vintage-washed sky blue backdrop with rustic distressing, this playful piece is full of personality and pastel perfection. Whether you're decorating a nursery, office nook, or Easter-themed vignette, this bunny brings quirky joy and eye-catching style.",12x12 Box Frame Size,,,,,,2,99,,,,,2,JanMichael400,JanMichael160,https://cdn11.bigcommerce.com/s-wb4uepr7/images/stencil/500x659/attribute_rule_images/50947_source_1746801453.jpg,50947_source_1746801453.jpg,,,JanMichael800,50947_source_1746801453.jpg
HMK1119 Christmas Bird Box Frame,1212HMK1119P4,12x12 Box Frame Size,"Bring a burst of holiday humor and charm into your space with Christmas Bird, a delightful winter portrait of a wide-eyed, slightly frazzled little bird standing atop colorfully wrapped gifts. With holly around its neck, snowflakes swirling, and feathers in comic disarray, this festive fowl delivers a whimsical take on holiday hustle we can all relate to.",12x12 Box Frame Size,,,,,,2,99,,,,,2,JanMichael400,JanMichael160,https://cdn11.bigcommerce.com/s-wb4uepr7/images/stencil/500x659/attribute_rule_images/50949_source_1746801615.jpg,50949_source_1746801615.jpg,,,JanMichael800,50949_source_1746801615.jpg
ACR114 Spell for That Box Frame,1212ACR114P2,12x12 Box Frame Size,"Bring a dash of enchantment to your décor with our Spell for That box frame print. Featuring a captivating, hand-painted style image of a mischievous witch with vivid green skin, playful purple hues, and bold brushstroke textures, this piece is the perfect blend of spooky and whimsical. The fun caption, ""I've got a spell for that,"" adds charm and personality, making it a standout piece for Halloween lovers and magical dreamers alike.",12x12 Box Frame Size,,,,,,2,99,,,,,2,JanMichael400,JanMichael160,https://cdn11.bigcommerce.com/s-wb4uepr7/images/stencil/500x659/attribute_rule_images/50954_source_1752515519.jpg,50954_source_1752515519.jpg,,,JanMichael800,50954_source_1752515519.jpg
ACR122 Morning Blooms Box Frame,1212ACR122P22,12x12 Box Frame Size,Morning Blooms – Floral Jar Print in Espresso Box Frame,12x12 Box Frame Size,,,,,,2,99,,,,,2,JanMichael400,JanMichael160,https://cdn11.bigcommerce.com/s-wb4uepr7/images/stencil/500x659/attribute_rule_images/50962_source_1752515501.jpg,50962_source_1752515501.jpg,,,JanMichael800,50962_source_1752515501.jpg
HMK1153 Vintage Truck Box Frame,1212HMK1153P16,12x12 Box Frame Size,Vintage Truck – Box Frame ,12x12 Box Frame Size,,,,,,2,99,,,,,2,JanMichael400,JanMichael160,https://cdn11.bigcommerce.com/s-wb4uepr7/images/stencil/500x659/attribute_rule_images/51006_source_1749743150.jpg,51006_source_1749743150.jpg,,,JanMichael800,51006_source_1749743150.jpg
HMK693L Vintage Goose Bathroom CLEARANCE,HMK693L-1216PP8,Brown Stain Frame,"Add a touch of whimsical charm to your bathroom with the HMK693L Vintage Goose Bathroom print. This delightful artwork features a serene white goose relaxing in a clawfoot bathtub surrounded by pink floral patterns, creating a vintage-inspired and cozy atmosphere.",Brown Stain Frame,,,,,,2,99,,,,,2,JanMichael400,JanMichael160,https://cdn11.bigcommerce.com/s-wb4uepr7/images/stencil/500x659/attribute_rule_images/50375_source_1752857611.jpg,50375_source_1752857611.jpg,,,JanMichael800,50375_source_1752857611.jpg
HMK693L Vintage Goose Bathroom CLEARANCE,HMK693L-1216PBSP18,White Wash Frame,"Add a touch of whimsical charm to your bathroom with the HMK693L Vintage Goose Bathroom print. This delightful artwork features a serene white goose relaxing in a clawfoot bathtub surrounded by pink floral patterns, creating a vintage-inspired and cozy atmosphere.",White Wash Frame,,,,,,2,99,,,,,2,JanMichael400,JanMichael160,https://cdn11.bigcommerce.com/s-wb4uepr7/images/stencil/500x659/attribute_rule_images/50376_source_1752857611.jpg,50376_source_1752857611.jpg,,,JanMichael800,50376_source_1752857611.jpg
HMK693L Vintage Goose Bathroom CLEARANCE,HMK693L-1216PWWP18,Charcoal Wash Frame,"Add a touch of whimsical charm to your bathroom with the HMK693L Vintage Goose Bathroom print. This delightful artwork features a serene white goose relaxing in a clawfoot bathtub surrounded by pink floral patterns, creating a vintage-inspired and cozy atmosphere.",Charcoal Wash Frame,,,,,,2,99,,,,,2,JanMichael400,JanMichael160,https://cdn11.bigcommerce.com/s-wb4uepr7/images/stencil/500x659/attribute_rule_images/50377_source_1752857611.jpg,50377_source_1752857611.jpg,,,JanMichael800,50377_source_1752857611.jpg
HMK578L RUSTIC BUNNY,HMK578L-1216PP9,Brown Stain Frame,"This picture is called ""Rustic Bunny"" and measure 12x16 inches. The print unframed measures 12x16 inches. The frame will add about one more inch per side. The picture features an adorable bunny dressed in a brown garden hat and a matching brown cloak, giving it a charming, rustic look. The bunny holds fresh, vibrant orange carrots in its paws, which contrasts beautifully with the soft browns of its outfit. Around the bunny's back paws, a few delicate orange florals are scattered, adding a pop of color to the earthy tones. Choose your lath frame color to customize your product. All frames have a vintage wire along the top of the frame for quick and easy wall hanging.",Brown Stain Frame,,,,,,2,99,,,,,2,JanMichael400,JanMichael160,https://cdn11.bigcommerce.com/s-wb4uepr7/images/stencil/500x659/attribute_rule_images/49620_source_1749136983.jpg,49620_source_1749136983.jpg,,,JanMichael800,49620_source_1749136983.jpg
HMK578L RUSTIC BUNNY,HMK578L-1216PBSP9,White Wash Frame,"This picture is called ""Rustic Bunny"" and measure 12x16 inches. The print unframed measures 12x16 inches. The frame will add about one more inch per side. The picture features an adorable bunny dressed in a brown garden hat and a matching brown cloak, giving it a charming, rustic look. The bunny holds fresh, vibrant orange carrots in its paws, which contrasts beautifully with the soft browns of its outfit. Around the bunny's back paws, a few delicate orange florals are scattered, adding a pop of color to the earthy tones. Choose your lath frame color to customize your product. All frames have a vintage wire along the top of the frame for quick and easy wall hanging.",White Wash Frame,,,,,,2,99,,,,,2,JanMichael400,JanMichael160,https://cdn11.bigcommerce.com/s-wb4uepr7/images/stencil/500x659/attribute_rule_images/49621_source_1749136983.jpg,49621_source_1749136983.jpg,,,JanMichael800,49621_source_1749136983.jpg
HMK578L RUSTIC BUNNY,HMK578L-1216PWWP9,Charcoal Wash Frame,"This picture is called ""Rustic Bunny"" and measure 12x16 inches. The print unframed measures 12x16 inches. The frame will add about one more inch per side. The picture features an adorable bunny dressed in a brown garden hat and a matching brown cloak, giving it a charming, rustic look. The bunny holds fresh, vibrant orange carrots in its paws, which contrasts beautifully with the soft browns of its outfit. Around the bunny's back paws, a few delicate orange florals are scattered, adding a pop of color to the earthy tones. Choose your lath frame color to customize your product. All frames have a vintage wire along the top of the frame for quick and easy wall hanging.",Charcoal Wash Frame,,,,,,2,99,,,,,2,JanMichael400,JanMichael160,https://cdn11.bigcommerce.com/s-wb4uepr7/images/stencil/500x659/attribute_rule_images/49622_source_1749136983.jpg,49622_source_1749136983.jpg,,,JanMichael800,49622_source_1749136983.jpg
HMK654L Jesus Is Born,HMK654L-1216PP4,Brown Stain Frame,"Bring the timeless story of Jesus Is Born into your home with our beautiful print. Featuring Mary cradling baby Jesus, and Joseph by her side in a serene and loving scene, this artwork exudes peace and devotion.",Brown Stain Frame,,,,,,2,99,,,,,2,JanMichael400,JanMichael160,https://cdn11.bigcommerce.com/s-wb4uepr7/images/stencil/500x659/attribute_rule_images/49896_source_1751892096.jpg,49896_source_1751892096.jpg,,,JanMichael800,49896_source_1751892096.jpg
HMK654L Jesus Is Born,HMK654L-1216PBSP4,White Wash Frame,"Bring the timeless story of Jesus Is Born into your home with our beautiful print. Featuring Mary cradling baby Jesus, and Joseph by her side in a serene and loving scene, this artwork exudes peace and devotion.",White Wash Frame,,,,,,2,99,,,,,2,JanMichael400,JanMichael160,https://cdn11.bigcommerce.com/s-wb4uepr7/images/stencil/500x659/attribute_rule_images/49897_source_1751892096.jpg,49897_source_1751892096.jpg,,,JanMichael800,49897_source_1751892096.jpg
HMK654L Jesus Is Born,HMK654L-1216PWWP4,Charcoal Wash Frame,"Bring the timeless story of Jesus Is Born into your home with our beautiful print. Featuring Mary cradling baby Jesus, and Joseph by her side in a serene and loving scene, this artwork exudes peace and devotion.",Charcoal Wash Frame,,,,,,2,99,,,,,2,JanMichael400,JanMichael160,https://cdn11.bigcommerce.com/s-wb4uepr7/images/stencil/500x659/attribute_rule_images/49898_source_1751892097.jpg,49898_source_1751892097.jpg,,,JanMichael800,49898_source_1751892097.jpg
HMK655L Laundry Day Painting,HMK655L-1216PP13,Brown Stain Frame,"Add a touch of everyday charm to your space with the HMK655L Laundry Day Painting. This serene artwork captures the beauty of laundry days in a warm, sunlight-filled setting, perfect for creating a peaceful ambiance in any room.",Brown Stain Frame,,,,,,2,99,,,,,2,JanMichael400,JanMichael160,https://cdn11.bigcommerce.com/s-wb4uepr7/images/stencil/500x659/attribute_rule_images/49899_source_1751892099.jpg,49899_source_1751892099.jpg,,,JanMichael800,49899_source_1751892099.jpg
HMK655L Laundry Day Painting,HMK655L-1216PBSP13,White Wash Frame,"Add a touch of everyday charm to your space with the HMK655L Laundry Day Painting. This serene artwork captures the beauty of laundry days in a warm, sunlight-filled setting, perfect for creating a peaceful ambiance in any room.",White Wash Frame,,,,,,2,99,,,,,2,JanMichael400,JanMichael160,https://cdn11.bigcommerce.com/s-wb4uepr7/images/stencil/500x659/attribute_rule_images/49900_source_1751892099.jpg,49900_source_1751892099.jpg,,,JanMichael800,49900_source_1751892099.jpg
HMK655L Laundry Day Painting,HMK655L-1216PWWP13,Charcoal Wash Frame,"Add a touch of everyday charm to your space with the HMK655L Laundry Day Painting. This serene artwork captures the beauty of laundry days in a warm, sunlight-filled setting, perfect for creating a peaceful ambiance in any room.",Charcoal Wash Frame,,,,,,2,99,,,,,2,JanMichael400,JanMichael160,https://cdn11.bigcommerce.com/s-wb4uepr7/images/stencil/500x659/attribute_rule_images/49901_source_1751892099.jpg,49901_source_1751892099.jpg,,,JanMichael800,49901_source_1751892099.jpg
HMK656L Vintage Floral Books,HMK656L-1216PP13,Brown Stain Frame,"Add a touch of elegance to your space with our HMK656L Vintage Floral Books print. Featuring a captivating blend of books and delicate white florals, this art piece adds a charming and sophisticated vibe to any room.",Brown Stain Frame,,,,,,2,99,,,,,2,JanMichael400,JanMichael160,https://cdn11.bigcommerce.com/s-wb4uepr7/images/stencil/500x659/attribute_rule_images/49902_source_1751892101.jpg,49902_source_1751892101.jpg,,,JanMichael800,49902_source_1751892101.jpg
HMK656L Vintage Floral Books,HMK656L-1216PBSP13,White Wash Frame,"Add a touch of elegance to your space with our HMK656L Vintage Floral Books print. Featuring a captivating blend of books and delicate white florals, this art piece adds a charming and sophisticated vibe to any room.",White Wash Frame,,,,,,2,99,,,,,2,JanMichael400,JanMichael160,https://cdn11.bigcommerce.com/s-wb4uepr7/images/stencil/500x659/attribute_rule_images/49903_source_1751892101.jpg,49903_source_1751892101.jpg,,,JanMichael800,49903_source_1751892101.jpg
HMK656L Vintage Floral Books,HMK656L-1216PWWP13,Charcoal Wash Frame,"Add a touch of elegance to your space with our HMK656L Vintage Floral Books print. Featuring a captivating blend of books and delicate white florals, this art piece adds a charming and sophisticated vibe to any room.",Charcoal Wash Frame,,,,,,2,99,,,,,2,JanMichael400,JanMichael160,https://cdn11.bigcommerce.com/s-wb4uepr7/images/stencil/500x659/attribute_rule_images/49904_source_1751892102.jpg,49904_source_1751892102.jpg,,,JanMichael800,49904_source_1751892102.jpg
HMK663L Floral Ghost,HMK663L-810PP19,Brown Stain Frame,"Step into a world of enchantment with the HMK663L Floral Ghost print. Witness the ethereal beauty of a ghostly figure surrounded by vibrant wildflowers, creating a surreal and captivating scene.",Brown Stain Frame,,,,,,2,99,,,,,2,JanMichael400,JanMichael160,https://cdn11.bigcommerce.com/s-wb4uepr7/images/stencil/500x659/attribute_rule_images/49905_source_1751892104.jpg,49905_source_1751892104.jpg,,,JanMichael800,49905_source_1751892104.jpg
HMK663L Floral Ghost,HMK663L-810PBSP19,White Wash Frame,"Step into a world of enchantment with the HMK663L Floral Ghost print. Witness the ethereal beauty of a ghostly figure surrounded by vibrant wildflowers, creating a surreal and captivating scene.",White Wash Frame,,,,,,2,99,,,,,2,JanMichael400,JanMichael160,https://cdn11.bigcommerce.com/s-wb4uepr7/images/stencil/500x659/attribute_rule_images/49906_source_1751892104.jpg,49906_source_1751892104.jpg,,,JanMichael800,49906_source_1751892104.jpg
HMK663L Floral Ghost,HMK663L-810PWWP19,Charcoal Wash Frame,"Step into a world of enchantment with the HMK663L Floral Ghost print. Witness the ethereal beauty of a ghostly figure surrounded by vibrant wildflowers, creating a surreal and captivating scene.",Charcoal Wash Frame,,,,,,2,99,,,,,2,JanMichael400,JanMichael160,https://cdn11.bigcommerce.com/s-wb4uepr7/images/stencil/500x659/attribute_rule_images/49907_source_1751892104.jpg,49907_source_1751892104.jpg,,,JanMichael800,49907_source_1751892104.jpg
HMK657L Vintage Pink Florals,HMK657L-1216PP13,Brown Stain Frame,"Elevate your space with the stunning beauty of HMK657L Vintage Pink Florals. This exquisite wall art print features a delightful arrangement of pink blossoms in a clear vase, exuding elegance and charm.",Brown Stain Frame,,,,,,2,99,,,,,2,JanMichael400,JanMichael160,https://cdn11.bigcommerce.com/s-wb4uepr7/images/stencil/500x659/attribute_rule_images/49908_source_1751892106.jpg,49908_source_1751892106.jpg,,,JanMichael800,49908_source_1751892106.jpg
HMK657L Vintage Pink Florals,HMK657L-1216PBSP13,White Wash Frame,"Elevate your space with the stunning beauty of HMK657L Vintage Pink Florals. This exquisite wall art print features a delightful arrangement of pink blossoms in a clear vase, exuding elegance and charm.",White Wash Frame,,,,,,2,99,,,,,2,JanMichael400,JanMichael160,https://cdn11.bigcommerce.com/s-wb4uepr7/images/stencil/500x659/attribute_rule_images/49909_source_1751892106.jpg,49909_source_1751892106.jpg,,,JanMichael800,49909_source_1751892106.jpg
HMK657L Vintage Pink Florals,HMK657L-1216PWWP13,Charcoal Wash Frame,"Elevate your space with the stunning beauty of HMK657L Vintage Pink Florals. This exquisite wall art print features a delightful arrangement of pink blossoms in a clear vase, exuding elegance and charm.",Charcoal Wash Frame,,,,,,2,99,,,,,2,JanMichael400,JanMichael160,https://cdn11.bigcommerce.com/s-wb4uepr7/images/stencil/500x659/attribute_rule_images/49910_source_1751892106.jpg,49910_source_1751892106.jpg,,,JanMichael800,49910_source_1751892106.jpg
HMK658L Candlelight,HMK658L-1216PP4,Brown Stain Frame,"Elevate the ambiance of your space with the enchanting 'Candlelight' print. Featuring a mesmerizing interplay of light and shadow, this piece exudes elegance and sophistication.",Brown Stain Frame,,,,,,2,99,,,,,2,JanMichael400,JanMichael160,https://cdn11.bigcommerce.com/s-wb4uepr7/images/stencil/500x659/products/34030/94957/HMK658L_brown__69343__97226.1751892109.jpg,HMK658L_brown__69343__97226.1751892109.jpg,,,JanMichael800,HMK658L_brown__69343__97226.1751892109.jpg
HMK658L Candlelight,HMK658L-1216PBSP4,White Wash Frame,"Elevate the ambiance of your space with the enchanting 'Candlelight' print. Featuring a mesmerizing interplay of light and shadow, this piece exudes elegance and sophistication.",White Wash Frame,,,,,,2,99,,,,,2,JanMichael400,JanMichael160,https://cdn11.bigcommerce.com/s-wb4uepr7/images/stencil/500x659/products/34030/94957/HMK658L_brown__69343__97226.1751892109.jpg,HMK658L_brown__69343__97226.1751892109.jpg,,,JanMichael800,HMK658L_brown__69343__97226.1751892109.jpg
HMK658L Candlelight,HMK658L-1216PWWP4,Charcoal Wash Frame,"Elevate the ambiance of your space with the enchanting 'Candlelight' print. Featuring a mesmerizing interplay of light and shadow, this piece exudes elegance and sophistication.",Charcoal Wash Frame,,,,,,2,99,,,,,2,JanMichael400,JanMichael160,https://cdn11.bigcommerce.com/s-wb4uepr7/images/stencil/500x659/products/34030/94957/HMK658L_brown__69343__97226.1751892109.jpg,HMK658L_brown__69343__97226.1751892109.jpg,,,JanMichael800,HMK658L_brown__69343__97226.1751892109.jpg
HMK660L Lavender Stems,HMK660L-1216PP13,Brown Stain Frame,"Immerse yourself in the ethereal beauty of our HMK660L Lavender Stems wall art. Delicate lavender blossoms sway gracefully on slender green stems, creating a peaceful and serene atmosphere in any room.",Brown Stain Frame,,,,,,2,99,,,,,2,JanMichael400,JanMichael160,https://cdn11.bigcommerce.com/s-wb4uepr7/images/stencil/500x659/attribute_rule_images/49914_source_1751892111.jpg,49914_source_1751892111.jpg,,,JanMichael800,49914_source_1751892111.jpg
HMK660L Lavender Stems,HMK660L-1216PBSP13,White Wash Frame,"Immerse yourself in the ethereal beauty of our HMK660L Lavender Stems wall art. Delicate lavender blossoms sway gracefully on slender green stems, creating a peaceful and serene atmosphere in any room.",White Wash Frame,,,,,,2,99,,,,,2,JanMichael400,JanMichael160,https://cdn11.bigcommerce.com/s-wb4uepr7/images/stencil/500x659/attribute_rule_images/49915_source_1751892111.jpg,49915_source_1751892111.jpg,,,JanMichael800,49915_source_1751892111.jpg
HMK660L Lavender Stems,HMK660L-1216PWWP13,Charcoal Wash Frame,"Immerse yourself in the ethereal beauty of our HMK660L Lavender Stems wall art. Delicate lavender blossoms sway gracefully on slender green stems, creating a peaceful and serene atmosphere in any room.",Charcoal Wash Frame,,,,,,2,99,,,,,2,JanMichael400,JanMichael160,https://cdn11.bigcommerce.com/s-wb4uepr7/images/stencil/500x659/attribute_rule_images/49916_source_1751892111.jpg,49916_source_1751892111.jpg,,,JanMichael800,49916_source_1751892111.jpg
HMK661L Daisy Bunny,HMK661L-1216PP13,Brown Stain Frame,"Bring a touch of nature's beauty into your home with the charming HMK661L Daisy Bunny wall art. This delightful print showcases a sweet brown bunny cradling a delicate white daisy, set against a serene olive green backdrop.",Brown Stain Frame,,,,,,2,99,,,,,2,JanMichael400,JanMichael160,https://cdn11.bigcommerce.com/s-wb4uepr7/images/stencil/500x659/attribute_rule_images/49917_source_1751892113.jpg,49917_source_1751892113.jpg,,,JanMichael800,49917_source_1751892113.jpg
HMK661L Daisy Bunny,HMK661L1216PBSP13,White Wash Frame,"Bring a touch of nature's beauty into your home with the charming HMK661L Daisy Bunny wall art. This delightful print showcases a sweet brown bunny cradling a delicate white daisy, set against a serene olive green backdrop.",White Wash Frame,,,,,,2,99,,,,,2,JanMichael400,JanMichael160,https://cdn11.bigcommerce.com/s-wb4uepr7/images/stencil/500x659/attribute_rule_images/49918_source_1751892113.jpg,49918_source_1751892113.jpg,,,JanMichael800,49918_source_1751892113.jpg
HMK661L Daisy Bunny,HMK661L1216PWWP13,Charcoal Wash Frame,"Bring a touch of nature's beauty into your home with the charming HMK661L Daisy Bunny wall art. This delightful print showcases a sweet brown bunny cradling a delicate white daisy, set against a serene olive green backdrop.",Charcoal Wash Frame,,,,,,2,99,,,,,2,JanMichael400,JanMichael160,https://cdn11.bigcommerce.com/s-wb4uepr7/images/stencil/500x659/attribute_rule_images/49919_source_1751892113.jpg,49919_source_1751892113.jpg,,,JanMichael800,49919_source_1751892113.jpg
HMK662L Vintage Red Flowers,HMK662L-1216PP13,Brown Stain Frame,Elevate your space with the exquisite beauty of the HMK662L Vintage Red Flowers. The delicate floral pattern in soft reds and pinks adds a touch of elegance to any room.,Brown Stain Frame,,,,,,2,99,,,,,2,JanMichael400,JanMichael160,https://cdn11.bigcommerce.com/s-wb4uepr7/images/stencil/500x659/attribute_rule_images/49920_source_1751892115.jpg,49920_source_1751892115.jpg,,,JanMichael800,49920_source_1751892115.jpg
HMK662L Vintage Red Flowers,HMK662L1216PBSP13,White Wash Frame,Elevate your space with the exquisite beauty of the HMK662L Vintage Red Flowers. The delicate floral pattern in soft reds and pinks adds a touch of elegance to any room.,White Wash Frame,,,,,,2,99,,,,,2,JanMichael400,JanMichael160,https://cdn11.bigcommerce.com/s-wb4uepr7/images/stencil/500x659/attribute_rule_images/49921_source_1751892116.jpg,49921_source_1751892116.jpg,,,JanMichael800,49921_source_1751892116.jpg
HMK662L Vintage Red Flowers,HMK662L1216PWWP13,Charcoal Wash Frame,Elevate your space with the exquisite beauty of the HMK662L Vintage Red Flowers. The delicate floral pattern in soft reds and pinks adds a touch of elegance to any room.,Charcoal Wash Frame,,,,,,2,99,,,,,2,JanMichael400,JanMichael160,https://cdn11.bigcommerce.com/s-wb4uepr7/images/stencil/500x659/attribute_rule_images/49922_source_1751892116.jpg,49922_source_1751892116.jpg,,,JanMichael800,49922_source_1751892116.jpg
HMK666L Vintage Suited Jack-O-Lantern,HMK666L-1216PP2,Brown Stain Frame,"Elevate your Halloween decor with the spooky charm of the HMK666L Vintage Suited Jack-O-Lantern. This hauntingly elegant print features a jack-o-lantern in a sleek black suit, adding a touch of sophistication to your festive display.",Brown Stain Frame,,,,,,2,99,,,,,2,JanMichael400,JanMichael160,https://cdn11.bigcommerce.com/s-wb4uepr7/images/stencil/500x659/attribute_rule_images/49923_source_1751892118.jpg,49923_source_1751892118.jpg,,,JanMichael800,49923_source_1751892118.jpg
HMK666L Vintage Suited Jack-O-Lantern,HMK666L-1216PBSP2,White Wash Frame,"Elevate your Halloween decor with the spooky charm of the HMK666L Vintage Suited Jack-O-Lantern. This hauntingly elegant print features a jack-o-lantern in a sleek black suit, adding a touch of sophistication to your festive display.",White Wash Frame,,,,,,2,99,,,,,2,JanMichael400,JanMichael160,https://cdn11.bigcommerce.com/s-wb4uepr7/images/stencil/500x659/attribute_rule_images/49924_source_1751892118.jpg,49924_source_1751892118.jpg,,,JanMichael800,49924_source_1751892118.jpg
HMK666L Vintage Suited Jack-O-Lantern,HMK666L-1216PWWP2,Charcoal Wash Frame,"Elevate your Halloween decor with the spooky charm of the HMK666L Vintage Suited Jack-O-Lantern. This hauntingly elegant print features a jack-o-lantern in a sleek black suit, adding a touch of sophistication to your festive display.",Charcoal Wash Frame,,,,,,2,99,,,,,2,JanMichael400,JanMichael160,https://cdn11.bigcommerce.com/s-wb4uepr7/images/stencil/500x659/attribute_rule_images/49925_source_1751892118.jpg,49925_source_1751892118.jpg,,,JanMichael800,49925_source_1751892118.jpg
HMK667L Vintage Duck,HMK667L-1216PP13,Brown Stain Frame,"Immerse yourself in the tranquil beauty of the HMK667L Vintage Duck print. This timeless piece captures a serene moment in nature, with a single duck standing gracefully amidst wild greens and delicate white flowers.",Brown Stain Frame,,,,,,2,99,,,,,2,JanMichael400,JanMichael160,https://cdn11.bigcommerce.com/s-wb4uepr7/images/stencil/500x659/attribute_rule_images/49926_source_1751892120.jpg,49926_source_1751892120.jpg,,,JanMichael800,49926_source_1751892120.jpg
HMK667L Vintage Duck,HMK667L-1216PBSP13,White Wash Frame,"Immerse yourself in the tranquil beauty of the HMK667L Vintage Duck print. This timeless piece captures a serene moment in nature, with a single duck standing gracefully amidst wild greens and delicate white flowers.",White Wash Frame,,,,,,2,99,,,,,2,JanMichael400,JanMichael160,https://cdn11.bigcommerce.com/s-wb4uepr7/images/stencil/500x659/attribute_rule_images/49927_source_1751892120.jpg,49927_source_1751892120.jpg,,,JanMichael800,49927_source_1751892120.jpg
HMK667L Vintage Duck,HMK667L-1216PWWP13,Charcoal Wash Frame,"Immerse yourself in the tranquil beauty of the HMK667L Vintage Duck print. This timeless piece captures a serene moment in nature, with a single duck standing gracefully amidst wild greens and delicate white flowers.",Charcoal Wash Frame,,,,,,2,99,,,,,2,JanMichael400,JanMichael160,https://cdn11.bigcommerce.com/s-wb4uepr7/images/stencil/500x659/attribute_rule_images/49928_source_1751892120.jpg,49928_source_1751892120.jpg,,,JanMichael800,49928_source_1751892120.jpg
HMK669L Halloween Crows,HMK669L-1216PP2,Brown Stain Frame,"Elevate your Halloween decor with our HMK669L Halloween Crows print, showcasing three mystical black crows perched on a haunting tree branch. The eerie scene adds a touch of mystery and spookiness to any space.",Brown Stain Frame,,,,,,2,99,,,,,2,JanMichael400,JanMichael160,https://cdn11.bigcommerce.com/s-wb4uepr7/images/stencil/500x659/attribute_rule_images/49929_source_1751892122.jpg,49929_source_1751892122.jpg,,,JanMichael800,49929_source_1751892122.jpg
HMK669L Halloween Crows,HMK669L-1216PBSP2,White Wash Frame,"Elevate your Halloween decor with our HMK669L Halloween Crows print, showcasing three mystical black crows perched on a haunting tree branch. The eerie scene adds a touch of mystery and spookiness to any space.",White Wash Frame,,,,,,2,99,,,,,2,JanMichael400,JanMichael160,https://cdn11.bigcommerce.com/s-wb4uepr7/images/stencil/500x659/attribute_rule_images/49930_source_1751892123.jpg,49930_source_1751892123.jpg,,,JanMichael800,49930_source_1751892123.jpg
HMK669L Halloween Crows,HMK669L-1216PWWP2,Charcoal Wash Frame,"Elevate your Halloween decor with our HMK669L Halloween Crows print, showcasing three mystical black crows perched on a haunting tree branch. The eerie scene adds a touch of mystery and spookiness to any space.",Charcoal Wash Frame,,,,,,2,99,,,,,2,JanMichael400,JanMichael160,https://cdn11.bigcommerce.com/s-wb4uepr7/images/stencil/500x659/attribute_rule_images/49931_source_1751892123.jpg,49931_source_1751892123.jpg,,,JanMichael800,49931_source_1751892123.jpg
HMK670L Fall Haunted House,HMK670L-1216PP2,Brown Stain Frame,"Immerse yourself in the haunting beauty of the HMK670L Fall Haunted House print. This captivating scene captures the eerie essence of autumn, with bare trees, fallen leaves, and an abandoned old house that exudes mystery.",Brown Stain Frame,,,,,,2,99,,,,,2,JanMichael400,JanMichael160,https://cdn11.bigcommerce.com/s-wb4uepr7/images/stencil/500x659/attribute_rule_images/49932_source_1751892125.jpg,49932_source_1751892125.jpg,,,JanMichael800,49932_source_1751892125.jpg
HMK670L Fall Haunted House,HMK670L-1216PBSP2,White Wash Frame,"Immerse yourself in the haunting beauty of the HMK670L Fall Haunted House print. This captivating scene captures the eerie essence of autumn, with bare trees, fallen leaves, and an abandoned old house that exudes mystery.",White Wash Frame,,,,,,2,99,,,,,2,JanMichael400,JanMichael160,https://cdn11.bigcommerce.com/s-wb4uepr7/images/stencil/500x659/attribute_rule_images/49933_source_1751892125.jpg,49933_source_1751892125.jpg,,,JanMichael800,49933_source_1751892125.jpg
HMK670L Fall Haunted House,HMK670L-1216PWWP2,Charcoal Wash Frame,"Immerse yourself in the haunting beauty of the HMK670L Fall Haunted House print. This captivating scene captures the eerie essence of autumn, with bare trees, fallen leaves, and an abandoned old house that exudes mystery.",Charcoal Wash Frame,,,,,,2,99,,,,,2,JanMichael400,JanMichael160,https://cdn11.bigcommerce.com/s-wb4uepr7/images/stencil/500x659/attribute_rule_images/49934_source_1751892125.jpg,49934_source_1751892125.jpg,,,JanMichael800,49934_source_1751892125.jpg
HMK671L Cute Ghost,HMK671L-810PP19,Brown Stain Frame,"Add a touch of whimsy and charm to your home decor with our HMK671L Cute Ghost print. This adorable round ghost design exudes a friendly and inviting vibe, perfect for the fall season or Halloween festivities.",Brown Stain Frame,,,,,,2,99,,,,,2,JanMichael400,JanMichael160,https://cdn11.bigcommerce.com/s-wb4uepr7/images/stencil/500x659/attribute_rule_images/49935_source_1751892127.jpg,49935_source_1751892127.jpg,,,JanMichael800,49935_source_1751892127.jpg
HMK671L Cute Ghost,HMK671L-810PBSP19,White Wash Frame,"Add a touch of whimsy and charm to your home decor with our HMK671L Cute Ghost print. This adorable round ghost design exudes a friendly and inviting vibe, perfect for the fall season or Halloween festivities.",White Wash Frame,,,,,,2,99,,,,,2,JanMichael400,JanMichael160,https://cdn11.bigcommerce.com/s-wb4uepr7/images/stencil/500x659/attribute_rule_images/49935_source_1751892127.jpg,49935_source_1751892127.jpg,,,JanMichael800,49935_source_1751892127.jpg
HMK671L Cute Ghost,HMK671L-810PWWP19,Charcoal Wash Frame,"Add a touch of whimsy and charm to your home decor with our HMK671L Cute Ghost print. This adorable round ghost design exudes a friendly and inviting vibe, perfect for the fall season or Halloween festivities.",Charcoal Wash Frame,,,,,,2,99,,,,,2,JanMichael400,JanMichael160,https://cdn11.bigcommerce.com/s-wb4uepr7/images/stencil/500x659/attribute_rule_images/49937_source_1751892128.jpg,49937_source_1751892128.jpg,,,JanMichael800,49937_source_1751892128.jpg
BJ1372 Wildflower Quilt Block Barn,BJ1372-1216PP16,Brown Stain Frame,Transform your space with the charming BJ1372 Wildflower Quilt Block Barn print. Add a rustic touch with this serene gray barn adorned with a beautiful wildflower quilt block.,Brown Stain Frame,,,,,,2,99,,,,,2,JanMichael400,JanMichael160,https://cdn11.bigcommerce.com/s-wb4uepr7/images/stencil/500x659/attribute_rule_images/49938_source_1751892129.jpg,49938_source_1751892129.jpg,,,JanMichael800,49938_source_1751892129.jpg
BJ1372 Wildflower Quilt Block Barn,BJ1372-1216PBSP16,White Wash Frame,Transform your space with the charming BJ1372 Wildflower Quilt Block Barn print. Add a rustic touch with this serene gray barn adorned with a beautiful wildflower quilt block.,White Wash Frame,,,,,,2,99,,,,,2,JanMichael400,JanMichael160,https://cdn11.bigcommerce.com/s-wb4uepr7/images/stencil/500x659/attribute_rule_images/49939_source_1751892129.jpg,49939_source_1751892129.jpg,,,JanMichael800,49939_source_1751892129.jpg
BJ1372 Wildflower Quilt Block Barn,BJ1372-1216PWWP16,Charcoal Wash Frame,Transform your space with the charming BJ1372 Wildflower Quilt Block Barn print. Add a rustic touch with this serene gray barn adorned with a beautiful wildflower quilt block.,Charcoal Wash Frame,,,,,,2,99,,,,,2,JanMichael400,JanMichael160,https://cdn11.bigcommerce.com/s-wb4uepr7/images/stencil/500x659/attribute_rule_images/49940_source_1751892129.jpg,49940_source_1751892129.jpg,,,JanMichael800,49940_source_1751892129.jpg
BJ1371 Bluebird Quilt Block Barn,BJ1371-1216PP16,Brown Stain Frame,Step into a serene countryside scene with the BJ1371 Bluebird Quilt Block Barn print. This charming artwork depicts a quaint barn adorned with a lovely bird quilt block and surrounded by nature's beauty.,Brown Stain Frame,,,,,,2,99,,,,,2,JanMichael400,JanMichael160,https://cdn11.bigcommerce.com/s-wb4uepr7/images/stencil/500x659/attribute_rule_images/49944_source_1751892132.jpg,49944_source_1751892132.jpg,,,JanMichael800,49944_source_1751892132.jpg
BJ1371 Bluebird Quilt Block Barn,BJ1371-1216PBSP16,White Wash Frame,Step into a serene countryside scene with the BJ1371 Bluebird Quilt Block Barn print. This charming artwork depicts a quaint barn adorned with a lovely bird quilt block and surrounded by nature's beauty.,White Wash Frame,,,,,,2,99,,,,,2,JanMichael400,JanMichael160,https://cdn11.bigcommerce.com/s-wb4uepr7/images/stencil/500x659/attribute_rule_images/49945_source_1751892132.jpg,49945_source_1751892132.jpg,,,JanMichael800,49945_source_1751892132.jpg
BJ1371 Bluebird Quilt Block Barn,BJ1371-1216PWWP16,Charcoal Wash Frame,Step into a serene countryside scene with the BJ1371 Bluebird Quilt Block Barn print. This charming artwork depicts a quaint barn adorned with a lovely bird quilt block and surrounded by nature's beauty.,Charcoal Wash Frame,,,,,,2,99,,,,,2,JanMichael400,JanMichael160,https://cdn11.bigcommerce.com/s-wb4uepr7/images/stencil/500x659/attribute_rule_images/49946_source_1751892132.jpg,49946_source_1751892132.jpg,,,JanMichael800,49946_source_1751892132.jpg
MMD367A Pumpkin Everything,MMD367A-810PP23,Brown Stain Frame,"Add a touch of pumpkin spice to your fall decor with our vibrant 'Pumpkin Everything' print. With its textured background and bold design, this 8x10-inch piece is a must-have for pumpkin lovers. Customize your frame color to match your style and easily hang it with the vintage wire included.",Brown Stain Frame,,,,,,2,99,,,,,2,JanMichael400,JanMichael160,https://cdn11.bigcommerce.com/s-wb4uepr7/images/stencil/500x659/products/34536/95035/mmd367__25302__50081.1751892133.jpg,mmd367__25302__50081.1751892133.jpg,,,JanMichael800,mmd367__25302__50081.1751892133.jpg
MMD367A Pumpkin Everything,MMD367A-810PBSP23,White Wash Frame,"Add a touch of pumpkin spice to your fall decor with our vibrant 'Pumpkin Everything' print. With its textured background and bold design, this 8x10-inch piece is a must-have for pumpkin lovers. Customize your frame color to match your style and easily hang it with the vintage wire included.",White Wash Frame,,,,,,2,99,,,,,2,JanMichael400,JanMichael160,https://cdn11.bigcommerce.com/s-wb4uepr7/images/stencil/500x659/products/34536/95035/mmd367__25302__50081.1751892133.jpg,mmd367__25302__50081.1751892133.jpg,,,JanMichael800,mmd367__25302__50081.1751892133.jpg
MMD367A Pumpkin Everything,MMD367A-810PWWP23,Charcoal Wash Frame,"Add a touch of pumpkin spice to your fall decor with our vibrant 'Pumpkin Everything' print. With its textured background and bold design, this 8x10-inch piece is a must-have for pumpkin lovers. Customize your frame color to match your style and easily hang it with the vintage wire included.",Charcoal Wash Frame,,,,,,2,99,,,,,2,JanMichael400,JanMichael160,https://cdn11.bigcommerce.com/s-wb4uepr7/images/stencil/500x659/products/34536/95035/mmd367__25302__50081.1751892133.jpg,mmd367__25302__50081.1751892133.jpg,,,JanMichael800,mmd367__25302__50081.1751892133.jpg
HMK676L Floral Peach Painting,HMK676L-1216PP14,Brown Stain Frame,Elevate your space with the mesmerizing HMK676L Floral Peach Painting. This exquisite piece captures the beauty of a serene floral arrangement and luscious peaches in a charming setting. The delicate white florals and golden peaches exude warmth and elegance.,Brown Stain Frame,,,,,,2,99,,,,,2,JanMichael400,JanMichael160,https://cdn11.bigcommerce.com/s-wb4uepr7/images/stencil/500x659/attribute_rule_images/49995_source_1751892135.jpg,49995_source_1751892135.jpg,,,JanMichael800,49995_source_1751892135.jpg
HMK676L Floral Peach Painting,HMK676L-1216PBSP14,White Wash Frame,Elevate your space with the mesmerizing HMK676L Floral Peach Painting. This exquisite piece captures the beauty of a serene floral arrangement and luscious peaches in a charming setting. The delicate white florals and golden peaches exude warmth and elegance.,White Wash Frame,,,,,,2,99,,,,,2,JanMichael400,JanMichael160,https://cdn11.bigcommerce.com/s-wb4uepr7/images/stencil/500x659/attribute_rule_images/49996_source_1751892135.jpg,49996_source_1751892135.jpg,,,JanMichael800,49996_source_1751892135.jpg
HMK676L Floral Peach Painting,HMK676L-1216PWWP14,Charcoal Wash Frame,Elevate your space with the mesmerizing HMK676L Floral Peach Painting. This exquisite piece captures the beauty of a serene floral arrangement and luscious peaches in a charming setting. The delicate white florals and golden peaches exude warmth and elegance.,Charcoal Wash Frame,,,,,,2,99,,,,,2,JanMichael400,JanMichael160,https://cdn11.bigcommerce.com/s-wb4uepr7/images/stencil/500x659/attribute_rule_images/49997_source_1751892135.jpg,49997_source_1751892135.jpg,,,JanMichael800,49997_source_1751892135.jpg
HMK678L Strawberry Mouse,HMK678L-1216PP15,Brown Stain Frame,"Indulge in the delightful charm of the HMK678L Strawberry Mouse print. This enchanting piece captures the essence of nature with a tiny mouse delicately perched on a lush green leaf amidst ripe, glistening strawberries.",Brown Stain Frame,,,,,,2,99,,,,,2,JanMichael400,JanMichael160,https://cdn11.bigcommerce.com/s-wb4uepr7/images/stencil/500x659/attribute_rule_images/49998_source_1751892137.jpg,49998_source_1751892137.jpg,,,JanMichael800,49998_source_1751892137.jpg
HMK678L Strawberry Mouse,HMK678L-1216PBSP15,White Wash Frame,"Indulge in the delightful charm of the HMK678L Strawberry Mouse print. This enchanting piece captures the essence of nature with a tiny mouse delicately perched on a lush green leaf amidst ripe, glistening strawberries.",White Wash Frame,,,,,,2,99,,,,,2,JanMichael400,JanMichael160,https://cdn11.bigcommerce.com/s-wb4uepr7/images/stencil/500x659/attribute_rule_images/49999_source_1751892137.jpg,49999_source_1751892137.jpg,,,JanMichael800,49999_source_1751892137.jpg
HMK678L Strawberry Mouse,HMK678L-1216PWWP15,Charcoal Wash Frame,"Indulge in the delightful charm of the HMK678L Strawberry Mouse print. This enchanting piece captures the essence of nature with a tiny mouse delicately perched on a lush green leaf amidst ripe, glistening strawberries.",Charcoal Wash Frame,,,,,,2,99,,,,,2,JanMichael400,JanMichael160,https://cdn11.bigcommerce.com/s-wb4uepr7/images/stencil/500x659/attribute_rule_images/50000_source_1751892137.jpg,50000_source_1751892137.jpg,,,JanMichael800,50000_source_1751892137.jpg
HMK679L Goat Tea with Shortbread,HMK679L-1216PP13,Brown Stain Frame,"Indulge in the charm of the HMK679L Goat Tea with Shortbread print, capturing a serene moment between two delightful goats. Enjoy the peaceful vibe of this scene, with tea cups and buttery shortbread adding to the tranquil ambiance.",Brown Stain Frame,,,,,,2,99,,,,,2,JanMichael400,JanMichael160,https://cdn11.bigcommerce.com/s-wb4uepr7/images/stencil/500x659/attribute_rule_images/50001_source_1751892139.jpg,50001_source_1751892139.jpg,,,JanMichael800,50001_source_1751892139.jpg
HMK679L Goat Tea with Shortbread,HMK679L-1216PBSP13,White Wash Frame,"Indulge in the charm of the HMK679L Goat Tea with Shortbread print, capturing a serene moment between two delightful goats. Enjoy the peaceful vibe of this scene, with tea cups and buttery shortbread adding to the tranquil ambiance.",White Wash Frame,,,,,,2,99,,,,,2,JanMichael400,JanMichael160,https://cdn11.bigcommerce.com/s-wb4uepr7/images/stencil/500x659/attribute_rule_images/50002_source_1751892139.jpg,50002_source_1751892139.jpg,,,JanMichael800,50002_source_1751892139.jpg
HMK679L Goat Tea with Shortbread,HMK679L-1216PWWP13,Charcoal Wash Frame,"Indulge in the charm of the HMK679L Goat Tea with Shortbread print, capturing a serene moment between two delightful goats. Enjoy the peaceful vibe of this scene, with tea cups and buttery shortbread adding to the tranquil ambiance.",Charcoal Wash Frame,,,,,,2,99,,,,,2,JanMichael400,JanMichael160,https://cdn11.bigcommerce.com/s-wb4uepr7/images/stencil/500x659/attribute_rule_images/50003_source_1751892139.jpg,50003_source_1751892139.jpg,,,JanMichael800,50003_source_1751892139.jpg
HMK681L Vintage Farmhouse Lamb,HMK681L-1216PP14,Brown Stain Frame,"Add a touch of rustic charm to your space with the HMK681L Vintage Farmhouse Lamb art print. Featuring a cozy farmhouse setting with a curious white lamb, this piece exudes warmth and tranquility.",Brown Stain Frame,,,,,,2,99,,,,,2,JanMichael400,JanMichael160,https://cdn11.bigcommerce.com/s-wb4uepr7/images/stencil/500x659/products/34825/83497/hmk681l__51899.1741786294.png,hmk681l__51899.1741786294.png,,,JanMichael800,hmk681l__51899.1741786294.png
HMK681L Vintage Farmhouse Lamb,HMK681L-1216PBSP14,White Wash Frame,"Add a touch of rustic charm to your space with the HMK681L Vintage Farmhouse Lamb art print. Featuring a cozy farmhouse setting with a curious white lamb, this piece exudes warmth and tranquility.",White Wash Frame,,,,,,2,99,,,,,2,JanMichael400,JanMichael160,https://cdn11.bigcommerce.com/s-wb4uepr7/images/stencil/500x659/products/34825/83497/hmk681l__51899.1741786294.png,hmk681l__51899.1741786294.png,,,JanMichael800,hmk681l__51899.1741786294.png
HMK681L Vintage Farmhouse Lamb,HMK681L-1216PWWP14,Charcoal Wash Frame,"Add a touch of rustic charm to your space with the HMK681L Vintage Farmhouse Lamb art print. Featuring a cozy farmhouse setting with a curious white lamb, this piece exudes warmth and tranquility.",Charcoal Wash Frame,,,,,,2,99,,,,,2,JanMichael400,JanMichael160,https://cdn11.bigcommerce.com/s-wb4uepr7/images/stencil/500x659/products/34825/83497/hmk681l__51899.1741786294.png,hmk681l__51899.1741786294.png,,,JanMichael800,hmk681l__51899.1741786294.png
HMK682L What Up Chicken Butt,HMK682L-1216PP15,Brown Stain Frame,"Bring a touch of whimsy and charm to your space with the vibrant 'What Up Chicken Butt' print! Featuring a beautiful sunrise scene with a stunning red-brown chicken surrounded by blooming wildflowers, this artwork adds warmth and character to any room.",Brown Stain Frame,,,,,,2,99,,,,,2,JanMichael400,JanMichael160,https://cdn11.bigcommerce.com/s-wb4uepr7/images/stencil/500x659/attribute_rule_images/50043_source_1749141775.jpg,50043_source_1749141775.jpg,,,JanMichael800,50043_source_1749141775.jpg
HMK682L What Up Chicken Butt,HMK682L-1216PBSP15,White Wash Frame,"Bring a touch of whimsy and charm to your space with the vibrant 'What Up Chicken Butt' print! Featuring a beautiful sunrise scene with a stunning red-brown chicken surrounded by blooming wildflowers, this artwork adds warmth and character to any room.",White Wash Frame,,,,,,2,99,,,,,2,JanMichael400,JanMichael160,https://cdn11.bigcommerce.com/s-wb4uepr7/images/stencil/500x659/attribute_rule_images/50044_source_1749141775.jpg,50044_source_1749141775.jpg,,,JanMichael800,50044_source_1749141775.jpg
HMK682L What Up Chicken Butt,HMK682L-1216PWWP15,Charcoal Wash Frame,"Bring a touch of whimsy and charm to your space with the vibrant 'What Up Chicken Butt' print! Featuring a beautiful sunrise scene with a stunning red-brown chicken surrounded by blooming wildflowers, this artwork adds warmth and character to any room.",Charcoal Wash Frame,,,,,,2,99,,,,,2,JanMichael400,JanMichael160,https://cdn11.bigcommerce.com/s-wb4uepr7/images/stencil/500x659/attribute_rule_images/50045_source_1749141775.jpg,50045_source_1749141775.jpg,,,JanMichael800,50045_source_1749141775.jpg
HMK684L Curious Donkeys,HMK684L-1216PP14,Brown Stain Frame,"Immerse yourself in the peaceful charm of farm life with HMK684L Curious Donkeys. This delightful picture features two donkeys and five white ducks, creating a scene of curiosity and serenity. The weathered wooden fence adds a rustic touch to this heartwarming depiction.",Brown Stain Frame,,,,,,2,99,,,,,2,JanMichael400,JanMichael160,https://cdn11.bigcommerce.com/s-wb4uepr7/images/stencil/500x659/attribute_rule_images/50046_source_1749141940.jpg,50046_source_1749141940.jpg,,,JanMichael800,50046_source_1749141940.jpg
HMK684L Curious Donkeys,HMK684L-1216PBSP14,White Wash Frame,"Immerse yourself in the peaceful charm of farm life with HMK684L Curious Donkeys. This delightful picture features two donkeys and five white ducks, creating a scene of curiosity and serenity. The weathered wooden fence adds a rustic touch to this heartwarming depiction.",White Wash Frame,,,,,,2,99,,,,,2,JanMichael400,JanMichael160,https://cdn11.bigcommerce.com/s-wb4uepr7/images/stencil/500x659/attribute_rule_images/50047_source_1749141940.jpg,50047_source_1749141940.jpg,,,JanMichael800,50047_source_1749141940.jpg
HMK684L Curious Donkeys,HMK684L-1216PWWP14,Charcoal Wash Frame,"Immerse yourself in the peaceful charm of farm life with HMK684L Curious Donkeys. This delightful picture features two donkeys and five white ducks, creating a scene of curiosity and serenity. The weathered wooden fence adds a rustic touch to this heartwarming depiction.",Charcoal Wash Frame,,,,,,2,99,,,,,2,JanMichael400,JanMichael160,https://cdn11.bigcommerce.com/s-wb4uepr7/images/stencil/500x659/attribute_rule_images/50048_source_1749141940.jpg,50048_source_1749141940.jpg,,,JanMichael800,50048_source_1749141940.jpg
HMK685L Rustic Barn,HMK685L-1216PP14,Brown Stain Frame,"Transform your space with the captivating essence of the HMK685L Rustic Barn wall art. This picturesque scene showcases a charming barn nestled in a serene countryside landscape, complete with a majestic rooster and lush daisy fields.",Brown Stain Frame,,,,,,2,99,,,,,2,JanMichael400,JanMichael160,https://cdn11.bigcommerce.com/s-wb4uepr7/images/stencil/500x659/attribute_rule_images/50049_source_1749145784.jpg,50049_source_1749145784.jpg,,,JanMichael800,50049_source_1749145784.jpg
HMK685L Rustic Barn,HMK685L-1216PBSP14,White Wash Frame,"Transform your space with the captivating essence of the HMK685L Rustic Barn wall art. This picturesque scene showcases a charming barn nestled in a serene countryside landscape, complete with a majestic rooster and lush daisy fields.",White Wash Frame,,,,,,2,99,,,,,2,JanMichael400,JanMichael160,https://cdn11.bigcommerce.com/s-wb4uepr7/images/stencil/500x659/attribute_rule_images/50050_source_1749145784.jpg,50050_source_1749145784.jpg,,,JanMichael800,50050_source_1749145784.jpg
HMK685L Rustic Barn,HMK685L-1216PWWP14,Charcoal Wash Frame,"Transform your space with the captivating essence of the HMK685L Rustic Barn wall art. This picturesque scene showcases a charming barn nestled in a serene countryside landscape, complete with a majestic rooster and lush daisy fields.",Charcoal Wash Frame,,,,,,2,99,,,,,2,JanMichael400,JanMichael160,https://cdn11.bigcommerce.com/s-wb4uepr7/images/stencil/500x659/attribute_rule_images/50051_source_1749145784.jpg,50051_source_1749145784.jpg,,,JanMichael800,50051_source_1749145784.jpg
HMK692L Laundry Day,HMK692L-1216PP14,Brown Stain Frame,"Add a touch of warmth and charm to your space with our 'Laundry Day' print. Capturing a tender moment between a mother and daughter, this piece exudes love and simplicity.",Brown Stain Frame,,,,,,2,99,,,,,2,JanMichael400,JanMichael160,https://cdn11.bigcommerce.com/s-wb4uepr7/images/stencil/500x659/attribute_rule_images/50064_source_1749146105.jpg,50064_source_1749146105.jpg,,,JanMichael800,50064_source_1749146105.jpg
HMK692L Laundry Day,HMK692L-1216PBSP14,White Wash Frame,"Add a touch of warmth and charm to your space with our 'Laundry Day' print. Capturing a tender moment between a mother and daughter, this piece exudes love and simplicity.",White Wash Frame,,,,,,2,99,,,,,2,JanMichael400,JanMichael160,https://cdn11.bigcommerce.com/s-wb4uepr7/images/stencil/500x659/attribute_rule_images/50065_source_1749146105.jpg,50065_source_1749146105.jpg,,,JanMichael800,50065_source_1749146105.jpg
HMK692L Laundry Day,HMK692L-1216PWWP14,Charcoal Wash Frame,"Add a touch of warmth and charm to your space with our 'Laundry Day' print. Capturing a tender moment between a mother and daughter, this piece exudes love and simplicity.",Charcoal Wash Frame,,,,,,2,99,,,,,2,JanMichael400,JanMichael160,https://cdn11.bigcommerce.com/s-wb4uepr7/images/stencil/500x659/attribute_rule_images/50066_source_1749146105.jpg,50066_source_1749146105.jpg,,,JanMichael800,50066_source_1749146105.jpg
HMK694L White Wolf,HMK694L-1216PP13,Brown Stain Frame,Embrace the enchanting presence of the majestic 'White Wolf' with this captivating 12x16 inch print. Its ethereal beauty captures the essence of the wild under the moon's glow.,Brown Stain Frame,,,,,,2,99,,,,,2,JanMichael400,JanMichael160,https://cdn11.bigcommerce.com/s-wb4uepr7/images/stencil/500x659/attribute_rule_images/50067_source_1749145917.jpg,50067_source_1749145917.jpg,,,JanMichael800,50067_source_1749145917.jpg
HMK694L White Wolf,HMK694L-1216PBSP13,White Wash Frame,Embrace the enchanting presence of the majestic 'White Wolf' with this captivating 12x16 inch print. Its ethereal beauty captures the essence of the wild under the moon's glow.,White Wash Frame,,,,,,2,99,,,,,2,JanMichael400,JanMichael160,https://cdn11.bigcommerce.com/s-wb4uepr7/images/stencil/500x659/attribute_rule_images/50068_source_1749145917.jpg,50068_source_1749145917.jpg,,,JanMichael800,50068_source_1749145917.jpg
HMK694L White Wolf,HMK694L-1216PWWP13,Charcoal Wash Frame,Embrace the enchanting presence of the majestic 'White Wolf' with this captivating 12x16 inch print. Its ethereal beauty captures the essence of the wild under the moon's glow.,Charcoal Wash Frame,,,,,,2,99,,,,,2,JanMichael400,JanMichael160,https://cdn11.bigcommerce.com/s-wb4uepr7/images/stencil/500x659/attribute_rule_images/50069_source_1749145917.jpg,50069_source_1749145917.jpg,,,JanMichael800,50069_source_1749145917.jpg
HMK703L Green Vintage Wildflower Painting,HMK703L-1216PP13,Brown Stain Frame,"Transform your space with the enchanting beauty of the HMK703L Green Vintage Wildflower Painting. This stunning 12x16 inch print captures the essence of nature, featuring a vibrant bouquet of wildflowers against a textured green background. Add a touch of rustic charm to your decor with this exquisite piece.",Brown Stain Frame,,,,,,2,99,,,,,2,JanMichael400,JanMichael160,https://cdn11.bigcommerce.com/s-wb4uepr7/images/stencil/500x659/attribute_rule_images/50070_source_1749146445.jpg,50070_source_1749146445.jpg,,,JanMichael800,50070_source_1749146445.jpg
HMK703L Green Vintage Wildflower Painting,HMK703L-1216PBSP13,White Wash Frame,"Transform your space with the enchanting beauty of the HMK703L Green Vintage Wildflower Painting. This stunning 12x16 inch print captures the essence of nature, featuring a vibrant bouquet of wildflowers against a textured green background. Add a touch of rustic charm to your decor with this exquisite piece.",White Wash Frame,,,,,,2,99,,,,,2,JanMichael400,JanMichael160,https://cdn11.bigcommerce.com/s-wb4uepr7/images/stencil/500x659/attribute_rule_images/50071_source_1749146445.jpg,50071_source_1749146445.jpg,,,JanMichael800,50071_source_1749146445.jpg
HMK703L Green Vintage Wildflower Painting,HMK703L-1216PWWP13,Charcoal Wash Frame,"Transform your space with the enchanting beauty of the HMK703L Green Vintage Wildflower Painting. This stunning 12x16 inch print captures the essence of nature, featuring a vibrant bouquet of wildflowers against a textured green background. Add a touch of rustic charm to your decor with this exquisite piece.",Charcoal Wash Frame,,,,,,2,99,,,,,2,JanMichael400,JanMichael160,https://cdn11.bigcommerce.com/s-wb4uepr7/images/stencil/500x659/attribute_rule_images/50072_source_1749146445.jpg,50072_source_1749146445.jpg,,,JanMichael800,50072_source_1749146445.jpg
HMK701L Nestled Bunny Rabbit,HMK701L-1216PP13,Brown Stain Frame,"Bring the charm of nature into your space with our HMK701L Nestled Bunny Rabbit wall art. This captivating print depicts a peaceful scene of a brown bunny resting in the grass, exuding tranquility and warmth.",Brown Stain Frame,,,,,,2,99,,,,,2,JanMichael400,JanMichael160,https://cdn11.bigcommerce.com/s-wb4uepr7/images/stencil/500x659/attribute_rule_images/50073_source_1749146307.jpg,50073_source_1749146307.jpg,,,JanMichael800,50073_source_1749146307.jpg
HMK701L Nestled Bunny Rabbit,HMK701L-1216PBSP13,White Wash Frame,"Bring the charm of nature into your space with our HMK701L Nestled Bunny Rabbit wall art. This captivating print depicts a peaceful scene of a brown bunny resting in the grass, exuding tranquility and warmth.",White Wash Frame,,,,,,2,99,,,,,2,JanMichael400,JanMichael160,https://cdn11.bigcommerce.com/s-wb4uepr7/images/stencil/500x659/attribute_rule_images/50074_source_1749146307.jpg,50074_source_1749146307.jpg,,,JanMichael800,50074_source_1749146307.jpg
HMK701L Nestled Bunny Rabbit,HMK701L-1216PWWP13,Charcoal Wash Frame,"Bring the charm of nature into your space with our HMK701L Nestled Bunny Rabbit wall art. This captivating print depicts a peaceful scene of a brown bunny resting in the grass, exuding tranquility and warmth.",Charcoal Wash Frame,,,,,,2,99,,,,,2,JanMichael400,JanMichael160,https://cdn11.bigcommerce.com/s-wb4uepr7/images/stencil/500x659/attribute_rule_images/50075_source_1749146307.jpg,50075_source_1749146307.jpg,,,JanMichael800,50075_source_1749146307.jpg
HMK700L Basket of Painted Eggs,HMK700L-1216PP13,Brown Stain Frame,"Add a touch of springtime whimsy to your home with the HMK700L Basket of Painted Eggs print. This charming artwork features a delightful basket filled with beautifully painted Easter eggs, exuding a warm and festive vibe.",Brown Stain Frame,,,,,,2,99,,,,,2,JanMichael400,JanMichael160,https://cdn11.bigcommerce.com/s-wb4uepr7/images/stencil/500x659/attribute_rule_images/50076_source_1749146208.jpg,50076_source_1749146208.jpg,,,JanMichael800,50076_source_1749146208.jpg
HMK700L Basket of Painted Eggs,HMK700L-1216PBSP13,White Wash Frame,"Add a touch of springtime whimsy to your home with the HMK700L Basket of Painted Eggs print. This charming artwork features a delightful basket filled with beautifully painted Easter eggs, exuding a warm and festive vibe.",White Wash Frame,,,,,,2,99,,,,,2,JanMichael400,JanMichael160,https://cdn11.bigcommerce.com/s-wb4uepr7/images/stencil/500x659/attribute_rule_images/50077_source_1749146208.jpg,50077_source_1749146208.jpg,,,JanMichael800,50077_source_1749146208.jpg
HMK700L Basket of Painted Eggs,HMK700L-1216PWWP13,Charcoal Wash Frame,"Add a touch of springtime whimsy to your home with the HMK700L Basket of Painted Eggs print. This charming artwork features a delightful basket filled with beautifully painted Easter eggs, exuding a warm and festive vibe.",Charcoal Wash Frame,,,,,,2,99,,,,,2,JanMichael400,JanMichael160,https://cdn11.bigcommerce.com/s-wb4uepr7/images/stencil/500x659/attribute_rule_images/50078_source_1749146208.jpg,50078_source_1749146208.jpg,,,JanMichael800,50078_source_1749146208.jpg
HMK699L Sitting White Bunny,HMK699L-810PP25,Brown Stain Frame,"Enhance your space with the adorable HMK699L Sitting White Bunny print. This charming piece features a plump white bunny nestled among lush green surroundings, adding a touch of nature's beauty to your walls.",Brown Stain Frame,,,,,,2,99,,,,,2,JanMichael400,JanMichael160,https://cdn11.bigcommerce.com/s-wb4uepr7/images/stencil/500x659/attribute_rule_images/50079_source_1749053977.jpg,50079_source_1749053977.jpg,,,JanMichael800,50079_source_1749053977.jpg
HMK699L Sitting White Bunny,HMK699L-810PBSP25,White Wash Frame,"Enhance your space with the adorable HMK699L Sitting White Bunny print. This charming piece features a plump white bunny nestled among lush green surroundings, adding a touch of nature's beauty to your walls.",White Wash Frame,,,,,,2,99,,,,,2,JanMichael400,JanMichael160,https://cdn11.bigcommerce.com/s-wb4uepr7/images/stencil/500x659/attribute_rule_images/50080_source_1746721788.jpg,50080_source_1746721788.jpg,,,JanMichael800,50080_source_1746721788.jpg
HMK699L Sitting White Bunny,HMK699L-810PWWP25,Charcoal Wash Frame,"Enhance your space with the adorable HMK699L Sitting White Bunny print. This charming piece features a plump white bunny nestled among lush green surroundings, adding a touch of nature's beauty to your walls.",Charcoal Wash Frame,,,,,,2,99,,,,,2,JanMichael400,JanMichael160,https://cdn11.bigcommerce.com/s-wb4uepr7/images/stencil/500x659/attribute_rule_images/50081_source_1746722929.jpg,50081_source_1746722929.jpg,,,JanMichael800,50081_source_1746722929.jpg
JO266 Timeless Blooms,JO266-810PP25,Brown Stain Frame,"Add a touch of timeless elegance to your space with JO266 Timeless Blooms. This exquisite print showcases delicate white florals in a stunning ombre vase, exuding tranquility and sophistication.",Brown Stain Frame,,,,,,2,99,,,,,2,JanMichael400,JanMichael160,https://cdn11.bigcommerce.com/s-wb4uepr7/images/stencil/500x659/products/35009/95553/8x10_brownframe_JO266__35674.1752939699.jpg,8x10_brownframe_JO266__35674.1752939699.jpg,,,JanMichael800,8x10_brownframe_JO266__35674.1752939699.jpg
JO266 Timeless Blooms,JO266-810PBS25,White Wash Frame,"Add a touch of timeless elegance to your space with JO266 Timeless Blooms. This exquisite print showcases delicate white florals in a stunning ombre vase, exuding tranquility and sophistication.",White Wash Frame,,,,,,2,99,,,,,2,JanMichael400,JanMichael160,https://cdn11.bigcommerce.com/s-wb4uepr7/images/stencil/500x659/products/35009/95553/8x10_brownframe_JO266__35674.1752939699.jpg,8x10_brownframe_JO266__35674.1752939699.jpg,,,JanMichael800,8x10_brownframe_JO266__35674.1752939699.jpg
JO266 Timeless Blooms,JO266-810PWWP25,Charcoal Wash Frame,"Add a touch of timeless elegance to your space with JO266 Timeless Blooms. This exquisite print showcases delicate white florals in a stunning ombre vase, exuding tranquility and sophistication.",Charcoal Wash Frame,,,,,,2,99,,,,,2,JanMichael400,JanMichael160,https://cdn11.bigcommerce.com/s-wb4uepr7/images/stencil/500x659/products/35009/95553/8x10_brownframe_JO266__35674.1752939699.jpg,8x10_brownframe_JO266__35674.1752939699.jpg,,,JanMichael800,8x10_brownframe_JO266__35674.1752939699.jpg
JO260 Side by Side,JO260-810PP25,Brown Stain Frame,"Immerse yourself in the beauty of nature with our stunning JO260 Side by Side print. This captivating image features two majestic horses standing side by side in a peaceful field, exuding a sense of serene companionship.",Brown Stain Frame,,,,,,2,99,,,,,2,JanMichael400,JanMichael160,https://cdn11.bigcommerce.com/s-wb4uepr7/images/stencil/500x659/attribute_rule_images/50085_source_1752940038.jpg,50085_source_1752940038.jpg,,,JanMichael800,50085_source_1752940038.jpg
JO260 Side by Side,JO260-810PBSP25,White Wash Frame,"Immerse yourself in the beauty of nature with our stunning JO260 Side by Side print. This captivating image features two majestic horses standing side by side in a peaceful field, exuding a sense of serene companionship.",White Wash Frame,,,,,,2,99,,,,,2,JanMichael400,JanMichael160,https://cdn11.bigcommerce.com/s-wb4uepr7/images/stencil/500x659/attribute_rule_images/50086_source_1752940038.jpg,50086_source_1752940038.jpg,,,JanMichael800,50086_source_1752940038.jpg
JO260 Side by Side,JO260-810PWWP25,Charcoal Wash Frame,"Immerse yourself in the beauty of nature with our stunning JO260 Side by Side print. This captivating image features two majestic horses standing side by side in a peaceful field, exuding a sense of serene companionship.",Charcoal Wash Frame,,,,,,2,99,,,,,2,JanMichael400,JanMichael160,https://cdn11.bigcommerce.com/s-wb4uepr7/images/stencil/500x659/attribute_rule_images/50087_source_1752940038.jpg,50087_source_1752940038.jpg,,,JanMichael800,50087_source_1752940038.jpg
JO277 Cowboy Highlander,JO277-1216PP16,Brown Stain Frame,"Step into the wild frontier with our JO277 Cowboy Highlander print. This unique piece captures the rugged charm of the Highlands and the adventurous spirit of the Wild West. A majestic Highland cow with a cowboy hat perched atop its head stands proudly in the rustic landscape, exuding strength and charisma.",Brown Stain Frame,,,,,,2,99,,,,,2,JanMichael400,JanMichael160,https://cdn11.bigcommerce.com/s-wb4uepr7/images/stencil/500x659/attribute_rule_images/50088_source_1752856922.jpg,50088_source_1752856922.jpg,,,JanMichael800,50088_source_1752856922.jpg
JO277 Cowboy Highlander,JO277-1216PBSP16,White Wash Frame,"Step into the wild frontier with our JO277 Cowboy Highlander print. This unique piece captures the rugged charm of the Highlands and the adventurous spirit of the Wild West. A majestic Highland cow with a cowboy hat perched atop its head stands proudly in the rustic landscape, exuding strength and charisma.",White Wash Frame,,,,,,2,99,,,,,2,JanMichael400,JanMichael160,https://cdn11.bigcommerce.com/s-wb4uepr7/images/stencil/500x659/attribute_rule_images/50089_source_1752856922.jpg,50089_source_1752856922.jpg,,,JanMichael800,50089_source_1752856922.jpg
JO277 Cowboy Highlander,JO277-1216PWWP16,Charcoal Wash Frame,"Step into the wild frontier with our JO277 Cowboy Highlander print. This unique piece captures the rugged charm of the Highlands and the adventurous spirit of the Wild West. A majestic Highland cow with a cowboy hat perched atop its head stands proudly in the rustic landscape, exuding strength and charisma.",Charcoal Wash Frame,,,,,,2,99,,,,,2,JanMichael400,JanMichael160,https://cdn11.bigcommerce.com/s-wb4uepr7/images/stencil/500x659/products/35011/95470/12x16BrownFrame_JO277__59518.1752856922.jpg,12x16BrownFrame_JO277__59518.1752856922.jpg,,,JanMichael800,12x16BrownFrame_JO277__59518.1752856922.jpg
JO279 Wildflower Wanderer,JO279-810PP25,Brown Stain Frame,"Immerse yourself in the serenity of the 'Wildflower Wanderer' print, capturing the essence of nature's beauty. Picture a lone sheep peacefully strolling through a lush field adorned with delicate blue and white wildflowers, creating a harmonious blend of colors.",Brown Stain Frame,,,,,,2,99,,,,,2,JanMichael400,JanMichael160,https://cdn11.bigcommerce.com/s-wb4uepr7/images/stencil/500x659/attribute_rule_images/50091_source_1752522806.jpg,50091_source_1752522806.jpg,,,JanMichael800,50091_source_1752522806.jpg
JO279 Wildflower Wanderer,JO279-810PBSP25,White Wash Frame,"Immerse yourself in the serenity of the 'Wildflower Wanderer' print, capturing the essence of nature's beauty. Picture a lone sheep peacefully strolling through a lush field adorned with delicate blue and white wildflowers, creating a harmonious blend of colors.",White Wash Frame,,,,,,2,99,,,,,2,JanMichael400,JanMichael160,https://cdn11.bigcommerce.com/s-wb4uepr7/images/stencil/500x659/attribute_rule_images/50092_source_1752522806.jpg,50092_source_1752522806.jpg,,,JanMichael800,50092_source_1752522806.jpg
JO279 Wildflower Wanderer,JO279-810PWWP25,Charcoal Wash Frame,"Immerse yourself in the serenity of the 'Wildflower Wanderer' print, capturing the essence of nature's beauty. Picture a lone sheep peacefully strolling through a lush field adorned with delicate blue and white wildflowers, creating a harmonious blend of colors.",Charcoal Wash Frame,,,,,,2,99,,,,,2,JanMichael400,JanMichael160,https://cdn11.bigcommerce.com/s-wb4uepr7/images/stencil/500x659/attribute_rule_images/50093_source_1752522805.jpg,50093_source_1752522805.jpg,,,JanMichael800,50093_source_1752522805.jpg
JO280 Black Sheep in Bloom,JO280-810PP25,Brown Stain Frame,"Immerse yourself in the serene beauty of the JO280 Black Sheep in Bloom print. This captivating artwork features a lone black sheep surrounded by delicate blue and white wildflowers, creating a peaceful and charming scene.",Brown Stain Frame,,,,,,2,99,,,,,2,JanMichael400,JanMichael160,https://cdn11.bigcommerce.com/s-wb4uepr7/images/stencil/500x659/attribute_rule_images/50094_source_1752523098.jpg,50094_source_1752523098.jpg,,,JanMichael800,50094_source_1752523098.jpg
JO280 Black Sheep in Bloom,JO280-810PBSP25,White Wash Frame,"Immerse yourself in the serene beauty of the JO280 Black Sheep in Bloom print. This captivating artwork features a lone black sheep surrounded by delicate blue and white wildflowers, creating a peaceful and charming scene.",White Wash Frame,,,,,,2,99,,,,,2,JanMichael400,JanMichael160,https://cdn11.bigcommerce.com/s-wb4uepr7/images/stencil/500x659/attribute_rule_images/50095_source_1752523098.jpg,50095_source_1752523098.jpg,,,JanMichael800,50095_source_1752523098.jpg
JO280 Black Sheep in Bloom,JO280-810PWWP25,Charcoal Wash Frame,"Immerse yourself in the serene beauty of the JO280 Black Sheep in Bloom print. This captivating artwork features a lone black sheep surrounded by delicate blue and white wildflowers, creating a peaceful and charming scene.",Charcoal Wash Frame,,,,,,2,99,,,,,2,JanMichael400,JanMichael160,https://cdn11.bigcommerce.com/s-wb4uepr7/images/stencil/500x659/attribute_rule_images/50096_source_1752523098.jpg,50096_source_1752523098.jpg,,,JanMichael800,50096_source_1752523098.jpg
KAM771 Tea Time,KAM771-810PP24,Brown Stain Frame,"Add a touch of whimsy to your home decor with our KAM771 Tea Time print. This charming 8x10 inch piece features a sweet yellow chick nestled in a teacup, exuding warmth and coziness.",Brown Stain Frame,,,,,,2,99,,,,,2,JanMichael400,JanMichael160,https://cdn11.bigcommerce.com/s-wb4uepr7/images/stencil/500x659/attribute_rule_images/50097_source_1742213757.jpg,50097_source_1742213757.jpg,,,JanMichael800,50097_source_1742213757.jpg
KAM771 Tea Time,KAM771-810PBSP24,White Wash Frame,"Add a touch of whimsy to your home decor with our KAM771 Tea Time print. This charming 8x10 inch piece features a sweet yellow chick nestled in a teacup, exuding warmth and coziness.",White Wash Frame,,,,,,2,99,,,,,2,JanMichael400,JanMichael160,https://cdn11.bigcommerce.com/s-wb4uepr7/images/stencil/500x659/attribute_rule_images/50098_source_1742213757.jpg,50098_source_1742213757.jpg,,,JanMichael800,50098_source_1742213757.jpg
KAM771 Tea Time,KAM771-810PWWP24,Charcoal Wash Frame,"Add a touch of whimsy to your home decor with our KAM771 Tea Time print. This charming 8x10 inch piece features a sweet yellow chick nestled in a teacup, exuding warmth and coziness.",Charcoal Wash Frame,,,,,,2,99,,,,,2,JanMichael400,JanMichael160,https://cdn11.bigcommerce.com/s-wb4uepr7/images/stencil/500x659/attribute_rule_images/50099_source_1742213757.jpg,50099_source_1742213757.jpg,,,JanMichael800,50099_source_1742213757.jpg
JO286 Pure Beauty,JO286-1216PP16,Brown Stain Frame,"Elevate your space with JO286 Pure Beauty, a stunning print capturing the essence of timeless elegance. The soft cream backdrop sets the stage for the thirteen delicate white flowers, emanating a sense of tranquility and freshness.",Brown Stain Frame,,,,,,2,99,,,,,2,JanMichael400,JanMichael160,https://cdn11.bigcommerce.com/s-wb4uepr7/images/stencil/500x659/products/35016/83551/JO286__33207.1742470168.jpg,JO286__33207.1742470168.jpg,,,JanMichael800,JO286__33207.1742470168.jpg
JO286 Pure Beauty,JO286-1216PBSP16,White Wash Frame,"Elevate your space with JO286 Pure Beauty, a stunning print capturing the essence of timeless elegance. The soft cream backdrop sets the stage for the thirteen delicate white flowers, emanating a sense of tranquility and freshness.",White Wash Frame,,,,,,2,99,,,,,2,JanMichael400,JanMichael160,https://cdn11.bigcommerce.com/s-wb4uepr7/images/stencil/500x659/products/35016/83551/JO286__33207.1742470168.jpg,JO286__33207.1742470168.jpg,,,JanMichael800,JO286__33207.1742470168.jpg
JO286 Pure Beauty,JO286-1216PWWP16,Charcoal Wash Frame,"Elevate your space with JO286 Pure Beauty, a stunning print capturing the essence of timeless elegance. The soft cream backdrop sets the stage for the thirteen delicate white flowers, emanating a sense of tranquility and freshness.",Charcoal Wash Frame,,,,,,2,99,,,,,2,JanMichael400,JanMichael160,https://cdn11.bigcommerce.com/s-wb4uepr7/images/stencil/500x659/products/35016/83551/JO286__33207.1742470168.jpg,JO286__33207.1742470168.jpg,,,JanMichael800,JO286__33207.1742470168.jpg
JO287 White and Gold Elegance,JO287-1216PP16,Brown Stain Frame,"Transform your space with the JO287 White and Gold Elegance print. This stunning piece features a golden vase holding a bouquet of white florals, creating a sophisticated and timeless look.",Brown Stain Frame,,,,,,2,99,,,,,2,JanMichael400,JanMichael160,https://cdn11.bigcommerce.com/s-wb4uepr7/images/stencil/500x659/attribute_rule_images/50103_source_1752856631.jpg,50103_source_1752856631.jpg,,,JanMichael800,50103_source_1752856631.jpg
JO287 White and Gold Elegance,JO287-1216PBSP16,White Wash Frame,"Transform your space with the JO287 White and Gold Elegance print. This stunning piece features a golden vase holding a bouquet of white florals, creating a sophisticated and timeless look.",White Wash Frame,,,,,,2,99,,,,,2,JanMichael400,JanMichael160,https://cdn11.bigcommerce.com/s-wb4uepr7/images/stencil/500x659/attribute_rule_images/50104_source_1752856631.jpg,50104_source_1752856631.jpg,,,JanMichael800,50104_source_1752856631.jpg
JO287 White and Gold Elegance,JO287-1216PWWP16,Charcoal Wash Frame,"Transform your space with the JO287 White and Gold Elegance print. This stunning piece features a golden vase holding a bouquet of white florals, creating a sophisticated and timeless look.",Charcoal Wash Frame,,,,,,2,99,,,,,2,JanMichael400,JanMichael160,https://cdn11.bigcommerce.com/s-wb4uepr7/images/stencil/500x659/products/35102/95467/12x16BrownFrame_JO287__43980.1752868493.jpg,12x16BrownFrame_JO287__43980.1752868493.jpg,,,JanMichael800,12x16BrownFrame_JO287__43980.1752868493.jpg
JO289 Lavender and Lemons,JO289-1216PP16,Brown Stain Frame,"Add a touch of charm to your home with our exquisite print, 'Lavender and Lemons'. This stunning piece features a beautiful cream vase filled with delicate lavender sprigs and a bowl of fresh lemons, creating a rustic and inviting atmosphere.",Brown Stain Frame,,,,,,2,99,,,,,2,JanMichael400,JanMichael160,https://cdn11.bigcommerce.com/s-wb4uepr7/images/stencil/500x659/products/35104/83572/JO289__02397.1742405277.jpg,JO289__02397.1742405277.jpg,,,JanMichael800,JO289__02397.1742405277.jpg
JO289 Lavender and Lemons,JO289-1216PBSP16,White Wash Frame,"Add a touch of charm to your home with our exquisite print, 'Lavender and Lemons'. This stunning piece features a beautiful cream vase filled with delicate lavender sprigs and a bowl of fresh lemons, creating a rustic and inviting atmosphere.",White Wash Frame,,,,,,2,99,,,,,2,JanMichael400,JanMichael160,https://cdn11.bigcommerce.com/s-wb4uepr7/images/stencil/500x659/products/35104/83572/JO289__02397.1742405277.jpg,JO289__02397.1742405277.jpg,,,JanMichael800,JO289__02397.1742405277.jpg
JO289 Lavender and Lemons,JO289-1216PWWP16,Charcoal Wash Frame,"Add a touch of charm to your home with our exquisite print, 'Lavender and Lemons'. This stunning piece features a beautiful cream vase filled with delicate lavender sprigs and a bowl of fresh lemons, creating a rustic and inviting atmosphere.",Charcoal Wash Frame,,,,,,2,99,,,,,2,JanMichael400,JanMichael160,https://cdn11.bigcommerce.com/s-wb4uepr7/images/stencil/500x659/products/35104/83572/JO289__02397.1742405277.jpg,JO289__02397.1742405277.jpg,,,JanMichael800,JO289__02397.1742405277.jpg
HMK704L Dark Antique Swan,HMK704L-1216PP13,Brown Stain Frame,"Add a touch of elegance to your home decor with the mesmerizing 'Dark Antique Swan' print. Capturing the beauty and grace of a majestic black swan gliding across enchanting waters, this artwork exudes a sense of timeless charm and sophistication.",Brown Stain Frame,,,,,,2,99,,,,,2,JanMichael400,JanMichael160,https://cdn11.bigcommerce.com/s-wb4uepr7/images/stencil/500x659/attribute_rule_images/50109_source_1749580442.jpg,50109_source_1749580442.jpg,,,JanMichael800,50109_source_1749580442.jpg
HMK704L Dark Antique Swan,HMK704L-1216PBSP13,White Wash Frame,"Add a touch of elegance to your home decor with the mesmerizing 'Dark Antique Swan' print. Capturing the beauty and grace of a majestic black swan gliding across enchanting waters, this artwork exudes a sense of timeless charm and sophistication.",White Wash Frame,,,,,,2,99,,,,,2,JanMichael400,JanMichael160,https://cdn11.bigcommerce.com/s-wb4uepr7/images/stencil/500x659/attribute_rule_images/50110_source_1749580442.jpg,50110_source_1749580442.jpg,,,JanMichael800,50110_source_1749580442.jpg
HMK704L Dark Antique Swan,HMK704L-1216PWWP13,Charcoal Wash Frame,"Add a touch of elegance to your home decor with the mesmerizing 'Dark Antique Swan' print. Capturing the beauty and grace of a majestic black swan gliding across enchanting waters, this artwork exudes a sense of timeless charm and sophistication.",Charcoal Wash Frame,,,,,,2,99,,,,,2,JanMichael400,JanMichael160,https://cdn11.bigcommerce.com/s-wb4uepr7/images/stencil/500x659/attribute_rule_images/50111_source_1749580442.jpg,50111_source_1749580442.jpg,,,JanMichael800,50111_source_1749580442.jpg
HMK696L Evening Sheep,HMK696L-1216PP13,Brown Stain Frame,"Elevate your space with the mesmerizing beauty of the HMK696L Evening Sheep print. This enchanting piece captures the serene essence of a lone sheep in a tranquil field at dusk, exuding a sense of peace and harmony.",Brown Stain Frame,,,,,,2,99,,,,,2,JanMichael400,JanMichael160,https://cdn11.bigcommerce.com/s-wb4uepr7/images/stencil/500x659/attribute_rule_images/50112_source_1749146012.jpg,50112_source_1749146012.jpg,,,JanMichael800,50112_source_1749146012.jpg
HMK696L Evening Sheep,HMK696L-1216PBSP13,White Wash Frame,"Elevate your space with the mesmerizing beauty of the HMK696L Evening Sheep print. This enchanting piece captures the serene essence of a lone sheep in a tranquil field at dusk, exuding a sense of peace and harmony.",White Wash Frame,,,,,,2,99,,,,,2,JanMichael400,JanMichael160,https://cdn11.bigcommerce.com/s-wb4uepr7/images/stencil/500x659/attribute_rule_images/50113_source_1749146012.jpg,50113_source_1749146012.jpg,,,JanMichael800,50113_source_1749146012.jpg
HMK696L Evening Sheep,HMK696L-1216PWWP13,Charcoal Wash Frame,"Elevate your space with the mesmerizing beauty of the HMK696L Evening Sheep print. This enchanting piece captures the serene essence of a lone sheep in a tranquil field at dusk, exuding a sense of peace and harmony.",Charcoal Wash Frame,,,,,,2,99,,,,,2,JanMichael400,JanMichael160,https://cdn11.bigcommerce.com/s-wb4uepr7/images/stencil/500x659/attribute_rule_images/50114_source_1749146012.jpg,50114_source_1749146012.jpg,,,JanMichael800,50114_source_1749146012.jpg
HMK709L Wildflower Cowgirl Hat,HMK709L-1216PP13,Brown Stain Frame,"Step into the wild west with our stunning HMK709L Wildflower Cowgirl Hat print. Featuring a charming cowgirl hat resting on a bed of delicate white wildflowers, this piece exudes rustic elegance.",Brown Stain Frame,,,,,,2,99,,,,,2,JanMichael400,JanMichael160,https://cdn11.bigcommerce.com/s-wb4uepr7/images/stencil/500x659/attribute_rule_images/50115_source_1749146558.jpg,50115_source_1749146558.jpg,,,JanMichael800,50115_source_1749146558.jpg
HMK709L Wildflower Cowgirl Hat,HMK709L-1216PBSP13,White Wash Frame,"Step into the wild west with our stunning HMK709L Wildflower Cowgirl Hat print. Featuring a charming cowgirl hat resting on a bed of delicate white wildflowers, this piece exudes rustic elegance.",White Wash Frame,,,,,,2,99,,,,,2,JanMichael400,JanMichael160,https://cdn11.bigcommerce.com/s-wb4uepr7/images/stencil/500x659/attribute_rule_images/50116_source_1749146558.jpg,50116_source_1749146558.jpg,,,JanMichael800,50116_source_1749146558.jpg
HMK709L Wildflower Cowgirl Hat,HMK709L-1216PWWP13,Charcoal Wash Frame,"Step into the wild west with our stunning HMK709L Wildflower Cowgirl Hat print. Featuring a charming cowgirl hat resting on a bed of delicate white wildflowers, this piece exudes rustic elegance.",Charcoal Wash Frame,,,,,,2,99,,,,,2,JanMichael400,JanMichael160,https://cdn11.bigcommerce.com/s-wb4uepr7/images/stencil/500x659/attribute_rule_images/50117_source_1749146558.jpg,50117_source_1749146558.jpg,,,JanMichael800,50117_source_1749146558.jpg
HMK715L Boo!,HMK715L-1216PP1,Brown Stain Frame,"Add a touch of spooky elegance to your Halloween décor with Boo!, a stunning 12x16-inch art print capturing a beautifully startled Victorian woman surrounded by glowing jack-o’-lanterns. With striking details and a rich, vintage-inspired oil painting style, this print brings a unique blend of gothic charm and festive fright to any space.",Brown Stain Frame,,,,,,2,99,,,,,2,JanMichael400,JanMichael160,https://cdn11.bigcommerce.com/s-wb4uepr7/images/stencil/500x659/attribute_rule_images/50118_source_1749147588.jpg,50118_source_1749147588.jpg,,,JanMichael800,50118_source_1749147588.jpg
HMK715L Boo!,HMK715L-1216PBSP1,White Wash Frame,"Add a touch of spooky elegance to your Halloween décor with Boo!, a stunning 12x16-inch art print capturing a beautifully startled Victorian woman surrounded by glowing jack-o’-lanterns. With striking details and a rich, vintage-inspired oil painting style, this print brings a unique blend of gothic charm and festive fright to any space.",White Wash Frame,,,,,,2,99,,,,,2,JanMichael400,JanMichael160,https://cdn11.bigcommerce.com/s-wb4uepr7/images/stencil/500x659/attribute_rule_images/50119_source_1749147588.jpg,50119_source_1749147588.jpg,,,JanMichael800,50119_source_1749147588.jpg
HMK715L Boo!,HMK715L-1216PWWP1,Charcoal Wash Frame,"Add a touch of spooky elegance to your Halloween décor with Boo!, a stunning 12x16-inch art print capturing a beautifully startled Victorian woman surrounded by glowing jack-o’-lanterns. With striking details and a rich, vintage-inspired oil painting style, this print brings a unique blend of gothic charm and festive fright to any space.",Charcoal Wash Frame,,,,,,2,99,,,,,2,JanMichael400,JanMichael160,https://cdn11.bigcommerce.com/s-wb4uepr7/images/stencil/500x659/attribute_rule_images/50120_source_1749147588.jpg,50120_source_1749147588.jpg,,,JanMichael800,50120_source_1749147588.jpg
HMK713L Snowy Nutcracker,HMK713L-1216PP3,Brown Stain Frame,"Transform your home with the enchanting Snowy Nutcracker framed print. Capturing the magic of the holiday season, this nostalgic artwork features a classic nutcracker amidst gentle falling snow, radiating festive warmth and charm.",Brown Stain Frame,,,,,,2,99,,,,,2,JanMichael400,JanMichael160,https://cdn11.bigcommerce.com/s-wb4uepr7/images/stencil/500x659/attribute_rule_images/50121_source_1749147316.jpg,50121_source_1749147316.jpg,,,JanMichael800,50121_source_1749147316.jpg
HMK713L Snowy Nutcracker,HMK713L-1216PBSP3,White Wash Frame,"Transform your home with the enchanting Snowy Nutcracker framed print. Capturing the magic of the holiday season, this nostalgic artwork features a classic nutcracker amidst gentle falling snow, radiating festive warmth and charm.",White Wash Frame,,,,,,2,99,,,,,2,JanMichael400,JanMichael160,https://cdn11.bigcommerce.com/s-wb4uepr7/images/stencil/500x659/attribute_rule_images/50122_source_1749147316.jpg,50122_source_1749147316.jpg,,,JanMichael800,50122_source_1749147316.jpg
HMK713L Snowy Nutcracker,HMK713L-1216PWWP3,Charcoal Wash Frame,"Transform your home with the enchanting Snowy Nutcracker framed print. Capturing the magic of the holiday season, this nostalgic artwork features a classic nutcracker amidst gentle falling snow, radiating festive warmth and charm.",Charcoal Wash Frame,,,,,,2,99,,,,,2,JanMichael400,JanMichael160,https://cdn11.bigcommerce.com/s-wb4uepr7/images/stencil/500x659/attribute_rule_images/50123_source_1749147316.jpg,50123_source_1749147316.jpg,,,JanMichael800,50123_source_1749147316.jpg
HMK714L Mum Wagon,HMK714L-1216PP2,Brown Stain Frame,"Add a touch of rustic autumn charm to your home with the Mum Wagon framed print. This beautifully detailed artwork features a vintage wooden wagon overflowing with lush orange and white mums, set against a warm fall backdrop.",Brown Stain Frame,,,,,,2,99,,,,,2,JanMichael400,JanMichael160,https://cdn11.bigcommerce.com/s-wb4uepr7/images/stencil/500x659/attribute_rule_images/50124_source_1749147494.jpg,50124_source_1749147494.jpg,,,JanMichael800,50124_source_1749147494.jpg
HMK714L Mum Wagon,HMK714L-1216PBSP2,White Wash Frame,"Add a touch of rustic autumn charm to your home with the Mum Wagon framed print. This beautifully detailed artwork features a vintage wooden wagon overflowing with lush orange and white mums, set against a warm fall backdrop.",White Wash Frame,,,,,,2,99,,,,,2,JanMichael400,JanMichael160,https://cdn11.bigcommerce.com/s-wb4uepr7/images/stencil/500x659/attribute_rule_images/50125_source_1749147494.jpg,50125_source_1749147494.jpg,,,JanMichael800,50125_source_1749147494.jpg
HMK714L Mum Wagon,HMK714L-1216PWWP2,Charcoal Wash Frame,"Add a touch of rustic autumn charm to your home with the Mum Wagon framed print. This beautifully detailed artwork features a vintage wooden wagon overflowing with lush orange and white mums, set against a warm fall backdrop.",Charcoal Wash Frame,,,,,,2,99,,,,,2,JanMichael400,JanMichael160,https://cdn11.bigcommerce.com/s-wb4uepr7/images/stencil/500x659/attribute_rule_images/50126_source_1749147494.jpg,50126_source_1749147494.jpg,,,JanMichael800,50126_source_1749147494.jpg
HMK717L Field of Pumpkins,HMK717L-1216PP2,Brown Stain Frame,"Immerse your home in the cozy essence of fall with our Field of Pumpkins art print. Capturing the beauty of a serene pumpkin patch, this rustic piece brings warmth and charm to any space.",Brown Stain Frame,,,,,,2,99,,,,,2,JanMichael400,JanMichael160,https://cdn11.bigcommerce.com/s-wb4uepr7/images/stencil/500x659/attribute_rule_images/50127_source_1749147754.jpg,50127_source_1749147754.jpg,,,JanMichael800,50127_source_1749147754.jpg
HMK717L Field of Pumpkins,HMK717L-1216PBSP2,White Wash Frame,"Immerse your home in the cozy essence of fall with our Field of Pumpkins art print. Capturing the beauty of a serene pumpkin patch, this rustic piece brings warmth and charm to any space.",White Wash Frame,,,,,,2,99,,,,,2,JanMichael400,JanMichael160,https://cdn11.bigcommerce.com/s-wb4uepr7/images/stencil/500x659/attribute_rule_images/50128_source_1749147754.jpg,50128_source_1749147754.jpg,,,JanMichael800,50128_source_1749147754.jpg
HMK717L Field of Pumpkins,HMK717L-1216PWWP2,Charcoal Wash Frame,"Immerse your home in the cozy essence of fall with our Field of Pumpkins art print. Capturing the beauty of a serene pumpkin patch, this rustic piece brings warmth and charm to any space.",Charcoal Wash Frame,,,,,,2,99,,,,,2,JanMichael400,JanMichael160,https://cdn11.bigcommerce.com/s-wb4uepr7/images/stencil/500x659/attribute_rule_images/50129_source_1749147754.jpg,50129_source_1749147754.jpg,,,JanMichael800,50129_source_1749147754.jpg
HMK718L Girl Pumpkin Dreaming,HMK718L-1216PP1,Brown Stain Frame,"Transform your space with the enchanting Girl Pumpkin Dreaming art print. Featuring a whimsical young girl surrounded by jack-o'-lanterns and autumn leaves, this vintage-inspired piece adds a touch of magic to any room.",Brown Stain Frame,,,,,,2,99,,,,,2,JanMichael400,JanMichael160,https://cdn11.bigcommerce.com/s-wb4uepr7/images/stencil/500x659/attribute_rule_images/50130_source_1749147859.jpg,50130_source_1749147859.jpg,,,JanMichael800,50130_source_1749147859.jpg
HMK718L Girl Pumpkin Dreaming,HMK718L-1216PBSP1,White Wash Frame,"Transform your space with the enchanting Girl Pumpkin Dreaming art print. Featuring a whimsical young girl surrounded by jack-o'-lanterns and autumn leaves, this vintage-inspired piece adds a touch of magic to any room.",White Wash Frame,,,,,,2,99,,,,,2,JanMichael400,JanMichael160,https://cdn11.bigcommerce.com/s-wb4uepr7/images/stencil/500x659/attribute_rule_images/50131_source_1749147859.jpg,50131_source_1749147859.jpg,,,JanMichael800,50131_source_1749147859.jpg
HMK718L Girl Pumpkin Dreaming,HMK718L-1216PWWP1,Charcoal Wash Frame,"Transform your space with the enchanting Girl Pumpkin Dreaming art print. Featuring a whimsical young girl surrounded by jack-o'-lanterns and autumn leaves, this vintage-inspired piece adds a touch of magic to any room.",Charcoal Wash Frame,,,,,,2,99,,,,,2,JanMichael400,JanMichael160,https://cdn11.bigcommerce.com/s-wb4uepr7/images/stencil/500x659/attribute_rule_images/50132_source_1749147859.jpg,50132_source_1749147859.jpg,,,JanMichael800,50132_source_1749147859.jpg
HMK719L Witch Sitting a Spell,HMK719L-1216PP2,Brown Stain Frame,"Add a touch of enchanting Halloween charm to your home with Witch Sitting a Spell, a beautifully detailed 12x16"" art print that captures the mystique of the season.",Brown Stain Frame,,,,,,2,99,,,,,2,JanMichael400,JanMichael160,https://cdn11.bigcommerce.com/s-wb4uepr7/images/stencil/500x659/attribute_rule_images/50133_source_1749147947.jpg,50133_source_1749147947.jpg,,,JanMichael800,50133_source_1749147947.jpg
HMK719L Witch Sitting a Spell,HMK719L-1216PBSP2,White Wash Frame,"Add a touch of enchanting Halloween charm to your home with Witch Sitting a Spell, a beautifully detailed 12x16"" art print that captures the mystique of the season.",White Wash Frame,,,,,,2,99,,,,,2,JanMichael400,JanMichael160,https://cdn11.bigcommerce.com/s-wb4uepr7/images/stencil/500x659/attribute_rule_images/50134_source_1749147947.jpg,50134_source_1749147947.jpg,,,JanMichael800,50134_source_1749147947.jpg
HMK719L Witch Sitting a Spell,HMK719L-1216PWWP2,Charcoal Wash Frame,"Add a touch of enchanting Halloween charm to your home with Witch Sitting a Spell, a beautifully detailed 12x16"" art print that captures the mystique of the season.",Charcoal Wash Frame,,,,,,2,99,,,,,2,JanMichael400,JanMichael160,https://cdn11.bigcommerce.com/s-wb4uepr7/images/stencil/500x659/attribute_rule_images/50135_source_1749147947.jpg,50135_source_1749147947.jpg,,,JanMichael800,50135_source_1749147947.jpg
HMK721L Vintage Bunny Love Painting,HMK721L-810PP25,Brown Stain Frame,"Bring the charm of nature and nostalgia into your home with the Vintage Bunny Love Painting. This framed 8x10"" art print showcases an adorable bunny holding a bouquet of blush pink roses against a dreamy background, exuding vintage elegance.",Brown Stain Frame,,,,,,2,99,,,,,2,JanMichael400,JanMichael160,https://cdn11.bigcommerce.com/s-wb4uepr7/images/stencil/500x659/attribute_rule_images/50136_source_1749054267.jpg,50136_source_1749054267.jpg,,,JanMichael800,50136_source_1749054267.jpg
HMK721L Vintage Bunny Love Painting,HMK721L-810PBSP25,White Wash Frame,"Bring the charm of nature and nostalgia into your home with the Vintage Bunny Love Painting. This framed 8x10"" art print showcases an adorable bunny holding a bouquet of blush pink roses against a dreamy background, exuding vintage elegance.",White Wash Frame,,,,,,2,99,,,,,2,JanMichael400,JanMichael160,https://cdn11.bigcommerce.com/s-wb4uepr7/images/stencil/500x659/attribute_rule_images/50137_source_1746721735.jpg,50137_source_1746721735.jpg,,,JanMichael800,50137_source_1746721735.jpg
HMK721L Vintage Bunny Love Painting,HMK721L-810PWWP25,Charcoal Wash Frame,"Bring the charm of nature and nostalgia into your home with the Vintage Bunny Love Painting. This framed 8x10"" art print showcases an adorable bunny holding a bouquet of blush pink roses against a dreamy background, exuding vintage elegance.",Charcoal Wash Frame,,,,,,2,99,,,,,2,JanMichael400,JanMichael160,https://cdn11.bigcommerce.com/s-wb4uepr7/images/stencil/500x659/attribute_rule_images/50138_source_1746721735.jpg,50138_source_1746721735.jpg,,,JanMichael800,50138_source_1746721735.jpg
HMK722L Portrait of a Pumpkin Man,HMK722L-1216PP2,Brown Stain Frame,"Add a hauntingly unique touch to your décor with Portrait of a Pumpkin Man, a striking 12x16"" art print that blends eerie elegance with rustic charm.",Brown Stain Frame,,,,,,2,99,,,,,2,JanMichael400,JanMichael160,https://cdn11.bigcommerce.com/s-wb4uepr7/images/stencil/500x659/attribute_rule_images/50139_source_1749148041.jpg,50139_source_1749148041.jpg,,,JanMichael800,50139_source_1749148041.jpg
HMK722L Portrait of a Pumpkin Man,HMK722L-1216PBSP2,White Wash Frame,"Add a hauntingly unique touch to your décor with Portrait of a Pumpkin Man, a striking 12x16"" art print that blends eerie elegance with rustic charm.",White Wash Frame,,,,,,2,99,,,,,2,JanMichael400,JanMichael160,https://cdn11.bigcommerce.com/s-wb4uepr7/images/stencil/500x659/attribute_rule_images/50140_source_1749148040.jpg,50140_source_1749148040.jpg,,,JanMichael800,50140_source_1749148040.jpg
HMK722L Portrait of a Pumpkin Man,HMK722L-1216PWWP2,Charcoal Wash Frame,"Add a hauntingly unique touch to your décor with Portrait of a Pumpkin Man, a striking 12x16"" art print that blends eerie elegance with rustic charm.",Charcoal Wash Frame,,,,,,2,99,,,,,2,JanMichael400,JanMichael160,https://cdn11.bigcommerce.com/s-wb4uepr7/images/stencil/500x659/attribute_rule_images/50141_source_1749148040.jpg,50141_source_1749148040.jpg,,,JanMichael800,50141_source_1749148040.jpg
HMK723L White Pumpkin Head,HMK723L-1216PP2,Brown Stain Frame,"Add a hauntingly beautiful touch to your space with White Pumpkin Head, a striking 12x16-inch art print featuring a ghostly figure in a vintage dress with a carved pumpkin for a head. This eerie yet charming piece blends gothic and rustic aesthetics, making it perfect for Halloween lovers and year-round spooky décor.",Brown Stain Frame,,,,,,2,99,,,,,2,JanMichael400,JanMichael160,https://cdn11.bigcommerce.com/s-wb4uepr7/images/stencil/500x659/attribute_rule_images/50142_source_1749148172.jpg,50142_source_1749148172.jpg,,,JanMichael800,50142_source_1749148172.jpg
HMK723L White Pumpkin Head,HMK723L-1216PBSP2,White Wash Frame,"Add a hauntingly beautiful touch to your space with White Pumpkin Head, a striking 12x16-inch art print featuring a ghostly figure in a vintage dress with a carved pumpkin for a head. This eerie yet charming piece blends gothic and rustic aesthetics, making it perfect for Halloween lovers and year-round spooky décor.",White Wash Frame,,,,,,2,99,,,,,2,JanMichael400,JanMichael160,https://cdn11.bigcommerce.com/s-wb4uepr7/images/stencil/500x659/attribute_rule_images/50143_source_1749148172.jpg,50143_source_1749148172.jpg,,,JanMichael800,50143_source_1749148172.jpg
HMK723L White Pumpkin Head,HMK723L-1216PWWP2,Charcoal Wash Frame,"Add a hauntingly beautiful touch to your space with White Pumpkin Head, a striking 12x16-inch art print featuring a ghostly figure in a vintage dress with a carved pumpkin for a head. This eerie yet charming piece blends gothic and rustic aesthetics, making it perfect for Halloween lovers and year-round spooky décor.",Charcoal Wash Frame,,,,,,2,99,,,,,2,JanMichael400,JanMichael160,https://cdn11.bigcommerce.com/s-wb4uepr7/images/stencil/500x659/attribute_rule_images/50144_source_1749148172.jpg,50144_source_1749148172.jpg,,,JanMichael800,50144_source_1749148172.jpg
HMK725L Wildflower Horse Beauty,HMK725L-1216PP13,Brown Stain Frame,"Immerse yourself in the beauty of nature with Wildflower Horse Beauty, a captivating art print showcasing a majestic white horse adorned with delicate wildflowers in a serene meadow.",Brown Stain Frame,,,,,,2,99,,,,,2,JanMichael400,JanMichael160,https://cdn11.bigcommerce.com/s-wb4uepr7/images/stencil/500x659/products/35165/86223/12x16_brownframe_HMK725L_WILDFLOWER_HORSE_BEAUTY_12X16_LATH_HOLLY_KRAMER__55354.1749151272.jpg,12x16_brownframe_HMK725L_WILDFLOWER_HORSE_BEAUTY_12X16_LATH_HOLLY_KRAMER__55354.1749151272.jpg,,,JanMichael800,12x16_brownframe_HMK725L_WILDFLOWER_HORSE_BEAUTY_12X16_LATH_HOLLY_KRAMER__55354.1749151272.jpg
HMK725L Wildflower Horse Beauty,HMK725L-1216PBSP13,White Wash Frame,"Immerse yourself in the beauty of nature with Wildflower Horse Beauty, a captivating art print showcasing a majestic white horse adorned with delicate wildflowers in a serene meadow.",White Wash Frame,,,,,,2,99,,,,,2,JanMichael400,JanMichael160,https://cdn11.bigcommerce.com/s-wb4uepr7/images/stencil/500x659/products/35165/86223/12x16_brownframe_HMK725L_WILDFLOWER_HORSE_BEAUTY_12X16_LATH_HOLLY_KRAMER__55354.1749151272.jpg,12x16_brownframe_HMK725L_WILDFLOWER_HORSE_BEAUTY_12X16_LATH_HOLLY_KRAMER__55354.1749151272.jpg,,,JanMichael800,12x16_brownframe_HMK725L_WILDFLOWER_HORSE_BEAUTY_12X16_LATH_HOLLY_KRAMER__55354.1749151272.jpg
HMK725L Wildflower Horse Beauty,HMK725L-1216PWWP13,Charcoal Wash Frame,"Immerse yourself in the beauty of nature with Wildflower Horse Beauty, a captivating art print showcasing a majestic white horse adorned with delicate wildflowers in a serene meadow.",Charcoal Wash Frame,,,,,,2,99,,,,,2,JanMichael400,JanMichael160,https://cdn11.bigcommerce.com/s-wb4uepr7/images/stencil/500x659/products/35165/86223/12x16_brownframe_HMK725L_WILDFLOWER_HORSE_BEAUTY_12X16_LATH_HOLLY_KRAMER__55354.1749151272.jpg,12x16_brownframe_HMK725L_WILDFLOWER_HORSE_BEAUTY_12X16_LATH_HOLLY_KRAMER__55354.1749151272.jpg,,,JanMichael800,12x16_brownframe_HMK725L_WILDFLOWER_HORSE_BEAUTY_12X16_LATH_HOLLY_KRAMER__55354.1749151272.jpg
HMK726L Ghostly Witch,HMK726L-1216PP2,Brown Stain Frame,"Add a hauntingly beautiful touch to your space with Ghostly Witch, a captivating 12x16-inch art print that blends eerie charm with vintage-inspired artistry.",Brown Stain Frame,,,,,,2,99,,,,,2,JanMichael400,JanMichael160,https://cdn11.bigcommerce.com/s-wb4uepr7/images/stencil/500x659/attribute_rule_images/50148_source_1749151430.jpg,50148_source_1749151430.jpg,,,JanMichael800,50148_source_1749151430.jpg
HMK726L Ghostly Witch,HMK726L-1216PBSP2,White Wash Frame,"Add a hauntingly beautiful touch to your space with Ghostly Witch, a captivating 12x16-inch art print that blends eerie charm with vintage-inspired artistry.",White Wash Frame,,,,,,2,99,,,,,2,JanMichael400,JanMichael160,https://cdn11.bigcommerce.com/s-wb4uepr7/images/stencil/500x659/attribute_rule_images/50149_source_1749151430.jpg,50149_source_1749151430.jpg,,,JanMichael800,50149_source_1749151430.jpg
HMK726L Ghostly Witch,HMK726L-1216PWWP2,Charcoal Wash Frame,"Add a hauntingly beautiful touch to your space with Ghostly Witch, a captivating 12x16-inch art print that blends eerie charm with vintage-inspired artistry.",Charcoal Wash Frame,,,,,,2,99,,,,,2,JanMichael400,JanMichael160,https://cdn11.bigcommerce.com/s-wb4uepr7/images/stencil/500x659/attribute_rule_images/50150_source_1749151430.jpg,50150_source_1749151430.jpg,,,JanMichael800,50150_source_1749151430.jpg
HMK727L Rosy Violin,HMK727L-1216PP13,Brown Stain Frame,"Elevate your space with the enchanting Rosy Violin art print, a harmonious blend of vintage music and romantic florals. The intricate details and muted tones evoke a sense of classical elegance and warmth.",Brown Stain Frame,,,,,,2,99,,,,,2,JanMichael400,JanMichael160,https://cdn11.bigcommerce.com/s-wb4uepr7/images/stencil/500x659/attribute_rule_images/50151_source_1749151527.jpg,50151_source_1749151527.jpg,,,JanMichael800,50151_source_1749151527.jpg
HMK727L Rosy Violin,HMK727L-1216PBSP13,White Wash Frame,"Elevate your space with the enchanting Rosy Violin art print, a harmonious blend of vintage music and romantic florals. The intricate details and muted tones evoke a sense of classical elegance and warmth.",White Wash Frame,,,,,,2,99,,,,,2,JanMichael400,JanMichael160,https://cdn11.bigcommerce.com/s-wb4uepr7/images/stencil/500x659/attribute_rule_images/50152_source_1749151527.jpg,50152_source_1749151527.jpg,,,JanMichael800,50152_source_1749151527.jpg
HMK727L Rosy Violin,HMK727L-1216PWWP13,Charcoal Wash Frame,"Elevate your space with the enchanting Rosy Violin art print, a harmonious blend of vintage music and romantic florals. The intricate details and muted tones evoke a sense of classical elegance and warmth.",Charcoal Wash Frame,,,,,,2,99,,,,,2,JanMichael400,JanMichael160,https://cdn11.bigcommerce.com/s-wb4uepr7/images/stencil/500x659/attribute_rule_images/50153_source_1749151527.jpg,50153_source_1749151527.jpg,,,JanMichael800,50153_source_1749151527.jpg
HMK728L Holiday Horse,HMK728L-1216PP4,Brown Stain Frame,Celebrate the holiday season with the stunning HMK728L Holiday Horse art print. This festive 12x16-inch piece features a beautiful chestnut horse adorned with a Santa hat and twinkling Christmas lights.,Brown Stain Frame,,,,,,2,99,,,,,2,JanMichael400,JanMichael160,https://cdn11.bigcommerce.com/s-wb4uepr7/images/stencil/500x659/attribute_rule_images/50154_source_1749152032.jpg,50154_source_1749152032.jpg,,,JanMichael800,50154_source_1749152032.jpg
HMK728L Holiday Horse,HMK728L-1216PBSP4,White Wash Frame,Celebrate the holiday season with the stunning HMK728L Holiday Horse art print. This festive 12x16-inch piece features a beautiful chestnut horse adorned with a Santa hat and twinkling Christmas lights.,White Wash Frame,,,,,,2,99,,,,,2,JanMichael400,JanMichael160,https://cdn11.bigcommerce.com/s-wb4uepr7/images/stencil/500x659/attribute_rule_images/50155_source_1749152032.jpg,50155_source_1749152032.jpg,,,JanMichael800,50155_source_1749152032.jpg
HMK728L Holiday Horse,HMK728L-1216PWWP4,Charcoal Wash Frame,Celebrate the holiday season with the stunning HMK728L Holiday Horse art print. This festive 12x16-inch piece features a beautiful chestnut horse adorned with a Santa hat and twinkling Christmas lights.,Charcoal Wash Frame,,,,,,2,99,,,,,2,JanMichael400,JanMichael160,https://cdn11.bigcommerce.com/s-wb4uepr7/images/stencil/500x659/attribute_rule_images/50156_source_1749152032.jpg,50156_source_1749152032.jpg,,,JanMichael800,50156_source_1749152032.jpg
HMK729L Winter Jar Candles,HMK729L-1216PP3,Brown Stain Frame,"Create a warm and inviting holiday atmosphere with Winter Jar Candles, a stunning 12x16-inch art print featuring glowing candlelit mason jars surrounded by pine sprigs, red berries, and twinkling fairy lights. This beautifully rustic scene captures the magic of winter evenings, making it the perfect addition to farmhouse, country, or Christmas décor.",Brown Stain Frame,,,,,,2,99,,,,,2,JanMichael400,JanMichael160,https://cdn11.bigcommerce.com/s-wb4uepr7/images/stencil/500x659/attribute_rule_images/50157_source_1749152133.jpg,50157_source_1749152133.jpg,,,JanMichael800,50157_source_1749152133.jpg
HMK729L Winter Jar Candles,HMK729L-1216PBSP3,White Wash Frame,"Create a warm and inviting holiday atmosphere with Winter Jar Candles, a stunning 12x16-inch art print featuring glowing candlelit mason jars surrounded by pine sprigs, red berries, and twinkling fairy lights. This beautifully rustic scene captures the magic of winter evenings, making it the perfect addition to farmhouse, country, or Christmas décor.",White Wash Frame,,,,,,2,99,,,,,2,JanMichael400,JanMichael160,https://cdn11.bigcommerce.com/s-wb4uepr7/images/stencil/500x659/attribute_rule_images/50158_source_1749152133.jpg,50158_source_1749152133.jpg,,,JanMichael800,50158_source_1749152133.jpg
HMK729L Winter Jar Candles,HMK729L-1216PWWP3,Charcoal Wash Frame,"Create a warm and inviting holiday atmosphere with Winter Jar Candles, a stunning 12x16-inch art print featuring glowing candlelit mason jars surrounded by pine sprigs, red berries, and twinkling fairy lights. This beautifully rustic scene captures the magic of winter evenings, making it the perfect addition to farmhouse, country, or Christmas décor.",Charcoal Wash Frame,,,,,,2,99,,,,,2,JanMichael400,JanMichael160,https://cdn11.bigcommerce.com/s-wb4uepr7/images/stencil/500x659/attribute_rule_images/50159_source_1749152133.jpg,50159_source_1749152133.jpg,,,JanMichael800,50159_source_1749152133.jpg
HMK730L Snowy Mable the Calf,HMK730L-1216PP3,Brown Stain Frame,"Bring the charm of the countryside into your home with Snowy Mable the Calf, a heartwarming 12x16-inch art print featuring an adorable fluffy calf dressed for winter with a red bow dusted in snow.",Brown Stain Frame,,,,,,2,99,,,,,2,JanMichael400,JanMichael160,https://cdn11.bigcommerce.com/s-wb4uepr7/images/stencil/500x659/attribute_rule_images/50160_source_1749152220.jpg,50160_source_1749152220.jpg,,,JanMichael800,50160_source_1749152220.jpg
HMK730L Snowy Mable the Calf,HMK730L-1216PBSP3,White Wash Frame,"Bring the charm of the countryside into your home with Snowy Mable the Calf, a heartwarming 12x16-inch art print featuring an adorable fluffy calf dressed for winter with a red bow dusted in snow.",White Wash Frame,,,,,,2,99,,,,,2,JanMichael400,JanMichael160,https://cdn11.bigcommerce.com/s-wb4uepr7/images/stencil/500x659/attribute_rule_images/50161_source_1749152220.jpg,50161_source_1749152220.jpg,,,JanMichael800,50161_source_1749152220.jpg
HMK730L Snowy Mable the Calf,HMK730L-1216PWWP3,Charcoal Wash Frame,"Bring the charm of the countryside into your home with Snowy Mable the Calf, a heartwarming 12x16-inch art print featuring an adorable fluffy calf dressed for winter with a red bow dusted in snow.",Charcoal Wash Frame,,,,,,2,99,,,,,2,JanMichael400,JanMichael160,https://cdn11.bigcommerce.com/s-wb4uepr7/images/stencil/500x659/attribute_rule_images/50162_source_1749152220.jpg,50162_source_1749152220.jpg,,,JanMichael800,50162_source_1749152220.jpg
HMK731L Baby Christmas Bull,HMK731L-1216PP4,Brown Stain Frame,"Celebrate the joy of the season with the charming Baby Christmas Bull framed art print. This adorable baby bull, decked out in holiday finery, brings a delightful farm-themed touch to your festive decor.",Brown Stain Frame,,,,,,2,99,,,,,2,JanMichael400,JanMichael160,https://cdn11.bigcommerce.com/s-wb4uepr7/images/stencil/500x659/attribute_rule_images/50163_source_1749152449.jpg,50163_source_1749152449.jpg,,,JanMichael800,50163_source_1749152449.jpg
HMK731L Baby Christmas Bull,HMK731L-1216PBSP4,White Wash Frame,"Celebrate the joy of the season with the charming Baby Christmas Bull framed art print. This adorable baby bull, decked out in holiday finery, brings a delightful farm-themed touch to your festive decor.",White Wash Frame,,,,,,2,99,,,,,2,JanMichael400,JanMichael160,https://cdn11.bigcommerce.com/s-wb4uepr7/images/stencil/500x659/attribute_rule_images/50164_source_1749152449.jpg,50164_source_1749152449.jpg,,,JanMichael800,50164_source_1749152449.jpg
HMK731L Baby Christmas Bull,HMK731L-1216PWWP4,Charcoal Wash Frame,"Celebrate the joy of the season with the charming Baby Christmas Bull framed art print. This adorable baby bull, decked out in holiday finery, brings a delightful farm-themed touch to your festive decor.",Charcoal Wash Frame,,,,,,2,99,,,,,2,JanMichael400,JanMichael160,https://cdn11.bigcommerce.com/s-wb4uepr7/images/stencil/500x659/attribute_rule_images/50165_source_1749152449.jpg,50165_source_1749152449.jpg,,,JanMichael800,50165_source_1749152449.jpg
HMK732L Christmas Town Square,HMK732L-1216PP4,Brown Stain Frame,"Step into the magic of the holiday season with Christmas Town Square, a nostalgic 12x16-inch art print capturing the warmth and charm of a festive winter evening.",Brown Stain Frame,,,,,,2,99,,,,,2,JanMichael400,JanMichael160,https://cdn11.bigcommerce.com/s-wb4uepr7/images/stencil/500x659/attribute_rule_images/50166_source_1749152345.jpg,50166_source_1749152345.jpg,,,JanMichael800,50166_source_1749152345.jpg
HMK732L Christmas Town Square,HMK732L-1216PBSP4,White Wash Frame,"Step into the magic of the holiday season with Christmas Town Square, a nostalgic 12x16-inch art print capturing the warmth and charm of a festive winter evening.",White Wash Frame,,,,,,2,99,,,,,2,JanMichael400,JanMichael160,https://cdn11.bigcommerce.com/s-wb4uepr7/images/stencil/500x659/attribute_rule_images/50167_source_1749152345.jpg,50167_source_1749152345.jpg,,,JanMichael800,50167_source_1749152345.jpg
HMK732L Christmas Town Square,HMK732L-1216PWWP4,Charcoal Wash Frame,"Step into the magic of the holiday season with Christmas Town Square, a nostalgic 12x16-inch art print capturing the warmth and charm of a festive winter evening.",Charcoal Wash Frame,,,,,,2,99,,,,,2,JanMichael400,JanMichael160,https://cdn11.bigcommerce.com/s-wb4uepr7/images/stencil/500x659/attribute_rule_images/50168_source_1749152346.jpg,50168_source_1749152346.jpg,,,JanMichael800,50168_source_1749152346.jpg
HMK733L Pumpkin Oil Painting,HMK733L-1216PP1,Brown Stain Frame,Celebrate the beauty of autumn with the enchanting Pumpkin Oil Painting. This rustic fall art print captures the essence of the harvest season with its rich colors and textured details.,Brown Stain Frame,,,,,,2,99,,,,,2,JanMichael400,JanMichael160,https://cdn11.bigcommerce.com/s-wb4uepr7/images/stencil/500x659/attribute_rule_images/50169_source_1749154364.jpg,50169_source_1749154364.jpg,,,JanMichael800,50169_source_1749154364.jpg
HMK733L Pumpkin Oil Painting,HMK733L-1216PBSP1,White Wash Frame,Celebrate the beauty of autumn with the enchanting Pumpkin Oil Painting. This rustic fall art print captures the essence of the harvest season with its rich colors and textured details.,White Wash Frame,,,,,,2,99,,,,,2,JanMichael400,JanMichael160,https://cdn11.bigcommerce.com/s-wb4uepr7/images/stencil/500x659/attribute_rule_images/50170_source_1749154364.jpg,50170_source_1749154364.jpg,,,JanMichael800,50170_source_1749154364.jpg
HMK733L Pumpkin Oil Painting,HMK733L-1216PWWP1,Charcoal Wash Frame,Celebrate the beauty of autumn with the enchanting Pumpkin Oil Painting. This rustic fall art print captures the essence of the harvest season with its rich colors and textured details.,Charcoal Wash Frame,,,,,,2,99,,,,,2,JanMichael400,JanMichael160,https://cdn11.bigcommerce.com/s-wb4uepr7/images/stencil/500x659/attribute_rule_images/50171_source_1749154364.jpg,50171_source_1749154364.jpg,,,JanMichael800,50171_source_1749154364.jpg
HMK735L First Snowman of the Season,HMK735L-1216PP4,Brown Stain Frame,"Celebrate the magic of winter with HMK735L First Snowman of the Season. This charming 12x16-inch art print features a delightful snowman in a serene snowy setting, evoking feelings of joy and nostalgia.",Brown Stain Frame,,,,,,2,99,,,,,2,JanMichael400,JanMichael160,https://cdn11.bigcommerce.com/s-wb4uepr7/images/stencil/500x659/attribute_rule_images/50172_source_1749212211.jpg,50172_source_1749212211.jpg,,,JanMichael800,50172_source_1749212211.jpg
HMK735L First Snowman of the Season,HMK735L-1216PBSP4,White Wash Frame,"Celebrate the magic of winter with HMK735L First Snowman of the Season. This charming 12x16-inch art print features a delightful snowman in a serene snowy setting, evoking feelings of joy and nostalgia.",White Wash Frame,,,,,,2,99,,,,,2,JanMichael400,JanMichael160,https://cdn11.bigcommerce.com/s-wb4uepr7/images/stencil/500x659/attribute_rule_images/50173_source_1749212211.jpg,50173_source_1749212211.jpg,,,JanMichael800,50173_source_1749212211.jpg
HMK735L First Snowman of the Season,HMK735L-1216PWWP4,Charcoal Wash Frame,"Celebrate the magic of winter with HMK735L First Snowman of the Season. This charming 12x16-inch art print features a delightful snowman in a serene snowy setting, evoking feelings of joy and nostalgia.",Charcoal Wash Frame,,,,,,2,99,,,,,2,JanMichael400,JanMichael160,https://cdn11.bigcommerce.com/s-wb4uepr7/images/stencil/500x659/attribute_rule_images/50174_source_1749212211.jpg,50174_source_1749212211.jpg,,,JanMichael800,50174_source_1749212211.jpg
HMK736L Ghost Kitten Pumpkin Painting,HMK736L-1216PP2,Brown Stain Frame,"Add a playful dose of Halloween charm to your space with Ghost Kitten Pumpkin Painting, a delightful 12x16-inch art print featuring a wide-eyed black cat, a glowing jack-o’-lantern, and a friendly floating ghost.",Brown Stain Frame,,,,,,2,99,,,,,2,JanMichael400,JanMichael160,https://cdn11.bigcommerce.com/s-wb4uepr7/images/stencil/500x659/attribute_rule_images/50175_source_1749213639.jpg,50175_source_1749213639.jpg,,,JanMichael800,50175_source_1749213639.jpg
HMK736L Ghost Kitten Pumpkin Painting,HMK736L-1216PBSP2,White Wash Frame,"Add a playful dose of Halloween charm to your space with Ghost Kitten Pumpkin Painting, a delightful 12x16-inch art print featuring a wide-eyed black cat, a glowing jack-o’-lantern, and a friendly floating ghost.",White Wash Frame,,,,,,2,99,,,,,2,JanMichael400,JanMichael160,https://cdn11.bigcommerce.com/s-wb4uepr7/images/stencil/500x659/attribute_rule_images/50176_source_1749213639.jpg,50176_source_1749213639.jpg,,,JanMichael800,50176_source_1749213639.jpg
HMK736L Ghost Kitten Pumpkin Painting,HMK736L-1216PWWP2,Charcoal Wash Frame,"Add a playful dose of Halloween charm to your space with Ghost Kitten Pumpkin Painting, a delightful 12x16-inch art print featuring a wide-eyed black cat, a glowing jack-o’-lantern, and a friendly floating ghost.",Charcoal Wash Frame,,,,,,2,99,,,,,2,JanMichael400,JanMichael160,https://cdn11.bigcommerce.com/s-wb4uepr7/images/stencil/500x659/attribute_rule_images/50177_source_1749213639.jpg,50177_source_1749213639.jpg,,,JanMichael800,50177_source_1749213639.jpg
HMK734L White Bunny Painting,HMK734L-1216PP13,Brown Stain Frame,"Bring gentle charm and farmhouse warmth into your home with White Bunny Painting, a soft and serene 12x16-inch art print featuring an adorable white bunny in a neutral, nature-inspired setting.",Brown Stain Frame,,,,,,2,99,,,,,2,JanMichael400,JanMichael160,https://cdn11.bigcommerce.com/s-wb4uepr7/images/stencil/500x659/attribute_rule_images/50178_source_1749212006.jpg,50178_source_1749212006.jpg,,,JanMichael800,50178_source_1749212006.jpg
HMK734L White Bunny Painting,HMK734L-1216PBSP13,White Wash Frame,"Bring gentle charm and farmhouse warmth into your home with White Bunny Painting, a soft and serene 12x16-inch art print featuring an adorable white bunny in a neutral, nature-inspired setting.",White Wash Frame,,,,,,2,99,,,,,2,JanMichael400,JanMichael160,https://cdn11.bigcommerce.com/s-wb4uepr7/images/stencil/500x659/attribute_rule_images/50179_source_1749212006.jpg,50179_source_1749212006.jpg,,,JanMichael800,50179_source_1749212006.jpg
HMK734L White Bunny Painting,HMK734L-1216PWWP13,Charcoal Wash Frame,"Bring gentle charm and farmhouse warmth into your home with White Bunny Painting, a soft and serene 12x16-inch art print featuring an adorable white bunny in a neutral, nature-inspired setting.",Charcoal Wash Frame,,,,,,2,99,,,,,2,JanMichael400,JanMichael160,https://cdn11.bigcommerce.com/s-wb4uepr7/images/stencil/500x659/attribute_rule_images/50180_source_1749212006.jpg,50180_source_1749212006.jpg,,,JanMichael800,50180_source_1749212006.jpg
HMK738L Happy Ghost,HMK738L-810PP25,Brown Stain Frame,"Add a touch of playful spookiness to your fall décor with Happy Ghost, a charming 8x10-inch art print featuring a friendly floating ghost with rosy cheeks, glowing eyes, and a cheerful jack-o’-lantern companion.",Brown Stain Frame,,,,,,2,99,,,,,2,JanMichael400,JanMichael160,https://cdn11.bigcommerce.com/s-wb4uepr7/images/stencil/500x659/attribute_rule_images/50181_source_1749054168.jpg,50181_source_1749054168.jpg,,,JanMichael800,50181_source_1749054168.jpg
HMK738L Happy Ghost,HMK738L-810PBSP25,White Wash Frame,"Add a touch of playful spookiness to your fall décor with Happy Ghost, a charming 8x10-inch art print featuring a friendly floating ghost with rosy cheeks, glowing eyes, and a cheerful jack-o’-lantern companion.",White Wash Frame,,,,,,2,99,,,,,2,JanMichael400,JanMichael160,https://cdn11.bigcommerce.com/s-wb4uepr7/images/stencil/500x659/attribute_rule_images/50182_source_1746721212.jpg,50182_source_1746721212.jpg,,,JanMichael800,50182_source_1746721212.jpg
HMK738L Happy Ghost,HMK738L-810PWWP25,Charcoal Wash Frame,"Add a touch of playful spookiness to your fall décor with Happy Ghost, a charming 8x10-inch art print featuring a friendly floating ghost with rosy cheeks, glowing eyes, and a cheerful jack-o’-lantern companion.",Charcoal Wash Frame,,,,,,2,99,,,,,2,JanMichael400,JanMichael160,https://cdn11.bigcommerce.com/s-wb4uepr7/images/stencil/500x659/attribute_rule_images/50183_source_1746721212.jpg,50183_source_1746721212.jpg,,,JanMichael800,50183_source_1746721212.jpg
HMK739L Two Ghost Friends,HMK739L-1216PP2,Brown Stain Frame,"Celebrate spooky season with heartwarming charm in Two Ghost Friends, a whimsical Halloween art print that captures the essence of fall magic in a dreamy wildflower field.",Brown Stain Frame,,,,,,2,99,,,,,2,JanMichael400,JanMichael160,https://cdn11.bigcommerce.com/s-wb4uepr7/images/stencil/500x659/attribute_rule_images/50184_source_1749214364.jpg,50184_source_1749214364.jpg,,,JanMichael800,50184_source_1749214364.jpg
HMK739L Two Ghost Friends,HMK739L-1216PBSP2,White Wash Frame,"Celebrate spooky season with heartwarming charm in Two Ghost Friends, a whimsical Halloween art print that captures the essence of fall magic in a dreamy wildflower field.",White Wash Frame,,,,,,2,99,,,,,2,JanMichael400,JanMichael160,https://cdn11.bigcommerce.com/s-wb4uepr7/images/stencil/500x659/attribute_rule_images/50185_source_1749214364.jpg,50185_source_1749214364.jpg,,,JanMichael800,50185_source_1749214364.jpg
HMK739L Two Ghost Friends,HMK739L-1216PWWP2,Charcoal Wash Frame,"Celebrate spooky season with heartwarming charm in Two Ghost Friends, a whimsical Halloween art print that captures the essence of fall magic in a dreamy wildflower field.",Charcoal Wash Frame,,,,,,2,99,,,,,2,JanMichael400,JanMichael160,https://cdn11.bigcommerce.com/s-wb4uepr7/images/stencil/500x659/attribute_rule_images/50186_source_1749214364.jpg,50186_source_1749214364.jpg,,,JanMichael800,50186_source_1749214364.jpg
HMK740L Witch Walk Home,HMK740L-1216PP1,Brown Stain Frame,"Step into a moonlit mystery with Witch Walk Home, a captivating 12x16-inch art print that captures the haunting elegance of Halloween night.",Brown Stain Frame,,,,,,2,99,,,,,2,JanMichael400,JanMichael160,https://cdn11.bigcommerce.com/s-wb4uepr7/images/stencil/500x659/attribute_rule_images/50187_source_1749214514.jpg,50187_source_1749214514.jpg,,,JanMichael800,50187_source_1749214514.jpg
HMK740L Witch Walk Home,HMK740L-1216PBSP1,White Wash Frame,"Step into a moonlit mystery with Witch Walk Home, a captivating 12x16-inch art print that captures the haunting elegance of Halloween night.",White Wash Frame,,,,,,2,99,,,,,2,JanMichael400,JanMichael160,https://cdn11.bigcommerce.com/s-wb4uepr7/images/stencil/500x659/attribute_rule_images/50188_source_1749214515.jpg,50188_source_1749214515.jpg,,,JanMichael800,50188_source_1749214515.jpg
HMK740L Witch Walk Home,HMK740L-1216PWWP1,Charcoal Wash Frame,"Step into a moonlit mystery with Witch Walk Home, a captivating 12x16-inch art print that captures the haunting elegance of Halloween night.",Charcoal Wash Frame,,,,,,2,99,,,,,2,JanMichael400,JanMichael160,https://cdn11.bigcommerce.com/s-wb4uepr7/images/stencil/500x659/attribute_rule_images/50189_source_1749214514.jpg,50189_source_1749214514.jpg,,,JanMichael800,50189_source_1749214514.jpg
HMK741L Old Time Santa Portrait,HMK741L-1216PP3,Brown Stain Frame,Celebrate the holiday season in charming vintage style with the HMK741L Old Time Santa Portrait. This beautifully detailed 12x16-inch art print captures the timeless spirit of Santa Claus with a rustic tobacco lath frame that adds a touch of old-world elegance to your home.,Brown Stain Frame,,,,,,2,99,,,,,2,JanMichael400,JanMichael160,https://cdn11.bigcommerce.com/s-wb4uepr7/images/stencil/500x659/attribute_rule_images/50190_source_1749214810.jpg,50190_source_1749214810.jpg,,,JanMichael800,50190_source_1749214810.jpg
HMK741L Old Time Santa Portrait,HMK741L-1216PBSP3,White Wash Frame,Celebrate the holiday season in charming vintage style with the HMK741L Old Time Santa Portrait. This beautifully detailed 12x16-inch art print captures the timeless spirit of Santa Claus with a rustic tobacco lath frame that adds a touch of old-world elegance to your home.,White Wash Frame,,,,,,2,99,,,,,2,JanMichael400,JanMichael160,https://cdn11.bigcommerce.com/s-wb4uepr7/images/stencil/500x659/attribute_rule_images/50191_source_1749214810.jpg,50191_source_1749214810.jpg,,,JanMichael800,50191_source_1749214810.jpg
HMK741L Old Time Santa Portrait,HMK741L-1216PWWP3,Charcoal Wash Frame,Celebrate the holiday season in charming vintage style with the HMK741L Old Time Santa Portrait. This beautifully detailed 12x16-inch art print captures the timeless spirit of Santa Claus with a rustic tobacco lath frame that adds a touch of old-world elegance to your home.,Charcoal Wash Frame,,,,,,2,99,,,,,2,JanMichael400,JanMichael160,https://cdn11.bigcommerce.com/s-wb4uepr7/images/stencil/500x659/attribute_rule_images/50192_source_1749214810.jpg,50192_source_1749214810.jpg,,,JanMichael800,50192_source_1749214810.jpg
HMK742L Witchy Crow,HMK742L-1216PP2,Brown Stain Frame,"Add a hauntingly whimsical touch to your fall décor with Witchy Crow, a beautifully eerie 12x16-inch art print that captures the spirit of Halloween with vintage charm.",Brown Stain Frame,,,,,,2,99,,,,,2,JanMichael400,JanMichael160,https://cdn11.bigcommerce.com/s-wb4uepr7/images/stencil/500x659/attribute_rule_images/50195_source_1749214968.jpg,50195_source_1749214968.jpg,,,JanMichael800,50195_source_1749214968.jpg
HMK742L Witchy Crow,HMK742L-1216PBSP2,White Wash Frame,"Add a hauntingly whimsical touch to your fall décor with Witchy Crow, a beautifully eerie 12x16-inch art print that captures the spirit of Halloween with vintage charm.",White Wash Frame,,,,,,2,99,,,,,2,JanMichael400,JanMichael160,https://cdn11.bigcommerce.com/s-wb4uepr7/images/stencil/500x659/attribute_rule_images/50196_source_1749214968.jpg,50196_source_1749214968.jpg,,,JanMichael800,50196_source_1749214968.jpg
HMK742L Witchy Crow,HMK742L-1216PWWP2,Charcoal Wash Frame,"Add a hauntingly whimsical touch to your fall décor with Witchy Crow, a beautifully eerie 12x16-inch art print that captures the spirit of Halloween with vintage charm.",Charcoal Wash Frame,,,,,,2,99,,,,,2,JanMichael400,JanMichael160,https://cdn11.bigcommerce.com/s-wb4uepr7/images/stencil/500x659/attribute_rule_images/50197_source_1749214968.jpg,50197_source_1749214968.jpg,,,JanMichael800,50197_source_1749214968.jpg
HMK743L Evening Eagle,HMK743L-1216PP13,Brown Stain Frame,"Celebrate the strength and freedom of the American spirit with Evening Eagle, a majestic bald eagle wall art print. This stunning piece captures the bird's power in a moment of calm beauty.",Brown Stain Frame,,,,,,2,99,,,,,2,JanMichael400,JanMichael160,https://cdn11.bigcommerce.com/s-wb4uepr7/images/stencil/500x659/attribute_rule_images/50198_source_1749215415.jpg,50198_source_1749215415.jpg,,,JanMichael800,50198_source_1749215415.jpg
HMK743L Evening Eagle,HMK743L-1216PBSP13,White Wash Frame,"Celebrate the strength and freedom of the American spirit with Evening Eagle, a majestic bald eagle wall art print. This stunning piece captures the bird's power in a moment of calm beauty.",White Wash Frame,,,,,,2,99,,,,,2,JanMichael400,JanMichael160,https://cdn11.bigcommerce.com/s-wb4uepr7/images/stencil/500x659/attribute_rule_images/50199_source_1749215415.jpg,50199_source_1749215415.jpg,,,JanMichael800,50199_source_1749215415.jpg
HMK743L Evening Eagle,HMK743L-1216PWWP13,Charcoal Wash Frame,"Celebrate the strength and freedom of the American spirit with Evening Eagle, a majestic bald eagle wall art print. This stunning piece captures the bird's power in a moment of calm beauty.",Charcoal Wash Frame,,,,,,2,99,,,,,2,JanMichael400,JanMichael160,https://cdn11.bigcommerce.com/s-wb4uepr7/images/stencil/500x659/attribute_rule_images/50200_source_1749215415.jpg,50200_source_1749215415.jpg,,,JanMichael800,50200_source_1749215415.jpg
HMK744L Santa Riding Horse,HMK744L-1216PP4,Brown Stain Frame,"Bring the magic of Christmas into your home with Santa Riding Horse, a charming 12x16 framed wall art print capturing the nostalgia and warmth of the holiday season.",Brown Stain Frame,,,,,,2,99,,,,,2,JanMichael400,JanMichael160,https://cdn11.bigcommerce.com/s-wb4uepr7/images/stencil/500x659/products/35216/83662/HMK744L_SANTA_RIDING_HORSE_12X16_LATH__96054.1743017884.png,HMK744L_SANTA_RIDING_HORSE_12X16_LATH__96054.1743017884.png,,,JanMichael800,HMK744L_SANTA_RIDING_HORSE_12X16_LATH__96054.1743017884.png
HMK744L Santa Riding Horse,HMK744L-1216PBSP4,White Wash Frame,"Bring the magic of Christmas into your home with Santa Riding Horse, a charming 12x16 framed wall art print capturing the nostalgia and warmth of the holiday season.",White Wash Frame,,,,,,2,99,,,,,2,JanMichael400,JanMichael160,https://cdn11.bigcommerce.com/s-wb4uepr7/images/stencil/500x659/products/35216/83662/HMK744L_SANTA_RIDING_HORSE_12X16_LATH__96054.1743017884.png,HMK744L_SANTA_RIDING_HORSE_12X16_LATH__96054.1743017884.png,,,JanMichael800,HMK744L_SANTA_RIDING_HORSE_12X16_LATH__96054.1743017884.png
HMK744L Santa Riding Horse,HMK744L-1216PWWP4,Charcoal Wash Frame,"Bring the magic of Christmas into your home with Santa Riding Horse, a charming 12x16 framed wall art print capturing the nostalgia and warmth of the holiday season.",Charcoal Wash Frame,,,,,,2,99,,,,,2,JanMichael400,JanMichael160,https://cdn11.bigcommerce.com/s-wb4uepr7/images/stencil/500x659/products/35216/83662/HMK744L_SANTA_RIDING_HORSE_12X16_LATH__96054.1743017884.png,HMK744L_SANTA_RIDING_HORSE_12X16_LATH__96054.1743017884.png,,,JanMichael800,HMK744L_SANTA_RIDING_HORSE_12X16_LATH__96054.1743017884.png
HMK745L Santa's Story Time,HMK745L-1216PP3,Brown Stain Frame,"Immerse yourself in the enchanting world of Santa's Story Time, a captivating 12x16 framed Christmas wall art print that exudes festive charm and nostalgia. Let Santa's cozy reading nook with a twinkling Christmas tree transport you to a magical holiday retreat.",Brown Stain Frame,,,,,,2,99,,,,,2,JanMichael400,JanMichael160,https://cdn11.bigcommerce.com/s-wb4uepr7/images/stencil/500x659/attribute_rule_images/50204_source_1749215644.jpg,50204_source_1749215644.jpg,,,JanMichael800,50204_source_1749215644.jpg
HMK745L Santa's Story Time,HMK745L-1216PBSP3,White Wash Frame,"Immerse yourself in the enchanting world of Santa's Story Time, a captivating 12x16 framed Christmas wall art print that exudes festive charm and nostalgia. Let Santa's cozy reading nook with a twinkling Christmas tree transport you to a magical holiday retreat.",White Wash Frame,,,,,,2,99,,,,,2,JanMichael400,JanMichael160,https://cdn11.bigcommerce.com/s-wb4uepr7/images/stencil/500x659/attribute_rule_images/50205_source_1749215644.jpg,50205_source_1749215644.jpg,,,JanMichael800,50205_source_1749215644.jpg
HMK745L Santa's Story Time,HMK745L-1216PWWP3,Charcoal Wash Frame,"Immerse yourself in the enchanting world of Santa's Story Time, a captivating 12x16 framed Christmas wall art print that exudes festive charm and nostalgia. Let Santa's cozy reading nook with a twinkling Christmas tree transport you to a magical holiday retreat.",Charcoal Wash Frame,,,,,,2,99,,,,,2,JanMichael400,JanMichael160,https://cdn11.bigcommerce.com/s-wb4uepr7/images/stencil/500x659/attribute_rule_images/50206_source_1749215644.jpg,50206_source_1749215644.jpg,,,JanMichael800,50206_source_1749215644.jpg
HMK746L Santas Lighting The Way,HMK746L-1216PP4,Brown Stain Frame,"Illuminate your holiday home with the enchanting Santa Lighting the Way framed wall art print. Capturing the nostalgic charm of Christmas, this piece radiates warmth and joy.",Brown Stain Frame,,,,,,2,99,,,,,2,JanMichael400,JanMichael160,https://cdn11.bigcommerce.com/s-wb4uepr7/images/stencil/500x659/attribute_rule_images/50207_source_1749215759.jpg,50207_source_1749215759.jpg,,,JanMichael800,50207_source_1749215759.jpg
HMK746L Santas Lighting The Way,HMK746L-1216PBSP4,White Wash Frame,"Illuminate your holiday home with the enchanting Santa Lighting the Way framed wall art print. Capturing the nostalgic charm of Christmas, this piece radiates warmth and joy.",White Wash Frame,,,,,,2,99,,,,,2,JanMichael400,JanMichael160,https://cdn11.bigcommerce.com/s-wb4uepr7/images/stencil/500x659/attribute_rule_images/50208_source_1749215759.jpg,50208_source_1749215759.jpg,,,JanMichael800,50208_source_1749215759.jpg
HMK746L Santas Lighting The Way,HMK746L-1216PWWP4,Charcoal Wash Frame,"Illuminate your holiday home with the enchanting Santa Lighting the Way framed wall art print. Capturing the nostalgic charm of Christmas, this piece radiates warmth and joy.",Charcoal Wash Frame,,,,,,2,99,,,,,2,JanMichael400,JanMichael160,https://cdn11.bigcommerce.com/s-wb4uepr7/images/stencil/500x659/attribute_rule_images/50209_source_1749215759.jpg,50209_source_1749215759.jpg,,,JanMichael800,50209_source_1749215759.jpg
HMK748L Happy Fireside Ghost,HMK748L-1216PP2,Brown Stain Frame,"Add a warm and whimsical touch to your spooky season décor with Happy Fireside Ghost, a heartwarming 12x16-inch Halloween art print that combines cozy charm with playful spirit. This enchanting scene features a cheerful ghost with rosy cheeks, glowing softly in front of a crackling fireplace. Surrounded by carved pumpkins, flickering candles, and fluttering bats, the atmosphere is pure Halloween magic—equal parts spooky and sweet.",Brown Stain Frame,,,,,,2,99,,,,,2,JanMichael400,JanMichael160,https://cdn11.bigcommerce.com/s-wb4uepr7/images/stencil/500x659/products/35220/86282/12x16_brownframe_HMK748L_HAPPY_FIRESIDE_GHOST_12X16_LATH_HOLLY_KRAMER__88536.1749216202.jpg,12x16_brownframe_HMK748L_HAPPY_FIRESIDE_GHOST_12X16_LATH_HOLLY_KRAMER__88536.1749216202.jpg,,,JanMichael800,12x16_brownframe_HMK748L_HAPPY_FIRESIDE_GHOST_12X16_LATH_HOLLY_KRAMER__88536.1749216202.jpg
HMK748L Happy Fireside Ghost,HMK748L-1216PBSP2,White Wash Frame,"Add a warm and whimsical touch to your spooky season décor with Happy Fireside Ghost, a heartwarming 12x16-inch Halloween art print that combines cozy charm with playful spirit. This enchanting scene features a cheerful ghost with rosy cheeks, glowing softly in front of a crackling fireplace. Surrounded by carved pumpkins, flickering candles, and fluttering bats, the atmosphere is pure Halloween magic—equal parts spooky and sweet.",White Wash Frame,,,,,,2,99,,,,,2,JanMichael400,JanMichael160,https://cdn11.bigcommerce.com/s-wb4uepr7/images/stencil/500x659/products/35220/86282/12x16_brownframe_HMK748L_HAPPY_FIRESIDE_GHOST_12X16_LATH_HOLLY_KRAMER__88536.1749216202.jpg,12x16_brownframe_HMK748L_HAPPY_FIRESIDE_GHOST_12X16_LATH_HOLLY_KRAMER__88536.1749216202.jpg,,,JanMichael800,12x16_brownframe_HMK748L_HAPPY_FIRESIDE_GHOST_12X16_LATH_HOLLY_KRAMER__88536.1749216202.jpg
HMK748L Happy Fireside Ghost,HMK748L-1216PWWP2,Charcoal Wash Frame,"Add a warm and whimsical touch to your spooky season décor with Happy Fireside Ghost, a heartwarming 12x16-inch Halloween art print that combines cozy charm with playful spirit. This enchanting scene features a cheerful ghost with rosy cheeks, glowing softly in front of a crackling fireplace. Surrounded by carved pumpkins, flickering candles, and fluttering bats, the atmosphere is pure Halloween magic—equal parts spooky and sweet.",Charcoal Wash Frame,,,,,,2,99,,,,,2,JanMichael400,JanMichael160,https://cdn11.bigcommerce.com/s-wb4uepr7/images/stencil/500x659/products/35220/86282/12x16_brownframe_HMK748L_HAPPY_FIRESIDE_GHOST_12X16_LATH_HOLLY_KRAMER__88536.1749216202.jpg,12x16_brownframe_HMK748L_HAPPY_FIRESIDE_GHOST_12X16_LATH_HOLLY_KRAMER__88536.1749216202.jpg,,,JanMichael800,12x16_brownframe_HMK748L_HAPPY_FIRESIDE_GHOST_12X16_LATH_HOLLY_KRAMER__88536.1749216202.jpg
HMK749L Knock Knock Witch,HMK749L-1216PP1,Brown Stain Frame,"Welcome a dash of eerie elegance into your Halloween décor with Knock Knock Witch, a captivating 12x16-inch art print that’s hauntingly stylish and delightfully spooky.",Brown Stain Frame,,,,,,2,99,,,,,2,JanMichael400,JanMichael160,https://cdn11.bigcommerce.com/s-wb4uepr7/images/stencil/500x659/products/35301/86283/12x16_brownframe_HMK749L_KNOCK_KNOCK_WITCH_12X16_LATH_HOLLY_KRAMER__20838.1749216432.jpg,12x16_brownframe_HMK749L_KNOCK_KNOCK_WITCH_12X16_LATH_HOLLY_KRAMER__20838.1749216432.jpg,,,JanMichael800,12x16_brownframe_HMK749L_KNOCK_KNOCK_WITCH_12X16_LATH_HOLLY_KRAMER__20838.1749216432.jpg
HMK749L Knock Knock Witch,HMK749L-1216PBSP1,White Wash Frame,"Welcome a dash of eerie elegance into your Halloween décor with Knock Knock Witch, a captivating 12x16-inch art print that’s hauntingly stylish and delightfully spooky.",White Wash Frame,,,,,,2,99,,,,,2,JanMichael400,JanMichael160,https://cdn11.bigcommerce.com/s-wb4uepr7/images/stencil/500x659/products/35301/86283/12x16_brownframe_HMK749L_KNOCK_KNOCK_WITCH_12X16_LATH_HOLLY_KRAMER__20838.1749216432.jpg,12x16_brownframe_HMK749L_KNOCK_KNOCK_WITCH_12X16_LATH_HOLLY_KRAMER__20838.1749216432.jpg,,,JanMichael800,12x16_brownframe_HMK749L_KNOCK_KNOCK_WITCH_12X16_LATH_HOLLY_KRAMER__20838.1749216432.jpg
HMK749L Knock Knock Witch,HMK749L-1216PWWP1,Charcoal Wash Frame,"Welcome a dash of eerie elegance into your Halloween décor with Knock Knock Witch, a captivating 12x16-inch art print that’s hauntingly stylish and delightfully spooky.",Charcoal Wash Frame,,,,,,2,99,,,,,2,JanMichael400,JanMichael160,https://cdn11.bigcommerce.com/s-wb4uepr7/images/stencil/500x659/products/35301/86283/12x16_brownframe_HMK749L_KNOCK_KNOCK_WITCH_12X16_LATH_HOLLY_KRAMER__20838.1749216432.jpg,12x16_brownframe_HMK749L_KNOCK_KNOCK_WITCH_12X16_LATH_HOLLY_KRAMER__20838.1749216432.jpg,,,JanMichael800,12x16_brownframe_HMK749L_KNOCK_KNOCK_WITCH_12X16_LATH_HOLLY_KRAMER__20838.1749216432.jpg
HMK750L Snowy Red Barn Visitor,HMK750L-1216PP4,Brown Stain Frame,"Evoke the tranquility of a winter farm scene with the Snowy Red Barn Visitor framed wall art print. Featuring a charming red barn, a red cardinal, and snow-covered landscape, this piece brings warmth and nostalgia to your home.",Brown Stain Frame,,,,,,2,99,,,,,2,JanMichael400,JanMichael160,https://cdn11.bigcommerce.com/s-wb4uepr7/images/stencil/500x659/products/35302/86287/12x16_brownframe_HMK750L_SNOWY_RED_BARN_VISITOR_12X16_LATH_HOLLY_KRAMER__91806.1749216570.jpg,12x16_brownframe_HMK750L_SNOWY_RED_BARN_VISITOR_12X16_LATH_HOLLY_KRAMER__91806.1749216570.jpg,,,JanMichael800,12x16_brownframe_HMK750L_SNOWY_RED_BARN_VISITOR_12X16_LATH_HOLLY_KRAMER__91806.1749216570.jpg
HMK750L Snowy Red Barn Visitor,HMK750L-1216PBSP4,White Wash Frame,"Evoke the tranquility of a winter farm scene with the Snowy Red Barn Visitor framed wall art print. Featuring a charming red barn, a red cardinal, and snow-covered landscape, this piece brings warmth and nostalgia to your home.",White Wash Frame,,,,,,2,99,,,,,2,JanMichael400,JanMichael160,https://cdn11.bigcommerce.com/s-wb4uepr7/images/stencil/500x659/products/35302/86287/12x16_brownframe_HMK750L_SNOWY_RED_BARN_VISITOR_12X16_LATH_HOLLY_KRAMER__91806.1749216570.jpg,12x16_brownframe_HMK750L_SNOWY_RED_BARN_VISITOR_12X16_LATH_HOLLY_KRAMER__91806.1749216570.jpg,,,JanMichael800,12x16_brownframe_HMK750L_SNOWY_RED_BARN_VISITOR_12X16_LATH_HOLLY_KRAMER__91806.1749216570.jpg
HMK750L Snowy Red Barn Visitor,HMK750L-1216PWWP4,Charcoal Wash Frame,"Evoke the tranquility of a winter farm scene with the Snowy Red Barn Visitor framed wall art print. Featuring a charming red barn, a red cardinal, and snow-covered landscape, this piece brings warmth and nostalgia to your home.",Charcoal Wash Frame,,,,,,2,99,,,,,2,JanMichael400,JanMichael160,https://cdn11.bigcommerce.com/s-wb4uepr7/images/stencil/500x659/products/35302/86287/12x16_brownframe_HMK750L_SNOWY_RED_BARN_VISITOR_12X16_LATH_HOLLY_KRAMER__91806.1749216570.jpg,12x16_brownframe_HMK750L_SNOWY_RED_BARN_VISITOR_12X16_LATH_HOLLY_KRAMER__91806.1749216570.jpg,,,JanMichael800,12x16_brownframe_HMK750L_SNOWY_RED_BARN_VISITOR_12X16_LATH_HOLLY_KRAMER__91806.1749216570.jpg
HMK751L Elf Helpers,HMK751L-1216PP3,Brown Stain Frame,"Add a touch of merry mischief to your holiday décor with Elf Helpers, a joyful 12x16-inch Christmas art print bursting with festive charm. This heartwarming scene features two cheerful elves dressed in classic red Santa suits, spreading holiday cheer with a giant candy cane decoration.",Brown Stain Frame,,,,,,2,99,,,,,2,JanMichael400,JanMichael160,https://cdn11.bigcommerce.com/s-wb4uepr7/images/stencil/500x659/attribute_rule_images/50219_source_1749217050.jpg,50219_source_1749217050.jpg,,,JanMichael800,50219_source_1749217050.jpg
HMK751L Elf Helpers,HMK751L-1216PBSP3,White Wash Frame,"Add a touch of merry mischief to your holiday décor with Elf Helpers, a joyful 12x16-inch Christmas art print bursting with festive charm. This heartwarming scene features two cheerful elves dressed in classic red Santa suits, spreading holiday cheer with a giant candy cane decoration.",White Wash Frame,,,,,,2,99,,,,,2,JanMichael400,JanMichael160,https://cdn11.bigcommerce.com/s-wb4uepr7/images/stencil/500x659/attribute_rule_images/50220_source_1749217050.jpg,50220_source_1749217050.jpg,,,JanMichael800,50220_source_1749217050.jpg
HMK751L Elf Helpers,HMK751L-1216PWWP3,Charcoal Wash Frame,"Add a touch of merry mischief to your holiday décor with Elf Helpers, a joyful 12x16-inch Christmas art print bursting with festive charm. This heartwarming scene features two cheerful elves dressed in classic red Santa suits, spreading holiday cheer with a giant candy cane decoration.",Charcoal Wash Frame,,,,,,2,99,,,,,2,JanMichael400,JanMichael160,https://cdn11.bigcommerce.com/s-wb4uepr7/images/stencil/500x659/attribute_rule_images/50221_source_1749217050.jpg,50221_source_1749217050.jpg,,,JanMichael800,50221_source_1749217050.jpg
HMK752L Winter Walk,HMK752L-1216PP4,Brown Stain Frame,"Step into a peaceful winter wonderland with HMK752L Winter Walk. This captivating 12x16 framed print brings the beauty of snow-covered forests to your home, creating a cozy and nostalgic atmosphere.",Brown Stain Frame,,,,,,2,99,,,,,2,JanMichael400,JanMichael160,https://cdn11.bigcommerce.com/s-wb4uepr7/images/stencil/500x659/attribute_rule_images/50222_source_1749217183.jpg,50222_source_1749217183.jpg,,,JanMichael800,50222_source_1749217183.jpg
HMK752L Winter Walk,HMK752L-1216PBSP4,White Wash Frame,"Step into a peaceful winter wonderland with HMK752L Winter Walk. This captivating 12x16 framed print brings the beauty of snow-covered forests to your home, creating a cozy and nostalgic atmosphere.",White Wash Frame,,,,,,2,99,,,,,2,JanMichael400,JanMichael160,https://cdn11.bigcommerce.com/s-wb4uepr7/images/stencil/500x659/attribute_rule_images/50223_source_1749217183.jpg,50223_source_1749217183.jpg,,,JanMichael800,50223_source_1749217183.jpg
HMK752L Winter Walk,HMK752L-1216PWWP4,Charcoal Wash Frame,"Step into a peaceful winter wonderland with HMK752L Winter Walk. This captivating 12x16 framed print brings the beauty of snow-covered forests to your home, creating a cozy and nostalgic atmosphere.",Charcoal Wash Frame,,,,,,2,99,,,,,2,JanMichael400,JanMichael160,https://cdn11.bigcommerce.com/s-wb4uepr7/images/stencil/500x659/attribute_rule_images/50224_source_1749217183.jpg,50224_source_1749217183.jpg,,,JanMichael800,50224_source_1749217183.jpg
HMK755L Ghost Fall Stroll,HMK755L-1216PP2,Brown Stain Frame,"Step into a storybook autumn scene with Ghost Fall Stroll, a whimsical 12x16 inch art print that perfectly blends cozy fall vibes with lighthearted Halloween charm.",Brown Stain Frame,,,,,,2,99,,,,,2,JanMichael400,JanMichael160,https://cdn11.bigcommerce.com/s-wb4uepr7/images/stencil/500x659/attribute_rule_images/50225_source_1749580311.jpg,50225_source_1749580311.jpg,,,JanMichael800,50225_source_1749580311.jpg
HMK755L Ghost Fall Stroll,HMK755L-1216PBSP2,White Wash Frame,"Step into a storybook autumn scene with Ghost Fall Stroll, a whimsical 12x16 inch art print that perfectly blends cozy fall vibes with lighthearted Halloween charm.",White Wash Frame,,,,,,2,99,,,,,2,JanMichael400,JanMichael160,https://cdn11.bigcommerce.com/s-wb4uepr7/images/stencil/500x659/attribute_rule_images/50226_source_1749580311.jpg,50226_source_1749580311.jpg,,,JanMichael800,50226_source_1749580311.jpg
HMK755L Ghost Fall Stroll,HMK755L-1216PWWP2,Charcoal Wash Frame,"Step into a storybook autumn scene with Ghost Fall Stroll, a whimsical 12x16 inch art print that perfectly blends cozy fall vibes with lighthearted Halloween charm.",Charcoal Wash Frame,,,,,,2,99,,,,,2,JanMichael400,JanMichael160,https://cdn11.bigcommerce.com/s-wb4uepr7/images/stencil/500x659/attribute_rule_images/50227_source_1749580311.jpg,50227_source_1749580311.jpg,,,JanMichael800,50227_source_1749580311.jpg
HMK756L Happy Night Snowman,HMK756L-1216PP4,Brown Stain Frame,"Get ready to add a touch of winter magic to your home with the enchanting HMK756L Happy Night Snowman art print. This heartwarming 12x16 inch piece features a cheerful snowman embracing the joy of a snowy evening, bringing a cozy and festive atmosphere to your space.",Brown Stain Frame,,,,,,2,99,,,,,2,JanMichael400,JanMichael160,https://cdn11.bigcommerce.com/s-wb4uepr7/images/stencil/500x659/attribute_rule_images/50228_source_1749580139.jpg,50228_source_1749580139.jpg,,,JanMichael800,50228_source_1749580139.jpg
HMK756L Happy Night Snowman,HMK756L-1216PBSP4,White Wash Frame,"Get ready to add a touch of winter magic to your home with the enchanting HMK756L Happy Night Snowman art print. This heartwarming 12x16 inch piece features a cheerful snowman embracing the joy of a snowy evening, bringing a cozy and festive atmosphere to your space.",White Wash Frame,,,,,,2,99,,,,,2,JanMichael400,JanMichael160,https://cdn11.bigcommerce.com/s-wb4uepr7/images/stencil/500x659/attribute_rule_images/50229_source_1749580139.jpg,50229_source_1749580139.jpg,,,JanMichael800,50229_source_1749580139.jpg
HMK756L Happy Night Snowman,HMK756L-1216PWWP4,Charcoal Wash Frame,"Get ready to add a touch of winter magic to your home with the enchanting HMK756L Happy Night Snowman art print. This heartwarming 12x16 inch piece features a cheerful snowman embracing the joy of a snowy evening, bringing a cozy and festive atmosphere to your space.",Charcoal Wash Frame,,,,,,2,99,,,,,2,JanMichael400,JanMichael160,https://cdn11.bigcommerce.com/s-wb4uepr7/images/stencil/500x659/attribute_rule_images/50230_source_1749580139.jpg,50230_source_1749580139.jpg,,,JanMichael800,50230_source_1749580139.jpg
HMK757L Caught My Ghost Friends,HMK757L-1216PP2,Brown Stain Frame,"Add a touch of spooky sweetness to your space with Caught My Ghost Friends, a charming 12x16 inch art print that captures a playful Halloween moment. Three adorable glowing ghosts are “caught” in a mason jar, tied with a rustic black ribbon, glowing softly against a warm, moody background.",Brown Stain Frame,,,,,,2,99,,,,,2,JanMichael400,JanMichael160,https://cdn11.bigcommerce.com/s-wb4uepr7/images/stencil/500x659/attribute_rule_images/50231_source_1749578830.jpg,50231_source_1749578830.jpg,,,JanMichael800,50231_source_1749578830.jpg
HMK757L Caught My Ghost Friends,HMK757L-1216PBSP2,White Wash Frame,"Add a touch of spooky sweetness to your space with Caught My Ghost Friends, a charming 12x16 inch art print that captures a playful Halloween moment. Three adorable glowing ghosts are “caught” in a mason jar, tied with a rustic black ribbon, glowing softly against a warm, moody background.",White Wash Frame,,,,,,2,99,,,,,2,JanMichael400,JanMichael160,https://cdn11.bigcommerce.com/s-wb4uepr7/images/stencil/500x659/attribute_rule_images/50232_source_1749578831.jpg,50232_source_1749578831.jpg,,,JanMichael800,50232_source_1749578831.jpg
HMK757L Caught My Ghost Friends,HMK757L-1216PWWP2,Charcoal Wash Frame,"Add a touch of spooky sweetness to your space with Caught My Ghost Friends, a charming 12x16 inch art print that captures a playful Halloween moment. Three adorable glowing ghosts are “caught” in a mason jar, tied with a rustic black ribbon, glowing softly against a warm, moody background.",Charcoal Wash Frame,,,,,,2,99,,,,,2,JanMichael400,JanMichael160,https://cdn11.bigcommerce.com/s-wb4uepr7/images/stencil/500x659/attribute_rule_images/50233_source_1749578831.jpg,50233_source_1749578831.jpg,,,JanMichael800,50233_source_1749578831.jpg
HMK758L Cupids Confectionary,HMK758L-1216PP13,Brown Stain Frame,"Sweeten your space with Cupid’s Confectionery, a delightful 12x16 inch art print that captures the charm of vintage bakery signage with a romantic twist.",Brown Stain Frame,,,,,,2,99,,,,,2,JanMichael400,JanMichael160,https://cdn11.bigcommerce.com/s-wb4uepr7/images/stencil/500x659/attribute_rule_images/50234_source_1749743264.jpg,50234_source_1749743264.jpg,,,JanMichael800,50234_source_1749743264.jpg
HMK758L Cupids Confectionary,HMK758L-1216PBSP13,White Wash Frame,"Sweeten your space with Cupid’s Confectionery, a delightful 12x16 inch art print that captures the charm of vintage bakery signage with a romantic twist.",White Wash Frame,,,,,,2,99,,,,,2,JanMichael400,JanMichael160,https://cdn11.bigcommerce.com/s-wb4uepr7/images/stencil/500x659/attribute_rule_images/50235_source_1749743264.jpg,50235_source_1749743264.jpg,,,JanMichael800,50235_source_1749743264.jpg
HMK758L Cupids Confectionary,HMK758L-1216PWWP13,Charcoal Wash Frame,"Sweeten your space with Cupid’s Confectionery, a delightful 12x16 inch art print that captures the charm of vintage bakery signage with a romantic twist.",Charcoal Wash Frame,,,,,,2,99,,,,,2,JanMichael400,JanMichael160,https://cdn11.bigcommerce.com/s-wb4uepr7/images/stencil/500x659/attribute_rule_images/50236_source_1749743264.jpg,50236_source_1749743264.jpg,,,JanMichael800,50236_source_1749743264.jpg
HMK761L Vintage Seagull,HMK761L-1212PP13,Brown Stain Frame,"Bring coastal serenity and vintage charm to your space with the HMK761L Vintage Seagull art print. Capturing the essence of seaside beauty, this 12x12 inch piece features a proud seagull by the shore, artfully blending rustic textures with ocean waves.",Brown Stain Frame,,,,,,2,99,,,,,2,JanMichael400,JanMichael160,https://cdn11.bigcommerce.com/s-wb4uepr7/images/stencil/500x659/attribute_rule_images/50237_source_1746712230.jpg,50237_source_1746712230.jpg,,,JanMichael800,50237_source_1746712230.jpg
HMK761L Vintage Seagull,HMK761L-1212PBSP13,White Wash Frame,"Bring coastal serenity and vintage charm to your space with the HMK761L Vintage Seagull art print. Capturing the essence of seaside beauty, this 12x12 inch piece features a proud seagull by the shore, artfully blending rustic textures with ocean waves.",White Wash Frame,,,,,,2,99,,,,,2,JanMichael400,JanMichael160,https://cdn11.bigcommerce.com/s-wb4uepr7/images/stencil/500x659/attribute_rule_images/50238_source_1746712230.jpg,50238_source_1746712230.jpg,,,JanMichael800,50238_source_1746712230.jpg
HMK761L Vintage Seagull,HMK761L-1212PWWP13,Charcoal Wash Frame,"Bring coastal serenity and vintage charm to your space with the HMK761L Vintage Seagull art print. Capturing the essence of seaside beauty, this 12x12 inch piece features a proud seagull by the shore, artfully blending rustic textures with ocean waves.",Charcoal Wash Frame,,,,,,2,99,,,,,2,JanMichael400,JanMichael160,https://cdn11.bigcommerce.com/s-wb4uepr7/images/stencil/500x659/attribute_rule_images/50239_source_1746712230.jpg,50239_source_1746712230.jpg,,,JanMichael800,50239_source_1746712230.jpg
HMK762L Fall Wildflower Bucket,HMK762L-1212PP2,Brown Stain Frame,Enhance your home with the charming HMK762L Fall Wildflower Bucket art print. This 12x12 inch masterpiece captures the essence of autumn with a rustic floral arrangement in a weathered metal bucket. Perfect for farmhouse decor or seasonal displays.,Brown Stain Frame,,,,,,2,99,,,,,2,JanMichael400,JanMichael160,https://cdn11.bigcommerce.com/s-wb4uepr7/images/stencil/500x659/products/35314/84768/9Mwwl8UQ__56991.1746712560.jpg,9Mwwl8UQ__56991.1746712560.jpg,,,JanMichael800,9Mwwl8UQ__56991.1746712560.jpg
HMK762L Fall Wildflower Bucket,HMK762L-1212PBSP2,White Wash Frame,Enhance your home with the charming HMK762L Fall Wildflower Bucket art print. This 12x12 inch masterpiece captures the essence of autumn with a rustic floral arrangement in a weathered metal bucket. Perfect for farmhouse decor or seasonal displays.,White Wash Frame,,,,,,2,99,,,,,2,JanMichael400,JanMichael160,https://cdn11.bigcommerce.com/s-wb4uepr7/images/stencil/500x659/products/35314/84768/9Mwwl8UQ__56991.1746712560.jpg,9Mwwl8UQ__56991.1746712560.jpg,,,JanMichael800,9Mwwl8UQ__56991.1746712560.jpg
HMK762L Fall Wildflower Bucket,HMK762L-1212PWWP2,Charcoal Wash Frame,Enhance your home with the charming HMK762L Fall Wildflower Bucket art print. This 12x12 inch masterpiece captures the essence of autumn with a rustic floral arrangement in a weathered metal bucket. Perfect for farmhouse decor or seasonal displays.,Charcoal Wash Frame,,,,,,2,99,,,,,2,JanMichael400,JanMichael160,https://cdn11.bigcommerce.com/s-wb4uepr7/images/stencil/500x659/products/35314/84768/9Mwwl8UQ__56991.1746712560.jpg,9Mwwl8UQ__56991.1746712560.jpg,,,JanMichael800,9Mwwl8UQ__56991.1746712560.jpg
HMK763L Modern Fall Sitting,HMK763L-1212PP2,Brown Stain Frame,"Elevate your autumn decor with Modern Fall Sitting, a minimalist art print featuring fall branches in a serene setting. The earthy tones and rustic frame add a touch of seasonal warmth to any room.",Brown Stain Frame,,,,,,2,99,,,,,2,JanMichael400,JanMichael160,https://cdn11.bigcommerce.com/s-wb4uepr7/images/stencil/500x659/attribute_rule_images/50243_source_1746712813.jpg,50243_source_1746712813.jpg,,,JanMichael800,50243_source_1746712813.jpg
HMK763L Modern Fall Sitting,HMK763L-1212PBSP2,White Wash Frame,"Elevate your autumn decor with Modern Fall Sitting, a minimalist art print featuring fall branches in a serene setting. The earthy tones and rustic frame add a touch of seasonal warmth to any room.",White Wash Frame,,,,,,2,99,,,,,2,JanMichael400,JanMichael160,https://cdn11.bigcommerce.com/s-wb4uepr7/images/stencil/500x659/attribute_rule_images/50244_source_1746712672.jpg,50244_source_1746712672.jpg,,,JanMichael800,50244_source_1746712672.jpg
HMK763L Modern Fall Sitting,HMK763L-1212PWWP2,Charcoal Wash Frame,"Elevate your autumn decor with Modern Fall Sitting, a minimalist art print featuring fall branches in a serene setting. The earthy tones and rustic frame add a touch of seasonal warmth to any room.",Charcoal Wash Frame,,,,,,2,99,,,,,2,JanMichael400,JanMichael160,https://cdn11.bigcommerce.com/s-wb4uepr7/images/stencil/500x659/attribute_rule_images/50245_source_1746712813.jpg,50245_source_1746712813.jpg,,,JanMichael800,50245_source_1746712813.jpg
HMK764L Distressed Pumpkin Painting,HMK764L-1212PP2,Brown Stain Frame,"Enhance your fall decor with the captivating HMK764L Distressed Pumpkin Painting, a stunning 12x12 art print exuding rustic charm and modern elegance.",Brown Stain Frame,,,,,,2,99,,,,,2,JanMichael400,JanMichael160,https://cdn11.bigcommerce.com/s-wb4uepr7/images/stencil/500x659/attribute_rule_images/50246_source_1746713122.jpg,50246_source_1746713122.jpg,,,JanMichael800,50246_source_1746713122.jpg
HMK764L Distressed Pumpkin Painting,HMK764L-1212PBSP2,White Wash Frame,"Enhance your fall decor with the captivating HMK764L Distressed Pumpkin Painting, a stunning 12x12 art print exuding rustic charm and modern elegance.",White Wash Frame,,,,,,2,99,,,,,2,JanMichael400,JanMichael160,https://cdn11.bigcommerce.com/s-wb4uepr7/images/stencil/500x659/attribute_rule_images/50247_source_1746713080.jpg,50247_source_1746713080.jpg,,,JanMichael800,50247_source_1746713080.jpg
HMK764L Distressed Pumpkin Painting,HMK764L-1212PWWP2,Charcoal Wash Frame,"Enhance your fall decor with the captivating HMK764L Distressed Pumpkin Painting, a stunning 12x12 art print exuding rustic charm and modern elegance.",Charcoal Wash Frame,,,,,,2,99,,,,,2,JanMichael400,JanMichael160,https://cdn11.bigcommerce.com/s-wb4uepr7/images/stencil/500x659/attribute_rule_images/50248_source_1746713080.jpg,50248_source_1746713080.jpg,,,JanMichael800,50248_source_1746713080.jpg
HMK765L Winters End Tulips,HMK765L-1212PP13,Brown Stain Frame,"Celebrate the beauty of seasonal change with HMK765L Winters End Tulips, a stunning 12x12 art print capturing the transition from winter to spring. Vibrant orange tulips bloom against a snowy backdrop, bringing warmth and hope to your home.",Brown Stain Frame,,,,,,2,99,,,,,2,JanMichael400,JanMichael160,https://cdn11.bigcommerce.com/s-wb4uepr7/images/stencil/500x659/attribute_rule_images/50249_source_1746713448.jpg,50249_source_1746713448.jpg,,,JanMichael800,50249_source_1746713448.jpg
HMK765L Winters End Tulips,HMK765L-1212PBSP13,White Wash Frame,"Celebrate the beauty of seasonal change with HMK765L Winters End Tulips, a stunning 12x12 art print capturing the transition from winter to spring. Vibrant orange tulips bloom against a snowy backdrop, bringing warmth and hope to your home.",White Wash Frame,,,,,,2,99,,,,,2,JanMichael400,JanMichael160,https://cdn11.bigcommerce.com/s-wb4uepr7/images/stencil/500x659/attribute_rule_images/50250_source_1746713584.jpg,50250_source_1746713584.jpg,,,JanMichael800,50250_source_1746713584.jpg
HMK765L Winters End Tulips,HMK765L-1212PWWP13,Charcoal Wash Frame,"Celebrate the beauty of seasonal change with HMK765L Winters End Tulips, a stunning 12x12 art print capturing the transition from winter to spring. Vibrant orange tulips bloom against a snowy backdrop, bringing warmth and hope to your home.",Charcoal Wash Frame,,,,,,2,99,,,,,2,JanMichael400,JanMichael160,https://cdn11.bigcommerce.com/s-wb4uepr7/images/stencil/500x659/attribute_rule_images/50251_source_1746713448.jpg,50251_source_1746713448.jpg,,,JanMichael800,50251_source_1746713448.jpg
HMK766L Fall Tree Painting,HMK766L-1212PP2,Brown Stain Frame,"Bring the serene beauty of autumn into your home with our HMK766L Fall Tree Painting. This 12x12 art print captures the peaceful essence of a lone tree in a golden fall landscape, perfect for creating a cozy and rustic atmosphere.",Brown Stain Frame,,,,,,2,99,,,,,2,JanMichael400,JanMichael160,https://cdn11.bigcommerce.com/s-wb4uepr7/images/stencil/500x659/attribute_rule_images/50252_source_1746715721.jpg,50252_source_1746715721.jpg,,,JanMichael800,50252_source_1746715721.jpg
HMK766L Fall Tree Painting,HMK766L-1212PBSP2,White Wash Frame,"Bring the serene beauty of autumn into your home with our HMK766L Fall Tree Painting. This 12x12 art print captures the peaceful essence of a lone tree in a golden fall landscape, perfect for creating a cozy and rustic atmosphere.",White Wash Frame,,,,,,2,99,,,,,2,JanMichael400,JanMichael160,https://cdn11.bigcommerce.com/s-wb4uepr7/images/stencil/500x659/attribute_rule_images/50253_source_1746715759.jpg,50253_source_1746715759.jpg,,,JanMichael800,50253_source_1746715759.jpg
HMK766L Fall Tree Painting,HMK766L-1212PWWP2,Charcoal Wash Frame,"Bring the serene beauty of autumn into your home with our HMK766L Fall Tree Painting. This 12x12 art print captures the peaceful essence of a lone tree in a golden fall landscape, perfect for creating a cozy and rustic atmosphere.",Charcoal Wash Frame,,,,,,2,99,,,,,2,JanMichael400,JanMichael160,https://cdn11.bigcommerce.com/s-wb4uepr7/images/stencil/500x659/attribute_rule_images/50254_source_1746715721.jpg,50254_source_1746715721.jpg,,,JanMichael800,50254_source_1746715721.jpg
HMK767L Moody Jack O Lantern Painting,HMK767L-1212PP2,Brown Stain Frame,"Add a haunting glow to your Halloween decor with Moody Jack O Lantern Painting, a dramatic 12x12 inch art print that captures the eerie charm of a glowing pumpkin in painterly detail.",Brown Stain Frame,,,,,,2,99,,,,,2,JanMichael400,JanMichael160,https://cdn11.bigcommerce.com/s-wb4uepr7/images/stencil/500x659/attribute_rule_images/50255_source_1746716253.jpg,50255_source_1746716253.jpg,,,JanMichael800,50255_source_1746716253.jpg
HMK767L Moody Jack O Lantern Painting,HMK767-1212PBSP2,White Wash Frame,"Add a haunting glow to your Halloween decor with Moody Jack O Lantern Painting, a dramatic 12x12 inch art print that captures the eerie charm of a glowing pumpkin in painterly detail.",White Wash Frame,,,,,,2,99,,,,,2,JanMichael400,JanMichael160,https://cdn11.bigcommerce.com/s-wb4uepr7/images/stencil/500x659/attribute_rule_images/50256_source_1746716253.jpg,50256_source_1746716253.jpg,,,JanMichael800,50256_source_1746716253.jpg
HMK767L Moody Jack O Lantern Painting,HMK767L-1212PWWP2,Charcoal Wash Frame,"Add a haunting glow to your Halloween decor with Moody Jack O Lantern Painting, a dramatic 12x12 inch art print that captures the eerie charm of a glowing pumpkin in painterly detail.",Charcoal Wash Frame,,,,,,2,99,,,,,2,JanMichael400,JanMichael160,https://cdn11.bigcommerce.com/s-wb4uepr7/images/stencil/500x659/attribute_rule_images/50257_source_1746716253.jpg,50257_source_1746716253.jpg,,,JanMichael800,50257_source_1746716253.jpg
HMK768L Kitty Loving,HMK768L-1212PP16,Brown Stain Frame,"Add a touch of whimsy and romance to your space with Kitty Loving, a charming 12x12 art print featuring a regal cat and decadent desserts, perfect for cat lovers and romantics alike.",Brown Stain Frame,,,,,,2,99,,,,,2,JanMichael400,JanMichael160,https://cdn11.bigcommerce.com/s-wb4uepr7/images/stencil/500x659/attribute_rule_images/50258_source_1746716593.jpg,50258_source_1746716593.jpg,,,JanMichael800,50258_source_1746716593.jpg
HMK768L Kitty Loving,HMK768L-1212PBSP16,White Wash Frame,"Add a touch of whimsy and romance to your space with Kitty Loving, a charming 12x12 art print featuring a regal cat and decadent desserts, perfect for cat lovers and romantics alike.",White Wash Frame,,,,,,2,99,,,,,2,JanMichael400,JanMichael160,https://cdn11.bigcommerce.com/s-wb4uepr7/images/stencil/500x659/attribute_rule_images/50259_source_1746716593.jpg,50259_source_1746716593.jpg,,,JanMichael800,50259_source_1746716593.jpg
HMK768L Kitty Loving,HMK768L-1212PWWP16,Charcoal Wash Frame,"Add a touch of whimsy and romance to your space with Kitty Loving, a charming 12x12 art print featuring a regal cat and decadent desserts, perfect for cat lovers and romantics alike.",Charcoal Wash Frame,,,,,,2,99,,,,,2,JanMichael400,JanMichael160,https://cdn11.bigcommerce.com/s-wb4uepr7/images/stencil/500x659/attribute_rule_images/50260_source_1746716593.jpg,50260_source_1746716593.jpg,,,JanMichael800,50260_source_1746716593.jpg
HMK769L Santa's Pets,HMK769L-1216PP4,Brown Stain Frame,"Add festive warmth and furry charm to your holiday decor with Santa’s Pets, a heart-melting 12x16 inch art print featuring an adorable duo of a golden retriever and a cozy calico cat cuddled together under a soft snowfall.",Brown Stain Frame,,,,,,2,99,,,,,2,JanMichael400,JanMichael160,https://cdn11.bigcommerce.com/s-wb4uepr7/images/stencil/500x659/attribute_rule_images/50261_source_1749578727.jpg,50261_source_1749578727.jpg,,,JanMichael800,50261_source_1749578727.jpg
HMK769L Santa's Pets,HMK769L-1216PBSP4,White Wash Frame,"Add festive warmth and furry charm to your holiday decor with Santa’s Pets, a heart-melting 12x16 inch art print featuring an adorable duo of a golden retriever and a cozy calico cat cuddled together under a soft snowfall.",White Wash Frame,,,,,,2,99,,,,,2,JanMichael400,JanMichael160,https://cdn11.bigcommerce.com/s-wb4uepr7/images/stencil/500x659/attribute_rule_images/50262_source_1749578727.jpg,50262_source_1749578727.jpg,,,JanMichael800,50262_source_1749578727.jpg
HMK769L Santa's Pets,HMK769L-1216PWWP4,Charcoal Wash Frame,"Add festive warmth and furry charm to your holiday decor with Santa’s Pets, a heart-melting 12x16 inch art print featuring an adorable duo of a golden retriever and a cozy calico cat cuddled together under a soft snowfall.",Charcoal Wash Frame,,,,,,2,99,,,,,2,JanMichael400,JanMichael160,https://cdn11.bigcommerce.com/s-wb4uepr7/images/stencil/500x659/attribute_rule_images/50263_source_1749578727.jpg,50263_source_1749578727.jpg,,,JanMichael800,50263_source_1749578727.jpg
HMK770L Fresh Tulip Bouquet,HMK770L-1216PP17,Brown Stain Frame,Transform your space with the enchanting beauty of the HMK770L Fresh Tulip Bouquet. Adorn your walls with this captivating 12x16 art print that brings the essence of spring into your home.,Brown Stain Frame,,,,,,2,99,,,,,2,JanMichael400,JanMichael160,https://cdn11.bigcommerce.com/s-wb4uepr7/images/stencil/500x659/attribute_rule_images/50264_source_1749578487.jpg,50264_source_1749578487.jpg,,,JanMichael800,50264_source_1749578487.jpg
HMK770L Fresh Tulip Bouquet,HMK770L-1216PBSP17,White Wash Frame,Transform your space with the enchanting beauty of the HMK770L Fresh Tulip Bouquet. Adorn your walls with this captivating 12x16 art print that brings the essence of spring into your home.,White Wash Frame,,,,,,2,99,,,,,2,JanMichael400,JanMichael160,https://cdn11.bigcommerce.com/s-wb4uepr7/images/stencil/500x659/attribute_rule_images/50264_source_1749578487.jpg,50264_source_1749578487.jpg,,,JanMichael800,50264_source_1749578487.jpg
HMK770L Fresh Tulip Bouquet,HMK770L-1216PWWP17,Charcoal Wash Frame,Transform your space with the enchanting beauty of the HMK770L Fresh Tulip Bouquet. Adorn your walls with this captivating 12x16 art print that brings the essence of spring into your home.,Charcoal Wash Frame,,,,,,2,99,,,,,2,JanMichael400,JanMichael160,https://cdn11.bigcommerce.com/s-wb4uepr7/images/stencil/500x659/attribute_rule_images/50266_source_1749578487.jpg,50266_source_1749578487.jpg,,,JanMichael800,50266_source_1749578487.jpg
HMK774L Black Bouquet,HMK774L-1216PP10,Brown Stain Frame,"Transform your space with the stunning HMK774L Black Bouquet art print. Featuring a captivating blend of soft florals against a deep black background, this 12x16 print adds a touch of timeless elegance to any room.",Brown Stain Frame,,,,,,2,99,,,,,2,JanMichael400,JanMichael160,https://cdn11.bigcommerce.com/s-wb4uepr7/images/stencil/500x659/attribute_rule_images/50267_source_1749222574.jpg,50267_source_1749222574.jpg,,,JanMichael800,50267_source_1749222574.jpg
HMK774L Black Bouquet,HMK774L-1216PBSP10,White Wash Frame,"Transform your space with the stunning HMK774L Black Bouquet art print. Featuring a captivating blend of soft florals against a deep black background, this 12x16 print adds a touch of timeless elegance to any room.",White Wash Frame,,,,,,2,99,,,,,2,JanMichael400,JanMichael160,https://cdn11.bigcommerce.com/s-wb4uepr7/images/stencil/500x659/attribute_rule_images/50268_source_1749222574.jpg,50268_source_1749222574.jpg,,,JanMichael800,50268_source_1749222574.jpg
HMK774L Black Bouquet,HMK774L-1216PWWP10,Charcoal Wash Frame,"Transform your space with the stunning HMK774L Black Bouquet art print. Featuring a captivating blend of soft florals against a deep black background, this 12x16 print adds a touch of timeless elegance to any room.",Charcoal Wash Frame,,,,,,2,99,,,,,2,JanMichael400,JanMichael160,https://cdn11.bigcommerce.com/s-wb4uepr7/images/stencil/500x659/attribute_rule_images/50269_source_1749222574.jpg,50269_source_1749222574.jpg,,,JanMichael800,50269_source_1749222574.jpg
HMK777L Sailing the Ocean,HMK777L-1216PP10,Brown Stain Frame,Step into the world of adventure and nautical charm with HMK777L Sailing the Ocean. This stunning 12x16 art print captures the essence of freedom and exploration with its timeless depiction of a majestic tall ship sailing through the rolling waves.,Brown Stain Frame,,,,,,2,99,,,,,2,JanMichael400,JanMichael160,https://cdn11.bigcommerce.com/s-wb4uepr7/images/stencil/500x659/attribute_rule_images/50270_source_1749222781.jpg,50270_source_1749222781.jpg,,,JanMichael800,50270_source_1749222781.jpg
HMK777L Sailing the Ocean,HMK777L-1216PBSP10,White Wash Frame,Step into the world of adventure and nautical charm with HMK777L Sailing the Ocean. This stunning 12x16 art print captures the essence of freedom and exploration with its timeless depiction of a majestic tall ship sailing through the rolling waves.,White Wash Frame,,,,,,2,99,,,,,2,JanMichael400,JanMichael160,https://cdn11.bigcommerce.com/s-wb4uepr7/images/stencil/500x659/attribute_rule_images/50271_source_1749222781.jpg,50271_source_1749222781.jpg,,,JanMichael800,50271_source_1749222781.jpg
HMK777L Sailing the Ocean,HMK777L-1216PWWP10,Charcoal Wash Frame,Step into the world of adventure and nautical charm with HMK777L Sailing the Ocean. This stunning 12x16 art print captures the essence of freedom and exploration with its timeless depiction of a majestic tall ship sailing through the rolling waves.,Charcoal Wash Frame,,,,,,2,99,,,,,2,JanMichael400,JanMichael160,https://cdn11.bigcommerce.com/s-wb4uepr7/images/stencil/500x659/attribute_rule_images/50272_source_1749222781.jpg,50272_source_1749222781.jpg,,,JanMichael800,50272_source_1749222781.jpg
HMK778L Floral Fawn,HMK778L-1216PP9,Brown Stain Frame,"Step into the peaceful beauty of the meadow with Floral Fawn, a charming 12x16 art print capturing the innocence of a fawn surrounded by wildflowers.",Brown Stain Frame,,,,,,2,99,,,,,2,JanMichael400,JanMichael160,https://cdn11.bigcommerce.com/s-wb4uepr7/images/stencil/500x659/attribute_rule_images/50273_source_1749222643.jpg,50273_source_1749222643.jpg,,,JanMichael800,50273_source_1749222643.jpg
HMK778L Floral Fawn,HMK778L-1216PBSP9,White Wash Frame,"Step into the peaceful beauty of the meadow with Floral Fawn, a charming 12x16 art print capturing the innocence of a fawn surrounded by wildflowers.",White Wash Frame,,,,,,2,99,,,,,2,JanMichael400,JanMichael160,https://cdn11.bigcommerce.com/s-wb4uepr7/images/stencil/500x659/attribute_rule_images/50274_source_1749222643.jpg,50274_source_1749222643.jpg,,,JanMichael800,50274_source_1749222643.jpg
HMK778L Floral Fawn,HMK778L-1216PWWP9,Charcoal Wash Frame,"Step into the peaceful beauty of the meadow with Floral Fawn, a charming 12x16 art print capturing the innocence of a fawn surrounded by wildflowers.",Charcoal Wash Frame,,,,,,2,99,,,,,2,JanMichael400,JanMichael160,https://cdn11.bigcommerce.com/s-wb4uepr7/images/stencil/500x659/attribute_rule_images/50275_source_1749222643.jpg,50275_source_1749222643.jpg,,,JanMichael800,50275_source_1749222643.jpg
HMK779L American Bouquet,HMK779L-1216PP17,Brown Stain Frame,"Celebrate your patriotic pride with the vibrant American Bouquet Art Print. A perfect blend of Americana charm and farmhouse elegance, this 12x16 inch masterpiece exudes summer holiday vibes.",Brown Stain Frame,,,,,,2,99,,,,,2,JanMichael400,JanMichael160,https://cdn11.bigcommerce.com/s-wb4uepr7/images/stencil/500x659/attribute_rule_images/50276_source_1749223076.jpg,50276_source_1749223076.jpg,,,JanMichael800,50276_source_1749223076.jpg
HMK779L American Bouquet,HMK779L-1216PBSP17,White Wash Frame,"Celebrate your patriotic pride with the vibrant American Bouquet Art Print. A perfect blend of Americana charm and farmhouse elegance, this 12x16 inch masterpiece exudes summer holiday vibes.",White Wash Frame,,,,,,2,99,,,,,2,JanMichael400,JanMichael160,https://cdn11.bigcommerce.com/s-wb4uepr7/images/stencil/500x659/attribute_rule_images/50277_source_1749223076.jpg,50277_source_1749223076.jpg,,,JanMichael800,50277_source_1749223076.jpg
HMK779L American Bouquet,HMK779L-1216PWWP17,Charcoal Wash Frame,"Celebrate your patriotic pride with the vibrant American Bouquet Art Print. A perfect blend of Americana charm and farmhouse elegance, this 12x16 inch masterpiece exudes summer holiday vibes.",Charcoal Wash Frame,,,,,,2,99,,,,,2,JanMichael400,JanMichael160,https://cdn11.bigcommerce.com/s-wb4uepr7/images/stencil/500x659/attribute_rule_images/50278_source_1749223077.jpg,50278_source_1749223077.jpg,,,JanMichael800,50278_source_1749223077.jpg
HMK781L Vintage Orange Books,HMK781L-1216PP9,Brown Stain Frame,"Celebrate the charm of old-world academia with a fresh, citrusy twist in Vintage Orange Books. This richly detailed composition features a stately stack of antique books adorned with vibrant oranges, glossy green leaves, and delicate white blossoms.",Brown Stain Frame,,,,,,2,99,,,,,2,JanMichael400,JanMichael160,https://cdn11.bigcommerce.com/s-wb4uepr7/images/stencil/500x659/attribute_rule_images/50279_source_1749223286.jpg,50279_source_1749223286.jpg,,,JanMichael800,50279_source_1749223286.jpg
HMK781L Vintage Orange Books,HMK781L-1216PBSP9,White Wash Frame,"Celebrate the charm of old-world academia with a fresh, citrusy twist in Vintage Orange Books. This richly detailed composition features a stately stack of antique books adorned with vibrant oranges, glossy green leaves, and delicate white blossoms.",White Wash Frame,,,,,,2,99,,,,,2,JanMichael400,JanMichael160,https://cdn11.bigcommerce.com/s-wb4uepr7/images/stencil/500x659/attribute_rule_images/50280_source_1749223286.jpg,50280_source_1749223286.jpg,,,JanMichael800,50280_source_1749223286.jpg
HMK781L Vintage Orange Books,HMK781L-1216PWWP9,Charcoal Wash Frame,"Celebrate the charm of old-world academia with a fresh, citrusy twist in Vintage Orange Books. This richly detailed composition features a stately stack of antique books adorned with vibrant oranges, glossy green leaves, and delicate white blossoms.",Charcoal Wash Frame,,,,,,2,99,,,,,2,JanMichael400,JanMichael160,https://cdn11.bigcommerce.com/s-wb4uepr7/images/stencil/500x659/attribute_rule_images/50281_source_1749223286.jpg,50281_source_1749223286.jpg,,,JanMichael800,50281_source_1749223286.jpg
HMK782L Marsh Path Home,HMK782L-1216PP9,Brown Stain Frame,"Step into the calm and quiet beauty of the countryside with Marsh Path Home, a 12x16 inch art print that captures the peaceful essence of rural living.",Brown Stain Frame,,,,,,2,99,,,,,2,JanMichael400,JanMichael160,https://cdn11.bigcommerce.com/s-wb4uepr7/images/stencil/500x659/products/35344/86318/12x16_brownframe_HMK782L_MARSH_PATH_HOME_12X16_LATH_HOLLY_KRAMER__94754.1749223635.jpg,12x16_brownframe_HMK782L_MARSH_PATH_HOME_12X16_LATH_HOLLY_KRAMER__94754.1749223635.jpg,,,JanMichael800,12x16_brownframe_HMK782L_MARSH_PATH_HOME_12X16_LATH_HOLLY_KRAMER__94754.1749223635.jpg
HMK782L Marsh Path Home,HMK782L-1216PBSP9,White Wash Frame,"Step into the calm and quiet beauty of the countryside with Marsh Path Home, a 12x16 inch art print that captures the peaceful essence of rural living.",White Wash Frame,,,,,,2,99,,,,,2,JanMichael400,JanMichael160,https://cdn11.bigcommerce.com/s-wb4uepr7/images/stencil/500x659/products/35344/86318/12x16_brownframe_HMK782L_MARSH_PATH_HOME_12X16_LATH_HOLLY_KRAMER__94754.1749223635.jpg,12x16_brownframe_HMK782L_MARSH_PATH_HOME_12X16_LATH_HOLLY_KRAMER__94754.1749223635.jpg,,,JanMichael800,12x16_brownframe_HMK782L_MARSH_PATH_HOME_12X16_LATH_HOLLY_KRAMER__94754.1749223635.jpg
HMK782L Marsh Path Home,HMK782L-1216PWWP9,Charcoal Wash Frame,"Step into the calm and quiet beauty of the countryside with Marsh Path Home, a 12x16 inch art print that captures the peaceful essence of rural living.",Charcoal Wash Frame,,,,,,2,99,,,,,2,JanMichael400,JanMichael160,https://cdn11.bigcommerce.com/s-wb4uepr7/images/stencil/500x659/products/35344/86318/12x16_brownframe_HMK782L_MARSH_PATH_HOME_12X16_LATH_HOLLY_KRAMER__94754.1749223635.jpg,12x16_brownframe_HMK782L_MARSH_PATH_HOME_12X16_LATH_HOLLY_KRAMER__94754.1749223635.jpg,,,JanMichael800,12x16_brownframe_HMK782L_MARSH_PATH_HOME_12X16_LATH_HOLLY_KRAMER__94754.1749223635.jpg
HMK775L Creamy Bunny,HMK775L-810PP26,Brown Stain Frame,"Add a touch of sweetness and springtime charm to your space with Creamy Bunny, an adorable 8x10 art print featuring a lifelike cream-and-tan bunny against a mint backdrop. Perfect for Easter, nurseries, or animal lovers of all ages, this piece brings cozy cottage vibes and playful personality to any room.",Brown Stain Frame,,,,,,2,99,,,,,2,JanMichael400,JanMichael160,https://cdn11.bigcommerce.com/s-wb4uepr7/images/stencil/500x659/attribute_rule_images/50285_source_1749054116.jpg,50285_source_1749054116.jpg,,,JanMichael800,50285_source_1749054116.jpg
HMK775L Creamy Bunny,HMK775L-810PBSP26,White Wash Frame,"Add a touch of sweetness and springtime charm to your space with Creamy Bunny, an adorable 8x10 art print featuring a lifelike cream-and-tan bunny against a mint backdrop. Perfect for Easter, nurseries, or animal lovers of all ages, this piece brings cozy cottage vibes and playful personality to any room.",White Wash Frame,,,,,,2,99,,,,,2,JanMichael400,JanMichael160,https://cdn11.bigcommerce.com/s-wb4uepr7/images/stencil/500x659/attribute_rule_images/50286_source_1746721096.jpg,50286_source_1746721096.jpg,,,JanMichael800,50286_source_1746721096.jpg
HMK775L Creamy Bunny,HMK775L-810PWWP26,Charcoal Wash Frame,"Add a touch of sweetness and springtime charm to your space with Creamy Bunny, an adorable 8x10 art print featuring a lifelike cream-and-tan bunny against a mint backdrop. Perfect for Easter, nurseries, or animal lovers of all ages, this piece brings cozy cottage vibes and playful personality to any room.",Charcoal Wash Frame,,,,,,2,99,,,,,2,JanMichael400,JanMichael160,https://cdn11.bigcommerce.com/s-wb4uepr7/images/stencil/500x659/attribute_rule_images/50287_source_1746721096.jpg,50287_source_1746721096.jpg,,,JanMichael800,50287_source_1746721096.jpg
HMK783L Patriotic Books,HMK783L-1216PP17,Brown Stain Frame,"Celebrate tradition with Patriotic Books, a beautiful 12x16 art print featuring vintage charm and Americana elegance.",Brown Stain Frame,,,,,,2,99,,,,,2,JanMichael400,JanMichael160,https://cdn11.bigcommerce.com/s-wb4uepr7/images/stencil/500x659/attribute_rule_images/50288_source_1749223453.jpg,50288_source_1749223453.jpg,,,JanMichael800,50288_source_1749223453.jpg
HMK783L Patriotic Books,HMK783L-1216PBSP17,White Wash Frame,"Celebrate tradition with Patriotic Books, a beautiful 12x16 art print featuring vintage charm and Americana elegance.",White Wash Frame,,,,,,2,99,,,,,2,JanMichael400,JanMichael160,https://cdn11.bigcommerce.com/s-wb4uepr7/images/stencil/500x659/attribute_rule_images/50289_source_1749223453.jpg,50289_source_1749223453.jpg,,,JanMichael800,50289_source_1749223453.jpg
HMK783L Patriotic Books,HMK783L-1216PWWP17,Charcoal Wash Frame,"Celebrate tradition with Patriotic Books, a beautiful 12x16 art print featuring vintage charm and Americana elegance.",Charcoal Wash Frame,,,,,,2,99,,,,,2,JanMichael400,JanMichael160,https://cdn11.bigcommerce.com/s-wb4uepr7/images/stencil/500x659/attribute_rule_images/50290_source_1749223453.jpg,50290_source_1749223453.jpg,,,JanMichael800,50290_source_1749223453.jpg
HMK784L Vintage Canoe Lake,HMK784L-1216PP17,Brown Stain Frame,"Embrace the serene beauty of Vintage Canoe Lake with this 12x16 art print, capturing the essence of rustic tranquility and timeless exploration. The classic wooden canoe rests beside a misty lake, enveloped by nature's calm embrace.",Brown Stain Frame,,,,,,2,99,,,,,2,JanMichael400,JanMichael160,https://cdn11.bigcommerce.com/s-wb4uepr7/images/stencil/500x659/attribute_rule_images/50291_source_1749223760.jpg,50291_source_1749223760.jpg,,,JanMichael800,50291_source_1749223760.jpg
HMK784L Vintage Canoe Lake,HMK784L-1216PBSP17,White Wash Frame,"Embrace the serene beauty of Vintage Canoe Lake with this 12x16 art print, capturing the essence of rustic tranquility and timeless exploration. The classic wooden canoe rests beside a misty lake, enveloped by nature's calm embrace.",White Wash Frame,,,,,,2,99,,,,,2,JanMichael400,JanMichael160,https://cdn11.bigcommerce.com/s-wb4uepr7/images/stencil/500x659/attribute_rule_images/50292_source_1749223760.jpg,50292_source_1749223760.jpg,,,JanMichael800,50292_source_1749223760.jpg
HMK784L Vintage Canoe Lake,HMK784L-1216PWWP17,Charcoal Wash Frame,"Embrace the serene beauty of Vintage Canoe Lake with this 12x16 art print, capturing the essence of rustic tranquility and timeless exploration. The classic wooden canoe rests beside a misty lake, enveloped by nature's calm embrace.",Charcoal Wash Frame,,,,,,2,99,,,,,2,JanMichael400,JanMichael160,https://cdn11.bigcommerce.com/s-wb4uepr7/images/stencil/500x659/attribute_rule_images/50293_source_1749223760.jpg,50293_source_1749223760.jpg,,,JanMichael800,50293_source_1749223760.jpg
HMK786L American Reading,HMK786L-1216PP9,Brown Stain Frame,"Celebrate timeless patriotism and literary charm with American Reading, a stunning 12x16 art print that beautifully blends vintage sophistication with red, white, and blue floral beauty.",Brown Stain Frame,,,,,,2,99,,,,,2,JanMichael400,JanMichael160,https://cdn11.bigcommerce.com/s-wb4uepr7/images/stencil/500x659/attribute_rule_images/50294_source_1749223857.jpg,50294_source_1749223857.jpg,,,JanMichael800,50294_source_1749223857.jpg
HMK786L American Reading,HMK786L-1216PBSP9,White Wash Frame,"Celebrate timeless patriotism and literary charm with American Reading, a stunning 12x16 art print that beautifully blends vintage sophistication with red, white, and blue floral beauty.",White Wash Frame,,,,,,2,99,,,,,2,JanMichael400,JanMichael160,https://cdn11.bigcommerce.com/s-wb4uepr7/images/stencil/500x659/attribute_rule_images/50295_source_1749223857.jpg,50295_source_1749223857.jpg,,,JanMichael800,50295_source_1749223857.jpg
HMK786L American Reading,HMK786L-1216PWWP9,Charcoal Wash Frame,"Celebrate timeless patriotism and literary charm with American Reading, a stunning 12x16 art print that beautifully blends vintage sophistication with red, white, and blue floral beauty.",Charcoal Wash Frame,,,,,,2,99,,,,,2,JanMichael400,JanMichael160,https://cdn11.bigcommerce.com/s-wb4uepr7/images/stencil/500x659/attribute_rule_images/50296_source_1749223857.jpg,50296_source_1749223857.jpg,,,JanMichael800,50296_source_1749223857.jpg
HMK787L Vintage Lemon Bundle,HMK787L-1216PP9,Brown Stain Frame,Brighten your space with the timeless beauty of HMK787L Vintage Lemon Bundle. This 12x16 inch art print blends classic still life artistry with farmhouse charm for a striking contrast that highlights nature's simplest treasures.,Brown Stain Frame,,,,,,2,99,,,,,2,JanMichael400,JanMichael160,https://cdn11.bigcommerce.com/s-wb4uepr7/images/stencil/500x659/attribute_rule_images/50297_source_1749224027.jpg,50297_source_1749224027.jpg,,,JanMichael800,50297_source_1749224027.jpg
HMK787L Vintage Lemon Bundle,HMK787L-1216PBSP9,White Wash Frame,Brighten your space with the timeless beauty of HMK787L Vintage Lemon Bundle. This 12x16 inch art print blends classic still life artistry with farmhouse charm for a striking contrast that highlights nature's simplest treasures.,White Wash Frame,,,,,,2,99,,,,,2,JanMichael400,JanMichael160,https://cdn11.bigcommerce.com/s-wb4uepr7/images/stencil/500x659/attribute_rule_images/50298_source_1749224027.jpg,50298_source_1749224027.jpg,,,JanMichael800,50298_source_1749224027.jpg
HMK787L Vintage Lemon Bundle,HMK787L-1216PWWP9,Charcoal Wash Frame,Brighten your space with the timeless beauty of HMK787L Vintage Lemon Bundle. This 12x16 inch art print blends classic still life artistry with farmhouse charm for a striking contrast that highlights nature's simplest treasures.,Charcoal Wash Frame,,,,,,2,99,,,,,2,JanMichael400,JanMichael160,https://cdn11.bigcommerce.com/s-wb4uepr7/images/stencil/500x659/attribute_rule_images/50299_source_1749224027.jpg,50299_source_1749224027.jpg,,,JanMichael800,50299_source_1749224027.jpg
HMK788L Patriotic Pride,HMK788L-1216PP10,Brown Stain Frame,"Celebrate the spirit of American heritage with Patriotic Pride, a heartwarming 12x16 inch art print capturing a nostalgic moment of childhood and country.",Brown Stain Frame,,,,,,2,99,,,,,2,JanMichael400,JanMichael160,https://cdn11.bigcommerce.com/s-wb4uepr7/images/stencil/500x659/attribute_rule_images/50300_source_1749224089.jpg,50300_source_1749224089.jpg,,,JanMichael800,50300_source_1749224089.jpg
HMK788L Patriotic Pride,HMK788L-1216PBSP10,White Wash Frame,"Celebrate the spirit of American heritage with Patriotic Pride, a heartwarming 12x16 inch art print capturing a nostalgic moment of childhood and country.",White Wash Frame,,,,,,2,99,,,,,2,JanMichael400,JanMichael160,https://cdn11.bigcommerce.com/s-wb4uepr7/images/stencil/500x659/attribute_rule_images/50301_source_1749224089.jpg,50301_source_1749224089.jpg,,,JanMichael800,50301_source_1749224089.jpg
HMK788L Patriotic Pride,HMK788L-1216PWWP10,Charcoal Wash Frame,"Celebrate the spirit of American heritage with Patriotic Pride, a heartwarming 12x16 inch art print capturing a nostalgic moment of childhood and country.",Charcoal Wash Frame,,,,,,2,99,,,,,2,JanMichael400,JanMichael160,https://cdn11.bigcommerce.com/s-wb4uepr7/images/stencil/500x659/attribute_rule_images/50302_source_1749224089.jpg,50302_source_1749224089.jpg,,,JanMichael800,50302_source_1749224089.jpg
HMK790L Nursery Giraffe,HMK790L-1216PP9,Brown Stain Frame,"Transform your child's space with Nursery Giraffe, a charming 12x16 art print featuring a sweet giraffe wearing a pink floral crown. Perfect for nurseries or playrooms, this piece adds a whimsical touch of nature to any room.",Brown Stain Frame,,,,,,2,99,,,,,2,JanMichael400,JanMichael160,https://cdn11.bigcommerce.com/s-wb4uepr7/images/stencil/500x659/attribute_rule_images/50303_source_1749224220.jpg,50303_source_1749224220.jpg,,,JanMichael800,50303_source_1749224220.jpg
HMK790L Nursery Giraffe,HMK790L-1216PBSP9,White Wash Frame,"Transform your child's space with Nursery Giraffe, a charming 12x16 art print featuring a sweet giraffe wearing a pink floral crown. Perfect for nurseries or playrooms, this piece adds a whimsical touch of nature to any room.",White Wash Frame,,,,,,2,99,,,,,2,JanMichael400,JanMichael160,https://cdn11.bigcommerce.com/s-wb4uepr7/images/stencil/500x659/attribute_rule_images/50304_source_1749224220.jpg,50304_source_1749224220.jpg,,,JanMichael800,50304_source_1749224220.jpg
HMK790L Nursery Giraffe,HMK790L-1216PWWP9,Charcoal Wash Frame,"Transform your child's space with Nursery Giraffe, a charming 12x16 art print featuring a sweet giraffe wearing a pink floral crown. Perfect for nurseries or playrooms, this piece adds a whimsical touch of nature to any room.",Charcoal Wash Frame,,,,,,2,99,,,,,2,JanMichael400,JanMichael160,https://cdn11.bigcommerce.com/s-wb4uepr7/images/stencil/500x659/attribute_rule_images/50305_source_1749224220.jpg,50305_source_1749224220.jpg,,,JanMichael800,50305_source_1749224220.jpg
HMK792L Rosey Reading Rabbit,HMK792L-1216PP17,Brown Stain Frame,"Add a touch of vintage charm and woodland whimsy to your home with the Rosey Reading Rabbit art print. This enchanting piece features a curious rabbit perched atop a stack of ornate antique books, surrounded by romantic pink roses, evoking a sense of timeless coziness and literary nostalgia.",Brown Stain Frame,,,,,,2,99,,,,,2,JanMichael400,JanMichael160,https://cdn11.bigcommerce.com/s-wb4uepr7/images/stencil/500x659/attribute_rule_images/50306_source_1749225491.jpg,50306_source_1749225491.jpg,,,JanMichael800,50306_source_1749225491.jpg
HMK792L Rosey Reading Rabbit,HMK792L-1216PBSP17,White Wash Frame,"Add a touch of vintage charm and woodland whimsy to your home with the Rosey Reading Rabbit art print. This enchanting piece features a curious rabbit perched atop a stack of ornate antique books, surrounded by romantic pink roses, evoking a sense of timeless coziness and literary nostalgia.",White Wash Frame,,,,,,2,99,,,,,2,JanMichael400,JanMichael160,https://cdn11.bigcommerce.com/s-wb4uepr7/images/stencil/500x659/attribute_rule_images/50307_source_1749225491.jpg,50307_source_1749225491.jpg,,,JanMichael800,50307_source_1749225491.jpg
HMK792L Rosey Reading Rabbit,HMK792L-1216PWWP17,Charcoal Wash Frame,"Add a touch of vintage charm and woodland whimsy to your home with the Rosey Reading Rabbit art print. This enchanting piece features a curious rabbit perched atop a stack of ornate antique books, surrounded by romantic pink roses, evoking a sense of timeless coziness and literary nostalgia.",Charcoal Wash Frame,,,,,,2,99,,,,,2,JanMichael400,JanMichael160,https://cdn11.bigcommerce.com/s-wb4uepr7/images/stencil/500x659/attribute_rule_images/50308_source_1749225491.jpg,50308_source_1749225491.jpg,,,JanMichael800,50308_source_1749225491.jpg
HMK793L Field of Daisies,HMK793L-1216PP10,Brown Stain Frame,"Bring the calm of the countryside into your home with Field of Daisies - a tranquil 12x16"" framed art print showcasing a golden field of soft white daisies. This dreamy landscape captures the serene beauty of wildflower meadows, perfect for nature lovers and those seeking a touch of farmhouse charm.",Brown Stain Frame,,,,,,2,99,,,,,2,JanMichael400,JanMichael160,https://cdn11.bigcommerce.com/s-wb4uepr7/images/stencil/500x659/attribute_rule_images/50309_source_1749224322.jpg,50309_source_1749224322.jpg,,,JanMichael800,50309_source_1749224322.jpg
HMK793L Field of Daisies,HMK793L-1216PBSP10,White Wash Frame,"Bring the calm of the countryside into your home with Field of Daisies - a tranquil 12x16"" framed art print showcasing a golden field of soft white daisies. This dreamy landscape captures the serene beauty of wildflower meadows, perfect for nature lovers and those seeking a touch of farmhouse charm.",White Wash Frame,,,,,,2,99,,,,,2,JanMichael400,JanMichael160,https://cdn11.bigcommerce.com/s-wb4uepr7/images/stencil/500x659/attribute_rule_images/50310_source_1749224322.jpg,50310_source_1749224322.jpg,,,JanMichael800,50310_source_1749224322.jpg
HMK793L Field of Daisies,HMK793L-1216PWWP10,Charcoal Wash Frame,"Bring the calm of the countryside into your home with Field of Daisies - a tranquil 12x16"" framed art print showcasing a golden field of soft white daisies. This dreamy landscape captures the serene beauty of wildflower meadows, perfect for nature lovers and those seeking a touch of farmhouse charm.",Charcoal Wash Frame,,,,,,2,99,,,,,2,JanMichael400,JanMichael160,https://cdn11.bigcommerce.com/s-wb4uepr7/images/stencil/500x659/attribute_rule_images/50311_source_1749224322.jpg,50311_source_1749224322.jpg,,,JanMichael800,50311_source_1749224322.jpg
HMK794L Vintage Blue Birds,HMK794L-1216PP17,Brown Stain Frame,Bring elegance and charm into your home with Vintage Blue Birds art print. Delicate blue birds and blush roses on a sage background create a serene atmosphere perfect for French country décor.,Brown Stain Frame,,,,,,2,99,,,,,2,JanMichael400,JanMichael160,https://cdn11.bigcommerce.com/s-wb4uepr7/images/stencil/500x659/attribute_rule_images/50312_source_1749225650.jpg,50312_source_1749225650.jpg,,,JanMichael800,50312_source_1749225650.jpg
HMK794L Vintage Blue Birds,HMK794L-1216PBSP17,White Wash Frame,Bring elegance and charm into your home with Vintage Blue Birds art print. Delicate blue birds and blush roses on a sage background create a serene atmosphere perfect for French country décor.,White Wash Frame,,,,,,2,99,,,,,2,JanMichael400,JanMichael160,https://cdn11.bigcommerce.com/s-wb4uepr7/images/stencil/500x659/attribute_rule_images/50313_source_1749225650.jpg,50313_source_1749225650.jpg,,,JanMichael800,50313_source_1749225650.jpg
HMK794L Vintage Blue Birds,HMK794L-1216PWWP17,Charcoal Wash Frame,Bring elegance and charm into your home with Vintage Blue Birds art print. Delicate blue birds and blush roses on a sage background create a serene atmosphere perfect for French country décor.,Charcoal Wash Frame,,,,,,2,99,,,,,2,JanMichael400,JanMichael160,https://cdn11.bigcommerce.com/s-wb4uepr7/images/stencil/500x659/attribute_rule_images/50314_source_1749225650.jpg,50314_source_1749225650.jpg,,,JanMichael800,50314_source_1749225650.jpg
HMK795L Easter Egg Daffodils,HMK795L-1216PP17,Brown Stain Frame,"Welcome spring with the cheerful charm of Easter Egg Daffodils, a delightful 12x16 inch art print that perfectly captures the essence of the season. Vibrant daffodils, pastel Easter eggs, and a rustic frame create a lovely visual display for your home.",Brown Stain Frame,,,,,,2,99,,,,,2,JanMichael400,JanMichael160,https://cdn11.bigcommerce.com/s-wb4uepr7/images/stencil/500x659/attribute_rule_images/50315_source_1749225774.jpg,50315_source_1749225774.jpg,,,JanMichael800,50315_source_1749225774.jpg
HMK795L Easter Egg Daffodils,HMK795L-1216PBSP17,White Wash Frame,"Welcome spring with the cheerful charm of Easter Egg Daffodils, a delightful 12x16 inch art print that perfectly captures the essence of the season. Vibrant daffodils, pastel Easter eggs, and a rustic frame create a lovely visual display for your home.",White Wash Frame,,,,,,2,99,,,,,2,JanMichael400,JanMichael160,https://cdn11.bigcommerce.com/s-wb4uepr7/images/stencil/500x659/attribute_rule_images/50316_source_1749225774.jpg,50316_source_1749225774.jpg,,,JanMichael800,50316_source_1749225774.jpg
HMK795L Easter Egg Daffodils,HMK795L-1216PWWP17,Charcoal Wash Frame,"Welcome spring with the cheerful charm of Easter Egg Daffodils, a delightful 12x16 inch art print that perfectly captures the essence of the season. Vibrant daffodils, pastel Easter eggs, and a rustic frame create a lovely visual display for your home.",Charcoal Wash Frame,,,,,,2,99,,,,,2,JanMichael400,JanMichael160,https://cdn11.bigcommerce.com/s-wb4uepr7/images/stencil/500x659/attribute_rule_images/50317_source_1749225774.jpg,50317_source_1749225774.jpg,,,JanMichael800,50317_source_1749225774.jpg
HMK798L American Flag Boy,HMK798L-810PP26,Brown Stain Frame,"Celebrate timeless Americana with American Flag Boy, a nostalgic 8x10 inch art print capturing the spirit of freedom and national pride. Featuring a young boy standing proudly in a wildflower field, holding the American flag high against a bright sky, evoking the beauty of small-town values and patriotic tradition.",Brown Stain Frame,,,,,,2,99,,,,,2,JanMichael400,JanMichael160,https://cdn11.bigcommerce.com/s-wb4uepr7/images/stencil/500x659/attribute_rule_images/50318_source_1749054032.jpg,50318_source_1749054032.jpg,,,JanMichael800,50318_source_1749054032.jpg
HMK798L American Flag Boy,HMK798L-810PBSP26,White Wash Frame,"Celebrate timeless Americana with American Flag Boy, a nostalgic 8x10 inch art print capturing the spirit of freedom and national pride. Featuring a young boy standing proudly in a wildflower field, holding the American flag high against a bright sky, evoking the beauty of small-town values and patriotic tradition.",White Wash Frame,,,,,,2,99,,,,,2,JanMichael400,JanMichael160,https://cdn11.bigcommerce.com/s-wb4uepr7/images/stencil/500x659/attribute_rule_images/50319_source_1746720084.jpg,50319_source_1746720084.jpg,,,JanMichael800,50319_source_1746720084.jpg
HMK798L American Flag Boy,HMK798L-810PWWP26,Charcoal Wash Frame,"Celebrate timeless Americana with American Flag Boy, a nostalgic 8x10 inch art print capturing the spirit of freedom and national pride. Featuring a young boy standing proudly in a wildflower field, holding the American flag high against a bright sky, evoking the beauty of small-town values and patriotic tradition.",Charcoal Wash Frame,,,,,,2,99,,,,,2,JanMichael400,JanMichael160,https://cdn11.bigcommerce.com/s-wb4uepr7/images/stencil/500x659/attribute_rule_images/50320_source_1746720101.jpg,50320_source_1746720101.jpg,,,JanMichael800,50320_source_1746720101.jpg
HMK800L Summer Flowers,HMK800L-1216PP17,Brown Stain Frame,"Brighten your home with the timeless charm of Summer Flowers, a vibrant 12x16 inch art print featuring a colorful bouquet of wildflowers arranged in a classic mason jar.",Brown Stain Frame,,,,,,2,99,,,,,2,JanMichael400,JanMichael160,https://cdn11.bigcommerce.com/s-wb4uepr7/images/stencil/500x659/attribute_rule_images/50321_source_1749225930.jpg,50321_source_1749225930.jpg,,,JanMichael800,50321_source_1749225930.jpg
HMK800L Summer Flowers,HMK800L-1216PBSP17,White Wash Frame,"Brighten your home with the timeless charm of Summer Flowers, a vibrant 12x16 inch art print featuring a colorful bouquet of wildflowers arranged in a classic mason jar.",White Wash Frame,,,,,,2,99,,,,,2,JanMichael400,JanMichael160,https://cdn11.bigcommerce.com/s-wb4uepr7/images/stencil/500x659/attribute_rule_images/50322_source_1749225930.jpg,50322_source_1749225930.jpg,,,JanMichael800,50322_source_1749225930.jpg
HMK800L Summer Flowers,HMK800L-1216PWWP17,Charcoal Wash Frame,"Brighten your home with the timeless charm of Summer Flowers, a vibrant 12x16 inch art print featuring a colorful bouquet of wildflowers arranged in a classic mason jar.",Charcoal Wash Frame,,,,,,2,99,,,,,2,JanMichael400,JanMichael160,https://cdn11.bigcommerce.com/s-wb4uepr7/images/stencil/500x659/attribute_rule_images/50323_source_1749225930.jpg,50323_source_1749225930.jpg,,,JanMichael800,50323_source_1749225930.jpg
HMK801L American Flag Girl,HMK801L-810PP26,Brown Stain Frame,"Celebrate freedom, innocence, and timeless Americana with our American Flag Girl framed art print. This charming 8x10 inch piece features a young girl proudly holding the American flag in a field of wildflowers, capturing the spirit of patriotism and the beauty of the American heartland.",Brown Stain Frame,,,,,,2,99,,,,,2,JanMichael400,JanMichael160,https://cdn11.bigcommerce.com/s-wb4uepr7/images/stencil/500x659/attribute_rule_images/50324_source_1749054324.jpg,50324_source_1749054324.jpg,,,JanMichael800,50324_source_1749054324.jpg
HMK801L American Flag Girl,HMK801L-810PBSP26,White Wash Frame,"Celebrate freedom, innocence, and timeless Americana with our American Flag Girl framed art print. This charming 8x10 inch piece features a young girl proudly holding the American flag in a field of wildflowers, capturing the spirit of patriotism and the beauty of the American heartland.",White Wash Frame,,,,,,2,99,,,,,2,JanMichael400,JanMichael160,https://cdn11.bigcommerce.com/s-wb4uepr7/images/stencil/500x659/attribute_rule_images/50325_source_1746719303.jpg,50325_source_1746719303.jpg,,,JanMichael800,50325_source_1746719303.jpg
HMK801L American Flag Girl,HMK801L-810PWWP26,Charcoal Wash Frame,"Celebrate freedom, innocence, and timeless Americana with our American Flag Girl framed art print. This charming 8x10 inch piece features a young girl proudly holding the American flag in a field of wildflowers, capturing the spirit of patriotism and the beauty of the American heartland.",Charcoal Wash Frame,,,,,,2,99,,,,,2,JanMichael400,JanMichael160,https://cdn11.bigcommerce.com/s-wb4uepr7/images/stencil/500x659/attribute_rule_images/50326_source_1746719303.jpg,50326_source_1746719303.jpg,,,JanMichael800,50326_source_1746719303.jpg
HMK780L Florals and Lemons,HMK780L-1216PP,Brown Stain Frame,"Add a touch of timeless elegance to your space with Florals and Lemons, a serene 12x16 inch art print featuring a soft still life of creamy white roses in a rustic vase, accented with two bright lemons on a draped linen cloth.",Brown Stain Frame,,,,,,2,99,,,,,2,JanMichael400,JanMichael160,https://cdn11.bigcommerce.com/s-wb4uepr7/images/stencil/500x659/attribute_rule_images/50327_source_1749223198.jpg,50327_source_1749223198.jpg,,,JanMichael800,50327_source_1749223198.jpg
HMK780L Florals and Lemons,HMK780L-1216PBSP,White Wash Frame,"Add a touch of timeless elegance to your space with Florals and Lemons, a serene 12x16 inch art print featuring a soft still life of creamy white roses in a rustic vase, accented with two bright lemons on a draped linen cloth.",White Wash Frame,,,,,,2,99,,,,,2,JanMichael400,JanMichael160,https://cdn11.bigcommerce.com/s-wb4uepr7/images/stencil/500x659/attribute_rule_images/50328_source_1749223198.jpg,50328_source_1749223198.jpg,,,JanMichael800,50328_source_1749223198.jpg
HMK780L Florals and Lemons,HMK780L-1216PWWP,Charcoal Wash Frame,"Add a touch of timeless elegance to your space with Florals and Lemons, a serene 12x16 inch art print featuring a soft still life of creamy white roses in a rustic vase, accented with two bright lemons on a draped linen cloth.",Charcoal Wash Frame,,,,,,2,99,,,,,2,JanMichael400,JanMichael160,https://cdn11.bigcommerce.com/s-wb4uepr7/images/stencil/500x659/attribute_rule_images/50329_source_1749223198.jpg,50329_source_1749223198.jpg,,,JanMichael800,50329_source_1749223198.jpg
HMK802L Simple Floral Painting,HMK802L-1216PP9,Brown Stain Frame,"Embrace the serenity of nature with our HMK802L Simple Floral Painting. Featuring delicate white blooms against a soft green backdrop, this 12x16"" framed art print adds a timeless touch to any space.",Brown Stain Frame,,,,,,2,99,,,,,2,JanMichael400,JanMichael160,https://cdn11.bigcommerce.com/s-wb4uepr7/images/stencil/500x659/attribute_rule_images/50330_source_1749578399.jpg,50330_source_1749578399.jpg,,,JanMichael800,50330_source_1749578399.jpg
HMK802L Simple Floral Painting,HMK802L-1216PBSP9,White Wash Frame,"Embrace the serenity of nature with our HMK802L Simple Floral Painting. Featuring delicate white blooms against a soft green backdrop, this 12x16"" framed art print adds a timeless touch to any space.",White Wash Frame,,,,,,2,99,,,,,2,JanMichael400,JanMichael160,https://cdn11.bigcommerce.com/s-wb4uepr7/images/stencil/500x659/attribute_rule_images/50331_source_1749578399.jpg,50331_source_1749578399.jpg,,,JanMichael800,50331_source_1749578399.jpg
HMK802L Simple Floral Painting,HMK802L-1216PWWP9,Charcoal Wash Frame,"Embrace the serenity of nature with our HMK802L Simple Floral Painting. Featuring delicate white blooms against a soft green backdrop, this 12x16"" framed art print adds a timeless touch to any space.",Charcoal Wash Frame,,,,,,2,99,,,,,2,JanMichael400,JanMichael160,https://cdn11.bigcommerce.com/s-wb4uepr7/images/stencil/500x659/attribute_rule_images/50332_source_1749578399.jpg,50332_source_1749578399.jpg,,,JanMichael800,50332_source_1749578399.jpg
HMK803L Primitive Sheep,HMK803L-1216PP9,Brown Stain Frame,"Add a touch of classic farmhouse charm to your space with Primitive Sheep, a striking 12x16 inch art print featuring a textured, folk-art style sheep against a distressed black background.",Brown Stain Frame,,,,,,2,99,,,,,2,JanMichael400,JanMichael160,https://cdn11.bigcommerce.com/s-wb4uepr7/images/stencil/500x659/attribute_rule_images/50333_source_1749578310.jpg,50333_source_1749578310.jpg,,,JanMichael800,50333_source_1749578310.jpg
HMK803L Primitive Sheep,HMK803L-1216PBSP9,White Wash Frame,"Add a touch of classic farmhouse charm to your space with Primitive Sheep, a striking 12x16 inch art print featuring a textured, folk-art style sheep against a distressed black background.",White Wash Frame,,,,,,2,99,,,,,2,JanMichael400,JanMichael160,https://cdn11.bigcommerce.com/s-wb4uepr7/images/stencil/500x659/attribute_rule_images/50334_source_1749578309.jpg,50334_source_1749578309.jpg,,,JanMichael800,50334_source_1749578309.jpg
HMK803L Primitive Sheep,HMK803L-1216PWWP9,Charcoal Wash Frame,"Add a touch of classic farmhouse charm to your space with Primitive Sheep, a striking 12x16 inch art print featuring a textured, folk-art style sheep against a distressed black background.",Charcoal Wash Frame,,,,,,2,99,,,,,2,JanMichael400,JanMichael160,https://cdn11.bigcommerce.com/s-wb4uepr7/images/stencil/500x659/attribute_rule_images/50335_source_1749578310.jpg,50335_source_1749578310.jpg,,,JanMichael800,50335_source_1749578310.jpg
HMK804L White Barn,HMK804L-1216PP12,Brown Stain Frame,Transform your space with the charming White Barn framed art print. This 12x16 inch piece captures the serene beauty of a rustic barn nestled in the countryside.,Brown Stain Frame,,,,,,2,99,,,,,2,JanMichael400,JanMichael160,https://cdn11.bigcommerce.com/s-wb4uepr7/images/stencil/500x659/attribute_rule_images/50336_source_1749578207.jpg,50336_source_1749578207.jpg,,,JanMichael800,50336_source_1749578207.jpg
HMK804L White Barn,HMK804L-1216PBSP12,White Wash Frame,Transform your space with the charming White Barn framed art print. This 12x16 inch piece captures the serene beauty of a rustic barn nestled in the countryside.,White Wash Frame,,,,,,2,99,,,,,2,JanMichael400,JanMichael160,https://cdn11.bigcommerce.com/s-wb4uepr7/images/stencil/500x659/attribute_rule_images/50337_source_1749578207.jpg,50337_source_1749578207.jpg,,,JanMichael800,50337_source_1749578207.jpg
HMK804L White Barn,HMK804L-1216PWWP12,Charcoal Wash Frame,Transform your space with the charming White Barn framed art print. This 12x16 inch piece captures the serene beauty of a rustic barn nestled in the countryside.,Charcoal Wash Frame,,,,,,2,99,,,,,2,JanMichael400,JanMichael160,https://cdn11.bigcommerce.com/s-wb4uepr7/images/stencil/500x659/attribute_rule_images/50338_source_1749578207.jpg,50338_source_1749578207.jpg,,,JanMichael800,50338_source_1749578207.jpg
HMK805L American Boat,HMK805L-1216PP9,Brown Stain Frame,"Celebrate freedom and serenity with the HMK805L American Boat framed art print. Watch as a sailboat glides across calm waters at sunset, proudly displaying the American flag, creating a sense of tranquility and patriotism.",Brown Stain Frame,,,,,,2,99,,,,,2,JanMichael400,JanMichael160,https://cdn11.bigcommerce.com/s-wb4uepr7/images/stencil/500x659/attribute_rule_images/50339_source_1749578062.jpg,50339_source_1749578062.jpg,,,JanMichael800,50339_source_1749578062.jpg
HMK805L American Boat,HMK805L-1216PBSP9,White Wash Frame,"Celebrate freedom and serenity with the HMK805L American Boat framed art print. Watch as a sailboat glides across calm waters at sunset, proudly displaying the American flag, creating a sense of tranquility and patriotism.",White Wash Frame,,,,,,2,99,,,,,2,JanMichael400,JanMichael160,https://cdn11.bigcommerce.com/s-wb4uepr7/images/stencil/500x659/attribute_rule_images/50340_source_1749578062.jpg,50340_source_1749578062.jpg,,,JanMichael800,50340_source_1749578062.jpg
HMK805L American Boat,HMK805L-1216PWWP9,Charcoal Wash Frame,"Celebrate freedom and serenity with the HMK805L American Boat framed art print. Watch as a sailboat glides across calm waters at sunset, proudly displaying the American flag, creating a sense of tranquility and patriotism.",Charcoal Wash Frame,,,,,,2,99,,,,,2,JanMichael400,JanMichael160,https://cdn11.bigcommerce.com/s-wb4uepr7/images/stencil/500x659/attribute_rule_images/50341_source_1749578062.jpg,50341_source_1749578062.jpg,,,JanMichael800,50341_source_1749578062.jpg
HMK806L American Coca Cola Painting,HMK806L-1216PP12,Brown Stain Frame,"Celebrate classic Americana with the American Coca Cola Painting, a cheerful 12x16 inch art print that blends vintage charm with patriotic flair. Featuring red, white, and blue florals spilling out of a Coca-Cola crate, this artwork exudes summer nostalgia and all things American.",Brown Stain Frame,,,,,,2,99,,,,,2,JanMichael400,JanMichael160,https://cdn11.bigcommerce.com/s-wb4uepr7/images/stencil/500x659/attribute_rule_images/50342_source_1749577956.jpg,50342_source_1749577956.jpg,,,JanMichael800,50342_source_1749577956.jpg
HMK806L American Coca Cola Painting,HMK806L-1216PBSP12,White Wash Frame,"Celebrate classic Americana with the American Coca Cola Painting, a cheerful 12x16 inch art print that blends vintage charm with patriotic flair. Featuring red, white, and blue florals spilling out of a Coca-Cola crate, this artwork exudes summer nostalgia and all things American.",White Wash Frame,,,,,,2,99,,,,,2,JanMichael400,JanMichael160,https://cdn11.bigcommerce.com/s-wb4uepr7/images/stencil/500x659/attribute_rule_images/50343_source_1749577956.jpg,50343_source_1749577956.jpg,,,JanMichael800,50343_source_1749577956.jpg
HMK806L American Coca Cola Painting,HMK806L-1216PWWP12,Charcoal Wash Frame,"Celebrate classic Americana with the American Coca Cola Painting, a cheerful 12x16 inch art print that blends vintage charm with patriotic flair. Featuring red, white, and blue florals spilling out of a Coca-Cola crate, this artwork exudes summer nostalgia and all things American.",Charcoal Wash Frame,,,,,,2,99,,,,,2,JanMichael400,JanMichael160,https://cdn11.bigcommerce.com/s-wb4uepr7/images/stencil/500x659/attribute_rule_images/50344_source_1749577956.jpg,50344_source_1749577956.jpg,,,JanMichael800,50344_source_1749577956.jpg
HMK807L Vintage Landscape,HMK807L-1216PP9,Brown Stain Frame,"Transform your space with the captivating beauty of Vintage Landscape. This 12x16"" art print features a serene sunset sky and rustic tree silhouettes, creating a tranquil ambiance.",Brown Stain Frame,,,,,,2,99,,,,,2,JanMichael400,JanMichael160,https://cdn11.bigcommerce.com/s-wb4uepr7/images/stencil/500x659/attribute_rule_images/50345_source_1749577857.jpg,50345_source_1749577857.jpg,,,JanMichael800,50345_source_1749577857.jpg
HMK807L Vintage Landscape,HMK807L-1216PBSP9,White Wash Frame,"Transform your space with the captivating beauty of Vintage Landscape. This 12x16"" art print features a serene sunset sky and rustic tree silhouettes, creating a tranquil ambiance.",White Wash Frame,,,,,,2,99,,,,,2,JanMichael400,JanMichael160,https://cdn11.bigcommerce.com/s-wb4uepr7/images/stencil/500x659/attribute_rule_images/50346_source_1749577858.jpg,50346_source_1749577858.jpg,,,JanMichael800,50346_source_1749577858.jpg
HMK807L Vintage Landscape,HMK807L-1216PWWP9,Charcoal Wash Frame,"Transform your space with the captivating beauty of Vintage Landscape. This 12x16"" art print features a serene sunset sky and rustic tree silhouettes, creating a tranquil ambiance.",Charcoal Wash Frame,,,,,,2,99,,,,,2,JanMichael400,JanMichael160,https://cdn11.bigcommerce.com/s-wb4uepr7/images/stencil/500x659/attribute_rule_images/50347_source_1749577857.jpg,50347_source_1749577857.jpg,,,JanMichael800,50347_source_1749577857.jpg
HMK808L Tulip Farm,HMK808L-1216PP12,Brown Stain Frame,"Bring the beauty of a blooming tulip field into your home with HMK808L Tulip Farm. This charming 12x16"" framed art print captures the essence of springtime on a countryside farm, with vibrant colors and rustic charm.",Brown Stain Frame,,,,,,2,99,,,,,2,JanMichael400,JanMichael160,https://cdn11.bigcommerce.com/s-wb4uepr7/images/stencil/500x659/attribute_rule_images/50348_source_1749577767.jpg,50348_source_1749577767.jpg,,,JanMichael800,50348_source_1749577767.jpg
HMK808L Tulip Farm,HMK808L-1216PBSP12,White Wash Frame,"Bring the beauty of a blooming tulip field into your home with HMK808L Tulip Farm. This charming 12x16"" framed art print captures the essence of springtime on a countryside farm, with vibrant colors and rustic charm.",White Wash Frame,,,,,,2,99,,,,,2,JanMichael400,JanMichael160,https://cdn11.bigcommerce.com/s-wb4uepr7/images/stencil/500x659/attribute_rule_images/50349_source_1749577767.jpg,50349_source_1749577767.jpg,,,JanMichael800,50349_source_1749577767.jpg
HMK808L Tulip Farm,HMK808L-1216PWWP12,Charcoal Wash Frame,"Bring the beauty of a blooming tulip field into your home with HMK808L Tulip Farm. This charming 12x16"" framed art print captures the essence of springtime on a countryside farm, with vibrant colors and rustic charm.",Charcoal Wash Frame,,,,,,2,99,,,,,2,JanMichael400,JanMichael160,https://cdn11.bigcommerce.com/s-wb4uepr7/images/stencil/500x659/attribute_rule_images/50350_source_1749577767.jpg,50350_source_1749577767.jpg,,,JanMichael800,50350_source_1749577767.jpg
HMK809L Vintage River Edge,HMK809L-1216PP12,Brown Stain Frame,"Transform your space into a tranquil oasis with the Vintage River Edge 12x16"" Framed Art Print. Embrace the beauty of nature with this peaceful landscape featuring a serene riverbank and lush trees.",Brown Stain Frame,,,,,,2,99,,,,,2,JanMichael400,JanMichael160,https://cdn11.bigcommerce.com/s-wb4uepr7/images/stencil/500x659/attribute_rule_images/50351_source_1749577554.jpg,50351_source_1749577554.jpg,,,JanMichael800,50351_source_1749577554.jpg
HMK809L Vintage River Edge,HMK809L-1216PBSP12,White Wash Frame,"Transform your space into a tranquil oasis with the Vintage River Edge 12x16"" Framed Art Print. Embrace the beauty of nature with this peaceful landscape featuring a serene riverbank and lush trees.",White Wash Frame,,,,,,2,99,,,,,2,JanMichael400,JanMichael160,https://cdn11.bigcommerce.com/s-wb4uepr7/images/stencil/500x659/attribute_rule_images/50352_source_1749577554.jpg,50352_source_1749577554.jpg,,,JanMichael800,50352_source_1749577554.jpg
HMK809L Vintage River Edge,HMK809L-1216PWWP12,Charcoal Wash Frame,"Transform your space into a tranquil oasis with the Vintage River Edge 12x16"" Framed Art Print. Embrace the beauty of nature with this peaceful landscape featuring a serene riverbank and lush trees.",Charcoal Wash Frame,,,,,,2,99,,,,,2,JanMichael400,JanMichael160,https://cdn11.bigcommerce.com/s-wb4uepr7/images/stencil/500x659/attribute_rule_images/50353_source_1749577554.jpg,50353_source_1749577554.jpg,,,JanMichael800,50353_source_1749577554.jpg
HMK811L Strawberry Painting,HMK811L-1216PP9,Brown Stain Frame,"Transport your space to a world of vintage charm with our HMK811L Strawberry Painting. This 12x16"" masterpiece captures the beauty of ripening strawberries in a classic still-life style, adding timeless appeal to any room.",Brown Stain Frame,,,,,,2,99,,,,,2,JanMichael400,JanMichael160,https://cdn11.bigcommerce.com/s-wb4uepr7/images/stencil/500x659/attribute_rule_images/50357_source_1749574579.jpg,50357_source_1749574579.jpg,,,JanMichael800,50357_source_1749574579.jpg
HMK811L Strawberry Painting,HMK811L-1216PBSP9,White Wash Frame,"Transport your space to a world of vintage charm with our HMK811L Strawberry Painting. This 12x16"" masterpiece captures the beauty of ripening strawberries in a classic still-life style, adding timeless appeal to any room.",White Wash Frame,,,,,,2,99,,,,,2,JanMichael400,JanMichael160,https://cdn11.bigcommerce.com/s-wb4uepr7/images/stencil/500x659/attribute_rule_images/50358_source_1749574579.jpg,50358_source_1749574579.jpg,,,JanMichael800,50358_source_1749574579.jpg
HMK811L Strawberry Painting,HMK811L-1216PWWP9,Charcoal Wash Frame,"Transport your space to a world of vintage charm with our HMK811L Strawberry Painting. This 12x16"" masterpiece captures the beauty of ripening strawberries in a classic still-life style, adding timeless appeal to any room.",Charcoal Wash Frame,,,,,,2,99,,,,,2,JanMichael400,JanMichael160,https://cdn11.bigcommerce.com/s-wb4uepr7/images/stencil/500x659/attribute_rule_images/50359_source_1749574579.jpg,50359_source_1749574579.jpg,,,JanMichael800,50359_source_1749574579.jpg
HMK812L Vintage Bee,HMK812L-810PP26,Brown Stain Frame,"Buzzing with rustic charm, the HMK812L Vintage Bee print captures the delicate beauty of nature in warm, vintage style. The detailed honeybee and floral design add timeless elegance to any space.",Brown Stain Frame,,,,,,2,99,,,,,2,JanMichael400,JanMichael160,https://cdn11.bigcommerce.com/s-wb4uepr7/images/stencil/500x659/attribute_rule_images/50360_source_1748875473.jpg,50360_source_1748875473.jpg,,,JanMichael800,50360_source_1748875473.jpg
HMK812L Vintage Bee,HMK812L-810PBSP26,White Wash Frame,"Buzzing with rustic charm, the HMK812L Vintage Bee print captures the delicate beauty of nature in warm, vintage style. The detailed honeybee and floral design add timeless elegance to any space.",White Wash Frame,,,,,,2,99,,,,,2,JanMichael400,JanMichael160,https://cdn11.bigcommerce.com/s-wb4uepr7/images/stencil/500x659/attribute_rule_images/50361_source_1746644065.jpg,50361_source_1746644065.jpg,,,JanMichael800,50361_source_1746644065.jpg
HMK812L Vintage Bee,HMK812L-810PWWP26,Charcoal Wash Frame,"Buzzing with rustic charm, the HMK812L Vintage Bee print captures the delicate beauty of nature in warm, vintage style. The detailed honeybee and floral design add timeless elegance to any space.",Charcoal Wash Frame,,,,,,2,99,,,,,2,JanMichael400,JanMichael160,https://cdn11.bigcommerce.com/s-wb4uepr7/images/stencil/500x659/attribute_rule_images/50362_source_1746644064.jpg,50362_source_1746644064.jpg,,,JanMichael800,50362_source_1746644064.jpg
HMK813L Eucalyptus Birdhouse,HMK813L-1216PP12,Brown Stain Frame,Welcome rustic charm into your home with the HMK813L Eucalyptus Birdhouse print. This cozy blend of natural textures and soft botanical beauty evokes a sense of peace and warmth.,Brown Stain Frame,,,,,,2,99,,,,,2,JanMichael400,JanMichael160,https://cdn11.bigcommerce.com/s-wb4uepr7/images/stencil/500x659/attribute_rule_images/50363_source_1749574661.jpg,50363_source_1749574661.jpg,,,JanMichael800,50363_source_1749574661.jpg
HMK813L Eucalyptus Birdhouse,HMK813L-1216PBSP12,White Wash Frame,Welcome rustic charm into your home with the HMK813L Eucalyptus Birdhouse print. This cozy blend of natural textures and soft botanical beauty evokes a sense of peace and warmth.,White Wash Frame,,,,,,2,99,,,,,2,JanMichael400,JanMichael160,https://cdn11.bigcommerce.com/s-wb4uepr7/images/stencil/500x659/attribute_rule_images/50364_source_1749574661.jpg,50364_source_1749574661.jpg,,,JanMichael800,50364_source_1749574661.jpg
HMK813L Eucalyptus Birdhouse,HMK813L-1216PWWP12,Charcoal Wash Frame,Welcome rustic charm into your home with the HMK813L Eucalyptus Birdhouse print. This cozy blend of natural textures and soft botanical beauty evokes a sense of peace and warmth.,Charcoal Wash Frame,,,,,,2,99,,,,,2,JanMichael400,JanMichael160,https://cdn11.bigcommerce.com/s-wb4uepr7/images/stencil/500x659/attribute_rule_images/50365_source_1749574661.jpg,50365_source_1749574661.jpg,,,JanMichael800,50365_source_1749574661.jpg
HMK814L Floral Country Shed,HMK814L-1216PP12,Brown Stain Frame,"Transform your space with the charming HMK814L Floral Country Shed print, capturing rustic beauty and blooming florals in a serene countryside setting. Perfect for farmhouse and vintage decor themes.",Brown Stain Frame,,,,,,2,99,,,,,2,JanMichael400,JanMichael160,https://cdn11.bigcommerce.com/s-wb4uepr7/images/stencil/500x659/attribute_rule_images/50366_source_1749574349.jpg,50366_source_1749574349.jpg,,,JanMichael800,50366_source_1749574349.jpg
HMK814L Floral Country Shed,HMK814L-1216PBSP12,White Wash Frame,"Transform your space with the charming HMK814L Floral Country Shed print, capturing rustic beauty and blooming florals in a serene countryside setting. Perfect for farmhouse and vintage decor themes.",White Wash Frame,,,,,,2,99,,,,,2,JanMichael400,JanMichael160,https://cdn11.bigcommerce.com/s-wb4uepr7/images/stencil/500x659/attribute_rule_images/50367_source_1749574349.jpg,50367_source_1749574349.jpg,,,JanMichael800,50367_source_1749574349.jpg
HMK814L Floral Country Shed,HMK814L-1216PWWP12,Charcoal Wash Frame,"Transform your space with the charming HMK814L Floral Country Shed print, capturing rustic beauty and blooming florals in a serene countryside setting. Perfect for farmhouse and vintage decor themes.",Charcoal Wash Frame,,,,,,2,99,,,,,2,JanMichael400,JanMichael160,https://cdn11.bigcommerce.com/s-wb4uepr7/images/stencil/500x659/attribute_rule_images/50368_source_1749574349.jpg,50368_source_1749574349.jpg,,,JanMichael800,50368_source_1749574349.jpg
HMK815L Floral Lamb,HMK815L-1010PP24,Brown Stain Frame,"Add a touch of sweetness to your space with the enchanting HMK815L Floral Lamb print. Featuring a gentle lamb adorned with blush pink florals, this whimsical farmhouse-inspired artwork exudes rustic elegance and innocence.",Brown Stain Frame,,,,,,2,99,,,,,2,JanMichael400,JanMichael160,https://cdn11.bigcommerce.com/s-wb4uepr7/images/stencil/500x659/attribute_rule_images/50369_source_1746643768.jpg,50369_source_1746643768.jpg,,,JanMichael800,50369_source_1746643768.jpg
HMK815L Floral Lamb,HMK815L-1010PBSP24,White Wash Frame,"Add a touch of sweetness to your space with the enchanting HMK815L Floral Lamb print. Featuring a gentle lamb adorned with blush pink florals, this whimsical farmhouse-inspired artwork exudes rustic elegance and innocence.",White Wash Frame,,,,,,2,99,,,,,2,JanMichael400,JanMichael160,https://cdn11.bigcommerce.com/s-wb4uepr7/images/stencil/500x659/attribute_rule_images/50370_source_1746643767.jpg,50370_source_1746643767.jpg,,,JanMichael800,50370_source_1746643767.jpg
HMK815L Floral Lamb,HMK815L-1010PWWP24,Charcoal Wash Frame,"Add a touch of sweetness to your space with the enchanting HMK815L Floral Lamb print. Featuring a gentle lamb adorned with blush pink florals, this whimsical farmhouse-inspired artwork exudes rustic elegance and innocence.",Charcoal Wash Frame,,,,,,2,99,,,,,2,JanMichael400,JanMichael160,https://cdn11.bigcommerce.com/s-wb4uepr7/images/stencil/500x659/attribute_rule_images/50371_source_1746643768.jpg,50371_source_1746643768.jpg,,,JanMichael800,50371_source_1746643768.jpg
HMK819L Daisy Laundry,HMK819L-1216PP9,Brown Stain Frame,"Fresh, nostalgic, and full of countryside charm, the HMK819L Daisy Laundry print brings a touch of rural tranquility to your home. With blooming daisies and billowing linens, this artwork captures the essence of peaceful living.",Brown Stain Frame,,,,,,2,99,,,,,2,JanMichael400,JanMichael160,https://cdn11.bigcommerce.com/s-wb4uepr7/images/stencil/500x659/attribute_rule_images/50372_source_1749643736.jpg,50372_source_1749643736.jpg,,,JanMichael800,50372_source_1749643736.jpg
HMK819L Daisy Laundry,HMK819L-1216PBSP9,White Wash Frame,"Fresh, nostalgic, and full of countryside charm, the HMK819L Daisy Laundry print brings a touch of rural tranquility to your home. With blooming daisies and billowing linens, this artwork captures the essence of peaceful living.",White Wash Frame,,,,,,2,99,,,,,2,JanMichael400,JanMichael160,https://cdn11.bigcommerce.com/s-wb4uepr7/images/stencil/500x659/attribute_rule_images/50373_source_1749643736.jpg,50373_source_1749643736.jpg,,,JanMichael800,50373_source_1749643736.jpg
HMK819L Daisy Laundry,HMK819L-1216PWWP9,Charcoal Wash Frame,"Fresh, nostalgic, and full of countryside charm, the HMK819L Daisy Laundry print brings a touch of rural tranquility to your home. With blooming daisies and billowing linens, this artwork captures the essence of peaceful living.",Charcoal Wash Frame,,,,,,2,99,,,,,2,JanMichael400,JanMichael160,https://cdn11.bigcommerce.com/s-wb4uepr7/images/stencil/500x659/attribute_rule_images/50374_source_1749643736.jpg,50374_source_1749643736.jpg,,,JanMichael800,50374_source_1749643736.jpg
HMK821L Purple Flowers,HMK821L-1216PP10,Brown Stain Frame,Transform your space with the timeless elegance of HMK821L Purple Flowers. This 12x16 inch print captures the delicate beauty of classic florals in a vintage-inspired setting. Add a touch of romance to any room with this vintage floral still life.,Brown Stain Frame,,,,,,2,99,,,,,2,JanMichael400,JanMichael160,https://cdn11.bigcommerce.com/s-wb4uepr7/images/stencil/500x659/attribute_rule_images/50378_source_1749238603.jpg,50378_source_1749238603.jpg,,,JanMichael800,50378_source_1749238603.jpg
HMK821L Purple Flowers,HMK821L-1216PBSP10,White Wash Frame,Transform your space with the timeless elegance of HMK821L Purple Flowers. This 12x16 inch print captures the delicate beauty of classic florals in a vintage-inspired setting. Add a touch of romance to any room with this vintage floral still life.,White Wash Frame,,,,,,2,99,,,,,2,JanMichael400,JanMichael160,https://cdn11.bigcommerce.com/s-wb4uepr7/images/stencil/500x659/attribute_rule_images/50379_source_1749238603.jpg,50379_source_1749238603.jpg,,,JanMichael800,50379_source_1749238603.jpg
HMK821L Purple Flowers,HMK821L-1216PWWP10,Charcoal Wash Frame,Transform your space with the timeless elegance of HMK821L Purple Flowers. This 12x16 inch print captures the delicate beauty of classic florals in a vintage-inspired setting. Add a touch of romance to any room with this vintage floral still life.,Charcoal Wash Frame,,,,,,2,99,,,,,2,JanMichael400,JanMichael160,https://cdn11.bigcommerce.com/s-wb4uepr7/images/stencil/500x659/attribute_rule_images/50380_source_1749238603.jpg,50380_source_1749238603.jpg,,,JanMichael800,50380_source_1749238603.jpg
HMK820L Walking on Water,HMK820L-1216PP10,Brown Stain Frame,"Experience the divine serenity and power with our HMK820L Walking on Water print. Capturing a moment of unwavering faith, this 12x16 inch artwork exudes hope and strength.",Brown Stain Frame,,,,,,2,99,,,,,2,JanMichael400,JanMichael160,https://cdn11.bigcommerce.com/s-wb4uepr7/images/stencil/500x659/attribute_rule_images/50381_source_1749238452.jpg,50381_source_1749238452.jpg,,,JanMichael800,50381_source_1749238452.jpg
HMK820L Walking on Water,HMK820L-1216PBSP10,White Wash Frame,"Experience the divine serenity and power with our HMK820L Walking on Water print. Capturing a moment of unwavering faith, this 12x16 inch artwork exudes hope and strength.",White Wash Frame,,,,,,2,99,,,,,2,JanMichael400,JanMichael160,https://cdn11.bigcommerce.com/s-wb4uepr7/images/stencil/500x659/attribute_rule_images/50382_source_1749238452.jpg,50382_source_1749238452.jpg,,,JanMichael800,50382_source_1749238452.jpg
HMK820L Walking on Water,HMK820L-1216PWWP10,Charcoal Wash Frame,"Experience the divine serenity and power with our HMK820L Walking on Water print. Capturing a moment of unwavering faith, this 12x16 inch artwork exudes hope and strength.",Charcoal Wash Frame,,,,,,2,99,,,,,2,JanMichael400,JanMichael160,https://cdn11.bigcommerce.com/s-wb4uepr7/images/stencil/500x659/attribute_rule_images/50383_source_1749238452.jpg,50383_source_1749238452.jpg,,,JanMichael800,50383_source_1749238452.jpg
HMK822L Rustic Tulips,HMK822L-1216PP10,Brown Stain Frame,"Transform your home with the enchanting charm of Rustic Tulips! This 12x16 inch print captures the timeless beauty of vintage floral still life, with rich textures and warm tones that exude comfort and elegance.",Brown Stain Frame,,,,,,2,99,,,,,2,JanMichael400,JanMichael160,https://cdn11.bigcommerce.com/s-wb4uepr7/images/stencil/500x659/attribute_rule_images/50384_source_1749238703.jpg,50384_source_1749238703.jpg,,,JanMichael800,50384_source_1749238703.jpg
HMK822L Rustic Tulips,HMK822L-1216PBSP10,White Wash Frame,"Transform your home with the enchanting charm of Rustic Tulips! This 12x16 inch print captures the timeless beauty of vintage floral still life, with rich textures and warm tones that exude comfort and elegance.",White Wash Frame,,,,,,2,99,,,,,2,JanMichael400,JanMichael160,https://cdn11.bigcommerce.com/s-wb4uepr7/images/stencil/500x659/attribute_rule_images/50385_source_1749238703.jpg,50385_source_1749238703.jpg,,,JanMichael800,50385_source_1749238703.jpg
HMK822L Rustic Tulips,HMK822L-1216PWWP10,Charcoal Wash Frame,"Transform your home with the enchanting charm of Rustic Tulips! This 12x16 inch print captures the timeless beauty of vintage floral still life, with rich textures and warm tones that exude comfort and elegance.",Charcoal Wash Frame,,,,,,2,99,,,,,2,JanMichael400,JanMichael160,https://cdn11.bigcommerce.com/s-wb4uepr7/images/stencil/500x659/attribute_rule_images/50386_source_1749238703.jpg,50386_source_1749238703.jpg,,,JanMichael800,50386_source_1749238703.jpg
HMK823L Vintage Green Bathtub,HMK823L-1216PP9,Brown Stain Frame,"Elevate your space with the enchanting charm of the HMK823L Vintage Green Bathtub wall art. This whimsical 12x16 inch print features a rusted clawfoot tub overflowing with a lush bouquet of garden flowers, adding a touch of vintage elegance to any room.",Brown Stain Frame,,,,,,2,99,,,,,2,JanMichael400,JanMichael160,https://cdn11.bigcommerce.com/s-wb4uepr7/images/stencil/500x659/attribute_rule_images/50387_source_1749238790.jpg,50387_source_1749238790.jpg,,,JanMichael800,50387_source_1749238790.jpg
HMK823L Vintage Green Bathtub,HMK823L-1216PBSP9,White Wash Frame,"Elevate your space with the enchanting charm of the HMK823L Vintage Green Bathtub wall art. This whimsical 12x16 inch print features a rusted clawfoot tub overflowing with a lush bouquet of garden flowers, adding a touch of vintage elegance to any room.",White Wash Frame,,,,,,2,99,,,,,2,JanMichael400,JanMichael160,https://cdn11.bigcommerce.com/s-wb4uepr7/images/stencil/500x659/attribute_rule_images/50388_source_1749238790.jpg,50388_source_1749238790.jpg,,,JanMichael800,50388_source_1749238790.jpg
HMK823L Vintage Green Bathtub,HMK823L-1216PWWP9,Charcoal Wash Frame,"Elevate your space with the enchanting charm of the HMK823L Vintage Green Bathtub wall art. This whimsical 12x16 inch print features a rusted clawfoot tub overflowing with a lush bouquet of garden flowers, adding a touch of vintage elegance to any room.",Charcoal Wash Frame,,,,,,2,99,,,,,2,JanMichael400,JanMichael160,https://cdn11.bigcommerce.com/s-wb4uepr7/images/stencil/500x659/attribute_rule_images/50389_source_1749238790.jpg,50389_source_1749238790.jpg,,,JanMichael800,50389_source_1749238790.jpg
HMK826L Pig Vintage Tub,HMK826L-810PP19,Brown Stain Frame,"Add a touch of whimsical charm to your home with the HMK826L Pig Vintage Tub print. This delightful artwork features an adorable piglet enjoying a luxurious bubble bath in a vintage-style tub, surrounded by elegant decor.",Brown Stain Frame,,,,,,2,99,,,,,2,JanMichael400,JanMichael160,https://cdn11.bigcommerce.com/s-wb4uepr7/images/stencil/500x659/attribute_rule_images/50390_source_1749054473.jpg,50390_source_1749054473.jpg,,,JanMichael800,50390_source_1749054473.jpg
HMK826L Pig Vintage Tub,HMK826L-810PBSP19,White Wash Frame,"Add a touch of whimsical charm to your home with the HMK826L Pig Vintage Tub print. This delightful artwork features an adorable piglet enjoying a luxurious bubble bath in a vintage-style tub, surrounded by elegant decor.",White Wash Frame,,,,,,2,99,,,,,2,JanMichael400,JanMichael160,https://cdn11.bigcommerce.com/s-wb4uepr7/images/stencil/500x659/attribute_rule_images/50391_source_1746719211.jpg,50391_source_1746719211.jpg,,,JanMichael800,50391_source_1746719211.jpg
HMK826L Pig Vintage Tub,HMK826L-810PWWP19,Charcoal Wash Frame,"Add a touch of whimsical charm to your home with the HMK826L Pig Vintage Tub print. This delightful artwork features an adorable piglet enjoying a luxurious bubble bath in a vintage-style tub, surrounded by elegant decor.",Charcoal Wash Frame,,,,,,2,99,,,,,2,JanMichael400,JanMichael160,https://cdn11.bigcommerce.com/s-wb4uepr7/images/stencil/500x659/attribute_rule_images/50392_source_1746719211.jpg,50392_source_1746719211.jpg,,,JanMichael800,50392_source_1746719211.jpg
HMK827L Calf Vintage Tub,HMK827L-810PP26,Brown Stain Frame,"Add a touch of whimsy and elegance to your home with the HMK827L Calf Vintage Tub. This charming 8x10 inch print features a sweet baby calf enjoying a bubble bath in a vintage clawfoot tub, adding farmhouse fun with Victorian flair to any space.",Brown Stain Frame,,,,,,2,99,,,,,2,JanMichael400,JanMichael160,https://cdn11.bigcommerce.com/s-wb4uepr7/images/stencil/500x659/attribute_rule_images/50393_source_1749054520.jpg,50393_source_1749054520.jpg,,,JanMichael800,50393_source_1749054520.jpg
HMK827L Calf Vintage Tub,HMK827L-810PBSP26,White Wash Frame,"Add a touch of whimsy and elegance to your home with the HMK827L Calf Vintage Tub. This charming 8x10 inch print features a sweet baby calf enjoying a bubble bath in a vintage clawfoot tub, adding farmhouse fun with Victorian flair to any space.",White Wash Frame,,,,,,2,99,,,,,2,JanMichael400,JanMichael160,https://cdn11.bigcommerce.com/s-wb4uepr7/images/stencil/500x659/attribute_rule_images/50394_source_1746719031.jpg,50394_source_1746719031.jpg,,,JanMichael800,50394_source_1746719031.jpg
HMK827L Calf Vintage Tub,HMK827L-810PWWP26,Charcoal Wash Frame,"Add a touch of whimsy and elegance to your home with the HMK827L Calf Vintage Tub. This charming 8x10 inch print features a sweet baby calf enjoying a bubble bath in a vintage clawfoot tub, adding farmhouse fun with Victorian flair to any space.",Charcoal Wash Frame,,,,,,2,99,,,,,2,JanMichael400,JanMichael160,https://cdn11.bigcommerce.com/s-wb4uepr7/images/stencil/500x659/attribute_rule_images/50395_source_1746719080.jpg,50395_source_1746719080.jpg,,,JanMichael800,50395_source_1746719080.jpg
HMK828L Vintage Green Potty,HMK828L-1216PP10,Brown Stain Frame,"Step into a whimsical world with the HMK828L Vintage Green Potty print. This charming 12x16 inch artwork combines vintage charm with a playful twist, featuring a weathered toilet adorned with lush wildflowers against a rich green backdrop.",Brown Stain Frame,,,,,,2,99,,,,,2,JanMichael400,JanMichael160,https://cdn11.bigcommerce.com/s-wb4uepr7/images/stencil/500x659/attribute_rule_images/50396_source_1749238879.jpg,50396_source_1749238879.jpg,,,JanMichael800,50396_source_1749238879.jpg
HMK828L Vintage Green Potty,HMK828L-1216PBSP10,White Wash Frame,"Step into a whimsical world with the HMK828L Vintage Green Potty print. This charming 12x16 inch artwork combines vintage charm with a playful twist, featuring a weathered toilet adorned with lush wildflowers against a rich green backdrop.",White Wash Frame,,,,,,2,99,,,,,2,JanMichael400,JanMichael160,https://cdn11.bigcommerce.com/s-wb4uepr7/images/stencil/500x659/attribute_rule_images/50397_source_1749238879.jpg,50397_source_1749238879.jpg,,,JanMichael800,50397_source_1749238879.jpg
HMK828L Vintage Green Potty,HMK828L-1216PWWP10,Charcoal Wash Frame,"Step into a whimsical world with the HMK828L Vintage Green Potty print. This charming 12x16 inch artwork combines vintage charm with a playful twist, featuring a weathered toilet adorned with lush wildflowers against a rich green backdrop.",Charcoal Wash Frame,,,,,,2,99,,,,,2,JanMichael400,JanMichael160,https://cdn11.bigcommerce.com/s-wb4uepr7/images/stencil/500x659/attribute_rule_images/50398_source_1749238879.jpg,50398_source_1749238879.jpg,,,JanMichael800,50398_source_1749238879.jpg
HMK829L Horse Vintage Tub,HMK829L-810PP19,Brown Stain Frame,"Transform your space with the whimsical charm of the HMK829L Horse Vintage Tub. This delightful 8x10 inch artwork features a gray horse enjoying a luxurious bubble bath in a vintage clawfoot tub, adding playful personality to any room.",Brown Stain Frame,,,,,,2,99,,,,,2,JanMichael400,JanMichael160,https://cdn11.bigcommerce.com/s-wb4uepr7/images/stencil/500x659/attribute_rule_images/50399_source_1749054739.jpg,50399_source_1749054739.jpg,,,JanMichael800,50399_source_1749054739.jpg
HMK829L Horse Vintage Tub,HMK829L-810PBSP19,White Wash Frame,"Transform your space with the whimsical charm of the HMK829L Horse Vintage Tub. This delightful 8x10 inch artwork features a gray horse enjoying a luxurious bubble bath in a vintage clawfoot tub, adding playful personality to any room.",White Wash Frame,,,,,,2,99,,,,,2,JanMichael400,JanMichael160,https://cdn11.bigcommerce.com/s-wb4uepr7/images/stencil/500x659/attribute_rule_images/50400_source_1746718451.jpg,50400_source_1746718451.jpg,,,JanMichael800,50400_source_1746718451.jpg
HMK829L Horse Vintage Tub,HMK829L-810PWWP19,Charcoal Wash Frame,"Transform your space with the whimsical charm of the HMK829L Horse Vintage Tub. This delightful 8x10 inch artwork features a gray horse enjoying a luxurious bubble bath in a vintage clawfoot tub, adding playful personality to any room.",Charcoal Wash Frame,,,,,,2,99,,,,,2,JanMichael400,JanMichael160,https://cdn11.bigcommerce.com/s-wb4uepr7/images/stencil/500x659/attribute_rule_images/50401_source_1746718451.jpg,50401_source_1746718451.jpg,,,JanMichael800,50401_source_1746718451.jpg
HMK830L Donkey Vintage Tub,HMK830L-810PP19,Brown Stain Frame,"Add a touch of whimsy and vintage charm to your space with the HMK830L Donkey Vintage Tub. This sweet 8x10 inch print features an adorable baby donkey enjoying a luxurious soak in a clawfoot tub, surrounded by delightful details.",Brown Stain Frame,,,,,,2,99,,,,,2,JanMichael400,JanMichael160,https://cdn11.bigcommerce.com/s-wb4uepr7/images/stencil/500x659/attribute_rule_images/50402_source_1749055186.jpg,50402_source_1749055186.jpg,,,JanMichael800,50402_source_1749055186.jpg
HMK830L Donkey Vintage Tub,HMK830L-810PBSP19,White Wash Frame,"Add a touch of whimsy and vintage charm to your space with the HMK830L Donkey Vintage Tub. This sweet 8x10 inch print features an adorable baby donkey enjoying a luxurious soak in a clawfoot tub, surrounded by delightful details.",White Wash Frame,,,,,,2,99,,,,,2,JanMichael400,JanMichael160,https://cdn11.bigcommerce.com/s-wb4uepr7/images/stencil/500x659/attribute_rule_images/50403_source_1746718257.jpg,50403_source_1746718257.jpg,,,JanMichael800,50403_source_1746718257.jpg
HMK830L Donkey Vintage Tub,HMK830L-810PWWP19,Charcoal Wash Frame,"Add a touch of whimsy and vintage charm to your space with the HMK830L Donkey Vintage Tub. This sweet 8x10 inch print features an adorable baby donkey enjoying a luxurious soak in a clawfoot tub, surrounded by delightful details.",Charcoal Wash Frame,,,,,,2,99,,,,,2,JanMichael400,JanMichael160,https://cdn11.bigcommerce.com/s-wb4uepr7/images/stencil/500x659/attribute_rule_images/50404_source_1746718257.jpg,50404_source_1746718257.jpg,,,JanMichael800,50404_source_1746718257.jpg
HMK831L Duck Vintage Tub,HMK831L-810PP26,Brown Stain Frame,"Transform your space with the charming HMK831L Duck Vintage Tub print. Overflowing with vintage flair, this 8x10 inch artwork features an adorable duckling in a clawfoot tub, adding playful whimsy to any room.",Brown Stain Frame,,,,,,2,99,,,,,2,JanMichael400,JanMichael160,https://cdn11.bigcommerce.com/s-wb4uepr7/images/stencil/500x659/products/35404/85814/8x10_brownframe_HMK831L_DUCK_VINTAGE_TUB_8X10_LATH_HOLLY_KRAMER__32926.1749054996.jpg,8x10_brownframe_HMK831L_DUCK_VINTAGE_TUB_8X10_LATH_HOLLY_KRAMER__32926.1749054996.jpg,,,JanMichael800,8x10_brownframe_HMK831L_DUCK_VINTAGE_TUB_8X10_LATH_HOLLY_KRAMER__32926.1749054996.jpg
HMK831L Duck Vintage Tub,HMK831L-810PBSP26,White Wash Frame,"Transform your space with the charming HMK831L Duck Vintage Tub print. Overflowing with vintage flair, this 8x10 inch artwork features an adorable duckling in a clawfoot tub, adding playful whimsy to any room.",White Wash Frame,,,,,,2,99,,,,,2,JanMichael400,JanMichael160,https://cdn11.bigcommerce.com/s-wb4uepr7/images/stencil/500x659/attribute_rule_images/50406_source_1746718037.jpg,50406_source_1746718037.jpg,,,JanMichael800,50406_source_1746718037.jpg
HMK831L Duck Vintage Tub,HMK831L-810PWWP26,Charcoal Wash Frame,"Transform your space with the charming HMK831L Duck Vintage Tub print. Overflowing with vintage flair, this 8x10 inch artwork features an adorable duckling in a clawfoot tub, adding playful whimsy to any room.",Charcoal Wash Frame,,,,,,2,99,,,,,2,JanMichael400,JanMichael160,https://cdn11.bigcommerce.com/s-wb4uepr7/images/stencil/500x659/attribute_rule_images/50407_source_1746718037.jpg,50407_source_1746718037.jpg,,,JanMichael800,50407_source_1746718037.jpg
HMK832L Goat Vintage Tub,HMK832L-810PP19,Brown Stain Frame,Add a touch of whimsy and vintage charm to your space with the HMK832L Goat Vintage Tub print. This adorable 8x10 inch artwork features a baby goat in a clawfoot tub surrounded by bubbles and elegant French cottage details.,Brown Stain Frame,,,,,,2,99,,,,,2,JanMichael400,JanMichael160,https://cdn11.bigcommerce.com/s-wb4uepr7/images/stencil/500x659/attribute_rule_images/50408_source_1749054909.jpg,50408_source_1749054909.jpg,,,JanMichael800,50408_source_1749054909.jpg
HMK832L Goat Vintage Tub,HMK832L-810PBSP19,White Wash Frame,Add a touch of whimsy and vintage charm to your space with the HMK832L Goat Vintage Tub print. This adorable 8x10 inch artwork features a baby goat in a clawfoot tub surrounded by bubbles and elegant French cottage details.,White Wash Frame,,,,,,2,99,,,,,2,JanMichael400,JanMichael160,https://cdn11.bigcommerce.com/s-wb4uepr7/images/stencil/500x659/attribute_rule_images/50409_source_1746717876.jpg,50409_source_1746717876.jpg,,,JanMichael800,50409_source_1746717876.jpg
HMK832L Goat Vintage Tub,HMK832L-810PWWP19,Charcoal Wash Frame,Add a touch of whimsy and vintage charm to your space with the HMK832L Goat Vintage Tub print. This adorable 8x10 inch artwork features a baby goat in a clawfoot tub surrounded by bubbles and elegant French cottage details.,Charcoal Wash Frame,,,,,,2,99,,,,,2,JanMichael400,JanMichael160,https://cdn11.bigcommerce.com/s-wb4uepr7/images/stencil/500x659/attribute_rule_images/50410_source_1746717920.jpg,50410_source_1746717920.jpg,,,JanMichael800,50410_source_1746717920.jpg
HMK833L Highland Vintage Tub,HMK833L-810PP19,Brown Stain Frame,"Bask in the farmhouse whimsy and vintage sophistication of the HMK833L Highland Vintage Tub. This 8x10 inch print features a fluffy Highland calf enjoying a bubble bath in an elegant clawfoot tub, bringing warmth and style to any space.",Brown Stain Frame,,,,,,2,99,,,,,2,JanMichael400,JanMichael160,https://cdn11.bigcommerce.com/s-wb4uepr7/images/stencil/500x659/attribute_rule_images/50411_source_1749054691.jpg,50411_source_1749054691.jpg,,,JanMichael800,50411_source_1749054691.jpg
HMK833L Highland Vintage Tub,HMK833L-810PBSP19,White Wash Frame,"Bask in the farmhouse whimsy and vintage sophistication of the HMK833L Highland Vintage Tub. This 8x10 inch print features a fluffy Highland calf enjoying a bubble bath in an elegant clawfoot tub, bringing warmth and style to any space.",White Wash Frame,,,,,,2,99,,,,,2,JanMichael400,JanMichael160,https://cdn11.bigcommerce.com/s-wb4uepr7/images/stencil/500x659/attribute_rule_images/50412_source_1746717779.jpg,50412_source_1746717779.jpg,,,JanMichael800,50412_source_1746717779.jpg
HMK833L Highland Vintage Tub,HMK833L-810PWWP19,Charcoal Wash Frame,"Bask in the farmhouse whimsy and vintage sophistication of the HMK833L Highland Vintage Tub. This 8x10 inch print features a fluffy Highland calf enjoying a bubble bath in an elegant clawfoot tub, bringing warmth and style to any space.",Charcoal Wash Frame,,,,,,2,99,,,,,2,JanMichael400,JanMichael160,https://cdn11.bigcommerce.com/s-wb4uepr7/images/stencil/500x659/attribute_rule_images/50413_source_1746717819.jpg,50413_source_1746717819.jpg,,,JanMichael800,50413_source_1746717819.jpg
HMK834L Rooster Vintage Tub,HMK834L-810PP26,Brown Stain Frame,"Add a quirky twist to your farmhouse decor with this Rooster Vintage Tub print. Featuring a proud rooster in a vintage tub, this whimsical artwork adds charm to any space.",Brown Stain Frame,,,,,,2,99,,,,,2,JanMichael400,JanMichael160,https://cdn11.bigcommerce.com/s-wb4uepr7/images/stencil/500x659/attribute_rule_images/50414_source_1749055267.jpg,50414_source_1749055267.jpg,,,JanMichael800,50414_source_1749055267.jpg
HMK834L Rooster Vintage Tub,HMK834L-810PBSP26,White Wash Frame,"Add a quirky twist to your farmhouse decor with this Rooster Vintage Tub print. Featuring a proud rooster in a vintage tub, this whimsical artwork adds charm to any space.",White Wash Frame,,,,,,2,99,,,,,2,JanMichael400,JanMichael160,https://cdn11.bigcommerce.com/s-wb4uepr7/images/stencil/500x659/attribute_rule_images/50415_source_1746717716.jpg,50415_source_1746717716.jpg,,,JanMichael800,50415_source_1746717716.jpg
HMK834L Rooster Vintage Tub,HMK834L-810PWWP26,Charcoal Wash Frame,"Add a quirky twist to your farmhouse decor with this Rooster Vintage Tub print. Featuring a proud rooster in a vintage tub, this whimsical artwork adds charm to any space.",Charcoal Wash Frame,,,,,,2,99,,,,,2,JanMichael400,JanMichael160,https://cdn11.bigcommerce.com/s-wb4uepr7/images/stencil/500x659/attribute_rule_images/50416_source_1746717716.jpg,50416_source_1746717716.jpg,,,JanMichael800,50416_source_1746717716.jpg
HMK835L Holstein Vintage Tub,HMK835L-810PP26,Brown Stain Frame,"Bring triple the charm and farmhouse fun into your home with the HMK835L Holstein Vintage Tub print. Featuring three adorable Holstein calves peeking out of a vintage floral clawfoot bathtub, this 8x10 inch print is a delightful blend of rustic elegance and playful personality.",Brown Stain Frame,,,,,,2,99,,,,,2,JanMichael400,JanMichael160,https://cdn11.bigcommerce.com/s-wb4uepr7/images/stencil/500x659/attribute_rule_images/50417_source_1749055319.jpg,50417_source_1749055319.jpg,,,JanMichael800,50417_source_1749055319.jpg
HMK835L Holstein Vintage Tub,HMK835L-810PBSP26,White Wash Frame,"Bring triple the charm and farmhouse fun into your home with the HMK835L Holstein Vintage Tub print. Featuring three adorable Holstein calves peeking out of a vintage floral clawfoot bathtub, this 8x10 inch print is a delightful blend of rustic elegance and playful personality.",White Wash Frame,,,,,,2,99,,,,,2,JanMichael400,JanMichael160,https://cdn11.bigcommerce.com/s-wb4uepr7/images/stencil/500x659/attribute_rule_images/50418_source_1746717506.jpg,50418_source_1746717506.jpg,,,JanMichael800,50418_source_1746717506.jpg
HMK835L Holstein Vintage Tub,HMK835L-810PWWP26,Charcoal Wash Frame,"Bring triple the charm and farmhouse fun into your home with the HMK835L Holstein Vintage Tub print. Featuring three adorable Holstein calves peeking out of a vintage floral clawfoot bathtub, this 8x10 inch print is a delightful blend of rustic elegance and playful personality.",Charcoal Wash Frame,,,,,,2,99,,,,,2,JanMichael400,JanMichael160,https://cdn11.bigcommerce.com/s-wb4uepr7/images/stencil/500x659/attribute_rule_images/50419_source_1746717542.jpg,50419_source_1746717542.jpg,,,JanMichael800,50419_source_1746717542.jpg
HMK836L Wildflower Laundry,HMK836L-810PP19,Brown Stain Frame,"Elevate your space with the charm of the HMK836L Wildflower Laundry print. Immerse yourself in the tranquility of country life, where delicate linens and vibrant wildflowers dance under a sunlit sky.",Brown Stain Frame,,,,,,2,99,,,,,2,JanMichael400,JanMichael160,https://cdn11.bigcommerce.com/s-wb4uepr7/images/stencil/500x659/attribute_rule_images/50420_source_1748875973.jpg,50420_source_1748875973.jpg,,,JanMichael800,50420_source_1748875973.jpg
HMK836L Wildflower Laundry,HMK836L-810PBSP19,White Wash Frame,"Elevate your space with the charm of the HMK836L Wildflower Laundry print. Immerse yourself in the tranquility of country life, where delicate linens and vibrant wildflowers dance under a sunlit sky.",White Wash Frame,,,,,,2,99,,,,,2,JanMichael400,JanMichael160,https://cdn11.bigcommerce.com/s-wb4uepr7/images/stencil/500x659/attribute_rule_images/50421_source_1746644719.jpg,50421_source_1746644719.jpg,,,JanMichael800,50421_source_1746644719.jpg
HMK836L Wildflower Laundry,HMK836L-810PWWP19,Charcoal Wash Frame,"Elevate your space with the charm of the HMK836L Wildflower Laundry print. Immerse yourself in the tranquility of country life, where delicate linens and vibrant wildflowers dance under a sunlit sky.",Charcoal Wash Frame,,,,,,2,99,,,,,2,JanMichael400,JanMichael160,https://cdn11.bigcommerce.com/s-wb4uepr7/images/stencil/500x659/attribute_rule_images/50422_source_1746644718.jpg,50422_source_1746644718.jpg,,,JanMichael800,50422_source_1746644718.jpg
HMK851L Evening Lighthouse,HMK851L-1216PP16,Brown Stain Frame,"Capture the serene beauty of the shoreline with the Evening Lighthouse wall art print. Measuring 12x16 inches, this timeless coastal scene features a weathered lighthouse standing tall beside a rustic keeper’s cottage, all nestled in windswept dunes under a peaceful evening sky.",Brown Stain Frame,,,,,,2,99,,,,,2,JanMichael400,JanMichael160,https://cdn11.bigcommerce.com/s-wb4uepr7/images/stencil/500x659/attribute_rule_images/50423_source_1749238979.jpg,50423_source_1749238979.jpg,,,JanMichael800,50423_source_1749238979.jpg
HMK851L Evening Lighthouse,HMK851L-1216PBSP16,White Wash Frame,"Capture the serene beauty of the shoreline with the Evening Lighthouse wall art print. Measuring 12x16 inches, this timeless coastal scene features a weathered lighthouse standing tall beside a rustic keeper’s cottage, all nestled in windswept dunes under a peaceful evening sky.",White Wash Frame,,,,,,2,99,,,,,2,JanMichael400,JanMichael160,https://cdn11.bigcommerce.com/s-wb4uepr7/images/stencil/500x659/attribute_rule_images/50424_source_1749238979.jpg,50424_source_1749238979.jpg,,,JanMichael800,50424_source_1749238979.jpg
HMK851L Evening Lighthouse,HMK851L-1216PWWP16,Charcoal Wash Frame,"Capture the serene beauty of the shoreline with the Evening Lighthouse wall art print. Measuring 12x16 inches, this timeless coastal scene features a weathered lighthouse standing tall beside a rustic keeper’s cottage, all nestled in windswept dunes under a peaceful evening sky.",Charcoal Wash Frame,,,,,,2,99,,,,,2,JanMichael400,JanMichael160,https://cdn11.bigcommerce.com/s-wb4uepr7/images/stencil/500x659/attribute_rule_images/50425_source_1749238979.jpg,50425_source_1749238979.jpg,,,JanMichael800,50425_source_1749238979.jpg
HMK852L Cracked Egg Chick,HMK852L-1216PP8,Brown Stain Frame,"Add a touch of springtime sweetness to your space with the Cracked Egg Chick wall art print. This charming 12x16 inch print features an adorable chick hatching from a cracked egg, surrounded by rustic and floral details, perfect for farmhouse or cottage-inspired decor.",Brown Stain Frame,,,,,,2,99,,,,,2,JanMichael400,JanMichael160,https://cdn11.bigcommerce.com/s-wb4uepr7/images/stencil/500x659/attribute_rule_images/50426_source_1749239076.jpg,50426_source_1749239076.jpg,,,JanMichael800,50426_source_1749239076.jpg
HMK852L Cracked Egg Chick,HMK852L-1216PBSP8,White Wash Frame,"Add a touch of springtime sweetness to your space with the Cracked Egg Chick wall art print. This charming 12x16 inch print features an adorable chick hatching from a cracked egg, surrounded by rustic and floral details, perfect for farmhouse or cottage-inspired decor.",White Wash Frame,,,,,,2,99,,,,,2,JanMichael400,JanMichael160,https://cdn11.bigcommerce.com/s-wb4uepr7/images/stencil/500x659/attribute_rule_images/50427_source_1749239076.jpg,50427_source_1749239076.jpg,,,JanMichael800,50427_source_1749239076.jpg
HMK852L Cracked Egg Chick,HMK852L-1216PWWP8,Charcoal Wash Frame,"Add a touch of springtime sweetness to your space with the Cracked Egg Chick wall art print. This charming 12x16 inch print features an adorable chick hatching from a cracked egg, surrounded by rustic and floral details, perfect for farmhouse or cottage-inspired decor.",Charcoal Wash Frame,,,,,,2,99,,,,,2,JanMichael400,JanMichael160,https://cdn11.bigcommerce.com/s-wb4uepr7/images/stencil/500x659/attribute_rule_images/50428_source_1749239076.jpg,50428_source_1749239076.jpg,,,JanMichael800,50428_source_1749239076.jpg
HMK853L Bunny Moon,HMK853L-810PP23,Brown Stain Frame,"Add a touch of magic and springtime whimsy to your space with the Bunny Moon art print. Featuring a sweet white bunny under a glowing crescent moon, gently holding a basket of colorful Easter eggs. Surrounded by wildflowers and bathed in soft moonlight, this artwork radiates peace, wonder, and the quiet joy of spring nights.",Brown Stain Frame,,,,,,2,99,,,,,2,JanMichael400,JanMichael160,https://cdn11.bigcommerce.com/s-wb4uepr7/images/stencil/500x659/attribute_rule_images/50429_source_1749055465.jpg,50429_source_1749055465.jpg,,,JanMichael800,50429_source_1749055465.jpg
HMK853L Bunny Moon,HMK853L-810PBSP23,White Wash Frame,"Add a touch of magic and springtime whimsy to your space with the Bunny Moon art print. Featuring a sweet white bunny under a glowing crescent moon, gently holding a basket of colorful Easter eggs. Surrounded by wildflowers and bathed in soft moonlight, this artwork radiates peace, wonder, and the quiet joy of spring nights.",White Wash Frame,,,,,,2,99,,,,,2,JanMichael400,JanMichael160,https://cdn11.bigcommerce.com/s-wb4uepr7/images/stencil/500x659/attribute_rule_images/50430_source_1746717359.jpg,50430_source_1746717359.jpg,,,JanMichael800,50430_source_1746717359.jpg
HMK853L Bunny Moon,HMK853L-810PWWP23,Charcoal Wash Frame,"Add a touch of magic and springtime whimsy to your space with the Bunny Moon art print. Featuring a sweet white bunny under a glowing crescent moon, gently holding a basket of colorful Easter eggs. Surrounded by wildflowers and bathed in soft moonlight, this artwork radiates peace, wonder, and the quiet joy of spring nights.",Charcoal Wash Frame,,,,,,2,99,,,,,2,JanMichael400,JanMichael160,https://cdn11.bigcommerce.com/s-wb4uepr7/images/stencil/500x659/attribute_rule_images/50431_source_1746717408.jpg,50431_source_1746717408.jpg,,,JanMichael800,50431_source_1746717408.jpg
HMK854L Patriotic Mason Jars,HMK854L-1216PP16,Brown Stain Frame,"Celebrate your American pride with the stunning HMK854L Patriotic Mason Jars wall art. Featuring charming mason jars adorned in vintage flag designs and vibrant red, white, and blue florals, this piece exudes rustic charm and patriotic spirit.",Brown Stain Frame,,,,,,2,99,,,,,2,JanMichael400,JanMichael160,https://cdn11.bigcommerce.com/s-wb4uepr7/images/stencil/500x659/attribute_rule_images/50432_source_1749239206.jpg,50432_source_1749239206.jpg,,,JanMichael800,50432_source_1749239206.jpg
HMK854L Patriotic Mason Jars,HMK854L-1216PBSP16,White Wash Frame,"Celebrate your American pride with the stunning HMK854L Patriotic Mason Jars wall art. Featuring charming mason jars adorned in vintage flag designs and vibrant red, white, and blue florals, this piece exudes rustic charm and patriotic spirit.",White Wash Frame,,,,,,2,99,,,,,2,JanMichael400,JanMichael160,https://cdn11.bigcommerce.com/s-wb4uepr7/images/stencil/500x659/attribute_rule_images/50433_source_1749239206.jpg,50433_source_1749239206.jpg,,,JanMichael800,50433_source_1749239206.jpg
HMK854L Patriotic Mason Jars,HMK854L-1216PWWP16,Charcoal Wash Frame,"Celebrate your American pride with the stunning HMK854L Patriotic Mason Jars wall art. Featuring charming mason jars adorned in vintage flag designs and vibrant red, white, and blue florals, this piece exudes rustic charm and patriotic spirit.",Charcoal Wash Frame,,,,,,2,99,,,,,2,JanMichael400,JanMichael160,https://cdn11.bigcommerce.com/s-wb4uepr7/images/stencil/500x659/attribute_rule_images/50434_source_1749239206.jpg,50434_source_1749239206.jpg,,,JanMichael800,50434_source_1749239206.jpg
HMK855L Fall Wrens,HMK855L-1216PP11,Brown Stain Frame,"Embrace the rustic charm of the HMK855L Fall Wrens wall art, capturing the essence of autumn with two delightful wrens perched amidst fall wildflowers and pumpkins.",Brown Stain Frame,,,,,,2,99,,,,,2,JanMichael400,JanMichael160,https://cdn11.bigcommerce.com/s-wb4uepr7/images/stencil/500x659/attribute_rule_images/50435_source_1749239289.jpg,50435_source_1749239289.jpg,,,JanMichael800,50435_source_1749239289.jpg
HMK855L Fall Wrens,HMK855L-1216PBSP11,White Wash Frame,"Embrace the rustic charm of the HMK855L Fall Wrens wall art, capturing the essence of autumn with two delightful wrens perched amidst fall wildflowers and pumpkins.",White Wash Frame,,,,,,2,99,,,,,2,JanMichael400,JanMichael160,https://cdn11.bigcommerce.com/s-wb4uepr7/images/stencil/500x659/attribute_rule_images/50436_source_1749239289.jpg,50436_source_1749239289.jpg,,,JanMichael800,50436_source_1749239289.jpg
HMK855L Fall Wrens,HMK855L-1216PWWP11,Charcoal Wash Frame,"Embrace the rustic charm of the HMK855L Fall Wrens wall art, capturing the essence of autumn with two delightful wrens perched amidst fall wildflowers and pumpkins.",Charcoal Wash Frame,,,,,,2,99,,,,,2,JanMichael400,JanMichael160,https://cdn11.bigcommerce.com/s-wb4uepr7/images/stencil/500x659/attribute_rule_images/50437_source_1749239289.jpg,50437_source_1749239289.jpg,,,JanMichael800,50437_source_1749239289.jpg
HMK856L Hanging Lavender,HMK856L-1216PP18,Brown Stain Frame,"Bring the calming beauty of the countryside into your home with the Hanging Lavender wall art print. This charming artwork captures a cozy, sunlit shelf filled with clay pots, bundles of drying lavender, and fresh herbs hanging from wooden beams.",Brown Stain Frame,,,,,,2,99,,,,,2,JanMichael400,JanMichael160,https://cdn11.bigcommerce.com/s-wb4uepr7/images/stencil/500x659/attribute_rule_images/50438_source_1749239453.jpg,50438_source_1749239453.jpg,,,JanMichael800,50438_source_1749239453.jpg
HMK856L Hanging Lavender,HMK856L-1216PBSP18,White Wash Frame,"Bring the calming beauty of the countryside into your home with the Hanging Lavender wall art print. This charming artwork captures a cozy, sunlit shelf filled with clay pots, bundles of drying lavender, and fresh herbs hanging from wooden beams.",White Wash Frame,,,,,,2,99,,,,,2,JanMichael400,JanMichael160,https://cdn11.bigcommerce.com/s-wb4uepr7/images/stencil/500x659/attribute_rule_images/50439_source_1749239453.jpg,50439_source_1749239453.jpg,,,JanMichael800,50439_source_1749239453.jpg
HMK856L Hanging Lavender,HMK856L-1216PWWP18,Charcoal Wash Frame,"Bring the calming beauty of the countryside into your home with the Hanging Lavender wall art print. This charming artwork captures a cozy, sunlit shelf filled with clay pots, bundles of drying lavender, and fresh herbs hanging from wooden beams.",Charcoal Wash Frame,,,,,,2,99,,,,,2,JanMichael400,JanMichael160,https://cdn11.bigcommerce.com/s-wb4uepr7/images/stencil/500x659/attribute_rule_images/50440_source_1749239453.jpg,50440_source_1749239453.jpg,,,JanMichael800,50440_source_1749239453.jpg
HMK859L Hidden Pumpkin Patch,HMK859L-1216PP11,Brown Stain Frame,"Transform your space with the charm of autumn using the HMK859L Hidden Pumpkin Patch. This rustic wall art depicts a serene pumpkin patch scene in warm hues, sure to evoke cozy harvest vibes.",Brown Stain Frame,,,,,,2,99,,,,,2,JanMichael400,JanMichael160,https://cdn11.bigcommerce.com/s-wb4uepr7/images/stencil/500x659/attribute_rule_images/50441_source_1749239372.jpg,50441_source_1749239372.jpg,,,JanMichael800,50441_source_1749239372.jpg
HMK859L Hidden Pumpkin Patch,HMK859L-1216PBSP11,White Wash Frame,"Transform your space with the charm of autumn using the HMK859L Hidden Pumpkin Patch. This rustic wall art depicts a serene pumpkin patch scene in warm hues, sure to evoke cozy harvest vibes.",White Wash Frame,,,,,,2,99,,,,,2,JanMichael400,JanMichael160,https://cdn11.bigcommerce.com/s-wb4uepr7/images/stencil/500x659/attribute_rule_images/50442_source_1749239372.jpg,50442_source_1749239372.jpg,,,JanMichael800,50442_source_1749239372.jpg
HMK859L Hidden Pumpkin Patch,HMK859L-1216PWWP11,Charcoal Wash Frame,"Transform your space with the charm of autumn using the HMK859L Hidden Pumpkin Patch. This rustic wall art depicts a serene pumpkin patch scene in warm hues, sure to evoke cozy harvest vibes.",Charcoal Wash Frame,,,,,,2,99,,,,,2,JanMichael400,JanMichael160,https://cdn11.bigcommerce.com/s-wb4uepr7/images/stencil/500x659/attribute_rule_images/50443_source_1749239373.jpg,50443_source_1749239373.jpg,,,JanMichael800,50443_source_1749239373.jpg
HMK861L Autumn Floral Books,HMK861L-1216PP1,Brown Stain Frame,"Add a touch of literary charm and autumn beauty to your home with our ""Autumn Floral Books"" art print. This exquisite 12x16-inch piece captures the essence of fall with its rustic elegance and seasonal warmth.",Brown Stain Frame,,,,,,2,99,,,,,2,JanMichael400,JanMichael160,https://cdn11.bigcommerce.com/s-wb4uepr7/images/stencil/500x659/attribute_rule_images/50444_source_1749239537.jpg,50444_source_1749239537.jpg,,,JanMichael800,50444_source_1749239537.jpg
HMK861L Autumn Floral Books,HMK861L-1216PBSP1,White Wash Frame,"Add a touch of literary charm and autumn beauty to your home with our ""Autumn Floral Books"" art print. This exquisite 12x16-inch piece captures the essence of fall with its rustic elegance and seasonal warmth.",White Wash Frame,,,,,,2,99,,,,,2,JanMichael400,JanMichael160,https://cdn11.bigcommerce.com/s-wb4uepr7/images/stencil/500x659/attribute_rule_images/50445_source_1749239537.jpg,50445_source_1749239537.jpg,,,JanMichael800,50445_source_1749239537.jpg
HMK861L Autumn Floral Books,HMK861L-1216PWWP1,Charcoal Wash Frame,"Add a touch of literary charm and autumn beauty to your home with our ""Autumn Floral Books"" art print. This exquisite 12x16-inch piece captures the essence of fall with its rustic elegance and seasonal warmth.",Charcoal Wash Frame,,,,,,2,99,,,,,2,JanMichael400,JanMichael160,https://cdn11.bigcommerce.com/s-wb4uepr7/images/stencil/500x659/attribute_rule_images/50446_source_1749239537.jpg,50446_source_1749239537.jpg,,,JanMichael800,50446_source_1749239537.jpg
HMK864L Fall Mum Arrangement,HMK864L-1216PP11,Brown Stain Frame,"Celebrate the rich beauty of autumn with the HMK864L Fall Mum Arrangement. This stunning 12x16-inch art print captures the warmth of the harvest season in a rustic, charming composition.",Brown Stain Frame,,,,,,2,99,,,,,2,JanMichael400,JanMichael160,https://cdn11.bigcommerce.com/s-wb4uepr7/images/stencil/500x659/attribute_rule_images/50447_source_1749239623.jpg,50447_source_1749239623.jpg,,,JanMichael800,50447_source_1749239623.jpg
HMK864L Fall Mum Arrangement,HMK864L-1216PBSP11,White Wash Frame,"Celebrate the rich beauty of autumn with the HMK864L Fall Mum Arrangement. This stunning 12x16-inch art print captures the warmth of the harvest season in a rustic, charming composition.",White Wash Frame,,,,,,2,99,,,,,2,JanMichael400,JanMichael160,https://cdn11.bigcommerce.com/s-wb4uepr7/images/stencil/500x659/attribute_rule_images/50448_source_1749239622.jpg,50448_source_1749239622.jpg,,,JanMichael800,50448_source_1749239622.jpg
HMK864L Fall Mum Arrangement,HMK864L-1216PWWP11,Charcoal Wash Frame,"Celebrate the rich beauty of autumn with the HMK864L Fall Mum Arrangement. This stunning 12x16-inch art print captures the warmth of the harvest season in a rustic, charming composition.",Charcoal Wash Frame,,,,,,2,99,,,,,2,JanMichael400,JanMichael160,https://cdn11.bigcommerce.com/s-wb4uepr7/images/stencil/500x659/attribute_rule_images/50449_source_1749239622.jpg,50449_source_1749239622.jpg,,,JanMichael800,50449_source_1749239622.jpg
HMK869L Mary's Prayer,HMK869L-1216PP16,Brown Stain Frame,"Bring home a touch of divine grace and tranquility with Mary's Prayer framed print. This exquisite 12x16 inch artwork captures the serene beauty of the Virgin Mary in a moment of heartfelt prayer, surrounded by soft white roses and bathed in a heavenly glow.",Brown Stain Frame,,,,,,2,99,,,,,2,JanMichael400,JanMichael160,https://cdn11.bigcommerce.com/s-wb4uepr7/images/stencil/500x659/products/35467/86430/12x16_brownframe_HMK869L_MARYS_PRAYER_12X16_LATH_HOLLY_KRAMER__70111.1749497281.jpg,12x16_brownframe_HMK869L_MARYS_PRAYER_12X16_LATH_HOLLY_KRAMER__70111.1749497281.jpg,,,JanMichael800,12x16_brownframe_HMK869L_MARYS_PRAYER_12X16_LATH_HOLLY_KRAMER__70111.1749497281.jpg
HMK869L Mary's Prayer,HMK869L-1216PBSP16,White Wash Frame,"Bring home a touch of divine grace and tranquility with Mary's Prayer framed print. This exquisite 12x16 inch artwork captures the serene beauty of the Virgin Mary in a moment of heartfelt prayer, surrounded by soft white roses and bathed in a heavenly glow.",White Wash Frame,,,,,,2,99,,,,,2,JanMichael400,JanMichael160,https://cdn11.bigcommerce.com/s-wb4uepr7/images/stencil/500x659/products/35467/86430/12x16_brownframe_HMK869L_MARYS_PRAYER_12X16_LATH_HOLLY_KRAMER__70111.1749497281.jpg,12x16_brownframe_HMK869L_MARYS_PRAYER_12X16_LATH_HOLLY_KRAMER__70111.1749497281.jpg,,,JanMichael800,12x16_brownframe_HMK869L_MARYS_PRAYER_12X16_LATH_HOLLY_KRAMER__70111.1749497281.jpg
HMK869L Mary's Prayer,HMK869L-1216PWWP16,Charcoal Wash Frame,"Bring home a touch of divine grace and tranquility with Mary's Prayer framed print. This exquisite 12x16 inch artwork captures the serene beauty of the Virgin Mary in a moment of heartfelt prayer, surrounded by soft white roses and bathed in a heavenly glow.",Charcoal Wash Frame,,,,,,2,99,,,,,2,JanMichael400,JanMichael160,https://cdn11.bigcommerce.com/s-wb4uepr7/images/stencil/500x659/products/35467/86430/12x16_brownframe_HMK869L_MARYS_PRAYER_12X16_LATH_HOLLY_KRAMER__70111.1749497281.jpg,12x16_brownframe_HMK869L_MARYS_PRAYER_12X16_LATH_HOLLY_KRAMER__70111.1749497281.jpg,,,JanMichael800,12x16_brownframe_HMK869L_MARYS_PRAYER_12X16_LATH_HOLLY_KRAMER__70111.1749497281.jpg
HMK870L Hot Air Eggs,HMK870L-1216PP18,Brown Stain Frame,"Transform your space with the whimsical charm of Hot Air Eggs. This enchanting 12x16 inch fine art print features a white bunny soaring in a hot air balloon adorned with vibrant Easter eggs and blooming florals. Handcrafted in a rustic tobacco lath frame, it combines farmhouse warmth with seasonal joy.",Brown Stain Frame,,,,,,2,99,,,,,2,JanMichael400,JanMichael160,https://cdn11.bigcommerce.com/s-wb4uepr7/images/stencil/500x659/products/35468/86428/12x16_brownframe_HMK870L_HOT_AIR_EGGS_12X16_LATH_HOLLY_KRAMER__57293.1749497050.jpg,12x16_brownframe_HMK870L_HOT_AIR_EGGS_12X16_LATH_HOLLY_KRAMER__57293.1749497050.jpg,,,JanMichael800,12x16_brownframe_HMK870L_HOT_AIR_EGGS_12X16_LATH_HOLLY_KRAMER__57293.1749497050.jpg
HMK870L Hot Air Eggs,HMK870L-1216PBSP18,White Wash Frame,"Transform your space with the whimsical charm of Hot Air Eggs. This enchanting 12x16 inch fine art print features a white bunny soaring in a hot air balloon adorned with vibrant Easter eggs and blooming florals. Handcrafted in a rustic tobacco lath frame, it combines farmhouse warmth with seasonal joy.",White Wash Frame,,,,,,2,99,,,,,2,JanMichael400,JanMichael160,https://cdn11.bigcommerce.com/s-wb4uepr7/images/stencil/500x659/products/35468/86428/12x16_brownframe_HMK870L_HOT_AIR_EGGS_12X16_LATH_HOLLY_KRAMER__57293.1749497050.jpg,12x16_brownframe_HMK870L_HOT_AIR_EGGS_12X16_LATH_HOLLY_KRAMER__57293.1749497050.jpg,,,JanMichael800,12x16_brownframe_HMK870L_HOT_AIR_EGGS_12X16_LATH_HOLLY_KRAMER__57293.1749497050.jpg
HMK870L Hot Air Eggs,HMK870L-1216PWWP18,Charcoal Wash Frame,"Transform your space with the whimsical charm of Hot Air Eggs. This enchanting 12x16 inch fine art print features a white bunny soaring in a hot air balloon adorned with vibrant Easter eggs and blooming florals. Handcrafted in a rustic tobacco lath frame, it combines farmhouse warmth with seasonal joy.",Charcoal Wash Frame,,,,,,2,99,,,,,2,JanMichael400,JanMichael160,https://cdn11.bigcommerce.com/s-wb4uepr7/images/stencil/500x659/products/35468/86428/12x16_brownframe_HMK870L_HOT_AIR_EGGS_12X16_LATH_HOLLY_KRAMER__57293.1749497050.jpg,12x16_brownframe_HMK870L_HOT_AIR_EGGS_12X16_LATH_HOLLY_KRAMER__57293.1749497050.jpg,,,JanMichael800,12x16_brownframe_HMK870L_HOT_AIR_EGGS_12X16_LATH_HOLLY_KRAMER__57293.1749497050.jpg
HMK873L American Angel,HMK873L-1216PP18,Brown Stain Frame,"Celebrate patriotism with timeless elegance through American Angel, a 12x16 inch fine art print that beautifully blends vintage Americana with ethereal grace. This striking image features a graceful woman draped in a flowing gown made from the American flag, her outstretched arms forming wings of stars and stripes.",Brown Stain Frame,,,,,,2,99,,,,,2,JanMichael400,JanMichael160,https://cdn11.bigcommerce.com/s-wb4uepr7/images/stencil/500x659/attribute_rule_images/50456_source_1752857304.jpg,50456_source_1752857304.jpg,,,JanMichael800,50456_source_1752857304.jpg
HMK873L American Angel,HMK873L-1216PBSP18,White Wash Frame,"Celebrate patriotism with timeless elegance through American Angel, a 12x16 inch fine art print that beautifully blends vintage Americana with ethereal grace. This striking image features a graceful woman draped in a flowing gown made from the American flag, her outstretched arms forming wings of stars and stripes.",White Wash Frame,,,,,,2,99,,,,,2,JanMichael400,JanMichael160,https://cdn11.bigcommerce.com/s-wb4uepr7/images/stencil/500x659/attribute_rule_images/50457_source_1752857304.jpg,50457_source_1752857304.jpg,,,JanMichael800,50457_source_1752857304.jpg
HMK873L American Angel,HMK873L-1216PWWP18,Charcoal Wash Frame,"Celebrate patriotism with timeless elegance through American Angel, a 12x16 inch fine art print that beautifully blends vintage Americana with ethereal grace. This striking image features a graceful woman draped in a flowing gown made from the American flag, her outstretched arms forming wings of stars and stripes.",Charcoal Wash Frame,,,,,,2,99,,,,,2,JanMichael400,JanMichael160,https://cdn11.bigcommerce.com/s-wb4uepr7/images/stencil/500x659/attribute_rule_images/50457_source_1752857304.jpg,50457_source_1752857304.jpg,,,JanMichael800,50457_source_1752857304.jpg
