Christmas Slate Coasters - Colored Print,SCCH2,Home|Holidays|Christmas Slate Coasters - Colored Print,"Christmas Slate Coasters – Set of 4
Add festive charm to your home this holiday season with our Christmas Slate Coasters. Perfect for protecting your surfaces while spreading holiday cheer, these coasters are an ideal addition to your seasonal decor. Each set of four handcrafted slate coasters features joyful holiday phrases and designs, making them a great gift for Christmas lovers, party hosts, and those who enjoy seasonal home accessories.
Each coaster is printed with white and colored ink, ensuring that the festive designs stand out beautifully against the natural, rustic slate background. Whether you’re hosting a Christmas dinner or cozying up with a hot drink by the fire, these coasters bring warmth and celebration into any setting.
Festive Designs:
""Joy to the World""
""Have Yourself a Merry Little Christmas""
""'Tis the Season""
""Peace, Love, and Joy""
Key Features:
High-Quality, Natural Slate: These coasters are made from locally sourced slate, providing a unique, durable surface that will last through many holiday seasons. Each piece features natural variations in texture and shape, giving every coaster a one-of-a-kind, rustic appeal.
Non-Slip Feet for Protection: Each coaster is equipped with 4 non-slip feet to prevent scratches on your furniture and ensure a secure grip on any surface, making them as functional as they are festive.
Perfect for Gifting: These holiday-themed coasters are ideal for anyone looking to spread seasonal joy. They make a thoughtful gift for friends, family, party hosts, or even as a stylish stocking stuffer for the home decor enthusiast in your life.
Product Specifications:
Set of 4 coasters with different Christmas-themed designs.
Dimensions: Each coaster measures approximately 4” x 4”, making them a perfect size for mugs, wine glasses, and other drinkware.
Packaging: The coasters are tied with rustic twine and shrink-wrapped, ready for retail display or gifting.
Retail Price: Priced at $39.95 for a set of four, these coasters offer an affordable, yet high-quality holiday decor item.
Locally Sourced and Printed: Designed, printed, and packaged in-house at our Massachusetts facility, ensuring the highest quality standards and support for local craftsmanship.
Why Choose Lifeforce Glass Christmas Slate Coasters?
Retail and wholesale buyers will love the seasonal appeal, handcrafted quality, and festive designs of these coasters. Perfect for:
Holiday gift shops
Christmas markets
Home decor stores
Party planners and hosts
These coasters combine functionality with holiday spirit, making them a great addition to any store looking to stock unique and meaningful gifts for the Christmas season. Wholesale buyers will also benefit from bulk pricing options, making it easy to stock up for the busy holiday period.
Special Offer for Wholesale Buyers: Mix and match a variety of coaster sets to qualify for our lowest wholesale pricing ($20 per set). Contact us for custom orders.",,,,,,,1,39.95,5,20,,,1,Lifeforce400,Lifeforce160,https://cdn11.bigcommerce.com/s-l8fm6tm/images/stencil/800x800/products/4457/9911/IMG-8836__84829.1697474047.jpg?c=2,IMG-8836__84829.1697474047.jpg?c=2,,,Lifeforce800,IMG-8836__84829.1697474047.jpg?c=2
"The Mermaid's Message, Courage, Sea Glass Stone",MM3,"Home|Inspirational|The Mermaid's Message, Courage, Sea Glass Stone","We all need courage these days. Maybe it's always been that way. Bolster your courage with a frosted glass stone. Marine colors, 1.25"" in diameter. There is a minimum order quantity of 6 stones.",,,,,,,6,3.99,10,2.99,,,6,Lifeforce400,Lifeforce160,https://cdn11.bigcommerce.com/s-l8fm6tm/images/stencil/800x800/products/1923/4958/courage_800__45925.1534799401.jpg?c=2,courage_800__45925.1534799401.jpg?c=2,,,Lifeforce800,courage_800__45925.1534799401.jpg?c=2
"Wisdom Stone Assortment of Glass Stones, 100 pieces",WSA,"Home|Inspirational|Wisdom Stone Assortment of Glass Stones, 100 pieces","Our best-selling quotes and sayings in the Wisdom collection are included in this assortment. 100 stones, basket and header display included. Each stone is !.25"" in diameter and the stones are translucent and opaque glass. The sayings included in the assortment are:
An attitude of gratitude is a never-ending prayer.
Be Here Now
Be Still and Know
Be the change you wish to see in the world. -Gandhi
Believe in angels for they are the messengers of miracles.
Believe in your dreams.
Do what you can, with what you have, with where you are. -Theodore Roosevelt
Easy Does It 
Follow Your Dreams
God grant me the serenity to accept the things I cannot change, courage to change the things I can, and the wisdom to know the difference. 
If you believe in yourself, anything is possible.
It's a process
Just Breathe
Keep It Simple
Let Go and Let God
May your prayers be lifted on the wings of angels.
One Day at a Time
Protected By Angels
There are no coincidences
To thine own self be true
What would you attempt to do if you knew you could not fail?
If you like the general idea of this assortment but you don't see all the titles you'd like, you can make your own assortment by clicking here. The price of the stones goes down as you add quantity.",,,,,,,1,125,5,118.75,,,1,Lifeforce400,Lifeforce160,https://cdn11.bigcommerce.com/s-l8fm6tm/images/stencil/800x800/products/1188/12780/Wisdom_Stone_Assortment_Group_Shot__76616.1744191286.png?c=2,Wisdom_Stone_Assortment_Group_Shot__76616.1744191286.png?c=2,,,Lifeforce800,Wisdom_Stone_Assortment_Group_Shot__76616.1744191286.png?c=2
"Love is patient, love is kind... 1 Corinthians 13:4, Glass Stone",S-47,"Home|Religious|Love is patient, love is kind... 1 Corinthians 13:4, Glass Stone","Love is Patient, love is kind.It does not envy, it does not boast, it is not proud. 1 Corinthians 13:4. Glass stone, 1.25"", various colors. There is a minimum order quantity of 6 stones.",,,,,,,6,3.99,10,2.99,,,6,Lifeforce400,Lifeforce160,https://cdn11.bigcommerce.com/s-l8fm6tm/images/stencil/800x800/products/922/9028/love_is_patient_opal_green__48030.1656613700.jpg?c=2,love_is_patient_opal_green__48030.1656613700.jpg?c=2,,,Lifeforce800,love_is_patient_opal_green__48030.1656613700.jpg?c=2
Chakra Stone Assortment of 100 Glass Stones,CKA,Home|New Age|Chakra Stone Assortment of 100 Glass Stones,"Chakras are the energy centers of the body according to Ayurvedic texts.  This assortment comes with three styles of print on the stones with their matching colors: Shapes, Symbols (Sanskrit), and the Chakras in text with their attributes. The seven Chakras are: Root, Sacral, Solar Plexus, Heart, Throat, Third Eye, and Crown.
Each Stone is approximately 1.25 inches in diameter.",,,,,,,1,125,5,118.75,,,1,Lifeforce400,Lifeforce160,https://cdn11.bigcommerce.com/s-l8fm6tm/images/stencil/800x800/products/3435/9559/Chakra_1__60081.1686219966.png?c=2,Chakra_1__60081.1686219966.png?c=2,,,Lifeforce800,Chakra_1__60081.1686219966.png?c=2
September Birthstone,BT-9,Home|New Age|September Birthstone,"September Birthstone, According to gemstone lore, the qualities of people born in September are spirituality, mercy, love, balance, victory and clarity. The 1.25"" dark blue glass stone corresponds to the gem of the month: sapphire. There is a minimum order quantity of 6 stones.",,,,,,,6,3.99,10,2.99,,,6,Lifeforce400,Lifeforce160,https://cdn11.bigcommerce.com/s-l8fm6tm/images/stencil/800x800/products/299/4991/birthstone_september_800__38539.1534883778.jpg?c=2,birthstone_september_800__38539.1534883778.jpg?c=2,,,Lifeforce800,birthstone_september_800__38539.1534883778.jpg?c=2
Pet Stone- Faithful Friend.,IPS10,"Home|Individual Items|Glass Stones, Frosted|Pet Stones|Pet Stone- Faithful Friend.","Dogs love you no matter what. This frosted glass stone that says, ""Faithful Friend"" can serve as a memorial stone. These gorgeous frosted glass stones are 100% recycled, and are 1.25 inches in diameter. They come in tons of colors. There is a minimum order quantity of 6 stones.",,,,,,,6,3.99,10,2.99,,,6,Lifeforce400,Lifeforce160,https://cdn11.bigcommerce.com/s-l8fm6tm/images/stencil/800x800/products/2788/4918/faithful_friend_red_800__76868.1534789889.jpg?c=2,faithful_friend_red_800__76868.1534789889.jpg?c=2,,,Lifeforce800,faithful_friend_red_800__76868.1534789889.jpg?c=2
"Inspiration Magnet, Believe in yourself. Believe in your dreams.",IM3,"Home|Inspirational|Inspiration Magnet, Believe in yourself. Believe in your dreams.","To believe in one's self is great advice for anyone, but it's particularly great for young people. If I could, I would place one inside of every kid's locker. The Sea Stone Inspiration Magnet is 1.25 inches in diameter and made from recycled glass. The frosted sea glass has a satiny finish. The Affirmation Magnets come in a myriad of colors. Please let us choose. There is a minimum order quantity of 6 magnets.",,,,,,,6,4.49,10,3.99,,,6,Lifeforce400,Lifeforce160,https://cdn11.bigcommerce.com/s-l8fm6tm/images/stencil/800x800/products/2465/6282/believe_in_yourself_believe_in_your_dreams__67318.1551989285.png?c=2,believe_in_yourself_believe_in_your_dreams__67318.1551989285.png?c=2,,,Lifeforce800,believe_in_yourself_believe_in_your_dreams__67318.1551989285.png?c=2
"An attitude of gratitude is a never-ending prayer, Glass Stone",W-32,"Home|Inspirational|An attitude of gratitude is a never-ending prayer, Glass Stone","An attitude of gratitude is a never-ending prayer. Glass stone, about 1.25"" in diameter. Various colors. There is a minimum order quantity of 6 stones.",,,,,,,6,3.99,10,2.99,,,6,Lifeforce400,Lifeforce160,https://cdn11.bigcommerce.com/s-l8fm6tm/images/stencil/800x800/products/1130/5664/an_attitude_of_800__67840.1537801483.jpg?c=2,an_attitude_of_800__67840.1537801483.jpg?c=2,,,Lifeforce800,an_attitude_of_800__67840.1537801483.jpg?c=2
"Follow Your Dreams, Glass Stone",W-70,"Home|Individual Items|Glass Stones, Shiny|Wisdom Stones|Follow Your Dreams, Glass Stone","Follow Your Dreams. 1.25"" glass stone, assorted colors. There is a minimum order quantity of 6 stones.",,,,,,,6,3.99,10,2.99,,,6,Lifeforce400,Lifeforce160,https://cdn11.bigcommerce.com/s-l8fm6tm/images/stencil/800x800/products/320/5143/Follow_your_dreams_800__82255.1536346997.jpg?c=2,Follow_your_dreams_800__82255.1536346997.jpg?c=2,,,Lifeforce800,Follow_your_dreams_800__82255.1536346997.jpg?c=2
"May Your Heart Be Light And Happy, Acrylic Magnet",AMAG17,"Home|Irish|May Your Heart Be Light And Happy, Acrylic Magnet","Light Hearts & big smiles!
This magnet features the Irish Proverb: “May Your Heart Be Light & Happy, May Your Smile Be Big & Wide, & May Your Pockets Always Have a Coin Or Two Inside” Featuring white lettering on our artistic interpretation of the Green, White and Orange Irish Flag.
A Perfect gift for those who love Irish Proverbs and Cheeky Irish Humor.
These are a great gift for those who appreciate Irish Culture and who identify with Ireland and its ancestry and culture!
Visually beautiful, with a meaningful message, our magnets are going to attract your attention!
-Each magnet measures approximately 3.75” x 2.75” x ⅛”
-Made from high quality acrylic
-Digitally printed
-Made in the USA/Massachusetts",,,,,,,1,7,16,5,,,1,Lifeforce400,Lifeforce160,https://cdn11.bigcommerce.com/s-l8fm6tm/images/stencil/800x800/products/4494/10836/May_your_heart_be_light-Camera_7__77976.1712921224.png?c=2,May_your_heart_be_light-Camera_7__77976.1712921224.png?c=2,,,Lifeforce800,May_your_heart_be_light-Camera_7__77976.1712921224.png?c=2
"Inspiration Magnet, Anything is possible",IM1,"Home|Inspirational|Inspiration Magnet, Anything is possible","When our friends become discouraged, we need to remind them that Anything Is Possible. This gorgeous sea stone magnet serves that purpose perfectly. It's 1.25 inches in diameter and made from recycled glass. The frosted has a satiny finish. The Inspiration Magnets come in a myriad of colors. Please let us choose. There is a minimum order quantity of 6 magnets.",,,,,,,6,4.49,10,3.99,,,6,Lifeforce400,Lifeforce160,https://cdn11.bigcommerce.com/s-l8fm6tm/images/stencil/800x800/products/2451/6280/anything_is_possible__85904.1551989244.jpg?c=2,anything_is_possible__85904.1551989244.jpg?c=2,,,Lifeforce800,anything_is_possible__85904.1551989244.jpg?c=2
"Trust with Periwinkle, Language of Flower Heart",FH17,"Home|Individual Items|Hearts|The Language of Flowers Hearts|Trust with Periwinkle, Language of Flower Heart","The Periwinkle (also known as vinca) represents Trust in the Language of Flowers.
The Language of Flowers hearts are 1.75"" across and come in white, pink and lilac. They come with sheer, heart-shaped pouches, also in white, pink and lilac. There is a minimum order quantity of 6 hearts.",,,,,,,1,17.95,4,6.99,,,1,Lifeforce400,Lifeforce160,https://cdn11.bigcommerce.com/s-l8fm6tm/images/stencil/800x800/products/4311/8714/trust_periwinkle_pink__99530.1653584762.jpg?c=2,trust_periwinkle_pink__99530.1653584762.jpg?c=2,,,Lifeforce800,trust_periwinkle_pink__99530.1653584762.jpg?c=2
I Love You with Tulip Flower - Language of Flower Heart,FH10,Home|Individual Items|Hearts|The Language of Flowers Hearts|I Love You with Tulip Flower - Language of Flower Heart,"The official meaning in the 1884 Language of Flowers for a red Tulip is ""Declaration of Love."" We think ""I Love You"" is close enough. 
The Language of Flowers hearts are 1.75"" across and come in white, pink and lilac. They come with sheer, heart-shaped pouches, also in white, pink and lilac. There is a minimum order quantity of 6 hearts.",,,,,,,1,17.95,4,6.99,,,1,Lifeforce400,Lifeforce160,https://cdn11.bigcommerce.com/s-l8fm6tm/images/stencil/800x800/products/3702/8619/i_love_you_tulip__21660.1653571150.jpg?c=2,i_love_you_tulip__21660.1653571150.jpg?c=2,,,Lifeforce800,i_love_you_tulip__21660.1653571150.jpg?c=2
"I am successful, Glass Stone",AF16,"Home|Individual Items|Glass Stones, Shiny|Affirmation Stones|I am successful, Glass Stone","Ditch your self-sabotaging and focus on what you want with the I am successful glass stone, one of many of the affirmation stones. Order singly or by the thousands. Approximately 1.25"" in diameter. All stones are sent in assorted colors. There is a minimum order quantity of 6 stones.",,,,,,,6,3.99,10,2.99,,,6,Lifeforce400,Lifeforce160,https://cdn11.bigcommerce.com/s-l8fm6tm/images/stencil/800x800/products/129/5242/i_am_successful_800__57407.1536681315.jpg?c=2,i_am_successful_800__57407.1536681315.jpg?c=2,,,Lifeforce800,i_am_successful_800__57407.1536681315.jpg?c=2
"Sagittarius, Glass Stone",Z-9,"Home|New Age|Sagittarius, Glass Stone","For the ever exploring Sagittarius these glass stones are light weight and easy to take along on expeditions. 1.25"" in diameter. Various colors, if you have a preference please let us know. There is a minimum order quantity of 6 stones.",,,,,,,6,3.99,10,2.99,,,6,Lifeforce400,Lifeforce160,https://cdn11.bigcommerce.com/s-l8fm6tm/images/stencil/800x800/products/1203/4979/sagittarius_800__77480.1534882429.jpg?c=2,sagittarius_800__77480.1534882429.jpg?c=2,,,Lifeforce800,sagittarius_800__77480.1534882429.jpg?c=2
"Too Blessed to be Stressed, Glass Stone",W-81,"Home|Inspirational|Too Blessed to be Stressed, Glass Stone","Too Blessed to be Stressed. Glass stone, about 1.25"" in diameter. Various colors. There is a minimum order quantity of 6 stones.",,,,,,,6,3.99,10,2.99,,,6,Lifeforce400,Lifeforce160,https://cdn11.bigcommerce.com/s-l8fm6tm/images/stencil/800x800/products/1170/5684/too_blessed_to_be_800__46404.1537804505.JPG?c=2,too_blessed_to_be_800__46404.1537804505.JPG?c=2,,,Lifeforce800,too_blessed_to_be_800__46404.1537804505.JPG?c=2
"The Mermaid's Message - Yellow Hibiscus, Sea Glass Stone",MM74,"Home|Individual Items|Glass Stones, Frosted|The Mermaid's Message, Hawaiian Images|The Mermaid's Message - Yellow Hibiscus, Sea Glass Stone",A beautiful yellow hibiscus printed on a frosted glass stone. Approximately 1.25 inches in diameter. Marine colors. There is a minimum order quantity of 6 stones.,,,,,,,6,3.99,10,2.99,,,6,Lifeforce400,Lifeforce160,https://cdn11.bigcommerce.com/s-l8fm6tm/images/stencil/800x800/products/3512/6370/Yellow_Hibiscus__54820.1552320287.jpg?c=2,Yellow_Hibiscus__54820.1552320287.jpg?c=2,,,Lifeforce800,Yellow_Hibiscus__54820.1552320287.jpg?c=2
Fruit of the Spirit Glass Stone- Peace,FS-2,"Home|Individual Items|Glass Stones, Shiny|Fruits of the Spirit Stones|Fruit of the Spirit Glass Stone- Peace","Fruit of the Spirit, Peace. 1.25"" glass stone, assorted colors. There is a minimum order quantity of 6 stones.",,,,,,,6,3.99,10,2.99,,,6,Lifeforce400,Lifeforce160,https://cdn11.bigcommerce.com/s-l8fm6tm/images/stencil/800x800/products/514/5586/fruit_peace_800__18801.1537644284.jpg?c=2,fruit_peace_800__18801.1537644284.jpg?c=2,,,Lifeforce800,fruit_peace_800__18801.1537644284.jpg?c=2
"Everything Is Possible, Wooden Postcard",PCEIP,"Home|Hospital|Everything Is Possible, Wooden Postcard","Everything Is Possible, Wooden Postcard
Inspire faith and hope with our Everything is Possible Wooden Postcard, featuring the uplifting words of Mark 9:23: ""Everything is possible for one who believes."" This beautiful wooden postcard is designed with a serene sunset landscape, making it the perfect reminder that belief can move mountains.
Expertly crafted from sustainably sourced wood, this 4"" x 6"" postcard is laser cut and printed in-house for premium quality. At 1/8 of an inch thick, it’s durable and long-lasting, offering an eco-friendly alternative to traditional paper cards. Whether you're sending it as a motivational gift or displaying it as decor, this wooden postcard offers a thoughtful and meaningful way to share encouragement. Available for wholesale, it’s ideal for faith-based stores looking to stock inspiring products for their customers.
Key Features:
Inspiring Scripture: Features Mark 9:23, a powerful message of belief and possibility.
Motivational Gift: Perfect for encouraging loved ones or keeping as a personal reminder of faith.
Eco-Friendly Material: Made from sustainably sourced wood, offering a beautiful and environmentally conscious alternative to paper cards.
Durable Keepsake: The postcard’s 1/8-inch thickness ensures it will be cherished for years.
Wholesale Availability: Available for wholesale, ideal for stores looking to offer unique and meaningful products to their customers.
Why Choose Our ""Everything is Possible"" Wooden Postcard?
Unique and Lasting Gift: This postcard is more than just a card—it's a lasting keepsake that delivers a powerful message of faith.
Perfect for Retailers and Personal Use: Whether stocking your store or sending a message of encouragement, this postcard stands out as a thoughtful, eco-friendly choice.
To reach our lowest wholesale price of $2.99 per postcard, simply mix and match a total of 16 postcards from our collection. Interested in custom designs? We offer low minimums—contact us for more information on creating your own unique postcards.
To avoid any potential disruption in delivery, we suggest using 2 First Class Stamps.",,,,,,,1,6,16,2.99,,,1,Lifeforce400,Lifeforce160,https://cdn11.bigcommerce.com/s-l8fm6tm/images/stencil/800x800/products/4579/13295/Mark_9_23_FULL-Camera__46877.1748532123.png?c=2,Mark_9_23_FULL-Camera__46877.1748532123.png?c=2,,,Lifeforce800,Mark_9_23_FULL-Camera__46877.1748532123.png?c=2
"The Mermaid's Message - White Plumeria, Sea Glass Stone",MM75,"Home|Individual Items|Glass Stones, Frosted|The Mermaid's Message, Hawaiian Images|The Mermaid's Message - White Plumeria, Sea Glass Stone",This beautiful flower is a White Plumeria printed on a marine colored frosted glass stone. Approximately 1.25 inches in diameter. There is a minimum order quantity of 6 stones.,,,,,,,6,3.99,10,2.99,,,6,Lifeforce400,Lifeforce160,https://cdn11.bigcommerce.com/s-l8fm6tm/images/stencil/800x800/products/3513/12679/White_Pulmeria_Light_Blue__20711.1743161724.png?c=2,White_Pulmeria_Light_Blue__20711.1743161724.png?c=2,,,Lifeforce800,White_Pulmeria_Light_Blue__20711.1743161724.png?c=2
"Sea Stone, Replica Sea Glass Stone, Goddess",SEA41,"Home|Individual Items|Glass Stones, Frosted|Sea Stones|Sea Stone, Replica Sea Glass Stone, Goddess","Beautiful frosted glass stone that says Goddess. It comes in a myriad of colors. 1.25"" in diameter. There is a minimum order quantity of 6 stones.",,,,,,,6,3.99,10,2.99,,,6,Lifeforce400,Lifeforce160,https://cdn11.bigcommerce.com/s-l8fm6tm/images/stencil/800x800/products/2990/4433/sea_stone_goddess__50391.1520962288.jpg?c=2,sea_stone_goddess__50391.1520962288.jpg?c=2,,,Lifeforce800,sea_stone_goddess__50391.1520962288.jpg?c=2
"Coal, Glass Stone",H-20,"Home|Individual Items|Glass Stones, Shiny|Miscellaneous Stones|Coal, Glass Stone","COAL. 1.25"" glass stone, black only. For your favorite naughty person. There is a minimum order quantity of 6 stones.",,,,,,,6,3.99,10,2.99,,,6,Lifeforce400,Lifeforce160,https://cdn11.bigcommerce.com/s-l8fm6tm/images/stencil/800x800/products/532/5364/coal_800__08313.1537306386.jpg?c=2,coal_800__08313.1537306386.jpg?c=2,,,Lifeforce800,coal_800__08313.1537306386.jpg?c=2
"Merry Christmas (Snowy Tree), Wooden Postcard",PCMCST,"Home|Individual Items|Wooden Postcards|Holidays|Christmas|Merry Christmas (Snowy Tree), Wooden Postcard","Merry Christmas (Snowy Tree), Wooden Postcard
Embrace the serene beauty of the season with our ""Merry Christmas"" Wooden Postcard. This postcard features a minimalist yet enchanting design of a potted Christmas tree dusted with snowflakes, set against a soft, warm background. The simplicity and elegance of this design evoke the quiet magic of a snowy winter day. Measuring 4"" x 6"" and 1/10 of an inch thick, it's the perfect size for sending thoughtful holiday greetings or including with a special gift.
Each postcard is laser cut and printed in-house on sustainably sourced wood, making it an eco-friendly alternative to traditional paper cards. Its sturdy wooden construction not only ensures durability but also transforms it into a lasting keepsake that recipients can cherish year after year. Whether you're sending a postcard Christmas card to loved ones or looking to add eco-friendly Christmas postcards to your store’s collection, this design captures the essence of a cozy, festive season.
Ideal for those who appreciate the beauty of minimalist design and sustainable living, this postcard is also available for wholesale, making it a great choice for retailers seeking unique, eco-conscious holiday products.
Key Features:
Laser cut and printed in-house for a high-quality finish and delicate detail.
Crafted from sustainable wood, providing an eco-friendly alternative to traditional cards.
Size: 4"" x 6"" and 1/10 of an inch thick, perfect for mailing or gift inclusion.
Durable design that turns a simple card into a lasting holiday keepsake.
Available for wholesale, ideal for retailers looking for distinctive holiday cards.
Minimalist, elegant design that brings a touch of serene beauty to holiday greetings.
Why Choose Our ""Merry Christmas"" Wooden Postcard?
Eco-Friendly Elegance: Made from sustainably sourced wood, this postcard is perfect for those who want to send a heartfelt message while caring for the planet.
Serene and Minimalist Design: The tranquil scene of a snowy potted Christmas tree adds a touch of peaceful beauty to your holiday wishes.
Perfect for Every Occasion: Whether for personal use or to offer in your store, this postcard Christmas card is a simple yet sophisticated way to share holiday joy.
Celebrate the calm and beauty of the season with our ""Merry Christmas"" Wooden Postcard. It's a minimalist, eco-conscious way to send warm wishes that will be treasured long after the holiday season.
To reach our lowest wholesale price of $2.99 per postcard, simply mix and match a total of 16 postcards from our collection. Interested in custom designs? We offer low minimums—contact us for more information on creating your own unique postcards.
To avoid any potential disruption in delivery, we suggest using 2 First Class Stamps.",,,,,,,1,6,16,2.99,,,1,Lifeforce400,Lifeforce160,https://cdn11.bigcommerce.com/s-l8fm6tm/images/stencil/800x800/products/4537/13054/Merry_Christmas_Snowy_Tree_FULL-Camera__70568.1747057938.png?c=2,Merry_Christmas_Snowy_Tree_FULL-Camera__70568.1747057938.png?c=2,,,Lifeforce800,Merry_Christmas_Snowy_Tree_FULL-Camera__70568.1747057938.png?c=2
I said a prayer for you today.,L-107,"Home|Individual Items|Glass Stones, Shiny|Love Stones|I said a prayer for you today.","I said a prayer for you today glass stone. 1.25"" in various colors. Could be a great addition to your church bookstore inventory. There is a minimum order quantity of 6 stones.",,,,,,,6,3.99,10,2.99,,,6,Lifeforce400,Lifeforce160,https://cdn11.bigcommerce.com/s-l8fm6tm/images/stencil/800x800/products/592/5302/isaidaprayerforyoutoday_800__27613.1536768741.jpg?c=2,isaidaprayerforyoutoday_800__27613.1536768741.jpg?c=2,,,Lifeforce800,isaidaprayerforyoutoday_800__27613.1536768741.jpg?c=2
"Strength, Glass Stone",F-44,"Home|Individual Items|Glass Stones, Shiny|Focus Stones|Strength, Glass Stone","Strength from the Focus Stone collection. It is a great team building stone, or a reward for kids. Approximately 1.25"", available in assorted colors. There is a minimum order quantity of 6 stones.",,,,,,,6,3.99,10,2.99,,,6,Lifeforce400,Lifeforce160,https://cdn11.bigcommerce.com/s-l8fm6tm/images/stencil/800x800/products/461/5058/strength_800__51446.1535642763.jpg?c=2,strength_800__51446.1535642763.jpg?c=2,,,Lifeforce800,strength_800__51446.1535642763.jpg?c=2
"""For I know the plans I have for you,"" declares the LORD, ""plans to prosper you and not to harm you, plans to give you hope and a future."" Jeremiah 29:11, Glass Stone",S-69,"Home|Religious|""For I know the plans I have for you,"" declares the LORD, ""plans to prosper you and not to harm you, plans to give you hope and a future."" Jeremiah 29:11, Glass Stone","Introducing the ""For I Know the Plans"" glass stone from Lifeforce Glass. Featuring the comforting verse from Jeremiah 29:11, ""For I know the plans I have for you,"" declares the LORD, ""plans to prosper you and not to harm you, plans to give you hope and a future,"" this 1.25-inch glass stone is available in various colors. Ideal for personal encouragement or as a thoughtful gift, it serves as a daily reminder of hope and divine guidance. A minimum order of six stones is required, making it perfect for sharing this uplifting message with others.",,,,,,,6,3.99,10,2.99,,,6,Lifeforce400,Lifeforce160,https://cdn11.bigcommerce.com/s-l8fm6tm/images/stencil/800x800/products/946/9016/for_i_know_the_plans_red__87387.1656613504.jpg?c=2,for_i_know_the_plans_red__87387.1656613504.jpg?c=2,,,Lifeforce800,for_i_know_the_plans_red__87387.1656613504.jpg?c=2
"Destiny Stones in Deluxe Gift Box, Set I",BOX3,"Home|Inspirational|Destiny Stones in Deluxe Gift Box, Set I","First you dream, and then you do. These six glass stones are imprinted with messages to encourage, inspire and motivate you. Give this beautiful gift box of Destiny Stones to your favorite seeker.
Your set of Destiny I Stones includes:
A wonderful journey is ahead.
Your dreams are attainable.
Act as if you have already become the person you want to be.
If you believe in yourself, anything is possible.
You can if you think you can.
Dwell on good things, and all good things will come to you.
Each stone is approximately an inch and a quarter in diameter. The colors correspond to the pictures on the boxes to the best of our ability.",,,,,,,1,16.99,4,14.49,,,1,Lifeforce400,Lifeforce160,https://cdn11.bigcommerce.com/s-l8fm6tm/images/stencil/800x800/products/3033/5485/destiny_I_1000__46334.1537487779.jpg?c=2,destiny_I_1000__46334.1537487779.jpg?c=2,,,Lifeforce800,destiny_I_1000__46334.1537487779.jpg?c=2
"Mermaid Message Magnet, Serenity",MMG15,"Home|Inspirational|Mermaid Message Magnet, Serenity","Serenity is a very important aspect in the recovery process, and it's important for all of us. Letting go, relaxing, surrendering to the Divine, it's all part of serenity. Could you create a more serene household by putting a Serenity Mermaid's Message Magnet on the fridge? Maybe. Would that co-worker be easier to deal with if you had one at work? Maybe. Is this a beautiful piece of sea glass that you will feel peaceful while contemplating? Definitely. The stone itself is 1.25 inches in diameter. The magnet is about a half an inch. The colors are light and dark blue, teal and green. There is a minimum order quantity of 6 magnets.",,,,,,,6,4.49,10,3.99,,,6,Lifeforce400,Lifeforce160,https://cdn11.bigcommerce.com/s-l8fm6tm/images/stencil/800x800/products/2514/6328/serenity__20411.1552062090.jpg?c=2,serenity__20411.1552062090.jpg?c=2,,,Lifeforce800,serenity__20411.1552062090.jpg?c=2
"Focus Stones III, set of six stones",Set15,"Home|Inspirational|Focus Stones III, set of six stones","This is a truth: What you focus on is what you get. This is why we developed Focus Stones. Concentrate on the quality imprinted on your glass stone and you will acquire it. This set contains:
Balance
Focus
Miracles
Healing
Strength
Friendship
Health
If you know of someone facing a challenge, show your compassion by gifting them with one or more of these Focus Stones. The stones are 1.25"" in diameter, and will come in beautiful colors, not necessarily as pictured. This is the third in a series of three sets. Collect them all!",,,,,,,1,16.49,4,13.19,,,1,Lifeforce400,Lifeforce160,https://cdn11.bigcommerce.com/s-l8fm6tm/images/stencil/800x800/products/1256/5802/focus_iii_flower_800__87480.1538064121.jpg?c=2,focus_iii_flower_800__87480.1538064121.jpg?c=2,,,Lifeforce800,focus_iii_flower_800__87480.1538064121.jpg?c=2
"The Mermaid's Message, Ohana",MM85,"Home|Individual Items|Glass Stones, Frosted|The Mermaid's Message, Hawaiian Images|The Mermaid's Message, Ohana","Ohana means family in Hawaiian, but it's not just blood relatives, it includes your chosen family, too. You take care of people in your ohana, and they take care of you. 
These are frosted glass stones in  marine colors, about 1.25"" in diameter. There is a minimum order quantity of 6 stones.",,,,,,,6,3.99,10,2.99,,,6,Lifeforce400,Lifeforce160,https://cdn11.bigcommerce.com/s-l8fm6tm/images/stencil/800x800/products/4043/7982/ohana_teal__71709.1632848115.jpg?c=2,ohana_teal__71709.1632848115.jpg?c=2,,,Lifeforce800,ohana_teal__71709.1632848115.jpg?c=2
"Chakra Symbol - Crown, Glass Stone",CK-15,"Home|New Age|Chakra Symbol - Crown, Glass Stone","This stone has the Crown Chakra Symbol printed on an Opal White glass stone with Violet colored ink.
Each stone is approximately 1.25 inches in diameter. There is a minimum order quantity of 6 stones.",,,,,,,6,3.99,10,2.99,,,6,Lifeforce400,Lifeforce160,https://cdn11.bigcommerce.com/s-l8fm6tm/images/stencil/800x800/products/3450/9538/Symbol_Crown__58109.1686068841.png?c=2,Symbol_Crown__58109.1686068841.png?c=2,,,Lifeforce800,Symbol_Crown__58109.1686068841.png?c=2
"Imagination is more important than knowledge, Glass Stone",W-18,"Home|Individual Items|Glass Stones, Shiny|Wisdom Stones|Imagination is more important than knowledge, Glass Stone","Imagination is more important than knowledge. Albert Einstein. Glass stone, about 1.25"" in diameter. Various colors. There is a minimum order quantity of 6 stones.",,,,,,,6,3.99,10,2.99,,,6,Lifeforce400,Lifeforce160,https://cdn11.bigcommerce.com/s-l8fm6tm/images/stencil/800x800/products/1118/5153/imaginationismoreimportant_800__08796.1536348651.jpg?c=2,imaginationismoreimportant_800__08796.1536348651.jpg?c=2,,,Lifeforce800,imaginationismoreimportant_800__08796.1536348651.jpg?c=2
"Cast all your anxiety on God, because he cares for you...1 Peter 5:7, Glass Stone",S-24,"Home|Religious|Cast all your anxiety on God, because he cares for you...1 Peter 5:7, Glass Stone","Cast all your anxiety on God, because he cares for you. 1 Peter 5:7 glass stone. Various colors, 1.25"". There is a minimum order quantity of 6 stones.",,,,,,,6,3.99,10,2.99,,,6,Lifeforce400,Lifeforce160,https://cdn11.bigcommerce.com/s-l8fm6tm/images/stencil/800x800/products/897/5433/cast_all_your_anxiety_800__61778.1537467072.jpg?c=2,cast_all_your_anxiety_800__61778.1537467072.jpg?c=2,,,Lifeforce800,cast_all_your_anxiety_800__61778.1537467072.jpg?c=2
Love with Rose Flower - Language of Flowers Heart,FH12,Home|Individual Items|Hearts|The Language of Flowers Hearts|Love with Rose Flower - Language of Flowers Heart,"It will come as no surprise to anyone to learn that the symbol for Love in the language of flowers is the Rose. Here's a red one.
The Language of Flowers hearts are 1.75"" across and come in white, pink and lilac. They come with sheer, heart-shaped pouches, also in white, pink and lilac. There is a minimum order quantity of 6 hearts.",,,,,,,1,17.95,4,6.99,,,1,Lifeforce400,Lifeforce160,https://cdn11.bigcommerce.com/s-l8fm6tm/images/stencil/800x800/products/3704/8615/love_rose_pink__51033.1653571360.jpg?c=2,love_rose_pink__51033.1653571360.jpg?c=2,,,Lifeforce800,love_rose_pink__51033.1653571360.jpg?c=2
"This is the day that the Lord has made; let us rejoice and be glad in it...Psalm 118:24, Glass Stone",S-40,"Home|Religious|This is the day that the Lord has made; let us rejoice and be glad in it...Psalm 118:24, Glass Stone","This is the day that the Lord has made; let us rejoice and be glad in it. Psalm 118:24 glass stone. Various colors, 1.25"". There is a minimum order quantity of 6 stones.",,,,,,,6,3.99,10,2.99,,,6,Lifeforce400,Lifeforce160,https://cdn11.bigcommerce.com/s-l8fm6tm/images/stencil/800x800/products/915/5118/this_is_the_day_that_the_lord_has_made_800__90676.1536255676.jpg?c=2,this_is_the_day_that_the_lord_has_made_800__90676.1536255676.jpg?c=2,,,Lifeforce800,this_is_the_day_that_the_lord_has_made_800__90676.1536255676.jpg?c=2
"Ernest Holmes- I ask, certain that I shall receive, Glass Stone",E-4,"Home|Individual Items|Glass Stones, Shiny|New Thought|Ernest Holmes- I ask, certain that I shall receive, Glass Stone","Ernest Holmes quote- I ask, certain that I shall receive. 1.25"" glass stone, assorted colors. There is a minimum order quantity of 6 stones.",,,,,,,6,3.99,10,2.99,,,6,Lifeforce400,Lifeforce160,https://cdn11.bigcommerce.com/s-l8fm6tm/images/stencil/800x800/products/386/5343/iaskcertainthat_800__09008.1537305425.jpg?c=2,iaskcertainthat_800__09008.1537305425.jpg?c=2,,,Lifeforce800,iaskcertainthat_800__09008.1537305425.jpg?c=2
"Mermaid Message Magnet Assortment, 100 Frosted Sea Glass Magnets in Marine Colors",MMAG,"Home|Inspirational|Mermaid Message Magnet Assortment, 100 Frosted Sea Glass Magnets in Marine Colors","Gorgeous frosted glass stones, about 1.25 inches in diameter, are glued to strong magnets in order to decorate refrigerators and lockers in a serene nautical way. You can order our assortment or you can create your own by ordering by style. The assortment contains five or six of each of the following:
Believe
Breathe
Courage
Crab
Dolphin
Dream
Faith
Hope
Imagine
Love
Mermaid
Peace
Sea Turtle
Seahorse
Serenity
Starfish
Strength
Wisdom",,,,,,,1,165,,,,,1,Lifeforce400,Lifeforce160,https://cdn11.bigcommerce.com/s-l8fm6tm/images/stencil/800x800/products/2499/10972/Mermaid_Message_Magnet_Assortment_2__62599.1717060109.png?c=2,Mermaid_Message_Magnet_Assortment_2__62599.1717060109.png?c=2,,,Lifeforce800,Mermaid_Message_Magnet_Assortment_2__62599.1717060109.png?c=2
"You're an Angel, Glass Stone",L-68,"Home|Individual Items|Glass Stones, Shiny|Love Stones|You're an Angel, Glass Stone","You're an Angel glass stone. Available in the Angel Stone collection and also the Love Stone assortment. Makes a very sweet little gift. Approximately 1.25"" in diameter, available in multiple colors but if you have a preference please let us know. There is a minimum order quantity of 6 stones.",,,,,,,6,3.99,10,2.99,,,6,Lifeforce400,Lifeforce160,https://cdn11.bigcommerce.com/s-l8fm6tm/images/stencil/800x800/products/647/12677/Youre_An_Angel__41756.1743160415.png?c=2,Youre_An_Angel__41756.1743160415.png?c=2,,,Lifeforce800,Youre_An_Angel__41756.1743160415.png?c=2
"Ernest Holmes- Never limit your view of life by any past experience. Always expect the good, Glass Stone",E-7,"Home|Individual Items|Glass Stones, Shiny|New Thought|Ernest Holmes- Never limit your view of life by any past experience. Always expect the good, Glass Stone","Ernest Holmes quote- Never limit your view of life by any past experience. Always expect the good. 1.25"" glass stone, assorted colors. There is a minimum order quantity of 6 stones.",,,,,,,6,3.99,10,2.99,,,6,Lifeforce400,Lifeforce160,https://cdn11.bigcommerce.com/s-l8fm6tm/images/stencil/800x800/products/389/5346/neverlimityourview_800__88682.1537305548.jpg?c=2,neverlimityourview_800__88682.1537305548.jpg?c=2,,,Lifeforce800,neverlimityourview_800__88682.1537305548.jpg?c=2
"Chinese Peace, Glass Stone",KJ-14,"Home|Individual Items|Glass Stones, Shiny|Chinese Character Stones|Chinese Peace, Glass Stone","The Chinese character for Peace and its English translation are printed on a glass stone in various colors. 1.25"" in diameter. There is a minimum order quantity of 6 stones.",,,,,,,6,3.99,10,2.99,,,6,Lifeforce400,Lifeforce160,https://cdn11.bigcommerce.com/s-l8fm6tm/images/stencil/800x800/products/572/12705/Chinese_Peace_2__90212.1743173354.png?c=2,Chinese_Peace_2__90212.1743173354.png?c=2,,,Lifeforce800,Chinese_Peace_2__90212.1743173354.png?c=2
Mermaid Message Slate Coasters,,Home|Inspirational|Mermaid Message Slate Coasters,"Mermaid Message Slate Coasters
The law of attraction states that you get what you think about most. When you think positive thoughts, you can attract positive things into your life.
Inspired by one of our best-selling stone assortments, this Mermaid Message Slate Coaster set features 12 words to serve as a gentle reminder to focus on positive affirmations.
What sets our coasters apart from most others on the market is our ability to add colored print to the slate. Our specially developed printing techniques ensure the print will stand the test of time.
Coasters are sold in packs of four and retail for $39.95. They are not dishwasher friendly. The coasters have 4 non-slip feet to prevent scratches and ensure a secure grip on any surface. 
The coasters are tied together with twine so they can be easily displayed.
Our slate is locally sourced and printed in house at our MA facility.
Special Offer for Wholesale Buyers: Mix and match a variety of coaster sets to qualify for our lowest wholesale pricing ($20 per set). Contact us for custom orders.",,,,,,,1,39.95,5,20,,,1,Lifeforce400,Lifeforce160,https://cdn11.bigcommerce.com/s-l8fm6tm/images/stencil/800x800/products/4435/9453/IMG_4506_2__22110.1681378454.png?c=2,IMG_4506_2__22110.1681378454.png?c=2,,,Lifeforce800,IMG_4506_2__22110.1681378454.png?c=2
"Sea Stone, Replica Sea Glass Stone, Creativity",SEA5,"Home|Individual Items|Glass Stones, Frosted|Sea Stones|Sea Stone, Replica Sea Glass Stone, Creativity",Can a beautiful frosted sea glass stone that says Creativity make you more creative? Would it hurt to try? These are made in myriad colors and are 1.25 in diameter. There is a minimum order quantity of 6 stones.,,,,,,,6,3.99,10,2.99,,,6,Lifeforce400,Lifeforce160,https://cdn11.bigcommerce.com/s-l8fm6tm/images/stencil/800x800/products/2253/10999/Creativity_Sea_Stones__62684.1718378630.png?c=2,Creativity_Sea_Stones__62684.1718378630.png?c=2,,,Lifeforce800,Creativity_Sea_Stones__62684.1718378630.png?c=2
"Aquarius, Glass Stone",Z-11,"Home|New Age|Aquarius, Glass Stone","For the free spirited Aquarius we have a special glass stone for you, about 1.25"" in diameter. Available in many colors, if you have a preference please let us know. There is a minimum order quantity of 6 stones.",,,,,,,6,3.99,10,2.99,,,6,Lifeforce400,Lifeforce160,https://cdn11.bigcommerce.com/s-l8fm6tm/images/stencil/800x800/products/1194/4988/aquarius_800__44605.1534883517.jpg?c=2,aquarius_800__44605.1534883517.jpg?c=2,,,Lifeforce800,aquarius_800__44605.1534883517.jpg?c=2
"Destiny Stones, Set II",Set 49,"Home|Inspirational|Destiny Stones, Set II","This set of Destiny II Glass Stones is a perfect gift to encourage or inspire anyone. Each glass stone is 1.25 inches in diameter. This set includes:
Every problem contains the seeds of its own solution.
Love and joy are yours in abundance.
Whatever you're seeking, it's seeking you.
Our thoughts create our experiences.
You have unlimited potential.
You have the answers.",,,,,,,1,16.49,4,13.19,,,1,Lifeforce400,Lifeforce160,https://cdn11.bigcommerce.com/s-l8fm6tm/images/stencil/800x800/products/3276/5829/destiny_2_Flower_800__56613.1538167051.JPG?c=2,destiny_2_Flower_800__56613.1538167051.JPG?c=2,,,Lifeforce800,destiny_2_Flower_800__56613.1538167051.JPG?c=2
Always & Forever Heart,HT1,Home|Individual Items|Hearts|Classic Frosted Glass Hearts|Always & Forever Heart,"Show your undying love with a glass heart that says ""Always & Forever."" The hearts have a satiny finish.Available in pink, white and lilac. A sheer pouch is included. The size is about 1.75"". A gift box is included for easy wrapping. There is a minimum order quantity of 6 hearts.",,,,,,,1,17.95,4,6.99,,,1,Lifeforce400,Lifeforce160,https://cdn11.bigcommerce.com/s-l8fm6tm/images/stencil/800x800/products/2313/7671/always_and_forever_lilac_1__23315.1580418623.jpg?c=2,always_and_forever_lilac_1__23315.1580418623.jpg?c=2,,,Lifeforce800,always_and_forever_lilac_1__23315.1580418623.jpg?c=2
"Sea Stone, Replica Sea Glass Stone, Joy",SEA15,"Home|Individual Items|Glass Stones, Frosted|Sea Stones|Sea Stone, Replica Sea Glass Stone, Joy","Sometimes people buy Joy stones because it is the name of a loved one. And that brings them Joy. So it works both ways. One and a quarter inches in diameter. Many, many colors. Please trust us to choose. There is a minimum order quantity of 6 stones.",,,,,,,6,3.99,10,2.99,,,6,Lifeforce400,Lifeforce160,https://cdn11.bigcommerce.com/s-l8fm6tm/images/stencil/800x800/products/2263/4390/sea_stone_joy__72609.1519934245.jpg?c=2,sea_stone_joy__72609.1519934245.jpg?c=2,,,Lifeforce800,sea_stone_joy__72609.1519934245.jpg?c=2
Green Cross Pendant Necklace,CRNEG,Home|Religious|Green Cross Pendant Necklace,"Our beautiful copper cross and stone necklace is sure to be a special gift for those who hold their love of God close to their heart.
This beautiful necklace features a stainless-steel chain, copper cross mounted on a natural stone pendant. This is the perfect gift for anyone who wants to represent their love of God in a modern and stylish fashion.
Its appeal lies in its simplicity and the powerful message of connecting with God’s love and the natural elements of the earth.
Product Details:
● Made from Copper, Natural Stone & Stainless Steel
● Choose from Green, Pink Purple or Turquoise
● Allergy free, Nickel Free, Lead Free, Eco-Friendly
● Pendant Measures: 2x1 cm
● Chain measures 16” and extends to 18”
● Weighs 6 grams
● Packaged in a Clear Sleeve with a Backing Card",,,,,,,1,13.95,,,,,1,Lifeforce400,Lifeforce160,https://cdn11.bigcommerce.com/s-l8fm6tm/images/stencil/800x800/products/4476/10338/Green_Product_Image_2__88105.1710931452.png?c=2,Green_Product_Image_2__88105.1710931452.png?c=2,,,Lifeforce800,Green_Product_Image_2__88105.1710931452.png?c=2
"Geocache Swag III, Set of Six Glass Stones",Geo III,"Home|Small Sets|Set of Six Glass Stones or Magnets|Set of Six Glass Stones, Shiny|Geocache Swag III, Set of Six Glass Stones","You can use this collection for geocaching or buy them for no other reason than that they are pretty, with positive messages. That's a perfectly good reason! Your glass stones are 1.25"" in diameter. This is set III of our three sets of geocache swag. You get:
Be the change you want to see in the world.- Gandhi
4 leaf clover
Possibility
Joy
Laugh
A wonderful journey is ahead.
Care for your glass stones by ensuring no close encounters with change, keys or abrasives. As long as the ink isn't compromised, your stones will last forever.
 ",,,,,,,1,16.49,4,13.19,,,1,Lifeforce400,Lifeforce160,https://cdn11.bigcommerce.com/s-l8fm6tm/images/stencil/800x800/products/1261/5804/geocache_iii_flower_800__97061.1538064919.jpg?c=2,geocache_iii_flower_800__97061.1538064919.jpg?c=2,,,Lifeforce800,geocache_iii_flower_800__97061.1538064919.jpg?c=2
"The Mermaid's Message Assortment, Pictures Only, 100 Sea Glass Stones.",MMAP,"Home|Inspirational|The Mermaid's Message Assortment, Pictures Only, 100 Sea Glass Stones.","The Mermaid's Message comes in pictures, too! These frosted glass stones in marine colors are approximately 1.25"" in diameter. Your first assortment comes with a basket and header card. Here are the pictures you'll receive, and there may be more, as we add them:
Sea Turtle (Honu)
Starfish
Crab
Dragonfly
Hibiscus
Red Hibiscus
Plumeria
Pink Plumeria
Dolphin
Whale's Tail
Mermaid
Mermaid in Color
Shaka (hang loose)
Pineapple
Sea Horse
If any of these pictures aren't appropriate for your area or you would like them excluded for any reason, please leave a message in the comments. You can also make your own assortment by selecting your styles individually here. The price will decrease as you shop.",,,,,,,1,125,5,118.75,,,1,Lifeforce400,Lifeforce160,https://cdn11.bigcommerce.com/s-l8fm6tm/images/stencil/800x800/products/3430/13555/Mermaids_Message_Pictures_D2__58433.1752838068.png?c=2,Mermaids_Message_Pictures_D2__58433.1752838068.png?c=2,,,Lifeforce800,Mermaids_Message_Pictures_D2__58433.1752838068.png?c=2
"Te alabo, porque estoy maravillado, porque es maravilloso lo que has hecho. Salmos 139:14",S-125,"Home|Individual Items|Glass Stones, Shiny|Spanish Scripture Stones|Te alabo, porque estoy maravillado, porque es maravilloso lo que has hecho. Salmos 139:14","Te alabo, porque estoy maravillado, porque es maravilloso lo que has hecho. Salmos 139:14 (I praise you because I am fearfully and wonderfully made; your works are wonderful, I know that full well. Psalm 139:14) Praise the Creator in Spanish with these exquisite glass stones. They are 1.25"" in diameter and come in assorted colors. The glass is translucent and opaque. There is a minimum order quantity of 6 stones.",,,,,,,6,3.99,10,2.99,,,6,Lifeforce400,Lifeforce160,https://cdn11.bigcommerce.com/s-l8fm6tm/images/stencil/800x800/products/3964/7693/te_alabo_porque_estoy_maravillado__57844.1581535239.jpg?c=2,te_alabo_porque_estoy_maravillado__57844.1581535239.jpg?c=2,,,Lifeforce800,te_alabo_porque_estoy_maravillado__57844.1581535239.jpg?c=2
"12 Power Stones, Order",125,"Home|New Age|12 Power Stones, Order","12 Power Stones, Order, dark green glass stone, 1.25"" in diameter. There is a minimum order quantity of 6 stones.",,,,,,,6,3.99,10,2.99,,,6,Lifeforce400,Lifeforce160,https://cdn11.bigcommerce.com/s-l8fm6tm/images/stencil/800x800/products/1230/12769/Order__17908.1743499240.png?c=2,Order__17908.1743499240.png?c=2,,,Lifeforce800,Order__17908.1743499240.png?c=2
"Pray Without Ceasing- 1 Thessalonians 5:17, Glass Stone",S-73,"Home|Religious|Pray Without Ceasing- 1 Thessalonians 5:17, Glass Stone","Pray Without Ceasing- 1 Thessalonians 5:17. Glass stone, 1.25"", various colors. There is a minimum order quantity of 6 stones.",,,,,,,6,3.99,10,2.99,,,6,Lifeforce400,Lifeforce160,https://cdn11.bigcommerce.com/s-l8fm6tm/images/stencil/800x800/products/951/5109/praywithoutceasing_800__85956.1536255026.jpg?c=2,praywithoutceasing_800__85956.1536255026.jpg?c=2,,,Lifeforce800,praywithoutceasing_800__85956.1536255026.jpg?c=2
"Stars and Stripes, Glass Ornament",SSGO,"Home|Holidays|USA 250|Stars and Stripes, Glass Ornament","Stars and Stripes Glass Ornament – USA 250 Patriotic Decoration
Celebrate America’s 250th birthday with this bold Stars and Stripes glass ornament, featuring a star-shaped American flag above the words America 250 in red, white, and blue. This eye-catching design pays tribute to the enduring symbols of freedom and national pride.
Crafted from high-quality beveled glass and printed in-house, it makes a timeless commemorative gift or display piece for patriotic shops, historic venues, and special USA 250 events.
Key Features:
Premium clear glass 
3.25"" round ornament with a red ribbon for easy hanging
Ideal for gifting
Available for wholesale, mix and match 10+ ornaments for bulk pricing
Wholesale Information:
Perfect for gift shops, holiday markets, and retailers
Mix and match 10 or more ornaments for the best wholesale pricing
Ideal for USA 250 celebrations, historic sites, and patriotic décor",,,,,,,1,16.99,10,8.99,,,1,Lifeforce400,Lifeforce160,https://cdn11.bigcommerce.com/s-l8fm6tm/images/stencil/800x800/products/4686/13547/Stars_and_Stripes_Ornaments-Camera_2__56854.1752673163.png?c=2,Stars_and_Stripes_Ornaments-Camera_2__56854.1752673163.png?c=2,,,Lifeforce800,Stars_and_Stripes_Ornaments-Camera_2__56854.1752673163.png?c=2
"You've Always Been My Inspiration, Wooden Postcard",PCYABMI,"Home|Holidays|You've Always Been My Inspiration, Wooden Postcard","You've Always Been My Inspiration, Happy Mother's Day, Wooden Postcard
Express your heartfelt gratitude this Mother’s Day with our You've Always Been My Inspiration, Wooden Postcard. Adorned with a delicate watercolor bouquet and a touching message, this card is the perfect way to celebrate a mother’s unwavering support and love. Made from eco-friendly wood, it is a beautiful keepsake that outlasts traditional paper cards, offering a unique and charming memento of your appreciation.
Whether you’re a boutique retailer looking to add a special touch to your Mother's Day collection or an individual seeking a unique way to share your sentiments, this wooden postcard is a versatile and memorable choice. Add your own message on the back and make it a personal tribute to the motherly figure who has inspired you the most.
Key Features:
Eco-Friendly, Recycled Wood: Crafted from high-quality wood for a sustainable and long-lasting alternative to paper cards.
Elegant Watercolor Design: Features a beautiful floral illustration that brings a soft, artistic touch.
Timeless Keepsake: A durable memento that can be cherished for years, unlike traditional greeting cards.
Personalizable & Easy to Mail: Perfect for writing your heartfelt message and sending directly without the need for an envelope.
Great for Wholesale & Retail: Ideal for retailers looking to offer unique, heartfelt cards for Mother's Day shoppers.
Make this Mother's Day extra special with a gift that speaks from the heart and lasts a lifetime.
To reach our lowest wholesale price of $2.99 per postcard, simply mix and match a total of 16 postcards from our collection. Interested in custom designs? We offer low minimums—contact us for more information on creating your own unique postcards.
To avoid any potential disruption in delivery, we suggest using 2 First Class Stamps.",,,,,,,1,6,16,2.99,,,1,Lifeforce400,Lifeforce160,https://cdn11.bigcommerce.com/s-l8fm6tm/images/stencil/800x800/products/4607/13112/Youve_always_been_my_inspiration_FULL-Camera__44922.1747144204.png?c=2,Youve_always_been_my_inspiration_FULL-Camera__44922.1747144204.png?c=2,,,Lifeforce800,Youve_always_been_my_inspiration_FULL-Camera__44922.1747144204.png?c=2
"Scripture Magnet, As for me and my house, we will serve the Lord. Joshua 24:15",SMG1,"Home|Religious|Scripture Magnet, As for me and my house, we will serve the Lord. Joshua 24:15","A beautiful frosted glass sea stone is imprinted with the verse, ""As for me and my house, we shall serve the Lord. Joshua 24:15."" A magnet is attached. They come in a myriad of colors, and each is about 1.25"" in diameter. There is a minimum order quantity of 6 magnets.",,,,,,,6,4.49,10,3.99,,,6,Lifeforce400,Lifeforce160,https://cdn11.bigcommerce.com/s-l8fm6tm/images/stencil/800x800/products/2873/6271/smag_as_for_me_and_my_house__00376.1551905930.jpg?c=2,smag_as_for_me_and_my_house__00376.1551905930.jpg?c=2,,,Lifeforce800,smag_as_for_me_and_my_house__00376.1551905930.jpg?c=2
"Abundance with Pink Lily, Language of Flower Heart",FH1,"Home|Individual Items|Hearts|The Language of Flowers Hearts|Abundance with Pink Lily, Language of Flower Heart","Pink lilies symbolize abundance, wealth and prestige. What you give your attention to is what you get, so focusing on this beautiful heart could be a catalyst for increased abundance. Who knows? 
The Language of Flowers hearts are 1.75"" across and come in white, pink and lilac. They come with sheer, heart-shaped pouches, also in white, pink and lilac. There is a minimum order quantity of 6 hearts.",,,,,,,1,17.95,4,6.99,,,1,Lifeforce400,Lifeforce160,https://cdn11.bigcommerce.com/s-l8fm6tm/images/stencil/800x800/products/4303/8632/abundance_pink_lily_white__09300.1653578647.jpg?c=2,abundance_pink_lily_white__09300.1653578647.jpg?c=2,,,Lifeforce800,abundance_pink_lily_white__09300.1653578647.jpg?c=2
Fruit of the Spirit Glass Stone- Joy,FS-6,"Home|Individual Items|Glass Stones, Shiny|Fruits of the Spirit Stones|Fruit of the Spirit Glass Stone- Joy","Fruit of the Spirit, Joy. 1.25"" glass stone, assorted colors. There is a minimum order quantity of 6 stones.",,,,,,,6,3.99,10,2.99,,,6,Lifeforce400,Lifeforce160,https://cdn11.bigcommerce.com/s-l8fm6tm/images/stencil/800x800/products/518/5372/fruits_joy_800__54056.1537388114.jpg?c=2,fruits_joy_800__54056.1537388114.jpg?c=2,,,Lifeforce800,fruits_joy_800__54056.1537388114.jpg?c=2
Best Selling Bundle (Save $60),BSB,Home|Small Sets|Bundles|Best Selling Bundle (Save $60),"Introducing our Best Selling Bundle, a curated collection of our most sought-after products at unbeatable value. This bundle is designed especially for customers looking to explore our offerings and test their market potential. Packed with inspiration and meaning, the Best Selling Bundle includes a 100 stone assortment, 2 Inspirational Lucite Plaques, 2 Inspirational Glass Plaques, and 2 sets of 4 coasters.
With this bundle, you'll receive a diverse selection of 100 stones, each carrying a unique message of positivity, motivation, and faith. These keepsake stones are perfect for sharing uplifting vibes with customers, friends, and loved ones. The 2 Inspirational Lucite Plaques and 2 Inspirational Glass Plaques beautifully display scripture, affirmations, and powerful quotes, adding a touch of inspiration to any space. Lastly, the 2 sets of 4 coasters offer both functionality and charm, protecting surfaces while showcasing meaningful designs.
The Best Selling Bundle is available at the special reduced price of $219 (saving you $60). We understand the importance of flexibility, especially for those who are testing the market or prefer smaller quantities. Additionally, this bundle provides a unique opportunity to acquire our coasters, which are not available in such small quantities outside of this exclusive offer.
Don't miss out on this exceptional bundle that combines our top-selling products, allowing you to explore new selling opportunities and captivate customers with our inspiring creations.
The bundle includes :
1 x 100 Stone Assortment (Shiny Stones, Frosted Stones)
2 x Inspirational Lucite Plaques (Lucite Plaques)
2 x Inspirational Glass Plaques (Glass Plaques)
2 x Sets of 4 Coasters (Slate Coasters)
When placing your order, please use the comments section of the checkout process to specify which products you want. If you need any assistance you can contact us here.",,,,,,,1,219,,,,,1,Lifeforce400,Lifeforce160,https://cdn11.bigcommerce.com/s-l8fm6tm/images/stencil/800x800/products/4442/9704/Bundle__06665.1688725668.jpg?c=2,Bundle__06665.1688725668.jpg?c=2,,,Lifeforce800,Bundle__06665.1688725668.jpg?c=2
"Happiness with Tiger Lily, Language of Flower Heart",FH16,"Home|Individual Items|Hearts|The Language of Flowers Hearts|Happiness with Tiger Lily, Language of Flower Heart","Happiness – Tiger Lily Glass Heart | Language of Flowers Collection
The bright orange Tiger Lily, a symbol of happiness, is beautifully printed on this heart-shaped glass stone, making it a meaningful and cheerful gift.
Part of our Language of Flowers collection, these 1.75"" glass hearts are available in soft tones of white, pink, and lilac. Each heart comes with a matching sheer heart-shaped pouch in coordinating colors, adding a delicate and elegant touch. Perfect for spreading joy and positivity, these hearts are ideal for any special occasion or as a thoughtful gesture.
Minimum order quantity: 6 hearts.",,,,,,,1,17.95,4,6.99,,,1,Lifeforce400,Lifeforce160,https://cdn11.bigcommerce.com/s-l8fm6tm/images/stencil/800x800/products/4307/8676/happiness_tiger_lily_pink__19376.1653583394.jpg?c=2,happiness_tiger_lily_pink__19376.1653583394.jpg?c=2,,,Lifeforce800,happiness_tiger_lily_pink__19376.1653583394.jpg?c=2
"Bless You, Glass Stone",L-98,"Home|Individual Items|Glass Stones, Shiny|Love Stones|Bless You, Glass Stone","Bless You glass stone. Great gift for many occasions. Approximately 1.25"". Available in many different colors, if you have a preference please let us know. There is a minimum order quantity of 6 stones.",,,,,,,6,3.99,10,2.99,,,6,Lifeforce400,Lifeforce160,https://cdn11.bigcommerce.com/s-l8fm6tm/images/stencil/800x800/products/669/5708/bless_you_800__68135.1537810058.jpg?c=2,bless_you_800__68135.1537810058.jpg?c=2,,,Lifeforce800,bless_you_800__68135.1537810058.jpg?c=2
"Spirit, Glass Stone",F-60,"Home|Individual Items|Glass Stones, Shiny|Focus Stones|Spirit, Glass Stone","Spirit. Approximately 1.25"" in diameter. glass stone, assorted colors. There is a minimum order quantity of 6 stones.",,,,,,,6,3.99,10,2.99,,,6,Lifeforce400,Lifeforce160,https://cdn11.bigcommerce.com/s-l8fm6tm/images/stencil/800x800/products/476/5279/spirit_800__28254.1536698088.jpg?c=2,spirit_800__28254.1536698088.jpg?c=2,,,Lifeforce800,spirit_800__28254.1536698088.jpg?c=2
"There are the Irish and those who want to be, Glass Stone",H-34,"Home|Irish|There are the Irish and those who want to be, Glass Stone","There are the Irish, and those who want to be glass stone, 1.25"" printed on various shades of green. There is a minimum order quantity of 6 stones.",,,,,,,6,3.99,10,2.99,,,6,Lifeforce400,Lifeforce160,https://cdn11.bigcommerce.com/s-l8fm6tm/images/stencil/800x800/products/542/12647/There_are_the_Irish_and_those_who_want_to_be__34781.1743093153.png?c=2,There_are_the_Irish_and_those_who_want_to_be__34781.1743093153.png?c=2,,,Lifeforce800,There_are_the_Irish_and_those_who_want_to_be__34781.1743093153.png?c=2
"The Mermaid's Message, Pink Plumeria, Sea Glass Stone",MM65,"Home|Individual Items|Glass Stones, Frosted|The Mermaid's Message, Hawaiian Images|The Mermaid's Message, Pink Plumeria, Sea Glass Stone","Pink plumeria flowers are printed on our Mermaid Message stones. Sweet and delicate. The stones are 1.25"" in diameter and are in marine colors: blues, green, teal and frosted clear. There is a minimum order quantity of 6 stones.",,,,,,,6,3.99,10,2.99,,,6,Lifeforce400,Lifeforce160,https://cdn11.bigcommerce.com/s-l8fm6tm/images/stencil/800x800/products/3432/6105/Color_Plumeria_on_azure__04780.1547061828.jpg?c=2,Color_Plumeria_on_azure__04780.1547061828.jpg?c=2,,,Lifeforce800,Color_Plumeria_on_azure__04780.1547061828.jpg?c=2
"Blessed is the man who trusts in the Lord. Jeremiah 17:7, Glass Stone",S-49,"Home|Religious|Blessed is the man who trusts in the Lord. Jeremiah 17:7, Glass Stone","Blessed is the man who trusts in the Lord, and whose hope is in the Lord. Jeremiah 17:7. Glass stone, 1.25"", various colors. There is a minimum order quantity of 6 stones.",,,,,,,6,3.99,10,2.99,,,6,Lifeforce400,Lifeforce160,https://cdn11.bigcommerce.com/s-l8fm6tm/images/stencil/800x800/products/924/5094/blessedisthemanwhotrusts_800__45993.1536253935.JPG?c=2,blessedisthemanwhotrusts_800__45993.1536253935.JPG?c=2,,,Lifeforce800,blessedisthemanwhotrusts_800__45993.1536253935.JPG?c=2
"Glass Stones For Mom, set of six",Set16,"Home|Small Sets|Set of Six Glass Stones or Magnets|Set of Six Glass Stones, Shiny|Glass Stones For Mom, set of six","Tell Mom how much you love and appreciate her with these six glass stones in feminine colors. Each stone is 1.25"" in diameter. You get:
#1 Mom
Thanks, Mom.
I am so happy that you are my mother.
You are my inspiration.
I Love You.
Here's a Hug.
If you like, we can ship these to your Mom at no extra charge. Your Glass Stones will probably not be the same colors as pictured, but they will be different from each other, and they will always be pretty and printed on stones of feminine colors.",,,,,,,1,16.49,4,13.19,,,1,Lifeforce400,Lifeforce160,https://cdn11.bigcommerce.com/s-l8fm6tm/images/stencil/800x800/products/1266/5775/mom_800__46845.1538056958.jpg?c=2,mom_800__46845.1538056958.jpg?c=2,,,Lifeforce800,mom_800__46845.1538056958.jpg?c=2
"Our thoughts create our experience, Glass Stone",D-22,"Home|Inspirational|Our thoughts create our experience, Glass Stone","  Our thoughts create our experience, Glass Stone
Empower yourself with the ""Our Thoughts Create Our Experience"" glass stone from Lifeforce Glass. This 1.25"" stone serves as a constant reminder that we are the authors of our own stories. Perfect for personal inspiration, meditation, or as a thoughtful gift, this stone encourages positive thinking and personal growth. Ideal for gifts or resale in your store, each stone embodies the philosophy that our thoughts shape our reality, making it a meaningful addition to any collection. There is a minimum order quantity of 6 stones.",,,,,,,6,3.99,10,2.99,,,6,Lifeforce400,Lifeforce160,https://cdn11.bigcommerce.com/s-l8fm6tm/images/stencil/800x800/products/3975/7785/our_thoughts_create_our_experiences_opal_lilac__21586.1605031120.jpg?c=2,our_thoughts_create_our_experiences_opal_lilac__21586.1605031120.jpg?c=2,,,Lifeforce800,our_thoughts_create_our_experiences_opal_lilac__21586.1605031120.jpg?c=2
"Mermaid Message Magnet, Faith",MMG7,"Home|Inspirational|Mermaid Message Magnet, Faith","Faith is feeling surety about something even when you have no physical evidence that it's true. Faith is feeling confidence in your heart. Faith looks beautiful on a Mermaid Message Magnet. Looking at this translucent stone helps you to remember your core beliefs.  The stone itself is 1.25"" in diameter and a half inch magnet is attached. The colors are light and dark blue, teal and green. There is a minimum order quantity of 6 magnets.",,,,,,,6,4.49,10,3.99,,,6,Lifeforce400,Lifeforce160,https://cdn11.bigcommerce.com/s-l8fm6tm/images/stencil/800x800/products/2506/6334/faith__72881.1552062245.jpg?c=2,faith__72881.1552062245.jpg?c=2,,,Lifeforce800,faith__72881.1552062245.jpg?c=2
"Renunciation, Glass Stone",F-66,"Home|Individual Items|Glass Stones, Shiny|Focus Stones|Renunciation, Glass Stone","Renunciation meaning letting go of old thoughts, this title is also sold in the Unity 12 Powers Collection. 1.25"" glass stone, available in Amber or multiple colors if requested. There is a minimum order quantity of 6 stones.",,,,,,,6,3.99,10,2.99,,,6,Lifeforce400,Lifeforce160,https://cdn11.bigcommerce.com/s-l8fm6tm/images/stencil/800x800/products/482/5057/renunciation_800__05846.1535642713.jpg?c=2,renunciation_800__05846.1535642713.jpg?c=2,,,Lifeforce800,renunciation_800__05846.1535642713.jpg?c=2
Destiny Stone Assortment - 100 pieces,DSA,Home|Inspirational|Destiny Stone Assortment - 100 pieces,"The Destiny Assortment of Glass Stones contain the phrases everyone wants to hear, like the fortunes in fortune cookies! Your assortment of 100 stones contains a few of each of the following:
A wonderful journey is ahead.
Act as if you have already become the person you want to be.
Be true to yourself, do what you love.
Every problem has the seeds of its own solution.
Everything you need is available to you.
Follow your dreams.
Only you can give your special gift to the world.
The life you live is the lesson you teach.
Whatever you are seeking, it is seeking you.
When you are grateful for what you have, more will come into your life.
You are a very important person.
You are destined for great things.
You can if you think you can.
You cannot change anyone else; you can only change yourself.
You have all the tools you need to do the things that must be done.
You have unlimited potential.
You matter very much to the world.
Your dreams are attainable.
Build on what you have.
The assortment includes a basket and header card.",,,,,,,1,125,5,118.75,,,1,Lifeforce400,Lifeforce160,https://cdn11.bigcommerce.com/s-l8fm6tm/images/stencil/800x800/products/377/12204/Destiny_Group_Shot_1__56951.1732295529.png?c=2,Destiny_Group_Shot_1__56951.1732295529.png?c=2,,,Lifeforce800,Destiny_Group_Shot_1__56951.1732295529.png?c=2
"Feeling Lucky, Wooden Postcard",PCFL,"Home|Irish|Feeling Lucky, Wooden Postcard","Feeling Lucky Wooden Postcard – Spread St. Patrick’s Day Cheer
Celebrate the festive spirit of St. Patrick’s Day with our ""Feeling Lucky"" Wooden Postcard. Featuring a vibrant design of shamrocks, a golden coin, and bold, cheerful typography, this eco-friendly postcard is a fun way to share good fortune and Irish cheer. Perfect for mailing, gifting, or displaying, it’s an ideal keepsake for St. Patrick’s Day or any occasion celebrating Irish heritage.
Why Choose Our ""Feeling Lucky"" Wooden Postcard?
Sustainable Basswood Material: Made from high-quality basswood, this postcard is both durable and environmentally conscious.
Festive Design: A playful combination of shamrocks, a golden coin, and the phrase ""Feeling Lucky"" makes it a joyful celebration of Irish culture.
Versatile Use: Great for sending St. Patrick’s Day greetings, as a thoughtful gift, or as a decorative piece to display year-round.
Perfect for Irish Gift Shops: A popular item for Irish-themed stores and celebrations across the USA.
Share the Luck of the Irish
Measuring approximately 4 x 6 inches, this lightweight wooden postcard is easy to mail or display. Its charming design and premium craftsmanship make it a delightful keepsake for spreading luck and positivity.
A Fun Gift for St. Patrick’s Day and Beyond
The ""Feeling Lucky"" Wooden Postcard is a thoughtful gift for friends, family, or anyone who loves celebrating Irish traditions. Pair it with other Irish-themed items for a memorable St. Patrick’s Day gift or a cheerful token of good fortune.
To reach our lowest wholesale price of $2.99 per postcard, simply mix and match a total of 16 postcards from our collection. Interested in custom designs? We offer low minimums—contact us for more information on creating your own unique postcards.
To avoid any potential disruption in delivery, we suggest using 2 First Class Stamps.",,,,,,,1,6,16,2.99,,,1,Lifeforce400,Lifeforce160,https://cdn11.bigcommerce.com/s-l8fm6tm/images/stencil/800x800/products/4626/13088/Feeling_Lucky_FULL-Camera__49710.1747059805.png?c=2,Feeling_Lucky_FULL-Camera__49710.1747059805.png?c=2,,,Lifeforce800,Feeling_Lucky_FULL-Camera__49710.1747059805.png?c=2
"Miracles Happen, Glass Stone",W-125,"Home|Inspirational|Miracles Happen, Glass Stone","Miracles Happen Glass stone, about 1.25"" in diameter. Various colors. There is a minimum order quantity of 6 stones.",,,,,,,6,3.99,10,2.99,,,6,Lifeforce400,Lifeforce160,https://cdn11.bigcommerce.com/s-l8fm6tm/images/stencil/800x800/products/1102/5183/miracleshappen_800__44092.1536608361.jpg?c=2,miracleshappen_800__44092.1536608361.jpg?c=2,,,Lifeforce800,miracleshappen_800__44092.1536608361.jpg?c=2
"Wisdom, Glass Stone",F-51,"Home|Individual Items|Glass Stones, Shiny|Focus Stones|Wisdom, Glass Stone","Wisdom for your next meeting or a gift to students. 1.25"" glass stone, assorted colors. There is a minimum order quantity of 6 stones.",,,,,,,6,3.99,10,2.99,,,6,Lifeforce400,Lifeforce160,https://cdn11.bigcommerce.com/s-l8fm6tm/images/stencil/800x800/products/468/5288/wisdom_800__32230.1536698424.jpg?c=2,wisdom_800__32230.1536698424.jpg?c=2,,,Lifeforce800,wisdom_800__32230.1536698424.jpg?c=2
"Sea Stone, Replica Sea Glass Stone, Just Breathe",SEA52,"Home|Individual Items|Glass Stones, Frosted|Sea Stones|Sea Stone, Replica Sea Glass Stone, Just Breathe","Beautiful frosted glass stone that says Just Breathe. It comes in a myriad of colors. 1.25"" in diameter. There is a minimum order quantity of 6 stones.",,,,,,,6,3.99,10,2.99,,,6,Lifeforce400,Lifeforce160,https://cdn11.bigcommerce.com/s-l8fm6tm/images/stencil/800x800/products/3000/4814/sea_stone_just_breathe_800__36258.1533663383.jpg?c=2,sea_stone_just_breathe_800__36258.1533663383.jpg?c=2,,,Lifeforce800,sea_stone_just_breathe_800__36258.1533663383.jpg?c=2
"Happy Face, Glass Stone",M-4,"Home|Individual Items|Glass Stones, Shiny|Miscellaneous Stones|Happy Face, Glass Stone","Happy Face glass stone. 1.25"" in diameter. Usually printed on yellow stones. There is a minimum order quantity of 6 stones.",,,,,,,6,3.99,10,2.99,,,6,Lifeforce400,Lifeforce160,https://cdn11.bigcommerce.com/s-l8fm6tm/images/stencil/800x800/products/684/5401/happyface_800__51240.1537453263.jpg?c=2,happyface_800__51240.1537453263.jpg?c=2,,,Lifeforce800,happyface_800__51240.1537453263.jpg?c=2
"Mermaid Message Magnet, Believe",MMG1,"Home|Inspirational|Mermaid Message Magnet, Believe","Sometimes all you have to do to manifest something is just to believe that it can actually happen. If you have something you really want to believe, keep this gorgeous Mermaid Message magnet on your fridge or locker. It is 1.25 inches in diameter and has a half inch magnet glued to it. The colors are light blue, dark blue, teal and green. There is a minimum order quantity of 6 magnets.",,,,,,,6,4.49,10,3.99,,,6,Lifeforce400,Lifeforce160,https://cdn11.bigcommerce.com/s-l8fm6tm/images/stencil/800x800/products/2500/6339/believe__57760.1552062458.jpg?c=2,believe__57760.1552062458.jpg?c=2,,,Lifeforce800,believe__57760.1552062458.jpg?c=2
Halloween Stone Assortment,HALA,Home|Holidays|Halloween Stone Assortment,"Introducing our spooktacular assortment of 100 Halloween-themed glass stones – the perfect addition to your store's Halloween display!
This set offers something a bit different from our usual selection, bringing a playful and unique twist to Halloween décor.
Whether you're decking out your store for a haunted house-theme or just want to add a touch of Halloween spirit to your shelves, these glass stones are the ideal choice.
Designs include:
- Lazy Bones
- I Put a Spell on You
- Happy Halloween
- Trick or Treat
- You're Just my Blood Type
- You Go Ghoul
- Fa Boo Lous
and more....
Everything is printed and packed in house at our MA facility. A basket and header card display is also included with your first order. Each stone is approximately 1.25"" in diameter, and your cost is $1.25 per stone.",,,,,,,1,125,5,118.75,,,1,Lifeforce400,Lifeforce160,https://cdn11.bigcommerce.com/s-l8fm6tm/images/stencil/800x800/products/4443/9727/IMG_7597__93136.1692718718.jpg?c=2,IMG_7597__93136.1692718718.jpg?c=2,,,Lifeforce800,IMG_7597__93136.1692718718.jpg?c=2
"Sea Stone, Replica Sea Glass Stone, Believe",SEA2,"Home|Individual Items|Glass Stones, Frosted|Sea Stones|Sea Stone, Replica Sea Glass Stone, Believe","Believe is one of our most popular words. It appeals to those who are deeply religious and those who are trusting in a good outcome. One and a quarter inches in diameter. Many, many colors. Please trust us to choose. There is a minimum order quantity of 6 stones.",,,,,,,6,3.99,10,2.99,,,6,Lifeforce400,Lifeforce160,https://cdn11.bigcommerce.com/s-l8fm6tm/images/stencil/800x800/products/2250/7782/sea_stone_believe_opal_blue_2__69203.1585680664.jpg?c=2,sea_stone_believe_opal_blue_2__69203.1585680664.jpg?c=2,,,Lifeforce800,sea_stone_believe_opal_blue_2__69203.1585680664.jpg?c=2
"12 Power Stones, Spanish, Poder (Power)",12PS5,"Home|Individual Items|Glass Stones, Shiny|New Thought|12 Power Stones, Spanish, Poder (Power)","12 Power Stones, Spanish, Poder (Power). The color for Power is purple. There is a minimum order quantity of 6 stones.",,,,,,,6,3.99,10,2.99,,,6,Lifeforce400,Lifeforce160,https://cdn11.bigcommerce.com/s-l8fm6tm/images/stencil/800x800/products/92/5536/poder_800__31010.1686146541.jpg?c=2,poder_800__31010.1686146541.jpg?c=2,,,Lifeforce800,poder_800__31010.1686146541.jpg?c=2
Lucky Baseball Glass Stone,U-19,"Home|Individual Items|Glass Stones, Shiny|Lucky Stones|Lucky Baseball Glass Stone","Lucky Baseball Stone, this stone is a home run gift for your child's baseball team, or your high school teammates. 1.25"" in diameter, various colors. There is a minimum order quantity of 6 stones.",,,,,,,6,3.99,10,2.99,,,6,Lifeforce400,Lifeforce160,https://cdn11.bigcommerce.com/s-l8fm6tm/images/stencil/800x800/products/1018/6582/luckybaseball__24659.1553102332.jpg?c=2,luckybaseball__24659.1553102332.jpg?c=2,,,Lifeforce800,luckybaseball__24659.1553102332.jpg?c=2
"Bald Eagle, Acrylic Magnet",AMAG32,"Home|Holidays|USA 250|Bald Eagle, Acrylic Magnet","Bald Eagle, Acrylic Magnet
Celebrate the enduring strength and spirit of the United States with the Bald Eagle, Acrylic Magnet.
Featuring a striking image of a bald eagle set against the American flag, this magnet is a timeless tribute to patriotism.
Digitally printed on durable, high-quality acrylic and crafted in Massachusetts, each magnet measures approximately 3.75” x 2.75” x ⅛”.
Ideal for display on fridges, lockers, or filing cabinets, it’s a bold and meaningful way to honor America’s legacy, especially during the USA 250 celebration.
Each magnet measures approximately 3.75” x 2.75” x ⅛”
Made from high quality acrylic
Digitally printed
Made in the USA/Massachusetts",,,,,,,1,9,32,4.5,,,1,Lifeforce400,Lifeforce160,https://cdn11.bigcommerce.com/s-l8fm6tm/images/stencil/800x800/products/4673/12951/Eagle_and_Flag-Camera_2__55147.1745408151.png?c=2,Eagle_and_Flag-Camera_2__55147.1745408151.png?c=2,,,Lifeforce800,Eagle_and_Flag-Camera_2__55147.1745408151.png?c=2
"Be Joyful In Hope, Wooden Postcard",PCBJIH,"Home|Hospital|Be Joyful In Hope, Wooden Postcard","Be Joyful In Hope, Wooden Postcard
Send an uplifting message of hope with our Be Joyful In Hope Wooden Postcard, featuring the inspirational verse from Romans 12:12: ""Be joyful in hope, patient in affliction, faithful in prayer."" This beautiful wooden postcard is a thoughtful way to encourage a loved one, reminding them to stay hopeful and strong through life's challenges.
Crafted from eco-friendly, sustainably sourced wood, this 4"" x 6"" postcard is both durable and eye-catching, with its natural wood texture adding to its charm. At 1/8 inch thick, it is sturdy enough to be displayed as wall decor or sent as a meaningful keepsake. Perfect for both individual purchases and wholesale buyers looking to add an inspirational touch to their stores.
Key Features:
Inspirational Scripture: Features Romans 12:12 to inspire hope, patience, and faith.
High-Quality Material: Made from sustainably sourced wood, offering durability and an eco-friendly alternative to paper cards.
Perfect for Gifting: Ideal for sending encouragement to friends, family, or loved ones.
Wholesale Available: A must-have for retailers looking to stock faith-based, inspirational gifts for their customers.
Why Choose Our ""Be Joyful In Hope"" Wooden Postcard?
Heartfelt Gift: Share a message of hope and encouragement that can be cherished and displayed.
Lasting Keepsake: This sturdy wooden postcard can be displayed in homes or offices as a constant reminder of faith and perseverance.
Wholesale Pricing: Available in bulk for gift shops, religious stores, or specialty boutiques that focus on inspirational and spiritual products.
To reach our lowest wholesale price of $2.99 per postcard, simply mix and match a total of 16 postcards from our collection. Interested in custom designs? We offer low minimums—contact us for more information on creating your own unique postcards.
To avoid any potential disruption in delivery, we suggest using 2 First Class Stamps.",,,,,,,1,6,16,2.99,,,1,Lifeforce400,Lifeforce160,https://cdn11.bigcommerce.com/s-l8fm6tm/images/stencil/800x800/products/4583/13315/Romans_12_12_FULL-Camera__65677.1748532499.png?c=2,Romans_12_12_FULL-Camera__65677.1748532499.png?c=2,,,Lifeforce800,Romans_12_12_FULL-Camera__65677.1748532499.png?c=2
"Here's My Heart, Glass Stone",L-84,"Home|Individual Items|Glass Stones, Shiny|Love Stones|Here's My Heart, Glass Stone","Here's My Heart glass stone. Part of the Love stone assortment and the Valentines Day assortment. This stone is available Singly or by the hundreds, depending on how many people have your heart! 1.25"" in various colors. There is a minimum order quantity of 6 stones.",,,,,,,6,3.99,10,2.99,,,6,Lifeforce400,Lifeforce160,https://cdn11.bigcommerce.com/s-l8fm6tm/images/stencil/800x800/products/660/6225/heres_my_heart_800__49286.1569975963.jpg?c=2,heres_my_heart_800__49286.1569975963.jpg?c=2,,,Lifeforce800,heres_my_heart_800__49286.1569975963.jpg?c=2
"Sea Stone, Replica Sea Glass Stone, Grateful",SEA43,"Home|Individual Items|Glass Stones, Frosted|Sea Stones|Sea Stone, Replica Sea Glass Stone, Grateful","Beautiful frosted glass stone that says Grateful. It comes in a myriad of colors. 1.25"" in diameter. There is a minimum order quantity of 6 stones.",,,,,,,6,3.99,10,2.99,,,6,Lifeforce400,Lifeforce160,https://cdn11.bigcommerce.com/s-l8fm6tm/images/stencil/800x800/products/2992/7722/sea_stone_grateful_pink__84611.1582751660.jpg?c=2,sea_stone_grateful_pink__84611.1582751660.jpg?c=2,,,Lifeforce800,sea_stone_grateful_pink__84611.1582751660.jpg?c=2
Inspirational Glass Plaque- He will give his angels charge of you to guard you in all your ways. Psalm 91:11,IP17,Home|Religious|Inspirational Glass Plaque- He will give his angels charge of you to guard you in all your ways. Psalm 91:11,"He will give his angles charge of you to guard you in all your ways. Psalm 91:11
There are many references to angels in the Bible and even more legends of angels in almost all cultures. It's a very comforting thought that we are looked after and cared for.
This verse could give comfort to someone you know. Here it is presented on a beautiful glass plaque.
The glass plaque is three inches wide and six inches tall. It comes with a black, folding metal easel. It will make a beautiful addition to anyone's décor. ",,,,,,,1,23.99,3,18.99,,,1,Lifeforce400,Lifeforce160,https://cdn11.bigcommerce.com/s-l8fm6tm/images/stencil/800x800/products/3123/4683/he_will_give_his_angels_seafoam_1000x1000__75511.1552662855.jpg?c=2,he_will_give_his_angels_seafoam_1000x1000__75511.1552662855.jpg?c=2,,,Lifeforce800,he_will_give_his_angels_seafoam_1000x1000__75511.1552662855.jpg?c=2
"Shamrock, Glass Stone",H-27,"Home|Individual Items|Glass Stones, Shiny|Lucky Stones|Shamrock, Glass Stone","Shamrock stone, carry with you as a lucky charm. 1.25"" printed on various shades of green. There is a minimum order quantity of 6 stones.",,,,,,,6,3.99,10,2.99,,,6,Lifeforce400,Lifeforce160,https://cdn11.bigcommerce.com/s-l8fm6tm/images/stencil/800x800/products/536/12651/Shamrock__92858.1743093363.png?c=2,Shamrock__92858.1743093363.png?c=2,,,Lifeforce800,Shamrock__92858.1743093363.png?c=2
"Sea Stone, Replica Sea Glass Stone, Strength",SEA19,"Home|Individual Items|Glass Stones, Frosted|Sea Stones|Sea Stone, Replica Sea Glass Stone, Strength","The whole concept behind our single-word stones is that what you give your attention to is what you get. If you need Strength you need to be giving your attention to that. This will help, beautifully. One and a quarter inches in diameter. There is a minimum order quantity of 6 stones.",,,,,,,6,3.99,10,2.99,,,6,Lifeforce400,Lifeforce160,https://cdn11.bigcommerce.com/s-l8fm6tm/images/stencil/800x800/products/2267/4816/sea_stone_strength_800__83074.1533663810.jpg?c=2,sea_stone_strength_800__83074.1533663810.jpg?c=2,,,Lifeforce800,sea_stone_strength_800__83074.1533663810.jpg?c=2
"Combination Pack, Birthstone & Zodiac Stones",Combo 2,"Home|New Age|Combination Pack, Birthstone & Zodiac Stones","People love finding their sign or their birthstone in our baskets of stones. Now you can get 50 Zodiac stones and 50 Birthstones in one assortment! You'll get either a Birthstone or a Zodiac header card with your basket display. If you have a preference, please let us know.
For more information about Zodiac stones: Zodiac Stone Assortment, 100 pieces
For more information about Birthstones: Birthstone Assortment - 100 pieces",,,,,,,1,125,5,118.75,,,1,Lifeforce400,Lifeforce160,https://cdn11.bigcommerce.com/s-l8fm6tm/images/stencil/800x800/products/3800/7007/birthstone_zodiac__50379.1563371154.jpg?c=2,birthstone_zodiac__50379.1563371154.jpg?c=2,,,Lifeforce800,birthstone_zodiac__50379.1563371154.jpg?c=2
"Stand firm in your faith, be courageous, be strong...1 Corinthians 16:13, Glass Stone",S-7,"Home|Religious|Stand firm in your faith, be courageous, be strong...1 Corinthians 16:13, Glass Stone","Stand firm in your faith, be courageous, be strong. 1 Corinthians 16:13. Glass stone, 1.25"", various colors. There is a minimum order quantity of 6 stones.",,,,,,,6,3.99,10,2.99,,,6,Lifeforce400,Lifeforce160,https://cdn11.bigcommerce.com/s-l8fm6tm/images/stencil/800x800/products/947/7735/stand_firm_in_your_faith_lilac__01324.1583523710.jpg?c=2,stand_firm_in_your_faith_lilac__01324.1583523710.jpg?c=2,,,Lifeforce800,stand_firm_in_your_faith_lilac__01324.1583523710.jpg?c=2
"Ernest Holmes- I surrender all fear, doubt, or uncertainty and accept the gift of Life today, Glass Stone",E-6,"Home|Individual Items|Glass Stones, Shiny|New Thought|Ernest Holmes- I surrender all fear, doubt, or uncertainty and accept the gift of Life today, Glass Stone","Ernest Holmes quote- I surrender all fear, doubt, or uncertainty and accept the gift of Life today. 1.25"" glass stone, assorted colors. There is a minimum order quantity of 6 stones.",,,,,,,6,3.99,10,2.99,,,6,Lifeforce400,Lifeforce160,https://cdn11.bigcommerce.com/s-l8fm6tm/images/stencil/800x800/products/388/12716/I_surrender_all_fear__73540.1743174889.png?c=2,I_surrender_all_fear__73540.1743174889.png?c=2,,,Lifeforce800,I_surrender_all_fear__73540.1743174889.png?c=2
"Scripture Stones IV, set of six",Set27,"Home|Religious|Scripture Stones IV, set of six","Scripture Stones are great for Sunday School rewards, table decorations, gifts or just a pretty reminder. We offer four sets of six scripture stones. Collect them all! Set IV contains one of each glass stone:
Let all that you do be in love. 1 Corinthians 16:14
Trust in the Lord with all your heart and lean not unto your own understanding. Proverbs 3:5
I sought the Lord and he heard me, and he delivered me from all my fears. Psalm 34:4
Now these three remain: Faith, Hope and Love. But the greatest of these is Love. 1 Cor. 13:13
Love is patient, love is kind. It does not envy, it does not boast, it is not proud. 1 Corinthians 13:4
I am the Way, and the Truth and the Light. John 14:6
Each glass stone is 1.25"" in diameter, give or take a millimeter or two. Please take a little care with your Scripture stones; the ink will last for years if it doesn't encounter abrasives such as change, keys or rub against paper.
   ",,,,,,,1,16.49,4,13.19,,,1,Lifeforce400,Lifeforce160,https://cdn11.bigcommerce.com/s-l8fm6tm/images/stencil/800x800/products/1278/3918/scripture_IV_2000__24048.1538499411.jpg?c=2,scripture_IV_2000__24048.1538499411.jpg?c=2,,,Lifeforce800,scripture_IV_2000__24048.1538499411.jpg?c=2
Inspirational Lucite Plaque - Dad,LP11,Home|Inspirational|Inspirational Lucite Plaque - Dad,"Our Inspirational Word Art Plaque for Dad is the perfect gift for any father figure in your customer's life. Featuring a sleek, modern design, this plaque is sure to make a lasting impression. The plaque features words that describe the importance of fathers, reminding your customers of the special bond they share with their dad. It makes for a great decorative addition to any home or office space and is a great choice for retailers looking to offer a unique, meaningful gift option for their customers.
The borderless design with transparent edges enhances the piece with a depth that subtly changes with the angle of vision - taking on an almost 3D quality.
Key Features:
High resolution digitally printed imagery
Diamond Polished & Hand Buffed
Superior material hand selected for its outstanding strength, clarity, and scratch resistance
Dimensions - 4” x 6” x 1” thick
Made in MA, USA
Other colors are available by request.",,,,,,,1,32.99,3,28.99,,,1,Lifeforce400,Lifeforce160,https://cdn11.bigcommerce.com/s-l8fm6tm/images/stencil/800x800/products/4421/9258/Father-Side_2__92880.1676561615.png?c=2,Father-Side_2__92880.1676561615.png?c=2,,,Lifeforce800,Father-Side_2__92880.1676561615.png?c=2
"Insight, Glass Stone",F-107,"Home|Individual Items|Glass Stones, Shiny|Focus Stones|Insight, Glass Stone","Insight from the focus stone assortment.  approximately one and a quarter inch in diameter, available in assorted colors. There is a minimum order quantity of 6 stones.",,,,,,,6,3.99,10,2.99,,,6,Lifeforce400,Lifeforce160,https://cdn11.bigcommerce.com/s-l8fm6tm/images/stencil/800x800/products/404/5626/insight_800__93048.1537650840.jpg?c=2,insight_800__93048.1537650840.jpg?c=2,,,Lifeforce800,insight_800__93048.1537650840.jpg?c=2
"Welcome Little One (Boy), Wooden Postcard",PCWLOB,"Home|Hospital|Welcome Little One (Boy), Wooden Postcard","Welcome Little One (Boy), Wooden Postcard
Celebrate the arrival of a new baby with our Welcome Little One Wooden Postcard. Featuring an adorable watercolor design with a smiling sun, cloud, and a sweet baby mobile, this postcard is the perfect way to welcome a newborn into the world. The soft colors and dreamy illustration make this postcard a thoughtful keepsake that new parents will treasure as a reminder of this special time.
Measuring 4"" x 6"" and 1/8 of an inch thick, it’s the ideal size for mailing or for gifting along with a baby shower present. Laser cut and printed in-house on sustainably sourced wood, this eco-friendly postcard provides a lasting alternative to traditional greeting cards, making it a beautiful and durable keepsake that can be displayed in the nursery. Available for wholesale, the Welcome Little One Wooden Postcard is perfect for retailers who want to offer unique, eco-conscious baby shower or new baby gifts.
Key Features:
Adorable Baby-Themed Design: Features a sweet watercolor sun, cloud, and baby mobile, along with the message ""Welcome Little One,"" perfect for celebrating a new baby.
Perfect for New Baby Greetings: Ideal for sending congratulations to new parents or including in a baby shower gift for a memorable keepsake.
Eco-Friendly Material: Made from sustainably sourced wood, offering an environmentally conscious alternative to traditional paper greeting cards.
Durable Keepsake: At 1/8 of an inch thick, this sturdy wooden postcard is designed to be a lasting memento that can be displayed in a nursery or keepsake box.
Wholesale Availability: Available in bulk for retailers looking to stock unique, eco-friendly cards and baby gifts.
Why Choose Our ""Welcome Little One"" Wooden Postcard?
Eco-Friendly & Memorable: Crafted from sustainably sourced wood, this postcard offers a unique, eco-conscious way to celebrate the arrival of a new baby.
Charming & Sweet Design: The soft, baby-themed watercolor illustration and ""Welcome Little One"" message make it a cherished keepsake for new parents.
Perfect for Retail & Personal Use: Whether you're sending it to a friend or adding it to your store’s collection, this wooden postcard is a meaningful and sustainable way to celebrate a new arrival.
To reach our lowest wholesale price of $2.99 per postcard, simply mix and match a total of 16 postcards from our collection. Interested in custom designs? We offer low minimums—contact us for more information on creating your own unique postcards.
To avoid any potential disruption in delivery, we suggest using 2 First Class Stamps.",,,,,,,1,6,16,2.99,,,1,Lifeforce400,Lifeforce160,https://cdn11.bigcommerce.com/s-l8fm6tm/images/stencil/800x800/products/4571/13254/Welcome_Little_One_Boy_FULL-Camera__83240.1748528241.png?c=2,Welcome_Little_One_Boy_FULL-Camera__83240.1748528241.png?c=2,,,Lifeforce800,Welcome_Little_One_Boy_FULL-Camera__83240.1748528241.png?c=2
"Only you can give your special gift to the world, Glass Stone",D-21,"Home|Individual Items|Glass Stones, Shiny|Destiny Stones|Only you can give your special gift to the world, Glass Stone","Your job is to be you. You are unique and no one else can fulfill the task your soul has taken on in this incarnation. Celebrate your uniqueness, or encourage someone else with this glass stone with the message ""Only you can give your special gift to the world."" You probably know someone that needs to hear that. The stones come in assorted colors (not just as pictured) and are 1.25"" in diameter. The price goes down the more you shop. There is a minimum order quantity of 6 stones.",,,,,,,6,3.99,10,2.99,,,6,Lifeforce400,Lifeforce160,https://cdn11.bigcommerce.com/s-l8fm6tm/images/stencil/800x800/products/3970/7760/only_you_can_give__05598.1584114798.jpg?c=2,only_you_can_give__05598.1584114798.jpg?c=2,,,Lifeforce800,only_you_can_give__05598.1584114798.jpg?c=2
"Duck- Lucky Ducky, Glass Stone",FP7,"Home|Individual Items|Glass Stones, Shiny|Miscellaneous Stones|Duck- Lucky Ducky, Glass Stone",Duck- Lucky Ducky. There is a minimum order quantity of 6 stones.,,,,,,,6,3.99,10,2.99,,,6,Lifeforce400,Lifeforce160,https://cdn11.bigcommerce.com/s-l8fm6tm/images/stencil/800x800/products/2039/5510/lucky_ducky__06875.1537550758.JPG?c=2,lucky_ducky__06875.1537550758.JPG?c=2,,,Lifeforce800,lucky_ducky__06875.1537550758.JPG?c=2
"Butterfly, Glass Stone",RZ-16,"Home|Individual Items|Glass Stones, Shiny|Miscellaneous Stones|Butterfly, Glass Stone",Butterfly stone. There is a minimum order quantity of 6 stones.,,,,,,,6,3.99,10,2.99,,,6,Lifeforce400,Lifeforce160,https://cdn11.bigcommerce.com/s-l8fm6tm/images/stencil/800x800/products/860/5313/butterfly_800__60743.1537302287.jpg?c=2,butterfly_800__60743.1537302287.jpg?c=2,,,Lifeforce800,butterfly_800__60743.1537302287.jpg?c=2
"Happiness, Glass Stone",F-22,"Home|Individual Items|Glass Stones, Shiny|Focus Stones|Happiness, Glass Stone","Nothing is better then Happiness, give a little happiness to your friends and family. Approximately one and a quarter inch in diameter and available in a wide array of colors. There is a minimum order quantity of 6 stones.",,,,,,,6,3.99,10,2.99,,,6,Lifeforce400,Lifeforce160,https://cdn11.bigcommerce.com/s-l8fm6tm/images/stencil/800x800/products/437/5622/happiness_800__81435.1537650468.jpg?c=2,happiness_800__81435.1537650468.jpg?c=2,,,Lifeforce800,happiness_800__81435.1537650468.jpg?c=2
"Honor, Glass Stone",F-113,"Home|Individual Items|Glass Stones, Shiny|Focus Stones|Honor, Glass Stone","Honor a word from the focus stone collection, what you give your attention to is what you get. 1.25"" glass stone, available in many different colors, if you have a preference please let us know. There is a minimum order quantity of 6 stones.",,,,,,,6,3.99,10,2.99,,,6,Lifeforce400,Lifeforce160,https://cdn11.bigcommerce.com/s-l8fm6tm/images/stencil/800x800/products/408/5045/honor_800__34755.1567644384.jpg?c=2,honor_800__34755.1567644384.jpg?c=2,,,Lifeforce800,honor_800__34755.1567644384.jpg?c=2
"There Are Only Two Kinds Of People In The World, Acrylic Magnet",AMAG18,"Home|Irish|There Are Only Two Kinds Of People In The World, Acrylic Magnet","This magnet features the Irish Proverb: “There Are Only Two Kinds Of People In The World, The Irish And Those Who Wish They Were” Featuring white lettering on green patterned background.
A Perfect gift for those who love Irish Proverbs and Cheeky Irish Humor.
These are a great gift for those who appreciate Irish Culture and who identify with Ireland and its ancestry! Visually beautiful, with a meaningful message, our magnets are going to attract your attention!
-Each magnet measures approximately 3.75” x 2.75” x ⅛”
-Made from high quality acrylic
-Digitally printed
-Made in the USA/Massachusetts",,,,,,,1,7,16,5,,,1,Lifeforce400,Lifeforce160,https://cdn11.bigcommerce.com/s-l8fm6tm/images/stencil/800x800/products/4495/10519/There_are_only_two_kinds-Camera_7__40339.1712747833.png?c=2,There_are_only_two_kinds-Camera_7__40339.1712747833.png?c=2,,,Lifeforce800,There_are_only_two_kinds-Camera_7__40339.1712747833.png?c=2
"You're So Great, Even Germs Like You, Wooden Postcard",PCYSG,"Home|Hospital|You're So Great, Even Germs Like You, Wooden Postcard","You're So Great, Even Germs Like You, Wooden Postcard
Add a touch of humor to someone’s day with our You're So Great, Even Germs Like You Wooden Postcard. Featuring a quirky illustration of colorful germs and the playful message, ""You're So Great, Even Germs Like You,"" this postcard is perfect for sending a lighthearted note to friends or loved ones. Whether they’re recovering from illness or you just want to make them smile, this fun design offers a creative way to show you care.
Measuring 4"" x 6"" and 1/8 of an inch thick, this eco-friendly wooden postcard is the ideal size for mailing or gifting as a keepsake. Laser cut and printed in-house on sustainably sourced wood, it’s a durable and long-lasting alternative to traditional greeting cards. Available for wholesale, the You're So Great, Even Germs Like You Wooden Postcard is a great addition to any retailer’s collection, offering a unique, humorous option for customers looking to share some good-natured fun.
Key Features:
Playful & Humorous Design: Features a cute and quirky illustration of colorful germs alongside the fun message ""You're So Great, Even Germs Like You.""
Perfect for a Laugh: Whether cheering someone up or sending a funny get-well message, this postcard brings a smile in any situation.
Eco-Friendly Material: Made from sustainably sourced wood, providing an environmentally conscious alternative to traditional paper greeting cards.
Durable Keepsake: At 1/8 of an inch thick, this sturdy wooden postcard is designed to be a lasting memento that will bring joy for years to come.
Wholesale Availability: Available in bulk for retailers looking to stock unique, eco-friendly cards that combine humor and creativity.
Why Choose Our ""You're So Great, Even Germs Like You"" Wooden Postcard?
Eco-Friendly & Fun: Crafted from sustainably sourced wood, this postcard offers a humorous, eco-conscious way to brighten someone’s day.
Lighthearted & Playful: The fun germ illustration and witty message are a great way to send a little laughter and joy to friends or loved ones.
Perfect for Retail & Personal Use: Whether you’re sending it to a friend or adding it to your store’s collection, this wooden postcard offers a humorous and sustainable way to spread cheer.
To reach our lowest wholesale price of $2.99 per postcard, simply mix and match a total of 16 postcards from our collection. Interested in custom designs? We offer low minimums—contact us for more information on creating your own unique postcards.
To avoid any potential disruption in delivery, we suggest using 2 First Class Stamps.",,,,,,,1,6,16,2.99,,,1,Lifeforce400,Lifeforce160,https://cdn11.bigcommerce.com/s-l8fm6tm/images/stencil/800x800/products/4574/13274/Youre_So_Great_Even_Germs_Like_You_FULL-Camera_-_Copy__66044.1748530869.png?c=2,Youre_So_Great_Even_Germs_Like_You_FULL-Camera_-_Copy__66044.1748530869.png?c=2,,,Lifeforce800,Youre_So_Great_Even_Germs_Like_You_FULL-Camera_-_Copy__66044.1748530869.png?c=2
Elevate Connection Stone,CNS9,Home|Inspirational|Elevate Connection Stone,"Elevate your state of consciousness through meditation. Or maybe you know another way to expand awareness. However we do it, any effort actually serves to make our world a better place, and if everyone did, well, it's mind blowing. 
Honor your effort, or someone else's, with a beautiful glass Connection Stone that says Elevate. It's 1.25"" in diameter and comes in many beautiful colors. There is a minimum order quantity of 6 stones.",,,,,,,6,3.99,10,2.99,,,6,Lifeforce400,Lifeforce160,https://cdn11.bigcommerce.com/s-l8fm6tm/images/stencil/800x800/products/3758/9615/Elevate__70830.1686235874.png?c=2,Elevate__70830.1686235874.png?c=2,,,Lifeforce800,Elevate__70830.1686235874.png?c=2
"Character Builder Stones, Deluxe Boxed Set of Six",BOX1,"Home|Inspirational|Character Builder Stones, Deluxe Boxed Set of Six","Educators, parents and counselors use Character Builder stones to reinforce positive behavior in children. These beautiful glass stones are now available in a beautiful, colorful box perfect for gift giving. The stones are each 1.25 inches in diameter and the colors are true to the picture on the box to the best of our ability. (Sometimes colors go out of stock.) Your set of character builder stones includes the following:
Honesty
Loyalty
Kindness
Respect
Teamwork
Integrity
These are great qualities for anyone to pursue, not just kids!",,,,,,,1,16.99,4,14.49,,,1,Lifeforce400,Lifeforce160,https://cdn11.bigcommerce.com/s-l8fm6tm/images/stencil/800x800/products/3031/5487/character_builder_1000__90658.1537488092.jpg?c=2,character_builder_1000__90658.1537488092.jpg?c=2,,,Lifeforce800,character_builder_1000__90658.1537488092.jpg?c=2
"Scripture Magnet, Trust in the Lord with all your heart and lean not unto your own understanding. Proverbs 3:5",SMG9,"Home|Religious|Scripture Magnet, Trust in the Lord with all your heart and lean not unto your own understanding. Proverbs 3:5",Scripture Magnets are great because you can put them on your fridge and get inspiration even when you weren't looking for it. You might see it at just the right time. The beloved verse Proverbs 3:5 is perfect to be reminded of occasionally: Trust in the Lord with all your heart and lean not unto your own understanding. The frosted glass stones are 1.25 inches in diameter and the magnet about a half of an inch There is a minimum order quantity of 6 magnets.,,,,,,,6,4.49,10,3.99,,,6,Lifeforce400,Lifeforce160,https://cdn11.bigcommerce.com/s-l8fm6tm/images/stencil/800x800/products/2949/6278/smag_trust_in_the_lord__04466.1551906190.jpg?c=2,smag_trust_in_the_lord__04466.1551906190.jpg?c=2,,,Lifeforce800,smag_trust_in_the_lord__04466.1551906190.jpg?c=2
I have found the one whom my heart loves Frosted Glass Heart,HT12,Home|Religious|I have found the one whom my heart loves Frosted Glass Heart,"""I have found the one whom my soul loves. Song of Solomon 3:4"" Such a romantic verse from one of the most beautiful books of the Bible. These frosted glass hearts would be awesome as wedding favors. Available in pink, white and lilac. A sheer pouch is included. The size is about 1.75"". A gift box is included for easy gift wrapping. It's included in the Scripture Heart Assortment, which you can find here. There is a minimum order quantity of 6 hearts.",,,,,,,1,17.95,4,6.99,,,1,Lifeforce400,Lifeforce160,https://cdn11.bigcommerce.com/s-l8fm6tm/images/stencil/800x800/products/2310/7631/I_have_found_the_one_whom_pink_1__13726.1580309884.jpg?c=2,I_have_found_the_one_whom_pink_1__13726.1580309884.jpg?c=2,,,Lifeforce800,I_have_found_the_one_whom_pink_1__13726.1580309884.jpg?c=2
"If you do what you've always done, you'll get what you've always gotten, Glass Stone",W-108,"Home|Individual Items|Glass Stones, Shiny|Wisdom Stones|If you do what you've always done, you'll get what you've always gotten, Glass Stone","If you do what you've always done, you'll get what you've always gotten. Glass stone, about 1.25"" in diameter. Various colors. There is a minimum order quantity of 6 stones.",,,,,,,6,3.99,10,2.99,,,6,Lifeforce400,Lifeforce160,https://cdn11.bigcommerce.com/s-l8fm6tm/images/stencil/800x800/products/1086/5152/if_you_do_what_youve_always_done_800__39682.1536348132.jpg?c=2,if_you_do_what_youve_always_done_800__39682.1536348132.jpg?c=2,,,Lifeforce800,if_you_do_what_youve_always_done_800__39682.1536348132.jpg?c=2
Be Still Connection Stone,CNS3,Home|Inspirational|Be Still Connection Stone,"Life is so busy. So many things vying for your attention. It's easy to neglect your spiritual practice. But, really, what could be more important than connecting with Source? Time to be still. That is certainly time honored advice, since ""Be still and know that I am God"" is in a psalm in the Bible. 
A Connection Stone that says Be Still can remind you to take the time. Put in on your desk or on the kitchen windowsill. Then take a little time to grow your relationship with the Beloved.
Our Connection Stones are 1.25"" in diameter and are made from glass. There is a minimum order quantity of 6 stones.",,,,,,,6,3.99,10,2.99,,,6,Lifeforce400,Lifeforce160,https://cdn11.bigcommerce.com/s-l8fm6tm/images/stencil/800x800/products/3752/9613/Be_Still__43424.1686235352.png?c=2,Be_Still__43424.1686235352.png?c=2,,,Lifeforce800,Be_Still__43424.1686235352.png?c=2
"Healing, Glass Stone",F-24,"Home|Individual Items|Glass Stones, Shiny|Focus Stones|Healing, Glass Stone","Healing is one of our best sellers from the Focus stone assortment. Makes a great gift or could be used in a therapeutic setting 1.25"" glass stone, assorted colors available, if you have a preference let us know. There is a minimum order quantity of 6 stones.",,,,,,,6,3.99,10,2.99,,,6,Lifeforce400,Lifeforce160,https://cdn11.bigcommerce.com/s-l8fm6tm/images/stencil/800x800/products/439/5623/healing_800__44811.1537650585.jpg?c=2,healing_800__44811.1537650585.jpg?c=2,,,Lifeforce800,healing_800__44811.1537650585.jpg?c=2
"12 Power Stones, Release",127,"Home|New Age|12 Power Stones, Release","12 Power Stones, Release glass stone, 1.25"" in diameter. There is a minimum order quantity of 6 stones.",,,,,,,6,3.99,10,2.99,,,6,Lifeforce400,Lifeforce160,https://cdn11.bigcommerce.com/s-l8fm6tm/images/stencil/800x800/products/1232/13525/Release_2__71900.1750754337.png?c=2,Release_2__71900.1750754337.png?c=2,,,Lifeforce800,Release_2__71900.1750754337.png?c=2
"Kiss Me, I'm Irish, Glass Stone",H-26,"Home|Irish|Kiss Me, I'm Irish, Glass Stone","Kiss Me I'm Irish glass stone, 1.25"" printed on various shades of green. Available singly or by the thousands, depending on how many kisses you're hoping for. There is a minimum order quantity of 6 stones. ",,,,,,,6,3.99,10,2.99,,,6,Lifeforce400,Lifeforce160,https://cdn11.bigcommerce.com/s-l8fm6tm/images/stencil/800x800/products/535/12695/Kiss_Me_Im_Irish_2__03354.1743172349.png?c=2,Kiss_Me_Im_Irish_2__03354.1743172349.png?c=2,,,Lifeforce800,Kiss_Me_Im_Irish_2__03354.1743172349.png?c=2
"Leo, Glass Stone",Z-5,"Home|New Age|Leo, Glass Stone","Leo's are known for their loyalty and strength, having a Leo glass stone can keep you reminded of your positive attributes. Approximately 1.25"" in diameter and available in many colors, if you have a personal preference please let us know. These stones are available singly or by the thousands. There is a minimum order quantity of 6 stones.",,,,,,,6,3.99,10,2.99,,,6,Lifeforce400,Lifeforce160,https://cdn11.bigcommerce.com/s-l8fm6tm/images/stencil/800x800/products/1199/4983/leo_800__74274.1534882793.jpg?c=2,leo_800__74274.1534882793.jpg?c=2,,,Lifeforce800,leo_800__74274.1534882793.jpg?c=2
Cardinal on Opal White Glass Stones,RZ-67,"Home|Individual Items|Glass Stones, Shiny|Miscellaneous Stones|Cardinal on Opal White Glass Stones",One of the joys of having digital printers is being able to print images in color. Isn't this cardinal beautiful? We think it looks best on opal white stones. They're about an inch and a quarter in diameter. There is a minimum order quantity of 6 stones.,,,,,,,6,3.99,10,2.99,,,6,Lifeforce400,Lifeforce160,https://cdn11.bigcommerce.com/s-l8fm6tm/images/stencil/800x800/products/4042/13507/Cardinal__86899.1750069310.png?c=2,Cardinal__86899.1750069310.png?c=2,,,Lifeforce800,Cardinal__86899.1750069310.png?c=2
August Birthstone,BT-8,Home|New Age|August Birthstone,"August Birthstone, According to gemstone lore, the qualities of people born in August are understanding, wisdom, joy, dignity and protection. The 1.25"" green glass stone corresponds to the gem of the month: peridot. There is a minimum order quantity of 6 stones.",,,,,,,6,3.99,10,2.99,,,6,Lifeforce400,Lifeforce160,https://cdn11.bigcommerce.com/s-l8fm6tm/images/stencil/800x800/products/298/5383/august_800__63526.1537452199.jpg?c=2,august_800__63526.1537452199.jpg?c=2,,,Lifeforce800,august_800__63526.1537452199.jpg?c=2
"Persistence, Glass Stone",F-39,"Home|Individual Items|Glass Stones, Shiny|Focus Stones|Persistence, Glass Stone","Persistence, use in your next team meeting. 1.25"" glass stone, assorted colors. There is a minimum order quantity of 6 stones.",,,,,,,6,3.99,10,2.99,,,6,Lifeforce400,Lifeforce160,https://cdn11.bigcommerce.com/s-l8fm6tm/images/stencil/800x800/products/455/6242/Persistence_800__85659.1551387315.jpg?c=2,Persistence_800__85659.1551387315.jpg?c=2,,,Lifeforce800,Persistence_800__85659.1551387315.jpg?c=2
"The Lord is my rock, my fortress and my deliverer, Glass Stone",S-110,"Home|Religious|The Lord is my rock, my fortress and my deliverer, Glass Stone","""The Lord is my rock, my fortress and my deliverer, my God, my rock, in whom I take refuge..."" 2 Samuel:22 2-3a. This is a long verse to put on a 1.25"" stone, but it fits. This verse of strong faith is printed on stones of many colors. There is a minimum order quantity of 6 stones.",,,,,,,6,3.99,10,2.99,,,6,Lifeforce400,Lifeforce160,https://cdn11.bigcommerce.com/s-l8fm6tm/images/stencil/800x800/products/2918/13618/The_Lord_is_my_rock_my_fortress...__52468.1757431065.png?c=2,The_Lord_is_my_rock_my_fortress...__52468.1757431065.png?c=2,,,Lifeforce800,The_Lord_is_my_rock_my_fortress...__52468.1757431065.png?c=2
"Scripture Stones in Deluxe Gift Box, Set I",BOX13,"Home|Religious|Scripture Stones in Deluxe Gift Box, Set I","Six of your favorite Scripture verses are packaged in a beautiful printed box. These deluxe boxes make excellent gifts. Your Scripture Stone, Set I contains one each of the following:
For God so loved the world that he gave his only son, that whoever believes in him should not perish but have eternal life. John 3:16
Draw near to God and He will draw near to you. James 4:8
Be still and know that I am God. Psalm 46:10
A friend loves at all times. Proverbs 17:17
But those who trust in the Lord for help... will rise on wings like eagles. Isaiah 40:31
Cast all you anxiety on God, because he cares for you. 1 Peter 5:7
Each stone is approximately an inch and a quarter in diameter. As for the colors, we do our best to match the pictures on the box.",,,,,,,1,16.99,4,14.49,,,1,Lifeforce400,Lifeforce160,https://cdn11.bigcommerce.com/s-l8fm6tm/images/stencil/800x800/products/3043/5466/scripture_I_slight_angle_1000__66627.1537478436.jpg?c=2,scripture_I_slight_angle_1000__66627.1537478436.jpg?c=2,,,Lifeforce800,scripture_I_slight_angle_1000__66627.1537478436.jpg?c=2
"Lucky Charm, Wooden Postcard",PCLC,"Home|Irish|Lucky Charm, Wooden Postcard","Lucky Charm Wooden Postcard – Share the Magic of Good Fortune
Brighten someone’s day with our ""Lucky Charm"" Wooden Postcard, featuring a cheerful horseshoe character and a vibrant rainbow background. Perfect for celebrating St. Patrick’s Day or spreading good vibes all year round, this playful postcard is a delightful way to wish someone luck and happiness.
Why Choose Our ""Lucky Charm"" Wooden Postcard?
Eco-Friendly Material: Crafted from sustainably sourced wood, this postcard is durable, lightweight, and environmentally friendly.
Fun, Eye-Catching Design: The smiling horseshoe character, bold colors, and whimsical text make this postcard a unique keepsake for luck and cheer.
Perfect for Any Occasion: Whether it’s for St. Patrick’s Day, Irish-themed celebrations, or simply spreading positivity, this postcard is a versatile gift or decorative item.
Ideal for Irish Gift Shops: A fantastic addition to Irish-themed stores, offering year-round appeal for customers who love lucky charms and fun designs.
Spread Luck and Cheer
Measuring approximately 4 x 6 inches, this postcard is lightweight enough to mail and sturdy enough to display. Its colorful design and charming theme make it a standout piece for sending or keeping as a token of good fortune.
A Thoughtful Gift for All Ages
The ""Lucky Charm"" Wooden Postcard is a delightful gift for friends, family, or anyone in need of a little extra luck. Pair it with other festive items for a fun and memorable surprise.
To reach our lowest wholesale price of $2.99 per postcard, simply mix and match a total of 16 postcards from our collection. Interested in custom designs? We offer low minimums—contact us for more information on creating your own unique postcards.
To avoid any potential disruption in delivery, we suggest using 2 First Class Stamps.",,,,,,,1,6,16,2.99,,,1,Lifeforce400,Lifeforce160,https://cdn11.bigcommerce.com/s-l8fm6tm/images/stencil/800x800/products/4628/13096/Lucky_Charm_FULL-Camera__45321.1747060289.png?c=2,Lucky_Charm_FULL-Camera__45321.1747060289.png?c=2,,,Lifeforce800,Lucky_Charm_FULL-Camera__45321.1747060289.png?c=2
"Festival Glass, Believe",FG2,"Home|Individual Items|Glass Stones, Shiny|Festival Glass|Festival Glass, Believe","Believe is imprinted on Festival Glass. Approximately 1.25 inches in diameter and is available in the festival glass colors; swirly green, swirly red, swirly blue and a swirly white. There is a minimum order quantity of 6 stones.",,,,,,,6,3.99,10,2.99,,,6,Lifeforce400,Lifeforce160,https://cdn11.bigcommerce.com/s-l8fm6tm/images/stencil/800x800/products/2062/6377/Believe__15949.1552334594.jpg?c=2,Believe__15949.1552334594.jpg?c=2,,,Lifeforce800,Believe__15949.1552334594.jpg?c=2
"Integrity, Glass Stone",F-71,"Home|Individual Items|Glass Stones, Shiny|Focus Stones|Integrity, Glass Stone","The integrity stone would make a good business gift. 1.25"" glass stone, available in many colors. Order one for yourself or order multiples for your friends and family. There is a minimum order quantity of 6 stones.",,,,,,,6,3.99,10,2.99,,,6,Lifeforce400,Lifeforce160,https://cdn11.bigcommerce.com/s-l8fm6tm/images/stencil/800x800/products/488/5627/integrity_800__39050.1537650874.jpg?c=2,integrity_800__39050.1537650874.jpg?c=2,,,Lifeforce800,integrity_800__39050.1537650874.jpg?c=2
Commune Connection Stone,CNS6,Home|Inspirational|Commune Connection Stone,"Prayer and meditation are ways to commune with your higher power. Prayer is talking, meditation is listening. Time spent communing with Spirit is time well spent. 
Our Commune stone is a great addition for your meditation altar, if you have one. Put it in a dish with your other Connection Stones to remind yourself of what's really important. The connection stones are made of glass and are 1.25"" in diameter. They come in many colors, if you have a preference, please message us. There is a minimum order quantity of 6 stones.",,,,,,,6,3.99,10,2.99,,,6,Lifeforce400,Lifeforce160,https://cdn11.bigcommerce.com/s-l8fm6tm/images/stencil/800x800/products/3755/9609/Commune__16385.1686232781.png?c=2,Commune__16385.1686232781.png?c=2,,,Lifeforce800,Commune__16385.1686232781.png?c=2
Pet Stone- Friends Fur-Ever.,IPS12,"Home|Individual Items|Glass Stones, Frosted|Pet Stones|Pet Stone- Friends Fur-Ever.","This sea glass stone says, ""Friends Fur-Ever."" It covers any pet that has fur, not just dogs and cats. These gorgeous frosted glass stones are 100% recycled, and are 1.25 inches in diameter. They come in tons of colors. There is a minimum order quantity of 6 stones.",,,,,,,6,3.99,10,2.99,,,6,Lifeforce400,Lifeforce160,https://cdn11.bigcommerce.com/s-l8fm6tm/images/stencil/800x800/products/2790/4915/friends_fur_ever_opal_orange_800__88498.1534789372.jpg?c=2,friends_fur_ever_opal_orange_800__88498.1534789372.jpg?c=2,,,Lifeforce800,friends_fur_ever_opal_orange_800__88498.1534789372.jpg?c=2
Balance,F-3,"Home|Individual Items|Glass Stones, Shiny|Focus Stones|Balance","Balance is such a popular seller that we have it on Sea Stones, Mermaid Messages and Focus Stones. 1.25"" glass stone, assorted colors. There is a minimum order quantity of 6 stones.",,,,,,,6,3.99,10,2.99,,,6,Lifeforce400,Lifeforce160,https://cdn11.bigcommerce.com/s-l8fm6tm/images/stencil/800x800/products/445/5610/balance_400__33814.1537649346.jpg?c=2,balance_400__33814.1537649346.jpg?c=2,,,Lifeforce800,balance_400__33814.1537649346.jpg?c=2
"Happy Birthday America (Sparkler), Wooden Postcard",PCHBA,"Home|Holidays|USA 250|Happy Birthday America (Sparkler), Wooden Postcard","Happy Birthday America, Wooden Postcard
Celebrate America's 250th birthday with our Happy Birthday America Wooden Postcard. Featuring a striking sparkler against the backdrop of the American flag, this vibrant design captures the joy and pride of Independence Day.
Why Choose Our Happy Birthday America Wooden Postcard?
High-Quality Wood: Printed on eco-friendly, durable wood for a lasting keepsake.
Festive Patriotic Design: A sparkler set against the red, white, and blue brings energy and excitement.
Great for July 4th: Perfect for commemorating America’s 250th with a fun, celebratory tone.
Display-Ready: Looks great on shelves, desks, or framed with other patriotic décor.
A Firework of American Spirit
Measuring approximately 4 x 6 inches, this wooden postcard is sturdy and gift-ready. It’s a lively and memorable way to honor America’s history, whether given alone or alongside other gifts.
An Energetic Addition to Your Collection
The Happy Birthday America Wooden Postcard is a standout choice for anyone looking to mark America’s 250th in style. Combine it with other designs from our USA 250 series for a festive and meaningful display.
To reach our lowest wholesale price of $2.99 per postcard, simply mix and match a total of 16 postcards from our collection.
Interested in custom designs? We offer low minimums. Contact us for more information on creating your own unique postcards.
To avoid any potential disruption in delivery, we suggest using 2 First Class Stamps.
 ",,,,,,,1,7,32,3.99,,,1,Lifeforce400,Lifeforce160,https://cdn11.bigcommerce.com/s-l8fm6tm/images/stencil/800x800/products/4664/13462/Happy_Birthday_America_Sparks_FULL-Camera_3__39467.1749051154.png?c=2,Happy_Birthday_America_Sparks_FULL-Camera_3__39467.1749051154.png?c=2,,,Lifeforce800,Happy_Birthday_America_Sparks_FULL-Camera_3__39467.1749051154.png?c=2
"Get Well Stones, set of six",Set19,"Home|Small Sets|Set of Six Glass Stones or Magnets|Set of Six Glass Stones, Shiny|Get Well Stones, set of six","These six glass stones are a thoughtful gift for anyone you know dealing with a health challenge. Perhaps you know someone who will be in a health care facility for a while, you could take a different stone for them every time you visit. The glass stones are so pretty to look at, and the focus of the messages is to get better. You will receive these stones in your set:
Get Well
Hope
Healing
Protected By Angels
Believe
Consider Yourself Hugged
The stones are 1.25"" in diameter and will probably not be in the exact colors pictured, although that could happen. We guarantee that the glass will always be beautiful.",,,,,,,1,16.49,4,13.19,,,1,Lifeforce400,Lifeforce160,https://cdn11.bigcommerce.com/s-l8fm6tm/images/stencil/800x800/products/1262/5868/get_well_flower_NEW_800__22177.1538250132.jpg?c=2,get_well_flower_NEW_800__22177.1538250132.jpg?c=2,,,Lifeforce800,get_well_flower_NEW_800__22177.1538250132.jpg?c=2
You're the Best! glass stone,L-43,"Home|Individual Items|Glass Stones, Shiny|Love Stones|You're the Best! glass stone","You're the Best! glass stone. 1.25"" in various colors. There is a minimum order quantity of 6 stones.",,,,,,,6,3.99,10,2.99,,,6,Lifeforce400,Lifeforce160,https://cdn11.bigcommerce.com/s-l8fm6tm/images/stencil/800x800/products/628/5749/youre_the_best_800__00239.1537816951.jpg?c=2,youre_the_best_800__00239.1537816951.jpg?c=2,,,Lifeforce800,youre_the_best_800__00239.1537816951.jpg?c=2
"We're All A Little Irish, Wooden Postcard",PCWAALI,"Home|Irish|We're All A Little Irish, Wooden Postcard","We're All A Little Irish Wooden Postcard – Celebrate St. Patrick's Day Spirit
Bring a touch of Irish cheer to any occasion with our ""We're All A Little Irish Today"" Wooden Postcard. Featuring a whimsical rainbow and shamrock design, this charming postcard is a festive way to celebrate St. Patrick’s Day or share Irish pride all year round.
Why Choose Our We're All A Little Irish Wooden Postcard?
High-Quality Wood: Crafted from durable and eco-friendly wood, this postcard is perfect for mailing, gifting, or display.
Playful Irish Design: Bright colors, shamrocks, and a cheerful message make this postcard a standout piece for any St. Patrick's Day celebration.
Festive and Fun: Share the spirit of the holiday with a design that embodies the joy, luck, and unity of Irish culture.
Year-Round Appeal: Ideal for St. Patrick’s Day and Irish-themed occasions, this postcard is a fun addition to Irish gift shops or personal collections.
Spread Irish Cheer Anytime
Measuring approximately 4 x 6 inches, this postcard is lightweight yet durable, making it a unique keepsake or decoration. Whether you use it to send greetings or add it to festive décor, its vibrant design captures the joy of being ""a little Irish.""
A Delightful Gift for Irish Enthusiasts
The ""We're All A Little Irish Today"" Wooden Postcard is a thoughtful gift for friends, family, or anyone who loves Irish culture. Pair it with other designs from our wooden postcard collection for a memorable Irish-inspired gift set.
To reach our lowest wholesale price of $2.99 per postcard, simply mix and match a total of 16 postcards from our collection. Interested in custom designs? We offer low minimums—contact us for more information on creating your own unique postcards.
To avoid any potential disruption in delivery, we suggest using 2 First Class Stamps.",,,,,,,1,6,16,2.99,,,1,Lifeforce400,Lifeforce160,https://cdn11.bigcommerce.com/s-l8fm6tm/images/stencil/800x800/products/4631/13108/Were_All_A_Little_Irish_Today_FULL-Camera__67591.1747061515.png?c=2,Were_All_A_Little_Irish_Today_FULL-Camera__67591.1747061515.png?c=2,,,Lifeforce800,Were_All_A_Little_Irish_Today_FULL-Camera__67591.1747061515.png?c=2
"Starfish, Glass Stone",BC16,"Home|Individual Items|Glass Stones, Shiny|Beach Stones|Starfish, Glass Stone","Starfish is a part of the beach stone collection, which is the perfect assortment for a gift shop in a beachy location. These stones make a great and inexpensive souvenir. We can also do custom printing if you would like to make these stones more specific. Approximately 1.25"" and available in the beach stone assortment colors (blues, greens, teals). There is a minimum order quantity of 6 stones.",,,,,,,6,3.99,10,2.99,,,6,Lifeforce400,Lifeforce160,https://cdn11.bigcommerce.com/s-l8fm6tm/images/stencil/800x800/products/247/5368/starfish_800__17053.1537306539.jpg?c=2,starfish_800__17053.1537306539.jpg?c=2,,,Lifeforce800,starfish_800__17053.1537306539.jpg?c=2
"I am confident, Glass Stone",AF3,"Home|Individual Items|Glass Stones, Shiny|Affirmation Stones|I am confident, Glass Stone","I am confident glass stone, what you focus your attention on is what you get. Approximately 1.25"" in diameter. All stones are sent in assorted colors. There is a minimum order quantity of 6 stones.",,,,,,,6,3.99,10,2.99,,,6,Lifeforce400,Lifeforce160,https://cdn11.bigcommerce.com/s-l8fm6tm/images/stencil/800x800/products/140/5692/i_am_confident_800__09357.1537805414.jpg?c=2,i_am_confident_800__09357.1537805414.jpg?c=2,,,Lifeforce800,i_am_confident_800__09357.1537805414.jpg?c=2
Lucky Softball Glass Stone,U-18,"Home|Individual Items|Glass Stones, Shiny|Lucky Stones|Lucky Softball Glass Stone","Lucky Softball Stone is a great gift for team mates, a little lucky charm to carry in your gym bag. Approximately 1.25"" and available in many assorted colors. There is a minimum order quantity of 6 stones.",,,,,,,6,3.99,10,2.99,,,6,Lifeforce400,Lifeforce160,https://cdn11.bigcommerce.com/s-l8fm6tm/images/stencil/800x800/products/1017/6581/luckysoftball__44861.1553102297.jpg?c=2,luckysoftball__44861.1553102297.jpg?c=2,,,Lifeforce800,luckysoftball__44861.1553102297.jpg?c=2
"The Mermaid's Message, Breathe, Sea Glass Stone",MM2,"Home|Inspirational|The Mermaid's Message, Breathe, Sea Glass Stone","Breathe. Just Breathe. Couldn't we all use a reminder to just relax and breathe deeply? The word Breathe printed on beautiful faux sea glass is a lovely way to remember. 1.25"" in diameter. There is a minimum order quantity of 6 stones.",,,,,,,6,3.99,10,2.99,,,6,Lifeforce400,Lifeforce160,https://cdn11.bigcommerce.com/s-l8fm6tm/images/stencil/800x800/products/1922/4950/breathe_aqua_800__96554.1534798153.jpg?c=2,breathe_aqua_800__96554.1534798153.jpg?c=2,,,Lifeforce800,breathe_aqua_800__96554.1534798153.jpg?c=2
"Sea Stone, Replica Sea Glass Stone, Friends",SEA38,"Home|Individual Items|Glass Stones, Frosted|Sea Stones|Sea Stone, Replica Sea Glass Stone, Friends","Beautiful frosted glass stone that says Friends. It comes in a myriad of colors. 1.25"" in diameter. There is a minimum order quantity of 6 stones.",,,,,,,6,3.99,10,2.99,,,6,Lifeforce400,Lifeforce160,https://cdn11.bigcommerce.com/s-l8fm6tm/images/stencil/800x800/products/2987/4436/sea_stone_friends__38944.1520962451.jpg?c=2,sea_stone_friends__38944.1520962451.jpg?c=2,,,Lifeforce800,sea_stone_friends__38944.1520962451.jpg?c=2
"Unicorn, Glass Stone",M-80,"Home|Individual Items|Glass Stones, Shiny|Miscellaneous Stones|Unicorn, Glass Stone","Unicorn glass stone. 1.25"" in diameter. Various colors. There is a minimum order quantity of 6 stones.",,,,,,,6,3.99,10,2.99,,,6,Lifeforce400,Lifeforce160,https://cdn11.bigcommerce.com/s-l8fm6tm/images/stencil/800x800/products/706/12721/Unicorn_2__91453.1743175348.png?c=2,Unicorn_2__91453.1743175348.png?c=2,,,Lifeforce800,Unicorn_2__91453.1743175348.png?c=2
"Erin go Bragh, Glass Stone",H-39,"Home|Irish|Erin go Bragh, Glass Stone","Erin Go Bragh glass stone, from the Irish stone assortment is  1.25"" printed on various shades of green. It means ""Ireland Forever."" Finding Irish gifts is not always easy, order your assortment today. There is a minimum order quantity of 6 stones.",,,,,,,6,3.99,10,2.99,,,6,Lifeforce400,Lifeforce160,https://cdn11.bigcommerce.com/s-l8fm6tm/images/stencil/800x800/products/546/12694/Erin_Go_Bragh__83169.1743172235.png?c=2,Erin_Go_Bragh__83169.1743172235.png?c=2,,,Lifeforce800,Erin_Go_Bragh__83169.1743172235.png?c=2
"A wonderful journey is ahead, Glass Stone",D-2,"Home|Individual Items|Glass Stones, Shiny|Wisdom Stones|A wonderful journey is ahead, Glass Stone","A wonderful journey is ahead. 1.25"" glass stone, assorted colors. There is a minimum order quantity of 6 stones. ",,,,,,,6,3.99,10,2.99,,,6,Lifeforce400,Lifeforce160,https://cdn11.bigcommerce.com/s-l8fm6tm/images/stencil/800x800/products/323/5124/A_wonderful_journey_is_800__26266.1536345135.jpg?c=2,A_wonderful_journey_is_800__26266.1536345135.jpg?c=2,,,Lifeforce800,A_wonderful_journey_is_800__26266.1536345135.jpg?c=2
"Happy Father's Day (Car), Wooden Postcard",PCFDC,"Home|Holidays|Happy Father's Day (Car), Wooden Postcard","Happy Father’s Day (Car) Wooden Postcard – A Classic Tribute to Dad
Give Dad a Father’s Day gift that lasts with our Happy Father’s Day (Car), Wooden Postcard. Featuring a vintage off-road vehicle set against a stunning desert sunset, this unique postcard is perfect for car lovers, adventure seekers, and dads who appreciate the great outdoors.
Why Choose Our Happy Father’s Day (Car) Wooden Postcard?
Premium Material: Made from high-quality, eco-friendly wood, this durable wooden postcard is perfect for mailing, gifting, or displaying.
Classic Car & Adventure Theme: The retro truck design makes it an ideal choice for dads who love off-roading, classic cars, or outdoor adventures.
A Lasting Keepsake: Unlike traditional paper cards, this wooden postcard is a meaningful memento Dad can keep for years.
Perfect for Father’s Day & Beyond: Whether for Father’s Day, birthdays, or just because, this postcard is a great way to show appreciation for the best dad ever.
A Unique & Thoughtful Gift for Dad
Measuring approximately 4 x 6 inches, this wooden postcard is lightweight yet sturdy, making it easy to mail, frame, or display as a cherished keepsake. Whether Dad loves driving, exploring, or collecting classic car memorabilia, this postcard is a great way to celebrate his passions.
Wholesale Options for Retailers
The Happy Father’s Day (Car), Wooden Postcard is part of our Father’s Day Collection, perfect for gift shops, boutiques, and retailers looking for unique greeting card alternatives. 
To reach our lowest wholesale price of $2.99 per postcard, simply mix and match a total of 16 postcards from our collection.
Interested in custom designs? We offer low minimums. Contact us for more information on creating your own unique postcards.
To avoid any potential disruption in delivery, we suggest using 2 First Class Stamps.",,,,,,,1,6,16,2.99,,,1,Lifeforce400,Lifeforce160,https://cdn11.bigcommerce.com/s-l8fm6tm/images/stencil/800x800/products/4654/13010/Bronco_Dad_FULL-Camera__78764.1747047393.png?c=2,Bronco_Dad_FULL-Camera__78764.1747047393.png?c=2,,,Lifeforce800,Bronco_Dad_FULL-Camera__78764.1747047393.png?c=2
"Prosperity, Glass Stone",F-40,"Home|Individual Items|Glass Stones, Shiny|Focus Stones|Prosperity, Glass Stone","Buying for your store? Your customers like Prosperity stones for attracting financial stability. Approximately 1.25"" and available in assorted colors. There is a minimum order quantity of 6 stones.",,,,,,,6,3.99,10,2.99,,,6,Lifeforce400,Lifeforce160,https://cdn11.bigcommerce.com/s-l8fm6tm/images/stencil/800x800/products/457/5273/prosperity_800__27085.1536697818.jpg?c=2,prosperity_800__27085.1536697818.jpg?c=2,,,Lifeforce800,prosperity_800__27085.1536697818.jpg?c=2
"Harmony, Glass Stone",F-23,"Home|Individual Items|Glass Stones, Shiny|Focus Stones|Harmony, Glass Stone","Harmony from the focus stone assortment. Makes a great impulse buy for your store. 1.25"" glass stone, assorted colors. There is a minimum order quantity of 6 stones.",,,,,,,6,3.99,10,2.99,,,6,Lifeforce400,Lifeforce160,https://cdn11.bigcommerce.com/s-l8fm6tm/images/stencil/800x800/products/438/5259/harmony_800__66635.1536697219.jpg?c=2,harmony_800__66635.1536697219.jpg?c=2,,,Lifeforce800,harmony_800__66635.1536697219.jpg?c=2
Lucky Bowling Glass Stone,U-7,"Home|Individual Items|Glass Stones, Shiny|Lucky Stones|Lucky Bowling Glass Stone","Lucky Bowling Stone is a strike. If you are in a bowling league or have friends who are avid bowlers this is a great small gift for them. 1.25"" in diameter, various colors. There is a minimum order quantity of 6 stones.",,,,,,,6,3.99,10,2.99,,,6,Lifeforce400,Lifeforce160,https://cdn11.bigcommerce.com/s-l8fm6tm/images/stencil/800x800/products/1044/6589/luckybowling__77267.1553188675.jpg?c=2,luckybowling__77267.1553188675.jpg?c=2,,,Lifeforce800,luckybowling__77267.1553188675.jpg?c=2
"Loyalty, Glass Stone",F-114,"Home|Individual Items|Glass Stones, Shiny|Focus Stones|Loyalty, Glass Stone","Loyalty is a valuable trait to carry, now you can also carry a reminder of its greatness with you. Approximately 1.25"" glass stone, available in many colors. There is a minimum order quantity of 6 stones.",,,,,,,6,3.99,10,2.99,,,6,Lifeforce400,Lifeforce160,https://cdn11.bigcommerce.com/s-l8fm6tm/images/stencil/800x800/products/409/5636/loyalty_800__40255.1537651932.jpg?c=2,loyalty_800__40255.1537651932.jpg?c=2,,,Lifeforce800,loyalty_800__40255.1537651932.jpg?c=2
"The Mermaid's Message, Unite, Sea Glass Stone",MM105,"Home|Inspirational|The Mermaid's Message, Unite, Sea Glass Stone","Mermaid's Message Sea Glass Stone – Unite
Celebrate connection and togetherness with the Unite Mermaid’s Message Sea Glass Stone. Designed to resemble genuine sea glass, this smooth, frosted stone is a reminder of the power of unity, collaboration, and strength in community.
Meaningful Colors: Available in sea-inspired shades—teal, green, white, dark blue, and light blue.
Powerful Message: Unite symbolizes harmony, teamwork, and bringing people together.
A Thoughtful Keepsake: Carry it as a reminder to foster meaningful relationships, place it in your space for inspiration, or gift it to someone who values connection.
Let this stone encourage you to build bridges and strengthen bonds.
Buying in bulk? Explore our Mermaid Message Assortments.
Shop now and embrace the power of unity.
 ",,,,,,,6,3.99,10,2.99,,,6,Lifeforce400,Lifeforce160,https://cdn11.bigcommerce.com/s-l8fm6tm/images/stencil/800x800/products/4649/12487/Unite_Dark_Blue__54198.1739967773.png?c=2,Unite_Dark_Blue__54198.1739967773.png?c=2,,,Lifeforce800,Unite_Dark_Blue__54198.1739967773.png?c=2
"Sea Stone, Replica Sea Glass Stone, Trust",SEA77,"Home|Individual Items|Glass Stones, Frosted|Sea Stones|Sea Stone, Replica Sea Glass Stone, Trust","Beautiful frosted glass stone that says Trust. It comes in a myriad of colors. 1.25"" in diameter. There is a minimum order quantity of 6 stones.",,,,,,,6,3.99,10,2.99,,,6,Lifeforce400,Lifeforce160,https://cdn11.bigcommerce.com/s-l8fm6tm/images/stencil/800x800/products/3022/4407/sea_stone_trust__89953.1520628677.jpg?c=2,sea_stone_trust__89953.1520628677.jpg?c=2,,,Lifeforce800,sea_stone_trust__89953.1520628677.jpg?c=2
"Teamwork, Glass Stone",F-103,"Home|Individual Items|Glass Stones, Shiny|Focus Stones|Teamwork, Glass Stone","Teamwork a great team building tool. 1.25"" glass stone, available in assorted colors, if you have a preference please let us know. There is a minimum order quantity of 6 stones.",,,,,,,6,3.99,10,2.99,,,6,Lifeforce400,Lifeforce160,https://cdn11.bigcommerce.com/s-l8fm6tm/images/stencil/800x800/products/401/5658/teamwork_800__97899.1537800686.jpg?c=2,teamwork_800__97899.1537800686.jpg?c=2,,,Lifeforce800,teamwork_800__97899.1537800686.jpg?c=2
"Sea Stone, Replica Sea Glass Stone, Kindness",SEA24,"Home|Individual Items|Glass Stones, Frosted|Sea Stones|Sea Stone, Replica Sea Glass Stone, Kindness","Beautiful frosted glass stone that says Kindness. It comes in a myriad of colors. 1.25"" in diameter. There is a minimum order quantity of 6 stones.",,,,,,,6,3.99,10,2.99,,,6,Lifeforce400,Lifeforce160,https://cdn11.bigcommerce.com/s-l8fm6tm/images/stencil/800x800/products/2973/4450/sea_stone_kindness__12908.1520963655.jpg?c=2,sea_stone_kindness__12908.1520963655.jpg?c=2,,,Lifeforce800,sea_stone_kindness__12908.1520963655.jpg?c=2
"The Mermaid's Message, Plumeria, Sea Glass Stone",MM35,"Home|Individual Items|Glass Stones, Frosted|The Mermaid's Message, Hawaiian Images|The Mermaid's Message, Plumeria, Sea Glass Stone","Three lovely plumeria flowers are imprinted on Mermaid Message stones, our beautiful sea glass in marine colors. 1.25"" in diameter. There is a minimum order quantity of 6 stones.",,,,,,,6,3.99,10,2.99,,,6,Lifeforce400,Lifeforce160,https://cdn11.bigcommerce.com/s-l8fm6tm/images/stencil/800x800/products/2742/4973/plumeria_800__57882.1534865671.jpg?c=2,plumeria_800__57882.1534865671.jpg?c=2,,,Lifeforce800,plumeria_800__57882.1534865671.jpg?c=2
"Seahorse, Glass Stone",BC13,"Home|Individual Items|Glass Stones, Shiny|Beach Stones|Seahorse, Glass Stone","Seahorse is a part of the beach stone collection, which is the perfect assortment for a gift shop in a beachy location. These stones make a great and inexpensive souvenir. We can also do custom printing if you would like to make these stones more specific. Approximately 1.25"" and available in the beach stone assortment colors (blues, greens, teals). There is a minimum order quantity of 6 stones.",,,,,,,6,3.99,10,2.99,,,6,Lifeforce400,Lifeforce160,https://cdn11.bigcommerce.com/s-l8fm6tm/images/stencil/800x800/products/245/5568/seahorse_800__34832.1537642193.jpg?c=2,seahorse_800__34832.1537642193.jpg?c=2,,,Lifeforce800,seahorse_800__34832.1537642193.jpg?c=2
"Scripture Stones in Deluxe Gift Box, Set III",BOX15,"Home|Religious|Scripture Stones in Deluxe Gift Box, Set III","When a scripture verse really speaks to you, it's nice to be able to display it on your desk or keep it on the kitchen counter. Scripture Set III contains the following verses:
Let all that you do be in love. 1 Corinthians 16:14
Stand firm in your faith, be courageous, be strong. 1 Corinthians 16:13
Let not your hearts be troubled. John 14:4
Remember I am with you always. Matthew 28:20
I can do all things in him who strengthens me. Philippians 4:13
Love bears all things, believes all things, hopes all things, endures all things. 1 Corinthians 13:7  
Each glass stone is 1.25 inches in diameter, more or less. The colors correspond to the colors on the box, for the most part.",,,,,,,1,16.99,4,14.49,,,1,Lifeforce400,Lifeforce160,https://cdn11.bigcommerce.com/s-l8fm6tm/images/stencil/800x800/products/3045/5462/scripture_III_1000__89445.1537478201.jpg?c=2,scripture_III_1000__89445.1537478201.jpg?c=2,,,Lifeforce800,scripture_III_1000__89445.1537478201.jpg?c=2
"Courage, Glass Stone",F-10,"Home|Individual Items|Glass Stones, Shiny|Focus Stones|Courage, Glass Stone","Introducing the ""Courage"" glass stone from Lifeforce Glass. This beautifully designed 1.25-inch stone comes in assorted colors, perfect for a motivational gift or as a behavior modification tool for children. With it's inspiring message of courage, this stone serves as a daily reminder to stay strong and fearless. Ideal for personal use or sharing with others, a minimum order of six stones is required. Elevate your spirit and inspire others with this elegant and meaningful glass stone.",,,,,,,6,3.99,10,2.99,,,6,Lifeforce400,Lifeforce160,https://cdn11.bigcommerce.com/s-l8fm6tm/images/stencil/800x800/products/398/5024/courage_800__64164.1535640552.jpg?c=2,courage_800__64164.1535640552.jpg?c=2,,,Lifeforce800,courage_800__64164.1535640552.jpg?c=2
"Forgiveness, Glass Stone",F-20,"Home|Individual Items|Glass Stones, Shiny|Focus Stones|Forgiveness, Glass Stone","Forgiveness is essential for mental and physical health. A glass stone imprinted with the word can act as a tool. 1.25"" glass stone, assorted colors. There is a minimum order quantity of 6 stones.",,,,,,,6,3.99,10,2.99,,,6,Lifeforce400,Lifeforce160,https://cdn11.bigcommerce.com/s-l8fm6tm/images/stencil/800x800/products/435/5039/forgiveness_800__89799.1535641933.JPG?c=2,forgiveness_800__89799.1535641933.JPG?c=2,,,Lifeforce800,forgiveness_800__89799.1535641933.JPG?c=2
"Pineapple with Color, Glass Stone",MM77,"Home|Individual Items|Glass Stones, Frosted|The Mermaid's Message, Hawaiian Images|Pineapple with Color, Glass Stone","Doesn't the pineapple look great? We're keeping it to the opal white stones because it looks best on them. We can put the name of your island on them, just give us a call, contact your rep or email us. They're 1.25"" in diameter. There is a minimum order quantity of 6 stones.",,,,,,,6,3.99,10,2.99,,,6,Lifeforce400,Lifeforce160,https://cdn11.bigcommerce.com/s-l8fm6tm/images/stencil/800x800/products/3825/12688/Pineapple_White_Opal__91245.1743161983.png?c=2,Pineapple_White_Opal__91245.1743161983.png?c=2,,,Lifeforce800,Pineapple_White_Opal__91245.1743161983.png?c=2
"Mermaid Message Magnet, Sea Turtle",MMG14,"Home|Individual Items|Stone Magnets|Mermaid Message Magnets|Mermaid Message Magnet, Sea Turtle","Sea turtles have been in existence for 110 million years. They are threatened in so many ways, and many people strive to ensure their existence. Are you a friend of sea turtles? Show your love for them with this Mermaid Message Magnet.  It is 1.25 inches in diameter and has a half inch magnet glued to it. The colors are light blue, dark blue, teal and green. There is a minimum order quantity of 6 magnets.",,,,,,,6,4.49,10,3.99,,,6,Lifeforce400,Lifeforce160,https://cdn11.bigcommerce.com/s-l8fm6tm/images/stencil/800x800/products/2513/6294/sea_turtle_800__53431.1551992106.jpg?c=2,sea_turtle_800__53431.1551992106.jpg?c=2,,,Lifeforce800,sea_turtle_800__53431.1551992106.jpg?c=2
"Miracles, Glass Stone",F-75,"Home|Individual Items|Glass Stones, Shiny|Focus Stones|Miracles, Glass Stone","Miracles. Approximately 1.25 inches in diameter. Available in a myriad of colors, if you have a preference let us know! There is a minimum order quantity of 6 stones.",,,,,,,6,3.99,10,2.99,,,6,Lifeforce400,Lifeforce160,https://cdn11.bigcommerce.com/s-l8fm6tm/images/stencil/800x800/products/492/5644/miracles_800__75536.1537795969.JPG?c=2,miracles_800__75536.1537795969.JPG?c=2,,,Lifeforce800,miracles_800__75536.1537795969.JPG?c=2
"Festival Glass, Hope",FG8,"Home|Individual Items|Glass Stones, Shiny|Festival Glass|Festival Glass, Hope","We sell so many Hope stones. It's a concept we can all relate to. Here it is available in beautiful Festival Glass. Approximately 1.25 inches in diameter and available in the festival glass colors, swirly red, swirly blue, swirly green and white with multi color swirls. There is a minimum order quantity of 6 stones.",,,,,,,6,3.99,10,2.99,,,6,Lifeforce400,Lifeforce160,https://cdn11.bigcommerce.com/s-l8fm6tm/images/stencil/800x800/products/2068/6387/Hope__50358.1567779473.jpg?c=2,Hope__50358.1567779473.jpg?c=2,,,Lifeforce800,Hope__50358.1567779473.jpg?c=2
"Festival Glass, Love",FG10,"Home|Individual Items|Glass Stones, Shiny|Festival Glass|Festival Glass, Love","What the world needs now is more Love imprinted on Festival Glass. Approximately 1.25"" inches and available in the swirly red, blue, green and white festival glass stones. There is a minimum order quantity of 6 stones.",,,,,,,6,3.99,10,2.99,,,6,Lifeforce400,Lifeforce160,https://cdn11.bigcommerce.com/s-l8fm6tm/images/stencil/800x800/products/2070/6390/Love__62669.1552335160.jpg?c=2,Love__62669.1552335160.jpg?c=2,,,Lifeforce800,Love__62669.1552335160.jpg?c=2
"12 Power Stones, Love",124,"Home|New Age|12 Power Stones, Love","12 Power Stones, Love, pink glass stone, 1.25"" in diameter. There is a minimum order quantity of 6 stones.",,,,,,,6,3.99,10,2.99,,,6,Lifeforce400,Lifeforce160,https://cdn11.bigcommerce.com/s-l8fm6tm/images/stencil/800x800/products/1229/12768/Love__42753.1743499180.png?c=2,Love__42753.1743499180.png?c=2,,,Lifeforce800,Love__42753.1743499180.png?c=2
"Scripture Magnets, Assortment of 100",SMAG,"Home|Religious|Scripture Magnets, Assortment of 100","Offer your customers scripture verses that they can display anywhere. They are super-encouraging for kids' lockers, or a thoughtful small gift.  Our beautiful frosted sea glass stones are imprinted with scripture verses and attached to magnets. Each stone is roughly 1.25 inches in diameter, and the magnet itself is about a half an inch. There are scores of different colors. In this assortment of 100 magnets, there are roughly eleven each of the following nine scriptures:
As for me and my house, we will serve the Lord. Joshua 24:15
But those who trust in the Lord for help...will rise on wings like eagles. Isaiah 40:31
I can do all things in him who strengthens me. Philippians 4:13
I know the plans I have for you, to prosper you and not harm you, to give you hope and a future. Jeremiah 29:11
Let all that you do be in love. 1 Corinthians 16:14
Love never fails. 1 Corinthians 13:8
Remember I am with you always. Matthew 28:20
Stand firm in your faith, be courageous, be strong. 1 Corinthians 16:13
Trust in the Lord with all your heart and lean not unto your own understanding. Proverbs 3:5
Magnet Display not included.",,,,,,,1,165,,,,,1,Lifeforce400,Lifeforce160,https://cdn11.bigcommerce.com/s-l8fm6tm/images/stencil/800x800/products/2823/4114/scripture_magnets_display__85738.1510245192.jpg?c=2,scripture_magnets_display__85738.1510245192.jpg?c=2,,,Lifeforce800,scripture_magnets_display__85738.1510245192.jpg?c=2
"Chakra Symbol - Sacral, Glass Stone",CK-20,"Home|New Age|Chakra Symbol - Sacral, Glass Stone","This stone has the Sacral Chakra Symbol printed on an Opal White glass stone with Orange colored ink.
Each stone is approximately 1.25 inches in diameter. There is a minimum order quantity of 6 stones.",,,,,,,6,3.99,10,2.99,,,6,Lifeforce400,Lifeforce160,https://cdn11.bigcommerce.com/s-l8fm6tm/images/stencil/800x800/products/3455/9541/Symbol_Sacrum__56252.1686134865.png?c=2,Symbol_Sacrum__56252.1686134865.png?c=2,,,Lifeforce800,Symbol_Sacrum__56252.1686134865.png?c=2
"The Mermaid's Message, Dream, Sea Glass Stone",MM4,"Home|Inspirational|The Mermaid's Message, Dream, Sea Glass Stone","The word Dream looks even more Dream-y when printed on a frosted glass stone. The colors in the Mermaid's Message stones are blue, teal, green and white. They are approximately 1.25"" in diameter. There is a minimum order quantity of 6 stones.",,,,,,,6,3.99,10,2.99,,,6,Lifeforce400,Lifeforce160,https://cdn11.bigcommerce.com/s-l8fm6tm/images/stencil/800x800/products/1924/4946/dream_blue_800__66446.1534797483.jpg?c=2,dream_blue_800__66446.1534797483.jpg?c=2,,,Lifeforce800,dream_blue_800__66446.1534797483.jpg?c=2
November Birthstone,BT-11,Home|New Age|November Birthstone,"November Birthstone, According to gemstone lore, the qualities of people born in November are joy, providence, creativity and fidelity. The 1.25"" amber glass stone corresponds to the gem of the month: topaz. There is a minimum order quantity of 6 stones.",,,,,,,6,3.99,10,2.99,,,6,Lifeforce400,Lifeforce160,https://cdn11.bigcommerce.com/s-l8fm6tm/images/stencil/800x800/products/290/5000/november_800__70533.1534885069.jpg?c=2,november_800__70533.1534885069.jpg?c=2,,,Lifeforce800,november_800__70533.1534885069.jpg?c=2
"Rad Dad, Wooden Postcard",PCRD,"Home|Holidays|Rad Dad, Wooden Postcard","Rad Dad Wooden Postcard – A Groovy Father's Day Gift
Celebrate Dad’s cool and laid-back style with our Rad Dad Wooden Postcard. Featuring a psychedelic swirl background and bold, retro typography, this postcard is perfect for dads who love vintage vibes, music, and all things groovy.
Why Choose Our Rad Dad Wooden Postcard?
Premium Material: Made from high-quality, eco-friendly wood, this durable wooden postcard is perfect for mailing, gifting, or displaying.
Bold, Retro Design: The vibrant swirl pattern and funky typography capture a fun 70s-inspired aesthetic that any cool dad will love.
A Lasting Keepsake: Unlike paper cards, this wooden postcard is a unique memento Dad can cherish for years.
Perfect for Father’s Day & Beyond: Whether it’s Father’s Day, a birthday, or just a way to say “You rock, Dad,” this postcard is a fun and heartfelt way to show appreciation.
A Unique Gift for Rad Dads Everywhere
Measuring approximately 4 x 6 inches, this wooden postcard is lightweight yet sturdy, making it perfect for mailing, framing, or displaying. Whether your dad is a music lover, a retro fan, or just an all-around awesome guy, this postcard is the perfect way to say “You’re the best!”
Wholesale Options for Retailers
The Rad Dad Wooden Postcard is part of our Father’s Day Collection, ideal for gift shops, boutiques, and retailers looking for one-of-a-kind greeting cards. 
To reach our lowest wholesale price of $2.99 per postcard, simply mix and match a total of 16 postcards from our collection.
Interested in custom designs? We offer low minimums. Contact us for more information on creating your own unique postcards.
To avoid any potential disruption in delivery, we suggest using 2 First Class Stamps.",,,,,,,1,6,16,2.99,,,1,Lifeforce400,Lifeforce160,https://cdn11.bigcommerce.com/s-l8fm6tm/images/stencil/800x800/products/4656/13002/Rad_Dad_FULL-Camera__70732.1747144355.png?c=2,Rad_Dad_FULL-Camera__70732.1747144355.png?c=2,,,Lifeforce800,Rad_Dad_FULL-Camera__70732.1747144355.png?c=2
Spiral Glass Stone,M-70,"Home|Individual Items|Glass Stones, Shiny|Miscellaneous Stones|Spiral Glass Stone","The spiral symbol is found in all ancient cultures. Various colors, 1.25"" in diameter. There is a minimum order quantity of 6 stones.",,,,,,,6,3.99,10,2.99,,,6,Lifeforce400,Lifeforce160,https://cdn11.bigcommerce.com/s-l8fm6tm/images/stencil/800x800/products/698/5394/Spiral_800__21423.1537452831.jpg?c=2,Spiral_800__21423.1537452831.jpg?c=2,,,Lifeforce800,Spiral_800__21423.1537452831.jpg?c=2
"Camel, Glass Stone",RZ-59,"Home|Individual Items|Glass Stones, Shiny|Miscellaneous Stones|Camel, Glass Stone",Camel. There is a minimum order quantity of 6 stones.,,,,,,,6,3.99,10,2.99,,,6,Lifeforce400,Lifeforce160,https://cdn11.bigcommerce.com/s-l8fm6tm/images/stencil/800x800/products/878/5499/camel_800__77241.1537546078.jpg?c=2,camel_800__77241.1537546078.jpg?c=2,,,Lifeforce800,camel_800__77241.1537546078.jpg?c=2
"Queen Of My Heart, Wooden Postcard",PCQOMH,"Home|Holidays|Queen Of My Heart, Wooden Postcard","Queen Of My Heart, Wooden Postcard
Make your queen feel truly special this Valentine’s Day with our Queen of My Heart, Wooden Postcard. Featuring a beautiful Queen of Clubs playing card design and the sweet message, ""You are the queen of my heart,"" this wooden card is the perfect way to show her how much she means to you. Crafted from sustainably sourced wood, this card offers a lasting and eco-friendly alternative to traditional Valentine's cards, combining elegance with durability. A thoughtful gift that goes beyond words, it's ideal for those who appreciate unique keepsakes.
Perfect for both individual buyers and wholesale purchases, this card makes a lovely addition to gift shops, boutiques, and anyone looking to spread love this season.
Key Features:
Eco-Friendly Design: Made from sustainable wood, offering a greener choice for Valentine's Day.
Unique Playing Card Art: Classic Queen of Clubs design, ideal for the card player or the queen in your life.
Durable Keepsake: Unlike paper cards, this wooden postcard is built to last, creating a memento that endures.
Mailing Convenience: Ready to be sent directly, without the need for an envelope.
Wholesale Available: A great option for retailers looking for distinctive Valentine's Day cards in bulk.
Show her she’s your queen with the Queen of My Heart, Wooden Postcard, a keepsake that she’ll cherish for years to come.
To reach our lowest wholesale price of $2.99 per postcard, simply mix and match a total of 16 postcards from our collection. Interested in custom designs? We offer low minimums—contact us for more information on creating your own unique postcards.
To avoid any potential disruption in delivery, we suggest using 2 First Class Stamps.",,,,,,,1,6,16,2.99,,,1,Lifeforce400,Lifeforce160,https://cdn11.bigcommerce.com/s-l8fm6tm/images/stencil/800x800/products/4596/13398/You_Are_The_Queen_of_My_Heart_FULL-Camera__63481.1748601413.png?c=2,You_Are_The_Queen_of_My_Heart_FULL-Camera__63481.1748601413.png?c=2,,,Lifeforce800,You_Are_The_Queen_of_My_Heart_FULL-Camera__63481.1748601413.png?c=2
"Be strong and be courageous! Do not be afraid or discouraged. For the Lord God is with you wherever you go. Joshua 1:9, Glass Stone",S-80,"Home|Religious|Be strong and be courageous! Do not be afraid or discouraged. For the Lord God is with you wherever you go. Joshua 1:9, Glass Stone","Be Strong and Courageous"" Glass Stone – A Powerful Reminder from Joshua 1:9
This beautiful glass stone is printed with the inspiring words from Joshua 1:9:
""Be strong and courageous! Do not be afraid or discouraged, for the Lord your God is with you wherever you go.""
This powerful verse serves as a reminder to hold fast to faith and courage, no matter what challenges arise. It encourages us to lean on God’s constant presence, finding strength and reassurance that we are never truly alone.
Product Details:
Size: Approximately 1.25 inches in diameter, making it easy to carry in a pocket, purse, or keep close at hand.
Color Options: Available in a range of assorted colors. If you have a preferred color, please let us know, and we’ll do our best to accommodate.
Minimum Order Quantity: 6 stones
This compact, versatile stone is perfect for carrying as a daily source of encouragement, using in prayer, or gifting to someone who could use a boost of faith. Whether you’re offering comfort to a friend, showing support to a loved one, or keeping it as your own touchstone of strength, the ""Be Strong and Courageous"" glass stone brings a timeless message of trust, bravery, and divine support to every day.",,,,,,,6,3.99,10,2.99,,,6,Lifeforce400,Lifeforce160,https://cdn11.bigcommerce.com/s-l8fm6tm/images/stencil/800x800/products/959/5092/be_strong_and_courageous_800__20708.1536253843.jpg?c=2,be_strong_and_courageous_800__20708.1536253843.jpg?c=2,,,Lifeforce800,be_strong_and_courageous_800__20708.1536253843.jpg?c=2
"Scripture Magnet, Remember I am with you always. Matthew 28:20",SMG7,"Home|Religious|Scripture Magnet, Remember I am with you always. Matthew 28:20","Our Scripture Magnets are made from frosted sea glass stones. They're about an inch and a quarter in diameter. A half inch magnet is attached. The verse ""Remember I am with you always. Matthew 28:20"" is one of the most comforting verses in the Bible. It reminds us that we are never alone, that support is there for us if we are open to it. There is a minimum order quantity of 6 magnets.",,,,,,,6,4.49,10,3.99,,,6,Lifeforce400,Lifeforce160,https://cdn11.bigcommerce.com/s-l8fm6tm/images/stencil/800x800/products/2945/6276/smag_remember_I_am_with_you__14551.1551906085.jpg?c=2,smag_remember_I_am_with_you__14551.1551906085.jpg?c=2,,,Lifeforce800,smag_remember_I_am_with_you__14551.1551906085.jpg?c=2
"It's a process, Glass Stone",W-54,"Home|Individual Items|Glass Stones, Shiny|Wisdom Stones|It's a process, Glass Stone","It's a process. Glass stone, about 1.25"" in diameter. Various colors. There is a minimum order quantity of 6 stones.",,,,,,,6,3.99,10,2.99,,,6,Lifeforce400,Lifeforce160,https://cdn11.bigcommerce.com/s-l8fm6tm/images/stencil/800x800/products/1146/6234/itsaprocess_800__50897.1551377269.jpg?c=2,itsaprocess_800__50897.1551377269.jpg?c=2,,,Lifeforce800,itsaprocess_800__50897.1551377269.jpg?c=2
"12 Power Stones, Faith",121,"Home|New Age|12 Power Stones, Faith","Faith Glass Power Stone – Inspiring Royal Blue Stone (1.25"" Diameter)
This Faith Glass Power Stone embodies the strength and serenity of faith with its deep royal blue hue. Measuring 1.25 inches in diameter, this beautifully printed glass stone serves as a tangible reminder of inner trust and belief, making it perfect for meditation, prayer, or as a meaningful gift for loved ones.
Each Faith stone is designed with quality glass for durability and clarity, adding a calming yet powerful accent to any space. Ideal for personal inspiration, group gatherings, or retail display, this stone helps individuals connect with and nurture their sense of faith.
Key Details:
Power Represented: Faith
Color: Royal blue for a calming, steadfast presence
Size: 1.25 inches in diameter
Minimum Order Quantity: 6 stones
This Faith Glass Power Stone is an inspiring keepsake for anyone seeking a reminder of the power of faith in their lives.",,,,,,,6,3.99,10,2.99,,,6,Lifeforce400,Lifeforce160,https://cdn11.bigcommerce.com/s-l8fm6tm/images/stencil/800x800/products/1226/12766/Faith__32649.1743498444.png?c=2,Faith__32649.1743498444.png?c=2,,,Lifeforce800,Faith__32649.1743498444.png?c=2
"Ernest Holmes- I let go of negative beliefs and affirm that Love is transforming my life today, Glass Stone",E-5,"Home|Individual Items|Glass Stones, Shiny|New Thought|Ernest Holmes- I let go of negative beliefs and affirm that Love is transforming my life today, Glass Stone","Ernest Holmes quote- I let go of negative beliefs and affirm that Love is transforming my life today. 1.25"" glass stone, assorted colors. There is a minimum order quantity of 6 stones.",,,,,,,6,3.99,10,2.99,,,6,Lifeforce400,Lifeforce160,https://cdn11.bigcommerce.com/s-l8fm6tm/images/stencil/800x800/products/387/5344/iletgoofnegativebeliefs_800__51988.1537305462.jpg?c=2,iletgoofnegativebeliefs_800__51988.1537305462.jpg?c=2,,,Lifeforce800,iletgoofnegativebeliefs_800__51988.1537305462.jpg?c=2
"Creativity, Glass Stone",F-11,"Home|Individual Items|Glass Stones, Shiny|Focus Stones|Creativity, Glass Stone","Have you hit a creative road block? Writers block? The Creativity stone could help reignite your ignition. What you give your attention to is what you get. 1.25"" glass stone, assorted colors. There is a minimum order quantity of 6 stones.",,,,,,,6,3.99,10,2.99,,,6,Lifeforce400,Lifeforce160,https://cdn11.bigcommerce.com/s-l8fm6tm/images/stencil/800x800/products/406/11011/Creativity__24560.1718705345.png?c=2,Creativity__24560.1718705345.png?c=2,,,Lifeforce800,Creativity__24560.1718705345.png?c=2
"I am important, Glass Stone",AF26,"Home|Individual Items|Glass Stones, Shiny|Affirmation Stones|I am important, Glass Stone","I am important glass stone, part of the affirmation stone assortment. Great motivational tool or gift. Approximately 1.25"" in diameter. All stones are sent in assorted colors. There is a minimum order quantity of 6 stones.",,,,,,,6,3.99,10,2.99,,,6,Lifeforce400,Lifeforce160,https://cdn11.bigcommerce.com/s-l8fm6tm/images/stencil/800x800/products/139/5237/i_am_important_800__67579.1536681101.jpg?c=2,i_am_important_800__67579.1536681101.jpg?c=2,,,Lifeforce800,i_am_important_800__67579.1536681101.jpg?c=2
"I enjoy perfect health, Glass Stone",AF20,"Home|Individual Items|Glass Stones, Shiny|Affirmation Stones|I enjoy perfect health, Glass Stone","I enjoy perfect health glass stone. Available singly or in the thousands! Approximately 1.25"" in diameter. Many colors available, if you have a preference please let us know. There is a minimum order quantity of 6 stones.",,,,,,,6,3.99,10,2.99,,,6,Lifeforce400,Lifeforce160,https://cdn11.bigcommerce.com/s-l8fm6tm/images/stencil/800x800/products/134/5696/i_enjoy_perfect_health_800__13095.1537806417.jpg?c=2,i_enjoy_perfect_health_800__13095.1537806417.jpg?c=2,,,Lifeforce800,i_enjoy_perfect_health_800__13095.1537806417.jpg?c=2
Will You Marry Me Heart,HT6,Home|Individual Items|Hearts|Classic Frosted Glass Hearts|Will You Marry Me Heart,"Show your creativity and present this beautiful glass heart that says, ""Will You Marry Me?"" when you pop the question. The hearts have a satiny finish. Available in pink, white and lilac. A sheer pouch is included. The size is about 1.75"". A gift box is included for easy wrapping. There is a minimum order quantity of 6 hearts.",,,,,,,1,17.95,4,6.99,,,1,Lifeforce400,Lifeforce160,https://cdn11.bigcommerce.com/s-l8fm6tm/images/stencil/800x800/products/2317/7664/will_you_marry_me_pink_1__29112.1580417390.jpg?c=2,will_you_marry_me_pink_1__29112.1580417390.jpg?c=2,,,Lifeforce800,will_you_marry_me_pink_1__29112.1580417390.jpg?c=2
"Chakra - Solar Plexus, Glass Stone",CK-5,"Home|New Age|Chakra - Solar Plexus, Glass Stone","This stone has the Solar Plexus Chakra with the attributes associated with it printed on a Yellow colored glass stone.
Each stone is approximately 1.25 inches in diameter. There is a minimum order quantity of 6 stones.",,,,,,,6,3.99,10,2.99,,,6,Lifeforce400,Lifeforce160,https://cdn11.bigcommerce.com/s-l8fm6tm/images/stencil/800x800/products/3440/9545/Solar_Plexus_Chakra_YELLOW__99245.1686147537.png?c=2,Solar_Plexus_Chakra_YELLOW__99245.1686147537.png?c=2,,,Lifeforce800,Solar_Plexus_Chakra_YELLOW__99245.1686147537.png?c=2
Opal Worry Stone,OWS,Home|Hospital|Opal Worry Stone,"Opal Worry Stone – Embrace Calm, Inner Peace, and Balance
Discover the soothing energy of our Opal Worry Stone, a beautifully crafted crystal designed to bring calm, inner peace, and emotional balance into your life. Whether you're looking for stress relief, intuitive guidance, or a sense of security, this worry stone is a powerful tool to help you stay centered.
Why Choose Our Opal Worry Stone?
Genuine Opal Crystal: Made from authentic Opal, known for its iridescent play of colors and calming properties, this worry stone is polished to a smooth and comforting finish. Opal is celebrated for its ability to bring emotional balance, spiritual insight, and a sense of security to its user.
Uplifting Printed Words: Each stone is printed with five guiding words: Calm, Security, Inner Peace, Intuition, Balance. These words remind you to embrace calmness, trust your intuition, and cultivate a deep sense of peace and security, making the stone a meaningful part of your daily routine.
The Harmonizing Energy of Opal:
Opal is revered for its ability to:
Promote calm and emotional stability, helping you navigate stressful situations with ease.
Enhance intuition and insight, providing clarity and inner guidance during meditation or reflection.
Foster inner peace, allowing you to release worry and find comfort in the present moment.
Create a sense of balance and security, keeping you grounded and centered in your daily life.
Tranquility at Your Fingertips
At approximately 1.6 inches in length, this Opal Worry Stone fits comfortably in your pocket, purse, or hand, making it a perfect tool for on-the-go mindfulness. Whether you're facing a challenging day or need a moment to connect with your intuition, this stone offers calm and balance wherever you are.
A Meaningful Gift for Emotional Balance
The Opal Worry Stone is a thoughtful gift for anyone seeking peace, balance, or heightened intuition. It can also be purchased as part of our Worry Stone Assortment, allowing you to experience the unique benefits of multiple crystals.
Care Instructions
To maintain the beauty of the printed words on your Opal Worry Stone, handle it gently and avoid contact with sharp objects.",,,,,,,1,9.99,15,7.99,,,1,Lifeforce400,Lifeforce160,https://cdn11.bigcommerce.com/s-l8fm6tm/images/stencil/800x800/products/4616/11847/Opal_White_Background__22027.1730391503.png?c=2,Opal_White_Background__22027.1730391503.png?c=2,,,Lifeforce800,Opal_White_Background__22027.1730391503.png?c=2
"Chinese Health, Glass Stone",KJ-23,"Home|Individual Items|Glass Stones, Shiny|Chinese Character Stones|Chinese Health, Glass Stone","The Chinese character for Health and its English translation are printed on a glass stone in various colors. 1.25"" in diameter. There is a minimum order quantity of 6 stones.",,,,,,,6,3.99,10,2.99,,,6,Lifeforce400,Lifeforce160,https://cdn11.bigcommerce.com/s-l8fm6tm/images/stencil/800x800/products/579/12702/Chinese_Health_2__99375.1743173056.png?c=2,Chinese_Health_2__99375.1743173056.png?c=2,,,Lifeforce800,Chinese_Health_2__99375.1743173056.png?c=2
"Energy, Glass Stone",F-15,"Home|Individual Items|Glass Stones, Shiny|Focus Stones|Energy, Glass Stone","What you think about is what you get. What you look at on your desk is what you think about. If the glass stone there says Energy, you'll revitalize. Available in many colors and is approximately one and a quarter inch in diameter. There is a minimum order quantity of 6 stones.",,,,,,,6,3.99,10,2.99,,,6,Lifeforce400,Lifeforce160,https://cdn11.bigcommerce.com/s-l8fm6tm/images/stencil/800x800/products/430/11010/Energy__50064.1718705153.png?c=2,Energy__50064.1718705153.png?c=2,,,Lifeforce800,Energy__50064.1718705153.png?c=2
"Ernest Holmes- The love in me shines forth as harmony, peace, joy, freedom, and wisdom, Glass Stone",E-10,"Home|Individual Items|Glass Stones, Shiny|New Thought|Ernest Holmes- The love in me shines forth as harmony, peace, joy, freedom, and wisdom, Glass Stone","Ernest Holmes quote- The love in me shines forth as harmony, peace, joy, freedom, and wisdom.. 1.25"" glass stone, assorted colors. There is a minimum order quantity of 6 stones.",,,,,,,6,3.99,10,2.99,,,6,Lifeforce400,Lifeforce160,https://cdn11.bigcommerce.com/s-l8fm6tm/images/stencil/800x800/products/380/5348/theloveinme_800__48770.1537305633.jpg?c=2,theloveinme_800__48770.1537305633.jpg?c=2,,,Lifeforce800,theloveinme_800__48770.1537305633.jpg?c=2
"Acrylic Scripture Magnets, Set of Six",AMAGSC,"Home|Hospital|Acrylic Scripture Magnets, Set of Six","Each magnet in our Acrylic Scripture Magnet set features beautiful ethereal artwork, and a wonderful verse for us to ponder as we go about our day.
The six designs include:
● But Those Who Trust in the Lord for Help...Will Rise on Wings Like Eagles - Isaiah 40:31
● I Can Do All Things in Him Who Strengthens Me - Philippians 4:13
● Let All That You Do, Be in Love - 1 Corinthians 16:14
● Remember I Am with You Always - Matthew 23:20
● Stand Firm in Your Faith, Be Courageous, Be Strong - 1 Corinthians 16:13
● Trust In the Lord with All Your Heart and Lean Not unto Your Own Understanding - Proverb 3:5
Product Details:
● Packaged loose for individual resale or gifting
● Made from high quality Lucite material
● Printed using the highest quality inks and technology
● Each magnet is 3.75” x 2.75” x ⅛”
● Designed and printed in MA, USA
● RRP $7 Per Magnet
There is a minimum order quantity of 5 sets on our Acrylic Magnets.",,,,,,,5,14.5,,,,,5,Lifeforce400,Lifeforce160,https://cdn11.bigcommerce.com/s-l8fm6tm/images/stencil/800x800/products/4485/10352/Acrylic_Magnets_6_Pack_4__15267.1712248716.png?c=2,Acrylic_Magnets_6_Pack_4__15267.1712248716.png?c=2,,,Lifeforce800,Acrylic_Magnets_6_Pack_4__15267.1712248716.png?c=2
"The Mermaid's Message, Red Hibiscus, Sea Glass Stone",MM64,"Home|Individual Items|Glass Stones, Frosted|The Mermaid's Message, Hawaiian Images|The Mermaid's Message, Red Hibiscus, Sea Glass Stone","One of the prettiest things we have done yet with our digital printer is this beautiful red hibiscus on Mermaid Message stones. The stones are marine colors: blues, teal, green and white and are 1.25 inches in diameter, approximately. There is a minimum order quantity of 6 stones.",,,,,,,6,3.99,10,2.99,,,6,Lifeforce400,Lifeforce160,https://cdn11.bigcommerce.com/s-l8fm6tm/images/stencil/800x800/products/3431/12711/Red_Hibiscus_Teal__46964.1743173828.png?c=2,Red_Hibiscus_Teal__46964.1743173828.png?c=2,,,Lifeforce800,Red_Hibiscus_Teal__46964.1743173828.png?c=2
"If you believe in yourself, anything is possible, Glass Stone",W-78,"Home|Inspirational|If you believe in yourself, anything is possible, Glass Stone","If you believe in yourself, anything is possible. Glass stone, about 1.25"" in diameter. Various colors. There is a minimum order quantity of 6 stones.",,,,,,,6,3.99,10,2.99,,,6,Lifeforce400,Lifeforce160,https://cdn11.bigcommerce.com/s-l8fm6tm/images/stencil/800x800/products/1167/5151/if_you_believe_in_yourself_800__31916.1536348080.jpg?c=2,if_you_believe_in_yourself_800__31916.1536348080.jpg?c=2,,,Lifeforce800,if_you_believe_in_yourself_800__31916.1536348080.jpg?c=2
"Affirmation II, Set of six glass stones",Set11,"Home|Small Sets|Set of Six Glass Stones or Magnets|Set of Six Glass Stones, Shiny|Affirmation II, Set of six glass stones","Affirmations are proven tools to help you reach your goals. Printed on glass stones, they're beautiful, too! In Set II you get:
I attract love and abunddance.
I am successful.
I know exactly what to do.
I live every day as if it were a gift.
I have all the money I need to do that which is mine to do.
I enjoy perfect health.
Your glass affirmation stones are approximately 1.25"" in diameter. All the stones will be different colors, though probably not exactly as pictured. Color availability changes all the time in the glass world, and there are variations between batches, like yarn dye lots.
   ",,,,,,,1,16.49,4,13.19,,,1,Lifeforce400,Lifeforce160,https://cdn11.bigcommerce.com/s-l8fm6tm/images/stencil/800x800/products/150/5780/affirmation2_flower_800__88867.1538249480.jpg?c=2,affirmation2_flower_800__88867.1538249480.jpg?c=2,,,Lifeforce800,affirmation2_flower_800__88867.1538249480.jpg?c=2
"Celtic Cross 2, Glass Stone",M-74,"Home|Irish|Celtic Cross 2, Glass Stone","Another style of Celtic Cross glass stone, from the Irish stone assortment. Great inventory for St. Patrick's day. Available in multiple shades of green and approximately one and a quarter inch in diameter. There is a minimum order quantity of 6 stones.",,,,,,,6,3.99,10,2.99,,,6,Lifeforce400,Lifeforce160,https://cdn11.bigcommerce.com/s-l8fm6tm/images/stencil/800x800/products/1223/12644/Celtic_Cross_2__31184.1743092889.png?c=2,Celtic_Cross_2__31184.1743092889.png?c=2,,,Lifeforce800,Celtic_Cross_2__31184.1743092889.png?c=2
Inspirational Lucite Plaque - Travel,LP15,Home|Individual Items|Inspirational Lucite Plaques|Inspirational Lucite Plaque - Travel,"Say bon voyage and safe travels to your friend or family member with our beautiful and sentimental going away gift! Crafted from premium materials, the plaque features an inspiring message that will brighten up any room in their home or office and will hold sentimental value for years to come. It will serve as a reminder of the love and support they have from you, wherever they may go.
Printed directly onto a 1-Inch-thick piece of crystal-clear acrylic, the result is an exquisite free-standing piece. The borderless design with transparent edges enhances the piece with a depth that subtly changes with the angle of vision - taking on an almost 3D quality.
Key Features:
High resolution digitally printed imagery
Diamond Polished & Hand Buffed
Superior material hand selected for its outstanding strength, clarity, and scratch resistance
Dimensions - 4” x 6” x 1” thick
Made in MA, USA",,,,,,,1,32.99,3,28.99,,,1,Lifeforce400,Lifeforce160,https://cdn11.bigcommerce.com/s-l8fm6tm/images/stencil/800x800/products/4425/9235/Travel-View_4_2__43368.1676455130.png?c=2,Travel-View_4_2__43368.1676455130.png?c=2,,,Lifeforce800,Travel-View_4_2__43368.1676455130.png?c=2
"Combination Pack, Chakra & Connection Stones",Combo 3,"Home|New Age|Combination Pack, Chakra & Connection Stones","Chakra Stones and Connection Stones are relatively new for us, maybe you'd like to try them but you don't want 100 of both. Here you go! You can get an assortment of 50 Chakra and 50 Connection Stones for a limited time. We'll use the Chakra stone header card since we have to choose. 
For more information about Chakra Stones: Chakra Stone Assortment of 100 Glass Stones
For more information about Connection Stones: Connection Stones, 100 Glass Stones, Tools For Transformation",,,,,,,1,125,5,118.75,,,1,Lifeforce400,Lifeforce160,https://cdn11.bigcommerce.com/s-l8fm6tm/images/stencil/800x800/products/3801/9633/CHAKRA_1__43580.1686324229.PNG?c=2,CHAKRA_1__43580.1686324229.PNG?c=2,,,Lifeforce800,CHAKRA_1__43580.1686324229.PNG?c=2
Turquoise Cross Pendant Necklace,CRNETU,Home|Religious|Turquoise Cross Pendant Necklace,"Embrace your spirituality with our Turquoise Cross Pendant Necklace, a piece that beautifully marries faith with contemporary design. This elegant necklace features a copper cross delicately mounted upon a turquoise stone pendant. The natural allure of the turquoise, known for its calming hues, is highlighted by the warm copper tones of the cross, offering a stylish embodiment of one's connection to their Religion. Paired with a durable stainless-steel chain, the necklace is both a fashion statement and a personal emblem of belief.
The design is simple yet meaningful, reflecting a connection with spirituality and the natural world.
Product Details:
● Made from Copper, Natural Stone & Stainless Steel
● Choose from Green, Pink Purple or Turquoise
● Allergy free, Nickel Free, Lead Free, Eco-Friendly
● Pendant Measures: 2x1 cm
● Chain measures 16” and extends to 18”
● Weighs 6 grams
● Packaged in a Clear Sleeve with a Backing Card
Ideal for gifting or as a personal token, this necklace is a testament to timeless faith and modern craftsmanship.
Wholesale pricing is implemented when you purchase 10 or more necklaces.
 ",,,,,,,1,13.95,10,7.95,,,1,Lifeforce400,Lifeforce160,https://cdn11.bigcommerce.com/s-l8fm6tm/images/stencil/800x800/products/4479/10330/Turquoise_Product_Image_2__43370.1710930203.png?c=2,Turquoise_Product_Image_2__43370.1710930203.png?c=2,,,Lifeforce800,Turquoise_Product_Image_2__43370.1710930203.png?c=2
"Fruits of the Spirit Collection of Glass Stones, 100 Pieces",FSC,"Home|Religious|Fruits of the Spirit Collection of Glass Stones, 100 Pieces","This collection is based on the scripture verse Galatians 5:22-23: ""But the fruit of the Spirit is love, joy, peace, patience, kindness, goodness, faithfulness,gentleness, self-control; against such things there is no law."" You will receive 11 of each of the nine ""fruits"", plus one. Each stone is approximately 1.25"" in diameter. The glass is translucent and opaque.Your one hundred stones will be assorted in many different colors, and you will receive a basket and header display.
If you are reordering and wish to buy the Fruits of the Spirit Stones in varying quantities, you can do that here. The price will go down as you shop.
 ",,,,,,,1,125,5,118.75,,,1,Lifeforce400,Lifeforce160,https://cdn11.bigcommerce.com/s-l8fm6tm/images/stencil/800x800/products/523/9968/IMG_9158__37813.1700148499.jpg?c=2,IMG_9158__37813.1700148499.jpg?c=2,,,Lifeforce800,IMG_9158__37813.1700148499.jpg?c=2
"Cast thy burden upon the Lord, and He shall sustain thee...Psalm 55:22, Glass Stone",S-9,"Home|Religious|Cast thy burden upon the Lord, and He shall sustain thee...Psalm 55:22, Glass Stone","Cast thy burden upon the Lord, and He shall sustain thee. Psalms 55:22. Glass stone, 1.25"", various colors. There is a minimum order quantity of 6 stones.",,,,,,,6,3.99,10,2.99,,,6,Lifeforce400,Lifeforce160,https://cdn11.bigcommerce.com/s-l8fm6tm/images/stencil/800x800/products/962/9004/cast_thy_burden_orange__84687.1656613320.jpg?c=2,cast_thy_burden_orange__84687.1656613320.jpg?c=2,,,Lifeforce800,cast_thy_burden_orange__84687.1656613320.jpg?c=2
"Determination, Glass Stone",F-12,"Home|Individual Items|Glass Stones, Shiny|Focus Stones|Determination, Glass Stone","Stay the course and use a Determination stone to help you get there. Do you have a friend training for a marathon? Or is one of your children struggling through a hard class load? The determination stone could be a great gift for either situations. 1.25"" glass stone, assorted colors. There is a minimum order quantity of 6 stones.",,,,,,,6,3.99,10,2.99,,,6,Lifeforce400,Lifeforce160,https://cdn11.bigcommerce.com/s-l8fm6tm/images/stencil/800x800/products/413/5255/determination_800__20451.1536697016.jpg?c=2,determination_800__20451.1536697016.jpg?c=2,,,Lifeforce800,determination_800__20451.1536697016.jpg?c=2
Fruit of the Spirit Glass Stone- Gentleness,FS-8,"Home|Individual Items|Glass Stones, Shiny|Fruits of the Spirit Stones|Fruit of the Spirit Glass Stone- Gentleness","Fruit of the Spirit, Gentleness. 1.25"" glass stone, assorted colors. There is a minimum order quantity of 6 stones.",,,,,,,6,3.99,10,2.99,,,6,Lifeforce400,Lifeforce160,https://cdn11.bigcommerce.com/s-l8fm6tm/images/stencil/800x800/products/520/5588/fruits_gentleness_800__34777.1537644351.jpg?c=2,fruits_gentleness_800__34777.1537644351.jpg?c=2,,,Lifeforce800,fruits_gentleness_800__34777.1537644351.jpg?c=2
"Inspiration Magnet Assortment, 100 Magnets to Encourage and Inspire",IMA,"Home|Inspirational|Inspiration Magnet Assortment, 100 Magnets to Encourage and Inspire","Lifeforce Glass is all about realizing potential. Our Inspirational Sea Stone Magnets help your customers to achieve their dreams. There are twelve motivating and encouraging sayings, you will receive eight of each plus four to make 100. The magnets are 1.25 inches in diameter, and they come in a rainbow of colors. The glass has a frosted finish, and it is 100% recycled content (pre-consumer.)
The titles in your assortment are:
Anything is possible
Begin. Repeat as necessary.
Believe in yourself, Believe in your dreams.
Do. Or do not. There is no try. Yoda
If you can dream it, you can do it.
Keep on keepin' on.
Keep your head up.
Never, never, never give up. Winston Churchill
The darker the night, the brighter the stars.
There is only one you. You were meant for this.
You can do it!
You've got this.
If you like some of the titles and not others, you are welcome to shop by individual title.",,,,,,,1,165,,,,,1,Lifeforce400,Lifeforce160,https://cdn11.bigcommerce.com/s-l8fm6tm/images/stencil/800x800/products/2475/7788/inspiration_magnets_set_i_flower__46510.1631114403.jpg?c=2,inspiration_magnets_set_i_flower__46510.1631114403.jpg?c=2,,,Lifeforce800,inspiration_magnets_set_i_flower__46510.1631114403.jpg?c=2
"Modern Let All That You Do, Be In Love, Acrylic Magnet",AMAG27,"Home|Hospital|Modern Let All That You Do, Be In Love, Acrylic Magnet","Our modern religious magnets are the perfect addition to any home or setting in which you would like to be reminded of God's messages in a thoughtful way with a modern presentation.
Let love and faith be your guide!
Visually beautiful, with a meaningful message, our magnets are going to attract your attention!
This magnet features the quote: “Let All That You Do, Be in Love - 1 Corinthians 16:14” printed on a pink and white geometric background design with white lettering.
A Perfect gift for those of any age who use scripture in their daily life and apply its timeless message to our modern day world.
Our timeless straightforward designs let the scripture speak for itself.
-Each magnet measures approximately 3.75” x 2.75” x ⅛”
-Made from high quality acrylic
-Digitally printed
-Made in the USA/Massachusetts",,,,,,,1,7,16,5,,,1,Lifeforce400,Lifeforce160,https://cdn11.bigcommerce.com/s-l8fm6tm/images/stencil/800x800/products/4510/10717/Let_All_That_You_Do-Camera_7__07845.1712762106.png?c=2,Let_All_That_You_Do-Camera_7__07845.1712762106.png?c=2,,,Lifeforce800,Let_All_That_You_Do-Camera_7__07845.1712762106.png?c=2
"Tranquility, Glass Stone",F-48,"Home|Individual Items|Glass Stones, Shiny|Focus Stones|Tranquility, Glass Stone","Tranquility, what you give your attention to it is what you get. 1.25"" glass stone, assorted colors. There is a minimum order quantity of 6 stones.",,,,,,,6,3.99,10,2.99,,,6,Lifeforce400,Lifeforce160,https://cdn11.bigcommerce.com/s-l8fm6tm/images/stencil/800x800/products/464/5285/tranquility_800__77911.1536698325.jpg?c=2,tranquility_800__77911.1536698325.jpg?c=2,,,Lifeforce800,tranquility_800__77911.1536698325.jpg?c=2
"12 Power Stones, Understanding",129,"Home|New Age|12 Power Stones, Understanding","12 Power Stones, Understanding amber glass stone, 1.25"" in diameter. There is a minimum order quantity of 6 stones.",,,,,,,6,3.99,10,2.99,,,6,Lifeforce400,Lifeforce160,https://cdn11.bigcommerce.com/s-l8fm6tm/images/stencil/800x800/products/1234/12773/Understanding__89344.1743499858.png?c=2,Understanding__89344.1743499858.png?c=2,,,Lifeforce800,Understanding__89344.1743499858.png?c=2
"Cool Mom with Flower, Glass Stone",L-133,"Home|Individual Items|Glass Stones, Shiny|Love Stones|Cool Mom with Flower, Glass Stone",Cool Mom with a pretty flower printed on glass stones. Great for an every day gift or a little gift for Mothers day. Each stone is approximately 1.25 inches in diameter. Assorted colors. There is a minimum order quantity of 6 stones.,,,,,,,6,3.99,10,2.99,,,6,Lifeforce400,Lifeforce160,https://cdn11.bigcommerce.com/s-l8fm6tm/images/stencil/800x800/products/3462/13513/Cool_Mom_Do_Light_Blue_Crystal__51670.1750069844.png?c=2,Cool_Mom_Do_Light_Blue_Crystal__51670.1750069844.png?c=2,,,Lifeforce800,Cool_Mom_Do_Light_Blue_Crystal__51670.1750069844.png?c=2
"You're the sauce on my spaghetti, Glass Stone",L-67,"Home|Individual Items|Glass Stones, Shiny|Love Stones|You're the sauce on my spaghetti, Glass Stone","You're the sauce on my spaghetti glass stone. 1.25"" in red. A best seller. If you need valentines day inventory this will fly off the shelves. There is a minimum order quantity of 6 stones.",,,,,,,6,3.99,10,2.99,,,6,Lifeforce400,Lifeforce160,https://cdn11.bigcommerce.com/s-l8fm6tm/images/stencil/800x800/products/646/5750/youre_the_sauce_on_800__13203.1537816977.jpg?c=2,youre_the_sauce_on_800__13203.1537816977.jpg?c=2,,,Lifeforce800,youre_the_sauce_on_800__13203.1537816977.jpg?c=2
Inspirational Glass Plaque- Courage is what it takes to stand up and speak; courage is also what it takes to sit down and listen. -Winston Churchill,IP2,Home|Inspirational|Inspirational Glass Plaque- Courage is what it takes to stand up and speak; courage is also what it takes to sit down and listen. -Winston Churchill,"""Courage is what it takes to up and speak; courage is also what it takes to sit down and listen."" Winston Churchill may or may not have actually said this, but it is widely attributed to him. It's a great quote, regardless, and it reminds us that sometimes it is harder to be still than to act.
If you are in need of a gift for a principled person, this will fit the bill. Maybe that person is yourself!
The glass tile is three inches wide and six inches tall. It comes with a black, folding metal easel. It will make a beautiful addition to anyone's decor. Please indicate your choice of color in the notes section during checkout, or let us pick one for you. We have too many colors to list.",,,,,,,1,23.99,3,18.99,,,1,Lifeforce400,Lifeforce160,https://cdn11.bigcommerce.com/s-l8fm6tm/images/stencil/800x800/products/3108/4682/courage_red_1000_x_1000__17101.1552662021.jpg?c=2,courage_red_1000_x_1000__17101.1552662021.jpg?c=2,,,Lifeforce800,courage_red_1000_x_1000__17101.1552662021.jpg?c=2
"Scripture Hanging Ornament, Psalm 46:10",HBO4610,"Home|Religious|Scripture Hanging Ornament, Psalm 46:10","Scripture Hanging Ornament, Psalm 46:10
Nature is one of God’s greatest gifts to us, and many find peace in its solitude and beauty. Tall green trees and a dense forest floor set the scene for Psalm 46:10 “Be still and know that I am God”.
In the stillness of this forest visual we are able to transport ourselves to a serene place to consider the words of Psalm 46:10.
Moody shades of green featuring filtered sunlight through the thick forest branches bring to life all of God’s beauty.
This Blessing Ornament is sure to be a hit with customers who appreciate simple beauty and Gods gifts.
The perfect pick me up at the cash wrap or an add on to a perfectly wrapped present. The Blessing Ornament is wonderful on its own or accompanied with other Lifeforce Glass products.

Product Details:
● Each Blessing Ornament is 4” round & ⅛” thick
● Stunning; digitally printed on both sides
● Features a White Silk Tassel for Hanging
● Blessing Ornament is Packaged in a Clear Sleeve with a Descriptive Backing Card
● Made in MA, USA",,,,,,,1,12.95,10,7.5,,,1,Lifeforce400,Lifeforce160,https://cdn11.bigcommerce.com/s-l8fm6tm/images/stencil/800x800/products/4482/10300/Pslam_4610_Product_Image_1__58392.1710169922.png?c=2,Pslam_4610_Product_Image_1__58392.1710169922.png?c=2,,,Lifeforce800,Pslam_4610_Product_Image_1__58392.1710169922.png?c=2
"Chakra - Third Eye, Glass Stone",CK-2,"Home|New Age|Chakra - Third Eye, Glass Stone","This stone has the Third Eye Chakra with the attributes associated with it printed on a Dark Blue colored glass stone.
Each stone is approximately 1.25 inches in diameter. There is a minimum order quantity of 6 stones.",,,,,,,6,3.99,10,2.99,,,6,Lifeforce400,Lifeforce160,https://cdn11.bigcommerce.com/s-l8fm6tm/images/stencil/800x800/products/3437/9552/Third_Eye_Chakra_DARK_BLUE__90266.1686148906.png?c=2,Third_Eye_Chakra_DARK_BLUE__90266.1686148906.png?c=2,,,Lifeforce800,Third_Eye_Chakra_DARK_BLUE__90266.1686148906.png?c=2
"Commit to the Lord whatever you do, and your plans will succeed. Proverbs 16:3, Glass Stone",S-82,"Home|Religious|Commit to the Lord whatever you do, and your plans will succeed. Proverbs 16:3, Glass Stone","Introducing the ""Commit to the Lord"" glass stone from Lifeforce Glass. This beautifully crafted stone features the encouraging verse from Proverbs 16:3, ""Commit to the Lord whatever you do, and your plans will succeed."" Measuring 1.25 inches in diameter and available in various colors, this glass stone is a perfect token of faith and motivation. Ideal for personal inspiration or as a meaningful gift, it requires a minimum order of six stones. Elevate your daily reminder of faith and success with this elegant piece",,,,,,,6,3.99,10,2.99,,,6,Lifeforce400,Lifeforce160,https://cdn11.bigcommerce.com/s-l8fm6tm/images/stencil/800x800/products/961/5096/commit_to_the_Lord_800__53697.1536254361.jpg?c=2,commit_to_the_Lord_800__53697.1536254361.jpg?c=2,,,Lifeforce800,commit_to_the_Lord_800__53697.1536254361.jpg?c=2
Bookstore Assortment,BKSA,Home|Assortments For Resale|Shiny Stones|Bookstore Assortment,"Our assortment of beautifully printed glass stones makes the ideal POS item that your customers won't be able to resist. Not only do they make the perfect impulse buy for any book lover, they are also a cute, inexpensive add-on for someone buying a gift for a loved one.
Your 100 stone assortment contains 15 different titles printed on various colored opaque and translucent glass. For example: Once Upon a Time So Many Books, So Little Time Bookmarks are for Quitters Be Kind, Read Books, Be Happy Read More, Worry Less Booktovert and more... Everything is printed and packed in house at our MA facility. A basket and header card display is also included with your first order. Each stone is approximately 1.25"" in diameter, and your cost is $1.25 per stone.
 ",,,,,,,1,125,5,118.75,,,1,Lifeforce400,Lifeforce160,https://cdn11.bigcommerce.com/s-l8fm6tm/images/stencil/800x800/products/4439/9708/Bookstore_Assortment_1__99435__35753.1689868490.jpg?c=2,Bookstore_Assortment_1__99435__35753.1689868490.jpg?c=2,,,Lifeforce800,Bookstore_Assortment_1__99435__35753.1689868490.jpg?c=2
"Bear, Wooden Postcard",PCB,"Home|Holidays|Bear, Wooden Postcard","Bear, Wooden Postcard
Send a touch of woodland charm this holiday season with our adorable Wooden Christmas Postcard featuring a sweet bear holding a gift. Surrounded by delicate, nature-inspired elements like pine branches, pinecones, and subtle florals, this postcard captures the magic of a cozy winter scene. Measuring 4"" x 6"" and 1/10 of an inch thick, it's the perfect size for mailing warm wishes or adding a unique touch to your holiday gifts.
Crafted from sustainably sourced wood, this postcard is laser cut and printed in-house, ensuring vibrant colors and intricate details. It’s an eco-friendly alternative to traditional paper cards, offering a thoughtful way to share holiday greetings while caring for the environment. The sturdy wooden design transforms this card into a lasting keepsake, making it a memorable choice for friends and family.
Ideal for those who appreciate the blend of whimsical design and eco-conscious living, this postcard is also available for wholesale, making it a delightful addition to any retailer's holiday collection. Whether you're sending a postcard Christmas card to a loved one or stocking up on eco-friendly Christmas postcards for your store, this charming bear design is sure to bring joy.
Key Features:
Laser cut and expertly printed in-house for vibrant, high-quality detail.
Made from sustainable wood, offering an eco-friendly alternative to paper cards.
Size: 4"" x 6"" and 1/10 of an inch thick, perfect for mailing or including with gifts.
Durable design that turns a simple card into a lasting keepsake.
Available for wholesale, making it ideal for retailers looking for unique holiday products.
Whimsical, nature-inspired design that combines festive cheer with eco-conscious values.
Why Choose Our Wooden Bear Christmas Postcard?
Eco-Friendly Choice: Made from sustainably sourced wood, this postcard helps you celebrate the season while reducing your environmental impact.
Charming and Whimsical Design: The sweet bear and nature-inspired details add a touch of warmth and magic to your holiday greetings.
Perfect for Every Occasion: Whether for personal use or to offer in your store, this postcard Christmas card is a unique and thoughtful way to share the joy of the season.
Share the magic of the holidays with our Wooden Bear Christmas Postcard. It's an eco-conscious, whimsical way to send heartfelt wishes that will be cherished year after year.
To reach our lowest wholesale price of $2.99 per postcard, simply mix and match a total of 16 postcards from our collection. Interested in custom designs? We offer low minimums—contact us for more information on creating your own unique postcards.
To avoid any potential disruption in delivery, we suggest using 2 First Class Stamps.",,,,,,,1,6,16,2.99,,,1,Lifeforce400,Lifeforce160,https://cdn11.bigcommerce.com/s-l8fm6tm/images/stencil/800x800/products/4535/13046/Bear_FULL-Camera__54936.1747057644.png?c=2,Bear_FULL-Camera__54936.1747057644.png?c=2,,,Lifeforce800,Bear_FULL-Camera__54936.1747057644.png?c=2
"Petroglyph- Male Paddler, Sea Glass Stone",MM71,"Home|Individual Items|Glass Stones, Frosted|The Mermaid's Message, Hawaiian Images|Petroglyph- Male Paddler, Sea Glass Stone",This Male Paddler Petroglyph can be found carved into rock faces in Hawaii by the ancestors long ago. Printed on beach colored frosted glass stones approximately 1.25 inches in diameter. There is a minimum order quantity of 6 stones.,,,,,,,6,3.99,10,2.99,,,6,Lifeforce400,Lifeforce160,https://cdn11.bigcommerce.com/s-l8fm6tm/images/stencil/800x800/products/3496/6349/Pet_Male_Paddler__04168.1552313117.jpg?c=2,Pet_Male_Paddler__04168.1552313117.jpg?c=2,,,Lifeforce800,Pet_Male_Paddler__04168.1552313117.jpg?c=2
"Respect, Glass Stone",F-98,"Home|Individual Items|Glass Stones, Shiny|Focus Stones|Respect, Glass Stone","Respect stone use it as a reward for people who have been considerate of others. This stone is also a part of the Character Builder assortment. Available in multiple colors, and  is an inch and a quarter in diameter. There is a minimum order quantity of 6 stones.",,,,,,,6,3.99,10,2.99,,,6,Lifeforce400,Lifeforce160,https://cdn11.bigcommerce.com/s-l8fm6tm/images/stencil/800x800/products/509/5652/respect_800__11805.1537800009.jpg?c=2,respect_800__11805.1537800009.jpg?c=2,,,Lifeforce800,respect_800__11805.1537800009.jpg?c=2
"Breathe, Glass Stone",F-133,"Home|Individual Items|Glass Stones, Shiny|Focus Stones|Breathe, Glass Stone","Breathe is one of the best selling stones in the Focus stone collection. 1.25"" glass stone, many colors available, if you have a preference please let us know. There is a minimum order quantity of 6 stones.",,,,,,,6,3.99,10,2.99,,,6,Lifeforce400,Lifeforce160,https://cdn11.bigcommerce.com/s-l8fm6tm/images/stencil/800x800/products/423/5020/breathe_800__44053.1535641193.JPG?c=2,breathe_800__44053.1535641193.JPG?c=2,,,Lifeforce800,breathe_800__44053.1535641193.JPG?c=2
"Let not your hearts be troubled... John 14:1, Glass Stone",S-18,"Home|Religious|Let not your hearts be troubled... John 14:1, Glass Stone","Let not your hearts be troubled. John 14:1 glass stone. Various colors, 1.25"". There is a minimum order quantity of 6 stones.",,,,,,,6,3.99,10,2.99,,,6,Lifeforce400,Lifeforce160,https://cdn11.bigcommerce.com/s-l8fm6tm/images/stencil/800x800/products/890/5443/let_not_your_hearts_be_800__44039.1537474233.jpg?c=2,let_not_your_hearts_be_800__44039.1537474233.jpg?c=2,,,Lifeforce800,let_not_your_hearts_be_800__44039.1537474233.jpg?c=2
"Ernest Holmes- God speaks wherever and whenever we listen to our inner voice, Glass Stone",E-2,"Home|Individual Items|Glass Stones, Shiny|New Thought|Ernest Holmes- God speaks wherever and whenever we listen to our inner voice, Glass Stone","Ernest Holmes quote- God speaks wherever and whenever we listen to our inner voice. 1.25"" glass stone, assorted colors. There is a minimum order quantity of 6 stones.",,,,,,,6,3.99,10,2.99,,,6,Lifeforce400,Lifeforce160,https://cdn11.bigcommerce.com/s-l8fm6tm/images/stencil/800x800/products/384/5342/godspeakswherever_800__53468.1537305379.jpg?c=2,godspeakswherever_800__53468.1537305379.jpg?c=2,,,Lifeforce800,godspeakswherever_800__53468.1537305379.jpg?c=2
Detach Connection Stone,CNS8,Home|Inspirational|Detach Connection Stone,"When you are dead set on an outcome, you may be blocking your highest good. If you can detach you allow other possibilities. Here's a beautiful aid for your effort, a glass stone that says Detach. Stop grasping and let the Universe do its work.
Our Connection Stones are 1.25"" in diameter and are made in the USA. ",,,,,,,6,3.99,10,2.99,,,6,Lifeforce400,Lifeforce160,https://cdn11.bigcommerce.com/s-l8fm6tm/images/stencil/800x800/products/3757/9618/Detach__59633.1686237357.png?c=2,Detach__59633.1686237357.png?c=2,,,Lifeforce800,Detach__59633.1686237357.png?c=2
"Luck of the Irish, Glass Stone",H-28,"Home|Irish|Luck of the Irish, Glass Stone","Luck of the Irish glass stone. Even if you're not Irish you may want to test this out and see if you could absorb some of the Irish luck! 1.25"" printed on various shades of green. There is a minimum order quantity of 6 stones.",,,,,,,6,3.99,10,2.99,,,6,Lifeforce400,Lifeforce160,https://cdn11.bigcommerce.com/s-l8fm6tm/images/stencil/800x800/products/537/12650/Luck_of_the_Irish__66769.1743093342.png?c=2,Luck_of_the_Irish__66769.1743093342.png?c=2,,,Lifeforce800,Luck_of_the_Irish__66769.1743093342.png?c=2
Pet Stones- All of my children have paws.,IPS1,"Home|Individual Items|Glass Stones, Frosted|Pet Stones|Pet Stones- All of my children have paws.","We all love our furbabies so much. Share this gorgeous sea stone with a friend who understands that pets are like furry children. Assorted colors, 1.25 inches in diameter. There is a minimum order quantity of 6 stones.",,,,,,,6,3.99,10,2.99,,,6,Lifeforce400,Lifeforce160,https://cdn11.bigcommerce.com/s-l8fm6tm/images/stencil/800x800/products/2779/4933/all_of_my_children_have_paws_teal_800__01453.1534791205.jpg?c=2,all_of_my_children_have_paws_teal_800__01453.1534791205.jpg?c=2,,,Lifeforce800,all_of_my_children_have_paws_teal_800__01453.1534791205.jpg?c=2
Christmas Glass Plaque - Bless Our Home This Christmas,IPCH2,Home|Holidays|Christmas Glass Plaque - Bless Our Home This Christmas,"Bless Our Home This Christmas Glass Plaque – the perfect addition to your store's Christmas collection.
Crafted with precision and designed to infuse the spirit of Christmas into any space, these plaques are the ideal choice for customers searching for elegant Christmas décor.
Their classic design makes them perfect for decorating mantels, shelves, or entryways. Encourage your customers to create stunning holiday displays in their homes, pairing the plaques with garlands, lights, and other Christmas ornaments for a magical touch.
The glass plaques are 3 inches by 6 inches. They come in black, white, red and green. They will come assorted unless you have a specific request.
Included is a folding black metal easel and a gift box. Made in MA.",,,,,,,1,23.99,3,18.99,,,1,Lifeforce400,Lifeforce160,https://cdn11.bigcommerce.com/s-l8fm6tm/images/stencil/800x800/products/4453/9895/Bless_our_home_1__32730.1697124794.jpg?c=2,Bless_our_home_1__32730.1697124794.jpg?c=2,,,Lifeforce800,Bless_our_home_1__32730.1697124794.jpg?c=2
"Festival Glass, Gratitude",FG7,"Home|Individual Items|Glass Stones, Shiny|Festival Glass|Festival Glass, Gratitude","Our new Festival Glass is imprinted with one our most popular and important words; Gratitude. Approximately 1.25 inches in diameter and is available in the festival glass colors; swirly green, swirly red, swirly blue and a swirly white. There is a minimum order quantity of 6 stones.",,,,,,,6,3.99,10,2.99,,,6,Lifeforce400,Lifeforce160,https://cdn11.bigcommerce.com/s-l8fm6tm/images/stencil/800x800/products/2067/6385/Gratitude__74080.1552335042.jpg?c=2,Gratitude__74080.1552335042.jpg?c=2,,,Lifeforce800,Gratitude__74080.1552335042.jpg?c=2
"Beautiful things happen when you smile, Glass Stone",W-88,"Home|Inspirational|Beautiful things happen when you smile, Glass Stone","Beautiful things happen when you smile. Glass stone, about 1.25"" in diameter. Various colors. There is a minimum order quantity of 6 stones.",,,,,,,6,3.99,10,2.99,,,6,Lifeforce400,Lifeforce160,https://cdn11.bigcommerce.com/s-l8fm6tm/images/stencil/800x800/products/1175/5408/beautifulthingshappen_800__88046.1537453902.JPG?c=2,beautifulthingshappen_800__88046.1537453902.JPG?c=2,,,Lifeforce800,beautifulthingshappen_800__88046.1537453902.JPG?c=2
"The Mermaid's Message, Love, Sea Glass Stone",MM8,"Home|Inspirational|The Mermaid's Message, Love, Sea Glass Stone","The word love looks even more lovely when printed on frosted faux sea glass stones. The colors in the Mermaid's Message stones are blue, teal, green and white, and they are approximately 1.25"" in diameter. There is a minimum order quantity of 6 stones.",,,,,,,6,3.99,10,2.99,,,6,Lifeforce400,Lifeforce160,https://cdn11.bigcommerce.com/s-l8fm6tm/images/stencil/800x800/products/1928/4956/love_blue_800__94515.1534799073.jpg?c=2,love_blue_800__94515.1534799073.jpg?c=2,,,Lifeforce800,love_blue_800__94515.1534799073.jpg?c=2
"Combination Pack, Recovery & Love Stones",Combo 5,"Home|Inspirational|Combination Pack, Recovery & Love Stones","Our very popular Recovery Stones are paired with our supportive Love Stones. We've chose titles like, ""I Believe in You"" and ""Thank You"" from the Love category. We'll leave out the more romantic titles for this assortment. You will receive the Recovery Stone header card and basket display. You'll get 50 Recovery and 50 Love Stones. 
For more information about Recovery Stones: Recovery Stone Assortment of Glass Stones
For more information about Love Stones: Love Stone Assortment of Glass Stones - 100 pieces",,,,,,,1,125,5,118.75,,,1,Lifeforce400,Lifeforce160,https://cdn11.bigcommerce.com/s-l8fm6tm/images/stencil/800x800/products/3803/12414/Recovery_Love_Combo_Group__90108.1737649339.png?c=2,Recovery_Love_Combo_Group__90108.1737649339.png?c=2,,,Lifeforce800,Recovery_Love_Combo_Group__90108.1737649339.png?c=2
"I will not leave you desolate, I will come to you...John 14:18, Glass Stone",S-31,"Home|Religious|I will not leave you desolate, I will come to you...John 14:18, Glass Stone","I will not leave you desolate; I will come to you. John 14:18 glass stone. Various colors, 1.25"". There is a minimum order quantity of 6 stones.",,,,,,,6,3.99,10,2.99,,,6,Lifeforce400,Lifeforce160,https://cdn11.bigcommerce.com/s-l8fm6tm/images/stencil/800x800/products/905/5106/iwillnotleaveyoudesolate_800__60885.1536254899.JPG?c=2,iwillnotleaveyoudesolate_800__60885.1536254899.JPG?c=2,,,Lifeforce800,iwillnotleaveyoudesolate_800__60885.1536254899.JPG?c=2
"Sea Stone, Replica Sea Glass Stone, Lotus Flower",SEA58,"Home|Individual Items|Glass Stones, Frosted|Sea Stones|Sea Stone, Replica Sea Glass Stone, Lotus Flower","Beautiful frosted glass stone with a picture of a lotus flower. It comes in a myriad of colors. 1.25"" in diameter. There is a minimum order quantity of 6 stones.",,,,,,,6,3.99,10,2.99,,,6,Lifeforce400,Lifeforce160,https://cdn11.bigcommerce.com/s-l8fm6tm/images/stencil/800x800/products/3005/6373/Lotus__37580.1552327916.jpg?c=2,Lotus__37580.1552327916.jpg?c=2,,,Lifeforce800,Lotus__37580.1552327916.jpg?c=2
"Modern Stand Firm In Your Faith, Acrylic Magnet",AMAG29,"Home|Hospital|Modern Stand Firm In Your Faith, Acrylic Magnet","Our modern religious magnets are the perfect addition to any home or setting in which you would like to be reminded of God's messages in a thoughtful way with a modern presentation.
Visually beautiful, with a meaningful message, our magnets are going to attract your attention!
You are strong!
This magnet features the quote: “Stand Firm in Your Faith, Be Courageous, Be Strong - 1 Corinthians 16:13” printed on a yellow and white geometric background design with white lettering.
A Perfect gift for those of any age who use scripture in their daily life and apply its timeless message to our modern day world. Our timeless straightforward designs let the scripture speak for itself.
-Each magnet measures approximately 3.75” x 2.75” x ⅛”
-Made from high quality acrylic
-Digitally printed
-Made in the USA/Massachusetts",,,,,,,1,7,16,5,,,1,Lifeforce400,Lifeforce160,https://cdn11.bigcommerce.com/s-l8fm6tm/images/stencil/800x800/products/4512/10739/Stand_Firm_In_Your-Camera_7__23712.1712764208.png?c=2,Stand_Firm_In_Your-Camera_7__23712.1712764208.png?c=2,,,Lifeforce800,Stand_Firm_In_Your-Camera_7__23712.1712764208.png?c=2
"Here's a Hug, Glass Stone",L-81,"Home|Individual Items|Glass Stones, Shiny|Love Stones|Here's a Hug, Glass Stone","Here's a Hug glass stone. If you have a friend going through a rough time this would be a great little pick me up gift. 1.25"" in various colors. There is a minimum order quantity of 6 stones.",,,,,,,6,3.99,10,2.99,,,6,Lifeforce400,Lifeforce160,https://cdn11.bigcommerce.com/s-l8fm6tm/images/stencil/800x800/products/657/7541/heres_a_hug__36093.1576183928.jpg?c=2,heres_a_hug__36093.1576183928.jpg?c=2,,,Lifeforce800,heres_a_hug__36093.1576183928.jpg?c=2
"Commitment, Glass Stone",F-82,"Home|Individual Items|Glass Stones, Shiny|Focus Stones|Commitment, Glass Stone","Commitment. Could be used in a counseling practice. 1.25"" glass stone, assorted colors. There is a minimum order quantity of 6 stones.",,,,,,,6,3.99,10,2.99,,,6,Lifeforce400,Lifeforce160,https://cdn11.bigcommerce.com/s-l8fm6tm/images/stencil/800x800/products/499/5022/commitment_800__88264.1535641246.jpg?c=2,commitment_800__88264.1535641246.jpg?c=2,,,Lifeforce800,commitment_800__88264.1535641246.jpg?c=2
"Red Butterfly, Acrylic Bookmark",BMBR,"Home|Hospital|Red Butterfly, Acrylic Bookmark","The Red Butterfly, Acrylic Bookmark
Embrace the splendor of reading as you mark your place with the Red Butterfly, Acrylic Bookmark, a fusion of functionality and exquisite design, proudly brought to you by Lifeforce Glass in partnership with Art by Tara.
With its wings spread wide, showcasing a kaleidoscope of fiery reds, iridescent blues, and touches of sunny yellows, this bookmark mirrors the transformative journey of both the butterfly and the avid reader.
Expertly printed in-house to capture every intricate detail, the Red Butterfly, Acrylic Bookmark promises to be more than just a placeholder—it's a conversation starter, a piece of portable art, and a symbol of the beauty of change.
Features:
Vivid Imagery: The bookmark features a stunning, high-resolution print of a red butterfly, ideal for adding a pop of color to any book or planner.
Artisan Craftsmanship: Created in collaboration with Art by Tara, ensuring each bookmark is a unique piece of art.
Wholesale Attraction: Perfect for retailers looking to enchant customers with thoughtful, nature-inspired gifts.
Durable Elegance: Made with high-quality materials for longevity, preserving the joy of reading.
Collectible Item: A must-have for collectors and enthusiasts of butterfly or artistic motifs.
Ideal for gift shops, bookstores, and boutiques seeking to captivate the hearts of bibliophiles and art lovers alike.
Elevate your inventory with the Red Butterfly, Acrylic Bookmark—a testament to beauty, transformation, and the timeless art of reading.",,,,,,,1,12,10,5.95,,,1,Lifeforce400,Lifeforce160,https://cdn11.bigcommerce.com/s-l8fm6tm/images/stencil/800x800/products/4467/10090/Red_Butterfly_Product_Image_1__05755.1707388780.png?c=2,Red_Butterfly_Product_Image_1__05755.1707388780.png?c=2,,,Lifeforce800,Red_Butterfly_Product_Image_1__05755.1707388780.png?c=2
"Mermaid Message Magnet, Mermaid",MMG11,"Home|Individual Items|Stone Magnets|Mermaid Message Magnets|Mermaid Message Magnet, Mermaid","It only makes sense to have a Mermaid in the Mermaid's Message Magnets. She completes the sea life group that includes a crab, dolphin, sea horse, sea turtle and starfish. Collect all six for a serene nautical group on your fridge, or let the mermaid inspire you all by herself. The frosted sea glass stone itself is 1.25 inches in diameter, and the magnet is a half an inch. The colors are light and dark blue, teal and green. There is a minimum order quantity of 6 magnets.",,,,,,,6,4.49,10,3.99,,,6,Lifeforce400,Lifeforce160,https://cdn11.bigcommerce.com/s-l8fm6tm/images/stencil/800x800/products/2510/6330/mermaid__31681.1552062149.jpg?c=2,mermaid__31681.1552062149.jpg?c=2,,,Lifeforce800,mermaid__31681.1552062149.jpg?c=2
"Capricorn, Glass Stone",Z-10,"Home|New Age|Capricorn, Glass Stone","Capricorn is said to be a strong and ambitious person. Sometimes it can be hard to find gifts for friends, but you cannot go wrong with Zodiac stones. These glass stone are about 1.25"" in diameter, they are available in many different colors, if you have a preference please let us know and we will be happy to work with you. There is a minimum order quantity of 6 stones.",,,,,,,6,3.99,10,2.99,,,6,Lifeforce400,Lifeforce160,https://cdn11.bigcommerce.com/s-l8fm6tm/images/stencil/800x800/products/1193/4989/capricorn_yellow_800__17958.1534883469.jpg?c=2,capricorn_yellow_800__17958.1534883469.jpg?c=2,,,Lifeforce800,capricorn_yellow_800__17958.1534883469.jpg?c=2
"Coolest Dad, Wooden Postcard",PCCD,"Home|Holidays|Coolest Dad, Wooden Postcard","Coolest Dad Wooden Postcard – A Fun and Unique Keepsake for Dad
Give Dad a gift as cool and legendary as he is with our Coolest Dad Wooden Postcard! Featuring a playful beer label-inspired design with burger graphics, this durable wooden postcard is a fun way to celebrate Father’s Day, birthdays, or any special occasion. Whether he’s the king of the grill, the life of the party, or just the best dad ever, this postcard is a lasting token of appreciation.
Why Choose Our Coolest Dad Wooden Postcard?
High-Quality, Recycled Wood: Crafted from durable and eco-friendly wood, this wooden postcard is perfect for mailing, gifting, or display.
Bold and Fun Design: Inspired by vintage beer labels, this postcard features a lively color scheme and playful typography that celebrates Dad’s awesomeness.
Perfect for Any Occasion: Whether for Father’s Day, a birthday, or just because, this postcard is a unique way to show Dad how much he means to you.
A Keepsake That Lasts: Unlike traditional greeting cards, this wooden postcard is a lasting memento that Dad can cherish forever.
A Cool Gift for the Coolest Dad
Measuring approximately 4 x 6 inches, this postcard is lightweight yet sturdy, making it a great keepsake or desk decoration. Send it in the mail or present it alongside a six-pack of his favorite beer for the ultimate Father’s Day surprise.
The Perfect Addition to Your Father's Day Collection
The Coolest Dad Wooden Postcard is a fantastic gift for fun-loving dads, beer enthusiasts, and grill masters alike. Pair it with other designs from our Father’s Day Wooden Postcard Collection to create a memorable collection in your store.
To reach our lowest wholesale price of $2.99 per postcard, simply mix and match a total of 16 postcards from our collection.
Interested in custom designs? We offer low minimums. Contact us for more information on creating your own unique postcards.
To avoid any potential disruption in delivery, we suggest using 2 First Class Stamps.",,,,,,,1,6,16,2.99,,,1,Lifeforce400,Lifeforce160,https://cdn11.bigcommerce.com/s-l8fm6tm/images/stencil/800x800/products/4652/13018/Beer_Dad_FULL-Camera__19089.1747147302.png?c=2,Beer_Dad_FULL-Camera__19089.1747147302.png?c=2,,,Lifeforce800,Beer_Dad_FULL-Camera__19089.1747147302.png?c=2
"Scripture Magnet, Let all that you do be in love. 1 Corinthians 16:14",SMG5,"Home|Religious|Scripture Magnet, Let all that you do be in love. 1 Corinthians 16:14","""Let all that you do be in love. 1 Corinthians 13:8"" is one of our most popular scripture verses. Here we've printed it on a frosted glass sea stone and attached a magnet to it. The stone is about an inch and a quarter and the magnet a half an inch. It's a strong magnet, you don't have to worry about it sliding down the refrigerator. It comes in lots of colors. There is a minimum order quantity of 6 magnets.",,,,,,,6,4.49,10,3.99,,,6,Lifeforce400,Lifeforce160,https://cdn11.bigcommerce.com/s-l8fm6tm/images/stencil/800x800/products/2944/6275/smag_let_all_that_you_do_be_in_love__55838.1551906057.jpg?c=2,smag_let_all_that_you_do_be_in_love__55838.1551906057.jpg?c=2,,,Lifeforce800,smag_let_all_that_you_do_be_in_love__55838.1551906057.jpg?c=2
"If It Is Possible, Romans 12:18, Wooden Postcard",PCITIP,"Home|Hospital|If It Is Possible, Romans 12:18, Wooden Postcard","If It Is Possible, Romans 12:18, Wooden Postcard
Inspire peace and understanding with our If It Is Possible, Romans 12:18 Wooden Postcard. This beautifully crafted card features the encouraging scripture from Romans 12:18: ""If it is possible, as far as it depends on you, live at peace with everyone."" A thoughtful reminder to pursue harmony in our daily lives, this wooden postcard makes for a heartfelt gift or decorative keepsake.
Made from eco-friendly, sustainably sourced wood, this postcard is 4"" x 6"" and 1/8 inch thick, providing a sturdy, durable alternative to traditional paper cards. Whether you're sending a meaningful message or displaying it as a home accent, this postcard brings both beauty and purpose. Available for individual purchase or wholesale, making it a great addition to any store's faith-based product selection.
Key Features:
Inspiring Scripture: Features Romans 12:18 to promote peace and unity.
High-Quality Material: Crafted from sustainably sourced wood, providing durability and an eco-friendly option.
Versatile Use: Ideal for sending as a gift or displaying in a home or office for daily encouragement.
Wholesale Available: Perfect for retailers looking to stock inspirational, faith-based products.
Why Choose the ""If It Is Possible, Romans 12:18"" Wooden Postcard?
Meaningful Gift: A thoughtful way to encourage others to live in peace and understanding.
Durable & Eco-Friendly: Made from high-quality wood, this postcard serves as a lasting keepsake.
Wholesale Options: Available for bulk orders, ideal for gift shops, religious stores, or specialty boutiques focusing on inspirational products.
To reach our lowest wholesale price of $2.99 per postcard, simply mix and match a total of 16 postcards from our collection. Interested in custom designs? We offer low minimums—contact us for more information on creating your own unique postcards.
To avoid any potential disruption in delivery, we suggest using 2 First Class Stamps.",,,,,,,1,6,16,2.99,,,1,Lifeforce400,Lifeforce160,https://cdn11.bigcommerce.com/s-l8fm6tm/images/stencil/800x800/products/4584/13320/Romans_12_18_FULL-Camera__56355.1748532576.png?c=2,Romans_12_18_FULL-Camera__56355.1748532576.png?c=2,,,Lifeforce800,Romans_12_18_FULL-Camera__56355.1748532576.png?c=2
Recovery Stone Assortment of Glass Stones,RSA,Home|Inspirational|Recovery Stone Assortment of Glass Stones,"Our Recovery Assortment of glass stones came about through customer requests over the years. All of the familiar twelve step sayings are included, plus some new ones. There are 100 stones in the assortment, and each stone is 1.25"" (approximately) in diameter. The stones are translucent and opaque and are in many different colors. A basket and header card display is included with your order. Your assortment will include the following styles and may include some others.
Courage
Hope
Peace
Serenity
Sobriety
Tranquility 
Wisdom
Easy Does It
First Things First
The Serenity Prayer
I am a friend of Bill's
In all things, moderation.
It's a Process
Just For Today
Keep Comin' Back
Keep It Simple
KISS
Let Go and Let God
Live and let live.
One Day at a Time
Openness Willingness Honesty
Principles before personalities
Sobriety Rocks
Thank you, Sponsor
There are no coincidences.
There but for the grace of God
Think Think Think
To thine own self be true
Together we can make it
Turn It Over
Unity Recovery Service
Butterfly
Camel
For more Recovery titles, you can look in the Individual Wisdom Stones section here. Our Recovery Stones are in that category. The prices listed are retail but they will decrease as you shop.",,,,,,,1,125,5,118.75,,,1,Lifeforce400,Lifeforce160,https://cdn11.bigcommerce.com/s-l8fm6tm/images/stencil/800x800/products/1205/12201/Recovery_Group_Shot_1__90867.1732097325.png?c=2,Recovery_Group_Shot_1__90867.1732097325.png?c=2,,,Lifeforce800,Recovery_Group_Shot_1__90867.1732097325.png?c=2
"Ernest Holmes- As much as we believe will be done unto us, Glass Stone",E-1,"Home|Individual Items|Glass Stones, Shiny|New Thought|Ernest Holmes- As much as we believe will be done unto us, Glass Stone","Ernest Holmes quote- As much as we believe will be done unto us. 1.25"" glass stone, assorted colors. There is a minimum order quantity of 6 stones.",,,,,,,6,3.99,10,2.99,,,6,Lifeforce400,Lifeforce160,https://cdn11.bigcommerce.com/s-l8fm6tm/images/stencil/800x800/products/379/5341/asmuchaswebelieve_800__66156.1537305334.jpg?c=2,asmuchaswebelieve_800__66156.1537305334.jpg?c=2,,,Lifeforce800,asmuchaswebelieve_800__66156.1537305334.jpg?c=2
Love Forever Pocket Hearts,,Home|Hospital|Love Forever Pocket Hearts,"Love Forever Pocket Hearts
Introducing our beautiful Red Pocket Hearts, a perfect gift for your loved ones or a perfect product for your store. Each container comes with 24 bright red hearts, printed with either the word ""Love"" or ""Forever"" in a glow in the dark ink, making them even more special.
These 1"" by 1"" hearts are perfect for placing in your pocket, purse or even as a decoration on your nightstand. The bright red color catches the eye, while the printed message serves as a constant reminder of love and affection.
The glow in the dark ink adds a unique and charming touch to these hearts, making them an ideal gift for a loved one, especially for someone who loves unique and thoughtful gifts. The hearts can be charged with light during the day, and will glow softly in the dark, creating a magical and romantic atmosphere.
These Red Pocket Hearts are not only perfect for Valentine's Day or anniversaries but also for any day when you want to show your love and appreciation. The container of 24 hearts makes them perfect for sharing with friends or family, spreading the love wherever they go. The hearts also make a great point of purchase product and will fit in seamlessly with most stores.
 ",,,,,,,1,45,,,,,1,Lifeforce400,Lifeforce160,https://cdn11.bigcommerce.com/s-l8fm6tm/images/stencil/800x800/products/4437/9509/Love__30146.1681812268.jpg?c=2,Love__30146.1681812268.jpg?c=2,,,Lifeforce800,Love__30146.1681812268.jpg?c=2
White Howlite Worry Stone,WHWS,Home|Hospital|White Howlite Worry Stone,"White Howlite Worry Stone – Find Patience, Calm, and Inner Peace
Calm your mind and cultivate mindfulness with our White Howlite Worry Stone. Designed for those seeking stress relief, emotional balance, and a sense of inner peace, this beautifully polished stone is the perfect companion for your daily mindfulness practice or moments of quiet reflection.
Why Choose Our White Howlite Worry Stone?
Premium White Howlite Crystal: Crafted from genuine White Howlite, known for its calming and grounding properties, this worry stone is polished to a smooth, tactile finish. Its soothing white and gray marbled appearance adds to its tranquil energy, making it a beautiful yet functional tool for stress relief.
Empowering Printed Words: Each stone is printed with five intentional words in an elegant script: Patience, Mindfulness, Commitment, Calm, Soothing. These words are a constant reminder to slow down, stay grounded, and approach life with patience and calm.
The Calming Power of White Howlite:
White Howlite is a powerful crystal known for its ability to:
Promote patience and ease feelings of frustration or anger.
Encourage mindfulness and help quiet a racing mind, making it ideal for meditation and stress relief.
Foster emotional healing by soothing anxiety and reducing stress.
Enhance calm and tranquility, helping you stay centered during challenging moments.
Portable Tranquility, Anytime, Anywhere
At approximately 1.6 inches in length, this worry stone fits perfectly in your hand, pocket, or purse. Carry it with you throughout your day to maintain a sense of calm and patience, whether you're at work, stuck in traffic, or simply need a moment to center yourself.
A Thoughtful Gift for Mindfulness and Well-Being
This White Howlite Worry Stone is a meaningful gift for anyone who values mindfulness, meditation, or emotional healing. It also pairs beautifully with our Worry Stone Assortment, allowing you to explore the benefits of multiple crystals.
Care Instructions
To preserve the beautiful printed words on your White Howlite Worry Stone, avoid sharp objects and handle it gently to maintain its smooth surface.
   ",,,,,,,1,9.99,15,7.99,,,1,Lifeforce400,Lifeforce160,https://cdn11.bigcommerce.com/s-l8fm6tm/images/stencil/800x800/products/4611/11797/White_Howlite_White_Background__50712.1730387200.png?c=2,White_Howlite_White_Background__50712.1730387200.png?c=2,,,Lifeforce800,White_Howlite_White_Background__50712.1730387200.png?c=2
"Be Here Now, Glass Stone",W-100,"Home|Individual Items|Glass Stones, Shiny|Wisdom Stones|Be Here Now, Glass Stone","Be Here Now. Glass stone, about 1.25"" in diameter. Various colors. There is a minimum order quantity of 6 stones.",,,,,,,6,3.99,10,2.99,,,6,Lifeforce400,Lifeforce160,https://cdn11.bigcommerce.com/s-l8fm6tm/images/stencil/800x800/products/1078/5127/be_here_now_800__49400.1536345276.jpg?c=2,be_here_now_800__49400.1536345276.jpg?c=2,,,Lifeforce800,be_here_now_800__49400.1536345276.jpg?c=2
October Birthstone,BT-10,Home|New Age|October Birthstone,"October Birthstone
Celebrate the qualities of October-born individuals with the October Birthstone Glass Stone from Lifeforce Glass. According to gemstone lore, those born in October possess insight, bravery, happiness, truth, hope, and love. This 1.25"" white glass stone corresponds to the opal, the gem of the month. Each stone is intricately crafted to serve as a beautiful reminder of these traits. Ideal for personal keepsakes, gifts, or to sell in your store, these stones add a meaningful touch to any collection. There is a minimum order quantity of 6 stones.",,,,,,,6,3.99,10,2.99,,,6,Lifeforce400,Lifeforce160,https://cdn11.bigcommerce.com/s-l8fm6tm/images/stencil/800x800/products/289/5001/october_2_800__63308.1534885371.jpg?c=2,october_2_800__63308.1534885371.jpg?c=2,,,Lifeforce800,october_2_800__63308.1534885371.jpg?c=2
"The Language of Flowers, 50 Frosted Glass Hearts With Sheer Pouches",FHLA,"Home|Hospital|The Language of Flowers, 50 Frosted Glass Hearts With Sheer Pouches","The Language of Flowers, 50 Frosted Glass Hearts With Sheer Pouches
In Victorian England, it was considered in bad taste to express your feelings verbally, so people would share their feelings by assigning meaning to a flower. It was like a secret code. We've gathered up some flowers and their meanings for this beautiful collection of glass hearts. They come in pink, white and lilac and are assorted equally. The hearts are 1.25"" across. Also included are 50 sheer, heart shaped pouches, also in white, pink and lilac.
The display consists of the hearts, a paper box to hold the pouches and header card, and either a beautiful raindrop glass plate or wicker basket. (If you don't need the display, please message us.)
Here are the flowers and their meanings:
Pink lily- Abundance
Poppy - Dream
Iris- Faith
Pansy- Friendship
Sweet Pea- Gratitude
Tiger Lily- Happiness
Camelia- Healing
Flowering Almond- Hope
Tulip- I Love You
Rose- Love
Winter Rose- Peace
Dahlia - Strength
Periwinkle- Trust",,,,,,,1,162.5,,,,,1,Lifeforce400,Lifeforce160,https://cdn11.bigcommerce.com/s-l8fm6tm/images/stencil/800x800/products/4302/9264/Language_of_Flowers_22__43227.1676976920.png?c=2,Language_of_Flowers_22__43227.1676976920.png?c=2,,,Lifeforce800,Language_of_Flowers_22__43227.1676976920.png?c=2
"Scripture Magnet, Stand firm in your faith, be courageous, be strong. 1 Corinthians 16:13",SMG8,"Home|Religious|Scripture Magnet, Stand firm in your faith, be courageous, be strong. 1 Corinthians 16:13","Stand firm in your faith, be courageous, be strong. 1 Corinthians 16:13. It's printed on frosted glass stones and glued to a magnet. It's a reminder to stay strong when things get difficult. The stones themselves are about an inch and a quarter in diameter. The magnet is a half inch or so. Lots of colors. There is a minimum order quantity of 6 magnets.",,,,,,,6,4.49,10,3.99,,,6,Lifeforce400,Lifeforce160,https://cdn11.bigcommerce.com/s-l8fm6tm/images/stencil/800x800/products/2948/6277/smag_stand_firm_in_your_faith__01825.1551906126.jpg?c=2,smag_stand_firm_in_your_faith__01825.1551906126.jpg?c=2,,,Lifeforce800,smag_stand_firm_in_your_faith__01825.1551906126.jpg?c=2
"Happy Thanksgiving (Autumn Leaves), Wooden Postcard",PCHTL,"Home|Holidays|Happy Thanksgiving (Autumn Leaves), Wooden Postcard","Happy Thanksgiving (Autumn Leaves), Wooden Postcard
Send warm wishes this Thanksgiving with our Happy Thanksgiving Autumn Leaves, Wooden Postcard. Featuring vibrant fall leaves in rich shades of red, orange, and gold, this postcard beautifully captures the essence of the season. The playful “Happy Thanksgiving!” message adds a cheerful touch, making it the perfect way to share gratitude with friends and family. Measuring 4"" x 6"" and 1/8 of an inch thick, this wooden postcard is ideal for mailing or adding to Thanksgiving gift baskets and autumn decor.
Crafted from sustainably sourced wood, each postcard is laser cut and printed in-house, ensuring bold colors and fine details. As an eco-friendly alternative to traditional paper cards, it’s designed to be a lasting keepsake that recipients can treasure year after year. Whether you're preparing for Thanksgiving or looking to stock unique seasonal items in your store, the Autumn Leaves Happy Thanksgiving Wooden Postcard brings the beauty of fall to any celebration. Available for wholesale, it's a must-have for your fall lineup.
Key Features:
Festive Autumn Design: Showcases vibrant autumn leaves and a joyful “Happy Thanksgiving!” greeting, perfect for celebrating the season.
Ideal for Thanksgiving & Fall Gifting: Perfect for mailing to loved ones or including in Thanksgiving gift baskets and holiday decor.
Eco-Friendly Material: Made from sustainably sourced wood, providing an environmentally friendly alternative to paper cards.
Durable Keepsake: At 1/8 of an inch thick, this sturdy wooden postcard is a lasting memento that can be displayed and enjoyed year after year.
Wholesale Availability: Available in bulk for retailers looking to offer unique, eco-friendly seasonal products.
Why Choose Our ""Autumn Leaves Happy Thanksgiving"" Wooden Postcard?
Eco-Friendly & Seasonal: Crafted from sustainably sourced wood, this postcard offers a thoughtful way to send Thanksgiving greetings while being kind to the planet.
Vibrant Fall Design: The colorful autumn leaves and handwritten-style typography bring warmth and charm to your holiday messages.
Perfect for Retail & Personal Use: Whether you're sending it to loved ones or stocking your store with seasonal items, this postcard is a delightful way to celebrate Thanksgiving.
To reach our lowest wholesale price of $2.99 per postcard, simply mix and match a total of 16 postcards from our collection. Interested in custom designs? We offer low minimums—contact us for more information on creating your own unique postcards.
To avoid any potential disruption in delivery, we suggest using 2 First Class Stamps.",,,,,,,1,6,16,2.99,,,1,Lifeforce400,Lifeforce160,https://cdn11.bigcommerce.com/s-l8fm6tm/images/stencil/800x800/products/4545/13347/Happy_Thanksgiving_Leaves_FULL-Camera__85692.1749720825.png?c=2,Happy_Thanksgiving_Leaves_FULL-Camera__85692.1749720825.png?c=2,,,Lifeforce800,Happy_Thanksgiving_Leaves_FULL-Camera__85692.1749720825.png?c=2
"Scripture Hanging Ornament, Mark 4:39",HBO439,"Home|Religious|Scripture Hanging Ornament, Mark 4:39","Scripture Hanging Ornament, Mark 4:39
Storms come and go, but Mark 4:39 is the reminder we all need that God’s grace is here for us.
Featuring a beautiful landscape scene after a storm. This Blessing Ornament showcases gorgeous shades of blues, greens and oranges to remind us of the beauty in our world before, during and after life’s hurdles. 
The Mark 4:39 verse “And when the storm had passed, there was calm” is a reminder to trust in the Lord and with all things lessons are learned and hearts are healed with time. 
This beautiful and vibrant digitally printed Blessing Ornament is 4” round with a white silk tassel for hanging. The Blessing Ornament is printed on both sides; featuring beauty and inspiration from any angle. A perfect gift item for those who are weathering storms or have just come out on the other side. The message of patience can certainly resonate with us all. Beautifully created the visual and message is sure to inspire and touch the hearts of many. 
  Product Details:
● Each Blessing Ornament is 4” round & ⅛” thick
● Features a White Silk Tassel for Hanging
● Blessing Ornament is Packaged in a Clear Sleeve with a Descriptive Backing Card
● Made in MA, USA",,,,,,,1,12.95,10,7.5,,,1,Lifeforce400,Lifeforce160,https://cdn11.bigcommerce.com/s-l8fm6tm/images/stencil/800x800/products/4480/10270/Mark_439_Product_Image_1__97962.1710159646.png?c=2,Mark_439_Product_Image_1__97962.1710159646.png?c=2,,,Lifeforce800,Mark_439_Product_Image_1__97962.1710159646.png?c=2
"#1 Mom, Wooden Postcard",PC1M,"Home|Holidays|#1 Mom, Wooden Postcard","#1 Mom, Happy Mother's Day, Wooden Postcard
Celebrate the special mother in your life with our #1 Mom, Wooden Postcard. Featuring a golden trophy design surrounded by vibrant watercolor hearts, this card honors her with the message ""Happy Mother’s Day"" and a bold declaration of ""#1 Mom."" Perfect for showing appreciation, this wooden postcard is a beautiful keepsake that she’ll treasure for years to come. Unlike traditional paper and plastic cards, this wooden card is durable and crafted from sustainable materials, making it an eco-friendly choice that’s as thoughtful as it is unique.
Ideal for both individual customers and wholesale buyers, this Mother’s Day card is a charming addition to any gift collection, whether for retail shops, boutiques, or personal gifting.
Key Features:
Eco-Friendly Material: Made from sustainably sourced wood for an earth-conscious gift.
Durable Keepsake: A lasting memory that outshines paper cards, designed to be cherished.
Beautiful Watercolor Art: Showcases a trophy design that’s perfect for the #1 Mom in your life.
Ready-to-Mail: Easily write a message on the back and send it without needing an envelope.
Available for Wholesale: Ideal for shops looking to stock unique, premium Mother's Day cards in bulk.
Honor mom with a card that’s as special as she is. The #1 Mom, Wooden Postcard is the perfect way to say “thank you” on Mother's Day.
To reach our lowest wholesale price of $2.99 per postcard, simply mix and match a total of 16 postcards from our collection. Interested in custom designs? We offer low minimums—contact us for more information on creating your own unique postcards.
To avoid any potential disruption in delivery, we suggest using 2 First Class Stamps.",,,,,,,1,6,16,2.99,,,1,Lifeforce400,Lifeforce160,https://cdn11.bigcommerce.com/s-l8fm6tm/images/stencil/800x800/products/4597/13129/1_Mom_FULL-Camera__35818.1747145230.png?c=2,1_Mom_FULL-Camera__35818.1747145230.png?c=2,,,Lifeforce800,1_Mom_FULL-Camera__35818.1747145230.png?c=2
"Make the most of the best and the least of the worst, Glass Stone",W-42,"Home|Individual Items|Glass Stones, Shiny|Wisdom Stones|Make the most of the best and the least of the worst, Glass Stone","Make the most of the best and the least of the worst. Glass stone, about 1.25"" in diameter. Various colors. There is a minimum order quantity of 6 stones.",,,,,,,6,3.99,10,2.99,,,6,Lifeforce400,Lifeforce160,https://cdn11.bigcommerce.com/s-l8fm6tm/images/stencil/800x800/products/1136/5166/makethemost_800__44455.1536349396.jpg?c=2,makethemost_800__44455.1536349396.jpg?c=2,,,Lifeforce800,makethemost_800__44455.1536349396.jpg?c=2
"This is my commandment, that you love one another as I have loved you. John 15:12, Glass Stone",S-46,"Home|Religious|This is my commandment, that you love one another as I have loved you. John 15:12, Glass Stone","This is my commandment, that ye love one another as I have loved you. John 15:12 glass stone. Various colors, 1.25"". There is a minimum order quantity of 6 stones.",,,,,,,6,3.99,10,2.99,,,6,Lifeforce400,Lifeforce160,https://cdn11.bigcommerce.com/s-l8fm6tm/images/stencil/800x800/products/921/5498/thisismycommandment_800__08134.1537545829.jpg?c=2,thisismycommandment_800__08134.1537545829.jpg?c=2,,,Lifeforce800,thisismycommandment_800__08134.1537545829.jpg?c=2
"Sea Stone, Replica Sea Glass Stone, Love",SEA16,"Home|Individual Items|Glass Stones, Frosted|Sea Stones|Sea Stone, Replica Sea Glass Stone, Love","There is no force like the force of Love. And there is no glass stone as beautiful as a Sea Stone that says Love. One and a quarter inches in diameter. Many, many colors. Please trust us to choose. There is a minimum order quantity of 6 stones.",,,,,,,6,3.99,10,2.99,,,6,Lifeforce400,Lifeforce160,https://cdn11.bigcommerce.com/s-l8fm6tm/images/stencil/800x800/products/2264/4391/sea_stone_love_600__46162.1519934359.jpg?c=2,sea_stone_love_600__46162.1519934359.jpg?c=2,,,Lifeforce800,sea_stone_love_600__46162.1519934359.jpg?c=2
"Love bears all things, believes all things...stone",S-15,"Home|Religious|Love bears all things, believes all things...stone","Love bears all things, Glass Stone
Celebrate the power of love with the ""Love Bears All Things, Believes All Things"" glass stone from Lifeforce Glass. Featuring the inspirational verse from 1 Corinthians 13:7, this beautifully crafted 1.25"" printed stone is available in various colors, making it a perfect reminder of the enduring nature of love. Ideal for personal reflection, thoughtful gifts, or to sell in your store, this stone brings a touch of faith and positivity to any setting. Each glass stone is crafted with care, ensuring it will be a cherished keepsake. There is a minimum order quantity of 6 stones.",,,,,,,6,3.99,10,2.99,,,6,Lifeforce400,Lifeforce160,https://cdn11.bigcommerce.com/s-l8fm6tm/images/stencil/800x800/products/887/9064/love_bears_all_amethyst__19049.1656614305.jpg?c=2,love_bears_all_amethyst__19049.1656614305.jpg?c=2,,,Lifeforce800,love_bears_all_amethyst__19049.1656614305.jpg?c=2
"Love Bug, Wooden Postcard",PCVLB,"Home|Holidays|Love Bug, Wooden Postcard","Happy Valentine's Day Love Bug, Wooden Postcard
Show some love this Valentine’s Day with our whimsical Love Bug, Wooden Postcard. Featuring an adorable watercolor illustration of a cheerful pink and green bug against a playful striped background, this unique card is sure to make your Valentine smile. Crafted from high-quality, sustainably sourced wood, this postcard offers a charming and eco-friendly way to send your heartfelt message.
Whether you’re a retailer seeking distinctive, nature-inspired Valentine's Day cards or a shopper looking for a special way to express your feelings, this durable keepsake makes a sweet and lasting impression.
Key Features:
Sustainably Sourced Wood: Made from eco-friendly materials, perfect for those who care about the planet.
Delightful Design: Features a cute love bug illustration that’s sure to brighten anyone’s day.
Durable & Reusable: Unlike traditional paper and plastic cards, this wooden postcard is built to last, becoming a cherished keepsake.
Mail-Ready: Designed for easy mailing without an envelope—share your love directly through the mail.
Wholesale & Retail Friendly: Ideal for shops looking to stock a unique Valentine's Day offering, with easy bulk ordering for retailers.
Add a touch of fun to your Valentine's Day greetings with our Love Bug, Wooden Postcard—a heartwarming way to say ""I’m thinking of you.""
To reach our lowest wholesale price of $2.99 per postcard, simply mix and match a total of 16 postcards from our collection. Interested in custom designs? We offer low minimums—contact us for more information on creating your own unique postcards.
To avoid any potential disruption in delivery, we suggest using 2 First Class Stamps.",,,,,,,1,6,16,2.99,,,1,Lifeforce400,Lifeforce160,https://cdn11.bigcommerce.com/s-l8fm6tm/images/stencil/800x800/products/4592/13378/Happy_Valentines_Day_Love_Bug_FULL-Camera__64274.1748600873.png?c=2,Happy_Valentines_Day_Love_Bug_FULL-Camera__64274.1748600873.png?c=2,,,Lifeforce800,Happy_Valentines_Day_Love_Bug_FULL-Camera__64274.1748600873.png?c=2
"I am a child of God, Glass Stone",W-53,"Home|Religious|I am a child of God, Glass Stone","I am a child of God. Glass stone, about 1.25"" in diameter. Various colors. There is a minimum order quantity of 6 stones.",,,,,,,6,3.99,10,2.99,,,6,Lifeforce400,Lifeforce160,https://cdn11.bigcommerce.com/s-l8fm6tm/images/stencil/800x800/products/1145/5149/I_am_a_child_of_God_800__75974.1536347961.jpg?c=2,I_am_a_child_of_God_800__75974.1536347961.jpg?c=2,,,Lifeforce800,I_am_a_child_of_God_800__75974.1536347961.jpg?c=2
"Calm, Glass Stone",F-5,"Home|Individual Items|Glass Stones, Shiny|Focus Stones|Calm, Glass Stone","Calm is from the Focus stone collection, it could be used as a reward for kids or a behavior modification tool. Approximately one and a quarter inch in diameter, available in assorted colors. There is a minimum order quantity of 6 stones.",,,,,,,6,3.99,10,2.99,,,6,Lifeforce400,Lifeforce160,https://cdn11.bigcommerce.com/s-l8fm6tm/images/stencil/800x800/products/466/5021/calm_800__46841.1535641216.jpg?c=2,calm_800__46841.1535641216.jpg?c=2,,,Lifeforce800,calm_800__46841.1535641216.jpg?c=2
"KISS, Glass Stone",W-60,"Home|Individual Items|Glass Stones, Shiny|Wisdom Stones|KISS, Glass Stone","KISS glass stone, about 1.25"" in diameter. Various colors. KISS stands for Keep It Simple Sweetie. Or Stupid, if you're snarky. There is a minimum order quantity of 6 stones.",,,,,,,6,3.99,10,2.99,,,6,Lifeforce400,Lifeforce160,https://cdn11.bigcommerce.com/s-l8fm6tm/images/stencil/800x800/products/1153/5160/KISS_800__29391.1536348956.jpg?c=2,KISS_800__29391.1536348956.jpg?c=2,,,Lifeforce800,KISS_800__29391.1536348956.jpg?c=2
"Motivation I Stones, set of six",Set 54,"Home|Inspirational|Motivation I Stones, set of six","Only you can accomplish the task you were meant to do. Hold these Motivation Stones in your hand or put them on your desk and look at them from time to time. It's important for you to realize that what you do matters. Perhaps it's not you in need of a little encouragement and inspiration, but a friend or loved one. Maybe these Motivation Stones will give them the nudge that they need. This set of Motivation I includes:
You are a very important person.
Follow your dreams
You cannot change anyone else, you can only change yourself.
Do what you can, with what you have, with where you are. -Theodore Roosevelt
If you believe in yourself, anything is impossible.
Impossibilities are only impossible as thinking makes them so. -Henry J. Kaiser
Stone colors will vary.",,,,,,,1,16.49,4,13.19,,,1,Lifeforce400,Lifeforce160,https://cdn11.bigcommerce.com/s-l8fm6tm/images/stencil/800x800/products/3285/12744/Motivation_Stones_Set_1__05077.1743178058.png?c=2,Motivation_Stones_Set_1__05077.1743178058.png?c=2,,,Lifeforce800,Motivation_Stones_Set_1__05077.1743178058.png?c=2
"The Mermaid's Message Sea Life Glass Stones, Set of Six",Set 87,"Home|Small Sets|Set of Six Glass Stones or Magnets|Set of Six Glass Stones, Frosted|The Mermaid's Message Sea Life Glass Stones, Set of Six","Bring back memories of your seaside vacation, or decorate your beach house with these beautiful frosted glass stones. Their colors are reminiscent of the sea, teal, light blue, dark blue, green and white. Each stone is approximately 1.25 inches in diameter. They have a translucence that almost makes them seem lit from within. Each set contains one each of the following sea glass stones:
Mermaid
Dolphin
Crab
Sea Horse
Star Fish
Sea Turtle
A set of Sea Life Stones would make a lovely hostess gift.",,,,,,,1,16.49,4,13.19,,,1,Lifeforce400,Lifeforce160,https://cdn11.bigcommerce.com/s-l8fm6tm/images/stencil/800x800/products/2802/4935/sea_life_set_vertical_800__23686.1538496397.jpg?c=2,sea_life_set_vertical_800__23686.1538496397.jpg?c=2,,,Lifeforce800,sea_life_set_vertical_800__23686.1538496397.jpg?c=2
"Ernest Holmes- That which I seek is seeking me, Glass Stone",E-9,"Home|Individual Items|Glass Stones, Shiny|New Thought|Ernest Holmes- That which I seek is seeking me, Glass Stone","Ernest Holmes quote- That which I seek is seeking me.. 1.25"" glass stone, assorted colors. There is a minimum order quantity of 6 stones.",,,,,,,6,3.99,10,2.99,,,6,Lifeforce400,Lifeforce160,https://cdn11.bigcommerce.com/s-l8fm6tm/images/stencil/800x800/products/391/5347/thatwhichiseek_800__38579.1537305589.jpg?c=2,thatwhichiseek_800__38579.1537305589.jpg?c=2,,,Lifeforce800,thatwhichiseek_800__38579.1537305589.jpg?c=2
"Ornate Star of David, Glass Stone",J-13,"Home|Individual Items|Glass Stones, Shiny|Judaica|Ornate Star of David, Glass Stone","The Ornate Star of David is called that because it is a Star of David with smaller Stars of David inserted inside each point of the star. Printed on various shades of blue, 1.25"" in diameter. There is a minimum order quantity of 6 stones.",,,,,,,6,3.99,10,2.99,,,6,Lifeforce400,Lifeforce160,https://cdn11.bigcommerce.com/s-l8fm6tm/images/stencil/800x800/products/562/12641/Star_of_David_Ornate__48034.1743085819.png?c=2,Star_of_David_Ornate__48034.1743085819.png?c=2,,,Lifeforce800,Star_of_David_Ornate__48034.1743085819.png?c=2
Evolve Connection Stone,CNS11,Home|Inspirational|Evolve Connection Stone,"When you're on a spiritual path, you're evolving into expanded awareness. You become a person who is advancing in development. A beautiful glass stone that says Evolve could remind you that these growing pains that you might be feeling are perfectly normal.
And I'm sorry, I can't help it, you might want to give this stone to someone as a suggestion. Or a command. (Not very enlightened of me.)
The stones are glass made in the USA and are 1.25"" in diameter. There is a minimum order quantity of 6 stones.",,,,,,,6,3.99,10,2.99,,,6,Lifeforce400,Lifeforce160,https://cdn11.bigcommerce.com/s-l8fm6tm/images/stencil/800x800/products/3760/9628/Evolve__12772.1686238511.png?c=2,Evolve__12772.1686238511.png?c=2,,,Lifeforce800,Evolve__12772.1686238511.png?c=2
"The Mermaid's Message, Hibiscus, Sea Glass Stone",MM34,"Home|Individual Items|Glass Stones, Frosted|The Mermaid's Message, Hawaiian Images|The Mermaid's Message, Hibiscus, Sea Glass Stone","A beautiful hibiscus flower is printed on our marine-colored Mermaid Message stones. About 1.25"" in diameter, all frosted glass with a luminescent glow. There is a minimum order quantity of 6 stones. ",,,,,,,6,3.99,10,2.99,,,6,Lifeforce400,Lifeforce160,https://cdn11.bigcommerce.com/s-l8fm6tm/images/stencil/800x800/products/2741/4939/hibiscus_blue_800__21838.1534796720.jpg?c=2,hibiscus_blue_800__21838.1534796720.jpg?c=2,,,Lifeforce800,hibiscus_blue_800__21838.1534796720.jpg?c=2
"Land Of The Free, Wooden Postcard",PCLOTF,"Home|Holidays|USA 250|Land Of The Free, Wooden Postcard","Land of the Free Wooden Postcard – A Powerful Patriotic Display
Honor the courage and sacrifice behind America's freedom with our Land of the Free Wooden Postcard. Featuring a vibrant sea of American flags set against a lush green lawn, this design includes the phrase “Land of the Free, Home of the Brave” and commemorates 250 years of American independence with pride and reverence.
Why Choose Our Land of the Free Wooden Postcard?
Printed on Premium, Recycled Wood: Sustainably made and crafted for long-lasting quality.
Bold Visual Tribute: A field of flags evokes remembrance, unity, and patriotic strength.
Ideal for Memorial Day, July 4th & Veterans Day: A fitting piece to honor service and celebrate freedom.
Display-Ready: Sized for desks, mantels, or wall art with a message that resonates.
A Timeless Patriotic Keepsake
Measuring approximately 4 x 6 inches, this wooden postcard is both a decorative accent and a heartfelt expression of American values. It’s a meaningful piece for collectors, veterans, and proud patriots alike.
To reach our lowest wholesale price of $2.99 per postcard, simply mix and match a total of 16 postcards from our collection.
Interested in custom designs? We offer low minimums. Contact us for more information on creating your own unique postcards.
To avoid any potential disruption in delivery, we suggest using 2 First Class Stamps.
 ",,,,,,,1,7,32,3.99,,,1,Lifeforce400,Lifeforce160,https://cdn11.bigcommerce.com/s-l8fm6tm/images/stencil/800x800/products/4667/13450/Land_of_the_free_FULL-Camera_3__07774.1749720565.png?c=2,Land_of_the_free_FULL-Camera_3__07774.1749720565.png?c=2,,,Lifeforce800,Land_of_the_free_FULL-Camera_3__07774.1749720565.png?c=2
"If you're lucky enough to be Irish, you're lucky enough, Glass Stone",H-33,"Home|Irish|If you're lucky enough to be Irish, you're lucky enough, Glass Stone","If you're lucky enough to be Irish, you're lucky enough glass stone. This is one of the most common sayings about the Irish, so if you're going to carry Irish inventory, add these stones to your list.  1.25"" printed on various shades of green. There is a minimum order quantity of 6 stones.",,,,,,,6,3.99,10,2.99,,,6,Lifeforce400,Lifeforce160,https://cdn11.bigcommerce.com/s-l8fm6tm/images/stencil/800x800/products/541/12648/If_youre_lucky_enough_to_be_Irish__13365.1743093202.png?c=2,If_youre_lucky_enough_to_be_Irish__13365.1743093202.png?c=2,,,Lifeforce800,If_youre_lucky_enough_to_be_Irish__13365.1743093202.png?c=2
"Fly Away With Me, Wooden Postcard",PCFAWM,"Home|Holidays|Fly Away With Me, Wooden Postcard","Fly Away With Me Valentine, Wooden Postcard
Soar to new heights of romance with our Fly Away With Me Valentine, Wooden Postcard. Featuring a beautifully painted hot air balloon surrounded by delicate hearts, this postcard is the perfect way to invite your special someone on a love-filled adventure. Crafted from eco-friendly, sustainably sourced wood, it combines the charm of a keepsake with the practicality of a postcard, making it an ideal choice for Valentine's Day.
This unique wooden postcard is perfect for retail customers looking for a memorable gift and wholesale buyers stocking up for the Valentine's season. Whether displayed on a shelf or sent in the mail, it’s a piece that’s sure to be cherished.
Key Features:
Eco-Friendly Design: Made from sustainably sourced wood, offering an earth-conscious alternative to traditional paper cards.
Durable & Long-Lasting: Unlike standard paper cards, this wooden postcard doubles as a keepsake that can be displayed as a reminder of your love.
Perfect for Valentine’s Day: A thoughtful way to say ""I love you"" with a charming hot air balloon design that symbolizes adventure and romance.
Mail-Ready: Can be sent directly through the mail without an envelope, allowing you to easily share your love from afar.
Ideal for Retail & Wholesale: Bulk orders available for shop owners, with mix-and-match options to reach our best pricing.
Elevate your Valentine's Day greetings with the Fly Away With Me, Wooden Postcard—a sweet message and a cherished keepsake all in one.
To reach our lowest wholesale price of $2.99 per postcard, simply mix and match a total of 16 postcards from our collection. Interested in custom designs? We offer low minimums—contact us for more information on creating your own unique postcards.
To avoid any potential disruption in delivery, we suggest using 2 First Class Stamps.",,,,,,,1,6,16,2.99,,,1,Lifeforce400,Lifeforce160,https://cdn11.bigcommerce.com/s-l8fm6tm/images/stencil/800x800/products/4588/13358/Fly_Away_With_Me_Valentine_FULL-Camera__75904.1748600656.png?c=2,Fly_Away_With_Me_Valentine_FULL-Camera__75904.1748600656.png?c=2,,,Lifeforce800,Fly_Away_With_Me_Valentine_FULL-Camera__75904.1748600656.png?c=2
"Petroglyph- Hook, Sea Glass Stone",MM70,"Home|Individual Items|Glass Stones, Frosted|The Mermaid's Message, Hawaiian Images|Petroglyph- Hook, Sea Glass Stone",This Hook Petroglyph can be found carved into rock faces in Hawaii by the ancestors long ago. Printed on beach colored frosted glass stones approximately 1.25 inches in diameter. There is a minimum order quantity of 6 stones.,,,,,,,6,3.99,10,2.99,,,6,Lifeforce400,Lifeforce160,https://cdn11.bigcommerce.com/s-l8fm6tm/images/stencil/800x800/products/3497/6350/Pet_hook__10314.1552313248.jpg?c=2,Pet_hook__10314.1552313248.jpg?c=2,,,Lifeforce800,Pet_hook__10314.1552313248.jpg?c=2
"Namaste, Glass Stone",W-83,"Home|Inspirational|Namaste, Glass Stone","Namaste glass stone, about 1.25"" in diameter. Various colors. Namaste means ""the divine in me salutes the divine in you. It is often used in Yoga classes, so if you needed a gift for a yoga teacher the Namaste stone would be perfect. There is a minimum order quantity of 6 stones.",,,,,,,6,3.99,10,2.99,,,6,Lifeforce400,Lifeforce160,https://cdn11.bigcommerce.com/s-l8fm6tm/images/stencil/800x800/products/1172/5184/namaste_800__91188.1536608414.jpg?c=2,namaste_800__91188.1536608414.jpg?c=2,,,Lifeforce800,namaste_800__91188.1536608414.jpg?c=2
"Religious Cross Bracelets, Set of 10",,"Home|Hospital|Religious Cross Bracelets, Set of 10","Our 10 piece natural agate beaded cross bracelet set is sure to dazzle your customers!
With different styles in each pack, customers will have a difficult time choosing their favorites!
These elegant and modern bracelets are easy to dress up or down. Wear one or stack
them! The pave rhinestone bead paired with the simple yet meaningful design is the
perfect fashion and personal statement.
These bracelets are perfect for teens making their confirmation, a church friend or fellow members of your worship family.
This 10 pack is designed for easy display within your retail location. The bracelets have a beautiful presence when displayed together; which will spur your buyer to want more than one!
Product Details:
● Made from natural DZI Agate stone beads/cross with a pave rhinestone bead
● Bracelets are stretch and will fit wrists up to: 7.5” circumference
● One bracelet weighs 1.1 oz
● Each bracelet is packaged in a clear cellophane bag, in packs of 10
● Display not included",,,,,,,1,92.5,,,,,1,Lifeforce400,Lifeforce160,https://cdn11.bigcommerce.com/s-l8fm6tm/images/stencil/800x800/products/4484/10341/Bracelets_Faire_1__52487.1710951569.png?c=2,Bracelets_Faire_1__52487.1710951569.png?c=2,,,Lifeforce800,Bracelets_Faire_1__52487.1710951569.png?c=2
"Chakra - Throat, Glass Stone",CK-3,"Home|New Age|Chakra - Throat, Glass Stone","Chakra Throat Stones
Enhance your spiritual practice with our Chakra Throat Stones from Lifeforce Glass. These beautifully crafted stones are designed to balance and align your throat chakra, promoting clear communication and self-expression. 
This stone has the Throat Chakra with the attributes associated with it printed on a Light Blue colored glass stone.
Each stone is approximately 1.25 inches in diameter. There is a minimum order quantity of 6 stones.
Features:
Throat Chakra Focused: Specifically chosen to balance the throat chakra.
High-Quality Stones: Durable and beautifully crafted.
Versatile Use: Ideal for meditation, healing, and personal growth.
Benefits:
Promote Clear Communication: Helps to express thoughts and feelings effectively.
Enhance Self-Expression: Encourages creativity and truthfulness.
Spiritual Balance: Aids in achieving overall chakra alignment and harmony.
Perfect for personal use or as a thoughtful gift for those seeking spiritual growth and balance.",,,,,,,6,3.99,10,2.99,,,6,Lifeforce400,Lifeforce160,https://cdn11.bigcommerce.com/s-l8fm6tm/images/stencil/800x800/products/3438/9553/Throat_Chakra_LIGHT_BLUE__25676.1686149062.png?c=2,Throat_Chakra_LIGHT_BLUE__25676.1686149062.png?c=2,,,Lifeforce800,Throat_Chakra_LIGHT_BLUE__25676.1686149062.png?c=2
"12 Power Stones, Renunciation",1215,"Home|New Age|12 Power Stones, Renunciation","12 Power Stones, Renunciation, amber or latte glass stone, 1.25"" in diameter. The 12 Power color for Renunciation is brown. There is a minimum order quantity of 6 stones.",,,,,,,6,3.99,10,2.99,,,6,Lifeforce400,Lifeforce160,https://cdn11.bigcommerce.com/s-l8fm6tm/images/stencil/800x800/products/1240/5526/renunciation_800__90152.1537558182.jpg?c=2,renunciation_800__90152.1537558182.jpg?c=2,,,Lifeforce800,renunciation_800__90152.1537558182.jpg?c=2
"The Mermaid's Message, Strength, Sea Glass Stone",MM11,"Home|Inspirational|The Mermaid's Message, Strength, Sea Glass Stone","Who among could not use a little more Strength? This powerful word is softened by the lovely glow of these frosted glass stones. Each is approximately 1.25"" in diameter. There is a minimum order quantity of 6 stones.",,,,,,,6,3.99,10,2.99,,,6,Lifeforce400,Lifeforce160,https://cdn11.bigcommerce.com/s-l8fm6tm/images/stencil/800x800/products/1931/4971/strength_800__06074.1534864131.jpg?c=2,strength_800__06074.1534864131.jpg?c=2,,,Lifeforce800,strength_800__06074.1534864131.jpg?c=2
"Scripture Magnet, I can do all things in him who strengthens me. Philippians 4:13",SMG3,"Home|Religious|Scripture Magnet, I can do all things in him who strengthens me. Philippians 4:13","We can't help but be inspired by this verse: I can do all things in him who strengthens me. Philippians 4:13. Here it's printed on frosted glass stones and attached to magnets. There are lots of colors, and the stones are about an inch and a quarter in diameter. There is a minimum order quantity of 6 magnets.",,,,,,,6,4.49,10,3.99,,,6,Lifeforce400,Lifeforce160,https://cdn11.bigcommerce.com/s-l8fm6tm/images/stencil/800x800/products/2942/6273/smag_I_can_do_all_things__97158.1551905987.jpg?c=2,smag_I_can_do_all_things__97158.1551905987.jpg?c=2,,,Lifeforce800,smag_I_can_do_all_things__97158.1551905987.jpg?c=2
"To thine own self be true, Glass Stone",W-93,"Home|Inspirational|To thine own self be true, Glass Stone","To thine own self be true. Glass stone, about 1.25"" in diameter. Various colors. There is a minimum order quantity of 6 stones.",,,,,,,6,3.99,10,2.99,,,6,Lifeforce400,Lifeforce160,https://cdn11.bigcommerce.com/s-l8fm6tm/images/stencil/800x800/products/1180/6239/to_thine_own_self_800__54525.1551386561.JPG?c=2,to_thine_own_self_800__54525.1551386561.JPG?c=2,,,Lifeforce800,to_thine_own_self_800__54525.1551386561.JPG?c=2
"Destiny Stones in Deluxe Gift Box, Set II",BOX4,"Home|Inspirational|Destiny Stones in Deluxe Gift Box, Set II","This gorgeous gift box contains six glass stones imprinted with messages to encourage, motivate and inspire.
Your Destiny II Stones include:
Love and joy are yours in abundance.
Our thoughts create our experiences.
You have the answers.
Every problem contains the seeds of its own solution.
Whatever you're seeking, it's seeking you.
You have unlimited potential.
Each stone is 1.25 inches in diameter. The colors correspond to the pictures on the box.",,,,,,,1,16.99,4,14.49,,,1,Lifeforce400,Lifeforce160,https://cdn11.bigcommerce.com/s-l8fm6tm/images/stencil/800x800/products/3034/5484/destiny_II_1000__77001.1537487603.jpg?c=2,destiny_II_1000__77001.1537487603.jpg?c=2,,,Lifeforce800,destiny_II_1000__77001.1537487603.jpg?c=2
"Inspirational Lucite Plaque - Trust in the Lord with all your heart, and lean not on your own understanding. Proverbs 3:5",LP7,"Home|Religious|Inspirational Lucite Plaque - Trust in the Lord with all your heart, and lean not on your own understanding. Proverbs 3:5","Trust in the Lord with all your heart, and lean not unto your own understanding. Proverbs 3:5
Let go and let god. There's no point in giving your problems over to God if you're just going to keep taking them back. You can remember to trust your higher power by having this Lucite plaque on your desk.
If you've already got this concept figured out, you might want to give this beautiful plaque to someone who hasn't.
The Lucite plaque is 4 inches wide and 6 inches tall. It will make a beautiful addition to anyone's décor.",,,,,,,1,32.99,3,28.99,,,1,Lifeforce400,Lifeforce160,https://cdn11.bigcommerce.com/s-l8fm6tm/images/stencil/800x800/products/4419/9141/Trust_in_the_Lord_White-View_4__52502.1665051677.png?c=2,Trust_in_the_Lord_White-View_4__52502.1665051677.png?c=2,,,Lifeforce800,Trust_in_the_Lord_White-View_4__52502.1665051677.png?c=2
"Everything is okay in the end, if it's not ok, then it's not the end. - Unknown, Glass Stone",W-117,"Home|Inspirational|Everything is okay in the end, if it's not ok, then it's not the end. - Unknown, Glass Stone","Everything is okay in the end, if it's not ok, then it's not the end. - Unknown. Glass stone, about 1.25"" in diameter. Various colors. There is a minimum order quantity of 6 stones.",,,,,,,6,3.99,10,2.99,,,6,Lifeforce400,Lifeforce160,https://cdn11.bigcommerce.com/s-l8fm6tm/images/stencil/800x800/products/1095/5140/everything_is_ok_800__37899.1536345946.jpg?c=2,everything_is_ok_800__37899.1536345946.jpg?c=2,,,Lifeforce800,everything_is_ok_800__37899.1536345946.jpg?c=2
"Dream, Glass Stone",F-74,"Home|Individual Items|Glass Stones, Shiny|Focus Stones|Dream, Glass Stone","Dream is a big seller, it is also available in the Best Selling Assortment. Could be used as a decoration for a party table. 1.25"" glass stone, assorted colors. There is a minimum order quantity of 6 stones.",,,,,,,6,3.99,10,2.99,,,6,Lifeforce400,Lifeforce160,https://cdn11.bigcommerce.com/s-l8fm6tm/images/stencil/800x800/products/491/5031/dream_800__06612.1535641550.jpg?c=2,dream_800__06612.1535641550.jpg?c=2,,,Lifeforce800,dream_800__06612.1535641550.jpg?c=2
"Judgement, Glass Stone",F-64,"Home|Individual Items|Glass Stones, Shiny|Focus Stones|Judgement, Glass Stone","The Origin of the Judgement stone is from the Unity 12 Power collection but it is available to order on it's own. Great seller for Unity book stores. 1.25"" glass stone, assorted colors. There is a minimum order quantity of 6 stones.",,,,,,,6,3.99,10,2.99,,,6,Lifeforce400,Lifeforce160,https://cdn11.bigcommerce.com/s-l8fm6tm/images/stencil/800x800/products/480/5630/judgement_800__82921.1537651264.jpg?c=2,judgement_800__82921.1537651264.jpg?c=2,,,Lifeforce800,judgement_800__82921.1537651264.jpg?c=2
"Sea Stone, Replica Sea Glass Stone, Peace",SEA18,"Home|Individual Items|Glass Stones, Frosted|Sea Stones|Sea Stone, Replica Sea Glass Stone, Peace","Beautiful frosted glass stone that says Peace. One and a quarter inches in diameter. Many, many colors. Please trust us to choose. There is a minimum order quantity of 6 stones.",,,,,,,6,3.99,10,2.99,,,6,Lifeforce400,Lifeforce160,https://cdn11.bigcommerce.com/s-l8fm6tm/images/stencil/800x800/products/2266/4393/sea_stone_peace_600__58657.1519934632.jpg?c=2,sea_stone_peace_600__58657.1519934632.jpg?c=2,,,Lifeforce800,sea_stone_peace_600__58657.1519934632.jpg?c=2
Inspirational Lucite Plaque - The Prayer of St. Francis,LP3,Home|Religious|Inspirational Lucite Plaque - The Prayer of St. Francis,"Lord, make me an instrument of your peace: where there is hatred, let me sow love; where there is injury, pardon; where there is doubt, faith; where there is despair, hope; where there is darkness, light; where there is sadness, joy.
This crystal clear Lucite Plaque is a modern take on our widely popular glass plaque. It is made to be free-standing, with no need for a base or stand. The plaque is four inches wide, 6 inches tall and one inch thick.
This profound prayer encourages us to serve others and be our best selves. Printed on this lucite plaque, it makes a thoughtful and meaningful gift for a loved one, a confirmation gift or a stunning addition to your own home's decor.
  Made in MA, USA.",,,,,,,1,32.99,3,28.99,,,1,Lifeforce400,Lifeforce160,https://cdn11.bigcommerce.com/s-l8fm6tm/images/stencil/800x800/products/4415/9113/Prayer_of_St._Francis_-_White-View_4__73832.1664876966.png?c=2,Prayer_of_St._Francis_-_White-View_4__73832.1664876966.png?c=2,,,Lifeforce800,Prayer_of_St._Francis_-_White-View_4__73832.1664876966.png?c=2
"The Mermaid's Message - Hawaii State Heart, Sea Glass Stone",MM68,"Home|Individual Items|Glass Stones, Frosted|The Mermaid's Message, Hawaiian Images|The Mermaid's Message - Hawaii State Heart, Sea Glass Stone","The State of Hawaii with a heart around it reminding you of how much your vacation, or home means to you. Printed on frosted glass stones approximately 1.25 inches in diameter on beach colors. There is a minimum order quantity of 6 stones.",,,,,,,6,3.99,10,2.99,,,6,Lifeforce400,Lifeforce160,https://cdn11.bigcommerce.com/s-l8fm6tm/images/stencil/800x800/products/3500/6355/Hawaii_State_Heart_Single__29747.1552318751.jpg?c=2,Hawaii_State_Heart_Single__29747.1552318751.jpg?c=2,,,Lifeforce800,Hawaii_State_Heart_Single__29747.1552318751.jpg?c=2
"I'd marry you all over again, Glass Stone",L-39,"Home|Individual Items|Glass Stones, Shiny|Love Stones|I'd marry you all over again, Glass Stone","I'd Marry You All Over Again glass stone. 1.25"" in various colors. There is a minimum order quantity of 6 stones.",,,,,,,6,3.99,10,2.99,,,6,Lifeforce400,Lifeforce160,https://cdn11.bigcommerce.com/s-l8fm6tm/images/stencil/800x800/products/624/6228/Id_marry_you_all_800__54627.1551371438.jpg?c=2,Id_marry_you_all_800__54627.1551371438.jpg?c=2,,,Lifeforce800,Id_marry_you_all_800__54627.1551371438.jpg?c=2
April Birthstone,BT-4,Home|New Age|April Birthstone,"April Birthstone, According to gemstone lore, the qualities of people born in April are competence, trust, joy, trust, love and innocence. The 1.25"" clear glass stone corresponds to the gem of the month: diamond. There is a minimum order quantity of 6 stones.",,,,,,,6,3.99,10,2.99,,,6,Lifeforce400,Lifeforce160,https://cdn11.bigcommerce.com/s-l8fm6tm/images/stencil/800x800/products/294/4996/april_2_800__08756.1534884496.jpg?c=2,april_2_800__08756.1534884496.jpg?c=2,,,Lifeforce800,april_2_800__08756.1534884496.jpg?c=2
"Cheers To The Best Mom, Wooden Postcard",PCCTTBM,"Home|Holidays|Cheers To The Best Mom, Wooden Postcard","Cheers To The Best Mom, Happy Mother's Day, Wooden Postcard
Raise a glass to the incredible woman in your life with our Cheers to the Best Mom, Wooden Postcard. This charming card features a beautiful watercolor illustration of a wine bottle, glass, and delicate pink florals, making it the perfect way to toast to your mom on Mother's Day. Crafted from high-quality, recycled wood, this card is an eco-friendly alternative to traditional paper cards, offering a keepsake that your mom can treasure long after Mother's Day. The warm message—""Cheers to the Best Mom""—captures the joy and appreciation you feel for everything she does.
Ideal for both individual gift-givers and wholesale buyers, this wooden postcard is perfect for boutique shops, gift stores, and anyone looking to stock unique and heartfelt cards.
Key Features:
Eco-Friendly Material: Made from sustainably sourced wood, offering a greener choice for gifting.
Long-Lasting Keepsake: Unlike traditional cards, this wooden design is crafted to be cherished for years.
Elegant Watercolor Design: Features a wine bottle and glass with delicate flowers, perfect for celebrating in style.
Mail-Ready: Write a personalized message on the back and mail it directly—no envelope needed.
Perfect for Retail & Wholesale: A unique option for those seeking special Mother’s Day cards for their store.
Make Mother's Day extra special with a heartfelt toast to your mom using our Cheers to the Best Mom, Wooden Postcard. It’s a gift she’ll never forget.
To reach our lowest wholesale price of $2.99 per postcard, simply mix and match a total of 16 postcards from our collection. Interested in custom designs? We offer low minimums—contact us for more information on creating your own unique postcards.
To avoid any potential disruption in delivery, we suggest using 2 First Class Stamps.",,,,,,,1,6,16,2.99,,,1,Lifeforce400,Lifeforce160,https://cdn11.bigcommerce.com/s-l8fm6tm/images/stencil/800x800/products/4599/13403/Cheers_To_The_Best_Mom_FULL-Camera__51871.1748601496.png?c=2,Cheers_To_The_Best_Mom_FULL-Camera__51871.1748601496.png?c=2,,,Lifeforce800,Cheers_To_The_Best_Mom_FULL-Camera__51871.1748601496.png?c=2
"Seasons Greetings, Glass Christmas Ornament",COSG,"Home|Religious|Seasons Greetings, Glass Christmas Ornament","Seasons Greetings, Glass Christmas Ornament
Send warm holiday wishes with our charming Season’s Greetings glass Christmas ornament. This 3.25"" round ornament features a cozy winter village scene, complete with snow-covered houses and evergreen trees, printed on high-quality clear glass. The festive ""Season’s Greetings"" message in bold red lettering adds a classic holiday touch, making this ornament a beautiful addition to any Christmas tree decor.
Each glass ornament includes a red ribbon for easy hanging and is packaged in a brown gift box tied with a red ribbon, making it a thoughtful and ready-to-gift item for friends, family, or colleagues. The combination of the nostalgic village scene and the cheerful greeting makes this clear glass Christmas ornament a perfect keepsake for spreading joy and holiday cheer.
For retailers, we offer convenient wholesale options, allowing you to mix and match any 10 ornaments from our collection to qualify for the best price. This makes it an ideal product for gift shops, holiday markets, and retailers looking to offer timeless, festive decor that appeals to a wide range of customers.
Whether you're decorating your own home or looking for a beautiful gift to share, this Season’s Greetings glass ornament brings warmth, elegance, and holiday spirit to any celebration.
Key Features:
High-quality clear glass with a printed winter village scene and ""Season’s Greetings"" message
3.25"" round ornament with red ribbon for easy hanging
Packaged in a brown gift box with a red ribbon, perfect for gifting
Available for wholesale—mix and match 10+ ornaments for the best pricing
A charming addition to Christmas tree ornaments and holiday decor
Wholesale Information:
Perfect for gift shops, holiday markets, and retailers seeking festive decor
Mix and match 10 or more ornaments to qualify for the lowest wholesale price
Ideal for offering customers timeless holiday decorations
Celebrate the beauty of the season with this Season’s Greetings glass Christmas ornament. Whether used for personal decor or as a special gift, it adds festive joy to every holiday celebration.",,,,,,,1,15.99,10,7.99,,,1,Lifeforce400,Lifeforce160,https://cdn11.bigcommerce.com/s-l8fm6tm/images/stencil/800x800/products/4552/11287/Seasons_Greetings_Xmas_Branch_2__37491.1727360879.png?c=2,Seasons_Greetings_Xmas_Branch_2__37491.1727360879.png?c=2,,,Lifeforce800,Seasons_Greetings_Xmas_Branch_2__37491.1727360879.png?c=2
"Festival Glass, Courage",FG3,"Home|Individual Items|Glass Stones, Shiny|Festival Glass|Festival Glass, Courage","Courage is imprinted on Festival Glass. Colors of Festival Glass are red, blue, green and swirly white. Approximately 1.25 inches in diameter. There is a minimum order quantity of 6 stones.",,,,,,,6,3.99,10,2.99,,,6,Lifeforce400,Lifeforce160,https://cdn11.bigcommerce.com/s-l8fm6tm/images/stencil/800x800/products/2063/6378/Courage__59593.1552334657.jpg?c=2,Courage__59593.1552334657.jpg?c=2,,,Lifeforce800,Courage__59593.1552334657.jpg?c=2
"OM symbol, Glass Stone",M-42,"Home|Individual Items|Glass Stones, Shiny|Miscellaneous Stones|OM symbol, Glass Stone","OM symbol glass stone. 1.25"" in diameter. This is the universal symbol for God. There is a minimum order quantity of 6 stones.",,,,,,,6,3.99,10,2.99,,,6,Lifeforce400,Lifeforce160,https://cdn11.bigcommerce.com/s-l8fm6tm/images/stencil/800x800/products/687/5402/om_800__08716.1537453376.jpg?c=2,om_800__08716.1537453376.jpg?c=2,,,Lifeforce800,om_800__08716.1537453376.jpg?c=2
"Encomienda a Jehová tu camino, Y confía en él; y él hará. Salmos 37:5",S-117,"Home|Individual Items|Glass Stones, Shiny|Spanish Scripture Stones|Encomienda a Jehová tu camino, Y confía en él; y él hará. Salmos 37:5","Encomienda a Jehová tu camino, Y confía en él; y él hará. Salmos 37:5 (Commit your way to the Lord, Trust also in Him, And He shall bring it to pass. Psalm 37:5) Glass stones that come in a wide array of colors, 1.25 inches in diameter. There is a minimum order quantity of 6 stones.",,,,,,,6,3.99,10,2.99,,,6,Lifeforce400,Lifeforce160,https://cdn11.bigcommerce.com/s-l8fm6tm/images/stencil/800x800/products/3956/7685/Encomienda_a_Jehova_tu_camino__69770.1581526294.jpg?c=2,Encomienda_a_Jehova_tu_camino__69770.1581526294.jpg?c=2,,,Lifeforce800,Encomienda_a_Jehova_tu_camino__69770.1581526294.jpg?c=2
"Comfort Stones, set of six",Set40,"Home|Small Sets|Set of Six Glass Stones or Magnets|Set of Six Glass Stones, Shiny|Comfort Stones, set of six","Comfort Stones Set of Six
Discover the Comfort Stones set of six from Lifeforce Glass, designed to provide solace and support during challenging times. Each stone is approximately 1.25 inches in diameter and features a unique message to inspire peace and resilience. This set includes stones inscribed with the following comforting messages:
""God never gives us more than we can handle.""
""Peace""
""To get through the hardest journey and continue living, we need to take only one step at a time; but we must keep stepping."" - Chinese Proverb
""One Day at a Time""
""Just Breathe""
""You are not alone.""
Benefits and Uses:
Personal Comfort: Carry a stone with you or place them around your home to provide daily reassurance and calm.
Grieving Support: These stones make thoughtful gifts for friends and family who are going through difficult times, offering words of comfort and encouragement.
Decorative Display: The assorted colors and meaningful inscriptions make these stones a beautiful addition to any space, serving as constant reminders to stay strong and hopeful.
Quality and Care: Each stone is crafted with high-quality glass and durable ink. To ensure longevity, avoid contact with abrasive items such as keys and coins when carried in pockets or bags.
Enhance your collection with these comforting stones, and let their messages provide peace and strength.
 ",,,,,,,1,16.49,4,13.19,,,1,Lifeforce400,Lifeforce160,https://cdn11.bigcommerce.com/s-l8fm6tm/images/stencil/800x800/products/1285/5836/comfort_flower_NEW_800__30872.1538239182.jpg?c=2,comfort_flower_NEW_800__30872.1538239182.jpg?c=2,,,Lifeforce800,comfort_flower_NEW_800__30872.1538239182.jpg?c=2
"Chinese Harmony, Glass Stone",KJ-7,"Home|Individual Items|Glass Stones, Shiny|Chinese Character Stones|Chinese Harmony, Glass Stone","The Chinese character for Harmony and its English translation are printed on a glass stone in various colors. 1.25"" in diameter. There is a minimum order quantity of 6 stones.",,,,,,,6,3.99,10,2.99,,,6,Lifeforce400,Lifeforce160,https://cdn11.bigcommerce.com/s-l8fm6tm/images/stencil/800x800/products/584/12692/Chinese_Harmony_2__20932.1743163141.png?c=2,Chinese_Harmony_2__20932.1743163141.png?c=2,,,Lifeforce800,Chinese_Harmony_2__20932.1743163141.png?c=2
"For God gave us not a spirit of fearfulness; but of power and love and discipline. 2 Timothy 1:7, Glass Stone",S-81,"Home|Religious|For God gave us not a spirit of fearfulness; but of power and love and discipline. 2 Timothy 1:7, Glass Stone","For God gave us not a spirit of fearfulness; but of power and love and discipline. 2 Timothy 1:7. Glass stone, 1.25"", various colors. There is a minimum order quantity of 6 stones.",,,,,,,6,3.99,10,2.99,,,6,Lifeforce400,Lifeforce160,https://cdn11.bigcommerce.com/s-l8fm6tm/images/stencil/800x800/products/960/5100/for_god_gave_us_not_a_spirit_800__09078.1536254554.jpg?c=2,for_god_gave_us_not_a_spirit_800__09078.1536254554.jpg?c=2,,,Lifeforce800,for_god_gave_us_not_a_spirit_800__09078.1536254554.jpg?c=2
"Inspirational Glass Plaque- Trust in the Lord with all your heart, and lean not on your own understanding. Proverbs 3:5",IP22,"Home|Religious|Inspirational Glass Plaque- Trust in the Lord with all your heart, and lean not on your own understanding. Proverbs 3:5","Trust in the Lord with all your heart, and lean not unto your own understanding. Proverbs 3:5
Let go and let god. There's no point in giving your problems over to God if you're just going to keep taking them back. You can remember to trust your higher power by having this glass plaque on your desk.
If you've already got this concept figured out, you might want to give this beautiful plaque to someone who hasn't.
The glass plaque is three inches wide and six inches tall. It comes with a black, folding metal easel. It will make a beautiful addition to anyone's décor.",,,,,,,1,23.99,3,18.99,,,1,Lifeforce400,Lifeforce160,https://cdn11.bigcommerce.com/s-l8fm6tm/images/stencil/800x800/products/3128/6462/trust_in_the_lord_dark_teal__42307.1567716961.jpg?c=2,trust_in_the_lord_dark_teal__42307.1567716961.jpg?c=2,,,Lifeforce800,trust_in_the_lord_dark_teal__42307.1567716961.jpg?c=2
"Triquetra picture, Glass Stone",M-73,"Home|Individual Items|Glass Stones, Shiny|Miscellaneous Stones|Triquetra picture, Glass Stone","Triquetra glass stone. 1.25"" in diameter. There is a minimum order quantity of 6 stones.",,,,,,,6,3.99,10,2.99,,,6,Lifeforce400,Lifeforce160,https://cdn11.bigcommerce.com/s-l8fm6tm/images/stencil/800x800/products/700/12656/Triquetra__59568.1743093883.png?c=2,Triquetra__59568.1743093883.png?c=2,,,Lifeforce800,Triquetra__59568.1743093883.png?c=2
Mother's Day Glass Stone Assortment 2,MDA2,Home|Holidays|Mother's Day Glass Stone Assortment 2,"Mother's Day Glass Stone Assortment 2 - 100-Piece Collection
Celebrate the love, strength, and warmth of mothers with our Mother’s Day Glass Stone Assortment 2! This 100-piece set of glass stones beautifully captures sentiments of appreciation and admiration, perfect for mothers, grandmothers, and mother figures everywhere. With uplifting messages and charming designs, this collection is suitable to be sold year-round, making it an ideal addition for any occasion where love and gratitude are celebrated.
Perfect for gift shops, florists, or anyone looking to add a heartfelt touch to gifts, this assortment offers a variety of designs for moms, grandmas, and even pet moms. Each smooth, durable glass stone is crafted to be a cherished keepsake, ideal as a pocket reminder, display piece, or unique gift addition.
Key Features:
100 Assorted Glass Stones: Each stone is uniquely printed, celebrating the beauty of motherhood and offering messages that resonate all year.
Quality Glass Craftsmanship: Made from high-quality glass for a smooth, lasting finish.
Versatile and Heartfelt: While perfect for Mother’s Day, these stones are suitable to be shared and sold throughout the year as tokens of love and appreciation.
Perfect Gift Addition: Great for sharing individually or adding a thoughtful touch to cards, bouquets, or gift baskets.
Display-Ready Packaging: Comes in a display basket for easy organization and presentation.
Honor the spirit of motherhood every day with these beautiful glass stones—meaningful keepsakes that celebrate love beyond just one holiday.
Your assortment will contain a mix of white, pink, teal and purple stones.
   ",,,,,,,1,125,5,118.75,,,1,Lifeforce400,Lifeforce160,https://cdn11.bigcommerce.com/s-l8fm6tm/images/stencil/800x800/products/4609/12653/Mothers_Day_Assortment_2_Group__66326.1744102649.png?c=2,Mothers_Day_Assortment_2_Group__66326.1744102649.png?c=2,,,Lifeforce800,Mothers_Day_Assortment_2_Group__66326.1744102649.png?c=2
"Sea Stone, Replica Sea Glass Stone, Hawaii",SEA45,"Home|Individual Items|Glass Stones, Frosted|Sea Stones|Sea Stone, Replica Sea Glass Stone, Hawaii","Beautiful frosted glass stone that says Hawaii. It comes in a myriad of colors. 1.25"" in diameter. There is a minimum order quantity of 6 stones.",,,,,,,6,3.99,10,2.99,,,6,Lifeforce400,Lifeforce160,https://cdn11.bigcommerce.com/s-l8fm6tm/images/stencil/800x800/products/2994/4429/sea_stone_hawaii__95880.1520632687.jpg?c=2,sea_stone_hawaii__95880.1520632687.jpg?c=2,,,Lifeforce800,sea_stone_hawaii__95880.1520632687.jpg?c=2
Center Connection Stone,CNS5,Home|Inspirational|Center Connection Stone,"When you center yourself, it's such a peaceful feeling. If you've never tried it, find a place where you won't be disturbed. Get comfortable, and breathe deeply. Visualize your heart center, and continue to breathe. You don't have to sit there for a long time, just a few minutes will help you to feel a lot better.
A Connection Stone that says Center can remind you to take a few minutes for yourself. The stones are 1.25"" in diameter and are made in the USA from glass. There is a minimum order quantity of 6 stones. ",,,,,,,6,3.99,10,2.99,,,6,Lifeforce400,Lifeforce160,https://cdn11.bigcommerce.com/s-l8fm6tm/images/stencil/800x800/products/3754/9619/Center__06633.1686237441.png?c=2,Center__06633.1686237441.png?c=2,,,Lifeforce800,Center__06633.1686237441.png?c=2
"Wholeness, Glass Stone",F-50,"Home|Individual Items|Glass Stones, Shiny|Focus Stones|Wholeness, Glass Stone","Wholeness is the state of being unbroken. This could be used as a therapy tool. 1.25"" glass stone, assorted colors. There is a minimum order quantity of 6 stones.",,,,,,,6,3.99,10,2.99,,,6,Lifeforce400,Lifeforce160,https://cdn11.bigcommerce.com/s-l8fm6tm/images/stencil/800x800/products/467/5661/wholeness_800__79959.1537800924.jpg?c=2,wholeness_800__79959.1537800924.jpg?c=2,,,Lifeforce800,wholeness_800__79959.1537800924.jpg?c=2
"Peace, Love & Joy, Glass Christmas Ornament",COPLJ,"Home|Religious|Peace, Love & Joy, Glass Christmas Ornament","Peace on Earth, Glass Christmas Ornament
Spread holiday cheer with our adorable Peace, Love & Joy glass Christmas ornament, featuring two charming penguins dressed for the winter season. This 3.25"" round ornament is crafted from high-quality clear glass, beautifully reflecting the lights of your Christmas tree, and printed with the heartwarming message ""Peace, Love & Joy."" The playful design makes this ornament a perfect addition to family holiday decor, adding a touch of fun and joy to your home.
Each glass ornament comes with a festive red ribbon for easy hanging and is packaged in a brown gift box tied with a red ribbon, ready to be gifted to friends, family, or coworkers. This cute yet meaningful clear glass Christmas ornament captures the warmth and joy of the holiday season, making it a delightful keepsake for years to come.
For retailers, Lifeforce Glass offers flexible wholesale options, allowing you to mix and match any 10 ornaments from our collection to receive the best pricing. This ornament is a great choice for gift shops, holiday markets, and family-oriented retailers, providing a fun and festive product that appeals to customers seeking lighthearted yet meaningful holiday decor.
Whether you're decorating your own tree, looking for a sweet gift, or stocking up for your store, this Peace, Love & Joy glass ornament is the perfect blend of joy and festive spirit.
Key Features:
High-quality clear glass with a playful penguin design and peace message printed on it
3.25"" round ornament with red ribbon for hanging
Packaged in a brown gift box with a red ribbon, perfect for gifting
Available for wholesale—mix and match 10+ ornaments for the best price
A fun and festive addition to Christmas tree ornaments and holiday decor
Wholesale Information:
Perfect for gift shops, holiday markets, and family-oriented retailers
Mix and match 10 or more ornaments for the lowest wholesale price
Great for adding fun and joyful decor to holiday collections
Celebrate the season with this joyful Peace, Love & Joy glass Christmas ornament. Whether for personal use or resale, this charming ornament brings festive cheer to every holiday celebration.",,,,,,,1,15.99,10,7.99,,,1,Lifeforce400,Lifeforce160,https://cdn11.bigcommerce.com/s-l8fm6tm/images/stencil/800x800/products/4551/11282/Peace_Love_Joy_Xmas_Branch_2__29909.1727360476.png?c=2,Peace_Love_Joy_Xmas_Branch_2__29909.1727360476.png?c=2,,,Lifeforce800,Peace_Love_Joy_Xmas_Branch_2__29909.1727360476.png?c=2
"Stoicism Stones, Set of Six",SETSTO,"Home|Small Sets|Set of Six Glass Stones or Magnets|Set of Six Glass Stones, Shiny|Stoicism Stones, Set of Six","Stoicism Stones, Set of Six
Embrace the Stoic way of life and infuse your daily routine with ancient wisdom. Lifeforce Glass's Set of 6 Stoicism Stones featuring Marcus Aurelius, Epictetus, and Seneca is your gateway to timeless inspiration. Place them on your desk, carry them in your pocket, or display them proudly – let the Stoics guide your journey towards a more balanced, resilient, and virtuous existence.
Included quotes :
""The happiness of your life depends on the quality of your thoughts."" - Marcus Aurelius
""First learn the meaning of what you say, and then speak."" - Epictetus
""We suffer more in imagination than in reality."" - Seneca",,,,,,,1,16.49,4,13.19,,,1,Lifeforce400,Lifeforce160,https://cdn11.bigcommerce.com/s-l8fm6tm/images/stencil/800x800/products/4448/9841/Set-of-6-Stoicism-Stones-2__55242.1702896776.jpg?c=2,Set-of-6-Stoicism-Stones-2__55242.1702896776.jpg?c=2,,,Lifeforce800,Set-of-6-Stoicism-Stones-2__55242.1702896776.jpg?c=2
Know Connection Stone,CNS15,Home|Inspirational|Know Connection Stone,"Some things you can't articulate, some things you can't see, but you still know. It's intuition, and it's faith and confidence. In the Judeo-Christian tradition, ""Be still and know that I am God"" is in a well-known psalm. 
Our Know Connection Stone is made from glass, approximately 1.25"" in diameter. There is a minimum order quantity of 6 stones.",,,,,,,6,3.99,10,2.99,,,6,Lifeforce400,Lifeforce160,https://cdn11.bigcommerce.com/s-l8fm6tm/images/stencil/800x800/products/3764/9616/Know__69822.1686236218.png?c=2,Know__69822.1686236218.png?c=2,,,Lifeforce800,Know__69822.1686236218.png?c=2
"Sea Stone, Replica Sea Glass Stone, Friendship",SEA39,"Home|Individual Items|Glass Stones, Frosted|Sea Stones|Sea Stone, Replica Sea Glass Stone, Friendship","Beautiful frosted glass stone that says Friendship. It comes in a myriad of colors. 1.25"" in diameter. There is a minimum order quantity of 6 stones.",,,,,,,6,3.99,10,2.99,,,6,Lifeforce400,Lifeforce160,https://cdn11.bigcommerce.com/s-l8fm6tm/images/stencil/800x800/products/2988/4757/sea_stone_friendship_800__50681.1533238126.jpg?c=2,sea_stone_friendship_800__50681.1533238126.jpg?c=2,,,Lifeforce800,sea_stone_friendship_800__50681.1533238126.jpg?c=2
"Chinese Luck, Glass Stone",KJ-12,"Home|Individual Items|Glass Stones, Shiny|Chinese Character Stones|Chinese Luck, Glass Stone","The Chinese character for Luck and its English translation are printed on a glass stone in various colors. 1.25"" in diameter. There is a minimum order quantity of 6 stones.",,,,,,,6,3.99,10,2.99,,,6,Lifeforce400,Lifeforce160,https://cdn11.bigcommerce.com/s-l8fm6tm/images/stencil/800x800/products/570/12704/Chinese_Luck_2__91321.1743173260.png?c=2,Chinese_Luck_2__91321.1743173260.png?c=2,,,Lifeforce800,Chinese_Luck_2__91321.1743173260.png?c=2
"Unity, Glass Stone",F-73,"Home|Individual Items|Glass Stones, Shiny|Focus Stones|Unity, Glass Stone","Unity. Could be used as a team building tool 1.25"" glass stone, assorted colors. There is a minimum order quantity of 6 stones.",,,,,,,6,3.99,10,2.99,,,6,Lifeforce400,Lifeforce160,https://cdn11.bigcommerce.com/s-l8fm6tm/images/stencil/800x800/products/490/5362/unity_800__90554.1537306303.jpg?c=2,unity_800__90554.1537306303.jpg?c=2,,,Lifeforce800,unity_800__90554.1537306303.jpg?c=2
"The Mermaid's Message, Kauai, Sea Glass Stone",MM23,"Home|Individual Items|Glass Stones, Frosted|The Mermaid's Message, Hawaiian Images|The Mermaid's Message, Kauai, Sea Glass Stone","Kauai is one of the Hawaiian Islands, know as The Garden Isle. These frosted glass stones make great souvenirs. In marine colors, about 1.25"" in diameter. There is a minimum order quantity of 6 stones.",,,,,,,6,3.99,10,2.99,,,6,Lifeforce400,Lifeforce160,https://cdn11.bigcommerce.com/s-l8fm6tm/images/stencil/800x800/products/2096/4964/kauai_800__85790.1534862522.jpg?c=2,kauai_800__85790.1534862522.jpg?c=2,,,Lifeforce800,kauai_800__85790.1534862522.jpg?c=2
"May You Have The Hindsight To Know Where You've Been, Acrylic Magnet",AMAG15,"Home|Irish|May You Have The Hindsight To Know Where You've Been, Acrylic Magnet","Irish advice to live by!
This magnet features the Irish Proverb: “May You Have The Hindsight To Know Where You’ve Been, The Foresight To Know Where You Are Going, And The Insight To Know When You Have Gone Too Far” on a green and white background with Celtic designs. 
A Perfect gift for those who love Irish Proverbs and Cheeky Irish Humor.
These are a great gift for those who appreciate Irish Culture and who identify with Ireland and its ancestry and culture!
Visually beautiful, with a meaningful message, our magnets are going to attract your attention!
-Each magnet measures approximately 3.75” x 2.75” x ⅛”
-Made from high quality acrylic
-Digitally printed
-Made in the USA/Massachusetts",,,,,,,1,7,16,5,,,1,Lifeforce400,Lifeforce160,https://cdn11.bigcommerce.com/s-l8fm6tm/images/stencil/800x800/products/4492/10495/May_you_have_the_hindsight-Camera_7__94580.1712748067.png?c=2,May_you_have_the_hindsight-Camera_7__94580.1712748067.png?c=2,,,Lifeforce800,May_you_have_the_hindsight-Camera_7__94580.1712748067.png?c=2
Mele Kalikimaka means Merry Christmas in Hawaiian,SEA87,"Home|Individual Items|Glass Stones, Frosted|The Mermaid's Message, Hawaiian Images|Mele Kalikimaka means Merry Christmas in Hawaiian","It's impossible to write anything about this cute stone without Bing Crosby singing in my head, ""Mele Kalikimaka is the thing to say on a bright Hawaiian Christmas Day""  Mele Kalikimaka is printed with a picture of a hibiscus on red and green sea stones. 1.25 inches in diameter. There is a minimum order quantity of 6 stones.",,,,,,,6,3.99,10,2.99,,,6,Lifeforce400,Lifeforce160,https://cdn11.bigcommerce.com/s-l8fm6tm/images/stencil/800x800/products/4080/8049/mele_kalikimaka_red__77369.1633545033.jpg?c=2,mele_kalikimaka_red__77369.1633545033.jpg?c=2,,,Lifeforce800,mele_kalikimaka_red__77369.1633545033.jpg?c=2
Self-Esteem. Glass Stone,F-116,"Home|Individual Items|Glass Stones, Shiny|Focus Stones|Self-Esteem. Glass Stone","Do you need a little self-esteem boost? This would be a great pick me up gift for friends and family members. 1.25"" glass stone, assorted colors. There is a minimum order quantity of 6 stones.",,,,,,,6,3.99,10,2.99,,,6,Lifeforce400,Lifeforce160,https://cdn11.bigcommerce.com/s-l8fm6tm/images/stencil/800x800/products/411/5653/self_esteem_800__92727.1537800040.jpg?c=2,self_esteem_800__92727.1537800040.jpg?c=2,,,Lifeforce800,self_esteem_800__92727.1537800040.jpg?c=2
"Four Leaf Clover, Wooden Postcard",PCFLC,"Home|Irish|Four Leaf Clover, Wooden Postcard","Four Leaf Clover Wooden Postcard – A Symbol of Hope, Faith, Love, and Luck
Celebrate the timeless charm of the four-leaf clover with our beautifully crafted Four Leaf Clover Wooden Postcard. Featuring a stunning vintage-inspired design and a meaningful message, this postcard is perfect for St. Patrick’s Day celebrations or as a thoughtful gift for Irish culture enthusiasts.
Why Choose Our Four Leaf Clover Wooden Postcard?
Crafted from Recycled Wood: Made from eco-friendly wood, this postcard is durable, lightweight, and smooth to the touch, offering a premium keepsake quality.
Meaningful Design: Highlighting the symbolic significance of the four-leaf clover, each leaf is beautifully represented: Hope, Faith, Love, and Luck.
Perfect for Any Occasion: Whether you’re sending Irish blessings for St. Patrick’s Day, wishing someone good fortune, or sharing a little piece of Irish heritage, this postcard is a heartfelt way to connect.
Ideal for Irish Gift Shops and Year-Round Luck
This Four Leaf Clover Wooden Postcard is a must-have for Irish gift shops across the USA, blending cultural significance with artistic beauty. Its timeless design ensures it can be sold beyond St. Patrick’s Day as a charming token of good luck and positivity.
Product Details:
Dimensions: Approximately 4” x 6”
Material: Durable, sustainably sourced wood
Message: “4 Leaf Clover: Each Leaf Represents Hope, Faith, Love & Luck”
A Thoughtful Gift or Irish Souvenir
Whether displayed on a desk, gifted to loved ones, or sent as a postcard, this Four Leaf Clover Wooden Postcard is a meaningful keepsake that carries Irish blessings wherever it goes.
Share the Luck of the Irish – Order Today!
To reach our lowest wholesale price of $2.99 per postcard, simply mix and match a total of 16 postcards from our collection. Interested in custom designs? We offer low minimums—contact us for more information on creating your own unique postcards.
To avoid any potential disruption in delivery, we suggest using 2 First Class Stamps.",,,,,,,1,6,16,2.99,,,1,Lifeforce400,Lifeforce160,https://cdn11.bigcommerce.com/s-l8fm6tm/images/stencil/800x800/products/4622/13072/4_Leaf_Clover_FULL-Camera__41250.1747059857.png?c=2,4_Leaf_Clover_FULL-Camera__41250.1747059857.png?c=2,,,Lifeforce800,4_Leaf_Clover_FULL-Camera__41250.1747059857.png?c=2
"The Mermaid's Message, Ku'uipo, Sea Glass Stone",MM16,"Home|Individual Items|Glass Stones, Frosted|The Mermaid's Message, Hawaiian Images|The Mermaid's Message, Ku'uipo, Sea Glass Stone","Ku'uipo means ""Sweetheart"" in Hawaiian. You can impress your loved one with your linguistic skills with this frosted glass stone. Marine colors, about 1.25"" in diameter. There is a minimum order quantity of 6 stones.",,,,,,,6,3.99,10,2.99,,,6,Lifeforce400,Lifeforce160,https://cdn11.bigcommerce.com/s-l8fm6tm/images/stencil/800x800/products/2097/4965/kuuipo_800__16688.1534862927.jpg?c=2,kuuipo_800__16688.1534862927.jpg?c=2,,,Lifeforce800,kuuipo_800__16688.1534862927.jpg?c=2
"Zodiac Stone Assortment, 100 pieces",ZSA,"Home|New Age|Zodiac Stone Assortment, 100 pieces","Eight of each of the 12 Zodiac signs (plus four extra, to make 100) are in this colorful assortment. Glass stones are 1.25"" in diameter and are printed on colorful stones. A basket and header display is included.
If you wish to buy specific quantities of Zodiac stones, you can click here. The price will decrease as you shop.",,,,,,,1,125,5,118.75,,,1,Lifeforce400,Lifeforce160,https://cdn11.bigcommerce.com/s-l8fm6tm/images/stencil/800x800/products/1191/9535/Zodiac_1__64475.1684235212.png?c=2,Zodiac_1__64475.1684235212.png?c=2,,,Lifeforce800,Zodiac_1__64475.1684235212.png?c=2
"This too shall pass, Glass Stone",W-120,"Home|Inspirational|This too shall pass, Glass Stone","This too shall pass. Glass stone, about 1.25"" in diameter. Various colors. There is a minimum order quantity of 6 stones.",,,,,,,6,3.99,10,2.99,,,6,Lifeforce400,Lifeforce160,https://cdn11.bigcommerce.com/s-l8fm6tm/images/stencil/800x800/products/1099/5409/this_too_shall_pass_800__11054.1537453957.jpg?c=2,this_too_shall_pass_800__11054.1537453957.jpg?c=2,,,Lifeforce800,this_too_shall_pass_800__11054.1537453957.jpg?c=2
"United States of America, Wooden Magnet",WMUS,"Home|Holidays|USA 250|United States of America, Wooden Magnet","United States of America Wooden Magnet – A Bold Tribute to the Nation
Celebrate the strength and spirit of the country with our United States of America Wooden Magnet. This eye-catching design features a vibrant red, hand-lettered map of the continental U.S., filled with the words “United States of America” in a retro-style font. It’s a fun and striking way to mark America’s 250th anniversary or show off your patriotic pride year-round.
Why Choose Our United States of America Wooden Magnet?
Creative Map Design: The USA’s shape is filled with playful, bold typography.
Crafted from Real Wood: Printed on eco-conscious, recycled wood right here in the USA.
Perfect for Patriotic Gifting: Great for July 4th, USA 250, or Americana-themed decor.
Sized for Versatility: Ideal for refrigerators, lockers, cubicles, and more.
A Magnet That Makes a Statement
Whether you’re celebrating a historic milestone or just want to display your love for the land of the free, this magnet is a standout choice. It’s as memorable as it is meaningful.
Mix and Match
Combine 32 wooden magnets from the collection to reach out lowest wholesale price of $3.50 per magnet. 
 ",,,,,,,1,7,32,6,,,1,Lifeforce400,Lifeforce160,https://cdn11.bigcommerce.com/s-l8fm6tm/images/stencil/800x800/products/4679/13196/USA_Country_2000x2000__44186.1748448785.png?c=2,USA_Country_2000x2000__44186.1748448785.png?c=2,,,Lifeforce800,USA_Country_2000x2000__44186.1748448785.png?c=2
"Festival Glass, Dream",FG4,"Home|Individual Items|Glass Stones, Shiny|Festival Glass|Festival Glass, Dream","Our new Festival Glass is imprinted with the word Dream. Approximately 1.25 inches in diameter and is available in the festival glass colors; swirly green, swirly red, swirly blue and a swirly white. There is a minimum order quantity of 6 stones.",,,,,,,6,3.99,10,2.99,,,6,Lifeforce400,Lifeforce160,https://cdn11.bigcommerce.com/s-l8fm6tm/images/stencil/800x800/products/2064/6380/Dream__76264.1552334686.jpg?c=2,Dream__76264.1552334686.jpg?c=2,,,Lifeforce800,Dream__76264.1552334686.jpg?c=2
"Success, Glass Stone",F-45,"Home|Individual Items|Glass Stones, Shiny|Focus Stones|Success, Glass Stone","Success for your next meeting, great team building stone. 1.25"" in diameter, assorted colors. There is a minimum order quantity of 6 stones.",,,,,,,6,3.99,10,2.99,,,6,Lifeforce400,Lifeforce160,https://cdn11.bigcommerce.com/s-l8fm6tm/images/stencil/800x800/products/462/5657/success_800__82092.1537800664.jpg?c=2,success_800__82092.1537800664.jpg?c=2,,,Lifeforce800,success_800__82092.1537800664.jpg?c=2
"Character Builder Glass Stones, set of six",Set18,"Home|Inspirational|Character Builder Glass Stones, set of six","Many people use Character Builder stones as a tool to help children learn the values they need to become effective leaders. Others just like the qualities offered on this set of six stones. You get:
Kindness
Integrity
Teamwork
Loyalty
Respect
Honesty
Each stone is 1.25"" in diameter. The colors you receive will probably not be exactly as they pictured, but they will always be pretty and each will be a different color. If you are an educator or administrator and require over one hundred Character Builder Stones, please create a wholesale account.",,,,,,,1,16.49,4,13.19,,,1,Lifeforce400,Lifeforce160,https://cdn11.bigcommerce.com/s-l8fm6tm/images/stencil/800x800/products/1249/5817/character_builder_flower_800__47926.1538069477.jpg?c=2,character_builder_flower_800__47926.1538069477.jpg?c=2,,,Lifeforce800,character_builder_flower_800__47926.1538069477.jpg?c=2
Mother's Day Assortment of Glass Stones - 100 pieces,MDA,Home|Holidays|Mother's Day Assortment of Glass Stones - 100 pieces,"Mother's Day Assortment of Glass Stones - 100 pieces
We print loving sayings on feminine colors of glass stones for the Mothers Day Assortment. There are twelve different titles in your assortment of 100 stones, all of which will sell through any time of the year. Each stone is approximately 1.25"" in diameter. The stones are a mixture of translucent and opaque colors. The styles are:
Consider Yourself Hugged
Awesome Mom
Cool Mom
#1 Mom
You are loved.
Friends Forever
You mean the world to me.
I Love You
Here's a Hug
I (heart) Grandma
Thanks, Mom
You're An Angel.
A basket and header display is included with your assortment.
   ",,,,,,,1,125,5,118.75,,,1,Lifeforce400,Lifeforce160,https://cdn11.bigcommerce.com/s-l8fm6tm/images/stencil/800x800/products/708/12490/Mothers_Day_Assortment_Group__50768.1739986270.png?c=2,Mothers_Day_Assortment_Group__50768.1739986270.png?c=2,,,Lifeforce800,Mothers_Day_Assortment_Group__50768.1739986270.png?c=2
Inspirational Glass Plaque- The Prayer For Protection,IP29,Home|Religious|Inspirational Glass Plaque- The Prayer For Protection,"The Prayer For Protection has comforted and reassured millions of people since James Freeman wrote during World War II. Buzz Aldrin had it with him as he made the moonwalk from Apollo 11. It states:
The light of God surrounds us;
The love of God enfolds us;
The power or God protects us;
The presence of God watches over us;
Wherever we are, God is!
We expect that many more people will come to know this prayer initially from the beauty of this plaque. The poem is printed on a glass tile that is three inches wide and six inches tall. It comes with a black, folding metal easel and a gift box. ",,,,,,,1,23.99,3,18.99,,,1,Lifeforce400,Lifeforce160,https://cdn11.bigcommerce.com/s-l8fm6tm/images/stencil/800x800/products/3136/6469/The_Prayer_For_Protection_Grey__32933.1567716503.jpg?c=2,The_Prayer_For_Protection_Grey__32933.1567716503.jpg?c=2,,,Lifeforce800,The_Prayer_For_Protection_Grey__32933.1567716503.jpg?c=2
"Affirmation I, Set of six glass stones",Set10,"Home|Small Sets|Set of Six Glass Stones or Magnets|Set of Six Glass Stones, Shiny|Affirmation I, Set of six glass stones","Affirmations are proven tools to help you reach your goals. Printed on glass stones, they're beautiful, too! In Set I you get:
I am patient.
I am fearless.
I am focused.
I am inspired.
I am guided.
I am confident.
How do they work? It's all about impressing an idea into your subconscious mind. Your stones are 1.25"" in diameter and will printed in colors all different from each other. They may or may not be in the same colors as the picture. Care for your stones by not letting them bang together or scratch up against change and keys, and they will last for years.",,,,,,,1,16.49,4,13.19,,,1,Lifeforce400,Lifeforce160,https://cdn11.bigcommerce.com/s-l8fm6tm/images/stencil/800x800/products/149/12758/Affirmation_Set_1__48449.1743178526.png?c=2,Affirmation_Set_1__48449.1743178526.png?c=2,,,Lifeforce800,Affirmation_Set_1__48449.1743178526.png?c=2
"Inspirational Lucite Plaque - The 23rd Psalm, Reassurance & Comfort",LP5,"Home|Religious|Inspirational Lucite Plaque - The 23rd Psalm, Reassurance & Comfort","We've printed the beloved Twenty-Third Psalm on our stunning Lucite plaques. It's a verse of comfort and assurance, something everyone needs these days. It begins,
The Lord is my shepherd; I shall not want.
He makes me lie down in green pastures.
He leads me beside still waters.
He restores my soul.
He leads me in paths of righteousness
for his name's sake.
This one inch thick, crystal clear Lucite Plaque is a modern take on our widely popular glass plaque. It is made to be free-standing, with no need for a base or stand. The borderless design with transparent edges enhances the piece with a striking depth that subtly changes with the angle of vision - taking on an almost 3D quality.
The Lucite Plaques are 4 inches by 6 inches and come in a wide range of colors. They will come assorted unless you have a specific request.",,,,,,,1,32.99,3,28.99,,,1,Lifeforce400,Lifeforce160,https://cdn11.bigcommerce.com/s-l8fm6tm/images/stencil/800x800/products/4417/9127/The_23rd_Psalm_-_White-View_4__47084.1665046879.png?c=2,The_23rd_Psalm_-_White-View_4__47084.1665046879.png?c=2,,,Lifeforce800,The_23rd_Psalm_-_White-View_4__47084.1665046879.png?c=2
Scripture Heart Assortment of 50 Hearts,SHA,Home|Hospital|Scripture Heart Assortment of 50 Hearts,"Fifty frosted glass hearts with favorite scripture verses printed on them come with free sheer, heart shaped pouches and and either a beautiful raindrop glass plate or wicker basket. Each heart is 1.75 inches across and a little less than a quarter of an inch thick. The hearts are pink, white and lilac. The verses in the Scripture Heart Assortment are:
But those who trust in the Lord for help will rise on wings like eagles. Isaiah 40:31
God is light, in him there is no darkness at all. 1 John 1:5
I can do all things in him who strengthens me. Philippians 4:13. 
I have found the one whom my soul loves. Song of Solomon 3:4
Love Never Fails. 1 Corinthians 13:8
Remember I am with you always. Matthew 28:20
Trust in the Lord with all your heart, and lean not unto your own understanding. Proverbs 3:5",,,,,,,1,162.5,5,154,,,1,Lifeforce400,Lifeforce160,https://cdn11.bigcommerce.com/s-l8fm6tm/images/stencil/800x800/products/2902/12203/Scripture_Heart_Group_Shot__09696.1732294387.png?c=2,Scripture_Heart_Group_Shot__09696.1732294387.png?c=2,,,Lifeforce800,Scripture_Heart_Group_Shot__09696.1732294387.png?c=2
"Day of the Dead, Glass Stone Assortment",DODA,"Home|Holidays|Day of the Dead, Glass Stone Assortment","Day of the Dead / Día de los Muertos Glass Stone Assortment - Sugar Skull Collection 
Celebrate Día de los Muertos with our stunning Day of the Dead Glass Stone Assortment, featuring 100 beautifully imprinted sugar skull designs. These glass stones are perfect for honoring the memory of loved ones and make a meaningful addition to altars (ofrendas), home decor, or as unique gifts. Whether you’re participating in this rich cultural tradition or simply love the vibrant sugar skull imagery, these stones are an excellent way to celebrate the Day of the Dead.
In Día de los Muertos traditions, placing a sugar skull on an altar or gravestone brings good fortune and pays tribute to the departed. This assortment provides a beautiful and symbolic way to share these traditions with your customers.
Perfect for Retailers and Wholesalers!
Looking to expand your product offerings? These stones are ideal for gift shops, boutiques, spiritual stores, or any retailer interested in offering unique, culturally significant items. With wholesale pricing available, you can easily add this eye-catching product to your inventory.
Product Details:
Each glass stone is approx. 1.25"" in diameter
Assortment includes a variety of sugar skull designs
Made from translucent and opaque glass for a high-quality, beautiful finish
Ideal for Día de los Muertos altars, ofrendas, or decorations
A basket and header card display are included with your first order
Wholesale price: $1.25 each (100 stones per assortment)
Made in Massachusetts, USA
Wholesale buyers, such as gift shops, boutique retailers, or spiritual and cultural stores, will find these stones to be an attractive and meaningful addition to their product lines. Perfect for those looking to offer their customers a Día de los Muertos item that carries both beauty and tradition.",,,,,,,1,125,5,118.75,,,1,Lifeforce400,Lifeforce160,https://cdn11.bigcommerce.com/s-l8fm6tm/images/stencil/800x800/products/4554/11311/Day_of_the_Dead_Assortment__14155.1727791695.png?c=2,Day_of_the_Dead_Assortment__14155.1727791695.png?c=2,,,Lifeforce800,Day_of_the_Dead_Assortment__14155.1727791695.png?c=2
"Humble yourselves before the Lord, and he will lift you up. James 4:10, Glass Stone",S-58,"Home|Religious|Humble yourselves before the Lord, and he will lift you up. James 4:10, Glass Stone","Humble yourselves before the Lord, and he will lift you up. James 4:10. Glass stone, 1.25"", various colors. There is a minimum order quantity of 6 stones.",,,,,,,6,3.99,10,2.99,,,6,Lifeforce400,Lifeforce160,https://cdn11.bigcommerce.com/s-l8fm6tm/images/stencil/800x800/products/934/5102/humbleyourselves_800__80199.1536254688.jpg?c=2,humbleyourselves_800__80199.1536254688.jpg?c=2,,,Lifeforce800,humbleyourselves_800__80199.1536254688.jpg?c=2
"Mermaid Message Magnet, Wisdom",MMG18,"Home|Inspirational|Mermaid Message Magnet, Wisdom","There aren't many of us who couldn't use a little more Wisdom, maybe you know someone who could use more than a little. A Mermaid Message magnet with the word Wisdom would make a great gift. It is 1.25 inches in diameter and has a half inch magnet glued to it. The colors are light blue, dark blue, teal and green. There is a minimum order quantity of 6 magnets.",,,,,,,6,4.49,10,3.99,,,6,Lifeforce400,Lifeforce160,https://cdn11.bigcommerce.com/s-l8fm6tm/images/stencil/800x800/products/2517/6326/wisdom__56996.1552062036.jpg?c=2,wisdom__56996.1552062036.jpg?c=2,,,Lifeforce800,wisdom__56996.1552062036.jpg?c=2
"Virgo, Glass Stone",Z-6,"Home|New Age|Virgo, Glass Stone","For the humble and modest Virgo, this would be a lovely gift. Glass stones, printed in the USA. Approximately 1.25"" in diameter and available in many colors, if you have a preference please let us know. There is a minimum order quantity of 6 stones.",,,,,,,6,3.99,10,2.99,,,6,Lifeforce400,Lifeforce160,https://cdn11.bigcommerce.com/s-l8fm6tm/images/stencil/800x800/products/1200/4982/virgo_800__78875.1534882713.jpg?c=2,virgo_800__78875.1534882713.jpg?c=2,,,Lifeforce800,virgo_800__78875.1534882713.jpg?c=2
"Combination Pack, Fruit of the Spirit & Scripture Stones",Combo 4,"Home|Religious|Combination Pack, Fruit of the Spirit & Scripture Stones","Got a limited budget? You can get Scripture Stones and Fruits of the Spirit in the same assortment! You'll get 50 of each. We'll send the Scripture Stone header card along with a basket. 
For more information on Scripture Stones: Scripture Stone Assortment
For more information on Fruits of the Spirit Stones: Fruits of the Spirit Collection of Glass Stones, 100 Pieces",,,,,,,1,125,5,118.75,,,1,Lifeforce400,Lifeforce160,https://cdn11.bigcommerce.com/s-l8fm6tm/images/stencil/800x800/products/3802/6984/fruits_scripture__78304.1563311248.jpg?c=2,fruits_scripture__78304.1563311248.jpg?c=2,,,Lifeforce800,fruits_scripture__78304.1563311248.jpg?c=2
"Acrylic Irish Magnets, Set of Six",AMAGIR,"Home|Irish|Acrylic Irish Magnets, Set of Six","Our new Ireland Themed Magnet Set is perfect for anyone who loves a bit of Irish wisdom and cheekiness! A gentle reminder of what really matters in this world - family, friends and a positive attitude!
Designs include:
● Good Health, Good Luck, & Happiness For Today & Everyday
● If You’re Lucky Enough To Be Irish You’re Lucky Enough
● May You Have The Hindsight To Know Where You’ve Been, The Foresight To Know Where You Are Going, And The Insight To Know When You Have Gone Too Far
● And more...
Product Details:
● Packaged loose for individual resale and gifting
● Made from high quality Lucite material
● Printed using the highest quality inks and technology
● Each magnet is 3.75” x 2.75” x ⅛”
● Designed and printed in MA, USA
● RRP $7 Per Magnet",,,,,,,5,14.5,,,,,5,Lifeforce400,Lifeforce160,https://cdn11.bigcommerce.com/s-l8fm6tm/images/stencil/800x800/products/4487/10842/Acrylic_Magnets_6_Pack_2__95846.1713180079.png?c=2,Acrylic_Magnets_6_Pack_2__95846.1713180079.png?c=2,,,Lifeforce800,Acrylic_Magnets_6_Pack_2__95846.1713180079.png?c=2
"Petroglyph- Female Paddler, Sea Glass Stone",MM72,"Home|Individual Items|Glass Stones, Frosted|The Mermaid's Message, Hawaiian Images|Petroglyph- Female Paddler, Sea Glass Stone",This Female Paddler Petroglyph can be found carved into rock faces in Hawaii by the ancestors long ago. Printed on beach colored frosted glass stones approximately 1.25 inches in diameter. There is a minimum order quantity of 6 stones.,,,,,,,6,3.99,10,2.99,,,6,Lifeforce400,Lifeforce160,https://cdn11.bigcommerce.com/s-l8fm6tm/images/stencil/800x800/products/3495/6346/Pet_Female_Paddler__03373.1552312977.jpg?c=2,Pet_Female_Paddler__03373.1552312977.jpg?c=2,,,Lifeforce800,Pet_Female_Paddler__03373.1552312977.jpg?c=2
"Inspirational Glass Plaque- Whatever you can do, or dream you can, begin it. Boldness has genius, power and magic in it. -Goethe",IP11,"Home|Inspirational|Inspirational Glass Plaque- Whatever you can do, or dream you can, begin it. Boldness has genius, power and magic in it. -Goethe","This quote from Goethe is partly responsible for Lifeforce Glass's existence. ""Whatever you can do, or dream you can, begin it. Boldness has genius, power and magic in it."" It's hard to make those first steps. What if you fail? Well, what if you don't? If you know someone who's tentative about taking those first steps, you might want to present them with this beautiful glass plaque. It's 3 inches wide and 6 inches tall. It comes with a handsome black metal folding easel. ",,,,,,,1,23.99,3,18.99,,,1,Lifeforce400,Lifeforce160,https://cdn11.bigcommerce.com/s-l8fm6tm/images/stencil/800x800/products/3116/4585/whatever_you_can_do_teal_1000__68570.1528740291.jpg?c=2,whatever_you_can_do_teal_1000__68570.1528740291.jpg?c=2,,,Lifeforce800,whatever_you_can_do_teal_1000__68570.1528740291.jpg?c=2
"Inspiration Magnet, Keep Your Head Up.",IM7,"Home|Inspirational|Inspiration Magnet, Keep Your Head Up.",Don't let anything get you down and Keep Your Head Up. Just typing this made me straighten up. This gorgeous sea stone magnet is powerful like that. It's 1.25 inches in diameter and made from recycled glass. The frosted glass has a satiny finish. The Inspiration Magnets come in a myriad of colors. Please let us choose. There is a minimum order quantity of 6 magnets. There is a minimum order quantity of 6 magnets.,,,,,,,6,4.49,10,3.99,,,6,Lifeforce400,Lifeforce160,https://cdn11.bigcommerce.com/s-l8fm6tm/images/stencil/800x800/products/2469/6286/keep_you_head_up__83610.1551989395.jpg?c=2,keep_you_head_up__83610.1551989395.jpg?c=2,,,Lifeforce800,keep_you_head_up__83610.1551989395.jpg?c=2
"Sea Stone, Replica Sea Glass Stone, Dream",SEA6,"Home|Individual Items|Glass Stones, Frosted|Sea Stones|Sea Stone, Replica Sea Glass Stone, Dream",Anything is possible. Dream it! Keep this Sea Stone close at hand and visualize your hopes and dreams. There is a minimum order quantity of 6 stones.,,,,,,,6,3.99,10,2.99,,,6,Lifeforce400,Lifeforce160,https://cdn11.bigcommerce.com/s-l8fm6tm/images/stencil/800x800/products/2254/4381/sea_stone_dream_600__33855.1519932943.jpg?c=2,sea_stone_dream_600__33855.1519932943.jpg?c=2,,,Lifeforce800,sea_stone_dream_600__33855.1519932943.jpg?c=2
"Romance Stones, set of six",Set20,"Home|Small Sets|Set of Six Glass Stones or Magnets|Set of Six Glass Stones, Shiny|Romance Stones, set of six","Shower the love of your life with six glass stones expressing your love and devotion! Perfect for Valentine's Day, but hey, why wait for a holiday? And what would be really cool is if you spread all six around in different places where he or she would be sure to find them, all through the day. Is that romantic or what? You get six 1.25"" glass stones that say:
I Love You
You make my heart happy.
Love
Always & Forever
You're the sauce on my spaghetti (my personal favorite)
Here's My Heart
We do these in reds, pinks, white, purple and lilac. They probably won't look exactly like the picture. They'll look better.
It will be tempting to put these in a pocket but the ink won't like change and keys knocking into it. Designated pockets only.
 ",,,,,,,1,16.49,4,13.19,,,1,Lifeforce400,Lifeforce160,https://cdn11.bigcommerce.com/s-l8fm6tm/images/stencil/800x800/products/1274/5772/romance_flower_800__97066.1538056336.jpg?c=2,romance_flower_800__97066.1538056336.jpg?c=2,,,Lifeforce800,romance_flower_800__97066.1538056336.jpg?c=2
Sea Stone Sea Turtle or Honu,SEA71,"Home|Individual Items|Glass Stones, Frosted|Sea Stones|Sea Stone Sea Turtle or Honu","Sea Turtles are very ancient creatures, as a species. They hold significance to many people, and efforts are being made to protect them. In Hawaii they are known as honus, and are particularly revered. This picture of a honu is printed on frosted glass sea stones. They are approximately 1.25 inches in diameter and are printed in many different colors, mostly blues and greens. There is a minimum order quantity of 6 stones.",,,,,,,6,3.99,10,2.99,,,6,Lifeforce400,Lifeforce160,https://cdn11.bigcommerce.com/s-l8fm6tm/images/stencil/800x800/products/3052/4693/honu_800__80465.1533050725.jpg?c=2,honu_800__80465.1533050725.jpg?c=2,,,Lifeforce800,honu_800__80465.1533050725.jpg?c=2
"Celtic Tree Of Life, Wooden Postcard",PCCTOL,"Home|Irish|Celtic Tree Of Life, Wooden Postcard","Celtic Tree of Life Wooden Postcard – A Symbol of Harmony and Heritage
Celebrate Irish tradition with our Celtic Tree of Life Wooden Postcard, a meaningful keepsake that symbolizes the connection between heaven and earth, mind and body, and the physical and spiritual. Perfect for St. Patrick’s Day celebrations or as a timeless gift, this beautifully crafted postcard embodies the deep-rooted wisdom of Celtic culture.
Key Features:
Authentic Design: The intricate Celtic Tree of Life illustration highlights its significance as a symbol of balance, unity, and renewal.
Premium Material: Made from durable, recycled wood, offering a lightweight yet sturdy keepsake.
Perfectly Sized: Compact 4 x 6 inches, ideal for mailing or gifting.
Whether displayed as decor, gifted to loved ones, or stocked in Irish gift shops, this postcard is a versatile and meaningful addition.
Why Choose This Postcard?
A thoughtful gift for Irish heritage enthusiasts.
Great for St. Patrick's Day, Irish-themed events, or everyday celebrations of Celtic culture.
Suitable for sale all year round in Irish gift shops across the USA.
Bring the timeless spirit of the Celtic Tree of Life into your home or gift it as a symbol of connection and harmony.
To reach our lowest wholesale price of $2.99 per postcard, simply mix and match a total of 16 postcards from our collection. Interested in custom designs? We offer low minimums—contact us for more information on creating your own unique postcards.
To avoid any potential disruption in delivery, we suggest using 2 First Class Stamps.",,,,,,,1,6,16,2.99,,,1,Lifeforce400,Lifeforce160,https://cdn11.bigcommerce.com/s-l8fm6tm/images/stencil/800x800/products/4623/13076/Celtic_Tree_of_Life_FULL-Camera__62101.1747059558.png?c=2,Celtic_Tree_of_Life_FULL-Camera__62101.1747059558.png?c=2,,,Lifeforce800,Celtic_Tree_of_Life_FULL-Camera__62101.1747059558.png?c=2
"Chakra Symbol - Throat, Glass Stone",CK-17,"Home|New Age|Chakra Symbol - Throat, Glass Stone","The Throat Chakra Symbol is printed on an Opal White glass stone with Light Blue colored ink.
Each stone is approximately 1.25 inches in diameter. There is a minimum order quantity of 6 stones.",,,,,,,6,3.99,10,2.99,,,6,Lifeforce400,Lifeforce160,https://cdn11.bigcommerce.com/s-l8fm6tm/images/stencil/800x800/products/3452/9557/Symbol_Throat__72196.1686218858.png?c=2,Symbol_Throat__72196.1686218858.png?c=2,,,Lifeforce800,Symbol_Throat__72196.1686218858.png?c=2
"The Miracle Is You, Glass Stone",W141,"Home|Individual Items|Glass Stones, Shiny|Wisdom Stones|The Miracle Is You, Glass Stone","The Miracle is You. Printed on a glass stone. Great for a gift or keep it for yourself as a reminder! Each stone is approximately 1.25"" in diameter and is available in many different assorted colors. If you have a color preference please let us know. There is a minimum order quantity of 6 stones.",,,,,,,6,3.99,10,2.99,,,6,Lifeforce400,Lifeforce160,https://cdn11.bigcommerce.com/s-l8fm6tm/images/stencil/800x800/products/1527/6238/themiracleisyou_800__02724.1551381677.jpg?c=2,themiracleisyou_800__02724.1551381677.jpg?c=2,,,Lifeforce800,themiracleisyou_800__02724.1551381677.jpg?c=2
"Truth, Glass Stone",F-62,"Home|Individual Items|Glass Stones, Shiny|Focus Stones|Truth, Glass Stone","Truth.Could be used in a counseling practice. 1.25"" glass stone, assorted colors. There is a minimum order quantity of 6 stones.",,,,,,,6,3.99,10,2.99,,,6,Lifeforce400,Lifeforce160,https://cdn11.bigcommerce.com/s-l8fm6tm/images/stencil/800x800/products/478/11015/Truth__19729.1718706607.png?c=2,Truth__19729.1718706607.png?c=2,,,Lifeforce800,Truth__19729.1718706607.png?c=2
"There are no coincidences, Glass Stone",W-4,"Home|Individual Items|Glass Stones, Shiny|Wisdom Stones|There are no coincidences, Glass Stone","There are no coincidences. Glass stone, about 1.25"" in diameter. Various colors. There is a minimum order quantity of 6 stones.",,,,,,,6,3.99,10,2.99,,,6,Lifeforce400,Lifeforce160,https://cdn11.bigcommerce.com/s-l8fm6tm/images/stencil/800x800/products/1135/5201/therearenocoincidences_800__03971.1536611069.jpg?c=2,therearenocoincidences_800__03971.1536611069.jpg?c=2,,,Lifeforce800,therearenocoincidences_800__03971.1536611069.jpg?c=2
"Claddagh, Wooden Postcard",PCC,"Home|Irish|Claddagh, Wooden Postcard","Claddagh Wooden Postcard – A Timeless Symbol of Love, Friendship, and Loyalty
Celebrate the beauty and meaning of Irish heritage with our Claddagh Wooden Postcard. Featuring a classic illustration of the Claddagh, this postcard beautifully represents love, friendship, and loyalty—values cherished across generations. Made from durable basswood with a smooth finish, it’s a unique keepsake perfect for St. Patrick’s Day or sharing Irish traditions year-round.
Why Choose Our Claddagh Wooden Postcard?
Timeless Irish Symbol: The Claddagh design is a meaningful emblem of Irish culture, symbolizing the bonds of love, trust, and friendship.
High-Quality Wood: Crafted from lightweight yet sturdy wood, this postcard is perfect for display or mailing as a thoughtful gift.
Eco-Friendly and Unique: A sustainable alternative to traditional paper cards, offering a keepsake that lasts.
Perfect for All Occasions
Whether you’re celebrating St. Patrick’s Day, sharing Irish pride, or looking for a heartfelt gift for a friend or loved one, this wooden postcard offers a timeless message that resonates with all. It’s ideal for Irish gift shops, cultural events, and year-round celebrations of Irish heritage.
Product Features:
Dimensions: 4"" x 6""
Made from natural basswood for a rustic yet refined look
Perfect for mailing or display on mantels, desks, or shelves
Share the enduring message of love, friendship, and loyalty with our Claddagh Wooden Postcard—a meaningful memento that bridges the past and present.
To reach our lowest wholesale price of $2.99 per postcard, simply mix and match a total of 16 postcards from our collection. Interested in custom designs? We offer low minimums—contact us for more information on creating your own unique postcards.
To avoid any potential disruption in delivery, we suggest using 2 First Class Stamps.",,,,,,,1,6,16,2.99,,,1,Lifeforce400,Lifeforce160,https://cdn11.bigcommerce.com/s-l8fm6tm/images/stencil/800x800/products/4624/13082/Claddagh_FULL-Camera__13883.1747066581.png?c=2,Claddagh_FULL-Camera__13883.1747066581.png?c=2,,,Lifeforce800,Claddagh_FULL-Camera__13883.1747066581.png?c=2
Thank you for being YOU.,L-35,"Home|Individual Items|Glass Stones, Shiny|Love Stones|Thank you for being YOU.","Thank you for being YOU glass stone. 1.25"" in various colors. There is a minimum order quantity of 6 stones.",,,,,,,6,3.99,10,2.99,,,6,Lifeforce400,Lifeforce160,https://cdn11.bigcommerce.com/s-l8fm6tm/images/stencil/800x800/products/621/12720/Thank_you_for_being_you_2__69047.1743175289.png?c=2,Thank_you_for_being_you_2__69047.1743175289.png?c=2,,,Lifeforce800,Thank_you_for_being_you_2__69047.1743175289.png?c=2
Flow Connection Stone,CNS13,Home|Inspirational|Flow Connection Stone,"Have you ever been so engrossed in a project or activity that you lost all sense of time? When the creativity just poured out of you? You were in a state of flow. It's delicious. Meditation helps to make flow more possible. We are hoping that focusing on a beautiful glass stone that says Flow will also help make it more possible. 
If you'd like to see if that will happen, you can buy a Flow stone here. (It's highly unlikely that you will find one anywhere else.) Our Flow stones are made of glass and are approximately 1.25"" in diameter. They're made in the USA. They come in all kinds of colors and you can indicate what you would like by messaging us. Or you can trust us to send you something beautiful. There is a minimum order quantity of 6 stones.",,,,,,,6,3.99,10,2.99,,,6,Lifeforce400,Lifeforce160,https://cdn11.bigcommerce.com/s-l8fm6tm/images/stencil/800x800/products/3762/9627/Flow__38710.1686238449.png?c=2,Flow__38710.1686238449.png?c=2,,,Lifeforce800,Flow__38710.1686238449.png?c=2
"The Mermaid's Message, Crab, Sea Glass Stone",MM27,"Home|Individual Items|Glass Stones, Frosted|The Mermaid's Message, Hawaiian Images|The Mermaid's Message, Crab, Sea Glass Stone","This is a great picture of a crab, and it's printed on frosted glass stones. They come in dark blue, light blue, teal and green. The size is approximately 1.25"" in diameter. There is a minimum order quantity of 6 stones.",,,,,,,6,3.99,10,2.99,,,6,Lifeforce400,Lifeforce160,https://cdn11.bigcommerce.com/s-l8fm6tm/images/stencil/800x800/products/2099/4940/crab_800__53381.1534796795.jpg?c=2,crab_800__53381.1534796795.jpg?c=2,,,Lifeforce800,crab_800__53381.1534796795.jpg?c=2
"Sea Stone, Replica Sea Glass Stone, Peace, Balance, Harmony",SEA64,"Home|Individual Items|Glass Stones, Frosted|Sea Stones|Sea Stone, Replica Sea Glass Stone, Peace, Balance, Harmony","Beautiful frosted glass stone that says Peace, Balance, Harmony and has a yin yang symbol. It comes in a myriad of colors. 1.25"" in diameter. There is a minimum order quantity of 6 stones.",,,,,,,6,3.99,10,2.99,,,6,Lifeforce400,Lifeforce160,https://cdn11.bigcommerce.com/s-l8fm6tm/images/stencil/800x800/products/3011/4415/sea_stone_peace_balance_harmony__00995.1520629355.jpg?c=2,sea_stone_peace_balance_harmony__00995.1520629355.jpg?c=2,,,Lifeforce800,sea_stone_peace_balance_harmony__00995.1520629355.jpg?c=2
"Hamsa, Glass Stone",J-15,"Home|Individual Items|Glass Stones, Shiny|Judaica|Hamsa, Glass Stone","The Hamsa is an ancient symbol of protection. Printed on various shades of blue, 1.25"" in diameter. There is a minimum order quantity of 6 stones.",,,,,,,6,3.99,10,2.99,,,6,Lifeforce400,Lifeforce160,https://cdn11.bigcommerce.com/s-l8fm6tm/images/stencil/800x800/products/563/12640/Hamsa__17768.1743085796.png?c=2,Hamsa__17768.1743085796.png?c=2,,,Lifeforce800,Hamsa__17768.1743085796.png?c=2
"Knowledge, Glass Stone",F-108,"Home|Individual Items|Glass Stones, Shiny|Focus Stones|Knowledge, Glass Stone","Knowledge from the focus stone collection would be a great graduation gift, or table decoration. 1.25"" glass stone, assorted colors, if you have a preference please let us know. There is a minimum order quantity of 6 stones.",,,,,,,6,3.99,10,2.99,,,6,Lifeforce400,Lifeforce160,https://cdn11.bigcommerce.com/s-l8fm6tm/images/stencil/800x800/products/405/5632/knowledge_800__25640.1537651455.jpg?c=2,knowledge_800__25640.1537651455.jpg?c=2,,,Lifeforce800,knowledge_800__25640.1537651455.jpg?c=2
"I am fearless, Glass Stone",AF4,"Home|Individual Items|Glass Stones, Shiny|Affirmation Stones|I am fearless, Glass Stone","Conquer your fears with the help of the I am fearless glass stone, what you focus your attention on is what you get. Approximately 1.25"" in diameter. All stones are sent in assorted colors. There is a minimum order quantity of 6 stones.",,,,,,,6,3.99,10,2.99,,,6,Lifeforce400,Lifeforce160,https://cdn11.bigcommerce.com/s-l8fm6tm/images/stencil/800x800/products/141/5235/i_am_fearless_800__48992.1536681023.jpg?c=2,i_am_fearless_800__48992.1536681023.jpg?c=2,,,Lifeforce800,i_am_fearless_800__48992.1536681023.jpg?c=2
"I am patient, Glass Stone",AF14,"Home|Individual Items|Glass Stones, Shiny|Affirmation Stones|I am patient, Glass Stone","I am patient glass stone. What you give your attention to is what you get. Approximately 1.25"" in diameter. All stones are sent in assorted colors. There is a minimum order quantity of 6 stones.",,,,,,,6,3.99,10,2.99,,,6,Lifeforce400,Lifeforce160,https://cdn11.bigcommerce.com/s-l8fm6tm/images/stencil/800x800/products/127/5240/i_am_patient_800__29290.1536681241.jpg?c=2,i_am_patient_800__29290.1536681241.jpg?c=2,,,Lifeforce800,i_am_patient_800__29290.1536681241.jpg?c=2
"Mermaid Message Magnet, Crab",MMG4,"Home|Individual Items|Stone Magnets|Mermaid Message Magnets|Mermaid Message Magnet, Crab","The Crab, in Chinese symbolism, represents prosperity, success and high status. Could a frosted sea glass magnet with a crab on it bring additional prosperity? I'm not ruling it out! Anyway, crabs are cool looking and look great on a Mermaid Message Magnet. It's an inch and a quarter and has a half inch magnet attached. The colors are teal, light blue, dark blue, and green. There is a minimum order quantity of 6 magnets.",,,,,,,6,4.49,10,3.99,,,6,Lifeforce400,Lifeforce160,https://cdn11.bigcommerce.com/s-l8fm6tm/images/stencil/800x800/products/2503/6296/crab_800__23155.1551992318.jpg?c=2,crab_800__23155.1551992318.jpg?c=2,,,Lifeforce800,crab_800__23155.1551992318.jpg?c=2
"There but for the grace of God, Glass Stone",W-61,"Home|Religious|There but for the grace of God, Glass Stone","There but for the grace of God...Glass stone, about 1.25"" in diameter. Various colors. There is a minimum order quantity of 6 stones.",,,,,,,6,3.99,10,2.99,,,6,Lifeforce400,Lifeforce160,https://cdn11.bigcommerce.com/s-l8fm6tm/images/stencil/800x800/products/1154/5203/therebutforthegraceofgod_800__33150.1536611326.JPG?c=2,therebutforthegraceofgod_800__33150.1536611326.JPG?c=2,,,Lifeforce800,therebutforthegraceofgod_800__33150.1536611326.JPG?c=2
"Your dreams are attainable, Glass Stone",D-48,"Home|Individual Items|Glass Stones, Shiny|Wisdom Stones|Your dreams are attainable, Glass Stone","Your dreams are attainable. 1.25"" glass stone, assorted colors. There is a minimum order quantity of 6 stones.",,,,,,,6,3.99,10,2.99,,,6,Lifeforce400,Lifeforce160,https://cdn11.bigcommerce.com/s-l8fm6tm/images/stencil/800x800/products/345/5227/Your_dreams_are_attainable_800__84879.1536613136.jpg?c=2,Your_dreams_are_attainable_800__84879.1536613136.jpg?c=2,,,Lifeforce800,Your_dreams_are_attainable_800__84879.1536613136.jpg?c=2
Inspirational Lucite Plaque - The Memorare Prayer,LP6,Home|Religious|Inspirational Lucite Plaque - The Memorare Prayer,"The Memorare Prayer is an invocation of the Virgin Mary. It's such a beautiful prayer; just designing the layout and doing the photography has left me with such a sense of peace. This lovely plaque would make a lovely gift for any Catholic family. If you expand the concept to the Divine Mother of any faith, you can feel the comfort of the divine feminine energy.
This one inch thick, crystal clear Lucite Plaque is a modern take on our widely popular glass plaque. It is made to be free-standing, with no need for a base or stand. The borderless design with transparent edges enhances the piece with a striking depth that subtly changes with the angle of vision - taking on an almost 3D quality.
The Lucite Plaques are 4 inches by 6 inches and come in a wide range of colors. They will come assorted unless you have a specific request.
If you have a color in mind not shown in the listing, just send us a message and we will create a plaque in your preferred color.",,,,,,,1,32.99,3,28.99,,,1,Lifeforce400,Lifeforce160,https://cdn11.bigcommerce.com/s-l8fm6tm/images/stencil/800x800/products/4418/9134/Memorare_Prayer_White-View_4__85601.1665047607.png?c=2,Memorare_Prayer_White-View_4__85601.1665047607.png?c=2,,,Lifeforce800,Memorare_Prayer_White-View_4__85601.1665047607.png?c=2
"I am peaceful, Glass Stone",AF15,"Home|Individual Items|Glass Stones, Shiny|Affirmation Stones|I am peaceful, Glass Stone","I am peaceful glass stone. A possible behavior modification tool. Approximately 1.25"" in diameter. All stones are sent in assorted colors. There is a minimum order quantity of 6 stones.",,,,,,,6,3.99,10,2.99,,,6,Lifeforce400,Lifeforce160,https://cdn11.bigcommerce.com/s-l8fm6tm/images/stencil/800x800/products/128/5241/i_am_peaceful_800__03185.1536681278.jpg?c=2,i_am_peaceful_800__03185.1536681278.jpg?c=2,,,Lifeforce800,i_am_peaceful_800__03185.1536681278.jpg?c=2
"Mermaid Message Magnet, Dream",MMG6,"Home|Inspirational|Mermaid Message Magnet, Dream","Everything starts with a dream. Stimulate your creativity with a beautiful sea glass magnet that says Dream. The glass stone itself is about 1.25 inches in diameter. The magnet is a half an inch. The colors are light and dark blue, teal and green.",,,,,,,6,4.49,10,3.99,,,6,Lifeforce400,Lifeforce160,https://cdn11.bigcommerce.com/s-l8fm6tm/images/stencil/800x800/products/2505/6335/dream__92174.1552062346.jpg?c=2,dream__92174.1552062346.jpg?c=2,,,Lifeforce800,dream__92174.1552062346.jpg?c=2
"Dragonfly, Glass Stone",RZ-22,"Home|Individual Items|Glass Stones, Shiny|Miscellaneous Stones|Dragonfly, Glass Stone",Dragonfly. There is a minimum order quantity of 6 stones.,,,,,,,6,3.99,10,2.99,,,6,Lifeforce400,Lifeforce160,https://cdn11.bigcommerce.com/s-l8fm6tm/images/stencil/800x800/products/862/12719/Dragonfly_2__75490.1743175176.png?c=2,Dragonfly_2__75490.1743175176.png?c=2,,,Lifeforce800,Dragonfly_2__75490.1743175176.png?c=2
"Hummingbird, Acrylic Bookmark",BMHU,"Home|Hospital|Hummingbird, Acrylic Bookmark","The Hummingbird, Acrylic Bookmark
Hummingbirds are a symbol of love, joy and beauty. Native American cultures also view the Hummingbird as a symbol of resurrection and rebirth.
In partnership with Art by Tara, we are proud to bring you another beautiful, acrylic bookmark design sure to delight you with its imagery and meaning.
This hummingbird in flight features the jewel tone colors of blue, green and purple. A magical bird that is small and fast in the wild will flutter between the pages of your next novel or hold your place as you work on your personal writing or scripture. A symbol to not only admire but to ponder one’s place in this world.
The artwork is printed on a piece of premium acrylic. The size is 4”x4” & its thickness is just under 2mm - meaning it won't bend and lose its shape over time.
Product Details:
Clear Acrylic
Digitally Printed & Laser Cut
Tassel is Included
Packaged in a Clear Sleeve with a Backing Card
Made in MA, USA
Designed by Tara Exclusively for Lifeforce Glass",,,,,,,1,12,10,5.95,,,1,Lifeforce400,Lifeforce160,https://cdn11.bigcommerce.com/s-l8fm6tm/images/stencil/800x800/products/4523/10933/Hummingbird_Product_Image_1__89066.1714664942.png?c=2,Hummingbird_Product_Image_1__89066.1714664942.png?c=2,,,Lifeforce800,Hummingbird_Product_Image_1__89066.1714664942.png?c=2
May Birthstone,BT-5,Home|New Age|May Birthstone,"May Birthstone, According to gemstone lore, the qualities of people born in May are serenity, peace, foresight, faith, love and courage. The 1.25"" emerald glass stone corresponds to the gem of the month: emerald. There is a minimum order quantity of 6 stones.",,,,,,,6,3.99,10,2.99,,,6,Lifeforce400,Lifeforce160,https://cdn11.bigcommerce.com/s-l8fm6tm/images/stencil/800x800/products/295/4995/birthstone_may_800__71973.1534884232.jpg?c=2,birthstone_may_800__71973.1534884232.jpg?c=2,,,Lifeforce800,birthstone_may_800__71973.1534884232.jpg?c=2
"Motivation II Stones, set of six",Set 55,"Home|Inspirational|Motivation II Stones, set of six","Only you can accomplish the task you were meant to do. Hold these Motivation Stones in your hand or put them on your desk and look at them from time to time. It's important for you to realize that what you do matters. Perhaps it's not you in need of a little encouragement and inspiration, but a friend or loved one. Maybe these Motivation Stones will give them the nudge that they need. This set of Motivation II includes:
You won't waste tomorrow if you seize today.
You can if you think you can.
Believe in your dreams.
Everything is okay in the end, if it's not okay, it's not the end.
Only you can give your special gift to the world.
To get through the hardest journey and continue living, we need to take only one step at a time; but we must keep stepping. -Chinese Proverb",,,,,,,1,16.49,4,13.19,,,1,Lifeforce400,Lifeforce160,https://cdn11.bigcommerce.com/s-l8fm6tm/images/stencil/800x800/products/3286/12751/Motivation_Stones_Set_2__45448.1743178368.png?c=2,Motivation_Stones_Set_2__45448.1743178368.png?c=2,,,Lifeforce800,Motivation_Stones_Set_2__45448.1743178368.png?c=2
"Festival Glass, Peace",FG11,"Home|Individual Items|Glass Stones, Shiny|Festival Glass|Festival Glass, Peace","Festival Glass is swirly glass reminiscent of the marbles we played with as kids. Here is the word Peace. Approximately 1.25"" in diameter and available in the swirly festival glass colors. There is a minimum order quantity of 6 stones.",,,,,,,6,3.99,10,2.99,,,6,Lifeforce400,Lifeforce160,https://cdn11.bigcommerce.com/s-l8fm6tm/images/stencil/800x800/products/2071/6391/Peace__73680.1552335195.jpg?c=2,Peace__73680.1552335195.jpg?c=2,,,Lifeforce800,Peace__73680.1552335195.jpg?c=2
"I Love You, Glass stone",L-1,"Home|Individual Items|Glass Stones, Shiny|Love Stones|I Love You, Glass stone","I Love You glass stone. Need a nice way to remind some one that they are loved? These glass stones are a sweet and inexpensive way to make some ones day. Printed in the USA. Approximately 1.25"" in diameter. Available in various colors. There is a minimum order quantity of 6 stones.",,,,,,,6,3.99,10,2.99,,,6,Lifeforce400,Lifeforce160,https://cdn11.bigcommerce.com/s-l8fm6tm/images/stencil/800x800/products/588/7543/i_love_you__20725.1576184400.jpg?c=2,i_love_you__20725.1576184400.jpg?c=2,,,Lifeforce800,i_love_you__20725.1576184400.jpg?c=2
Snowy Woods Slate Coasters,SCSW,Home|Holidays|Snowy Woods Slate Coasters,"Snowy Woods, Slate Coasters – Set of 4
Bring the tranquility of a winter wonderland to your home with our Snowy Woods, Slate Coasters. This set of 4 handcrafted slate coasters features two beautiful winter scenes: a peaceful snow-covered forest with a flowing stream and a serene winter woodland landscape. The delicate artwork captures the magic of the season, making these coasters perfect for adding a touch of winter charm to any home or event. Whether you’re preparing for the holidays or looking for a special winter-themed gift, these coasters make an ideal choice.
Key Features:
Winter-Inspired Design: Each set includes 4 coasters featuring two beautiful snowy forest designs (2 of each). The serene imagery evokes the calm and beauty of winter, making these coasters the perfect seasonal addition to any home or holiday gathering.
Perfect for Gifts & Holiday Decor: Ideal for holiday gifting or as a cozy addition to your winter decor, these coasters add a touch of elegance to coffee tables, dining rooms, or festive events. They’re a great option for retail buyers seeking unique winter-themed gifts or stocking stuffers.
Natural Slate Material: Handcrafted from high-quality, locally sourced slate, each coaster showcases the unique texture and edges of natural stone, adding rustic charm to any setting. Expect slight variations in texture, which make each coaster truly one-of-a-kind.
Durable & Functional: These coasters are not just decorative; they are designed to protect surfaces from drink stains while adding a sophisticated touch to casual or formal settings. The durable slate material ensures they’ll last through many holiday seasons.
Wholesale Availability: Retailers can offer these coasters as perfect seasonal gifts, attracting customers seeking beautiful and functional home decor items. Wholesale buyers can mix and match designs for variety or order in bulk for discounted pricing.
Product Specifications:
Set of 4 Coasters: Featuring two unique snowy woodland scenes (2 of each design).
Dimensions: Each coaster measures approximately 4” x 4,” perfect for glasses, mugs, and small drinkware.
Packaging: Coasters are tied with rustic twine and shrink-wrapped, making them ready for easy display in retail stores or as gift-ready items for customers.
Locally Sourced & Printed: Proudly designed and printed in-house at our Massachusetts facility, supporting local craftsmanship.
Why Choose Our Snowy Woods Slate Coasters?
Perfect for Gift Shops & Home Decor Stores: Retailers can stock a product that appeals to winter decor enthusiasts, holiday shoppers, and those looking for high-quality, nature-inspired home accents.
Ideal Seasonal Gift: These coasters are perfect for anyone who loves winter landscapes or rustic, nature-inspired home decor, making them a top seller for holiday shoppers.
High-Quality Craftsmanship: Each coaster is handcrafted with care, providing a functional, durable, and beautiful item that will enhance any holiday setting.
Special Offer for Wholesale Buyers: Mix and match a variety of coaster sets to qualify for our lowest wholesale pricing ($20 per set). Contact us for custom orders.",,,,,,,1,39.95,5,20,,,1,Lifeforce400,Lifeforce160,https://cdn11.bigcommerce.com/s-l8fm6tm/images/stencil/800x800/products/4541/11196/IMG-7964__45681.1727088287.png?c=2,IMG-7964__45681.1727088287.png?c=2,,,Lifeforce800,IMG-7964__45681.1727088287.png?c=2
"Pet Stones, Assortment of 100 Frosted Glass Stones with Sayings for Pet Parents",PSA,"Home|Assortments For Resale|Frosted Glass Stones|Pet Stones, Assortment of 100 Frosted Glass Stones with Sayings for Pet Parents","We love our pets! We've had many requests to do pet stones, particularly pet memorial stones. We've included memorial stones and several other less sober titles about dogs and cats, and some would work for other pets. A beautiful sea glass stone with a happy saying is a sweet way to congratulate a new pet parent. Your assortment of 100 stones will include six or seven of the following:
All of my children have paws.
All you need is Love and a Dog.
Dogs leave pawprints on your heart.
Faithful Friend.
Forever in my heart.
Friends Fur-Ever.
No outfit is complete without a few cat hairs.
The more I learn about people, the more I like my dog. Mark Twain
Time spent with cats is never wasted. Sigmund Freud
 ",,,,,,,1,125,5,118.75,,,1,Lifeforce400,Lifeforce160,https://cdn11.bigcommerce.com/s-l8fm6tm/images/stencil/800x800/products/2518/9719/Pet_Stone_Assortment_1__39821.1690557238.jpg?c=2,Pet_Stone_Assortment_1__39821.1690557238.jpg?c=2,,,Lifeforce800,Pet_Stone_Assortment_1__39821.1690557238.jpg?c=2
"You Make My Heart Sing, Wooden Postcard",PCYMMHS,"Home|Holidays|You Make My Heart Sing, Wooden Postcard","You Make My Heart Sing, Wooden Postcard
Express your love this Valentine's Day with the You Make My Heart Sing, Wooden Postcard. Featuring a delightful watercolor illustration of a classic mixtape cassette with ""Songs for You"" written on it, surrounded by colorful hearts, this postcard is the perfect way to send a melodic message to your special someone. Crafted from sustainably sourced wood, it’s designed to be a keepsake that lasts long after the music of Valentine's Day has played out.
Ideal for both retail buyers looking for unique Valentine's gifts and wholesale buyers stocking their stores with charming and eco-friendly greeting cards, this postcard adds a nostalgic and meaningful touch to your gift selection.
Key Features:
Eco-Friendly Material: Made from sustainably sourced wood, offering an earth-friendly alternative to paper cards.
Timeless Keepsake: A lasting gift that your loved one can display and treasure, making it more special than traditional cards.
Nostalgic Design: The whimsical cassette illustration is perfect for music lovers and anyone who appreciates a throwback to simpler times.
Mailing Made Easy: Can be sent without an envelope, allowing you to spread love across the miles with ease.
Great for Wholesale & Retail: Ideal for retailers wanting a charming Valentine’s product with low minimums and mix-and-match options to reach our best wholesale pricing.
Send a heartfelt tune with our You Make My Heart Sing, Wooden Postcard—the perfect blend of charm, nostalgia, and sustainable design.
To reach our lowest wholesale price of $2.99 per postcard, simply mix and match a total of 16 postcards from our collection. Interested in custom designs? We offer low minimums—contact us for more information on creating your own unique postcards.
To avoid any potential disruption in delivery, we suggest using 2 First Class Stamps.",,,,,,,1,6,16,2.99,,,1,Lifeforce400,Lifeforce160,https://cdn11.bigcommerce.com/s-l8fm6tm/images/stencil/800x800/products/4590/13368/You_Make_My_Heart_Sing_FULL-Camera__72629.1748600780.png?c=2,You_Make_My_Heart_Sing_FULL-Camera__72629.1748600780.png?c=2,,,Lifeforce800,You_Make_My_Heart_Sing_FULL-Camera__72629.1748600780.png?c=2
"Modern Everything Is OK In The End, Acrylic Magnet",AMAG6,"Home|Hospital|Modern Everything Is OK In The End, Acrylic Magnet","Our modern inspirational magnet designs fit every decor and are a perfect gift for every age.
Positivity is timeless!
This magnet features the inspirational reminder: “Everything Is Okay in the End, If It’s Not Ok...Then It Is Not the End” Featuring an orange circular pattern design with white lettering.
Modern minimalism with straight to the point design aesthetics. 
A Perfect gift for those who appreciate inspirational messages and the spirit of overcoming obstacles. A great item to say “I care about you” & “You can do it”.
Who wouldn’t love a magnet as a daily reminder cheering them on.
Visually beautiful, with a meaningful message, our magnets are going to attract your attention!
-Each magnet measures approximately 3.75” x 2.75” x ⅛”
-Made from high quality acrylic
-Digitally printed
-Made in the USA/Massachusetts",,,,,,,1,7,16,5,,,1,Lifeforce400,Lifeforce160,https://cdn11.bigcommerce.com/s-l8fm6tm/images/stencil/800x800/products/4516/10785/Everything_will_be_ok-Camera_7__13308.1712831382.png?c=2,Everything_will_be_ok-Camera_7__13308.1712831382.png?c=2,,,Lifeforce800,Everything_will_be_ok-Camera_7__13308.1712831382.png?c=2
"Not all who wander are lost, Glass Stone",W-127,"Home|Inspirational|Not all who wander are lost, Glass Stone","Not all who wander are lost. Glass stone, about 1.25"" in diameter. Various colors. There is a minimum order quantity of 6 stones.",,,,,,,6,3.99,10,2.99,,,6,Lifeforce400,Lifeforce160,https://cdn11.bigcommerce.com/s-l8fm6tm/images/stencil/800x800/products/1104/5675/not_all_who_wander_800__75059.1537802626.jpg?c=2,not_all_who_wander_800__75059.1537802626.jpg?c=2,,,Lifeforce800,not_all_who_wander_800__75059.1537802626.jpg?c=2
"O'Holy Night, Glass Christmas Ornament",COOHN,"Home|Religious|O'Holy Night, Glass Christmas Ornament","O'Holy Night, Glass Christmas Ornament
Celebrate the beauty of the Christmas season with our stunning O Holy Night glass Christmas ornament, featuring a peaceful nativity scene and the iconic words ""O Holy Night."" This 3.25"" round ornament is made from high-quality clear glass, which reflects the twinkling lights of your tree, creating a radiant holiday display. The delicate nativity artwork captures the holy family beneath the guiding star, bringing a sense of peace and reverence to your Christmas tree decor.
This elegant glass ornament comes with a festive red ribbon for easy hanging and is packaged in a brown gift box with a red ribbon, making it perfect for gifting to loved ones or for use in your own holiday home decorations. The timeless design and message make this clear glass Christmas ornament a treasured keepsake that can be passed down through generations.
If you're a retailer, Lifeforce Glass offers flexible wholesale options, allowing you to mix and match any 10 ornaments from our collection to receive the lowest price. This makes it an ideal product for Christian bookstores, gift shops, holiday markets, and religious-themed retailers. Stock up on a meaningful, faith-based product that will appeal to your customers' desire for unique, spiritual holiday decor.
Whether you're decorating your own home or seeking to offer a memorable, faith-inspired gift in your store, this O Holy Night glass Christmas tree ornament is the perfect blend of elegance and inspiration.
Key Features:
High-quality clear glass with an ""O Holy Night"" nativity design
3.25"" round ornament with a red ribbon for hanging
Packaged in a brown gift box with a red ribbon, ideal for gifting
Available for wholesale—mix and match 10+ ornaments for the best price
A beautiful addition to religious-themed Christmas tree ornaments or holiday décor
Wholesale Information:
Perfect for Christian bookstores, gift shops, and religious retailers
Mix and match 10 or more ornaments for our best wholesale pricing
Great for adding meaningful holiday decor to any faith-based collection
Bring the spirit of Christmas into your home or shop with this O Holy Night glass Christmas ornament. Whether used for personal decor or as a unique gift, this ornament adds both beauty and a sense of reverence to your holiday celebrations.",,,,,,,1,15.99,10,7.99,,,1,Lifeforce400,Lifeforce160,https://cdn11.bigcommerce.com/s-l8fm6tm/images/stencil/800x800/products/4549/13422/OHoly_Night__96205.1748962742.png?c=2,OHoly_Night__96205.1748962742.png?c=2,,,Lifeforce800,OHoly_Night__96205.1748962742.png?c=2
"The Mermaid's Message, Grow, Sea Glass Stone",MM100,"Home|Inspirational|The Mermaid's Message, Grow, Sea Glass Stone","Mermaid's Message Sea Glass Stone – Grow
Embrace change and transformation with the Grow Mermaid’s Message Sea Glass Stone. Designed to resemble natural sea glass, this beautifully frosted stone serves as a daily reminder to keep learning, evolving, and moving forward.
Ocean-Inspired Colors: Available in calming sea hues—teal, green, white, dark blue, and light blue.
Meaningful Message: Grow symbolizes personal growth, progress, and embracing new opportunities.
A Versatile Keepsake: Carry it as motivation, display it as a reminder of your journey, or gift it to someone on their path of self-improvement.
Let this stone inspire you to step outside your comfort zone and keep growing.
Buying in bulk? Explore our Mermaid Message Assortments.
Shop now and nurture your potential.",,,,,,,6,3.99,10,2.99,,,6,Lifeforce400,Lifeforce160,https://cdn11.bigcommerce.com/s-l8fm6tm/images/stencil/800x800/products/4641/12470/Grow_Dark_Blue__33097.1739963566.png?c=2,Grow_Dark_Blue__33097.1739963566.png?c=2,,,Lifeforce800,Grow_Dark_Blue__33097.1739963566.png?c=2
"Modern Every Day Is A Gift, Acrylic Magnet",AMAG4,"Home|Hospital|Modern Every Day Is A Gift, Acrylic Magnet","Our modern inspirational magnet designs fit every decor and are a perfect gift for every age.
Positivity is timeless! Appreciate everyday, every moment!
This magnet features the inspirational reminder: “Everyday Is a Gift” Featuring a variegated red vertical design with white lettering. 
Modern minimalism with straight to the point design aesthetics.
A Perfect gift for those who appreciate inspirational messages and the spirit of overcoming obstacles.
A great item to say “I care about you” & “You can do it”.
Who wouldn’t love a magnet as a daily reminder cheering them on.
Visually beautiful, with a meaningful message, our magnets are going to attract your attention!
-Each magnet measures approximately 3.75” x 2.75” x ⅛”
-Made from high quality acrylic
-Digitally printed
-Made in the USA/Massachusetts",,,,,,,1,7,16,5,,,1,Lifeforce400,Lifeforce160,https://cdn11.bigcommerce.com/s-l8fm6tm/images/stencil/800x800/products/4515/10773/Everyday_Is_A_Gift-Camera_7__99277.1712831362.png?c=2,Everyday_Is_A_Gift-Camera_7__99277.1712831362.png?c=2,,,Lifeforce800,Everyday_Is_A_Gift-Camera_7__99277.1712831362.png?c=2
Color Honu (Sea Turtle) Glass Stone,MM79,"Home|Individual Items|Glass Stones, Frosted|The Mermaid's Message, Hawaiian Images|Color Honu (Sea Turtle) Glass Stone","Here's a honu in color. Our popular sea turtle stones now can look realistic. We can customize your honu stones with the name of your island or area, a minimum is required. They're printed on opal white stones, because that's what looks best. 1.25"" in diameter. There is a minimum order quantity of 6 stones.",,,,,,,6,3.99,10,2.99,,,6,Lifeforce400,Lifeforce160,https://cdn11.bigcommerce.com/s-l8fm6tm/images/stencil/800x800/products/3827/12684/Brown_Honu_Sea_Turtle__59787.1743161798.png?c=2,Brown_Honu_Sea_Turtle__59787.1743161798.png?c=2,,,Lifeforce800,Brown_Honu_Sea_Turtle__59787.1743161798.png?c=2
"Trust In The Lord With All Your Heart, Acrylic Magnet",AMAG24,"Home|Hospital|Trust In The Lord With All Your Heart, Acrylic Magnet","Trust!
Visually beautiful, with a meaningful message, our magnets are going to attract your attention!
This magnet features the quote: Trust In the Lord with All Your Heart and Lean Not unto Your Own Understanding - Proverb 3:5 with a sky full of cotton candy colored clouds as a backdrop.
A Perfect gift for those who use scripture in their daily life and apply its timeless message to our modern day world.
-Each magnet measures approximately 3.75” x 2.75” x ⅛”
-Made from high quality acrylic
-Digitally printed
-Made in the USA/Massachusetts",,,,,,,1,7,16,5,,,1,Lifeforce400,Lifeforce160,https://cdn11.bigcommerce.com/s-l8fm6tm/images/stencil/800x800/products/4507/10662/Trust_In_The_Lord-Camera_7__13816.1712757981.png?c=2,Trust_In_The_Lord-Camera_7__13816.1712757981.png?c=2,,,Lifeforce800,Trust_In_The_Lord-Camera_7__13816.1712757981.png?c=2
Inspirational Lucite Plaque Assortment of 12,LA12,Home|Inspirational|Inspirational Lucite Plaque Assortment of 12,"Instead of deliberating over which of our gorgeous Inspirational Lucite Plaques to get, why not start with an assortment of a dozen? You will receive two of each Lucite Plaque shown. The colors will be well assorted, unless you specify differently. A gift box is included for each plaque.
Each design is printed directly onto a 1-Inch-thick piece of crystal-clear Lucite, the result is an exquisite free-standing piece. The borderless design with transparent edges enhances the piece with a depth that subtly changes with the angle of vision - taking on an almost 3D quality.
Key Features:
High resolution digitally printed imagery
Diamond Polished & Hand Buffed
Superior material hand selected for its outstanding strength, clarity, and scratch resistance
Dimensions - 4” x 6” x 1” thick
Made in MA, USA",,,,,,,1,186,,,,,1,Lifeforce400,Lifeforce160,https://cdn11.bigcommerce.com/s-l8fm6tm/images/stencil/800x800/products/4427/9267/Lucite_Displays_Assortment_Picture__00124.1677150980.png?c=2,Lucite_Displays_Assortment_Picture__00124.1677150980.png?c=2,,,Lifeforce800,Lucite_Displays_Assortment_Picture__00124.1677150980.png?c=2
Green Jade Worry Stone,GJWS,Home|Hospital|Green Jade Worry Stone,"Green Jade Worry Stone – Attract Luck, Healing, and Prosperity
Invite luck, prosperity, and harmony into your life with our Green Jade Worry Stone. Crafted from genuine Green Jade and designed for moments of peace and reflection, this worry stone is perfect for those seeking healing, balance, and abundance.
Why Choose Our Green Jade Worry Stone?
Genuine Green Jade Crystal: Made from authentic Green Jade, this worry stone is polished to a smooth finish, offering a calming and satisfying tactile experience. Known for its rich green hue and powerful energies, Green Jade has long been regarded as a symbol of luck, prosperity, and spiritual cleansing.
Inspiring Printed Words: Each stone is beautifully printed with five meaningful words: Luck, Healing, Prosperity, Cleansing, Harmony. These words act as positive affirmations, helping you attract good fortune, heal emotional wounds, and create balance in your life.
The Powerful Benefits of Green Jade:
Green Jade is cherished for its ability to:
Attract luck and prosperity, making it a powerful crystal for manifesting abundance.
Promote emotional and physical healing, helping you cleanse negative energies.
Foster harmony and balance, bringing peace to your relationships and inner self.
Support spiritual cleansing, aiding in the release of negative emotions and old habits.
Abundant Energy in Your Pocket
At approximately 1.6 inches in length, this Green Jade Worry Stone is perfectly sized for daily use and easy to carry with you. Whether you need a moment of calm, clarity, or positivity, hold the stone in your hand and let its powerful energy bring you luck and harmony throughout your day.
A Perfect Gift for Luck and Healing
This Green Jade Worry Stone makes a thoughtful gift for anyone seeking prosperity, healing, or emotional balance. It’s also available as part of our Worry Stone Assortment, offering a variety of crystals to support your well-being.
Care Instructions
To protect the printed words on your Green Jade Worry Stone, avoid sharp objects and handle it with care to maintain its smooth, polished surface.",,,,,,,1,9.99,15,7.99,,,1,Lifeforce400,Lifeforce160,https://cdn11.bigcommerce.com/s-l8fm6tm/images/stencil/800x800/products/4617/11857/Green_Jade_White_Background__51595.1730392391.png?c=2,Green_Jade_White_Background__51595.1730392391.png?c=2,,,Lifeforce800,Green_Jade_White_Background__51595.1730392391.png?c=2
"The Mermaid's Message, Seahorse, Sea Glass Stone",MM20,"Home|Individual Items|Glass Stones, Frosted|The Mermaid's Message, Hawaiian Images|The Mermaid's Message, Seahorse, Sea Glass Stone","When decorating on a beach theme, you must include sea horses. That's what the seahorse says, anyway. These are imprinted on frosted glass stones in blue, teal, green and white. The size is approximately 1.25"" in diameter. There is a minimum order quantity of 6 stones.",,,,,,,6,3.99,10,2.99,,,6,Lifeforce400,Lifeforce160,https://cdn11.bigcommerce.com/s-l8fm6tm/images/stencil/800x800/products/2093/12691/Seahorse_Green__67103.1743162125.png?c=2,Seahorse_Green__67103.1743162125.png?c=2,,,Lifeforce800,Seahorse_Green__67103.1743162125.png?c=2
Keep Comin' Back!,W-107,Home|Inspirational|Keep Comin' Back!,"Keep Comin' Back! Glass stone, about 1.25"" in diameter. Various colors. There is a minimum order quantity of 6 stones.",,,,,,,6,3.99,10,2.99,,,6,Lifeforce400,Lifeforce160,https://cdn11.bigcommerce.com/s-l8fm6tm/images/stencil/800x800/products/1085/6236/keep_comin_back_yellow_800__40245.1551377826.jpg?c=2,keep_comin_back_yellow_800__40245.1551377826.jpg?c=2,,,Lifeforce800,keep_comin_back_yellow_800__40245.1551377826.jpg?c=2
"Blue Butterfly, Acrylic Bookmark",BMBB,"Home|Hospital|Blue Butterfly, Acrylic Bookmark","The Blue Butterfly, Acrylic Bookmark: A Whimsical Wonder for Book Lovers.
In collaboration with Art by Tara, we are so excited to introduce our brand new Butterfly Bookmarks - the perfect gift for book lovers, students, teachers, and even nature enthusiasts.
Tara's philosophy is simple. ""Art should be a refuge. In a world riddled with complexity, I like to think that my creations are a gateway to simplicity and joy.""
Tara believes that the true essence of art lies in its ability to evoke emotions, where every image serves as a reminder of life's delightful quirks.
This exquisite acrylic bookmark is more than just a placeholder for your readers—it's a piece of art, designed to add a splash of color and inspiration to every page turned.
Perfectly printed in-house with attention to detail, each bookmark showcases a high-quality, durable design that's as practical as it is beautiful. The added charm of a sleek tassel ensures that this bookmark is a pleasure to use and easy to find between the pages of a favorite novel or important journal.
As a retailer, you know the power of a perfectly placed gift item. Our Blue Butterfly Bookmark is not just a functional accessory; it's a gateway to the imagination, promising to captivate and allure. Ideal for bookstores, boutique shops, and museum stores seeking unique, wholesale gift items that resonate with nature lovers, bibliophiles, and collectors of art-inspired merchandise.
Enhance your store's collection with the Blue Butterfly, Acrylic Bookmark—a symbol of transformation and a mark of sophistication in your curated gift selection.
Features:
Expert Craftsmanship: Cut and printed in-house for superb quality control and finish.
Wholesale Appeal: A perfect addition to any store’s inventory, appealing to a wide audience.
Versatile Use: Ideal for marking pages or as a decorative piece for planners and art journals. The translucent design also makes this bookmark a great window decoration.
Elegant Design: Art by Tara’s signature style brings to life a butterfly's splendor.
Durable Material: Ensures long-lasting beauty and utility for the end-user.
Attractive Packaging: Ready for display in your store, making it a quick customer favorite.",,,,,,,1,12,10,5.95,,,1,Lifeforce400,Lifeforce160,https://cdn11.bigcommerce.com/s-l8fm6tm/images/stencil/800x800/products/4461/10041/Blue_Butterfly__43023.1705061260.png?c=2,Blue_Butterfly__43023.1705061260.png?c=2,,,Lifeforce800,Blue_Butterfly__43023.1705061260.png?c=2
"Smile, Glass Stone",F-83,"Home|Individual Items|Glass Stones, Shiny|Focus Stones|Smile, Glass Stone","Smile. Sometimes you may need a little reminder to smile. This stone would also make a nice ""just because"" gift. 1.25"" glass stone, assorted colors. There is a minimum order quantity of 6 stones.",,,,,,,6,3.99,10,2.99,,,6,Lifeforce400,Lifeforce160,https://cdn11.bigcommerce.com/s-l8fm6tm/images/stencil/800x800/products/500/5656/smile_800__38740.1537800177.jpg?c=2,smile_800__38740.1537800177.jpg?c=2,,,Lifeforce800,smile_800__38740.1537800177.jpg?c=2
"I am grateful, Glass Stone",AF6,"Home|Individual Items|Glass Stones, Shiny|Affirmation Stones|I am grateful, Glass Stone","I am grateful glass stone. Part of the Affirmation stone assortment, these stones can be used to affirm your ideal life.  Approximately 1.25"" in diameter. All stones are sent in assorted colors. There is a minimum order quantity of 6 stones.",,,,,,,6,3.99,10,2.99,,,6,Lifeforce400,Lifeforce160,https://cdn11.bigcommerce.com/s-l8fm6tm/images/stencil/800x800/products/143/5693/i_am_grateful_800__76704.1537805440.jpg?c=2,i_am_grateful_800__76704.1537805440.jpg?c=2,,,Lifeforce800,i_am_grateful_800__76704.1537805440.jpg?c=2
"Joy to the World, Glass Christmas Ornament",COJTTW,"Home|Religious|Joy to the World, Glass Christmas Ornament","Glory to God, Glass Christmas Ornament
Celebrate the true spirit of Christmas with our beautifully crafted clear glass Christmas ornament, featuring the beloved message ""Joy to the World, the Lord is Come."" This stunning ornament captures a peaceful nativity scene with Mary, Joseph, and baby Jesus in the manger, making it a heartfelt addition to your holiday decor. Made from high-quality glass, this 3.25"" round ornament catches and reflects light, adding an elegant touch to your Christmas tree.
Each glass Christmas ornament comes with a red ribbon for easy hanging and is packaged in a lovely brown gift box with a red ribbon, ready for gift-giving. Whether you're decorating your own tree or giving it as a thoughtful present to friends and family, this Christmas glass ornament is a meaningful keepsake that celebrates the true meaning of the season.
This ornament is also perfect for those looking to buy in bulk for resale. We offer a flexible wholesale option, allowing you to mix and match any 10 ornaments from our collection to qualify for our lowest price. Ideal for Christian bookstores, gift shops, and religious retailers, these ornaments offer a beautiful, faith-based product that appeals to a wide variety of customers.
Whether you're looking to enhance your holiday decor or seeking unique, religious-themed gifts, our glass ornaments for Christmas trees are the perfect choice for adding both beauty and meaning to your celebrations.
Key Features:
Made from premium clear glass with a classic nativity design
Features the message ""Joy to the World, the Lord is Come""
3.25"" round ornament with red hanging ribbon
Packaged in a brown gift box with a red ribbon, ideal for gifting
Available for wholesale with mix-and-match options—buy 10 or more for the best price
Wholesale Information:
Ideal for Christian bookstores, gift shops, and holiday retailers
Mix and match 10 ornaments to receive our best wholesale pricing
A great addition to religious-themed holiday décor or gift collections
Add this timeless and meaningful glass Christmas ornament to your holiday decor or retail collection. Whether for personal use or resale, it brings elegance and reverence to the season.",,,,,,,1,15.99,10,7.99,,,1,Lifeforce400,Lifeforce160,https://cdn11.bigcommerce.com/s-l8fm6tm/images/stencil/800x800/products/4548/11266/Joy_To_The_World_Xmas_Branch_2__77094.1727281392.png?c=2,Joy_To_The_World_Xmas_Branch_2__77094.1727281392.png?c=2,,,Lifeforce800,Joy_To_The_World_Xmas_Branch_2__77094.1727281392.png?c=2
"Friendship with Pansy, Language of Flower Heart",FH7,"Home|Individual Items|Hearts|The Language of Flowers Hearts|Friendship with Pansy, Language of Flower Heart","Friendship is symbolized by the pansy in the Language of Flowers. Victorians would present their friends with a bouquet of pansies.
The Language of Flowers hearts are 1.75"" across and come in white, pink and lilac. They come with sheer, heart-shaped pouches, also in white, pink and lilac. There is a minimum order quantity of 6 hearts.",,,,,,,1,17.95,4,6.99,,,1,Lifeforce400,Lifeforce160,https://cdn11.bigcommerce.com/s-l8fm6tm/images/stencil/800x800/products/4306/8665/friendship_pansy__15540.1653580986.jpg?c=2,friendship_pansy__15540.1653580986.jpg?c=2,,,Lifeforce800,friendship_pansy__15540.1653580986.jpg?c=2
Expand Connection Stone,CNS12,Home|Inspirational|Expand Connection Stone,"What if you could step out of your day to day life and experience something vastly different? Experienced meditators can access an expanded awareness, a union with a universal consciousness. Even if you're not aiming for something quite that mind-altering, you might want to expand your possibilities. Focus on this Expand glass stone and think about that concept. Who knows what might happen?
Our Connection Stones are made in the USA. They're 1.25"" in diameter and come in many colors. There is a minimum order quantity of 6 stones.",,,,,,,6,3.99,10,2.99,,,6,Lifeforce400,Lifeforce160,https://cdn11.bigcommerce.com/s-l8fm6tm/images/stencil/800x800/products/3761/9621/Expand__06578.1686237822.png?c=2,Expand__06578.1686237822.png?c=2,,,Lifeforce800,Expand__06578.1686237822.png?c=2
Build on what you have glass stone,D-51,"Home|Individual Items|Glass Stones, Shiny|Wisdom Stones|Build on what you have glass stone",Build on what you have glass stone. There is a minimum order quantity of 6 stones.,,,,,,,6,3.99,10,2.99,,,6,Lifeforce400,Lifeforce160,https://cdn11.bigcommerce.com/s-l8fm6tm/images/stencil/800x800/products/77/7423/build_on_what_you_have_opal_green__50451.1686146540.jpg?c=2,build_on_what_you_have_opal_green__50451.1686146540.jpg?c=2,,,Lifeforce800,build_on_what_you_have_opal_green__50451.1686146540.jpg?c=2
"Libra, Glass Stone",Z-7,"Home|New Age|Libra, Glass Stone","It is said that Libra's love ""stunning objects"" and surround themselves with beautiful things. These glass stones will be a perfect addition to your collection of things. Printed in the USA by a family owned and operated business. Approximately 1.25"" in diameter and available in a multitude of colors. There is a minimum order quantity of 6 stones.",,,,,,,6,3.99,10,2.99,,,6,Lifeforce400,Lifeforce160,https://cdn11.bigcommerce.com/s-l8fm6tm/images/stencil/800x800/products/1201/4981/libra_800__59927.1534882621.jpg?c=2,libra_800__59927.1534882621.jpg?c=2,,,Lifeforce800,libra_800__59927.1534882621.jpg?c=2
Judaica Stone Assortment,JSA,Home|Religious|Judaica Stone Assortment,"The Judaica Assortment contains 100 stones printed on various shades of blue. Two styles of the Star of David, C'hai, Shalom, Mazel tov and Hamsa are included. Each stone is approximately 1.25"" in diameter. These glass stones are lovely for Chanukah gifts, for memorials, or for decorating tables for weddings or bar mitzvahs. ",,,,,,,1,125,5,118.75,,,1,Lifeforce400,Lifeforce160,https://cdn11.bigcommerce.com/s-l8fm6tm/images/stencil/800x800/products/1204/12415/Judaica_Group_Shot__36389.1738079734.png?c=2,Judaica_Group_Shot__36389.1738079734.png?c=2,,,Lifeforce800,Judaica_Group_Shot__36389.1738079734.png?c=2
"Six Ways to Say ""I Love You"" Glass Stones",Set 59,"Home|Small Sets|Set of Six Glass Stones or Magnets|Set of Six Glass Stones, Shiny|Six Ways to Say ""I Love You"" Glass Stones","When you're in love, you just can't say ""I Love You"" enough, or in enough ways. Here's something different: six glass stones with ""I Love You"" in English, German, Hawaiian, Chinese, French and Spanish. You can hide these stones in places he or she is sure to find them, how romantic! These stones don't have to be for those in romantic relationships, though. You can give them to your kids or anyone that you love. The stones are about 1.25"" in diameter and come in valentiney colors. They may not be exactly as pictured. Have fun!",,,,,,,1,16.49,4,13.19,,,1,Lifeforce400,Lifeforce160,https://cdn11.bigcommerce.com/s-l8fm6tm/images/stencil/800x800/products/2059/5771/six_ways_800__02567.1538055455.jpg?c=2,six_ways_800__02567.1538055455.jpg?c=2,,,Lifeforce800,six_ways_800__02567.1538055455.jpg?c=2
"Statue Of Liberty, Wooden Postcard",PCSOL,"Home|Holidays|USA 250|Statue Of Liberty, Wooden Postcard","Statue Of Liberty Wooden Postcard – A Tribute to Liberty and Legacy
Celebrate 250 years of American freedom with the Statue of Liberty Wooden Postcard. Featuring a powerful collage of the U.S. Constitution, the Statue of Liberty, and the American flag, this design is a bold reminder of the principles that shaped the nation—liberty, justice, and unity.
Why Choose Our Statue Of Liberty Wooden Postcard?
Rich Patriotic Imagery: Includes “We the People,” Lady Liberty, and stars and stripes.
Sustainable Craftsmanship: Printed on high-quality, eco-conscious wood.
Perfect for Patriotic Displays: Ideal for Independence Day, Constitution Day, or civic holidays.
Ready to Display: Sized at 4 x 6 inches—perfect for shelves, desks, or framing.
Celebrate American Ideals
This postcard is more than just a keepsake, it’s a powerful piece of American symbolism. Whether you're a history lover, teacher, veteran, or proud citizen, it makes a striking addition to any patriotic gift or decor collection.
To reach our lowest wholesale price of $2.99 per postcard, simply mix and match a total of 16 postcards from our collection.
Interested in custom designs? We offer low minimums. Contact us for more information on creating your own unique postcards.
To avoid any potential disruption in delivery, we suggest using 2 First Class Stamps.
 ",,,,,,,1,7,32,3.99,,,1,Lifeforce400,Lifeforce160,https://cdn11.bigcommerce.com/s-l8fm6tm/images/stencil/800x800/products/4669/13436/Statue_of_Liberty_FULL-Camera_3__88751.1749720637.png?c=2,Statue_of_Liberty_FULL-Camera_3__88751.1749720637.png?c=2,,,Lifeforce800,Statue_of_Liberty_FULL-Camera_3__88751.1749720637.png?c=2
"First Communion (with picture), Glass Stone",M-54,"Home|Individual Items|Glass Stones, Shiny|Miscellaneous Stones|First Communion (with picture), Glass Stone","First Communion glass stone. 1.25"" in diameter. There is a minimum order quantity of 6 stones.",,,,,,,6,3.99,10,2.99,,,6,Lifeforce400,Lifeforce160,https://cdn11.bigcommerce.com/s-l8fm6tm/images/stencil/800x800/products/689/5755/first_communion_800__37073.1537819011.jpg?c=2,first_communion_800__37073.1537819011.jpg?c=2,,,Lifeforce800,first_communion_800__37073.1537819011.jpg?c=2
Monarch Butterfly on Opal Orange Glass Stones,RZ-66,"Home|Individual Items|Glass Stones, Shiny|Miscellaneous Stones|Monarch Butterfly on Opal Orange Glass Stones",We did this stone originally as a special request. It turned out so beautifully that we've added it to the stock. The lovely monarch is printed on opal orange glass stones that are about an inch and a quarter in diameter. There is a minimum order quantity of 6 stones.,,,,,,,6,3.99,10,2.99,,,6,Lifeforce400,Lifeforce160,https://cdn11.bigcommerce.com/s-l8fm6tm/images/stencil/800x800/products/4041/13508/Monarch_Butterfly_Side__39906.1750069704.png?c=2,Monarch_Butterfly_Side__39906.1750069704.png?c=2,,,Lifeforce800,Monarch_Butterfly_Side__39906.1750069704.png?c=2
"You Are One In A Shellion, Happy Mother's Day, Wooden Postcard",PCYAOIAS,"Home|Holidays|You Are One In A Shellion, Happy Mother's Day, Wooden Postcard","You Are One In A Shellion, Happy Mother's Day, Wooden Postcard
Make Mother’s Day unforgettable with our You Are One in a Shellion, Wooden Postcard. Featuring a beautiful watercolor seashell design and a playful message, this card is a heartfelt way to show your appreciation. Made from eco-friendly wood, this postcard is a unique keepsake that adds a touch of coastal charm to any space. The vibrant seashell pattern and charming sentiment will remind your mom just how special she is, long after the holiday has passed.
This card offers a delightful blend of durability and sentimentality, making it an ideal choice for thoughtful gift-givers and boutique retailers alike. Send it directly with your personal note on the back, and let your mom know she’s truly one-of-a-kind!
Key Features:
Sustainable, Recycled Material: Crafted from high-quality, eco-friendly wood, making it a green alternative to traditional cards.
Coastal Watercolor Design: A vibrant seashell illustration that brings a touch of the ocean to Mother’s Day.
Lasting Keepsake: Unlike paper cards, this wooden postcard can be cherished for years as a beautiful memory.
Writeable & Mail-Ready: Perfect for adding a personal message and mailing without an envelope.
Ideal for Wholesale & Retail: Great for shops seeking unique Mother’s Day cards that stand out.
Celebrate your mom’s one-in-a-million spirit with our You Are One in a Shellion, Wooden Postcard—a beautiful blend of humor and heart.
To reach our lowest wholesale price of $2.99 per postcard, simply mix and match a total of 16 postcards from our collection. Interested in custom designs? We offer low minimums—contact us for more information on creating your own unique postcards.
To avoid any potential disruption in delivery, we suggest using 2 First Class Stamps.",,,,,,,1,6,16,2.99,,,1,Lifeforce400,Lifeforce160,https://cdn11.bigcommerce.com/s-l8fm6tm/images/stencil/800x800/products/4606/13119/You_Are_One_In_A_Shellion_FULL-Camera__08861.1747144867.png?c=2,You_Are_One_In_A_Shellion_FULL-Camera__08861.1747144867.png?c=2,,,Lifeforce800,You_Are_One_In_A_Shellion_FULL-Camera__08861.1747144867.png?c=2
"Star of David Picture, Glass Stone",J-2,"Home|Individual Items|Glass Stones, Shiny|Judaica|Star of David Picture, Glass Stone","The Star of David is printed on various shades of blue, 1.25"" in diameter. There is a minimum order quantity of 6 stones.",,,,,,,6,3.99,10,2.99,,,6,Lifeforce400,Lifeforce160,https://cdn11.bigcommerce.com/s-l8fm6tm/images/stencil/800x800/products/564/12639/Star_of_David__39104.1743085752.png?c=2,Star_of_David__39104.1743085752.png?c=2,,,Lifeforce800,Star_of_David__39104.1743085752.png?c=2
Inspirational Lucite Plaque - Third Step Prayer,LP2,Home|Religious|Inspirational Lucite Plaque - Third Step Prayer,"Third Step Prayer Lucite Plaque – A Modern Tribute to Faith and Recovery
This crystal-clear Lucite Plaque beautifully displays the inspiring ""Third Step Prayer,"" a heartfelt invocation for guidance, strength, and alignment with one’s higher purpose. The prayer reads:
""God, I offer myself to Thee To build with me & to do with me as Thou wilt. Relieve me of the bondage of self, that I may better do Thy will. Take away my difficulties, that victory over them may bear witness to those I would help of Thy Power, Thy love & Thy way of life. May I do Thy will always.""
Crafted with care in Massachusetts, this free-standing plaque is both elegant and substantial, measuring four inches wide, six inches tall, and one inch thick. With no need for a base or stand, it effortlessly displays its message of surrender and hope, making it an ideal piece for home, office, or a place of worship.
The Third Step Prayer plaque is a meaningful gift for anyone in recovery, a cherished item for those embarking on a spiritual journey, or a supportive addition to stores that serve the recovery and faith communities. Its modern Lucite design offers a contemporary, clean look, making it a versatile and lasting reminder to seek strength and purpose beyond oneself.
Key Features:
Dimensions: 4” wide x 6” tall x 1” thick
Material: High-quality Lucite, known for durability and clarity
Origin: Proudly made in the USA, in MA
Purpose: An inspiring keepsake for personal spiritual growth and recovery
This Third Step Prayer Lucite Plaque not only uplifts with its powerful message but also serves as a daily reminder of faith, courage, and commitment to a life of purpose.",,,,,,,1,32.99,3,28.99,,,1,Lifeforce400,Lifeforce160,https://cdn11.bigcommerce.com/s-l8fm6tm/images/stencil/800x800/products/4414/9104/The_Third_Step_Prayer_White-View_4__90388.1664875956.png?c=2,The_Third_Step_Prayer_White-View_4__90388.1664875956.png?c=2,,,Lifeforce800,The_Third_Step_Prayer_White-View_4__90388.1664875956.png?c=2
"Statue of Liberty, Glass Ornament",SLGO,"Home|Holidays|USA 250|Statue of Liberty, Glass Ornament","Statue of Liberty Glass Ornament – USA 250 Commemorative Gift
Celebrate the 250th anniversary of American independence with this beautifully designed Statue of Liberty glass ornament. Featuring a stylized red, white, and blue illustration of Lady Liberty above the words America 250, this ornament captures the spirit of freedom and welcome that defines the nation.
Printed in-house on polished beveled glass, it makes a powerful and patriotic keepsake for museums, gift shops, historic sites, and events honoring the upcoming Semiquincentennial in 2026.
Key Features:
Premium clear glass 
3.25"" round ornament with a red ribbon for easy hanging
Ideal for gifting
Available for wholesale, mix and match 10+ ornaments for bulk pricing
Wholesale Information:
Perfect for gift shops, holiday markets, and retailers
Mix and match 10 or more ornaments for the best wholesale pricing
Ideal for USA 250 celebrations, historic sites, and patriotic décor",,,,,,,1,16.99,10,8.99,,,1,Lifeforce400,Lifeforce160,https://cdn11.bigcommerce.com/s-l8fm6tm/images/stencil/800x800/products/4687/13550/Statue_of_Liberty_Ornament-Camera_2__62283.1752673406.png?c=2,Statue_of_Liberty_Ornament-Camera_2__62283.1752673406.png?c=2,,,Lifeforce800,Statue_of_Liberty_Ornament-Camera_2__62283.1752673406.png?c=2
"1776 to 2026, Glass Ornament",1776GO,"Home|Holidays|USA 250|1776 to 2026, Glass Ornament","1776 to 2026 Glass Ornament – USA 250 Commemorative Keepsake
Celebrate 250 years of American independence with this elegant glass ornament, featuring the bold red and blue design “1776 to 2026 – 250 Years.”
Crafted from high-quality beveled glass and printed in-house, this round ornament catches the light beautifully and serves as a timeless keepsake for patriots, collectors, museums, and historic gift shops. Whether displayed year-round or as part of a special USA 250 exhibit, it’s a striking tribute to America's founding and legacy.
Key Features:
Premium clear glass 
3.25"" round ornament with a red ribbon for easy hanging
Ideal for gifting
Available for wholesale, mix and match 10+ ornaments for bulk pricing
Wholesale Information:
Perfect for gift shops, holiday markets, and retailers
Mix and match 10 or more ornaments for the best wholesale pricing
Ideal for USA 250 celebrations, historic sites, and patriotic décor",,,,,,,1,16.99,10,8.99,,,1,Lifeforce400,Lifeforce160,https://cdn11.bigcommerce.com/s-l8fm6tm/images/stencil/800x800/products/4682/13533/1776-2026_Ornament-Camera_2__16088.1752669685.png?c=2,1776-2026_Ornament-Camera_2__16088.1752669685.png?c=2,,,Lifeforce800,1776-2026_Ornament-Camera_2__16088.1752669685.png?c=2
"Queen Bee, Wooden Postcard",PCQB,"Home|Holidays|Queen Bee, Wooden Postcard","Happy Mother's Day To The Queen Bee, Wooden Postcard
Celebrate the queen in your life with our Queen Bee, Wooden Postcard—perfect for Mother's Day! Featuring a beautifully illustrated bumblebee hovering above a field of daisies under a bright blue sky, this card carries the message, ""Happy Mother's Day to the Queen Bee!"" The vibrant watercolor design and natural wood texture create a unique and eco-friendly keepsake that your mom will treasure. Made from sustainable basswood, this card is designed to last, offering a heartfelt and lasting way to show your appreciation.
Whether you're a retail customer looking for a special Mother's Day gift or a wholesale buyer seeking high-quality cards for your shop, this wooden postcard makes a thoughtful choice that stands out from traditional paper cards.
Key Features:
Eco-Friendly Basswood: Made from sustainable basswood, offering a natural and durable alternative to paper.
Unique Design: Vibrant watercolor artwork featuring a queen bee, perfect for celebrating moms who are the heart of their families.
Lasting Keepsake: This wooden postcard is a beautiful piece of art that can be displayed as a keepsake long after Mother's Day.
Mail-Ready: Write a personal message on the back and send it directly—no envelope required.
Ideal for Retail and Wholesale: Great for boutiques, gift shops, or customers seeking something truly unique for Mother’s Day.
Make this Mother's Day unforgettable with a card that honors the queen bee in your life. This Queen Bee, Wooden Postcard is sure to make her day extra sweet!
To reach our lowest wholesale price of $2.99 per postcard, simply mix and match a total of 16 postcards from our collection. Interested in custom designs? We offer low minimums—contact us for more information on creating your own unique postcards.
To avoid any potential disruption in delivery, we suggest using 2 First Class Stamps.",,,,,,,1,6,16,2.99,,,1,Lifeforce400,Lifeforce160,https://cdn11.bigcommerce.com/s-l8fm6tm/images/stencil/800x800/products/4601/13166/Happy_Mothers_Day_To_The_Queen_Bee_FULL-Camera__73840.1747147140.png?c=2,Happy_Mothers_Day_To_The_Queen_Bee_FULL-Camera__73840.1747147140.png?c=2,,,Lifeforce800,Happy_Mothers_Day_To_The_Queen_Bee_FULL-Camera__73840.1747147140.png?c=2
"Starburst, Glass Ornament",SBGO,"Home|Holidays|USA 250|Starburst, Glass Ornament","Starburst Glass Ornament – America 250 Patriotic Keepsake
Celebrate 250 years of American freedom with this vibrant Starburst glass ornament. Designed with dynamic red and blue rays, stars, and the official America 250 lettering, this ornament captures the spirit of celebration as the nation approaches its Semiquincentennial.
Printed in-house on radiant beveled glass, it’s a festive and meaningful keepsake for patriotic gift shops, museums, national parks, and commemorative events.
Key Features:
Premium clear glass 
3.25"" round ornament with a red ribbon for easy hanging
Ideal for gifting
Available for wholesale, mix and match 10+ ornaments for bulk pricing
Wholesale Information:
Perfect for gift shops, holiday markets, and retailers
Mix and match 10 or more ornaments for the best wholesale pricing
Ideal for USA 250 celebrations, historic sites, and patriotic décor",,,,,,,1,16.99,10,8.99,,,1,Lifeforce400,Lifeforce160,https://cdn11.bigcommerce.com/s-l8fm6tm/images/stencil/800x800/products/4685/13544/Starburst_Ornament__15926.1752672788.png?c=2,Starburst_Ornament__15926.1752672788.png?c=2,,,Lifeforce800,Starburst_Ornament__15926.1752672788.png?c=2
"Peace on Earth, Glass Christmas Ornament",COPOE,"Home|Religious|Peace on Earth, Glass Christmas Ornament","Peace on Earth, Glass Christmas Ornament
Celebrate the spirit of peace and goodwill with our beautifully crafted Peace on Earth glass Christmas ornament. Featuring the message ""Peace on Earth, Goodwill to All"" alongside a vibrant dove design, this 3.25"" round ornament is made from high-quality clear glass that reflects the light of your Christmas tree, adding a serene and elegant touch to your holiday decor.
This clear glass ornament comes with a red ribbon for easy hanging and is packaged in a charming brown gift box with a red ribbon, making it an ideal gift for family and friends. Its timeless message of peace and harmony is perfect for anyone looking to add a meaningful, yet stylish, decoration to their home this holiday season. The beautiful dove symbolizes hope, peace, and unity, making this ornament a heartfelt keepsake for years to come.
For retailers, Lifeforce Glass offers flexible wholesale options, allowing you to mix and match any 10 ornaments from our collection to qualify for our best pricing. This glass Christmas ornament is a great choice for Christian bookstores, gift shops, and holiday markets, providing a faith-based product that resonates with customers looking for unique and inspirational holiday decor.
Whether you're decorating your own tree, looking for the perfect gift, or stocking up for your shop, this Peace on Earth glass ornament adds a meaningful message of hope to any holiday celebration.
Key Features:
High-quality clear glass with a vibrant dove and peace message
3.25"" round ornament with a red hanging ribbon
Packaged in a brown gift box with a red ribbon, perfect for gifting
Available for wholesale—mix and match 10+ ornaments for best pricing
A beautiful addition to Christmas tree ornaments or holiday decor with a message of peace and goodwill
Wholesale Information:
Perfect for Christian bookstores, gift shops, and holiday markets
Mix and match 10 or more ornaments for our lowest wholesale price
Ideal for adding inspirational, faith-based decor to your collection
Celebrate peace, unity, and the true spirit of the season with this Peace on Earth glass Christmas ornament. Whether for personal decor or resale, this ornament adds both beauty and meaning to the holidays.",,,,,,,1,15.99,10,7.99,,,1,Lifeforce400,Lifeforce160,https://cdn11.bigcommerce.com/s-l8fm6tm/images/stencil/800x800/products/4550/11277/Peace_On_Earth_Xmas_Branch_2__28991.1727348171.png?c=2,Peace_On_Earth_Xmas_Branch_2__28991.1727348171.png?c=2,,,Lifeforce800,Peace_On_Earth_Xmas_Branch_2__28991.1727348171.png?c=2
"Chakra Shape - Root, Glass Stone",CK-14,"Home|New Age|Chakra Shape - Root, Glass Stone","This stone has the Root Chakra Shape printed on an Opal White glass stone with Red colored ink.
Each stone is approximately 1.25 inches in diameter. There is a minimum order quantity of 6 stones.",,,,,,,6,3.99,10,2.99,,,6,Lifeforce400,Lifeforce160,https://cdn11.bigcommerce.com/s-l8fm6tm/images/stencil/800x800/products/3449/9539/Shape_Root__16443.1686069974.png?c=2,Shape_Root__16443.1686069974.png?c=2,,,Lifeforce800,Shape_Root__16443.1686069974.png?c=2
"Modern Remember I Am With You Always, Acrylic Magnet",AMAG28,"Home|Hospital|Modern Remember I Am With You Always, Acrylic Magnet","Our modern religious magnets are the perfect addition to any home or setting in which you would like to be reminded of God's messages in a thoughtful way with a modern presentation. 
You are never alone when you are a child of god! Visually beautiful, with a meaningful message, our  magnets are going to attract your attention! 
This magnet features the quote: “Remember I Am with You Always - Matthew 23:20” printed on a teal and white geometric background design with white lettering. 
A Perfect gift for those of any age who use scripture in their daily life and apply its timeless message to our modern day world. Our timeless straightforward designs let the scripture speak for itself. 
-Each magnet measures approximately 3.75” x 2.75” x ⅛”
-Made from high quality acrylic
-Digitally printed
-Made in the USA/Massachusetts",,,,,,,1,7,16,5,,,1,Lifeforce400,Lifeforce160,https://cdn11.bigcommerce.com/s-l8fm6tm/images/stencil/800x800/products/4511/10728/Remember_I_Am_With_You-Camera_7__70255.1712763134.png?c=2,Remember_I_Am_With_You-Camera_7__70255.1712763134.png?c=2,,,Lifeforce800,Remember_I_Am_With_You-Camera_7__70255.1712763134.png?c=2
Festival Glass- Trust,FG18,"Home|Individual Items|Glass Stones, Shiny|Festival Glass|Festival Glass- Trust","The word Trust is available in the Christian Festival Glass collection, or individually here. Approximately 1.25 inch in diameter. Available in the festival glass colors (swirly green, swirly blue, swirly red and a white stone with color swirls). There is a minimum order quantity of 6 stones.",,,,,,,6,3.99,10,2.99,,,6,Lifeforce400,Lifeforce160,https://cdn11.bigcommerce.com/s-l8fm6tm/images/stencil/800x800/products/2078/2803/trust_red__41792.1422049961.png?c=2,trust_red__41792.1422049961.png?c=2,,,Lifeforce800,trust_red__41792.1422049961.png?c=2
"Inspirational Glass Plaque- If we are facing in the right direction, all we have to do is keep on walking. -Buddhist Proverb",IP4,"Home|Inspirational|Inspirational Glass Plaque- If we are facing in the right direction, all we have to do is keep on walking. -Buddhist Proverb","""If we are facing in the right direction, all we have to do is keep on walking."" Buddhist Proverb
It's all about putting one foot in front of the other. Step by step, we can achieve our goals. No point in stressing. You know you can't force an issue.
This beautiful plaque is the perfect gift for anyone who's embarked on a long journey, such as going to school, growing a business or raising a family. Consider buying several when you need corporate gifts.
The glass tile is three inches wide and six inches tall. It comes with a black, folding metal easel. It will make a beautiful addition to anyone's decor. Please indicate your choice of color in the notes section during checkout, or let us pick one for you. We have too many colors to list.",,,,,,,1,23.99,3,18.99,,,1,Lifeforce400,Lifeforce160,https://cdn11.bigcommerce.com/s-l8fm6tm/images/stencil/800x800/products/3110/6552/if_we_are_facing_in_the_right_red__75742.1552941696.jpg?c=2,if_we_are_facing_in_the_right_red__75742.1552941696.jpg?c=2,,,Lifeforce800,if_we_are_facing_in_the_right_red__75742.1552941696.jpg?c=2
"But Those Who Trust In The Lord, Acrylic Magnet",AMAG19,"Home|Hospital|But Those Who Trust In The Lord, Acrylic Magnet","Beautiful, eye-catching and meaningful, our high quality acrylic magnets are sure to attract your attention.
This magnet features the quote: But Those Who Trust in the Lord for Help...Will Rise on Wings Like Eagles - Isaiah 40:31 with a beautiful serene artistic sky backdrop.
A Perfect for those who use scripture in their daily life to deal with our modern day world.
-Each magnet measures approximately 3.75” x 2.75” x ⅛”
-Made from high quality acrylic
-Digitally printed
-Made in the USA/Massachusetts",,,,,,,1,7,16,5,,,1,Lifeforce400,Lifeforce160,https://cdn11.bigcommerce.com/s-l8fm6tm/images/stencil/800x800/products/4502/10821/4__61005.1712828344.png?c=2,4__61005.1712828344.png?c=2,,,Lifeforce800,4__61005.1712828344.png?c=2
"Be still and know that I am God. Psalm 46:10, Glass Stone",S-50,"Home|Religious|Be still and know that I am God. Psalm 46:10, Glass Stone","Be still and know that I am God. Psalm 46:10. Glass stone, 1.25"", various colors. There is a minimum order quantity of 6 stones.",,,,,,,6,3.99,10,2.99,,,6,Lifeforce400,Lifeforce160,https://cdn11.bigcommerce.com/s-l8fm6tm/images/stencil/800x800/products/926/9023/be_still_and_know_dark_blue__12851.1656613609.jpg?c=2,be_still_and_know_dark_blue__12851.1656613609.jpg?c=2,,,Lifeforce800,be_still_and_know_dark_blue__12851.1656613609.jpg?c=2
"Possibility, Glass Stone",F-138,"Home|Individual Items|Glass Stones, Shiny|Focus Stones|Possibility, Glass Stone","Oh the Possibility... This stone would make a great reward for kids. 1.25"" glass stone, assorted colors. There is a minimum order quantity of 6 stones.",,,,,,,6,3.99,10,2.99,,,6,Lifeforce400,Lifeforce160,https://cdn11.bigcommerce.com/s-l8fm6tm/images/stencil/800x800/products/428/5648/possibility_800__40384.1537799435.jpg?c=2,possibility_800__40384.1537799435.jpg?c=2,,,Lifeforce800,possibility_800__40384.1537799435.jpg?c=2
"Sea Stones, Colorful Replica Sea Glass, Assortment of 100 with Display",SESA,"Home|Inspirational|Sea Stones, Colorful Replica Sea Glass, Assortment of 100 with Display","Every color and style of glass that we've ever used has been transformed by our simulated ocean and turned into sea glass. Then we printed our most popular focus words (and some that the designer likes) on these gorgeous nuggets. Each stones is approximately 1.25"" in diameter. A basket and header display is included. The titles include, but are not limited to:
Balance
Believe
Breathe
Courage
Creativity
Dream
Faith
Family
Focus
Gratitude
Healing
Hope
Imagine
Joy
Love
Openness
Peace
Strength
Success
Wisdom
If you prefer, you may order by individual title rather than choose our assortment. Click here. The price will decrease as you shop.
   ",,,,,,,1,125,5,118.75,,,1,Lifeforce400,Lifeforce160,https://cdn11.bigcommerce.com/s-l8fm6tm/images/stencil/800x800/products/2248/12778/Sea_Stones_Group_Photo__60185.1744190005.png?c=2,Sea_Stones_Group_Photo__60185.1744190005.png?c=2,,,Lifeforce800,Sea_Stones_Group_Photo__60185.1744190005.png?c=2
Inspirational Glass Plaque- She is clothed in strength and dignity. Proverbs 31:25,IP21,Home|Religious|Inspirational Glass Plaque- She is clothed in strength and dignity. Proverbs 31:25,"She is clothed in strength and dignity and she laughs without fear at the future. Proverbs 31:25. Give your favorite strong woman this gorgeous glass plaque to acknowledge her awesomeness. The plaque is 3 inches wide and six inches tall. It comes with a black metal easel. The printing on the glass reflects on the back of the plaque, giving a bit of a 3-D effect. It's unusual and beautiful, just like that special woman in your life.",,,,,,,1,23.99,3,18.99,,,1,Lifeforce400,Lifeforce160,https://cdn11.bigcommerce.com/s-l8fm6tm/images/stencil/800x800/products/3127/4653/she_is_clothed_with_strength_and_dignity_white_angle_left__45156.1567717309.jpg?c=2,she_is_clothed_with_strength_and_dignity_white_angle_left__45156.1567717309.jpg?c=2,,,Lifeforce800,she_is_clothed_with_strength_and_dignity_white_angle_left__45156.1567717309.jpg?c=2
"The Mermaid's Message, Joyful, Sea Glass Stone",MM115,"Home|Inspirational|The Mermaid's Message, Joyful, Sea Glass Stone","Mermaid's Message Sea Glass Stone – Joyful
Celebrate happiness with the Joyful Mermaid’s Message Sea Glass Stone. Designed to resemble genuine sea glass, this frosted stone is a cheerful reminder to embrace the simple pleasures in life and radiate positivity.
Bright and Uplifting Colors: Available in sea-inspired shades—teal, green, white, dark blue, and light blue.
Meaningful Message: Joyful symbolizes happiness, optimism, and a lighthearted spirit.
A Perfect Gift or Keepsake: Carry it as a reminder to find joy in each day, display it in your space, or give it to someone who brings you happiness.
Let this stone inspire smiles and gratitude wherever it goes.
Buying in bulk? Explore our Mermaid Message Assortments.
Shop now and add a little more joy to your life.",,,,,,,6,3.99,10,2.99,,,6,Lifeforce400,Lifeforce160,https://cdn11.bigcommerce.com/s-l8fm6tm/images/stencil/800x800/products/4644/12476/Joyful_White__33492.1739966440.png?c=2,Joyful_White__33492.1739966440.png?c=2,,,Lifeforce800,Joyful_White__33492.1739966440.png?c=2
"The Mermaid's Message, Harmony, Sea Glass Stone",MM108,"Home|Inspirational|The Mermaid's Message, Harmony, Sea Glass Stone","Mermaid's Message Sea Glass Stone – Harmony
Find balance and peace with the Harmony Mermaid’s Message Sea Glass Stone. Crafted to resemble genuine sea glass, this smooth, frosted stone is a gentle reminder to cultivate inner calm and create harmony in all aspects of life.
Tranquil Colors: Available in serene sea-inspired shades—teal, green, white, dark blue, and light blue.
Meaningful Message: Harmony represents balance, unity, and a peaceful mindset.
Perfect for Any Setting: Carry it as a daily reminder, display it in your home, or give it as a thoughtful gift to inspire tranquility.
Let this stone bring a sense of serenity and alignment to your journey.
Buying in bulk? Explore our Mermaid Message Assortments.
Shop now and invite harmony into your life.",,,,,,,6,3.99,10,2.99,,,6,Lifeforce400,Lifeforce160,https://cdn11.bigcommerce.com/s-l8fm6tm/images/stencil/800x800/products/4642/12472/Harmony_Light_Blue__05795.1739964104.png?c=2,Harmony_Light_Blue__05795.1739964104.png?c=2,,,Lifeforce800,Harmony_Light_Blue__05795.1739964104.png?c=2
"Made In USA, Wooden Postcard",PCMIU,"Home|Holidays|USA 250|Made In USA, Wooden Postcard","Made in USA Wooden Postcard – Proudly Patriotic
Celebrate 250 years of American spirit and craftsmanship with our Made in USA Wooden Postcard. Featuring a classic flag draped over rustic wood and a bold ""Made in USA"" badge, this design honors America’s heritage and highlights what we value most: freedom, resilience, and homegrown pride.
Why Choose Our Made in USA Wooden Postcard?
USA Strong: Printed on durable wood, right here in the United States.
Patriotic Design: Features a vivid flag background and a bold ""Made in USA"" graphic.
Perfect for July 4th and Beyond: Great for Independence Day, events, or year-round displays.
Display-Worthy: 4 x 6 inches of red, white, and blue pride—ready for desks, shelves, or framing.
A Keepsake That Honors American Craft
This postcard doesn’t just celebrate America—it’s made in America, too. Whether you’re gifting it, displaying it, or adding it to a patriotic collection, it’s a bold reminder of where we come from and what we stand for.
To reach our lowest wholesale price of $2.99 per postcard, simply mix and match a total of 16 postcards from our collection.
Interested in custom designs? We offer low minimums. Contact us for more information on creating your own unique postcards.
To avoid any potential disruption in delivery, we suggest using 2 First Class Stamps.
 ",,,,,,,1,7,32,3.99,,,1,Lifeforce400,Lifeforce160,https://cdn11.bigcommerce.com/s-l8fm6tm/images/stencil/800x800/products/4668/13442/Made_in_the_USA_FULL-Camera_3__70463.1749050613.png?c=2,Made_in_the_USA_FULL-Camera_3__70463.1749050613.png?c=2,,,Lifeforce800,Made_in_the_USA_FULL-Camera_3__70463.1749050613.png?c=2
"I love my work, Glass Stone",AF25,"Home|Individual Items|Glass Stones, Shiny|Affirmation Stones|I love my work, Glass Stone","I love my work glass stone. Part of the affirmation assortment, use this stone to help you affirm your love for your work. Approximately 1.25"" in diameter. All stones are sent in assorted colors. There is a minimum order quantity of 6 stones.",,,,,,,6,3.99,10,2.99,,,6,Lifeforce400,Lifeforce160,https://cdn11.bigcommerce.com/s-l8fm6tm/images/stencil/800x800/products/138/5699/i_love_my_work_800__35760.1537806550.jpg?c=2,i_love_my_work_800__35760.1537806550.jpg?c=2,,,Lifeforce800,i_love_my_work_800__35760.1537806550.jpg?c=2
"Easy Does It, Glass Stone",W-59,"Home|Inspirational|Easy Does It, Glass Stone","Easy Does It glass stone, about 1.25"" in diameter. Various colors. There is a minimum order quantity of 6 stones.",,,,,,,6,3.99,10,2.99,,,6,Lifeforce400,Lifeforce160,https://cdn11.bigcommerce.com/s-l8fm6tm/images/stencil/800x800/products/1151/6232/easy_does_it_800__15083.1551376709.jpg?c=2,easy_does_it_800__15083.1551376709.jpg?c=2,,,Lifeforce800,easy_does_it_800__15083.1551376709.jpg?c=2
"Every word of God proves true...Proverbs 30:5, Glass Stone",S-22,"Home|Religious|Every word of God proves true...Proverbs 30:5, Glass Stone","Every word of God proves true. Proverbs 30:5 glass stone. Various colors, 1.25"". There is a minimum order quantity of 6 stones.",,,,,,,6,3.99,10,2.99,,,6,Lifeforce400,Lifeforce160,https://cdn11.bigcommerce.com/s-l8fm6tm/images/stencil/800x800/products/895/5098/every_word_of_god_proves_true_800__83473.1536254455.JPG?c=2,every_word_of_god_proves_true_800__83473.1536254455.JPG?c=2,,,Lifeforce800,every_word_of_god_proves_true_800__83473.1536254455.JPG?c=2
"Purpose, Glass Stone",F-136,"Home|Individual Items|Glass Stones, Shiny|Focus Stones|Purpose, Glass Stone","Finding Purpose is hard, unless you've already purchased the purpose stone from Lifeforce Glass. Purpose could be a great conference giveaway, or gift for children. 1.25"" glass stone, assorted colors. There is a minimum order quantity of 6 stones.",,,,,,,6,3.99,10,2.99,,,6,Lifeforce400,Lifeforce160,https://cdn11.bigcommerce.com/s-l8fm6tm/images/stencil/800x800/products/426/5650/purpose_800__93420.1537799732.jpg?c=2,purpose_800__93420.1537799732.jpg?c=2,,,Lifeforce800,purpose_800__93420.1537799732.jpg?c=2
"Pray, Glass Stone",F-124,"Home|Individual Items|Glass Stones, Shiny|Focus Stones|Pray, Glass Stone","Praying Stones - Focus and Serenity
Discover the ""Pray"" stone from Lifeforce Glass, designed to enhance your spiritual practice and provide a focal point for your prayers. This beautifully crafted praying stone serves as a tangible reminder to focus your mind and heart during moments of reflection and devotion.
Uses and Benefits:
Prayer Tool: Hold the stone during prayer to deepen your spiritual connection.
Focus Aid: Keep it in your pocket or on your desk to remind you to take moments for prayer and meditation.
Decorative: Place it in your living space as a constant reminder of the power of prayer.
Each stone is crafted to fit comfortably in your hand, making it a perfect companion for your daily spiritual practices. Embrace the peace and focus that come with incorporating this praying stone into your life.
Features:
High-quality craftsmanship
Ideal size for holding and carrying
Perfect gift for loved ones
Experience the benefits of these praying stones and let them guide you in your spiritual journey.
The Pray stone is from the focus stone collection. It is a great seller for church bookstores. 1.25"" glass stone, assorted colors. There is a minimum order quantity of 6 stones.",,,,,,,6,3.99,10,2.99,,,6,Lifeforce400,Lifeforce160,https://cdn11.bigcommerce.com/s-l8fm6tm/images/stencil/800x800/products/417/5649/pray_800__43214.1537799451.jpg?c=2,pray_800__43214.1537799451.jpg?c=2,,,Lifeforce800,pray_800__43214.1537799451.jpg?c=2
"12 Power Stones, Spanish, Juicio (Judgement)",12PS3,"Home|Individual Items|Glass Stones, Shiny|New Thought|12 Power Stones, Spanish, Juicio (Judgement)","12 Power Stones, Spanish, Juicio (Judgement) The color for Judgement (or wisdom) is yellow. There is a minimum order quantity of 6 stones.",,,,,,,6,3.99,10,2.99,,,6,Lifeforce400,Lifeforce160,https://cdn11.bigcommerce.com/s-l8fm6tm/images/stencil/800x800/products/91/5534/spanish_judgement_474__85282.1686146540.jpg?c=2,spanish_judgement_474__85282.1686146540.jpg?c=2,,,Lifeforce800,spanish_judgement_474__85282.1686146540.jpg?c=2
Inspirational Lucite Plaque - Irish Blessing,LP8,Home|Irish|Inspirational Lucite Plaque - Irish Blessing,"This verse is probably one of the most well-known Irish blessings.
May the road rise to meet you,
May the wind be always at your back.
May the sun shine warm on your face,
The rains fall soft upon your fields.
And until we meet again, May God hold you in the palm of His hand.
These plaques are a huge hit in stores and organizations that serve the Irish Community.
Printed directly onto a one-inch-thick piece of crystal-clear Lucite, this plaque is made to be free-standing with no need for a base or stand. The borderless design with transparent edges enhances the piece with a striking depth that subtly changes with the angle of vision - taking on an almost 3D quality.
Our Lucite Plaques are 4 in x 6 in and come in a wide range of colors. They will come assorted unless you have a specific request.
If you have a color in mind not shown in the listing, just send us a message and we will accommodate your request.",,,,,,,1,32.99,3,28.99,,,1,Lifeforce400,Lifeforce160,https://cdn11.bigcommerce.com/s-l8fm6tm/images/stencil/800x800/products/4420/9166/Irish_Blessing_Texture_1-View_4__43524.1674492246.png?c=2,Irish_Blessing_Texture_1-View_4__43524.1674492246.png?c=2,,,Lifeforce800,Irish_Blessing_Texture_1-View_4__43524.1674492246.png?c=2
"Honesty Openness Willingness, Glass Stone",W-65,"Home|Inspirational|Honesty Openness Willingness, Glass Stone","Openness, Willingness, Honesty – Glass Stone
A Simple Yet Powerful Reminder of Personal Growth and Inner Strength
This single glass stone is thoughtfully crafted to carry the inspiring words: Openness, Willingness, Honesty. Each word is clearly printed in crisp white on the surface of the smooth, polished glass, creating an elegant and easy-to-read reminder of values essential to personal growth, authenticity, and meaningful connection. Designed to fit comfortably in your hand, this stone is perfect for moments of quiet reflection, mindfulness, or as a gentle prompt to stay grounded in your core principles.
The Significance of Each Word
Openness: Encourages you to approach life with a receptive heart and open mind, welcoming new experiences and perspectives.
Willingness: Reminds you of the strength it takes to move forward, face challenges, and embrace opportunities with courage and resilience.
Honesty: Anchors you in truth and integrity, helping you foster trust and authenticity in your interactions with yourself and others.
Perfect for Meditation, Reflection, and Everyday Mindfulness
This glass stone is an ideal companion for meditation, journaling, or simply carrying with you to promote mindfulness throughout the day. Whether held during quiet moments or placed in a visible spot, it serves as a meaningful touchstone that reinforces clarity and intention in daily life.
A Thoughtful Gift for Support and Encouragement
The Openness, Willingness, Honesty stone makes a wonderful gift for friends, family, or colleagues who are on their own journey of self-discovery, healing, or personal growth. It’s a unique and meaningful way to show support, offering encouragement as they work toward embracing life’s changes and challenges with courage and authenticity.
The Openness Willingness Honesty glass stone is about 1.25"" in diameter. Various colors. There is a minimum order quantity of 6 stones.",,,,,,,6,3.99,10,2.99,,,6,Lifeforce400,Lifeforce160,https://cdn11.bigcommerce.com/s-l8fm6tm/images/stencil/800x800/products/1158/12092/Honesty_Openness_Willingness_Orange__68943.1731080663.png?c=2,Honesty_Openness_Willingness_Orange__68943.1731080663.png?c=2,,,Lifeforce800,Honesty_Openness_Willingness_Orange__68943.1731080663.png?c=2
"The Mermaid's Message, Peace, Sea Glass Stone",MM9,"Home|Inspirational|The Mermaid's Message, Peace, Sea Glass Stone","I love the way the word ""Peace"" looks in this font. Of course it's part of the peaceful Mermaid's Message collection. Each frosted glass stone is approximately 1.25"" in diameter. There is a minimum order quantity of 6 stones.",,,,,,,6,3.99,10,2.99,,,6,Lifeforce400,Lifeforce160,https://cdn11.bigcommerce.com/s-l8fm6tm/images/stencil/800x800/products/1929/12382/Peace_Teal__26911.1734105567.png?c=2,Peace_Teal__26911.1734105567.png?c=2,,,Lifeforce800,Peace_Teal__26911.1734105567.png?c=2
"Faith, Glass Stone",F-17,"Home|Individual Items|Glass Stones, Shiny|Focus Stones|Faith, Glass Stone","Introducing the ""Faith"" glass stone from Lifeforce Glass. This elegant stone features the word ""Faith,"" reminding you to keep your beliefs strong. Measuring approximately 1.25 inches in diameter, it is available in a variety of colors. Perfect for personal encouragement or as a thoughtful gift, this stone serves as a daily source of inspiration. A minimum order of six stones is required, making it ideal for sharing this meaningful message with others.",,,,,,,6,3.99,10,2.99,,,6,Lifeforce400,Lifeforce160,https://cdn11.bigcommerce.com/s-l8fm6tm/images/stencil/800x800/products/432/5035/faith_blue_800__25149.1535641765.jpg?c=2,faith_blue_800__25149.1535641765.jpg?c=2,,,Lifeforce800,faith_blue_800__25149.1535641765.jpg?c=2
"Glass Plaque- Rumi Quote, Do you know what you are?",IP37,"Home|Inspirational|Glass Plaque- Rumi Quote, Do you know what you are?","Jalāl ad-Dīn Mohammad Rūmī was born in 1207 in present-day Iran. His work strikes our hearts, even today, and will tomorrow. We offer this poem for those feeling a little wobbly:
Do you know what you are?
You are the manuscript of a divine letter.
You are a mirror reflecting a noble face.
The universe is not outside you. 
Look inside yourself; everything that you want, you are already that.
The glass plaques are 3 inches by 6 inches. They come in a wide range of colors. Included is a folding black metal easel and a gift box. 
Order twelve plaques of any style and achieve wholesale pricing.
     ",,,,,,,1,23.99,3,18.99,,,1,Lifeforce400,Lifeforce160,https://cdn11.bigcommerce.com/s-l8fm6tm/images/stencil/800x800/products/4164/8233/Rumi_do_you_know_steel_right__19717.1634927317.jpg?c=2,Rumi_do_you_know_steel_right__19717.1634927317.jpg?c=2,,,Lifeforce800,Rumi_do_you_know_steel_right__19717.1634927317.jpg?c=2
"Lucky Beachcombing, Glass Stone",BC8,"Home|Individual Items|Glass Stones, Shiny|Beach Stones|Lucky Beachcombing, Glass Stone","Lucky Beachcombing Stone, great gift idea if you know anyone who likes to search the beach for shells or sea glass.  printed on blue, green and teal stones. Approximately 1.25"". There is a minimum order quantity of 6 stones.",,,,,,,6,3.99,10,2.99,,,6,Lifeforce400,Lifeforce160,https://cdn11.bigcommerce.com/s-l8fm6tm/images/stencil/800x800/products/255/5573/lucky_beachcombing_800__60523.1537642348.jpg?c=2,lucky_beachcombing_800__60523.1537642348.jpg?c=2,,,Lifeforce800,lucky_beachcombing_800__60523.1537642348.jpg?c=2
Lucky Slots Glass Stone,U-6,"Home|Individual Items|Glass Stones, Shiny|Lucky Stones|Lucky Slots Glass Stone","Lucky Slots Glass Stone
Bring a touch of luck to your adventures with the Lucky Slots Glass Stone from Lifeforce Glass. Measuring 1.25 inches in diameter and available in various colors, this glass stone is perfect as a lucky charm for casino visits or any endeavor where you need a bit of extra fortune. Each stone is designed to inspire confidence and optimism, making it an excellent gift or item for resale in your store. A minimum order of 6 stones ensures you can share the luck with many.",,,,,,,6,3.99,10,2.99,,,6,Lifeforce400,Lifeforce160,https://cdn11.bigcommerce.com/s-l8fm6tm/images/stencil/800x800/products/1043/11001/Lucky_Slots_Stone__47952.1718379592.png?c=2,Lucky_Slots_Stone__47952.1718379592.png?c=2,,,Lifeforce800,Lucky_Slots_Stone__47952.1718379592.png?c=2
"A man's mind plans his way, but the Lord directs his steps...Proverbs 16:9, Glass Stone",S-17,"Home|Religious|A man's mind plans his way, but the Lord directs his steps...Proverbs 16:9, Glass Stone","A Man's Mind Plans His Way"" Printed Glass Stone – Proverbs 16:9
This meaningful glass stone features the inspiring words from Proverbs 16:9: ""A man's mind plans his way, but the Lord directs his steps."" This verse serves as a gentle reminder that, while we may set our own plans, true guidance comes from a higher source, inviting us to trust in the path that unfolds.
Each glass stone is 1.25 inches in diameter, making it a perfect size to carry with you, keep on your desk, or share with someone who could use a reminder of divine guidance. Available in a variety of colors, this stone is versatile and personal, ideal for moments of reflection or as a thoughtful gift.
Product Details:
Verse: ""A man's mind plans his way, but the Lord directs his steps."" (Proverbs 16:9)
Size: 1.25-inch diameter, perfect for carrying or display
Color Options: Available in assorted colors; please specify any preferences
Minimum Order Quantity: 6 stones
Whether for personal inspiration, to offer support, or as a gift of encouragement, this glass stone is a powerful reminder of faith and trust in life’s journey.",,,,,,,6,3.99,10,2.99,,,6,Lifeforce400,Lifeforce160,https://cdn11.bigcommerce.com/s-l8fm6tm/images/stencil/800x800/products/889/5420/a_mans_mind_plans_his_way__21313.1537464228.jpg?c=2,a_mans_mind_plans_his_way__21313.1537464228.jpg?c=2,,,Lifeforce800,a_mans_mind_plans_his_way__21313.1537464228.jpg?c=2
Claddagh Glass Stone,M-68,Home|Irish|Claddagh Glass Stone,"The claddagh is a classic Irish symbol for friendship, loyalty and love. The Irish stones come in an assortment of greens and are approximately 1.25"" in diameter. There is a minimum order quantity of 6 stones.",,,,,,,6,3.99,10,2.99,,,6,Lifeforce400,Lifeforce160,https://cdn11.bigcommerce.com/s-l8fm6tm/images/stencil/800x800/products/1498/12643/Claddagh__51579.1743092817.png?c=2,Claddagh__51579.1743092817.png?c=2,,,Lifeforce800,Claddagh__51579.1743092817.png?c=2
"You have unlimited potential, Glass Stone",D-44,"Home|Individual Items|Glass Stones, Shiny|Wisdom Stones|You have unlimited potential, Glass Stone","You have unlimited potential. 1.25"" glass stone, assorted colors. There is a minimum order quantity of 6 stones.",,,,,,,6,3.99,10,2.99,,,6,Lifeforce400,Lifeforce160,https://cdn11.bigcommerce.com/s-l8fm6tm/images/stencil/800x800/products/343/5224/You_have_unlimited_potential_800__88475.1536612894.jpg?c=2,You_have_unlimited_potential_800__88475.1536612894.jpg?c=2,,,Lifeforce800,You_have_unlimited_potential_800__88475.1536612894.jpg?c=2
"Encouragement Stones, set of six",Set22,"Home|Inspirational|Encouragement Stones, set of six","The message here is that everything is going to be all right. Share that message on these beautiful glass stones, there is wisdom on the Encouragement Stone set for everyone. So many times I've heard that a person was given exactly the stone they needed, right when they needed it. Funny how life works like that sometimes. Your set contains:
Be the change you want to see in the world. -Gandhi
The longer we dwell on our misfortunes, the greater is their power to harm us. -Voltaire
You Are Loved.
When you are grateful for what you have, more will come into your life.
Build on what you have.
Every day is a gift.
The stones are 1.25"" in diameter and come in beautiful colors, not necessarily the ones pictured. Take care of your stones by not allowing them to encounter sharp objects such as keys or change. That will damage the ink, which is only sitting on the top. Glass is non-porous and has nothing for the ink to sink into.

 ",,,,,,,1,16.49,4,13.19,,,1,Lifeforce400,Lifeforce160,https://cdn11.bigcommerce.com/s-l8fm6tm/images/stencil/800x800/products/1253/5929/Encouragement_Flower_NEW_800__82880.1746141329.jpg?c=2,Encouragement_Flower_NEW_800__82880.1746141329.jpg?c=2,,,Lifeforce800,Encouragement_Flower_NEW_800__82880.1746141329.jpg?c=2
"Sea Stone, Replica Sea Glass Stone, Hope",SEA13,"Home|Individual Items|Glass Stones, Frosted|Sea Stones|Sea Stone, Replica Sea Glass Stone, Hope",Our best-selling single word is Hope. I imagine it will remain that way now that it is available in luscious frosted glass. There is a minimum order quantity of 6 stones.,,,,,,,6,3.99,10,2.99,,,6,Lifeforce400,Lifeforce160,https://cdn11.bigcommerce.com/s-l8fm6tm/images/stencil/800x800/products/2261/4388/sea_stone_hope_600__58393.1519933970.jpg?c=2,sea_stone_hope_600__58393.1519933970.jpg?c=2,,,Lifeforce800,sea_stone_hope_600__58393.1519933970.jpg?c=2
"Peace sign, Glass Stone",M-67,"Home|Individual Items|Glass Stones, Shiny|Miscellaneous Stones|Peace sign, Glass Stone","Peace sign glass stone. Various colors, 1.25"" in diameter. There is a minimum order quantity of 6 stones.",,,,,,,6,3.99,10,2.99,,,6,Lifeforce400,Lifeforce160,https://cdn11.bigcommerce.com/s-l8fm6tm/images/stencil/800x800/products/696/5404/peace_sign_800__31788.1537453673.jpg?c=2,peace_sign_800__31788.1537453673.jpg?c=2,,,Lifeforce800,peace_sign_800__31788.1537453673.jpg?c=2
Fruit of the Spirit Glass Stone- Self-Control,FS-1,"Home|Individual Items|Glass Stones, Shiny|Fruits of the Spirit Stones|Fruit of the Spirit Glass Stone- Self-Control","Fruit of the Spirit, Self-Control. 1.25"" glass stone, assorted colors. There is a minimum order quantity of 6 stones.",,,,,,,6,3.99,10,2.99,,,6,Lifeforce400,Lifeforce160,https://cdn11.bigcommerce.com/s-l8fm6tm/images/stencil/800x800/products/513/5585/fruit_self_control_800__55666.1537644254.jpg?c=2,fruit_self_control_800__55666.1537644254.jpg?c=2,,,Lifeforce800,fruit_self_control_800__55666.1537644254.jpg?c=2
"Understanding, Glass Stone",F-49,"Home|Individual Items|Glass Stones, Shiny|Focus Stones|Understanding, Glass Stone","Understanding is another stone from the Focus stone collection. Handy if you need to remind yourself every once and awhile to be more understanding. Approximately one and a quarter inch in diameter, available in a myriad of colors. There is a minimum order quantity of 6 stones.",,,,,,,6,3.99,10,2.99,,,6,Lifeforce400,Lifeforce160,https://cdn11.bigcommerce.com/s-l8fm6tm/images/stencil/800x800/products/465/11016/Understanding__00457.1718706754.png?c=2,Understanding__00457.1718706754.png?c=2,,,Lifeforce800,Understanding__00457.1718706754.png?c=2
Christmas Glass Plaque - A Thrill of Hope,IPCH1,Home|Holidays|Christmas Glass Plaque - A Thrill of Hope,"A Thrill of Hope Glass Plaque 
The perfect addition to your store's collection this holiday season.
Crafted with precision and designed to infuse the spirit of Christmas into any space, these plaques are the ideal choice for customers searching for elegant Christmas décor.
Their classic design makes them perfect for decorating mantels, shelves, or entryways. Encourage your customers to create stunning holiday displays in their homes, pairing the plaques with garlands, lights, and other Christmas ornaments for a magical touch.
The glass plaques are 3 inches by 6 inches. They come in black, white, red and green. They will come assorted unless you have a specific request.
Included is a folding black metal easel and a gift box. Made in MA.",,,,,,,1,23.99,3,18.99,,,1,Lifeforce400,Lifeforce160,https://cdn11.bigcommerce.com/s-l8fm6tm/images/stencil/800x800/products/4452/9892/A_thrill_of_hope_the_weary_world_rejoices_1__25329.1697124301.jpg?c=2,A_thrill_of_hope_the_weary_world_rejoices_1__25329.1697124301.jpg?c=2,,,Lifeforce800,A_thrill_of_hope_the_weary_world_rejoices_1__25329.1697124301.jpg?c=2
"If nothin' changes, nothin' changes, Glass Stone",W-151,"Home|Individual Items|Glass Stones, Shiny|Wisdom Stones|If nothin' changes, nothin' changes, Glass Stone","If nothin' changes, nothin' changes. printed on a glass stone. Motivation in the palm of your hand! Each stone is approximately 1.25 inches in diameter. Assorted colors. There is a minimum order quantity of 6 stones.",,,,,,,6,3.99,10,2.99,,,6,Lifeforce400,Lifeforce160,https://cdn11.bigcommerce.com/s-l8fm6tm/images/stencil/800x800/products/3458/6142/If_nothin_changes_nothin_800__80500.1547827720.jpg?c=2,If_nothin_changes_nothin_800__80500.1547827720.jpg?c=2,,,Lifeforce800,If_nothin_changes_nothin_800__80500.1547827720.jpg?c=2
God Bless You glass stone,L-117,"Home|Individual Items|Glass Stones, Shiny|Love Stones|God Bless You glass stone","God Bless You glass stone. 1.25"" in various colors. There is a minimum order quantity of 6 stones.",,,,,,,6,3.99,10,2.99,,,6,Lifeforce400,Lifeforce160,https://cdn11.bigcommerce.com/s-l8fm6tm/images/stencil/800x800/products/599/5710/god_bless_you_800__01662.1537810238.jpg?c=2,god_bless_you_800__01662.1537810238.jpg?c=2,,,Lifeforce800,god_bless_you_800__01662.1537810238.jpg?c=2
"Love, Glass Stone",F-32,"Home|Individual Items|Glass Stones, Shiny|Focus Stones|Love, Glass Stone","Love makes everyone happy, so spread some love around! Perfect for a small token of affection. 1.25"" glass stone, available in assorted colors but let us know if you would prefer a certain color. There is a minimum order quantity of 6 stones.",,,,,,,6,3.99,10,2.99,,,6,Lifeforce400,Lifeforce160,https://cdn11.bigcommerce.com/s-l8fm6tm/images/stencil/800x800/products/448/11000/Love__18607.1718379059.png?c=2,Love__18607.1718379059.png?c=2,,,Lifeforce800,Love__18607.1718379059.png?c=2
"Recovery Stones III, set of six",Set3,"Home|Inspirational|Recovery Stones III, set of six","The third set in our collection of four sets of recovery stones has five traditional twelve-step sayings and one that's a bit longer.
You get six glass stones that are 1.25"" in diameter in the following sayings:
Openness, Willingness, Honesty
Just For Today
Keep Comin' Back!
The definition of insanity is doing the same thing over and over again expecting a different result. (This has been attributed to both Ben Franklin and Albert Einstein.)
I am a friend of Bill's. (Bill Wilson is a co-founder of AA.)
Turn It Over
The colors will probably not be exactly the same as in the picture, but they will always be pretty. If you are buying for an organization or store, or need 100 stones or more for any reason, you can buy an assortment here or find individual titles in the Wisdom Stones here.",,,,,,,1,16.49,4,13.19,,,1,Lifeforce400,Lifeforce160,https://cdn11.bigcommerce.com/s-l8fm6tm/images/stencil/800x800/products/1272/5785/recovery_iii_flower_NEW_800__87191.1538058676.jpg?c=2,recovery_iii_flower_NEW_800__87191.1538058676.jpg?c=2,,,Lifeforce800,recovery_iii_flower_NEW_800__87191.1538058676.jpg?c=2
"Came to Believe, Glass Stone",W140,"Home|Individual Items|Glass Stones, Shiny|Wisdom Stones|Came to Believe, Glass Stone","Came to Believe...Printed on a glass stone. Could be used as a tool for recovery. Available in many colors and approximately 1.25"" in diameter. Order 1 or order 1 for your entire group. There is a minimum order quantity of 6 stones.",,,,,,,6,3.99,10,2.99,,,6,Lifeforce400,Lifeforce160,https://cdn11.bigcommerce.com/s-l8fm6tm/images/stencil/800x800/products/1526/5668/cametobelieve_800__51354.1537801870.jpg?c=2,cametobelieve_800__51354.1537801870.jpg?c=2,,,Lifeforce800,cametobelieve_800__51354.1537801870.jpg?c=2
Pet Stone- Forever in my heart.,IPS11,"Home|Individual Items|Glass Stones, Frosted|Pet Stones|Pet Stone- Forever in my heart.","It just doesn't seem right that our dogs don't live as long as we do, and it's so heartbreaking when they leave us. Rituals help with grief, and this stone that says, ""Forever in my heart"" can be a part of your grief ritual. It can also be a thoughtful gift for a sad, special someone. These gorgeous frosted glass stones are 100% recycled, and are 1.25 inches in diameter. They come in tons of colors. There is a minimum order quantity of 6 stones.",,,,,,,6,3.99,10,2.99,,,6,Lifeforce400,Lifeforce160,https://cdn11.bigcommerce.com/s-l8fm6tm/images/stencil/800x800/products/2789/4916/forever_in_my_heart_blue_800__91239.1534789695.jpg?c=2,forever_in_my_heart_blue_800__91239.1534789695.jpg?c=2,,,Lifeforce800,forever_in_my_heart_blue_800__91239.1534789695.jpg?c=2
Scripture Slate Coasters,,Home|Religious|Scripture Slate Coasters,"Scripture Slate Coasters
Introducing our beautifully crafted Scripture Slate Coasters. 
These coasters are perfect for those who want to enjoy their favorite beverage while also being reminded of God's grace and love.
Our set of four coasters each features a unique scripture verse, making them a wonderful addition to any home or office.
Our specially developed printing techniques ensure the print will stand the test of time.
Coasters are sold in packs of four and retail for $39.95. Each of the coasters have been printed with a different Scripture (see below). The coasters have 4 non-slip feet to prevent scratches and ensure a secure grip on any surface.
The coasters are tied together with twine so they can be easily displayed.
Our slate is locally sourced and printed in house at our MA facility.
  Included Scripture
All Things Work together for good for those who love God
Be still before the Lord and wait patiently for him
For he shall give his angels charge over you, to keep you in all your ways
God is our refuge and strength, a very present help in trouble
 Special Offer for Wholesale Buyers: Mix and match a variety of coaster sets to qualify for our lowest wholesale pricing ($20 per set). Contact us for custom orders.
 ",,,,,,,1,39.95,5,20,,,1,Lifeforce400,Lifeforce160,https://cdn11.bigcommerce.com/s-l8fm6tm/images/stencil/800x800/products/4436/9706/IMG-3657__82972__60844.1689868425.jpg?c=2,IMG-3657__82972__60844.1689868425.jpg?c=2,,,Lifeforce800,IMG-3657__82972__60844.1689868425.jpg?c=2
"Soul Mates, Glass Stone",L-80,"Home|Individual Items|Glass Stones, Shiny|Love Stones|Soul Mates, Glass Stone","Soul Mates glass stone. 1.25"" in various colors. There is a minimum order quantity of 6 stones.",,,,,,,6,3.99,10,2.99,,,6,Lifeforce400,Lifeforce160,https://cdn11.bigcommerce.com/s-l8fm6tm/images/stencil/800x800/products/656/5306/soulmates_800__00043.1536768914.JPG?c=2,soulmates_800__00043.1536768914.JPG?c=2,,,Lifeforce800,soulmates_800__00043.1536768914.JPG?c=2
"Sea Stone, You're the Best!",SEA85,"Home|Inspirational|Sea Stone, You're the Best!","Tell your favorite person how you feel with a ""You're the Best!"" sea glass stone.  Sea stones are frosted glass stones that delight all that are lucky enough to own them. Many different colors, 1.25 inches in diameter. There is a minimum order quantity of 6 stones.",,,,,,,6,3.99,10,2.99,,,6,Lifeforce400,Lifeforce160,https://cdn11.bigcommerce.com/s-l8fm6tm/images/stencil/800x800/products/3053/4820/sea_stone_youre_the_best_800__31951.1533664272.jpg?c=2,sea_stone_youre_the_best_800__31951.1533664272.jpg?c=2,,,Lifeforce800,sea_stone_youre_the_best_800__31951.1533664272.jpg?c=2
"The Mermaid's Message, Hula Girl, Sea Glass Stone",MM31,"Home|Individual Items|Glass Stones, Frosted|The Mermaid's Message, Hawaiian Images|The Mermaid's Message, Hula Girl, Sea Glass Stone","This frosted glass stone says Hula Girl. It says Hula Girl because when our most excellent rep for Hawaii asked for a hula girl, the boss just took it literally. If you want a picture of a hula girl, select Hula Dancer. Despite the mix-up, we do sell Hula Girl stones! There is a minimum order quantity of 6 stones.",,,,,,,6,3.99,10,2.99,,,6,Lifeforce400,Lifeforce160,https://cdn11.bigcommerce.com/s-l8fm6tm/images/stencil/800x800/products/2183/4963/hula_girl_teal_800__46184.1534863455.jpg?c=2,hula_girl_teal_800__46184.1534863455.jpg?c=2,,,Lifeforce800,hula_girl_teal_800__46184.1534863455.jpg?c=2
"Sea Stone, Replica Sea Glass Stone, Breathe",SEA3,"Home|Individual Items|Glass Stones, Frosted|Sea Stones|Sea Stone, Replica Sea Glass Stone, Breathe","Remember to Breathe. Connect to Source. This Sea Stone is a great reminder. One and a quarter inches in diameter. Many, many colors. Please trust us to choose. There is a minimum order quantity of 6 stones.",,,,,,,6,3.99,10,2.99,,,6,Lifeforce400,Lifeforce160,https://cdn11.bigcommerce.com/s-l8fm6tm/images/stencil/800x800/products/2251/7720/sea_stone_breathe_red__47929.1582750531.jpg?c=2,sea_stone_breathe_red__47929.1582750531.jpg?c=2,,,Lifeforce800,sea_stone_breathe_red__47929.1582750531.jpg?c=2
Inspirational Glass Plaque- What we leave behind is not engraved in stone monuments but woven into the lives of others. -Pericles,IP10,Home|Inspirational|Inspirational Glass Plaque- What we leave behind is not engraved in stone monuments but woven into the lives of others. -Pericles,"What we leave behind is not engraved in stone monuments but woven into the lives of others. -Pericles. What we do matters, and we are remembered for how we treated people more than for our deeds. This ancient quote can also serve as a memorial. Whatever its significance for you, it looks beautiful printed on a glass plaque. Each plaque is three by six inches, and comes with a folding, black metal easel.",,,,,,,1,23.99,3,18.99,,,1,Lifeforce400,Lifeforce160,https://cdn11.bigcommerce.com/s-l8fm6tm/images/stencil/800x800/products/3115/6554/what_we_leave_behind_red_angle_1000__97452.1552941882.jpg?c=2,what_we_leave_behind_red_angle_1000__97452.1552941882.jpg?c=2,,,Lifeforce800,what_we_leave_behind_red_angle_1000__97452.1552941882.jpg?c=2
"Sea Stone, Replica Sea Glass Stone, Imagine",SEA14,"Home|Individual Items|Glass Stones, Frosted|Sea Stones|Sea Stone, Replica Sea Glass Stone, Imagine","Beautiful frosted glass stone that says Imagine. One and a quarter inches in diameter. Many, many colors. Please trust us to choose. There is a minimum order quantity of 6 stones.",,,,,,,6,3.99,10,2.99,,,6,Lifeforce400,Lifeforce160,https://cdn11.bigcommerce.com/s-l8fm6tm/images/stencil/800x800/products/2262/7724/sea_stone_imagine_orange__28862.1582753156.jpg?c=2,sea_stone_imagine_orange__28862.1582753156.jpg?c=2,,,Lifeforce800,sea_stone_imagine_orange__28862.1582753156.jpg?c=2
Believe in Your Dreams stone,W-57,Home|Inspirational|Believe in Your Dreams stone,"Believe in Your Dreams glass stone, about 1.25"" in diameter. Various colors. There is a minimum order quantity of 6 stones.",,,,,,,6,3.99,10,2.99,,,6,Lifeforce400,Lifeforce160,https://cdn11.bigcommerce.com/s-l8fm6tm/images/stencil/800x800/products/1149/5666/believe_in_your_dreams_800__47073.1537801834.jpg?c=2,believe_in_your_dreams_800__47073.1537801834.jpg?c=2,,,Lifeforce800,believe_in_your_dreams_800__47073.1537801834.jpg?c=2
Inspirational Lucite Plaque - Mom,LP14,Home|Individual Items|Inspirational Lucite Plaques|Inspirational Lucite Plaque - Mom,"This sleek and modern plaque is a beautiful decorative addition to any home or office space and features words that describe the importance of mothers. The plaque makes a great gift option for birthdays, Mother's Day, or just because.
Printed directly onto a 1-Inch-thick piece of crystal-clear acrylic, the result is an exquisite free-standing piece. The borderless design with transparent edges enhances the piece with a depth that subtly changes with the angle of vision - taking on an almost 3D quality.
Key Features:
High resolution digitally printed imagery
Diamond Polished & Hand Buffed
Superior material hand selected for its outstanding strength, clarity, and scratch resistance
Dimensions - 4” x 6” x 1” thick
All Lifeforce Glass products are designed, printed and packaged in MA, USA
Other colors are available on request.",,,,,,,1,32.99,3,28.99,,,1,Lifeforce400,Lifeforce160,https://cdn11.bigcommerce.com/s-l8fm6tm/images/stencil/800x800/products/4422/9254/Mother-Side_2__82631.1676561181.png?c=2,Mother-Side_2__82631.1676561181.png?c=2,,,Lifeforce800,Mother-Side_2__82631.1676561181.png?c=2
"This Too Shall Pass, Acrylic Magnet",AMAG9,"Home|Hospital|This Too Shall Pass, Acrylic Magnet","Storms times in life are temporary!
This magnet features the inspirational reminder: “This Too Shall Pass” Featuring a meditative woman on a white background with black and pink lettering. 
A Perfect gift for those who appreciate inspirational messages and the spirit of overcoming obstacles. A great item to say “I care about you” & “You can do it”.
Who wouldn’t love a magnet as a daily reminder cheering them on. 
Visually beautiful, with a meaningful message, our magnets are going to attract your attention! 
-Each magnet measures approximately 3.75” x 2.75” x ⅛”
-Made from high quality acrylic
-Digitally printed
-Made in the USA/Massachusetts",,,,,,,1,7,16,5,,,1,Lifeforce400,Lifeforce160,https://cdn11.bigcommerce.com/s-l8fm6tm/images/stencil/800x800/products/4500/10587/This_Too_Shall_Pass-Camera_7__26028.1712745815.png?c=2,This_Too_Shall_Pass-Camera_7__26028.1712745815.png?c=2,,,Lifeforce800,This_Too_Shall_Pass-Camera_7__26028.1712745815.png?c=2
"Merry Christmas, Glass Stone",H-1,"Home|Individual Items|Glass Stones, Shiny|Miscellaneous Stones|Merry Christmas, Glass Stone","Merry Christmas. 1.25"" glass stone, red and green. There is a minimum order quantity of 6 stones.",,,,,,,6,3.99,10,2.99,,,6,Lifeforce400,Lifeforce160,https://cdn11.bigcommerce.com/s-l8fm6tm/images/stencil/800x800/products/527/5379/Merry_Christmas_800__70262.1537389581.jpg?c=2,Merry_Christmas_800__70262.1537389581.jpg?c=2,,,Lifeforce800,Merry_Christmas_800__70262.1537389581.jpg?c=2
Recovery Rocks!,W-126,Home|Inspirational|Recovery Rocks!,"Recovery Rocks! Glass stone, about 1.25"" in diameter. Various colors. There is a minimum order quantity of 6 stones.",,,,,,,6,3.99,10,2.99,,,6,Lifeforce400,Lifeforce160,https://cdn11.bigcommerce.com/s-l8fm6tm/images/stencil/800x800/products/1103/5191/Recovery_rocks_800__84838.1536609518.jpg?c=2,Recovery_rocks_800__84838.1536609518.jpg?c=2,,,Lifeforce800,Recovery_rocks_800__84838.1536609518.jpg?c=2
"Encouragement Stone Assortment, 100 glass stones",ENA,"Home|Hospital|Encouragement Stone Assortment, 100 glass stones","If your shop is in a hospital, in an area with high unemployment, or just about anywhere, your customers have some serious challenges, or love someone that does. These glass stones are imprinted with messages that inspire action, soothe and offer comfort. Your 100 stone assortment contains the styles pictured, but not necessarily in the colors pictured. You will receive a basket and header card display, also. Your assortment includes 5 (or so) of the following:
Be the change you wish to see in the world. Gandhi
Build on what you have.
Courage
Do what you can with what you have with where you are. Theodore Roosevelt
Every day is a gift.
Every problem contains the seeds of its own solution.
Everything is okay in the end, if it's not ok, then it's not the end. Unknown
God never gives us more than we can handle.
Strength
The longer we dwell on our misfortunes, the greater is their power to harm us. Voltaire
This too, shall pass.
To get through the hardest journey and continue living, we need to take only one step at a time; but we must keep stepping. Chinese proverb.
We have each other.
When you are grateful for what you have, more will come into your life.
When you feel like giving up, remember why you held on for so long in the first place.
Wisdom
You are loved.
You are not alone.
Each stone is approximately 1.25"" in diameter. You will receive one hundred stones plus a display.",,,,,,,1,125,5,118.75,,,1,Lifeforce400,Lifeforce160,https://cdn11.bigcommerce.com/s-l8fm6tm/images/stencil/800x800/products/394/12199/Encouragement_1_Group__51562.1732036918.png?c=2,Encouragement_1_Group__51562.1732036918.png?c=2,,,Lifeforce800,Encouragement_1_Group__51562.1732036918.png?c=2
"The Mermaid's Message, Thrive, Sea Glass Stone",MM110,"Home|Inspirational|The Mermaid's Message, Thrive, Sea Glass Stone","Mermaid's Message Sea Glass Stone – Thrive
Flourish in every aspect of life with the Thrive Mermaid’s Message Sea Glass Stone. Designed to resemble genuine sea glass, this smooth, frosted stone serves as a daily reminder to embrace growth, success, and well-being.
Refreshing Colors: Available in sea-inspired shades—teal, green, white, dark blue, and light blue.
Empowering Message: Thrive represents prosperity, strength, and living life to the fullest.
A Meaningful Keepsake: Keep it as a personal affirmation, place it in your space for inspiration, or gift it to someone on their journey to success.
Let this stone encourage you to rise, evolve, and thrive in all that you do.
Buying in bulk? Explore our Mermaid Message Assortments.
Shop now and step into your fullest potential.",,,,,,,6,3.99,10,2.99,,,6,Lifeforce400,Lifeforce160,https://cdn11.bigcommerce.com/s-l8fm6tm/images/stencil/800x800/products/4648/12484/Thrive_White__45628.1739967335.png?c=2,Thrive_White__45628.1739967335.png?c=2,,,Lifeforce800,Thrive_White__45628.1739967335.png?c=2
Hope with Flowering Almond - Language of Flowers Heart,FH9,Home|Individual Items|Hearts|The Language of Flowers Hearts|Hope with Flowering Almond - Language of Flowers Heart,"The symbol for Hope in the language of flowers is the Flowering Almond. 
The Language of Flowers hearts are 1.75"" across and come in white, pink and lilac. They come with sheer, heart-shaped pouches, also in white, pink and lilac. There is a minimum order quantity of 6 hearts.",,,,,,,1,17.95,4,6.99,,,1,Lifeforce400,Lifeforce160,https://cdn11.bigcommerce.com/s-l8fm6tm/images/stencil/800x800/products/3701/8621/hope_flowering_almond_white__18319.1677758950.jpg?c=2,hope_flowering_almond_white__18319.1677758950.jpg?c=2,,,Lifeforce800,hope_flowering_almond_white__18319.1677758950.jpg?c=2
"Ernest Holmes- We need a backbone instead of a wishbone, Glass Stone",E-13,"Home|Individual Items|Glass Stones, Shiny|New Thought|Ernest Holmes- We need a backbone instead of a wishbone, Glass Stone","Ernest Holmes quote- We need a backbone instead of a wishbone. 1.25"" glass stone, assorted colors. There is a minimum order quantity of 6 stones.",,,,,,,6,3.99,10,2.99,,,6,Lifeforce400,Lifeforce160,https://cdn11.bigcommerce.com/s-l8fm6tm/images/stencil/800x800/products/383/5350/weneedabackbone_800__84422.1537305716.jpg?c=2,weneedabackbone_800__84422.1537305716.jpg?c=2,,,Lifeforce800,weneedabackbone_800__84422.1537305716.jpg?c=2
"The Mermaid's Message, Gratitude, Sea Glass Stone",MM106,"Home|Inspirational|The Mermaid's Message, Gratitude, Sea Glass Stone","Mermaid's Message Sea Glass Stone – Gratitude
Cultivate a heart full of thankfulness with the Gratitude Mermaid’s Message Sea Glass Stone. Designed to resemble genuine sea glass, this smooth, frosted stone serves as a daily reminder to appreciate life’s blessings, both big and small.
Soothing Colors: Available in serene sea-inspired shades—teal, green, white, dark blue, and light blue.
Meaningful Message: Gratitude encourages mindfulness, appreciation, and a positive outlook.
A Thoughtful Keepsake: Carry it as a personal reminder, place it in your space for inspiration, or share it as a meaningful gift.
Let this stone remind you to find joy in the little things and embrace life with a grateful heart.
Buying in bulk? Explore our Mermaid Message Assortments.
Shop now and celebrate gratitude every day.",,,,,,,6,3.99,10,2.99,,,6,Lifeforce400,Lifeforce160,https://cdn11.bigcommerce.com/s-l8fm6tm/images/stencil/800x800/products/4640/12468/Gradtitude_White__84210.1739962559.png?c=2,Gradtitude_White__84210.1739962559.png?c=2,,,Lifeforce800,Gradtitude_White__84210.1739962559.png?c=2
"The Mermaid's Message, Hula Dancer, Sea Glass Stone",MM33,"Home|Individual Items|Glass Stones, Frosted|The Mermaid's Message, Hawaiian Images|The Mermaid's Message, Hula Dancer, Sea Glass Stone","A picture of a hula dancer is printed on our frosted glass stones in marine colors.  1.25"" in diameter. There is a minimum order quantity of 6 stones.",,,,,,,6,3.99,10,2.99,,,6,Lifeforce400,Lifeforce160,https://cdn11.bigcommerce.com/s-l8fm6tm/images/stencil/800x800/products/2185/4962/hula_dancer_blue_800__57329.1534862423.jpg?c=2,hula_dancer_blue_800__57329.1534862423.jpg?c=2,,,Lifeforce800,hula_dancer_blue_800__57329.1534862423.jpg?c=2
"Inspiration Magnet, Begin. Repeat as necessary.",IM2,"Home|Inspirational|Inspiration Magnet, Begin. Repeat as necessary.","""Whatever you can do, or dream you can, begin it. Boldness has genius, power and magic in it. Goethe."" We couldn't fit this on a Sea Stone, so we distilled it. If you fall down, begin again. And continue to do so. Lucky for you, there's a magnet to remind you. It's 1.25 inches in diameter and made in the USA from recycled glass. The frosted sea glass has a satiny finish. The Affirmation Magnets come in a myriad of colors. Please let us choose. There is a minimum order quantity of 6 magnets.",,,,,,,6,4.49,10,3.99,,,6,Lifeforce400,Lifeforce160,https://cdn11.bigcommerce.com/s-l8fm6tm/images/stencil/800x800/products/2464/7417/begin_repeat_green__10957.1573499227.jpg?c=2,begin_repeat_green__10957.1573499227.jpg?c=2,,,Lifeforce800,begin_repeat_green__10957.1573499227.jpg?c=2
"Mom, You've Always Been My Guide, Wooden Postcard",PCMYAB,"Home|Holidays|Mom, You've Always Been My Guide, Wooden Postcard","Mom, You've Always Been My Guide, Wooden Postcard
Express your gratitude with our Mom, You've Always Been My Guide, Wooden Postcard. Featuring a heartwarming watercolor illustration of a mother fox and her little one, this card is the perfect way to convey your appreciation. The touching message, ""Mom, You've always been my guide,"" makes it ideal for Mother's Day, celebrating the guidance and love that moms provide. Crafted from eco-friendly wood, this postcard offers a beautiful and durable keepsake that stands out from traditional paper cards. Perfect for both retail shoppers looking for a unique Mother’s Day gift and wholesale buyers who want to stock thoughtful, sustainable cards.
The charming woodland design and durable wood construction make this card a lasting reminder of love and appreciation that moms can treasure forever.
Key Features:
Sustainable Material: Made from eco-friendly, sustainably sourced wood, offering a long-lasting, premium alternative to paper cards.
Beautiful Watercolor Art: Features an adorable mother and child fox duo, symbolizing love, guidance, and nurturing care.
Keepsake Quality: Unlike disposable cards, this wooden postcard can be cherished as a permanent reminder of your heartfelt message.
Mail-Friendly: Write your message directly on the back and send it—no envelope needed.
Wholesale & Retail Friendly: A unique, thoughtful gift for individuals and a charming addition for boutique retailers.
Celebrate mom’s love with a card that’s as enduring as her guidance—our Mom, You've Always Been My Guide, Wooden Postcard.
To reach our lowest wholesale price of $2.99 per postcard, simply mix and match a total of 16 postcards from our collection. Interested in custom designs? We offer low minimums—contact us for more information on creating your own unique postcards.
To avoid any potential disruption in delivery, we suggest using 2 First Class Stamps.",,,,,,,1,6,16,2.99,,,1,Lifeforce400,Lifeforce160,https://cdn11.bigcommerce.com/s-l8fm6tm/images/stencil/800x800/products/4604/13144/Mom_Youve_always_been_my_guide_FULL-Camera__38921.1747146497.png?c=2,Mom_Youve_always_been_my_guide_FULL-Camera__38921.1747146497.png?c=2,,,Lifeforce800,Mom_Youve_always_been_my_guide_FULL-Camera__38921.1747146497.png?c=2
"Keep On Truckin, Wooden Postcard",PCKOT,"Home|Hospital|Keep On Truckin, Wooden Postcard","Keep On Truckin, Wooden Postcard
Encourage someone to keep pushing forward with our Keep On Truckin' Wooden Postcard. Featuring an inspiring illustration of a vintage truck packed for a journey, this postcard symbolizes perseverance, resilience, and the strength to keep going, no matter the road ahead. Whether someone is facing challenges, starting a new journey, or simply needs a little extra motivation, this postcard delivers a positive message in a playful and thoughtful way.
Measuring 4"" x 6"" and 1/8 of an inch thick, it's the perfect size for mailing or gifting as a motivational token. Crafted from sustainably sourced wood, this postcard is laser cut and printed in-house for vibrant colors and high-quality details. Offering an eco-friendly alternative to traditional paper cards, it’s designed to be a lasting keepsake that serves as a reminder to persevere and keep moving forward.
Available for wholesale, the Keep On Truckin' Wooden Postcard is ideal for retailers looking to stock encouraging, eco-friendly products that resonate with anyone in need of motivation.
Key Features:
Motivational Design: Features a vintage truck and camping gear, symbolizing perseverance and resilience, along with the inspiring “Keep On Truckin'” message.
Perfect for Encouragement & Support: Ideal for sending words of encouragement to someone facing life’s challenges or as a reminder to keep pushing forward.
Eco-Friendly Material: Made from sustainably sourced wood, offering an environmentally conscious alternative to traditional paper greeting cards.
Durable Keepsake: At 1/8 of an inch thick, this sturdy wooden postcard is designed to be a lasting memento, offering motivation and support long after it’s received.
Wholesale Availability: Available in bulk for retailers looking to stock unique, eco-friendly postcards with a meaningful message.
Why Choose Our ""Keep On Truckin'"" Wooden Postcard?
Eco-Friendly & Motivational: Crafted from sustainably sourced wood, this postcard provides a lasting, eco-conscious way to send encouragement and support.
Inspirational & Uplifting Design: The vintage truck illustration and ""Keep On Truckin'"" message are perfect for motivating anyone to persevere through challenges.
Perfect for Retail & Personal Use: Whether you're sending it to someone in need of support or stocking your store with meaningful gifts, this wooden postcard is a thoughtful and sustainable option.
To reach our lowest wholesale price of $2.99 per postcard, simply mix and match a total of 16 postcards from our collection. Interested in custom designs? We offer low minimums—contact us for more information on creating your own unique postcards.
To avoid any potential disruption in delivery, we suggest using 2 First Class Stamps.",,,,,,,1,6,16,2.99,,,1,Lifeforce400,Lifeforce160,https://cdn11.bigcommerce.com/s-l8fm6tm/images/stencil/800x800/products/4565/13224/Keep_On_Truckin_FULL-Camera__38303.1748527779.png?c=2,Keep_On_Truckin_FULL-Camera__38303.1748527779.png?c=2,,,Lifeforce800,Keep_On_Truckin_FULL-Camera__38303.1748527779.png?c=2
"Inspiration Magnet, There is only one you. You were meant for this.",IM10,"Home|Inspirational|Inspiration Magnet, There is only one you. You were meant for this.","Walking through an airport, it always amazes me that with so many people, every one is different. Every one of us has a unique task to fulfill. There is only one you. This gorgeous sea stone magnet reminds you. It's 1.25 inches in diameter and made from recycled glass. The frosted glass has a satiny finish. The Inspiration Magnets come in a myriad of colors. Please let us choose. There is a minimum order quantity of 6 magnets.",,,,,,,6,4.49,10,3.99,,,6,Lifeforce400,Lifeforce160,https://cdn11.bigcommerce.com/s-l8fm6tm/images/stencil/800x800/products/2472/6289/There_is_only_one_you__38153.1551989480.jpg?c=2,There_is_only_one_you__38153.1551989480.jpg?c=2,,,Lifeforce800,There_is_only_one_you__38153.1551989480.jpg?c=2
Inspirational Glass Plaque- Hail Mary Prayer,IP24,Home|Religious|Inspirational Glass Plaque- Hail Mary Prayer,"All Catholics are familiar with the Hail Mary, they learn it as little children. It is:
Hail Mary full of Grace, the Lord is with thee.
Blessed are thou among women and blessed is the fruit of thy womb Jesus.
Holy Mary Mother of God,
pray for us sinners now and at the hour of our death
Amen.
Printed on a glass plaque with some pretty flowers, it makes a nice décor piece. The plaque comes with a folding metal black easel. This is a perfect family gift.
 ",,,,,,,1,23.99,3,18.99,,,1,Lifeforce400,Lifeforce160,https://cdn11.bigcommerce.com/s-l8fm6tm/images/stencil/800x800/products/3118/8560/hail_mary_medium_blue_left__30527.1646150439.jpg?c=2,hail_mary_medium_blue_left__30527.1646150439.jpg?c=2,,,Lifeforce800,hail_mary_medium_blue_left__30527.1646150439.jpg?c=2
"Everyone who asks receives, and everyone who searches finds...Matthew 7:8",S-34,"Home|Religious|Everyone who asks receives, and everyone who searches finds...Matthew 7:8","Everyone who asks receives, and everyone who searches finds. Matthew 7:8 glass stone. Various colors, 1.25"". There is a minimum order quantity of 6 stones.",,,,,,,6,3.99,10,2.99,,,6,Lifeforce400,Lifeforce160,https://cdn11.bigcommerce.com/s-l8fm6tm/images/stencil/800x800/products/908/5419/Everyone_who_asks_receives_800__96066.1537464001.jpg?c=2,Everyone_who_asks_receives_800__96066.1537464001.jpg?c=2,,,Lifeforce800,Everyone_who_asks_receives_800__96066.1537464001.jpg?c=2
"Confidence, Glass Stone",F-9,"Home|Individual Items|Glass Stones, Shiny|Focus Stones|Confidence, Glass Stone","Confidence. When you need a boost. Also a nice gift. 1.25"" glass stone, assorted colors. There is a minimum order quantity of 6 stones.",,,,,,,6,3.99,10,2.99,,,6,Lifeforce400,Lifeforce160,https://cdn11.bigcommerce.com/s-l8fm6tm/images/stencil/800x800/products/504/5254/confidence_800__67062.1536696962.jpg?c=2,confidence_800__67062.1536696962.jpg?c=2,,,Lifeforce800,confidence_800__67062.1536696962.jpg?c=2
Comfort Animals Stone Assortment,COAA,Home|Inspirational|Comfort Animals Stone Assortment,"Life can be hectic and overwhelming, and in those moments, we all need a little dose of happiness to brighten our day.
That's where our ""Comfort Animals"" Glass Stone Assortment comes in. These printed glass stones feature cute animal illustrations, designed to bring a smile to your face when you need it most. Encourage your customers to carry their favorite animal with them wherever they go and let them act as a pocket companion - always ready to bring comfort.
Images include:
Bear
Cow
Hedgehog
Sloth
Koala
Llama
Penguin and more
****Please note that these stones are not suitable for children under 10 years old****
Everything is printed and packed in house at our MA facility.
A basket and header card display are also included with your first order.
Each stone is approximately 1.25"" in diameter, and your cost is $1.25 per stone.
 ",,,,,,,1,125,5,118.75,,,1,Lifeforce400,Lifeforce160,https://cdn11.bigcommerce.com/s-l8fm6tm/images/stencil/800x800/products/4662/12801/Comfort_Animals_Group_Shot__69639.1744191955.png?c=2,Comfort_Animals_Group_Shot__69639.1744191955.png?c=2,,,Lifeforce800,Comfort_Animals_Group_Shot__69639.1744191955.png?c=2
"12 Power Stones, Power",126,"Home|New Age|12 Power Stones, Power","12 Power Stones, Power, amethyst glass stone, 1.25"" in diameter. If we don't have amethyst, we'll use lilac. Purple is the 12 Power color for Power. There is a minimum order quantity of 6 stones.",,,,,,,6,3.99,10,2.99,,,6,Lifeforce400,Lifeforce160,https://cdn11.bigcommerce.com/s-l8fm6tm/images/stencil/800x800/products/1231/12770/Power__39418.1743499345.png?c=2,Power__39418.1743499345.png?c=2,,,Lifeforce800,Power__39418.1743499345.png?c=2
Inspirational Glass Plaque- The Prayer of St. Francis,IP7,Home|Religious|Inspirational Glass Plaque- The Prayer of St. Francis,"Lord, make me an instrument of your peace: where there is hatred, let me sow love; where there is injury, pardon; where there is doubt, faith; where there is despair, hope; where there is darkness, light; where there is sadness, joy.
This profound prayer encourages us to serve others and be our best selves. Printed on this glass plaque, it makes a thoughtful and meaningful gift for a loved one, a confirmation gift or a stunning addition to your own home's decor.
The glass tile is three inches wide and six inches tall. It comes with a black, folding metal easel. It will make a beautiful addition to anyone's decor. Please indicate your choice of color in the notes section during checkout, or let us pick one for you. We have too many colors to list.",,,,,,,1,23.99,3,18.99,,,1,Lifeforce400,Lifeforce160,https://cdn11.bigcommerce.com/s-l8fm6tm/images/stencil/800x800/products/3113/4591/prayer_of_st_francis_teal_slight_right_angle_1000__99032.1579813951.jpg?c=2,prayer_of_st_francis_teal_slight_right_angle_1000__99032.1579813951.jpg?c=2,,,Lifeforce800,prayer_of_st_francis_teal_slight_right_angle_1000__99032.1579813951.jpg?c=2
"Power, Glass Stone",F-67,"Home|Individual Items|Glass Stones, Shiny|Focus Stones|Power, Glass Stone","Power, this title is also available in the Unity 12 Powers Collection. The color purple is standard for the 12 power stones but available in a multitude of colors upon request,  1.25"" glass stone. There is a minimum order quantity of 6 stones.",,,,,,,6,3.99,10,2.99,,,6,Lifeforce400,Lifeforce160,https://cdn11.bigcommerce.com/s-l8fm6tm/images/stencil/800x800/products/483/5272/power_800__30326.1536697777.jpg?c=2,power_800__30326.1536697777.jpg?c=2,,,Lifeforce800,power_800__30326.1536697777.jpg?c=2
"Will, Glass Stone",F-65,"Home|Individual Items|Glass Stones, Shiny|Focus Stones|Will, Glass Stone","Will is featured in the 12 Power Collection, this is a great item for Unity Book Stores. 1.25"" glass stone, assorted colors. There is a minimum order quantity of 6 stones.",,,,,,,6,3.99,10,2.99,,,6,Lifeforce400,Lifeforce160,https://cdn11.bigcommerce.com/s-l8fm6tm/images/stencil/800x800/products/481/5287/will_800__21006.1536698392.jpg?c=2,will_800__21006.1536698392.jpg?c=2,,,Lifeforce800,will_800__21006.1536698392.jpg?c=2
"12 Power Stones, Spanish, Imaginacion (Imagination)",12PS6,"Home|Individual Items|Glass Stones, Shiny|New Thought|12 Power Stones, Spanish, Imaginacion (Imagination)","12 Power Stones, Spanish, Imaginacion (Imagination). The color for Imagination is light blue. There is a minimum order quantity of 6 stones.",,,,,,,6,3.99,10,2.99,,,6,Lifeforce400,Lifeforce160,https://cdn11.bigcommerce.com/s-l8fm6tm/images/stencil/800x800/products/93/5533/spanish_imagination_800__68837.1686146541.jpg?c=2,spanish_imagination_800__68837.1686146541.jpg?c=2,,,Lifeforce800,spanish_imagination_800__68837.1686146541.jpg?c=2
One Day at a Time glass stone,W-45,Home|Inspirational|One Day at a Time glass stone,"One Day at a Time Glass stone, about 1.25"" in diameter. Various colors. There is a minimum order quantity of 6 stones.",,,,,,,6,3.99,10,2.99,,,6,Lifeforce400,Lifeforce160,https://cdn11.bigcommerce.com/s-l8fm6tm/images/stencil/800x800/products/1139/5676/one_day_at_a_800__88305.1537802797.jpg?c=2,one_day_at_a_800__88305.1537802797.jpg?c=2,,,Lifeforce800,one_day_at_a_800__88305.1537802797.jpg?c=2
"Fall Patchwork, Slate Coasters",SCFP,"Home|Holidays|Fall Patchwork, Slate Coasters","Fall Patchwork, Slate Coasters
Celebrate the vibrant colors of autumn with our Fall Patchwork Slate Coasters. This stunning set of 4 handcrafted slate coasters features a vivid patchwork of fall landscapes, from rolling hills to fiery trees. The colorful design captures the beauty of the season, making these coasters a striking addition to your autumn decor. Perfect for nature lovers or anyone who enjoys the cozy ambiance of fall, these coasters offer both style and functionality.
Each coaster is made from natural slate, with rustic edges that give them a unique and handcrafted feel. The fall-themed slate coasters are not only great for protecting your surfaces from drink rings but also add a touch of seasonal charm to your table or countertop. Whether you're hosting a fall gathering or looking for a thoughtful seasonal gift, these coasters are sure to impress.
Key Features:
Autumn Patchwork Design: Each coaster features a vibrant and detailed fall landscape, showcasing the rich colors of the season.
Handcrafted Natural Slate: Made from high-quality natural slate, each coaster has unique textures and rustic edges for a one-of-a-kind look.
Durable & Functional: Protects your surfaces from spills and drink rings while adding a bold autumnal touch to your home.
Perfect for Gifting: Ideal for fall decor lovers, nature enthusiasts, or as a thoughtful gift for housewarmings, birthdays, or seasonal occasions.
Wholesale Availability: Perfect for gift shops, fall markets, or boutiques. Mix and match with other coaster designs to qualify for the best wholesale pricing.
Product Specifications:
Set of 4 Coasters: Featuring the Fall Patchwork design with bold autumn colors.
Dimensions: Each coaster measures approximately 4"" x 4,"" ideal for mugs and glassware.
Packaging: Coasters come tied with rustic twine and shrink-wrapped, ready for gifting or retail display.
Why Choose Our Slate Coasters?
Our Fall Patchwork Slate Coasters bring the rich colors of autumn right to your table. These handcrafted slate coasters offer a beautiful blend of practicality and seasonal beauty, making them perfect for protecting your surfaces while celebrating the cozy charm of fall. Whether for personal use or as part of your retail collection, these coasters are a must-have for the autumn season.
Special Offer for Wholesale Buyers: Mix and match a variety of coaster sets to qualify for our lowest wholesale pricing ($20 per set). Contact us for custom orders.",,,,,,,1,39.95,5,20,,,1,Lifeforce400,Lifeforce160,https://cdn11.bigcommerce.com/s-l8fm6tm/images/stencil/800x800/products/4558/11359/Autumn_Sunrise_4_Coasters_WB__03874.1727885483.png?c=2,Autumn_Sunrise_4_Coasters_WB__03874.1727885483.png?c=2,,,Lifeforce800,Autumn_Sunrise_4_Coasters_WB__03874.1727885483.png?c=2
"He is Risen, Slate Coasters",SCHIR,"Home|Religious|He is Risen, Slate Coasters","He is Risen, Slate Coasters – Set of 4 Handcrafted Religious Coasters
Product Description:
Celebrate faith and the resurrection with our He is Risen Slate Coasters. This beautiful set of 4 handcrafted religious slate coasters features a vibrant depiction of Jesus Christ’s ascension, combining meaningful Jesus Christ art with functional home decor. These coasters make an inspiring addition to any religious household, church, or gift shop, allowing you to display your faith while protecting your surfaces.
Made from high-quality, natural slate, each coaster showcases unique textures and rustic edges that add to its charm. The artwork of Jesus Christ is printed directly onto the slate, ensuring a vivid, long-lasting image that will remain a beautiful reminder of the resurrection for years to come. Whether you’re looking for a thoughtful religious gift or a new addition to your own decor, these coasters are perfect for honoring the spirit of Easter and the message of faith.
Key Features:
Jesus Christ Art: Featuring a stunning image of Christ’s ascension, these coasters add spiritual significance to your home or workspace.
Handcrafted Natural Slate: Each coaster is made from durable, natural slate with rustic edges, making every piece one-of-a-kind.
Durable & Functional: These coasters are not only beautiful but practical, protecting your surfaces from spills while featuring meaningful art of Jesus Christ.
Perfect for Gifting: Ideal for Easter, religious celebrations, and spiritual gatherings, these coasters are a thoughtful gift for anyone who appreciates Jesus Christ pictures and religious decor.
Wholesale Availability: Great for Christian bookstores, church gift shops, or religious retailers. Mix and match with other designs to qualify for the best wholesale pricing.
Product Specifications:
Set of 4 Coasters: Featuring the He is Risen artwork.
Dimensions: Each coaster measures approximately 4"" x 4,"" a perfect fit for most glassware.
Packaging: Coasters are tied with rustic twine and shrink-wrapped, ready for gifting or retail display.
Why Choose Our Religious Slate Coasters?
Our He is Risen Slate Coasters are perfect for anyone looking to incorporate their faith into their home decor or gift collection. Handcrafted and featuring beautiful Jesus Christ art, these coasters are both decorative and functional, making them a thoughtful addition to any space. Whether for personal use or to stock in your religious store, these coasters celebrate the message of the resurrection in a meaningful and lasting way.
Special Offer for Wholesale Buyers: Mix and match a variety of coaster sets to qualify for our lowest wholesale pricing ($20 per set). Contact us for custom orders.",,,,,,,1,39.95,5,20,,,1,Lifeforce400,Lifeforce160,https://cdn11.bigcommerce.com/s-l8fm6tm/images/stencil/800x800/products/4555/11341/Jesus_4_Coasters_WB__99172.1731322730.png?c=2,Jesus_4_Coasters_WB__99172.1731322730.png?c=2,,,Lifeforce800,Jesus_4_Coasters_WB__99172.1731322730.png?c=2
"Inspirational Glass Plaque- When you get to the end of your rope, tie a knot and hang on. -Franklin D. Roosevelt",IP12,"Home|Inspirational|Inspirational Glass Plaque- When you get to the end of your rope, tie a knot and hang on. -Franklin D. Roosevelt","When you get to the end of your rope, tie a knot and hang on. Franklin D. Roosevelt
Some jobs are more stressful than others, even when they provide satisfying work. If you recognize that a loved one or colleague has had it up to here, at least you can acknowledge the struggle with this beautiful gift.
The glass tile is three inches wide and six inches tall. It comes with a black, folding metal easel. ",,,,,,,1,23.99,3,18.99,,,1,Lifeforce400,Lifeforce160,https://cdn11.bigcommerce.com/s-l8fm6tm/images/stencil/800x800/products/3117/6543/when_you_get_to_the_end_black__90702.1567718380.jpg?c=2,when_you_get_to_the_end_black__90702.1567718380.jpg?c=2,,,Lifeforce800,when_you_get_to_the_end_black__90702.1567718380.jpg?c=2
Inspirational Lucite Plaque- Love bears all things,LP1,Home|Religious|Inspirational Lucite Plaque- Love bears all things,"Love bears all things, believes all things, hopes all things, endures all things. Love never ends. 1 Corinthians 13:7.
This crystal clear Lucite Plaque is a modern take on our widely popular glass plaque. It is made to be free-standing, with no need for a base or stand. 
This plaque would be a welcome addition to anyone's home, or would add just the right touch to wedding tables. It's 4 inches wide, 6 inches tall and is one inch thick.
  Made in MA, USA.",,,,,,,1,32.99,3,28.99,,,1,Lifeforce400,Lifeforce160,https://cdn11.bigcommerce.com/s-l8fm6tm/images/stencil/800x800/products/4413/9098/Love_Bears_All_Things_White-View_4__57368.1663942451.png?c=2,Love_Bears_All_Things_White-View_4__57368.1663942451.png?c=2,,,Lifeforce800,Love_Bears_All_Things_White-View_4__57368.1663942451.png?c=2
"12 Power Stones, Life",123,"Home|New Age|12 Power Stones, Life","12 Power Stones, Life, red glass stone, 1.25"" in diameter. There is a minimum order quantity of 6 stones.",,,,,,,6,3.99,10,2.99,,,6,Lifeforce400,Lifeforce160,https://cdn11.bigcommerce.com/s-l8fm6tm/images/stencil/800x800/products/1228/12767/Life__85700.1743498870.png?c=2,Life__85700.1743498870.png?c=2,,,Lifeforce800,Life__85700.1743498870.png?c=2
"Mermaid Message Magnet, Hope",MMG8,"Home|Inspirational|Mermaid Message Magnet, Hope","Hope is our best selling single word in all the products that we sell. People buy our Hope stones and look forward to a better day, or give them to friends and family experiencing challenges. Now we've created a Mermaid Message Magnet that says Hope.  The stone itself is 1.25"" in diameter and a half inch magnet is attached. The colors are light and dark blue, teal and green. There is a minimum order quantity of 6 magnets.",,,,,,,6,4.49,10,3.99,,,6,Lifeforce400,Lifeforce160,https://cdn11.bigcommerce.com/s-l8fm6tm/images/stencil/800x800/products/2507/6333/hope__49541.1552062220.jpg?c=2,hope__49541.1552062220.jpg?c=2,,,Lifeforce800,hope__49541.1552062220.jpg?c=2
"But You, Be Strong, Wooden Postcard",PCBYBS,"Home|Hospital|But You, Be Strong, Wooden Postcard","But You, Be Strong, Wooden Postcard
Encourage strength and perseverance with our But You, Be Strong Wooden Postcard, featuring the uplifting verse from 2 Chronicles 15:7: ""But you, be strong and do not lose courage, for there is a reward for your work."" This beautiful design, with a serene watercolor forest scene and a sky full of hope, is a powerful reminder of courage and faith. Whether it's shared with someone in need of motivation or displayed as a daily reminder of God's promises, this postcard is sure to bring comfort and strength.
Made from sustainably sourced wood, this eco-friendly postcard measures 4"" x 6"" and is 1/8 of an inch thick, making it a durable and long-lasting keepsake. Laser cut and expertly printed in-house, it’s a wonderful gift or product for faith-based stores. Wholesale buyers can stock up on this inspirational piece to offer customers looking for unique, scripture-based products.
Key Features:
Scripture-Based Design: Features 2 Chronicles 15:7 to inspire strength, courage, and hope.
Perfect for Encouragement: Send to a friend in need or display as a daily reminder of God's promises.
Eco-Friendly Material: Made from sustainably sourced wood, offering an environmentally friendly alternative to paper cards.
Durable Keepsake: With a thickness of 1/8 of an inch, this sturdy postcard is designed to last, creating a meaningful memento for years to come.
Wholesale Availability: Available for wholesale, making it a perfect addition for retailers focusing on faith-based or inspirational gifts.
Why Choose Our ""But You, Be Strong"" Wooden Postcard?
Inspiration for All: This postcard provides a beautiful and lasting reminder of God's encouragement to stay strong and persevere.
Sustainable and Thoughtful: Combining spiritual inspiration with eco-friendly materials, it's a heartfelt gift that also supports sustainability.
Perfect for Stores & Gifts: Whether you're a wholesale buyer looking for faith-based products or someone who wants to send encouragement, this wooden postcard is ideal.
To reach our lowest wholesale price of $2.99 per postcard, simply mix and match a total of 16 postcards from our collection. Interested in custom designs? We offer low minimums—contact us for more information on creating your own unique postcards.
To avoid any potential disruption in delivery, we suggest using 2 First Class Stamps.",,,,,,,1,6,16,2.99,,,1,Lifeforce400,Lifeforce160,https://cdn11.bigcommerce.com/s-l8fm6tm/images/stencil/800x800/products/4577/13285/2_Chronicles_15_7_FULL-Camera__28317.1748532024.png?c=2,2_Chronicles_15_7_FULL-Camera__28317.1748532024.png?c=2,,,Lifeforce800,2_Chronicles_15_7_FULL-Camera__28317.1748532024.png?c=2
"Trust In The Lord With All Your Heart, Wooden Postcard",PCTITL,"Home|Hospital|Trust In The Lord With All Your Heart, Wooden Postcard","Trust In The Lord With All Your Heart, Wooden Postcard
Find strength and guidance in Proverbs 3:5-6 with our Trust In The Lord Wooden Postcard, a beautiful reminder to lean on faith in times of uncertainty. The postcard features the scripture, ""Trust in the Lord with all your heart, and do not lean on your own understanding. In all your ways acknowledge Him, and He will make straight your paths,"" set against a serene background of starry skies and evergreen trees.
Crafted from eco-friendly, sustainably sourced wood, this 4"" x 6"" postcard is a durable and lasting keepsake. At 1/8 of an inch thick, it's perfect for sending encouragement to loved ones or displaying in your own space as a daily reminder of trust and faith. Ideal for retail gift shops or for personal use, it’s a meaningful alternative to traditional paper cards. Available for wholesale, it offers store owners a unique, inspirational product for their customers.
Key Features:
Inspirational Scripture: Features Proverbs 3:5-6, offering a message of trust and faith in the Lord.
Meaningful Gift: Perfect for sharing encouragement with friends and family or keeping as a personal reminder of faith.
Eco-Friendly and Durable: Made from sustainably sourced wood, this postcard offers an environmentally conscious alternative to paper cards.
Wholesale Options: Available for wholesale, making it a thoughtful addition to any store’s faith-based collection.
Why Choose Our ""Trust In The Lord With All Your Heart"" Wooden Postcard?
Inspiring and Uplifting: Share a powerful message of faith and trust in God’s plan.
Unique and Lasting Keepsake: More than just a postcard, it’s a beautiful reminder that can be cherished for years.
Ideal for Wholesale and Personal Use: Perfect for stocking in retail shops or sending a thoughtful message to a loved one.
To reach our lowest wholesale price of $2.99 per postcard, simply mix and match a total of 16 postcards from our collection. Interested in custom designs? We offer low minimums—contact us for more information on creating your own unique postcards.
To avoid any potential disruption in delivery, we suggest using 2 First Class Stamps.",,,,,,,1,6,16,2.99,,,1,Lifeforce400,Lifeforce160,https://cdn11.bigcommerce.com/s-l8fm6tm/images/stencil/800x800/products/4580/13300/Proverbs_3_5-6_FULL-Camera__84965.1748532262.png?c=2,Proverbs_3_5-6_FULL-Camera__84965.1748532262.png?c=2,,,Lifeforce800,Proverbs_3_5-6_FULL-Camera__84965.1748532262.png?c=2
December Birthstone,BT-12,Home|New Age|December Birthstone,"December Birthstone, According to gemstone lore, the qualities of people born in December are prosperity, peity, success, love, luck and courage. The 1.25"" teal glass stone corresponds to the gem of the month: turquoise or tanzanite. There is a minimum order quantity of 6 stones.",,,,,,,6,3.99,10,2.99,,,6,Lifeforce400,Lifeforce160,https://cdn11.bigcommerce.com/s-l8fm6tm/images/stencil/800x800/products/291/4999/december_800__43038.1534884988.jpg?c=2,december_800__43038.1534884988.jpg?c=2,,,Lifeforce800,december_800__43038.1534884988.jpg?c=2
"Yin Yang, Glass Stone",M-56,"Home|Individual Items|Glass Stones, Shiny|Miscellaneous Stones|Yin Yang, Glass Stone","Yin Yang glass stone. 1.25"" in diameter. There is a minimum order quantity of 6 stones.",,,,,,,6,3.99,10,2.99,,,6,Lifeforce400,Lifeforce160,https://cdn11.bigcommerce.com/s-l8fm6tm/images/stencil/800x800/products/691/5405/yin_yan_800__19901.1537453729.jpg?c=2,yin_yan_800__19901.1537453729.jpg?c=2,,,Lifeforce800,yin_yan_800__19901.1537453729.jpg?c=2
"The Mermaid's Message, Believe, Sea Glass Stone",MM1,"Home|Inspirational|The Mermaid's Message, Believe, Sea Glass Stone","Believe. Believe in the inherent goodness in people. Believe that everything is going to be OK. Everyone needs something to believe in.  These beautiful frosted glass stones provide a calming reminder. Marine colors. 1.25"" in diameter. There is a minimum order quantity of 6 stones.",,,,,,,6,3.99,10,2.99,,,6,Lifeforce400,Lifeforce160,https://cdn11.bigcommerce.com/s-l8fm6tm/images/stencil/800x800/products/1921/12636/Believe_White__22054.1742911250.png?c=2,Believe_White__22054.1742911250.png?c=2,,,Lifeforce800,Believe_White__22054.1742911250.png?c=2
February Birthstone,BT-2,Home|New Age|February Birthstone,"February Birthstone, According to gemstone lore, the qualities of people born in February are happiness, peace, protection, calm, sincerity and security. The 1.25"" amethyst glass stone corresponds to the gem of the month: amethyst. There is a minimum order quantity of 6 stones.",,,,,,,6,3.99,10,2.99,,,6,Lifeforce400,Lifeforce160,https://cdn11.bigcommerce.com/s-l8fm6tm/images/stencil/800x800/products/292/4998/birthstone_february_800__01535.1534884906.jpg?c=2,birthstone_february_800__01535.1534884906.jpg?c=2,,,Lifeforce800,birthstone_february_800__01535.1534884906.jpg?c=2
"God is light, in Him there is no darkness. 1 John 1:5, Glass Stone",S-72,"Home|Religious|God is light, in Him there is no darkness. 1 John 1:5, Glass Stone","God is light, in Him there is no darkness. 1 John 1:5. Glass stone, 1.25"", various colors. There is a minimum order quantity of 6 stones.",,,,,,,6,3.99,10,2.99,,,6,Lifeforce400,Lifeforce160,https://cdn11.bigcommerce.com/s-l8fm6tm/images/stencil/800x800/products/950/7734/god_is_light_in_him_aqua__84370.1583523628.jpg?c=2,god_is_light_in_him_aqua__84370.1583523628.jpg?c=2,,,Lifeforce800,god_is_light_in_him_aqua__84370.1583523628.jpg?c=2
"Inspiration Magnet, The darker the night, the brighter the stars.",IM9,"Home|Inspirational|Inspiration Magnet, The darker the night, the brighter the stars.","Everyone goes through tough times. When you feel like things are at their worst, something happens to remind that life can be beautiful. The darker the night, the brighter the stars.  It's imprinted on a sea glass magnet that's 1.25 inches in diameter and made from recycled glass. The frosted glass has a satiny finish. We generally print this title on darker colored Sea Stones. There is a minimum order quantity of 6 magnets.",,,,,,,6,4.49,10,3.99,,,6,Lifeforce400,Lifeforce160,https://cdn11.bigcommerce.com/s-l8fm6tm/images/stencil/800x800/products/2471/6288/the_darker_the_night__90878.1551989446.jpg?c=2,the_darker_the_night__90878.1551989446.jpg?c=2,,,Lifeforce800,the_darker_the_night__90878.1551989446.jpg?c=2
"I am surrounded by love, Glass Stone",AF17,"Home|Individual Items|Glass Stones, Shiny|Affirmation Stones|I am surrounded by love, Glass Stone","I am surrounded by love glass stone. For those moments when you need a little boost and a reminder that you are surrounded by love. Great gift or personal growth tool. Approximately 1.25"" in diameter. Many colors available, if you have a preference let us know. There is a minimum order quantity of 6 stones.",,,,,,,6,3.99,10,2.99,,,6,Lifeforce400,Lifeforce160,https://cdn11.bigcommerce.com/s-l8fm6tm/images/stencil/800x800/products/130/5243/i_am_surrounded_by_love_800__70269.1536681349.jpg?c=2,i_am_surrounded_by_love_800__70269.1536681349.jpg?c=2,,,Lifeforce800,i_am_surrounded_by_love_800__70269.1536681349.jpg?c=2
Love Connection Stone,CNS16,Home|Inspirational|Love Connection Stone,"Possibly the biggest benefit of a spiritual practice is recognizing, encouraging, giving and receiving Love. Many religions, including Christianity, see God as Love. Certainly Love is an aspect of a higher power however you see and experience it. 
Our Love Connection Stone is made of glass. It is 1.25"" in diameter and is made in the USA. There are many uses for a Love stone: give as a gift, use several at a decoration at a wedding, use as a tool at a conference for heart-centered businesses. 
The Connection Stones come in a myriad of colors. If you order one Love stone, it may not be red as in the picture. Be sure and tell us if red is the color that you prefer. There is a minimum order quantity of 6 stones.",,,,,,,6,3.99,10,2.99,,,6,Lifeforce400,Lifeforce160,https://cdn11.bigcommerce.com/s-l8fm6tm/images/stencil/800x800/products/3765/9614/Love__97705.1686235713.png?c=2,Love__97705.1686235713.png?c=2,,,Lifeforce800,Love__97705.1686235713.png?c=2
Friends Forever,L-29,"Home|Individual Items|Glass Stones, Shiny|Love Stones|Friends Forever","Friends Forever glass stone. 1.25"" in various colors. There is a minimum order quantity of 6 stones.",,,,,,,6,3.99,10,2.99,,,6,Lifeforce400,Lifeforce160,https://cdn11.bigcommerce.com/s-l8fm6tm/images/stencil/800x800/products/617/5293/friendsforever_800__11918.1536767843.jpg?c=2,friendsforever_800__11918.1536767843.jpg?c=2,,,Lifeforce800,friendsforever_800__11918.1536767843.jpg?c=2
"Modern To Get Through The Hardest Journey, Acrylic Magnet",AMAG12,"Home|Hospital|Modern To Get Through The Hardest Journey, Acrylic Magnet","Our modern inspirational magnet designs fit every decor and are a perfect gift for every age.
Positivity is timeless! Always move forward!
This magnet features the inspirational reminder: “To Get Through the Hardest Journey and Continue Living, We Need to Take Only One Step at a Time; But We Must Keep Stepping” Featuring a variegated blue design with white lettering. 
Modern minimalism with straight to the point design aesthetics. 
A Perfect gift for those who appreciate inspirational messages and the spirit of overcoming obstacles.
A great item to say “I care about you” & “You can do it”.
Who wouldn’t love a magnet as a daily reminder cheering them on.
Visually beautiful, with a meaningful message, our magnets are going to attract your attention!
-Each magnet measures approximately 3.75” x 2.75” x ⅛”
-Made from high quality acrylic
-Digitally printed
-Made in the USA/Massachusetts",,,,,,,1,7,16,5,,,1,Lifeforce400,Lifeforce160,https://cdn11.bigcommerce.com/s-l8fm6tm/images/stencil/800x800/products/4518/10803/To_Get_Through_The_Hardest-Camera_7__76726.1712831441.png?c=2,To_Get_Through_The_Hardest-Camera_7__76726.1712831441.png?c=2,,,Lifeforce800,To_Get_Through_The_Hardest-Camera_7__76726.1712831441.png?c=2
"The Mermaid's Message, Rise Above, Sea Glass Stone",MM112,"Home|Inspirational|The Mermaid's Message, Rise Above, Sea Glass Stone","Mermaid's Message Sea Glass Stone – Rise Above
Overcome obstacles with strength and grace with the Rise Above Mermaid’s Message Sea Glass Stone. Designed to resemble genuine sea glass, this smooth, frosted stone is a reminder to rise above challenges, negativity, and doubt.
Inspiring Colors: Available in sea-inspired shades—teal, green, white, dark blue, and light blue.
Powerful Message: Rise Above encourages resilience, perspective, and a positive mindset.
A Meaningful Keepsake: Carry it as a source of motivation, display it as a daily reminder, or gift it to someone overcoming adversity.
Let this stone inspire you to stay strong, focused, and move forward with confidence.
Buying in bulk? Explore our Mermaid Message Assortments.
Shop now and rise above every challenge.",,,,,,,6,3.99,10,2.99,,,6,Lifeforce400,Lifeforce160,https://cdn11.bigcommerce.com/s-l8fm6tm/images/stencil/800x800/products/4646/12480/Rise_Above_Dark_Blue__61089.1739967049.png?c=2,Rise_Above_Dark_Blue__61089.1739967049.png?c=2,,,Lifeforce800,Rise_Above_Dark_Blue__61089.1739967049.png?c=2
"Bald Eagle Illustration, Acrylic Magnet",AMAG33,"Home|Holidays|USA 250|Bald Eagle Illustration, Acrylic Magnet","Bald Eagle, Acrylic Magnet
Bold lines and a striking color palette make the Bald Eagle Illustration, Acrylic Magnet a standout piece for those who love modern patriotic art. Featuring a stylized eagle head set against a graphic American flag, this magnet captures strength, focus, and American pride with a contemporary twist.
Digitally printed on high-quality acrylic and proudly made in Massachusetts, each magnet measures approximately 3.75” x 2.75” x ⅛”. It's a powerful keepsake for USA 250 celebrations, gift shops, and anyone drawn to modern Americana.
Each magnet measures approximately 3.75” x 2.75” x ⅛”
Made from high quality acrylic
Digitally printed
Made in the USA/Massachusetts",,,,,,,1,9,32,4.5,,,1,Lifeforce400,Lifeforce160,https://cdn11.bigcommerce.com/s-l8fm6tm/images/stencil/800x800/products/4674/12957/Eagle_Head-Camera_2__25140.1745584530.png?c=2,Eagle_Head-Camera_2__25140.1745584530.png?c=2,,,Lifeforce800,Eagle_Head-Camera_2__25140.1745584530.png?c=2
"The Mermaid's Message, Hawaii, Sea Glass Stone",MM25,"Home|Individual Items|Glass Stones, Frosted|The Mermaid's Message, Hawaiian Images|The Mermaid's Message, Hawaii, Sea Glass Stone","Hawaii is a US state, but also one of the Hawaiian Islands. It's known as The Big Island. Generally sold as a souvenir, creative people also buy these frosted glass stones for declaring a special surprise trip, or a visualization tool. They're 1.25"" in diameter and come in marine colors. There is a minimum order quantity of 6 stones.",,,,,,,6,3.99,10,2.99,,,6,Lifeforce400,Lifeforce160,https://cdn11.bigcommerce.com/s-l8fm6tm/images/stencil/800x800/products/2098/4941/hawaii_800__25044.1534796867.jpg?c=2,hawaii_800__25044.1534796867.jpg?c=2,,,Lifeforce800,hawaii_800__25044.1534796867.jpg?c=2
"But those who trust in the Lord for help... will rise on wings like eagles...Isaiah 40:31, Glass Stone",S-26,"Home|Religious|But those who trust in the Lord for help... will rise on wings like eagles...Isaiah 40:31, Glass Stone","Introducing the ""But those who trust in the Lord for help... will rise on wings like eagles"" glass stone from Lifeforce Glass. Featuring the inspiring verse from Isaiah 40:31, this beautifully crafted glass stone comes in various colors and measures approximately 1.25 inches in diameter. It serves as a perfect token of faith and encouragement, reminding you of strength and resilience. Ideal for gifts, personal inspiration, or decor, it requires a minimum order of six stones. Elevate your spirit and those around you with this meaningful glass stone.",,,,,,,6,3.99,10,2.99,,,6,Lifeforce400,Lifeforce160,https://cdn11.bigcommerce.com/s-l8fm6tm/images/stencil/800x800/products/899/9059/but_those_who_trust_azure__56094.1656614108.jpg?c=2,but_those_who_trust_azure__56094.1656614108.jpg?c=2,,,Lifeforce800,but_those_who_trust_azure__56094.1656614108.jpg?c=2
"Caring, Glass Stone",F-85,"Home|Individual Items|Glass Stones, Shiny|Focus Stones|Caring, Glass Stone","Caring. A nice gift for a caring individual. Perfect for your Hospital Gift Shop. 1.25"" glass stone, assorted colors. There is a minimum order quantity of 6 stones.",,,,,,,6,3.99,10,2.99,,,6,Lifeforce400,Lifeforce160,https://cdn11.bigcommerce.com/s-l8fm6tm/images/stencil/800x800/products/502/5614/caring_800__60415.1537649749.jpg?c=2,caring_800__60415.1537649749.jpg?c=2,,,Lifeforce800,caring_800__60415.1537649749.jpg?c=2
"Change, Here I Come, Kicking and Screaming, Glass Stone",W-129,"Home|Individual Items|Glass Stones, Shiny|Wisdom Stones|Change, Here I Come, Kicking and Screaming, Glass Stone","Change, Here I Come, Kicking and Screaming. Glass stone, about 1.25"" in diameter. Various colors. There is a minimum order quantity of 6 stones.",,,,,,,6,3.99,10,2.99,,,6,Lifeforce400,Lifeforce160,https://cdn11.bigcommerce.com/s-l8fm6tm/images/stencil/800x800/products/1106/5131/changehereicome_800__28938.1536345509.jpg?c=2,changehereicome_800__28938.1536345509.jpg?c=2,,,Lifeforce800,changehereicome_800__28938.1536345509.jpg?c=2
"Together we can make it, Glass Stone",W-92,"Home|Inspirational|Together we can make it, Glass Stone","Together we can make it. Glass stone, about 1.25"" in diameter. Various colors. There is a minimum order quantity of 6 stones.",,,,,,,6,3.99,10,2.99,,,6,Lifeforce400,Lifeforce160,https://cdn11.bigcommerce.com/s-l8fm6tm/images/stencil/800x800/products/1179/5683/together_we_can_800__55283.1537804060.JPG?c=2,together_we_can_800__55283.1537804060.JPG?c=2,,,Lifeforce800,together_we_can_800__55283.1537804060.JPG?c=2
"Now these three remain: Faith, Hope and Love. But the greatest of these is Love. 1 Corinthians 13:13, Glass Stone",S-57,"Home|Religious|Now these three remain: Faith, Hope and Love. But the greatest of these is Love. 1 Corinthians 13:13, Glass Stone","Now these three remain: Faith, Hope and Love. But the greatest of these is Love. 1 Corinthians 13:13. Glass stone, 1.25"", various colors. There is a minimum order quantity of 6 stones.",,,,,,,6,3.99,10,2.99,,,6,Lifeforce400,Lifeforce160,https://cdn11.bigcommerce.com/s-l8fm6tm/images/stencil/800x800/products/933/5447/now_these_three_remain_800__19515.1537475147.jpg?c=2,now_these_three_remain_800__19515.1537475147.jpg?c=2,,,Lifeforce800,now_these_three_remain_800__19515.1537475147.jpg?c=2
I (heart) Grandma,L-105,"Home|Individual Items|Glass Stones, Shiny|Love Stones|I (heart) Grandma","I (heart) Grandma glass stone. Let Grandma know you love her and are thinking about her by buying her this sweet little token of affection. Approximately 1.25"" in diameters. Available in various colors. There is a minimum order quantity of 6 stones.",,,,,,,6,3.99,10,2.99,,,6,Lifeforce400,Lifeforce160,https://cdn11.bigcommerce.com/s-l8fm6tm/images/stencil/800x800/products/590/13521/I_Love_Grandma__15851.1750070041.png?c=2,I_Love_Grandma__15851.1750070041.png?c=2,,,Lifeforce800,I_Love_Grandma__15851.1750070041.png?c=2
Meditate Connection Stone,CNS17,Home|Inspirational|Meditate Connection Stone,"Whatever you're pursuing, meditation can help you. Meditation is especially useful for maintaining calm, experiencing mindfulness and helping one to sleep better. It is crucial, essential, for any spiritual pursuit. It costs nothing and the benefits are huge. It's not hard to learn and there are lots of resources on the subject to explore.
Perhaps you could nudge someone you love to meditate with this little tangible reminder. The Meditate Connection Stone is made in the USA. It's 1.25 inches in diameter and comes in a huge variety of colors. There are volume discounts in case you want to spread the word. There is a minimum order quantity of 6 stones.",,,,,,,6,3.99,10,2.99,,,6,Lifeforce400,Lifeforce160,https://cdn11.bigcommerce.com/s-l8fm6tm/images/stencil/800x800/products/3766/9622/Meditate__27669.1686237894.png?c=2,Meditate__27669.1686237894.png?c=2,,,Lifeforce800,Meditate__27669.1686237894.png?c=2
"You are destined for great things, Glass Stone",D-36,"Home|Individual Items|Glass Stones, Shiny|Wisdom Stones|You are destined for great things, Glass Stone","You are destined for great things. 1.25"" glass stone, assorted colors. There is a minimum order quantity of 6 stones.",,,,,,,6,3.99,10,2.99,,,6,Lifeforce400,Lifeforce160,https://cdn11.bigcommerce.com/s-l8fm6tm/images/stencil/800x800/products/337/6241/you_are_destined_for_800__00722.1551386645.JPG?c=2,you_are_destined_for_800__00722.1551386645.JPG?c=2,,,Lifeforce800,you_are_destined_for_800__00722.1551386645.JPG?c=2
"St. Patrick's Day, Wooden Postcard",PCSPD,"Home|Irish|St. Patrick's Day, Wooden Postcard","St. Patrick's Day Wooden Postcard – Celebrate Irish Charm
Bring a touch of Irish cheer to your celebrations with our St. Patrick's Day Wooden Postcard! Featuring a whimsical leprechaun, vibrant clovers, and a festive banner, this postcard is a delightful way to share St. Patrick’s Day spirit or add charm to Irish-themed displays.
Why Choose Our St. Patrick's Day Wooden Postcard?
Premium Material: Made from eco-friendly wood, this postcard is lightweight, durable, and perfect for mailing or display.
Festive, Whimsical Design: The adorable leprechaun and Irish-themed accents make this postcard a standout piece for St. Patrick’s Day celebrations.
Versatile Appeal: Ideal for Irish gift shops, seasonal décor, or as a cheerful greeting card for friends and family.
Year-Round Use: While perfect for St. Patrick’s Day, its charming design makes it a great addition to Irish-themed gifts and keepsakes anytime.
Celebrate with Irish Spirit
Measuring approximately 4 x 6 inches, this wooden postcard is easy to send, display, or gift. Whether used as festive décor or a heartfelt greeting, it’s sure to bring a smile and spread the luck of the Irish!
A Thoughtful Irish-Themed Gift
This St. Patrick's Day Wooden Postcard makes a fun and meaningful gift for anyone who loves Irish culture or enjoys the festive charm of St. Patrick’s Day.
To reach our lowest wholesale price of $2.99 per postcard, simply mix and match a total of 16 postcards from our collection. Interested in custom designs? We offer low minimums—contact us for more information on creating your own unique postcards.
To avoid any potential disruption in delivery, we suggest using 2 First Class Stamps.",,,,,,,1,6,16,2.99,,,1,Lifeforce400,Lifeforce160,https://cdn11.bigcommerce.com/s-l8fm6tm/images/stencil/800x800/products/4629/13101/St._Patricks_Day_FULL-Camera__68359.1747060443.png?c=2,St._Patricks_Day_FULL-Camera__68359.1747060443.png?c=2,,,Lifeforce800,St._Patricks_Day_FULL-Camera__68359.1747060443.png?c=2
You have the answers. Glass Destiny Stone,,Home|Inspirational|You have the answers. Glass Destiny Stone,"Your first reaction to this glass stone that says ""You have the answers"" may have been ""Uhhhh, no I don't."" Hear me out. You can sit in the silence and listen. Eventually, something will come to you, maybe not while you're sitting, but later, like in the shower. Honestly, if you haven't tried it, you should. If you want to share this concept you should get one of these gorgeous glass stones to give. They're 1.25 inches in diameter and come in many gorgeous colors. There is a minimum order quantity of 6 stones.",,,,,,,6,3.99,10,2.99,,,6,Lifeforce400,Lifeforce160,https://cdn11.bigcommerce.com/s-l8fm6tm/images/stencil/800x800/products/3971/7761/youhavetheanswers__62973.1584119151.jpg?c=2,youhavetheanswers__62973.1584119151.jpg?c=2,,,Lifeforce800,youhavetheanswers__62973.1584119151.jpg?c=2
"12 Power Assortment, Modern, 144 pieces",UN12M,"Home|Assortments For Resale|Shiny Stones|12 Power Assortment, Modern, 144 pieces","12 Powers of Man Glass Stone Assortment – A Complete Set of Inspirational Stones
Our 12 Powers of Man Glass Stone Assortment offers a unique, empowering collection of 144 glass stones, each representing one of the 12 Powers of Man. These stones are inspired by the teachings of Charles Fillmore and designed to support spiritual growth, mindfulness, and inner strength. This exclusive set includes 12 stones for each power, making it perfect for sharing, teaching, or personal inspiration.
The Modern Assortment includes the following powers: Faith, Love, Imagination, Life, Will, Order, Power, Strength, Understanding, Wisdom, Release, and Zeal. Each power is symbolized on a beautifully crafted glass stone, offering a tangible reminder to connect with these inner qualities daily. Ideal for meditation, group discussions, classroom settings, or as meaningful gifts, these stones help individuals focus on and cultivate each specific power.
Key Features:
Complete Set: Includes 12 stones each for all 12 powers, totaling 144 stones.
Inspirational Themes: Each stone represents one of the 12 Powers of Man – perfect for personal development, spiritual practices, and group settings.
Vibrant Design: Each stone is crafted from quality glass, making it visually appealing and durable.
Versatile Uses: Use them for meditation, prayer, or as gifts to inspire others in cultivating these essential qualities.
Special Pricing: Available at a discounted price when purchased as a full assortment.
The 12 Powers of Man Glass Stone Assortment is an excellent resource for those looking to deepen their spiritual journey, lead inspirational gatherings, or offer uplifting gifts. With each power represented, this set is a reminder of the divine qualities within each of us.",,,,,,,1,160,,,,,1,Lifeforce400,Lifeforce160,https://cdn11.bigcommerce.com/s-l8fm6tm/images/stencil/800x800/products/1224/12940/Power_Stones_Group__13432.1745406044.png?c=2,Power_Stones_Group__13432.1745406044.png?c=2,,,Lifeforce800,Power_Stones_Group__13432.1745406044.png?c=2
"Sea Stone, Replica Sea Glass Stone, Blessing",SEA30,"Home|Individual Items|Glass Stones, Frosted|Sea Stones|Sea Stone, Replica Sea Glass Stone, Blessing","Beautiful frosted glass stone that says Blessing. It comes in a myriad of colors. 1.25"" in diameter. There is a minimum order quantity of 6 stones.",,,,,,,6,3.99,10,2.99,,,6,Lifeforce400,Lifeforce160,https://cdn11.bigcommerce.com/s-l8fm6tm/images/stencil/800x800/products/2979/4751/sea_stone_blessing_800__35304.1533236029.jpg?c=2,sea_stone_blessing_800__35304.1533236029.jpg?c=2,,,Lifeforce800,sea_stone_blessing_800__35304.1533236029.jpg?c=2
White Quartz Worry Stone,WQWS,Home|Hospital|White Quartz Worry Stone,"White Quartz Worry Stone – Cultivate Peace, Healing, and Intentional Living
Elevate your mindfulness practice and find your inner calm with our White Quartz Worry Stone. Beautifully polished and designed to bring tranquility and healing, this worry stone is a powerful tool for those seeking peace and balance in their daily lives.
Why Choose Our White Quartz Worry Stone?
High-Quality White Quartz Crystal: Made from genuine White Quartz, this worry stone is polished to perfection, offering a smooth, comforting surface to hold during moments of stress or meditation. Known for its pure, calming energy, White Quartz is a crystal that promotes healing and clarity.
Intentional Printed Words: Each stone is thoughtfully printed with the words Intention, Tranquility, Calm, Peace, Healing. These words serve as a gentle reminder to live intentionally and embrace peace and calm in all aspects of life.
The Healing Power of White Quartz:
White Quartz is renowned for its ability to:
Promote healing by cleansing negative energy and restoring balance.
Foster tranquility and calm, helping you stay grounded and centered.
Encourage inner peace, making it a perfect companion for meditation and mindfulness.
Enhance clarity and intention, helping you focus on what truly matters.
Peace in Your Pocket – Anytime, Anywhere
With a compact size of approximately 1.6 inches, this White Quartz Worry Stone is designed for easy portability. Whether you're at work, in a stressful situation, or simply need a moment to reflect, holding this stone can help bring you back to a state of calm and tranquility.
A Meaningful Gift for Healing and Peace
This White Quartz Worry Stone makes a thoughtful gift for loved ones or anyone seeking emotional healing, mindfulness, or tranquility. It’s also available as part of our Worry Stone Assortment, offering the benefits of various crystals to enhance your spiritual journey.
Care Instructions
To protect the printed words on your White Quartz Worry Stone, avoid contact with sharp objects and handle with care to maintain its smooth, polished surface.
   ",,,,,,,1,9.99,15,7.99,,,1,Lifeforce400,Lifeforce160,https://cdn11.bigcommerce.com/s-l8fm6tm/images/stencil/800x800/products/4612/11807/White_Quartz_White_Background__40126.1730388077.png?c=2,White_Quartz_White_Background__40126.1730388077.png?c=2,,,Lifeforce800,White_Quartz_White_Background__40126.1730388077.png?c=2
"Glass Heart Assortment, 50 Gorgeous Hearts with Pouches",HA,"Home|Hospital|Glass Heart Assortment, 50 Gorgeous Hearts with Pouches","Fifty gorgeous glass hearts are imprinted with the most popular saying for the general gift market. Your assortment contains
10 I Love You
8 Always & Forever
8 Consider Yourself Hugged
8 Here's My Heart
8 Thank You
8 You Are Loved
Each heart is enclosed in a sheer, heart-shaped pouch. Your display is a header card and and either a beautiful raindrop glass plate or wicker basket. We did not include ""Will You Marry Me?"" in the assortment but you can order it, and all the other styles of hearts, separately, here.",,,,,,,1,162.5,5,154,,,1,Lifeforce400,Lifeforce160,https://cdn11.bigcommerce.com/s-l8fm6tm/images/stencil/800x800/products/2306/9249/Glass_Heart_Stones_3__99353.1676549763.png?c=2,Glass_Heart_Stones_3__99353.1676549763.png?c=2,,,Lifeforce800,Glass_Heart_Stones_3__99353.1676549763.png?c=2
"God is our refuge and strength, a very present help in trouble...Psalm 46:1, Glass Stone",S-3,"Home|Religious|God is our refuge and strength, a very present help in trouble...Psalm 46:1, Glass Stone","God is our refuge and strength, a very present help in trouble. Psalm 46:1 glass stone. Various colors, 1.25"". There is a minimum order quantity of 6 stones.",,,,,,,6,3.99,10,2.99,,,6,Lifeforce400,Lifeforce160,https://cdn11.bigcommerce.com/s-l8fm6tm/images/stencil/800x800/products/903/5439/god_is_our_refuge_and_800__58564.1537467699.jpg?c=2,god_is_our_refuge_and_800__58564.1537467699.jpg?c=2,,,Lifeforce800,god_is_our_refuge_and_800__58564.1537467699.jpg?c=2
Tiger's Eye Worry Stone,TEWS,Home|Hospital|Tiger's Eye Worry Stone,"Tiger's Eye Worry Stone – Boost Willpower, Confidence, and Resilience
Unleash your inner strength and embrace confidence with our Tiger's Eye Worry Stone. Known for its grounding and empowering energy, this worry stone is the perfect companion for those looking to enhance their willpower, enthusiasm, and emotional resilience.
Why Choose Our Tiger's Eye Worry Stone?
Genuine Tiger's Eye Crystal: Crafted from authentic Tiger's Eye, this worry stone is expertly polished to a smooth finish, offering a tactile and grounding experience. Its golden-brown bands reflect the strength and courage associated with this powerful crystal, known for inspiring confidence and resilience.
Motivational Printed Words: Each stone is printed with five empowering words: Willpower, Compassion, Enthusiasm, Confidence, Resilience. These words serve as daily affirmations, guiding you to embrace courage, show compassion, and push forward with determination.
The Empowering Energy of Tiger's Eye:
Tiger's Eye is celebrated for its ability to:
Boost willpower and determination, helping you stay focused on your goals.
Inspire confidence, enabling you to face challenges with courage and self-assurance.
Foster resilience, allowing you to overcome obstacles and bounce back from adversity.
Encourage compassion, balancing strength with empathy and understanding.
Ignite enthusiasm, making it easier to approach life’s tasks with positivity and passion.
Carry Strength and Confidence With You
At approximately 1.6 inches in length, this Tiger's Eye Worry Stone is designed for easy portability. Whether you’re preparing for a big presentation, navigating a challenging day, or simply need a boost of confidence, holding this stone helps channel its empowering energy and keeps you grounded.
A Perfect Gift for Personal Empowerment
This Tiger's Eye Worry Stone is an ideal gift for anyone seeking to strengthen their willpower, boost their confidence, or build emotional resilience. It’s also available as part of our Worry Stone Assortment, allowing you to experience the benefits of multiple crystals.
Care Instructions
To maintain the beauty of the printed words on your Tiger's Eye Worry Stone, handle it gently and avoid contact with sharp objects.",,,,,,,1,9.99,15,7.99,,,1,Lifeforce400,Lifeforce160,https://cdn11.bigcommerce.com/s-l8fm6tm/images/stencil/800x800/products/4615/11837/Tigers_Eye_White_Background__70068.1730391245.png?c=2,Tigers_Eye_White_Background__70068.1730391245.png?c=2,,,Lifeforce800,Tigers_Eye_White_Background__70068.1730391245.png?c=2
"The Mermaid's Message, Focus, Sea Glass Stone",MM107,"Home|Inspirational|The Mermaid's Message, Focus, Sea Glass Stone","Mermaid's Message Sea Glass Stone – Focus
Stay centered and clear-headed with the Focus Mermaid’s Message Sea Glass Stone. Designed to resemble natural sea glass, this frosted stone serves as a daily reminder to concentrate on what truly matters.
Calming Colors: Available in ocean-inspired shades—teal, green, white, dark blue, and light blue.
Encouraging Message: Focus helps inspire clarity, determination, and productivity.
Versatile Use: Keep it on your desk, carry it in your pocket, or give it as a thoughtful gift to someone pursuing their goals.
Let this stone serve as a gentle nudge to eliminate distractions and stay on track.
Buying in bulk? Explore our Mermaid Message Assortments.
Shop now and bring more focus into your life.",,,,,,,6,3.99,10,2.99,,,6,Lifeforce400,Lifeforce160,https://cdn11.bigcommerce.com/s-l8fm6tm/images/stencil/800x800/products/4638/12464/Focus_Green__52910.1739961322.png?c=2,Focus_Green__52910.1739961322.png?c=2,,,Lifeforce800,Focus_Green__52910.1739961322.png?c=2
"Anchor, Glass Stone",BC1,"Home|Individual Items|Glass Stones, Shiny|Beach Stones|Anchor, Glass Stone","The Anchor is a part of the beach stone collection, which is the perfect assortment for a gift shop in a beachy location. These stones make a great and inexpensive souvenir. We can also do custom printing if you would like to make these stones more specific. Approximately 1.25"" and available in the beach stone assortment colors (blues, greens, teals). There is a minimum order quantity of 6 stones.",,,,,,,6,3.99,10,2.99,,,6,Lifeforce400,Lifeforce160,https://cdn11.bigcommerce.com/s-l8fm6tm/images/stencil/800x800/products/242/5380/anchor_800__38422.1537389862.jpg?c=2,anchor_800__38422.1537389862.jpg?c=2,,,Lifeforce800,anchor_800__38422.1537389862.jpg?c=2
"As for me and my house, we shall serve the Lord. Joshua 24:15, Glass Stone",S-75,"Home|Religious|As for me and my house, we shall serve the Lord. Joshua 24:15, Glass Stone","As for me and my house, we shall serve the Lord. Joshua 24:15. Glass stone, 1.25"", various colors. There is a minimum order quantity of 6 stones.",,,,,,,6,3.99,10,2.99,,,6,Lifeforce400,Lifeforce160,https://cdn11.bigcommerce.com/s-l8fm6tm/images/stencil/800x800/products/953/5091/as_for_me_and_my_house_800__56846.1536253796.jpg?c=2,as_for_me_and_my_house_800__56846.1536253796.jpg?c=2,,,Lifeforce800,as_for_me_and_my_house_800__56846.1536253796.jpg?c=2
"If you're lucky enough to be at the beach, you're lucky enough, Glass Stone",BC6,"Home|Individual Items|Glass Stones, Shiny|Beach Stones|If you're lucky enough to be at the beach, you're lucky enough, Glass Stone","If you're lucky enough to be at the beach, you're lucky enough. Do you own a souvenir shop? These stones are an inexpensive gift to bring home to friends and family. Printed on blue, green and teal stones and approximately 1.25"" in diameter. There is a minimum order quantity of 6 stones.",,,,,,,6,3.99,10,2.99,,,6,Lifeforce400,Lifeforce160,https://cdn11.bigcommerce.com/s-l8fm6tm/images/stencil/800x800/products/253/5572/ifyoureluckyenoughbeach_800__52935.1537642311.jpg?c=2,ifyoureluckyenoughbeach_800__52935.1537642311.jpg?c=2,,,Lifeforce800,ifyoureluckyenoughbeach_800__52935.1537642311.jpg?c=2
"Sea Stone, Replica Sea Glass Stone, Smile",SEA73,"Home|Individual Items|Glass Stones, Frosted|Sea Stones|Sea Stone, Replica Sea Glass Stone, Smile","Beautiful frosted glass stone that says Smile. It comes in a myriad of colors. 1.25"" in diameter. There is a minimum order quantity of 6 stones.",,,,,,,6,3.99,10,2.99,,,6,Lifeforce400,Lifeforce160,https://cdn11.bigcommerce.com/s-l8fm6tm/images/stencil/800x800/products/3018/7729/sea_stone_smile_yellow__64854.1582754132.jpg?c=2,sea_stone_smile_yellow__64854.1582754132.jpg?c=2,,,Lifeforce800,sea_stone_smile_yellow__64854.1582754132.jpg?c=2
Fruit of the Spirit Glass Stone- Faithfulness,FS-9,"Home|Individual Items|Glass Stones, Shiny|Fruits of the Spirit Stones|Fruit of the Spirit Glass Stone- Faithfulness","Fruit of the Spirit, Faithfulness. 1.25"" glass stone, assorted colors. There is a minimum order quantity of 6 stones.",,,,,,,6,3.99,10,2.99,,,6,Lifeforce400,Lifeforce160,https://cdn11.bigcommerce.com/s-l8fm6tm/images/stencil/800x800/products/521/5589/faithfulness_800__95308.1537644378.jpg?c=2,faithfulness_800__95308.1537644378.jpg?c=2,,,Lifeforce800,faithfulness_800__95308.1537644378.jpg?c=2
"12 Power Stones, Spanish, Orden (order), Glass Stone",12PS8,"Home|Individual Items|Glass Stones, Shiny|New Thought|12 Power Stones, Spanish, Orden (order), Glass Stone","12 Power Stones, Spanish, Orden (order). The color for Order is dark green. There is a minimum order quantity of 6 stones.",,,,,,,6,3.99,10,2.99,,,6,Lifeforce400,Lifeforce160,https://cdn11.bigcommerce.com/s-l8fm6tm/images/stencil/800x800/products/95/5535/spanish_order_800__07097.1537559591.jpg?c=2,spanish_order_800__07097.1537559591.jpg?c=2,,,Lifeforce800,spanish_order_800__07097.1537559591.jpg?c=2
"Sending You Positive Vibes, Wooden Postcard",PCPV,"Home|Hospital|Sending You Positive Vibes, Wooden Postcard","Sending You Positive Vibes, Wooden Postcard
Brighten someone’s day with our Sending You Positive Vibes Wooden Postcard. Featuring a colorful, geometric background with an uplifting ""Sending You Positive Vibes"" message, this postcard is perfect for spreading positivity and cheer. Whether you're sending encouragement, a little extra motivation, or just reminding someone how awesome they are, this vibrant design radiates good energy and is sure to make them smile.
Measuring 4"" x 6"" and 1/8 of an inch thick, this postcard is the perfect size for mailing or including in a gift package. Laser cut and printed in-house on sustainably sourced wood, it offers an eco-friendly alternative to traditional paper greeting cards, making it a lasting keepsake that can be displayed long after it’s received. Available for wholesale, the Sending You Positive Vibes Wooden Postcard is ideal for retailers looking to stock unique, eco-friendly products that spread joy and encouragement.
Key Features:
Bright & Uplifting Design: Features bold, colorful geometric shapes and a positive ""Sending You Positive Vibes"" message, perfect for spreading good energy.
Perfect for Encouragement & Support: Great for sending to loved ones in need of motivation or simply sharing some extra positivity.
Eco-Friendly Material: Made from sustainably sourced wood, offering an environmentally conscious alternative to traditional paper greeting cards.
Durable Keepsake: At 1/8 of an inch thick, this sturdy wooden postcard is designed to be a lasting memento, offering positive vibes for years to come.
Wholesale Availability: Available in bulk for retailers looking to stock unique, eco-friendly cards that spread encouragement and good energy.
Why Choose Our ""Sending You Positive Vibes"" Wooden Postcard?
Eco-Friendly & Encouraging: Crafted from sustainably sourced wood, this postcard provides a unique, eco-conscious way to send positive energy and good vibes.
Vibrant & Motivational Design: The colorful geometric design and uplifting message make it a cheerful and meaningful keepsake for any recipient.
Perfect for Retail & Personal Use: Whether you’re sending it to a friend or adding it to your store’s collection, this wooden postcard offers a beautiful and sustainable way to spread positivity.
To reach our lowest wholesale price of $2.99 per postcard, simply mix and match a total of 16 postcards from our collection. Interested in custom designs? We offer low minimums—contact us for more information on creating your own unique postcards.
To avoid any potential disruption in delivery, we suggest using 2 First Class Stamps.",,,,,,,1,6,16,2.99,,,1,Lifeforce400,Lifeforce160,https://cdn11.bigcommerce.com/s-l8fm6tm/images/stencil/800x800/products/4568/13239/Sending_You_Postive_Vibes_FULL-Camera__72133.1748528060.png?c=2,Sending_You_Postive_Vibes_FULL-Camera__72133.1748528060.png?c=2,,,Lifeforce800,Sending_You_Postive_Vibes_FULL-Camera__72133.1748528060.png?c=2
"First Things First, Glass Stone",W-58,"Home|Individual Items|Glass Stones, Shiny|Wisdom Stones|First Things First, Glass Stone","First Things First glass stone, about 1.25"" in diameter. Various colors. There is a minimum order quantity of 6 stones.",,,,,,,6,3.99,10,2.99,,,6,Lifeforce400,Lifeforce160,https://cdn11.bigcommerce.com/s-l8fm6tm/images/stencil/800x800/products/1150/5142/firstthingsfirst_800__92114.1536346944.jpg?c=2,firstthingsfirst_800__92114.1536346944.jpg?c=2,,,Lifeforce800,firstthingsfirst_800__92114.1536346944.jpg?c=2
Focus Stone Assortment of Glass Stones - 100 pieces,FSA,Home|Inspirational|Focus Stone Assortment of Glass Stones - 100 pieces," Focus Stones are our single-word stones, and we have a lot of them. To make it simple, the Focus Stone Assortment contains the 24 bestsellers. You can order the assortment of 100 (basket & header display included) or select by style. The assortment contains some of each of the following:
Abundance
Acceptance
Believe
Breathe
Courage
Dream
Faith
Focus
Grace
Friendship
Gratitude
Happiness
Healing
Hope
Joy
Love
Miracles
Patience
Peace
Prosperity
Serenity
Strength
Trust
Wisdom
Each stone is 1.25"" in diameter, approximately. The colors are assorted. If you prefer to choose individual styles of focus stones, you can do so here. The price decreases as you shop.",,,,,,,1,125,5,118.75,,,1,Lifeforce400,Lifeforce160,https://cdn11.bigcommerce.com/s-l8fm6tm/images/stencil/800x800/products/522/12205/Focus_Group_Shot__95411.1732295695.png?c=2,Focus_Group_Shot__95411.1732295695.png?c=2,,,Lifeforce800,Focus_Group_Shot__95411.1732295695.png?c=2
The Mermaid's Message Assortment 2,MMA2,Home|Inspirational|The Mermaid's Message Assortment 2,"The Mermaid's Message Assortment 2
Dive into inspiration with our newest Mermaid's Message Sea Glass Stones! Just like our original assortment, these beautifully frosted glass stones look as if they've been discovered along the shoreline, each one glowing with a light from within. Crafted to resemble genuine sea glass, they bring the peaceful essence of the ocean into your life.
Each frosted stone is approximately 1.25"" in diameter and comes in a variety of sea-inspired hues like blue, teal, green, and white. Whether displayed in your home, carried for personal inspiration, or shared as a meaningful gift, these stones radiate motivation and positivity.
New Messages in This Assortment:
Grow – Embrace change and personal development.
Shine – Let your inner light illuminate the world.
Balance – Find harmony in all aspects of life.
Empower – Strengthen yourself and those around you.
Trust – Have faith in yourself and others.
Unite – Foster connections and togetherness.
Gratitude – Appreciate the beauty in every moment.
Focus – Stay centered on what truly matters.
Harmony – Cultivate peace and alignment.
Freedom – Embrace the limitless possibilities of life.
Thrive – Flourish in all that you do.
Inspire – Lift others up with your energy and words.
Rise Above – Overcome obstacles with confidence.
Fearless – Face challenges with courage.
Unstoppable – Break through limits and keep moving forward.
Joyful – Fill your days with happiness and laughter.
Be Present – Live in the moment and embrace now.
Resilience – Find strength in adversity and keep moving forward.
Why your customers will love these stones:
Meaningful Words: Each stone carries a message of motivation and encouragement.
Serene Colors: A mix of oceanic hues enhances their beauty and calming effect.
Versatile Use: Perfect for gifts, décor, personal inspiration, or meditation.
Your first assortment comes with a free display basket to showcase these mesmerizing message stones in your store or home.
Want to curate your own selection? Click here to mix and match your favorite words and colors. Plus, the more you shop, the more you save!
Looking for Custom Message Stones? Contact us to learn more about personalized printing options.",,,,,,,1,125,5,118.75,,,1,Lifeforce400,Lifeforce160,https://cdn11.bigcommerce.com/s-l8fm6tm/images/stencil/800x800/products/4633/12451/Mermaid_Message_Assortment_II_Group_Photo__99380.1739878391.png?c=2,Mermaid_Message_Assortment_II_Group_Photo__99380.1739878391.png?c=2,,,Lifeforce800,Mermaid_Message_Assortment_II_Group_Photo__99380.1739878391.png?c=2
Pet Stone- The more I learn about people- the more I like my dog. Mark Twain,IPS14,"Home|Individual Items|Glass Stones, Frosted|Pet Stones|Pet Stone- The more I learn about people- the more I like my dog. Mark Twain","You can't really blame Mark Twain for saying, ""The more I learn about people, the more I like my dog."" These gorgeous frosted glass stones are 100% recycled, and are 1.25 inches in diameter. They come in tons of colors. There is a minimum order quantity of 6 stones.",,,,,,,6,3.99,10,2.99,,,6,Lifeforce400,Lifeforce160,https://cdn11.bigcommerce.com/s-l8fm6tm/images/stencil/800x800/products/2792/4911/the_more_I_learn_about_people_orange_left_shadow_800__87617.1534788853.jpg?c=2,the_more_I_learn_about_people_orange_left_shadow_800__87617.1534788853.jpg?c=2,,,Lifeforce800,the_more_I_learn_about_people_orange_left_shadow_800__87617.1534788853.jpg?c=2
