"15"" SNOWY RED LONG STEM BOTTLEBRUSH TREE",WS182277,"Home|Holiday|Bottlebrush|15"" SNOWY RED LONG STEM BOTTLEBRUSH TREE","3.5''W X 15''H, BOTTLEBRUSH",In-Stock: Ships in 5 to 14 days,,,,W: 3.50in H: 15in,,6,$11.30 ,,,,,6,Ragon400,Ragon160,https://cdn11.bigcommerce.com/s-xvps74vl0m/images/stencil/1280x1280/products/5357/27889/WS182277_2__50736.1685736688.jpg?c=1,WS182277_2__50736.1685736688.jpg?c=1,,,Ragon800,WS182277_2__50736.1685736688.jpg?c=1
,,,,,,,,,,,,,,,,,,,,,,,,
"27"" WHITE POPPY SPRAY",G228268,"Home|Sale!|Everyday|27"" WHITE POPPY SPRAY",,In-Stock: Ships in 5 to 14 days,,,,L: 27in,,12,$4.15 ,,,,,12,Ragon400,Ragon160,https://cdn11.bigcommerce.com/s-xvps74vl0m/images/stencil/1280x1280/products/10126/35311/G228268_6__40853.1736365782.jpg?c=1,G228268_6__40853.1736365782.jpg?c=1,,,Ragon800,G228268_6__40853.1736365782.jpg?c=1
,,,,,,,,,,,,,,,,,,,,,,,,
LIGHTED BLACK FARMHOUSE,WS218476,Home|Holiday|Tabletop & Misc.|LIGHTED BLACK FARMHOUSE,,In-Stock: Ships in 5 to 14 days,,,,H: 8in,,2,$33.75 ,,,,,2,Ragon400,Ragon160,https://cdn11.bigcommerce.com/s-xvps74vl0m/images/stencil/1280x1280/products/9620/25792/WS218476_1__38256.1677258265.jpg?c=1,WS218476_1__38256.1677258265.jpg?c=1,,,Ragon800,WS218476_1__38256.1677258265.jpg?c=1
,,,,,,,,,,,,,,,,,,,,,,,,
"24"" LAVENDER & HERB WREATH",G201238,"Home|Everyday|Florals|24"" LAVENDER & HERB WREATH","INNER 9""",In-Stock: Ships in 5 to 14 days,,,,W: 24in,,4,$53.00 ,,,,,4,Ragon400,Ragon160,https://cdn11.bigcommerce.com/s-xvps74vl0m/images/stencil/1280x1280/products/6789/14643/G201238_3__20653.1646939264.jpg?c=1,G201238_3__20653.1646939264.jpg?c=1,,,Ragon800,G201238_3__20653.1646939264.jpg?c=1
,,,,,,,,,,,,,,,,,,,,,,,,
"18"" PURE PINE PICK",G232779,"Home|Holiday|Greenery, Wreaths & Trees|18"" PURE PINE PICK",,In-Stock: Ships in 5 to 14 days,,,,L: 18in W: 11.50in,,12,$3.05 ,,,,,12,Ragon400,Ragon160,https://cdn11.bigcommerce.com/s-xvps74vl0m/images/stencil/1280x1280/products/11196/41043/G232779_2__77773.1749826412.jpg?c=1,G232779_2__77773.1749826412.jpg?c=1,,,Ragon800,G232779_2__77773.1749826412.jpg?c=1
,,,,,,,,,,,,,,,,,,,,,,,,
"16"" POTTED SMILAX PLANT",G232535,"Home|Everyday|Florals|16"" POTTED SMILAX PLANT","POT SIZE: 4.5""L 4.5""W 5""H",SOLD OUT,,,,L: 12in W: 12in H: 16in,,,$18.15 ,,,,,,Ragon400,Ragon160,https://cdn11.bigcommerce.com/s-xvps74vl0m/images/stencil/1280x1280/products/16057/34327/G232535_1__05283.1733861194.jpg?c=1,G232535_1__05283.1733861194.jpg?c=1,,,Ragon800,G232535_1__05283.1733861194.jpg?c=1
,,,,,,,,,,,,,,,,,,,,,,,,
EVERGREENS FOR SALE SIGN,E203144,Home|Holiday|Signs|EVERGREENS FOR SALE SIGN,,In-Stock: Ships in 5 to 14 days,,,,L: 15.50in W: 0.25in H: 48in,,2,$26.50 ,,,,,2,Ragon400,Ragon160,https://cdn11.bigcommerce.com/s-xvps74vl0m/images/stencil/1280x1280/products/7724/18897/E203144__10650.1651669731.jpg?c=1,E203144__10650.1651669731.jpg?c=1,,,Ragon800,E203144__10650.1651669731.jpg?c=1
,,,,,,,,,,,,,,,,,,,,,,,,
OATMEAL VELVET STOCKING ORNAMENT,WS221480,Home|Sale!|Holiday|OATMEAL VELVET STOCKING ORNAMENT,,In-Stock: Ships in 5 to 14 days,,,,L: 3in W: 1.50in H: 5.50in,,8,$2.20 ,,,,,8,Ragon400,Ragon160,https://cdn11.bigcommerce.com/s-xvps74vl0m/images/stencil/1280x1280/products/12315/32991/WS221480_3__31053.1710521316.jpg?c=1,WS221480_3__31053.1710521316.jpg?c=1,,,Ragon800,WS221480_3__31053.1710521316.jpg?c=1
,,,,,,,,,,,,,,,,,,,,,,,,
"2"" RIBBED SILVER KUGEL ORNAMENT",SS13978,"Home|Holiday|Ornaments, Garland & Tree Toppers|2"" RIBBED SILVER KUGEL ORNAMENT","2""W, GLASS",In-Stock: Ships in 5 to 14 days,,,,W: 2in,,12,$2.15 ,,,,,12,Ragon400,Ragon160,https://cdn11.bigcommerce.com/s-xvps74vl0m/images/stencil/1280x1280/products/2925/10975/SS13978_1__32462.1626464497.jpg?c=1,SS13978_1__32462.1626464497.jpg?c=1,,,Ragon800,SS13978_1__32462.1626464497.jpg?c=1
,,,,,,,,,,,,,,,,,,,,,,,,
"8.5"" AMERICAN BIOGRAPHY JOURNAL",L221506,"Home|Everyday|Journals|8.5"" AMERICAN BIOGRAPHY JOURNAL",,SOLD OUT,,,,L: 5.75in W: 2in H: 8.50in,,,$18.15 ,,,,,,Ragon400,Ragon160,https://cdn11.bigcommerce.com/s-xvps74vl0m/images/stencil/1280x1280/products/10249/34174/L221506_5__72852.1728444268.jpg?c=1,L221506_5__72852.1728444268.jpg?c=1,,,Ragon800,L221506_5__72852.1728444268.jpg?c=1
,,,,,,,,,,,,,,,,,,,,,,,,
"25"" MINI RED POINSETTIA SPRAY",G201744,"Home|Holiday|Greenery, Wreaths & Trees|25"" MINI RED POINSETTIA SPRAY",,SOLD OUT,,,,L: 25in,,,$3.60 ,,,,,,Ragon400,Ragon160,https://cdn11.bigcommerce.com/s-xvps74vl0m/images/stencil/1280x1280/products/7017/19778/G201744_5__92090.1652541356.jpg?c=1,G201744_5__92090.1652541356.jpg?c=1,,,Ragon800,G201744_5__92090.1652541356.jpg?c=1
,,,,,,,,,,,,,,,,,,,,,,,,
FRAMED CHICK IN BASKET PRINT,H237581,Home|Everyday|Easter & Spring|FRAMED CHICK IN BASKET PRINT,2 SAWTOOTH HANGERS,In-Stock: Ships in 5 to 14 days,,,,L: 19.75in W: 1.25in H: 16.50in,,1,$37.50 ,,,,,1,Ragon400,Ragon160,https://cdn11.bigcommerce.com/s-xvps74vl0m/images/stencil/1280x1280/products/16362/36935/H237581_3__77331.1733943429.jpg?c=1,H237581_3__77331.1733943429.jpg?c=1,,,Ragon800,H237581_3__77331.1733943429.jpg?c=1
,,,,,,,,,,,,,,,,,,,,,,,,
"13"" EUCALYPTUS W/ PINK BERRIES BUSH",G228017,"Home|Everyday|Florals|13"" EUCALYPTUS W/ PINK BERRIES BUSH",,SOLD OUT,,,,L: 13in,,,$5.25 ,,,,,,Ragon400,Ragon160,https://cdn11.bigcommerce.com/s-xvps74vl0m/images/stencil/1280x1280/products/10040/28612/G228017_1__72010.1701887212.jpg?c=1,G228017_1__72010.1701887212.jpg?c=1,,,Ragon800,G228017_1__72010.1701887212.jpg?c=1
,,,,,,,,,,,,,,,,,,,,,,,,
BUCK IN THE WOODS PAINT BY NUMBER PLATE,WS221236,Home|Everyday|Kitchen|BUCK IN THE WOODS PAINT BY NUMBER PLATE,FOOD SAFE. DISHWASHER SAFE. TOP RACK ONLY. NOT FOR MICROWAVE OR OVEN USE.,In-Stock: Ships in 5 to 14 days,,,,L: 10in W: 10in,,4,$3.05 ,,,,,4,Ragon400,Ragon160,https://cdn11.bigcommerce.com/s-xvps74vl0m/images/stencil/1280x1280/products/10573/34004/WS221236_1__34603.1712868591.jpg?c=1,WS221236_1__34603.1712868591.jpg?c=1,,,Ragon800,WS221236_1__34603.1712868591.jpg?c=1
,,,,,,,,,,,,,,,,,,,,,,,,
SERVING HOT COCOA SIGN,E226080,Home|Holiday|Signs|SERVING HOT COCOA SIGN,,In-Stock: Ships in 5 to 14 days,,,,L: 12in W: 0.25in H: 6in,,12,$4.40 ,,,,,12,Ragon400,Ragon160,https://cdn11.bigcommerce.com/s-xvps74vl0m/images/stencil/1280x1280/products/10923/33158/E226080_2__68324.1711078810.jpg?c=1,E226080_2__68324.1711078810.jpg?c=1,,,Ragon800,E226080_2__68324.1711078810.jpg?c=1
,,,,,,,,,,,,,,,,,,,,,,,,
"5"" CHEVRON GLASS 3D FLAME CANDLE",NY229004,"Home|Flameless Candles|5"" CHEVRON GLASS 3D FLAME CANDLE","6 HR TIMER | ON/OFF BUTTON
REQUIRES 2 (AA) BATTERIES, BATTERIES NOT INCLUDED.",In-Stock: Ships in 5 to 14 days,,,,L: 4in W: 4in H: 5in,,9,$9.10 ,,,,,9,Ragon400,Ragon160,https://cdn11.bigcommerce.com/s-xvps74vl0m/images/stencil/1280x1280/products/10378/29094/NY229004_4__04786.1701887380.jpg?c=1,NY229004_4__04786.1701887380.jpg?c=1,,,Ragon800,NY229004_4__04786.1701887380.jpg?c=1
,,,,,,,,,,,,,,,,,,,,,,,,
"36"" PURPLE EUCALYPTUS SEED BUSH",G219019,"Home|Everyday|Florals|36"" PURPLE EUCALYPTUS SEED BUSH",,In-Stock: Ships in 5 to 14 days,,,,L: 36in,,6,$8.80 ,,,,,6,Ragon400,Ragon160,https://cdn11.bigcommerce.com/s-xvps74vl0m/images/stencil/1280x1280/products/8365/35750/G219019_7__56435.1733863878.jpg?c=1,G219019_7__56435.1733863878.jpg?c=1,,,Ragon800,G219019_7__56435.1733863878.jpg?c=1
,,,,,,,,,,,,,,,,,,,,,,,,
"19.5"" ORANGE POPPY & DAISY BUSH",G232567,"Home|Everyday|Florals|19.5"" ORANGE POPPY & DAISY BUSH",,SOLD OUT,,,,L: 19.50in W: 8in,,,$9.10 ,,,,,,Ragon400,Ragon160,https://cdn11.bigcommerce.com/s-xvps74vl0m/images/stencil/1280x1280/products/16072/37239/G232567_2__79265.1735573275.jpg?c=1,G232567_2__79265.1735573275.jpg?c=1,,,Ragon800,G232567_2__79265.1735573275.jpg?c=1
,,,,,,,,,,,,,,,,,,,,,,,,
CAT FOOD BIN,HY184016,Home|Everyday|Tabletop & Misc.|CAT FOOD BIN,"13.25""L X 11.25""W X 16.50""H, METAL & WOOD",SOLD OUT,,,,L: 13.25in W: 11.25in H: 16.50in,,,$59.50 ,,,,,,Ragon400,Ragon160,https://cdn11.bigcommerce.com/s-xvps74vl0m/images/stencil/1280x1280/products/4974/9705/HY184016__50952.1626464253.jpg?c=1,HY184016__50952.1626464253.jpg?c=1,,,Ragon800,HY184016__50952.1626464253.jpg?c=1
,,,,,,,,,,,,,,,,,,,,,,,,
"SET/ 12 - 1.75"" RED FLOCKED BALLS",WS218477,"Home|Holiday|Ornaments, Garland & Tree Toppers|SET/ 12 - 1.75"" RED FLOCKED BALLS",,SOLD OUT,,,,L: 1.75in W: 1.75in H: 1.75in,,,$10.45 ,,,,,,Ragon400,Ragon160,https://cdn11.bigcommerce.com/s-xvps74vl0m/images/stencil/1280x1280/products/9774/28420/WS218477_2__59231.1693335045.jpg?c=1,WS218477_2__59231.1693335045.jpg?c=1,,,Ragon800,WS218477_2__59231.1693335045.jpg?c=1
,,,,,,,,,,,,,,,,,,,,,,,,
"16"" SNOWY EVERGREEN W/ RED BERRY PICK",G228908,"Home|Holiday|Greenery, Wreaths & Trees|16"" SNOWY EVERGREEN W/ RED BERRY PICK",,In-Stock: Ships in 5 to 14 days,,,,L: 16in,,12,$4.15 ,,,,,12,Ragon400,Ragon160,https://cdn11.bigcommerce.com/s-xvps74vl0m/images/stencil/1280x1280/products/11495/32153/G228908_4__92057.1708440824.jpg?c=1,G228908_4__92057.1708440824.jpg?c=1,,,Ragon800,G228908_4__92057.1708440824.jpg?c=1
,,,,,,,,,,,,,,,,,,,,,,,,
6' REDWOOD & CEDAR GARLAND,G233459,Home|Holiday|6' REDWOOD & CEDAR GARLAND,,In-Stock: Ships in 5 to 14 days,,,,L: 72in W: 2in,,6,$15.40 ,,,,,6,Ragon400,Ragon160,https://cdn11.bigcommerce.com/s-xvps74vl0m/images/stencil/1280x1280/products/17219/41477/G233459_2__64905.1749826500.jpg?c=1,G233459_2__64905.1749826500.jpg?c=1,,,Ragon800,G233459_2__64905.1749826500.jpg?c=1
,,,,,,,,,,,,,,,,,,,,,,,,
"SET/ 4 - 2.5"" RED FLOCKED BALLS",WS218479,"Home|Holiday|Ornaments, Garland & Tree Toppers|SET/ 4 - 2.5"" RED FLOCKED BALLS",,SOLD OUT,,,,H: 2.50in,,,$6.90 ,,,,,,Ragon400,Ragon160,https://cdn11.bigcommerce.com/s-xvps74vl0m/images/stencil/1280x1280/products/9776/28422/WS218479_4__85947.1693335568.jpg?c=1,WS218479_4__85947.1693335568.jpg?c=1,,,Ragon800,WS218479_4__85947.1693335568.jpg?c=1
,,,,,,,,,,,,,,,,,,,,,,,,
"36"" SANTA'S LIST DUMMY BOARD",WS218422,"Home|Holiday|Tabletop & Misc.|36"" SANTA'S LIST DUMMY BOARD",,In-Stock: Ships in 5 to 14 days,,,,H: 36in,,2,$48.00 ,,,,,2,Ragon400,Ragon160,https://cdn11.bigcommerce.com/s-xvps74vl0m/images/stencil/1280x1280/products/9410/25722/WS218422_2__82276.1677258241.jpg?c=1,WS218422_2__82276.1677258241.jpg?c=1,,,Ragon800,WS218422_2__82276.1677258241.jpg?c=1
,,,,,,,,,,,,,,,,,,,,,,,,
".5"" RED VELVET WIRED RIBBON",SS211976,"Home|Holiday|Textiles|.5"" RED VELVET WIRED RIBBON",,Projected Summer 2025,,,,L: 360in W: 0.50in,,5,$7.15 ,,,,,5,Ragon400,Ragon160,https://cdn11.bigcommerce.com/s-xvps74vl0m/images/stencil/1280x1280/products/9864/27514/SS211976_1__43521.1679582948.jpg?c=1,SS211976_1__43521.1679582948.jpg?c=1,,,Ragon800,SS211976_1__43521.1679582948.jpg?c=1
,,,,,,,,,,,,,,,,,,,,,,,,
"28"" x 18"" SANTA W/ DEER PRINT",RH239754,"Home|Holiday|Signs|28"" x 18"" SANTA W/ DEER PRINT",,Projected Summer 2025,,,,L: 18in H: 28in,,2,$28.75 ,,,,,2,Ragon400,Ragon160,https://cdn11.bigcommerce.com/s-xvps74vl0m/images/stencil/1280x1280/products/18353/40101/RH239754_3__36385.1747944232.jpg?c=1,RH239754_3__36385.1747944232.jpg?c=1,,,Ragon800,RH239754_3__36385.1747944232.jpg?c=1
,,,,,,,,,,,,,,,,,,,,,,,,
"3"" RED WINE GLASS ORNAMENT",SS232307,"Home|Holiday|Ornaments, Garland & Tree Toppers|3"" RED WINE GLASS ORNAMENT",,In-Stock: Ships in 5 to 14 days,,,,L: 3in,,6,$3.05 ,,,,,6,Ragon400,Ragon160,https://cdn11.bigcommerce.com/s-xvps74vl0m/images/stencil/1280x1280/products/17831/41598/SS232307_4__93553.1749826527.jpg?c=1,SS232307_4__93553.1749826527.jpg?c=1,,,Ragon800,SS232307_4__93553.1749826527.jpg?c=1
,,,,,,,,,,,,,,,,,,,,,,,,
SET/ 6 SPECKLED CREAM EGGS,G233188,Home|Everyday|Spring & Garden|SET/ 6 SPECKLED CREAM EGGS,"INDIVIDUAL EGG: 2""L 2""W 2.5""H",In-Stock: Ships in 5 to 14 days,,,,L: 6in W: 4in H: 3.50in,,12,$4.15 ,,,,,12,Ragon400,Ragon160,https://cdn11.bigcommerce.com/s-xvps74vl0m/images/stencil/1280x1280/products/16212/36245/G233188_2__32131.1733943255.jpg?c=1,G233188_2__32131.1733943255.jpg?c=1,,,Ragon800,G233188_2__32131.1733943255.jpg?c=1
,,,,,,,,,,,,,,,,,,,,,,,,
STARTING RIGHT WITH BEES JOURNAL,BF235094,Home|Sale!|Everyday|STARTING RIGHT WITH BEES JOURNAL,,In-Stock: Ships in 5 to 14 days,,,,L: 5.25in W: 1.75in H: 8in,,4,$8.80 ,,,,,4,Ragon400,Ragon160,https://cdn11.bigcommerce.com/s-xvps74vl0m/images/stencil/1280x1280/products/15823/36745/BF235094_2__91087.1733943379.jpg?c=1,BF235094_2__91087.1733943379.jpg?c=1,,,Ragon800,BF235094_2__91087.1733943379.jpg?c=1
,,,,,,,,,,,,,,,,,,,,,,,,
MONARCH BUTTERFLY ORNAMENT,FB225423,Home|Everyday|Wall Décor|MONARCH BUTTERFLY ORNAMENT,"TWINE HANGER
DOUBLE SIDED",SOLD OUT,,,,L: 5in W: 0.50in H: 3.25in,,,$4.70 ,,,,,,Ragon400,Ragon160,https://cdn11.bigcommerce.com/s-xvps74vl0m/images/stencil/1280x1280/products/11024/33384/FB225423_3__34150.1711115397.jpg?c=1,FB225423_3__34150.1711115397.jpg?c=1,,,Ragon800,FB225423_3__34150.1711115397.jpg?c=1
,,,,,,,,,,,,,,,,,,,,,,,,
"11"" FLOCKED PINE W/ PINECONES WREATH",G219487,"Home|Holiday|Greenery, Wreaths & Trees|11"" FLOCKED PINE W/ PINECONES WREATH","INNER 3.75""",In-Stock: Ships in 5 to 14 days,,,,L: 11in,,12,$7.15 ,,,,,12,Ragon400,Ragon160,https://cdn11.bigcommerce.com/s-xvps74vl0m/images/stencil/1280x1280/products/8814/41376/G219487_1__04742.1749826477.jpg?c=1,G219487_1__04742.1749826477.jpg?c=1,,,Ragon800,G219487_1__04742.1749826477.jpg?c=1
,,,,,,,,,,,,,,,,,,,,,,,,
"14"" WOODEN ARCHED LANTERN",E234680,"Home|Everyday|Lanterns, Lights & Hooks|14"" WOODEN ARCHED LANTERN",,In-Stock: Ships in 5 to 14 days,,,,L: 6.50in W: 6in H: 14in,,4,$27.50 ,,,,,4,Ragon400,Ragon160,https://cdn11.bigcommerce.com/s-xvps74vl0m/images/stencil/1280x1280/products/18299/39769/E234680_5__97961.1741631049.jpg?c=1,E234680_5__97961.1741631049.jpg?c=1,,,Ragon800,E234680_5__97961.1741631049.jpg?c=1
,,,,,,,,,,,,,,,,,,,,,,,,
"5"" DARK GREEN GROOVED 3D FLAME CANDLE",NY236592,"Home|Flameless Candles|5"" DARK GREEN GROOVED 3D FLAME CANDLE","6 HR TIMER | ON/OFF BUTTON
REQUIRES 3 (AAA) BATTERIES, BATTERIES NOT INCLUDED.",In-Stock: Ships in 5 to 14 days,,,,L: 3in W: 3in H: 5in,,6,$5.80 ,,,,,6,Ragon400,Ragon160,https://cdn11.bigcommerce.com/s-xvps74vl0m/images/stencil/1280x1280/products/16665/36428/NY236592_2__06448.1750786887.jpg?c=1,NY236592_2__06448.1750786887.jpg?c=1,,,Ragon800,NY236592_2__06448.1750786887.jpg?c=1
,,,,,,,,,,,,,,,,,,,,,,,,
ANTIQUE GOLD WALL WINGS,H223255,Home|Everyday|Wall Décor|ANTIQUE GOLD WALL WINGS,2 KEYHOLE HANGERS,In-Stock: Ships in 5 to 14 days,,,,L: 39.50in W: 1.25in H: 20in,,1,$65.00 ,,,,,1,Ragon400,Ragon160,https://cdn11.bigcommerce.com/s-xvps74vl0m/images/stencil/1280x1280/products/10170/28789/H223255_2__31854.1701887279.jpg?c=1,H223255_2__31854.1701887279.jpg?c=1,,,Ragon800,H223255_2__31854.1701887279.jpg?c=1
,,,,,,,,,,,,,,,,,,,,,,,,
"26"" MOSSY PINECONE & TWIG SPRAY",G228970,"Home|Holiday|Cabin & Lodge|26"" MOSSY PINECONE & TWIG SPRAY",,Late August,,,,L: 26in,,12,$4.95 ,,,,,12,Ragon400,Ragon160,https://cdn11.bigcommerce.com/s-xvps74vl0m/images/stencil/1280x1280/products/11544/41424/G228970_1__76851.1749826487.jpg?c=1,G228970_1__76851.1749826487.jpg?c=1,,,Ragon800,G228970_1__76851.1749826487.jpg?c=1
,,,,,,,,,,,,,,,,,,,,,,,,
"3"" BLACK KUGEL ORNAMENT",SS211836,"Home|Holiday|Ornaments, Garland & Tree Toppers|3"" BLACK KUGEL ORNAMENT",,In-Stock: Ships in 5 to 14 days,,,,L: 3in W: 3in H: 3in,,6,$2.75 ,,,,,6,Ragon400,Ragon160,https://cdn11.bigcommerce.com/s-xvps74vl0m/images/stencil/1280x1280/products/9473/27212/SS211836_3__66884.1679582854.jpg?c=1,SS211836_3__66884.1679582854.jpg?c=1,,,Ragon800,SS211836_3__66884.1679582854.jpg?c=1
,,,,,,,,,,,,,,,,,,,,,,,,
9' SMALL ROUND GREEN WOOD BEAD GARLAND,SS221944,"Home|Holiday|Ornaments, Garland & Tree Toppers|9' SMALL ROUND GREEN WOOD BEAD GARLAND",,SOLD OUT,,,,L: 108in,,,$7.70 ,,,,,,Ragon400,Ragon160,https://cdn11.bigcommerce.com/s-xvps74vl0m/images/stencil/1280x1280/products/11861/33748/SS221944__86574.1712154127.jpg?c=1,SS221944__86574.1712154127.jpg?c=1,,,Ragon800,SS221944__86574.1712154127.jpg?c=1
,,,,,,,,,,,,,,,,,,,,,,,,
"12.5"" SURPRISED SNOWMAN CARRYING TREES",WS202324,"Home|Holiday|Snowmen, Santas & Angels|12.5"" SURPRISED SNOWMAN CARRYING TREES",,Projected Summer 2025,,,,L: 6.75in W: 5.50in H: 12.50in,,2,$37.50 ,,,,,2,Ragon400,Ragon160,https://cdn11.bigcommerce.com/s-xvps74vl0m/images/stencil/1280x1280/products/7528/17510/WS202324_4__08605.1645739512.jpg?c=1,WS202324_4__08605.1645739512.jpg?c=1,,,Ragon800,WS202324_4__08605.1645739512.jpg?c=1
,,,,,,,,,,,,,,,,,,,,,,,,
"9"" GRASSY TOPIARY TREE",OR224678,"Home|Everyday|Florals|9"" GRASSY TOPIARY TREE",,SOLD OUT,,,,L: 4.75in W: 4.75in H: 9in,,,$8.80 ,,,,,,Ragon400,Ragon160,https://cdn11.bigcommerce.com/s-xvps74vl0m/images/stencil/1280x1280/products/10477/35993/OR224678_1__65559.1733863948.jpg?c=1,OR224678_1__65559.1733863948.jpg?c=1,,,Ragon800,OR224678_1__65559.1733863948.jpg?c=1
,,,,,,,,,,,,,,,,,,,,,,,,
"10"" WHITE TABLETOP GATE",HY184082,"Home|Everyday|Americana|10"" WHITE TABLETOP GATE","8""L X 10""H, METAL - FOOT PEDESTALS MEASURE 2.5""W",SOLD OUT,,,,L: 8in W: 2.50in H: 10in,,,$11.30 ,,,,,,Ragon400,Ragon160,https://cdn11.bigcommerce.com/s-xvps74vl0m/images/stencil/1280x1280/products/4999/20413/HY184082_11__66157.1661874884.jpg?c=1,HY184082_11__66157.1661874884.jpg?c=1,,,Ragon800,HY184082_11__66157.1661874884.jpg?c=1
,,,,,,,,,,,,,,,,,,,,,,,,
"SET/ 3 - 10"" LATTE BOTTLEBRUSH TREES W/ SNOWY TIPS",WS225454,"Home|Sale!|Holiday|SET/ 3 - 10"" LATTE BOTTLEBRUSH TREES W/ SNOWY TIPS",,In-Stock: Ships in 5 to 14 days,,,,H: 10in,,4,$17.05 ,,,,,4,Ragon400,Ragon160,https://cdn11.bigcommerce.com/s-xvps74vl0m/images/stencil/1280x1280/products/15759/34205/WS225454_3__30208.1728445564.jpg?c=1,WS225454_3__30208.1728445564.jpg?c=1,,,Ragon800,WS225454_3__30208.1728445564.jpg?c=1
,,,,,,,,,,,,,,,,,,,,,,,,
SET/ 3 MINI WINTER THEMED BUCKETS,BF215210,Home|Sale!|Holiday|SET/ 3 MINI WINTER THEMED BUCKETS,"SM: 3.75""L X 3.75""W X 3.75""H
MD: 4.75""L X 4.75""W X 4.75""H
LG: 5.75""L X 5.75""W X 5.75""H",In-Stock: Ships in 5 to 14 days,,,,See Details tab,,4,$15.40 ,,,,,4,Ragon400,Ragon160,https://cdn11.bigcommerce.com/s-xvps74vl0m/images/stencil/1280x1280/products/8163/27819/BF215210_3__19823.1682970534.jpg?c=1,BF215210_3__19823.1682970534.jpg?c=1,,,Ragon800,BF215210_3__19823.1682970534.jpg?c=1
,,,,,,,,,,,,,,,,,,,,,,,,
WHITE METAL 3 BUCKET STAND*,ZH222752,Home|Sale!|Everyday|WHITE METAL 3 BUCKET STAND*,"*ITEM MUST SHIP FREIGHT - ADDITIONAL FREIGHT CHARGES MAY APPLY. ORDERS CONTAINING FREIGHT ITEMS MUST REACH A $1,000 MINIMUM ORDER",In-Stock: Ships in 5 to 14 days,,,,L: 10.75in W: 10.25in H: 32.75in,,2,$136.50 ,,,,,2,Ragon400,Ragon160,https://cdn11.bigcommerce.com/s-xvps74vl0m/images/stencil/1280x1280/products/12655/32881/ZH222752_1__59624.1709219799.jpg?c=1,ZH222752_1__59624.1709219799.jpg?c=1,,,Ragon800,ZH222752_1__59624.1709219799.jpg?c=1
,,,,,,,,,,,,,,,,,,,,,,,,
"27"" STRAWBERRY & RASPBERRY SPRAY",G201188,"Home|Everyday|Florals|27"" STRAWBERRY & RASPBERRY SPRAY",,In-Stock: Ships in 5 to 14 days,,,,L: 27in,,6,$12.65 ,,,,,6,Ragon400,Ragon160,https://cdn11.bigcommerce.com/s-xvps74vl0m/images/stencil/1280x1280/products/6778/18705/G201188_2__43149.1649691085.jpg?c=1,G201188_2__43149.1649691085.jpg?c=1,,,Ragon800,G201188_2__43149.1649691085.jpg?c=1
,,,,,,,,,,,,,,,,,,,,,,,,
"19.75"" BEST DAYS WHITE FRAMED SIGN",E217475,"Home|Sale!|Everyday|19.75"" BEST DAYS WHITE FRAMED SIGN",2 TRIANGLE HANGERS,In-Stock: Ships in 5 to 14 days,,,,L: 19.75in W: 0.75in H: 10in,,4,$14.05 ,,,,,4,Ragon400,Ragon160,https://cdn11.bigcommerce.com/s-xvps74vl0m/images/stencil/1280x1280/products/8301/24401/E217475_3__24761.1677257814.jpg?c=1,E217475_3__24761.1677257814.jpg?c=1,,,Ragon800,E217475_3__24761.1677257814.jpg?c=1
,,,,,,,,,,,,,,,,,,,,,,,,
RESTING SHEEP,KY239073,Home|Holiday|Tabletop & Misc.|RESTING SHEEP,,Late August,,,,L: 3in W: 7.50in H: 4.75in,,4,$6.05 ,,,,,4,Ragon400,Ragon160,https://cdn11.bigcommerce.com/s-xvps74vl0m/images/stencil/1280x1280/products/16934/40406/KY239073_1__52493.1749134173.jpg?c=1,KY239073_1__52493.1749134173.jpg?c=1,,,Ragon800,KY239073_1__52493.1749134173.jpg?c=1
,,,,,,,,,,,,,,,,,,,,,,,,
"2"" SALMON RIBBED KUGEL ORNAMENT",SS221774,"Home|Sale!|Holiday|2"" SALMON RIBBED KUGEL ORNAMENT",,In-Stock: Ships in 5 to 14 days,,,,W: 2in,,6,$1.65 ,,,,,6,Ragon400,Ragon160,https://cdn11.bigcommerce.com/s-xvps74vl0m/images/stencil/1280x1280/products/15679/33701/SS221774__85749.1712154110.jpg?c=1,SS221774__85749.1712154110.jpg?c=1,,,Ragon800,SS221774__85749.1712154110.jpg?c=1
,,,,,,,,,,,,,,,,,,,,,,,,
"20"" PINE, CEDAR & BERRIES HANGING WREATH",G233636,"Home|Holiday|Greenery, Wreaths & Trees|20"" PINE, CEDAR & BERRIES HANGING WREATH","HANG HIEGHT 20""",In-Stock: Ships in 5 to 14 days,,,,L: 18in W: 3in H: 20in,,1,$21.00 ,,,,,1,Ragon400,Ragon160,https://cdn11.bigcommerce.com/s-xvps74vl0m/images/stencil/1280x1280/products/17277/41830/G233636_2__67583.1751983678.jpg?c=1,G233636_2__67583.1751983678.jpg?c=1,,,Ragon800,G233636_2__67583.1751983678.jpg?c=1
,,,,,,,,,,,,,,,,,,,,,,,,
"7"" GREEN BOTTLEBRUSH TREE W/ WIRE BASE",WS202127,"Home|Holiday|Bottlebrush|7"" GREEN BOTTLEBRUSH TREE W/ WIRE BASE",,In-Stock: Ships in 5 to 14 days,,,,L: 3in W: 3in H: 7in,,12,$6.05 ,,,,,12,Ragon400,Ragon160,https://cdn11.bigcommerce.com/s-xvps74vl0m/images/stencil/1280x1280/products/7930/17492/WS202127_1__53136.1645738406.jpg?c=1,WS202127_1__53136.1645738406.jpg?c=1,,,Ragon800,WS202127_1__53136.1645738406.jpg?c=1
,,,,,,,,,,,,,,,,,,,,,,,,
WHITE DANIELLA SNOWFLAKE ORNAMENT,SS239614,"Home|Holiday|Ornaments, Garland & Tree Toppers|WHITE DANIELLA SNOWFLAKE ORNAMENT",,In-Stock: Ships in 5 to 14 days,,,,L: 5in H: 5in,,10,$3.85 ,,,,,10,Ragon400,Ragon160,https://cdn11.bigcommerce.com/s-xvps74vl0m/images/stencil/1280x1280/products/17889/40309/SS239614_1__10712.1748894921.jpg?c=1,SS239614_1__10712.1748894921.jpg?c=1,,,Ragon800,SS239614_1__10712.1748894921.jpg?c=1
,,,,,,,,,,,,,,,,,,,,,,,,
"6.5"" BRONZE BELL",ZH187557,"Home|Holiday|Bells|6.5"" BRONZE BELL","7.25''W X 6.25''H, METAL",In-Stock: Ships in 5 to 14 days,,,,W: 7.25in H: 6.25in,,4,$9.85 ,,,,,4,Ragon400,Ragon160,https://cdn11.bigcommerce.com/s-xvps74vl0m/images/stencil/1280x1280/products/5428/20719/ZH187557_1__85892.1666639272.jpg?c=1,ZH187557_1__85892.1666639272.jpg?c=1,,,Ragon800,ZH187557_1__85892.1666639272.jpg?c=1
,,,,,,,,,,,,,,,,,,,,,,,,
"8"" RED STOCKING ORNAMENT",SS211779,"Home|Holiday|Ornaments, Garland & Tree Toppers|8"" RED STOCKING ORNAMENT",,Projected Summer 2025,,,,H: 8in,,12,$5.50 ,,,,,12,Ragon400,Ragon160,https://cdn11.bigcommerce.com/s-xvps74vl0m/images/stencil/1280x1280/products/9431/28350/SS211779_1__29387.1692899359.jpg?c=1,SS211779_1__29387.1692899359.jpg?c=1,,,Ragon800,SS211779_1__29387.1692899359.jpg?c=1
,,,,,,,,,,,,,,,,,,,,,,,,
"18"" PINK FLOCKED BOTTLEBRUSH TREE",WS218088,"Home|Holiday|Bottlebrush|18"" PINK FLOCKED BOTTLEBRUSH TREE",,In-Stock: Ships in 5 to 14 days,,,,L: 6in W: 6in H: 18in,,4,$15.95 ,,,,,4,Ragon400,Ragon160,https://cdn11.bigcommerce.com/s-xvps74vl0m/images/stencil/1280x1280/products/9218/25454/WS218088_1__45655.1677258153.jpg?c=1,WS218088_1__45655.1677258153.jpg?c=1,,,Ragon800,WS218088_1__45655.1677258153.jpg?c=1
,,,,,,,,,,,,,,,,,,,,,,,,
RED ONE WAY OR ANOTHER HANGING SIGN,E226633,Home|Sale!|Everyday|RED ONE WAY OR ANOTHER HANGING SIGN,CHAIN HANGER,In-Stock: Ships in 5 to 14 days,,,,L: 15.50in W: 0.50in H: 18in,,4,$11.00 ,,,,,4,Ragon400,Ragon160,https://cdn11.bigcommerce.com/s-xvps74vl0m/images/stencil/1280x1280/products/10762/29678/E226633_4__45060.1701963500.jpg?c=1,E226633_4__45060.1701963500.jpg?c=1,,,Ragon800,E226633_4__45060.1701963500.jpg?c=1
,,,,,,,,,,,,,,,,,,,,,,,,
"16"" GREY STAR SLEIGH BELL",BF225790,"Home|Holiday|Bells|16"" GREY STAR SLEIGH BELL",Assembly Required,In-Stock: Ships in 5 to 14 days,,,,L: 16in W: 16in H: 20in,,2,$42.00 ,,,,,2,Ragon400,Ragon160,https://cdn11.bigcommerce.com/s-xvps74vl0m/images/stencil/1280x1280/products/10891/33329/BF225790_2__79235.1711115380.jpg?c=1,BF225790_2__79235.1711115380.jpg?c=1,,,Ragon800,BF225790_2__79235.1711115380.jpg?c=1
,,,,,,,,,,,,,,,,,,,,,,,,
"10"" BLACK & BROWN TWO TONE VASE",FB225337,"Home|Everyday|Vases|10"" BLACK & BROWN TWO TONE VASE",,In-Stock: Ships in 5 to 14 days,,,,L: 5in W: 5in H: 10in,,4,$11.55 ,,,,,4,Ragon400,Ragon160,https://cdn11.bigcommerce.com/s-xvps74vl0m/images/stencil/1280x1280/products/13406/36047/FB225337_1__51083.1733941963.jpg?c=1,FB225337_1__51083.1733941963.jpg?c=1,,,Ragon800,FB225337_1__51083.1733941963.jpg?c=1
,,,,,,,,,,,,,,,,,,,,,,,,
HOLIDAY BERRIES IN ROUND GOLD FRAME,E234659,Home|Collections|2025 Products|HOLIDAY|HOLIDAY BERRIES IN ROUND GOLD FRAME,,In-Stock: Ships in 5 to 14 days,,,,L: 7.75in W: 1in H: 9.25in,,4,$11.55 ,,,,,4,Ragon400,Ragon160,https://cdn11.bigcommerce.com/s-xvps74vl0m/images/stencil/1280x1280/products/17123/39759/E234659_4__12932.1741630533.jpg?c=1,E234659_4__12932.1741630533.jpg?c=1,,,Ragon800,E234659_4__12932.1741630533.jpg?c=1
,,,,,,,,,,,,,,,,,,,,,,,,
4.5' PURE PINE HANGING GARLAND,G232690,"Home|Holiday|Greenery, Wreaths & Trees|4.5' PURE PINE HANGING GARLAND",,In-Stock: Ships in 5 to 14 days,,,,L: 54in W: 10in,,4,$21.50 ,,,,,4,Ragon400,Ragon160,https://cdn11.bigcommerce.com/s-xvps74vl0m/images/stencil/1280x1280/products/17164/41427/G232690_1__52803.1749826489.jpg?c=1,G232690_1__52803.1749826489.jpg?c=1,,,Ragon800,G232690_1__52803.1749826489.jpg?c=1
,,,,,,,,,,,,,,,,,,,,,,,,
HANGING GOLD HEART ORNAMENT,BF225767,"Home|Holiday|Ornaments, Garland & Tree Toppers|HANGING GOLD HEART ORNAMENT",TWINE HANGER,In-Stock: Ships in 5 to 14 days,,,,L: 4.25in W: 1in H: 5.50in,,12,$4.95 ,,,,,12,Ragon400,Ragon160,https://cdn11.bigcommerce.com/s-xvps74vl0m/images/stencil/1280x1280/products/10875/32904/BF225767_1__35821.1710521286.jpg?c=1,BF225767_1__35821.1710521286.jpg?c=1,,,Ragon800,BF225767_1__35821.1710521286.jpg?c=1
,,,,,,,,,,,,,,,,,,,,,,,,
"6.75"" GOLD SLEIGH BELL",ZH213529,"Home|Holiday|Bells|6.75"" GOLD SLEIGH BELL",,SOLD OUT,,,,L: 6.75in W: 6.75in,,,$13.75 ,,,,,,Ragon400,Ragon160,https://cdn11.bigcommerce.com/s-xvps74vl0m/images/stencil/1280x1280/products/9575/27276/ZH213529_3__73675.1679582873.jpg?c=1,ZH213529_3__73675.1679582873.jpg?c=1,,,Ragon800,ZH213529_3__73675.1679582873.jpg?c=1
,,,,,,,,,,,,,,,,,,,,,,,,
FRAMED HOLIDAY STAG OVAL PRINT,H237536,Home|Holiday|Signs|FRAMED HOLIDAY STAG OVAL PRINT,1 SAWTOOTH HANGER,In-Stock: Ships in 5 to 14 days,,,,L: 18in W: 1in H: 21.25in,,1,$54.00 ,,,,,1,Ragon400,Ragon160,https://cdn11.bigcommerce.com/s-xvps74vl0m/images/stencil/1280x1280/products/17374/41541/H237536_4__41117.1749826516.jpg?c=1,H237536_4__41117.1749826516.jpg?c=1,,,Ragon800,H237536_4__41117.1749826516.jpg?c=1
,,,,,,,,,,,,,,,,,,,,,,,,
FRAMED HOLIDAY STAG ORNAMENT,H237543,"Home|Holiday|Ornaments, Garland & Tree Toppers|FRAMED HOLIDAY STAG ORNAMENT","HANG HEIGHT: 11.75""
RIBBON HANGER",In-Stock: Ships in 5 to 14 days,,,,L: 4.50in W: 0.25in H: 5.50in,,12,$4.15 ,,,,,12,Ragon400,Ragon160,https://cdn11.bigcommerce.com/s-xvps74vl0m/images/stencil/1280x1280/products/17381/40596/H237543_4__37153.1749155284.jpg?c=1,H237543_4__37153.1749155284.jpg?c=1,,,Ragon800,H237543_4__37153.1749155284.jpg?c=1
,,,,,,,,,,,,,,,,,,,,,,,,
RED & WHITE RIBBON CANDY ORNAMENT,WS231689,"Home|Holiday|Ornaments, Garland & Tree Toppers|RED & WHITE RIBBON CANDY ORNAMENT",,Early September,,,,L: 1in W: 1in H: 3.50in,,12,$1.95 ,,,,,12,Ragon400,Ragon160,https://cdn11.bigcommerce.com/s-xvps74vl0m/images/stencil/1280x1280/products/18163/40465/WS231689_3__89998.1749138555.jpg?c=1,WS231689_3__89998.1749138555.jpg?c=1,,,Ragon800,WS231689_3__89998.1749138555.jpg?c=1
,,,,,,,,,,,,,,,,,,,,,,,,
RED & SILVER BEADED SNOWFLAKE TREE TOPPER,WS231611,"Home|Holiday|Ornaments, Garland & Tree Toppers|RED & SILVER BEADED SNOWFLAKE TREE TOPPER",,Early September,,,,L: 8in W: 2.25in H: 12.50in,,12,$6.60 ,,,,,12,Ragon400,Ragon160,https://cdn11.bigcommerce.com/s-xvps74vl0m/images/stencil/1280x1280/products/18107/41695/WS231611_2__24294.1749826546.jpg?c=1,WS231611_2__24294.1749826546.jpg?c=1,,,Ragon800,WS231611_2__24294.1749826546.jpg?c=1
,,,,,,,,,,,,,,,,,,,,,,,,
"18.25"" TENCH FISH",FB225388,"Home|Sale!|Everyday|18.25"" TENCH FISH",2 SAWTOOTH HANGER & TWINE HANGER,In-Stock: Ships in 5 to 14 days,,,,L: 18.25in W: 0.25in H: 9.25in,,6,$9.65 ,,,,,6,Ragon400,Ragon160,https://cdn11.bigcommerce.com/s-xvps74vl0m/images/stencil/1280x1280/products/10812/33361/FB225388_2__89677.1711115389.jpg?c=1,FB225388_2__89677.1711115389.jpg?c=1,,,Ragon800,FB225388_2__89677.1711115389.jpg?c=1
,,,,,,,,,,,,,,,,,,,,,,,,
"12.5"" KENTUCKY SNOWMAN",WS221292,"Home|Holiday|Snowmen, Santas & Angels|12.5"" KENTUCKY SNOWMAN",,In-Stock: Ships in 5 to 14 days,,,,L: 5.50in W: 5in H: 12.50in,,2,$23.25 ,,,,,2,Ragon400,Ragon160,https://cdn11.bigcommerce.com/s-xvps74vl0m/images/stencil/1280x1280/products/12127/32791/WS221292_1__35489.1709219768.jpg?c=1,WS221292_1__35489.1709219768.jpg?c=1,,,Ragon800,WS221292_1__35489.1709219768.jpg?c=1
,,,,,,,,,,,,,,,,,,,,,,,,
"6"" SANTA'S SLEIGH POSTCARD ORNAMENT",WS218269,"Home|Holiday|Ornaments, Garland & Tree Toppers|6"" SANTA'S SLEIGH POSTCARD ORNAMENT",,In-Stock: Ships in 5 to 14 days,,,,L: 4in W: 0.50in H: 6in,,12,$3.60 ,,,,,12,Ragon400,Ragon160,https://cdn11.bigcommerce.com/s-xvps74vl0m/images/stencil/1280x1280/products/9325/27159/WS218269__1__20343.1679582837.jpg?c=1,WS218269__1__20343.1679582837.jpg?c=1,,,Ragon800,WS218269__1__20343.1679582837.jpg?c=1
,,,,,,,,,,,,,,,,,,,,,,,,
"21.5"" METAL WHEELBARROW",BF235087,"Home|Everyday|Spring & Garden|21.5"" METAL WHEELBARROW",,In-Stock: Ships in 5 to 14 days,,,,L: 21.50in W: 9.75in H: 7.75in,,2,$22.00 ,,,,,2,Ragon400,Ragon160,https://cdn11.bigcommerce.com/s-xvps74vl0m/images/stencil/1280x1280/products/15818/41769/BF235087_1__80061.1750795870.jpg?c=1,BF235087_1__80061.1750795870.jpg?c=1,,,Ragon800,BF235087_1__80061.1750795870.jpg?c=1
,,,,,,,,,,,,,,,,,,,,,,,,
ADD BACON CUTTING BOARD,E203410,Home|Everyday|Kitchen|ADD BACON CUTTING BOARD,"TWINE HANGER - HANDLE HEIGHT 21""H",SOLD OUT,,,,L: 7in W: 0.50in H: 17in,,,$8.25 ,,,,,,Ragon400,Ragon160,https://cdn11.bigcommerce.com/s-xvps74vl0m/images/stencil/1280x1280/products/6587/14304/E203410_4__70444.1689611540.jpg?c=1,E203410_4__70444.1689611540.jpg?c=1,,,Ragon800,E203410_4__70444.1689611540.jpg?c=1
,,,,,,,,,,,,,,,,,,,,,,,,
"30.5"" CREAM MINI DAISY SPRAY",G232604,"Home|Everyday|Florals|30.5"" CREAM MINI DAISY SPRAY",,SOLD OUT,,,,L: 30.50in W: 8in,,,$4.40 ,,,,,,Ragon400,Ragon160,https://cdn11.bigcommerce.com/s-xvps74vl0m/images/stencil/1280x1280/products/16082/34400/G232604_1__23427.1733861216.jpg?c=1,G232604_1__23427.1733861216.jpg?c=1,,,Ragon800,G232604_1__23427.1733861216.jpg?c=1
,,,,,,,,,,,,,,,,,,,,,,,,
"2.5"" TAN UNWIRED VELVET RIBBON",SS236133,"Home|Holiday|Textiles|2.5"" TAN UNWIRED VELVET RIBBON",,Projected Summer 2025,,,,L: 360in W: 2.50in,,6,$10.75 ,,,,,6,Ragon400,Ragon160,https://cdn11.bigcommerce.com/s-xvps74vl0m/images/stencil/1280x1280/products/17759/41709/ss236133_3__26953.1749835195.jpg?c=1,ss236133_3__26953.1749835195.jpg?c=1,,,Ragon800,ss236133_3__26953.1749835195.jpg?c=1
,,,,,,,,,,,,,,,,,,,,,,,,
"SET/ 4 - 3.25"" GREY FLOCKED BALLS",WS218466,"Home|Holiday|Cabin & Lodge|SET/ 4 - 3.25"" GREY FLOCKED BALLS",,SOLD OUT,,,,H: 3.25in,,,$9.65 ,,,,,,Ragon400,Ragon160,https://cdn11.bigcommerce.com/s-xvps74vl0m/images/stencil/1280x1280/products/9610/27344/WS218466_3__18150.1679582895.jpg?c=1,WS218466_3__18150.1679582895.jpg?c=1,,,Ragon800,WS218466_3__18150.1679582895.jpg?c=1
,,,,,,,,,,,,,,,,,,,,,,,,
"SET/ 12 - 1.75"" BLACK FLOCKED BALLS",WS221382,"Home|Sale!|Holiday|SET/ 12 - 1.75"" BLACK FLOCKED BALLS",,In-Stock: Ships in 5 to 14 days,,,,H: 1.75in,,12,$10.45 ,,,,,12,Ragon400,Ragon160,https://cdn11.bigcommerce.com/s-xvps74vl0m/images/stencil/1280x1280/products/12217/32958/WS221382_2__38543.1710521306.jpg?c=1,WS221382_2__38543.1710521306.jpg?c=1,,,Ragon800,WS221382_2__38543.1710521306.jpg?c=1
,,,,,,,,,,,,,,,,,,,,,,,,
"26"" BRONZE LASER CUT CLOCK",E203254,"Home|Everyday|Wall Décor|26"" BRONZE LASER CUT CLOCK","REQUIRES 1 AA BATTERY, NOT INCLUDED. 1 KEYHOLD HANGER.",In-Stock: Ships in 5 to 14 days,,,,L: 26in W: 1in H: 26in,,2,$104.50 ,,,,,2,Ragon400,Ragon160,https://cdn11.bigcommerce.com/s-xvps74vl0m/images/stencil/1280x1280/products/6523/13350/E203254__18335.1641401774.jpg?c=1,E203254__18335.1641401774.jpg?c=1,,,Ragon800,E203254__18335.1641401774.jpg?c=1
,,,,,,,,,,,,,,,,,,,,,,,,
FUR DEER WRAPPED IN CHRISTMAS LIGHTS ORNAMENT,KY239007,"Home|Holiday|Ornaments, Garland & Tree Toppers|FUR DEER WRAPPED IN CHRISTMAS LIGHTS ORNAMENT",,Late August,,,,L: 4.25in W: 1.50in H: 4.75in,,12,$3.85 ,,,,,12,Ragon400,Ragon160,https://cdn11.bigcommerce.com/s-xvps74vl0m/images/stencil/1280x1280/products/16893/40365/KY239007_1__63388.1749065109.jpg?c=1,KY239007_1__63388.1749065109.jpg?c=1,,,Ragon800,KY239007_1__63388.1749065109.jpg?c=1
,,,,,,,,,,,,,,,,,,,,,,,,
SET/ 6 RED & WHITE PAPER FANS,WS227571,Home|Everyday|Americana|SET/ 6 RED & WHITE PAPER FANS,"SM (2): 8""L X 8""H MD (2): 12""L X 12""H LG (2): 15""L X 15""H",In-Stock: Ships in 5 to 14 days,,,,See Details tab,,10,$8.25 ,,,,,10,Ragon400,Ragon160,https://cdn11.bigcommerce.com/s-xvps74vl0m/images/stencil/1280x1280/products/10601/29391/WS227571__52310.1701887485.jpg?c=1,WS227571__52310.1701887485.jpg?c=1,,,Ragon800,WS227571__52310.1701887485.jpg?c=1
,,,,,,,,,,,,,,,,,,,,,,,,
GREEN MULTIPLE STOCKING HOLDER,E203762,Home|Sale!|Holiday|GREEN MULTIPLE STOCKING HOLDER,,In-Stock: Ships in 5 to 14 days,,,,L: 12in W: 4in H: 2in,,2,$15.15 ,,,,,2,Ragon400,Ragon160,https://cdn11.bigcommerce.com/s-xvps74vl0m/images/stencil/1280x1280/products/6733/28470/E203762__81944.1695930563.jpg?c=1,E203762__81944.1695930563.jpg?c=1,,,Ragon800,E203762__81944.1695930563.jpg?c=1
,,,,,,,,,,,,,,,,,,,,,,,,
SNOWMAN STOCKING HOLDER,E203752,Home|Sale!|Holiday|SNOWMAN STOCKING HOLDER,,In-Stock: Ships in 5 to 14 days,,,,L: 5in W: 3.75in H: 6.25in,,6,$14.85 ,,,,,6,Ragon400,Ragon160,https://cdn11.bigcommerce.com/s-xvps74vl0m/images/stencil/1280x1280/products/6723/17971/E203752_5__09129.1664232899.jpg?c=1,E203752_5__09129.1664232899.jpg?c=1,,,Ragon800,E203752_5__09129.1664232899.jpg?c=1
,,,,,,,,,,,,,,,,,,,,,,,,
"24"" GLITTERED MIXED PINE WREATH",G232763,"Home|Holiday|Greenery, Wreaths & Trees|24"" GLITTERED MIXED PINE WREATH",,In-Stock: Ships in 5 to 14 days,,,,L: 24in W: 3in H: 24in,,2,$32.00 ,,,,,2,Ragon400,Ragon160,https://cdn11.bigcommerce.com/s-xvps74vl0m/images/stencil/1280x1280/products/11154/41443/G232763_1__03885.1749826492.jpg?c=1,G232763_1__03885.1749826492.jpg?c=1,,,Ragon800,G232763_1__03885.1749826492.jpg?c=1
,,,,,,,,,,,,,,,,,,,,,,,,
"12"" BLUE BERRIES BUSH",G228064,"Home|Everyday|Florals|12"" BLUE BERRIES BUSH",,In-Stock: Ships in 5 to 14 days,,,,L: 12in,,12,$4.15 ,,,,,12,Ragon400,Ragon160,https://cdn11.bigcommerce.com/s-xvps74vl0m/images/stencil/1280x1280/products/10055/35551/G228064_6__54180.1733863823.jpg?c=1,G228064_6__54180.1733863823.jpg?c=1,,,Ragon800,G228064_6__54180.1733863823.jpg?c=1
,,,,,,,,,,,,,,,,,,,,,,,,
"11.5"" ESPERANZA VASE",MH236730,"Home|Sale!|Everyday|11.5"" ESPERANZA VASE",,In-Stock: Ships in 5 to 14 days,,,,L: 8.75in W: 5.50in H: 11.50in,,2,$18.45 ,,,,,2,Ragon400,Ragon160,https://cdn11.bigcommerce.com/s-xvps74vl0m/images/stencil/1280x1280/products/16567/39865/MH236730__05764.1743397102.jpg?c=1,MH236730__05764.1743397102.jpg?c=1,,,Ragon800,MH236730__05764.1743397102.jpg?c=1
,,,,,,,,,,,,,,,,,,,,,,,,
"16"" FROSTED PINE & CEDAR W/ BERRIES, ORNAMENTS & PINECONE PICK",G233457,"Home|Holiday|16"" FROSTED PINE & CEDAR W/ BERRIES, ORNAMENTS & PINECONE PICK",,In-Stock: Ships in 5 to 14 days,,,,L: 16in W: 4in,,12,$6.05 ,,,,,12,Ragon400,Ragon160,https://cdn11.bigcommerce.com/s-xvps74vl0m/images/stencil/1280x1280/products/17217/41201/G233457_1__09135.1749826442.jpg?c=1,G233457_1__09135.1749826442.jpg?c=1,,,Ragon800,G233457_1__09135.1749826442.jpg?c=1
,,,,,,,,,,,,,,,,,,,,,,,,
"14"" BLACK HANGING PILLAR CANDLE HOLDER",HY238135,"Home|Everyday|Candle Holders|14"" BLACK HANGING PILLAR CANDLE HOLDER","HOLDS 4"" CANDLE
HOOK HANGER",SOLD OUT,,,,L: 5.25in W: 5.25in H: 14in,,,$9.10 ,,,,,,Ragon400,Ragon160,https://cdn11.bigcommerce.com/s-xvps74vl0m/images/stencil/1280x1280/products/16408/37214/HY238135_2__30223.1733943505.jpg?c=1,HY238135_2__30223.1733943505.jpg?c=1,,,Ragon800,HY238135_2__30223.1733943505.jpg?c=1
,,,,,,,,,,,,,,,,,,,,,,,,
6' OLIVE TREE IN BLACK POT,G228310,Home|Everyday|Florals|6' OLIVE TREE IN BLACK POT,Assembly required ,SOLD OUT,,,,H: 72in,,,$102.00 ,,,,,,Ragon400,Ragon160,https://cdn11.bigcommerce.com/s-xvps74vl0m/images/stencil/1280x1280/products/10144/28763/G228310_3__94414.1701887270.jpg?c=1,G228310_3__94414.1701887270.jpg?c=1,,,Ragon800,G228310_3__94414.1701887270.jpg?c=1
,,,,,,,,,,,,,,,,,,,,,,,,
"8"" CLEAR GLASS JAR W/ WHITE LID",SE221631,"Home|Everyday|Kitchen|8"" CLEAR GLASS JAR W/ WHITE LID",,In-Stock: Ships in 5 to 14 days,,,,L: 6.50in W: 6.50in H: 8in,,3,$20.50 ,,,,,3,Ragon400,Ragon160,https://cdn11.bigcommerce.com/s-xvps74vl0m/images/stencil/1280x1280/products/10523/34116/SE221631_4__82631.1719419915.jpg?c=1,SE221631_4__82631.1719419915.jpg?c=1,,,Ragon800,SE221631_4__82631.1719419915.jpg?c=1
,,,,,,,,,,,,,,,,,,,,,,,,
"5"" CREAM FLUTED GLASS 3D FLAME CANDLE",NY229054,"Home|Flameless Candles|5"" CREAM FLUTED GLASS 3D FLAME CANDLE","6 HR TIMER | ON/OFF BUTTON
REQUIRES 3 (AA) BATTERIES, BATTERIES NOT INCLUDED.",In-Stock: Ships in 5 to 14 days,,,,L: 3.50in W: 3.50in H: 5in,,6,$11.30 ,,,,,6,Ragon400,Ragon160,https://cdn11.bigcommerce.com/s-xvps74vl0m/images/stencil/1280x1280/products/10420/29187/NY229054_3__93755.1701887408.jpg?c=1,NY229054_3__93755.1701887408.jpg?c=1,,,Ragon800,NY229054_3__93755.1701887408.jpg?c=1
,,,,,,,,,,,,,,,,,,,,,,,,
"24"" PINE, EUCALYPTUS & BERRIES WREATH",G224950,"Home|Holiday|Greenery, Wreaths & Trees|24"" PINE, EUCALYPTUS & BERRIES WREATH",,In-Stock: Ships in 5 to 14 days,,,,L: 24in H: 24in,,2,$39.75 ,,,,,2,Ragon400,Ragon160,https://cdn11.bigcommerce.com/s-xvps74vl0m/images/stencil/1280x1280/products/11105/32103/G224950_3__79140.1708440805.jpg?c=1,G224950_3__79140.1708440805.jpg?c=1,,,Ragon800,G224950_3__79140.1708440805.jpg?c=1
,,,,,,,,,,,,,,,,,,,,,,,,
"7.5"" FLARED BRONZE VASE",E234256,"Home|Sale!|Everyday|7.5"" FLARED BRONZE VASE",,In-Stock: Ships in 5 to 14 days,,,,L: 6.25in W: 6.25in H: 7.50in,,2,$9.65 ,,,,,2,Ragon400,Ragon160,https://cdn11.bigcommerce.com/s-xvps74vl0m/images/stencil/1280x1280/products/15886/36513/E234256_3__07841.1733943315.jpg?c=1,E234256_3__07841.1733943315.jpg?c=1,,,Ragon800,E234256_3__07841.1733943315.jpg?c=1
,,,,,,,,,,,,,,,,,,,,,,,,
"12.5"" FOUR DIVIDER CADDY",ZH238657,"Home|Everyday|Kitchen|12.5"" FOUR DIVIDER CADDY","INDIVIDUAL HOLDER: 6""L 4""W 4""H",In-Stock: Ships in 5 to 14 days,,,,L: 12.50in W: 8.25in H: 8in,,2,$18.15 ,,,,,2,Ragon400,Ragon160,https://cdn11.bigcommerce.com/s-xvps74vl0m/images/stencil/1280x1280/products/16886/37187/ZH238657_1__55230.1733943498.jpg?c=1,ZH238657_1__55230.1733943498.jpg?c=1,,,Ragon800,ZH238657_1__55230.1733943498.jpg?c=1
,,,,,,,,,,,,,,,,,,,,,,,,
"12.5"" HOLLY COLLAR SNOWMAN",WS192059,"Home|Holiday|Snowmen, Santas & Angels|12.5"" HOLLY COLLAR SNOWMAN","6.25""L X 5""W X 12.50""H, MACHE",Projected Summer 2025,,,,L: 6.25in W: 5in H: 12.50in,,2,$31.75 ,,,,,2,Ragon400,Ragon160,https://cdn11.bigcommerce.com/s-xvps74vl0m/images/stencil/1280x1280/products/3241/12044/WS192059_2__22218.1626464790.jpg?c=1,WS192059_2__22218.1626464790.jpg?c=1,,,Ragon800,WS192059_2__22218.1626464790.jpg?c=1
,,,,,,,,,,,,,,,,,,,,,,,,
"SET/ 12 - 1.75"" NEUTRAL FLOCKED BALLS",WS221306,"Home|Holiday|Cabin & Lodge|SET/ 12 - 1.75"" NEUTRAL FLOCKED BALLS",,In-Stock: Ships in 5 to 14 days,,,,H: 1.75in,,12,$10.45 ,,,,,12,Ragon400,Ragon160,https://cdn11.bigcommerce.com/s-xvps74vl0m/images/stencil/1280x1280/products/12141/32927/WS221306_1__92334.1710521295.jpg?c=1,WS221306_1__92334.1710521295.jpg?c=1,,,Ragon800,WS221306_1__92334.1710521295.jpg?c=1
,,,,,,,,,,,,,,,,,,,,,,,,
SPHERE PILLAR CANDLE HOLDER,HY238160,Home|Everyday|Candle Holders|SPHERE PILLAR CANDLE HOLDER,"HOLDS 4"" CANDLE",SOLD OUT,,,,L: 7.75in W: 7.75in H: 6.25in,,,$15.95 ,,,,,,Ragon400,Ragon160,https://cdn11.bigcommerce.com/s-xvps74vl0m/images/stencil/1280x1280/products/16418/36602/HY238160_2__61257.1733943340.jpg?c=1,HY238160_2__61257.1733943340.jpg?c=1,,,Ragon800,HY238160_2__61257.1733943340.jpg?c=1
,,,,,,,,,,,,,,,,,,,,,,,,
"6.75"" STANDING FAWN ORNAMENT",WS218137,"Home|Holiday|Cabin & Lodge|6.75"" STANDING FAWN ORNAMENT",,In-Stock: Ships in 5 to 14 days,,,,H: 6.75in,,6,$5.50 ,,,,,6,Ragon400,Ragon160,https://cdn11.bigcommerce.com/s-xvps74vl0m/images/stencil/1280x1280/products/9243/27073/WS218137_3__83819.1679582811.jpg?c=1,WS218137_3__83819.1679582811.jpg?c=1,,,Ragon800,WS218137_3__83819.1679582811.jpg?c=1
,,,,,,,,,,,,,,,,,,,,,,,,
RUSTIC STAR TAPER CANDLE HOLDER,MH236722,Home|Sale!|Everyday|RUSTIC STAR TAPER CANDLE HOLDER,"HOLDS 1"" TAPER CANDLE",In-Stock: Ships in 5 to 14 days,,,,L: 6.50in W: 6.50in H: 2in,,6,$5.50 ,,,,,6,Ragon400,Ragon160,https://cdn11.bigcommerce.com/s-xvps74vl0m/images/stencil/1280x1280/products/16563/36614/MH236722_2__65945.1733943344.jpg?c=1,MH236722_2__65945.1733943344.jpg?c=1,,,Ragon800,MH236722_2__65945.1733943344.jpg?c=1
,,,,,,,,,,,,,,,,,,,,,,,,
"9.75"" FRANCESCO TAPER CANDLE HOLDER",MH236758,"Home|Sale!|Everyday|9.75"" FRANCESCO TAPER CANDLE HOLDER","HOLDS 1"" TAPER CANDLE",In-Stock: Ships in 5 to 14 days,,,,L: 3.25in W: 3.25in H: 9.75in,,6,$8.55 ,,,,,6,Ragon400,Ragon160,https://cdn11.bigcommerce.com/s-xvps74vl0m/images/stencil/1280x1280/products/16585/36048/MH236758_2__61999.1733943210.jpg?c=1,MH236758_2__61999.1733943210.jpg?c=1,,,Ragon800,MH236758_2__61999.1733943210.jpg?c=1
,,,,,,,,,,,,,,,,,,,,,,,,
"6.25"" BROWN ARTISAN GLASS VASE",SS236125,"Home|Everyday|6.25"" BROWN ARTISAN GLASS VASE",,Projected Summer 2025,,,,L: 7.50in W: 7.50in H: 9.25in,,2,$25.50 ,,,,,2,Ragon400,Ragon160,https://cdn11.bigcommerce.com/s-xvps74vl0m/images/stencil/1280x1280/products/16837/39496/SS236125_3__19279.1749742540.jpg?c=1,SS236125_3__19279.1749742540.jpg?c=1,,,Ragon800,SS236125_3__19279.1749742540.jpg?c=1
,,,,,,,,,,,,,,,,,,,,,,,,
"18"" PRAYING ANGEL METAL DUMMY BOARD",H237622,"Home|Holiday|Tabletop & Misc.|18"" PRAYING ANGEL METAL DUMMY BOARD",,In-Stock: Ships in 5 to 14 days,,,,L: 14.50in W: 0.50in H: 18in,,4,$13.20 ,,,,,4,Ragon400,Ragon160,https://cdn11.bigcommerce.com/s-xvps74vl0m/images/stencil/1280x1280/products/17410/41556/H237622_2__16170.1749826519.jpg?c=1,H237622_2__16170.1749826519.jpg?c=1,,,Ragon800,H237622_2__16170.1749826519.jpg?c=1
,,,,,,,,,,,,,,,,,,,,,,,,
"6"" PINE GREEN GLASS 3D FLAME CANDLE",NY236376,"Home|Flameless Candles|6"" PINE GREEN GLASS 3D FLAME CANDLE","6 HR TIMER | ON/OFF BUTTON
REQUIRES 3 (AAA) BATTERIES, BATTERIES NOT INCLUDED.",In-Stock: Ships in 5 to 14 days,,,,L: 3in W: 3in H: 6in,,6,$8.25 ,,,,,6,Ragon400,Ragon160,https://cdn11.bigcommerce.com/s-xvps74vl0m/images/stencil/1280x1280/products/18281/40215/NY236376_5__16168.1748548176.jpg?c=1,NY236376_5__16168.1748548176.jpg?c=1,,,Ragon800,NY236376_5__16168.1748548176.jpg?c=1
,,,,,,,,,,,,,,,,,,,,,,,,
"5.25"" BEIGE UTILITY HOOK",MH222532,"Home|Sale!|Everyday|5.25"" BEIGE UTILITY HOOK",WEIGHT LIMIT: 2LBS,In-Stock: Ships in 5 to 14 days,,,,L: 5.25in W: 0.25in H: 4in,,12,$3.05 ,,,,,12,Ragon400,Ragon160,https://cdn11.bigcommerce.com/s-xvps74vl0m/images/stencil/1280x1280/products/10313/28996/MH222532__47685.1701887346.jpg?c=1,MH222532__47685.1701887346.jpg?c=1,,,Ragon800,MH222532__47685.1701887346.jpg?c=1
,,,,,,,,,,,,,,,,,,,,,,,,
ETHEL'S GARDEN METAL BUCKET,E234543,Home|Everyday|Spring & Garden|ETHEL'S GARDEN METAL BUCKET,,In-Stock: Ships in 5 to 14 days,,,,L: 8in W: 8in H: 12.50in,,4,$17.05 ,,,,,4,Ragon400,Ragon160,https://cdn11.bigcommerce.com/s-xvps74vl0m/images/stencil/1280x1280/products/15943/36889/E234543_4__79269.1733943416.jpg?c=1,E234543_4__79269.1733943416.jpg?c=1,,,Ragon800,E234543_4__79269.1733943416.jpg?c=1
,,,,,,,,,,,,,,,,,,,,,,,,
"35.5"" WHITE DAISY SPRAY",OR235553,"Home|Sale!|Everyday|35.5"" WHITE DAISY SPRAY",,In-Stock: Ships in 5 to 14 days,,,,L: 35.50in W: 8.50in,,12,$6.35 ,,,,,12,Ragon400,Ragon160,https://cdn11.bigcommerce.com/s-xvps74vl0m/images/stencil/1280x1280/products/16708/35177/OR235553_4__38403.1733861445.jpg?c=1,OR235553_4__38403.1733861445.jpg?c=1,,,Ragon800,OR235553_4__38403.1733861445.jpg?c=1
,,,,,,,,,,,,,,,,,,,,,,,,
"16"" CHUB FISH",FB225384,"Home|Sale!|Everyday|16"" CHUB FISH",2 SAWTOOTH HANGER,In-Stock: Ships in 5 to 14 days,,,,L: 16in W: 0.25in H: 8.25in,,6,$8.55 ,,,,,6,Ragon400,Ragon160,https://cdn11.bigcommerce.com/s-xvps74vl0m/images/stencil/1280x1280/products/10810/33357/FB225384_2__65094.1711115388.jpg?c=1,FB225384_2__65094.1711115388.jpg?c=1,,,Ragon800,FB225384_2__65094.1711115388.jpg?c=1
,,,,,,,,,,,,,,,,,,,,,,,,
"13.75"" METAL X LANTERN",E226560,"Home|Everyday|Lanterns, Lights & Hooks|13.75"" METAL X LANTERN","HANGING HEIGHT: 19""",SOLD OUT,,,,L: 9.25in W: 9.25in H: 13.75in,,,$37.75 ,,,,,,Ragon400,Ragon160,https://cdn11.bigcommerce.com/s-xvps74vl0m/images/stencil/1280x1280/products/10733/29628/E226560_5__63304.1701963485.jpg?c=1,E226560_5__63304.1701963485.jpg?c=1,,,Ragon800,E226560_5__63304.1701963485.jpg?c=1
,,,,,,,,,,,,,,,,,,,,,,,,
LIGHTED TABLETOP NATIVITY,WS231310,"Home|Holiday|Snowmen, Santas & Angels|LIGHTED TABLETOP NATIVITY","REQUIRES 3 (AG13/LR44) BATTERY, BATTERIES INCLUDED",Projected Summer 2025,,,,L: 10.25in W: 5.25in H: 8.25in,,2,$39.75 ,,,,,2,Ragon400,Ragon160,https://cdn11.bigcommerce.com/s-xvps74vl0m/images/stencil/1280x1280/products/12271/41691/WS231310_1__45154.1749826545.jpg?c=1,WS231310_1__45154.1749826545.jpg?c=1,,,Ragon800,WS231310_1__45154.1749826545.jpg?c=1
,,,,,,,,,,,,,,,,,,,,,,,,
"8"" FERN IN CHARCOAL CERAMIC POT",G228298,"Home|Sale!|Everyday|8"" FERN IN CHARCOAL CERAMIC POT",,In-Stock: Ships in 5 to 14 days,,,,W: 10in H: 7.50in,,12,$6.60 ,,,,,12,Ragon400,Ragon160,https://cdn11.bigcommerce.com/s-xvps74vl0m/images/stencil/1280x1280/products/10135/36006/G228298_3__28431.1733863953.jpg?c=1,G228298_3__28431.1733863953.jpg?c=1,,,Ragon800,G228298_3__28431.1733863953.jpg?c=1
,,,,,,,,,,,,,,,,,,,,,,,,
6' MIXED PINE & HEMLOCK GARLAND,G232706,"Home|Holiday|Greenery, Wreaths & Trees|6' MIXED PINE & HEMLOCK GARLAND",,In-Stock: Ships in 5 to 14 days,,,,L: 72in W: 9in,,2,$39.75 ,,,,,2,Ragon400,Ragon160,https://cdn11.bigcommerce.com/s-xvps74vl0m/images/stencil/1280x1280/products/11369/41432/G232706_2__72824.1749826490.jpg?c=1,G232706_2__72824.1749826490.jpg?c=1,,,Ragon800,G232706_2__72824.1749826490.jpg?c=1
,,,,,,,,,,,,,,,,,,,,,,,,
"9.5"" KNEELING METAL ANGEL",MH222588,"Home|Holiday|Tabletop & Misc.|9.5"" KNEELING METAL ANGEL",,SOLD OUT,,,,L: 6.75in W: 3in H: 9.50in,,,$13.20 ,,,,,,Ragon400,Ragon160,https://cdn11.bigcommerce.com/s-xvps74vl0m/images/stencil/1280x1280/products/11649/32691/MH222588_4__78369.1709219737.jpg?c=1,MH222588_4__78369.1709219737.jpg?c=1,,,Ragon800,MH222588_4__78369.1709219737.jpg?c=1
,,,,,,,,,,,,,,,,,,,,,,,,
GOLD BEADED PICK,WS231803,Home|Holiday|Tabletop & Misc.|GOLD BEADED PICK,,Early September,,,,L: 24.25in W: 4in H: 7.25in,,6,$7.70 ,,,,,6,Ragon400,Ragon160,https://cdn11.bigcommerce.com/s-xvps74vl0m/images/stencil/1280x1280/products/18205/41031/WS231803_1__81002.1749826410.jpg?c=1,WS231803_1__81002.1749826410.jpg?c=1,,,Ragon800,WS231803_1__81002.1749826410.jpg?c=1
,,,,,,,,,,,,,,,,,,,,,,,,
OVAL HANGING WALL CLOCK,E226037,Home|Everyday|Clocks|OVAL HANGING WALL CLOCK,"REQUIRES 1 (AA) BATTERY, BATTERY NOT INCLUDED.",In-Stock: Ships in 5 to 14 days,,,,L: 14in W: 2.25in H: 24in,,2,$53.00 ,,,,,2,Ragon400,Ragon160,https://cdn11.bigcommerce.com/s-xvps74vl0m/images/stencil/1280x1280/products/10620/29424/E226037_4__42210.1701963422.jpg?c=1,E226037_4__42210.1701963422.jpg?c=1,,,Ragon800,E226037_4__42210.1701963422.jpg?c=1
,,,,,,,,,,,,,,,,,,,,,,,,
LIGHTED RED BARN W/ DEER,WS231652,Home|Holiday|Tabletop & Misc.|LIGHTED RED BARN W/ DEER,,Early September,,,,L: 8.50in W: 6.50in H: 13in,,1,$42.00 ,,,,,1,Ragon400,Ragon160,https://cdn11.bigcommerce.com/s-xvps74vl0m/images/stencil/1280x1280/products/18136/41700/WS231652_1__12962.1749826547.jpg?c=1,WS231652_1__12962.1749826547.jpg?c=1,,,Ragon800,WS231652_1__12962.1749826547.jpg?c=1
,,,,,,,,,,,,,,,,,,,,,,,,
"6' JUMBO RED,GREEN,SILVER GARLAND",10309,"Home|Holiday|Ornaments, Garland & Tree Toppers|6' JUMBO RED,GREEN,SILVER GARLAND","6'L, PE
*EACH BEAD MEASURES 1""W",Projected Summer 2025,,,,L: 72in W: 1in,,6,$19.25 ,,,,,6,Ragon400,Ragon160,https://cdn11.bigcommerce.com/s-xvps74vl0m/images/stencil/1280x1280/products/2833/26337/10309___45972.1677864239.jpg?c=1,10309___45972.1677864239.jpg?c=1,,,Ragon800,10309___45972.1677864239.jpg?c=1
,,,,,,,,,,,,,,,,,,,,,,,,
"3.75"" - 3D FLAME TAN SPECKLED CERAMIC CANDLE",NY229103,"Home|Flameless Candles|3.75"" - 3D FLAME TAN SPECKLED CERAMIC CANDLE","6 HR TIMER | ON/OFF BUTTON
REQUIRES 2 (AA) BATTERIES, BATTERIES NOT INCLUDED.",SOLD OUT,,,,L: 3.50in W: 3.50in H: 3.75in,,,$8.80 ,,,,,,Ragon400,Ragon160,https://cdn11.bigcommerce.com/s-xvps74vl0m/images/stencil/1280x1280/products/14330/32005/NY229103_1__22017.1707399433.jpg?c=1,NY229103_1__22017.1707399433.jpg?c=1,,,Ragon800,NY229103_1__22017.1707399433.jpg?c=1
,,,,,,,,,,,,,,,,,,,,,,,,
BLACK MARBLE 2 TIERED TRAY,E193171,Home|Everyday|Tabletop & Misc.|BLACK MARBLE 2 TIERED TRAY,"SM: 12""L X 12""W X 1.25""H - LG: 14""L X 14""W X 1.25""H, WOOD - OVERALL 14""W X 16""H
SHIPS KNOCKED DOWN",In-Stock: Ships in 5 to 14 days,,,,See Details tab,,2,$48.00 ,,,,,2,Ragon400,Ragon160,https://cdn11.bigcommerce.com/s-xvps74vl0m/images/stencil/1280x1280/products/5450/12716/E193171_1__23390.1653327816.jpg?c=1,E193171_1__23390.1653327816.jpg?c=1,,,Ragon800,E193171_1__23390.1653327816.jpg?c=1
,,,,,,,,,,,,,,,,,,,,,,,,
"SET/ 5 - 4"" GREEN BOTTLEBRUSH TREES W/ JINGLE BELLS",WS225444,"Home|Sale!|Holiday|SET/ 5 - 4"" GREEN BOTTLEBRUSH TREES W/ JINGLE BELLS",,In-Stock: Ships in 5 to 14 days,,,,H: 4in,,4,$13.20 ,,,,,4,Ragon400,Ragon160,https://cdn11.bigcommerce.com/s-xvps74vl0m/images/stencil/1280x1280/products/15767/34249/WS225444_2__16340.1729171193.jpg?c=1,WS225444_2__16340.1729171193.jpg?c=1,,,Ragon800,WS225444_2__16340.1729171193.jpg?c=1
,,,,,,,,,,,,,,,,,,,,,,,,
BEE WOOD WALL PLAQUE,E234196,Home|Everyday|Wall Décor|BEE WOOD WALL PLAQUE,1 HALF CIRCLE,In-Stock: Ships in 5 to 14 days,,,,L: 6in W: 1in H: 6in,,4,$7.70 ,,,,,4,Ragon400,Ragon160,https://cdn11.bigcommerce.com/s-xvps74vl0m/images/stencil/1280x1280/products/15871/36809/E234196_2__40632.1733943396.jpg?c=1,E234196_2__40632.1733943396.jpg?c=1,,,Ragon800,E234196_2__40632.1733943396.jpg?c=1
,,,,,,,,,,,,,,,,,,,,,,,,
"9"" OLIVE & WHEAT PRICKLY PINE HALF SPHERE TABLEPIECE W/ CONES",G201419,"Home|Sale!|Holiday|9"" OLIVE & WHEAT PRICKLY PINE HALF SPHERE TABLEPIECE W/ CONES",,In-Stock: Ships in 5 to 14 days,,,,W: 9in H: 6.50in,,24,$5.50 ,,,,,24,Ragon400,Ragon160,https://cdn11.bigcommerce.com/s-xvps74vl0m/images/stencil/1280x1280/products/6867/19745/G201419_3__03052.1652194620.jpg?c=1,G201419_3__03052.1652194620.jpg?c=1,,,Ragon800,G201419_3__03052.1652194620.jpg?c=1
,,,,,,,,,,,,,,,,,,,,,,,,
"13.5"" RED BELSNICKLE W/ USA FLAG",WS218333,"Home|Holiday|Snowmen, Santas & Angels|13.5"" RED BELSNICKLE W/ USA FLAG",,SOLD OUT,,,,L: 5.50in W: 4.75in H: 13.50in,,,$32.00 ,,,,,,Ragon400,Ragon160,https://cdn11.bigcommerce.com/s-xvps74vl0m/images/stencil/1280x1280/products/9379/25664/WS218333_2__05484.1677258222.jpg?c=1,WS218333_2__05484.1677258222.jpg?c=1,,,Ragon800,WS218333_2__05484.1677258222.jpg?c=1
,,,,,,,,,,,,,,,,,,,,,,,,
HOT DOG TRUCK ORNAMENT,WS231191,"Home|Holiday|Ornaments, Garland & Tree Toppers|HOT DOG TRUCK ORNAMENT",,In-Stock: Ships in 5 to 14 days,,,,L: 4.50in W: 2.50in H: 4in,,6,$7.45 ,,,,,6,Ragon400,Ragon160,https://cdn11.bigcommerce.com/s-xvps74vl0m/images/stencil/1280x1280/products/12561/40429/WS231191_1__44501.1749135411.jpg?c=1,WS231191_1__44501.1749135411.jpg?c=1,,,Ragon800,WS231191_1__44501.1749135411.jpg?c=1
,,,,,,,,,,,,,,,,,,,,,,,,
PASTEL GREEN BUNNY,KY239018,Home|Everyday|PASTEL GREEN BUNNY,,Late August,,,,L: 3.50in W: 4in H: 7.50in,,4,$6.60 ,,,,,4,Ragon400,Ragon160,https://cdn11.bigcommerce.com/s-xvps74vl0m/images/stencil/1280x1280/products/16903/41926/KY239018_3__23119.1754590706.jpg?c=1,KY239018_3__23119.1754590706.jpg?c=1,,,Ragon800,KY239018_3__23119.1754590706.jpg?c=1
,,,,,,,,,,,,,,,,,,,,,,,,
"8.5"" RAINY DAY STORIES JOURNAL",L238743,"Home|Everyday|Journals|8.5"" RAINY DAY STORIES JOURNAL",,Projected Summer 2025,,,,L: 5.75in W: 1.50in H: 8.50in,,2,$18.15 ,,,,,2,Ragon400,Ragon160,https://cdn11.bigcommerce.com/s-xvps74vl0m/images/stencil/1280x1280/products/16551/41964/L238743_3__59693.1754679591.jpg?c=1,L238743_3__59693.1754679591.jpg?c=1,,,Ragon800,L238743_3__59693.1754679591.jpg?c=1
,,,,,,,,,,,,,,,,,,,,,,,,
"23.5"" AGED SQUARE LANTERN",BF224375,"Home|Everyday|Lanterns, Lights & Hooks|23.5"" AGED SQUARE LANTERN",,SOLD OUT,,,,L: 9.50in W: 9.50in H: 23.50in,,,$72.75 ,,,,,,Ragon400,Ragon160,https://cdn11.bigcommerce.com/s-xvps74vl0m/images/stencil/1280x1280/products/10008/28558/BF224375_2__48041.1701887193.jpg?c=1,BF224375_2__48041.1701887193.jpg?c=1,,,Ragon800,BF224375_2__48041.1701887193.jpg?c=1
,,,,,,,,,,,,,,,,,,,,,,,,
BLACK & WHITE SHEEP ORNAMENT,KY239050,"Home|Holiday|Ornaments, Garland & Tree Toppers|BLACK & WHITE SHEEP ORNAMENT",,Late August,,,,L: 1.50in W: 4in H: 3.50in,,12,$3.30 ,,,,,12,Ragon400,Ragon160,https://cdn11.bigcommerce.com/s-xvps74vl0m/images/stencil/1280x1280/products/16921/40392/KY239050_2__40909.1749068702.jpg?c=1,KY239050_2__40909.1749068702.jpg?c=1,,,Ragon800,KY239050_2__40909.1749068702.jpg?c=1
,,,,,,,,,,,,,,,,,,,,,,,,
"19.5"" ANTIQUE GOLD SINGLE BUCKET STAND",HY225536,"Home|Sale!|Everyday|19.5"" ANTIQUE GOLD SINGLE BUCKET STAND",2 KEYHOLE HANGERS,In-Stock: Ships in 5 to 14 days,,,,L: 11.25in W: 9.50in H: 19.50in,,2,$31.00 ,,,,,2,Ragon400,Ragon160,https://cdn11.bigcommerce.com/s-xvps74vl0m/images/stencil/1280x1280/products/10207/28850/HY225536_2__79292.1701887298.jpg?c=1,HY225536_2__79292.1701887298.jpg?c=1,,,Ragon800,HY225536_2__79292.1701887298.jpg?c=1
,,,,,,,,,,,,,,,,,,,,,,,,
"26"" LACEY FERN WREATH",G233025,"Home|Everyday|Florals|26"" LACEY FERN WREATH",,SOLD OUT,,,,L: 26in W: 5in H: 26in,,,$32.00 ,,,,,,Ragon400,Ragon160,https://cdn11.bigcommerce.com/s-xvps74vl0m/images/stencil/1280x1280/products/16169/34644/G233025_1__54392.1733861289.jpg?c=1,G233025_1__54392.1733861289.jpg?c=1,,,Ragon800,G233025_1__54392.1733861289.jpg?c=1
,,,,,,,,,,,,,,,,,,,,,,,,
CREAM SWEATER PITCHER,LA237796,Home|Holiday|Tabletop & Misc.|CREAM SWEATER PITCHER,,In-Stock: Ships in 5 to 14 days,,,,L: 7.25in W: 8in H: 8in,,2,$15.70 ,,,,,2,Ragon400,Ragon160,https://cdn11.bigcommerce.com/s-xvps74vl0m/images/stencil/1280x1280/products/17574/41249/LA237796_5__93520.1749826451.jpg?c=1,LA237796_5__93520.1749826451.jpg?c=1,,,Ragon800,LA237796_5__93520.1749826451.jpg?c=1
,,,,,,,,,,,,,,,,,,,,,,,,
"10.5"" NOBLE TAPER CANDLESTICK",FB237222,"Home|Everyday|Candle Holders|10.5"" NOBLE TAPER CANDLESTICK",,In-Stock: Ships in 5 to 14 days,,,,L: 4.50in W: 4.50in H: 10.50in,,2,$10.45 ,,,,,2,Ragon400,Ragon160,https://cdn11.bigcommerce.com/s-xvps74vl0m/images/stencil/1280x1280/products/15980/36141/FB237222_1__93074.1733943231.jpg?c=1,FB237222_1__93074.1733943231.jpg?c=1,,,Ragon800,FB237222_1__93074.1733943231.jpg?c=1
,,,,,,,,,,,,,,,,,,,,,,,,
"19.75"" PRESSED MAY LEAF W/ WHITE FRAME",BF224478,"Home|Sale!|Everyday|19.75"" PRESSED MAY LEAF W/ WHITE FRAME",,In-Stock: Ships in 5 to 14 days,,,,L: 15.75in W: 0.98in H: 19.69in,,2,$35.25 ,,,,,2,Ragon400,Ragon160,https://cdn11.bigcommerce.com/s-xvps74vl0m/images/stencil/1280x1280/products/12841/33482/BF224478_1__61911.1711122222.jpg?c=1,BF224478_1__61911.1711122222.jpg?c=1,,,Ragon800,BF224478_1__61911.1711122222.jpg?c=1
,,,,,,,,,,,,,,,,,,,,,,,,
ADRIAN CONSOLE TABLE*,SH238462,Home|Sale!|Everyday|ADRIAN CONSOLE TABLE*,"*ITEM MUST SHIP FREIGHT - ADDITIONAL FREIGHT CHARGES MAY APPLY. ORDERS CONTAINING FREIGHT ITEMS MUST REACH A $1,000 MINIMUM ORDER
ASSEMBLY REQUIRED",In-Stock: Ships in 5 to 14 days,,,,L: 77.25in W: 17.75in H: 32in,,1,$218.00 ,,,,,1,Ragon400,Ragon160,https://cdn11.bigcommerce.com/s-xvps74vl0m/images/stencil/1280x1280/products/16773/37144/SH238462__16981.1750786474.jpg?c=1,SH238462__16981.1750786474.jpg?c=1,,,Ragon800,SH238462__16981.1750786474.jpg?c=1
,,,,,,,,,,,,,,,,,,,,,,,,
"22"" WHITE DOGWOOD & FERN WREATH",G232909,"Home|Sale!|Everyday|22"" WHITE DOGWOOD & FERN WREATH",,In-Stock: Ships in 5 to 14 days,,,,L: 22in W: 5.50in H: 22in,,2,$31.00 ,,,,,2,Ragon400,Ragon160,https://cdn11.bigcommerce.com/s-xvps74vl0m/images/stencil/1280x1280/products/16132/34513/G232909_1__58550.1733861250.jpg?c=1,G232909_1__58550.1733861250.jpg?c=1,,,Ragon800,G232909_1__58550.1733861250.jpg?c=1
,,,,,,,,,,,,,,,,,,,,,,,,
WHITE WASH & BRUSH SIGN,BF206003,Home|Sale!|Everyday|WHITE WASH & BRUSH SIGN,,In-Stock: Ships in 5 to 14 days,,,,L: 12in W: 0.25in H: 12in,,2,$9.35 ,,,,,2,Ragon400,Ragon160,https://cdn11.bigcommerce.com/s-xvps74vl0m/images/stencil/1280x1280/products/6295/13231/BF206003_1__89269.1641401694.jpg?c=1,BF206003_1__89269.1641401694.jpg?c=1,,,Ragon800,BF206003_1__89269.1641401694.jpg?c=1
,,,,,,,,,,,,,,,,,,,,,,,,
SET/ 3 HEXAGON BUCKETS,ZH238654,Home|Sale!|Everyday|SET/ 3 HEXAGON BUCKETS,"SM: 10.75""L X 10""W X 9.5""H MD: 12.5""L X 12.5""W X 10.5""H LG: 14.5""L X 14.5""W X 11.5""H",In-Stock: Ships in 5 to 14 days,,,,See Details tab,,1,$72.00 ,,,,,1,Ragon400,Ragon160,https://cdn11.bigcommerce.com/s-xvps74vl0m/images/stencil/1280x1280/products/16883/39807/ZH238654_1__69504.1741636163.jpg?c=1,ZH238654_1__69504.1741636163.jpg?c=1,,,Ragon800,ZH238654_1__69504.1741636163.jpg?c=1
,,,,,,,,,,,,,,,,,,,,,,,,
"7.5"" CLEAR GLASS JAR W/ RED LID",SE221636,"Home|Everyday|Kitchen|7.5"" CLEAR GLASS JAR W/ RED LID",,In-Stock: Ships in 5 to 14 days,,,,L: 5in W: 5in H: 7.50in,,4,$11.85 ,,,,,4,Ragon400,Ragon160,https://cdn11.bigcommerce.com/s-xvps74vl0m/images/stencil/1280x1280/products/10528/29324/SE221636_3__92382.1701887459.jpg?c=1,SE221636_3__92382.1701887459.jpg?c=1,,,Ragon800,SE221636_3__92382.1701887459.jpg?c=1
,,,,,,,,,,,,,,,,,,,,,,,,
"15.25"" FUR DEER W/ GLITTERED ANTLERS",KY239003,"Home|Holiday|Tabletop & Misc.|15.25"" FUR DEER W/ GLITTERED ANTLERS",,Late August,,,,L: 13.50in W: 5in H: 15.25in,,2,$19.55 ,,,,,2,Ragon400,Ragon160,https://cdn11.bigcommerce.com/s-xvps74vl0m/images/stencil/1280x1280/products/16891/40363/KY239003_2__44582.1749064947.jpg?c=1,KY239003_2__44582.1749064947.jpg?c=1,,,Ragon800,KY239003_2__44582.1749064947.jpg?c=1
,,,,,,,,,,,,,,,,,,,,,,,,
"1"" BROWN UNWIRED VELVET RIBBON",SS236149,"Home|Holiday|Textiles|1"" BROWN UNWIRED VELVET RIBBON",,Projected Summer 2025,,,,L: 360in W: 1in,,6,$6.60 ,,,,,6,Ragon400,Ragon160,https://cdn11.bigcommerce.com/s-xvps74vl0m/images/stencil/1280x1280/products/17774/41661/SS236149_2__48363.1749826540.jpg?c=1,SS236149_2__48363.1749826540.jpg?c=1,,,Ragon800,SS236149_2__48363.1749826540.jpg?c=1
,,,,,,,,,,,,,,,,,,,,,,,,
"8.75"" LIGHTED WOOD SNOWY HOLIDAY HOUSE",G233519,"Home|Holiday|Tabletop & Misc.|8.75"" LIGHTED WOOD SNOWY HOLIDAY HOUSE","REQUIRES 3 (AAA) BATTERIES, BATTERIES NOT INCLUDED.",In-Stock: Ships in 5 to 14 days,,,,L: 10.50in W: 6.25in H: 8.75in,,1,$24.25 ,,,,,1,Ragon400,Ragon160,https://cdn11.bigcommerce.com/s-xvps74vl0m/images/stencil/1280x1280/products/17246/41789/G233519_6__64092.1750883197.jpg?c=1,G233519_6__64092.1750883197.jpg?c=1,,,Ragon800,G233519_6__64092.1750883197.jpg?c=1
,,,,,,,,,,,,,,,,,,,,,,,,
"5"" GILDED KUGEL ORNAMENT",SS221575,"Home|Sale!|Holiday|5"" GILDED KUGEL ORNAMENT",,In-Stock: Ships in 5 to 14 days,,,,L: 5in W: 5in H: 5in,,4,$6.05 ,,,,,4,Ragon400,Ragon160,https://cdn11.bigcommerce.com/s-xvps74vl0m/images/stencil/1280x1280/products/11744/34149/SS221575_2__28150.1723488801.jpg?c=1,SS221575_2__28150.1723488801.jpg?c=1,,,Ragon800,SS221575_2__28150.1723488801.jpg?c=1
,,,,,,,,,,,,,,,,,,,,,,,,
HE IS RISEN SIGN,E234233,Home|Sale!|Everyday|HE IS RISEN SIGN,2 NAIL HOLES,In-Stock: Ships in 5 to 14 days,,,,L: 22in W: 0.25in H: 4.50in,,4,$4.70 ,,,,,4,Ragon400,Ragon160,https://cdn11.bigcommerce.com/s-xvps74vl0m/images/stencil/1280x1280/products/15875/36815/E234233_1__76998.1733943398.jpg?c=1,E234233_1__76998.1733943398.jpg?c=1,,,Ragon800,E234233_1__76998.1733943398.jpg?c=1
,,,,,,,,,,,,,,,,,,,,,,,,
9' WOODEN BEAD WITH KNIT BLACK TREE GARLAND,SS211818,"Home|Holiday|Ornaments, Garland & Tree Toppers|9' WOODEN BEAD WITH KNIT BLACK TREE GARLAND",,In-Stock: Ships in 5 to 14 days,,,,L: 108in,,6,$12.95 ,,,,,6,Ragon400,Ragon160,https://cdn11.bigcommerce.com/s-xvps74vl0m/images/stencil/1280x1280/products/9464/27206/SS211818_3__72002.1679582852.jpg?c=1,SS211818_3__72002.1679582852.jpg?c=1,,,Ragon800,SS211818_3__72002.1679582852.jpg?c=1
,,,,,,,,,,,,,,,,,,,,,,,,
"13.5"" BLACK SCALLOPED WOOD TRAY",FB237255,"Home|Everyday|Tabletop & Misc.|13.5"" BLACK SCALLOPED WOOD TRAY",,SOLD OUT,,,,L: 13.50in W: 6.25in H: 1.75in,,,$11.85 ,,,,,,Ragon400,Ragon160,https://cdn11.bigcommerce.com/s-xvps74vl0m/images/stencil/1280x1280/products/16001/36907/FB237255_5__45039.1733943421.jpg?c=1,FB237255_5__45039.1733943421.jpg?c=1,,,Ragon800,FB237255_5__45039.1733943421.jpg?c=1
,,,,,,,,,,,,,,,,,,,,,,,,
"28"" x 18"" READING SANTA PRINT",RH239758,"Home|Holiday|Signs|28"" x 18"" READING SANTA PRINT",,Projected Summer 2025,,,,L: 28in H: 18in,,2,$28.75 ,,,,,2,Ragon400,Ragon160,https://cdn11.bigcommerce.com/s-xvps74vl0m/images/stencil/1280x1280/products/18357/40105/RH239758_1__30213.1747945371.jpg?c=1,RH239758_1__30213.1747945371.jpg?c=1,,,Ragon800,RH239758_1__30213.1747945371.jpg?c=1
,,,,,,,,,,,,,,,,,,,,,,,,
"8"" WHITE HOLLY SNOWFLAKE",H237499,"Home|Holiday|Tabletop & Misc.|8"" WHITE HOLLY SNOWFLAKE","HANG HIEGHT: 15""
RIBBON HANGER",In-Stock: Ships in 5 to 14 days,,,,L: 8in W: 0.25in H: 9in,,4,$6.90 ,,,,,4,Ragon400,Ragon160,https://cdn11.bigcommerce.com/s-xvps74vl0m/images/stencil/1280x1280/products/17362/41525/H237499_1__92288.1749826512.jpg?c=1,H237499_1__92288.1749826512.jpg?c=1,,,Ragon800,H237499_1__92288.1749826512.jpg?c=1
,,,,,,,,,,,,,,,,,,,,,,,,
"8"" CAMP FREEDOM PENNANT",SS232449,"Home|Holiday|Ornaments, Garland & Tree Toppers|8"" CAMP FREEDOM PENNANT","INCLUDES 12"" WOOD DOWEL",Projected Summer 2025,,,,L: 8in,,5,$3.05 ,,,,,5,Ragon400,Ragon160,https://cdn11.bigcommerce.com/s-xvps74vl0m/images/stencil/1280x1280/products/14566/32424/RD229296_1__90123.1708440911.jpg?c=1,RD229296_1__90123.1708440911.jpg?c=1,,,Ragon800,RD229296_1__90123.1708440911.jpg?c=1
,,,,,,,,,,,,,,,,,,,,,,,,
RED PLAID STOCKING,SS221987,Home|Sale!|Holiday|RED PLAID STOCKING,,In-Stock: Ships in 5 to 14 days,,,,H: 20in,,2,$8.25 ,,,,,2,Ragon400,Ragon160,https://cdn11.bigcommerce.com/s-xvps74vl0m/images/stencil/1280x1280/products/11904/33762/SS221987_3__25037.1712154133.jpg?c=1,SS221987_3__25037.1712154133.jpg?c=1,,,Ragon800,SS221987_3__25037.1712154133.jpg?c=1
,,,,,,,,,,,,,,,,,,,,,,,,
"4""X 6"" GREY DOT PHOTO FRAME",E234134,"Home|Sale!|Everyday|4""X 6"" GREY DOT PHOTO FRAME","HOLDS 4"" X 6"" PHOTO",In-Stock: Ships in 5 to 14 days,,,,L: 6.50in W: 0.75in H: 8.50in,,6,$7.15 ,,,,,6,Ragon400,Ragon160,https://cdn11.bigcommerce.com/s-xvps74vl0m/images/stencil/1280x1280/products/15851/36779/E234134_3__15404.1733943388.jpg?c=1,E234134_3__15404.1733943388.jpg?c=1,,,Ragon800,E234134_3__15404.1733943388.jpg?c=1
,,,,,,,,,,,,,,,,,,,,,,,,
"32.25"" SCALLOPED ROUND MIRROR",E226528,"Home|Everyday|Furniture & Mirrors|32.25"" SCALLOPED ROUND MIRROR",1 KEYHOLE HANGERS,In-Stock: Ships in 5 to 14 days,,,,L: 32.25in W: 1in H: 32.25in,,2,$82.00 ,,,,,2,Ragon400,Ragon160,https://cdn11.bigcommerce.com/s-xvps74vl0m/images/stencil/1280x1280/products/10726/29614/E226528_4__07913.1701963481.jpg?c=1,E226528_4__07913.1701963481.jpg?c=1,,,Ragon800,E226528_4__07913.1701963481.jpg?c=1
,,,,,,,,,,,,,,,,,,,,,,,,
5' WHITE DAISY & CREAM HEATHER GARLAND,G219353,Home|Everyday|Florals|5' WHITE DAISY & CREAM HEATHER GARLAND,,In-Stock: Ships in 5 to 14 days,,,,L: 60in,,2,$25.50 ,,,,,2,Ragon400,Ragon160,https://cdn11.bigcommerce.com/s-xvps74vl0m/images/stencil/1280x1280/products/8424/24644/G219353_3__27798.1677257892.jpg?c=1,G219353_3__27798.1677257892.jpg?c=1,,,Ragon800,G219353_3__27798.1677257892.jpg?c=1
,,,,,,,,,,,,,,,,,,,,,,,,
"36"" IVORY FEATHER TREE",WS231036,"Home|Holiday|Tabletop & Misc.|36"" IVORY FEATHER TREE",,Projected Summer 2025,,,,L: 18in W: 18in H: 36in,,2,$87.00 ,,,,,2,Ragon400,Ragon160,https://cdn11.bigcommerce.com/s-xvps74vl0m/images/stencil/1280x1280/products/17944/41686/WS231036_1__98208.1749826544.jpg?c=1,WS231036_1__98208.1749826544.jpg?c=1,,,Ragon800,WS231036_1__98208.1749826544.jpg?c=1
,,,,,,,,,,,,,,,,,,,,,,,,
GREY CABIN LED LANTERN,MH222609,Home|Everyday|Camping|GREY CABIN LED LANTERN,"6 HR TIMER
REQUIRES 2 (AA) BATTERIES, BATTERIES NOT INCLUDED.
G30",In-Stock: Ships in 5 to 14 days,,,,L: 6.25in W: 4.50in H: 9.50in,,3,$18.15 ,,,,,3,Ragon400,Ragon160,https://cdn11.bigcommerce.com/s-xvps74vl0m/images/stencil/1280x1280/products/10350/29054/MH222609_7__16554.1701887366.jpg?c=1,MH222609_7__16554.1701887366.jpg?c=1,,,Ragon800,MH222609_7__16554.1701887366.jpg?c=1
,,,,,,,,,,,,,,,,,,,,,,,,
"22"" MEXICAN FERN WREATH W/ RED BERRIES",G224821,"Home|Holiday|Greenery, Wreaths & Trees|22"" MEXICAN FERN WREATH W/ RED BERRIES",,In-Stock: Ships in 5 to 14 days,,,,L: 22in H: 22in,,2,$32.00 ,,,,,2,Ragon400,Ragon160,https://cdn11.bigcommerce.com/s-xvps74vl0m/images/stencil/1280x1280/products/11041/41387/G224821_1__02028.1749826479.jpg?c=1,G224821_1__02028.1749826479.jpg?c=1,,,Ragon800,G224821_1__02028.1749826479.jpg?c=1
,,,,,,,,,,,,,,,,,,,,,,,,
"20"" WHITE DAISY & CREAM HEATHER WREATH",G219354,"Home|Sale!|Everyday|20"" WHITE DAISY & CREAM HEATHER WREATH",,In-Stock: Ships in 5 to 14 days,,,,L: 20in H: 20in,,2,$29.25 ,,,,,2,Ragon400,Ragon160,https://cdn11.bigcommerce.com/s-xvps74vl0m/images/stencil/1280x1280/products/8425/35862/G219354_2__44831.1733863910.jpg?c=1,G219354_2__44831.1733863910.jpg?c=1,,,Ragon800,G219354_2__44831.1733863910.jpg?c=1
,,,,,,,,,,,,,,,,,,,,,,,,
"SET/6 - 9"" MUSTARD HUES BOTTLE BRUSH TREES",WS218041,"Home|Sale!|Holiday|SET/6 - 9"" MUSTARD HUES BOTTLE BRUSH TREES",,In-Stock: Ships in 3 to 7 days,,,,W: 2.50in H: 9in,,3,$26.25 ,,,,,3,Ragon400,Ragon160,https://cdn11.bigcommerce.com/s-xvps74vl0m/images/stencil/1280x1280/products/9192/25415/WS218041_4__98692.1677258140.jpg?c=1,WS218041_4__98692.1677258140.jpg?c=1,,,Ragon800,WS218041_4__98692.1677258140.jpg?c=1
,,,,,,,,,,,,,,,,,,,,,,,,
"13"" BLACK SNOWFLAKE ORNAMENT W/ GLITTER",WS227465,"Home|Sale!|Holiday|13"" BLACK SNOWFLAKE ORNAMENT W/ GLITTER",,In-Stock: Ships in 5 to 14 days,,,,L: 13in W: 1in H: 13in,,4,$9.35 ,,,,,4,Ragon400,Ragon160,https://cdn11.bigcommerce.com/s-xvps74vl0m/images/stencil/1280x1280/products/12406/33465/WS227465_3__67021.1711115422.jpg?c=1,WS227465_3__67021.1711115422.jpg?c=1,,,Ragon800,WS227465_3__67021.1711115422.jpg?c=1
,,,,,,,,,,,,,,,,,,,,,,,,
"8.5"" ANNE OF GREEN GABLES JOURNAL",L238712,"Home|Everyday|Journals|8.5"" ANNE OF GREEN GABLES JOURNAL",,Projected Summer 2025,,,,L: 5.75in W: 1.50in H: 8.50in,,2,$18.15 ,,,,,2,Ragon400,Ragon160,https://cdn11.bigcommerce.com/s-xvps74vl0m/images/stencil/1280x1280/products/16520/41944/L238712_3__61576.1754677698.jpg?c=1,L238712_3__61576.1754677698.jpg?c=1,,,Ragon800,L238712_3__61576.1754677698.jpg?c=1
,,,,,,,,,,,,,,,,,,,,,,,,
"SET/ 6 - 2.5"" WINE FLOCKED BALLS",WS221340,"Home|Holiday|Ornaments, Garland & Tree Toppers|SET/ 6 - 2.5"" WINE FLOCKED BALLS",,In-Stock: Ships in 5 to 14 days,,,,H: 2.50in,,6,$10.75 ,,,,,6,Ragon400,Ragon160,https://cdn11.bigcommerce.com/s-xvps74vl0m/images/stencil/1280x1280/products/12175/32937/WS221340_1__15973.1710521299.jpg?c=1,WS221340_1__15973.1710521299.jpg?c=1,,,Ragon800,WS221340_1__15973.1710521299.jpg?c=1
,,,,,,,,,,,,,,,,,,,,,,,,
"4.25"" WHITE SCALE ORNAMENT",WS202429,"Home|Holiday|Ornaments, Garland & Tree Toppers|4.25"" WHITE SCALE ORNAMENT",,SOLD OUT,,,,L: 2.75in W: 2.75in H: 4.25in,,,$8.25 ,,,,,,Ragon400,Ragon160,https://cdn11.bigcommerce.com/s-xvps74vl0m/images/stencil/1280x1280/products/7909/17675/WS202429_2__04530.1645763766.jpg?c=1,WS202429_2__04530.1645763766.jpg?c=1,,,Ragon800,WS202429_2__04530.1645763766.jpg?c=1
,,,,,,,,,,,,,,,,,,,,,,,,
SANTA ON SLED W/ OLIVE GREEN COAT,G228706,"Home|Holiday|Snowmen, Santas & Angels|SANTA ON SLED W/ OLIVE GREEN COAT",,In-Stock: Ships in 5 to 14 days,,,,L: 15in W: 7.50in H: 13in,,1,$76.00 ,,,,,1,Ragon400,Ragon160,https://cdn11.bigcommerce.com/s-xvps74vl0m/images/stencil/1280x1280/products/11419/32145/G228706_5__06918.1708440821.jpg?c=1,G228706_5__06918.1708440821.jpg?c=1,,,Ragon800,G228706_5__06918.1708440821.jpg?c=1
,,,,,,,,,,,,,,,,,,,,,,,,
"7"" CITRENE GREEN LONG STEM BOTTLEBRUSH TREE",WS182308,"Home|Sale!|Holiday|7"" CITRENE GREEN LONG STEM BOTTLEBRUSH TREE","2.25''W X 7''H, BOTTLEBRUSH",In-Stock: Ships in 5 to 14 days,,,,W: 2.25in H: 7in,,12,$6.05 ,,,,,12,Ragon400,Ragon160,https://cdn11.bigcommerce.com/s-xvps74vl0m/images/stencil/1280x1280/products/5371/27902/WS182308_2__26508.1685737306.jpg?c=1,WS182308_2__26508.1685737306.jpg?c=1,,,Ragon800,WS182308_2__26508.1685737306.jpg?c=1
,,,,,,,,,,,,,,,,,,,,,,,,
MUSHROOMS TOGETHER ON STAND,H223355,Home|Sale!|Everyday|MUSHROOMS TOGETHER ON STAND,,In-Stock: Ships in 5 to 14 days,,,,L: 8.75in W: 8.75in H: 12in,,1,$61.75 ,,,,,1,Ragon400,Ragon160,https://cdn11.bigcommerce.com/s-xvps74vl0m/images/stencil/1280x1280/products/14100/34036/H223355_1__50290.1715786068.jpg?c=1,H223355_1__50290.1715786068.jpg?c=1,,,Ragon800,H223355_1__50290.1715786068.jpg?c=1
,,,,,,,,,,,,,,,,,,,,,,,,
"24"" DARK PURPLE WILDFLOWER SPRAY",HZ238884,"Home|Everyday|Florals|24"" DARK PURPLE WILDFLOWER SPRAY",,In-Stock: Ships in 5 to 14 days,,,,L: 24in W: 5in,,12,$3.85 ,,,,,12,Ragon400,Ragon160,https://cdn11.bigcommerce.com/s-xvps74vl0m/images/stencil/1280x1280/products/16459/34907/HZ238884_2__78166.1733861364.jpg?c=1,HZ238884_2__78166.1733861364.jpg?c=1,,,Ragon800,HZ238884_2__78166.1733861364.jpg?c=1
,,,,,,,,,,,,,,,,,,,,,,,,
"7"" CREAM SHIMMER 3D FLAME BALSAM TREE CANDLE",NY236684,"Home|Flameless Candles|7"" CREAM SHIMMER 3D FLAME BALSAM TREE CANDLE","6 HR TIMER | ON/OFF BUTTON
 ",In-Stock: Ships in 5 to 14 days,,,,L: 4in W: 4in H: 7in,,6,$7.45 ,,,,,6,Ragon400,Ragon160,https://cdn11.bigcommerce.com/s-xvps74vl0m/images/stencil/1280x1280/products/17675/40152/NY236684_3__79291.1748358046.jpg?c=1,NY236684_3__79291.1748358046.jpg?c=1,,,Ragon800,NY236684_3__79291.1748358046.jpg?c=1
,,,,,,,,,,,,,,,,,,,,,,,,
BLACK & WHITE SANTA CLAUS IS COMING TO TOWN SIGN,E217844,Home|Holiday|Signs|BLACK & WHITE SANTA CLAUS IS COMING TO TOWN SIGN,,In-Stock: Ships in 5 to 14 days,,,,L: 39.50in W: 1.50in H: 39.50in,,1,$109.00 ,,,,,1,Ragon400,Ragon160,https://cdn11.bigcommerce.com/s-xvps74vl0m/images/stencil/1280x1280/products/10804/32055/E217844_5__27855.1708440789.jpg?c=1,E217844_5__27855.1708440789.jpg?c=1,,,Ragon800,E217844_5__27855.1708440789.jpg?c=1
,,,,,,,,,,,,,,,,,,,,,,,,
"18.75"" PRESSED BOUQUET IN ARCHED BLACK FRAME",BF235071,"Home|Everyday|Wall Décor|18.75"" PRESSED BOUQUET IN ARCHED BLACK FRAME",1 SAWTOOTH HANGER,SOLD OUT,,,,L: 10.75in W: 1in H: 18.75in,,,$27.25 ,,,,,,Ragon400,Ragon160,https://cdn11.bigcommerce.com/s-xvps74vl0m/images/stencil/1280x1280/products/15812/36725/BF235071_2__52096.1733943373.jpg?c=1,BF235071_2__52096.1733943373.jpg?c=1,,,Ragon800,BF235071_2__52096.1733943373.jpg?c=1
,,,,,,,,,,,,,,,,,,,,,,,,
"5.75"" LIGHT YELLOW BABY TEARS IN SQUARE POT",ST198035,"Home|Everyday|Florals|5.75"" LIGHT YELLOW BABY TEARS IN SQUARE POT",,In-Stock: Ships in 5 to 14 days,,,,L: 4in W: 4in H: 6.50in,,6,$7.15 ,,,,,6,Ragon400,Ragon160,https://cdn11.bigcommerce.com/s-xvps74vl0m/images/stencil/1280x1280/products/3758/35826/ST198035_3__65985.1733863899.jpg?c=1,ST198035_3__65985.1733863899.jpg?c=1,,,Ragon800,ST198035_3__65985.1733863899.jpg?c=1
,,,,,,,,,,,,,,,,,,,,,,,,
SET/ 8 GOLD METALLIC PAPER FANS,WS227576,Home|Sale!|Everyday|SET/ 8 GOLD METALLIC PAPER FANS,"SM (2): 8""L X 8""H MD (2): 11""L X 11""H LG (2): 13.5""L X 13.5""H XL (2): 16.5""L X 16.5""H",In-Stock: Ships in 5 to 14 days,,,,See Details tab,,5,$19.80 ,,,,,5,Ragon400,Ragon160,https://cdn11.bigcommerce.com/s-xvps74vl0m/images/stencil/1280x1280/products/10603/29394/WS227576__41638.1701887486.jpg?c=1,WS227576__41638.1701887486.jpg?c=1,,,Ragon800,WS227576__41638.1701887486.jpg?c=1
,,,,,,,,,,,,,,,,,,,,,,,,
WHITE GABRIELLA SNOWFLAKE ORNAMENT,SS239615,"Home|Holiday|Ornaments, Garland & Tree Toppers|WHITE GABRIELLA SNOWFLAKE ORNAMENT",,In-Stock: Ships in 5 to 14 days,,,,L: 4.50in H: 4.50in,,10,$3.05 ,,,,,10,Ragon400,Ragon160,https://cdn11.bigcommerce.com/s-xvps74vl0m/images/stencil/1280x1280/products/17890/40310/SS239615_2__48981.1748894968.jpg?c=1,SS239615_2__48981.1748894968.jpg?c=1,,,Ragon800,SS239615_2__48981.1748894968.jpg?c=1
,,,,,,,,,,,,,,,,,,,,,,,,
"8.75"" FLARED BRONZE VASE",E234253,"Home|Sale!|Everyday|8.75"" FLARED BRONZE VASE",,In-Stock: Ships in 5 to 14 days,,,,L: 7in W: 7in H: 8.75in,,2,$11.85 ,,,,,2,Ragon400,Ragon160,https://cdn11.bigcommerce.com/s-xvps74vl0m/images/stencil/1280x1280/products/15884/36510/E234253_2__36264.1733943314.jpg?c=1,E234253_2__36264.1733943314.jpg?c=1,,,Ragon800,E234253_2__36264.1733943314.jpg?c=1
,,,,,,,,,,,,,,,,,,,,,,,,
"19"" ORANGE POPPY BUSH",G228134,"Home|Everyday|Florals|19"" ORANGE POPPY BUSH",,In-Stock: Ships in 5 to 14 days,,,,L: 19in,,12,$10.45 ,,,,,12,Ragon400,Ragon160,https://cdn11.bigcommerce.com/s-xvps74vl0m/images/stencil/1280x1280/products/10081/35557/G228134_5__55815.1733863824.jpg?c=1,G228134_5__55815.1733863824.jpg?c=1,,,Ragon800,G228134_5__55815.1733863824.jpg?c=1
,,,,,,,,,,,,,,,,,,,,,,,,
"20"" EAT FRAMED SIGN",E217112,"Home|Everyday|Kitchen|20"" EAT FRAMED SIGN",2 KEYHOLE HANGERS,In-Stock: Ships in 5 to 14 days,,,,L: 20in W: 1in H: 7.75in,,4,$16.80 ,,,,,4,Ragon400,Ragon160,https://cdn11.bigcommerce.com/s-xvps74vl0m/images/stencil/1280x1280/products/8198/24150/E217112_1__87516.1677257740.jpg?c=1,E217112_1__87516.1677257740.jpg?c=1,,,Ragon800,E217112_1__87516.1677257740.jpg?c=1
,,,,,,,,,,,,,,,,,,,,,,,,
SCROLL BIRDBATH W/ BIRD,E234399,Home|Everyday|Spring & Garden|SCROLL BIRDBATH W/ BIRD,ASSEMBLY REQUIRED,In-Stock: Ships in 5 to 14 days,,,,L: 13.50in W: 11.75in H: 18.75in,,2,$28.75 ,,,,,2,Ragon400,Ragon160,https://cdn11.bigcommerce.com/s-xvps74vl0m/images/stencil/1280x1280/products/15915/36861/E234399_5__72821.1733943409.jpg?c=1,E234399_5__72821.1733943409.jpg?c=1,,,Ragon800,E234399_5__72821.1733943409.jpg?c=1
,,,,,,,,,,,,,,,,,,,,,,,,
DAD'S BBQ SIGN,E203198,Home|Everyday|Kitchen|DAD'S BBQ SIGN,"TWINE HANGER - HANDLE HEIGHT 13.50""H",In-Stock: Ships in 5 to 14 days,,,,L: 16in W: 1in H: 9in,,6,$11.55 ,,,,,6,Ragon400,Ragon160,https://cdn11.bigcommerce.com/s-xvps74vl0m/images/stencil/1280x1280/products/6502/14079/E203198_5__54077.1647453755.jpg?c=1,E203198_5__54077.1647453755.jpg?c=1,,,Ragon800,E203198_5__54077.1647453755.jpg?c=1
,,,,,,,,,,,,,,,,,,,,,,,,
"5"" WHITE TARTAN 3D FLAME GLASS CANDLE",NY236699,"Home|Flameless Candles|5"" WHITE TARTAN 3D FLAME GLASS CANDLE","6 HR TIMER | ON/OFF BUTTON

REQUIRES 3 (AAA) BATTERIES, BATTERIES NOT INCLUDED.",In-Stock: Ships in 5 to 14 days,,,,L: 3in W: 3in H: 5in,,6,$8.55 ,,,,,6,Ragon400,Ragon160,https://cdn11.bigcommerce.com/s-xvps74vl0m/images/stencil/1280x1280/products/17685/40158/NY236699_2__07625.1748358509.jpg?c=1,NY236699_2__07625.1748358509.jpg?c=1,,,Ragon800,NY236699_2__07625.1748358509.jpg?c=1
,,,,,,,,,,,,,,,,,,,,,,,,
SNUGGLING BUNNIES STATUE,E234324,Home|Everyday|Easter & Spring|SNUGGLING BUNNIES STATUE,OUTDOOR SAFE,In-Stock: Ships in 5 to 14 days,,,,L: 9in W: 7in H: 14in,,1,$54.00 ,,,,,1,Ragon400,Ragon160,https://cdn11.bigcommerce.com/s-xvps74vl0m/images/stencil/1280x1280/products/15896/39754/E234324_7__81814.1741629965.jpg?c=1,E234324_7__81814.1741629965.jpg?c=1,,,Ragon800,E234324_7__81814.1741629965.jpg?c=1
,,,,,,,,,,,,,,,,,,,,,,,,
"5"" CREAM SWEATER BOWL",LA237799,"Home|Holiday|Tabletop & Misc.|5"" CREAM SWEATER BOWL",,In-Stock: Ships in 5 to 14 days,,,,L: 5in W: 5in H: 2.75in,,4,$6.35 ,,,,,4,Ragon400,Ragon160,https://cdn11.bigcommerce.com/s-xvps74vl0m/images/stencil/1280x1280/products/17577/41253/LA237799_4__78073.1749826452.jpg?c=1,LA237799_4__78073.1749826452.jpg?c=1,,,Ragon800,LA237799_4__78073.1749826452.jpg?c=1
,,,,,,,,,,,,,,,,,,,,,,,,
SET/ 3 GREEN SNOWY TREES W/ MULTI-COLORED ORNAMENTS,WS225458,Home|Holiday|Bottlebrush|SET/ 3 GREEN SNOWY TREES W/ MULTI-COLORED ORNAMENTS,"SM: 7""H
MD: 8""H
LG: 10""H",SOLD OUT,,,,See Details tab,,,$25.50 ,,,,,,Ragon400,Ragon160,https://cdn11.bigcommerce.com/s-xvps74vl0m/images/stencil/1280x1280/products/15761/34220/WS225458_3__47900.1728446234.jpg?c=1,WS225458_3__47900.1728446234.jpg?c=1,,,Ragon800,WS225458_3__47900.1728446234.jpg?c=1
,,,,,,,,,,,,,,,,,,,,,,,,
"96"" RED TARTAN TABLE RUNNER",SS211759,"Home|Holiday|Textiles|96"" RED TARTAN TABLE RUNNER",,SOLD OUT,,,,L: 96in W: 18in,,,$26.00 ,,,,,,Ragon400,Ragon160,https://cdn11.bigcommerce.com/s-xvps74vl0m/images/stencil/1280x1280/products/9692/26689/SS211759_4__08919.1678296710.jpg?c=1,SS211759_4__08919.1678296710.jpg?c=1,,,Ragon800,SS211759_4__08919.1678296710.jpg?c=1
,,,,,,,,,,,,,,,,,,,,,,,,
"28"" REDWOOD PINE BERRIES & PINECONES PICK",G233465,"Home|Holiday|28"" REDWOOD PINE BERRIES & PINECONES PICK",,In-Stock: Ships in 5 to 14 days,,,,L: 28in W: 10.50in,,6,$9.65 ,,,,,6,Ragon400,Ragon160,https://cdn11.bigcommerce.com/s-xvps74vl0m/images/stencil/1280x1280/products/17221/41203/G233465_1__79883.1749826442.jpg?c=1,G233465_1__79883.1749826442.jpg?c=1,,,Ragon800,G233465_1__79883.1749826442.jpg?c=1
,,,,,,,,,,,,,,,,,,,,,,,,
"29"" PINK LILAC SPRAY",OR235623,"Home|Sale!|Everyday|29"" PINK LILAC SPRAY",,In-Stock: Ships in 5 to 14 days,,,,L: 29in W: 4.50in,,12,$9.35 ,,,,,12,Ragon400,Ragon160,https://cdn11.bigcommerce.com/s-xvps74vl0m/images/stencil/1280x1280/products/16735/35269/OR235623_7__75613.1733861472.jpg?c=1,OR235623_7__75613.1733861472.jpg?c=1,,,Ragon800,OR235623_7__75613.1733861472.jpg?c=1
,,,,,,,,,,,,,,,,,,,,,,,,
PIGGY COIN BANK,H223257,Home|Sale!|Everyday|PIGGY COIN BANK,,In-Stock: Ships in 5 to 14 days,,,,L: 14in W: 6.50in H: 7.50in,,1,$50.75 ,,,,,1,Ragon400,Ragon160,https://cdn11.bigcommerce.com/s-xvps74vl0m/images/stencil/1280x1280/products/10172/34088/H223257_1__57327.1719415581.jpg?c=1,H223257_1__57327.1719415581.jpg?c=1,,,Ragon800,H223257_1__57327.1719415581.jpg?c=1
,,,,,,,,,,,,,,,,,,,,,,,,
SET/ 6 RED GLASS BULBS,WS221419,"Home|Holiday|Ornaments, Garland & Tree Toppers|SET/ 6 RED GLASS BULBS",,In-Stock: Ships in 5 to 14 days,,,,H: 2in,,6,$10.45 ,,,,,6,Ragon400,Ragon160,https://cdn11.bigcommerce.com/s-xvps74vl0m/images/stencil/1280x1280/products/12254/32980/WS221419_2__20814.1710521313.jpg?c=1,WS221419_2__20814.1710521313.jpg?c=1,,,Ragon800,WS221419_2__20814.1710521313.jpg?c=1
,,,,,,,,,,,,,,,,,,,,,,,,
"24"" PURPLE VERBENA & DAISY WREATH",G232554,"Home|Everyday|Florals|24"" PURPLE VERBENA & DAISY WREATH",,In-Stock: Ships in 5 to 14 days,,,,L: 24in W: 5in H: 24in,,2,$32.00 ,,,,,2,Ragon400,Ragon160,https://cdn11.bigcommerce.com/s-xvps74vl0m/images/stencil/1280x1280/products/16064/34353/G232554_3__21426.1733861202.jpg?c=1,G232554_3__21426.1733861202.jpg?c=1,,,Ragon800,G232554_3__21426.1733861202.jpg?c=1
,,,,,,,,,,,,,,,,,,,,,,,,
"15"" PURPLE SEED BUNDLE",OR214818,"Home|Everyday|Florals|15"" PURPLE SEED BUNDLE",,SOLD OUT,,,,L: 15in,,,$5.25 ,,,,,,Ragon400,Ragon160,https://cdn11.bigcommerce.com/s-xvps74vl0m/images/stencil/1280x1280/products/8566/35966/OR214818_1__67771.1733863940.jpg?c=1,OR214818_1__67771.1733863940.jpg?c=1,,,Ragon800,OR214818_1__67771.1733863940.jpg?c=1
,,,,,,,,,,,,,,,,,,,,,,,,
"8.5"" THE ORBS OF HEAVEN JOURNAL",L221507,"Home|Everyday|Journals|8.5"" THE ORBS OF HEAVEN JOURNAL",,SOLD OUT,,,,L: 5.75in W: 2in H: 8.50in,,,$18.15 ,,,,,,Ragon400,Ragon160,https://cdn11.bigcommerce.com/s-xvps74vl0m/images/stencil/1280x1280/products/10250/34176/L221507_3__14793.1728444471.jpg?c=1,L221507_3__14793.1728444471.jpg?c=1,,,Ragon800,L221507_3__14793.1728444471.jpg?c=1
,,,,,,,,,,,,,,,,,,,,,,,,
SET/ 20 WHITE GLITTERED PINECONES,WS231458,Home|Holiday|Tabletop & Misc.|SET/ 20 WHITE GLITTERED PINECONES,,Early September,,,,L: 1.75in W: 1.75in H: 2in,,6,$13.20 ,,,,,6,Ragon400,Ragon160,https://cdn11.bigcommerce.com/s-xvps74vl0m/images/stencil/1280x1280/products/18014/41289/WS231458_3__89668.1749826458.jpg?c=1,WS231458_3__89668.1749826458.jpg?c=1,,,Ragon800,WS231458_3__89668.1749826458.jpg?c=1
,,,,,,,,,,,,,,,,,,,,,,,,
"4"" WHITE FORTIFIED HOOK",MH222619,"Home|Sale!|Everyday|4"" WHITE FORTIFIED HOOK",1 NAIL HOLE,In-Stock: Ships in 5 to 14 days,,,,L: 1in W: 1.50in H: 4in,,24,$1.65 ,,,,,24,Ragon400,Ragon160,https://cdn11.bigcommerce.com/s-xvps74vl0m/images/stencil/1280x1280/products/10360/29069/MH222619__45365.1701887371.jpg?c=1,MH222619__45365.1701887371.jpg?c=1,,,Ragon800,MH222619__45365.1701887371.jpg?c=1
,,,,,,,,,,,,,,,,,,,,,,,,
"16"" GOLD BOTTLEBRUSH TREE IN URN",WS221144,"Home|Sale!|Holiday|16"" GOLD BOTTLEBRUSH TREE IN URN",,In-Stock: Ships in 5 to 14 days,,,,L: 5in W: 5in H: 16in,,2,$25.50 ,,,,,2,Ragon400,Ragon160,https://cdn11.bigcommerce.com/s-xvps74vl0m/images/stencil/1280x1280/products/12040/32265/WS221144_1__25745.1708440862.jpg?c=1,WS221144_1__25745.1708440862.jpg?c=1,,,Ragon800,WS221144_1__25745.1708440862.jpg?c=1
,,,,,,,,,,,,,,,,,,,,,,,,
"BLACK, MUSTARD & WHITE PLAID CHARGER",WS221248,"Home|Everyday|Kitchen|BLACK, MUSTARD & WHITE PLAID CHARGER",FOOD SAFE. DISHWASHER SAFE. TOP RACK ONLY. NOT FOR MICROWAVE OR OVEN USE.,In-Stock: Ships in 5 to 14 days,,,,L: 12in W: 12in,,4,$5.50 ,,,,,4,Ragon400,Ragon160,https://cdn11.bigcommerce.com/s-xvps74vl0m/images/stencil/1280x1280/products/10585/34016/WS221248_4__28404.1712868594.jpg?c=1,WS221248_4__28404.1712868594.jpg?c=1,,,Ragon800,WS221248_4__28404.1712868594.jpg?c=1
,,,,,,,,,,,,,,,,,,,,,,,,
"6.5"" DISTRESSED GREEN STOOL",H223322,"Home|Everyday|Furniture & Mirrors|6.5"" DISTRESSED GREEN STOOL",DECORATIVE USE ONLY,SOLD OUT,,,,L: 8.50in W: 6.50in H: 6.50in,,,$15.95 ,,,,,,Ragon400,Ragon160,https://cdn11.bigcommerce.com/s-xvps74vl0m/images/stencil/1280x1280/products/14086/34090/H223322_2__84187.1719415744.jpg?c=1,H223322_2__84187.1719415744.jpg?c=1,,,Ragon800,H223322_2__84187.1719415744.jpg?c=1
,,,,,,,,,,,,,,,,,,,,,,,,
I NEED COFFEE SIGN,E226077,Home|Everyday|Kitchen|I NEED COFFEE SIGN,"HANGING HEIGHT: 14""
WIRE HANGER",In-Stock: Ships in 5 to 14 days,,,,L: 9in W: 0.25in H: 11.50in,,12,$4.40 ,,,,,12,Ragon400,Ragon160,https://cdn11.bigcommerce.com/s-xvps74vl0m/images/stencil/1280x1280/products/10627/29438/E226077_2__08605.1701963427.jpg?c=1,E226077_2__08605.1701963427.jpg?c=1,,,Ragon800,E226077_2__08605.1701963427.jpg?c=1
,,,,,,,,,,,,,,,,,,,,,,,,
"31"" PALE PINK WILD BLOSSOM SPRAY",G232966,"Home|Sale!|Everyday|31"" PALE PINK WILD BLOSSOM SPRAY",,In-Stock: Ships in 5 to 14 days,,,,L: 31in W: 12in,,12,$4.70 ,,,,,12,Ragon400,Ragon160,https://cdn11.bigcommerce.com/s-xvps74vl0m/images/stencil/1280x1280/products/16150/34574/G232966_5__31437.1733861269.jpg?c=1,G232966_5__31437.1733861269.jpg?c=1,,,Ragon800,G232966_5__31437.1733861269.jpg?c=1
,,,,,,,,,,,,,,,,,,,,,,,,
"7.5"" BEIGE & BROWN PILLAR CANDLE HOLDER",G232511,"Home|Sale!|Everyday|7.5"" BEIGE & BROWN PILLAR CANDLE HOLDER","HOLDS 3"" CANDLE",In-Stock: Ships in 5 to 14 days,,,,L: 4in W: 4in H: 7.50in,,2,$10.20 ,,,,,2,Ragon400,Ragon160,https://cdn11.bigcommerce.com/s-xvps74vl0m/images/stencil/1280x1280/products/16047/36233/G232511_2__40736.1733943252.jpg?c=1,G232511_2__40736.1733943252.jpg?c=1,,,Ragon800,G232511_2__40736.1733943252.jpg?c=1
,,,,,,,,,,,,,,,,,,,,,,,,
"21.5"" YELLOW POM POM BUSH",G228147,"Home|Sale!|Everyday|21.5"" YELLOW POM POM BUSH",,In-Stock: Ships in 5 to 14 days,,,,L: 21.50in,,12,$7.15 ,,,,,12,Ragon400,Ragon160,https://cdn11.bigcommerce.com/s-xvps74vl0m/images/stencil/1280x1280/products/10091/35663/G228147_8__42735.1733863854.jpg?c=1,G228147_8__42735.1733863854.jpg?c=1,,,Ragon800,G228147_8__42735.1733863854.jpg?c=1
,,,,,,,,,,,,,,,,,,,,,,,,
"16.5"" GLITTERED RED BELSNICKLE W/ GOLD STARS",WS231619,"Home|Holiday|Snowmen, Santas & Angels|16.5"" GLITTERED RED BELSNICKLE W/ GOLD STARS",,Projected Summer 2025,,,,L: 6in W: 6in H: 16.50in,,1,$37.75 ,,,,,1,Ragon400,Ragon160,https://cdn11.bigcommerce.com/s-xvps74vl0m/images/stencil/1280x1280/products/18113/41295/WS231619_3__02294.1749826458.jpg?c=1,WS231619_3__02294.1749826458.jpg?c=1,,,Ragon800,WS231619_3__02294.1749826458.jpg?c=1
,,,,,,,,,,,,,,,,,,,,,,,,
"2.5"" CHARCOAL UNWIRED VELVET RIBBON",SS236145,"Home|Holiday|Textiles|2.5"" CHARCOAL UNWIRED VELVET RIBBON",,Projected Summer 2025,,,,L: 360in W: 2.50in,,6,$10.75 ,,,,,6,Ragon400,Ragon160,https://cdn11.bigcommerce.com/s-xvps74vl0m/images/stencil/1280x1280/products/17770/41657/SS236145_3__99771.1749826538.jpg?c=1,SS236145_3__99771.1749826538.jpg?c=1,,,Ragon800,SS236145_3__99771.1749826538.jpg?c=1
,,,,,,,,,,,,,,,,,,,,,,,,
SQUIRREL IN SLIPPER ORNAMENT,KY239032,"Home|Holiday|Ornaments, Garland & Tree Toppers|SQUIRREL IN SLIPPER ORNAMENT",,Late August,,,,L: 3in W: 5.25in H: 3in,,8,$3.85 ,,,,,8,Ragon400,Ragon160,https://cdn11.bigcommerce.com/s-xvps74vl0m/images/stencil/1280x1280/products/16913/40384/KY239032_5__83992.1749068275.jpg?c=1,KY239032_5__83992.1749068275.jpg?c=1,,,Ragon800,KY239032_5__83992.1749068275.jpg?c=1
,,,,,,,,,,,,,,,,,,,,,,,,
"10"" SNOWMAN W/ OWL",WS221135,"Home|Holiday|Snowmen, Santas & Angels|10"" SNOWMAN W/ OWL",,In-Stock: Ships in 5 to 14 days,,,,L: 6.25in W: 4.50in H: 10in,,2,$26.50 ,,,,,2,Ragon400,Ragon160,https://cdn11.bigcommerce.com/s-xvps74vl0m/images/stencil/1280x1280/products/12032/32782/WS221135_2__73085.1709219765.jpg?c=1,WS221135_2__73085.1709219765.jpg?c=1,,,Ragon800,WS221135_2__73085.1709219765.jpg?c=1
,,,,,,,,,,,,,,,,,,,,,,,,
PAIR OF CREAM VELVET MITTENS,SS221892,"Home|Holiday|Ornaments, Garland & Tree Toppers|PAIR OF CREAM VELVET MITTENS",,SOLD OUT,,,,See Details tab,,,$4.40 ,,,,,,Ragon400,Ragon160,https://cdn11.bigcommerce.com/s-xvps74vl0m/images/stencil/1280x1280/products/11809/33741/SS221892__88169.1712154124.jpg?c=1,SS221892__88169.1712154124.jpg?c=1,,,Ragon800,SS221892__88169.1712154124.jpg?c=1
,,,,,,,,,,,,,,,,,,,,,,,,
CUBE TAPER CANDLE HOLDER,HY238159,Home|Everyday|Candle Holders|CUBE TAPER CANDLE HOLDER,"HOLDS 1"" TAPER CANDLE",In-Stock: Ships in 5 to 14 days,,,,L: 2.75in W: 2.75in H: 2.75in,,6,$4.40 ,,,,,6,Ragon400,Ragon160,https://cdn11.bigcommerce.com/s-xvps74vl0m/images/stencil/1280x1280/products/16417/36599/HY238159_4__43754.1733943340.jpg?c=1,HY238159_4__43754.1733943340.jpg?c=1,,,Ragon800,HY238159_4__43754.1733943340.jpg?c=1
,,,,,,,,,,,,,,,,,,,,,,,,
"8.5"" PEPPERMINT ORNAMENT",WS231473,"Home|Holiday|Ornaments, Garland & Tree Toppers|8.5"" PEPPERMINT ORNAMENT",,Early September,,,,L: 8in W: 1.75in H: 8.50in,,6,$8.00 ,,,,,6,Ragon400,Ragon160,https://cdn11.bigcommerce.com/s-xvps74vl0m/images/stencil/1280x1280/products/18023/41693/WS231473_1__33582.1749826546.jpg?c=1,WS231473_1__33582.1749826546.jpg?c=1,,,Ragon800,WS231473_1__33582.1749826546.jpg?c=1
,,,,,,,,,,,,,,,,,,,,,,,,
"24.5"" RED DAHLIA STEM",G201395,"Home|Everyday|Florals|24.5"" RED DAHLIA STEM",,SOLD OUT,,,,L: 24.50in,,,$8.80 ,,,,,,Ragon400,Ragon160,https://cdn11.bigcommerce.com/s-xvps74vl0m/images/stencil/1280x1280/products/6834/14789/G201395_3__84509.1649134825.jpg?c=1,G201395_3__84509.1649134825.jpg?c=1,,,Ragon800,G201395_3__84509.1649134825.jpg?c=1
,,,,,,,,,,,,,,,,,,,,,,,,
"3.5"" CYLINDER BELL",ZH222759,"Home|Holiday|Bells|3.5"" CYLINDER BELL",,SOLD OUT,,,,L: 2in W: 2in H: 3.50in,,,$1.65 ,,,,,,Ragon400,Ragon160,https://cdn11.bigcommerce.com/s-xvps74vl0m/images/stencil/1280x1280/products/12662/33479/ZH222759_2__92248.1711115427.jpg?c=1,ZH222759_2__92248.1711115427.jpg?c=1,,,Ragon800,ZH222759_2__92248.1711115427.jpg?c=1
,,,,,,,,,,,,,,,,,,,,,,,,
"10"" CANDY CANE SNOWMAN",SW15533,"Home|Holiday|Snowmen, Santas & Angels|10"" CANDY CANE SNOWMAN","7.5""L X 7""W X 10""H, MACHE",In-Stock: Ships in 5 to 14 days,,,,L: 7.50in W: 7in H: 10in,,2,$37.00 ,,,,,2,Ragon400,Ragon160,https://cdn11.bigcommerce.com/s-xvps74vl0m/images/stencil/1280x1280/products/2877/26408/SW15533__67927.1677864254.jpg?c=1,SW15533__67927.1677864254.jpg?c=1,,,Ragon800,SW15533__67927.1677864254.jpg?c=1
,,,,,,,,,,,,,,,,,,,,,,,,
"13.75"" DISTRESSED PLANTER URN",H214041,"Home|Everyday|Spring & Garden|13.75"" DISTRESSED PLANTER URN","INSIDE DEPTH: 5.5""",In-Stock: Ships in 5 to 14 days,,,,L: 11.75in W: 11.75in H: 13.50in,,1,$79.25 ,,,,,1,Ragon400,Ragon160,https://cdn11.bigcommerce.com/s-xvps74vl0m/images/stencil/1280x1280/products/9783/28038/H214041_3__72274.1687545955.jpg?c=1,H214041_3__72274.1687545955.jpg?c=1,,,Ragon800,H214041_3__72274.1687545955.jpg?c=1
,,,,,,,,,,,,,,,,,,,,,,,,
9' VINTAGE SILVER TINSEL GARLAND,5131,"Home|Holiday|Ornaments, Garland & Tree Toppers|9' VINTAGE SILVER TINSEL GARLAND","9'L, PE",Projected Summer 2025,,,,L: 108in,,6,$4.95 ,,,,,6,Ragon400,Ragon160,https://cdn11.bigcommerce.com/s-xvps74vl0m/images/stencil/1280x1280/products/2795/27798/5131_1__53208.1682969173.jpg?c=1,5131_1__53208.1682969173.jpg?c=1,,,Ragon800,5131_1__53208.1682969173.jpg?c=1
,,,,,,,,,,,,,,,,,,,,,,,,
"10"" GOLD GLITTERED SNOWFLAKE",WS221057,"Home|Holiday|Ornaments, Garland & Tree Toppers|10"" GOLD GLITTERED SNOWFLAKE",,In-Stock: Ships in 5 to 14 days,,,,L: 10in W: 1in H: 10in,,4,$8.25 ,,,,,4,Ragon400,Ragon160,https://cdn11.bigcommerce.com/s-xvps74vl0m/images/stencil/1280x1280/products/11977/33432/WS221057_4__71449.1711115413.jpg?c=1,WS221057_4__71449.1711115413.jpg?c=1,,,Ragon800,WS221057_4__71449.1711115413.jpg?c=1
,,,,,,,,,,,,,,,,,,,,,,,,
"11.25"" EGGS IN BASKET STANDING PRINT",RH239788,"Home|Everyday|Easter & Spring|11.25"" EGGS IN BASKET STANDING PRINT",,In-Stock: Ships in 5 to 14 days,,,,H: 11.25in,,2,$9.65 ,,,,,2,Ragon400,Ragon160,https://cdn11.bigcommerce.com/s-xvps74vl0m/images/stencil/1280x1280/products/18404/37955/RH239788_3__54731.1740599870.jpg?c=1,RH239788_3__54731.1740599870.jpg?c=1,,,Ragon800,RH239788_3__54731.1740599870.jpg?c=1
,,,,,,,,,,,,,,,,,,,,,,,,
SET/ 3 SCALLOPED BIRD BUCKETS,BF224271,Home|Everyday|Easter & Spring|SET/ 3 SCALLOPED BIRD BUCKETS,"SM: 7""L X 6.75""W X 8.75""H MD: 8.25""L X 9""W X 11""H LG: 10""L X 13.0""W X 12.75""H",In-Stock: Ships in 5 to 14 days,,,,See Details tab,,2,$39.75 ,,,,,2,Ragon400,Ragon160,https://cdn11.bigcommerce.com/s-xvps74vl0m/images/stencil/1280x1280/products/9974/28496/BF224271_1__54960.1701887174.jpg?c=1,BF224271_1__54960.1701887174.jpg?c=1,,,Ragon800,BF224271_1__54960.1701887174.jpg?c=1
,,,,,,,,,,,,,,,,,,,,,,,,
SET/3 ANNABELLE'S CHALET METAL BUCKETS,E234548,Home|Everyday|Spring & Garden|SET/3 ANNABELLE'S CHALET METAL BUCKETS,"SM: 5""L X 5""W X 9""H MD: 6.5""L X 6.5""W X 11""H LG: 8""L X 8""W X 12.5""H",In-Stock: Ships in 5 to 14 days,,,,See Details tab,,1,$37.50 ,,,,,1,Ragon400,Ragon160,https://cdn11.bigcommerce.com/s-xvps74vl0m/images/stencil/1280x1280/products/15946/36895/E234548_2__89685.1733943418.jpg?c=1,E234548_2__89685.1733943418.jpg?c=1,,,Ragon800,E234548_2__89685.1733943418.jpg?c=1
,,,,,,,,,,,,,,,,,,,,,,,,
"22"" CREAM HYDRANGEA SPRAY",OR235510,"Home|Sale!|Everyday|22"" CREAM HYDRANGEA SPRAY",,In-Stock: Ships in 5 to 14 days,,,,L: 22in W: 7in,,24,$5.25 ,,,,,24,Ragon400,Ragon160,https://cdn11.bigcommerce.com/s-xvps74vl0m/images/stencil/1280x1280/products/16690/35117/OR235510_5__78662.1733861428.jpg?c=1,OR235510_5__78662.1733861428.jpg?c=1,,,Ragon800,OR235510_5__78662.1733861428.jpg?c=1
,,,,,,,,,,,,,,,,,,,,,,,,
"SET/ 12 - 1.5"" STRIPED GLASS BALL ORNAMENTS",WS231155,"Home|Holiday|Ornaments, Garland & Tree Toppers|SET/ 12 - 1.5"" STRIPED GLASS BALL ORNAMENTS",,Projected Summer 2025,,,,W: 1.50in,,3,$15.95 ,,,,,3,Ragon400,Ragon160,https://cdn11.bigcommerce.com/s-xvps74vl0m/images/stencil/1280x1280/products/12505/40632/WS231155_5__29345.1749156684.jpg?c=1,WS231155_5__29345.1749156684.jpg?c=1,,,Ragon800,WS231155_5__29345.1749156684.jpg?c=1
,,,,,,,,,,,,,,,,,,,,,,,,
"24.25"" CREAM MUM SPRAY",OR215289,"Home|Sale!|Everyday|24.25"" CREAM MUM SPRAY",,In-Stock: Ships in 5 to 14 days,,,,L: 24.25in,,24,$3.60 ,,,,,24,Ragon400,Ragon160,https://cdn11.bigcommerce.com/s-xvps74vl0m/images/stencil/1280x1280/products/8596/35473/OR215289_6__41937.1733863802.jpg?c=1,OR215289_6__41937.1733863802.jpg?c=1,,,Ragon800,OR215289_6__41937.1733863802.jpg?c=1
,,,,,,,,,,,,,,,,,,,,,,,,
"24"" COD FISH",FB225386,"Home|Sale!|Everyday|24"" COD FISH",2 SAWTOOTH HANGER & TWINE HANGER,In-Stock: Ships in 5 to 14 days,,,,L: 24in W: 0.25in H: 10in,,6,$10.75 ,,,,,6,Ragon400,Ragon160,https://cdn11.bigcommerce.com/s-xvps74vl0m/images/stencil/1280x1280/products/10811/33359/FB225386_2__22053.1711115389.jpg?c=1,FB225386_2__22053.1711115389.jpg?c=1,,,Ragon800,FB225386_2__22053.1711115389.jpg?c=1
,,,,,,,,,,,,,,,,,,,,,,,,
"15"" SILVER BOTTLEBRUSH TREE W/ WHITE & AQUA BEADS",WS202479,"Home|Holiday|Bottlebrush|15"" SILVER BOTTLEBRUSH TREE W/ WHITE & AQUA BEADS",,In-Stock: Ships in 5 to 14 days,,,,W: 5in H: 15in,,2,$21.75 ,,,,,2,Ragon400,Ragon160,https://cdn11.bigcommerce.com/s-xvps74vl0m/images/stencil/1280x1280/products/7566/16928/WS202479_1__69518.1644264966.jpg?c=1,WS202479_1__69518.1644264966.jpg?c=1,,,Ragon800,WS202479_1__69518.1644264966.jpg?c=1
,,,,,,,,,,,,,,,,,,,,,,,,
"54"" DRAPING ANGEL PINE SPRAY",G191543,"Home|Holiday|Greenery, Wreaths & Trees|54"" DRAPING ANGEL PINE SPRAY","54""L, PE",In-Stock: Ships in 5 to 14 days,,,,L: 54in,,6,$14.25 ,,,,,6,Ragon400,Ragon160,https://cdn11.bigcommerce.com/s-xvps74vl0m/images/stencil/1280x1280/products/3581/41366/G191543_2__21993.1749826474.jpg?c=1,G191543_2__21993.1749826474.jpg?c=1,,,Ragon800,G191543_2__21993.1749826474.jpg?c=1
,,,,,,,,,,,,,,,,,,,,,,,,
"3.75"" - 3D FLAME BLUE & WHITE CERAMIC CANDLE",NY229097,"Home|Flameless Candles|3.75"" - 3D FLAME BLUE & WHITE CERAMIC CANDLE","6 HR TIMER | ON/OFF BUTTON
REQUIRES 2 (AA) BATTERIES, BATTERIES NOT INCLUDED.",In-Stock: Ships in 5 to 14 days,,,,L: 3.50in W: 3.50in H: 3.75in,,6,$8.80 ,,,,,6,Ragon400,Ragon160,https://cdn11.bigcommerce.com/s-xvps74vl0m/images/stencil/1280x1280/products/14324/31999/NY229097_3__15733.1707399431.jpg?c=1,NY229097_3__15733.1707399431.jpg?c=1,,,Ragon800,NY229097_3__15733.1707399431.jpg?c=1
,,,,,,,,,,,,,,,,,,,,,,,,
"14"" BURNT SIENNA EUCALYPTUS SPRAY",OR224549,"Home|Sale!|Everyday|14"" BURNT SIENNA EUCALYPTUS SPRAY",,In-Stock: Ships in 5 to 14 days,,,,L: 14in,,24,$2.75 ,,,,,24,Ragon400,Ragon160,https://cdn11.bigcommerce.com/s-xvps74vl0m/images/stencil/1280x1280/products/10445/35907/OR224549_4__23750.1733863924.jpg?c=1,OR224549_4__23750.1733863924.jpg?c=1,,,Ragon800,OR224549_4__23750.1733863924.jpg?c=1
,,,,,,,,,,,,,,,,,,,,,,,,
"20"" RED SLEIGH",H223352,"Home|Holiday|Tabletop & Misc.|20"" RED SLEIGH",,Late August,,,,L: 20in W: 8.25in H: 13in,,1,$82.50 ,,,,,1,Ragon400,Ragon160,https://cdn11.bigcommerce.com/s-xvps74vl0m/images/stencil/1280x1280/products/11576/32175/H223352_3__02238.1708440832.jpg?c=1,H223352_3__02238.1708440832.jpg?c=1,,,Ragon800,H223352_3__02238.1708440832.jpg?c=1
,,,,,,,,,,,,,,,,,,,,,,,,
"24"" GRADIENT PINE WREATH",G228662,"Home|Sale!|Holiday|24"" GRADIENT PINE WREATH",,In-Stock: Ships in 5 to 14 days,,,,L: 24in H: 24in,,2,$32.00 ,,,,,2,Ragon400,Ragon160,https://cdn11.bigcommerce.com/s-xvps74vl0m/images/stencil/1280x1280/products/11386/41416/G228662_2__61136.1749826485.jpg?c=1,G228662_2__61136.1749826485.jpg?c=1,,,Ragon800,G228662_2__61136.1749826485.jpg?c=1
,,,,,,,,,,,,,,,,,,,,,,,,
"10.5"" TABLETOP NUTCRACKER",LA237802,"Home|Holiday|Tabletop & Misc.|10.5"" TABLETOP NUTCRACKER",,In-Stock: Ships in 5 to 14 days,,,,L: 3in W: 3in H: 10.50in,,4,$8.55 ,,,,,4,Ragon400,Ragon160,https://cdn11.bigcommerce.com/s-xvps74vl0m/images/stencil/1280x1280/products/17580/41267/LA237802_2__50846.1749826454.jpg?c=1,LA237802_2__50846.1749826454.jpg?c=1,,,Ragon800,LA237802_2__50846.1749826454.jpg?c=1
,,,,,,,,,,,,,,,,,,,,,,,,
"2.5"" CHARCOAL VELVET WIRED RIBBON",SS211983,"Home|Holiday|Textiles|2.5"" CHARCOAL VELVET WIRED RIBBON",,Projected Summer 2025,,,,L: 360in W: 2.50in,,5,$12.65 ,,,,,5,Ragon400,Ragon160,https://cdn11.bigcommerce.com/s-xvps74vl0m/images/stencil/1280x1280/products/9871/27519/SS211983_6__61291.1679582950.jpg?c=1,SS211983_6__61291.1679582950.jpg?c=1,,,Ragon800,SS211983_6__61291.1679582950.jpg?c=1
,,,,,,,,,,,,,,,,,,,,,,,,
"22"" MINI FICUS WREATH",G228369,"Home|Everyday|Florals|22"" MINI FICUS WREATH",,SOLD OUT,,,,L: 22in H: 22in,,,$31.00 ,,,,,,Ragon400,Ragon160,https://cdn11.bigcommerce.com/s-xvps74vl0m/images/stencil/1280x1280/products/10154/36017/G228369_4__01844.1733863957.jpg?c=1,G228369_4__01844.1733863957.jpg?c=1,,,Ragon800,G228369_4__01844.1733863957.jpg?c=1
,,,,,,,,,,,,,,,,,,,,,,,,
BLACK 6-PLATE RACK,E234417,Home|Everyday|Kitchen|BLACK 6-PLATE RACK,"SLOT WIDTH: 1.25""",In-Stock: Ships in 5 to 14 days,,,,L: 12in W: 4in H: 4.50in,,2,$10.75 ,,,,,2,Ragon400,Ragon160,https://cdn11.bigcommerce.com/s-xvps74vl0m/images/stencil/1280x1280/products/15926/36540/E234417_5__74439.1733943323.jpg?c=1,E234417_5__74439.1733943323.jpg?c=1,,,Ragon800,E234417_5__74439.1733943323.jpg?c=1
,,,,,,,,,,,,,,,,,,,,,,,,
"8"" KENTUCKY SNOWMAN",WS221293,"Home|Holiday|Snowmen, Santas & Angels|8"" KENTUCKY SNOWMAN",,Early September,,,,L: 3.75in W: 3.25in H: 8in,,3,$12.10 ,,,,,3,Ragon400,Ragon160,https://cdn11.bigcommerce.com/s-xvps74vl0m/images/stencil/1280x1280/products/12128/33147/WS221293_3__84825.1711076024.jpg?c=1,WS221293_3__84825.1711076024.jpg?c=1,,,Ragon800,WS221293_3__84825.1711076024.jpg?c=1
,,,,,,,,,,,,,,,,,,,,,,,,
"6"" SOLID SHIMMER STAR STAND",WS202366,"Home|Holiday|Ornaments, Garland & Tree Toppers|6"" SOLID SHIMMER STAR STAND",,In-Stock: Ships in 5 to 14 days,,,,L: 5.50in W: 1.50in H: 6in,,6,$6.60 ,,,,,6,Ragon400,Ragon160,https://cdn11.bigcommerce.com/s-xvps74vl0m/images/stencil/1280x1280/products/7660/17646/WS202366_2__80479.1645761761.jpg?c=1,WS202366_2__80479.1645761761.jpg?c=1,,,Ragon800,WS202366_2__80479.1645761761.jpg?c=1
,,,,,,,,,,,,,,,,,,,,,,,,
".5"" BEIGE UNWIRED VELVET RIBBON",SS236141,"Home|Holiday|Textiles|.5"" BEIGE UNWIRED VELVET RIBBON",,Projected Summer 2025,,,,L: 360in W: 0.50in,,6,$4.70 ,,,,,6,Ragon400,Ragon160,https://cdn11.bigcommerce.com/s-xvps74vl0m/images/stencil/1280x1280/products/17766/41653/SS236141_3__58343.1749826538.jpg?c=1,SS236141_3__58343.1749826538.jpg?c=1,,,Ragon800,SS236141_3__58343.1749826538.jpg?c=1
,,,,,,,,,,,,,,,,,,,,,,,,
"7"" RED 3D FLAME SMOOTH TREE CANDLE",NY236692,"Home|Flameless Candles|7"" RED 3D FLAME SMOOTH TREE CANDLE","6 HR TIMER | ON/OFF BUTTON
REQUIRES 3 (AAA) BATTERIES, BATTERIES NOT INCLUDED.",In-Stock: Ships in 5 to 14 days,,,,L: 3in W: 3in H: 7in,,6,$6.05 ,,,,,6,Ragon400,Ragon160,https://cdn11.bigcommerce.com/s-xvps74vl0m/images/stencil/1280x1280/products/17682/40277/NY236692_3__82478.1748893595.jpg?c=1,NY236692_3__82478.1748893595.jpg?c=1,,,Ragon800,NY236692_3__82478.1748893595.jpg?c=1
,,,,,,,,,,,,,,,,,,,,,,,,
GOLD HANGING BOWL ON STAND,E226258,Home|Everyday|Tabletop & Misc.|GOLD HANGING BOWL ON STAND,,SOLD OUT,,,,L: 7.25in W: 5.75in H: 16in,,,$22.00 ,,,,,,Ragon400,Ragon160,https://cdn11.bigcommerce.com/s-xvps74vl0m/images/stencil/1280x1280/products/10666/29513/E226258_8__20575.1701963450.jpg?c=1,E226258_8__20575.1701963450.jpg?c=1,,,Ragon800,E226258_8__20575.1701963450.jpg?c=1
,,,,,,,,,,,,,,,,,,,,,,,,
"13"" LIGHTED TEAL GLASS TREE",WS192529,"Home|Holiday|Tabletop & Misc.|13"" LIGHTED TEAL GLASS TREE","6.75""W X 13""H, GLASS
*REQUIRES 3 AA BATTERIES, NOT INCLUDED",In-Stock: Ships in 5 to 14 days,,,,W: 6.75in H: 13in,,4,$30.75 ,,,,,4,Ragon400,Ragon160,https://cdn11.bigcommerce.com/s-xvps74vl0m/images/stencil/1280x1280/products/3105/12368/WS192529_2__74026.1626464888.jpg?c=1,WS192529_2__74026.1626464888.jpg?c=1,,,Ragon800,WS192529_2__74026.1626464888.jpg?c=1
,,,,,,,,,,,,,,,,,,,,,,,,
"4"" RED GLASS 3D FLAME CANDLE",NY236375,"Home|Flameless Candles|4"" RED GLASS 3D FLAME CANDLE","6 HR TIMER | ON/OFF BUTTON
REQUIRES 3 (AAA) BATTERIES, BATTERIES NOT INCLUDED.",Projected Summer 2025,,,,L: 3in W: 3in H: 4in,,6,$6.90 ,,,,,6,Ragon400,Ragon160,https://cdn11.bigcommerce.com/s-xvps74vl0m/images/stencil/1280x1280/products/18280/40214/NY236375_3__34139.1748548073.jpg?c=1,NY236375_3__34139.1748548073.jpg?c=1,,,Ragon800,NY236375_3__34139.1748548073.jpg?c=1
,,,,,,,,,,,,,,,,,,,,,,,,
MICA SNOWFLAKES,11751,Home|Holiday|Tabletop & Misc.|MICA SNOWFLAKES,"6 OZ. BAG, PE
BOX MEASURES 4.75""L X 1.5""W X 7""H",In-Stock: Ships in 5 to 14 days,,,,L: 4.75in W: 1.50in H: 7in,,6,$7.65 ,,,,,6,Ragon400,Ragon160,https://cdn11.bigcommerce.com/s-xvps74vl0m/images/stencil/1280x1280/products/2839/26488/11751__61444.1694009096.jpg?c=1,11751__61444.1694009096.jpg?c=1,,,Ragon800,11751__61444.1694009096.jpg?c=1
,,,,,,,,,,,,,,,,,,,,,,,,
CHILD PROOFED SIGN,E193315,Home|Everyday|Signs|CHILD PROOFED SIGN,"10""L X 1.25""W X 6.25""H, WOOD",SOLD OUT,,,,L: 10in W: 1.50in H: 10in,,,$9.85 ,,,,,,Ragon400,Ragon160,https://cdn11.bigcommerce.com/s-xvps74vl0m/images/stencil/1280x1280/products/4591/7745/E193315_1__26322.1626460528.jpg?c=1,E193315_1__26322.1626460528.jpg?c=1,,,Ragon800,E193315_1__26322.1626460528.jpg?c=1
,,,,,,,,,,,,,,,,,,,,,,,,
"9.25"" SIX DIVIDER CADDY",ZH238655,"Home|Everyday|Kitchen|9.25"" SIX DIVIDER CADDY","INDIVIDUAL HOLDER: 3""L 2.5""W 3.5""H",In-Stock: Ships in 5 to 14 days,,,,L: 9.25in W: 5in H: 8in,,2,$9.90 ,,,,,2,Ragon400,Ragon160,https://cdn11.bigcommerce.com/s-xvps74vl0m/images/stencil/1280x1280/products/16884/37183/ZH238655_1__54010.1733943497.jpg?c=1,ZH238655_1__54010.1733943497.jpg?c=1,,,Ragon800,ZH238655_1__54010.1733943497.jpg?c=1
,,,,,,,,,,,,,,,,,,,,,,,,
"25"" SUNFLOWER STEM",G233102,"Home|Sale!|Everyday|25"" SUNFLOWER STEM",,SOLD OUT,,,,L: 25in W: 6.50in,,,$2.50 ,,,,,,Ragon400,Ragon160,https://cdn11.bigcommerce.com/s-xvps74vl0m/images/stencil/1280x1280/products/16194/34732/G233102_3__74157.1733861315.jpg?c=1,G233102_3__74157.1733861315.jpg?c=1,,,Ragon800,G233102_3__74157.1733861315.jpg?c=1
,,,,,,,,,,,,,,,,,,,,,,,,
"6.75"" WHITE SLEIGH BELL",ZH213528,"Home|Holiday|Bells|6.75"" WHITE SLEIGH BELL",,In-Stock: Ships in 5 to 14 days,,,,L: 6.75in W: 6.75in,,6,$13.75 ,,,,,6,Ragon400,Ragon160,https://cdn11.bigcommerce.com/s-xvps74vl0m/images/stencil/1280x1280/products/9574/27274/ZH213528_1__25728.1679582873.jpg?c=1,ZH213528_1__25728.1679582873.jpg?c=1,,,Ragon800,ZH213528_1__25728.1679582873.jpg?c=1
,,,,,,,,,,,,,,,,,,,,,,,,
"28"" SANTA W/ DEER PRINT",RH239765,"Home|Collections|2025 Products|UNSPECIFIED|28"" SANTA W/ DEER PRINT",,Projected Summer 2025,,,,H: 28in,,2,$32.75 ,,,,,2,Ragon400,Ragon160,https://cdn11.bigcommerce.com/s-xvps74vl0m/images/stencil/1280x1280/products/18364/41810/RH239765_4__21360.1751314046.jpg?c=1,RH239765_4__21360.1751314046.jpg?c=1,,,Ragon800,RH239765_4__21360.1751314046.jpg?c=1
,,,,,,,,,,,,,,,,,,,,,,,,
"4"" AUTUMN HUES BOTTLE BRUSH TREES BOX/ 5",WS192537,"Home|Holiday|Bottlebrush|4"" AUTUMN HUES BOTTLE BRUSH TREES BOX/ 5","1.50""W X 4""H, SISAL",In-Stock: Ships in 3 to 7 days,,,,W: 1.50in H: 4in,,4,$14.85 ,,,,,4,Ragon400,Ragon160,https://cdn11.bigcommerce.com/s-xvps74vl0m/images/stencil/1280x1280/products/3100/12378/WS192537_10__56921.1626464890.jpg?c=1,WS192537_10__56921.1626464890.jpg?c=1,,,Ragon800,WS192537_10__56921.1626464890.jpg?c=1
,,,,,,,,,,,,,,,,,,,,,,,,
"35.5"" BLACK GARDEN HOOK",MH236701,"Home|Sale!|Everyday|35.5"" BLACK GARDEN HOOK","HANGING HEIGHT 25.5""
LANTERN SOLD SEPARATELY",In-Stock: Ships in 5 to 14 days,,,,L: 6in W: 0.50in H: 35.50in,,6,$6.60 ,,,,,6,Ragon400,Ragon160,https://cdn11.bigcommerce.com/s-xvps74vl0m/images/stencil/1280x1280/products/16558/40678/MH236701_1__74728.1749594846.jpg?c=1,MH236701_1__74728.1749594846.jpg?c=1,,,Ragon800,MH236701_1__74728.1749594846.jpg?c=1
,,,,,,,,,,,,,,,,,,,,,,,,
"7"" FAWN VELVET & GLITTER BELL",WS231010,"Home|Holiday|Ornaments, Garland & Tree Toppers|7"" FAWN VELVET & GLITTER BELL",AUTHENTIC GERMAN GLASS GLITTER; MAY CHANGE COLOR OVER TIME,Projected Summer 2025,,,,L: 4.25in W: 4.25in H: 7in,,6,$9.35 ,,,,,6,Ragon400,Ragon160,https://cdn11.bigcommerce.com/s-xvps74vl0m/images/stencil/1280x1280/products/17935/40494/WS231010_4__35934.1749150355.jpg?c=1,WS231010_4__35934.1749150355.jpg?c=1,,,Ragon800,WS231010_4__35934.1749150355.jpg?c=1
,,,,,,,,,,,,,,,,,,,,,,,,
"26"" MAUVE HYDRANGEA SPRAY",G201412,"Home|Everyday|Spring & Garden|26"" MAUVE HYDRANGEA SPRAY",,In-Stock: Ships in 5 to 14 days,,,,L: 26in,,12,$8.55 ,,,,,12,Ragon400,Ragon160,https://cdn11.bigcommerce.com/s-xvps74vl0m/images/stencil/1280x1280/products/6845/13557/G201412__25497.1649134770.jpg?c=1,G201412__25497.1649134770.jpg?c=1,,,Ragon800,G201412__25497.1649134770.jpg?c=1
,,,,,,,,,,,,,,,,,,,,,,,,
"SET/ 3 - 7"" LATTE BOTTLEBRUSH TREES W/ SNOWY TIPS",WS225452,"Home|Holiday|Bottlebrush|SET/ 3 - 7"" LATTE BOTTLEBRUSH TREES W/ SNOWY TIPS",,In-Stock: Ships in 5 to 14 days,,,,H: 7in,,6,$11.55 ,,,,,6,Ragon400,Ragon160,https://cdn11.bigcommerce.com/s-xvps74vl0m/images/stencil/1280x1280/products/15757/34197/WS225452_4__92679.1728445311.jpg?c=1,WS225452_4__92679.1728445311.jpg?c=1,,,Ragon800,WS225452_4__92679.1728445311.jpg?c=1
,,,,,,,,,,,,,,,,,,,,,,,,
"38.5"" YELLOW CAMPER VAN PRINT",H223304,"Home|Everyday|Camping|38.5"" YELLOW CAMPER VAN PRINT",2 SAWTOOTH HANGERS,In-Stock: Ships in 5 to 14 days,,,,L: 38.50in W: 1.50in H: 16.75in,,1,$109.00 ,,,,,1,Ragon400,Ragon160,https://cdn11.bigcommerce.com/s-xvps74vl0m/images/stencil/1280x1280/products/10180/28798/H223304_4__84782.1701887283.jpg?c=1,H223304_4__84782.1701887283.jpg?c=1,,,Ragon800,H223304_4__84782.1701887283.jpg?c=1
,,,,,,,,,,,,,,,,,,,,,,,,
15.75 SNOWY LIGHTED WOOD CHURCH,WS227538,Home|Sale!|Holiday|15.75 SNOWY LIGHTED WOOD CHURCH,"6 HR TIMER
REQUIRES 2 (AA) BATTERIES, BATTERIES NOT INCLUDED.",In-Stock: Ships in 5 to 14 days,,,,L: 7.50in W: 4in H: 15.75in,,2,$33.00 ,,,,,2,Ragon400,Ragon160,https://cdn11.bigcommerce.com/s-xvps74vl0m/images/stencil/1280x1280/products/12443/32393/WS227538_5__39257.1708440900.jpg?c=1,WS227538_5__39257.1708440900.jpg?c=1,,,Ragon800,WS227538_5__39257.1708440900.jpg?c=1
,,,,,,,,,,,,,,,,,,,,,,,,
"LG AGED RED,GREEN,SILVER BEAD GARLAND",4127L,"Home|Holiday|Ornaments, Garland & Tree Toppers|LG AGED RED,GREEN,SILVER BEAD GARLAND","9'L, PE",Projected Summer 2025,,,,L: 108in,,6,$6.35 ,,,,,6,Ragon400,Ragon160,https://cdn11.bigcommerce.com/s-xvps74vl0m/images/stencil/1280x1280/products/2865/27796/4127_1__33569.1682968940.jpg?c=1,4127_1__33569.1682968940.jpg?c=1,,,Ragon800,4127_1__33569.1682968940.jpg?c=1
,,,,,,,,,,,,,,,,,,,,,,,,
SET/ 2 - 3D FLAME BLACK TEALIGHT CANDLES,NY236556,Home|Flameless Candles|SET/ 2 - 3D FLAME BLACK TEALIGHT CANDLES,"6 HR TIMER | ON/OFF BUTTON
REQUIRES 1 (CR2032) BATTERY, BATTERY INCLUDED.",Projected Summer 2025,,,,L: 1.75in W: 1.75in H: 1in,,8,$7.15 ,,,,,8,Ragon400,Ragon160,https://cdn11.bigcommerce.com/s-xvps74vl0m/images/stencil/1280x1280/products/16649/37057/NY236556_1__95525.1733943462.jpg?c=1,NY236556_1__95525.1733943462.jpg?c=1,,,Ragon800,NY236556_1__95525.1733943462.jpg?c=1
,,,,,,,,,,,,,,,,,,,,,,,,
RESTFUL RABBIT SIGN,E203269,Home|Everyday|Easter & Spring|RESTFUL RABBIT SIGN,2 TRIANGLE HANGERS,In-Stock: Ships in 5 to 14 days,,,,L: 18in W: 1.25in H: 15.25in,,2,$28.75 ,,,,,2,Ragon400,Ragon160,https://cdn11.bigcommerce.com/s-xvps74vl0m/images/stencil/1280x1280/products/6532/14139/E203269_6__40628.1653322125.jpg?c=1,E203269_6__40628.1653322125.jpg?c=1,,,Ragon800,E203269_6__40628.1653322125.jpg?c=1
,,,,,,,,,,,,,,,,,,,,,,,,
GINGERBREAD MITTEN ORNAMENT,WS231680,"Home|Holiday|Ornaments, Garland & Tree Toppers|GINGERBREAD MITTEN ORNAMENT",,Early September,,,,L: 4.25in W: 0.25in H: 4.25in,,12,$2.50 ,,,,,12,Ragon400,Ragon160,https://cdn11.bigcommerce.com/s-xvps74vl0m/images/stencil/1280x1280/products/18155/40458/WS231680_1__79688.1749138278.jpg?c=1,WS231680_1__79688.1749138278.jpg?c=1,,,Ragon800,WS231680_1__79688.1749138278.jpg?c=1
,,,,,,,,,,,,,,,,,,,,,,,,
"6' - BLACK 1"" FLOCKED BALL GARLAND",WS221370,"Home|Sale!|Holiday|6' - BLACK 1"" FLOCKED BALL GARLAND",,In-Stock: Ships in 5 to 14 days,,,,L: 72in,,6,$11.85 ,,,,,6,Ragon400,Ragon160,https://cdn11.bigcommerce.com/s-xvps74vl0m/images/stencil/1280x1280/products/12205/34168/WS221370_1__42961.1724696885.jpg?c=1,WS221370_1__42961.1724696885.jpg?c=1,,,Ragon800,WS221370_1__42961.1724696885.jpg?c=1
,,,,,,,,,,,,,,,,,,,,,,,,
"SET/ 6 - 3.25"" FAWN FLOCKED BALLS",WS221335,"Home|Sale!|Holiday|SET/ 6 - 3.25"" FAWN FLOCKED BALLS",,In-Stock: Ships in 5 to 14 days,,,,H: 3.25in,,6,$14.85 ,,,,,6,Ragon400,Ragon160,https://cdn11.bigcommerce.com/s-xvps74vl0m/images/stencil/1280x1280/products/12170/32932/WS221335_3__81379.1710521297.jpg?c=1,WS221335_3__81379.1710521297.jpg?c=1,,,Ragon800,WS221335_3__81379.1710521297.jpg?c=1
,,,,,,,,,,,,,,,,,,,,,,,,
RED ROOF BIRDHOUSE WITH AWNING AND RAIL,HY204236,Home|Holiday|Tabletop & Misc.|RED ROOF BIRDHOUSE WITH AWNING AND RAIL,,In-Stock: Ships in 5 to 14 days,,,,L: 8.50in W: 12.50in H: 11.25in,,2,$43.00 ,,,,,2,Ragon400,Ragon160,https://cdn11.bigcommerce.com/s-xvps74vl0m/images/stencil/1280x1280/products/7775/20517/HY204236_3__68583.1663177479.jpg?c=1,HY204236_3__68583.1663177479.jpg?c=1,,,Ragon800,HY204236_3__68583.1663177479.jpg?c=1
,,,,,,,,,,,,,,,,,,,,,,,,
"38.25"" SANTA W/ BELLS DUMMY BOARD",WS221082,"Home|Sale!|Holiday|38.25"" SANTA W/ BELLS DUMMY BOARD",,In-Stock: Ships in 5 to 14 days,,,,L: 23.25in W: 0.50in H: 38.25in,,2,$37.50 ,,,,,2,Ragon400,Ragon160,https://cdn11.bigcommerce.com/s-xvps74vl0m/images/stencil/1280x1280/products/11997/32773/WS221082_2__53241.1709219761.jpg?c=1,WS221082_2__53241.1709219761.jpg?c=1,,,Ragon800,WS221082_2__53241.1709219761.jpg?c=1
,,,,,,,,,,,,,,,,,,,,,,,,
"8"" RASPBERRY BIRD NEST",G232553,"Home|Everyday|Florals|8"" RASPBERRY BIRD NEST",,In-Stock: Ships in 5 to 14 days,,,,L: 8in W: 8in H: 5in,,6,$9.10 ,,,,,6,Ragon400,Ragon160,https://cdn11.bigcommerce.com/s-xvps74vl0m/images/stencil/1280x1280/products/16063/34351/G232553_6__87890.1733861201.jpg?c=1,G232553_6__87890.1733861201.jpg?c=1,,,Ragon800,G232553_6__87890.1733861201.jpg?c=1
,,,,,,,,,,,,,,,,,,,,,,,,
"SET/ 2 - 6.75"" MOVING FLAME RED TAPER CANDLE",NY213010,"Home|Flameless Candles|SET/ 2 - 6.75"" MOVING FLAME RED TAPER CANDLE","6 HR TIMER | ON/OFF BUTTON
REQUIRES 1 (AAA) BATTERY, BATTERY NOT INCLUDED.",In-Stock: Ships in 5 to 14 days,,,,L: 0.75in W: 0.75in H: 6.75in,,12,$9.35 ,,,,,12,Ragon400,Ragon160,https://cdn11.bigcommerce.com/s-xvps74vl0m/images/stencil/1280x1280/products/8539/25050/NY213010_1__15414.1677258022.jpg?c=1,NY213010_1__15414.1677258022.jpg?c=1,,,Ragon800,NY213010_1__15414.1677258022.jpg?c=1
,,,,,,,,,,,,,,,,,,,,,,,,
SET/ 7 LARGE GLITTERED HOLIDAY BOTTLEBRUSH TREES,WS231643,Home|Holiday|SET/ 7 LARGE GLITTERED HOLIDAY BOTTLEBRUSH TREES,"SM (3): 9.5""H MD (2): 9.75""H LG (2): 10""H",Early September,,,,See Details tab,,2,$25.25 ,,,,,2,Ragon400,Ragon160,https://cdn11.bigcommerce.com/s-xvps74vl0m/images/stencil/1280x1280/products/18130/40184/WS231643_1__40545.1748359385.jpg?c=1,WS231643_1__40545.1748359385.jpg?c=1,,,Ragon800,WS231643_1__40545.1748359385.jpg?c=1
,,,,,,,,,,,,,,,,,,,,,,,,
"8.5"" CANOEING JOURNAL",L221504,"Home|Everyday|Journals|8.5"" CANOEING JOURNAL",,In-Stock: Ships in 5 to 14 days,,,,L: 5.75in W: 1.25in H: 8.50in,,2,$18.15 ,,,,,2,Ragon400,Ragon160,https://cdn11.bigcommerce.com/s-xvps74vl0m/images/stencil/1280x1280/products/10248/31987/L221504_4__81971.1707399427.jpg?c=1,L221504_4__81971.1707399427.jpg?c=1,,,Ragon800,L221504_4__81971.1707399427.jpg?c=1
,,,,,,,,,,,,,,,,,,,,,,,,
RED METAL BUTTERFLY,HY238078,Home|Sale!|Everyday|RED METAL BUTTERFLY,1 KEYHOLE HANGER,In-Stock: Ships in 5 to 14 days,,,,L: 16.25in W: 3in H: 10in,,6,$6.60 ,,,,,6,Ragon400,Ragon160,https://cdn11.bigcommerce.com/s-xvps74vl0m/images/stencil/1280x1280/products/16390/36961/HY238078_3__09158.1733943436.jpg?c=1,HY238078_3__09158.1733943436.jpg?c=1,,,Ragon800,HY238078_3__09158.1733943436.jpg?c=1
,,,,,,,,,,,,,,,,,,,,,,,,
"16.5"" VINTAGE GRAND PITCHER",ZH238615,"Home|Everyday|Tabletop & Misc.|16.5"" VINTAGE GRAND PITCHER","OPENING: 2.5""",In-Stock: Ships in 5 to 14 days,,,,L: 9in W: 5.25in H: 16.50in,,2,$11.85 ,,,,,2,Ragon400,Ragon160,https://cdn11.bigcommerce.com/s-xvps74vl0m/images/stencil/1280x1280/products/16856/37145/ZH238615_1__56279.1733943487.jpg?c=1,ZH238615_1__56279.1733943487.jpg?c=1,,,Ragon800,ZH238615_1__56279.1733943487.jpg?c=1
,,,,,,,,,,,,,,,,,,,,,,,,
"9.5"" BEIGE UTILITY HOOK",MH222530,"Home|Sale!|Everyday|9.5"" BEIGE UTILITY HOOK",WEIGHT LIMIT: 2LBS,In-Stock: Ships in 5 to 14 days,,,,L: 9.50in W: 0.25in H: 4in,,8,$3.60 ,,,,,8,Ragon400,Ragon160,https://cdn11.bigcommerce.com/s-xvps74vl0m/images/stencil/1280x1280/products/10311/28994/MH222530__00660.1701887346.jpg?c=1,MH222530__00660.1701887346.jpg?c=1,,,Ragon800,MH222530__00660.1701887346.jpg?c=1
,,,,,,,,,,,,,,,,,,,,,,,,
"12"" MOTH",FB225410,"Home|Sale!|Everyday|12"" MOTH",2 SAWTOOTH HANGER & TWINE HANGER,In-Stock: Ships in 5 to 14 days,,,,L: 12in W: 0.25in H: 7in,,6,$7.45 ,,,,,6,Ragon400,Ragon160,https://cdn11.bigcommerce.com/s-xvps74vl0m/images/stencil/1280x1280/products/10817/33371/FB225410_1__35119.1711115393.jpg?c=1,FB225410_1__35119.1711115393.jpg?c=1,,,Ragon800,FB225410_1__35119.1711115393.jpg?c=1
,,,,,,,,,,,,,,,,,,,,,,,,
"4"" RED STOCKING ORNAMENT",SS211790,"Home|Holiday|Ornaments, Garland & Tree Toppers|4"" RED STOCKING ORNAMENT",,Projected Summer 2025,,,,H: 4in,,12,$3.60 ,,,,,12,Ragon400,Ragon160,https://cdn11.bigcommerce.com/s-xvps74vl0m/images/stencil/1280x1280/products/9442/25345/SS211790_1__39321.1677258116.jpg?c=1,SS211790_1__39321.1677258116.jpg?c=1,,,Ragon800,SS211790_1__39321.1677258116.jpg?c=1
,,,,,,,,,,,,,,,,,,,,,,,,
"SET/ 5 - 4"" SNOWY GREEN BOTTLEBRUSH TREES",WS225445,"Home|Holiday|Bottlebrush|SET/ 5 - 4"" SNOWY GREEN BOTTLEBRUSH TREES",,In-Stock: Ships in 5 to 14 days,,,,See Details tab,,4,$13.20 ,,,,,4,Ragon400,Ragon160,https://cdn11.bigcommerce.com/s-xvps74vl0m/images/stencil/1280x1280/products/15768/34252/WS225445_3__86180.1729171243.jpg?c=1,WS225445_3__86180.1729171243.jpg?c=1,,,Ragon800,WS225445_3__86180.1729171243.jpg?c=1
,,,,,,,,,,,,,,,,,,,,,,,,
"9"" RED RESIN TREE",WS221367,"Home|Holiday|Tabletop & Misc.|9"" RED RESIN TREE",,Projected Summer 2025,,,,W: 4.50in H: 9in,,4,$11.85 ,,,,,4,Ragon400,Ragon160,https://cdn11.bigcommerce.com/s-xvps74vl0m/images/stencil/1280x1280/products/12202/33145/WS221367_1__09472.1711051473.jpg?c=1,WS221367_1__09472.1711051473.jpg?c=1,,,Ragon800,WS221367_1__09472.1711051473.jpg?c=1
,,,,,,,,,,,,,,,,,,,,,,,,
"7"" DARK GREEN 3D FLAME SMOOTH TREE CANDLE",NY236689,"Home|Holiday|7"" DARK GREEN 3D FLAME SMOOTH TREE CANDLE","6 HR TIMER | ON/OFF BUTTON
REQUIRES 3 (AAA) BATTERIES, BATTERIES NOT INCLUDED.",In-Stock: Ships in 5 to 14 days,,,,L: 3in W: 3in H: 7in,,6,$6.05 ,,,,,6,Ragon400,Ragon160,https://cdn11.bigcommerce.com/s-xvps74vl0m/images/stencil/1280x1280/products/17679/40271/NY236689_1__08201.1748892469.jpg?c=1,NY236689_1__08201.1748892469.jpg?c=1,,,Ragon800,NY236689_1__08201.1748892469.jpg?c=1
,,,,,,,,,,,,,,,,,,,,,,,,
"1"" BLACK UNWIRED VELVET RIBBON",SS236128,"Home|Holiday|Textiles|1"" BLACK UNWIRED VELVET RIBBON",,Projected Summer 2025,,,,L: 360in W: 1in,,6,$6.60 ,,,,,6,Ragon400,Ragon160,https://cdn11.bigcommerce.com/s-xvps74vl0m/images/stencil/1280x1280/products/17754/41641/SS236128_2__08802.1749826535.jpg?c=1,SS236128_2__08802.1749826535.jpg?c=1,,,Ragon800,SS236128_2__08802.1749826535.jpg?c=1
,,,,,,,,,,,,,,,,,,,,,,,,
"21.25"" FRAMED METAL HORSE",H237473,"Home|Sale!|Everyday|21.25"" FRAMED METAL HORSE",2 SAWTOOTH HANGERS,In-Stock: Ships in 5 to 14 days,,,,L: 21.25in W: 1.25in H: 14.25in,,1,$50.75 ,,,,,1,Ragon400,Ragon160,https://cdn11.bigcommerce.com/s-xvps74vl0m/images/stencil/1280x1280/products/16335/36927/H237473_2__67001.1733943426.jpg?c=1,H237473_2__67001.1733943426.jpg?c=1,,,Ragon800,H237473_2__67001.1733943426.jpg?c=1
,,,,,,,,,,,,,,,,,,,,,,,,
"16"" MOUNTAIN LAUREL W/ WHITE BERRIES PICK",G228063,"Home|Everyday|Florals|16"" MOUNTAIN LAUREL W/ WHITE BERRIES PICK",,SOLD OUT,,,,L: 16in,,,$3.05 ,,,,,,Ragon400,Ragon160,https://cdn11.bigcommerce.com/s-xvps74vl0m/images/stencil/1280x1280/products/10054/35494/G228063_6__96201.1733863808.jpg?c=1,G228063_6__96201.1733863808.jpg?c=1,,,Ragon800,G228063_6__96201.1733863808.jpg?c=1
,,,,,,,,,,,,,,,,,,,,,,,,
4' OLIVE TREE IN BLACK POT,G228319,Home|Everyday|Florals|4' OLIVE TREE IN BLACK POT,,In-Stock: Ships in 5 to 14 days,,,,H: 48in,,1,$57.25 ,,,,,1,Ragon400,Ragon160,https://cdn11.bigcommerce.com/s-xvps74vl0m/images/stencil/1280x1280/products/10149/28772/G228319_3__14401.1701887273.jpg?c=1,G228319_3__14401.1701887273.jpg?c=1,,,Ragon800,G228319_3__14401.1701887273.jpg?c=1
,,,,,,,,,,,,,,,,,,,,,,,,
"8"" WINE VELVET BELSNICKLE",WS221320,"Home|Holiday|Snowmen, Santas & Angels|8"" WINE VELVET BELSNICKLE",,Projected Summer 2025,,,,L: 3.50in W: 3in H: 8in,,3,$17.05 ,,,,,3,Ragon400,Ragon160,https://cdn11.bigcommerce.com/s-xvps74vl0m/images/stencil/1280x1280/products/12155/32353/WS221320_2__77234.1708440887.jpg?c=1,WS221320_2__77234.1708440887.jpg?c=1,,,Ragon800,WS221320_2__77234.1708440887.jpg?c=1
,,,,,,,,,,,,,,,,,,,,,,,,
"4"" CHAMPAGNE KUGEL ORNAMENT",SS211844,"Home|Holiday|Ornaments, Garland & Tree Toppers|4"" CHAMPAGNE KUGEL ORNAMENT",,In-Stock: Ships in 5 to 14 days,,,,L: 4in W: 4in H: 4in,,6,$3.85 ,,,,,6,Ragon400,Ragon160,https://cdn11.bigcommerce.com/s-xvps74vl0m/images/stencil/1280x1280/products/9480/27226/SS211844_1__32206.1679582859.jpg?c=1,SS211844_1__32206.1679582859.jpg?c=1,,,Ragon800,SS211844_1__32206.1679582859.jpg?c=1
,,,,,,,,,,,,,,,,,,,,,,,,
"3"" MUSTARD YARN BALL",HE195633,"Home|Sale!|Holiday|3"" MUSTARD YARN BALL","3""W, 100% POLYESTER
CARE INSTRUCTIONS: MACHINE WASH COLD. SEPARATE. DO NOT BLEACH. LINE DRY ONLY.",In-Stock: Ships in 5 to 14 days,,,,W: 3in,,12,$3.60 ,,,,,12,Ragon400,Ragon160,https://cdn11.bigcommerce.com/s-xvps74vl0m/images/stencil/1280x1280/products/3364/9471/HE195633__51804.1626464111.jpg?c=1,HE195633__51804.1626464111.jpg?c=1,,,Ragon800,HE195633__51804.1626464111.jpg?c=1
,,,,,,,,,,,,,,,,,,,,,,,,
"23.5"" LOCALLY GROWN FLOWER SIGN",BF224339,"Home|Everyday|Signs|23.5"" LOCALLY GROWN FLOWER SIGN",2 TRIANGLE HANGERS,SOLD OUT,,,,L: 23.50in W: 0.50in H: 15.75in,,,$23.25 ,,,,,,Ragon400,Ragon160,https://cdn11.bigcommerce.com/s-xvps74vl0m/images/stencil/1280x1280/products/9988/28521/BF224339_6__25133.1701887182.jpg?c=1,BF224339_6__25133.1701887182.jpg?c=1,,,Ragon800,BF224339_6__25133.1701887182.jpg?c=1
,,,,,,,,,,,,,,,,,,,,,,,,
"30"" MIXED PINE & HEMLOCK SPRAY",G232705,"Home|Holiday|Greenery, Wreaths & Trees|30"" MIXED PINE & HEMLOCK SPRAY",,In-Stock: Ships in 5 to 14 days,,,,L: 30in W: 10in,,4,$9.90 ,,,,,4,Ragon400,Ragon160,https://cdn11.bigcommerce.com/s-xvps74vl0m/images/stencil/1280x1280/products/11368/41181/G232705_1__91561.1749826438.jpg?c=1,G232705_1__91561.1749826438.jpg?c=1,,,Ragon800,G232705_1__91561.1749826438.jpg?c=1
,,,,,,,,,,,,,,,,,,,,,,,,
MOST WONDERFUL TIME OF YEAR ORNAMENT PLAQUE,E203017,Home|Holiday|Signs|MOST WONDERFUL TIME OF YEAR ORNAMENT PLAQUE,"HH"" 16.0 TWINE HANGER",SOLD OUT,,,,L: 10in W: 0.25in H: 11.75in,,,$6.05 ,,,,,,Ragon400,Ragon160,https://cdn11.bigcommerce.com/s-xvps74vl0m/images/stencil/1280x1280/products/6420/16652/E203017_1__28087.1644253572.jpg?c=1,E203017_1__28087.1644253572.jpg?c=1,,,Ragon800,E203017_1__28087.1644253572.jpg?c=1
,,,,,,,,,,,,,,,,,,,,,,,,
"6.5"" TERRACOTTA PILLAR CANDLE HOLDER",G232504,"Home|Everyday|Candle Holders|6.5"" TERRACOTTA PILLAR CANDLE HOLDER","HOLDS 3"" CANDLE",In-Stock: Ships in 5 to 14 days,,,,L: 4in W: 4in H: 6.50in,,2,$8.80 ,,,,,2,Ragon400,Ragon160,https://cdn11.bigcommerce.com/s-xvps74vl0m/images/stencil/1280x1280/products/16040/36213/G232504_2__13398.1733943248.jpg?c=1,G232504_2__13398.1733943248.jpg?c=1,,,Ragon800,G232504_2__13398.1733943248.jpg?c=1
,,,,,,,,,,,,,,,,,,,,,,,,
"12.25"" METAL TREE",BF206174,"Home|Holiday|Tabletop & Misc.|12.25"" METAL TREE",,SOLD OUT,,,,L: 4.75in W: 4.75in H: 13in,,,$19.50 ,,,,,,Ragon400,Ragon160,https://cdn11.bigcommerce.com/s-xvps74vl0m/images/stencil/1280x1280/products/6377/19960/BF206174__20695.1653051130.jpg?c=1,BF206174__20695.1653051130.jpg?c=1,,,Ragon800,BF206174__20695.1653051130.jpg?c=1
,,,,,,,,,,,,,,,,,,,,,,,,
5.5' EUCALYPTUS & BERRIES GARLAND,G201250,Home|Everyday|Florals|5.5' EUCALYPTUS & BERRIES GARLAND,,SOLD OUT,,,,L: 72in,,,$39.75 ,,,,,,Ragon400,Ragon160,https://cdn11.bigcommerce.com/s-xvps74vl0m/images/stencil/1280x1280/products/6796/14672/G201250_5__21775.1646938493.jpg?c=1,G201250_5__21775.1646938493.jpg?c=1,,,Ragon800,G201250_5__21775.1646938493.jpg?c=1
,,,,,,,,,,,,,,,,,,,,,,,,
"9"" TEXTURED URN",E234339,"Home|Sale!|Everyday|9"" TEXTURED URN",,In-Stock: Ships in 5 to 14 days,,,,L: 7.75in W: 7.75in H: 9in,,2,$14.05 ,,,,,2,Ragon400,Ragon160,https://cdn11.bigcommerce.com/s-xvps74vl0m/images/stencil/1280x1280/products/15899/36845/E234339_2__19033.1733943405.jpg?c=1,E234339_2__19033.1733943405.jpg?c=1,,,Ragon800,E234339_2__19033.1733943405.jpg?c=1
,,,,,,,,,,,,,,,,,,,,,,,,
LAUNDRY ROOM SIGN,E217217,Home|Sale!|Everyday|LAUNDRY ROOM SIGN,2 KEYHOLE HANGERS,In-Stock: Ships in 5 to 14 days,,,,L: 7.50in W: 4.50in H: 23.50in,,4,$15.40 ,,,,,4,Ragon400,Ragon160,https://cdn11.bigcommerce.com/s-xvps74vl0m/images/stencil/1280x1280/products/8215/24221/E217217_3__13738.1677257761.jpg?c=1,E217217_3__13738.1677257761.jpg?c=1,,,Ragon800,E217217_3__13738.1677257761.jpg?c=1
,,,,,,,,,,,,,,,,,,,,,,,,
BROWN BIRD HOOK,E234402,Home|Sale!|Everyday|BROWN BIRD HOOK,2 NAIL HOLES,In-Stock: Ships in 5 to 14 days,,,,L: 11in W: 2.50in H: 9.50in,,4,$13.75 ,,,,,4,Ragon400,Ragon160,https://cdn11.bigcommerce.com/s-xvps74vl0m/images/stencil/1280x1280/products/15918/36865/E234402_1__05464.1733943410.jpg?c=1,E234402_1__05464.1733943410.jpg?c=1,,,Ragon800,E234402_1__05464.1733943410.jpg?c=1
,,,,,,,,,,,,,,,,,,,,,,,,
"6"" RED VINTAGE TREE ORNAMENT",WS231530,"Home|Holiday|Ornaments, Garland & Tree Toppers|6"" RED VINTAGE TREE ORNAMENT",,Projected Summer 2025,,,,L: 1.75in W: 1.75in H: 6in,,12,$4.70 ,,,,,12,Ragon400,Ragon160,https://cdn11.bigcommerce.com/s-xvps74vl0m/images/stencil/1280x1280/products/18058/40559/WS231530_1__34292.1749152459.jpg?c=1,WS231530_1__34292.1749152459.jpg?c=1,,,Ragon800,WS231530_1__34292.1749152459.jpg?c=1
,,,,,,,,,,,,,,,,,,,,,,,,
HANGING METAL BELLS,ZH197694,Home|Holiday|Bells|HANGING METAL BELLS,"5""W X 37.75""H",SOLD OUT,,,,W: 5in H: 37.75in,,,$20.50 ,,,,,,Ragon400,Ragon160,https://cdn11.bigcommerce.com/s-xvps74vl0m/images/stencil/1280x1280/products/5481/20490/ZH197694_2__74918.1663097798.jpg?c=1,ZH197694_2__74918.1663097798.jpg?c=1,,,Ragon800,ZH197694_2__74918.1663097798.jpg?c=1
,,,,,,,,,,,,,,,,,,,,,,,,
GOLD GARDEN PITCHER,HY238102,Home|Sale!|Everyday|GOLD GARDEN PITCHER,"HH: 14.5""",In-Stock: Ships in 5 to 14 days,,,,L: 7.50in W: 7.50in H: 8.50in,,4,$17.05 ,,,,,4,Ragon400,Ragon160,https://cdn11.bigcommerce.com/s-xvps74vl0m/images/stencil/1280x1280/products/16400/36590/HY238102_1__53577.1733943337.jpg?c=1,HY238102_1__53577.1733943337.jpg?c=1,,,Ragon800,HY238102_1__53577.1733943337.jpg?c=1
,,,,,,,,,,,,,,,,,,,,,,,,
MUSTARD PLAID RIBBON,SS221981,Home|Sale!|Holiday|MUSTARD PLAID RIBBON,,In-Stock: Ships in 5 to 14 days,,,,L: 360in W: 4in,,3,$14.85 ,,,,,3,Ragon400,Ragon160,https://cdn11.bigcommerce.com/s-xvps74vl0m/images/stencil/1280x1280/products/11898/33846/SS221981_3__53626.1712757934.jpg?c=1,SS221981_3__53626.1712757934.jpg?c=1,,,Ragon800,SS221981_3__53626.1712757934.jpg?c=1
,,,,,,,,,,,,,,,,,,,,,,,,
"15"" GRADIENT PINE CANDLE RING",G233694,"Home|Holiday|Greenery, Wreaths & Trees|15"" GRADIENT PINE CANDLE RING","INNER: 6""",In-Stock: Ships in 5 to 14 days,,,,L: 15in W: 3.50in,,4,$15.40 ,,,,,4,Ragon400,Ragon160,https://cdn11.bigcommerce.com/s-xvps74vl0m/images/stencil/1280x1280/products/11387/41508/G233694_1__70509.1749826507.jpg?c=1,G233694_1__70509.1749826507.jpg?c=1,,,Ragon800,G233694_1__70509.1749826507.jpg?c=1
,,,,,,,,,,,,,,,,,,,,,,,,
RED PLAID THROW BLANKET,SS221889,Home|Holiday|Textiles|RED PLAID THROW BLANKET,,In-Stock: Ships in 5 to 14 days,,,,L: 72in W: 50in,,2,$34.25 ,,,,,2,Ragon400,Ragon160,https://cdn11.bigcommerce.com/s-xvps74vl0m/images/stencil/1280x1280/products/11808/33980/SS221889_1__93765.1712868582.jpg?c=1,SS221889_1__93765.1712868582.jpg?c=1,,,Ragon800,SS221889_1__93765.1712868582.jpg?c=1
,,,,,,,,,,,,,,,,,,,,,,,,
CREAM PLAID THROW BLANKET,SS221884,Home|Sale!|Holiday|CREAM PLAID THROW BLANKET,,In-Stock: Ships in 5 to 14 days,,,,L: 72in W: 50in,,2,$34.25 ,,,,,2,Ragon400,Ragon160,https://cdn11.bigcommerce.com/s-xvps74vl0m/images/stencil/1280x1280/products/11806/33978/SS221884_1__06784.1712868582.jpg?c=1,SS221884_1__06784.1712868582.jpg?c=1,,,Ragon800,SS221884_1__06784.1712868582.jpg?c=1
,,,,,,,,,,,,,,,,,,,,,,,,
"10.5"" GOLD METAL STAR TREE TOPPER",H237556,"Home|Holiday|Ornaments, Garland & Tree Toppers|10.5"" GOLD METAL STAR TREE TOPPER",,In-Stock: Ships in 5 to 14 days,,,,L: 6.50in W: 3.25in H: 10.50in,,1,$15.40 ,,,,,1,Ragon400,Ragon160,https://cdn11.bigcommerce.com/s-xvps74vl0m/images/stencil/1280x1280/products/17384/41225/H237556_3__02398.1749826446.jpg?c=1,H237556_3__02398.1749826446.jpg?c=1,,,Ragon800,H237556_3__02398.1749826446.jpg?c=1
,,,,,,,,,,,,,,,,,,,,,,,,
GOLD & WHITE ALL IS CALM ALL IS BRIGHT SIGN,BF225787,Home|Holiday|Signs|GOLD & WHITE ALL IS CALM ALL IS BRIGHT SIGN,2 TRIANGLE HANGERS,In-Stock: Ships in 5 to 14 days,,,,L: 10in W: 0.25in H: 14in,,12,$7.70 ,,,,,12,Ragon400,Ragon160,https://cdn11.bigcommerce.com/s-xvps74vl0m/images/stencil/1280x1280/products/10888/33324/BF225787_3__28957.1711115379.jpg?c=1,BF225787_3__28957.1711115379.jpg?c=1,,,Ragon800,BF225787_3__28957.1711115379.jpg?c=1
,,,,,,,,,,,,,,,,,,,,,,,,
STANDING TAN ROOSTER,KY239069,Home|Holiday|Tabletop & Misc.|STANDING TAN ROOSTER,,Late August,,,,L: 2.25in W: 5.50in H: 6.50in,,4,$5.50 ,,,,,4,Ragon400,Ragon160,https://cdn11.bigcommerce.com/s-xvps74vl0m/images/stencil/1280x1280/products/16932/40404/KY239069_4__61374.1749134048.jpg?c=1,KY239069_4__61374.1749134048.jpg?c=1,,,Ragon800,KY239069_4__61374.1749134048.jpg?c=1
,,,,,,,,,,,,,,,,,,,,,,,,
"16"" RED RESIN TREE",WS221369,"Home|Holiday|Tabletop & Misc.|16"" RED RESIN TREE",,SOLD OUT,,,,W: 6in H: 16in,,,$29.50 ,,,,,,Ragon400,Ragon160,https://cdn11.bigcommerce.com/s-xvps74vl0m/images/stencil/1280x1280/products/12204/32366/WS221369_2__09546.1708440891.jpg?c=1,WS221369_2__09546.1708440891.jpg?c=1,,,Ragon800,WS221369_2__09546.1708440891.jpg?c=1
,,,,,,,,,,,,,,,,,,,,,,,,
"23"" RED ROSE BUD STEM",G219293,"Home|Sale!|Everyday|23"" RED ROSE BUD STEM",,In-Stock: Ships in 5 to 14 days,,,,L: 23in,,12,$7.45 ,,,,,12,Ragon400,Ragon160,https://cdn11.bigcommerce.com/s-xvps74vl0m/images/stencil/1280x1280/products/8407/24606/G219293_7__24476.1677257879.jpg?c=1,G219293_7__24476.1677257879.jpg?c=1,,,Ragon800,G219293_7__24476.1677257879.jpg?c=1
,,,,,,,,,,,,,,,,,,,,,,,,
"RED, GREEN & WHITE VINTAGE SANTA",WS221290,"Home|Holiday|Snowmen, Santas & Angels|RED, GREEN & WHITE VINTAGE SANTA",,In-Stock: Ships in 5 to 14 days,,,,L: 5in W: 4.50in H: 10.25in,,3,$22.00 ,,,,,3,Ragon400,Ragon160,https://cdn11.bigcommerce.com/s-xvps74vl0m/images/stencil/1280x1280/products/12125/32789/WS221290_5__55777.1709219767.jpg?c=1,WS221290_5__55777.1709219767.jpg?c=1,,,Ragon800,WS221290_5__55777.1709219767.jpg?c=1
,,,,,,,,,,,,,,,,,,,,,,,,
SET/ 3 DEEP FOREST SPIRAL CUT BOTTLEBRUSH TREES,WS192472,Home|Holiday|Bottlebrush|SET/ 3 DEEP FOREST SPIRAL CUT BOTTLEBRUSH TREES,"SM: 2.5""L X 2.5""W X 8""H
MD: 3""L X 3""W X 10""H
LG: 3.5""L X 3.5""W X 12""H",In-Stock: Ships in 5 to 14 days,,,,W: 3.50in H: 12in,,2,$24.00 ,,,,,2,Ragon400,Ragon160,https://cdn11.bigcommerce.com/s-xvps74vl0m/images/stencil/1280x1280/products/3126/12330/WS192472_y7xe-i2__54232.1626464876.jpg?c=1,WS192472_y7xe-i2__54232.1626464876.jpg?c=1,,,Ragon800,WS192472_y7xe-i2__54232.1626464876.jpg?c=1
,,,,,,,,,,,,,,,,,,,,,,,,
"21"" PINK POM POM BUSH",G228075,"Home|Everyday|Florals|21"" PINK POM POM BUSH",,SOLD OUT,,,,L: 21in,,,$6.35 ,,,,,,Ragon400,Ragon160,https://cdn11.bigcommerce.com/s-xvps74vl0m/images/stencil/1280x1280/products/10059/28648/G228075_3__24475.1701887226.jpg?c=1,G228075_3__24475.1701887226.jpg?c=1,,,Ragon800,G228075_3__24475.1701887226.jpg?c=1
,,,,,,,,,,,,,,,,,,,,,,,,
"10"" VINTAGE WHITE BELSNICKLE",9060,"Home|Holiday|Snowmen, Santas & Angels|10"" VINTAGE WHITE BELSNICKLE","10""H, MACHE",In-Stock: Ships in 5 to 14 days,,,,L: 3in W: 2.75in H: 10in,,2,$14.25 ,,,,,2,Ragon400,Ragon160,https://cdn11.bigcommerce.com/s-xvps74vl0m/images/stencil/1280x1280/products/2810/41797/9060_7__36623.1751313277.jpg?c=1,9060_7__36623.1751313277.jpg?c=1,,,Ragon800,9060_7__36623.1751313277.jpg?c=1
,,,,,,,,,,,,,,,,,,,,,,,,
"4"" NEUTRAL HUES BOTTLE BRUSH TREES BOX/ 5",WS192538,"Home|Holiday|Bottlebrush|4"" NEUTRAL HUES BOTTLE BRUSH TREES BOX/ 5","1.50""W X 4""H, SISAL",In-Stock: Ships in 3 to 7 days,,,,W: 1.50in H: 4in,,4,$14.85 ,,,,,4,Ragon400,Ragon160,https://cdn11.bigcommerce.com/s-xvps74vl0m/images/stencil/1280x1280/products/3101/12380/WS192538_5__48387.1626464891.jpg?c=1,WS192538_5__48387.1626464891.jpg?c=1,,,Ragon800,WS192538_5__48387.1626464891.jpg?c=1
,,,,,,,,,,,,,,,,,,,,,,,,
"2.5"" SILVER KUGEL ORNAMENT W/ GOLD SNOWFLAKE",SS236205,"Home|Holiday|Ornaments, Garland & Tree Toppers|2.5"" SILVER KUGEL ORNAMENT W/ GOLD SNOWFLAKE",,In-Stock: Ships in 5 to 14 days,,,,L: 2.50in,,6,$2.15 ,,,,,6,Ragon400,Ragon160,https://cdn11.bigcommerce.com/s-xvps74vl0m/images/stencil/1280x1280/products/17804/40625/SS236205_4__53711.1749156413.jpg?c=1,SS236205_4__53711.1749156413.jpg?c=1,,,Ragon800,SS236205_4__53711.1749156413.jpg?c=1
,,,,,,,,,,,,,,,,,,,,,,,,
"40"" WHITE SEEDED BLOSSOM SPRAY",G228196,"Home|Everyday|Florals|40"" WHITE SEEDED BLOSSOM SPRAY",,SOLD OUT,,,,L: 40in,,,$4.95 ,,,,,,Ragon400,Ragon160,https://cdn11.bigcommerce.com/s-xvps74vl0m/images/stencil/1280x1280/products/10112/35696/G228196_7__49109.1733863862.jpg?c=1,G228196_7__49109.1733863862.jpg?c=1,,,Ragon800,G228196_7__49109.1733863862.jpg?c=1
,,,,,,,,,,,,,,,,,,,,,,,,
A CHRISTMAS CAROL SIGN ORNAMENT,E193306,"Home|Holiday|Ornaments, Garland & Tree Toppers|A CHRISTMAS CAROL SIGN ORNAMENT","3.75""L X 0.50""W X 5.25""H, WOOD",In-Stock: Ships in 5 to 14 days,,,,L: 3.75in W: 0.50in H: 5.25in,,6,$4.15 ,,,,,6,Ragon400,Ragon160,https://cdn11.bigcommerce.com/s-xvps74vl0m/images/stencil/1280x1280/products/3646/7722/E193306_3__20524.1626460521.jpg?c=1,E193306_3__20524.1626460521.jpg?c=1,,,Ragon800,E193306_3__20524.1626460521.jpg?c=1
,,,,,,,,,,,,,,,,,,,,,,,,
RED SLEEP IN HEAVENLY PEACE SIGN,H185133,Home|Holiday|Signs|RED SLEEP IN HEAVENLY PEACE SIGN,"25.5""L X 0.25""W X 10""H, METAL",In-Stock: Ships in 5 to 14 days,,,,L: 25.50in W: 0.25in H: 10in,,4,$19.00 ,,,,,4,Ragon400,Ragon160,https://cdn11.bigcommerce.com/s-xvps74vl0m/images/stencil/1280x1280/products/5254/9223/H185133__86761.1626463766.jpg?c=1,H185133__86761.1626463766.jpg?c=1,,,Ragon800,H185133__86761.1626463766.jpg?c=1
,,,,,,,,,,,,,,,,,,,,,,,,
"16"" GLITTERED MIXED PINE/CEDAR/EUCALYPTUS PICK W/ PODS",G191577,"Home|Holiday|Greenery, Wreaths & Trees|16"" GLITTERED MIXED PINE/CEDAR/EUCALYPTUS PICK W/ PODS","16""L, PE & MMF",In-Stock: Ships in 5 to 14 days,,,,L: 16in,,12,$8.00 ,,,,,12,Ragon400,Ragon160,https://cdn11.bigcommerce.com/s-xvps74vl0m/images/stencil/1280x1280/products/3560/8974/G191577_3_l0d6-uk__71244.1649696530.jpg?c=1,G191577_3_l0d6-uk__71244.1649696530.jpg?c=1,,,Ragon800,G191577_3_l0d6-uk__71244.1649696530.jpg?c=1
,,,,,,,,,,,,,,,,,,,,,,,,
"17.75"" GREEN VICTORIAN LANTERN",BF215026,"Home|Sale!|Everyday|17.75"" GREEN VICTORIAN LANTERN","HANGING HEIGHT: 19.75"" | HOLDS 3"" CANDLE",In-Stock: Ships in 5 to 14 days,,,,L: 6.75in W: 6.75in H: 17.75in,,2,$37.25 ,,,,,2,Ragon400,Ragon160,https://cdn11.bigcommerce.com/s-xvps74vl0m/images/stencil/1280x1280/products/8060/23875/BF215026_1__74024.1677257658.jpg?c=1,BF215026_1__74024.1677257658.jpg?c=1,,,Ragon800,BF215026_1__74024.1677257658.jpg?c=1
,,,,,,,,,,,,,,,,,,,,,,,,
"18"" HAPPY SNOWMAN METAL DUMMY BOARD",H237618,"Home|Holiday|Tabletop & Misc.|18"" HAPPY SNOWMAN METAL DUMMY BOARD",,In-Stock: Ships in 5 to 14 days,,,,L: 14.50in W: 0.50in H: 18in,,4,$13.20 ,,,,,4,Ragon400,Ragon160,https://cdn11.bigcommerce.com/s-xvps74vl0m/images/stencil/1280x1280/products/17406/41552/H237618_1__48847.1749826518.jpg?c=1,H237618_1__48847.1749826518.jpg?c=1,,,Ragon800,H237618_1__48847.1749826518.jpg?c=1
,,,,,,,,,,,,,,,,,,,,,,,,
"SET/ 6 - 3.25"" RUSSET FLOCKED BALLS",WS221347,"Home|Sale!|Holiday|SET/ 6 - 3.25"" RUSSET FLOCKED BALLS",,In-Stock: Ships in 5 to 14 days,,,,H: 3.25in,,6,$14.85 ,,,,,6,Ragon400,Ragon160,https://cdn11.bigcommerce.com/s-xvps74vl0m/images/stencil/1280x1280/products/12182/32945/WS221347_2__34929.1710521301.jpg?c=1,WS221347_2__34929.1710521301.jpg?c=1,,,Ragon800,WS221347_2__34929.1710521301.jpg?c=1
,,,,,,,,,,,,,,,,,,,,,,,,
"4.75"" TABLETOP SNOWFLAKE",FB237312,"Home|Holiday|Tabletop & Misc.|4.75"" TABLETOP SNOWFLAKE",,In-Stock: Ships in 5 to 14 days,,,,L: 4in W: 4in H: 4.75in,,2,$7.70 ,,,,,2,Ragon400,Ragon160,https://cdn11.bigcommerce.com/s-xvps74vl0m/images/stencil/1280x1280/products/16031/41339/FB237312_2__67545.1749826468.jpg?c=1,FB237312_2__67545.1749826468.jpg?c=1,,,Ragon800,FB237312_2__67545.1749826468.jpg?c=1
,,,,,,,,,,,,,,,,,,,,,,,,
"72"" SILVER TEAL & CHAMPAGNE BEAD GARLAND",WS192159,"Home|Holiday|Ornaments, Garland & Tree Toppers|72"" SILVER TEAL & CHAMPAGNE BEAD GARLAND","72""L, PE",SOLD OUT,,,,L: 72in,,,$6.05 ,,,,,,Ragon400,Ragon160,https://cdn11.bigcommerce.com/s-xvps74vl0m/images/stencil/1280x1280/products/3216/12117/WS192159__04506.1626464811.jpg?c=1,WS192159__04506.1626464811.jpg?c=1,,,Ragon800,WS192159__04506.1626464811.jpg?c=1
,,,,,,,,,,,,,,,,,,,,,,,,
TRELLIS GARDEN HANGING SIGN,BF215046,Home|Sale!|Everyday|TRELLIS GARDEN HANGING SIGN,"HANGING HEIGHT: 7.75""
TWINE HANGER",In-Stock: Ships in 5 to 14 days,,,,L: 8.25in W: 0.25in H: 5.50in,,6,$6.35 ,,,,,6,Ragon400,Ragon160,https://cdn11.bigcommerce.com/s-xvps74vl0m/images/stencil/1280x1280/products/8071/23887/BF215046_4__89289.1677257661.jpg?c=1,BF215046_4__89289.1677257661.jpg?c=1,,,Ragon800,BF215046_4__89289.1677257661.jpg?c=1
,,,,,,,,,,,,,,,,,,,,,,,,
"22"" BERRIES & CONE WREATH",G191512,"Home|Holiday|Greenery, Wreaths & Trees|22"" BERRIES & CONE WREATH","22""W, PE & MMF",In-Stock: Ships in 5 to 14 days,,,,L: 22in,,4,$38.00 ,,,,,4,Ragon400,Ragon160,https://cdn11.bigcommerce.com/s-xvps74vl0m/images/stencil/1280x1280/products/3597/20481/G191512_4__42606.1663097376.jpg?c=1,G191512_4__42606.1663097376.jpg?c=1,,,Ragon800,G191512_4__42606.1663097376.jpg?c=1
,,,,,,,,,,,,,,,,,,,,,,,,
"21"" METAL SLEIGH",H223351,"Home|Holiday|Tabletop & Misc.|21"" METAL SLEIGH",,Late August,,,,L: 21in W: 12.25in H: 15.50in,,1,$94.75 ,,,,,1,Ragon400,Ragon160,https://cdn11.bigcommerce.com/s-xvps74vl0m/images/stencil/1280x1280/products/11575/32174/H223351_3__58792.1708440831.jpg?c=1,H223351_3__58792.1708440831.jpg?c=1,,,Ragon800,H223351_3__58792.1708440831.jpg?c=1
,,,,,,,,,,,,,,,,,,,,,,,,
"7"" RED 3 WICK 3D FLAME CANDLE",NY236645,"Home|Flameless Candles|7"" RED 3 WICK 3D FLAME CANDLE",,Projected Summer 2025,,,,L: 6in W: 6in H: 7in,,2,$19.80 ,,,,,2,Ragon400,Ragon160,https://cdn11.bigcommerce.com/s-xvps74vl0m/images/stencil/1280x1280/products/18254/41580/NY236645_1__10962.1749826523.jpg?c=1,NY236645_1__10962.1749826523.jpg?c=1,,,Ragon800,NY236645_1__10962.1749826523.jpg?c=1
,,,,,,,,,,,,,,,,,,,,,,,,
FESTIVE FUR DEER ORNAMENT,KY239029,"Home|Holiday|Ornaments, Garland & Tree Toppers|FESTIVE FUR DEER ORNAMENT",,Late August,,,,L: 1.25in W: 3.25in H: 4.75in,,12,$3.30 ,,,,,12,Ragon400,Ragon160,https://cdn11.bigcommerce.com/s-xvps74vl0m/images/stencil/1280x1280/products/16910/40381/KY239029_6__27273.1749068172.jpg?c=1,KY239029_6__27273.1749068172.jpg?c=1,,,Ragon800,KY239029_6__27273.1749068172.jpg?c=1
,,,,,,,,,,,,,,,,,,,,,,,,
CARDINAL HANGING ORNAMENT,BF235186,"Home|Holiday|Ornaments, Garland & Tree Toppers|CARDINAL HANGING ORNAMENT",,In-Stock: Ships in 5 to 14 days,,,,L: 6.25in H: 8.25in,,8,$5.25 ,,,,,8,Ragon400,Ragon160,https://cdn11.bigcommerce.com/s-xvps74vl0m/images/stencil/1280x1280/products/16973/41320/BF235186_3__21295.1749826463.jpg?c=1,BF235186_3__21295.1749826463.jpg?c=1,,,Ragon800,BF235186_3__21295.1749826463.jpg?c=1
,,,,,,,,,,,,,,,,,,,,,,,,
STACKED MACARON ORNAMENT,WS227829,"Home|Holiday|Ornaments, Garland & Tree Toppers|STACKED MACARON ORNAMENT",,In-Stock: Ships in 5 to 14 days,,,,L: 2.75in W: 2.75in H: 4.75in,,6,$8.25 ,,,,,6,Ragon400,Ragon160,https://cdn11.bigcommerce.com/s-xvps74vl0m/images/stencil/1280x1280/products/12594/33471/WS227829_3__88402.1711115424.jpg?c=1,WS227829_3__88402.1711115424.jpg?c=1,,,Ragon800,WS227829_3__88402.1711115424.jpg?c=1
,,,,,,,,,,,,,,,,,,,,,,,,
WOODEN DOOR MIRROR*,E203461,Home|Everyday|Furniture & Mirrors|WOODEN DOOR MIRROR*,"2 HANGERS
*ITEM MUST SHIP FREIGHT - ADDITIONAL FREIGHT CHARGES MAY APPLY. ORDERS CONTAINING FREIGHT ITEMS MUST REACH A $1,000 MINIMUM ORDER",SOLD OUT,,,,L: 27in W: 1.75in H: 84in,,,$302.50 ,,,,,,Ragon400,Ragon160,https://cdn11.bigcommerce.com/s-xvps74vl0m/images/stencil/1280x1280/products/6618/17184/E203461_4_1__36133.1644938515.jpg?c=1,E203461_4_1__36133.1644938515.jpg?c=1,,,Ragon800,E203461_4_1__36133.1644938515.jpg?c=1
,,,,,,,,,,,,,,,,,,,,,,,,
"7"" THE REVOLT OF A DAUGHTER JOURNAL",L221526,"Home|Everyday|Journals|7"" THE REVOLT OF A DAUGHTER JOURNAL",,SOLD OUT,,,,L: 4in W: 2in H: 7in,,,$13.75 ,,,,,,Ragon400,Ragon160,https://cdn11.bigcommerce.com/s-xvps74vl0m/images/stencil/1280x1280/products/10268/33921/L221526_1__35540.1712868564.jpg?c=1,L221526_1__35540.1712868564.jpg?c=1,,,Ragon800,L221526_1__35540.1712868564.jpg?c=1
,,,,,,,,,,,,,,,,,,,,,,,,
"20.5"" SANTA IN LONG COAT W/ WREATH",WS221112,"Home|Holiday|Snowmen, Santas & Angels|20.5"" SANTA IN LONG COAT W/ WREATH",,In-Stock: Ships in 5 to 14 days,,,,L: 8in W: 8in H: 20.50in,,1,$73.75 ,,,,,1,Ragon400,Ragon160,https://cdn11.bigcommerce.com/s-xvps74vl0m/images/stencil/1280x1280/products/12017/32254/WS221112_1__48761.1708440858.jpg?c=1,WS221112_1__48761.1708440858.jpg?c=1,,,Ragon800,WS221112_1__48761.1708440858.jpg?c=1
,,,,,,,,,,,,,,,,,,,,,,,,
"60"" DRAPING CHAMPAGNE GLITTER BUDS",G171353,"Home|Holiday|Greenery, Wreaths & Trees|60"" DRAPING CHAMPAGNE GLITTER BUDS",,Late August,,,,L: 60in,,6,$11.55 ,,,,,6,Ragon400,Ragon160,https://cdn11.bigcommerce.com/s-xvps74vl0m/images/stencil/1280x1280/products/4473/41362/G171353_1__66207.1749826473.jpg?c=1,G171353_1__66207.1749826473.jpg?c=1,,,Ragon800,G171353_1__66207.1749826473.jpg?c=1
,,,,,,,,,,,,,,,,,,,,,,,,
"SET/ 4 - 3.25"" BLUE FLOCKED BALLS",WS218464,"Home|Holiday|Ornaments, Garland & Tree Toppers|SET/ 4 - 3.25"" BLUE FLOCKED BALLS",,In-Stock: Ships in 5 to 14 days,,,,H: 3.25in,,6,$9.65 ,,,,,6,Ragon400,Ragon160,https://cdn11.bigcommerce.com/s-xvps74vl0m/images/stencil/1280x1280/products/9608/28476/WS218464_1__10746.1697646171.jpg?c=1,WS218464_1__10746.1697646171.jpg?c=1,,,Ragon800,WS218464_1__10746.1697646171.jpg?c=1
,,,,,,,,,,,,,,,,,,,,,,,,
"5"" SANTA W/ DEER ORNAMENT",WS218180,"Home|Holiday|Ornaments, Garland & Tree Toppers|5"" SANTA W/ DEER ORNAMENT",,SOLD OUT,,,,L: 2.50in W: 2.50in H: 5.50in,,,$6.90 ,,,,,,Ragon400,Ragon160,https://cdn11.bigcommerce.com/s-xvps74vl0m/images/stencil/1280x1280/products/9270/28288/WS218180_3__66569.1689796561.jpg?c=1,WS218180_3__66569.1689796561.jpg?c=1,,,Ragon800,WS218180_3__66569.1689796561.jpg?c=1
,,,,,,,,,,,,,,,,,,,,,,,,
"14"" PEWTER LONG STEM BOTTLEBRUSH TREE",WS182322,"Home|Holiday|Bottlebrush|14"" PEWTER LONG STEM BOTTLEBRUSH TREE","3.5''W X 14''H, BOTTLEBRUSH",In-Stock: Ships in 5 to 14 days,,,,W: 3.50in H: 14in,,6,$10.45 ,,,,,6,Ragon400,Ragon160,https://cdn11.bigcommerce.com/s-xvps74vl0m/images/stencil/1280x1280/products/5380/11829/WS182322__2___34122.1626464680.jpg?c=1,WS182322__2___34122.1626464680.jpg?c=1,,,Ragon800,WS182322__2___34122.1626464680.jpg?c=1
,,,,,,,,,,,,,,,,,,,,,,,,
"24"" YELLOW MIXED BLACK-EYED SUSAN WREATH",G232620,"Home|Everyday|Florals|24"" YELLOW MIXED BLACK-EYED SUSAN WREATH",,In-Stock: Ships in 5 to 14 days,,,,L: 24in W: 4in H: 24in,,2,$28.75 ,,,,,2,Ragon400,Ragon160,https://cdn11.bigcommerce.com/s-xvps74vl0m/images/stencil/1280x1280/products/16089/34421/G232620_2__26149.1733861222.jpg?c=1,G232620_2__26149.1733861222.jpg?c=1,,,Ragon800,G232620_2__26149.1733861222.jpg?c=1
,,,,,,,,,,,,,,,,,,,,,,,,
"35"" SEQUOIA PINE HANGING BUSH",G224839,"Home|Holiday|Greenery, Wreaths & Trees|35"" SEQUOIA PINE HANGING BUSH",,SOLD OUT,,,,L: 35in,,,$12.10 ,,,,,,Ragon400,Ragon160,https://cdn11.bigcommerce.com/s-xvps74vl0m/images/stencil/1280x1280/products/11059/32091/G224839_3__65188.1708440801.jpg?c=1,G224839_3__65188.1708440801.jpg?c=1,,,Ragon800,G224839_3__65188.1708440801.jpg?c=1
,,,,,,,,,,,,,,,,,,,,,,,,
24oz THE PERFECT PEAR SOY CANDLE,C222204,Home|Collections|Soy Candles|Signature Collection|24oz THE PERFECT PEAR SOY CANDLE,CLEAN BURNING LOCALLY FARMED SOY WAX \ NON-TOXIC FRAGRANCES \ NATURAL COTTON WICK \ PHTHALATE FREE \ HAND POURED IN OHIO,SOLD OUT,,,,L: 3.75in W: 3.75in H: 5.25in,,,$18.15 ,,,,,,Ragon400,Ragon160,https://cdn11.bigcommerce.com/s-xvps74vl0m/images/stencil/1280x1280/products/12873/31059/C222204_1__28440.1706217008.jpg?c=1,C222204_1__28440.1706217008.jpg?c=1,,,Ragon800,C222204_1__28440.1706217008.jpg?c=1
,,,,,,,,,,,,,,,,,,,,,,,,
".5"" GOLDEN TAN VELVET WIRED RIBBON",SS211992,"Home|Holiday|Ornaments, Garland & Tree Toppers|.5"" GOLDEN TAN VELVET WIRED RIBBON",,In-Stock: Ships in 5 to 14 days,,,,L: 360in W: 0.50in,,5,$7.15 ,,,,,5,Ragon400,Ragon160,https://cdn11.bigcommerce.com/s-xvps74vl0m/images/stencil/1280x1280/products/9880/27526/SS211992_3__99610.1679582951.jpg?c=1,SS211992_3__99610.1679582951.jpg?c=1,,,Ragon800,SS211992_3__99610.1679582951.jpg?c=1
,,,,,,,,,,,,,,,,,,,,,,,,
DEER ORNAMENT,E173012,Home|Holiday|Signs|DEER ORNAMENT,"6""L X .25""W X 5.5""H, METAL",In-Stock: Ships in 5 to 14 days,,,,L: 6in W: 0.25in H: 5.50in,,6,$4.95 ,,,,,6,Ragon400,Ragon160,https://cdn11.bigcommerce.com/s-xvps74vl0m/images/stencil/1280x1280/products/4425/6844/E173012_1__10040.1626460319.jpg?c=1,E173012_1__10040.1626460319.jpg?c=1,,,Ragon800,E173012_1__10040.1626460319.jpg?c=1
,,,,,,,,,,,,,,,,,,,,,,,,
"6"" GREEN 4 LAYER TREE",MH207441,"Home|Holiday|Tabletop & Misc.|6"" GREEN 4 LAYER TREE",,In-Stock: Ships in 5 to 14 days,,,,L: 2.50in W: 2.50in H: 6in,,12,$5.25 ,,,,,12,Ragon400,Ragon160,https://cdn11.bigcommerce.com/s-xvps74vl0m/images/stencil/1280x1280/products/7789/24888/MH207441_2__46346.1677257973.jpg?c=1,MH207441_2__46346.1677257973.jpg?c=1,,,Ragon800,MH207441_2__46346.1677257973.jpg?c=1
,,,,,,,,,,,,,,,,,,,,,,,,
SET/2 GOLD FLOWER BELLS,HY239231,Home|Holiday|Bells|SET/2 GOLD FLOWER BELLS,,In-Stock: Ships in 5 to 14 days,,,,L: 6.75in W: 6.75in H: 8.50in,,2,$17.05 ,,,,,2,Ragon400,Ragon160,https://cdn11.bigcommerce.com/s-xvps74vl0m/images/stencil/1280x1280/products/17518/41574/HY239231_2__20863.1749826522.jpg?c=1,HY239231_2__20863.1749826522.jpg?c=1,,,Ragon800,HY239231_2__20863.1749826522.jpg?c=1
,,,,,,,,,,,,,,,,,,,,,,,,
"12"" FAWN VELVET BELSNICKLE",WS221316,"Home|Holiday|Cabin & Lodge|12"" FAWN VELVET BELSNICKLE",,Projected Summer 2025,,,,L: 4.50in W: 4in H: 12in,,2,$24.25 ,,,,,2,Ragon400,Ragon160,https://cdn11.bigcommerce.com/s-xvps74vl0m/images/stencil/1280x1280/products/12151/32349/WS221316_2__90010.1708440886.jpg?c=1,WS221316_2__90010.1708440886.jpg?c=1,,,Ragon800,WS221316_2__90010.1708440886.jpg?c=1
,,,,,,,,,,,,,,,,,,,,,,,,
"7"" A BEGINNER'S GUIDE TO MOTHS AND BUTTERFLIES JOURNAL",L238711,"Home|Everyday|Journals|7"" A BEGINNER'S GUIDE TO MOTHS AND BUTTERFLIES JOURNAL",,Projected Summer 2025,,,,L: 4in W: 1.50in H: 7in,,2,$13.75 ,,,,,2,Ragon400,Ragon160,https://cdn11.bigcommerce.com/s-xvps74vl0m/images/stencil/1280x1280/products/16519/41942/L238711_3__49895.1754677661.jpg?c=1,L238711_3__49895.1754677661.jpg?c=1,,,Ragon800,L238711_3__49895.1754677661.jpg?c=1
,,,,,,,,,,,,,,,,,,,,,,,,
"15"" LEAPING METAL DEER ON FAUX WOOD BASE",H223320,"Home|Holiday|Cabin & Lodge|15"" LEAPING METAL DEER ON FAUX WOOD BASE",,In-Stock: Ships in 5 to 14 days,,,,L: 12.50in W: 3.50in H: 15in,,1,$42.00 ,,,,,1,Ragon400,Ragon160,https://cdn11.bigcommerce.com/s-xvps74vl0m/images/stencil/1280x1280/products/11571/32172/H223320_3__93454.1708440831.jpg?c=1,H223320_3__93454.1708440831.jpg?c=1,,,Ragon800,H223320_3__93454.1708440831.jpg?c=1
,,,,,,,,,,,,,,,,,,,,,,,,
ROMANTIC WALKS SIGN,E203546,Home|Everyday|Kitchen|ROMANTIC WALKS SIGN,"CHAIN HANGER
 ",In-Stock: Ships in 5 to 14 days,,,,L: 11.25in W: 0.25in H: 8.75in,,6,$6.05 ,,,,,6,Ragon400,Ragon160,https://cdn11.bigcommerce.com/s-xvps74vl0m/images/stencil/1280x1280/products/7955/26479/E217250_1__72509.1678206466.jpg?c=1,E217250_1__72509.1678206466.jpg?c=1,,,Ragon800,E217250_1__72509.1678206466.jpg?c=1
,,,,,,,,,,,,,,,,,,,,,,,,
CREAM FELT DEER,LA237808,Home|Holiday|Tabletop & Misc.|CREAM FELT DEER,,Projected Summer 2025,,,,L: 14.25in W: 6.75in H: 15in,,2,$46.25 ,,,,,2,Ragon400,Ragon160,https://cdn11.bigcommerce.com/s-xvps74vl0m/images/stencil/1280x1280/products/17584/41780/LA237808_6__17944__33057.1750879988.jpg?c=1,LA237808_6__17944__33057.1750879988.jpg?c=1,,,Ragon800,LA237808_6__17944__33057.1750879988.jpg?c=1
,,,,,,,,,,,,,,,,,,,,,,,,
"3"" TURQUOISE RIBBED KUGEL ORNAMENT",SS221786,"Home|Holiday|Ornaments, Garland & Tree Toppers|3"" TURQUOISE RIBBED KUGEL ORNAMENT",,In-Stock: Ships in 5 to 14 days,,,,W: 3in,,6,$2.75 ,,,,,6,Ragon400,Ragon160,https://cdn11.bigcommerce.com/s-xvps74vl0m/images/stencil/1280x1280/products/15691/33706/SS221786__89952.1712154112.jpg?c=1,SS221786__89952.1712154112.jpg?c=1,,,Ragon800,SS221786__89952.1712154112.jpg?c=1
,,,,,,,,,,,,,,,,,,,,,,,,
"SET/6 - 9"" BLUSH HUES BOTTLE BRUSH TREES",WS218047,"Home|Sale!|Holiday|SET/6 - 9"" BLUSH HUES BOTTLE BRUSH TREES",,In-Stock: Ships in 3 to 7 days,,,,H: 9in,,3,$26.25 ,,,,,3,Ragon400,Ragon160,https://cdn11.bigcommerce.com/s-xvps74vl0m/images/stencil/1280x1280/products/9198/25429/WS218047_3__15523.1677258144.jpg?c=1,WS218047_3__15523.1677258144.jpg?c=1,,,Ragon800,WS218047_3__15523.1677258144.jpg?c=1
,,,,,,,,,,,,,,,,,,,,,,,,
"3"" GREY CEMENT COLUMN 3D FLAME CANDLE",NY236511,"Home|Flameless Candles|3"" GREY CEMENT COLUMN 3D FLAME CANDLE","6 HR TIMER | ON/OFF BUTTON
REQUIRES 2 (AAA) BATTERIES, BATTERIES NOT INCLUDED.",In-Stock: Ships in 5 to 14 days,,,,L: 3in W: 3in H: 3.50in,,4,$6.35 ,,,,,4,Ragon400,Ragon160,https://cdn11.bigcommerce.com/s-xvps74vl0m/images/stencil/1280x1280/products/16624/36364/NY236511_3__19757.1733943281.jpg?c=1,NY236511_3__19757.1733943281.jpg?c=1,,,Ragon800,NY236511_3__19757.1733943281.jpg?c=1
,,,,,,,,,,,,,,,,,,,,,,,,
"20"" SNOWMAN W/ HOLLY HAT",WS221127,"Home|Holiday|Snowmen, Santas & Angels|20"" SNOWMAN W/ HOLLY HAT",,In-Stock: Ships in 5 to 14 days,,,,L: 11in W: 6.50in H: 20in,,1,$66.00 ,,,,,1,Ragon400,Ragon160,https://cdn11.bigcommerce.com/s-xvps74vl0m/images/stencil/1280x1280/products/12027/32259/WS221127_2__25126.1708440860.jpg?c=1,WS221127_2__25126.1708440860.jpg?c=1,,,Ragon800,WS221127_2__25126.1708440860.jpg?c=1
,,,,,,,,,,,,,,,,,,,,,,,,
"25.5"" BLUE WINTER DAPHNE SPRAY",HZ238857,"Home|Everyday|Florals|25.5"" BLUE WINTER DAPHNE SPRAY",,SOLD OUT,,,,L: 25.50in W: 8in,,,$1.65 ,,,,,,Ragon400,Ragon160,https://cdn11.bigcommerce.com/s-xvps74vl0m/images/stencil/1280x1280/products/16437/34826/HZ238857_1__69436.1733861342.jpg?c=1,HZ238857_1__69436.1733861342.jpg?c=1,,,Ragon800,HZ238857_1__69436.1733861342.jpg?c=1
,,,,,,,,,,,,,,,,,,,,,,,,
"9"" POTTED BUTTON FERN",G232531,"Home|Everyday|Florals|9"" POTTED BUTTON FERN",,SOLD OUT,,,,L: 3.75in W: 3.75in H: 9in,,,$7.70 ,,,,,,Ragon400,Ragon160,https://cdn11.bigcommerce.com/s-xvps74vl0m/images/stencil/1280x1280/products/16055/34321/G232531_1__57605.1733861192.jpg?c=1,G232531_1__57605.1733861192.jpg?c=1,,,Ragon800,G232531_1__57605.1733861192.jpg?c=1
,,,,,,,,,,,,,,,,,,,,,,,,
SET/ 3 WHITE GRASS WALL BASKETS,E226310,Home|Sale!|Everyday|SET/ 3 WHITE GRASS WALL BASKETS,"HANGING HEIGHT SM: 10.75"" | MD: 14.75"" | LG: 18.75""
SM: 3""L X 3""W X 7.75""H MD: 4.5""L X 4.5""W X 12""H LG: 6.25""L X 6.25""W X 16""H",In-Stock: Ships in 5 to 14 days,,,,See Details tab,,2,$35.25 ,,,,,2,Ragon400,Ragon160,https://cdn11.bigcommerce.com/s-xvps74vl0m/images/stencil/1280x1280/products/10685/29540/E226310_3__54917.1701963459.jpg?c=1,E226310_3__54917.1701963459.jpg?c=1,,,Ragon800,E226310_3__54917.1701963459.jpg?c=1
,,,,,,,,,,,,,,,,,,,,,,,,
"SET/ 2 - 7.25"" 3D FLAME GREEN TAPER CANDLE",NY213006,"Home|Flameless Candles|SET/ 2 - 7.25"" 3D FLAME GREEN TAPER CANDLE","6 HR TIMER | ON/OFF BUTTON
REQUIRES 2 (AAA) BATTERIES, BATTERIES NOT INCLUDED.",In-Stock: Ships in 5 to 14 days,,,,L: 0.75in W: 0.75in H: 7.25in,,12,$8.55 ,,,,,12,Ragon400,Ragon160,https://cdn11.bigcommerce.com/s-xvps74vl0m/images/stencil/1280x1280/products/8535/25036/NY213006_3__14185.1689366501.jpg?c=1,NY213006_3__14185.1689366501.jpg?c=1,,,Ragon800,NY213006_3__14185.1689366501.jpg?c=1
,,,,,,,,,,,,,,,,,,,,,,,,
"11.5"" GOLD BELL PILLAR CANDLE STAND",HY239210,"Home|Holiday|Flameless Candles|11.5"" GOLD BELL PILLAR CANDLE STAND",,In-Stock: Ships in 5 to 14 days,,,,L: 6.25in W: 6.25in H: 11.50in,,3,$14.30 ,,,,,3,Ragon400,Ragon160,https://cdn11.bigcommerce.com/s-xvps74vl0m/images/stencil/1280x1280/products/17508/41568/HY239210_3__99095.1749826521.jpg?c=1,HY239210_3__99095.1749826521.jpg?c=1,,,Ragon800,HY239210_3__99095.1749826521.jpg?c=1
,,,,,,,,,,,,,,,,,,,,,,,,
RED CARDINAL ORNAMENT,WS227823,"Home|Holiday|Ornaments, Garland & Tree Toppers|RED CARDINAL ORNAMENT",,In-Stock: Ships in 5 to 14 days,,,,L: 4.75in W: 2.50in H: 3.25in,,6,$6.60 ,,,,,6,Ragon400,Ragon160,https://cdn11.bigcommerce.com/s-xvps74vl0m/images/stencil/1280x1280/products/12588/33043/WS227823_3__99209.1710521335.jpg?c=1,WS227823_3__99209.1710521335.jpg?c=1,,,Ragon800,WS227823_3__99209.1710521335.jpg?c=1
,,,,,,,,,,,,,,,,,,,,,,,,
FAMILY OWNED DISTILLERY SIGN,E234451,Home|Everyday|Wall Décor|FAMILY OWNED DISTILLERY SIGN,2 METAL HANGERS,In-Stock: Ships in 5 to 14 days,,,,L: 32in W: 0.50in H: 16in,,2,$24.50 ,,,,,2,Ragon400,Ragon160,https://cdn11.bigcommerce.com/s-xvps74vl0m/images/stencil/1280x1280/products/15938/36885/E234451_3__77613.1733943415.jpg?c=1,E234451_3__77613.1733943415.jpg?c=1,,,Ragon800,E234451_3__77613.1733943415.jpg?c=1
,,,,,,,,,,,,,,,,,,,,,,,,
CREAM FELT STAR ORNAMENT,LA237732,"Home|Holiday|Ornaments, Garland & Tree Toppers|CREAM FELT STAR ORNAMENT","HANG HEIGHT: 7.5""H
TWINE HANGER",In-Stock: Ships in 5 to 14 days,,,,L: 4.50in W: 1.50in H: 4.50in,,32,$2.75 ,,,,,32,Ragon400,Ragon160,https://cdn11.bigcommerce.com/s-xvps74vl0m/images/stencil/1280x1280/products/17544/40291/LA237732_3__42097.1748894143.jpg?c=1,LA237732_3__42097.1748894143.jpg?c=1,,,Ragon800,LA237732_3__42097.1748894143.jpg?c=1
,,,,,,,,,,,,,,,,,,,,,,,,
FLOWER SHOP SIGN,BF235056,Home|Everyday|Wall Décor|FLOWER SHOP SIGN,1 TRIANGLE HOOK,In-Stock: Ships in 5 to 14 days,,,,L: 17.75in W: 0.50in H: 7.50in,,8,$8.00 ,,,,,8,Ragon400,Ragon160,https://cdn11.bigcommerce.com/s-xvps74vl0m/images/stencil/1280x1280/products/15805/36713/BF235056_3__84531.1733943370.jpg?c=1,BF235056_3__84531.1733943370.jpg?c=1,,,Ragon800,BF235056_3__84531.1733943370.jpg?c=1
,,,,,,,,,,,,,,,,,,,,,,,,
FRAMED WANDERING BUNNY PRINT,H237588,Home|Everyday|Easter & Spring|FRAMED WANDERING BUNNY PRINT,2 SAWTOOTH HANGERS,In-Stock: Ships in 5 to 14 days,,,,L: 24.50in W: 1.25in H: 24.50in,,1,$53.00 ,,,,,1,Ragon400,Ragon160,https://cdn11.bigcommerce.com/s-xvps74vl0m/images/stencil/1280x1280/products/16368/41917/H237588_2__43459.1754587458.jpg?c=1,H237588_2__43459.1754587458.jpg?c=1,,,Ragon800,H237588_2__43459.1754587458.jpg?c=1
,,,,,,,,,,,,,,,,,,,,,,,,
SET/ 3 SNOWY GREEN SPIRAL BOTTLEBRUSH TREES W/ STUMP BASE,WS227638,Home|Holiday|Cabin & Lodge|SET/ 3 SNOWY GREEN SPIRAL BOTTLEBRUSH TREES W/ STUMP BASE,"SM: 10.5""H MD: 13.5""H LG: 16.5""H",In-Stock: Ships in 5 to 14 days,,,,See Details tab,,2,$38.50 ,,,,,2,Ragon400,Ragon160,https://cdn11.bigcommerce.com/s-xvps74vl0m/images/stencil/1280x1280/products/12465/34128/WS227638_3__04810.1719420662.jpg?c=1,WS227638_3__04810.1719420662.jpg?c=1,,,Ragon800,WS227638_3__04810.1719420662.jpg?c=1
,,,,,,,,,,,,,,,,,,,,,,,,
"18"" CARAMEL FLOCKED TREE",WS202500,"Home|Holiday|Bottlebrush|18"" CARAMEL FLOCKED TREE",,In-Stock: Ships in 5 to 14 days,,,,L: 6in W: 6in H: 18in,,2,$26.50 ,,,,,2,Ragon400,Ragon160,https://cdn11.bigcommerce.com/s-xvps74vl0m/images/stencil/1280x1280/products/7587/16978/WS202500_2__29696.1644266145.jpg?c=1,WS202500_2__29696.1644266145.jpg?c=1,,,Ragon800,WS202500_2__29696.1644266145.jpg?c=1
,,,,,,,,,,,,,,,,,,,,,,,,
BUNNY STATUETTE,SH222306,Home|Everyday|Easter & Spring|BUNNY STATUETTE,SAFE FOR OUTDOOR USE,SOLD OUT,,,,L: 11.25in W: 7.25in H: 17in,,,$43.00 ,,,,,,Ragon400,Ragon160,https://cdn11.bigcommerce.com/s-xvps74vl0m/images/stencil/1280x1280/products/10544/29354/SH222306_3__91489.1701887469.jpg?c=1,SH222306_3__91489.1701887469.jpg?c=1,,,Ragon800,SH222306_3__91489.1701887469.jpg?c=1
,,,,,,,,,,,,,,,,,,,,,,,,
SET/ 3 SPINDLE TAPER CANDLESTICKS,E226351,Home|Everyday|Candle Holders|SET/ 3 SPINDLE TAPER CANDLESTICKS,"SM: 3.5""L X 3.5""W X10.75""H MD: 4.5""L X 4.5""W X 11.75""H LG: 3.50""L X 3.50""W X 12.75""H",In-Stock: Ships in 5 to 14 days,,,,See Details tab,,1,$44.00 ,,,,,1,Ragon400,Ragon160,https://cdn11.bigcommerce.com/s-xvps74vl0m/images/stencil/1280x1280/products/10702/29569/E226351_3__92935.1701963467.jpg?c=1,E226351_3__92935.1701963467.jpg?c=1,,,Ragon800,E226351_3__92935.1701963467.jpg?c=1
,,,,,,,,,,,,,,,,,,,,,,,,
"21.75"" WHITE BERRY SPRAY",HZ238935,"Home|Sale!|Everyday|21.75"" WHITE BERRY SPRAY",,In-Stock: Ships in 5 to 14 days,,,,L: 21.75in W: 8in,,12,$3.85 ,,,,,12,Ragon400,Ragon160,https://cdn11.bigcommerce.com/s-xvps74vl0m/images/stencil/1280x1280/products/16502/35070/HZ238935_6__00054.1733861414.jpg?c=1,HZ238935_6__00054.1733861414.jpg?c=1,,,Ragon800,HZ238935_6__00054.1733861414.jpg?c=1
,,,,,,,,,,,,,,,,,,,,,,,,
"2X5"" MOVING FLAME RED PILLAR CANDLE",NY229033,"Home|Flameless Candles|2X5"" MOVING FLAME RED PILLAR CANDLE","6 HR TIMER | ON/OFF BUTTON
REQUIRES 2 (AA) BATTERIES, BATTERIES NOT INCLUDED.",In-Stock: Ships in 5 to 14 days,,,,L: 2in W: 2in H: 5in,,6,$7.15 ,,,,,6,Ragon400,Ragon160,https://cdn11.bigcommerce.com/s-xvps74vl0m/images/stencil/1280x1280/products/10404/29155/NY229033_3__19170.1701887397.jpg?c=1,NY229033_3__19170.1701887397.jpg?c=1,,,Ragon800,NY229033_3__19170.1701887397.jpg?c=1
,,,,,,,,,,,,,,,,,,,,,,,,
"SET/ 2 - 7.25"" 3D FLAME GOLD TAPER CANDLE",NY236624,"Home|Flameless Candles|SET/ 2 - 7.25"" 3D FLAME GOLD TAPER CANDLE","6 HR TIMER | ON/OFF BUTTON
REQUIRES 2 (AAA) BATTERIES, BATTERIES NOT INCLUDED.",In-Stock: Ships in 5 to 14 days,,,,L: 0.75in W: 0.75in H: 7.25in,,12,$8.55 ,,,,,12,Ragon400,Ragon160,https://cdn11.bigcommerce.com/s-xvps74vl0m/images/stencil/1280x1280/products/16674/36644/NY236624_3__51965.1733943352.jpg?c=1,NY236624_3__51965.1733943352.jpg?c=1,,,Ragon800,NY236624_3__51965.1733943352.jpg?c=1
,,,,,,,,,,,,,,,,,,,,,,,,
OVAL PRESSED FLORAL ORNAMENT,BF235241,"Home|Holiday|Ornaments, Garland & Tree Toppers|OVAL PRESSED FLORAL ORNAMENT",,In-Stock: Ships in 5 to 14 days,,,,L: 4.50in W: 0.25in H: 6.75in,,12,$6.05 ,,,,,12,Ragon400,Ragon160,https://cdn11.bigcommerce.com/s-xvps74vl0m/images/stencil/1280x1280/products/17000/41087/BF235241_2__10481.1749826420.jpg?c=1,BF235241_2__10481.1749826420.jpg?c=1,,,Ragon800,BF235241_2__10481.1749826420.jpg?c=1
,,,,,,,,,,,,,,,,,,,,,,,,
BEADED TINSEL WREATH W/ GREEN BOW,WS218016,"Home|Holiday|Ornaments, Garland & Tree Toppers|BEADED TINSEL WREATH W/ GREEN BOW",,In-Stock: Ships in 5 to 14 days,,,,L: 4in H: 4in,,6,$4.70 ,,,,,6,Ragon400,Ragon160,https://cdn11.bigcommerce.com/s-xvps74vl0m/images/stencil/1280x1280/products/9178/28485/WS218016_1__63943.1697647084.jpg?c=1,WS218016_1__63943.1697647084.jpg?c=1,,,Ragon800,WS218016_1__63943.1697647084.jpg?c=1
,,,,,,,,,,,,,,,,,,,,,,,,
"15.75"" WHITE ONCIDIUM BUSH",HZ238900,"Home|Everyday|Florals|15.75"" WHITE ONCIDIUM BUSH",,In-Stock: Ships in 5 to 14 days,,,,L: 15.75in W: 8in,,25,$1.65 ,,,,,25,Ragon400,Ragon160,https://cdn11.bigcommerce.com/s-xvps74vl0m/images/stencil/1280x1280/products/16473/34965/HZ238900_1__93777.1733861383.jpg?c=1,HZ238900_1__93777.1733861383.jpg?c=1,,,Ragon800,HZ238900_1__93777.1733861383.jpg?c=1
,,,,,,,,,,,,,,,,,,,,,,,,
"23.75"" PINE W/ BRAIDED POT",ST222062,"Home|Holiday|Cabin & Lodge|23.75"" PINE W/ BRAIDED POT",,In-Stock: Ships in 5 to 14 days,,,,H: 23.75in,,2,$14.30 ,,,,,2,Ragon400,Ragon160,https://cdn11.bigcommerce.com/s-xvps74vl0m/images/stencil/1280x1280/products/11950/32229/ST222062_1__75972.1708440849.jpg?c=1,ST222062_1__75972.1708440849.jpg?c=1,,,Ragon800,ST222062_1__75972.1708440849.jpg?c=1
,,,,,,,,,,,,,,,,,,,,,,,,
BABY JESUS ORNAMENT,WS231311,"Home|Holiday|Ornaments, Garland & Tree Toppers|BABY JESUS ORNAMENT",,Projected Summer 2025,,,,L: 3.25in W: 2in H: 2in,,6,$6.35 ,,,,,6,Ragon400,Ragon160,https://cdn11.bigcommerce.com/s-xvps74vl0m/images/stencil/1280x1280/products/12272/40637/WS231311_2__70828.1749157011.jpg?c=1,WS231311_2__70828.1749157011.jpg?c=1,,,Ragon800,WS231311_2__70828.1749157011.jpg?c=1
,,,,,,,,,,,,,,,,,,,,,,,,
"5.25"" STANDING DEER W/ SANTA HAT",WS227670,"Home|Holiday|Ornaments, Garland & Tree Toppers|5.25"" STANDING DEER W/ SANTA HAT",,SOLD OUT,,,,L: 3.50in W: 1.75in H: 5.25in,,,$8.25 ,,,,,,Ragon400,Ragon160,https://cdn11.bigcommerce.com/s-xvps74vl0m/images/stencil/1280x1280/products/12480/33005/WS227670_2__28046.1710521322.jpg?c=1,WS227670_2__28046.1710521322.jpg?c=1,,,Ragon800,WS227670_2__28046.1710521322.jpg?c=1
,,,,,,,,,,,,,,,,,,,,,,,,
FUR FOX ORNAMENT,KY239001,"Home|Holiday|Ornaments, Garland & Tree Toppers|FUR FOX ORNAMENT",,Late August,,,,L: 2.75in W: 2.25in H: 3.50in,,12,$3.30 ,,,,,12,Ragon400,Ragon160,https://cdn11.bigcommerce.com/s-xvps74vl0m/images/stencil/1280x1280/products/16889/40360/KY239001_2__18639.1749064571.jpg?c=1,KY239001_2__18639.1749064571.jpg?c=1,,,Ragon800,KY239001_2__18639.1749064571.jpg?c=1
,,,,,,,,,,,,,,,,,,,,,,,,
WHITE LETTERS TO SANTA MAILBOX ORNAMENT,WS231432,"Home|Holiday|Ornaments, Garland & Tree Toppers|WHITE LETTERS TO SANTA MAILBOX ORNAMENT",,In-Stock: Ships in 5 to 14 days,,,,L: 2.75in W: 1.75in H: 4in,,6,$6.05 ,,,,,6,Ragon400,Ragon160,https://cdn11.bigcommerce.com/s-xvps74vl0m/images/stencil/1280x1280/products/18003/40644/WS231432_5__81642.1749157169.jpg?c=1,WS231432_5__81642.1749157169.jpg?c=1,,,Ragon800,WS231432_5__81642.1749157169.jpg?c=1
,,,,,,,,,,,,,,,,,,,,,,,,
"20.5"" PURPLE FEATHER CONE SPRAY",HZ238894,"Home|Sale!|Everyday|20.5"" PURPLE FEATHER CONE SPRAY",,In-Stock: Ships in 5 to 14 days,,,,L: 20.50in W: 4in,,24,$2.50 ,,,,,24,Ragon400,Ragon160,https://cdn11.bigcommerce.com/s-xvps74vl0m/images/stencil/1280x1280/products/16467/34937/HZ238894_5__97113.1733861373.jpg?c=1,HZ238894_5__97113.1733861373.jpg?c=1,,,Ragon800,HZ238894_5__97113.1733861373.jpg?c=1
,,,,,,,,,,,,,,,,,,,,,,,,
"5"" GREY CHEVRON GLASS 3D FLAME CANDLE",NY229005,"Home|Flameless Candles|5"" GREY CHEVRON GLASS 3D FLAME CANDLE","6 HR TIMER | ON/OFF BUTTON
REQUIRES 2 (AA) BATTERIES, BATTERIES NOT INCLUDED.",In-Stock: Ships in 5 to 14 days,,,,L: 4in W: 4in H: 5in,,9,$9.10 ,,,,,9,Ragon400,Ragon160,https://cdn11.bigcommerce.com/s-xvps74vl0m/images/stencil/1280x1280/products/10379/29096/NY229005_1__32407.1701887380.jpg?c=1,NY229005_1__32407.1701887380.jpg?c=1,,,Ragon800,NY229005_1__32407.1701887380.jpg?c=1
,,,,,,,,,,,,,,,,,,,,,,,,
"11.5"" LIGHT GREEN SPRUCE 3D FLAME TREE CANDLE",NY239513,"Home|Flameless Candles|11.5"" LIGHT GREEN SPRUCE 3D FLAME TREE CANDLE","6 HR TIMER | ON/OFF BUTTON
REQUIRES 3 (AAA) BATTERIES, BATTERIES NOT INCLUDED.",In-Stock: Ships in 5 to 14 days,,,,L: 6.50in W: 6.50in H: 11.50in,,1,$17.90 ,,,,,1,Ragon400,Ragon160,https://cdn11.bigcommerce.com/s-xvps74vl0m/images/stencil/1280x1280/products/17699/41589/NY239513_1__91107.1749826525.jpg?c=1,NY239513_1__91107.1749826525.jpg?c=1,,,Ragon800,NY239513_1__91107.1749826525.jpg?c=1
,,,,,,,,,,,,,,,,,,,,,,,,
"22.5"" ROUGE WILDFLOWER SPRAY",HZ238923,"Home|Everyday|Florals|22.5"" ROUGE WILDFLOWER SPRAY",,In-Stock: Ships in 5 to 14 days,,,,L: 22.50in W: 5in,,12,$3.05 ,,,,,12,Ragon400,Ragon160,https://cdn11.bigcommerce.com/s-xvps74vl0m/images/stencil/1280x1280/products/16492/35029/HZ238923_1__80372.1733861402.jpg?c=1,HZ238923_1__80372.1733861402.jpg?c=1,,,Ragon800,HZ238923_1__80372.1733861402.jpg?c=1
,,,,,,,,,,,,,,,,,,,,,,,,
"3"" RED MERCURY GLASS 3D FLAME CANDLE",NY236605,"Home|Flameless Candles|3"" RED MERCURY GLASS 3D FLAME CANDLE","6 HR TIMER | ON/OFF BUTTON
REQUIRES 1 (CR2032) BATTERY, BATTERY INCLUDED.",Projected Summer 2025,,,,L: 2in W: 2in H: 3in,,6,$6.35 ,,,,,6,Ragon400,Ragon160,https://cdn11.bigcommerce.com/s-xvps74vl0m/images/stencil/1280x1280/products/17638/40244/NY236605_3__00119.1748889914.jpg?c=1,NY236605_3__00119.1748889914.jpg?c=1,,,Ragon800,NY236605_3__00119.1748889914.jpg?c=1
,,,,,,,,,,,,,,,,,,,,,,,,
"8.5"" CAMP COOKERY JOURNAL",L221501,"Home|Everyday|Kitchen|8.5"" CAMP COOKERY JOURNAL",,In-Stock: Ships in 5 to 14 days,,,,L: 5.75in W: 1.25in H: 8.50in,,2,$18.15 ,,,,,2,Ragon400,Ragon160,https://cdn11.bigcommerce.com/s-xvps74vl0m/images/stencil/1280x1280/products/10245/31984/L221501_3__28367.1707399426.jpg?c=1,L221501_3__28367.1707399426.jpg?c=1,,,Ragon800,L221501_3__28367.1707399426.jpg?c=1
,,,,,,,,,,,,,,,,,,,,,,,,
"14.5"" FURRY WHITE BELSNICKLE",WS231627,"Home|Holiday|Snowmen, Santas & Angels|14.5"" FURRY WHITE BELSNICKLE",,Projected Summer 2025,,,,L: 5in W: 4.50in H: 14.50in,,1,$32.00 ,,,,,1,Ragon400,Ragon160,https://cdn11.bigcommerce.com/s-xvps74vl0m/images/stencil/1280x1280/products/18120/41299/WS231627_4__28321.1749826459.jpg?c=1,WS231627_4__28321.1749826459.jpg?c=1,,,Ragon800,WS231627_4__28321.1749826459.jpg?c=1
,,,,,,,,,,,,,,,,,,,,,,,,
FRAMED CREAM BUNNY PRINT,H237586,Home|Everyday|Easter & Spring|FRAMED CREAM BUNNY PRINT,2 SAWTOOTH HANGERS,In-Stock: Ships in 5 to 14 days,,,,L: 16.50in W: 1.25in H: 23.25in,,1,$46.25 ,,,,,1,Ragon400,Ragon160,https://cdn11.bigcommerce.com/s-xvps74vl0m/images/stencil/1280x1280/products/16366/36939/H237586_1__81733.1733943430.jpg?c=1,H237586_1__81733.1733943430.jpg?c=1,,,Ragon800,H237586_1__81733.1733943430.jpg?c=1
,,,,,,,,,,,,,,,,,,,,,,,,
SET/ 2 PATRIOTIC DESSERT STANDS,HY238114,Home|Everyday|Americana|SET/ 2 PATRIOTIC DESSERT STANDS,"ASSEMBLY REQUIRED
SM: 9.25""L X 9.25""W X 6.25""H LG: 10.5""L X 10.5""W X 7.25""H",SOLD OUT,,,,See Details tab,,,$35.25 ,,,,,,Ragon400,Ragon160,https://cdn11.bigcommerce.com/s-xvps74vl0m/images/stencil/1280x1280/products/16403/36593/HY238114_1__85020.1733943338.jpg?c=1,HY238114_1__85020.1733943338.jpg?c=1,,,Ragon800,HY238114_1__85020.1733943338.jpg?c=1
,,,,,,,,,,,,,,,,,,,,,,,,
DOG FOOD BIN,HY184013,Home|Everyday|Tabletop & Misc.|DOG FOOD BIN,"13.25""L X 11.25""W X 16.50""H, METAL & WOOD",In-Stock: Ships in 5 to 14 days,,,,L: 13.25in W: 11.25in H: 16.50in,,4,$59.50 ,,,,,4,Ragon400,Ragon160,https://cdn11.bigcommerce.com/s-xvps74vl0m/images/stencil/1280x1280/products/4971/9702/HY184013__78917.1626464252.jpg?c=1,HY184013__78917.1626464252.jpg?c=1,,,Ragon800,HY184013__78917.1626464252.jpg?c=1
,,,,,,,,,,,,,,,,,,,,,,,,
"4"" TAN & WHITE MITTEN ORNAMENT",SS211949,"Home|Holiday|Ornaments, Garland & Tree Toppers|4"" TAN & WHITE MITTEN ORNAMENT",,In-Stock: Ships in 5 to 14 days,,,,W: 4in,,12,$3.60 ,,,,,12,Ragon400,Ragon160,https://cdn11.bigcommerce.com/s-xvps74vl0m/images/stencil/1280x1280/products/9752/27397/SS211949_1__60754.1679582912.jpg?c=1,SS211949_1__60754.1679582912.jpg?c=1,,,Ragon800,SS211949_1__60754.1679582912.jpg?c=1
,,,,,,,,,,,,,,,,,,,,,,,,
SET/ 2 AGED WHITE METAL WALL BUCKETS,HY238822,Home|Sale!|Everyday|SET/ 2 AGED WHITE METAL WALL BUCKETS,"SM: 9.5""L X 6""W X 11.5""H LG: 10.75""L X 5.5""W X 13.0""H
1 NAIL HOLE",In-Stock: Ships in 5 to 14 days,,,,See Details tab,,2,$21.50 ,,,,,2,Ragon400,Ragon160,https://cdn11.bigcommerce.com/s-xvps74vl0m/images/stencil/1280x1280/products/16423/36995/HY238822_3__23900.1733943446.jpg?c=1,HY238822_3__23900.1733943446.jpg?c=1,,,Ragon800,HY238822_3__23900.1733943446.jpg?c=1
,,,,,,,,,,,,,,,,,,,,,,,,
PRAYING ANGEL ORNAMENT,FB237348,"Home|Holiday|Ornaments, Garland & Tree Toppers|PRAYING ANGEL ORNAMENT",,In-Stock: Ships in 5 to 14 days,,,,L: 4.75in W: 0.50in H: 6.25in,,12,$4.15 ,,,,,12,Ragon400,Ragon160,https://cdn11.bigcommerce.com/s-xvps74vl0m/images/stencil/1280x1280/products/17142/41342/FB237348_2__87346.1749826468.jpg?c=1,FB237348_2__87346.1749826468.jpg?c=1,,,Ragon800,FB237348_2__87346.1749826468.jpg?c=1
,,,,,,,,,,,,,,,,,,,,,,,,
SET/ 6 CLEAR NORTHERN ICICLES,WS202244,"Home|Holiday|Ornaments, Garland & Tree Toppers|SET/ 6 CLEAR NORTHERN ICICLES",,Early September,,,,L: 0.50in W: 0.50in H: 5in,,12,$3.85 ,,,,,12,Ragon400,Ragon160,https://cdn11.bigcommerce.com/s-xvps74vl0m/images/stencil/1280x1280/products/7649/17639/WS202244_2__45068.1645761385.jpg?c=1,WS202244_2__45068.1645761385.jpg?c=1,,,Ragon800,WS202244_2__45068.1645761385.jpg?c=1
,,,,,,,,,,,,,,,,,,,,,,,,
"5"" BLUE & GOLD BOTTLE BRUSH TREES BOX/ 5",WS192539,"Home|Sale!|Holiday|5"" BLUE & GOLD BOTTLE BRUSH TREES BOX/ 5","2""W X 5""H, SISAL",In-Stock: Ships in 5 to 14 days,,,,W: 2in H: 5in,,4,$15.95 ,,,,,4,Ragon400,Ragon160,https://cdn11.bigcommerce.com/s-xvps74vl0m/images/stencil/1280x1280/products/3102/12382/WS192539_lqzm-8a__51213.1626464891.jpg?c=1,WS192539_lqzm-8a__51213.1626464891.jpg?c=1,,,Ragon800,WS192539_lqzm-8a__51213.1626464891.jpg?c=1
,,,,,,,,,,,,,,,,,,,,,,,,
SET/ 3 SCALLOPED METAL VASES,ZH238621,Home|Everyday|Vases|SET/ 3 SCALLOPED METAL VASES,"SM: 10.5""L X 10.5""W X 8.25""H MD: 12.75""L X 12.75""W X 10""H LG: 14.5""L X 14.5""W X 11.5""H",SOLD OUT,,,,See Details tab,,,$66.00 ,,,,,,Ragon400,Ragon160,https://cdn11.bigcommerce.com/s-xvps74vl0m/images/stencil/1280x1280/products/16862/37155/ZH238621_1__83009.1733943489.jpg?c=1,ZH238621_1__83009.1733943489.jpg?c=1,,,Ragon800,ZH238621_1__83009.1733943489.jpg?c=1
,,,,,,,,,,,,,,,,,,,,,,,,
"18"" GLITTERED MIXED PINE WREATH",G232765,"Home|Holiday|Greenery, Wreaths & Trees|18"" GLITTERED MIXED PINE WREATH","INNER: 7.5""",In-Stock: Ships in 5 to 14 days,,,,L: 18in W: 2.50in H: 18in,,6,$16.50 ,,,,,6,Ragon400,Ragon160,https://cdn11.bigcommerce.com/s-xvps74vl0m/images/stencil/1280x1280/products/11156/41444/G232765_2__13299.1749826493.jpg?c=1,G232765_2__13299.1749826493.jpg?c=1,,,Ragon800,G232765_2__13299.1749826493.jpg?c=1
,,,,,,,,,,,,,,,,,,,,,,,,
LAUNDRY SUCKS HANGER SIGN,BF206058,Home|Everyday|Wall Décor|LAUNDRY SUCKS HANGER SIGN,,In-Stock: Ships in 5 to 14 days,,,,L: 23.75in W: 0.50in H: 11.75in,,4,$11.85 ,,,,,4,Ragon400,Ragon160,https://cdn11.bigcommerce.com/s-xvps74vl0m/images/stencil/1280x1280/products/6318/13254/BF206058_1__72447.1641401704.jpg?c=1,BF206058_1__72447.1641401704.jpg?c=1,,,Ragon800,BF206058_1__72447.1641401704.jpg?c=1
,,,,,,,,,,,,,,,,,,,,,,,,
"8.25"" IVORY TREE W/ SILVER BASE",WS221156,"Home|Holiday|Bottlebrush|8.25"" IVORY TREE W/ SILVER BASE",,In-Stock: Ships in 5 to 14 days,,,,L: 3.50in W: 3.50in H: 8.25in,,6,$12.10 ,,,,,6,Ragon400,Ragon160,https://cdn11.bigcommerce.com/s-xvps74vl0m/images/stencil/1280x1280/products/12049/32266/WS221156_4__85107.1708440862.jpg?c=1,WS221156_4__85107.1708440862.jpg?c=1,,,Ragon800,WS221156_4__85107.1708440862.jpg?c=1
,,,,,,,,,,,,,,,,,,,,,,,,
"60"" DRAPING BRONZE GLITTER BUDS",G228426,"Home|Holiday|Greenery, Wreaths & Trees|60"" DRAPING BRONZE GLITTER BUDS",,In-Stock: Ships in 5 to 14 days,,,,L: 60in,,6,$11.55 ,,,,,6,Ragon400,Ragon160,https://cdn11.bigcommerce.com/s-xvps74vl0m/images/stencil/1280x1280/products/11257/41402/G228426_1__71505.1749826482.jpg?c=1,G228426_1__71505.1749826482.jpg?c=1,,,Ragon800,G228426_1__71505.1749826482.jpg?c=1
,,,,,,,,,,,,,,,,,,,,,,,,
"8"" TAN & WHITE STOCKING ORNAMENT",SS211775,"Home|Holiday|Ornaments, Garland & Tree Toppers|8"" TAN & WHITE STOCKING ORNAMENT",,In-Stock: Ships in 5 to 14 days,,,,H: 8in,,12,$5.50 ,,,,,12,Ragon400,Ragon160,https://cdn11.bigcommerce.com/s-xvps74vl0m/images/stencil/1280x1280/products/9427/28354/SS211775_5__70524.1692899702.jpg?c=1,SS211775_5__70524.1692899702.jpg?c=1,,,Ragon800,SS211775_5__70524.1692899702.jpg?c=1
,,,,,,,,,,,,,,,,,,,,,,,,
LIGHT UP GINGERBREAD HOUSE ORNAMENT W/ TREE,WS231698,"Home|Holiday|Ornaments, Garland & Tree Toppers|LIGHT UP GINGERBREAD HOUSE ORNAMENT W/ TREE",,Early September,,,,L: 2.50in W: 2.50in H: 2.75in,,12,$5.50 ,,,,,12,Ragon400,Ragon160,https://cdn11.bigcommerce.com/s-xvps74vl0m/images/stencil/1280x1280/products/18168/41834/WS231698_5__88197.1752161123.jpg?c=1,WS231698_5__88197.1752161123.jpg?c=1,,,Ragon800,WS231698_5__88197.1752161123.jpg?c=1
,,,,,,,,,,,,,,,,,,,,,,,,
"4"" WHITE TAPERED VASE",MH222620,"Home|Sale!|Everyday|4"" WHITE TAPERED VASE",,In-Stock: Ships in 5 to 14 days,,,,L: 2.50in W: 2.50in H: 4in,,9,$4.40 ,,,,,9,Ragon400,Ragon160,https://cdn11.bigcommerce.com/s-xvps74vl0m/images/stencil/1280x1280/products/10361/29070/MH222620_4__74599.1701887372.jpg?c=1,MH222620_4__74599.1701887372.jpg?c=1,,,Ragon800,MH222620_4__74599.1701887372.jpg?c=1
,,,,,,,,,,,,,,,,,,,,,,,,
5' MIXED PINE W/ BRONZE BELLS GARLAND,G228813,"Home|Holiday|Greenery, Wreaths & Trees|5' MIXED PINE W/ BRONZE BELLS GARLAND",,In-Stock: Ships in 5 to 14 days,,,,L: 60in,,2,$32.00 ,,,,,2,Ragon400,Ragon160,https://cdn11.bigcommerce.com/s-xvps74vl0m/images/stencil/1280x1280/products/11444/33407/G228813_1__00035.1711115405.jpg?c=1,G228813_1__00035.1711115405.jpg?c=1,,,Ragon800,G228813_1__00035.1711115405.jpg?c=1
,,,,,,,,,,,,,,,,,,,,,,,,
HOLIDAY FOLIAGE IN ROUND GOLD FRAME,E234658,Home|Collections|2025 Products|HOLIDAY|HOLIDAY FOLIAGE IN ROUND GOLD FRAME,,In-Stock: Ships in 5 to 14 days,,,,L: 7.75in W: 1in H: 9.25in,,4,$11.55 ,,,,,4,Ragon400,Ragon160,https://cdn11.bigcommerce.com/s-xvps74vl0m/images/stencil/1280x1280/products/17122/39758/E234658_3__11713.1741630485.jpg?c=1,E234658_3__11713.1741630485.jpg?c=1,,,Ragon800,E234658_3__11713.1741630485.jpg?c=1
,,,,,,,,,,,,,,,,,,,,,,,,
"18"" MOSS GREEN BOTTLEBRUSH TREE",WS182294,"Home|Holiday|Bottlebrush|18"" MOSS GREEN BOTTLEBRUSH TREE","6''W X 18''H, BOTTLEBRUSH",In-Stock: Ships in 5 to 14 days,,,,L: 6in W: 6in H: 18in,,2,$18.65 ,,,,,2,Ragon400,Ragon160,https://cdn11.bigcommerce.com/s-xvps74vl0m/images/stencil/1280x1280/products/5366/28439/WS182294__47320.1694445453.jpg?c=1,WS182294__47320.1694445453.jpg?c=1,,,Ragon800,WS182294__47320.1694445453.jpg?c=1
,,,,,,,,,,,,,,,,,,,,,,,,
6' YELLOW GERANIUM GARLAND,G228459,Home|Everyday|Florals|6' YELLOW GERANIUM GARLAND,,In-Stock: Ships in 5 to 14 days,,,,L: 72in,,2,$19.80 ,,,,,2,Ragon400,Ragon160,https://cdn11.bigcommerce.com/s-xvps74vl0m/images/stencil/1280x1280/products/13797/36021/G228459_2__46405.1733863958.jpg?c=1,G228459_2__46405.1733863958.jpg?c=1,,,Ragon800,G228459_2__46405.1733863958.jpg?c=1
,,,,,,,,,,,,,,,,,,,,,,,,
4 TIER PLANT STAND,E234415,Home|Everyday|Spring & Garden|4 TIER PLANT STAND,"OPEN: 22.5:L 22""W 24.75:H SM SHELF: 9.5""X13.5"" MD: 9.75""X14"" LG:10.5""X15"" XL:11.5""X16.5""",In-Stock: Ships in 5 to 14 days,,,,L: 16.50in W: 11.50in H: 24.75in,,1,$86.00 ,,,,,1,Ragon400,Ragon160,https://cdn11.bigcommerce.com/s-xvps74vl0m/images/stencil/1280x1280/products/15924/36875/E234415_3__82426.1733943413.jpg?c=1,E234415_3__82426.1733943413.jpg?c=1,,,Ragon800,E234415_3__82426.1733943413.jpg?c=1
,,,,,,,,,,,,,,,,,,,,,,,,
"12"" WHITE 8 LAYER TREE",MH207449,"Home|Holiday|Tabletop & Misc.|12"" WHITE 8 LAYER TREE",,In-Stock: Ships in 5 to 14 days,,,,L: 4in W: 4in H: 12in,,6,$17.35 ,,,,,6,Ragon400,Ragon160,https://cdn11.bigcommerce.com/s-xvps74vl0m/images/stencil/1280x1280/products/7795/24896/MH207449_1__69948.1677257977.jpg?c=1,MH207449_1__69948.1677257977.jpg?c=1,,,Ragon800,MH207449_1__69948.1677257977.jpg?c=1
,,,,,,,,,,,,,,,,,,,,,,,,
AGED METAL HOLIDAY CHEER SIGN,BF235218,Home|Holiday|Signs|AGED METAL HOLIDAY CHEER SIGN,,In-Stock: Ships in 5 to 14 days,,,,L: 22.75in W: 0.50in H: 15.75in,,3,$13.75 ,,,,,3,Ragon400,Ragon160,https://cdn11.bigcommerce.com/s-xvps74vl0m/images/stencil/1280x1280/products/16991/41329/BF235218_5__24835.1749826466.jpg?c=1,BF235218_5__24835.1749826466.jpg?c=1,,,Ragon800,BF235218_5__24835.1749826466.jpg?c=1
,,,,,,,,,,,,,,,,,,,,,,,,
PAIR OF CREAM VELVET STOCKINGS,SS221902,Home|Sale!|Holiday|PAIR OF CREAM VELVET STOCKINGS,,In-Stock: Ships in 5 to 14 days,,,,H: 8in,,8,$5.50 ,,,,,8,Ragon400,Ragon160,https://cdn11.bigcommerce.com/s-xvps74vl0m/images/stencil/1280x1280/products/11819/33745/SS221902__51209.1712154125.jpg?c=1,SS221902__51209.1712154125.jpg?c=1,,,Ragon800,SS221902__51209.1712154125.jpg?c=1
,,,,,,,,,,,,,,,,,,,,,,,,
GOLD & WHITE OH COME LET US ADORE HIM SIGN,BF225786,Home|Holiday|Signs|GOLD & WHITE OH COME LET US ADORE HIM SIGN,2 TRIANGLE HANGERS,SOLD OUT,,,,L: 10in W: 0.25in H: 14in,,,$7.70 ,,,,,,Ragon400,Ragon160,https://cdn11.bigcommerce.com/s-xvps74vl0m/images/stencil/1280x1280/products/10887/33323/BF225786_3__30317.1711115379.jpg?c=1,BF225786_3__30317.1711115379.jpg?c=1,,,Ragon800,BF225786_3__30317.1711115379.jpg?c=1
,,,,,,,,,,,,,,,,,,,,,,,,
"20"" TIN TREE W/ WOOD BASE",FB225286,"Home|Holiday|Tabletop & Misc.|20"" TIN TREE W/ WOOD BASE",,In-Stock: Ships in 5 to 14 days,,,,L: 4in W: 4in H: 20in,,4,$13.20 ,,,,,4,Ragon400,Ragon160,https://cdn11.bigcommerce.com/s-xvps74vl0m/images/stencil/1280x1280/products/10987/32070/FB225286_4__32367.1708440794.jpg?c=1,FB225286_4__32367.1708440794.jpg?c=1,,,Ragon800,FB225286_4__32367.1708440794.jpg?c=1
,,,,,,,,,,,,,,,,,,,,,,,,
"25"" WHITE RANUCULUS SPRAY",G219267,"Home|Sale!|Everyday|25"" WHITE RANUCULUS SPRAY",,In-Stock: Ships in 5 to 14 days,,,,L: 25in,,12,$4.40 ,,,,,12,Ragon400,Ragon160,https://cdn11.bigcommerce.com/s-xvps74vl0m/images/stencil/1280x1280/products/8406/24604/G219267_1__02387.1677257878.jpg?c=1,G219267_1__02387.1677257878.jpg?c=1,,,Ragon800,G219267_1__02387.1677257878.jpg?c=1
,,,,,,,,,,,,,,,,,,,,,,,,
"25.5"" PINK & CREAM BLACK-EYED SUSAN SPRAY",G233100,"Home|Sale!|Everyday|25.5"" PINK & CREAM BLACK-EYED SUSAN SPRAY",,In-Stock: Ships in 5 to 14 days,,,,L: 25.50in W: 8in,,12,$3.05 ,,,,,12,Ragon400,Ragon160,https://cdn11.bigcommerce.com/s-xvps74vl0m/images/stencil/1280x1280/products/16192/34723/G233100_2__08392.1733861312.jpg?c=1,G233100_2__08392.1733861312.jpg?c=1,,,Ragon800,G233100_2__08392.1733861312.jpg?c=1
,,,,,,,,,,,,,,,,,,,,,,,,
SET/ 2 BLACK & WHITE WALL POCKETS,FB215758,Home|Everyday|Wall Décor|SET/ 2 BLACK & WHITE WALL POCKETS,"INNER DEPTH OF EACH POCKET: 4.5""
SM: 19.75""L X 5.25""W X 5.25""H LG: 24""L X 5.25""W X 5.25""H
2 TRIANGLE HANGERS",SOLD OUT,,,,See Details tab,,,$29.25 ,,,,,,Ragon400,Ragon160,https://cdn11.bigcommerce.com/s-xvps74vl0m/images/stencil/1280x1280/products/8323/26247/FB215758__74443.1677259218.jpg?c=1,FB215758__74443.1677259218.jpg?c=1,,,Ragon800,FB215758__74443.1677259218.jpg?c=1
,,,,,,,,,,,,,,,,,,,,,,,,
CREAM CRACKLE PLATE,WS225461,Home|Everyday|Kitchen|CREAM CRACKLE PLATE,FOOD SAFE. DISHWASHER SAFE. TOP RACK ONLY. NOT FOR MICROWAVE OR OVEN USE.,In-Stock: Ships in 5 to 14 days,,,,L: 10in W: 10in,,4,$3.05 ,,,,,4,Ragon400,Ragon160,https://cdn11.bigcommerce.com/s-xvps74vl0m/images/stencil/1280x1280/products/15778/34276/WS225461_1__23634.1729179546.jpg?c=1,WS225461_1__23634.1729179546.jpg?c=1,,,Ragon800,WS225461_1__23634.1729179546.jpg?c=1
,,,,,,,,,,,,,,,,,,,,,,,,
"36"" ANGEL W/ BELLS DUMMY BOARD",WS221084,"Home|Sale!|Holiday|36"" ANGEL W/ BELLS DUMMY BOARD",,In-Stock: Ships in 5 to 14 days,,,,H: 36in,,2,$37.50 ,,,,,2,Ragon400,Ragon160,https://cdn11.bigcommerce.com/s-xvps74vl0m/images/stencil/1280x1280/products/11999/32774/WS221084_1__54489.1709219761.jpg?c=1,WS221084_1__54489.1709219761.jpg?c=1,,,Ragon800,WS221084_1__54489.1709219761.jpg?c=1
,,,,,,,,,,,,,,,,,,,,,,,,
"5.25"" HEXAGONAL LIGHTED LANTERN ORNAMENT",WS218061,"Home|Holiday|Ornaments, Garland & Tree Toppers|5.25"" HEXAGONAL LIGHTED LANTERN ORNAMENT",,In-Stock: Ships in 5 to 14 days,,,,H: 5.25in,,6,$9.65 ,,,,,6,Ragon400,Ragon160,https://cdn11.bigcommerce.com/s-xvps74vl0m/images/stencil/1280x1280/products/9203/27055/WS218061_6__24883.1679582805.jpg?c=1,WS218061_6__24883.1679582805.jpg?c=1,,,Ragon800,WS218061_6__24883.1679582805.jpg?c=1
,,,,,,,,,,,,,,,,,,,,,,,,
SANTA ON SLED W/ RED COAT,G225116,"Home|Holiday|Snowmen, Santas & Angels|SANTA ON SLED W/ RED COAT",,In-Stock: Ships in 5 to 14 days,,,,L: 15in W: 7.50in H: 13in,,1,$76.00 ,,,,,1,Ragon400,Ragon160,https://cdn11.bigcommerce.com/s-xvps74vl0m/images/stencil/1280x1280/products/11212/32112/G225116_3__87239.1708440808.jpg?c=1,G225116_3__87239.1708440808.jpg?c=1,,,Ragon800,G225116_3__87239.1708440808.jpg?c=1
,,,,,,,,,,,,,,,,,,,,,,,,
"30.5"" PURPLE MINI DAISY SPRAY",G232603,"Home|Sale!|Everyday|30.5"" PURPLE MINI DAISY SPRAY",,SOLD OUT,,,,L: 30.50in W: 8in,,,$4.40 ,,,,,,Ragon400,Ragon160,https://cdn11.bigcommerce.com/s-xvps74vl0m/images/stencil/1280x1280/products/16081/34395/G232603_1__31945.1733861215.jpg?c=1,G232603_1__31945.1733861215.jpg?c=1,,,Ragon800,G232603_1__31945.1733861215.jpg?c=1
,,,,,,,,,,,,,,,,,,,,,,,,
"45"" CREAM & PURPLE CONE HYDRANGEA SPRAY",G228259,"Home|Sale!|Everyday|45"" CREAM & PURPLE CONE HYDRANGEA SPRAY",,In-Stock: Ships in 5 to 14 days,,,,L: 45in,,6,$14.05 ,,,,,6,Ragon400,Ragon160,https://cdn11.bigcommerce.com/s-xvps74vl0m/images/stencil/1280x1280/products/10121/35318/G228259_4__07022.1733863760.jpg?c=1,G228259_4__07022.1733863760.jpg?c=1,,,Ragon800,G228259_4__07022.1733863760.jpg?c=1
,,,,,,,,,,,,,,,,,,,,,,,,
ALWAYS FRESH OPEN DAILY SIGN,E217027,Home|Everyday|Kitchen|ALWAYS FRESH OPEN DAILY SIGN,2 SAWTOOTH HANGERS,In-Stock: Ships in 5 to 14 days,,,,L: 40in W: 0.50in H: 11in,,2,$34.25 ,,,,,2,Ragon400,Ragon160,https://cdn11.bigcommerce.com/s-xvps74vl0m/images/stencil/1280x1280/products/8178/24084/E217027_2__82076.1677257722.jpg?c=1,E217027_2__82076.1677257722.jpg?c=1,,,Ragon800,E217027_2__82076.1677257722.jpg?c=1
,,,,,,,,,,,,,,,,,,,,,,,,
SET/ 12 GLITTERED MULTICOLOR ORNAMENTS,WS231532,"Home|Holiday|Ornaments, Garland & Tree Toppers|SET/ 12 GLITTERED MULTICOLOR ORNAMENTS",,Projected Summer 2025,,,,L: 8in W: 1.50in H: 6.50in,,6,$16.25 ,,,,,6,Ragon400,Ragon160,https://cdn11.bigcommerce.com/s-xvps74vl0m/images/stencil/1280x1280/products/18059/40656/WS231532_3__47364.1749157575.jpg?c=1,WS231532_3__47364.1749157575.jpg?c=1,,,Ragon800,WS231532_3__47364.1749157575.jpg?c=1
,,,,,,,,,,,,,,,,,,,,,,,,
"21.5"" SNOWY TREE W/BURLAP BASE",ST212022,"Home|Holiday|Cabin & Lodge|21.5"" SNOWY TREE W/BURLAP BASE",,In-Stock: Ships in 5 to 14 days,,,,L: 12in W: 12in H: 21.75in,,3,$21.25 ,,,,,3,Ragon400,Ragon160,https://cdn11.bigcommerce.com/s-xvps74vl0m/images/stencil/1280x1280/products/9157/27039/ST212022_1__59906.1679582800.jpg?c=1,ST212022_1__59906.1679582800.jpg?c=1,,,Ragon800,ST212022_1__59906.1679582800.jpg?c=1
,,,,,,,,,,,,,,,,,,,,,,,,
"50"" MUSTARD PLAID TREE SKIRT",SS221924,"Home|Sale!|Holiday|50"" MUSTARD PLAID TREE SKIRT",,In-Stock: Ships in 5 to 14 days,,,,L: 50in,,2,$31.00 ,,,,,2,Ragon400,Ragon160,https://cdn11.bigcommerce.com/s-xvps74vl0m/images/stencil/1280x1280/products/11841/33987/SS221924_3__40779.1712868585.jpg?c=1,SS221924_3__40779.1712868585.jpg?c=1,,,Ragon800,SS221924_3__40779.1712868585.jpg?c=1
,,,,,,,,,,,,,,,,,,,,,,,,
"15.5"" IVORY W/ GOLD TRIM PAPER CONE TREE",WS227441,"Home|Holiday|Paper|15.5"" IVORY W/ GOLD TRIM PAPER CONE TREE",,In-Stock: Ships in 5 to 14 days,,,,L: 10.25in W: 10.25in H: 15.50in,,2,$11.85 ,,,,,2,Ragon400,Ragon160,https://cdn11.bigcommerce.com/s-xvps74vl0m/images/stencil/1280x1280/products/12399/33788/WS227441_6__60359.1712154140.jpg?c=1,WS227441_6__60359.1712154140.jpg?c=1,,,Ragon800,WS227441_6__60359.1712154140.jpg?c=1
,,,,,,,,,,,,,,,,,,,,,,,,
"24"" HYDRANGEA STEM",G201461,"Home|Everyday|Florals|24"" HYDRANGEA STEM",,In-Stock: Ships in 5 to 14 days,,,,L: 24in,,24,$3.60 ,,,,,24,Ragon400,Ragon160,https://cdn11.bigcommerce.com/s-xvps74vl0m/images/stencil/1280x1280/products/6899/20504/G201461_5__23179.1663176335.jpg?c=1,G201461_5__23179.1663176335.jpg?c=1,,,Ragon800,G201461_5__23179.1663176335.jpg?c=1
,,,,,,,,,,,,,,,,,,,,,,,,
"9"" RED 3 WICK 3D FLAME CANDLE",NY236648,"Home|Flameless Candles|9"" RED 3 WICK 3D FLAME CANDLE","6 HR TIMER | ON/OFF BUTTON
REQUIRES 3 (AA) BATTERIES, BATTERIES NOT INCLUDED.
 ",Projected Summer 2025,,,,L: 6in W: 6in H: 9in,,2,$23.25 ,,,,,2,Ragon400,Ragon160,https://cdn11.bigcommerce.com/s-xvps74vl0m/images/stencil/1280x1280/products/18257/41583/NY236648_1__17141.1749826524.jpg?c=1,NY236648_1__17141.1749826524.jpg?c=1,,,Ragon800,NY236648_1__17141.1749826524.jpg?c=1
,,,,,,,,,,,,,,,,,,,,,,,,
"27"" SOFT CEDAR & RED BERRY HANGING BUSH",G224969,"Home|Holiday|Greenery, Wreaths & Trees|27"" SOFT CEDAR & RED BERRY HANGING BUSH",,In-Stock: Ships in 5 to 14 days,,,,L: 27in,,12,$9.35 ,,,,,12,Ragon400,Ragon160,https://cdn11.bigcommerce.com/s-xvps74vl0m/images/stencil/1280x1280/products/11118/41149/G224969_2__19185.1749826432.jpg?c=1,G224969_2__19185.1749826432.jpg?c=1,,,Ragon800,G224969_2__19185.1749826432.jpg?c=1
,,,,,,,,,,,,,,,,,,,,,,,,
"39.5"" TRANQUILITY PINE W/ MOSS BALL BASE",ST222057,"Home|Holiday|Cabin & Lodge|39.5"" TRANQUILITY PINE W/ MOSS BALL BASE",,SOLD OUT,,,,H: 39.50in,,,$42.00 ,,,,,,Ragon400,Ragon160,https://cdn11.bigcommerce.com/s-xvps74vl0m/images/stencil/1280x1280/products/11947/32770/ST222057_1__24643.1709219759.jpg?c=1,ST222057_1__24643.1709219759.jpg?c=1,,,Ragon800,ST222057_1__24643.1709219759.jpg?c=1
,,,,,,,,,,,,,,,,,,,,,,,,
"14"" ICED CEDAR & MAGNOLIA BUSH",G201864,"Home|Holiday|Greenery, Wreaths & Trees|14"" ICED CEDAR & MAGNOLIA BUSH",,In-Stock: Ships in 5 to 14 days,,,,L: 14in,,12,$14.30 ,,,,,12,Ragon400,Ragon160,https://cdn11.bigcommerce.com/s-xvps74vl0m/images/stencil/1280x1280/products/7082/19924/G201864_5__46151.1652978759.jpg?c=1,G201864_5__46151.1652978759.jpg?c=1,,,Ragon800,G201864_5__46151.1652978759.jpg?c=1
,,,,,,,,,,,,,,,,,,,,,,,,
"28"" CHEERS SANTA PRINT",RH239767,"Home|Collections|2025 Products|UNSPECIFIED|28"" CHEERS SANTA PRINT",,Projected Summer 2025,,,,H: 28in,,2,$32.75 ,,,,,2,Ragon400,Ragon160,https://cdn11.bigcommerce.com/s-xvps74vl0m/images/stencil/1280x1280/products/18366/41812/RH239767_1__27303.1751314175.jpg?c=1,RH239767_1__27303.1751314175.jpg?c=1,,,Ragon800,RH239767_1__27303.1751314175.jpg?c=1
,,,,,,,,,,,,,,,,,,,,,,,,
"7.5"" CLEAR GLASS JAR W/ GOLD LID",SE221627,"Home|Everyday|Kitchen|7.5"" CLEAR GLASS JAR W/ GOLD LID",,In-Stock: Ships in 5 to 14 days,,,,L: 5in W: 5in H: 7.50in,,4,$11.85 ,,,,,4,Ragon400,Ragon160,https://cdn11.bigcommerce.com/s-xvps74vl0m/images/stencil/1280x1280/products/10519/34112/SE221627_1__41522.1719419620.jpg?c=1,SE221627_1__41522.1719419620.jpg?c=1,,,Ragon800,SE221627_1__41522.1719419620.jpg?c=1
,,,,,,,,,,,,,,,,,,,,,,,,
"SET/ 10 COLOR 2.5"" BOTTLEBRUSH TREES",WS182340,"Home|Holiday|Bottlebrush|SET/ 10 COLOR 2.5"" BOTTLEBRUSH TREES","1''W X 3''H, BOTTLEBRUSH",In-Stock: Ships in 5 to 14 days,,,,L: 1in W: 1in H: 3in,,6,$12.65 ,,,,,6,Ragon400,Ragon160,https://cdn11.bigcommerce.com/s-xvps74vl0m/images/stencil/1280x1280/products/5383/11836/WS182340__2___62512.1626464682.jpg?c=1,WS182340__2___62512.1626464682.jpg?c=1,,,Ragon800,WS182340__2___62512.1626464682.jpg?c=1
,,,,,,,,,,,,,,,,,,,,,,,,
6' GREEN & SILVER GARLAND,WS221137,"Home|Holiday|Ornaments, Garland & Tree Toppers|6' GREEN & SILVER GARLAND",,In-Stock: Ships in 5 to 14 days,,,,L: 72in,,4,$18.15 ,,,,,4,Ragon400,Ragon160,https://cdn11.bigcommerce.com/s-xvps74vl0m/images/stencil/1280x1280/products/12033/34161/WS221137_3__32302.1724696652.jpg?c=1,WS221137_3__32302.1724696652.jpg?c=1,,,Ragon800,WS221137_3__32302.1724696652.jpg?c=1
,,,,,,,,,,,,,,,,,,,,,,,,
"26"" CREAM DAHLIA SPRAY",G228103,"Home|Sale!|Everyday|26"" CREAM DAHLIA SPRAY",,In-Stock: Ships in 5 to 14 days,,,,L: 26in,,12,$6.35 ,,,,,12,Ragon400,Ragon160,https://cdn11.bigcommerce.com/s-xvps74vl0m/images/stencil/1280x1280/products/10067/35759/G228103_2__27633.1733863881.jpg?c=1,G228103_2__27633.1733863881.jpg?c=1,,,Ragon800,G228103_2__27633.1733863881.jpg?c=1
,,,,,,,,,,,,,,,,,,,,,,,,
"18"" SANTA IN THE CHIMNEY DUMMY BOARD",WS218425,"Home|Holiday|Tabletop & Misc.|18"" SANTA IN THE CHIMNEY DUMMY BOARD",,In-Stock: Ships in 5 to 14 days,,,,H: 18in,,4,$13.20 ,,,,,4,Ragon400,Ragon160,https://cdn11.bigcommerce.com/s-xvps74vl0m/images/stencil/1280x1280/products/9413/25728/WS218425_3__45849.1677258243.jpg?c=1,WS218425_3__45849.1677258243.jpg?c=1,,,Ragon800,WS218425_3__45849.1677258243.jpg?c=1
,,,,,,,,,,,,,,,,,,,,,,,,
SET/2 TURNED WOOD & METAL PILLAR CANDLESTICKS,E226023,Home|Everyday|Candle Holders|SET/2 TURNED WOOD & METAL PILLAR CANDLESTICKS,"SM: 6""L X 6""W X 6.5""H LG: 6""L X 6""W X 8""H",SOLD OUT,,,,See Details tab,,,$29.75 ,,,,,,Ragon400,Ragon160,https://cdn11.bigcommerce.com/s-xvps74vl0m/images/stencil/1280x1280/products/10617/33863/E226023_2__73814.1712868544.jpg?c=1,E226023_2__73814.1712868544.jpg?c=1,,,Ragon800,E226023_2__73814.1712868544.jpg?c=1
,,,,,,,,,,,,,,,,,,,,,,,,
"32"" GOLDEN MINI DAISY SPRAY",G232830,"Home|Sale!|Everyday|32"" GOLDEN MINI DAISY SPRAY",,SOLD OUT,,,,L: 32in W: 7in,,,$7.70 ,,,,,,Ragon400,Ragon160,https://cdn11.bigcommerce.com/s-xvps74vl0m/images/stencil/1280x1280/products/16119/34470/G232830_2__08624.1733861238.jpg?c=1,G232830_2__08624.1733861238.jpg?c=1,,,Ragon800,G232830_2__08624.1733861238.jpg?c=1
,,,,,,,,,,,,,,,,,,,,,,,,
"4"" TURTLE ORNAMENT",WS227718,"Home|Sale!|Holiday|4"" TURTLE ORNAMENT",,In-Stock: Ships in 5 to 14 days,,,,L: 4in W: 2.50in H: 2.50in,,12,$7.15 ,,,,,12,Ragon400,Ragon160,https://cdn11.bigcommerce.com/s-xvps74vl0m/images/stencil/1280x1280/products/12513/33302/WS227718_2__21897.1711114690.jpg?c=1,WS227718_2__21897.1711114690.jpg?c=1,,,Ragon800,WS227718_2__21897.1711114690.jpg?c=1
,,,,,,,,,,,,,,,,,,,,,,,,
BLACK & YELLOW BUTTERFLY ORNAMENT,FB225431,Home|Everyday|Wall Décor|BLACK & YELLOW BUTTERFLY ORNAMENT,"TWINE HANGER
DOUBLE SIDED",In-Stock: Ships in 5 to 14 days,,,,L: 4in W: 0.50in H: 3in,,12,$4.70 ,,,,,12,Ragon400,Ragon160,https://cdn11.bigcommerce.com/s-xvps74vl0m/images/stencil/1280x1280/products/11026/33387/FB225431_1__54734.1711115398.jpg?c=1,FB225431_1__54734.1711115398.jpg?c=1,,,Ragon800,FB225431_1__54734.1711115398.jpg?c=1
,,,,,,,,,,,,,,,,,,,,,,,,
"24"" CREAM MAGNOLIA & BERRY WREATH",G232609,"Home|Everyday|Florals|24"" CREAM MAGNOLIA & BERRY WREATH",,SOLD OUT,,,,L: 24in W: 5in H: 24in,,,$32.00 ,,,,,,Ragon400,Ragon160,https://cdn11.bigcommerce.com/s-xvps74vl0m/images/stencil/1280x1280/products/16084/34408/G232609__47241.1736358187.jpg?c=1,G232609__47241.1736358187.jpg?c=1,,,Ragon800,G232609__47241.1736358187.jpg?c=1
,,,,,,,,,,,,,,,,,,,,,,,,
"12"" WINTER FOLIAGE & PINECONE CANDLE RING",G233435,"Home|Holiday|Greenery, Wreaths & Trees|12"" WINTER FOLIAGE & PINECONE CANDLE RING","INNER: 4""",Late August,,,,L: 12in W: 3in,,6,$7.15 ,,,,,6,Ragon400,Ragon160,https://cdn11.bigcommerce.com/s-xvps74vl0m/images/stencil/1280x1280/products/17212/41473/G233435_1__86827.1749826500.jpg?c=1,G233435_1__86827.1749826500.jpg?c=1,,,Ragon800,G233435_1__86827.1749826500.jpg?c=1
,,,,,,,,,,,,,,,,,,,,,,,,
"4"" BLACK KUGEL ORNAMENT W/ GOLD STRIPE",SS236202,"Home|Holiday|Ornaments, Garland & Tree Toppers|4"" BLACK KUGEL ORNAMENT W/ GOLD STRIPE",,In-Stock: Ships in 5 to 14 days,,,,L: 4in,,6,$4.15 ,,,,,6,Ragon400,Ragon160,https://cdn11.bigcommerce.com/s-xvps74vl0m/images/stencil/1280x1280/products/17801/40622/SS236202_1__16028.1749156306.jpg?c=1,SS236202_1__16028.1749156306.jpg?c=1,,,Ragon800,SS236202_1__16028.1749156306.jpg?c=1
,,,,,,,,,,,,,,,,,,,,,,,,
TWO BIRD HANGING BIRD FEEDER,E234386,Home|Everyday|Spring & Garden|TWO BIRD HANGING BIRD FEEDER,"TRAY DEPTH: 2""",SOLD OUT,,,,L: 10.75in W: 10.75in H: 19in,,,$16.80 ,,,,,,Ragon400,Ragon160,https://cdn11.bigcommerce.com/s-xvps74vl0m/images/stencil/1280x1280/products/15906/36855/E234386_1__76529.1733943408.jpg?c=1,E234386_1__76529.1733943408.jpg?c=1,,,Ragon800,E234386_1__76529.1733943408.jpg?c=1
,,,,,,,,,,,,,,,,,,,,,,,,
"15.75"" GLITTERED CANDY CANE ORNAMENT",WS231472,"Home|Holiday|Ornaments, Garland & Tree Toppers|15.75"" GLITTERED CANDY CANE ORNAMENT",,Early September,,,,L: 2in W: 4.50in H: 15.75in,,6,$9.35 ,,,,,6,Ragon400,Ragon160,https://cdn11.bigcommerce.com/s-xvps74vl0m/images/stencil/1280x1280/products/18022/41692/WS231472_5__67944.1749826546.jpg?c=1,WS231472_5__67944.1749826546.jpg?c=1,,,Ragon800,WS231472_5__67944.1749826546.jpg?c=1
,,,,,,,,,,,,,,,,,,,,,,,,
"3.25"" CHAMPAGNE DOTTED GLASS 3D FLAME CANDLE",NY236549,"Home|Flameless Candles|3.25"" CHAMPAGNE DOTTED GLASS 3D FLAME CANDLE","6 HR TIMER | ON/OFF BUTTON
REQUIRES 2 (AAA) BATTERIES, BATTERIES NOT INCLUDED.",Late August,,,,L: 2.75in W: 2.75in H: 3.25in,,6,$8.00 ,,,,,6,Ragon400,Ragon160,https://cdn11.bigcommerce.com/s-xvps74vl0m/images/stencil/1280x1280/products/16642/37045/NY236549_2__28900.1733943459.jpg?c=1,NY236549_2__28900.1733943459.jpg?c=1,,,Ragon800,NY236549_2__28900.1733943459.jpg?c=1
,,,,,,,,,,,,,,,,,,,,,,,,
9' LARGE ROUND GREEN WOOD BEAD GARLAND,SS221946,"Home|Holiday|Ornaments, Garland & Tree Toppers|9' LARGE ROUND GREEN WOOD BEAD GARLAND",,In-Stock: Ships in 5 to 14 days,,,,L: 108in,,6,$9.90 ,,,,,6,Ragon400,Ragon160,https://cdn11.bigcommerce.com/s-xvps74vl0m/images/stencil/1280x1280/products/11863/33805/SS221946__39940.1712155959.jpg?c=1,SS221946__39940.1712155959.jpg?c=1,,,Ragon800,SS221946__39940.1712155959.jpg?c=1
,,,,,,,,,,,,,,,,,,,,,,,,
"30"" SOFT TOUCH WEEPING CEDAR HANGING BUSH",G233279,"Home|Holiday|Greenery, Wreaths & Trees|30"" SOFT TOUCH WEEPING CEDAR HANGING BUSH",,In-Stock: Ships in 5 to 14 days,,,,L: 30in W: 9in,,6,$9.90 ,,,,,6,Ragon400,Ragon160,https://cdn11.bigcommerce.com/s-xvps74vl0m/images/stencil/1280x1280/products/17196/41058/G233279_1__51423.1749826415.jpg?c=1,G233279_1__51423.1749826415.jpg?c=1,,,Ragon800,G233279_1__51423.1749826415.jpg?c=1
,,,,,,,,,,,,,,,,,,,,,,,,
"72"" SKY BLUE, BLUSH & SILVER BALL GARLAND W/ 1.5"" BALL",WS202021,"Home|Sale!|Holiday|72"" SKY BLUE, BLUSH & SILVER BALL GARLAND W/ 1.5"" BALL","Smallest Ball Measures .75"" Largest Ball Measures 1.5""",In-Stock: Ships in 5 to 14 days,,,,L: 72in W: 1.50in,,6,$28.75 ,,,,,6,Ragon400,Ragon160,https://cdn11.bigcommerce.com/s-xvps74vl0m/images/stencil/1280x1280/products/7498/20061/WS202021__44255.1653057320.jpg?c=1,WS202021__44255.1653057320.jpg?c=1,,,Ragon800,WS202021__44255.1653057320.jpg?c=1
,,,,,,,,,,,,,,,,,,,,,,,,
SET/ 2 IVORY & BLUE OMBRE BOTTLEBRUSH TREES,WS192421,Home|Holiday|Bottlebrush|SET/ 2 IVORY & BLUE OMBRE BOTTLEBRUSH TREES,"SM: 3""L X 3""W X 12""H
LG: 3.5""L X 3.50""W X 14""H",In-Stock: Ships in 5 to 14 days,,,,W: 3.50in H: 14in,,3,$15.35 ,,,,,3,Ragon400,Ragon160,https://cdn11.bigcommerce.com/s-xvps74vl0m/images/stencil/1280x1280/products/3145/12272/WS192421_1__50930.1626464861.jpg?c=1,WS192421_1__50930.1626464861.jpg?c=1,,,Ragon800,WS192421_1__50930.1626464861.jpg?c=1
,,,,,,,,,,,,,,,,,,,,,,,,
"16"" DOME LANTERN",E226357,"Home|Everyday|Lanterns, Lights & Hooks|16"" DOME LANTERN",,SOLD OUT,,,,L: 9.25in W: 6.50in H: 16in,,,$34.00 ,,,,,,Ragon400,Ragon160,https://cdn11.bigcommerce.com/s-xvps74vl0m/images/stencil/1280x1280/products/10705/29575/E226357_4__36139.1701963469.jpg?c=1,E226357_4__36139.1701963469.jpg?c=1,,,Ragon800,E226357_4__36139.1701963469.jpg?c=1
,,,,,,,,,,,,,,,,,,,,,,,,
"3"" OLIVE GREEN KUGEL ORNAMENT",SS211839,"Home|Sale!|Holiday|3"" OLIVE GREEN KUGEL ORNAMENT",,In-Stock: Ships in 5 to 14 days,,,,L: 3in W: 3in H: 3in,,6,$2.75 ,,,,,6,Ragon400,Ragon160,https://cdn11.bigcommerce.com/s-xvps74vl0m/images/stencil/1280x1280/products/9476/27218/SS211839_3__28905.1679582856.jpg?c=1,SS211839_3__28905.1679582856.jpg?c=1,,,Ragon800,SS211839_3__28905.1679582856.jpg?c=1
,,,,,,,,,,,,,,,,,,,,,,,,
"42"" WALKING REINDEER DUMMY BOARD*",WS221075,"Home|Holiday|Cabin & Lodge|42"" WALKING REINDEER DUMMY BOARD*","*ITEM MUST SHIP FREIGHT - ADDITIONAL FREIGHT CHARGES MAY APPLY. ORDERS CONTAINING FREIGHT ITEMS MUST REACH A $1,000 MINIMUM ORDER",In-Stock: Ships in 5 to 14 days,,,,L: 40in W: 0.50in H: 42in,,2,$49.50 ,,,,,2,Ragon400,Ragon160,https://cdn11.bigcommerce.com/s-xvps74vl0m/images/stencil/1280x1280/products/11993/33148/WS221075_1__10637.1711076291.jpg?c=1,WS221075_1__10637.1711076291.jpg?c=1,,,Ragon800,WS221075_1__10637.1711076291.jpg?c=1
,,,,,,,,,,,,,,,,,,,,,,,,
"3"" YELLOW CHICK",KY239065,"Home|Everyday|3"" YELLOW CHICK",,Late August,,,,L: 3.25in W: 3in H: 3in,,6,$3.60 ,,,,,6,Ragon400,Ragon160,https://cdn11.bigcommerce.com/s-xvps74vl0m/images/stencil/1280x1280/products/18416/41935/KY239065_6__65274.1754591594.jpg?c=1,KY239065_6__65274.1754591594.jpg?c=1,,,Ragon800,KY239065_6__65274.1754591594.jpg?c=1
,,,,,,,,,,,,,,,,,,,,,,,,
"5"" BRONZE LIGHTED LANTERN ORNAMENT",WS218080,"Home|Holiday|Ornaments, Garland & Tree Toppers|5"" BRONZE LIGHTED LANTERN ORNAMENT",,In-Stock: Ships in 5 to 14 days,,,,L: 2.75in W: 2.75in H: 5in,,6,$9.65 ,,,,,6,Ragon400,Ragon160,https://cdn11.bigcommerce.com/s-xvps74vl0m/images/stencil/1280x1280/products/9211/27071/WS218080_1__92189.1679582810.jpg?c=1,WS218080_1__92189.1679582810.jpg?c=1,,,Ragon800,WS218080_1__92189.1679582810.jpg?c=1
,,,,,,,,,,,,,,,,,,,,,,,,
WHITE BUNNY,KY239019,Home|Everyday|WHITE BUNNY,,Late August,,,,L: 7.50in W: 4in H: 3.50in,,4,$6.60 ,,,,,4,Ragon400,Ragon160,https://cdn11.bigcommerce.com/s-xvps74vl0m/images/stencil/1280x1280/products/16904/41927/KY239019_3__92380.1754590779.jpg?c=1,KY239019_3__92380.1754590779.jpg?c=1,,,Ragon800,KY239019_3__92380.1754590779.jpg?c=1
,,,,,,,,,,,,,,,,,,,,,,,,
SET/ 2 WHITEWASHED BOX LANTERNS,E226566,"Home|Everyday|Lanterns, Lights & Hooks|SET/ 2 WHITEWASHED BOX LANTERNS","SM: 7.5""L X 7.5""W X 13.5""H LG: 10""L X 10""W X 18""H",In-Stock: Ships in 5 to 14 days,,,,See Details tab,,2,$83.75 ,,,,,2,Ragon400,Ragon160,https://cdn11.bigcommerce.com/s-xvps74vl0m/images/stencil/1280x1280/products/10735/29632/E226566_4__86371.1701963486.jpg?c=1,E226566_4__86371.1701963486.jpg?c=1,,,Ragon800,E226566_4__86371.1701963486.jpg?c=1
,,,,,,,,,,,,,,,,,,,,,,,,
"19"" WHITE WILD ROSE STEM",G228210,"Home|Everyday|Florals|19"" WHITE WILD ROSE STEM",,In-Stock: Ships in 5 to 14 days,,,,L: 19in,,24,$4.15 ,,,,,24,Ragon400,Ragon160,https://cdn11.bigcommerce.com/s-xvps74vl0m/images/stencil/1280x1280/products/10114/35594/G228210_7__62378.1736366346.jpg?c=1,G228210_7__62378.1736366346.jpg?c=1,,,Ragon800,G228210_7__62378.1736366346.jpg?c=1
,,,,,,,,,,,,,,,,,,,,,,,,
"13.75"" EMERALD GREEN W/ GOLD TRIM PAPER CONE TREE",WS227440,"Home|Holiday|Paper|13.75"" EMERALD GREEN W/ GOLD TRIM PAPER CONE TREE",,In-Stock: Ships in 5 to 14 days,,,,L: 9.25in W: 9.25in H: 13.75in,,2,$8.55 ,,,,,2,Ragon400,Ragon160,https://cdn11.bigcommerce.com/s-xvps74vl0m/images/stencil/1280x1280/products/12398/33787/WS227440_2__78707.1712154140.jpg?c=1,WS227440_2__78707.1712154140.jpg?c=1,,,Ragon800,WS227440_2__78707.1712154140.jpg?c=1
,,,,,,,,,,,,,,,,,,,,,,,,
"3.25"" - 3D FLAME HOLIDAY EMBOSSED CANDLE",NY229091,"Home|Flameless Candles|3.25"" - 3D FLAME HOLIDAY EMBOSSED CANDLE","6 HR TIMER | ON/OFF BUTTON
REQUIRES 2 (AA) BATTERIES, BATTERIES NOT INCLUDED.",In-Stock: Ships in 5 to 14 days,,,,L: 3.50in W: 3.50in H: 3.25in,,6,$6.90 ,,,,,6,Ragon400,Ragon160,https://cdn11.bigcommerce.com/s-xvps74vl0m/images/stencil/1280x1280/products/11662/33416/NY229091_1__74132.1711115408.jpg?c=1,NY229091_1__74132.1711115408.jpg?c=1,,,Ragon800,NY229091_1__74132.1711115408.jpg?c=1
,,,,,,,,,,,,,,,,,,,,,,,,
"60"" DRAPING GREY GREEN GLITTER BUDS",G232688,"Home|Holiday|Greenery, Wreaths & Trees|60"" DRAPING GREY GREEN GLITTER BUDS",,Late August,,,,L: 60in W: 15in,,6,$11.55 ,,,,,6,Ragon400,Ragon160,https://cdn11.bigcommerce.com/s-xvps74vl0m/images/stencil/1280x1280/products/11256/41426/G232688_2__77705.1749826488.jpg?c=1,G232688_2__77705.1749826488.jpg?c=1,,,Ragon800,G232688_2__77705.1749826488.jpg?c=1
,,,,,,,,,,,,,,,,,,,,,,,,
"12.5"" EMERALD GREEN W/ GOLD TRIM PAPER TREE",WS227404,"Home|Holiday|Paper|12.5"" EMERALD GREEN W/ GOLD TRIM PAPER TREE",,In-Stock: Ships in 5 to 14 days,,,,L: 6.75in W: 6.75in H: 12.50in,,4,$6.60 ,,,,,4,Ragon400,Ragon160,https://cdn11.bigcommerce.com/s-xvps74vl0m/images/stencil/1280x1280/products/12390/30824/WS227404__43616.1711115421.jpg?c=1,WS227404__43616.1711115421.jpg?c=1,,,Ragon800,WS227404__43616.1711115421.jpg?c=1
,,,,,,,,,,,,,,,,,,,,,,,,
GLITTERED GOLD CLOSED ANGEL WING ORNAMENT,WS227752,"Home|Holiday|Ornaments, Garland & Tree Toppers|GLITTERED GOLD CLOSED ANGEL WING ORNAMENT",,In-Stock: Ships in 5 to 14 days,,,,L: 4.25in W: 1in H: 5.75in,,12,$3.60 ,,,,,12,Ragon400,Ragon160,https://cdn11.bigcommerce.com/s-xvps74vl0m/images/stencil/1280x1280/products/12538/33031/WS227752_2__02004.1710521331.jpg?c=1,WS227752_2__02004.1710521331.jpg?c=1,,,Ragon800,WS227752_2__02004.1710521331.jpg?c=1
,,,,,,,,,,,,,,,,,,,,,,,,
"40"" FRAMED METAL ROOSTER",H237470,"Home|Sale!|Everyday|40"" FRAMED METAL ROOSTER",2 HALF CIRCLE HANGERS,In-Stock: Ships in 5 to 14 days,,,,L: 36in W: 1.50in H: 40in,,1,$141.00 ,,,,,1,Ragon400,Ragon160,https://cdn11.bigcommerce.com/s-xvps74vl0m/images/stencil/1280x1280/products/16332/36921/H237470_4__15031.1733943425.jpg?c=1,H237470_4__15031.1733943425.jpg?c=1,,,Ragon800,H237470_4__15031.1733943425.jpg?c=1
,,,,,,,,,,,,,,,,,,,,,,,,
"13"" CLEAR GLASS BOTTLE",SE221604,"Home|Everyday|Tabletop & Misc.|13"" CLEAR GLASS BOTTLE",,In-Stock: Ships in 5 to 14 days,,,,L: 8in W: 8in H: 13in,,2,$38.50 ,,,,,2,Ragon400,Ragon160,https://cdn11.bigcommerce.com/s-xvps74vl0m/images/stencil/1280x1280/products/10506/34104/SE221604_3__27857.1719416820.jpg?c=1,SE221604_3__27857.1719416820.jpg?c=1,,,Ragon800,SE221604_3__27857.1719416820.jpg?c=1
,,,,,,,,,,,,,,,,,,,,,,,,
"16.5"" OATMEAL VELVET BELSNICKLE",WS221309,"Home|Holiday|Snowmen, Santas & Angels|16.5"" OATMEAL VELVET BELSNICKLE",,SOLD OUT,,,,L: 6in W: 5.50in H: 16.50in,,,$35.25 ,,,,,,Ragon400,Ragon160,https://cdn11.bigcommerce.com/s-xvps74vl0m/images/stencil/1280x1280/products/12144/32342/WS221309_2__04144.1708440883.jpg?c=1,WS221309_2__04144.1708440883.jpg?c=1,,,Ragon800,WS221309_2__04144.1708440883.jpg?c=1
,,,,,,,,,,,,,,,,,,,,,,,,
"SET/ 2 - 9.5"" 3D FLAME GROOVED DARK GREEN TAPER CANDLE",NY236309,"Home|Flameless Candles|SET/ 2 - 9.5"" 3D FLAME GROOVED DARK GREEN TAPER CANDLE","6 HR TIMER | ON/OFF BUTTON
REQUIRES 2 (AAA) BATTERIES, BATTERIES NOT INCLUDED.",SOLD OUT,,,,L: 0.75in W: 0.75in H: 9.50in,,,$8.25 ,,,,,,Ragon400,Ragon160,https://cdn11.bigcommerce.com/s-xvps74vl0m/images/stencil/1280x1280/products/16599/37025/NY236309_3__30367.1733943453.jpg?c=1,NY236309_3__30367.1733943453.jpg?c=1,,,Ragon800,NY236309_3__30367.1733943453.jpg?c=1
,,,,,,,,,,,,,,,,,,,,,,,,
GOLD GLASS SUV W/ TREE ORNAMENT,WS218160,Home|Sale!|Holiday|GOLD GLASS SUV W/ TREE ORNAMENT,,In-Stock: Ships in 5 to 14 days,,,,L: 4in W: 1.50in H: 3in,,6,$7.15 ,,,,,6,Ragon400,Ragon160,https://cdn11.bigcommerce.com/s-xvps74vl0m/images/stencil/1280x1280/products/9258/27091/WS218160_2__54761.1679582816.jpg?c=1,WS218160_2__54761.1679582816.jpg?c=1,,,Ragon800,WS218160_2__54761.1679582816.jpg?c=1
,,,,,,,,,,,,,,,,,,,,,,,,
"16.25"" YELLOW DAFFODIL BUNDLE",OR235550,"Home|Everyday|Florals|16.25"" YELLOW DAFFODIL BUNDLE",,In-Stock: Ships in 5 to 14 days,,,,L: 16.25in W: 7.50in,,12,$5.50 ,,,,,12,Ragon400,Ragon160,https://cdn11.bigcommerce.com/s-xvps74vl0m/images/stencil/1280x1280/products/16705/35166/OR235550_4__58187.1733861442.jpg?c=1,OR235550_4__58187.1733861442.jpg?c=1,,,Ragon800,OR235550_4__58187.1733861442.jpg?c=1
,,,,,,,,,,,,,,,,,,,,,,,,
"39"" RED HOPS STEM",G171310,"Home|Everyday|Florals|39"" RED HOPS STEM",,In-Stock: Ships in 5 to 14 days,,,,L: 39in,,12,$8.00 ,,,,,12,Ragon400,Ragon160,https://cdn11.bigcommerce.com/s-xvps74vl0m/images/stencil/1280x1280/products/4279/35809/G171310_6__57067.1733863895.jpg?c=1,G171310_6__57067.1733863895.jpg?c=1,,,Ragon800,G171310_6__57067.1733863895.jpg?c=1
,,,,,,,,,,,,,,,,,,,,,,,,
SET/ 2 BLACK GRASS STANDS,E217003,Home|Sale!|Everyday|SET/ 2 BLACK GRASS STANDS,"SM: 15.25""L X 6""W X 2.25""H LG: 20""L X 8""W X 3""H",In-Stock: Ships in 5 to 14 days,,,,See Details tab,,3,$46.25 ,,,,,3,Ragon400,Ragon160,https://cdn11.bigcommerce.com/s-xvps74vl0m/images/stencil/1280x1280/products/9814/24063/E217003_5__91510.1677257716.jpg?c=1,E217003_5__91510.1677257716.jpg?c=1,,,Ragon800,E217003_5__91510.1677257716.jpg?c=1
,,,,,,,,,,,,,,,,,,,,,,,,
"12.25"" BLACK METAL VASE",MH222601,"Home|Everyday|Vases|12.25"" BLACK METAL VASE",,SOLD OUT,,,,L: 4in W: 4in H: 12.25in,,,$13.20 ,,,,,,Ragon400,Ragon160,https://cdn11.bigcommerce.com/s-xvps74vl0m/images/stencil/1280x1280/products/10344/29044/MH222601_2__88570.1701887363.jpg?c=1,MH222601_2__88570.1701887363.jpg?c=1,,,Ragon800,MH222601_2__88570.1701887363.jpg?c=1
,,,,,,,,,,,,,,,,,,,,,,,,
CHILLY SNOWMAN FRAMED PRINT,E234633,Home|Holiday|CHILLY SNOWMAN FRAMED PRINT,,In-Stock: Ships in 5 to 14 days,,,,L: 9.50in W: 1.75in H: 15.50in,,2,$21.75 ,,,,,2,Ragon400,Ragon160,https://cdn11.bigcommerce.com/s-xvps74vl0m/images/stencil/1280x1280/products/17113/40187/E234633_1__28716.1748371072.jpg?c=1,E234633_1__28716.1748371072.jpg?c=1,,,Ragon800,E234633_1__28716.1748371072.jpg?c=1
,,,,,,,,,,,,,,,,,,,,,,,,
FIRST AID CABINET,E226685,Home|Everyday|Americana|FIRST AID CABINET,,In-Stock: Ships in 5 to 14 days,,,,L: 14.25in W: 11.25in H: 23.75in,,1,$126.50 ,,,,,1,Ragon400,Ragon160,https://cdn11.bigcommerce.com/s-xvps74vl0m/images/stencil/1280x1280/products/10775/33878/E226685_2__27371.1712868549.jpg?c=1,E226685_2__27371.1712868549.jpg?c=1,,,Ragon800,E226685_2__27371.1712868549.jpg?c=1
,,,,,,,,,,,,,,,,,,,,,,,,
SET/ 4 IRON ROUND ORNAMENTS,E203700,"Home|Holiday|Ornaments, Garland & Tree Toppers|SET/ 4 IRON ROUND ORNAMENTS",ORNAMENTS ARE ASSORTED SIZES,In-Stock: Ships in 5 to 14 days,,,,L: 3in W: 3.50in H: 4.25in,,3,$24.25 ,,,,,3,Ragon400,Ragon160,https://cdn11.bigcommerce.com/s-xvps74vl0m/images/stencil/1280x1280/products/6702/18044/E203700__05473.1646883887.jpg?c=1,E203700__05473.1646883887.jpg?c=1,,,Ragon800,E203700__05473.1646883887.jpg?c=1
,,,,,,,,,,,,,,,,,,,,,,,,
"22.25"" AGED WHITE PLANTER URN",H214040,"Home|Everyday|Spring & Garden|22.25"" AGED WHITE PLANTER URN",,In-Stock: Ships in 5 to 14 days,,,,L: 14.96in W: 14.96in H: 22.05in,,1,$139.75 ,,,,,1,Ragon400,Ragon160,https://cdn11.bigcommerce.com/s-xvps74vl0m/images/stencil/1280x1280/products/9782/28037/H214040_3__69738.1687545716.jpg?c=1,H214040_3__69738.1687545716.jpg?c=1,,,Ragon800,H214040_3__69738.1687545716.jpg?c=1
,,,,,,,,,,,,,,,,,,,,,,,,
UPRIGHT MUSHROOMS SILHOUETTE SIGN W/ BLACK BACKGROUND,H223349,Home|Everyday|Camping|UPRIGHT MUSHROOMS SILHOUETTE SIGN W/ BLACK BACKGROUND,"MUSHROOMS CAN BE REMOVED
2 TRIANGLE HANGERS",In-Stock: Ships in 5 to 14 days,,,,L: 15in W: 1in H: 22in,,2,$42.00 ,,,,,2,Ragon400,Ragon160,https://cdn11.bigcommerce.com/s-xvps74vl0m/images/stencil/1280x1280/products/10194/28825/H223349_1__74077.1701887290.jpg?c=1,H223349_1__74077.1701887290.jpg?c=1,,,Ragon800,H223349_1__74077.1701887290.jpg?c=1
,,,,,,,,,,,,,,,,,,,,,,,,
"17.5"" BLACK METAL VASE",MH222598,"Home|Everyday|Vases|17.5"" BLACK METAL VASE",,SOLD OUT,,,,L: 4.75in W: 4.75in H: 17.50in,,,$17.60 ,,,,,,Ragon400,Ragon160,https://cdn11.bigcommerce.com/s-xvps74vl0m/images/stencil/1280x1280/products/10341/29040/MH222598_3__45532.1701887362.jpg?c=1,MH222598_3__45532.1701887362.jpg?c=1,,,Ragon800,MH222598_3__45532.1701887362.jpg?c=1
,,,,,,,,,,,,,,,,,,,,,,,,
"10"" GINGER & SILVER BELSNICKLE",WS221450,"Home|Holiday|Snowmen, Santas & Angels|10"" GINGER & SILVER BELSNICKLE",,Projected Summer 2025,,,,H: 10in,,3,$22.00 ,,,,,3,Ragon400,Ragon160,https://cdn11.bigcommerce.com/s-xvps74vl0m/images/stencil/1280x1280/products/12285/32375/WS221450_1__37722.1708440894.jpg?c=1,WS221450_1__37722.1708440894.jpg?c=1,,,Ragon800,WS221450_1__37722.1708440894.jpg?c=1
,,,,,,,,,,,,,,,,,,,,,,,,
"19.5"" TIS THE SEASON SIGN",E193185,"Home|Holiday|Signs|19.5"" TIS THE SEASON SIGN","19.50""L X 0.50""W X 4""H, METAL",In-Stock: Ships in 5 to 14 days,,,,L: 19.50in W: 0.50in H: 4in,,6,$9.85 ,,,,,6,Ragon400,Ragon160,https://cdn11.bigcommerce.com/s-xvps74vl0m/images/stencil/1280x1280/products/3668/20622/E193185_5__75563.1666619609.jpg?c=1,E193185_5__75563.1666619609.jpg?c=1,,,Ragon800,E193185_5__75563.1666619609.jpg?c=1
,,,,,,,,,,,,,,,,,,,,,,,,
"9.5"" BLACK & WHITE PILLAR CANDLESTICK",G232503,"Home|Sale!|Everyday|9.5"" BLACK & WHITE PILLAR CANDLESTICK","HOLDS 3"" CANDLE",In-Stock: Ships in 5 to 14 days,,,,L: 4.50in W: 4.50in H: 9.50in,,2,$12.65 ,,,,,2,Ragon400,Ragon160,https://cdn11.bigcommerce.com/s-xvps74vl0m/images/stencil/1280x1280/products/16039/36209/G232503_3__14795.1733943247.jpg?c=1,G232503_3__14795.1733943247.jpg?c=1,,,Ragon800,G232503_3__14795.1733943247.jpg?c=1
,,,,,,,,,,,,,,,,,,,,,,,,
"18"" REDWOOD & CEDAR PICK",G233460,"Home|Holiday|18"" REDWOOD & CEDAR PICK",,In-Stock: Ships in 5 to 14 days,,,,L: 18in W: 8in,,12,$3.30 ,,,,,12,Ragon400,Ragon160,https://cdn11.bigcommerce.com/s-xvps74vl0m/images/stencil/1280x1280/products/17220/41478/G233460_4__03441.1749826501.jpg?c=1,G233460_4__03441.1749826501.jpg?c=1,,,Ragon800,G233460_4__03441.1749826501.jpg?c=1
,,,,,,,,,,,,,,,,,,,,,,,,
SET/ 3 BUNNY BUCKETS,BF235061,Home|Everyday|Easter & Spring|SET/ 3 BUNNY BUCKETS,"SM: 4.75""L X 4.75""W X 8.75""H MD: 5.75""L X 5.75""W X 10.25""H LG: 6.75""L X 6.75""W X 12.25""H",In-Stock: Ships in 5 to 14 days,,,,See Details tab,,2,$23.75 ,,,,,2,Ragon400,Ragon160,https://cdn11.bigcommerce.com/s-xvps74vl0m/images/stencil/1280x1280/products/15807/36715/BF235061_5__91504.1733943371.jpg?c=1,BF235061_5__91504.1733943371.jpg?c=1,,,Ragon800,BF235061_5__91504.1733943371.jpg?c=1
,,,,,,,,,,,,,,,,,,,,,,,,
BROWN & WHITE TAPER CANDLE HOLDER W/ HANDLE,G232510,Home|Everyday|Candle Holders|BROWN & WHITE TAPER CANDLE HOLDER W/ HANDLE,HOLDS TAPER CANDLE,In-Stock: Ships in 5 to 14 days,,,,L: 4.75in W: 4.75in H: 2.25in,,2,$8.25 ,,,,,2,Ragon400,Ragon160,https://cdn11.bigcommerce.com/s-xvps74vl0m/images/stencil/1280x1280/products/16046/36917/G232510_4__89918.1733943424.jpg?c=1,G232510_4__89918.1733943424.jpg?c=1,,,Ragon800,G232510_4__89918.1733943424.jpg?c=1
,,,,,,,,,,,,,,,,,,,,,,,,
"4"" EZRAH TAPER CANDLE HOLDER",MH236765,"Home|Everyday|Candle Holders|4"" EZRAH TAPER CANDLE HOLDER","HOLDS 1"" TAPER CANDLE",SOLD OUT,,,,L: 3.25in W: 3.25in H: 4in,,,$6.60 ,,,,,,Ragon400,Ragon160,https://cdn11.bigcommerce.com/s-xvps74vl0m/images/stencil/1280x1280/products/16588/36285/MH236765_1__78147.1733943264.jpg?c=1,MH236765_1__78147.1733943264.jpg?c=1,,,Ragon800,MH236765_1__78147.1733943264.jpg?c=1
,,,,,,,,,,,,,,,,,,,,,,,,
TWO SIDED WELCOME TO OUR PORCH HANGING SIGN,E234292,Home|Everyday|Wall Décor|TWO SIDED WELCOME TO OUR PORCH HANGING SIGN,3 NAIL HOLES,SOLD OUT,,,,L: 18in W: 1.50in H: 15in,,,$31.00 ,,,,,,Ragon400,Ragon160,https://cdn11.bigcommerce.com/s-xvps74vl0m/images/stencil/1280x1280/products/15892/36835/E234292_4__48490.1733943403.jpg?c=1,E234292_4__48490.1733943403.jpg?c=1,,,Ragon800,E234292_4__48490.1733943403.jpg?c=1
,,,,,,,,,,,,,,,,,,,,,,,,
"10"" EUROPEAN SPINDLE CANDLE RING",G232684,"Home|Holiday|Greenery, Wreaths & Trees|10"" EUROPEAN SPINDLE CANDLE RING","INNER: 4""",In-Stock: Ships in 5 to 14 days,,,,L: 10in W: 2in,,12,$5.25 ,,,,,12,Ragon400,Ragon160,https://cdn11.bigcommerce.com/s-xvps74vl0m/images/stencil/1280x1280/products/11064/41425/G232684_2__03128.1749826488.jpg?c=1,G232684_2__03128.1749826488.jpg?c=1,,,Ragon800,G232684_2__03128.1749826488.jpg?c=1
,,,,,,,,,,,,,,,,,,,,,,,,
"24"" CHAMPAGNE GLITTERED BOTTLEBRUSH TREE",WS192450,"Home|Holiday|Bottlebrush|24"" CHAMPAGNE GLITTERED BOTTLEBRUSH TREE","7""W X 24""H, SISAL",In-Stock: Ships in 5 to 14 days,,,,L: 7in W: 7in H: 24in,,2,$33.00 ,,,,,2,Ragon400,Ragon160,https://cdn11.bigcommerce.com/s-xvps74vl0m/images/stencil/1280x1280/products/3132/12311/WS192450_2__18354.1647960023.jpg?c=1,WS192450_2__18354.1647960023.jpg?c=1,,,Ragon800,WS192450_2__18354.1647960023.jpg?c=1
,,,,,,,,,,,,,,,,,,,,,,,,
"4"" CREAM 3D FLAME PILLAR CANDLE",NY229084,"Home|Flameless Candles|4"" CREAM 3D FLAME PILLAR CANDLE","6 HR TIMER | ON/OFF BUTTON
REQUIRES 2 (AA) BATTERIES, BATTERIES NOT INCLUDED.",In-Stock: Ships in 5 to 14 days,,,,L: 3.25in W: 3.25in H: 4in,,6,$8.25 ,,,,,6,Ragon400,Ragon160,https://cdn11.bigcommerce.com/s-xvps74vl0m/images/stencil/1280x1280/products/14316/34093/NY229084_3__22799.1719416114.jpg?c=1,NY229084_3__22799.1719416114.jpg?c=1,,,Ragon800,NY229084_3__22799.1719416114.jpg?c=1
,,,,,,,,,,,,,,,,,,,,,,,,
5' GLITTERED MIXED PINE GARLAND,G232764,"Home|Holiday|Greenery, Wreaths & Trees|5' GLITTERED MIXED PINE GARLAND",,In-Stock: Ships in 5 to 14 days,,,,L: 60in W: 8in,,4,$28.75 ,,,,,4,Ragon400,Ragon160,https://cdn11.bigcommerce.com/s-xvps74vl0m/images/stencil/1280x1280/products/11155/41848/G232764_3__80304.1752504351.jpg?c=1,G232764_3__80304.1752504351.jpg?c=1,,,Ragon800,G232764_3__80304.1752504351.jpg?c=1
,,,,,,,,,,,,,,,,,,,,,,,,
GREEN PLAID CAMP MUG,BF224284,Home|Everyday|Kitchen|GREEN PLAID CAMP MUG,"FOOD SAFE. NOT FOR DISHWASHER, MICROWAVE OR OVEN USE.",In-Stock: Ships in 5 to 14 days,,,,L: 4.50in W: 4.50in H: 4in,,6,$7.15 ,,,,,6,Ragon400,Ragon160,https://cdn11.bigcommerce.com/s-xvps74vl0m/images/stencil/1280x1280/products/9975/28498/BF224284_2__92753.1701887175.jpg?c=1,BF224284_2__92753.1701887175.jpg?c=1,,,Ragon800,BF224284_2__92753.1701887175.jpg?c=1
,,,,,,,,,,,,,,,,,,,,,,,,
"4"" GREEN STOCKING ORNAMENT",SS211793,"Home|Holiday|Ornaments, Garland & Tree Toppers|4"" GREEN STOCKING ORNAMENT",,In-Stock: Ships in 5 to 14 days,,,,H: 4in,,12,$3.60 ,,,,,12,Ragon400,Ragon160,https://cdn11.bigcommerce.com/s-xvps74vl0m/images/stencil/1280x1280/products/9445/25349/SS211793_2__12624.1677258117.jpg?c=1,SS211793_2__12624.1677258117.jpg?c=1,,,Ragon800,SS211793_2__12624.1677258117.jpg?c=1
,,,,,,,,,,,,,,,,,,,,,,,,
"4"" RED MERCURY GLASS 3D FLAME CANDLE",NY236604,"Home|Flameless Candles|4"" RED MERCURY GLASS 3D FLAME CANDLE","6 HR TIMER | ON/OFF BUTTON
REQUIRES 3 (AAA) BATTERIES, BATTERIES NOT INCLUDED.",Projected Summer 2025,,,,L: 3in W: 3in H: 4in,,6,$7.45 ,,,,,6,Ragon400,Ragon160,https://cdn11.bigcommerce.com/s-xvps74vl0m/images/stencil/1280x1280/products/17637/40242/NY236604_4__12973.1748889863.jpg?c=1,NY236604_4__12973.1748889863.jpg?c=1,,,Ragon800,NY236604_4__12973.1748889863.jpg?c=1
,,,,,,,,,,,,,,,,,,,,,,,,
"2.5"" GOLDEN TAN VELVET WIRED RIBBON",SS211995,"Home|Holiday|Ornaments, Garland & Tree Toppers|2.5"" GOLDEN TAN VELVET WIRED RIBBON",,In-Stock: Ships in 5 to 14 days,,,,See Details tab,,5,$12.65 ,,,,,5,Ragon400,Ragon160,https://cdn11.bigcommerce.com/s-xvps74vl0m/images/stencil/1280x1280/products/9883/27528/SS211995_2__25840.1679582952.jpg?c=1,SS211995_2__25840.1679582952.jpg?c=1,,,Ragon800,SS211995_2__25840.1679582952.jpg?c=1
,,,,,,,,,,,,,,,,,,,,,,,,
BAILEY NUTCRACKER ORNAMENT,WS221428,"Home|Holiday|Ornaments, Garland & Tree Toppers|BAILEY NUTCRACKER ORNAMENT",,In-Stock: Ships in 5 to 14 days,,,,L: 2.25in W: 1.75in H: 6.25in,,12,$7.15 ,,,,,12,Ragon400,Ragon160,https://cdn11.bigcommerce.com/s-xvps74vl0m/images/stencil/1280x1280/products/12263/32984/WS221428_1__57106.1710521314.jpg?c=1,WS221428_1__57106.1710521314.jpg?c=1,,,Ragon800,WS221428_1__57106.1710521314.jpg?c=1
,,,,,,,,,,,,,,,,,,,,,,,,
WEATHERED GREY BIRDBATH,E234387,Home|Everyday|Spring & Garden|WEATHERED GREY BIRDBATH,ASSEMBLY REQUIRED,In-Stock: Ships in 5 to 14 days,,,,L: 11.50in W: 11.50in H: 24.50in,,1,$32.00 ,,,,,1,Ragon400,Ragon160,https://cdn11.bigcommerce.com/s-xvps74vl0m/images/stencil/1280x1280/products/15907/36857/E234387_3__78747.1733943408.jpg?c=1,E234387_3__78747.1733943408.jpg?c=1,,,Ragon800,E234387_3__78747.1733943408.jpg?c=1
,,,,,,,,,,,,,,,,,,,,,,,,
WINE VELVET BELSNICKLE ORNAMENT,WS221360,"Home|Holiday|Ornaments, Garland & Tree Toppers|WINE VELVET BELSNICKLE ORNAMENT",,Projected Summer 2025,,,,L: 2.25in W: 2in H: 5.75in,,6,$8.25 ,,,,,6,Ragon400,Ragon160,https://cdn11.bigcommerce.com/s-xvps74vl0m/images/stencil/1280x1280/products/12195/32953/WS221360_2__31771.1710521303.jpg?c=1,WS221360_2__31771.1710521303.jpg?c=1,,,Ragon800,WS221360_2__31771.1710521303.jpg?c=1
,,,,,,,,,,,,,,,,,,,,,,,,
"3"" BROWN GLASS ACORN ORNAMENT",SS236088,"Home|Holiday|Ornaments, Garland & Tree Toppers|3"" BROWN GLASS ACORN ORNAMENT",,Projected Summer 2025,,,,L: 3in,,6,$6.90 ,,,,,6,Ragon400,Ragon160,https://cdn11.bigcommerce.com/s-xvps74vl0m/images/stencil/1280x1280/products/17743/40598/SS236088_1__41167.1749155380.jpg?c=1,SS236088_1__41167.1749155380.jpg?c=1,,,Ragon800,SS236088_1__41167.1749155380.jpg?c=1
,,,,,,,,,,,,,,,,,,,,,,,,
"18"" MIXED PINE, EUCALYPTUS & BERRY CANDLE RING",G228621,"Home|Sale!|Holiday|18"" MIXED PINE, EUCALYPTUS & BERRY CANDLE RING",,In-Stock: Ships in 5 to 14 days,,,,L: 18in H: 18in,,2,$31.00 ,,,,,2,Ragon400,Ragon160,https://cdn11.bigcommerce.com/s-xvps74vl0m/images/stencil/1280x1280/products/11347/41406/G228621_2__77903.1749826483.jpg?c=1,G228621_2__77903.1749826483.jpg?c=1,,,Ragon800,G228621_2__77903.1749826483.jpg?c=1
,,,,,,,,,,,,,,,,,,,,,,,,
BOUQUET ARCHED PRINT,E226251,Home|Everyday|Spring & Garden|BOUQUET ARCHED PRINT,2 TRIANGLE HANGERS,In-Stock: Ships in 5 to 14 days,,,,L: 15in W: 1.50in H: 24.50in,,4,$21.50 ,,,,,4,Ragon400,Ragon160,https://cdn11.bigcommerce.com/s-xvps74vl0m/images/stencil/1280x1280/products/10661/29504/E226251_3__86424.1701963447.jpg?c=1,E226251_3__86424.1701963447.jpg?c=1,,,Ragon800,E226251_3__86424.1701963447.jpg?c=1
,,,,,,,,,,,,,,,,,,,,,,,,
"25"" SOFT GREEN TEA LEAF VINE",G228122,"Home|Everyday|Florals|25"" SOFT GREEN TEA LEAF VINE",,SOLD OUT,,,,L: 25in,,,$5.25 ,,,,,,Ragon400,Ragon160,https://cdn11.bigcommerce.com/s-xvps74vl0m/images/stencil/1280x1280/products/10076/35642/G228122_1__61872.1733863848.jpg?c=1,G228122_1__61872.1733863848.jpg?c=1,,,Ragon800,G228122_1__61872.1733863848.jpg?c=1
,,,,,,,,,,,,,,,,,,,,,,,,
SITTING DEER STATUETTE,H223267,Home|Holiday|Cabin & Lodge|SITTING DEER STATUETTE,,In-Stock: Ships in 5 to 14 days,,,,L: 21.25in W: 10.75in H: 14.75in,,1,$108.00 ,,,,,1,Ragon400,Ragon160,https://cdn11.bigcommerce.com/s-xvps74vl0m/images/stencil/1280x1280/products/11559/32164/H223267_3__76153.1708440828.jpg?c=1,H223267_3__76153.1708440828.jpg?c=1,,,Ragon800,H223267_3__76153.1708440828.jpg?c=1
,,,,,,,,,,,,,,,,,,,,,,,,
"4"" SMOKE KUGEL ORNAMENT",SS221590,"Home|Holiday|Ornaments, Garland & Tree Toppers|4"" SMOKE KUGEL ORNAMENT",,In-Stock: Ships in 5 to 14 days,,,,L: 4in W: 4in H: 4in,,6,$3.85 ,,,,,6,Ragon400,Ragon160,https://cdn11.bigcommerce.com/s-xvps74vl0m/images/stencil/1280x1280/products/11759/34155/SS221590_3__67152.1723489553.jpg?c=1,SS221590_3__67152.1723489553.jpg?c=1,,,Ragon800,SS221590_3__67152.1723489553.jpg?c=1
,,,,,,,,,,,,,,,,,,,,,,,,
5' SNOWY PINE W/ PINECONES & SNOWFLAKES GARLAND,G233585,"Home|Holiday|Greenery, Wreaths & Trees|5' SNOWY PINE W/ PINECONES & SNOWFLAKES GARLAND",,Late August,,,,L: 60in W: 7in,,2,$31.00 ,,,,,2,Ragon400,Ragon160,https://cdn11.bigcommerce.com/s-xvps74vl0m/images/stencil/1280x1280/products/17257/41496/G233585_2__80741.1749826505.jpg?c=1,G233585_2__80741.1749826505.jpg?c=1,,,Ragon800,G233585_2__80741.1749826505.jpg?c=1
,,,,,,,,,,,,,,,,,,,,,,,,
ROUND FRAME HOLIDAY CARDINAL SCENE,H237597,Home|Holiday|Signs|ROUND FRAME HOLIDAY CARDINAL SCENE,1 SAWTOOTH HANGER,In-Stock: Ships in 5 to 14 days,,,,L: 18in W: 1.25in H: 18in,,1,$42.00 ,,,,,1,Ragon400,Ragon160,https://cdn11.bigcommerce.com/s-xvps74vl0m/images/stencil/1280x1280/products/17401/41547/H237597_1__49671.1749826517.jpg?c=1,H237597_1__49671.1749826517.jpg?c=1,,,Ragon800,H237597_1__49671.1749826517.jpg?c=1
,,,,,,,,,,,,,,,,,,,,,,,,
"24"" FROSTY PINE & TWIG WREATH",G228633,"Home|Holiday|Cabin & Lodge|24"" FROSTY PINE & TWIG WREATH",,In-Stock: Ships in 5 to 14 days,,,,L: 24in H: 24in,,2,$39.75 ,,,,,2,Ragon400,Ragon160,https://cdn11.bigcommerce.com/s-xvps74vl0m/images/stencil/1280x1280/products/11359/41410/G228633_1__56240.1749826484.jpg?c=1,G228633_1__56240.1749826484.jpg?c=1,,,Ragon800,G228633_1__56240.1749826484.jpg?c=1
,,,,,,,,,,,,,,,,,,,,,,,,
"32"" STRING OF PEARLS VINE",G228292,"Home|Sale!|Everyday|32"" STRING OF PEARLS VINE",,In-Stock: Ships in 5 to 14 days,,,,L: 32in,,12,$8.25 ,,,,,12,Ragon400,Ragon160,https://cdn11.bigcommerce.com/s-xvps74vl0m/images/stencil/1280x1280/products/10131/35886/G228292_3__46609.1733863918.jpg?c=1,G228292_3__46609.1733863918.jpg?c=1,,,Ragon800,G228292_3__46609.1733863918.jpg?c=1
,,,,,,,,,,,,,,,,,,,,,,,,
"12"" FROSTED HOLLY W/ PINECONES PICK",G233613,"Home|Holiday|Greenery, Wreaths & Trees|12"" FROSTED HOLLY W/ PINECONES PICK",,In-Stock: Ships in 5 to 14 days,,,,L: 12in W: 6.50in,,12,$3.85 ,,,,,12,Ragon400,Ragon160,https://cdn11.bigcommerce.com/s-xvps74vl0m/images/stencil/1280x1280/products/17266/41027/G233613_3__11765.1749826410.jpg?c=1,G233613_3__11765.1749826410.jpg?c=1,,,Ragon800,G233613_3__11765.1749826410.jpg?c=1
,,,,,,,,,,,,,,,,,,,,,,,,
"12"" FOREST VELVET BELSNICKLE",WS221325,"Home|Holiday|Snowmen, Santas & Angels|12"" FOREST VELVET BELSNICKLE",,Projected Summer 2025,,,,L: 4.50in W: 4in H: 12in,,2,$24.25 ,,,,,2,Ragon400,Ragon160,https://cdn11.bigcommerce.com/s-xvps74vl0m/images/stencil/1280x1280/products/12160/32358/WS221325_3__81909.1708440889.jpg?c=1,WS221325_3__81909.1708440889.jpg?c=1,,,Ragon800,WS221325_3__81909.1708440889.jpg?c=1
,,,,,,,,,,,,,,,,,,,,,,,,
"4"" TARTAN STOCKING ORNAMENT W/ GREEN CUFF",SS211964,"Home|Sale!|Holiday|4"" TARTAN STOCKING ORNAMENT W/ GREEN CUFF",,In-Stock: Ships in 5 to 14 days,,,,H: 4in,,12,$1.95 ,,,,,12,Ragon400,Ragon160,https://cdn11.bigcommerce.com/s-xvps74vl0m/images/stencil/1280x1280/products/9767/27423/SS211964_1__46012.1679582922.jpg?c=1,SS211964_1__46012.1679582922.jpg?c=1,,,Ragon800,SS211964_1__46012.1679582922.jpg?c=1
,,,,,,,,,,,,,,,,,,,,,,,,
VINTAGE HOTEL SIGN,E203473,Home|Everyday|Wall Décor|VINTAGE HOTEL SIGN,2 TRIANGLE HANGERS,In-Stock: Ships in 5 to 14 days,,,,L: 45in W: 0.75in H: 11.50in,,2,$39.75 ,,,,,2,Ragon400,Ragon160,https://cdn11.bigcommerce.com/s-xvps74vl0m/images/stencil/1280x1280/products/6623/14401/E203473_3__66973.1647355265.jpg?c=1,E203473_3__66973.1647355265.jpg?c=1,,,Ragon800,E203473_3__66973.1647355265.jpg?c=1
,,,,,,,,,,,,,,,,,,,,,,,,
"7.5"" CURVED NATURAL WOOD VASE",FB225326,"Home|Everyday|Vases|7.5"" CURVED NATURAL WOOD VASE",,SOLD OUT,,,,L: 4.75in W: 4.75in H: 7.50in,,,$13.75 ,,,,,,Ragon400,Ragon160,https://cdn11.bigcommerce.com/s-xvps74vl0m/images/stencil/1280x1280/products/13401/31844/FB225326_1__42740.1707250864.jpg?c=1,FB225326_1__42740.1707250864.jpg?c=1,,,Ragon800,FB225326_1__42740.1707250864.jpg?c=1
,,,,,,,,,,,,,,,,,,,,,,,,
"4.25"" MOVING FLAME CREAM PINECONE CANDLE",NY213025,"Home|Flameless Candles|4.25"" MOVING FLAME CREAM PINECONE CANDLE","6 HR TIMER
REQUIRES 3 (AAA) BATTERIES, BATTERIES NOT INCLUDED.",In-Stock: Ships in 5 to 14 days,,,,L: 3.50in W: 3.50in H: 4.25in,,6,$8.80 ,,,,,6,Ragon400,Ragon160,https://cdn11.bigcommerce.com/s-xvps74vl0m/images/stencil/1280x1280/products/8554/28003/NY213025_1__92126.1687382064.jpg?c=1,NY213025_1__92126.1687382064.jpg?c=1,,,Ragon800,NY213025_1__92126.1687382064.jpg?c=1
,,,,,,,,,,,,,,,,,,,,,,,,
"23.75"" BLACK PLANK SHELF",FB237289,"Home|Sale!|Everyday|23.75"" BLACK PLANK SHELF","INCLUDES METAL BRACKET
2 NAIL HOLES",In-Stock: Ships in 5 to 14 days,,,,L: 23.75in W: 6in H: 2.50in,,2,$20.50 ,,,,,2,Ragon400,Ragon160,https://cdn11.bigcommerce.com/s-xvps74vl0m/images/stencil/1280x1280/products/16020/36564/FB237289_1__20376.1733943329.jpg?c=1,FB237289_1__20376.1733943329.jpg?c=1,,,Ragon800,FB237289_1__20376.1733943329.jpg?c=1
,,,,,,,,,,,,,,,,,,,,,,,,
20oz STRAWBERRY SHORTCAKE SOY CANDLE,C222203,Home|Collections|Soy Candles|Signature Collection|20oz STRAWBERRY SHORTCAKE SOY CANDLE,CLEAN BURNING LOCALLY FARMED SOY WAX \ NON-TOXIC FRAGRANCES \ NATURAL COTTON WICK \ PHTHALATE FREE \ HAND POURED IN OHIO,SOLD OUT,,,,L: 3.75in W: 3.75in H: 5.25in,,,$18.15 ,,,,,,Ragon400,Ragon160,https://cdn11.bigcommerce.com/s-xvps74vl0m/images/stencil/1280x1280/products/12872/31058/C222203_1__10294.1706216971.jpg?c=1,C222203_1__10294.1706216971.jpg?c=1,,,Ragon800,C222203_1__10294.1706216971.jpg?c=1
,,,,,,,,,,,,,,,,,,,,,,,,
"10"" MONARCH BUTTERFLY",FB225422,"Home|Sale!|Everyday|10"" MONARCH BUTTERFLY",2 SAWTOOTH HANGER & TWINE HANGER,In-Stock: Ships in 5 to 14 days,,,,L: 10in W: 0.25in H: 5.75in,,6,$7.45 ,,,,,6,Ragon400,Ragon160,https://cdn11.bigcommerce.com/s-xvps74vl0m/images/stencil/1280x1280/products/10823/33383/FB225422_4__08910.1711115397.jpg?c=1,FB225422_4__08910.1711115397.jpg?c=1,,,Ragon800,FB225422_4__08910.1711115397.jpg?c=1
,,,,,,,,,,,,,,,,,,,,,,,,
"7.75"" RED 3D FLAME SMOOTH TREE CANDLE",NY236693,"Home|Flameless Candles|7.75"" RED 3D FLAME SMOOTH TREE CANDLE","6 HR TIMER | ON/OFF BUTTON
REQUIRES 3 (AAA) BATTERIES, BATTERIES NOT INCLUDED.",In-Stock: Ships in 5 to 14 days,,,,L: 3.50in W: 3.50in H: 7.75in,,6,$6.60 ,,,,,6,Ragon400,Ragon160,https://cdn11.bigcommerce.com/s-xvps74vl0m/images/stencil/1280x1280/products/17683/40279/NY236693_1__67010.1748893641.jpg?c=1,NY236693_1__67010.1748893641.jpg?c=1,,,Ragon800,NY236693_1__67010.1748893641.jpg?c=1
,,,,,,,,,,,,,,,,,,,,,,,,
6' METALLIC & RED BEADED GARLAND,WS231181,"Home|Holiday|Ornaments, Garland & Tree Toppers|6' METALLIC & RED BEADED GARLAND",,Early September,,,,L: 72in,,3,$19.00 ,,,,,3,Ragon400,Ragon160,https://cdn11.bigcommerce.com/s-xvps74vl0m/images/stencil/1280x1280/products/12545/40503/WS231181_1__79725.1749150615.jpg?c=1,WS231181_1__79725.1749150615.jpg?c=1,,,Ragon800,WS231181_1__79725.1749150615.jpg?c=1
,,,,,,,,,,,,,,,,,,,,,,,,
"24"" SNOW FLURRY WREATH W/ RED BERRIES",G228629,"Home|Sale!|Holiday|24"" SNOW FLURRY WREATH W/ RED BERRIES",,In-Stock: Ships in 5 to 14 days,,,,L: 24in H: 24in,,2,$31.00 ,,,,,2,Ragon400,Ragon160,https://cdn11.bigcommerce.com/s-xvps74vl0m/images/stencil/1280x1280/products/11355/41409/G228629_1__03119.1749826484.jpg?c=1,G228629_1__03119.1749826484.jpg?c=1,,,Ragon800,G228629_1__03119.1749826484.jpg?c=1
,,,,,,,,,,,,,,,,,,,,,,,,
"72"" CEDAR GARLAND",G181639,"Home|Holiday|Greenery, Wreaths & Trees|72"" CEDAR GARLAND","72''L, PE",SOLD OUT,,,,L: 72in,,,$43.00 ,,,,,,Ragon400,Ragon160,https://cdn11.bigcommerce.com/s-xvps74vl0m/images/stencil/1280x1280/products/5224/8347/G181639_2__50928.1626460674.jpg?c=1,G181639_2__50928.1626460674.jpg?c=1,,,Ragon800,G181639_2__50928.1626460674.jpg?c=1
,,,,,,,,,,,,,,,,,,,,,,,,
"4"" NUTMEG GLASS ORNAMENT",SS232218,"Home|Holiday|Ornaments, Garland & Tree Toppers|4"" NUTMEG GLASS ORNAMENT",,In-Stock: Ships in 5 to 14 days,,,,L: 4in,,6,$4.15 ,,,,,6,Ragon400,Ragon160,https://cdn11.bigcommerce.com/s-xvps74vl0m/images/stencil/1280x1280/products/17818/41591/SS232218_1__16276.1749826525.jpg?c=1,SS232218_1__16276.1749826525.jpg?c=1,,,Ragon800,SS232218_1__16276.1749826525.jpg?c=1
,,,,,,,,,,,,,,,,,,,,,,,,
"9"" BLUE & GOLD HUES BOTTLEBRUSH TREES BOX SET/ 5",WS192402,"Home|Sale!|Holiday|9"" BLUE & GOLD HUES BOTTLEBRUSH TREES BOX SET/ 5","3""W X 9""H, SISAL",In-Stock: Ships in 3 to 7 days,,,,W: 3in H: 9in,,3,$23.75 ,,,,,3,Ragon400,Ragon160,https://cdn11.bigcommerce.com/s-xvps74vl0m/images/stencil/1280x1280/products/3153/12256/WS192402_4__07510.1626464857.jpg?c=1,WS192402_4__07510.1626464857.jpg?c=1,,,Ragon800,WS192402_4__07510.1626464857.jpg?c=1
,,,,,,,,,,,,,,,,,,,,,,,,
AGED BLACK WATERING CAN,ZH238617,Home|Sale!|Everyday|AGED BLACK WATERING CAN,"OPENING: 3.5""L 7.5""W",In-Stock: Ships in 5 to 14 days,,,,L: 18.25in W: 7.75in H: 10.25in,,2,$29.75 ,,,,,2,Ragon400,Ragon160,https://cdn11.bigcommerce.com/s-xvps74vl0m/images/stencil/1280x1280/products/16858/37147/ZH238617_1__18301.1733943487.jpg?c=1,ZH238617_1__18301.1733943487.jpg?c=1,,,Ragon800,ZH238617_1__18301.1733943487.jpg?c=1
,,,,,,,,,,,,,,,,,,,,,,,,
TIME FOR GARDENING JOURNAL,L238733,Home|Everyday|Journals|TIME FOR GARDENING JOURNAL,,Projected Summer 2025,,,,L: 7in W: 1.50in H: 10in,,1,$22.75 ,,,,,1,Ragon400,Ragon160,https://cdn11.bigcommerce.com/s-xvps74vl0m/images/stencil/1280x1280/products/16541/41950/L238733_2__70640.1754679147.jpg?c=1,L238733_2__70640.1754679147.jpg?c=1,,,Ragon800,L238733_2__70640.1754679147.jpg?c=1
,,,,,,,,,,,,,,,,,,,,,,,,
SNOWMAN SILHOUETTE STAKE,HY239203,Home|Holiday|SNOWMAN SILHOUETTE STAKE,,In-Stock: Ships in 5 to 14 days,,,,L: 12.50in W: 1.50in H: 30in,,4,$8.80 ,,,,,4,Ragon400,Ragon160,https://cdn11.bigcommerce.com/s-xvps74vl0m/images/stencil/1280x1280/products/17502/40124/HY239203_2__81593.1747946926.jpg?c=1,HY239203_2__81593.1747946926.jpg?c=1,,,Ragon800,HY239203_2__81593.1747946926.jpg?c=1
,,,,,,,,,,,,,,,,,,,,,,,,
DEER IN SLIPPER ORNAMENT,KY239033,"Home|Holiday|Ornaments, Garland & Tree Toppers|DEER IN SLIPPER ORNAMENT",,Late August,,,,L: 2.50in W: 5.25in H: 3.50in,,8,$3.85 ,,,,,8,Ragon400,Ragon160,https://cdn11.bigcommerce.com/s-xvps74vl0m/images/stencil/1280x1280/products/16914/40385/KY239033_2__97826.1749068317.jpg?c=1,KY239033_2__97826.1749068317.jpg?c=1,,,Ragon800,KY239033_2__97826.1749068317.jpg?c=1
,,,,,,,,,,,,,,,,,,,,,,,,
"20"" GREEN, RED & WHITE PLAID PILLOW",SS221995,"Home|Holiday|Textiles|20"" GREEN, RED & WHITE PLAID PILLOW",,Projected Summer 2025,,,,L: 20in H: 20in,,2,$29.75 ,,,,,2,Ragon400,Ragon160,https://cdn11.bigcommerce.com/s-xvps74vl0m/images/stencil/1280x1280/products/11912/34171/SS221995_4__43445.1727237175.jpg?c=1,SS221995_4__43445.1727237175.jpg?c=1,,,Ragon800,SS221995_4__43445.1727237175.jpg?c=1
,,,,,,,,,,,,,,,,,,,,,,,,
5' ORANGE POPPY & DAISY GARLAND,G232566,Home|Everyday|Florals|5' ORANGE POPPY & DAISY GARLAND,,In-Stock: Ships in 5 to 14 days,,,,L: 60in W: 3.50in,,4,$24.25 ,,,,,4,Ragon400,Ragon160,https://cdn11.bigcommerce.com/s-xvps74vl0m/images/stencil/1280x1280/products/16071/37240/G232566_6__32489.1735573348.jpg?c=1,G232566_6__32489.1735573348.jpg?c=1,,,Ragon800,G232566_6__32489.1735573348.jpg?c=1
,,,,,,,,,,,,,,,,,,,,,,,,
HAVEN MIRROR,SH238429,Home|Sale!|Everyday|HAVEN MIRROR,2 HALF CIRCLE HANGERS,In-Stock: Ships in 5 to 14 days,,,,L: 27.75in W: 2in H: 38.75in,,1,$136.50 ,,,,,1,Ragon400,Ragon160,https://cdn11.bigcommerce.com/s-xvps74vl0m/images/stencil/1280x1280/products/16758/37115/SH238429_1__02350.1733943478.jpg?c=1,SH238429_1__02350.1733943478.jpg?c=1,,,Ragon800,SH238429_1__02350.1733943478.jpg?c=1
,,,,,,,,,,,,,,,,,,,,,,,,
WHITE METAL DISH TAPER CANDLE HOLDER,MH236746,Home|Sale!|Everyday|WHITE METAL DISH TAPER CANDLE HOLDER,"REQUIRES 2 (AA) BATTERIES, BATTERIES NOT INCLUDED.",In-Stock: Ships in 5 to 14 days,,,,L: 8.25in W: 7.75in H: 10.25in,,2,$20.25 ,,,,,2,Ragon400,Ragon160,https://cdn11.bigcommerce.com/s-xvps74vl0m/images/stencil/1280x1280/products/16579/37017/MH236746_2__45854.1733943451.jpg?c=1,MH236746_2__45854.1733943451.jpg?c=1,,,Ragon800,MH236746_2__45854.1733943451.jpg?c=1
,,,,,,,,,,,,,,,,,,,,,,,,
ANTLER ORNAMENT W/ BOW & FOLIAGE,WS227675,Home|Holiday|Cabin & Lodge|ANTLER ORNAMENT W/ BOW & FOLIAGE,,In-Stock: Ships in 5 to 14 days,,,,L: 4.75in W: 1.50in H: 6in,,4,$8.25 ,,,,,4,Ragon400,Ragon160,https://cdn11.bigcommerce.com/s-xvps74vl0m/images/stencil/1280x1280/products/12483/33007/WS227675_2__74051.1710521323.jpg?c=1,WS227675_2__74051.1710521323.jpg?c=1,,,Ragon800,WS227675_2__74051.1710521323.jpg?c=1
,,,,,,,,,,,,,,,,,,,,,,,,
"13.5"" CAMBRIDGE PILLAR CANDLE HOLDER",FB237210,"Home|Everyday|Candle Holders|13.5"" CAMBRIDGE PILLAR CANDLE HOLDER","HOLD 3"" CANDLE",In-Stock: Ships in 5 to 14 days,,,,L: 4.25in W: 4.25in H: 13.50in,,2,$16.25 ,,,,,2,Ragon400,Ragon160,https://cdn11.bigcommerce.com/s-xvps74vl0m/images/stencil/1280x1280/products/15977/39775/FB237210_9__19280.1741631926.jpg?c=1,FB237210_9__19280.1741631926.jpg?c=1,,,Ragon800,FB237210_9__19280.1741631926.jpg?c=1
,,,,,,,,,,,,,,,,,,,,,,,,
WALL MOUNTED PULLEY W/ HANGING CLOCK,E217306,Home|Everyday|Wall Décor|WALL MOUNTED PULLEY W/ HANGING CLOCK,"CLOCK DIMENSIONS: 10.5"" CLOCK DOUBLE SIDED | 1 AA BATTERY REQUIRED FOR EACH SIDE
REQUIRES (2 AA) BATTERY / BATTERIES, NOT INCLUDED.
2 KEYHOLE HANGERS",In-Stock: Ships in 5 to 14 days,,,,L: 13in W: 5in H: 30in,,1,$57.25 ,,,,,1,Ragon400,Ragon160,https://cdn11.bigcommerce.com/s-xvps74vl0m/images/stencil/1280x1280/products/8241/25877/E217306__55799.1677258296.jpg?c=1,E217306__55799.1677258296.jpg?c=1,,,Ragon800,E217306__55799.1677258296.jpg?c=1
,,,,,,,,,,,,,,,,,,,,,,,,
"5"" GUMBALL MACHINE ORNAMENT",WS227836,"Home|Sale!|Holiday|5"" GUMBALL MACHINE ORNAMENT",,In-Stock: Ships in 5 to 14 days,,,,L: 2.75in W: 2.75in H: 5in,,6,$7.70 ,,,,,6,Ragon400,Ragon160,https://cdn11.bigcommerce.com/s-xvps74vl0m/images/stencil/1280x1280/products/12600/33472/WS227836_2__06930.1711115424.jpg?c=1,WS227836_2__06930.1711115424.jpg?c=1,,,Ragon800,WS227836_2__06930.1711115424.jpg?c=1
,,,,,,,,,,,,,,,,,,,,,,,,
"8"" CAMP CHRISTMAS PENNANT",SS232450,"Home|Holiday|Ornaments, Garland & Tree Toppers|8"" CAMP CHRISTMAS PENNANT","INCLUDES 12"" WOOD DOWEL",Projected Summer 2025,,,,L: 8in,,5,$3.05 ,,,,,5,Ragon400,Ragon160,https://cdn11.bigcommerce.com/s-xvps74vl0m/images/stencil/1280x1280/products/11705/41617/SS232450_1__03547.1749826530.jpg?c=1,SS232450_1__03547.1749826530.jpg?c=1,,,Ragon800,SS232450_1__03547.1749826530.jpg?c=1
,,,,,,,,,,,,,,,,,,,,,,,,
"10"" OLIVE GREEN LONG STEM BOTTLEBRUSH TREE",WS182295,"Home|Holiday|Bottlebrush|10"" OLIVE GREEN LONG STEM BOTTLEBRUSH TREE","3''W X 10''H, BOTTLEBRUSH",SOLD OUT,,,,W: 3in H: 10in,,,$8.25 ,,,,,,Ragon400,Ragon160,https://cdn11.bigcommerce.com/s-xvps74vl0m/images/stencil/1280x1280/products/5367/11781/WS182295-_WS182296-WS182297-_WS182298_09bl-wk__02989.1626464673.jpg?c=1,WS182295-_WS182296-WS182297-_WS182298_09bl-wk__02989.1626464673.jpg?c=1,,,Ragon800,WS182295-_WS182296-WS182297-_WS182298_09bl-wk__02989.1626464673.jpg?c=1
,,,,,,,,,,,,,,,,,,,,,,,,
"SET/6 - 9"" TAN HUES BOTTLE BRUSH TREES",WS218044,"Home|Holiday|Bottlebrush|SET/6 - 9"" TAN HUES BOTTLE BRUSH TREES",,In-Stock: Ships in 3 to 7 days,,,,H: 9in,,3,$26.25 ,,,,,3,Ragon400,Ragon160,https://cdn11.bigcommerce.com/s-xvps74vl0m/images/stencil/1280x1280/products/9195/25421/WS218044_2__78355.1677258142.jpg?c=1,WS218044_2__78355.1677258142.jpg?c=1,,,Ragon800,WS218044_2__78355.1677258142.jpg?c=1
,,,,,,,,,,,,,,,,,,,,,,,,
MUSHROOMS TOGETHER SILHOUETTE SIGN W/ BLACK BACKGROUND,H223348,Home|Everyday|Camping|MUSHROOMS TOGETHER SILHOUETTE SIGN W/ BLACK BACKGROUND,"MUSHROOMS CAN BE REMOVED
2 TRIANGLE HANGERS",In-Stock: Ships in 5 to 14 days,,,,L: 15in W: 1in H: 22in,,2,$42.00 ,,,,,2,Ragon400,Ragon160,https://cdn11.bigcommerce.com/s-xvps74vl0m/images/stencil/1280x1280/products/10193/28823/H223348_2__02171.1701887290.jpg?c=1,H223348_2__02171.1701887290.jpg?c=1,,,Ragon800,H223348_2__02171.1701887290.jpg?c=1
,,,,,,,,,,,,,,,,,,,,,,,,
FRAMED HOLIDAY FAWN ROUND PRINT,H237535,Home|Holiday|Signs|FRAMED HOLIDAY FAWN ROUND PRINT,1 SAWTOOTH HANGER,In-Stock: Ships in 5 to 14 days,,,,L: 18in W: 1in H: 18in,,1,$50.75 ,,,,,1,Ragon400,Ragon160,https://cdn11.bigcommerce.com/s-xvps74vl0m/images/stencil/1280x1280/products/17373/41877/H237535_1__13893.1754576612.jpg?c=1,H237535_1__13893.1754576612.jpg?c=1,,,Ragon800,H237535_1__13893.1754576612.jpg?c=1
,,,,,,,,,,,,,,,,,,,,,,,,
EARTH TONES POM POM GARLAND,WS218451,"Home|Holiday|Ornaments, Garland & Tree Toppers|EARTH TONES POM POM GARLAND",,In-Stock: Ships in 3 to 7 days,,,,L: 72in,,6,$11.85 ,,,,,6,Ragon400,Ragon160,https://cdn11.bigcommerce.com/s-xvps74vl0m/images/stencil/1280x1280/products/8676/26971/WS218451_3__83648.1679582780.jpg?c=1,WS218451_3__83648.1679582780.jpg?c=1,,,Ragon800,WS218451_3__83648.1679582780.jpg?c=1
,,,,,,,,,,,,,,,,,,,,,,,,
"14"" CREAM METAL STAR TREE TOPPER",H237631,"Home|Holiday|Ornaments, Garland & Tree Toppers|14"" CREAM METAL STAR TREE TOPPER",,In-Stock: Ships in 5 to 14 days,,,,L: 9.50in W: 4in H: 14in,,1,$23.25 ,,,,,1,Ragon400,Ragon160,https://cdn11.bigcommerce.com/s-xvps74vl0m/images/stencil/1280x1280/products/17418/41231/H237631_5__91370.1749826448.jpg?c=1,H237631_5__91370.1749826448.jpg?c=1,,,Ragon800,H237631_5__91370.1749826448.jpg?c=1
,,,,,,,,,,,,,,,,,,,,,,,,
"8"" FRANCESCO TAPER CANDLE HOLDER",MH236759,"Home|Everyday|Candle Holders|8"" FRANCESCO TAPER CANDLE HOLDER","HOLDS 1"" TAPER CANDLE",In-Stock: Ships in 5 to 14 days,,,,L: 3.75in W: 3.75in H: 8in,,6,$7.45 ,,,,,6,Ragon400,Ragon160,https://cdn11.bigcommerce.com/s-xvps74vl0m/images/stencil/1280x1280/products/16586/36054/MH236759_3__71906.1733943211.jpg?c=1,MH236759_3__71906.1733943211.jpg?c=1,,,Ragon800,MH236759_3__71906.1733943211.jpg?c=1
,,,,,,,,,,,,,,,,,,,,,,,,
WHITE METAL MESH TABLETOP CONTAINER,BF196330,Home|Holiday|Tabletop & Misc.|WHITE METAL MESH TABLETOP CONTAINER,"14.25""L X 8.75""W X 11""H, METAL",In-Stock: Ships in 5 to 14 days,,,,L: 14.25in W: 8.75in H: 11in,,2,$53.25 ,,,,,2,Ragon400,Ragon160,https://cdn11.bigcommerce.com/s-xvps74vl0m/images/stencil/1280x1280/products/3703/6347/BF196330_4__99138.1626460223.jpg?c=1,BF196330_4__99138.1626460223.jpg?c=1,,,Ragon800,BF196330_4__99138.1626460223.jpg?c=1
,,,,,,,,,,,,,,,,,,,,,,,,
"14"" TEAL & GOLD BOTTLEBRUSH TREE",WS202107,"Home|Holiday|Tabletop & Misc.|14"" TEAL & GOLD BOTTLEBRUSH TREE",,In-Stock: Ships in 5 to 14 days,,,,L: 5in W: 5in H: 14in,,6,$9.90 ,,,,,6,Ragon400,Ragon160,https://cdn11.bigcommerce.com/s-xvps74vl0m/images/stencil/1280x1280/products/7927/18013/WS202107_1__24772.1646858982.jpg?c=1,WS202107_1__24772.1646858982.jpg?c=1,,,Ragon800,WS202107_1__24772.1646858982.jpg?c=1
,,,,,,,,,,,,,,,,,,,,,,,,
6' GLITTERED PINE W/ FERN GARLAND,G233275,"Home|Holiday|Greenery, Wreaths & Trees|6' GLITTERED PINE W/ FERN GARLAND",,In-Stock: Ships in 5 to 14 days,,,,L: 72in W: 7.50in,,2,$42.00 ,,,,,2,Ragon400,Ragon160,https://cdn11.bigcommerce.com/s-xvps74vl0m/images/stencil/1280x1280/products/17192/41459/G233275_1__24599.1749826496.jpg?c=1,G233275_1__24599.1749826496.jpg?c=1,,,Ragon800,G233275_1__24599.1749826496.jpg?c=1
,,,,,,,,,,,,,,,,,,,,,,,,
"3"" PRINTED LEAF KUGEL ORNAMENT",SS236186,"Home|Holiday|Ornaments, Garland & Tree Toppers|3"" PRINTED LEAF KUGEL ORNAMENT",,Projected Summer 2025,,,,L: 3in,,6,$3.05 ,,,,,6,Ragon400,Ragon160,https://cdn11.bigcommerce.com/s-xvps74vl0m/images/stencil/1280x1280/products/17790/40611/SS236186_2__79651.1749155930.jpg?c=1,SS236186_2__79651.1749155930.jpg?c=1,,,Ragon800,SS236186_2__79651.1749155930.jpg?c=1
,,,,,,,,,,,,,,,,,,,,,,,,
PINK & SILVER CLIP ON BIRD ORNAMENT,WS218172,"Home|Holiday|Ornaments, Garland & Tree Toppers|PINK & SILVER CLIP ON BIRD ORNAMENT",,In-Stock: Ships in 5 to 14 days,,,,L: 6in W: 1.50in H: 2.50in,,12,$4.70 ,,,,,12,Ragon400,Ragon160,https://cdn11.bigcommerce.com/s-xvps74vl0m/images/stencil/1280x1280/products/9267/27109/WS218172_1__73408.1679582821.jpg?c=1,WS218172_1__73408.1679582821.jpg?c=1,,,Ragon800,WS218172_1__73408.1679582821.jpg?c=1
,,,,,,,,,,,,,,,,,,,,,,,,
BLACK & RED WOODPECKER ORNAMENT,WS227819,"Home|Holiday|Ornaments, Garland & Tree Toppers|BLACK & RED WOODPECKER ORNAMENT",,SOLD OUT,,,,L: 4in W: 3in H: 4in,,,$6.60 ,,,,,,Ragon400,Ragon160,https://cdn11.bigcommerce.com/s-xvps74vl0m/images/stencil/1280x1280/products/12584/33041/WS227819_1__94557.1710521335.jpg?c=1,WS227819_1__94557.1710521335.jpg?c=1,,,Ragon800,WS227819_1__94557.1710521335.jpg?c=1
,,,,,,,,,,,,,,,,,,,,,,,,
WOOD CHAIN GARLAND,BF225758,"Home|Holiday|Ornaments, Garland & Tree Toppers|WOOD CHAIN GARLAND",,In-Stock: Ships in 5 to 14 days,,,,L: 54.50in W: 3.25in,,6,$14.30 ,,,,,6,Ragon400,Ragon160,https://cdn11.bigcommerce.com/s-xvps74vl0m/images/stencil/1280x1280/products/10868/33316/BF225758_1__37702.1711115376.jpg?c=1,BF225758_1__37702.1711115376.jpg?c=1,,,Ragon800,BF225758_1__37702.1711115376.jpg?c=1
,,,,,,,,,,,,,,,,,,,,,,,,
OLIVE ME LOVES ONLY YOU SIGN,E193149,Home|Everyday|Signs|OLIVE ME LOVES ONLY YOU SIGN,"12.25""L X 0.25""W X 12.25""H, METAL",In-Stock: Ships in 5 to 14 days,,,,L: 12.25in W: 0.25in H: 12.25in,,4,$6.55 ,,,,,4,Ragon400,Ragon160,https://cdn11.bigcommerce.com/s-xvps74vl0m/images/stencil/1280x1280/products/4199/7447/E193149-_G191303_3_nvy3-kj__15956.1647521435.jpg?c=1,E193149-_G191303_3_nvy3-kj__15956.1647521435.jpg?c=1,,,Ragon800,E193149-_G191303_3_nvy3-kj__15956.1647521435.jpg?c=1
,,,,,,,,,,,,,,,,,,,,,,,,
ANTIQUE GOLD STAR TREE TOPPER,H237477,"Home|Holiday|Ornaments, Garland & Tree Toppers|ANTIQUE GOLD STAR TREE TOPPER",,In-Stock: Ships in 5 to 14 days,,,,L: 9.50in W: 3.25in H: 11.50in,,2,$18.15 ,,,,,2,Ragon400,Ragon160,https://cdn11.bigcommerce.com/s-xvps74vl0m/images/stencil/1280x1280/products/11583/41519/H237477_2__71419.1749826511.jpg?c=1,H237477_2__71419.1749826511.jpg?c=1,,,Ragon800,H237477_2__71419.1749826511.jpg?c=1
,,,,,,,,,,,,,,,,,,,,,,,,
FRAMED LEAPING METAL DEER,H237468,Home|Holiday|Signs|FRAMED LEAPING METAL DEER,2 TRIANGLE HANGERS,In-Stock: Ships in 5 to 14 days,,,,L: 18in W: 1.25in H: 18in,,1,$48.50 ,,,,,1,Ragon400,Ragon160,https://cdn11.bigcommerce.com/s-xvps74vl0m/images/stencil/1280x1280/products/17352/40096/H237468_1__97608.1747943895.jpg?c=1,H237468_1__97608.1747943895.jpg?c=1,,,Ragon800,H237468_1__97608.1747943895.jpg?c=1
,,,,,,,,,,,,,,,,,,,,,,,,
"5"" GREEN GLASS TREE ORNAMENT",WS227753,"Home|Holiday|Ornaments, Garland & Tree Toppers|5"" GREEN GLASS TREE ORNAMENT",,In-Stock: Ships in 5 to 14 days,,,,L: 3in W: 3in H: 5in,,12,$5.50 ,,,,,12,Ragon400,Ragon160,https://cdn11.bigcommerce.com/s-xvps74vl0m/images/stencil/1280x1280/products/12539/31748/WS227753__90657.1706904463.jpg?c=1,WS227753__90657.1706904463.jpg?c=1,,,Ragon800,WS227753__90657.1706904463.jpg?c=1
,,,,,,,,,,,,,,,,,,,,,,,,
"11"" DUSTY GREEN OMBRE LONG STEM BOTTLEBRUSH TREE",WS192424,"Home|Holiday|Bottlebrush|11"" DUSTY GREEN OMBRE LONG STEM BOTTLEBRUSH TREE","4.75""W X 11""H, SISAL",In-Stock: Ships in 5 to 14 days,,,,W: 4.75in H: 11in,,2,$11.30 ,,,,,2,Ragon400,Ragon160,https://cdn11.bigcommerce.com/s-xvps74vl0m/images/stencil/1280x1280/products/3144/12275/WS192424__25479.1647962021.jpg?c=1,WS192424__25479.1647962021.jpg?c=1,,,Ragon800,WS192424__25479.1647962021.jpg?c=1
,,,,,,,,,,,,,,,,,,,,,,,,
"24"" BLACK STOCKING WITH WHITE STRIPES",HE205563,"Home|Holiday|Textiles|24"" BLACK STOCKING WITH WHITE STRIPES",,In-Stock: Ships in 5 to 14 days,,,,L: 24in W: 15in,,5,$16.25 ,,,,,5,Ragon400,Ragon160,https://cdn11.bigcommerce.com/s-xvps74vl0m/images/stencil/1280x1280/products/7157/19305/HE205563__57612.1651755074.jpg?c=1,HE205563__57612.1651755074.jpg?c=1,,,Ragon800,HE205563__57612.1651755074.jpg?c=1
,,,,,,,,,,,,,,,,,,,,,,,,
"8"" RED VELVET TREE",WS227664,"Home|Holiday|Tabletop & Misc.|8"" RED VELVET TREE",,Early September,,,,L: 3in W: 3in H: 8in,,3,$15.95 ,,,,,3,Ragon400,Ragon160,https://cdn11.bigcommerce.com/s-xvps74vl0m/images/stencil/1280x1280/products/12476/32406/WS227664_2__83799.1708440905.jpg?c=1,WS227664_2__83799.1708440905.jpg?c=1,,,Ragon800,WS227664_2__83799.1708440905.jpg?c=1
,,,,,,,,,,,,,,,,,,,,,,,,
SNOWY BROWN CABIN ORNAMENT,WS231196,"Home|Holiday|Ornaments, Garland & Tree Toppers|SNOWY BROWN CABIN ORNAMENT",,In-Stock: Ships in 5 to 14 days,,,,L: 3in W: 2.75in H: 5.25in,,6,$7.15 ,,,,,6,Ragon400,Ragon160,https://cdn11.bigcommerce.com/s-xvps74vl0m/images/stencil/1280x1280/products/12569/40507/WS231196_2__19987.1749150784.jpg?c=1,WS231196_2__19987.1749150784.jpg?c=1,,,Ragon800,WS231196_2__19987.1749150784.jpg?c=1
,,,,,,,,,,,,,,,,,,,,,,,,
BROWN GREEN RABBIT'S FOOT FERN HALF BALL,G219550,Home|Everyday|Easter & Spring|BROWN GREEN RABBIT'S FOOT FERN HALF BALL,,SOLD OUT,,,,L: 12in W: 12in H: 9in,,,$13.20 ,,,,,,Ragon400,Ragon160,https://cdn11.bigcommerce.com/s-xvps74vl0m/images/stencil/1280x1280/products/8838/24692/G219550_2__33047.1677257908.jpg?c=1,G219550_2__33047.1677257908.jpg?c=1,,,Ragon800,G219550_2__33047.1677257908.jpg?c=1
,,,,,,,,,,,,,,,,,,,,,,,,
"2.5"" BLACK UNWIRED VELVET RIBBON",SS236127,"Home|Holiday|Textiles|2.5"" BLACK UNWIRED VELVET RIBBON",,Projected Summer 2025,,,,L: 360in W: 2.50in,,6,$10.75 ,,,,,6,Ragon400,Ragon160,https://cdn11.bigcommerce.com/s-xvps74vl0m/images/stencil/1280x1280/products/17753/41640/SS236127_2__21055.1749826535.jpg?c=1,SS236127_2__21055.1749826535.jpg?c=1,,,Ragon800,SS236127_2__21055.1749826535.jpg?c=1
,,,,,,,,,,,,,,,,,,,,,,,,
SITTING BEIGE SPRING BUNNY,KY239017,Home|Everyday|SITTING BEIGE SPRING BUNNY,,Late August,,,,L: 1in W: 1.50in H: 2in,,6,$3.85 ,,,,,6,Ragon400,Ragon160,https://cdn11.bigcommerce.com/s-xvps74vl0m/images/stencil/1280x1280/products/16902/41925/KY239017_1__30883.1754589386.jpg?c=1,KY239017_1__30883.1754589386.jpg?c=1,,,Ragon800,KY239017_1__30883.1754589386.jpg?c=1
,,,,,,,,,,,,,,,,,,,,,,,,
"10"" DARK GREEN FLOCKED TREE",WS202510,"Home|Holiday|Ornaments, Garland & Tree Toppers|10"" DARK GREEN FLOCKED TREE",,SOLD OUT,,,,H: 10in,,,$9.35 ,,,,,,Ragon400,Ragon160,https://cdn11.bigcommerce.com/s-xvps74vl0m/images/stencil/1280x1280/products/7597/18494/WS202510__86569.1647021661.jpg?c=1,WS202510__86569.1647021661.jpg?c=1,,,Ragon800,WS202510__86569.1647021661.jpg?c=1
,,,,,,,,,,,,,,,,,,,,,,,,
"13"" GREY TAUPE BOTTLEBRUSH TREE",WS182317,"Home|Holiday|Ornaments, Garland & Tree Toppers|13"" GREY TAUPE BOTTLEBRUSH TREE","4.5''W X 13''H, BOTTLEBRUSH",In-Stock: Ships in 5 to 14 days,,,,L: 4.50in W: 4.50in H: 13in,,3,$12.05 ,,,,,3,Ragon400,Ragon160,https://cdn11.bigcommerce.com/s-xvps74vl0m/images/stencil/1280x1280/products/5376/27909/WS182317_2__97196.1685737607.jpg?c=1,WS182317_2__97196.1685737607.jpg?c=1,,,Ragon800,WS182317_2__97196.1685737607.jpg?c=1
,,,,,,,,,,,,,,,,,,,,,,,,
"24"" WHITEWASHED HEMLOCK WREATH W/ WHITE BERRIES",G232694,"Home|Holiday|Greenery, Wreaths & Trees|24"" WHITEWASHED HEMLOCK WREATH W/ WHITE BERRIES",,In-Stock: Ships in 5 to 14 days,,,,L: 24in W: 5in H: 24in,,2,$42.00 ,,,,,2,Ragon400,Ragon160,https://cdn11.bigcommerce.com/s-xvps74vl0m/images/stencil/1280x1280/products/11336/41430/G232694_1__69919.1749826489.jpg?c=1,G232694_1__69919.1749826489.jpg?c=1,,,Ragon800,G232694_1__69919.1749826489.jpg?c=1
,,,,,,,,,,,,,,,,,,,,,,,,
"20"" WHITE TARTAN STOCKING",SS211957,"Home|Holiday|Textiles|20"" WHITE TARTAN STOCKING",,In-Stock: Ships in 5 to 14 days,,,,H: 20in,,6,$8.25 ,,,,,6,Ragon400,Ragon160,https://cdn11.bigcommerce.com/s-xvps74vl0m/images/stencil/1280x1280/products/9760/27409/SS211957_2__19893.1679582916.jpg?c=1,SS211957_2__19893.1679582916.jpg?c=1,,,Ragon800,SS211957_2__19893.1679582916.jpg?c=1
,,,,,,,,,,,,,,,,,,,,,,,,
"8.5"" CAMP OUTFITTERS JOURNAL",L221502,"Home|Sale!|Everyday|8.5"" CAMP OUTFITTERS JOURNAL",,In-Stock: Ships in 5 to 14 days,,,,L: 5.75in W: 1.25in H: 8.50in,,2,$18.15 ,,,,,2,Ragon400,Ragon160,https://cdn11.bigcommerce.com/s-xvps74vl0m/images/stencil/1280x1280/products/10246/31985/L221502_2__54801.1707399426.jpg?c=1,L221502_2__54801.1707399426.jpg?c=1,,,Ragon800,L221502_2__54801.1707399426.jpg?c=1
,,,,,,,,,,,,,,,,,,,,,,,,
GOLD PINECONE BUNCH,WS231439,"Home|Holiday|Ornaments, Garland & Tree Toppers|GOLD PINECONE BUNCH",,Early September,,,,L: 4.50in W: 2in H: 13.50in,,6,$5.50 ,,,,,6,Ragon400,Ragon160,https://cdn11.bigcommerce.com/s-xvps74vl0m/images/stencil/1280x1280/products/18007/40531/WS231439_4__67608.1749151538.jpg?c=1,WS231439_4__67608.1749151538.jpg?c=1,,,Ragon800,WS231439_4__67608.1749151538.jpg?c=1
,,,,,,,,,,,,,,,,,,,,,,,,
"COME FREELY, GO SAFELY TABLETOP SIGN",E226596,"Home|Everyday|Signs|COME FREELY, GO SAFELY TABLETOP SIGN",1 SAWTOOTH HANGER,SOLD OUT,,,,L: 6in W: 1in H: 8in,,,$5.75 ,,,,,,Ragon400,Ragon160,https://cdn11.bigcommerce.com/s-xvps74vl0m/images/stencil/1280x1280/products/10738/29638/E226596_1__97339.1701963488.jpg?c=1,E226596_1__97339.1701963488.jpg?c=1,,,Ragon800,E226596_1__97339.1701963488.jpg?c=1
,,,,,,,,,,,,,,,,,,,,,,,,
"9"" MEXICAN FERN HALF BALL W/ RED BERRIES",G224833,"Home|Holiday|Greenery, Wreaths & Trees|9"" MEXICAN FERN HALF BALL W/ RED BERRIES",,In-Stock: Ships in 5 to 14 days,,,,L: 9in,,12,$7.15 ,,,,,12,Ragon400,Ragon160,https://cdn11.bigcommerce.com/s-xvps74vl0m/images/stencil/1280x1280/products/11053/32090/G224833_1__92898.1708440801.jpg?c=1,G224833_1__92898.1708440801.jpg?c=1,,,Ragon800,G224833_1__92898.1708440801.jpg?c=1
,,,,,,,,,,,,,,,,,,,,,,,,
"4"" BLACK GLASS 3D FLAME CANDLE",NY229048,"Home|Flameless Candles|4"" BLACK GLASS 3D FLAME CANDLE","6 HR TIMER | ON/OFF BUTTON
REQUIRES 3 (AAA) BATTERIES, BATTERIES NOT INCLUDED.",In-Stock: Ships in 5 to 14 days,,,,L: 3in W: 3in H: 4in,,6,$6.90 ,,,,,6,Ragon400,Ragon160,https://cdn11.bigcommerce.com/s-xvps74vl0m/images/stencil/1280x1280/products/10419/29185/NY229048_2__73170.1701887407.jpg?c=1,NY229048_2__73170.1701887407.jpg?c=1,,,Ragon800,NY229048_2__73170.1701887407.jpg?c=1
,,,,,,,,,,,,,,,,,,,,,,,,
"12"" PALE PINK WILDFLOWER CANDLE RING",HZ238940,"Home|Everyday|Florals|12"" PALE PINK WILDFLOWER CANDLE RING","INNER: 3.5""",SOLD OUT,,,,L: 12in W: 1.50in,,,$10.75 ,,,,,,Ragon400,Ragon160,https://cdn11.bigcommerce.com/s-xvps74vl0m/images/stencil/1280x1280/products/16506/35087/HZ238940_1__82465.1733861419.jpg?c=1,HZ238940_1__82465.1733861419.jpg?c=1,,,Ragon800,HZ238940_1__82465.1733861419.jpg?c=1
,,,,,,,,,,,,,,,,,,,,,,,,
"36"" YELLOW EUCALYPTUS SEED BUSH",G219018,"Home|Everyday|Florals|36"" YELLOW EUCALYPTUS SEED BUSH",,In-Stock: Ships in 5 to 14 days,,,,L: 36in,,6,$8.80 ,,,,,6,Ragon400,Ragon160,https://cdn11.bigcommerce.com/s-xvps74vl0m/images/stencil/1280x1280/products/8364/24512/G219018_1__23580.1677257849.jpg?c=1,G219018_1__23580.1677257849.jpg?c=1,,,Ragon800,G219018_1__23580.1677257849.jpg?c=1
,,,,,,,,,,,,,,,,,,,,,,,,
"3"" BEAR ORNAMENT",WS218183,"Home|Holiday|Cabin & Lodge|3"" BEAR ORNAMENT",,In-Stock: Ships in 5 to 14 days,,,,L: 4in W: 2.50in H: 3in,,6,$7.70 ,,,,,6,Ragon400,Ragon160,https://cdn11.bigcommerce.com/s-xvps74vl0m/images/stencil/1280x1280/products/9273/28289/WS218183_2__87559.1689796600.jpg?c=1,WS218183_2__87559.1689796600.jpg?c=1,,,Ragon800,WS218183_2__87559.1689796600.jpg?c=1
,,,,,,,,,,,,,,,,,,,,,,,,
"24"" RED STOCKING WITH WHITE STRIPES",HE205560,"Home|Holiday|Textiles|24"" RED STOCKING WITH WHITE STRIPES",,SOLD OUT,,,,L: 24in W: 15in,,,$16.25 ,,,,,,Ragon400,Ragon160,https://cdn11.bigcommerce.com/s-xvps74vl0m/images/stencil/1280x1280/products/7154/19298/HE205560__62178.1651754781.jpg?c=1,HE205560__62178.1651754781.jpg?c=1,,,Ragon800,HE205560__62178.1651754781.jpg?c=1
,,,,,,,,,,,,,,,,,,,,,,,,
"3"" CHARCOAL GLASS 3D FLAME CANDLE",NY236561,"Home|Flameless Candles|3"" CHARCOAL GLASS 3D FLAME CANDLE","6 HR TIMER | ON/OFF BUTTON
REQUIRES 1 (CR2032) BATTERY, BATTERY INCLUDED.",In-Stock: Ships in 5 to 14 days,,,,L: 2in W: 2in H: 3in,,6,$5.25 ,,,,,6,Ragon400,Ragon160,https://cdn11.bigcommerce.com/s-xvps74vl0m/images/stencil/1280x1280/products/16654/37067/NY236561_3__02056.1733943465.jpg?c=1,NY236561_3__02056.1733943465.jpg?c=1,,,Ragon800,NY236561_3__02056.1733943465.jpg?c=1
,,,,,,,,,,,,,,,,,,,,,,,,
SET/ 4 GREEN BOTTLEBRUSH TREES W/ SPOOL BASES,WS202073,Home|Sale!|Holiday|SET/ 4 GREEN BOTTLEBRUSH TREES W/ SPOOL BASES,,In-Stock: Ships in 5 to 14 days,,,,H: 7in,,12,$16.50 ,,,,,12,Ragon400,Ragon160,https://cdn11.bigcommerce.com/s-xvps74vl0m/images/stencil/1280x1280/products/7934/17792/WS202073_3__60801.1647007375.jpg?c=1,WS202073_3__60801.1647007375.jpg?c=1,,,Ragon800,WS202073_3__60801.1647007375.jpg?c=1
,,,,,,,,,,,,,,,,,,,,,,,,
LET'S STAY HOME SIGN,E217195,Home|Sale!|Everyday|LET'S STAY HOME SIGN,2 HALF CIRCLE HANGERS,In-Stock: Ships in 5 to 14 days,,,,L: 20in W: 0.25in H: 11.50in,,4,$15.95 ,,,,,4,Ragon400,Ragon160,https://cdn11.bigcommerce.com/s-xvps74vl0m/images/stencil/1280x1280/products/6687/28445/E217195__17772.1694612906.jpg?c=1,E217195__17772.1694612906.jpg?c=1,,,Ragon800,E217195__17772.1694612906.jpg?c=1
,,,,,,,,,,,,,,,,,,,,,,,,
RUSTY ANTIQUE PULLEY W/ HOOK,E217300,"Home|Everyday|Lanterns, Lights & Hooks|RUSTY ANTIQUE PULLEY W/ HOOK","HOOK HEIGHT: 12""",In-Stock: Ships in 5 to 14 days,,,,L: 4.50in W: 1in H: 12.75in,,4,$14.85 ,,,,,4,Ragon400,Ragon160,https://cdn11.bigcommerce.com/s-xvps74vl0m/images/stencil/1280x1280/products/8237/25874/E217300__72501.1677258295.jpg?c=1,E217300__72501.1677258295.jpg?c=1,,,Ragon800,E217300__72501.1677258295.jpg?c=1
,,,,,,,,,,,,,,,,,,,,,,,,
"2"" OLIVE GREEN RIBBED KUGEL ORNAMENT",SS211863,"Home|Holiday|Ornaments, Garland & Tree Toppers|2"" OLIVE GREEN RIBBED KUGEL ORNAMENT",,In-Stock: Ships in 5 to 14 days,,,,L: 2in W: 2in H: 2in,,6,$1.65 ,,,,,6,Ragon400,Ragon160,https://cdn11.bigcommerce.com/s-xvps74vl0m/images/stencil/1280x1280/products/9499/27232/SS211863_3__74172.1679582861.jpg?c=1,SS211863_3__74172.1679582861.jpg?c=1,,,Ragon800,SS211863_3__74172.1679582861.jpg?c=1
,,,,,,,,,,,,,,,,,,,,,,,,
"13"" BLACK CANDLESTICK LIGHT",MH236748,"Home|Everyday|Lanterns, Lights & Hooks|13"" BLACK CANDLESTICK LIGHT","REQUIRES 2 (AA) BATTERIES, BATTERIES NOT INCLUDED.",In-Stock: Ships in 5 to 14 days,,,,L: 3.50in W: 3.50in H: 13in,,4,$11.30 ,,,,,4,Ragon400,Ragon160,https://cdn11.bigcommerce.com/s-xvps74vl0m/images/stencil/1280x1280/products/16580/37019/MH236748_6__99920.1733943452.jpg?c=1,MH236748_6__99920.1733943452.jpg?c=1,,,Ragon800,MH236748_6__99920.1733943452.jpg?c=1
,,,,,,,,,,,,,,,,,,,,,,,,
HONEYCOMB CADDY,ZH238650,Home|Everyday|Kitchen|HONEYCOMB CADDY,"INDIVIDUAL HOLDER: 4.75""L 4.75""W 5""H",In-Stock: Ships in 5 to 14 days,,,,L: 9.75in W: 9.75in H: 10.25in,,2,$19.80 ,,,,,2,Ragon400,Ragon160,https://cdn11.bigcommerce.com/s-xvps74vl0m/images/stencil/1280x1280/products/16880/37175/ZH238650_1__62388.1733943494.jpg?c=1,ZH238650_1__62388.1733943494.jpg?c=1,,,Ragon800,ZH238650_1__62388.1733943494.jpg?c=1
,,,,,,,,,,,,,,,,,,,,,,,,
"4"" AGED BLACK JUG",E234025,"Home|Sale!|Everyday|4"" AGED BLACK JUG","OPENING: .75""",In-Stock: Ships in 5 to 14 days,,,,L: 3.50in W: 3.50in H: 4in,,4,$5.25 ,,,,,4,Ragon400,Ragon160,https://cdn11.bigcommerce.com/s-xvps74vl0m/images/stencil/1280x1280/products/15833/36486/E234025_1__37735.1733943309.jpg?c=1,E234025_1__37735.1733943309.jpg?c=1,,,Ragon800,E234025_1__37735.1733943309.jpg?c=1
,,,,,,,,,,,,,,,,,,,,,,,,
"29"" RED CHATEAU BLACK EYED SUSAN",G181154,"Home|Everyday|Florals|29"" RED CHATEAU BLACK EYED SUSAN",,In-Stock: Ships in 5 to 14 days,,,,L: 29in,,12,$2.50 ,,,,,12,Ragon400,Ragon160,https://cdn11.bigcommerce.com/s-xvps74vl0m/images/stencil/1280x1280/products/4904/35834/G181154_3__09355.1733863901.jpg?c=1,G181154_3__09355.1733863901.jpg?c=1,,,Ragon800,G181154_3__09355.1733863901.jpg?c=1
,,,,,,,,,,,,,,,,,,,,,,,,
FRAMED HOLIDAY FOREST SCENE PRINT,H237537,Home|Holiday|Signs|FRAMED HOLIDAY FOREST SCENE PRINT,2 TRIANGLE HANGERS,In-Stock: Ships in 5 to 14 days,,,,L: 26in W: 1in H: 26in,,1,$75.00 ,,,,,1,Ragon400,Ragon160,https://cdn11.bigcommerce.com/s-xvps74vl0m/images/stencil/1280x1280/products/17375/41542/H237537_3__87305.1749826516.jpg?c=1,H237537_3__87305.1749826516.jpg?c=1,,,Ragon800,H237537_3__87305.1749826516.jpg?c=1
,,,,,,,,,,,,,,,,,,,,,,,,
"24"" SCARLET DAHLIA SPRAY",G228205,"Home|Sale!|Everyday|24"" SCARLET DAHLIA SPRAY",,In-Stock: Ships in 5 to 14 days,,,,L: 24in,,24,$4.95 ,,,,,24,Ragon400,Ragon160,https://cdn11.bigcommerce.com/s-xvps74vl0m/images/stencil/1280x1280/products/10113/35616/G228205_5__84362.1733863841.jpg?c=1,G228205_5__84362.1733863841.jpg?c=1,,,Ragon800,G228205_5__84362.1733863841.jpg?c=1
,,,,,,,,,,,,,,,,,,,,,,,,
"12"" ICED RED BERRY CANDLE RING",G233342,"Home|Holiday|Greenery, Wreaths & Trees|12"" ICED RED BERRY CANDLE RING","INNER: 6""",In-Stock: Ships in 5 to 14 days,,,,L: 12in H: 12in,,6,$10.45 ,,,,,6,Ragon400,Ragon160,https://cdn11.bigcommerce.com/s-xvps74vl0m/images/stencil/1280x1280/products/17206/41471/G233342_1__28637.1749826499.jpg?c=1,G233342_1__28637.1749826499.jpg?c=1,,,Ragon800,G233342_1__28637.1749826499.jpg?c=1
,,,,,,,,,,,,,,,,,,,,,,,,
"SLEIGH RIDES, WARM BLANKETS SIGN",BF235198,"Home|Holiday|Signs|SLEIGH RIDES, WARM BLANKETS SIGN",,In-Stock: Ships in 5 to 14 days,,,,L: 31.50in W: 0.50in H: 19.75in,,2,$25.75 ,,,,,2,Ragon400,Ragon160,https://cdn11.bigcommerce.com/s-xvps74vl0m/images/stencil/1280x1280/products/16980/41324/BF235198_2__60747.1749826464.jpg?c=1,BF235198_2__60747.1749826464.jpg?c=1,,,Ragon800,BF235198_2__60747.1749826464.jpg?c=1
,,,,,,,,,,,,,,,,,,,,,,,,
6' HEAVILY FLOCKED PINE GARLAND,G232692,"Home|Holiday|Greenery, Wreaths & Trees|6' HEAVILY FLOCKED PINE GARLAND",,In-Stock: Ships in 5 to 14 days,,,,L: 72in W: 12in,,2,$50.75 ,,,,,2,Ragon400,Ragon160,https://cdn11.bigcommerce.com/s-xvps74vl0m/images/stencil/1280x1280/products/11334/41429/G232692_2__94499.1749826489.jpg?c=1,G232692_2__94499.1749826489.jpg?c=1,,,Ragon800,G232692_2__94499.1749826489.jpg?c=1
,,,,,,,,,,,,,,,,,,,,,,,,
GOLD ROUND BIRDHOUSE,HY238101,Home|Sale!|Everyday|GOLD ROUND BIRDHOUSE,"HAS A CLEAN OUT
METAL HANGER",In-Stock: Ships in 5 to 14 days,,,,L: 7.50in W: 8.50in H: 14in,,2,$20.50 ,,,,,2,Ragon400,Ragon160,https://cdn11.bigcommerce.com/s-xvps74vl0m/images/stencil/1280x1280/products/16399/36977/HY238101_3__42881.1733943441.jpg?c=1,HY238101_3__42881.1733943441.jpg?c=1,,,Ragon800,HY238101_3__42881.1733943441.jpg?c=1
,,,,,,,,,,,,,,,,,,,,,,,,
"5"" FAWN VELVET & GLITTER BELL",WS231003,"Home|Holiday|Ornaments, Garland & Tree Toppers|5"" FAWN VELVET & GLITTER BELL",AUTHENTIC GERMAN GLASS GLITTER; MAY CHANGE COLOR OVER TIME,Projected Summer 2025,,,,L: 2.50in W: 2.50in H: 5in,,12,$5.25 ,,,,,12,Ragon400,Ragon160,https://cdn11.bigcommerce.com/s-xvps74vl0m/images/stencil/1280x1280/products/17932/40491/WS231003_1__63115.1749150246.jpg?c=1,WS231003_1__63115.1749150246.jpg?c=1,,,Ragon800,WS231003_1__63115.1749150246.jpg?c=1
,,,,,,,,,,,,,,,,,,,,,,,,
"24"" BEIGE HYDRANGEA SPRAY",OR224533,"Home|Everyday|Florals|24"" BEIGE HYDRANGEA SPRAY",,SOLD OUT,,,,L: 24in,,,$8.00 ,,,,,,Ragon400,Ragon160,https://cdn11.bigcommerce.com/s-xvps74vl0m/images/stencil/1280x1280/products/10442/35904/OR224533_3__45344.1733863923.jpg?c=1,OR224533_3__45344.1733863923.jpg?c=1,,,Ragon800,OR224533_3__45344.1733863923.jpg?c=1
,,,,,,,,,,,,,,,,,,,,,,,,
"4"" WHITE LEAF KUGEL ORNAMENT",SS221802,"Home|Holiday|Ornaments, Garland & Tree Toppers|4"" WHITE LEAF KUGEL ORNAMENT",,In-Stock: Ships in 5 to 14 days,,,,W: 4in,,6,$3.85 ,,,,,6,Ragon400,Ragon160,https://cdn11.bigcommerce.com/s-xvps74vl0m/images/stencil/1280x1280/products/11780/33713/SS221802__77142.1712154114.jpg?c=1,SS221802__77142.1712154114.jpg?c=1,,,Ragon800,SS221802__77142.1712154114.jpg?c=1
,,,,,,,,,,,,,,,,,,,,,,,,
"15"" RED GERANIUM CANDLE RING",G228460,"Home|Everyday|Florals|15"" RED GERANIUM CANDLE RING",,SOLD OUT,,,,L: 15in H: 15in,,,$27.50 ,,,,,,Ragon400,Ragon160,https://cdn11.bigcommerce.com/s-xvps74vl0m/images/stencil/1280x1280/products/13798/36022/G228460_4__66840.1733863958.jpg?c=1,G228460_4__66840.1733863958.jpg?c=1,,,Ragon800,G228460_4__66840.1733863958.jpg?c=1
,,,,,,,,,,,,,,,,,,,,,,,,
"96"" GREEN TARTAN TABLE RUNNER",SS211822,"Home|Holiday|Textiles|96"" GREEN TARTAN TABLE RUNNER",,In-Stock: Ships in 5 to 14 days,,,,L: 96in W: 18in,,4,$26.00 ,,,,,4,Ragon400,Ragon160,https://cdn11.bigcommerce.com/s-xvps74vl0m/images/stencil/1280x1280/products/9702/26695/SS211822_1__53817.1678296711.jpg?c=1,SS211822_1__53817.1678296711.jpg?c=1,,,Ragon800,SS211822_1__53817.1678296711.jpg?c=1
,,,,,,,,,,,,,,,,,,,,,,,,
"13.75"" IVORY W/ GOLD TRIM PAPER CONE TREE",WS227436,"Home|Sale!|Holiday|13.75"" IVORY W/ GOLD TRIM PAPER CONE TREE",,In-Stock: Ships in 5 to 14 days,,,,L: 9.25in W: 9.25in H: 13.75in,,2,$8.55 ,,,,,2,Ragon400,Ragon160,https://cdn11.bigcommerce.com/s-xvps74vl0m/images/stencil/1280x1280/products/12397/33786/WS227436_2__54780.1712154140.jpg?c=1,WS227436_2__54780.1712154140.jpg?c=1,,,Ragon800,WS227436_2__54780.1712154140.jpg?c=1
,,,,,,,,,,,,,,,,,,,,,,,,
AGED METAL TABLETOP LED LIGHT W/ HANDLE,MH222606,Home|Everyday|Tabletop & Misc.|AGED METAL TABLETOP LED LIGHT W/ HANDLE,"REQUIRES 2 (AA) BATTERIES, BATTERIES NOT INCLUDED.
G30",SOLD OUT,,,,L: 8in W: 6.50in H: 9in,,,$23.25 ,,,,,,Ragon400,Ragon160,https://cdn11.bigcommerce.com/s-xvps74vl0m/images/stencil/1280x1280/products/10347/29048/MH222606_1__84672.1701887364.jpg?c=1,MH222606_1__84672.1701887364.jpg?c=1,,,Ragon800,MH222606_1__84672.1701887364.jpg?c=1
,,,,,,,,,,,,,,,,,,,,,,,,
DOUBLE VASE GRASS HOLDER,E217070,Home|Everyday|Vases|DOUBLE VASE GRASS HOLDER,"VASE OPENING: 3.25""",SOLD OUT,,,,L: 13.25in W: 5in H: 10.75in,,,$12.50 ,,,,,,Ragon400,Ragon160,https://cdn11.bigcommerce.com/s-xvps74vl0m/images/stencil/1280x1280/products/8190/24120/E217070_2__91238.1677257732.jpg?c=1,E217070_2__91238.1677257732.jpg?c=1,,,Ragon800,E217070_2__91238.1677257732.jpg?c=1
,,,,,,,,,,,,,,,,,,,,,,,,
AGED GREEN PEDESTAL BOWL W/ HANDLES,ZH222780,Home|Everyday|Tabletop & Misc.|AGED GREEN PEDESTAL BOWL W/ HANDLES,,In-Stock: Ships in 5 to 14 days,,,,L: 12.50in W: 12.50in H: 6in,,2,$19.80 ,,,,,2,Ragon400,Ragon160,https://cdn11.bigcommerce.com/s-xvps74vl0m/images/stencil/1280x1280/products/12671/34039/ZH222780_4__77364.1715786727.jpg?c=1,ZH222780_4__77364.1715786727.jpg?c=1,,,Ragon800,ZH222780_4__77364.1715786727.jpg?c=1
,,,,,,,,,,,,,,,,,,,,,,,,
FRESH ROASTED COFFEE SIGN,E217030,Home|Everyday|Kitchen|FRESH ROASTED COFFEE SIGN,,In-Stock: Ships in 5 to 14 days,,,,L: 40in W: 0.50in H: 11in,,2,$35.25 ,,,,,2,Ragon400,Ragon160,https://cdn11.bigcommerce.com/s-xvps74vl0m/images/stencil/1280x1280/products/8181/24090/E217030_2__33420.1677257724.jpg?c=1,E217030_2__33420.1677257724.jpg?c=1,,,Ragon800,E217030_2__33420.1677257724.jpg?c=1
,,,,,,,,,,,,,,,,,,,,,,,,
WHITE SITTING BUNNY,E226139,Home|Everyday|Easter & Spring|WHITE SITTING BUNNY,,SOLD OUT,,,,L: 5.75in W: 3.75in H: 8.50in,,,$9.65 ,,,,,,Ragon400,Ragon160,https://cdn11.bigcommerce.com/s-xvps74vl0m/images/stencil/1280x1280/products/10638/29458/E226139_3__38192.1701963433.jpg?c=1,E226139_3__38192.1701963433.jpg?c=1,,,Ragon800,E226139_3__38192.1701963433.jpg?c=1
,,,,,,,,,,,,,,,,,,,,,,,,
"3.25"" WHITE CEMENT GRID 3D FLAME CANDLE",NY236500,"Home|Flameless Candles|3.25"" WHITE CEMENT GRID 3D FLAME CANDLE","6 HR TIMER | ON/OFF BUTTON
REQUIRES 2 (AA) BATTERIES, BATTERIES NOT INCLUDED.",In-Stock: Ships in 5 to 14 days,,,,L: 4in W: 4in H: 3.25in,,4,$7.15 ,,,,,4,Ragon400,Ragon160,https://cdn11.bigcommerce.com/s-xvps74vl0m/images/stencil/1280x1280/products/16622/36626/NY236500_2__76131.1733943347.jpg?c=1,NY236500_2__76131.1733943347.jpg?c=1,,,Ragon800,NY236500_2__76131.1733943347.jpg?c=1
,,,,,,,,,,,,,,,,,,,,,,,,
COLE'S SEED STORE SIGN,E183191,Home|Everyday|Wall Décor|COLE'S SEED STORE SIGN,"7""L X 1.50""W X 10""H, WOOD ",In-Stock: Ships in 5 to 14 days,,,,L: 7in W: 1.50in H: 10in,,4,$8.55 ,,,,,4,Ragon400,Ragon160,https://cdn11.bigcommerce.com/s-xvps74vl0m/images/stencil/1280x1280/products/4813/7022/E183191__56612.1626460366.jpg?c=1,E183191__56612.1626460366.jpg?c=1,,,Ragon800,E183191__56612.1626460366.jpg?c=1
,,,,,,,,,,,,,,,,,,,,,,,,
"13"" NEW ENGLAND BOXWOOD & BERRIES BUSH",G228370,"Home|Everyday|Florals|13"" NEW ENGLAND BOXWOOD & BERRIES BUSH",,In-Stock: Ships in 5 to 14 days,,,,L: 13in,,24,$3.05 ,,,,,24,Ragon400,Ragon160,https://cdn11.bigcommerce.com/s-xvps74vl0m/images/stencil/1280x1280/products/10155/35416/G228370_4__24424.1733863786.jpg?c=1,G228370_4__24424.1733863786.jpg?c=1,,,Ragon800,G228370_4__24424.1733863786.jpg?c=1
,,,,,,,,,,,,,,,,,,,,,,,,
"9"" DARK GREEN 3 WICK 3D FLAME CANDLE",NY236649,"Home|Flameless Candles|9"" DARK GREEN 3 WICK 3D FLAME CANDLE","6 HR TIMER | ON/OFF BUTTON
REQUIRES 3 (AA) BATTERIES, BATTERIES NOT INCLUDED.",Projected Summer 2025,,,,L: 6in W: 6in H: 9in,,2,$23.25 ,,,,,2,Ragon400,Ragon160,https://cdn11.bigcommerce.com/s-xvps74vl0m/images/stencil/1280x1280/products/18258/41584/NY236649_3__25815.1749826524.jpg?c=1,NY236649_3__25815.1749826524.jpg?c=1,,,Ragon800,NY236649_3__25815.1749826524.jpg?c=1
,,,,,,,,,,,,,,,,,,,,,,,,
"5"" PRINTED LEAF KUGEL ORNAMENT",SS236188,"Home|Holiday|Ornaments, Garland & Tree Toppers|5"" PRINTED LEAF KUGEL ORNAMENT",,In-Stock: Ships in 5 to 14 days,,,,L: 5in,,4,$5.80 ,,,,,4,Ragon400,Ragon160,https://cdn11.bigcommerce.com/s-xvps74vl0m/images/stencil/1280x1280/products/17792/40613/SS236188_2__91652.1749155981.jpg?c=1,SS236188_2__91652.1749155981.jpg?c=1,,,Ragon800,SS236188_2__91652.1749155981.jpg?c=1
,,,,,,,,,,,,,,,,,,,,,,,,
"14"" VINTAGE WHITE BELSNICKLE",9059,"Home|Holiday|Snowmen, Santas & Angels|14"" VINTAGE WHITE BELSNICKLE","14""H, MACHE",In-Stock: Ships in 5 to 14 days,,,,L: 4.50in W: 4in H: 14in,,2,$21.00 ,,,,,2,Ragon400,Ragon160,https://cdn11.bigcommerce.com/s-xvps74vl0m/images/stencil/1280x1280/products/2809/41795/9059_4__44912.1751313048.jpg?c=1,9059_4__44912.1751313048.jpg?c=1,,,Ragon800,9059_4__44912.1751313048.jpg?c=1
,,,,,,,,,,,,,,,,,,,,,,,,
SET/ 3 GALVANIZED TWO HANDLE BUCKETS,ZH238623,Home|Sale!|Everyday|SET/ 3 GALVANIZED TWO HANDLE BUCKETS,"SM: 13.25""L X 12""W X 8.5""H MD: 15.5""L X 14""W X 9.5""H LG: 18""L X 16""W X 10.5""H",In-Stock: Ships in 5 to 14 days,,,,See Details tab,,1,$64.00 ,,,,,1,Ragon400,Ragon160,https://cdn11.bigcommerce.com/s-xvps74vl0m/images/stencil/1280x1280/products/16863/37157/ZH238623_6__61532.1733943490.jpg?c=1,ZH238623_6__61532.1733943490.jpg?c=1,,,Ragon800,ZH238623_6__61532.1733943490.jpg?c=1
,,,,,,,,,,,,,,,,,,,,,,,,
"60"" MID GREY STRIPE KNITTED BLANKET W/ FRINGE",HE195576,"Home|Holiday|Textiles|60"" MID GREY STRIPE KNITTED BLANKET W/ FRINGE","50""L X60""W, 100% ACRYLIC
CARE INSTRUCTIONS: MACHINE WASH COLD. SEPARATE. DO NOT BLEACH. LINE DRY ONLY.",In-Stock: Ships in 5 to 14 days,,,,L: 50in W: 60in,,4,$28.25 ,,,,,4,Ragon400,Ragon160,https://cdn11.bigcommerce.com/s-xvps74vl0m/images/stencil/1280x1280/products/3375/9443/HE195576_2__24097.1649684514.jpg?c=1,HE195576_2__24097.1649684514.jpg?c=1,,,Ragon800,HE195576_2__24097.1649684514.jpg?c=1
,,,,,,,,,,,,,,,,,,,,,,,,
"SET/ 2 - 7.25"" 3D FLAME CREAM SHIMMER TAPER CANDLE",NY236562,"Home|Flameless Candles|SET/ 2 - 7.25"" 3D FLAME CREAM SHIMMER TAPER CANDLE","6 HR TIMER | ON/OFF BUTTON
REQUIRES 2 (AAA) BATTERIES, BATTERIES NOT INCLUDED.",Projected Summer 2025,,,,L: 0.75in W: 0.75in H: 7.25in,,12,$8.55 ,,,,,12,Ragon400,Ragon160,https://cdn11.bigcommerce.com/s-xvps74vl0m/images/stencil/1280x1280/products/16655/36632/NY236562_1__83588.1733943349.jpg?c=1,NY236562_1__83588.1733943349.jpg?c=1,,,Ragon800,NY236562_1__83588.1733943349.jpg?c=1
,,,,,,,,,,,,,,,,,,,,,,,,
"15"" POTTED FERN",G233029,"Home|Sale!|Everyday|15"" POTTED FERN",,In-Stock: Ships in 5 to 14 days,,,,L: 15in W: 15in H: 15in,,3,$12.10 ,,,,,3,Ragon400,Ragon160,https://cdn11.bigcommerce.com/s-xvps74vl0m/images/stencil/1280x1280/products/16173/39781/G233029_3__62931.1741633295.jpg?c=1,G233029_3__62931.1741633295.jpg?c=1,,,Ragon800,G233029_3__62931.1741633295.jpg?c=1
,,,,,,,,,,,,,,,,,,,,,,,,
"13"" TABLETOP MOOSE ON STAND",E234155,"Home|Sale!|Everyday|13"" TABLETOP MOOSE ON STAND",,In-Stock: Ships in 5 to 14 days,,,,L: 13.75in W: 2.50in H: 13in,,4,$11.55 ,,,,,4,Ragon400,Ragon160,https://cdn11.bigcommerce.com/s-xvps74vl0m/images/stencil/1280x1280/products/15856/36789/E234155_4__34030.1733943391.jpg?c=1,E234155_4__34030.1733943391.jpg?c=1,,,Ragon800,E234155_4__34030.1733943391.jpg?c=1
,,,,,,,,,,,,,,,,,,,,,,,,
BROWN HORSE ORNAMENT,WS231830,"Home|Holiday|Ornaments, Garland & Tree Toppers|BROWN HORSE ORNAMENT",,In-Stock: Ships in 5 to 14 days,,,,L: 4.25in W: 1.50in H: 4in,,6,$6.35 ,,,,,6,Ragon400,Ragon160,https://cdn11.bigcommerce.com/s-xvps74vl0m/images/stencil/1280x1280/products/18215/40575/WS231830_3__50324.1749153185.jpg?c=1,WS231830_3__50324.1749153185.jpg?c=1,,,Ragon800,WS231830_3__50324.1749153185.jpg?c=1
,,,,,,,,,,,,,,,,,,,,,,,,
"3"" DARK GREY YARN BALL",HE195631,"Home|Sale!|Holiday|3"" DARK GREY YARN BALL","3""W, 100% POLYESTER
CARE INSTRUCTIONS: MACHINE WASH COLD. SEPARATE. DO NOT BLEACH. LINE DRY ONLY.",In-Stock: Ships in 5 to 14 days,,,,W: 3in,,12,$3.60 ,,,,,12,Ragon400,Ragon160,https://cdn11.bigcommerce.com/s-xvps74vl0m/images/stencil/1280x1280/products/3363/9469/HE195631_2__91252.1649684179.jpg?c=1,HE195631_2__91252.1649684179.jpg?c=1,,,Ragon800,HE195631_2__91252.1649684179.jpg?c=1
,,,,,,,,,,,,,,,,,,,,,,,,
6' TRADITIONAL GLASS GARLAND,WS231508,"Home|Holiday|Ornaments, Garland & Tree Toppers|6' TRADITIONAL GLASS GARLAND",,Projected Summer 2025,,,,L: 72in,,6,$18.45 ,,,,,6,Ragon400,Ragon160,https://cdn11.bigcommerce.com/s-xvps74vl0m/images/stencil/1280x1280/products/18046/41777/WS231508_4__28903.1750878276.jpg?c=1,WS231508_4__28903.1750878276.jpg?c=1,,,Ragon800,WS231508_4__28903.1750878276.jpg?c=1
,,,,,,,,,,,,,,,,,,,,,,,,
"11.75"" DARK WOOD RISER",SH238434,"Home|Sale!|Everyday|11.75"" DARK WOOD RISER",,In-Stock: Ships in 5 to 14 days,,,,L: 11.75in W: 11.75in H: 6.75in,,1,$43.75 ,,,,,1,Ragon400,Ragon160,https://cdn11.bigcommerce.com/s-xvps74vl0m/images/stencil/1280x1280/products/16760/37117/SH238434_7__45431.1733943479.jpg?c=1,SH238434_7__45431.1733943479.jpg?c=1,,,Ragon800,SH238434_7__45431.1733943479.jpg?c=1
,,,,,,,,,,,,,,,,,,,,,,,,
"14.75"" IVORY W/ GOLD TRIM PAPER TREE",WS227405,"Home|Holiday|Paper|14.75"" IVORY W/ GOLD TRIM PAPER TREE",,In-Stock: Ships in 5 to 14 days,,,,L: 8in W: 8in H: 14.75in,,2,$10.45 ,,,,,2,Ragon400,Ragon160,https://cdn11.bigcommerce.com/s-xvps74vl0m/images/stencil/1280x1280/products/12391/33781/WS227405_2__85267.1712154138.jpg?c=1,WS227405_2__85267.1712154138.jpg?c=1,,,Ragon800,WS227405_2__85267.1712154138.jpg?c=1
,,,,,,,,,,,,,,,,,,,,,,,,
GREY WIND CHIME W/ LEAF,E234435,Home|Sale!|Everyday|GREY WIND CHIME W/ LEAF,,In-Stock: Ships in 5 to 14 days,,,,L: 3.50in W: 3.50in H: 17in,,2,$13.75 ,,,,,2,Ragon400,Ragon160,https://cdn11.bigcommerce.com/s-xvps74vl0m/images/stencil/1280x1280/products/15934/36883/E234435_3__98760.1733943415.jpg?c=1,E234435_3__98760.1733943415.jpg?c=1,,,Ragon800,E234435_3__98760.1733943415.jpg?c=1
,,,,,,,,,,,,,,,,,,,,,,,,
PENGUIN ORNAMENT,KY239022,"Home|Holiday|Ornaments, Garland & Tree Toppers|PENGUIN ORNAMENT",,Late August,,,,L: 2in W: 2.50in H: 4.25in,,12,$3.30 ,,,,,12,Ragon400,Ragon160,https://cdn11.bigcommerce.com/s-xvps74vl0m/images/stencil/1280x1280/products/16907/40376/KY239022_1__13111.1749068046.jpg?c=1,KY239022_1__13111.1749068046.jpg?c=1,,,Ragon800,KY239022_1__13111.1749068046.jpg?c=1
,,,,,,,,,,,,,,,,,,,,,,,,
MOTH ORNAMENT,FB225411,Home|Everyday|Wall Décor|MOTH ORNAMENT,TWINE HANGER,SOLD OUT,,,,L: 5in W: 0.50in H: 3.25in,,,$4.70 ,,,,,,Ragon400,Ragon160,https://cdn11.bigcommerce.com/s-xvps74vl0m/images/stencil/1280x1280/products/11018/33372/FB225411_3__50123.1711115393.jpg?c=1,FB225411_3__50123.1711115393.jpg?c=1,,,Ragon800,FB225411_3__50123.1711115393.jpg?c=1
,,,,,,,,,,,,,,,,,,,,,,,,
"34"" MIXED PINE WREATH W/ PINECONES",HH195627,"Home|Holiday|Greenery, Wreaths & Trees|34"" MIXED PINE WREATH W/ PINECONES",,SOLD OUT,,,,L: 37in W: 5in H: 37in,,,$103.50 ,,,,,,Ragon400,Ragon160,https://cdn11.bigcommerce.com/s-xvps74vl0m/images/stencil/1280x1280/products/3344/9620/HH195627_3__23964.1626464154.jpg?c=1,HH195627_3__23964.1626464154.jpg?c=1,,,Ragon800,HH195627_3__23964.1626464154.jpg?c=1
,,,,,,,,,,,,,,,,,,,,,,,,
WOOD & METAL STACKING BINS,E203129,Home|Everyday|Furniture & Mirrors|WOOD & METAL STACKING BINS,"WHEELS ARE REMOVABLE
BIN DIMENSIONS - SM: 12.5""L X 9""W, MD: 12.5""L X 13""W, LG: 12.5""L X 17""W",In-Stock: Ships in 5 to 14 days,,,,L: 15in W: 19in H: 29.75in,,1,$208.00 ,,,,,1,Ragon400,Ragon160,https://cdn11.bigcommerce.com/s-xvps74vl0m/images/stencil/1280x1280/products/6477/14018/E203129_6__79306.1647270007.jpg?c=1,E203129_6__79306.1647270007.jpg?c=1,,,Ragon800,E203129_6__79306.1647270007.jpg?c=1
,,,,,,,,,,,,,,,,,,,,,,,,
"27.5"" COFFEE BRISTLEGRASS SPRAY",OR235606,"Home|Sale!|Everyday|27.5"" COFFEE BRISTLEGRASS SPRAY",,In-Stock: Ships in 5 to 14 days,,,,L: 27.50in W: 6in,,24,$4.40 ,,,,,24,Ragon400,Ragon160,https://cdn11.bigcommerce.com/s-xvps74vl0m/images/stencil/1280x1280/products/16727/35243/OR235606_1__85481.1733861465.jpg?c=1,OR235606_1__85481.1733861465.jpg?c=1,,,Ragon800,OR235606_1__85481.1733861465.jpg?c=1
,,,,,,,,,,,,,,,,,,,,,,,,
"50.5"" FRAMED METAL SNOWFLAKES",H237520,"Home|Holiday|Signs|50.5"" FRAMED METAL SNOWFLAKES","CAN BE HUNG VERTICAL OR HORIZONTAL
4 TRIANGLE HANGERS",In-Stock: Ships in 5 to 14 days,,,,L: 50.50in W: 2in H: 15.75in,,1,$109.00 ,,,,,1,Ragon400,Ragon160,https://cdn11.bigcommerce.com/s-xvps74vl0m/images/stencil/1280x1280/products/17368/41531/H237520_2__81442.1749826514.jpg?c=1,H237520_2__81442.1749826514.jpg?c=1,,,Ragon800,H237520_2__81442.1749826514.jpg?c=1
,,,,,,,,,,,,,,,,,,,,,,,,
9' LARGE ROUND STAINED WOOD BEAD GARLAND,SS221952,"Home|Holiday|Ornaments, Garland & Tree Toppers|9' LARGE ROUND STAINED WOOD BEAD GARLAND",,Projected Summer 2025,,,,L: 108in,,6,$9.90 ,,,,,6,Ragon400,Ragon160,https://cdn11.bigcommerce.com/s-xvps74vl0m/images/stencil/1280x1280/products/11869/33752/SS221952__42852.1712154128.jpg?c=1,SS221952__42852.1712154128.jpg?c=1,,,Ragon800,SS221952__42852.1712154128.jpg?c=1
,,,,,,,,,,,,,,,,,,,,,,,,
"16"" LIGHTED TREE IN RED GLASS BASE",WS192524,"Home|Sale!|Holiday|16"" LIGHTED TREE IN RED GLASS BASE","4.25""W X 16""H, SISAL, glass
*REQUIRES 3 AA BATTERIES, NOT INCLUDED",In-Stock: Ships in 5 to 14 days,,,,W: 4.25in H: 16in,,4,$35.25 ,,,,,4,Ragon400,Ragon160,https://cdn11.bigcommerce.com/s-xvps74vl0m/images/stencil/1280x1280/products/3108/27928/WS192524_2__29716.1685738523.jpg?c=1,WS192524_2__29716.1685738523.jpg?c=1,,,Ragon800,WS192524_2__29716.1685738523.jpg?c=1
,,,,,,,,,,,,,,,,,,,,,,,,
WALL HANGER BRACKETS,HY204012,Home|Sale!|Everyday|WALL HANGER BRACKETS,,In-Stock: Ships in 5 to 14 days,,,,L: 15.75in W: 5.50in H: 24.25in,,2,$27.50 ,,,,,2,Ragon400,Ragon160,https://cdn11.bigcommerce.com/s-xvps74vl0m/images/stencil/1280x1280/products/7298/18676/HY204012_1__80413.1649682300.jpg?c=1,HY204012_1__80413.1649682300.jpg?c=1,,,Ragon800,HY204012_1__80413.1649682300.jpg?c=1
,,,,,,,,,,,,,,,,,,,,,,,,
"24"" ICY HEMLOCK & PINE WREATH",G233256,"Home|Holiday|Greenery, Wreaths & Trees|24"" ICY HEMLOCK & PINE WREATH","METAL RING HANGER
RING",In-Stock: Ships in 5 to 14 days,,,,L: 24in W: 4in,,1,$37.50 ,,,,,1,Ragon400,Ragon160,https://cdn11.bigcommerce.com/s-xvps74vl0m/images/stencil/1280x1280/products/17187/41455/G233256_1__05076.1749826495.jpg?c=1,G233256_1__05076.1749826495.jpg?c=1,,,Ragon800,G233256_1__05076.1749826495.jpg?c=1
,,,,,,,,,,,,,,,,,,,,,,,,
6' SNOW FLURRY GARLAND W/ RED BERRIES,G228630,"Home|Holiday|Greenery, Wreaths & Trees|6' SNOW FLURRY GARLAND W/ RED BERRIES",,In-Stock: Ships in 5 to 14 days,,,,L: 72in,,2,$37.50 ,,,,,2,Ragon400,Ragon160,https://cdn11.bigcommerce.com/s-xvps74vl0m/images/stencil/1280x1280/products/11356/32129/G228630_2__45469.1708440814.jpg?c=1,G228630_2__45469.1708440814.jpg?c=1,,,Ragon800,G228630_2__45469.1708440814.jpg?c=1
,,,,,,,,,,,,,,,,,,,,,,,,
3' SNOWY PINE TREE,G233513,"Home|Holiday|Greenery, Wreaths & Trees|3' SNOWY PINE TREE",,In-Stock: Ships in 5 to 14 days,,,,W: 26in H: 36in,,1,$54.00 ,,,,,1,Ragon400,Ragon160,https://cdn11.bigcommerce.com/s-xvps74vl0m/images/stencil/1280x1280/products/17241/41489/G233513_1__24642.1749826503.jpg?c=1,G233513_1__24642.1749826503.jpg?c=1,,,Ragon800,G233513_1__24642.1749826503.jpg?c=1
,,,,,,,,,,,,,,,,,,,,,,,,
"9"" BROWN RESIN TREE",WS221364,"Home|Holiday|Cabin & Lodge|9"" BROWN RESIN TREE",,Projected Summer 2025,,,,W: 4.50in H: 9in,,4,$11.85 ,,,,,4,Ragon400,Ragon160,https://cdn11.bigcommerce.com/s-xvps74vl0m/images/stencil/1280x1280/products/12199/33146/WS221364_3__22761.1711051844.jpg?c=1,WS221364_3__22761.1711051844.jpg?c=1,,,Ragon800,WS221364_3__22761.1711051844.jpg?c=1
,,,,,,,,,,,,,,,,,,,,,,,,
"18.5"" WEATHERED VASE",E234338,"Home|Sale!|Everyday|18.5"" WEATHERED VASE",,In-Stock: Ships in 5 to 14 days,,,,L: 5.50in W: 5.50in H: 18.50in,,2,$26.50 ,,,,,2,Ragon400,Ragon160,https://cdn11.bigcommerce.com/s-xvps74vl0m/images/stencil/1280x1280/products/15898/36843/E234338_4__76360.1733943405.jpg?c=1,E234338_4__76360.1733943405.jpg?c=1,,,Ragon800,E234338_4__76360.1733943405.jpg?c=1
,,,,,,,,,,,,,,,,,,,,,,,,
"28"" MULBERRY STEM",G232545,"Home|Everyday|Florals|28"" MULBERRY STEM",,In-Stock: Ships in 5 to 14 days,,,,L: 28in W: 6in,,12,$6.90 ,,,,,12,Ragon400,Ragon160,https://cdn11.bigcommerce.com/s-xvps74vl0m/images/stencil/1280x1280/products/16060/34337/G232545_1__57998.1733861198.jpg?c=1,G232545_1__57998.1733861198.jpg?c=1,,,Ragon800,G232545_1__57998.1733861198.jpg?c=1
,,,,,,,,,,,,,,,,,,,,,,,,
"40.25"" WOOD MIRROR",E226303,"Home|Sale!|Everyday|40.25"" WOOD MIRROR",2 HALF CIRCLE HANGERS,In-Stock: Ships in 5 to 14 days,,,,L: 12in W: 1.50in H: 40.25in,,2,$53.00 ,,,,,2,Ragon400,Ragon160,https://cdn11.bigcommerce.com/s-xvps74vl0m/images/stencil/1280x1280/products/10682/29407/E226303_4__70920.1701962502.jpg?c=1,E226303_4__70920.1701962502.jpg?c=1,,,Ragon800,E226303_4__70920.1701962502.jpg?c=1
,,,,,,,,,,,,,,,,,,,,,,,,
WINTER WOODLAND PRINT*,H223365,Home|Holiday|Cabin & Lodge|WINTER WOODLAND PRINT*,"*ITEM MUST SHIP FREIGHT - ADDITIONAL FREIGHT CHARGES MAY APPLY. ORDERS CONTAINING FREIGHT ITEMS MUST REACH A $1,000 MINIMUM ORDER
  2 HALF CIRCLE HANGERS",In-Stock: Ships in 5 to 14 days,,,,L: 43in W: 1.50in H: 38.50in,,1,$123.25 ,,,,,1,Ragon400,Ragon160,https://cdn11.bigcommerce.com/s-xvps74vl0m/images/stencil/1280x1280/products/10833/33911/H223365_1__49472.1712868560.jpg?c=1,H223365_1__49472.1712868560.jpg?c=1,,,Ragon800,H223365_1__49472.1712868560.jpg?c=1
,,,,,,,,,,,,,,,,,,,,,,,,
"6"" OMBRE GREEN & SILVER CONE TREE",WS218328,"Home|Holiday|Tabletop & Misc.|6"" OMBRE GREEN & SILVER CONE TREE",,In-Stock: Ships in 5 to 14 days,,,,H: 6in,,6,$5.50 ,,,,,6,Ragon400,Ragon160,https://cdn11.bigcommerce.com/s-xvps74vl0m/images/stencil/1280x1280/products/9376/26898/WS218328_1__13574.1679513746.jpg?c=1,WS218328_1__13574.1679513746.jpg?c=1,,,Ragon800,WS218328_1__13574.1679513746.jpg?c=1
,,,,,,,,,,,,,,,,,,,,,,,,
"25"" BURGUNDY PEONY STEM",G219261,"Home|Everyday|Florals|25"" BURGUNDY PEONY STEM",,In-Stock: Ships in 5 to 14 days,,,,L: 25in,,12,$3.30 ,,,,,12,Ragon400,Ragon160,https://cdn11.bigcommerce.com/s-xvps74vl0m/images/stencil/1280x1280/products/8403/24598/G219261_1__36863.1677257876.jpg?c=1,G219261_1__36863.1677257876.jpg?c=1,,,Ragon800,G219261_1__36863.1677257876.jpg?c=1
,,,,,,,,,,,,,,,,,,,,,,,,
"8.5"" GOLD LANTERN",E226281,"Home|Sale!|Everyday|8.5"" GOLD LANTERN","HANGING HEIGHT: 12""",In-Stock: Ships in 5 to 14 days,,,,L: 7in W: 7in H: 8.50in,,2,$28.75 ,,,,,2,Ragon400,Ragon160,https://cdn11.bigcommerce.com/s-xvps74vl0m/images/stencil/1280x1280/products/10672/33487/E226281-E226282_6__03316.1711484948.jpg?c=1,E226281-E226282_6__03316.1711484948.jpg?c=1,,,Ragon800,E226281-E226282_6__03316.1711484948.jpg?c=1
,,,,,,,,,,,,,,,,,,,,,,,,
"14.5"" YELLOW GERANIUM BUSH",G228456,"Home|Everyday|Florals|14.5"" YELLOW GERANIUM BUSH",,SOLD OUT,,,,L: 14.50in,,,$9.65 ,,,,,,Ragon400,Ragon160,https://cdn11.bigcommerce.com/s-xvps74vl0m/images/stencil/1280x1280/products/13794/35654/G228456_4__13776.1733863851.jpg?c=1,G228456_4__13776.1733863851.jpg?c=1,,,Ragon800,G228456_4__13776.1733863851.jpg?c=1
,,,,,,,,,,,,,,,,,,,,,,,,
"27"" GYPSOPHILA SPRAY",G201243,"Home|Everyday|Florals|27"" GYPSOPHILA SPRAY",,In-Stock: Ships in 5 to 14 days,,,,L: 27in,,12,$6.35 ,,,,,12,Ragon400,Ragon160,https://cdn11.bigcommerce.com/s-xvps74vl0m/images/stencil/1280x1280/products/6793/20171/G201243_10__11863.1658342240.jpg?c=1,G201243_10__11863.1658342240.jpg?c=1,,,Ragon800,G201243_10__11863.1658342240.jpg?c=1
,,,,,,,,,,,,,,,,,,,,,,,,
RAISED GOLD TRAY W/ BIRDS,HY238091,Home|Sale!|Everyday|RAISED GOLD TRAY W/ BIRDS,,In-Stock: Ships in 5 to 14 days,,,,L: 15.50in W: 15.50in H: 9.50in,,2,$32.00 ,,,,,2,Ragon400,Ragon160,https://cdn11.bigcommerce.com/s-xvps74vl0m/images/stencil/1280x1280/products/16395/36971/HY238091_4__42718.1733943439.jpg?c=1,HY238091_4__42718.1733943439.jpg?c=1,,,Ragon800,HY238091_4__42718.1733943439.jpg?c=1
,,,,,,,,,,,,,,,,,,,,,,,,
"24"" BURGUNDY MAGNOLIA W/ GLITTER STEM",G219689,"Home|Holiday|Greenery, Wreaths & Trees|24"" BURGUNDY MAGNOLIA W/ GLITTER STEM",,SOLD OUT,,,,L: 24in,,,$4.70 ,,,,,,Ragon400,Ragon160,https://cdn11.bigcommerce.com/s-xvps74vl0m/images/stencil/1280x1280/products/8923/26613/G219689_2__07793.1678296686.jpg?c=1,G219689_2__07793.1678296686.jpg?c=1,,,Ragon800,G219689_2__07793.1678296686.jpg?c=1
,,,,,,,,,,,,,,,,,,,,,,,,
"25"" WHITE HYDRANGEA SPRAY",HZ238865,"Home|Everyday|Florals|25"" WHITE HYDRANGEA SPRAY",,SOLD OUT,,,,L: 25in W: 7in,,,$4.15 ,,,,,,Ragon400,Ragon160,https://cdn11.bigcommerce.com/s-xvps74vl0m/images/stencil/1280x1280/products/16443/34855/HZ238865_3__20895.1733861350.jpg?c=1,HZ238865_3__20895.1733861350.jpg?c=1,,,Ragon800,HZ238865_3__20895.1733861350.jpg?c=1
,,,,,,,,,,,,,,,,,,,,,,,,
SET/ 2 GOLD PINECONES,E226650,Home|Holiday|Cabin & Lodge|SET/ 2 GOLD PINECONES,"SM: 2.5""L X 2.5""W X 3.5""H LG: 3""L X 3""W X 4.5""H",SOLD OUT,,,,See Details tab,,,$10.75 ,,,,,,Ragon400,Ragon160,https://cdn11.bigcommerce.com/s-xvps74vl0m/images/stencil/1280x1280/products/10950/32459/E226650_1__94433.1709219659.jpg?c=1,E226650_1__94433.1709219659.jpg?c=1,,,Ragon800,E226650_1__94433.1709219659.jpg?c=1
,,,,,,,,,,,,,,,,,,,,,,,,
"28"" MUSTARD PLAID TREE SKIRT",SS221925,"Home|Sale!|Holiday|28"" MUSTARD PLAID TREE SKIRT",,In-Stock: Ships in 5 to 14 days,,,,L: 28in,,4,$17.60 ,,,,,4,Ragon400,Ragon160,https://cdn11.bigcommerce.com/s-xvps74vl0m/images/stencil/1280x1280/products/11842/33988/SS221925_2__21193.1712868585.jpg?c=1,SS221925_2__21193.1712868585.jpg?c=1,,,Ragon800,SS221925_2__21193.1712868585.jpg?c=1
,,,,,,,,,,,,,,,,,,,,,,,,
"5"" CHAMPAGNE DOTTED GLASS 3D FLAME CANDLE",NY229012,"Home|Flameless Candles|5"" CHAMPAGNE DOTTED GLASS 3D FLAME CANDLE","6 HR TIMER | ON/OFF BUTTON
REQUIRES 2 (AA) BATTERIES, BATTERIES NOT INCLUDED.",In-Stock: Ships in 5 to 14 days,,,,L: 4in W: 4in H: 5in,,9,$9.10 ,,,,,9,Ragon400,Ragon160,https://cdn11.bigcommerce.com/s-xvps74vl0m/images/stencil/1280x1280/products/10386/29114/NY229012_1__81647.1701887386.jpg?c=1,NY229012_1__81647.1701887386.jpg?c=1,,,Ragon800,NY229012_1__81647.1701887386.jpg?c=1
,,,,,,,,,,,,,,,,,,,,,,,,
"12"" MOSS GREEN BOTTLEBRUSH TREE",WS182292,"Home|Holiday|Bottlebrush|12"" MOSS GREEN BOTTLEBRUSH TREE","4.5''W X 12''H, BOTTLEBRUSH",In-Stock: Ships in 5 to 14 days,,,,L: 4.50in W: 4.50in H: 12in,,3,$12.05 ,,,,,3,Ragon400,Ragon160,https://cdn11.bigcommerce.com/s-xvps74vl0m/images/stencil/1280x1280/products/5364/27898/WS182292_1__78925.1685737113.jpg?c=1,WS182292_1__78925.1685737113.jpg?c=1,,,Ragon800,WS182292_1__78925.1685737113.jpg?c=1
,,,,,,,,,,,,,,,,,,,,,,,,
"9.5"" BOTANICAL IN OBLONG CERAMIC POT",OR224675,"Home|Everyday|Florals|9.5"" BOTANICAL IN OBLONG CERAMIC POT",,SOLD OUT,,,,L: 9.75in W: 7.50in H: 9.50in,,,$24.25 ,,,,,,Ragon400,Ragon160,https://cdn11.bigcommerce.com/s-xvps74vl0m/images/stencil/1280x1280/products/10476/35990/OR224675_7__44380.1733863947.jpg?c=1,OR224675_7__44380.1733863947.jpg?c=1,,,Ragon800,OR224675_7__44380.1733863947.jpg?c=1
,,,,,,,,,,,,,,,,,,,,,,,,
"14"" MEXICAN FERN PICK W/ RED BERRIES",G224831,"Home|Holiday|Greenery, Wreaths & Trees|14"" MEXICAN FERN PICK W/ RED BERRIES",,In-Stock: Ships in 5 to 14 days,,,,L: 14in,,24,$3.05 ,,,,,24,Ragon400,Ragon160,https://cdn11.bigcommerce.com/s-xvps74vl0m/images/stencil/1280x1280/products/11051/32088/G224831_3__26713.1708440800.jpg?c=1,G224831_3__26713.1708440800.jpg?c=1,,,Ragon800,G224831_3__26713.1708440800.jpg?c=1
,,,,,,,,,,,,,,,,,,,,,,,,
SET/ 4 TWO TONE STRIPED BASKETS,LW229548,Home|Everyday|Baskets & Buckets|SET/ 4 TWO TONE STRIPED BASKETS,"SM: 9.5""L X 9.5""W X 11.25""H MD: 10.75""L X 10.75""W X 13""H LG: 13""L X 13""W X 14.75""H XL: 15""L X 15""W X 16.25""H",In-Stock: Ships in 5 to 14 days,,,,See Details tab,,2,$54.00 ,,,,,2,Ragon400,Ragon160,https://cdn11.bigcommerce.com/s-xvps74vl0m/images/stencil/1280x1280/products/10298/28978/LW229548_1__31655.1701887340.jpg?c=1,LW229548_1__31655.1701887340.jpg?c=1,,,Ragon800,LW229548_1__31655.1701887340.jpg?c=1
,,,,,,,,,,,,,,,,,,,,,,,,
"27"" BASKET WEAVE HAMPER",E217407,"Home|Sale!|Everyday|27"" BASKET WEAVE HAMPER","BASKET HEIGHT: 19.25""",In-Stock: Ships in 5 to 14 days,,,,L: 13in W: 11in H: 27in,,2,$59.00 ,,,,,2,Ragon400,Ragon160,https://cdn11.bigcommerce.com/s-xvps74vl0m/images/stencil/1280x1280/products/9828/28253/E217407_1__98266.1689794563.jpg?c=1,E217407_1__98266.1689794563.jpg?c=1,,,Ragon800,E217407_1__98266.1689794563.jpg?c=1
,,,,,,,,,,,,,,,,,,,,,,,,
"8.5"" BOTANICAL IN CERAMIC POT",OR224673,"Home|Everyday|Florals|8.5"" BOTANICAL IN CERAMIC POT",,In-Stock: Ships in 5 to 14 days,,,,L: 6.75in W: 6.75in H: 8.50in,,4,$13.75 ,,,,,4,Ragon400,Ragon160,https://cdn11.bigcommerce.com/s-xvps74vl0m/images/stencil/1280x1280/products/10475/36044/OR224673_4__37231.1733863965.jpg?c=1,OR224673_4__37231.1733863965.jpg?c=1,,,Ragon800,OR224673_4__37231.1733863965.jpg?c=1
,,,,,,,,,,,,,,,,,,,,,,,,
WHITE COFFEE PLAQUE,E203153,Home|Everyday|Kitchen|WHITE COFFEE PLAQUE,,In-Stock: Ships in 5 to 14 days,,,,L: 5in W: 0.25in H: 1.75in,,12,$2.75 ,,,,,12,Ragon400,Ragon160,https://cdn11.bigcommerce.com/s-xvps74vl0m/images/stencil/1280x1280/products/8009/18526/E203153_5__15121.1647269998.jpg?c=1,E203153_5__15121.1647269998.jpg?c=1,,,Ragon800,E203153_5__15121.1647269998.jpg?c=1
,,,,,,,,,,,,,,,,,,,,,,,,
"13.5"" GOLD BELSNICKLE W/ USA FLAG",WS218304,"Home|Holiday|Snowmen, Santas & Angels|13.5"" GOLD BELSNICKLE W/ USA FLAG",,SOLD OUT,,,,L: 5.50in W: 4.75in H: 13.50in,,,$32.00 ,,,,,,Ragon400,Ragon160,https://cdn11.bigcommerce.com/s-xvps74vl0m/images/stencil/1280x1280/products/9354/26892/WS218304_2__81360.1679513172.jpg?c=1,WS218304_2__81360.1679513172.jpg?c=1,,,Ragon800,WS218304_2__81360.1679513172.jpg?c=1
,,,,,,,,,,,,,,,,,,,,,,,,
"20"" PINE W/ PINECONES BUSH",G219589,"Home|Holiday|Greenery, Wreaths & Trees|20"" PINE W/ PINECONES BUSH",,In-Stock: Ships in 5 to 14 days,,,,L: 20in,,12,$6.60 ,,,,,12,Ragon400,Ragon160,https://cdn11.bigcommerce.com/s-xvps74vl0m/images/stencil/1280x1280/products/8863/41143/G219589_2__40079.1749826430.jpg?c=1,G219589_2__40079.1749826430.jpg?c=1,,,Ragon800,G219589_2__40079.1749826430.jpg?c=1
,,,,,,,,,,,,,,,,,,,,,,,,
"12"" SNOWY RED LONG STEM BOTTLEBRUSH TREE",WS182276,"Home|Holiday|Bottlebrush|12"" SNOWY RED LONG STEM BOTTLEBRUSH TREE","3''W X 12''H, BOTTLEBRUSH",In-Stock: Ships in 5 to 14 days,,,,W: 3in H: 12in,,6,$8.55 ,,,,,6,Ragon400,Ragon160,https://cdn11.bigcommerce.com/s-xvps74vl0m/images/stencil/1280x1280/products/5356/27888/WS182276_2__93204.1685736637.jpg?c=1,WS182276_2__93204.1685736637.jpg?c=1,,,Ragon800,WS182276_2__93204.1685736637.jpg?c=1
,,,,,,,,,,,,,,,,,,,,,,,,
"8"" DARK GREEN 3D FLAME BALSAM TREE CANDLE",NY236683,"Home|Flameless Candles|8"" DARK GREEN 3D FLAME BALSAM TREE CANDLE","6 HR TIMER | ON/OFF BUTTON
REQUIRES 2 (AA) BATTERIES, BATTERIES NOT INCLUDED.",In-Stock: Ships in 5 to 14 days,,,,L: 4.50in W: 4.50in H: 8in,,6,$8.55 ,,,,,6,Ragon400,Ragon160,https://cdn11.bigcommerce.com/s-xvps74vl0m/images/stencil/1280x1280/products/17674/40149/NY236683_2__80651.1748357500.jpg?c=1,NY236683_2__80651.1748357500.jpg?c=1,,,Ragon800,NY236683_2__80651.1748357500.jpg?c=1
,,,,,,,,,,,,,,,,,,,,,,,,
WOOD FRAMED BROWN NOSE COW SIGN,E217452,Home|Sale!|Everyday|WOOD FRAMED BROWN NOSE COW SIGN,2 SAWTOOTH HANGERS,In-Stock: Ships in 5 to 14 days,,,,L: 18in W: 0.75in H: 18in,,4,$26.50 ,,,,,4,Ragon400,Ragon160,https://cdn11.bigcommerce.com/s-xvps74vl0m/images/stencil/1280x1280/products/8296/24395/E217452_2__56028.1677257813.jpg?c=1,E217452_2__56028.1677257813.jpg?c=1,,,Ragon800,E217452_2__56028.1677257813.jpg?c=1
,,,,,,,,,,,,,,,,,,,,,,,,
"5.5"" BIRD ON STAND",BF235049,"Home|Everyday|Spring & Garden|5.5"" BIRD ON STAND",,SOLD OUT,,,,L: 3.75in W: 2in H: 5.50in,,,$5.50 ,,,,,,Ragon400,Ragon160,https://cdn11.bigcommerce.com/s-xvps74vl0m/images/stencil/1280x1280/products/15802/39817/BF235049__24791.1743392617.jpg?c=1,BF235049__24791.1743392617.jpg?c=1,,,Ragon800,BF235049__24791.1743392617.jpg?c=1
,,,,,,,,,,,,,,,,,,,,,,,,
AMBER HOOK,MH197291,"Home|Everyday|Lanterns, Lights & Hooks|AMBER HOOK","11.75""L X 0.75""W X 6""H, METAL",In-Stock: Ships in 5 to 14 days,,,,L: 11.75in W: 0.75in H: 6in,,2,$7.15 ,,,,,2,Ragon400,Ragon160,https://cdn11.bigcommerce.com/s-xvps74vl0m/images/stencil/1280x1280/products/3833/10465/MH197291__99102.1626464384.jpg?c=1,MH197291__99102.1626464384.jpg?c=1,,,Ragon800,MH197291__99102.1626464384.jpg?c=1
,,,,,,,,,,,,,,,,,,,,,,,,
"22"" WHITE HYDRANGEA SPRAY",OR235509,"Home|Everyday|Florals|22"" WHITE HYDRANGEA SPRAY",,SOLD OUT,,,,L: 22in W: 7in,,,$5.25 ,,,,,,Ragon400,Ragon160,https://cdn11.bigcommerce.com/s-xvps74vl0m/images/stencil/1280x1280/products/16689/35113/OR235509_2__74200.1733861427.jpg?c=1,OR235509_2__74200.1733861427.jpg?c=1,,,Ragon800,OR235509_2__74200.1733861427.jpg?c=1
,,,,,,,,,,,,,,,,,,,,,,,,
"6' BLUE, BRONZE & SILVER BEADED GARLAND",WS231512,"Home|Holiday|Ornaments, Garland & Tree Toppers|6' BLUE, BRONZE & SILVER BEADED GARLAND",,Early September,,,,L: 72in,,3,$18.45 ,,,,,3,Ragon400,Ragon160,https://cdn11.bigcommerce.com/s-xvps74vl0m/images/stencil/1280x1280/products/18048/40552/WS231512_1__56481.1749152266.jpg?c=1,WS231512_1__56481.1749152266.jpg?c=1,,,Ragon800,WS231512_1__56481.1749152266.jpg?c=1
,,,,,,,,,,,,,,,,,,,,,,,,
FRAMED BROWN BUNNY W/ BOW TIE PRINT,H237587,Home|Everyday|Easter & Spring|FRAMED BROWN BUNNY W/ BOW TIE PRINT,2 SAWTOOTH HANGERS,In-Stock: Ships in 5 to 14 days,,,,L: 16.50in W: 1.25in H: 23.25in,,1,$46.25 ,,,,,1,Ragon400,Ragon160,https://cdn11.bigcommerce.com/s-xvps74vl0m/images/stencil/1280x1280/products/16367/36941/H237587_1__82448.1733943430.jpg?c=1,H237587_1__82448.1733943430.jpg?c=1,,,Ragon800,H237587_1__82448.1733943430.jpg?c=1
,,,,,,,,,,,,,,,,,,,,,,,,
SET/ 9 BOXED MOSSY EGGS,G232608,Home|Everyday|Florals|SET/ 9 BOXED MOSSY EGGS,"INDIVIDUAL EGG: 1.75""L1.75""W 2""H",In-Stock: Ships in 5 to 14 days,,,,L: 6.25in W: 2in H: 6.25in,,8,$5.25 ,,,,,8,Ragon400,Ragon160,https://cdn11.bigcommerce.com/s-xvps74vl0m/images/stencil/1280x1280/products/16083/37238/G232608_5__12683.1735573191.jpg?c=1,G232608_5__12683.1735573191.jpg?c=1,,,Ragon800,G232608_5__12683.1735573191.jpg?c=1
,,,,,,,,,,,,,,,,,,,,,,,,
"35.25"" WOOD FRAMED ROUND MIRROR",E203160,"Home|Everyday|Wall Décor|35.25"" WOOD FRAMED ROUND MIRROR",2 HALF CIRCLE HOOKS,SOLD OUT,,,,L: 35.25in W: 1.50in H: 35.25in,,,$163.00 ,,,,,,Ragon400,Ragon160,https://cdn11.bigcommerce.com/s-xvps74vl0m/images/stencil/1280x1280/products/6489/15421/E203160_6__70570.1643051108.jpg?c=1,E203160_6__70570.1643051108.jpg?c=1,,,Ragon800,E203160_6__70570.1643051108.jpg?c=1
,,,,,,,,,,,,,,,,,,,,,,,,
"27"" CAMP CHRISTMAS PENNANT",SS232441,"Home|Holiday|Ornaments, Garland & Tree Toppers|27"" CAMP CHRISTMAS PENNANT",,Projected Summer 2025,,,,L: 27in,,4,$7.45 ,,,,,4,Ragon400,Ragon160,https://cdn11.bigcommerce.com/s-xvps74vl0m/images/stencil/1280x1280/products/11701/41615/SS232441_4__71695.1749826529.jpg?c=1,SS232441_4__71695.1749826529.jpg?c=1,,,Ragon800,SS232441_4__71695.1749826529.jpg?c=1
,,,,,,,,,,,,,,,,,,,,,,,,
BROWN VINTAGE BOOK BOX,SH238422,Home|Everyday|Journals|BROWN VINTAGE BOOK BOX,,In-Stock: Ships in 5 to 14 days,,,,L: 7.75in W: 2.50in H: 12in,,2,$13.50 ,,,,,2,Ragon400,Ragon160,https://cdn11.bigcommerce.com/s-xvps74vl0m/images/stencil/1280x1280/products/16756/36456/SH238422_2__41564.1733943302.jpg?c=1,SH238422_2__41564.1733943302.jpg?c=1,,,Ragon800,SH238422_2__41564.1733943302.jpg?c=1
,,,,,,,,,,,,,,,,,,,,,,,,
"36"" RED OLD TOWN WALL CLOCK",E203215,"Home|Everyday|Wall Décor|36"" RED OLD TOWN WALL CLOCK","1 AA BATTERY, NOT INCLUDED",SOLD OUT,,,,L: 36in W: 1in H: 36in,,,$142.00 ,,,,,,Ragon400,Ragon160,https://cdn11.bigcommerce.com/s-xvps74vl0m/images/stencil/1280x1280/products/6508/13336/E203215__78001.1641401760.jpg?c=1,E203215__78001.1641401760.jpg?c=1,,,Ragon800,E203215__78001.1641401760.jpg?c=1
,,,,,,,,,,,,,,,,,,,,,,,,
SET/ 2 - 3D FLAME RED TEALIGHT CANDLES,NY236553,Home|Flameless Candles|SET/ 2 - 3D FLAME RED TEALIGHT CANDLES,"6 HR TIMER | ON/OFF BUTTON
REQUIRES 1 (CR2032) BATTERY, BATTERY INCLUDED.",Projected Summer 2025,,,,L: 1.75in W: 1.75in H: 1in,,8,$7.15 ,,,,,8,Ragon400,Ragon160,https://cdn11.bigcommerce.com/s-xvps74vl0m/images/stencil/1280x1280/products/16646/37051/NY236553_2__11734.1733943460.jpg?c=1,NY236553_2__11734.1733943460.jpg?c=1,,,Ragon800,NY236553_2__11734.1733943460.jpg?c=1
,,,,,,,,,,,,,,,,,,,,,,,,
5' PURPLE VERBENA & DAISY GARLAND,G232555,Home|Sale!|Everyday|5' PURPLE VERBENA & DAISY GARLAND,,In-Stock: Ships in 5 to 14 days,,,,L: 60in W: 5in,,4,$24.25 ,,,,,4,Ragon400,Ragon160,https://cdn11.bigcommerce.com/s-xvps74vl0m/images/stencil/1280x1280/products/16065/34355/G232555_5__62024.1733861202.jpg?c=1,G232555_5__62024.1733861202.jpg?c=1,,,Ragon800,G232555_5__62024.1733861202.jpg?c=1
,,,,,,,,,,,,,,,,,,,,,,,,
"10.75"" VALENTINA LANTERN",MH236769,"Home|Everyday|Lanterns, Lights & Hooks|10.75"" VALENTINA LANTERN","HOLDS 1"" TAPER CANDLE
METAL RING",In-Stock: Ships in 5 to 14 days,,,,L: 3.25in W: 3.25in H: 10.75in,,4,$7.70 ,,,,,4,Ragon400,Ragon160,https://cdn11.bigcommerce.com/s-xvps74vl0m/images/stencil/1280x1280/products/16592/36086/MH236769_4__97180.1733943218.jpg?c=1,MH236769_4__97180.1733943218.jpg?c=1,,,Ragon800,MH236769_4__97180.1733943218.jpg?c=1
,,,,,,,,,,,,,,,,,,,,,,,,
5.25' WHITE CHERRY TREE,OR235539,Home|Sale!|Everyday|5.25' WHITE CHERRY TREE,"POT: 7.5""L 7.5""W 6.75""H",In-Stock: Ships in 5 to 14 days,,,,L: 24in W: 24in H: 63in,,1,$153.00 ,,,,,1,Ragon400,Ragon160,https://cdn11.bigcommerce.com/s-xvps74vl0m/images/stencil/1280x1280/products/16696/35139/OR235539_4__81619.1733861434.jpg?c=1,OR235539_4__81619.1733861434.jpg?c=1,,,Ragon800,OR235539_4__81619.1733861434.jpg?c=1
,,,,,,,,,,,,,,,,,,,,,,,,
MUSTARD PLAID CHARGER,WS221247,Home|Everyday|Kitchen|MUSTARD PLAID CHARGER,FOOD SAFE. DISHWASHER SAFE. TOP RACK ONLY. NOT FOR MICROWAVE OR OVEN USE.,In-Stock: Ships in 5 to 14 days,,,,L: 12in W: 12in,,4,$5.50 ,,,,,4,Ragon400,Ragon160,https://cdn11.bigcommerce.com/s-xvps74vl0m/images/stencil/1280x1280/products/10584/34015/WS221247_2__08052.1712868594.jpg?c=1,WS221247_2__08052.1712868594.jpg?c=1,,,Ragon800,WS221247_2__08052.1712868594.jpg?c=1
,,,,,,,,,,,,,,,,,,,,,,,,
GREY WIND CHIME W/ PINECONE,E234434,Home|Sale!|Everyday|GREY WIND CHIME W/ PINECONE,,In-Stock: Ships in 5 to 14 days,,,,L: 3.50in W: 3.50in H: 17in,,2,$15.95 ,,,,,2,Ragon400,Ragon160,https://cdn11.bigcommerce.com/s-xvps74vl0m/images/stencil/1280x1280/products/15933/36881/E234434_3__75942.1733943414.jpg?c=1,E234434_3__75942.1733943414.jpg?c=1,,,Ragon800,E234434_3__75942.1733943414.jpg?c=1
,,,,,,,,,,,,,,,,,,,,,,,,
"6.25"" STANDING SHEEP",KY239048,"Home|Holiday|Tabletop & Misc.|6.25"" STANDING SHEEP",,Late August,,,,L: 2in W: 6.25in H: 5in,,6,$5.80 ,,,,,6,Ragon400,Ragon160,https://cdn11.bigcommerce.com/s-xvps74vl0m/images/stencil/1280x1280/products/16919/40390/KY239048_1__52961.1749068605.jpg?c=1,KY239048_1__52961.1749068605.jpg?c=1,,,Ragon800,KY239048_1__52961.1749068605.jpg?c=1
,,,,,,,,,,,,,,,,,,,,,,,,
"7"" AUTUMN HUES BOTTLEBRUSH TREES BOX /5",WS192397,"Home|Holiday|Bottlebrush|7"" AUTUMN HUES BOTTLEBRUSH TREES BOX /5","2.50""W X 7""H, SISAL",In-Stock: Ships in 3 to 7 days,,,,W: 2.50in H: 7in,,3,$18.65 ,,,,,3,Ragon400,Ragon160,https://cdn11.bigcommerce.com/s-xvps74vl0m/images/stencil/1280x1280/products/3158/12246/WS192397_1__99531.1647962114.jpg?c=1,WS192397_1__99531.1647962114.jpg?c=1,,,Ragon800,WS192397_1__99531.1647962114.jpg?c=1
,,,,,,,,,,,,,,,,,,,,,,,,
"12"" CHARCOAL TERRACOTTA URN W/ HANDLE",G232626,"Home|Sale!|Everyday|12"" CHARCOAL TERRACOTTA URN W/ HANDLE",,In-Stock: Ships in 5 to 14 days,,,,L: 7.50in W: 7in H: 12in,,4,$16.50 ,,,,,4,Ragon400,Ragon160,https://cdn11.bigcommerce.com/s-xvps74vl0m/images/stencil/1280x1280/products/11168/30367/G225038__39765.1705425860.jpg?c=1,G225038__39765.1705425860.jpg?c=1,,,Ragon800,G225038__39765.1705425860.jpg?c=1
,,,,,,,,,,,,,,,,,,,,,,,,
"12"" WHITE 10 LAYER TREE",MH207447,"Home|Holiday|Tabletop & Misc.|12"" WHITE 10 LAYER TREE",,In-Stock: Ships in 5 to 14 days,,,,L: 3.25in W: 3.25in H: 12in,,6,$16.25 ,,,,,6,Ragon400,Ragon160,https://cdn11.bigcommerce.com/s-xvps74vl0m/images/stencil/1280x1280/products/7793/24894/MH207447_3__99521.1677257976.jpg?c=1,MH207447_3__99521.1677257976.jpg?c=1,,,Ragon800,MH207447_3__99521.1677257976.jpg?c=1
,,,,,,,,,,,,,,,,,,,,,,,,
"4"" CHARCOAL GLASS 3D FLAME CANDLE",NY213015,"Home|Flameless Candles|4"" CHARCOAL GLASS 3D FLAME CANDLE","6 HR TIMER
REQUIRES 3 (AAA) BATTERIES, BATTERIES NOT INCLUDED.",In-Stock: Ships in 5 to 14 days,,,,L: 3in W: 3in H: 4in,,6,$6.90 ,,,,,6,Ragon400,Ragon160,https://cdn11.bigcommerce.com/s-xvps74vl0m/images/stencil/1280x1280/products/8544/28056/NY213015_2__67151.1687548574.jpg?c=1,NY213015_2__67151.1687548574.jpg?c=1,,,Ragon800,NY213015_2__67151.1687548574.jpg?c=1
,,,,,,,,,,,,,,,,,,,,,,,,
"7"" MOVING FLAME BRONZE PILLAR CANDLE",NY229042,"Home|Flameless Candles|7"" MOVING FLAME BRONZE PILLAR CANDLE","6 HR TIMER | ON/OFF BUTTON
REQUIRES 2 (AA) BATTERIES, BATTERIES NOT INCLUDED.",In-Stock: Ships in 5 to 14 days,,,,L: 3.25in W: 3.25in H: 7in,,6,$9.90 ,,,,,6,Ragon400,Ragon160,https://cdn11.bigcommerce.com/s-xvps74vl0m/images/stencil/1280x1280/products/10413/29173/NY229042_3__33645.1701887403.jpg?c=1,NY229042_3__33645.1701887403.jpg?c=1,,,Ragon800,NY229042_3__33645.1701887403.jpg?c=1
,,,,,,,,,,,,,,,,,,,,,,,,
"5.5"" WHITE RHINESTONE SNOWFLAKE ORNAMENT",SS235917,"Home|Holiday|5.5"" WHITE RHINESTONE SNOWFLAKE ORNAMENT",,Projected Summer 2025,,,,L: 5.50in W: 0.50in H: 5.50in,,12,$4.15 ,,,,,12,Ragon400,Ragon160,https://cdn11.bigcommerce.com/s-xvps74vl0m/images/stencil/1280x1280/products/17735/40303/SS235917_1__08296.1748894657.jpg?c=1,SS235917_1__08296.1748894657.jpg?c=1,,,Ragon800,SS235917_1__08296.1748894657.jpg?c=1
,,,,,,,,,,,,,,,,,,,,,,,,
"21"" LAVENDER BUSH",G228076,"Home|Everyday|Florals|21"" LAVENDER BUSH",,In-Stock: Ships in 5 to 14 days,,,,L: 21in,,12,$5.80 ,,,,,12,Ragon400,Ragon160,https://cdn11.bigcommerce.com/s-xvps74vl0m/images/stencil/1280x1280/products/10060/35669/G228076_1__66070.1733863855.jpg?c=1,G228076_1__66070.1733863855.jpg?c=1,,,Ragon800,G228076_1__66070.1733863855.jpg?c=1
,,,,,,,,,,,,,,,,,,,,,,,,
"9.75"" STANDING SOLDIER",FB225298,"Home|Holiday|Tabletop & Misc.|9.75"" STANDING SOLDIER",,In-Stock: Ships in 5 to 14 days,,,,L: 2.50in W: 2.50in H: 9.75in,,4,$8.25 ,,,,,4,Ragon400,Ragon160,https://cdn11.bigcommerce.com/s-xvps74vl0m/images/stencil/1280x1280/products/10993/32075/FB225298_3__78895.1708440796.jpg?c=1,FB225298_3__78895.1708440796.jpg?c=1,,,Ragon800,FB225298_3__78895.1708440796.jpg?c=1
,,,,,,,,,,,,,,,,,,,,,,,,
"1.75"" WHITE MARBLE TAPER CANDLE STAND",E234107,"Home|Everyday|Candle Holders|1.75"" WHITE MARBLE TAPER CANDLE STAND",,In-Stock: Ships in 5 to 14 days,,,,L: 1.75in W: 1.75in H: 1.75in,,9,$5.50 ,,,,,9,Ragon400,Ragon160,https://cdn11.bigcommerce.com/s-xvps74vl0m/images/stencil/1280x1280/products/15844/36769/E234107_4__01505.1733943386.jpg?c=1,E234107_4__01505.1733943386.jpg?c=1,,,Ragon800,E234107_4__01505.1733943386.jpg?c=1
,,,,,,,,,,,,,,,,,,,,,,,,
VINTAGE FINDS SIGN,E203333,Home|Everyday|Wall Décor|VINTAGE FINDS SIGN,2 KEYHOLE HANGERS,In-Stock: Ships in 5 to 14 days,,,,L: 30.50in W: 0.25in H: 12.25in,,2,$26.50 ,,,,,2,Ragon400,Ragon160,https://cdn11.bigcommerce.com/s-xvps74vl0m/images/stencil/1280x1280/products/6557/20115/E203333_3__51001.1653321307.jpg?c=1,E203333_3__51001.1653321307.jpg?c=1,,,Ragon800,E203333_3__51001.1653321307.jpg?c=1
,,,,,,,,,,,,,,,,,,,,,,,,
JACOB VINTAGE SLED,H223358,Home|Sale!|Holiday|JACOB VINTAGE SLED,,In-Stock: Ships in 5 to 14 days,,,,L: 34in W: 13.25in H: 12.50in,,1,$169.00 ,,,,,1,Ragon400,Ragon160,https://cdn11.bigcommerce.com/s-xvps74vl0m/images/stencil/1280x1280/products/11580/32675/H223358_1__04881.1709219730.jpg?c=1,H223358_1__04881.1709219730.jpg?c=1,,,Ragon800,H223358_1__04881.1709219730.jpg?c=1
,,,,,,,,,,,,,,,,,,,,,,,,
"2"" CHAMPAGNE QUILTED TEARDROP KUGEL ORNAMENT",SS221813,"Home|Holiday|Ornaments, Garland & Tree Toppers|2"" CHAMPAGNE QUILTED TEARDROP KUGEL ORNAMENT",,In-Stock: Ships in 5 to 14 days,,,,W: 2in,,6,$1.65 ,,,,,6,Ragon400,Ragon160,https://cdn11.bigcommerce.com/s-xvps74vl0m/images/stencil/1280x1280/products/11788/33718/SS221813__81976.1712154116.jpg?c=1,SS221813__81976.1712154116.jpg?c=1,,,Ragon800,SS221813__81976.1712154116.jpg?c=1
,,,,,,,,,,,,,,,,,,,,,,,,
"5.75"" WHITE METAL FIR TREE",MH222549,"Home|Holiday|Tabletop & Misc.|5.75"" WHITE METAL FIR TREE",,SOLD OUT,,,,L: 3.25in W: 1.75in H: 5.75in,,,$2.50 ,,,,,,Ragon400,Ragon160,https://cdn11.bigcommerce.com/s-xvps74vl0m/images/stencil/1280x1280/products/11641/32211/MH222549_3__42288.1708440842.jpg?c=1,MH222549_3__42288.1708440842.jpg?c=1,,,Ragon800,MH222549_3__42288.1708440842.jpg?c=1
,,,,,,,,,,,,,,,,,,,,,,,,
"11.5"" GOLD LANTERN",E226282,"Home|Sale!|Everyday|11.5"" GOLD LANTERN","HANGING HEIGHT: 14.5""",In-Stock: Ships in 5 to 14 days,,,,L: 7in W: 7in H: 11.50in,,2,$32.00 ,,,,,2,Ragon400,Ragon160,https://cdn11.bigcommerce.com/s-xvps74vl0m/images/stencil/1280x1280/products/10673/29525/E226282_3__32501.1701963453.jpg?c=1,E226282_3__32501.1701963453.jpg?c=1,,,Ragon800,E226282_3__32501.1701963453.jpg?c=1
,,,,,,,,,,,,,,,,,,,,,,,,
"9"" HAY-SCENTED FERN IN CHARCOAL CERAMIC POT",G228300,"Home|Everyday|Florals|9"" HAY-SCENTED FERN IN CHARCOAL CERAMIC POT",,SOLD OUT,,,,W: 9in H: 5in,,,$6.60 ,,,,,,Ragon400,Ragon160,https://cdn11.bigcommerce.com/s-xvps74vl0m/images/stencil/1280x1280/products/10136/35981/G228300_6__84857.1733863944.jpg?c=1,G228300_6__84857.1733863944.jpg?c=1,,,Ragon800,G228300_6__84857.1733863944.jpg?c=1
,,,,,,,,,,,,,,,,,,,,,,,,
WOOD FRAMED BLACK NOSE COW SIGN,E217453,Home|Sale!|Everyday|WOOD FRAMED BLACK NOSE COW SIGN,2 SAWTOOTH HANGERS,In-Stock: Ships in 5 to 14 days,,,,L: 18in W: 0.75in H: 18in,,4,$26.50 ,,,,,4,Ragon400,Ragon160,https://cdn11.bigcommerce.com/s-xvps74vl0m/images/stencil/1280x1280/products/8297/24397/E217453_4__37289.1677257813.jpg?c=1,E217453_4__37289.1677257813.jpg?c=1,,,Ragon800,E217453_4__37289.1677257813.jpg?c=1
,,,,,,,,,,,,,,,,,,,,,,,,
GOLD SPECKLED ROUND BIRDHOUSE,BF235067,Home|Everyday|Spring & Garden|GOLD SPECKLED ROUND BIRDHOUSE,"HANG HEIGHT: 26.5""|CLEAN OUT
1 HOOK",In-Stock: Ships in 5 to 14 days,,,,L: 7.50in W: 7.50in H: 14.75in,,2,$28.00 ,,,,,2,Ragon400,Ragon160,https://cdn11.bigcommerce.com/s-xvps74vl0m/images/stencil/1280x1280/products/15808/36717/BF235067_3__46875.1733943371.jpg?c=1,BF235067_3__46875.1733943371.jpg?c=1,,,Ragon800,BF235067_3__46875.1733943371.jpg?c=1
,,,,,,,,,,,,,,,,,,,,,,,,
"7"" DARK GREEN 3D FLAME BALSAM TREE CANDLE",NY236682,"Home|Flameless Candles|7"" DARK GREEN 3D FLAME BALSAM TREE CANDLE","6 HR TIMER | ON/OFF BUTTON
REQUIRES 2 (AA) BATTERIES, BATTERIES NOT INCLUDED.",In-Stock: Ships in 5 to 14 days,,,,L: 4in W: 4in H: 7in,,6,$7.45 ,,,,,6,Ragon400,Ragon160,https://cdn11.bigcommerce.com/s-xvps74vl0m/images/stencil/1280x1280/products/17673/40147/NY236682_1__52237.1748357468.jpg?c=1,NY236682_1__52237.1748357468.jpg?c=1,,,Ragon800,NY236682_1__52237.1748357468.jpg?c=1
,,,,,,,,,,,,,,,,,,,,,,,,
SET/ 3 COZY & BRIGHT METAL BUCKETS,E234638,Home|Holiday|Tabletop & Misc.|SET/ 3 COZY & BRIGHT METAL BUCKETS,"SM: 5""L X 5""W X 9""H
MD: 6.5""L X 6.5""W X 11""H
LG: 8""L X 8""W X 12.5""H",In-Stock: Ships in 5 to 14 days,,,,See Details tab,,2,$37.50 ,,,,,2,Ragon400,Ragon160,https://cdn11.bigcommerce.com/s-xvps74vl0m/images/stencil/1280x1280/products/17116/40358/E234638_2__75728.1749063227.jpg?c=1,E234638_2__75728.1749063227.jpg?c=1,,,Ragon800,E234638_2__75728.1749063227.jpg?c=1
,,,,,,,,,,,,,,,,,,,,,,,,
TEXTURED PITCHER,ZH238647,Home|Sale!|Everyday|TEXTURED PITCHER,"OPENING: 4""",In-Stock: Ships in 5 to 14 days,,,,L: 10.50in W: 7.50in H: 11.75in,,2,$19.25 ,,,,,2,Ragon400,Ragon160,https://cdn11.bigcommerce.com/s-xvps74vl0m/images/stencil/1280x1280/products/16878/39804/ZH238647_5__44509.1741635551.jpg?c=1,ZH238647_5__44509.1741635551.jpg?c=1,,,Ragon800,ZH238647_5__44509.1741635551.jpg?c=1
,,,,,,,,,,,,,,,,,,,,,,,,
"48"" RESTING DEER PAINT BY NUMBER PRINT",E226716,"Home|Sale!|Everyday|48"" RESTING DEER PAINT BY NUMBER PRINT",,In-Stock: Ships in 5 to 14 days,,,,L: 48.25in W: 1.50in H: 32.25in,,2,$98.00 ,,,,,2,Ragon400,Ragon160,https://cdn11.bigcommerce.com/s-xvps74vl0m/images/stencil/1280x1280/products/10785/33880/E226716_2__81897.1712868550.jpg?c=1,E226716_2__81897.1712868550.jpg?c=1,,,Ragon800,E226716_2__81897.1712868550.jpg?c=1
,,,,,,,,,,,,,,,,,,,,,,,,
"35"" SNOWY TWIG VINE",G191705,"Home|Holiday|Greenery, Wreaths & Trees|35"" SNOWY TWIG VINE","35""L, PE",SOLD OUT,,,,L: 35in,,,$4.95 ,,,,,,Ragon400,Ragon160,https://cdn11.bigcommerce.com/s-xvps74vl0m/images/stencil/1280x1280/products/3544/9043/G191705_3__42286.1626463717.jpg?c=1,G191705_3__42286.1626463717.jpg?c=1,,,Ragon800,G191705_3__42286.1626463717.jpg?c=1
,,,,,,,,,,,,,,,,,,,,,,,,
THE CHRISTMAS WALTZ ORNAMENT,E234550,"Home|Holiday|Ornaments, Garland & Tree Toppers|THE CHRISTMAS WALTZ ORNAMENT",,In-Stock: Ships in 5 to 14 days,,,,L: 3.50in W: 0.50in H: 5in,,6,$4.15 ,,,,,6,Ragon400,Ragon160,https://cdn11.bigcommerce.com/s-xvps74vl0m/images/stencil/1280x1280/products/18292/41803/E234550_2__33011.1751313651.jpg?c=1,E234550_2__33011.1751313651.jpg?c=1,,,Ragon800,E234550_2__33011.1751313651.jpg?c=1
,,,,,,,,,,,,,,,,,,,,,,,,
"10"" SANTA'S BAG DUMMY BOARD",WS218448,"Home|Holiday|Tabletop & Misc.|10"" SANTA'S BAG DUMMY BOARD",,SOLD OUT,,,,H: 10in,,,$6.05 ,,,,,,Ragon400,Ragon160,https://cdn11.bigcommerce.com/s-xvps74vl0m/images/stencil/1280x1280/products/9632/25756/WS218448_2__31231.1677258253.jpg?c=1,WS218448_2__31231.1677258253.jpg?c=1,,,Ragon800,WS218448_2__31231.1677258253.jpg?c=1
,,,,,,,,,,,,,,,,,,,,,,,,
"32.75"" BOXWOOD AND BERRY HANGING BUSH",G181280,"Home|Sale!|Everyday|32.75"" BOXWOOD AND BERRY HANGING BUSH",,In-Stock: Ships in 5 to 14 days,,,,L: 32.75in,,12,$9.85 ,,,,,12,Ragon400,Ragon160,https://cdn11.bigcommerce.com/s-xvps74vl0m/images/stencil/1280x1280/products/4909/35283/G181280_9__00642.1733863751.jpg?c=1,G181280_9__00642.1733863751.jpg?c=1,,,Ragon800,G181280_9__00642.1733863751.jpg?c=1
,,,,,,,,,,,,,,,,,,,,,,,,
"2.25"" - 3D FLAME RIBBED CEMENT CANDLE",NY229093,"Home|Flameless Candles|2.25"" - 3D FLAME RIBBED CEMENT CANDLE","6 HR TIMER | ON/OFF BUTTON
REQUIRES 2 (AA) BATTERIES, BATTERIES NOT INCLUDED.",In-Stock: Ships in 5 to 14 days,,,,L: 4in W: 4in H: 2.25in,,6,$5.80 ,,,,,6,Ragon400,Ragon160,https://cdn11.bigcommerce.com/s-xvps74vl0m/images/stencil/1280x1280/products/12691/33933/NY229093_1__97905.1712868567.jpg?c=1,NY229093_1__97905.1712868567.jpg?c=1,,,Ragon800,NY229093_1__97905.1712868567.jpg?c=1
,,,,,,,,,,,,,,,,,,,,,,,,
"8.5"" OPERAS JOURNAL",L221514,"Home|Everyday|Journals|8.5"" OPERAS JOURNAL",,In-Stock: Ships in 5 to 14 days,,,,L: 5.75in W: 2in H: 8.50in,,2,$18.15 ,,,,,2,Ragon400,Ragon160,https://cdn11.bigcommerce.com/s-xvps74vl0m/images/stencil/1280x1280/products/10256/30581/L221514__54431.1705957963.jpg?c=1,L221514__54431.1705957963.jpg?c=1,,,Ragon800,L221514__54431.1705957963.jpg?c=1
,,,,,,,,,,,,,,,,,,,,,,,,
SET/ 2 GOLD FRAMED TRAYS,FB225306,Home|Everyday|Kitchen|SET/ 2 GOLD FRAMED TRAYS,"SM: 17""L X 10.75""W X 3""H LG: 18.5""L X 12.25""W X 3""H",In-Stock: Ships in 5 to 14 days,,,,See Details tab,,2,$56.25 ,,,,,2,Ragon400,Ragon160,https://cdn11.bigcommerce.com/s-xvps74vl0m/images/stencil/1280x1280/products/13383/31854/FB225306_1__40442.1707251263.jpg?c=1,FB225306_1__40442.1707251263.jpg?c=1,,,Ragon800,FB225306_1__40442.1707251263.jpg?c=1
,,,,,,,,,,,,,,,,,,,,,,,,
GUEST ROOM GALVANIZED SIGN,BF224359,Home|Sale!|Everyday|GUEST ROOM GALVANIZED SIGN,2 TRIANGLE HANGERS,In-Stock: Ships in 5 to 14 days,,,,L: 28in W: 0.50in H: 9in,,4,$10.45 ,,,,,4,Ragon400,Ragon160,https://cdn11.bigcommerce.com/s-xvps74vl0m/images/stencil/1280x1280/products/9998/28539/BF224359_4__12716.1701887187.jpg?c=1,BF224359_4__12716.1701887187.jpg?c=1,,,Ragon800,BF224359_4__12716.1701887187.jpg?c=1
,,,,,,,,,,,,,,,,,,,,,,,,
SET/ 3 CREAM BOTTLEBRUSH TREES W/ ASSORTED GOLD GLITTERED BULBS,WS227654,Home|Holiday|Bottlebrush|SET/ 3 CREAM BOTTLEBRUSH TREES W/ ASSORTED GOLD GLITTERED BULBS,"SM: 9""H MD: 11""H LG: 13""H",In-Stock: Ships in 5 to 14 days,,,,See Details tab,,1,$45.25 ,,,,,1,Ragon400,Ragon160,https://cdn11.bigcommerce.com/s-xvps74vl0m/images/stencil/1280x1280/products/12470/32403/WS227654_2__23332.1708440904.jpg?c=1,WS227654_2__23332.1708440904.jpg?c=1,,,Ragon800,WS227654_2__23332.1708440904.jpg?c=1
,,,,,,,,,,,,,,,,,,,,,,,,
BROWN & WHITE STANDING BUNNY,KY239014,Home|Everyday|BROWN & WHITE STANDING BUNNY,,Late August,,,,L: 4in W: 3.50in H: 7.50in,,4,$6.60 ,,,,,4,Ragon400,Ragon160,https://cdn11.bigcommerce.com/s-xvps74vl0m/images/stencil/1280x1280/products/16899/41919/KY239014_4__09583.1754587664.jpg?c=1,KY239014_4__09583.1754587664.jpg?c=1,,,Ragon800,KY239014_4__09583.1754587664.jpg?c=1
,,,,,,,,,,,,,,,,,,,,,,,,
"27.75"" CORAL DAISY SPRAY",OR214824,"Home|Sale!|Everyday|27.75"" CORAL DAISY SPRAY",,In-Stock: Ships in 5 to 14 days,,,,L: 27.75in,,12,$6.05 ,,,,,12,Ragon400,Ragon160,https://cdn11.bigcommerce.com/s-xvps74vl0m/images/stencil/1280x1280/products/8570/35514/OR214824_4__66335.1733863813.jpg?c=1,OR214824_4__66335.1733863813.jpg?c=1,,,Ragon800,OR214824_4__66335.1733863813.jpg?c=1
,,,,,,,,,,,,,,,,,,,,,,,,
"7.5"" RED LAYERED TREE",LA237774,"Home|Holiday|Tabletop & Misc.|7.5"" RED LAYERED TREE",,Projected Summer 2025,,,,L: 3.25in W: 3.25in H: 7.50in,,2,$8.80 ,,,,,2,Ragon400,Ragon160,https://cdn11.bigcommerce.com/s-xvps74vl0m/images/stencil/1280x1280/products/17563/41711/LA237774_5__69886.1749838542.jpg?c=1,LA237774_5__69886.1749838542.jpg?c=1,,,Ragon800,LA237774_5__69886.1749838542.jpg?c=1
,,,,,,,,,,,,,,,,,,,,,,,,
"18"" GLITTERED CREAM TREE",LA237719,"Home|Holiday|Tabletop & Misc.|18"" GLITTERED CREAM TREE",,In-Stock: Ships in 5 to 14 days,,,,L: 9.25in W: 7.75in H: 18in,,2,$32.00 ,,,,,2,Ragon400,Ragon160,https://cdn11.bigcommerce.com/s-xvps74vl0m/images/stencil/1280x1280/products/17534/41235/LA237719_2__71238.1749826449.jpg?c=1,LA237719_2__71238.1749826449.jpg?c=1,,,Ragon800,LA237719_2__71238.1749826449.jpg?c=1
,,,,,,,,,,,,,,,,,,,,,,,,
"10"" SNOWMAN WITH BULB & TREE",13444,"Home|Holiday|Snowmen, Santas & Angels|10"" SNOWMAN WITH BULB & TREE","6""W X 10.5""H, MACHE",In-Stock: Ships in 5 to 14 days,,,,W: 6in H: 10in,,2,$20.50 ,,,,,2,Ragon400,Ragon160,https://cdn11.bigcommerce.com/s-xvps74vl0m/images/stencil/1280x1280/products/2970/6209/13444_1__39567.1626460187.jpg?c=1,13444_1__39567.1626460187.jpg?c=1,,,Ragon800,13444_1__39567.1626460187.jpg?c=1
,,,,,,,,,,,,,,,,,,,,,,,,
"14.75"" RED LAYERED TREE",LA237772,"Home|Holiday|Tabletop & Misc.|14.75"" RED LAYERED TREE",,Projected Summer 2025,,,,L: 4.25in W: 4.25in H: 14.75in,,2,$18.15 ,,,,,2,Ragon400,Ragon160,https://cdn11.bigcommerce.com/s-xvps74vl0m/images/stencil/1280x1280/products/17561/41718/LA237772_2__64548.1749838875.jpg?c=1,LA237772_2__64548.1749838875.jpg?c=1,,,Ragon800,LA237772_2__64548.1749838875.jpg?c=1
,,,,,,,,,,,,,,,,,,,,,,,,
"35.75"" HAPPY SNOWMAN METAL DUMMY BOARD",H237634,"Home|Holiday|Tabletop & Misc.|35.75"" HAPPY SNOWMAN METAL DUMMY BOARD",,In-Stock: Ships in 5 to 14 days,,,,L: 28.75in W: 0.75in H: 35.75in,,1,$64.00 ,,,,,1,Ragon400,Ragon160,https://cdn11.bigcommerce.com/s-xvps74vl0m/images/stencil/1280x1280/products/17421/41564/H237634_3__58554.1749826520.jpg?c=1,H237634_3__58554.1749826520.jpg?c=1,,,Ragon800,H237634_3__58554.1749826520.jpg?c=1
,,,,,,,,,,,,,,,,,,,,,,,,
CHARCOAL VELVET BELSNICKLE ORNAMENT,WS221363,"Home|Holiday|Ornaments, Garland & Tree Toppers|CHARCOAL VELVET BELSNICKLE ORNAMENT",,Projected Summer 2025,,,,L: 2.25in W: 2in H: 5.75in,,6,$8.25 ,,,,,6,Ragon400,Ragon160,https://cdn11.bigcommerce.com/s-xvps74vl0m/images/stencil/1280x1280/products/12198/32956/WS221363_2__43218.1710521305.jpg?c=1,WS221363_2__43218.1710521305.jpg?c=1,,,Ragon800,WS221363_2__43218.1710521305.jpg?c=1
,,,,,,,,,,,,,,,,,,,,,,,,
"12"" GREY STAR SLEIGH BELL",BF225789,"Home|Holiday|Bells|12"" GREY STAR SLEIGH BELL",Assembly Required,In-Stock: Ships in 5 to 14 days,,,,L: 12in W: 12in H: 15.75in,,2,$28.75 ,,,,,2,Ragon400,Ragon160,https://cdn11.bigcommerce.com/s-xvps74vl0m/images/stencil/1280x1280/products/10890/33327/BF225789_1__45106.1711115380.jpg?c=1,BF225789_1__45106.1711115380.jpg?c=1,,,Ragon800,BF225789_1__45106.1711115380.jpg?c=1
,,,,,,,,,,,,,,,,,,,,,,,,
"4"" DOTTED GLASS 3D FLAME CANDLE",NY229007,"Home|Flameless Candles|4"" DOTTED GLASS 3D FLAME CANDLE","6 HR TIMER | ON/OFF BUTTON
REQUIRES 2 (AA) BATTERIES, BATTERIES NOT INCLUDED.",In-Stock: Ships in 5 to 14 days,,,,L: 3.50in W: 3.50in H: 4in,,6,$8.55 ,,,,,6,Ragon400,Ragon160,https://cdn11.bigcommerce.com/s-xvps74vl0m/images/stencil/1280x1280/products/10381/29101/NY229007_6__19511.1701887381.jpg?c=1,NY229007_6__19511.1701887381.jpg?c=1,,,Ragon800,NY229007_6__19511.1701887381.jpg?c=1
,,,,,,,,,,,,,,,,,,,,,,,,
"SET/ 2 - 6.5"" RED 3D FLAME CANDY CANE TAPER CANDLE",NY229114,"Home|Flameless Candles|SET/ 2 - 6.5"" RED 3D FLAME CANDY CANE TAPER CANDLE","6 HR TIMER | ON/OFF BUTTON
REQUIRES 2 (AAA) BATTERIES, BATTERIES NOT INCLUDED. ",Projected Summer 2025,,,,L: 1in W: 1in H: 6.50in,,12,$8.80 ,,,,,12,Ragon400,Ragon160,https://cdn11.bigcommerce.com/s-xvps74vl0m/images/stencil/1280x1280/products/11668/33484/NY229114_4__88750.1711463012.jpg?c=1,NY229114_4__88750.1711463012.jpg?c=1,,,Ragon800,NY229114_4__88750.1711463012.jpg?c=1
,,,,,,,,,,,,,,,,,,,,,,,,
"11.5"" ETCHED LEAF PLANTER",SH222314,"Home|Everyday|Spring & Garden|11.5"" ETCHED LEAF PLANTER",SAFE FOR OUTDOOR USE,In-Stock: Ships in 5 to 14 days,,,,L: 12in W: 12in H: 11.50in,,2,$65.00 ,,,,,2,Ragon400,Ragon160,https://cdn11.bigcommerce.com/s-xvps74vl0m/images/stencil/1280x1280/products/10548/29363/SH222314_4__32505.1701887473.jpg?c=1,SH222314_4__32505.1701887473.jpg?c=1,,,Ragon800,SH222314_4__32505.1701887473.jpg?c=1
,,,,,,,,,,,,,,,,,,,,,,,,
HORSE W/ SADDLE ORNAMENT,WS231829,"Home|Holiday|Ornaments, Garland & Tree Toppers|HORSE W/ SADDLE ORNAMENT",,Projected Summer 2025,,,,L: 4.25in W: 1.50in H: 3.75in,,4,$8.00 ,,,,,4,Ragon400,Ragon160,https://cdn11.bigcommerce.com/s-xvps74vl0m/images/stencil/1280x1280/products/18214/40574/WS231829_5__13643.1749153163.jpg?c=1,WS231829_5__13643.1749153163.jpg?c=1,,,Ragon800,WS231829_5__13643.1749153163.jpg?c=1
,,,,,,,,,,,,,,,,,,,,,,,,
"10"" GARDEN SWEET GARDEN PLATE",WS172385,"Home|Everyday|Kitchen|10"" GARDEN SWEET GARDEN PLATE","10""W, MELAMINE
DISHWASHER SAFE. TOP RACK ONLY. NOT FOR MICROWAVE OR OVEN USE.",In-Stock: Ships in 5 to 14 days,,,,W: 10in H: 0.50in,,12,$4.35 ,,,,,12,Ragon400,Ragon160,https://cdn11.bigcommerce.com/s-xvps74vl0m/images/stencil/1280x1280/products/4344/11567/WS172385__51640.1626464623.jpg?c=1,WS172385__51640.1626464623.jpg?c=1,,,Ragon800,WS172385__51640.1626464623.jpg?c=1
,,,,,,,,,,,,,,,,,,,,,,,,
SNOWMAN W/ RED BOW ORNAMENT,E234463,"Home|Holiday|Ornaments, Garland & Tree Toppers|SNOWMAN W/ RED BOW ORNAMENT",,In-Stock: Ships in 5 to 14 days,,,,L: 4in W: 0.50in H: 6in,,12,$4.15 ,,,,,12,Ragon400,Ragon160,https://cdn11.bigcommerce.com/s-xvps74vl0m/images/stencil/1280x1280/products/17064/40289/E234463_5__70693.1748894038.jpg?c=1,E234463_5__70693.1748894038.jpg?c=1,,,Ragon800,E234463_5__70693.1748894038.jpg?c=1
,,,,,,,,,,,,,,,,,,,,,,,,
"9.5"" DARK PURPLE TULIP BUSH",OR235616,"Home|Everyday|Florals|9.5"" DARK PURPLE TULIP BUSH",,In-Stock: Ships in 5 to 14 days,,,,L: 9.50in W: 3.50in,,12,$7.70 ,,,,,12,Ragon400,Ragon160,https://cdn11.bigcommerce.com/s-xvps74vl0m/images/stencil/1280x1280/products/16731/35257/OR235616_2__53643.1733861469.jpg?c=1,OR235616_2__53643.1733861469.jpg?c=1,,,Ragon800,OR235616_2__53643.1733861469.jpg?c=1
,,,,,,,,,,,,,,,,,,,,,,,,
DEER ON WOOD SLICE ORNAMENT,E234159,"Home|Holiday|Ornaments, Garland & Tree Toppers|DEER ON WOOD SLICE ORNAMENT",,In-Stock: Ships in 5 to 14 days,,,,L: 5.25in W: 0.50in H: 5.25in,,8,$2.75 ,,,,,8,Ragon400,Ragon160,https://cdn11.bigcommerce.com/s-xvps74vl0m/images/stencil/1280x1280/products/17049/40489/E234159_1__69023.1749150137.jpg?c=1,E234159_1__69023.1749150137.jpg?c=1,,,Ragon800,E234159_1__69023.1749150137.jpg?c=1
,,,,,,,,,,,,,,,,,,,,,,,,
GREEN FINIAL BELL ORNAMENT,WS227734,"Home|Holiday|Ornaments, Garland & Tree Toppers|GREEN FINIAL BELL ORNAMENT",,In-Stock: Ships in 5 to 14 days,,,,L: 2in W: 2in H: 6in,,12,$5.50 ,,,,,12,Ragon400,Ragon160,https://cdn11.bigcommerce.com/s-xvps74vl0m/images/stencil/1280x1280/products/12523/33022/WS227734_1__00518.1710521328.jpg?c=1,WS227734_1__00518.1710521328.jpg?c=1,,,Ragon800,WS227734_1__00518.1710521328.jpg?c=1
,,,,,,,,,,,,,,,,,,,,,,,,
"22"" WHITE POM POM WILDFLOWER SPRAY",HZ238886,"Home|Everyday|Florals|22"" WHITE POM POM WILDFLOWER SPRAY",,In-Stock: Ships in 5 to 14 days,,,,L: 22in W: 6in,,12,$3.85 ,,,,,12,Ragon400,Ragon160,https://cdn11.bigcommerce.com/s-xvps74vl0m/images/stencil/1280x1280/products/16461/34914/HZ238886_1__38418.1733861366.jpg?c=1,HZ238886_1__38418.1733861366.jpg?c=1,,,Ragon800,HZ238886_1__38418.1733861366.jpg?c=1
,,,,,,,,,,,,,,,,,,,,,,,,
"10.25"" LIGHTED WOOD SNOWY HOLIDAY HOUSE",G233520,"Home|Holiday|Tabletop & Misc.|10.25"" LIGHTED WOOD SNOWY HOLIDAY HOUSE","REQUIRES 3 (AAA) BATTERIES, BATTERIES NOT INCLUDED.",In-Stock: Ships in 5 to 14 days,,,,L: 10.50in W: 6.25in H: 10.25in,,1,$25.50 ,,,,,1,Ragon400,Ragon160,https://cdn11.bigcommerce.com/s-xvps74vl0m/images/stencil/1280x1280/products/17247/41788/G233520_7__57766.1750882879.jpg?c=1,G233520_7__57766.1750882879.jpg?c=1,,,Ragon800,G233520_7__57766.1750882879.jpg?c=1
,,,,,,,,,,,,,,,,,,,,,,,,
"17"" SNOWY PENCIL TREE W/BURLAP BASE",ST212008,"Home|Holiday|Greenery, Wreaths & Trees|17"" SNOWY PENCIL TREE W/BURLAP BASE",,SOLD OUT,,,,L: 4.75in W: 4.75in H: 17in,,,$9.35 ,,,,,,Ragon400,Ragon160,https://cdn11.bigcommerce.com/s-xvps74vl0m/images/stencil/1280x1280/products/9148/27021/ST212008_3__05501.1679582795.jpg?c=1,ST212008_3__05501.1679582795.jpg?c=1,,,Ragon800,ST212008_3__05501.1679582795.jpg?c=1
,,,,,,,,,,,,,,,,,,,,,,,,
"36"" SANTA W/ SNOWY TREE DUMMY BOARD",WS218424,"Home|Holiday|Tabletop & Misc.|36"" SANTA W/ SNOWY TREE DUMMY BOARD",,SOLD OUT,,,,H: 36in,,,$48.00 ,,,,,,Ragon400,Ragon160,https://cdn11.bigcommerce.com/s-xvps74vl0m/images/stencil/1280x1280/products/9412/25726/WS218424_3__13704.1677258243.jpg?c=1,WS218424_3__13704.1677258243.jpg?c=1,,,Ragon800,WS218424_3__13704.1677258243.jpg?c=1
,,,,,,,,,,,,,,,,,,,,,,,,
RED & WHITE FIRST AID BOX,E226631,Home|Everyday|Camping|RED & WHITE FIRST AID BOX,,SOLD OUT,,,,L: 14.75in W: 15.75in H: 6.25in,,,$39.75 ,,,,,,Ragon400,Ragon160,https://cdn11.bigcommerce.com/s-xvps74vl0m/images/stencil/1280x1280/products/10760/33873/E226631_1__00608.1712868547.jpg?c=1,E226631_1__00608.1712868547.jpg?c=1,,,Ragon800,E226631_1__00608.1712868547.jpg?c=1
,,,,,,,,,,,,,,,,,,,,,,,,
"4"" PRINTED LEAF KUGEL ORNAMENT",SS236187,"Home|Holiday|Ornaments, Garland & Tree Toppers|4"" PRINTED LEAF KUGEL ORNAMENT",,In-Stock: Ships in 5 to 14 days,,,,L: 4in,,6,$4.15 ,,,,,6,Ragon400,Ragon160,https://cdn11.bigcommerce.com/s-xvps74vl0m/images/stencil/1280x1280/products/17791/40612/SS236187_1__11038.1749155960.jpg?c=1,SS236187_1__11038.1749155960.jpg?c=1,,,Ragon800,SS236187_1__11038.1749155960.jpg?c=1
,,,,,,,,,,,,,,,,,,,,,,,,
"3"" DARK RED FILIGREE KUGEL ORNAMENT",SS221855,"Home|Holiday|Ornaments, Garland & Tree Toppers|3"" DARK RED FILIGREE KUGEL ORNAMENT",,In-Stock: Ships in 5 to 14 days,,,,L: 3in W: 3in H: 3in,,6,$2.75 ,,,,,6,Ragon400,Ragon160,https://cdn11.bigcommerce.com/s-xvps74vl0m/images/stencil/1280x1280/products/11793/33732/SS221855__38111.1712154121.jpg?c=1,SS221855__38111.1712154121.jpg?c=1,,,Ragon800,SS221855__38111.1712154121.jpg?c=1
,,,,,,,,,,,,,,,,,,,,,,,,
"15.5"" FACE SNOWMAN W/ TREE",WS192001,"Home|Holiday|Snowmen, Santas & Angels|15.5"" FACE SNOWMAN W/ TREE",,In-Stock: Ships in 5 to 14 days,,,,L: 8.25in W: 6in H: 15.50in,,2,$48.00 ,,,,,2,Ragon400,Ragon160,https://cdn11.bigcommerce.com/s-xvps74vl0m/images/stencil/1280x1280/products/3261/11979/WS192002_1__33595.1626464773.jpg?c=1,WS192002_1__33595.1626464773.jpg?c=1,,,Ragon800,WS192002_1__33595.1626464773.jpg?c=1
,,,,,,,,,,,,,,,,,,,,,,,,
"7"" WILDLIFE IN THE MEADOWS JOURNAL",L238741,"Home|Everyday|Journals|7"" WILDLIFE IN THE MEADOWS JOURNAL",,Projected Summer 2025,,,,L: 4in W: 1.50in H: 7in,,2,$13.75 ,,,,,2,Ragon400,Ragon160,https://cdn11.bigcommerce.com/s-xvps74vl0m/images/stencil/1280x1280/products/16549/41962/L238741_2__52608.1754679546.jpg?c=1,L238741_2__52608.1754679546.jpg?c=1,,,Ragon800,L238741_2__52608.1754679546.jpg?c=1
,,,,,,,,,,,,,,,,,,,,,,,,
"2.5"" GREEN UNWIRED VELVET RIBBON",SS236136,"Home|Holiday|Textiles|2.5"" GREEN UNWIRED VELVET RIBBON",,Projected Summer 2025,,,,L: 360in W: 2.50in,,6,$10.75 ,,,,,6,Ragon400,Ragon160,https://cdn11.bigcommerce.com/s-xvps74vl0m/images/stencil/1280x1280/products/17762/41648/SS236136_2__42611.1749826536.jpg?c=1,SS236136_2__42611.1749826536.jpg?c=1,,,Ragon800,SS236136_2__42611.1749826536.jpg?c=1
,,,,,,,,,,,,,,,,,,,,,,,,
"4"" CHAMPAGNE GLASS 3D FLAME CANDLE",NY213018,"Home|Flameless Candles|4"" CHAMPAGNE GLASS 3D FLAME CANDLE","6 HR TIMER
REQUIRES 3 (AAA) BATTERIES, BATTERIES NOT INCLUDED.",In-Stock: Ships in 5 to 14 days,,,,L: 3in W: 3in H: 4in,,6,$6.90 ,,,,,6,Ragon400,Ragon160,https://cdn11.bigcommerce.com/s-xvps74vl0m/images/stencil/1280x1280/products/8547/28062/NY213018_3__51468.1687548854.jpg?c=1,NY213018_3__51468.1687548854.jpg?c=1,,,Ragon800,NY213018_3__51468.1687548854.jpg?c=1
,,,,,,,,,,,,,,,,,,,,,,,,
"4"" GLASS 3D FLAME CANDLE",NY213021,"Home|Flameless Candles|4"" GLASS 3D FLAME CANDLE","6 HR TIMER
REQUIRES 3 (AAA) BATTERIES, BATTERIES NOT INCLUDED.",Projected Summer 2025,,,,L: 3in W: 3in H: 4in,,6,$6.90 ,,,,,6,Ragon400,Ragon160,https://cdn11.bigcommerce.com/s-xvps74vl0m/images/stencil/1280x1280/products/8550/28089/NY213021_2__47632.1687553717.jpg?c=1,NY213021_2__47632.1687553717.jpg?c=1,,,Ragon800,NY213021_2__47632.1687553717.jpg?c=1
,,,,,,,,,,,,,,,,,,,,,,,,
GINGERBREAD GIRL ORNAMENT,WS231754,"Home|Holiday|Ornaments, Garland & Tree Toppers|GINGERBREAD GIRL ORNAMENT",,Early September,,,,L: 4.50in W: 0.50in H: 5.50in,,12,$2.50 ,,,,,12,Ragon400,Ragon160,https://cdn11.bigcommerce.com/s-xvps74vl0m/images/stencil/1280x1280/products/18193/40482/WS231754_2__28719.1749139046.jpg?c=1,WS231754_2__28719.1749139046.jpg?c=1,,,Ragon800,WS231754_2__28719.1749139046.jpg?c=1
,,,,,,,,,,,,,,,,,,,,,,,,
"26"" FRAMED METAL ROOSTER",H237472,"Home|Sale!|Everyday|26"" FRAMED METAL ROOSTER",2 TRIANGLE HANGERS,In-Stock: Ships in 5 to 14 days,,,,L: 23.50in W: 1.25in H: 26in,,1,$79.25 ,,,,,1,Ragon400,Ragon160,https://cdn11.bigcommerce.com/s-xvps74vl0m/images/stencil/1280x1280/products/16334/36925/H237472_4__62936.1733943426.jpg?c=1,H237472_4__62936.1733943426.jpg?c=1,,,Ragon800,H237472_4__62936.1733943426.jpg?c=1
,,,,,,,,,,,,,,,,,,,,,,,,
"4"" BLACK RIBBED KUGEL ORNAMENT",SS211862,"Home|Holiday|Ornaments, Garland & Tree Toppers|4"" BLACK RIBBED KUGEL ORNAMENT",,In-Stock: Ships in 5 to 14 days,,,,L: 4in W: 4in H: 4in,,6,$3.85 ,,,,,6,Ragon400,Ragon160,https://cdn11.bigcommerce.com/s-xvps74vl0m/images/stencil/1280x1280/products/9498/27230/SS211862_3__41484.1679582860.jpg?c=1,SS211862_3__41484.1679582860.jpg?c=1,,,Ragon800,SS211862_3__41484.1679582860.jpg?c=1
,,,,,,,,,,,,,,,,,,,,,,,,
"4"" WHITE CEMENT GRID 3D FLAME CANDLE",NY236501,"Home|Flameless Candles|4"" WHITE CEMENT GRID 3D FLAME CANDLE","6 HR TIMER | ON/OFF BUTTON
REQUIRES 2 (AA) BATTERIES, BATTERIES NOT INCLUDED.",In-Stock: Ships in 5 to 14 days,,,,L: 4in W: 4in H: 4.50in,,4,$8.25 ,,,,,4,Ragon400,Ragon160,https://cdn11.bigcommerce.com/s-xvps74vl0m/images/stencil/1280x1280/products/16623/36629/NY236501_5__78840.1733943348.jpg?c=1,NY236501_5__78840.1733943348.jpg?c=1,,,Ragon800,NY236501_5__78840.1733943348.jpg?c=1
,,,,,,,,,,,,,,,,,,,,,,,,
"2"" RED WINE GLASS ORNAMENT",SS232308,"Home|Holiday|Ornaments, Garland & Tree Toppers|2"" RED WINE GLASS ORNAMENT",,Projected Summer 2025,,,,L: 2in,,6,$2.15 ,,,,,6,Ragon400,Ragon160,https://cdn11.bigcommerce.com/s-xvps74vl0m/images/stencil/1280x1280/products/17832/41599/SS232308_1__30217.1749826527.jpg?c=1,SS232308_1__30217.1749826527.jpg?c=1,,,Ragon800,SS232308_1__30217.1749826527.jpg?c=1
,,,,,,,,,,,,,,,,,,,,,,,,
"19"" POTTED LACE FERN",G228036,"Home|Sale!|Everyday|19"" POTTED LACE FERN",,In-Stock: Ships in 5 to 14 days,,,,W: 28in H: 19in,,6,$19.80 ,,,,,6,Ragon400,Ragon160,https://cdn11.bigcommerce.com/s-xvps74vl0m/images/stencil/1280x1280/products/10045/36046/G228036_4__61892.1733863965.jpg?c=1,G228036_4__61892.1733863965.jpg?c=1,,,Ragon800,G228036_4__61892.1733863965.jpg?c=1
,,,,,,,,,,,,,,,,,,,,,,,,
HOPPING DOWN THE BUNNY TRAIL SIGN,E203272,Home|Everyday|Easter & Spring|HOPPING DOWN THE BUNNY TRAIL SIGN,2 HALF CIRCLE HANGERS,In-Stock: Ships in 5 to 14 days,,,,L: 24in W: 0.25in H: 16in,,2,$26.50 ,,,,,2,Ragon400,Ragon160,https://cdn11.bigcommerce.com/s-xvps74vl0m/images/stencil/1280x1280/products/6535/14149/E203272_5__04720.1647361107.jpg?c=1,E203272_5__04720.1647361107.jpg?c=1,,,Ragon800,E203272_5__04720.1647361107.jpg?c=1
,,,,,,,,,,,,,,,,,,,,,,,,
"27"" WHITE ONION SPRAY",OR215499,"Home|Everyday|Americana|27"" WHITE ONION SPRAY",,SOLD OUT,,,,L: 27in,,,$4.40 ,,,,,,Ragon400,Ragon160,https://cdn11.bigcommerce.com/s-xvps74vl0m/images/stencil/1280x1280/products/8673/25335/OR215499_2__01316.1677258113.jpg?c=1,OR215499_2__01316.1677258113.jpg?c=1,,,Ragon800,OR215499_2__01316.1677258113.jpg?c=1
,,,,,,,,,,,,,,,,,,,,,,,,
"24.25"" GLITTERED DEER DUMMY BOARD",WS221096,"Home|Holiday|Cabin & Lodge|24.25"" GLITTERED DEER DUMMY BOARD",,In-Stock: Ships in 5 to 14 days,,,,L: 20in W: 0.50in H: 24.25in,,4,$15.40 ,,,,,4,Ragon400,Ragon160,https://cdn11.bigcommerce.com/s-xvps74vl0m/images/stencil/1280x1280/products/12004/32244/WS221096_2__66014.1708440854.jpg?c=1,WS221096_2__66014.1708440854.jpg?c=1,,,Ragon800,WS221096_2__66014.1708440854.jpg?c=1
,,,,,,,,,,,,,,,,,,,,,,,,
"13.5"" SNOWY LIGHTED WOOD HOUSE",WS227822,"Home|Holiday|Cabin & Lodge|13.5"" SNOWY LIGHTED WOOD HOUSE","6 HR TIMER
REQUIRES 2 (AA) BATTERIES, BATTERIES NOT INCLUDED.",In-Stock: Ships in 5 to 14 days,,,,L: 12in W: 6in H: 13.50in,,1,$49.50 ,,,,,1,Ragon400,Ragon160,https://cdn11.bigcommerce.com/s-xvps74vl0m/images/stencil/1280x1280/products/12587/32408/WS227822_5__43595.1708440906.jpg?c=1,WS227822_5__43595.1708440906.jpg?c=1,,,Ragon800,WS227822_5__43595.1708440906.jpg?c=1
,,,,,,,,,,,,,,,,,,,,,,,,
"6"" GOLD POINTED SNOWFLAKE ORNAMENT",SS235909,"Home|Holiday|6"" GOLD POINTED SNOWFLAKE ORNAMENT",,Projected Summer 2025,,,,L: 6in H: 6in,,12,$4.40 ,,,,,12,Ragon400,Ragon160,https://cdn11.bigcommerce.com/s-xvps74vl0m/images/stencil/1280x1280/products/17732/40301/SS235909_1__32216.1748894577.jpg?c=1,SS235909_1__32216.1748894577.jpg?c=1,,,Ragon800,SS235909_1__32216.1748894577.jpg?c=1
,,,,,,,,,,,,,,,,,,,,,,,,
"3.75"" DARK WOOD BUD VASE",FB237243,"Home|Sale!|Everyday|3.75"" DARK WOOD BUD VASE","OPENING: 1.5"" INSIDE DEPTH: 3""",In-Stock: Ships in 5 to 14 days,,,,L: 3.75in W: 3.75in H: 3.75in,,6,$7.45 ,,,,,6,Ragon400,Ragon160,https://cdn11.bigcommerce.com/s-xvps74vl0m/images/stencil/1280x1280/products/15992/36173/FB237243_2__93495.1733943239.jpg?c=1,FB237243_2__93495.1733943239.jpg?c=1,,,Ragon800,FB237243_2__93495.1733943239.jpg?c=1
,,,,,,,,,,,,,,,,,,,,,,,,
"20.25"" ALL IS CALM, ALL IS BRIGHT SIGN",BF215169,"Home|Holiday|Signs|20.25"" ALL IS CALM, ALL IS BRIGHT SIGN",2 SAWTOOTH HANGER,In-Stock: Ships in 5 to 14 days,,,,L: 16.25in W: 1in H: 20.25in,,4,$17.35 ,,,,,4,Ragon400,Ragon160,https://cdn11.bigcommerce.com/s-xvps74vl0m/images/stencil/1280x1280/products/8139/24007/BF215169_4__83929.1677257698.jpg?c=1,BF215169_4__83929.1677257698.jpg?c=1,,,Ragon800,BF215169_4__83929.1677257698.jpg?c=1
,,,,,,,,,,,,,,,,,,,,,,,,
"30"" WHITE SCABIOSA SPRAY",G232821,"Home|Everyday|Florals|30"" WHITE SCABIOSA SPRAY",,SOLD OUT,,,,L: 30in W: 10in,,,$4.15 ,,,,,,Ragon400,Ragon160,https://cdn11.bigcommerce.com/s-xvps74vl0m/images/stencil/1280x1280/products/16114/34445/G232821_5__01938.1733861232.jpg?c=1,G232821_5__01938.1733861232.jpg?c=1,,,Ragon800,G232821_5__01938.1733861232.jpg?c=1
,,,,,,,,,,,,,,,,,,,,,,,,
"5.5"" EXTRA LARGE GERMAN SHEEP",8142,"Home|Everyday|Tabletop & Misc.|5.5"" EXTRA LARGE GERMAN SHEEP","5.25""L x 2""W x 5.25""H, WOOD AND COTTON",Projected Summer 2025,,,,L: 5.25in W: 2in H: 5.25in,,8,$7.45 ,,,,,8,Ragon400,Ragon160,https://cdn11.bigcommerce.com/s-xvps74vl0m/images/stencil/1280x1280/products/2802/26747/8142__05602.1678369321.jpg?c=1,8142__05602.1678369321.jpg?c=1,,,Ragon800,8142__05602.1678369321.jpg?c=1
,,,,,,,,,,,,,,,,,,,,,,,,
"SET/ 4 - 2.5"" BLUE FLOCKED BALLS",WS218463,"Home|Sale!|Holiday|SET/ 4 - 2.5"" BLUE FLOCKED BALLS",,In-Stock: Ships in 5 to 14 days,,,,H: 2.50in,,6,$6.90 ,,,,,6,Ragon400,Ragon160,https://cdn11.bigcommerce.com/s-xvps74vl0m/images/stencil/1280x1280/products/9607/27338/WS218463_1__91652.1679582893.jpg?c=1,WS218463_1__91652.1679582893.jpg?c=1,,,Ragon800,WS218463_1__91652.1679582893.jpg?c=1
,,,,,,,,,,,,,,,,,,,,,,,,
AGED RED BEAD GARLAND,4129L,"Home|Holiday|Ornaments, Garland & Tree Toppers|AGED RED BEAD GARLAND","9'L, PLASTIC",In-Stock: Ships in 5 to 14 days,,,,L: 9in,,6,$6.35 ,,,,,6,Ragon400,Ragon160,https://cdn11.bigcommerce.com/s-xvps74vl0m/images/stencil/1280x1280/products/2868/33486/4129L_4__95933.1711466873.jpg?c=1,4129L_4__95933.1711466873.jpg?c=1,,,Ragon800,4129L_4__95933.1711466873.jpg?c=1
,,,,,,,,,,,,,,,,,,,,,,,,
"33"" CREAM CASPIA SPRAY",G228124,"Home|Sale!|Everyday|33"" CREAM CASPIA SPRAY",,In-Stock: Ships in 5 to 14 days,,,,L: 33in,,12,$6.05 ,,,,,12,Ragon400,Ragon160,https://cdn11.bigcommerce.com/s-xvps74vl0m/images/stencil/1280x1280/products/10078/29957/G228124_4__14499.1702309901.jpg?c=1,G228124_4__14499.1702309901.jpg?c=1,,,Ragon800,G228124_4__14499.1702309901.jpg?c=1
,,,,,,,,,,,,,,,,,,,,,,,,
"21"" YELLOW WILD HONEYSUCKLE BUSH",G232867,"Home|Everyday|Florals|21"" YELLOW WILD HONEYSUCKLE BUSH",,In-Stock: Ships in 5 to 14 days,,,,L: 21in W: 12in,,12,$6.60 ,,,,,12,Ragon400,Ragon160,https://cdn11.bigcommerce.com/s-xvps74vl0m/images/stencil/1280x1280/products/16126/34497/G232867_4__57747.1733861246.jpg?c=1,G232867_4__57747.1733861246.jpg?c=1,,,Ragon800,G232867_4__57747.1733861246.jpg?c=1
,,,,,,,,,,,,,,,,,,,,,,,,
"13"" LIGHT GREEN DECORATIVE VASE",SH222326,"Home|Everyday|Vases|13"" LIGHT GREEN DECORATIVE VASE",,In-Stock: Ships in 5 to 14 days,,,,L: 7.25in W: 7.25in H: 13in,,2,$38.00 ,,,,,2,Ragon400,Ragon160,https://cdn11.bigcommerce.com/s-xvps74vl0m/images/stencil/1280x1280/products/10549/29365/SH222326_5__35583.1701887473.jpg?c=1,SH222326_5__35583.1701887473.jpg?c=1,,,Ragon800,SH222326_5__35583.1701887473.jpg?c=1
,,,,,,,,,,,,,,,,,,,,,,,,
"SET/ 5 - 8"" GREEN BOTTLEBRUSH TREES W/ JINGLE BELLS",WS225440,"Home|Sale!|Holiday|SET/ 5 - 8"" GREEN BOTTLEBRUSH TREES W/ JINGLE BELLS",,In-Stock: Ships in 5 to 14 days,,,,H: 8in,,2,$28.75 ,,,,,2,Ragon400,Ragon160,https://cdn11.bigcommerce.com/s-xvps74vl0m/images/stencil/1280x1280/products/15763/34240/WS225440_3__35407.1729171018.jpg?c=1,WS225440_3__35407.1729171018.jpg?c=1,,,Ragon800,WS225440_3__35407.1729171018.jpg?c=1
,,,,,,,,,,,,,,,,,,,,,,,,
DEER IN THE SNOWFIELD PLATE,WS221274,Home|Everyday|Kitchen|DEER IN THE SNOWFIELD PLATE,FOOD SAFE. DISHWASHER SAFE. TOP RACK ONLY. NOT FOR MICROWAVE OR OVEN USE.,In-Stock: Ships in 5 to 14 days,,,,L: 10in W: 10in,,4,$3.05 ,,,,,4,Ragon400,Ragon160,https://cdn11.bigcommerce.com/s-xvps74vl0m/images/stencil/1280x1280/products/10597/34126/WS221274_2__69258.1719420597.jpg?c=1,WS221274_2__69258.1719420597.jpg?c=1,,,Ragon800,WS221274_2__69258.1719420597.jpg?c=1
,,,,,,,,,,,,,,,,,,,,,,,,
"8"" POTTED LACE FERN",G232530,"Home|Everyday|Florals|8"" POTTED LACE FERN",,SOLD OUT,,,,L: 3.50in W: 3.50in H: 8in,,,$7.00 ,,,,,,Ragon400,Ragon160,https://cdn11.bigcommerce.com/s-xvps74vl0m/images/stencil/1280x1280/products/16054/34319/G232530_1__28581.1733861192.jpg?c=1,G232530_1__28581.1733861192.jpg?c=1,,,Ragon800,G232530_1__28581.1733861192.jpg?c=1
,,,,,,,,,,,,,,,,,,,,,,,,
"25.5"" AGED BLACK GARDEN GATE",HY238819,"Home|Sale!|Everyday|25.5"" AGED BLACK GARDEN GATE",GATE HAS CONNECTION LINKS,In-Stock: Ships in 5 to 14 days,,,,L: 25.50in W: 0.75in H: 20.50in,,2,$29.25 ,,,,,2,Ragon400,Ragon160,https://cdn11.bigcommerce.com/s-xvps74vl0m/images/stencil/1280x1280/products/16421/36991/HY238819_1__61410.1733943444.jpg?c=1,HY238819_1__61410.1733943444.jpg?c=1,,,Ragon800,HY238819_1__61410.1733943444.jpg?c=1
,,,,,,,,,,,,,,,,,,,,,,,,
"35"" BEAN WILLOW SPRAY",G201307,"Home|Everyday|Florals|35"" BEAN WILLOW SPRAY",,In-Stock: Ships in 5 to 14 days,,,,L: 35in,,24,$9.65 ,,,,,24,Ragon400,Ragon160,https://cdn11.bigcommerce.com/s-xvps74vl0m/images/stencil/1280x1280/products/6816/18697/G201307_5__76062.1649687772.jpg?c=1,G201307_5__76062.1649687772.jpg?c=1,,,Ragon800,G201307_5__76062.1649687772.jpg?c=1
,,,,,,,,,,,,,,,,,,,,,,,,
"SET/ 4 - 4.5"" EARTH TONES BOTTLEBRUSH TREES",WS218117,"Home|Holiday|Cabin & Lodge|SET/ 4 - 4.5"" EARTH TONES BOTTLEBRUSH TREES",,In-Stock: Ships in 5 to 14 days,,,,H: 4.50in,,8,$9.90 ,,,,,8,Ragon400,Ragon160,https://cdn11.bigcommerce.com/s-xvps74vl0m/images/stencil/1280x1280/products/9231/25469/WS218117_3__72738.1677258158.jpg?c=1,WS218117_3__72738.1677258158.jpg?c=1,,,Ragon800,WS218117_3__72738.1677258158.jpg?c=1
,,,,,,,,,,,,,,,,,,,,,,,,
"14"" BUNDLED SNOWMAN",WS218313,"Home|Holiday|Snowmen, Santas & Angels|14"" BUNDLED SNOWMAN",,SOLD OUT,,,,L: 8in W: 5.50in H: 14in,,,$37.50 ,,,,,,Ragon400,Ragon160,https://cdn11.bigcommerce.com/s-xvps74vl0m/images/stencil/1280x1280/products/9363/26895/WS218313_3__42167.1679513405.jpg?c=1,WS218313_3__42167.1679513405.jpg?c=1,,,Ragon800,WS218313_3__42167.1679513405.jpg?c=1
,,,,,,,,,,,,,,,,,,,,,,,,
WREATH W/ RED BOW METAL WALL PLAQUE,H237524,Home|Holiday|Signs|WREATH W/ RED BOW METAL WALL PLAQUE,1 SAWTOOTH HANGER,In-Stock: Ships in 5 to 14 days,,,,L: 9.50in W: 0.25in H: 10.75in,,4,$8.25 ,,,,,4,Ragon400,Ragon160,https://cdn11.bigcommerce.com/s-xvps74vl0m/images/stencil/1280x1280/products/16348/41535/H237524_3__38404.1749826514.jpg?c=1,H237524_3__38404.1749826514.jpg?c=1,,,Ragon800,H237524_3__38404.1749826514.jpg?c=1
,,,,,,,,,,,,,,,,,,,,,,,,
"4"" BLACK TAPERED VASE",MH222622,"Home|Everyday|Vases|4"" BLACK TAPERED VASE",,In-Stock: Ships in 5 to 14 days,,,,L: 2.50in W: 2.50in H: 4in,,9,$4.40 ,,,,,9,Ragon400,Ragon160,https://cdn11.bigcommerce.com/s-xvps74vl0m/images/stencil/1280x1280/products/10363/29072/MH222622_4__28598.1701887372.jpg?c=1,MH222622_4__28598.1701887372.jpg?c=1,,,Ragon800,MH222622_4__28598.1701887372.jpg?c=1
,,,,,,,,,,,,,,,,,,,,,,,,
"12.25"" GREY METAL VASE",MH222600,"Home|Sale!|Everyday|12.25"" GREY METAL VASE",,In-Stock: Ships in 5 to 14 days,,,,L: 4in W: 4in H: 12.25in,,4,$13.20 ,,,,,4,Ragon400,Ragon160,https://cdn11.bigcommerce.com/s-xvps74vl0m/images/stencil/1280x1280/products/10343/29042/MH222600_2__94971.1701887362.jpg?c=1,MH222600_2__94971.1701887362.jpg?c=1,,,Ragon800,MH222600_2__94971.1701887362.jpg?c=1
,,,,,,,,,,,,,,,,,,,,,,,,
CREAM SWEATER MUG,LA237794,Home|Holiday|Tabletop & Misc.|CREAM SWEATER MUG,,In-Stock: Ships in 5 to 14 days,,,,L: 5.50in W: 3.75in H: 3.75in,,4,$6.05 ,,,,,4,Ragon400,Ragon160,https://cdn11.bigcommerce.com/s-xvps74vl0m/images/stencil/1280x1280/products/17572/41247/LA237794_2__17264.1749826451.jpg?c=1,LA237794_2__17264.1749826451.jpg?c=1,,,Ragon800,LA237794_2__17264.1749826451.jpg?c=1
,,,,,,,,,,,,,,,,,,,,,,,,
"7"" MOVING FLAME BEIGE PILLAR CANDLE",NY229038,"Home|Flameless Candles|7"" MOVING FLAME BEIGE PILLAR CANDLE","6 HR TIMER | ON/OFF BUTTON
REQUIRES 2 (AA) BATTERIES, BATTERIES NOT INCLUDED.",In-Stock: Ships in 5 to 14 days,,,,L: 3.25in W: 3.25in H: 7in,,6,$9.90 ,,,,,6,Ragon400,Ragon160,https://cdn11.bigcommerce.com/s-xvps74vl0m/images/stencil/1280x1280/products/10409/29165/NY229038_1__78666.1701887401.jpg?c=1,NY229038_1__78666.1701887401.jpg?c=1,,,Ragon800,NY229038_1__78666.1701887401.jpg?c=1
,,,,,,,,,,,,,,,,,,,,,,,,
"18"" CHEERFUL SANTA METAL DUMMY BOARD",H237615,"Home|Holiday|Tabletop & Misc.|18"" CHEERFUL SANTA METAL DUMMY BOARD",,In-Stock: Ships in 5 to 14 days,,,,L: 7.25in W: 0.50in H: 18in,,4,$10.75 ,,,,,4,Ragon400,Ragon160,https://cdn11.bigcommerce.com/s-xvps74vl0m/images/stencil/1280x1280/products/17403/41549/H237615_1__72409.1749826517.jpg?c=1,H237615_1__72409.1749826517.jpg?c=1,,,Ragon800,H237615_1__72409.1749826517.jpg?c=1
,,,,,,,,,,,,,,,,,,,,,,,,
"33"" SNOW MIX PINE & BERRIES HANGING BUSH",G201432,"Home|Holiday|Greenery, Wreaths & Trees|33"" SNOW MIX PINE & BERRIES HANGING BUSH",,In-Stock: Ships in 5 to 14 days,,,,L: 33in,,12,$14.05 ,,,,,12,Ragon400,Ragon160,https://cdn11.bigcommerce.com/s-xvps74vl0m/images/stencil/1280x1280/products/6879/41127/G201432_1__56698.1749826427.jpg?c=1,G201432_1__56698.1749826427.jpg?c=1,,,Ragon800,G201432_1__56698.1749826427.jpg?c=1
,,,,,,,,,,,,,,,,,,,,,,,,
VERTICAL OCTAGON FRAME W/ STUMP BASE,E217015,Home|Everyday|Tabletop & Misc.|VERTICAL OCTAGON FRAME W/ STUMP BASE,PHOTO: 4X6,SOLD OUT,,,,L: 6.50in W: 5.25in H: 11.25in,,,$14.85 ,,,,,,Ragon400,Ragon160,https://cdn11.bigcommerce.com/s-xvps74vl0m/images/stencil/1280x1280/products/8170/24068/E217015_2__63050.1677257717.jpg?c=1,E217015_2__63050.1677257717.jpg?c=1,,,Ragon800,E217015_2__63050.1677257717.jpg?c=1
,,,,,,,,,,,,,,,,,,,,,,,,
"12"" SPINDLE COMPOTE",E203286,"Home|Everyday|Tabletop & Misc.|12"" SPINDLE COMPOTE","BOWL DEPTH 1.3"" - NOT FOOD SAFE",SOLD OUT,,,,L: 12in W: 12in H: 7.25in,,,$37.50 ,,,,,,Ragon400,Ragon160,https://cdn11.bigcommerce.com/s-xvps74vl0m/images/stencil/1280x1280/products/6545/28390/E203286_1__77830.1693244792.jpg?c=1,E203286_1__77830.1693244792.jpg?c=1,,,Ragon800,E203286_1__77830.1693244792.jpg?c=1
,,,,,,,,,,,,,,,,,,,,,,,,
SET/ 6 LED CANDLES W/ STAR HANGER,NY229128,Home|Flameless Candles|SET/ 6 LED CANDLES W/ STAR HANGER,"6 HR TIMER | ON/OFF BUTTON
REQUIRES 1 (AAA) BATTERY PER CANDLE, BATTERIES NOT INCLUDED. REMOTE INCLUDED W/ 1 (CR2025) BATTERY, BATTERY INCLUDED.",Projected Summer 2025,,,,L: 0.75in W: 0.75in H: 6in,,4,$19.55 ,,,,,4,Ragon400,Ragon160,https://cdn11.bigcommerce.com/s-xvps74vl0m/images/stencil/1280x1280/products/11682/33424/NY229128_2__98699.1711115410.jpg?c=1,NY229128_2__98699.1711115410.jpg?c=1,,,Ragon800,NY229128_2__98699.1711115410.jpg?c=1
,,,,,,,,,,,,,,,,,,,,,,,,
"12"" RED RESIN TREE",WS221368,"Home|Holiday|Tabletop & Misc.|12"" RED RESIN TREE",,In-Stock: Ships in 5 to 14 days,,,,W: 5in H: 12in,,4,$19.55 ,,,,,4,Ragon400,Ragon160,https://cdn11.bigcommerce.com/s-xvps74vl0m/images/stencil/1280x1280/products/12203/32365/WS221368_2__73066.1708440891.jpg?c=1,WS221368_2__73066.1708440891.jpg?c=1,,,Ragon800,WS221368_2__73066.1708440891.jpg?c=1
,,,,,,,,,,,,,,,,,,,,,,,,
GREEN FELT DEER,LA237737,Home|Holiday|Tabletop & Misc.|GREEN FELT DEER,,Projected Summer 2025,,,,L: 14.25in W: 6in H: 15in,,2,$46.25 ,,,,,2,Ragon400,Ragon160,https://cdn11.bigcommerce.com/s-xvps74vl0m/images/stencil/1280x1280/products/17548/41782/LA237737_2__44699__69427.1750880526.jpg?c=1,LA237737_2__44699__69427.1750880526.jpg?c=1,,,Ragon800,LA237737_2__44699__69427.1750880526.jpg?c=1
,,,,,,,,,,,,,,,,,,,,,,,,
"4"" TARTAN STOCKING ORNAMENT W/ BLACK CUFF",SS211961,"Home|Holiday|Ornaments, Garland & Tree Toppers|4"" TARTAN STOCKING ORNAMENT W/ BLACK CUFF",,In-Stock: Ships in 5 to 14 days,,,,H: 4in,,12,$1.95 ,,,,,12,Ragon400,Ragon160,https://cdn11.bigcommerce.com/s-xvps74vl0m/images/stencil/1280x1280/products/9764/27417/SS211961_1__12860.1679582920.jpg?c=1,SS211961_1__12860.1679582920.jpg?c=1,,,Ragon800,SS211961_1__12860.1679582920.jpg?c=1
,,,,,,,,,,,,,,,,,,,,,,,,
SET/ 4 EMOTIONS TABLETOP STANDS,E217309,Home|Sale!|Everyday|SET/ 4 EMOTIONS TABLETOP STANDS,DOES NOT ROTATE,In-Stock: Ships in 5 to 14 days,,,,L: 10.50in W: 3in H: 8in,,2,$38.50 ,,,,,2,Ragon400,Ragon160,https://cdn11.bigcommerce.com/s-xvps74vl0m/images/stencil/1280x1280/products/8244/27953/E217309_2__88230.1687374843.jpg?c=1,E217309_2__88230.1687374843.jpg?c=1,,,Ragon800,E217309_2__88230.1687374843.jpg?c=1
,,,,,,,,,,,,,,,,,,,,,,,,
GREY TABLETOP CLOCK ON BLACK STAND,E226519,Home|Everyday|Clocks|GREY TABLETOP CLOCK ON BLACK STAND,"REQUIRES 1 (AA) BATTERY, BATTERY NOT INCLUDED.",SOLD OUT,,,,L: 7.50in W: 3in H: 9in,,,$20.75 ,,,,,,Ragon400,Ragon160,https://cdn11.bigcommerce.com/s-xvps74vl0m/images/stencil/1280x1280/products/10725/34072/E226519_1__99065.1719410852.jpg?c=1,E226519_1__99065.1719410852.jpg?c=1,,,Ragon800,E226519_1__99065.1719410852.jpg?c=1
,,,,,,,,,,,,,,,,,,,,,,,,
"10"" HANGING SUNFLOWER BIRD FEEDER",HY238839,"Home|Everyday|Spring & Garden|10"" HANGING SUNFLOWER BIRD FEEDER","HANG HEIGHT 19.5"" CLASP OPENING FOR BIRD SEED",SOLD OUT,,,,L: 10in W: 1.25in H: 10in,,,$6.75 ,,,,,,Ragon400,Ragon160,https://cdn11.bigcommerce.com/s-xvps74vl0m/images/stencil/1280x1280/products/16428/40680/HY238839_3__98454.1749657919.jpg?c=1,HY238839_3__98454.1749657919.jpg?c=1,,,Ragon800,HY238839_3__98454.1749657919.jpg?c=1
,,,,,,,,,,,,,,,,,,,,,,,,
"60"" BLACK ELLIPTICAL MIRROR*",E234242,"Home|Sale!|Everyday|60"" BLACK ELLIPTICAL MIRROR*","*ITEM MUST SHIP FREIGHT - ADDITIONAL FREIGHT CHARGES MAY APPLY. ORDERS CONTAINING FREIGHT ITEMS MUST REACH A $1,000 MINIMUM ORDER
  2 METAL HANGERS",In-Stock: Ships in 5 to 14 days,,,,L: 60in W: 1.25in H: 28in,,1,$163.00 ,,,,,1,Ragon400,Ragon160,https://cdn11.bigcommerce.com/s-xvps74vl0m/images/stencil/1280x1280/products/15879/37197/E234242__48771.1733943500.jpg?c=1,E234242__48771.1733943500.jpg?c=1,,,Ragon800,E234242__48771.1733943500.jpg?c=1
,,,,,,,,,,,,,,,,,,,,,,,,
SET/ 3 BOTANICAL PRINT BOWLS,ZH187538,Home|Everyday|Spring & Garden|SET/ 3 BOTANICAL PRINT BOWLS,"SM: 11.5""L X 9.25""W X 7.25""H
MD: 14.75""L X 12.75""W X 7.25""H
LG: 17""L X 12.75""W X 7.25""H",SOLD OUT,,,,See Details tab,,,$55.00 ,,,,,,Ragon400,Ragon160,https://cdn11.bigcommerce.com/s-xvps74vl0m/images/stencil/1280x1280/products/5423/28473/ZH187538_4__77343.1697643859.jpg?c=1,ZH187538_4__77343.1697643859.jpg?c=1,,,Ragon800,ZH187538_4__77343.1697643859.jpg?c=1
,,,,,,,,,,,,,,,,,,,,,,,,
"13.5"" BLACK SINGLE BUCKET STAND",HY225543,"Home|Everyday|Vases|13.5"" BLACK SINGLE BUCKET STAND",2 KEYHOLE HANGERS,In-Stock: Ships in 5 to 14 days,,,,L: 9.50in W: 8in H: 13.50in,,4,$19.80 ,,,,,4,Ragon400,Ragon160,https://cdn11.bigcommerce.com/s-xvps74vl0m/images/stencil/1280x1280/products/10210/28856/HY225543_6__90837.1701887299.jpg?c=1,HY225543_6__90837.1701887299.jpg?c=1,,,Ragon800,HY225543_6__90837.1701887299.jpg?c=1
,,,,,,,,,,,,,,,,,,,,,,,,
"22"" CLEAR GLASS BOTTLE",SE221610,"Home|Everyday|Kitchen|22"" CLEAR GLASS BOTTLE",,In-Stock: Ships in 5 to 14 days,,,,L: 13in W: 13in H: 22in,,1,$87.00 ,,,,,1,Ragon400,Ragon160,https://cdn11.bigcommerce.com/s-xvps74vl0m/images/stencil/1280x1280/products/10512/29302/SE221610__48611.1707404349.jpg?c=1,SE221610__48611.1707404349.jpg?c=1,,,Ragon800,SE221610__48611.1707404349.jpg?c=1
,,,,,,,,,,,,,,,,,,,,,,,,
"40"" DEVOTED METAL SIGN",E217408,"Home|Everyday|Wall Décor|40"" DEVOTED METAL SIGN",1 SAWTOOTH HANGER,SOLD OUT,,,,L: 40in W: 0.25in H: 11in,,,$26.50 ,,,,,,Ragon400,Ragon160,https://cdn11.bigcommerce.com/s-xvps74vl0m/images/stencil/1280x1280/products/8268/24339/E217408_1__02260.1677257797.jpg?c=1,E217408_1__02260.1677257797.jpg?c=1,,,Ragon800,E217408_1__02260.1677257797.jpg?c=1
,,,,,,,,,,,,,,,,,,,,,,,,
AGED GREEN WATERING CAN,BF224373,Home|Everyday|Spring & Garden|AGED GREEN WATERING CAN,,SOLD OUT,,,,L: 19.75in W: 6.50in H: 13.50in,,,$33.00 ,,,,,,Ragon400,Ragon160,https://cdn11.bigcommerce.com/s-xvps74vl0m/images/stencil/1280x1280/products/10006/28554/BF224373_1__36815.1701887192.jpg?c=1,BF224373_1__36815.1701887192.jpg?c=1,,,Ragon800,BF224373_1__36815.1701887192.jpg?c=1
,,,,,,,,,,,,,,,,,,,,,,,,
"18"" PINE & CEDAR W/ BLUE BERRIES & CONE SPRAY",G191446,"Home|Holiday|Greenery, Wreaths & Trees|18"" PINE & CEDAR W/ BLUE BERRIES & CONE SPRAY","18""L, PE & MMF",SOLD OUT,,,,L: 18in,,,$5.45 ,,,,,,Ragon400,Ragon160,https://cdn11.bigcommerce.com/s-xvps74vl0m/images/stencil/1280x1280/products/3619/8769/G191446_nzid-5o__88798.1649697935.jpg?c=1,G191446_nzid-5o__88798.1649697935.jpg?c=1,,,Ragon800,G191446_nzid-5o__88798.1649697935.jpg?c=1
,,,,,,,,,,,,,,,,,,,,,,,,
RED SLEDDING SANTA,E226655,Home|Sale!|Holiday|RED SLEDDING SANTA,,In-Stock: Ships in 5 to 14 days,,,,L: 13in W: 4.50in H: 9.25in,,2,$24.25 ,,,,,2,Ragon400,Ragon160,https://cdn11.bigcommerce.com/s-xvps74vl0m/images/stencil/1280x1280/products/10953/32064/E226655_4__34409.1708440792.jpg?c=1,E226655_4__34409.1708440792.jpg?c=1,,,Ragon800,E226655_4__34409.1708440792.jpg?c=1
,,,,,,,,,,,,,,,,,,,,,,,,
"16"" PINE, EUCALYPTUS & BERRIES PICK",G224953,"Home|Holiday|Greenery, Wreaths & Trees|16"" PINE, EUCALYPTUS & BERRIES PICK",,SOLD OUT,,,,L: 16in,,,$4.95 ,,,,,,Ragon400,Ragon160,https://cdn11.bigcommerce.com/s-xvps74vl0m/images/stencil/1280x1280/products/11107/32105/G224953_5__84345.1708440806.jpg?c=1,G224953_5__84345.1708440806.jpg?c=1,,,Ragon800,G224953_5__84345.1708440806.jpg?c=1
,,,,,,,,,,,,,,,,,,,,,,,,
"13"" WHITE SPRUCE & TSUGA HEMLOCK PICK",G219586,"Home|Holiday|Greenery, Wreaths & Trees|13"" WHITE SPRUCE & TSUGA HEMLOCK PICK",,In-Stock: Ships in 5 to 14 days,,,,L: 13in,,18,$3.30 ,,,,,18,Ragon400,Ragon160,https://cdn11.bigcommerce.com/s-xvps74vl0m/images/stencil/1280x1280/products/8860/26567/G219586_3__20300.1678296673.jpg?c=1,G219586_3__20300.1678296673.jpg?c=1,,,Ragon800,G219586_3__20300.1678296673.jpg?c=1
,,,,,,,,,,,,,,,,,,,,,,,,
THE BEGINNER'S GUIDE TO DEER SPECIES JOURNAL ORNAMENT,L238749,"Home|Holiday|Ornaments, Garland & Tree Toppers|THE BEGINNER'S GUIDE TO DEER SPECIES JOURNAL ORNAMENT",RIBBON HANGER,Projected Summer 2025,,,,L: 3in W: 0.75in H: 4in,,8,$4.70 ,,,,,8,Ragon400,Ragon160,https://cdn11.bigcommerce.com/s-xvps74vl0m/images/stencil/1280x1280/products/18310/40418/L238749_1__45125.1749135096.jpg?c=1,L238749_1__45125.1749135096.jpg?c=1,,,Ragon800,L238749_1__45125.1749135096.jpg?c=1
,,,,,,,,,,,,,,,,,,,,,,,,
"6' - BROWN 2"" FLOCKED BALL GARLAND",WS221354,"Home|Holiday|Cabin & Lodge|6' - BROWN 2"" FLOCKED BALL GARLAND",,In-Stock: Ships in 5 to 14 days,,,,L: 72in,,6,$15.15 ,,,,,6,Ragon400,Ragon160,https://cdn11.bigcommerce.com/s-xvps74vl0m/images/stencil/1280x1280/products/12189/32947/WS221354_1__29850.1710521301.jpg?c=1,WS221354_1__29850.1710521301.jpg?c=1,,,Ragon800,WS221354_1__29850.1710521301.jpg?c=1
,,,,,,,,,,,,,,,,,,,,,,,,
BRONZE PLATE STAND,E234667,Home|Everyday|Tabletop & Misc.|BRONZE PLATE STAND,,In-Stock: Ships in 5 to 14 days,,,,L: 6.50in W: 2.50in H: 7.25in,,8,$4.95 ,,,,,8,Ragon400,Ragon160,https://cdn11.bigcommerce.com/s-xvps74vl0m/images/stencil/1280x1280/products/15971/39882/E234667_3__35852.1743648641.jpg?c=1,E234667_3__35852.1743648641.jpg?c=1,,,Ragon800,E234667_3__35852.1743648641.jpg?c=1
,,,,,,,,,,,,,,,,,,,,,,,,
"15.5"" LAUNDRY ROOM SIGN",E234009,"Home|Sale!|Everyday|15.5"" LAUNDRY ROOM SIGN",2 SAWTOOTH HANGERS,In-Stock: Ships in 5 to 14 days,,,,L: 12in W: 0.75in H: 15.50in,,12,$13.20 ,,,,,12,Ragon400,Ragon160,https://cdn11.bigcommerce.com/s-xvps74vl0m/images/stencil/1280x1280/products/15829/36757/E234009_4__57768.1733943383.jpg?c=1,E234009_4__57768.1733943383.jpg?c=1,,,Ragon800,E234009_4__57768.1733943383.jpg?c=1
,,,,,,,,,,,,,,,,,,,,,,,,
"7"" MOVING FLAME CREAM PILLAR CANDLE",NY213029,"Home|Flameless Candles|7"" MOVING FLAME CREAM PILLAR CANDLE","6 HR TIMER
REQUIRES 2 (AA) BATTERIES, BATTERIES NOT INCLUDED.",In-Stock: Ships in 5 to 14 days,,,,L: 3.25in W: 3.25in H: 7in,,6,$9.90 ,,,,,6,Ragon400,Ragon160,https://cdn11.bigcommerce.com/s-xvps74vl0m/images/stencil/1280x1280/products/8558/28096/NY213029_2__88132.1687554419.jpg?c=1,NY213029_2__88132.1687554419.jpg?c=1,,,Ragon800,NY213029_2__88132.1687554419.jpg?c=1
,,,,,,,,,,,,,,,,,,,,,,,,
"5"" MATTE BLACK KUGEL ORNAMENT",SS221574,"Home|Holiday|Ornaments, Garland & Tree Toppers|5"" MATTE BLACK KUGEL ORNAMENT",,In-Stock: Ships in 5 to 14 days,,,,L: 5in W: 5in H: 5in,,4,$6.05 ,,,,,4,Ragon400,Ragon160,https://cdn11.bigcommerce.com/s-xvps74vl0m/images/stencil/1280x1280/products/11743/34148/SS221574_3__71048.1723488768.jpg?c=1,SS221574_3__71048.1723488768.jpg?c=1,,,Ragon800,SS221574_3__71048.1723488768.jpg?c=1
,,,,,,,,,,,,,,,,,,,,,,,,
DEER IN THE SNOW PAINT BY NUMBER PLATE,WS221237,Home|Everyday|Kitchen|DEER IN THE SNOW PAINT BY NUMBER PLATE,FOOD SAFE. DISHWASHER SAFE. TOP RACK ONLY. NOT FOR MICROWAVE OR OVEN USE.,In-Stock: Ships in 5 to 14 days,,,,L: 10in W: 10in,,4,$3.05 ,,,,,4,Ragon400,Ragon160,https://cdn11.bigcommerce.com/s-xvps74vl0m/images/stencil/1280x1280/products/10574/34005/WS221237_1__43847.1712868591.jpg?c=1,WS221237_1__43847.1712868591.jpg?c=1,,,Ragon800,WS221237_1__43847.1712868591.jpg?c=1
,,,,,,,,,,,,,,,,,,,,,,,,
"16"" DISTRESSED METAL DEER ON FAUX WOOD BASE",H223350,"Home|Holiday|Cabin & Lodge|16"" DISTRESSED METAL DEER ON FAUX WOOD BASE",,In-Stock: Ships in 5 to 14 days,,,,L: 12.25in W: 2.50in H: 16in,,1,$31.00 ,,,,,1,Ragon400,Ragon160,https://cdn11.bigcommerce.com/s-xvps74vl0m/images/stencil/1280x1280/products/11574/33412/H223350_4__62498.1711115406.jpg?c=1,H223350_4__62498.1711115406.jpg?c=1,,,Ragon800,H223350_4__62498.1711115406.jpg?c=1
,,,,,,,,,,,,,,,,,,,,,,,,
"50"" WHITE TARTAN TREE SKIRT W/ SCALLOPED EDGE",SS221913,"Home|Sale!|Holiday|50"" WHITE TARTAN TREE SKIRT W/ SCALLOPED EDGE",,In-Stock: Ships in 5 to 14 days,,,,L: 50in,,2,$31.00 ,,,,,2,Ragon400,Ragon160,https://cdn11.bigcommerce.com/s-xvps74vl0m/images/stencil/1280x1280/products/11830/34279/SS221912_2__39450.1730144124.jpg?c=1,SS221912_2__39450.1730144124.jpg?c=1,,,Ragon800,SS221912_2__39450.1730144124.jpg?c=1
,,,,,,,,,,,,,,,,,,,,,,,,
SET/ 3 RED PLAID BUCKETS,BF215127,Home|Sale!|Holiday|SET/ 3 RED PLAID BUCKETS,"SM: 3.75""L X 3.75""W X 3.75""H
MD: 4.5""L X 4.5""W X 4.75""H
LG: 5.5""L X 5.5""W X 5.75""H",In-Stock: Ships in 5 to 14 days,,,,See Details tab,,2,$15.95 ,,,,,2,Ragon400,Ragon160,https://cdn11.bigcommerce.com/s-xvps74vl0m/images/stencil/1280x1280/products/8114/23960/BF215127_2__75322.1677257684.jpg?c=1,BF215127_2__75322.1677257684.jpg?c=1,,,Ragon800,BF215127_2__75322.1677257684.jpg?c=1
,,,,,,,,,,,,,,,,,,,,,,,,
"15"" TIN TREE W/ WOOD BASE",FB225288,"Home|Holiday|Tabletop & Misc.|15"" TIN TREE W/ WOOD BASE",,In-Stock: Ships in 5 to 14 days,,,,L: 4in W: 4in H: 15in,,4,$12.10 ,,,,,4,Ragon400,Ragon160,https://cdn11.bigcommerce.com/s-xvps74vl0m/images/stencil/1280x1280/products/10989/32472/FB225288__27688.1709219663.jpg?c=1,FB225288__27688.1709219663.jpg?c=1,,,Ragon800,FB225288__27688.1709219663.jpg?c=1
,,,,,,,,,,,,,,,,,,,,,,,,
SNOWY GOLD PINECONE BUNCH,WS231441,"Home|Holiday|Ornaments, Garland & Tree Toppers|SNOWY GOLD PINECONE BUNCH",,Early September,,,,L: 3.50in W: 1.75in H: 13in,,12,$5.50 ,,,,,12,Ragon400,Ragon160,https://cdn11.bigcommerce.com/s-xvps74vl0m/images/stencil/1280x1280/products/18008/40532/WS231441_3__06846.1749151575.jpg?c=1,WS231441_3__06846.1749151575.jpg?c=1,,,Ragon800,WS231441_3__06846.1749151575.jpg?c=1
,,,,,,,,,,,,,,,,,,,,,,,,
3 TIER GREEN METAL PLANTER STAND,H214066,Home|Everyday|Spring & Garden|3 TIER GREEN METAL PLANTER STAND,,In-Stock: Ships in 5 to 14 days,,,,L: 40.25in W: 20.50in H: 29.25in,,1,$253.00 ,,,,,1,Ragon400,Ragon160,https://cdn11.bigcommerce.com/s-xvps74vl0m/images/stencil/1280x1280/products/9803/28047/H214066_4__81903.1687548074.jpg?c=1,H214066_4__81903.1687548074.jpg?c=1,,,Ragon800,H214066_4__81903.1687548074.jpg?c=1
,,,,,,,,,,,,,,,,,,,,,,,,
CHUB FISH ORNAMENT,FB225385,Home|Sale!|Everyday|CHUB FISH ORNAMENT,"TWINE HANGER
DOUBLE SIDED ",In-Stock: Ships in 5 to 14 days,,,,L: 5.25in W: 0.50in H: 2.75in,,12,$4.70 ,,,,,12,Ragon400,Ragon160,https://cdn11.bigcommerce.com/s-xvps74vl0m/images/stencil/1280x1280/products/11011/33358/FB225385_1__78613.1711115388.jpg?c=1,FB225385_1__78613.1711115388.jpg?c=1,,,Ragon800,FB225385_1__78613.1711115388.jpg?c=1
,,,,,,,,,,,,,,,,,,,,,,,,
CARDINAL ON WREATH FRAMED PRINT,BF235160,Home|Holiday|Tabletop & Misc.|CARDINAL ON WREATH FRAMED PRINT,,In-Stock: Ships in 5 to 14 days,,,,L: 19.75in W: 0.75in H: 13.75in,,2,$15.40 ,,,,,2,Ragon400,Ragon160,https://cdn11.bigcommerce.com/s-xvps74vl0m/images/stencil/1280x1280/products/16964/41316/BF235160_2__96777.1749826462.jpg?c=1,BF235160_2__96777.1749826462.jpg?c=1,,,Ragon800,BF235160_2__96777.1749826462.jpg?c=1
,,,,,,,,,,,,,,,,,,,,,,,,
"25"" PURPLE SCABIOSA SPRAY",G228271,"Home|Sale!|Everyday|25"" PURPLE SCABIOSA SPRAY",,In-Stock: Ships in 5 to 14 days,,,,L: 25in,,24,$4.95 ,,,,,24,Ragon400,Ragon160,https://cdn11.bigcommerce.com/s-xvps74vl0m/images/stencil/1280x1280/products/10129/35395/G228271_5__76185.1733863780.jpg?c=1,G228271_5__76185.1733863780.jpg?c=1,,,Ragon800,G228271_5__76185.1733863780.jpg?c=1
,,,,,,,,,,,,,,,,,,,,,,,,
TWAS THE NIGHT SIGN,E193316,Home|Holiday|Signs|TWAS THE NIGHT SIGN,"20.25""L X 1""W X 30""H, WOOD",In-Stock: Ships in 5 to 14 days,,,,L: 20.25in W: 1in H: 30in,,2,$30.75 ,,,,,2,Ragon400,Ragon160,https://cdn11.bigcommerce.com/s-xvps74vl0m/images/stencil/1280x1280/products/3644/7748/E193316__58809.1626460529.jpg?c=1,E193316__58809.1626460529.jpg?c=1,,,Ragon800,E193316__58809.1626460529.jpg?c=1
,,,,,,,,,,,,,,,,,,,,,,,,
"22"" YELLOW GERANIUM WREATH",G228465,"Home|Everyday|Florals|22"" YELLOW GERANIUM WREATH",,In-Stock: Ships in 5 to 14 days,,,,L: 22in H: 22in,,1,$43.50 ,,,,,1,Ragon400,Ragon160,https://cdn11.bigcommerce.com/s-xvps74vl0m/images/stencil/1280x1280/products/13803/36019/G228465_4__55231.1733863957.jpg?c=1,G228465_4__55231.1733863957.jpg?c=1,,,Ragon800,G228465_4__55231.1733863957.jpg?c=1
,,,,,,,,,,,,,,,,,,,,,,,,
"21"" GREEN POM POM BUSH",G228070,"Home|Everyday|Florals|21"" GREEN POM POM BUSH",,In-Stock: Ships in 5 to 14 days,,,,L: 21in,,12,$6.35 ,,,,,12,Ragon400,Ragon160,https://cdn11.bigcommerce.com/s-xvps74vl0m/images/stencil/1280x1280/products/10057/28644/G228070_3__13267.1701887225.jpg?c=1,G228070_3__13267.1701887225.jpg?c=1,,,Ragon800,G228070_3__13267.1701887225.jpg?c=1
,,,,,,,,,,,,,,,,,,,,,,,,
"5"" ANDRI PLAID GLASS 3D FLAME CANDLE",NY236568,"Home|Flameless Candles|5"" ANDRI PLAID GLASS 3D FLAME CANDLE","6 HR TIMER | ON/OFF BUTTON
REQUIRES 3 (AAA) BATTERIES, BATTERIES NOT INCLUDED.",In-Stock: Ships in 5 to 14 days,,,,L: 3in W: 3in H: 5in,,6,$8.55 ,,,,,6,Ragon400,Ragon160,https://cdn11.bigcommerce.com/s-xvps74vl0m/images/stencil/1280x1280/products/16659/41974/NY236568_2__90525.1754680104.jpg?c=1,NY236568_2__90525.1754680104.jpg?c=1,,,Ragon800,NY236568_2__90525.1754680104.jpg?c=1
,,,,,,,,,,,,,,,,,,,,,,,,
"10"" FOREST VELVET TREE",WS221478,"Home|Holiday|Cabin & Lodge|10"" FOREST VELVET TREE",,Early September,,,,L: 3.50in W: 3.50in H: 10in,,3,$20.50 ,,,,,3,Ragon400,Ragon160,https://cdn11.bigcommerce.com/s-xvps74vl0m/images/stencil/1280x1280/products/12313/32389/WS221478_3__27832.1708440899.jpg?c=1,WS221478_3__27832.1708440899.jpg?c=1,,,Ragon800,WS221478_3__27832.1708440899.jpg?c=1
,,,,,,,,,,,,,,,,,,,,,,,,
"36"" ICED TWIG W/ RED BERRIES & PINECONE SPRAY",G233345,"Home|Holiday|Greenery, Wreaths & Trees|36"" ICED TWIG W/ RED BERRIES & PINECONE SPRAY",,Late August,,,,L: 36in W: 7in,,6,$7.70 ,,,,,6,Ragon400,Ragon160,https://cdn11.bigcommerce.com/s-xvps74vl0m/images/stencil/1280x1280/products/17209/41056/G233345_7__80000.1750883449.jpg?c=1,G233345_7__80000.1750883449.jpg?c=1,,,Ragon800,G233345_7__80000.1750883449.jpg?c=1
,,,,,,,,,,,,,,,,,,,,,,,,
"72"" GOLD BALL GARLAND W/ 2"" BALL",WS202011,"Home|Holiday|Ornaments, Garland & Tree Toppers|72"" GOLD BALL GARLAND W/ 2"" BALL","Smallest Ball Measures 1"" Largest Ball Measures 2""",In-Stock: Ships in 5 to 14 days,,,,L: 72in W: 2in,,4,$35.25 ,,,,,4,Ragon400,Ragon160,https://cdn11.bigcommerce.com/s-xvps74vl0m/images/stencil/1280x1280/products/7488/16844/WS202011_1__46365.1644260681.jpg?c=1,WS202011_1__46365.1644260681.jpg?c=1,,,Ragon800,WS202011_1__46365.1644260681.jpg?c=1
,,,,,,,,,,,,,,,,,,,,,,,,
"28"" MIXED GREENS & ICY RED BERRY SPRAY",G232697,"Home|Holiday|Greenery, Wreaths & Trees|28"" MIXED GREENS & ICY RED BERRY SPRAY",,In-Stock: Ships in 5 to 14 days,,,,L: 28in W: 7in,,6,$8.80 ,,,,,6,Ragon400,Ragon160,https://cdn11.bigcommerce.com/s-xvps74vl0m/images/stencil/1280x1280/products/11339/41179/G232697_4__61085.1749826438.jpg?c=1,G232697_4__61085.1749826438.jpg?c=1,,,Ragon800,G232697_4__61085.1749826438.jpg?c=1
,,,,,,,,,,,,,,,,,,,,,,,,
"22"" SOFT PINK GERBERA DAISY STEM",G201133,"Home|Everyday|Florals|22"" SOFT PINK GERBERA DAISY STEM",,In-Stock: Ships in 5 to 14 days,,,,L: 22in,,24,$3.05 ,,,,,24,Ragon400,Ragon160,https://cdn11.bigcommerce.com/s-xvps74vl0m/images/stencil/1280x1280/products/6762/20161/G201133_3__45048.1658341875.jpg?c=1,G201133_3__45048.1658341875.jpg?c=1,,,Ragon800,G201133_3__45048.1658341875.jpg?c=1
,,,,,,,,,,,,,,,,,,,,,,,,
"15.75"" WHITE TULIP BUSH",OR235618,"Home|Everyday|Florals|15.75"" WHITE TULIP BUSH",,SOLD OUT,,,,L: 15.75in W: 5in,,,$10.45 ,,,,,,Ragon400,Ragon160,https://cdn11.bigcommerce.com/s-xvps74vl0m/images/stencil/1280x1280/products/16733/35263/OR235618_5__04141.1733861471.jpg?c=1,OR235618_5__04141.1733861471.jpg?c=1,,,Ragon800,OR235618_5__04141.1733861471.jpg?c=1
,,,,,,,,,,,,,,,,,,,,,,,,
"3.75"" - 3D FLAME BLACK SPECKLED CERAMIC CANDLE",NY229101,"Home|Flameless Candles|3.75"" - 3D FLAME BLACK SPECKLED CERAMIC CANDLE","6 HR TIMER | ON/OFF BUTTON
REQUIRES 2 (AA) BATTERIES, BATTERIES NOT INCLUDED.",SOLD OUT,,,,L: 3.50in W: 3.50in H: 3.75in,,,$8.80 ,,,,,,Ragon400,Ragon160,https://cdn11.bigcommerce.com/s-xvps74vl0m/images/stencil/1280x1280/products/14328/32003/NY229101_2__82753.1707399433.jpg?c=1,NY229101_2__82753.1707399433.jpg?c=1,,,Ragon800,NY229101_2__82753.1707399433.jpg?c=1
,,,,,,,,,,,,,,,,,,,,,,,,
"13"" LIGHT MAUVE HYDRANGEA SPRAY",OR224521,"Home|Sale!|Everyday|13"" LIGHT MAUVE HYDRANGEA SPRAY",,In-Stock: Ships in 5 to 14 days,,,,L: 13in,,18,$2.75 ,,,,,18,Ragon400,Ragon160,https://cdn11.bigcommerce.com/s-xvps74vl0m/images/stencil/1280x1280/products/10438/35838/OR224521_2__13503.1733863903.jpg?c=1,OR224521_2__13503.1733863903.jpg?c=1,,,Ragon800,OR224521_2__13503.1733863903.jpg?c=1
,,,,,,,,,,,,,,,,,,,,,,,,
RED BICYCLE ORNAMENT,WS192190,"Home|Holiday|Ornaments, Garland & Tree Toppers|RED BICYCLE ORNAMENT","4.50""L X 0.75""W X 3""H, GLASS",In-Stock: Ships in 5 to 14 days,,,,L: 4.50in W: 0.75in H: 3in,,6,$8.55 ,,,,,6,Ragon400,Ragon160,https://cdn11.bigcommerce.com/s-xvps74vl0m/images/stencil/1280x1280/products/3212/12128/WS192190_1__14499.1626464814.jpg?c=1,WS192190_1__14499.1626464814.jpg?c=1,,,Ragon800,WS192190_1__14499.1626464814.jpg?c=1
,,,,,,,,,,,,,,,,,,,,,,,,
"18"" FAWN W/ HOLLY METAL DUMMY BOARD",H237625,"Home|Holiday|Tabletop & Misc.|18"" FAWN W/ HOLLY METAL DUMMY BOARD",,Late August,,,,L: 16.75in W: 0.50in H: 18in,,4,$13.75 ,,,,,4,Ragon400,Ragon160,https://cdn11.bigcommerce.com/s-xvps74vl0m/images/stencil/1280x1280/products/17413/41558/H237625_1__59068.1749826519.jpg?c=1,H237625_1__59068.1749826519.jpg?c=1,,,Ragon800,H237625_1__59068.1749826519.jpg?c=1
,,,,,,,,,,,,,,,,,,,,,,,,
"16.5"" DEEP OCEAN VELVET BELSNICKLE",WS221321,"Home|Holiday|Snowmen, Santas & Angels|16.5"" DEEP OCEAN VELVET BELSNICKLE",,In-Stock: Ships in 5 to 14 days,,,,L: 6in W: 5.50in H: 16.50in,,2,$35.25 ,,,,,2,Ragon400,Ragon160,https://cdn11.bigcommerce.com/s-xvps74vl0m/images/stencil/1280x1280/products/12156/32354/WS221321_2__59687.1708440887.jpg?c=1,WS221321_2__59687.1708440887.jpg?c=1,,,Ragon800,WS221321_2__59687.1708440887.jpg?c=1
,,,,,,,,,,,,,,,,,,,,,,,,
"7"" CANOEING JOURNAL",L221523,"Home|Sale!|Everyday|7"" CANOEING JOURNAL",,In-Stock: Ships in 5 to 14 days,,,,L: 4in W: 1.50in H: 7in,,2,$13.75 ,,,,,2,Ragon400,Ragon160,https://cdn11.bigcommerce.com/s-xvps74vl0m/images/stencil/1280x1280/products/10265/31994/L221523_2__90288.1707399430.jpg?c=1,L221523_2__90288.1707399430.jpg?c=1,,,Ragon800,L221523_2__90288.1707399430.jpg?c=1
,,,,,,,,,,,,,,,,,,,,,,,,
"6.25"" FRANCESCO TAPER CANDLE HOLDER",MH236760,"Home|Everyday|Candle Holders|6.25"" FRANCESCO TAPER CANDLE HOLDER","HOLDS 1"" TAPER CANDLE",In-Stock: Ships in 5 to 14 days,,,,L: 3.50in W: 3.50in H: 6.25in,,6,$6.90 ,,,,,6,Ragon400,Ragon160,https://cdn11.bigcommerce.com/s-xvps74vl0m/images/stencil/1280x1280/products/16587/36081/MH236760_3__71539.1733943217.jpg?c=1,MH236760_3__71539.1733943217.jpg?c=1,,,Ragon800,MH236760_3__71539.1733943217.jpg?c=1
,,,,,,,,,,,,,,,,,,,,,,,,
WHITE CAPPED ROPE ORNAMENT,E203504,Home|Sale!|Holiday|WHITE CAPPED ROPE ORNAMENT,"HANGING HEIGHT 7""",In-Stock: Ships in 5 to 14 days,,,,W: 3.75in,,20,$3.85 ,,,,,20,Ragon400,Ragon160,https://cdn11.bigcommerce.com/s-xvps74vl0m/images/stencil/1280x1280/products/6650/20625/E203504_3__36573.1666619724.jpg?c=1,E203504_3__36573.1666619724.jpg?c=1,,,Ragon800,E203504_3__36573.1666619724.jpg?c=1
,,,,,,,,,,,,,,,,,,,,,,,,
"36"" SANTA W/ TREE DUMMY BOARD",WS221063,"Home|Sale!|Holiday|36"" SANTA W/ TREE DUMMY BOARD",,In-Stock: Ships in 5 to 14 days,,,,H: 36in,,2,$37.50 ,,,,,2,Ragon400,Ragon160,https://cdn11.bigcommerce.com/s-xvps74vl0m/images/stencil/1280x1280/products/11981/33152/WS221063_1__42611.1711076789.jpg?c=1,WS221063_1__42611.1711076789.jpg?c=1,,,Ragon800,WS221063_1__42611.1711076789.jpg?c=1
,,,,,,,,,,,,,,,,,,,,,,,,
"5.5"" RED LIGHT BULB ORNAMENT",WS227485,"Home|Sale!|Holiday|5.5"" RED LIGHT BULB ORNAMENT",,In-Stock: Ships in 5 to 14 days,,,,L: 2.50in W: 2.50in H: 5.50in,,6,$2.75 ,,,,,6,Ragon400,Ragon160,https://cdn11.bigcommerce.com/s-xvps74vl0m/images/stencil/1280x1280/products/12413/32996/WS227485_2__69625.1710521318.jpg?c=1,WS227485_2__69625.1710521318.jpg?c=1,,,Ragon800,WS227485_2__69625.1710521318.jpg?c=1
,,,,,,,,,,,,,,,,,,,,,,,,
PRESSED METAL CHURCH FRAMED WALL SIGN,FB215753,Home|Sale!|Everyday|PRESSED METAL CHURCH FRAMED WALL SIGN,2 TRIANGLE HANGERS,In-Stock: Ships in 5 to 14 days,,,,L: 26.75in W: 1in H: 37in,,2,$66.00 ,,,,,2,Ragon400,Ragon160,https://cdn11.bigcommerce.com/s-xvps74vl0m/images/stencil/1280x1280/products/8320/24426/FB215753_2__77754.1677257821.jpg?c=1,FB215753_2__77754.1677257821.jpg?c=1,,,Ragon800,FB215753_2__77754.1677257821.jpg?c=1
,,,,,,,,,,,,,,,,,,,,,,,,
"6' - GRADIENT TAN 2"" FLOCKED BALL GARLAND",WS221398,"Home|Holiday|Cabin & Lodge|6' - GRADIENT TAN 2"" FLOCKED BALL GARLAND",,In-Stock: Ships in 5 to 14 days,,,,L: 72in,,6,$15.15 ,,,,,6,Ragon400,Ragon160,https://cdn11.bigcommerce.com/s-xvps74vl0m/images/stencil/1280x1280/products/12233/32970/WS221398_2__36809.1710521309.jpg?c=1,WS221398_2__36809.1710521309.jpg?c=1,,,Ragon800,WS221398_2__36809.1710521309.jpg?c=1
,,,,,,,,,,,,,,,,,,,,,,,,
SET/ 2 MERRY CHRISTMAS NOTEBOOK,L15144,Home|Holiday|Tabletop & Misc.|SET/ 2 MERRY CHRISTMAS NOTEBOOK,"SM: 17""L X 1.75""W X 17""H LG: 21""L X 1.75""W X 21""H, CRAFT BOARD & PAPER",SOLD OUT,,,,L: 21in W: 1.75in H: 21in,,,$23.75 ,,,,,,Ragon400,Ragon160,https://cdn11.bigcommerce.com/s-xvps74vl0m/images/stencil/1280x1280/products/2912/10023/L15144__26897.1626464302.jpg?c=1,L15144__26897.1626464302.jpg?c=1,,,Ragon800,L15144__26897.1626464302.jpg?c=1
,,,,,,,,,,,,,,,,,,,,,,,,
"72"" RED BALL GARLAND W/ 2.75"" BALL",WS202004,"Home|Holiday|Ornaments, Garland & Tree Toppers|72"" RED BALL GARLAND W/ 2.75"" BALL","Smallest Ball Measures 1.5"" Largest Ball Measures 2.75""",In-Stock: Ships in 5 to 14 days,,,,L: 72in W: 2.75in,,4,$37.50 ,,,,,4,Ragon400,Ragon160,https://cdn11.bigcommerce.com/s-xvps74vl0m/images/stencil/1280x1280/products/7481/20051/WS202004__21367.1653056951.jpg?c=1,WS202004__21367.1653056951.jpg?c=1,,,Ragon800,WS202004__21367.1653056951.jpg?c=1
,,,,,,,,,,,,,,,,,,,,,,,,
6' MIX EUCALYPTUS W/BERRIES & CONES GARLAND,G201796,"Home|Holiday|Greenery, Wreaths & Trees|6' MIX EUCALYPTUS W/BERRIES & CONES GARLAND",2 LOOP HANGERS,In-Stock: Ships in 5 to 14 days,,,,L: 72in,,4,$55.75 ,,,,,4,Ragon400,Ragon160,https://cdn11.bigcommerce.com/s-xvps74vl0m/images/stencil/1280x1280/products/7050/19898/G201796_5__13701.1652977700.jpg?c=1,G201796_5__13701.1652977700.jpg?c=1,,,Ragon800,G201796_5__13701.1652977700.jpg?c=1
,,,,,,,,,,,,,,,,,,,,,,,,
"37"" BLUE HYDRANGEA SPRAY",G233129,"Home|Sale!|Everyday|37"" BLUE HYDRANGEA SPRAY",,In-Stock: Ships in 5 to 14 days,,,,L: 37in W: 11in,,12,$5.50 ,,,,,12,Ragon400,Ragon160,https://cdn11.bigcommerce.com/s-xvps74vl0m/images/stencil/1280x1280/products/16203/34768/G233129_1__78788.1733861324.jpg?c=1,G233129_1__78788.1733861324.jpg?c=1,,,Ragon800,G233129_1__78788.1733861324.jpg?c=1
,,,,,,,,,,,,,,,,,,,,,,,,
"35.75"" SANTA W/ HOLLY METAL DUMMY BOARD",H237633,"Home|Holiday|Tabletop & Misc.|35.75"" SANTA W/ HOLLY METAL DUMMY BOARD",,In-Stock: Ships in 5 to 14 days,,,,L: 24.50in W: 0.75in H: 35.75in,,1,$57.25 ,,,,,1,Ragon400,Ragon160,https://cdn11.bigcommerce.com/s-xvps74vl0m/images/stencil/1280x1280/products/17420/41563/H237633_1__72716.1749826520.jpg?c=1,H237633_1__72716.1749826520.jpg?c=1,,,Ragon800,H237633_1__72716.1749826520.jpg?c=1
,,,,,,,,,,,,,,,,,,,,,,,,
"14.75"" EMERALD GREEN W/ GOLD TRIM PAPER TREE",WS227409,"Home|Sale!|Holiday|14.75"" EMERALD GREEN W/ GOLD TRIM PAPER TREE",,In-Stock: Ships in 5 to 14 days,,,,L: 8in W: 8in H: 14.75in,,2,$10.45 ,,,,,2,Ragon400,Ragon160,https://cdn11.bigcommerce.com/s-xvps74vl0m/images/stencil/1280x1280/products/12392/33782/WS227409_4__79682.1712154139.jpg?c=1,WS227409_4__79682.1712154139.jpg?c=1,,,Ragon800,WS227409_4__79682.1712154139.jpg?c=1
,,,,,,,,,,,,,,,,,,,,,,,,
"25.75"" GREEN & WHITE FOXTAIL SPRAY",OR215275,"Home|Sale!|Everyday|25.75"" GREEN & WHITE FOXTAIL SPRAY",,In-Stock: Ships in 5 to 14 days,,,,L: 25.75in,,24,$1.65 ,,,,,24,Ragon400,Ragon160,https://cdn11.bigcommerce.com/s-xvps74vl0m/images/stencil/1280x1280/products/8589/35431/OR215275_3__77670.1733863790.jpg?c=1,OR215275_3__77670.1733863790.jpg?c=1,,,Ragon800,OR215275_3__77670.1733863790.jpg?c=1
,,,,,,,,,,,,,,,,,,,,,,,,
"9.75"" BROWN & RUST TONE BOTTLE VASE",SH222281,"Home|Sale!|Everyday|9.75"" BROWN & RUST TONE BOTTLE VASE",,In-Stock: Ships in 5 to 14 days,,,,L: 6in W: 6in H: 9.75in,,2,$32.50 ,,,,,2,Ragon400,Ragon160,https://cdn11.bigcommerce.com/s-xvps74vl0m/images/stencil/1280x1280/products/10538/33976/SH222281_2__90731.1712868581.jpg?c=1,SH222281_2__90731.1712868581.jpg?c=1,,,Ragon800,SH222281_2__90731.1712868581.jpg?c=1
,,,,,,,,,,,,,,,,,,,,,,,,
SET/ 2 DARK GREEN SPIRAL CUT BOTTLEBRUSH TREES,WS192418,Home|Holiday|Bottlebrush|SET/ 2 DARK GREEN SPIRAL CUT BOTTLEBRUSH TREES,"SM: 2.50""W X 8""H, LG: 3""W X 10""H, SISAL",SOLD OUT,,,,W: 3in H: 10in,,,$12.00 ,,,,,,Ragon400,Ragon160,https://cdn11.bigcommerce.com/s-xvps74vl0m/images/stencil/1280x1280/products/3148/12266/WS192418_1__63785.1626464859.jpg?c=1,WS192418_1__63785.1626464859.jpg?c=1,,,Ragon800,WS192418_1__63785.1626464859.jpg?c=1
,,,,,,,,,,,,,,,,,,,,,,,,
"6"" GREEN BOTTLEBRUSH TREE",5351,"Home|Holiday|Bottlebrush|6"" GREEN BOTTLEBRUSH TREE","3""W X 6""H, BOTTLEBRUSH",Projected Summer 2025,,,,L: 3in W: 3in H: 6in,,6,$3.25 ,,,,,6,Ragon400,Ragon160,https://cdn11.bigcommerce.com/s-xvps74vl0m/images/stencil/1280x1280/products/2796/27799/5351_2__26097.1682969263.jpg?c=1,5351_2__26097.1682969263.jpg?c=1,,,Ragon800,5351_2__26097.1682969263.jpg?c=1
,,,,,,,,,,,,,,,,,,,,,,,,
"20"" NEW ENGLAND BOXWOOD & BERRIES WREATH",G228374,"Home|Everyday|Florals|20"" NEW ENGLAND BOXWOOD & BERRIES WREATH",,In-Stock: Ships in 5 to 14 days,,,,L: 20in H: 20in,,2,$31.00 ,,,,,2,Ragon400,Ragon160,https://cdn11.bigcommerce.com/s-xvps74vl0m/images/stencil/1280x1280/products/10159/28777/G228374_3__21322.1701887275.jpg?c=1,G228374_3__21322.1701887275.jpg?c=1,,,Ragon800,G228374_3__21322.1701887275.jpg?c=1
,,,,,,,,,,,,,,,,,,,,,,,,
"30"" FOX PRINT",E234160,"Home|Everyday|Wall Décor|30"" FOX PRINT",2 SAWTOOTH HANGERS,In-Stock: Ships in 5 to 14 days,,,,L: 30in W: 1in H: 20in,,2,$32.75 ,,,,,2,Ragon400,Ragon160,https://cdn11.bigcommerce.com/s-xvps74vl0m/images/stencil/1280x1280/products/15857/36791/E234160_2__03717.1733943392.jpg?c=1,E234160_2__03717.1733943392.jpg?c=1,,,Ragon800,E234160_2__03717.1733943392.jpg?c=1
,,,,,,,,,,,,,,,,,,,,,,,,
"4"" FIRE RED GLASS ORNAMENT",SS232310,"Home|Holiday|Ornaments, Garland & Tree Toppers|4"" FIRE RED GLASS ORNAMENT",,In-Stock: Ships in 5 to 14 days,,,,L: 4in,,6,$4.15 ,,,,,6,Ragon400,Ragon160,https://cdn11.bigcommerce.com/s-xvps74vl0m/images/stencil/1280x1280/products/17834/41601/SS232310_4__96136.1749826527.jpg?c=1,SS232310_4__96136.1749826527.jpg?c=1,,,Ragon800,SS232310_4__96136.1749826527.jpg?c=1
,,,,,,,,,,,,,,,,,,,,,,,,
9' SMALL ROUND RED WOOD BEAD GARLAND,SS221941,"Home|Holiday|Ornaments, Garland & Tree Toppers|9' SMALL ROUND RED WOOD BEAD GARLAND",,SOLD OUT,,,,L: 108in,,,$7.70 ,,,,,,Ragon400,Ragon160,https://cdn11.bigcommerce.com/s-xvps74vl0m/images/stencil/1280x1280/products/11858/33797/SS221941__81157.1712155782.jpg?c=1,SS221941__81157.1712155782.jpg?c=1,,,Ragon800,SS221941__81157.1712155782.jpg?c=1
,,,,,,,,,,,,,,,,,,,,,,,,
IT'S THE MOST WONDERFUL TIME WOOD ORNAMENT SIGN,E226048,Home|Holiday|Signs|IT'S THE MOST WONDERFUL TIME WOOD ORNAMENT SIGN,,In-Stock: Ships in 5 to 14 days,,,,L: 10.50in W: 10.50in H: 12in,,4,$8.80 ,,,,,4,Ragon400,Ragon160,https://cdn11.bigcommerce.com/s-xvps74vl0m/images/stencil/1280x1280/products/10921/33350/E226048_4__01397.1711115386.jpg?c=1,E226048_4__01397.1711115386.jpg?c=1,,,Ragon800,E226048_4__01397.1711115386.jpg?c=1
,,,,,,,,,,,,,,,,,,,,,,,,
"6.75"" GOLD FINIAL ORNAMENT W/ TINSEL",WS202407,"Home|Holiday|Ornaments, Garland & Tree Toppers|6.75"" GOLD FINIAL ORNAMENT W/ TINSEL",,In-Stock: Ships in 5 to 14 days,,,,L: 2.75in W: 2.50in H: 6.75in,,6,$10.20 ,,,,,6,Ragon400,Ragon160,https://cdn11.bigcommerce.com/s-xvps74vl0m/images/stencil/1280x1280/products/7673/20699/WS202407_3__13733.1666638540.jpg?c=1,WS202407_3__13733.1666638540.jpg?c=1,,,Ragon800,WS202407_3__13733.1666638540.jpg?c=1
,,,,,,,,,,,,,,,,,,,,,,,,
"16"" OLIVE GREEN LONG STEM BOTTLEBRUSH TREE",WS182297,"Home|Holiday|Bottlebrush|16"" OLIVE GREEN LONG STEM BOTTLEBRUSH TREE","3.5''W X 16''H, BOTTLEBRUSH",In-Stock: Ships in 5 to 14 days,,,,W: 3.50in H: 16in,,6,$12.05 ,,,,,6,Ragon400,Ragon160,https://cdn11.bigcommerce.com/s-xvps74vl0m/images/stencil/1280x1280/products/5369/11788/WS182297__53164.1653396400.jpg?c=1,WS182297__53164.1653396400.jpg?c=1,,,Ragon800,WS182297__53164.1653396400.jpg?c=1
,,,,,,,,,,,,,,,,,,,,,,,,
"10.5"" PINK ROSE SPRAY",OR235571,"Home|Everyday|Florals|10.5"" PINK ROSE SPRAY",,In-Stock: Ships in 5 to 14 days,,,,L: 10.50in W: 3.50in,,24,$1.95 ,,,,,24,Ragon400,Ragon160,https://cdn11.bigcommerce.com/s-xvps74vl0m/images/stencil/1280x1280/products/16717/35213/OR235571_2__73437.1733861456.jpg?c=1,OR235571_2__73437.1733861456.jpg?c=1,,,Ragon800,OR235571_2__73437.1733861456.jpg?c=1
,,,,,,,,,,,,,,,,,,,,,,,,
"8.5"" TABLETOP WINTER COUPLE",WS221126,"Home|Holiday|Snowmen, Santas & Angels|8.5"" TABLETOP WINTER COUPLE",,In-Stock: Ships in 5 to 14 days,,,,L: 6.75in W: 4.25in H: 8.50in,,2,$21.00 ,,,,,2,Ragon400,Ragon160,https://cdn11.bigcommerce.com/s-xvps74vl0m/images/stencil/1280x1280/products/12026/32780/WS221126_3__52847.1709219764.jpg?c=1,WS221126_3__52847.1709219764.jpg?c=1,,,Ragon800,WS221126_3__52847.1709219764.jpg?c=1
,,,,,,,,,,,,,,,,,,,,,,,,
ICE CREAM CAMPER BIRDHOUSE,HY204202,Home|Everyday|Kitchen|ICE CREAM CAMPER BIRDHOUSE,"BOTTOM CLEAN OUT
HANGING HEIGHT 24.5""",In-Stock: Ships in 5 to 14 days,,,,L: 15in W: 9in H: 10.50in,,2,$46.25 ,,,,,2,Ragon400,Ragon160,https://cdn11.bigcommerce.com/s-xvps74vl0m/images/stencil/1280x1280/products/7334/17724/HY204202_3__87756.1645811399.jpg?c=1,HY204202_3__87756.1645811399.jpg?c=1,,,Ragon800,HY204202_3__87756.1645811399.jpg?c=1
,,,,,,,,,,,,,,,,,,,,,,,,
"17.5"" GREY METAL VASE",MH222597,"Home|Sale!|Everyday|17.5"" GREY METAL VASE",,In-Stock: Ships in 5 to 14 days,,,,L: 4.75in W: 4.75in H: 17.50in,,4,$17.60 ,,,,,4,Ragon400,Ragon160,https://cdn11.bigcommerce.com/s-xvps74vl0m/images/stencil/1280x1280/products/10340/29038/MH222597_2__06004.1701887361.jpg?c=1,MH222597_2__06004.1701887361.jpg?c=1,,,Ragon800,MH222597_2__06004.1701887361.jpg?c=1
,,,,,,,,,,,,,,,,,,,,,,,,
"15.5"" DESSERT STAND",BF235091,"Home|Everyday|Kitchen|15.5"" DESSERT STAND",,In-Stock: Ships in 5 to 14 days,,,,L: 8in W: 8in H: 15.50in,,1,$32.00 ,,,,,1,Ragon400,Ragon160,https://cdn11.bigcommerce.com/s-xvps74vl0m/images/stencil/1280x1280/products/15820/41768/BF235091_4__33953.1750795610.jpg?c=1,BF235091_4__33953.1750795610.jpg?c=1,,,Ragon800,BF235091_4__33953.1750795610.jpg?c=1
,,,,,,,,,,,,,,,,,,,,,,,,
"21"" BLUE BLOSSOM BUSH W/ LEAVES",G219325,"Home|Everyday|Spring & Garden|21"" BLUE BLOSSOM BUSH W/ LEAVES",,In-Stock: Ships in 5 to 14 days,,,,L: 21in,,6,$9.65 ,,,,,6,Ragon400,Ragon160,https://cdn11.bigcommerce.com/s-xvps74vl0m/images/stencil/1280x1280/products/8414/24624/G219325_2__93030.1677257885.jpg?c=1,G219325_2__93030.1677257885.jpg?c=1,,,Ragon800,G219325_2__93030.1677257885.jpg?c=1
,,,,,,,,,,,,,,,,,,,,,,,,
"31.5"" HONEY BEE FARM WOOD SIGN",BF206153,"Home|Everyday|Wall Décor|31.5"" HONEY BEE FARM WOOD SIGN",2 SAWTOOTH HANGERS,In-Stock: Ships in 5 to 14 days,,,,L: 31.50in W: 0.75in H: 15.75in,,2,$35.25 ,,,,,2,Ragon400,Ragon160,https://cdn11.bigcommerce.com/s-xvps74vl0m/images/stencil/1280x1280/products/6350/13936/BF206153_6__47921.1647522593.jpg?c=1,BF206153_6__47921.1647522593.jpg?c=1,,,Ragon800,BF206153_6__47921.1647522593.jpg?c=1
,,,,,,,,,,,,,,,,,,,,,,,,
"2.5"" RED UNWIRED VELVET RIBBON",SS236151,"Home|Holiday|Textiles|2.5"" RED UNWIRED VELVET RIBBON",,Projected Summer 2025,,,,L: 360in W: 2.50in,,6,$10.75 ,,,,,6,Ragon400,Ragon160,https://cdn11.bigcommerce.com/s-xvps74vl0m/images/stencil/1280x1280/products/17776/41663/SS236151_2__38614.1749826540.jpg?c=1,SS236151_2__38614.1749826540.jpg?c=1,,,Ragon800,SS236151_2__38614.1749826540.jpg?c=1
,,,,,,,,,,,,,,,,,,,,,,,,
"25.5"" SNOWY TREE W/BURLAP BASE",ST212012,"Home|Holiday|Cabin & Lodge|25.5"" SNOWY TREE W/BURLAP BASE",,SOLD OUT,,,,L: 12in W: 12in H: 25.75in,,,$15.70 ,,,,,,Ragon400,Ragon160,https://cdn11.bigcommerce.com/s-xvps74vl0m/images/stencil/1280x1280/products/9152/27029/ST212012_5__22968.1679582796.jpg?c=1,ST212012_5__22968.1679582796.jpg?c=1,,,Ragon800,ST212012_5__22968.1679582796.jpg?c=1
,,,,,,,,,,,,,,,,,,,,,,,,
WINE VELVET STOCKING ORNAMENT,WS221482,Home|Sale!|Holiday|WINE VELVET STOCKING ORNAMENT,,In-Stock: Ships in 5 to 14 days,,,,L: 3in W: 1.50in H: 5.50in,,8,$2.20 ,,,,,8,Ragon400,Ragon160,https://cdn11.bigcommerce.com/s-xvps74vl0m/images/stencil/1280x1280/products/12317/32993/WS221482_1__02598.1710521317.jpg?c=1,WS221482_1__02598.1710521317.jpg?c=1,,,Ragon800,WS221482_1__02598.1710521317.jpg?c=1
,,,,,,,,,,,,,,,,,,,,,,,,
"18"" SANTA IN WHITE DUMMY BOARD",WS221070,"Home|Sale!|Holiday|18"" SANTA IN WHITE DUMMY BOARD",,In-Stock: Ships in 5 to 14 days,,,,H: 18in,,4,$13.75 ,,,,,4,Ragon400,Ragon160,https://cdn11.bigcommerce.com/s-xvps74vl0m/images/stencil/1280x1280/products/11988/32237/WS221070_3__42012.1708440852.jpg?c=1,WS221070_3__42012.1708440852.jpg?c=1,,,Ragon800,WS221070_3__42012.1708440852.jpg?c=1
,,,,,,,,,,,,,,,,,,,,,,,,
"7.5"" SIMPLE SANTA W/ WREATH",WS221108,"Home|Holiday|Snowmen, Santas & Angels|7.5"" SIMPLE SANTA W/ WREATH",,Early September,,,,L: 3.25in W: 3in H: 7.50in,,3,$13.20 ,,,,,3,Ragon400,Ragon160,https://cdn11.bigcommerce.com/s-xvps74vl0m/images/stencil/1280x1280/products/12013/32251/WS221108_1__68934.1708440856.jpg?c=1,WS221108_1__68934.1708440856.jpg?c=1,,,Ragon800,WS221108_1__68934.1708440856.jpg?c=1
,,,,,,,,,,,,,,,,,,,,,,,,
"18"" GREEN FELT TREE",LA237807,"Home|Holiday|Tabletop & Misc.|18"" GREEN FELT TREE",,Projected Summer 2025,,,,L: 6in W: 6in H: 18in,,2,$13.75 ,,,,,2,Ragon400,Ragon160,https://cdn11.bigcommerce.com/s-xvps74vl0m/images/stencil/1280x1280/products/17583/41111/LA237807_2__84156.1749826423.jpg?c=1,LA237807_2__84156.1749826423.jpg?c=1,,,Ragon800,LA237807_2__84156.1749826423.jpg?c=1
,,,,,,,,,,,,,,,,,,,,,,,,
"SET/ 6 - 2.5"" GREEN, RED & IVORY FLOCKED BALLS",WS221391,"Home|Sale!|Holiday|SET/ 6 - 2.5"" GREEN, RED & IVORY FLOCKED BALLS",,In-Stock: Ships in 5 to 14 days,,,,H: 2.50in,,6,$10.75 ,,,,,6,Ragon400,Ragon160,https://cdn11.bigcommerce.com/s-xvps74vl0m/images/stencil/1280x1280/products/12226/32966/WS221391_1__32055.1710521308.jpg?c=1,WS221391_1__32055.1710521308.jpg?c=1,,,Ragon800,WS221391_1__32055.1710521308.jpg?c=1
,,,,,,,,,,,,,,,,,,,,,,,,
"22"" ORANGE WILDFLOWER WREATH",HZ238930,"Home|Sale!|Everyday|22"" ORANGE WILDFLOWER WREATH",,In-Stock: Ships in 5 to 14 days,,,,L: 22in W: 5in H: 22in,,2,$27.50 ,,,,,2,Ragon400,Ragon160,https://cdn11.bigcommerce.com/s-xvps74vl0m/images/stencil/1280x1280/products/16497/37325/HZ238930_4__08293.1736347781.jpg?c=1,HZ238930_4__08293.1736347781.jpg?c=1,,,Ragon800,HZ238930_4__08293.1736347781.jpg?c=1
,,,,,,,,,,,,,,,,,,,,,,,,
"30"" SOFT TOUCH NORFOLK PINE WREATH",G233217,"Home|Holiday|Greenery, Wreaths & Trees|30"" SOFT TOUCH NORFOLK PINE WREATH",RING,In-Stock: Ships in 5 to 14 days,,,,L: 30in W: 3.50in H: 30in,,2,$70.50 ,,,,,2,Ragon400,Ragon160,https://cdn11.bigcommerce.com/s-xvps74vl0m/images/stencil/1280x1280/products/17183/41871/G233217__82951.1754575626.jpg?c=1,G233217__82951.1754575626.jpg?c=1,,,Ragon800,G233217__82951.1754575626.jpg?c=1
,,,,,,,,,,,,,,,,,,,,,,,,
"4"" BLACK FORTIFIED HOOK",MH222618,"Home|Sale!|Everyday|4"" BLACK FORTIFIED HOOK",1 NAIL HOLE,In-Stock: Ships in 5 to 14 days,,,,L: 1in W: 1.50in H: 4in,,24,$1.65 ,,,,,24,Ragon400,Ragon160,https://cdn11.bigcommerce.com/s-xvps74vl0m/images/stencil/1280x1280/products/10359/29068/MH222618__66761.1701887370.jpg?c=1,MH222618__66761.1701887370.jpg?c=1,,,Ragon800,MH222618__66761.1701887370.jpg?c=1
,,,,,,,,,,,,,,,,,,,,,,,,
"5"" SANTA WITH TREE ORNAMENT",WS218174,"Home|Holiday|Ornaments, Garland & Tree Toppers|5"" SANTA WITH TREE ORNAMENT",,In-Stock: Ships in 5 to 14 days,,,,L: 2.50in W: 2.50in H: 5in,,6,$5.25 ,,,,,6,Ragon400,Ragon160,https://cdn11.bigcommerce.com/s-xvps74vl0m/images/stencil/1280x1280/products/9269/27113/WS218174_1__73463.1679582822.jpg?c=1,WS218174_1__73463.1679582822.jpg?c=1,,,Ragon800,WS218174_1__73463.1679582822.jpg?c=1
,,,,,,,,,,,,,,,,,,,,,,,,
HAPPY HOLIDAYS SIGN,H185128,Home|Holiday|Signs|HAPPY HOLIDAYS SIGN,"25.5""L X 0.25""W X 8""H, METAL",In-Stock: Ships in 5 to 14 days,,,,L: 25.50in W: 0.25in H: 8in,,4,$17.55 ,,,,,4,Ragon400,Ragon160,https://cdn11.bigcommerce.com/s-xvps74vl0m/images/stencil/1280x1280/products/5250/9219/H185128__27670.1626463764.jpg?c=1,H185128__27670.1626463764.jpg?c=1,,,Ragon800,H185128__27670.1626463764.jpg?c=1
,,,,,,,,,,,,,,,,,,,,,,,,
SET/ 3 TAN GRASS WALL BASKETS,E226308,Home|Everyday|Baskets & Buckets|SET/ 3 TAN GRASS WALL BASKETS,"HANGING HEIGHT SM: 10.75"" | MD: 14.75"" | LG: 18.75""
SM: 3""L X 3""W X 7.75""H MD: 4.5""L X 4.5""W X 12""H LG: 6.25""L X 6.25""W X 16""H",SOLD OUT,,,,See Details tab,,,$35.25 ,,,,,,Ragon400,Ragon160,https://cdn11.bigcommerce.com/s-xvps74vl0m/images/stencil/1280x1280/products/10683/29536/E226308_3__76487.1701963457.jpg?c=1,E226308_3__76487.1701963457.jpg?c=1,,,Ragon800,E226308_3__76487.1701963457.jpg?c=1
,,,,,,,,,,,,,,,,,,,,,,,,
WHITE ARCHITECTURAL ENTRY TABLE*,E183079,Home|Everyday|Furniture & Mirrors|WHITE ARCHITECTURAL ENTRY TABLE*,"68.50""L X 17.50""W X 34.25""H, WOOD
*ITEM MUST SHIP FREIGHT - ADDITIONAL FREIGHT CHARGES MAY APPLY. ORDERS CONTAINING FREIGHT ITEMS MUST REACH A $1,000 MINIMUM ORDER",SOLD OUT,,,,L: 68.50in W: 17.50in H: 34.25in,,,$313.50 ,,,,,,Ragon400,Ragon160,https://cdn11.bigcommerce.com/s-xvps74vl0m/images/stencil/1280x1280/products/4765/6948/E183079__40555.1626460346.jpg?c=1,E183079__40555.1626460346.jpg?c=1,,,Ragon800,E183079__40555.1626460346.jpg?c=1
,,,,,,,,,,,,,,,,,,,,,,,,
"16"" SINGING BIRDS ROUND PRINT",RH239799,"Home|Everyday|Easter & Spring|16"" SINGING BIRDS ROUND PRINT",,SOLD OUT,,,,L: 16in W: 16in H: 16in,,,$13.75 ,,,,,,Ragon400,Ragon160,https://cdn11.bigcommerce.com/s-xvps74vl0m/images/stencil/1280x1280/products/18415/37972/RH239799_1__49164.1740602884.jpg?c=1,RH239799_1__49164.1740602884.jpg?c=1,,,Ragon800,RH239799_1__49164.1740602884.jpg?c=1
,,,,,,,,,,,,,,,,,,,,,,,,
CHAMBER SIDE TABLE,FB237283,Home|Everyday|Furniture & Mirrors|CHAMBER SIDE TABLE,ASSEMBLY REQUIRED,In-Stock: Ships in 5 to 14 days,,,,L: 15.50in W: 15.50in H: 22.25in,,1,$59.50 ,,,,,1,Ragon400,Ragon160,https://cdn11.bigcommerce.com/s-xvps74vl0m/images/stencil/1280x1280/products/16019/36909/FB237283_10__45842.1733943422.jpg?c=1,FB237283_10__45842.1733943422.jpg?c=1,,,Ragon800,FB237283_10__45842.1733943422.jpg?c=1
,,,,,,,,,,,,,,,,,,,,,,,,
"29"" BLENDED PURPLE HYDRANGEA SPRAY",G232964,"Home|Sale!|Everyday|29"" BLENDED PURPLE HYDRANGEA SPRAY",,In-Stock: Ships in 5 to 14 days,,,,L: 29in W: 7in,,12,$5.50 ,,,,,12,Ragon400,Ragon160,https://cdn11.bigcommerce.com/s-xvps74vl0m/images/stencil/1280x1280/products/16149/34569/G232964_2__15912.1733861268.jpg?c=1,G232964_2__15912.1733861268.jpg?c=1,,,Ragon800,G232964_2__15912.1733861268.jpg?c=1
,,,,,,,,,,,,,,,,,,,,,,,,
DONUT DINER PLATE,WS221278,Home|Everyday|Kitchen|DONUT DINER PLATE,FOOD SAFE. DISHWASHER SAFE. TOP RACK ONLY. NOT FOR MICROWAVE OR OVEN USE.,In-Stock: Ships in 5 to 14 days,,,,L: 10in W: 10in,,4,$3.05 ,,,,,4,Ragon400,Ragon160,https://cdn11.bigcommerce.com/s-xvps74vl0m/images/stencil/1280x1280/products/10600/34043/WS221278_1__03983.1715786999.jpg?c=1,WS221278_1__03983.1715786999.jpg?c=1,,,Ragon800,WS221278_1__03983.1715786999.jpg?c=1
,,,,,,,,,,,,,,,,,,,,,,,,
"6"" SILVER KUGEL ORNAMENT W/ GOLD SNOWFLAKE",SS236209,"Home|Holiday|Ornaments, Garland & Tree Toppers|6"" SILVER KUGEL ORNAMENT W/ GOLD SNOWFLAKE",,In-Stock: Ships in 5 to 14 days,,,,L: 6in,,2,$7.45 ,,,,,2,Ragon400,Ragon160,https://cdn11.bigcommerce.com/s-xvps74vl0m/images/stencil/1280x1280/products/17808/40629/SS236209_2__59156.1749156577.jpg?c=1,SS236209_2__59156.1749156577.jpg?c=1,,,Ragon800,SS236209_2__59156.1749156577.jpg?c=1
,,,,,,,,,,,,,,,,,,,,,,,,
"18"" CREAM FELT TREE",LA237734,"Home|Holiday|Tabletop & Misc.|18"" CREAM FELT TREE",,Projected Summer 2025,,,,L: 6in W: 6in H: 18in,,2,$13.75 ,,,,,2,Ragon400,Ragon160,https://cdn11.bigcommerce.com/s-xvps74vl0m/images/stencil/1280x1280/products/17545/41241/LA237734_1__98136.1749826450.jpg?c=1,LA237734_1__98136.1749826450.jpg?c=1,,,Ragon800,LA237734_1__98136.1749826450.jpg?c=1
,,,,,,,,,,,,,,,,,,,,,,,,
"8"" GROOVED PINE TREE",FB225328,"Home|Holiday|Tabletop & Misc.|8"" GROOVED PINE TREE",,In-Stock: Ships in 5 to 14 days,,,,L: 5in W: 5in H: 8in,,4,$13.75 ,,,,,4,Ragon400,Ragon160,https://cdn11.bigcommerce.com/s-xvps74vl0m/images/stencil/1280x1280/products/11000/32080/FB225328_3__06824.1708440797.jpg?c=1,FB225328_3__06824.1708440797.jpg?c=1,,,Ragon800,FB225328_3__06824.1708440797.jpg?c=1
,,,,,,,,,,,,,,,,,,,,,,,,
WHITE LAUNDRY SYMBOLS SIGN,E226099,Home|Sale!|Everyday|WHITE LAUNDRY SYMBOLS SIGN,1 HOLE,In-Stock: Ships in 5 to 14 days,,,,L: 16in W: 0.25in H: 22in,,4,$18.15 ,,,,,4,Ragon400,Ragon160,https://cdn11.bigcommerce.com/s-xvps74vl0m/images/stencil/1280x1280/products/10632/29448/E226099_1__41801.1701963430.jpg?c=1,E226099_1__41801.1701963430.jpg?c=1,,,Ragon800,E226099_1__41801.1701963430.jpg?c=1
,,,,,,,,,,,,,,,,,,,,,,,,
"31"" EUROPEAN LARCH HANGING BUSH",G201868,"Home|Holiday|Greenery, Wreaths & Trees|31"" EUROPEAN LARCH HANGING BUSH",,In-Stock: Ships in 5 to 14 days,,,,L: 31in,,12,$12.10 ,,,,,12,Ragon400,Ragon160,https://cdn11.bigcommerce.com/s-xvps74vl0m/images/stencil/1280x1280/products/7083/19926/G201868_3__50065.1652978801.jpg?c=1,G201868_3__50065.1652978801.jpg?c=1,,,Ragon800,G201868_3__50065.1652978801.jpg?c=1
,,,,,,,,,,,,,,,,,,,,,,,,
"39"" AGED WHITE ROMAN NUMERAL WALL CLOCK*",E203223,"Home|Everyday|Clocks|39"" AGED WHITE ROMAN NUMERAL WALL CLOCK*","REQURES 1 AA BATTERY, NOT INCLUDED
*ITEM MUST SHIP FREIGHT - ADDITIONAL FREIGHT CHARGES MAY APPLY. ORDERS CONTAINING FREIGHT ITEMS MUST REACH A $1,000 MINIMUM ORDER",SOLD OUT,,,,L: 39in W: 1.50in H: 39in,,,$208.00 ,,,,,,Ragon400,Ragon160,https://cdn11.bigcommerce.com/s-xvps74vl0m/images/stencil/1280x1280/products/6513/13341/E203223__70411.1641401765.jpg?c=1,E203223__70411.1641401765.jpg?c=1,,,Ragon800,E203223__70411.1641401765.jpg?c=1
,,,,,,,,,,,,,,,,,,,,,,,,
SANTA BOOT ICE SKATE ORNAMENT,WS231287,"Home|Holiday|Ornaments, Garland & Tree Toppers|SANTA BOOT ICE SKATE ORNAMENT",,Projected Summer 2025,,,,L: 3.50in W: 1.50in H: 5.50in,,6,$6.90 ,,,,,6,Ragon400,Ragon160,https://cdn11.bigcommerce.com/s-xvps74vl0m/images/stencil/1280x1280/products/12239/40508/WS231287_2__17775.1749150960.jpg?c=1,WS231287_2__17775.1749150960.jpg?c=1,,,Ragon800,WS231287_2__17775.1749150960.jpg?c=1
,,,,,,,,,,,,,,,,,,,,,,,,
"10.5"" CREAM SWEATER BOWL",LA237815,"Home|Holiday|Tabletop & Misc.|10.5"" CREAM SWEATER BOWL",,In-Stock: Ships in 5 to 14 days,,,,L: 10.50in W: 10.50in H: 5in,,2,$24.25 ,,,,,2,Ragon400,Ragon160,https://cdn11.bigcommerce.com/s-xvps74vl0m/images/stencil/1280x1280/products/18420/41261/LA237815_4__18475.1749826453.jpg?c=1,LA237815_4__18475.1749826453.jpg?c=1,,,Ragon800,LA237815_4__18475.1749826453.jpg?c=1
,,,,,,,,,,,,,,,,,,,,,,,,
SET/ 3 GOLD METAL BASKETS,ZH222785,Home|Everyday|Baskets & Buckets|SET/ 3 GOLD METAL BASKETS,"SM: 8.5""L X 4""W X 13.25""H MD: 9.75""L X 5.25""W X 15.5""H LG: 12""L X 6.5""W X 17.75""H",SOLD OUT,,,,See Details tab,,,$49.50 ,,,,,,Ragon400,Ragon160,https://cdn11.bigcommerce.com/s-xvps74vl0m/images/stencil/1280x1280/products/12675/34038/ZH222785_4__31400.1715786628.jpg?c=1,ZH222785_4__31400.1715786628.jpg?c=1,,,Ragon800,ZH222785_4__31400.1715786628.jpg?c=1
,,,,,,,,,,,,,,,,,,,,,,,,
6' CREAM MAGNOLIA & BERRY GARLAND,G232610,Home|Sale!|Everyday|6' CREAM MAGNOLIA & BERRY GARLAND,,In-Stock: Ships in 5 to 14 days,,,,L: 72in W: 5in,,2,$26.50 ,,,,,2,Ragon400,Ragon160,https://cdn11.bigcommerce.com/s-xvps74vl0m/images/stencil/1280x1280/products/16085/34409/G232610_4__98293.1733861218.jpg?c=1,G232610_4__98293.1733861218.jpg?c=1,,,Ragon800,G232610_4__98293.1733861218.jpg?c=1
,,,,,,,,,,,,,,,,,,,,,,,,
"7"" THE ORBS OF HEAVEN JOURNAL",L221525,"Home|Everyday|Journals|7"" THE ORBS OF HEAVEN JOURNAL",,SOLD OUT,,,,L: 4in W: 2in H: 7in,,,$13.75 ,,,,,,Ragon400,Ragon160,https://cdn11.bigcommerce.com/s-xvps74vl0m/images/stencil/1280x1280/products/10267/34183/L221525_2__83462.1728444783.jpg?c=1,L221525_2__83462.1728444783.jpg?c=1,,,Ragon800,L221525_2__83462.1728444783.jpg?c=1
,,,,,,,,,,,,,,,,,,,,,,,,
"27.5"" WHITE DOGWOOD & FERN STEM",G232911,"Home|Sale!|Everyday|27.5"" WHITE DOGWOOD & FERN STEM",,In-Stock: Ships in 5 to 14 days,,,,L: 27.50in W: 9in,,12,$6.35 ,,,,,12,Ragon400,Ragon160,https://cdn11.bigcommerce.com/s-xvps74vl0m/images/stencil/1280x1280/products/16134/34517/G232911_1__76686.1733861252.jpg?c=1,G232911_1__76686.1733861252.jpg?c=1,,,Ragon800,G232911_1__76686.1733861252.jpg?c=1
,,,,,,,,,,,,,,,,,,,,,,,,
SET/ 3 OVAL FELT BASKETS,E203740,Home|Everyday|Baskets & Buckets|SET/ 3 OVAL FELT BASKETS,"SM: 10""L X 5.50""W X 7""H
MD: 12""L X 8""W X 8.50""H
LG: 14""L X 10""W X 10""H",SOLD OUT,,,,See Details tab,,,$50.75 ,,,,,,Ragon400,Ragon160,https://cdn11.bigcommerce.com/s-xvps74vl0m/images/stencil/1280x1280/products/6715/20379/E203740_1__96575.1661873354.jpg?c=1,E203740_1__96575.1661873354.jpg?c=1,,,Ragon800,E203740_1__96575.1661873354.jpg?c=1
,,,,,,,,,,,,,,,,,,,,,,,,
SMALL GREEN AND WHITE SNOWBALL GARLAND,WS202462,Home|Sale!|Holiday|SMALL GREEN AND WHITE SNOWBALL GARLAND,,In-Stock: Ships in 5 to 14 days,,,,L: 72in,,12,$11.85 ,,,,,12,Ragon400,Ragon160,https://cdn11.bigcommerce.com/s-xvps74vl0m/images/stencil/1280x1280/products/7549/20706/WS202462_2__77086.1666638833.jpg?c=1,WS202462_2__77086.1666638833.jpg?c=1,,,Ragon800,WS202462_2__77086.1666638833.jpg?c=1
,,,,,,,,,,,,,,,,,,,,,,,,
"8"" TARTAN STOCKING ORNAMENT W/ BLACK CUFF",SS211965,"Home|Sale!|Holiday|8"" TARTAN STOCKING ORNAMENT W/ BLACK CUFF",,In-Stock: Ships in 5 to 14 days,,,,H: 8in,,12,$2.50 ,,,,,12,Ragon400,Ragon160,https://cdn11.bigcommerce.com/s-xvps74vl0m/images/stencil/1280x1280/products/9768/27425/SS211965_2__75901.1679582922.jpg?c=1,SS211965_2__75901.1679582922.jpg?c=1,,,Ragon800,SS211965_2__75901.1679582922.jpg?c=1
,,,,,,,,,,,,,,,,,,,,,,,,
SET/ 3 ROPE TRIM TRAYS,ZH238633,Home|Everyday|Kitchen|SET/ 3 ROPE TRIM TRAYS,"SM: 16.5""L X 4.25""W X 1.75""H MD: 21""L X 5""W X 1.75""H LG: 25""L X 5.25""W X 1.75""H",In-Stock: Ships in 5 to 14 days,,,,See Details tab,,2,$28.50 ,,,,,2,Ragon400,Ragon160,https://cdn11.bigcommerce.com/s-xvps74vl0m/images/stencil/1280x1280/products/16869/36476/ZH238633_1__56389.1733943307.jpg?c=1,ZH238633_1__56389.1733943307.jpg?c=1,,,Ragon800,ZH238633_1__56389.1733943307.jpg?c=1
,,,,,,,,,,,,,,,,,,,,,,,,
"10.75"" SNOWMAN W/ GOLD ORNAMENT",WS192016,"Home|Holiday|Snowmen, Santas & Angels|10.75"" SNOWMAN W/ GOLD ORNAMENT","4.50""L X 4.50""W X 10.75""H, MACHE",Projected Summer 2025,,,,L: 4.50in W: 4.50in H: 10.75in,,3,$25.25 ,,,,,3,Ragon400,Ragon160,https://cdn11.bigcommerce.com/s-xvps74vl0m/images/stencil/1280x1280/products/3255/12000/WS192016_2__93114.1626464778.jpg?c=1,WS192016_2__93114.1626464778.jpg?c=1,,,Ragon800,WS192016_2__93114.1626464778.jpg?c=1
,,,,,,,,,,,,,,,,,,,,,,,,
"21.75"" BURGUNDY BERRY SPRAY",HZ238867,"Home|Sale!|Everyday|21.75"" BURGUNDY BERRY SPRAY",,In-Stock: Ships in 5 to 14 days,,,,L: 21.75in W: 8in,,12,$4.15 ,,,,,12,Ragon400,Ragon160,https://cdn11.bigcommerce.com/s-xvps74vl0m/images/stencil/1280x1280/products/16444/34860/HZ238867_6__33454.1733861351.jpg?c=1,HZ238867_6__33454.1733861351.jpg?c=1,,,Ragon800,HZ238867_6__33454.1733861351.jpg?c=1
,,,,,,,,,,,,,,,,,,,,,,,,
"25"" BURGUNDY ROSE SPRAY",OR215313,"Home|Everyday|Florals|25"" BURGUNDY ROSE SPRAY",,SOLD OUT,,,,L: 25in,,,$5.80 ,,,,,,Ragon400,Ragon160,https://cdn11.bigcommerce.com/s-xvps74vl0m/images/stencil/1280x1280/products/8612/25205/OR215313_2__38170.1677258071.jpg?c=1,OR215313_2__38170.1677258071.jpg?c=1,,,Ragon800,OR215313_2__38170.1677258071.jpg?c=1
,,,,,,,,,,,,,,,,,,,,,,,,
"14"" POTTED PURPLE BELLFLOWER",OR235551,"Home|Sale!|Everyday|14"" POTTED PURPLE BELLFLOWER",,In-Stock: Ships in 5 to 14 days,,,,L: 9in W: 9in H: 14in,,6,$9.65 ,,,,,6,Ragon400,Ragon160,https://cdn11.bigcommerce.com/s-xvps74vl0m/images/stencil/1280x1280/products/16706/35170/OR235551_5__43103.1733861443.jpg?c=1,OR235551_5__43103.1733861443.jpg?c=1,,,Ragon800,OR235551_5__43103.1733861443.jpg?c=1
,,,,,,,,,,,,,,,,,,,,,,,,
"12"" SOFT GREEN TEA LEAF CANDLE RING",G228119,"Home|Everyday|Florals|12"" SOFT GREEN TEA LEAF CANDLE RING","INNER: 4""",In-Stock: Ships in 5 to 14 days,,,,L: 12in,,6,$7.45 ,,,,,6,Ragon400,Ragon160,https://cdn11.bigcommerce.com/s-xvps74vl0m/images/stencil/1280x1280/products/10073/35865/G228119_5__28420.1733863911.jpg?c=1,G228119_5__28420.1733863911.jpg?c=1,,,Ragon800,G228119_5__28420.1733863911.jpg?c=1
,,,,,,,,,,,,,,,,,,,,,,,,
"6' ANTIQUED 1.25"" RED BELL GARLAND",WS231855,"Home|Holiday|Ornaments, Garland & Tree Toppers|6' ANTIQUED 1.25"" RED BELL GARLAND",,Early September,,,,L: 72in,,8,$7.15 ,,,,,8,Ragon400,Ragon160,https://cdn11.bigcommerce.com/s-xvps74vl0m/images/stencil/1280x1280/products/18237/40579/WS231855_1__48014.1749153281.jpg?c=1,WS231855_1__48014.1749153281.jpg?c=1,,,Ragon800,WS231855_1__48014.1749153281.jpg?c=1
,,,,,,,,,,,,,,,,,,,,,,,,
"16"" IVORY SANTA W/ SNOWY TREE",WS218318,"Home|Holiday|Snowmen, Santas & Angels|16"" IVORY SANTA W/ SNOWY TREE",,In-Stock: Ships in 5 to 14 days,,,,L: 6.25in W: 6in H: 16in,,2,$45.25 ,,,,,2,Ragon400,Ragon160,https://cdn11.bigcommerce.com/s-xvps74vl0m/images/stencil/1280x1280/products/9368/27932/WS218318_WS218319_3__33276.1685738725.jpg?c=1,WS218318_WS218319_3__33276.1685738725.jpg?c=1,,,Ragon800,WS218318_WS218319_3__33276.1685738725.jpg?c=1
,,,,,,,,,,,,,,,,,,,,,,,,
PLAID GLASS BELL ORNAMENT,WS231417,"Home|Holiday|Ornaments, Garland & Tree Toppers|PLAID GLASS BELL ORNAMENT",,In-Stock: Ships in 5 to 14 days,,,,L: 3.75in W: 3.75in H: 5in,,6,$6.90 ,,,,,6,Ragon400,Ragon160,https://cdn11.bigcommerce.com/s-xvps74vl0m/images/stencil/1280x1280/products/17995/40641/WS231417_5__25552.1749157095.jpg?c=1,WS231417_5__25552.1749157095.jpg?c=1,,,Ragon800,WS231417_5__25552.1749157095.jpg?c=1
,,,,,,,,,,,,,,,,,,,,,,,,
"8.5"" RED STAR SLEIGH BELL",BF225804,"Home|Holiday|Bells|8.5"" RED STAR SLEIGH BELL",Assembly Required,In-Stock: Ships in 5 to 14 days,,,,L: 8.50in W: 8.50in H: 11.25in,,4,$17.60 ,,,,,4,Ragon400,Ragon160,https://cdn11.bigcommerce.com/s-xvps74vl0m/images/stencil/1280x1280/products/10902/33344/BF225804_2__36232.1711115384.jpg?c=1,BF225804_2__36232.1711115384.jpg?c=1,,,Ragon800,BF225804_2__36232.1711115384.jpg?c=1
,,,,,,,,,,,,,,,,,,,,,,,,
"33"" CREAM CHINESE LANTERN SPRAY",G228212,"Home|Everyday|Florals|33"" CREAM CHINESE LANTERN SPRAY",,SOLD OUT,,,,L: 33in,,,$8.25 ,,,,,,Ragon400,Ragon160,https://cdn11.bigcommerce.com/s-xvps74vl0m/images/stencil/1280x1280/products/10115/33889/G228212_2__65278.1712868553.jpg?c=1,G228212_2__65278.1712868553.jpg?c=1,,,Ragon800,G228212_2__65278.1712868553.jpg?c=1
,,,,,,,,,,,,,,,,,,,,,,,,
FAVORITE THINGS SIGN,E142326,Home|Holiday|Signs|FAVORITE THINGS SIGN,"17""L X 0.25""W X 11""H, METAL",In-Stock: Ships in 5 to 14 days,,,,L: 17in W: 0.25in H: 11in,,2,$8.75 ,,,,,2,Ragon400,Ragon160,https://cdn11.bigcommerce.com/s-xvps74vl0m/images/stencil/1280x1280/products/3058/6276/RagonHouseProduct090319-124__27516.1682970832.jpg?c=1,RagonHouseProduct090319-124__27516.1682970832.jpg?c=1,,,Ragon800,RagonHouseProduct090319-124__27516.1682970832.jpg?c=1
,,,,,,,,,,,,,,,,,,,,,,,,
"5"" RED BLENDER ORNAMENT",WS218058,"Home|Sale!|Holiday|5"" RED BLENDER ORNAMENT",,In-Stock: Ships in 5 to 14 days,,,,H: 5in,,6,$7.45 ,,,,,6,Ragon400,Ragon160,https://cdn11.bigcommerce.com/s-xvps74vl0m/images/stencil/1280x1280/products/9201/27051/WS218058_1__05313.1679582804.jpg?c=1,WS218058_1__05313.1679582804.jpg?c=1,,,Ragon800,WS218058_1__05313.1679582804.jpg?c=1
,,,,,,,,,,,,,,,,,,,,,,,,
SET/ 2 GOLD NOBILITY BOWLS,HY238842,Home|Everyday|Tabletop & Misc.|SET/ 2 GOLD NOBILITY BOWLS,"BOWL DEPTH: SM4"" LG5""
SM: 7.75""L x 7.75""W x 6.25""H LG: 10""L x 10""W x 7.5""H",In-Stock: Ships in 5 to 14 days,,,,See Details tab,,4,$17.35 ,,,,,4,Ragon400,Ragon160,https://cdn11.bigcommerce.com/s-xvps74vl0m/images/stencil/1280x1280/products/16431/37001/HY238842_5__69722.1733943447.jpg?c=1,HY238842_5__69722.1733943447.jpg?c=1,,,Ragon800,HY238842_5__69722.1733943447.jpg?c=1
,,,,,,,,,,,,,,,,,,,,,,,,
"8.25"" SOFT BLUE VELVET BELSNICKLE",11810,"Home|Holiday|Snowmen, Santas & Angels|8.25"" SOFT BLUE VELVET BELSNICKLE",,Projected Summer 2025,,,,L: 2.75in W: 2.75in H: 8.25in,,2,$17.05 ,,,,,2,Ragon400,Ragon160,https://cdn11.bigcommerce.com/s-xvps74vl0m/images/stencil/1280x1280/products/2845/27810/11810_1__48834.1682970156.jpg?c=1,11810_1__48834.1682970156.jpg?c=1,,,Ragon800,11810_1__48834.1682970156.jpg?c=1
,,,,,,,,,,,,,,,,,,,,,,,,
"4"" BLACK AND WHITE STOCKING ORNAMENT",SS211820,"Home|Holiday|Ornaments, Garland & Tree Toppers|4"" BLACK AND WHITE STOCKING ORNAMENT",,In-Stock: Ships in 5 to 14 days,,,,H: 4in,,12,$3.60 ,,,,,12,Ragon400,Ragon160,https://cdn11.bigcommerce.com/s-xvps74vl0m/images/stencil/1280x1280/products/9700/27366/SS211820_2__58851.1679582902.jpg?c=1,SS211820_2__58851.1679582902.jpg?c=1,,,Ragon800,SS211820_2__58851.1679582902.jpg?c=1
,,,,,,,,,,,,,,,,,,,,,,,,
"18"" CEDAR & BERRIES PICK",G201834,"Home|Holiday|Greenery, Wreaths & Trees|18"" CEDAR & BERRIES PICK",,In-Stock: Ships in 5 to 14 days,,,,L: 18in,,12,$4.95 ,,,,,12,Ragon400,Ragon160,https://cdn11.bigcommerce.com/s-xvps74vl0m/images/stencil/1280x1280/products/7077/41135/G201834_3__29403.1749826429.jpg?c=1,G201834_3__29403.1749826429.jpg?c=1,,,Ragon800,G201834_3__29403.1749826429.jpg?c=1
,,,,,,,,,,,,,,,,,,,,,,,,
"17.5"" ANTIQUE GOLD SINGLE BUCKET STAND",HY225540,"Home|Sale!|Everyday|17.5"" ANTIQUE GOLD SINGLE BUCKET STAND",2 KEYHOLE HANGERS,In-Stock: Ships in 5 to 14 days,,,,L: 10.75in W: 8.75in H: 17.50in,,4,$26.50 ,,,,,4,Ragon400,Ragon160,https://cdn11.bigcommerce.com/s-xvps74vl0m/images/stencil/1280x1280/products/10209/28854/HY225540_4__68664.1701887299.jpg?c=1,HY225540_4__68664.1701887299.jpg?c=1,,,Ragon800,HY225540_4__68664.1701887299.jpg?c=1
,,,,,,,,,,,,,,,,,,,,,,,,
WHITE METAL VINTAGE TRUCK,E163010,Home|Holiday|Tabletop & Misc.|WHITE METAL VINTAGE TRUCK,"12.50""L X 5""W X 5.25""H, METAL",In-Stock: Ships in 5 to 14 days,,,,L: 12.50in W: 5in H: 5.25in,,2,$30.75 ,,,,,2,Ragon400,Ragon160,https://cdn11.bigcommerce.com/s-xvps74vl0m/images/stencil/1280x1280/products/3419/6299/E163010_E163013__82732.1626460207.jpg?c=1,E163010_E163013__82732.1626460207.jpg?c=1,,,Ragon800,E163010_E163013__82732.1626460207.jpg?c=1
,,,,,,,,,,,,,,,,,,,,,,,,
FAVORITE TABLETOP STAND,E217294,Home|Everyday|Tabletop & Misc.|FAVORITE TABLETOP STAND,,In-Stock: Ships in 5 to 14 days,,,,L: 8.50in W: 2.25in H: 5in,,6,$9.35 ,,,,,6,Ragon400,Ragon160,https://cdn11.bigcommerce.com/s-xvps74vl0m/images/stencil/1280x1280/products/8234/24277/E217294_4__43892.1677257778.jpg?c=1,E217294_4__43892.1677257778.jpg?c=1,,,Ragon800,E217294_4__43892.1677257778.jpg?c=1
,,,,,,,,,,,,,,,,,,,,,,,,
"6"" GLASS 3D FLAME CANDLE",NY213019,"Home|Flameless Candles|6"" GLASS 3D FLAME CANDLE","6 HR TIMER
REQUIRES 3 (AAA) BATTERIES, BATTERIES NOT INCLUDED.",SOLD OUT,,,,L: 3in W: 3in H: 6in,,,$8.25 ,,,,,,Ragon400,Ragon160,https://cdn11.bigcommerce.com/s-xvps74vl0m/images/stencil/1280x1280/products/8548/28085/NY213019_2__07651.1687553568.jpg?c=1,NY213019_2__07651.1687553568.jpg?c=1,,,Ragon800,NY213019_2__07651.1687553568.jpg?c=1
,,,,,,,,,,,,,,,,,,,,,,,,
6' BLACKBERRY & RASPBERRY GARLAND,G232623,Home|Sale!|Everyday|6' BLACKBERRY & RASPBERRY GARLAND,,In-Stock: Ships in 5 to 14 days,,,,L: 72in W: 3in,,2,$24.25 ,,,,,2,Ragon400,Ragon160,https://cdn11.bigcommerce.com/s-xvps74vl0m/images/stencil/1280x1280/products/16091/34429/G232623_4__05026.1733861225.jpg?c=1,G232623_4__05026.1733861225.jpg?c=1,,,Ragon800,G232623_4__05026.1733861225.jpg?c=1
,,,,,,,,,,,,,,,,,,,,,,,,
FRAMED PENCIL PINE SILHOUETTE SIGN,H214058,Home|Holiday|Cabin & Lodge|FRAMED PENCIL PINE SILHOUETTE SIGN,,In-Stock: Ships in 5 to 14 days,,,,L: 15in W: 1in H: 36in,,1,$57.25 ,,,,,1,Ragon400,Ragon160,https://cdn11.bigcommerce.com/s-xvps74vl0m/images/stencil/1280x1280/products/9795/27450/H214058_2__15589.1679582931.jpg?c=1,H214058_2__15589.1679582931.jpg?c=1,,,Ragon800,H214058_2__15589.1679582931.jpg?c=1
,,,,,,,,,,,,,,,,,,,,,,,,
"35.5"" PINK SNOWBALL SPRAY",OR215352,"Home|Everyday|Spring & Garden|35.5"" PINK SNOWBALL SPRAY",,In-Stock: Ships in 5 to 14 days,,,,L: 35.50in,,12,$11.85 ,,,,,12,Ragon400,Ragon160,https://cdn11.bigcommerce.com/s-xvps74vl0m/images/stencil/1280x1280/products/8621/35845/OR215352_3__28130.1733863905.jpg?c=1,OR215352_3__28130.1733863905.jpg?c=1,,,Ragon800,OR215352_3__28130.1733863905.jpg?c=1
,,,,,,,,,,,,,,,,,,,,,,,,
"12.75"" BROWN GOLDEN ROD BUNDLE",OR215386,"Home|Everyday|Florals|12.75"" BROWN GOLDEN ROD BUNDLE",,In-Stock: Ships in 5 to 14 days,,,,L: 12.60in,,12,$6.05 ,,,,,12,Ragon400,Ragon160,https://cdn11.bigcommerce.com/s-xvps74vl0m/images/stencil/1280x1280/products/8631/25251/OR215386_3__93223.1677258086.jpg?c=1,OR215386_3__93223.1677258086.jpg?c=1,,,Ragon800,OR215386_3__93223.1677258086.jpg?c=1
,,,,,,,,,,,,,,,,,,,,,,,,
"15.75"" YELLOW PRESSED BOTANICAL TRAY",BF224295,"Home|Everyday|Tabletop & Misc.|15.75"" YELLOW PRESSED BOTANICAL TRAY","PRESSED FLOWER
ACTUAL FLOWERS MAY VARY",SOLD OUT,,,,L: 15.75in W: 15.75in H: 3.50in,,,$34.00 ,,,,,,Ragon400,Ragon160,https://cdn11.bigcommerce.com/s-xvps74vl0m/images/stencil/1280x1280/products/9977/28502/BF224295_4__91961.1701887176.jpg?c=1,BF224295_4__91961.1701887176.jpg?c=1,,,Ragon800,BF224295_4__91961.1701887176.jpg?c=1
,,,,,,,,,,,,,,,,,,,,,,,,
"48"" RED TARTAN TABLE RUNNER",SS211755,"Home|Holiday|Textiles|48"" RED TARTAN TABLE RUNNER",,Projected Summer 2025,,,,L: 48in W: 14in,,6,$10.45 ,,,,,6,Ragon400,Ragon160,https://cdn11.bigcommerce.com/s-xvps74vl0m/images/stencil/1280x1280/products/9688/26685/SS211755_1__50053.1678296708.jpg?c=1,SS211755_1__50053.1678296708.jpg?c=1,,,Ragon800,SS211755_1__50053.1678296708.jpg?c=1
,,,,,,,,,,,,,,,,,,,,,,,,
"22"" LIGHT PURPLE POM POM WILDFLOWER SPRAY",HZ238925,"Home|Sale!|Everyday|22"" LIGHT PURPLE POM POM WILDFLOWER SPRAY",,In-Stock: Ships in 5 to 14 days,,,,L: 22in W: 5in,,12,$3.85 ,,,,,12,Ragon400,Ragon160,https://cdn11.bigcommerce.com/s-xvps74vl0m/images/stencil/1280x1280/products/16494/35037/HZ238925_6__56743.1733861404.jpg?c=1,HZ238925_6__56743.1733861404.jpg?c=1,,,Ragon800,HZ238925_6__56743.1733861404.jpg?c=1
,,,,,,,,,,,,,,,,,,,,,,,,
"9"" RESTING BIRD ON STAND",BF235048,"Home|Sale!|Everyday|9"" RESTING BIRD ON STAND",,In-Stock: Ships in 5 to 14 days,,,,L: 7.50in W: 2.50in H: 9in,,6,$6.60 ,,,,,6,Ragon400,Ragon160,https://cdn11.bigcommerce.com/s-xvps74vl0m/images/stencil/1280x1280/products/15801/36705/BF235048_1__06054.1733943368.jpg?c=1,BF235048_1__06054.1733943368.jpg?c=1,,,Ragon800,BF235048_1__06054.1733943368.jpg?c=1
,,,,,,,,,,,,,,,,,,,,,,,,
"24"" FROSTED PINE & CEDAR W/ BERRIES, ORNAMENTS & PINECONE WREATH",G233455,"Home|Holiday|24"" FROSTED PINE & CEDAR W/ BERRIES, ORNAMENTS & PINECONE WREATH",,In-Stock: Ships in 5 to 14 days,,,,L: 24in W: 5.50in H: 24in,,2,$39.75 ,,,,,2,Ragon400,Ragon160,https://cdn11.bigcommerce.com/s-xvps74vl0m/images/stencil/1280x1280/products/17215/41474/G233455_2__54995.1749826500.jpg?c=1,G233455_2__54995.1749826500.jpg?c=1,,,Ragon800,G233455_2__54995.1749826500.jpg?c=1
,,,,,,,,,,,,,,,,,,,,,,,,
"SET/ 3 - 10"" BURGUNDY BOTTLEBRUSH TREES W/ SNOWY TIPS",WS225455,"Home|Sale!|Holiday|SET/ 3 - 10"" BURGUNDY BOTTLEBRUSH TREES W/ SNOWY TIPS",,In-Stock: Ships in 5 to 14 days,,,,H: 10in,,4,$17.05 ,,,,,4,Ragon400,Ragon160,https://cdn11.bigcommerce.com/s-xvps74vl0m/images/stencil/1280x1280/products/15760/34217/WS225455_7__19360.1728446166.jpg?c=1,WS225455_7__19360.1728446166.jpg?c=1,,,Ragon800,WS225455_7__19360.1728446166.jpg?c=1
,,,,,,,,,,,,,,,,,,,,,,,,
"36"" STANDING BABY LAMB",H237601,"Home|Everyday|Easter & Spring|36"" STANDING BABY LAMB",,In-Stock: Ships in 5 to 14 days,,,,L: 27.50in W: 0.50in H: 36in,,1,$79.25 ,,,,,1,Ragon400,Ragon160,https://cdn11.bigcommerce.com/s-xvps74vl0m/images/stencil/1280x1280/products/16371/40686/H237601_1__99533.1749662132.jpg?c=1,H237601_1__99533.1749662132.jpg?c=1,,,Ragon800,H237601_1__99533.1749662132.jpg?c=1
,,,,,,,,,,,,,,,,,,,,,,,,
"6"" CREAM FLUTED GLASS 3D FLAME CANDLE",NY229055,"Home|Flameless Candles|6"" CREAM FLUTED GLASS 3D FLAME CANDLE","6 HR TIMER | ON/OFF BUTTON
REQUIRES 3 (AA) BATTERIES, BATTERIES NOT INCLUDED.",In-Stock: Ships in 5 to 14 days,,,,L: 3.50in W: 3.50in H: 6in,,6,$12.65 ,,,,,6,Ragon400,Ragon160,https://cdn11.bigcommerce.com/s-xvps74vl0m/images/stencil/1280x1280/products/10421/29189/NY229055_4__12965.1701887408.jpg?c=1,NY229055_4__12965.1701887408.jpg?c=1,,,Ragon800,NY229055_4__12965.1701887408.jpg?c=1
,,,,,,,,,,,,,,,,,,,,,,,,
A CHRISTMAS CAROL JOURNAL ORNAMENT,L238746,"Home|Holiday|Ornaments, Garland & Tree Toppers|A CHRISTMAS CAROL JOURNAL ORNAMENT",RIBBON HANGER,Projected Summer 2025,,,,L: 3in W: 0.75in H: 4in,,8,$4.70 ,,,,,8,Ragon400,Ragon160,https://cdn11.bigcommerce.com/s-xvps74vl0m/images/stencil/1280x1280/products/18307/40412/L238746_3__70559.1749134964.jpg?c=1,L238746_3__70559.1749134964.jpg?c=1,,,Ragon800,L238746_3__70559.1749134964.jpg?c=1
,,,,,,,,,,,,,,,,,,,,,,,,
SET/ 3 BLACK METAL CANISTER,E217074,Home|Everyday|Kitchen|SET/ 3 BLACK METAL CANISTER,"REMOVABLE TAGS
SM: 5.5""L X 5.5""W X 5.5""H MD: 6.5""L X 6.5""W X 6.5""H LG: 8""L X 8""W X 8""H",In-Stock: Ships in 5 to 14 days,,,,See Details tab,,2,$34.75 ,,,,,2,Ragon400,Ragon160,https://cdn11.bigcommerce.com/s-xvps74vl0m/images/stencil/1280x1280/products/8191/24122/E217074_2__12810.1677257732.jpg?c=1,E217074_2__12810.1677257732.jpg?c=1,,,Ragon800,E217074_2__12810.1677257732.jpg?c=1
,,,,,,,,,,,,,,,,,,,,,,,,
"6.25"" WHITE METAL PINE TREE",MH222543,"Home|Holiday|Tabletop & Misc.|6.25"" WHITE METAL PINE TREE",,SOLD OUT,,,,L: 4.25in W: 1.75in H: 6.25in,,,$2.75 ,,,,,,Ragon400,Ragon160,https://cdn11.bigcommerce.com/s-xvps74vl0m/images/stencil/1280x1280/products/11635/32208/MH222543_1__41926.1708440841.jpg?c=1,MH222543_1__41926.1708440841.jpg?c=1,,,Ragon800,MH222543_1__41926.1708440841.jpg?c=1
,,,,,,,,,,,,,,,,,,,,,,,,
9' POPCORN GARLAND,2264B,"Home|Holiday|Ornaments, Garland & Tree Toppers|9' POPCORN GARLAND","9'L, Styrofoam",Projected Summer 2025,,,,L: 108in,,6,$8.55 ,,,,,6,Ragon400,Ragon160,https://cdn11.bigcommerce.com/s-xvps74vl0m/images/stencil/1280x1280/products/2852/27793/2264B_2__39081.1682966919.jpg?c=1,2264B_2__39081.1682966919.jpg?c=1,,,Ragon800,2264B_2__39081.1682966919.jpg?c=1
,,,,,,,,,,,,,,,,,,,,,,,,
"34"" PURPLE CHERRY BLOSSOM SPRAY",G232866,"Home|Sale!|Everyday|34"" PURPLE CHERRY BLOSSOM SPRAY",,In-Stock: Ships in 5 to 14 days,,,,L: 34in W: 9in,,12,$4.40 ,,,,,12,Ragon400,Ragon160,https://cdn11.bigcommerce.com/s-xvps74vl0m/images/stencil/1280x1280/products/16125/34492/G232866_3__03353.1733861244.jpg?c=1,G232866_3__03353.1733861244.jpg?c=1,,,Ragon800,G232866_3__03353.1733861244.jpg?c=1
,,,,,,,,,,,,,,,,,,,,,,,,
"14"" EUCALYPTUS LEAF SPRAY",HZ238909,"Home|Sale!|Everyday|14"" EUCALYPTUS LEAF SPRAY",,In-Stock: Ships in 5 to 14 days,,,,L: 14in W: 5in,,25,$1.65 ,,,,,25,Ragon400,Ragon160,https://cdn11.bigcommerce.com/s-xvps74vl0m/images/stencil/1280x1280/products/16481/37379/HZ238909_4__45867.1739212062.jpg?c=1,HZ238909_4__45867.1739212062.jpg?c=1,,,Ragon800,HZ238909_4__45867.1739212062.jpg?c=1
,,,,,,,,,,,,,,,,,,,,,,,,
"14"" CREAM MINI DAISY CANDLE RING",G233206,"Home|Sale!|Everyday|14"" CREAM MINI DAISY CANDLE RING","INNER: 4.5""",In-Stock: Ships in 5 to 14 days,,,,L: 14in W: 2.50in,,6,$6.90 ,,,,,6,Ragon400,Ragon160,https://cdn11.bigcommerce.com/s-xvps74vl0m/images/stencil/1280x1280/products/16227/37231/G233206_5__48332.1735533943.jpg?c=1,G233206_5__48332.1735533943.jpg?c=1,,,Ragon800,G233206_5__48332.1735533943.jpg?c=1
,,,,,,,,,,,,,,,,,,,,,,,,
"9"" WHITE SLEIGH BELL",ZH213523,"Home|Holiday|Bells|9"" WHITE SLEIGH BELL",,In-Stock: Ships in 5 to 14 days,,,,L: 9in W: 9in,,4,$22.00 ,,,,,4,Ragon400,Ragon160,https://cdn11.bigcommerce.com/s-xvps74vl0m/images/stencil/1280x1280/products/9569/27264/ZH213523_3__02264.1679582870.jpg?c=1,ZH213523_3__02264.1679582870.jpg?c=1,,,Ragon800,ZH213523_3__02264.1679582870.jpg?c=1
,,,,,,,,,,,,,,,,,,,,,,,,
"19"" ROUND BREAD BOARD",LW229528,"Home|Everyday|Kitchen|19"" ROUND BREAD BOARD","FOOD SAFE. NOT FOR DISHWASHER, MICROWAVE OR OVEN USE.
TWINE HANGER",In-Stock: Ships in 5 to 14 days,,,,L: 14.50in W: 1in H: 19in,,2,$21.00 ,,,,,2,Ragon400,Ragon160,https://cdn11.bigcommerce.com/s-xvps74vl0m/images/stencil/1280x1280/products/10286/28956/LW229528_1__45240.1701887333.jpg?c=1,LW229528_1__45240.1701887333.jpg?c=1,,,Ragon800,LW229528_1__45240.1701887333.jpg?c=1
,,,,,,,,,,,,,,,,,,,,,,,,
CREAM STOCKING W/ FOREST GREENERY METAL WALL PLAQUE,H237528,Home|Holiday|Signs|CREAM STOCKING W/ FOREST GREENERY METAL WALL PLAQUE,2 SAWTOOTH HANGERS,In-Stock: Ships in 5 to 14 days,,,,L: 20in W: 0.25in H: 26in,,4,$27.50 ,,,,,4,Ragon400,Ragon160,https://cdn11.bigcommerce.com/s-xvps74vl0m/images/stencil/1280x1280/products/17372/41539/H237528_2__83741.1749826515.jpg?c=1,H237528_2__83741.1749826515.jpg?c=1,,,Ragon800,H237528_2__83741.1749826515.jpg?c=1
,,,,,,,,,,,,,,,,,,,,,,,,
"14.5"" GALVANIZED PEDESTAL CLOCK",E193118,"Home|Everyday|Tabletop & Misc.|14.5"" GALVANIZED PEDESTAL CLOCK","10.75""L X 3.75""W X 14.75""H, METAL & WOOD",In-Stock: Ships in 5 to 14 days,,,,L: 10.75in W: 3.75in H: 14.75in,,2,$28.75 ,,,,,2,Ragon400,Ragon160,https://cdn11.bigcommerce.com/s-xvps74vl0m/images/stencil/1280x1280/products/4209/7398/E193118_2_copy__07073.1626460450.jpg?c=1,E193118_2_copy__07073.1626460450.jpg?c=1,,,Ragon800,E193118_2_copy__07073.1626460450.jpg?c=1
,,,,,,,,,,,,,,,,,,,,,,,,
YELLOW PLAID CAMP MUG,BF224286,Home|Everyday|Kitchen|YELLOW PLAID CAMP MUG,"FOOD SAFE. NOT FOR DISHWASHER, MICROWAVE OR OVEN USE.",In-Stock: Ships in 5 to 14 days,,,,L: 4.50in W: 4.50in H: 4in,,1,$7.15 ,,,,,1,Ragon400,Ragon160,https://cdn11.bigcommerce.com/s-xvps74vl0m/images/stencil/1280x1280/products/9976/28500/BF224286_1__12724.1701887175.jpg?c=1,BF224286_1__12724.1701887175.jpg?c=1,,,Ragon800,BF224286_1__12724.1701887175.jpg?c=1
,,,,,,,,,,,,,,,,,,,,,,,,
"28"" SANTA & SLEIGH SIGN",H165028,"Home|Holiday|Signs|28"" SANTA & SLEIGH SIGN","28""L X 0.25""W X 26.75""H, METAL",Late August,,,,L: 28in W: 0.25in H: 26.75in,,4,$48.00 ,,,,,4,Ragon400,Ragon160,https://cdn11.bigcommerce.com/s-xvps74vl0m/images/stencil/1280x1280/products/3525/20651/H165028_1__60648.1666630403.jpg?c=1,H165028_1__60648.1666630403.jpg?c=1,,,Ragon800,H165028_1__60648.1666630403.jpg?c=1
,,,,,,,,,,,,,,,,,,,,,,,,
"6"" WHITE CRYSTAL SNOWFLAKE",H237492,"Home|Holiday|6"" WHITE CRYSTAL SNOWFLAKE","HANG HIEGHT: 14""
RIBBON HANGER",In-Stock: Ships in 5 to 14 days,,,,L: 6in W: 0.25in H: 6.75in,,4,$5.80 ,,,,,4,Ragon400,Ragon160,https://cdn11.bigcommerce.com/s-xvps74vl0m/images/stencil/1280x1280/products/17355/41521/H237492_4__07078.1749826511.jpg?c=1,H237492_4__07078.1749826511.jpg?c=1,,,Ragon800,H237492_4__07078.1749826511.jpg?c=1
,,,,,,,,,,,,,,,,,,,,,,,,
"17"" GOLD BELSNICKLE W/ USA FLAG",WS218303,"Home|Sale!|Holiday|17"" GOLD BELSNICKLE W/ USA FLAG",,In-Stock: Ships in 5 to 14 days,,,,L: 6.75in W: 5in H: 17in,,2,$41.25 ,,,,,2,Ragon400,Ragon160,https://cdn11.bigcommerce.com/s-xvps74vl0m/images/stencil/1280x1280/products/9353/25622/WS218303_1__98086.1677258209.jpg?c=1,WS218303_1__98086.1677258209.jpg?c=1,,,Ragon800,WS218303_1__98086.1677258209.jpg?c=1
,,,,,,,,,,,,,,,,,,,,,,,,
"10"" VINTAGE RED BELSNICKLE",9056,"Home|Holiday|Snowmen, Santas & Angels|10"" VINTAGE RED BELSNICKLE","10""H, MACHE",In-Stock: Ships in 5 to 14 days,,,,L: 3in W: 3in H: 10in,,2,$14.25 ,,,,,2,Ragon400,Ragon160,https://cdn11.bigcommerce.com/s-xvps74vl0m/images/stencil/1280x1280/products/2807/27805/9056_2__78834.1682969874.jpg?c=1,9056_2__78834.1682969874.jpg?c=1,,,Ragon800,9056_2__78834.1682969874.jpg?c=1
,,,,,,,,,,,,,,,,,,,,,,,,
GRACE ANGEL ORNAMENT W/ TINSEL BORDER,WS227842,"Home|Holiday|Ornaments, Garland & Tree Toppers|GRACE ANGEL ORNAMENT W/ TINSEL BORDER",,In-Stock: Ships in 5 to 14 days,,,,L: 5.50in W: 0.75in H: 5.50in,,12,$3.85 ,,,,,12,Ragon400,Ragon160,https://cdn11.bigcommerce.com/s-xvps74vl0m/images/stencil/1280x1280/products/12605/33055/WS227842_2__53142.1710521340.jpg?c=1,WS227842_2__53142.1710521340.jpg?c=1,,,Ragon800,WS227842_2__53142.1710521340.jpg?c=1
,,,,,,,,,,,,,,,,,,,,,,,,
"7"" ANGEL PINE TAPER CANDLE RING",G219357,"Home|Holiday|Greenery, Wreaths & Trees|7"" ANGEL PINE TAPER CANDLE RING","INNER: 2""",In-Stock: Ships in 3 to 7 days,,,,L: 7in,,18,$5.50 ,,,,,18,Ragon400,Ragon160,https://cdn11.bigcommerce.com/s-xvps74vl0m/images/stencil/1280x1280/products/8427/41375/G219357_1__16225.1749826477.jpg?c=1,G219357_1__16225.1749826477.jpg?c=1,,,Ragon800,G219357_1__16225.1749826477.jpg?c=1
,,,,,,,,,,,,,,,,,,,,,,,,
"19"" UMBRELLA TREE",ZH187555,"Home|Holiday|Tabletop & Misc.|19"" UMBRELLA TREE","6.25''W X 18.75''H, METAL",SOLD OUT,,,,W: 6.25in H: 18.75in,,,$19.25 ,,,,,,Ragon400,Ragon160,https://cdn11.bigcommerce.com/s-xvps74vl0m/images/stencil/1280x1280/products/5427/20717/ZH187555_3__23406.1666639228.jpg?c=1,ZH187555_3__23406.1666639228.jpg?c=1,,,Ragon800,ZH187555_3__23406.1666639228.jpg?c=1
,,,,,,,,,,,,,,,,,,,,,,,,
"28"" BLACK TARTAN TREE SKIRT",SS221911,"Home|Holiday|Textiles|28"" BLACK TARTAN TREE SKIRT",,In-Stock: Ships in 5 to 14 days,,,,L: 28in,,4,$17.60 ,,,,,4,Ragon400,Ragon160,https://cdn11.bigcommerce.com/s-xvps74vl0m/images/stencil/1280x1280/products/11828/33981/SS221911_1__02579.1712868583.jpg?c=1,SS221911_1__02579.1712868583.jpg?c=1,,,Ragon800,SS221911_1__02579.1712868583.jpg?c=1
,,,,,,,,,,,,,,,,,,,,,,,,
"18.25"" x 16.75"" SANTA W/ DEER PRINT",RH239748,"Home|Holiday|Signs|18.25"" x 16.75"" SANTA W/ DEER PRINT",,Projected Summer 2025,,,,L: 18.25in H: 16.75in,,2,$18.15 ,,,,,2,Ragon400,Ragon160,https://cdn11.bigcommerce.com/s-xvps74vl0m/images/stencil/1280x1280/products/18347/41806/RH239748_2__25263.1751313853.jpg?c=1,RH239748_2__25263.1751313853.jpg?c=1,,,Ragon800,RH239748_2__25263.1751313853.jpg?c=1
,,,,,,,,,,,,,,,,,,,,,,,,
"33"" ORANGE BLACK-EYED SUSAN SPRAY",G232524,"Home|Everyday|Florals|33"" ORANGE BLACK-EYED SUSAN SPRAY",,SOLD OUT,,,,L: 33in W: 10in,,,$4.70 ,,,,,,Ragon400,Ragon160,https://cdn11.bigcommerce.com/s-xvps74vl0m/images/stencil/1280x1280/products/16049/34295/G232524_5__24186.1733861186.jpg?c=1,G232524_5__24186.1733861186.jpg?c=1,,,Ragon800,G232524_5__24186.1733861186.jpg?c=1
,,,,,,,,,,,,,,,,,,,,,,,,
"33.5"" DISTRESSED METAL SLEIGH",H223353,"Home|Holiday|Tabletop & Misc.|33.5"" DISTRESSED METAL SLEIGH",,Late August,,,,L: 33.50in W: 14in H: 14.50in,,1,$130.00 ,,,,,1,Ragon400,Ragon160,https://cdn11.bigcommerce.com/s-xvps74vl0m/images/stencil/1280x1280/products/11577/33153/H223353_4__45177.1711077267.jpg?c=1,H223353_4__45177.1711077267.jpg?c=1,,,Ragon800,H223353_4__45177.1711077267.jpg?c=1
,,,,,,,,,,,,,,,,,,,,,,,,
"20"" GREEN TARTAN STOCKING",SS211960,"Home|Holiday|Textiles|20"" GREEN TARTAN STOCKING",,In-Stock: Ships in 5 to 14 days,,,,H: 20in,,6,$8.25 ,,,,,6,Ragon400,Ragon160,https://cdn11.bigcommerce.com/s-xvps74vl0m/images/stencil/1280x1280/products/9763/27415/SS211960_1__21617.1679582919.jpg?c=1,SS211960_1__21617.1679582919.jpg?c=1,,,Ragon800,SS211960_1__21617.1679582919.jpg?c=1
,,,,,,,,,,,,,,,,,,,,,,,,
"11"" GALVANIZED BELL",ZH222754,"Home|Holiday|Bells|11"" GALVANIZED BELL",,SOLD OUT,,,,L: 9.25in W: 9.25in H: 10.83in,,,$9.90 ,,,,,,Ragon400,Ragon160,https://cdn11.bigcommerce.com/s-xvps74vl0m/images/stencil/1280x1280/products/12657/33475/ZH222754_1__41294.1711115426.jpg?c=1,ZH222754_1__41294.1711115426.jpg?c=1,,,Ragon800,ZH222754_1__41294.1711115426.jpg?c=1
,,,,,,,,,,,,,,,,,,,,,,,,
"22"" WHITE VIBURNUM SPRAY",OR176293,"Home|Sale!|Everyday|22"" WHITE VIBURNUM SPRAY",,In-Stock: Ships in 5 to 14 days,,,,L: 22in,,12,$3.05 ,,,,,12,Ragon400,Ragon160,https://cdn11.bigcommerce.com/s-xvps74vl0m/images/stencil/1280x1280/products/4308/35607/OR176293_1__59033.1733863839.jpg?c=1,OR176293_1__59033.1733863839.jpg?c=1,,,Ragon800,OR176293_1__59033.1733863839.jpg?c=1
,,,,,,,,,,,,,,,,,,,,,,,,
"15.5"" LIGHT UP CHURCH",WS227862,"Home|Sale!|Holiday|15.5"" LIGHT UP CHURCH","6 HR TIMER
REQUIRES 3 (LR44) BATTERIES, BATTERIES NOT INCLUDED.",In-Stock: Ships in 5 to 14 days,,,,L: 11.25in W: 8in H: 15.50in,,1,$64.00 ,,,,,1,Ragon400,Ragon160,https://cdn11.bigcommerce.com/s-xvps74vl0m/images/stencil/1280x1280/products/12621/32412/WS227862_4__88502.1708440907.jpg?c=1,WS227862_4__88502.1708440907.jpg?c=1,,,Ragon800,WS227862_4__88502.1708440907.jpg?c=1
,,,,,,,,,,,,,,,,,,,,,,,,
"24"" CREAM ZINNIA WREATH",G228106,"Home|Sale!|Everyday|24"" CREAM ZINNIA WREATH",,SOLD OUT,,,,L: 24in H: 24in,,,$32.00 ,,,,,,Ragon400,Ragon160,https://cdn11.bigcommerce.com/s-xvps74vl0m/images/stencil/1280x1280/products/10069/36035/G228106_3__61752.1733863962.jpg?c=1,G228106_3__61752.1733863962.jpg?c=1,,,Ragon800,G228106_3__61752.1733863962.jpg?c=1
,,,,,,,,,,,,,,,,,,,,,,,,
PEWTER MARYANNE SNOWFLAKE ORNAMENT,SS239679,"Home|Holiday|Ornaments, Garland & Tree Toppers|PEWTER MARYANNE SNOWFLAKE ORNAMENT",,In-Stock: Ships in 5 to 14 days,,,,L: 4.50in W: 0.25in H: 4.50in,,10,$3.60 ,,,,,10,Ragon400,Ragon160,https://cdn11.bigcommerce.com/s-xvps74vl0m/images/stencil/1280x1280/products/17896/40311/SS239679_5__66179.1748895003.jpg?c=1,SS239679_5__66179.1748895003.jpg?c=1,,,Ragon800,SS239679_5__66179.1748895003.jpg?c=1
,,,,,,,,,,,,,,,,,,,,,,,,
"17.25"" FURRY WHITE BELSNICKLE",WS231626,"Home|Holiday|Snowmen, Santas & Angels|17.25"" FURRY WHITE BELSNICKLE",,Projected Summer 2025,,,,L: 6in W: 5.50in H: 17.25in,,1,$40.50 ,,,,,1,Ragon400,Ragon160,https://cdn11.bigcommerce.com/s-xvps74vl0m/images/stencil/1280x1280/products/18119/41076/WS231626_3__27084.1749826418.jpg?c=1,WS231626_3__27084.1749826418.jpg?c=1,,,Ragon800,WS231626_3__27084.1749826418.jpg?c=1
,,,,,,,,,,,,,,,,,,,,,,,,
TEXTURED VASE,ZH238648,Home|Everyday|Vases|TEXTURED VASE,"OPENING: 4""",In-Stock: Ships in 5 to 14 days,,,,L: 6.75in W: 6.75in H: 7in,,2,$15.40 ,,,,,2,Ragon400,Ragon160,https://cdn11.bigcommerce.com/s-xvps74vl0m/images/stencil/1280x1280/products/16879/39805/ZH238648_9__85847.1741635948.jpg?c=1,ZH238648_9__85847.1741635948.jpg?c=1,,,Ragon800,ZH238648_9__85847.1741635948.jpg?c=1
,,,,,,,,,,,,,,,,,,,,,,,,
FRAMED BIRD TRIO PRINT,H237578,Home|Everyday|Easter & Spring|FRAMED BIRD TRIO PRINT,2 TRIANGLE HANGERS,In-Stock: Ships in 5 to 14 days,,,,L: 22.75in W: 1.25in H: 34in,,1,$98.00 ,,,,,1,Ragon400,Ragon160,https://cdn11.bigcommerce.com/s-xvps74vl0m/images/stencil/1280x1280/products/16360/41912/H237578_1__39940.1754587133.jpg?c=1,H237578_1__39940.1754587133.jpg?c=1,,,Ragon800,H237578_1__39940.1754587133.jpg?c=1
,,,,,,,,,,,,,,,,,,,,,,,,
"14"" RUST EUCALYPTUS LEAF SPRAY",HZ238881,"Home|Sale!|Everyday|14"" RUST EUCALYPTUS LEAF SPRAY",,In-Stock: Ships in 5 to 14 days,,,,L: 14in W: 6.50in,,25,$1.65 ,,,,,25,Ragon400,Ragon160,https://cdn11.bigcommerce.com/s-xvps74vl0m/images/stencil/1280x1280/products/16457/34900/HZ238881_1__97862.1733861362.jpg?c=1,HZ238881_1__97862.1733861362.jpg?c=1,,,Ragon800,HZ238881_1__97862.1733861362.jpg?c=1
,,,,,,,,,,,,,,,,,,,,,,,,
"4"" CREAM LAYERED GLASS ORNAMENT",SS232390,"Home|Holiday|Ornaments, Garland & Tree Toppers|4"" CREAM LAYERED GLASS ORNAMENT",,In-Stock: Ships in 5 to 14 days,,,,L: 4in,,6,$4.15 ,,,,,6,Ragon400,Ragon160,https://cdn11.bigcommerce.com/s-xvps74vl0m/images/stencil/1280x1280/products/17850/41612/SS232390_1__66025.1749826529.jpg?c=1,SS232390_1__66025.1749826529.jpg?c=1,,,Ragon800,SS232390_1__66025.1749826529.jpg?c=1
,,,,,,,,,,,,,,,,,,,,,,,,
"48"" GREEN TARTAN TABLE RUNNER",SS211758,"Home|Holiday|Textiles|48"" GREEN TARTAN TABLE RUNNER",,In-Stock: Ships in 5 to 14 days,,,,L: 48in W: 14in,,6,$10.45 ,,,,,6,Ragon400,Ragon160,https://cdn11.bigcommerce.com/s-xvps74vl0m/images/stencil/1280x1280/products/9691/26688/SS211758_3__31344.1678296709.jpg?c=1,SS211758_3__31344.1678296709.jpg?c=1,,,Ragon800,SS211758_3__31344.1678296709.jpg?c=1
,,,,,,,,,,,,,,,,,,,,,,,,
"24"" SNOWY CEDAR WREATH W/ GLITTER",G228637,"Home|Holiday|Greenery, Wreaths & Trees|24"" SNOWY CEDAR WREATH W/ GLITTER",,In-Stock: Ships in 5 to 14 days,,,,L: 24in H: 24in,,2,$32.00 ,,,,,2,Ragon400,Ragon160,https://cdn11.bigcommerce.com/s-xvps74vl0m/images/stencil/1280x1280/products/15633/33618/G228637_2__22649.1712154085.jpg?c=1,G228637_2__22649.1712154085.jpg?c=1,,,Ragon800,G228637_2__22649.1712154085.jpg?c=1
,,,,,,,,,,,,,,,,,,,,,,,,
"6"" REINDEER POSTCARD ORNAMENT",WS218266,"Home|Holiday|Ornaments, Garland & Tree Toppers|6"" REINDEER POSTCARD ORNAMENT",,In-Stock: Ships in 5 to 14 days,,,,L: 4in W: 0.50in H: 6in,,12,$3.60 ,,,,,12,Ragon400,Ragon160,https://cdn11.bigcommerce.com/s-xvps74vl0m/images/stencil/1280x1280/products/9324/27157/WS218266_3__56447.1679582837.jpg?c=1,WS218266_3__56447.1679582837.jpg?c=1,,,Ragon800,WS218266_3__56447.1679582837.jpg?c=1
,,,,,,,,,,,,,,,,,,,,,,,,
"40"" RED & WHITE MERRY CHRISTMAS PLAQUE",BF215188,"Home|Holiday|Signs|40"" RED & WHITE MERRY CHRISTMAS PLAQUE",2 TRIANGLE HANGERS,In-Stock: Ships in 5 to 14 days,,,,L: 40in W: 0.25in H: 7in,,4,$13.20 ,,,,,4,Ragon400,Ragon160,https://cdn11.bigcommerce.com/s-xvps74vl0m/images/stencil/1280x1280/products/8152/24033/BF215188_2__82487.1677257705.jpg?c=1,BF215188_2__82487.1677257705.jpg?c=1,,,Ragon800,BF215188_2__82487.1677257705.jpg?c=1
,,,,,,,,,,,,,,,,,,,,,,,,
"35"" APPLE SPRAY",G232539,"Home|Everyday|Florals|35"" APPLE SPRAY",,SOLD OUT,,,,L: 35in W: 9in,,,$11.55 ,,,,,,Ragon400,Ragon160,https://cdn11.bigcommerce.com/s-xvps74vl0m/images/stencil/1280x1280/products/16058/34329/G232539_1__05285.1733861195.jpg?c=1,G232539_1__05285.1733861195.jpg?c=1,,,Ragon800,G232539_1__05285.1733861195.jpg?c=1
,,,,,,,,,,,,,,,,,,,,,,,,
STRIPED MULTI-COLORED ORNAMENT,WS231831,"Home|Holiday|Ornaments, Garland & Tree Toppers|STRIPED MULTI-COLORED ORNAMENT",,In-Stock: Ships in 5 to 14 days,,,,L: 3.25in W: 3.25in H: 4in,,6,$5.50 ,,,,,6,Ragon400,Ragon160,https://cdn11.bigcommerce.com/s-xvps74vl0m/images/stencil/1280x1280/products/18216/40483/WS231831_1__23980.1749139072.jpg?c=1,WS231831_1__23980.1749139072.jpg?c=1,,,Ragon800,WS231831_1__23980.1749139072.jpg?c=1
,,,,,,,,,,,,,,,,,,,,,,,,
TWO TONE WOOD RISER,SH238399,Home|Everyday|Tabletop & Misc.|TWO TONE WOOD RISER,,In-Stock: Ships in 5 to 14 days,,,,L: 23.50in W: 6in H: 8.50in,,1,$53.00 ,,,,,1,Ragon400,Ragon160,https://cdn11.bigcommerce.com/s-xvps74vl0m/images/stencil/1280x1280/products/16748/37103/SH238399_3__73417.1733943475.jpg?c=1,SH238399_3__73417.1733943475.jpg?c=1,,,Ragon800,SH238399_3__73417.1733943475.jpg?c=1
,,,,,,,,,,,,,,,,,,,,,,,,
"24"" RED MIXED BLACK-EYED SUSAN WREATH",G232621,"Home|Sale!|Everyday|24"" RED MIXED BLACK-EYED SUSAN WREATH",,In-Stock: Ships in 5 to 14 days,,,,L: 24in W: 4in H: 24in,,2,$28.75 ,,,,,2,Ragon400,Ragon160,https://cdn11.bigcommerce.com/s-xvps74vl0m/images/stencil/1280x1280/products/16090/34425/G232621_4__76732.1733861224.jpg?c=1,G232621_4__76732.1733861224.jpg?c=1,,,Ragon800,G232621_4__76732.1733861224.jpg?c=1
,,,,,,,,,,,,,,,,,,,,,,,,
CHARLES WALL CLOCK,E234070,Home|Sale!|Everyday|CHARLES WALL CLOCK,"REQUIRES 1 (AA) BATTERY, BATTERY NOT INCLUDED.
1 KEYHOLE HANGER",In-Stock: Ships in 5 to 14 days,,,,L: 23.75in W: 2.75in H: 23.75in,,1,$90.75 ,,,,,1,Ragon400,Ragon160,https://cdn11.bigcommerce.com/s-xvps74vl0m/images/stencil/1280x1280/products/15838/36765/E234070_1__15218.1733943385.jpg?c=1,E234070_1__15218.1733943385.jpg?c=1,,,Ragon800,E234070_1__15218.1733943385.jpg?c=1
,,,,,,,,,,,,,,,,,,,,,,,,
COLORED SLEIGH BELLS CLUSTER,HY239225,Home|Holiday|Bells|COLORED SLEIGH BELLS CLUSTER,,In-Stock: Ships in 5 to 14 days,,,,L: 11.75in W: 10.25in H: 39.50in,,1,$43.00 ,,,,,1,Ragon400,Ragon160,https://cdn11.bigcommerce.com/s-xvps74vl0m/images/stencil/1280x1280/products/17513/41233/HY239225_5__89359.1749826448.jpg?c=1,HY239225_5__89359.1749826448.jpg?c=1,,,Ragon800,HY239225_5__89359.1749826448.jpg?c=1
,,,,,,,,,,,,,,,,,,,,,,,,
"25.5"" BLUE BLACK-EYED SUSAN SPRAY",G233098,"Home|Everyday|Florals|25.5"" BLUE BLACK-EYED SUSAN SPRAY",,In-Stock: Ships in 5 to 14 days,,,,L: 25.50in W: 8in,,12,$3.05 ,,,,,12,Ragon400,Ragon160,https://cdn11.bigcommerce.com/s-xvps74vl0m/images/stencil/1280x1280/products/16191/34719/G233098_2__70781.1733861311.jpg?c=1,G233098_2__70781.1733861311.jpg?c=1,,,Ragon800,G233098_2__70781.1733861311.jpg?c=1
,,,,,,,,,,,,,,,,,,,,,,,,
"3"" BLACK GLASS 3D FLAME CANDLE",NY236559,"Home|Flameless Candles|3"" BLACK GLASS 3D FLAME CANDLE","6 HR TIMER | ON/OFF BUTTON
REQUIRES 1 (CR2032) BATTERY, BATTERY INCLUDED.",In-Stock: Ships in 5 to 14 days,,,,L: 2in W: 2in H: 3in,,6,$6.05 ,,,,,6,Ragon400,Ragon160,https://cdn11.bigcommerce.com/s-xvps74vl0m/images/stencil/1280x1280/products/16652/37063/NY236559_3__45436.1733943464.jpg?c=1,NY236559_3__45436.1733943464.jpg?c=1,,,Ragon800,NY236559_3__45436.1733943464.jpg?c=1
,,,,,,,,,,,,,,,,,,,,,,,,
"4"" MOUSE ORNAMENT",WS227696,"Home|Holiday|Ornaments, Garland & Tree Toppers|4"" MOUSE ORNAMENT",,In-Stock: Ships in 5 to 14 days,,,,L: 4in W: 1.75in H: 2in,,12,$4.15 ,,,,,12,Ragon400,Ragon160,https://cdn11.bigcommerce.com/s-xvps74vl0m/images/stencil/1280x1280/products/12496/33012/WS227696_3__58587.1710521325.jpg?c=1,WS227696_3__58587.1710521325.jpg?c=1,,,Ragon800,WS227696_3__58587.1710521325.jpg?c=1
,,,,,,,,,,,,,,,,,,,,,,,,
"12"" BLACK & WHITE BUTTERFLY",FB225414,"Home|Sale!|Everyday|12"" BLACK & WHITE BUTTERFLY",2 SAWTOOTH HANGER & TWINE HANGER,In-Stock: Ships in 5 to 14 days,,,,L: 12in W: 0.25in H: 10in,,6,$8.25 ,,,,,6,Ragon400,Ragon160,https://cdn11.bigcommerce.com/s-xvps74vl0m/images/stencil/1280x1280/products/10819/33375/FB225414_3__93585.1711115394.jpg?c=1,FB225414_3__93585.1711115394.jpg?c=1,,,Ragon800,FB225414_3__93585.1711115394.jpg?c=1
,,,,,,,,,,,,,,,,,,,,,,,,
"4"" CHAMPAGNE DOTTED GLASS 3D FLAME CANDLE",NY229009,"Home|Flameless Candles|4"" CHAMPAGNE DOTTED GLASS 3D FLAME CANDLE","6 HR TIMER | ON/OFF BUTTON
REQUIRES 2 (AA) BATTERIES, BATTERIES NOT INCLUDED.",In-Stock: Ships in 5 to 14 days,,,,L: 3.50in W: 3.50in H: 4in,,6,$8.55 ,,,,,6,Ragon400,Ragon160,https://cdn11.bigcommerce.com/s-xvps74vl0m/images/stencil/1280x1280/products/10383/29106/NY229009_1__85676.1701887383.jpg?c=1,NY229009_1__85676.1701887383.jpg?c=1,,,Ragon800,NY229009_1__85676.1701887383.jpg?c=1
,,,,,,,,,,,,,,,,,,,,,,,,
"SET/ 2 - 9.5"" MOVING FLAME RED TAPER CANDLE",NY213009,"Home|Flameless Candles|SET/ 2 - 9.5"" MOVING FLAME RED TAPER CANDLE","6 HR TIMER | ON/OFF BUTTON
REQUIRES 2 (AAA) BATTERIES, BATTERIES NOT INCLUDED.",In-Stock: Ships in 5 to 14 days,,,,L: 0.75in W: 0.75in H: 9.50in,,12,$10.45 ,,,,,12,Ragon400,Ragon160,https://cdn11.bigcommerce.com/s-xvps74vl0m/images/stencil/1280x1280/products/8538/25046/NY213009_2__26024.1677258021.jpg?c=1,NY213009_2__26024.1677258021.jpg?c=1,,,Ragon800,NY213009_2__26024.1677258021.jpg?c=1
,,,,,,,,,,,,,,,,,,,,,,,,
"20.25"" BURGUNDY W/ GOLD TRIM PAPER TREE",WS221445,"Home|Sale!|Holiday|20.25"" BURGUNDY W/ GOLD TRIM PAPER TREE",,In-Stock: Ships in 5 to 14 days,,,,L: 10.25in W: 10.25in H: 20.25in,,5,$12.10 ,,,,,5,Ragon400,Ragon160,https://cdn11.bigcommerce.com/s-xvps74vl0m/images/stencil/1280x1280/products/12280/33453/WS221445_1__88341.1711115419.jpg?c=1,WS221445_1__88341.1711115419.jpg?c=1,,,Ragon800,WS221445_1__88341.1711115419.jpg?c=1
,,,,,,,,,,,,,,,,,,,,,,,,
"6' RED, GREEN & SILVER BALL GARLAND",WS202160,"Home|Holiday|Ornaments, Garland & Tree Toppers|6' RED, GREEN & SILVER BALL GARLAND",,In-Stock: Ships in 5 to 14 days,,,,L: 72in W: 1.25in H: 1.25in,,6,$9.65 ,,,,,6,Ragon400,Ragon160,https://cdn11.bigcommerce.com/s-xvps74vl0m/images/stencil/1280x1280/products/7941/17608/WS202160_2__96716.1645759322.jpg?c=1,WS202160_2__96716.1645759322.jpg?c=1,,,Ragon800,WS202160_2__96716.1645759322.jpg?c=1
,,,,,,,,,,,,,,,,,,,,,,,,
"2.5"" RED VELVET WIRED RIBBON",SS211979,"Home|Holiday|Textiles|2.5"" RED VELVET WIRED RIBBON",,Projected Summer 2025,,,,L: 360in W: 2.50in,,5,$12.65 ,,,,,5,Ragon400,Ragon160,https://cdn11.bigcommerce.com/s-xvps74vl0m/images/stencil/1280x1280/products/9867/27516/SS211979_1__39800.1679582949.jpg?c=1,SS211979_1__39800.1679582949.jpg?c=1,,,Ragon800,SS211979_1__39800.1679582949.jpg?c=1
,,,,,,,,,,,,,,,,,,,,,,,,
"8.5"" STANDING SOLDIER",FB225299,"Home|Holiday|Tabletop & Misc.|8.5"" STANDING SOLDIER",,In-Stock: Ships in 5 to 14 days,,,,L: 2.50in W: 2.50in H: 8.50in,,4,$7.15 ,,,,,4,Ragon400,Ragon160,https://cdn11.bigcommerce.com/s-xvps74vl0m/images/stencil/1280x1280/products/10994/32076/FB225299_3__56253.1708440796.jpg?c=1,FB225299_3__56253.1708440796.jpg?c=1,,,Ragon800,FB225299_3__56253.1708440796.jpg?c=1
,,,,,,,,,,,,,,,,,,,,,,,,
"9"" WHITE 7 LAYER TREE",MH207448,"Home|Holiday|Tabletop & Misc.|9"" WHITE 7 LAYER TREE",,In-Stock: Ships in 5 to 14 days,,,,L: 3in W: 3in H: 9in,,6,$10.75 ,,,,,6,Ragon400,Ragon160,https://cdn11.bigcommerce.com/s-xvps74vl0m/images/stencil/1280x1280/products/7794/24895/MH207448_2__56284.1677257977.jpg?c=1,MH207448_2__56284.1677257977.jpg?c=1,,,Ragon800,MH207448_2__56284.1677257977.jpg?c=1
,,,,,,,,,,,,,,,,,,,,,,,,
GREEN LED FLOWER,NY236617,Home|Flameless Candles|GREEN LED FLOWER,"6 HR TIMER | ON/OFF BUTTON
REQUIRES 1 (CR2032) BATTERY, BATTERY INCLUDED.",In-Stock: Ships in 5 to 14 days,,,,L: 5in W: 5in H: 2.75in,,6,$7.70 ,,,,,6,Ragon400,Ragon160,https://cdn11.bigcommerce.com/s-xvps74vl0m/images/stencil/1280x1280/products/16672/36641/NY236617_2__75863.1733943351.jpg?c=1,NY236617_2__75863.1733943351.jpg?c=1,,,Ragon800,NY236617_2__75863.1733943351.jpg?c=1
,,,,,,,,,,,,,,,,,,,,,,,,
VINTAGE ALL IS CALM PLAQUE,BF215197,Home|Holiday|Signs|VINTAGE ALL IS CALM PLAQUE,1 TRIANGLE HANGERS,In-Stock: Ships in 5 to 14 days,,,,L: 10in W: 0.25in H: 15.50in,,4,$9.35 ,,,,,4,Ragon400,Ragon160,https://cdn11.bigcommerce.com/s-xvps74vl0m/images/stencil/1280x1280/products/8157/26943/BF215197_1__38120.1679582773.jpg?c=1,BF215197_1__38120.1679582773.jpg?c=1,,,Ragon800,BF215197_1__38120.1679582773.jpg?c=1
,,,,,,,,,,,,,,,,,,,,,,,,
"14"" YELLOW GREEN EUCALYPTUS LEAF SPRAY",HZ238908,"Home|Sale!|Everyday|14"" YELLOW GREEN EUCALYPTUS LEAF SPRAY",,In-Stock: Ships in 5 to 14 days,,,,L: 14in W: 5in,,25,$1.65 ,,,,,25,Ragon400,Ragon160,https://cdn11.bigcommerce.com/s-xvps74vl0m/images/stencil/1280x1280/products/16480/37378/HZ238908_17__06182.1739211429.jpg?c=1,HZ238908_17__06182.1739211429.jpg?c=1,,,Ragon800,HZ238908_17__06182.1739211429.jpg?c=1
,,,,,,,,,,,,,,,,,,,,,,,,
"14"" MAIDENHAIR FERN CANDLE RING",G233202,"Home|Sale!|Everyday|14"" MAIDENHAIR FERN CANDLE RING","INNER: 4""",In-Stock: Ships in 5 to 14 days,,,,L: 14in W: 3in,,6,$10.45 ,,,,,6,Ragon400,Ragon160,https://cdn11.bigcommerce.com/s-xvps74vl0m/images/stencil/1280x1280/products/16224/37298/G233202_2__37353.1735852547.jpg?c=1,G233202_2__37353.1735852547.jpg?c=1,,,Ragon800,G233202_2__37353.1735852547.jpg?c=1
,,,,,,,,,,,,,,,,,,,,,,,,
"8"" WHITE FLOCKED TREE",WS202521,"Home|Holiday|Bottlebrush|8"" WHITE FLOCKED TREE",,In-Stock: Ships in 5 to 14 days,,,,H: 8in,,6,$7.15 ,,,,,6,Ragon400,Ragon160,https://cdn11.bigcommerce.com/s-xvps74vl0m/images/stencil/1280x1280/products/7608/18514/WS202521__48829.1647025460.jpg?c=1,WS202521__48829.1647025460.jpg?c=1,,,Ragon800,WS202521__48829.1647025460.jpg?c=1
,,,,,,,,,,,,,,,,,,,,,,,,
BLUE STRIPE BOWL,HY238837,Home|Everyday|Tabletop & Misc.|BLUE STRIPE BOWL,,In-Stock: Ships in 5 to 14 days,,,,L: 12.25in W: 12.25in H: 7in,,4,$10.45 ,,,,,4,Ragon400,Ragon160,https://cdn11.bigcommerce.com/s-xvps74vl0m/images/stencil/1280x1280/products/16427/36999/HY238837_8__53337.1733943446.jpg?c=1,HY238837_8__53337.1733943446.jpg?c=1,,,Ragon800,HY238837_8__53337.1733943446.jpg?c=1
,,,,,,,,,,,,,,,,,,,,,,,,
"6.5"" WHITE STUCCO FINISH VASE",SH222300,"Home|Everyday|Vases|6.5"" WHITE STUCCO FINISH VASE",,In-Stock: Ships in 5 to 14 days,,,,L: 6.50in W: 6.50in H: 6.50in,,2,$27.00 ,,,,,2,Ragon400,Ragon160,https://cdn11.bigcommerce.com/s-xvps74vl0m/images/stencil/1280x1280/products/10540/29346/SH222300_3__74060.1701887467.jpg?c=1,SH222300_3__74060.1701887467.jpg?c=1,,,Ragon800,SH222300_3__74060.1701887467.jpg?c=1
,,,,,,,,,,,,,,,,,,,,,,,,
"2.5"" BRONZE RILEY BELL ORNAMENT",ZH222810,"Home|Sale!|Holiday|2.5"" BRONZE RILEY BELL ORNAMENT",,In-Stock: Ships in 5 to 14 days,,,,L: 3.25in W: 3.25in H: 2.50in,,6,$3.30 ,,,,,6,Ragon400,Ragon160,https://cdn11.bigcommerce.com/s-xvps74vl0m/images/stencil/1280x1280/products/15742/34063/ZH213537_2__17941.1716494558.jpg?c=1,ZH213537_2__17941.1716494558.jpg?c=1,,,Ragon800,ZH213537_2__17941.1716494558.jpg?c=1
,,,,,,,,,,,,,,,,,,,,,,,,
FA LA LA FRAMED PRINT,BF235142,Home|Holiday|Tabletop & Misc.|FA LA LA FRAMED PRINT,,In-Stock: Ships in 5 to 14 days,,,,L: 15.75in W: 0.75in H: 15.75in,,2,$14.60 ,,,,,2,Ragon400,Ragon160,https://cdn11.bigcommerce.com/s-xvps74vl0m/images/stencil/1280x1280/products/16957/41314/BF235142_1__38674.1749826462.jpg?c=1,BF235142_1__38674.1749826462.jpg?c=1,,,Ragon800,BF235142_1__38674.1749826462.jpg?c=1
,,,,,,,,,,,,,,,,,,,,,,,,
"17"" PURPLE CAMELLIA W/ WILDFLOWERS BUSH",G228136,"Home|Everyday|Florals|17"" PURPLE CAMELLIA W/ WILDFLOWERS BUSH",,In-Stock: Ships in 5 to 14 days,,,,L: 17in,,12,$7.45 ,,,,,12,Ragon400,Ragon160,https://cdn11.bigcommerce.com/s-xvps74vl0m/images/stencil/1280x1280/products/10082/35968/G228136_1__70670.1733863941.jpg?c=1,G228136_1__70670.1733863941.jpg?c=1,,,Ragon800,G228136_1__70670.1733863941.jpg?c=1
,,,,,,,,,,,,,,,,,,,,,,,,
"33.25"" LIGHT PINK POPPY SPRAY",OR215277,"Home|Sale!|Everyday|33.25"" LIGHT PINK POPPY SPRAY",,In-Stock: Ships in 5 to 14 days,,,,L: 33.25in,,24,$5.25 ,,,,,24,Ragon400,Ragon160,https://cdn11.bigcommerce.com/s-xvps74vl0m/images/stencil/1280x1280/products/8590/25157/OR215277_2__24430.1677258055.jpg?c=1,OR215277_2__24430.1677258055.jpg?c=1,,,Ragon800,OR215277_2__24430.1677258055.jpg?c=1
,,,,,,,,,,,,,,,,,,,,,,,,
9' MEDIUM ROUND RED WOOD BEAD GARLAND,SS221942,"Home|Holiday|Ornaments, Garland & Tree Toppers|9' MEDIUM ROUND RED WOOD BEAD GARLAND",,Projected Summer 2025,,,,L: 108in,,6,$8.80 ,,,,,6,Ragon400,Ragon160,https://cdn11.bigcommerce.com/s-xvps74vl0m/images/stencil/1280x1280/products/11859/33747/SS221942__53413.1712154126.jpg?c=1,SS221942__53413.1712154126.jpg?c=1,,,Ragon800,SS221942__53413.1712154126.jpg?c=1
,,,,,,,,,,,,,,,,,,,,,,,,
"15.5"" ICE SKATES WREATH HANGER",BF215162,"Home|Holiday|Greenery, Wreaths & Trees|15.5"" ICE SKATES WREATH HANGER",,In-Stock: Ships in 5 to 14 days,,,,L: 6in W: 2.75in H: 15.50in,,4,$7.45 ,,,,,4,Ragon400,Ragon160,https://cdn11.bigcommerce.com/s-xvps74vl0m/images/stencil/1280x1280/products/8136/24001/BF215162_4__82940.1677257696.jpg?c=1,BF215162_4__82940.1677257696.jpg?c=1,,,Ragon800,BF215162_4__82940.1677257696.jpg?c=1
,,,,,,,,,,,,,,,,,,,,,,,,
"17.5"" FARMHOUSE SIGN",E203419,"Home|Everyday|Kitchen|17.5"" FARMHOUSE SIGN",2 NAIL HOLES,In-Stock: Ships in 5 to 14 days,,,,L: 17.50in W: 0.25in H: 4in,,6,$4.95 ,,,,,6,Ragon400,Ragon160,https://cdn11.bigcommerce.com/s-xvps74vl0m/images/stencil/1280x1280/products/6593/14322/E203419_5__85866.1647357044.jpg?c=1,E203419_5__85866.1647357044.jpg?c=1,,,Ragon800,E203419_5__85866.1647357044.jpg?c=1
,,,,,,,,,,,,,,,,,,,,,,,,
"16"" TABLETOP NUTCRACKER",LA237800,"Home|Holiday|Tabletop & Misc.|16"" TABLETOP NUTCRACKER",,In-Stock: Ships in 5 to 14 days,,,,L: 4in W: 4in H: 16in,,3,$16.25 ,,,,,3,Ragon400,Ragon160,https://cdn11.bigcommerce.com/s-xvps74vl0m/images/stencil/1280x1280/products/17578/41263/LA237800_4__47669.1749826453.jpg?c=1,LA237800_4__47669.1749826453.jpg?c=1,,,Ragon800,LA237800_4__47669.1749826453.jpg?c=1
,,,,,,,,,,,,,,,,,,,,,,,,
"9"" GALVANIZED DOUBLE HANDLE DECORATIVE PAIL",ZH197555,"Home|Everyday|Tabletop & Misc.|9"" GALVANIZED DOUBLE HANDLE DECORATIVE PAIL","8.50""W X 9""H, METAL & WOOD",In-Stock: Ships in 5 to 14 days,,,,W: 8.50in H: 9in,,2,$7.45 ,,,,,2,Ragon400,Ragon160,https://cdn11.bigcommerce.com/s-xvps74vl0m/images/stencil/1280x1280/products/3738/12469/ZH197555-_G191096__01251.1626464910.jpg?c=1,ZH197555-_G191096__01251.1626464910.jpg?c=1,,,Ragon800,ZH197555-_G191096__01251.1626464910.jpg?c=1
,,,,,,,,,,,,,,,,,,,,,,,,
WOOD BUTTERFLY GARDEN STAKE,FB237231,Home|Everyday|Spring & Garden|WOOD BUTTERFLY GARDEN STAKE,,SOLD OUT,,,,L: 11.50in W: 2.50in H: 38.25in,,,$15.50 ,,,,,,Ragon400,Ragon160,https://cdn11.bigcommerce.com/s-xvps74vl0m/images/stencil/1280x1280/products/15985/36897/FB237231_6__05198.1733943418.jpg?c=1,FB237231_6__05198.1733943418.jpg?c=1,,,Ragon800,FB237231_6__05198.1733943418.jpg?c=1
,,,,,,,,,,,,,,,,,,,,,,,,
"4"" X 6"" SYDNEY PHOTO FRAME",E234137,"Home|Sale!|Everyday|4"" X 6"" SYDNEY PHOTO FRAME","HOLDS 4"" X 6"" PHOTO",In-Stock: Ships in 5 to 14 days,,,,L: 6.50in W: 0.75in H: 8.50in,,6,$7.15 ,,,,,6,Ragon400,Ragon160,https://cdn11.bigcommerce.com/s-xvps74vl0m/images/stencil/1280x1280/products/15853/36783/E234137_6__41561.1733943389.jpg?c=1,E234137_6__41561.1733943389.jpg?c=1,,,Ragon800,E234137_6__41561.1733943389.jpg?c=1
,,,,,,,,,,,,,,,,,,,,,,,,
WHITE BIRD W/ PINECONE ORNAMENT,WS192073,"Home|Holiday|Ornaments, Garland & Tree Toppers|WHITE BIRD W/ PINECONE ORNAMENT","4.75""L X 2.50""W X 2.75""H, 5.50""HH, MACHE",In-Stock: Ships in 5 to 14 days,,,,L: 4.75in W: 2.50in H: 2.75in,,8,$8.55 ,,,,,8,Ragon400,Ragon160,https://cdn11.bigcommerce.com/s-xvps74vl0m/images/stencil/1280x1280/products/3235/12062/WS192073_3__75417.1626464794.jpg?c=1,WS192073_3__75417.1626464794.jpg?c=1,,,Ragon800,WS192073_3__75417.1626464794.jpg?c=1
,,,,,,,,,,,,,,,,,,,,,,,,
"24"" WHITE GLITTERED BOTTLEBRUSH TREE",WS192447,"Home|Holiday|Bottlebrush|24"" WHITE GLITTERED BOTTLEBRUSH TREE","7""W X 24""H, SISAL",In-Stock: Ships in 5 to 14 days,,,,W: 7in H: 24in,,2,$33.00 ,,,,,2,Ragon400,Ragon160,https://cdn11.bigcommerce.com/s-xvps74vl0m/images/stencil/1280x1280/products/3135/27919/WS192447_1__93175.1685738005.jpg?c=1,WS192447_1__93175.1685738005.jpg?c=1,,,Ragon800,WS192447_1__93175.1685738005.jpg?c=1
,,,,,,,,,,,,,,,,,,,,,,,,
"5.5"" CREAM 3D FLAME FIR TREE CANDLE",NY239512,"Home|Flameless Candles|5.5"" CREAM 3D FLAME FIR TREE CANDLE","6 HR TIMER | ON/OFF BUTTON
REQUIRES 1 (CR2032) BATTERY, BATTERY INCLUDED.",In-Stock: Ships in 5 to 14 days,,,,L: 2.50in W: 2.50in H: 5.50in,,6,$5.25 ,,,,,6,Ragon400,Ragon160,https://cdn11.bigcommerce.com/s-xvps74vl0m/images/stencil/1280x1280/products/17698/41273/NY239512_3__68234.1749826455.jpg?c=1,NY239512_3__68234.1749826455.jpg?c=1,,,Ragon800,NY239512_3__68234.1749826455.jpg?c=1
,,,,,,,,,,,,,,,,,,,,,,,,
"32"" WHITE POPPY SPRAY",OR235512,"Home|Sale!|Everyday|32"" WHITE POPPY SPRAY",,In-Stock: Ships in 5 to 14 days,,,,L: 32in W: 10in,,12,$8.00 ,,,,,12,Ragon400,Ragon160,https://cdn11.bigcommerce.com/s-xvps74vl0m/images/stencil/1280x1280/products/16692/35124/OR235512_4__91162.1733861430.jpg?c=1,OR235512_4__91162.1733861430.jpg?c=1,,,Ragon800,OR235512_4__91162.1733861430.jpg?c=1
,,,,,,,,,,,,,,,,,,,,,,,,
WELCOME TO OUR GARDEN STAKE,E203389,Home|Everyday|Spring & Garden|WELCOME TO OUR GARDEN STAKE,CAN TAKE SIGN OFF,In-Stock: Ships in 5 to 14 days,,,,L: 19in W: 0.50in H: 41in,,2,$37.50 ,,,,,2,Ragon400,Ragon160,https://cdn11.bigcommerce.com/s-xvps74vl0m/images/stencil/1280x1280/products/6576/13395/E203389__40389.1641401812.jpg?c=1,E203389__40389.1641401812.jpg?c=1,,,Ragon800,E203389__40389.1641401812.jpg?c=1
,,,,,,,,,,,,,,,,,,,,,,,,
OPAL MIRROR,E234105,Home|Sale!|Everyday|OPAL MIRROR,2 METAL HANGERS,In-Stock: Ships in 5 to 14 days,,,,L: 35.75in W: 1.50in H: 39in,,1,$141.00 ,,,,,1,Ragon400,Ragon160,https://cdn11.bigcommerce.com/s-xvps74vl0m/images/stencil/1280x1280/products/15843/36767/E234105_2__68442.1733943385.jpg?c=1,E234105_2__68442.1733943385.jpg?c=1,,,Ragon800,E234105_2__68442.1733943385.jpg?c=1
,,,,,,,,,,,,,,,,,,,,,,,,
"5.5"" CLEAR GLASS JAR W/ GOLD LID",SE221626,"Home|Everyday|Kitchen|5.5"" CLEAR GLASS JAR W/ GOLD LID",,In-Stock: Ships in 5 to 14 days,,,,L: 5in W: 5in H: 5.50in,,6,$9.65 ,,,,,6,Ragon400,Ragon160,https://cdn11.bigcommerce.com/s-xvps74vl0m/images/stencil/1280x1280/products/10518/34111/SE221626_3__41142.1719417284.jpg?c=1,SE221626_3__41142.1719417284.jpg?c=1,,,Ragon800,SE221626_3__41142.1719417284.jpg?c=1
,,,,,,,,,,,,,,,,,,,,,,,,
BOXED SET/ 6 VINTAGE INSPIRED ORNAMENTS,WS231533,"Home|Holiday|Ornaments, Garland & Tree Toppers|BOXED SET/ 6 VINTAGE INSPIRED ORNAMENTS",,Projected Summer 2025,,,,L: 6.75in W: 2.25in H: 4.50in,,6,$16.80 ,,,,,6,Ragon400,Ragon160,https://cdn11.bigcommerce.com/s-xvps74vl0m/images/stencil/1280x1280/products/18060/40657/WS231533_5__00292.1749157613.jpg?c=1,WS231533_5__00292.1749157613.jpg?c=1,,,Ragon800,WS231533_5__00292.1749157613.jpg?c=1
,,,,,,,,,,,,,,,,,,,,,,,,
"18"" MERRY CHRISTMAS COW SIGN",E217829,"Home|Holiday|Signs|18"" MERRY CHRISTMAS COW SIGN",,SOLD OUT,,,,L: 12.50in W: 0.75in H: 18in,,,$13.75 ,,,,,,Ragon400,Ragon160,https://cdn11.bigcommerce.com/s-xvps74vl0m/images/stencil/1280x1280/products/9848/27503/E217829_1__64054.1679582946.jpg?c=1,E217829_1__64054.1679582946.jpg?c=1,,,Ragon800,E217829_1__64054.1679582946.jpg?c=1
,,,,,,,,,,,,,,,,,,,,,,,,
BRILLIANT TINSEL,WS218265,"Home|Holiday|Ornaments, Garland & Tree Toppers|BRILLIANT TINSEL",,In-Stock: Ships in 5 to 14 days,,,,L: 4in W: 0.50in H: 10.50in,,12,$3.05 ,,,,,12,Ragon400,Ragon160,https://cdn11.bigcommerce.com/s-xvps74vl0m/images/stencil/1280x1280/products/9323/27155/WS218265_6__81953.1679582836.jpg?c=1,WS218265_6__81953.1679582836.jpg?c=1,,,Ragon800,WS218265_6__81953.1679582836.jpg?c=1
,,,,,,,,,,,,,,,,,,,,,,,,
WALL MOUNT DEER HEAD,H223329,Home|Holiday|Cabin & Lodge|WALL MOUNT DEER HEAD,,In-Stock: Ships in 5 to 14 days,,,,L: 20.25in W: 16in H: 26in,,1,$98.00 ,,,,,1,Ragon400,Ragon160,https://cdn11.bigcommerce.com/s-xvps74vl0m/images/stencil/1280x1280/products/11573/32173/H223329_3__99530.1708440831.jpg?c=1,H223329_3__99530.1708440831.jpg?c=1,,,Ragon800,H223329_3__99530.1708440831.jpg?c=1
,,,,,,,,,,,,,,,,,,,,,,,,
POSEABLE METAL BUNNY,E234180,Home|Everyday|Easter & Spring|POSEABLE METAL BUNNY,2 HALF CIRCLE HANGERS,In-Stock: Ships in 5 to 14 days,,,,L: 14in W: 1in H: 9.25in,,4,$10.45 ,,,,,4,Ragon400,Ragon160,https://cdn11.bigcommerce.com/s-xvps74vl0m/images/stencil/1280x1280/products/15863/36801/E234180_3__35897.1733943394.jpg?c=1,E234180_3__35897.1733943394.jpg?c=1,,,Ragon800,E234180_3__35897.1733943394.jpg?c=1
,,,,,,,,,,,,,,,,,,,,,,,,
"10.5"" WHITEWASH TERRACOTTA VASE",G233181,"Home|Sale!|Everyday|10.5"" WHITEWASH TERRACOTTA VASE","OPENINIG: 4.75""",In-Stock: Ships in 5 to 14 days,,,,L: 9.75in W: 9.75in H: 10.50in,,1,$32.00 ,,,,,1,Ragon400,Ragon160,https://cdn11.bigcommerce.com/s-xvps74vl0m/images/stencil/1280x1280/products/15783/41905/G233181_1__91965.1754585401.jpg?c=1,G233181_1__91965.1754585401.jpg?c=1,,,Ragon800,G233181_1__91965.1754585401.jpg?c=1
,,,,,,,,,,,,,,,,,,,,,,,,
"59"" FERN TREE IN BLACK POT",G228294,"Home|Everyday|Florals|59"" FERN TREE IN BLACK POT",,SOLD OUT,,,,H: 59in,,,$42.00 ,,,,,,Ragon400,Ragon160,https://cdn11.bigcommerce.com/s-xvps74vl0m/images/stencil/1280x1280/products/10133/28744/G228294_2__07653.1701887264.jpg?c=1,G228294_2__07653.1701887264.jpg?c=1,,,Ragon800,G228294_2__07653.1701887264.jpg?c=1
,,,,,,,,,,,,,,,,,,,,,,,,
TAN SLEDDING SANTA,E226656,Home|Sale!|Holiday|TAN SLEDDING SANTA,,In-Stock: Ships in 5 to 14 days,,,,L: 13in W: 4.50in H: 9.25in,,2,$24.25 ,,,,,2,Ragon400,Ragon160,https://cdn11.bigcommerce.com/s-xvps74vl0m/images/stencil/1280x1280/products/10954/32065/E226656_5__23486.1708440793.jpg?c=1,E226656_5__23486.1708440793.jpg?c=1,,,Ragon800,E226656_5__23486.1708440793.jpg?c=1
,,,,,,,,,,,,,,,,,,,,,,,,
"60"" DARK GREY BRUSHED BLANKET W/ FRINGE",HE195565,"Home|Holiday|Textiles|60"" DARK GREY BRUSHED BLANKET W/ FRINGE","50""L X 60""W, 100% POLYESTER
CARE INSTRUCTIONS: MACHINE WASH COLD. SEPARATE. DO NOT BLEACH. LINE DRY ONLY.",In-Stock: Ships in 5 to 14 days,,,,L: 50in W: 60in,,2,$30.75 ,,,,,2,Ragon400,Ragon160,https://cdn11.bigcommerce.com/s-xvps74vl0m/images/stencil/1280x1280/products/3379/9436/HE195565__50943.1626464096.jpg?c=1,HE195565__50943.1626464096.jpg?c=1,,,Ragon800,HE195565__50943.1626464096.jpg?c=1
,,,,,,,,,,,,,,,,,,,,,,,,
BUDDY'S GINGERBREAD HOUSE ORNAMENT,WS231697,"Home|Holiday|Ornaments, Garland & Tree Toppers|BUDDY'S GINGERBREAD HOUSE ORNAMENT",,Early September,,,,L: 2.50in W: 2.50in H: 2.75in,,12,$4.70 ,,,,,12,Ragon400,Ragon160,https://cdn11.bigcommerce.com/s-xvps74vl0m/images/stencil/1280x1280/products/18167/40470/WS231697_2__20731.1749138689.jpg?c=1,WS231697_2__20731.1749138689.jpg?c=1,,,Ragon800,WS231697_2__20731.1749138689.jpg?c=1
,,,,,,,,,,,,,,,,,,,,,,,,
SNOW COVERED HANGING PINE BOUGH W/ BELL,G228885,Home|Holiday|Bells|SNOW COVERED HANGING PINE BOUGH W/ BELL,,In-Stock: Ships in 5 to 14 days,,,,L: 14in,,6,$8.25 ,,,,,6,Ragon400,Ragon160,https://cdn11.bigcommerce.com/s-xvps74vl0m/images/stencil/1280x1280/products/11476/41417/G228885_2__36720.1749826486.jpg?c=1,G228885_2__36720.1749826486.jpg?c=1,,,Ragon800,G228885_2__36720.1749826486.jpg?c=1
,,,,,,,,,,,,,,,,,,,,,,,,
"10.25"" COPPER LANTERN",E226283,"Home|Sale!|Everyday|10.25"" COPPER LANTERN","HANGING HEIGHT: 11.25""",In-Stock: Ships in 5 to 14 days,,,,L: 4.75in W: 4.75in H: 10.25in,,2,$29.75 ,,,,,2,Ragon400,Ragon160,https://cdn11.bigcommerce.com/s-xvps74vl0m/images/stencil/1280x1280/products/10674/29526/E226283_2__83491.1701963454.jpg?c=1,E226283_2__83491.1701963454.jpg?c=1,,,Ragon800,E226283_2__83491.1701963454.jpg?c=1
,,,,,,,,,,,,,,,,,,,,,,,,
"3"" HUNTER GREEN YARN BALL",HE195630,"Home|Sale!|Holiday|3"" HUNTER GREEN YARN BALL",,In-Stock: Ships in 5 to 14 days,,,,W: 3in,,12,$3.60 ,,,,,12,Ragon400,Ragon160,https://cdn11.bigcommerce.com/s-xvps74vl0m/images/stencil/1280x1280/products/3366/9466/HE195630_3__00537.1649684208.jpg?c=1,HE195630_3__00537.1649684208.jpg?c=1,,,Ragon800,HE195630_3__00537.1649684208.jpg?c=1
,,,,,,,,,,,,,,,,,,,,,,,,
"18"" SQUARE WHITE TARTAN PILLOW",SS211753,"Home|Holiday|Textiles|18"" SQUARE WHITE TARTAN PILLOW",,Projected Summer 2025,,,,L: 18in H: 18in,,2,$21.25 ,,,,,2,Ragon400,Ragon160,https://cdn11.bigcommerce.com/s-xvps74vl0m/images/stencil/1280x1280/products/9686/27358/SS211753_1__80142.1679582899.jpg?c=1,SS211753_1__80142.1679582899.jpg?c=1,,,Ragon800,SS211753_1__80142.1679582899.jpg?c=1
,,,,,,,,,,,,,,,,,,,,,,,,
ORANGE & GREEN PLAID CHARGER,WS221249,Home|Everyday|Kitchen|ORANGE & GREEN PLAID CHARGER,FOOD SAFE. DISHWASHER SAFE. TOP RACK ONLY. NOT FOR MICROWAVE OR OVEN USE.,In-Stock: Ships in 5 to 14 days,,,,L: 12in W: 12in,,4,$5.50 ,,,,,4,Ragon400,Ragon160,https://cdn11.bigcommerce.com/s-xvps74vl0m/images/stencil/1280x1280/products/10586/34017/WS221249_2__98554.1712868595.jpg?c=1,WS221249_2__98554.1712868595.jpg?c=1,,,Ragon800,WS221249_2__98554.1712868595.jpg?c=1
,,,,,,,,,,,,,,,,,,,,,,,,
SET/ 3 CIRCLE FELT BASKETS,E203738,Home|Sale!|Everyday|SET/ 3 CIRCLE FELT BASKETS,"SM: 10""L X 10""W X 12""H
MD: 11""L X 11""W X 13.50""H
LG: 12""L X 12""W X 15""H",In-Stock: Ships in 5 to 14 days,,,,See Details tab,,2,$53.00 ,,,,,2,Ragon400,Ragon160,https://cdn11.bigcommerce.com/s-xvps74vl0m/images/stencil/1280x1280/products/6713/18952/E203738__70644.1651675515.jpg?c=1,E203738__70644.1651675515.jpg?c=1,,,Ragon800,E203738__70644.1651675515.jpg?c=1
,,,,,,,,,,,,,,,,,,,,,,,,
MOOSE IN SLIPPER ORNAMENT,KY239031,"Home|Holiday|Ornaments, Garland & Tree Toppers|MOOSE IN SLIPPER ORNAMENT",,Late August,,,,L: 2.50in W: 5.25in H: 2.75in,,8,$3.85 ,,,,,8,Ragon400,Ragon160,https://cdn11.bigcommerce.com/s-xvps74vl0m/images/stencil/1280x1280/products/16912/40383/KY239031_4__84713.1749068249.jpg?c=1,KY239031_4__84713.1749068249.jpg?c=1,,,Ragon800,KY239031_4__84713.1749068249.jpg?c=1
,,,,,,,,,,,,,,,,,,,,,,,,
6' RIVER PINE GARLAND W/ CONES,G191478,Home|Holiday|Cabin & Lodge|6' RIVER PINE GARLAND W/ CONES,"72""L, PE & MMF",In-Stock: Ships in 5 to 14 days,,,,L: 72in,,2,$45.75 ,,,,,2,Ragon400,Ragon160,https://cdn11.bigcommerce.com/s-xvps74vl0m/images/stencil/1280x1280/products/3598/41365/G191478_2__10776.1749826474.jpg?c=1,G191478_2__10776.1749826474.jpg?c=1,,,Ragon800,G191478_2__10776.1749826474.jpg?c=1
,,,,,,,,,,,,,,,,,,,,,,,,
"20.5"" BLACK HANDLE LANTERN",E226557,"Home|Sale!|Everyday|20.5"" BLACK HANDLE LANTERN","HANGING HEIGHT: 22.5""",In-Stock: Ships in 5 to 14 days,,,,L: 8in W: 8in H: 20.50in,,2,$42.00 ,,,,,2,Ragon400,Ragon160,https://cdn11.bigcommerce.com/s-xvps74vl0m/images/stencil/1280x1280/products/10732/29626/E226557_1__09393.1701963485.jpg?c=1,E226557_1__09393.1701963485.jpg?c=1,,,Ragon800,E226557_1__09393.1701963485.jpg?c=1
,,,,,,,,,,,,,,,,,,,,,,,,
BLACK & WHITE LIGHTED CHURCH ORNAMENT,WS231365,"Home|Holiday|Ornaments, Garland & Tree Toppers|BLACK & WHITE LIGHTED CHURCH ORNAMENT","REQUIRES 3 (AG13/LR44) BATTERY, BATTERIES INCLUDED",Early September,,,,L: 3.50in W: 3in H: 5in,,6,$6.90 ,,,,,6,Ragon400,Ragon160,https://cdn11.bigcommerce.com/s-xvps74vl0m/images/stencil/1280x1280/products/17982/40526/WS231365_2__11986.1749151456.jpg?c=1,WS231365_2__11986.1749151456.jpg?c=1,,,Ragon800,WS231365_2__11986.1749151456.jpg?c=1
,,,,,,,,,,,,,,,,,,,,,,,,
"13.25"" TABLETOP NUTCRACKER",LA237801,"Home|Holiday|Tabletop & Misc.|13.25"" TABLETOP NUTCRACKER",,In-Stock: Ships in 5 to 14 days,,,,L: 3.50in W: 3.50in H: 13.25in,,4,$11.85 ,,,,,4,Ragon400,Ragon160,https://cdn11.bigcommerce.com/s-xvps74vl0m/images/stencil/1280x1280/products/17579/41265/LA237801_2__41503.1749826454.jpg?c=1,LA237801_2__41503.1749826454.jpg?c=1,,,Ragon800,LA237801_2__41503.1749826454.jpg?c=1
,,,,,,,,,,,,,,,,,,,,,,,,
GALVANIZED BIRDHOUSE W/ FLOWERS,ZH238608,Home|Everyday|Spring & Garden|GALVANIZED BIRDHOUSE W/ FLOWERS,"NO CLEAN OUT | HANG HEIGHT 15""",SOLD OUT,,,,L: 8.75in W: 5.25in H: 10in,,,$12.65 ,,,,,,Ragon400,Ragon160,https://cdn11.bigcommerce.com/s-xvps74vl0m/images/stencil/1280x1280/products/16855/37224/ZH238608_4__70622.1733943508.jpg?c=1,ZH238608_4__70622.1733943508.jpg?c=1,,,Ragon800,ZH238608_4__70622.1733943508.jpg?c=1
,,,,,,,,,,,,,,,,,,,,,,,,
STANDING EASEL W/ BOW,FB237308,Home|Everyday|Tabletop & Misc.|STANDING EASEL W/ BOW,"FOLDING|MOVEABLE PEGS
FOLDING",In-Stock: Ships in 5 to 14 days,,,,L: 22in W: 25in H: 64.50in,,2,$24.75 ,,,,,2,Ragon400,Ragon160,https://cdn11.bigcommerce.com/s-xvps74vl0m/images/stencil/1280x1280/products/16027/36911/FB237308_2__22637.1733943422.jpg?c=1,FB237308_2__22637.1733943422.jpg?c=1,,,Ragon800,FB237308_2__22637.1733943422.jpg?c=1
,,,,,,,,,,,,,,,,,,,,,,,,
"10"" FROSTED HOLLY W/ PINECONES HALF BALL",G233612,"Home|Holiday|Greenery, Wreaths & Trees|10"" FROSTED HOLLY W/ PINECONES HALF BALL",,In-Stock: Ships in 5 to 14 days,,,,L: 10in W: 10in H: 7in,,2,$12.40 ,,,,,2,Ragon400,Ragon160,https://cdn11.bigcommerce.com/s-xvps74vl0m/images/stencil/1280x1280/products/17265/41502/G233612_2__05440.1749826506.jpg?c=1,G233612_2__05440.1749826506.jpg?c=1,,,Ragon800,G233612_2__05440.1749826506.jpg?c=1
,,,,,,,,,,,,,,,,,,,,,,,,
"27"" WHITE YARROW SPRAY",G228193,"Home|Everyday|Florals|27"" WHITE YARROW SPRAY",,SOLD OUT,,,,L: 27in,,,$3.05 ,,,,,,Ragon400,Ragon160,https://cdn11.bigcommerce.com/s-xvps74vl0m/images/stencil/1280x1280/products/10110/35560/G228193_2__57750.1733863825.jpg?c=1,G228193_2__57750.1733863825.jpg?c=1,,,Ragon800,G228193_2__57750.1733863825.jpg?c=1
,,,,,,,,,,,,,,,,,,,,,,,,
SET/ 4 RED & WHITE LIGHT BULB ORNAMENTS,WS231529,"Home|Holiday|Ornaments, Garland & Tree Toppers|SET/ 4 RED & WHITE LIGHT BULB ORNAMENTS",,Projected Summer 2025,,,,L: 1.25in W: 1.25in H: 2.75in,,6,$10.45 ,,,,,6,Ragon400,Ragon160,https://cdn11.bigcommerce.com/s-xvps74vl0m/images/stencil/1280x1280/products/18057/40655/WS231529_4__00305.1749157549.jpg?c=1,WS231529_4__00305.1749157549.jpg?c=1,,,Ragon800,WS231529_4__00305.1749157549.jpg?c=1
,,,,,,,,,,,,,,,,,,,,,,,,
6' GINGERBREAD & PEPPERMINT GARLAND,WS231474,"Home|Holiday|Ornaments, Garland & Tree Toppers|6' GINGERBREAD & PEPPERMINT GARLAND",,Early September,,,,L: 72in W: 1.50in H: 1.50in,,6,$12.10 ,,,,,6,Ragon400,Ragon160,https://cdn11.bigcommerce.com/s-xvps74vl0m/images/stencil/1280x1280/products/18024/40541/WS231474_6__05331.1749151720.jpg?c=1,WS231474_6__05331.1749151720.jpg?c=1,,,Ragon800,WS231474_6__05331.1749151720.jpg?c=1
,,,,,,,,,,,,,,,,,,,,,,,,
6' CREAM HOPS GARLAND,G228488,Home|Everyday|Florals|6' CREAM HOPS GARLAND,,In-Stock: Ships in 5 to 14 days,,,,L: 72in,,2,$26.50 ,,,,,2,Ragon400,Ragon160,https://cdn11.bigcommerce.com/s-xvps74vl0m/images/stencil/1280x1280/products/11284/39255/G228488_5__91491.1741202707.jpg?c=1,G228488_5__91491.1741202707.jpg?c=1,,,Ragon800,G228488_5__91491.1741202707.jpg?c=1
,,,,,,,,,,,,,,,,,,,,,,,,
"3"" SALMON RIBBED KUGEL ORNAMENT",SS221775,"Home|Sale!|Holiday|3"" SALMON RIBBED KUGEL ORNAMENT",,In-Stock: Ships in 5 to 14 days,,,,W: 3in,,6,$2.75 ,,,,,6,Ragon400,Ragon160,https://cdn11.bigcommerce.com/s-xvps74vl0m/images/stencil/1280x1280/products/15680/33702/SS221775__02591.1712154111.jpg?c=1,SS221775__02591.1712154111.jpg?c=1,,,Ragon800,SS221775__02591.1712154111.jpg?c=1
,,,,,,,,,,,,,,,,,,,,,,,,
"25"" CREAM ROSE SPRAY",G232980,"Home|Sale!|Everyday|25"" CREAM ROSE SPRAY",,In-Stock: Ships in 5 to 14 days,,,,L: 25in W: 10.50in,,12,$6.35 ,,,,,12,Ragon400,Ragon160,https://cdn11.bigcommerce.com/s-xvps74vl0m/images/stencil/1280x1280/products/16156/34600/G232980_6__42357.1733861275.jpg?c=1,G232980_6__42357.1733861275.jpg?c=1,,,Ragon800,G232980_6__42357.1733861275.jpg?c=1
,,,,,,,,,,,,,,,,,,,,,,,,
"24"" MIXED GREENS & ICY RED BERRY WREATH",G232696,"Home|Holiday|Greenery, Wreaths & Trees|24"" MIXED GREENS & ICY RED BERRY WREATH",RING,In-Stock: Ships in 5 to 14 days,,,,L: 24in W: 4in H: 24in,,2,$42.00 ,,,,,2,Ragon400,Ragon160,https://cdn11.bigcommerce.com/s-xvps74vl0m/images/stencil/1280x1280/products/11338/41431/G232696_1__48453.1749826490.jpg?c=1,G232696_1__48453.1749826490.jpg?c=1,,,Ragon800,G232696_1__48453.1749826490.jpg?c=1
,,,,,,,,,,,,,,,,,,,,,,,,
"10"" SANTA ON THE ROOF DUMMY BOARD",WS218447,"Home|Holiday|Tabletop & Misc.|10"" SANTA ON THE ROOF DUMMY BOARD",,In-Stock: Ships in 5 to 14 days,,,,H: 10in,,4,$6.05 ,,,,,4,Ragon400,Ragon160,https://cdn11.bigcommerce.com/s-xvps74vl0m/images/stencil/1280x1280/products/9631/25754/WS218447_1__03410.1677258252.jpg?c=1,WS218447_1__03410.1677258252.jpg?c=1,,,Ragon800,WS218447_1__03410.1677258252.jpg?c=1
,,,,,,,,,,,,,,,,,,,,,,,,
"16"" LIGHTED WHITE GLASS TREE",WS182160,"Home|Holiday|Tabletop & Misc.|16"" LIGHTED WHITE GLASS TREE","5''W X 15.5''H, GLASS
*REQUIRES 3 AA BATTERIES, NOT INCLUDED",In-Stock: Ships in 5 to 14 days,,,,W: 5in H: 15.50in,,2,$28.25 ,,,,,2,Ragon400,Ragon160,https://cdn11.bigcommerce.com/s-xvps74vl0m/images/stencil/1280x1280/products/5320/11670/WS182160__27787.1666631398.jpg?c=1,WS182160__27787.1666631398.jpg?c=1,,,Ragon800,WS182160__27787.1666631398.jpg?c=1
,,,,,,,,,,,,,,,,,,,,,,,,
"14"" DUSTY GREEN OMBRE LONG STEM BOTTLEBRUSH TREE",WS192426,"Home|Holiday|Bottlebrush|14"" DUSTY GREEN OMBRE LONG STEM BOTTLEBRUSH TREE","5""W X 14""H, SISAL",In-Stock: Ships in 5 to 14 days,,,,W: 5in H: 14in,,2,$13.75 ,,,,,2,Ragon400,Ragon160,https://cdn11.bigcommerce.com/s-xvps74vl0m/images/stencil/1280x1280/products/3143/12278/WS192426__43393.1647962008.jpg?c=1,WS192426__43393.1647962008.jpg?c=1,,,Ragon800,WS192426__43393.1647962008.jpg?c=1
,,,,,,,,,,,,,,,,,,,,,,,,
PINK MACARON ORNAMENT,WS231498,"Home|Holiday|Ornaments, Garland & Tree Toppers|PINK MACARON ORNAMENT",,Projected Summer 2025,,,,L: 2in W: 1.50in H: 2.25in,,12,$3.85 ,,,,,12,Ragon400,Ragon160,https://cdn11.bigcommerce.com/s-xvps74vl0m/images/stencil/1280x1280/products/18042/40446/WS231498_5__35369.1749137835.jpg?c=1,WS231498_5__35369.1749137835.jpg?c=1,,,Ragon800,WS231498_5__35369.1749137835.jpg?c=1
,,,,,,,,,,,,,,,,,,,,,,,,
"32"" IVORY HYDRANGEA SPRAY",G233083,"Home|Sale!|Everyday|32"" IVORY HYDRANGEA SPRAY",,In-Stock: Ships in 5 to 14 days,,,,L: 32in W: 9in,,24,$4.40 ,,,,,24,Ragon400,Ragon160,https://cdn11.bigcommerce.com/s-xvps74vl0m/images/stencil/1280x1280/products/16185/34691/G233083_5__99118.1733861304.jpg?c=1,G233083_5__99118.1733861304.jpg?c=1,,,Ragon800,G233083_5__99118.1733861304.jpg?c=1
,,,,,,,,,,,,,,,,,,,,,,,,
"4"" PINK HUES BOTTLE BRUSH TREES BOX/ 5",WS192541,"Home|Holiday|Bottlebrush|4"" PINK HUES BOTTLE BRUSH TREES BOX/ 5","1.50""W X 4""H",In-Stock: Ships in 3 to 7 days,,,,W: 1.50in H: 4in,,4,$14.85 ,,,,,4,Ragon400,Ragon160,https://cdn11.bigcommerce.com/s-xvps74vl0m/images/stencil/1280x1280/products/3104/12386/WS192541_8__76046.1626464893.jpg?c=1,WS192541_8__76046.1626464893.jpg?c=1,,,Ragon800,WS192541_8__76046.1626464893.jpg?c=1
,,,,,,,,,,,,,,,,,,,,,,,,
"20"" WHITE DAISY & RED HEATHER WREATH",G219348,"Home|Everyday|Florals|20"" WHITE DAISY & RED HEATHER WREATH",,SOLD OUT,,,,L: 20in H: 20in,,,$28.25 ,,,,,,Ragon400,Ragon160,https://cdn11.bigcommerce.com/s-xvps74vl0m/images/stencil/1280x1280/products/8422/35848/G219348_3__42277.1733863905.jpg?c=1,G219348_3__42277.1733863905.jpg?c=1,,,Ragon800,G219348_3__42277.1733863905.jpg?c=1
,,,,,,,,,,,,,,,,,,,,,,,,
"11.25"" METAL EGG HOLDER",HY238064,"Home|Sale!|Everyday|11.25"" METAL EGG HOLDER","HOLDS 14- 2"" EGGS",In-Stock: Ships in 5 to 14 days,,,,L: 7.25in W: 7.25in H: 11.25in,,2,$17.35 ,,,,,2,Ragon400,Ragon160,https://cdn11.bigcommerce.com/s-xvps74vl0m/images/stencil/1280x1280/products/16383/36953/HY238064_5__06820.1733943433.jpg?c=1,HY238064_5__06820.1733943433.jpg?c=1,,,Ragon800,HY238064_5__06820.1733943433.jpg?c=1
,,,,,,,,,,,,,,,,,,,,,,,,
RUSSET VELVET BELSNICKLE ORNAMENT,WS221358,"Home|Holiday|Ornaments, Garland & Tree Toppers|RUSSET VELVET BELSNICKLE ORNAMENT",,Projected Summer 2025,,,,L: 2.25in W: 2in H: 5.75in,,6,$8.25 ,,,,,6,Ragon400,Ragon160,https://cdn11.bigcommerce.com/s-xvps74vl0m/images/stencil/1280x1280/products/12193/32951/WS221358_1__73019.1710521303.jpg?c=1,WS221358_1__73019.1710521303.jpg?c=1,,,Ragon800,WS221358_1__73019.1710521303.jpg?c=1
,,,,,,,,,,,,,,,,,,,,,,,,
DEEP IN THE FOREST JOURNAL ORNAMENT,L238747,"Home|Holiday|Ornaments, Garland & Tree Toppers|DEEP IN THE FOREST JOURNAL ORNAMENT",RIBBON HANGER,Projected Summer 2025,,,,L: 3in W: 0.75in H: 4in,,8,$4.70 ,,,,,8,Ragon400,Ragon160,https://cdn11.bigcommerce.com/s-xvps74vl0m/images/stencil/1280x1280/products/18308/40413/L238747_1__04168.1749134992.jpg?c=1,L238747_1__04168.1749134992.jpg?c=1,,,Ragon800,L238747_1__04168.1749134992.jpg?c=1
,,,,,,,,,,,,,,,,,,,,,,,,
LAUNDRY SORTING LIFE'S PROBLEMS BRACKET SIGN,E193231,Home|Sale!|Everyday|LAUNDRY SORTING LIFE'S PROBLEMS BRACKET SIGN,,In-Stock: Ships in 5 to 14 days,,,,L: 23.50in W: 2.25in H: 27.50in,,2,$45.75 ,,,,,2,Ragon400,Ragon160,https://cdn11.bigcommerce.com/s-xvps74vl0m/images/stencil/1280x1280/products/5486/12719/E193231_3_2ano-xo_1__86293.1631898439.jpg?c=1,E193231_3_2ano-xo_1__86293.1631898439.jpg?c=1,,,Ragon800,E193231_3_2ano-xo_1__86293.1631898439.jpg?c=1
,,,,,,,,,,,,,,,,,,,,,,,,
"5"" CREAM 3D FLAME SMOOTH TREE CANDLE",NY236674,"Home|Flameless Candles|5"" CREAM 3D FLAME SMOOTH TREE CANDLE","6 HR TIMER | ON/OFF BUTTON
REQUIRES 2(AAA) BATTERIES, BATTERIES NOT INCLUDED.",In-Stock: Ships in 5 to 14 days,,,,L: 3in W: 3in H: 5in,,6,$5.25 ,,,,,6,Ragon400,Ragon160,https://cdn11.bigcommerce.com/s-xvps74vl0m/images/stencil/1280x1280/products/17664/40262/NY236674_3__40687.1748890876.jpg?c=1,NY236674_3__40687.1748890876.jpg?c=1,,,Ragon800,NY236674_3__40687.1748890876.jpg?c=1
,,,,,,,,,,,,,,,,,,,,,,,,
"36"" STANDING SPRING ROOSTER",H237598,"Home|Everyday|Easter & Spring|36"" STANDING SPRING ROOSTER",,In-Stock: Ships in 5 to 14 days,,,,L: 26in W: 0.50in H: 36in,,1,$90.25 ,,,,,1,Ragon400,Ragon160,https://cdn11.bigcommerce.com/s-xvps74vl0m/images/stencil/1280x1280/products/16369/40684/H237598_3__08761.1749661985.jpg?c=1,H237598_3__08761.1749661985.jpg?c=1,,,Ragon800,H237598_3__08761.1749661985.jpg?c=1
,,,,,,,,,,,,,,,,,,,,,,,,
"6.5"" BROWN RETRO DEER",WS227521,"Home|Holiday|Cabin & Lodge|6.5"" BROWN RETRO DEER",,In-Stock: Ships in 5 to 14 days,,,,L: 4.25in W: 3in H: 6.50in,,4,$12.65 ,,,,,4,Ragon400,Ragon160,https://cdn11.bigcommerce.com/s-xvps74vl0m/images/stencil/1280x1280/products/12431/33141/WS227521_4__94276.1711051087.jpg?c=1,WS227521_4__94276.1711051087.jpg?c=1,,,Ragon800,WS227521_4__94276.1711051087.jpg?c=1
,,,,,,,,,,,,,,,,,,,,,,,,
SET/ 2 - 3D FLAME GREEN TEALIGHT CANDLES,NY236552,Home|Flameless Candles|SET/ 2 - 3D FLAME GREEN TEALIGHT CANDLES,"6 HR TIMER | ON/OFF BUTTON
REQUIRES 1 (CR2032) BATTERY, BATTERY INCLUDED.",Projected Summer 2025,,,,L: 1.75in W: 1.75in H: 1in,,8,$7.15 ,,,,,8,Ragon400,Ragon160,https://cdn11.bigcommerce.com/s-xvps74vl0m/images/stencil/1280x1280/products/16645/37049/NY236552_3__78928.1733943460.jpg?c=1,NY236552_3__78928.1733943460.jpg?c=1,,,Ragon800,NY236552_3__78928.1733943460.jpg?c=1
,,,,,,,,,,,,,,,,,,,,,,,,
"10.5"" SNOWMAN W/ GOLD HAT",WS221133,"Home|Holiday|Snowmen, Santas & Angels|10.5"" SNOWMAN W/ GOLD HAT",,In-Stock: Ships in 5 to 14 days,,,,L: 4.25in W: 4.25in H: 10.50in,,3,$20.50 ,,,,,3,Ragon400,Ragon160,https://cdn11.bigcommerce.com/s-xvps74vl0m/images/stencil/1280x1280/products/12030/32262/WS221133_4__57234.1708440860.jpg?c=1,WS221133_4__57234.1708440860.jpg?c=1,,,Ragon800,WS221133_4__57234.1708440860.jpg?c=1
,,,,,,,,,,,,,,,,,,,,,,,,
"9"" GOLD SLEIGH BELL",ZH213524,"Home|Holiday|Bells|9"" GOLD SLEIGH BELL",,SOLD OUT,,,,L: 9in W: 9in,,,$22.00 ,,,,,,Ragon400,Ragon160,https://cdn11.bigcommerce.com/s-xvps74vl0m/images/stencil/1280x1280/products/9570/27266/ZH213524_5__42308.1679582871.jpg?c=1,ZH213524_5__42308.1679582871.jpg?c=1,,,Ragon800,ZH213524_5__42308.1679582871.jpg?c=1
,,,,,,,,,,,,,,,,,,,,,,,,
"8.5"" MERRY CHRISTMAS ORNAMENT",FB237359,"Home|Holiday|Ornaments, Garland & Tree Toppers|8.5"" MERRY CHRISTMAS ORNAMENT",,In-Stock: Ships in 5 to 14 days,,,,L: 8.50in W: 0.50in H: 6in,,12,$4.40 ,,,,,12,Ragon400,Ragon160,https://cdn11.bigcommerce.com/s-xvps74vl0m/images/stencil/1280x1280/products/17149/41353/FB237359_1__11188.1749826471.jpg?c=1,FB237359_1__11188.1749826471.jpg?c=1,,,Ragon800,FB237359_1__11188.1749826471.jpg?c=1
,,,,,,,,,,,,,,,,,,,,,,,,
"4.75"" SANTA HEAD ORNAMENT",WS192166,"Home|Holiday|Ornaments, Garland & Tree Toppers|4.75"" SANTA HEAD ORNAMENT","2.75""L X 2.25""W X 4.75""H, GLASS",Early September,,,,L: 2.75in W: 2.25in H: 4.75in,,6,$4.95 ,,,,,6,Ragon400,Ragon160,https://cdn11.bigcommerce.com/s-xvps74vl0m/images/stencil/1280x1280/products/3214/12124/WS192166_2__98208.1626464813.jpg?c=1,WS192166_2__98208.1626464813.jpg?c=1,,,Ragon800,WS192166_2__98208.1626464813.jpg?c=1
,,,,,,,,,,,,,,,,,,,,,,,,
KATHY HOOK,MH197288,"Home|Everyday|Lanterns, Lights & Hooks|KATHY HOOK","4""L X 16.25""W X 9.25""H, METAL",SOLD OUT,,,,L: 4in W: 16.25in H: 9.25in,,,$9.95 ,,,,,,Ragon400,Ragon160,https://cdn11.bigcommerce.com/s-xvps74vl0m/images/stencil/1280x1280/products/3835/10462/MH197288_v6s8-19__59621.1626464384.jpg?c=1,MH197288_v6s8-19__59621.1626464384.jpg?c=1,,,Ragon800,MH197288_v6s8-19__59621.1626464384.jpg?c=1
,,,,,,,,,,,,,,,,,,,,,,,,
"15"" TRIANGLE TREE",FB225258,"Home|Holiday|Tabletop & Misc.|15"" TRIANGLE TREE",,In-Stock: Ships in 5 to 14 days,,,,L: 8.50in W: 3.75in H: 15in,,4,$14.85 ,,,,,4,Ragon400,Ragon160,https://cdn11.bigcommerce.com/s-xvps74vl0m/images/stencil/1280x1280/products/10986/32069/FB225258_1__94644.1708440794.jpg?c=1,FB225258_1__94644.1708440794.jpg?c=1,,,Ragon800,FB225258_1__94644.1708440794.jpg?c=1
,,,,,,,,,,,,,,,,,,,,,,,,
"11"" CITRENE GREEN LONG STEM BOTTLEBRUSH TREE",WS182310,"Home|Holiday|Bottlebrush|11"" CITRENE GREEN LONG STEM BOTTLEBRUSH TREE","3''W X 11''H, BOTTLEBRUSH",In-Stock: Ships in 5 to 14 days,,,,W: 3in H: 11in,,12,$8.25 ,,,,,12,Ragon400,Ragon160,https://cdn11.bigcommerce.com/s-xvps74vl0m/images/stencil/1280x1280/products/5373/27906/WS182310_1__17025.1685737384.jpg?c=1,WS182310_1__17025.1685737384.jpg?c=1,,,Ragon800,WS182310_1__17025.1685737384.jpg?c=1
,,,,,,,,,,,,,,,,,,,,,,,,
MAMA'S BOY SIGN,E217836,Home|Sale!|Everyday|MAMA'S BOY SIGN,"6.50""L X 4""W X 9""H, METAL",In-Stock: Ships in 5 to 14 days,,,,L: 6in W: 2.50in H: 6.75in,,4,$9.85 ,,,,,4,Ragon400,Ragon160,https://cdn11.bigcommerce.com/s-xvps74vl0m/images/stencil/1280x1280/products/4814/31883/E217836_2__57716.1707317527.jpg?c=1,E217836_2__57716.1707317527.jpg?c=1,,,Ragon800,E217836_2__57716.1707317527.jpg?c=1
,,,,,,,,,,,,,,,,,,,,,,,,
"33"" CREAM MINI FLOWER & BOXWOOD HANGING BUSH",G232953,"Home|Everyday|Florals|33"" CREAM MINI FLOWER & BOXWOOD HANGING BUSH",,SOLD OUT,,,,L: 33in W: 6in,,,$6.50 ,,,,,,Ragon400,Ragon160,https://cdn11.bigcommerce.com/s-xvps74vl0m/images/stencil/1280x1280/products/16147/37306/G232953_10__39630.1735938455.jpg?c=1,G232953_10__39630.1735938455.jpg?c=1,,,Ragon800,G232953_10__39630.1735938455.jpg?c=1
,,,,,,,,,,,,,,,,,,,,,,,,
"22"" TAN MINI MONTEREY CYPRESS WREATH W/ BLACK VELVET BOW",G233600,"Home|Holiday|Greenery, Wreaths & Trees|22"" TAN MINI MONTEREY CYPRESS WREATH W/ BLACK VELVET BOW",,SOLD OUT,,,,L: 18in H: 22in,,,$32.00 ,,,,,,Ragon400,Ragon160,https://cdn11.bigcommerce.com/s-xvps74vl0m/images/stencil/1280x1280/products/16329/41497/G233600_2__73627.1749826505.jpg?c=1,G233600_2__73627.1749826505.jpg?c=1,,,Ragon800,G233600_2__73627.1749826505.jpg?c=1
,,,,,,,,,,,,,,,,,,,,,,,,
"16"" BLACK HANDLE LANTERN",E226556,"Home|Everyday|Lanterns, Lights & Hooks|16"" BLACK HANDLE LANTERN","HANGING HEIGHT: 18""",In-Stock: Ships in 5 to 14 days,,,,L: 6in W: 6in H: 16in,,3,$28.75 ,,,,,3,Ragon400,Ragon160,https://cdn11.bigcommerce.com/s-xvps74vl0m/images/stencil/1280x1280/products/10731/33871/E226556_1__10985.1712868547.jpg?c=1,E226556_1__10985.1712868547.jpg?c=1,,,Ragon800,E226556_1__10985.1712868547.jpg?c=1
,,,,,,,,,,,,,,,,,,,,,,,,
"35"" BLUE BERRIES SPRAY",G232762,"Home|Holiday|Greenery, Wreaths & Trees|35"" BLUE BERRIES SPRAY",,In-Stock: Ships in 5 to 14 days,,,,L: 35in W: 5.50in,,12,$6.05 ,,,,,12,Ragon400,Ragon160,https://cdn11.bigcommerce.com/s-xvps74vl0m/images/stencil/1280x1280/products/11129/41040/G232762_4__96859.1749826412.jpg?c=1,G232762_4__96859.1749826412.jpg?c=1,,,Ragon800,G232762_4__96859.1749826412.jpg?c=1
,,,,,,,,,,,,,,,,,,,,,,,,
"20"" YELLOW CHICKS DUMMY BOARD",WS221089,"Home|Everyday|Easter & Spring|20"" YELLOW CHICKS DUMMY BOARD",,In-Stock: Ships in 5 to 14 days,,,,L: 20in,,4,$15.40 ,,,,,4,Ragon400,Ragon160,https://cdn11.bigcommerce.com/s-xvps74vl0m/images/stencil/1280x1280/products/10566/33997/WS221089_3__63220.1712868588.jpg?c=1,WS221089_3__63220.1712868588.jpg?c=1,,,Ragon800,WS221089_3__63220.1712868588.jpg?c=1
,,,,,,,,,,,,,,,,,,,,,,,,
"10"" CREAM & BLACK MOTH",FB225408,"Home|Sale!|Everyday|10"" CREAM & BLACK MOTH",2 SAWTOOTH HANGER & TWINE HANGER,In-Stock: Ships in 5 to 14 days,,,,L: 10in W: 0.25in H: 5.50in,,6,$7.45 ,,,,,6,Ragon400,Ragon160,https://cdn11.bigcommerce.com/s-xvps74vl0m/images/stencil/1280x1280/products/10816/33369/FB225408_2__29224.1711115392.jpg?c=1,FB225408_2__29224.1711115392.jpg?c=1,,,Ragon800,FB225408_2__29224.1711115392.jpg?c=1
,,,,,,,,,,,,,,,,,,,,,,,,
FROSTY PRINT W/ WOOD FRAME,BF224474,Home|Sale!|Holiday|FROSTY PRINT W/ WOOD FRAME,2 SAWTOOTH HANGERS,In-Stock: Ships in 5 to 14 days,,,,L: 15.75in W: 1in H: 15.75in,,4,$14.85 ,,,,,4,Ragon400,Ragon160,https://cdn11.bigcommerce.com/s-xvps74vl0m/images/stencil/1280x1280/products/10856/33312/BF224474_2__74989.1711115375.jpg?c=1,BF224474_2__74989.1711115375.jpg?c=1,,,Ragon800,BF224474_2__74989.1711115375.jpg?c=1
,,,,,,,,,,,,,,,,,,,,,,,,
"14"" BLACK PAINTED PILLAR CANDLE STAND",E226323,"Home|Everyday|Candle Holders|14"" BLACK PAINTED PILLAR CANDLE STAND",,In-Stock: Ships in 5 to 14 days,,,,L: 4in W: 4in H: 14in,,2,$22.00 ,,,,,2,Ragon400,Ragon160,https://cdn11.bigcommerce.com/s-xvps74vl0m/images/stencil/1280x1280/products/10697/32434/E226323_5__25901.1708964190.jpg?c=1,E226323_5__25901.1708964190.jpg?c=1,,,Ragon800,E226323_5__25901.1708964190.jpg?c=1
,,,,,,,,,,,,,,,,,,,,,,,,
"3"" TURQUOISE PINECONE KUGEL ORNAMENT",SS211938,"Home|Holiday|Ornaments, Garland & Tree Toppers|3"" TURQUOISE PINECONE KUGEL ORNAMENT",,In-Stock: Ships in 5 to 14 days,,,,L: 3in,,6,$2.75 ,,,,,6,Ragon400,Ragon160,https://cdn11.bigcommerce.com/s-xvps74vl0m/images/stencil/1280x1280/products/9741/28360/SS211938_2__46103.1692904109.jpg?c=1,SS211938_2__46103.1692904109.jpg?c=1,,,Ragon800,SS211938_2__46103.1692904109.jpg?c=1
,,,,,,,,,,,,,,,,,,,,,,,,
"18"" WOOD SHELF WITH WALL HOOKS",E217278,"Home|Sale!|Everyday|18"" WOOD SHELF WITH WALL HOOKS",,In-Stock: Ships in 5 to 14 days,,,,L: 18in W: 6in H: 5.50in,,4,$32.00 ,,,,,4,Ragon400,Ragon160,https://cdn11.bigcommerce.com/s-xvps74vl0m/images/stencil/1280x1280/products/8227/24259/E217278_2__94210.1677257774.jpg?c=1,E217278_2__94210.1677257774.jpg?c=1,,,Ragon800,E217278_2__94210.1677257774.jpg?c=1
,,,,,,,,,,,,,,,,,,,,,,,,
"35.75"" CHEERFUL SNOWMAN METAL DUMMY BOARD",H237636,"Home|Holiday|Tabletop & Misc.|35.75"" CHEERFUL SNOWMAN METAL DUMMY BOARD",,In-Stock: Ships in 5 to 14 days,,,,L: 21.75in W: 0.75in H: 35.75in,,1,$53.00 ,,,,,1,Ragon400,Ragon160,https://cdn11.bigcommerce.com/s-xvps74vl0m/images/stencil/1280x1280/products/17423/41565/H237636_1__94997.1749826520.jpg?c=1,H237636_1__94997.1749826520.jpg?c=1,,,Ragon800,H237636_1__94997.1749826520.jpg?c=1
,,,,,,,,,,,,,,,,,,,,,,,,
"21"" EUCALYPTUS & GREEN SEED PICK",G181100,"Home|Everyday|Florals|21"" EUCALYPTUS & GREEN SEED PICK",,SOLD OUT,,,,L: 21in,,,$4.15 ,,,,,,Ragon400,Ragon160,https://cdn11.bigcommerce.com/s-xvps74vl0m/images/stencil/1280x1280/products/4893/35789/G181100_3__80186.1733863889.jpg?c=1,G181100_3__80186.1733863889.jpg?c=1,,,Ragon800,G181100_3__80186.1733863889.jpg?c=1
,,,,,,,,,,,,,,,,,,,,,,,,
"18"" FLORAL STAMPED METAL TREE",FB225347,"Home|Holiday|Tabletop & Misc.|18"" FLORAL STAMPED METAL TREE",,In-Stock: Ships in 5 to 14 days,,,,L: 5.75in W: 4.75in H: 18in,,4,$14.85 ,,,,,4,Ragon400,Ragon160,https://cdn11.bigcommerce.com/s-xvps74vl0m/images/stencil/1280x1280/products/11005/32503/FB225347_1__57642.1709219671.jpg?c=1,FB225347_1__57642.1709219671.jpg?c=1,,,Ragon800,FB225347_1__57642.1709219671.jpg?c=1
,,,,,,,,,,,,,,,,,,,,,,,,
"23.5"" LIGHT BLUE POM POM BUNDLE",HZ238863,"Home|Sale!|Everyday|23.5"" LIGHT BLUE POM POM BUNDLE",,In-Stock: Ships in 5 to 14 days,,,,L: 23.50in W: 6in,,12,$6.60 ,,,,,12,Ragon400,Ragon160,https://cdn11.bigcommerce.com/s-xvps74vl0m/images/stencil/1280x1280/products/16441/34846/HZ238863_1__36190.1733861347.jpg?c=1,HZ238863_1__36190.1733861347.jpg?c=1,,,Ragon800,HZ238863_1__36190.1733861347.jpg?c=1
,,,,,,,,,,,,,,,,,,,,,,,,
"SET/ 2 - 9.5"" MOVING FLAME BEIGE TAPER CANDLE",NY229025,"Home|Flameless Candles|SET/ 2 - 9.5"" MOVING FLAME BEIGE TAPER CANDLE","6 HR TIMER | ON/OFF BUTTON
REQUIRES 2 (AAA) BATTERIES, BATTERIES NOT INCLUDED.",In-Stock: Ships in 5 to 14 days,,,,L: 0.75in W: 0.75in H: 9.50in,,12,$10.45 ,,,,,12,Ragon400,Ragon160,https://cdn11.bigcommerce.com/s-xvps74vl0m/images/stencil/1280x1280/products/10396/29138/NY229025_3__57964.1701887392.jpg?c=1,NY229025_3__57964.1701887392.jpg?c=1,,,Ragon800,NY229025_3__57964.1701887392.jpg?c=1
,,,,,,,,,,,,,,,,,,,,,,,,
"36"" SANTA W/ CHILDREN DUMMY BOARD",WS221073,"Home|Sale!|Holiday|36"" SANTA W/ CHILDREN DUMMY BOARD",,In-Stock: Ships in 5 to 14 days,,,,H: 36in,,2,$37.50 ,,,,,2,Ragon400,Ragon160,https://cdn11.bigcommerce.com/s-xvps74vl0m/images/stencil/1280x1280/products/11991/33149/WS221073_2__10066.1711076402.jpg?c=1,WS221073_2__10066.1711076402.jpg?c=1,,,Ragon800,WS221073_2__10066.1711076402.jpg?c=1
,,,,,,,,,,,,,,,,,,,,,,,,
"6"" SMALL LOG CABIN",SW147252,"Home|Holiday|Cabin & Lodge|6"" SMALL LOG CABIN","6""L X 4.25""W X 6""H, CRAFT BOARD
*BATTERY OPERATED - REQUIRES 3 LR44 BUTTON CELL BATTERIES",In-Stock: Ships in 5 to 14 days,,,,L: 6in W: 4.25in H: 6in,,2,$15.35 ,,,,,2,Ragon400,Ragon160,https://cdn11.bigcommerce.com/s-xvps74vl0m/images/stencil/1280x1280/products/3042/11247/SW147252__95042.1626464563.jpg?c=1,SW147252__95042.1626464563.jpg?c=1,,,Ragon800,SW147252__95042.1626464563.jpg?c=1
,,,,,,,,,,,,,,,,,,,,,,,,
BLACK STRIPE ROPE ORNAMENT,E203505,"Home|Holiday|Ornaments, Garland & Tree Toppers|BLACK STRIPE ROPE ORNAMENT","HANGING HEIGHT 7""",In-Stock: Ships in 5 to 14 days,,,,W: 4in,,20,$3.85 ,,,,,20,Ragon400,Ragon160,https://cdn11.bigcommerce.com/s-xvps74vl0m/images/stencil/1280x1280/products/6651/20626/E203505_2__75287.1666619769.jpg?c=1,E203505_2__75287.1666619769.jpg?c=1,,,Ragon800,E203505_2__75287.1666619769.jpg?c=1
,,,,,,,,,,,,,,,,,,,,,,,,
"26"" HANGING BELLS",ZH197748,"Home|Holiday|Bells|26"" HANGING BELLS","3""W X 26""H",In-Stock: Ships in 5 to 14 days,,,,W: 3in H: 26in,,6,$15.35 ,,,,,6,Ragon400,Ragon160,https://cdn11.bigcommerce.com/s-xvps74vl0m/images/stencil/1280x1280/products/5502/28488/ZH197748_4__56591.1699292911.jpg?c=1,ZH197748_4__56591.1699292911.jpg?c=1,,,Ragon800,ZH197748_4__56591.1699292911.jpg?c=1
,,,,,,,,,,,,,,,,,,,,,,,,
MERRY CHRISTMAS SNOWMAN ORNAMENT,WS231608,"Home|Holiday|Ornaments, Garland & Tree Toppers|MERRY CHRISTMAS SNOWMAN ORNAMENT",,Projected Summer 2025,,,,L: 4in W: 1in H: 5.50in,,6,$4.40 ,,,,,6,Ragon400,Ragon160,https://cdn11.bigcommerce.com/s-xvps74vl0m/images/stencil/1280x1280/products/18104/40342/WS231608_2__05815.1748895990.jpg?c=1,WS231608_2__05815.1748895990.jpg?c=1,,,Ragon800,WS231608_2__05815.1748895990.jpg?c=1
,,,,,,,,,,,,,,,,,,,,,,,,
"28"" x 18"" SNOWY CHRISTMAS VILLAGE PRINT",RH239761,"Home|Holiday|Signs|28"" x 18"" SNOWY CHRISTMAS VILLAGE PRINT",,Projected Summer 2025,,,,L: 28in H: 18in,,2,$28.75 ,,,,,2,Ragon400,Ragon160,https://cdn11.bigcommerce.com/s-xvps74vl0m/images/stencil/1280x1280/products/18360/40108/RH239761_1__05388.1747945602.jpg?c=1,RH239761_1__05388.1747945602.jpg?c=1,,,Ragon800,RH239761_1__05388.1747945602.jpg?c=1
,,,,,,,,,,,,,,,,,,,,,,,,
"3"" MARBLE CEMENT COLUMN 3D FLAME CANDLE",NY236515,"Home|Flameless Candles|3"" MARBLE CEMENT COLUMN 3D FLAME CANDLE","6 HR TIMER | ON/OFF BUTTON
REQUIRES 2 (AAA) BATTERIES, BATTERIES NOT INCLUDED.",In-Stock: Ships in 5 to 14 days,,,,L: 3in W: 3in H: 3.75in,,4,$6.35 ,,,,,4,Ragon400,Ragon160,https://cdn11.bigcommerce.com/s-xvps74vl0m/images/stencil/1280x1280/products/16628/36380/NY236515_1__19603.1733943285.jpg?c=1,NY236515_1__19603.1733943285.jpg?c=1,,,Ragon800,NY236515_1__19603.1733943285.jpg?c=1
,,,,,,,,,,,,,,,,,,,,,,,,
"7"" EUCALYPTUS TAPER CANDLE RING",G233191,"Home|Everyday|Florals|7"" EUCALYPTUS TAPER CANDLE RING","INNER: 1""",In-Stock: Ships in 5 to 14 days,,,,L: 7in W: 3in,,12,$4.70 ,,,,,12,Ragon400,Ragon160,https://cdn11.bigcommerce.com/s-xvps74vl0m/images/stencil/1280x1280/products/16215/34796/G233191_4__06760.1733861332.jpg?c=1,G233191_4__06760.1733861332.jpg?c=1,,,Ragon800,G233191_4__06760.1733861332.jpg?c=1
,,,,,,,,,,,,,,,,,,,,,,,,
"20"" GLITTERED PINE W/ FERN SPRAY",G233273,"Home|Holiday|Greenery, Wreaths & Trees|20"" GLITTERED PINE W/ FERN SPRAY",,In-Stock: Ships in 5 to 14 days,,,,L: 20in W: 10in,,12,$4.15 ,,,,,12,Ragon400,Ragon160,https://cdn11.bigcommerce.com/s-xvps74vl0m/images/stencil/1280x1280/products/17191/41049/G233273_3__45682.1749826413.jpg?c=1,G233273_3__45682.1749826413.jpg?c=1,,,Ragon800,G233273_3__45682.1749826413.jpg?c=1
,,,,,,,,,,,,,,,,,,,,,,,,
"3"" BRONZE GLASS TAPER CANDLE HOLDER",NY236530,"Home|Flameless Candles|3"" BRONZE GLASS TAPER CANDLE HOLDER",,In-Stock: Ships in 3 to 7 days,,,,L: 3in W: 3in H: 3in,,4,$11.85 ,,,,,4,Ragon400,Ragon160,https://cdn11.bigcommerce.com/s-xvps74vl0m/images/stencil/1280x1280/products/16634/36396/NY236530_3__00370.1733943288.jpg?c=1,NY236530_3__00370.1733943288.jpg?c=1,,,Ragon800,NY236530_3__00370.1733943288.jpg?c=1
,,,,,,,,,,,,,,,,,,,,,,,,
SET/ 3 JOY & LAUGHTER METAL BUCKETS,E234637,Home|Holiday|Tabletop & Misc.|SET/ 3 JOY & LAUGHTER METAL BUCKETS,"SM: 5""L X 5""W X 9""H
MD: 6.5""L X 6.5""W X 11""H
LG: 8""L X 8""W X 12.5""H",In-Stock: Ships in 5 to 14 days,,,,See Details tab,,2,$37.50 ,,,,,2,Ragon400,Ragon160,https://cdn11.bigcommerce.com/s-xvps74vl0m/images/stencil/1280x1280/products/17115/40357/E234637_5__27808.1749063168.jpg?c=1,E234637_5__27808.1749063168.jpg?c=1,,,Ragon800,E234637_5__27808.1749063168.jpg?c=1
,,,,,,,,,,,,,,,,,,,,,,,,
"11"" RED 3 WICK 3D FLAME CANDLE",NY236651,"Home|Flameless Candles|11"" RED 3 WICK 3D FLAME CANDLE","6 HR TIMER | ON/OFF BUTTON
REQUIRES 3 (AA) BATTERIES, BATTERIES NOT INCLUDED.",Projected Summer 2025,,,,L: 6in W: 6in H: 11in,,2,$26.50 ,,,,,2,Ragon400,Ragon160,https://cdn11.bigcommerce.com/s-xvps74vl0m/images/stencil/1280x1280/products/18260/41586/NY236651_1__33248.1749826524.jpg?c=1,NY236651_1__33248.1749826524.jpg?c=1,,,Ragon800,NY236651_1__33248.1749826524.jpg?c=1
,,,,,,,,,,,,,,,,,,,,,,,,
GOLD & WHITE SANTA SIGN,FB225320,Home|Holiday|Signs|GOLD & WHITE SANTA SIGN,,In-Stock: Ships in 5 to 14 days,,,,L: 18.50in W: 2in H: 23.25in,,4,$26.50 ,,,,,4,Ragon400,Ragon160,https://cdn11.bigcommerce.com/s-xvps74vl0m/images/stencil/1280x1280/products/10997/32078/FB225320_5__63179.1708440797.jpg?c=1,FB225320_5__63179.1708440797.jpg?c=1,,,Ragon800,FB225320_5__63179.1708440797.jpg?c=1
,,,,,,,,,,,,,,,,,,,,,,,,
"8"" BLACK, WHITE & RED BOTANIC BOX",E183234,"Home|Holiday|Tabletop & Misc.|8"" BLACK, WHITE & RED BOTANIC BOX","5''L X 5''W X 8''H, WOOD",In-Stock: Ships in 5 to 14 days,,,,L: 5in W: 5in H: 8in,,8,$10.95 ,,,,,8,Ragon400,Ragon160,https://cdn11.bigcommerce.com/s-xvps74vl0m/images/stencil/1280x1280/products/5160/7174/E183234__71022.1626460400.jpg?c=1,E183234__71022.1626460400.jpg?c=1,,,Ragon800,E183234__71022.1626460400.jpg?c=1
,,,,,,,,,,,,,,,,,,,,,,,,
"35.75"" SNOWMAN W/ HOLLY METAL DUMMY BOARD",H237635,"Home|Holiday|Tabletop & Misc.|35.75"" SNOWMAN W/ HOLLY METAL DUMMY BOARD",,In-Stock: Ships in 5 to 14 days,,,,L: 24.50in W: 0.75in H: 35.75in,,1,$57.25 ,,,,,1,Ragon400,Ragon160,https://cdn11.bigcommerce.com/s-xvps74vl0m/images/stencil/1280x1280/products/17422/41721/H237635_1__88161.1749839979.jpg?c=1,H237635_1__88161.1749839979.jpg?c=1,,,Ragon800,H237635_1__88161.1749839979.jpg?c=1
,,,,,,,,,,,,,,,,,,,,,,,,
"32.75"" FRAMED LANDSCAPE PRINT",H223289,"Home|Sale!|Everyday|32.75"" FRAMED LANDSCAPE PRINT",,In-Stock: Ships in 5 to 14 days,,,,L: 32.75in W: 2.50in H: 24.75in,,1,$145.25 ,,,,,1,Ragon400,Ragon160,https://cdn11.bigcommerce.com/s-xvps74vl0m/images/stencil/1280x1280/products/12693/30538/H223289__21406.1705425918.jpg?c=1,H223289__21406.1705425918.jpg?c=1,,,Ragon800,H223289__21406.1705425918.jpg?c=1
,,,,,,,,,,,,,,,,,,,,,,,,
"2.25"" WHITE CEMENT GRID 3D FLAME CANDLE",NY236499,"Home|Flameless Candles|2.25"" WHITE CEMENT GRID 3D FLAME CANDLE","6 HR TIMER | ON/OFF BUTTON
REQUIRES 2 (AA) BATTERIES, BATTERIES NOT INCLUDED.",In-Stock: Ships in 5 to 14 days,,,,L: 4in W: 4in H: 2.75in,,4,$6.35 ,,,,,4,Ragon400,Ragon160,https://cdn11.bigcommerce.com/s-xvps74vl0m/images/stencil/1280x1280/products/16621/36360/NY236499_6__45299.1733943281.jpg?c=1,NY236499_6__45299.1733943281.jpg?c=1,,,Ragon800,NY236499_6__45299.1733943281.jpg?c=1
,,,,,,,,,,,,,,,,,,,,,,,,
"7"" FAWNS AND HOW TO CARE FOR THEM JOURNAL",L238725,"Home|Holiday|Tabletop & Misc.|7"" FAWNS AND HOW TO CARE FOR THEM JOURNAL",,Projected Summer 2025,,,,L: 4in W: 1.50in H: 7in,,2,$13.75 ,,,,,2,Ragon400,Ragon160,https://cdn11.bigcommerce.com/s-xvps74vl0m/images/stencil/1280x1280/products/16533/40133/L238725_1__75603.1747947691.jpg?c=1,L238725_1__75603.1747947691.jpg?c=1,,,Ragon800,L238725_1__75603.1747947691.jpg?c=1
,,,,,,,,,,,,,,,,,,,,,,,,
"6"" RED FROSTED GLASS 3D FLAME CANDLE",NY236590,"Home|Flameless Candles|6"" RED FROSTED GLASS 3D FLAME CANDLE","6 HR TIMER | ON/OFF BUTTON
REQUIRES 3 (AAA) BATTERIES, BATTERIES NOT INCLUDED.",In-Stock: Ships in 5 to 14 days,,,,L: 3in W: 3in H: 6in,,4,$9.65 ,,,,,4,Ragon400,Ragon160,https://cdn11.bigcommerce.com/s-xvps74vl0m/images/stencil/1280x1280/products/16663/41968/NY236590_1__44292.1754679909.jpg?c=1,NY236590_1__44292.1754679909.jpg?c=1,,,Ragon800,NY236590_1__44292.1754679909.jpg?c=1
,,,,,,,,,,,,,,,,,,,,,,,,
U.S.A. PORCH FLAG PLATE,WS221270,Home|Everyday|Kitchen|U.S.A. PORCH FLAG PLATE,FOOD SAFE. DISHWASHER SAFE. TOP RACK ONLY. NOT FOR MICROWAVE OR OVEN USE.,In-Stock: Ships in 5 to 14 days,,,,L: 10in W: 10in,,4,$3.05 ,,,,,4,Ragon400,Ragon160,https://cdn11.bigcommerce.com/s-xvps74vl0m/images/stencil/1280x1280/products/10593/34022/WS221270_1__19205.1712868596.jpg?c=1,WS221270_1__19205.1712868596.jpg?c=1,,,Ragon800,WS221270_1__19205.1712868596.jpg?c=1
,,,,,,,,,,,,,,,,,,,,,,,,
"34"" WOOD FRAME OVAL MIRROR",E203204,"Home|Sale!|Everyday|34"" WOOD FRAME OVAL MIRROR",2 TRIANGLE HANGERS,SOLD OUT,,,,L: 26in W: 3in H: 34in,,,$208.00 ,,,,,,Ragon400,Ragon160,https://cdn11.bigcommerce.com/s-xvps74vl0m/images/stencil/1280x1280/products/6505/13333/E203204__13337.1641401757.jpg?c=1,E203204__13337.1641401757.jpg?c=1,,,Ragon800,E203204__13337.1641401757.jpg?c=1
,,,,,,,,,,,,,,,,,,,,,,,,
"36"" WHITE & RED WALL CLOCK",E203217,"Home|Everyday|Wall Décor|36"" WHITE & RED WALL CLOCK","1 AA BATTERY, NOT INCLUDED",SOLD OUT,,,,L: 36in W: 1.25in H: 36in,,,$152.00 ,,,,,,Ragon400,Ragon160,https://cdn11.bigcommerce.com/s-xvps74vl0m/images/stencil/1280x1280/products/6510/13338/E203217__72122.1641401763.jpg?c=1,E203217__72122.1641401763.jpg?c=1,,,Ragon800,E203217__72122.1641401763.jpg?c=1
,,,,,,,,,,,,,,,,,,,,,,,,
"7.5"" WHITE, GOLD & BLUE FINIAL ORNAMENT MARTHA",WS202427,"Home|Holiday|Ornaments, Garland & Tree Toppers|7.5"" WHITE, GOLD & BLUE FINIAL ORNAMENT MARTHA",,In-Stock: Ships in 5 to 14 days,,,,L: 2.25in W: 2.25in H: 7.50in,,12,$8.55 ,,,,,12,Ragon400,Ragon160,https://cdn11.bigcommerce.com/s-xvps74vl0m/images/stencil/1280x1280/products/7675/17673/WS202427_3__18016.1645763641.jpg?c=1,WS202427_3__18016.1645763641.jpg?c=1,,,Ragon800,WS202427_3__18016.1645763641.jpg?c=1
,,,,,,,,,,,,,,,,,,,,,,,,
SET/ 2 - 3D FLAME BRONZE TEALIGHT CANDLES,NY236555,Home|Flameless Candles|SET/ 2 - 3D FLAME BRONZE TEALIGHT CANDLES,"6 HR TIMER | ON/OFF BUTTON
REQUIRES 1 (CR2032) BATTERY, BATTERY INCLUDED.",Projected Summer 2025,,,,L: 1.75in W: 1.75in H: 1in,,8,$7.15 ,,,,,8,Ragon400,Ragon160,https://cdn11.bigcommerce.com/s-xvps74vl0m/images/stencil/1280x1280/products/16648/37055/NY236555_1__64898.1733943462.jpg?c=1,NY236555_1__64898.1733943462.jpg?c=1,,,Ragon800,NY236555_1__64898.1733943462.jpg?c=1
,,,,,,,,,,,,,,,,,,,,,,,,
THREE DRAGONFLIES PAPER SCROLL,E226739,Home|Everyday|Wall Décor|THREE DRAGONFLIES PAPER SCROLL,"HANGING HEIGHT: 14""
TWINE HANGER",In-Stock: Ships in 5 to 14 days,,,,L: 8.50in W: 0.50in H: 12in,,12,$6.05 ,,,,,12,Ragon400,Ragon160,https://cdn11.bigcommerce.com/s-xvps74vl0m/images/stencil/1280x1280/products/10792/29708/E226739_6__63746.1701963510.jpg?c=1,E226739_6__63746.1701963510.jpg?c=1,,,Ragon800,E226739_6__63746.1701963510.jpg?c=1
,,,,,,,,,,,,,,,,,,,,,,,,
"3"" GOLD HOBNAIL KUGEL ORNAMENT",SS199800,"Home|Holiday|Ornaments, Garland & Tree Toppers|3"" GOLD HOBNAIL KUGEL ORNAMENT","3""W, GLASS",In-Stock: Ships in 5 to 14 days,,,,W: 3in,,6,$3.05 ,,,,,6,Ragon400,Ragon160,https://cdn11.bigcommerce.com/s-xvps74vl0m/images/stencil/1280x1280/products/3294/11093/SS199800_2__94702.1649170510.jpg?c=1,SS199800_2__94702.1649170510.jpg?c=1,,,Ragon800,SS199800_2__94702.1649170510.jpg?c=1
,,,,,,,,,,,,,,,,,,,,,,,,
5' GLITTERED PINE & RED BERRY GARLAND,G225009,"Home|Holiday|Greenery, Wreaths & Trees|5' GLITTERED PINE & RED BERRY GARLAND",,SOLD OUT,,,,L: 60in,,,$35.25 ,,,,,,Ragon400,Ragon160,https://cdn11.bigcommerce.com/s-xvps74vl0m/images/stencil/1280x1280/products/11153/33394/G225009_5__56680.1711115400.jpg?c=1,G225009_5__56680.1711115400.jpg?c=1,,,Ragon800,G225009_5__56680.1711115400.jpg?c=1
,,,,,,,,,,,,,,,,,,,,,,,,
"SET/ 3 - 6"" DARK GREEN BOTTLEBRUSH TREES",WS218093,"Home|Holiday|Cabin & Lodge|SET/ 3 - 6"" DARK GREEN BOTTLEBRUSH TREES","BOX SIZE: 6.25"" X 6.25"" X 7.5""",In-Stock: Ships in 5 to 14 days,,,,H: 6in,,4,$5.50 ,,,,,4,Ragon400,Ragon160,https://cdn11.bigcommerce.com/s-xvps74vl0m/images/stencil/1280x1280/products/9222/25460/WS218093_1__71151.1677258155.jpg?c=1,WS218093_1__71151.1677258155.jpg?c=1,,,Ragon800,WS218093_1__71151.1677258155.jpg?c=1
,,,,,,,,,,,,,,,,,,,,,,,,
"6' - CREAM 2"" FLOCKED BALL GARLAND",WS221355,"Home|Holiday|Cabin & Lodge|6' - CREAM 2"" FLOCKED BALL GARLAND",,In-Stock: Ships in 5 to 14 days,,,,L: 72in,,6,$15.15 ,,,,,6,Ragon400,Ragon160,https://cdn11.bigcommerce.com/s-xvps74vl0m/images/stencil/1280x1280/products/12190/32948/WS221355_2__86439.1710521302.jpg?c=1,WS221355_2__86439.1710521302.jpg?c=1,,,Ragon800,WS221355_2__86439.1710521302.jpg?c=1
,,,,,,,,,,,,,,,,,,,,,,,,
FRAMED SINGING BIRDS PRINT,H237579,Home|Everyday|Easter & Spring|FRAMED SINGING BIRDS PRINT,2 TRIANGLE HANGERS,In-Stock: Ships in 5 to 14 days,,,,L: 34in W: 1.25in H: 22.75in,,1,$98.00 ,,,,,1,Ragon400,Ragon160,https://cdn11.bigcommerce.com/s-xvps74vl0m/images/stencil/1280x1280/products/16361/41913/H237579_1__17203.1754587289.jpg?c=1,H237579_1__17203.1754587289.jpg?c=1,,,Ragon800,H237579_1__17203.1754587289.jpg?c=1
,,,,,,,,,,,,,,,,,,,,,,,,
"SET/ 4 - 12"" CLASSIC SNOWY CHRISTMAS BOTTLEBRUSH TREES",WS227641,"Home|Holiday|Cabin & Lodge|SET/ 4 - 12"" CLASSIC SNOWY CHRISTMAS BOTTLEBRUSH TREES",,In-Stock: Ships in 5 to 14 days,,,,H: 12in,,1,$43.00 ,,,,,1,Ragon400,Ragon160,https://cdn11.bigcommerce.com/s-xvps74vl0m/images/stencil/1280x1280/products/12467/32400/WS227641_2__66345.1708440903.jpg?c=1,WS227641_2__66345.1708440903.jpg?c=1,,,Ragon800,WS227641_2__66345.1708440903.jpg?c=1
,,,,,,,,,,,,,,,,,,,,,,,,
"29"" BLUE LILAC SPRAY",OR235624,"Home|Sale!|Everyday|29"" BLUE LILAC SPRAY",,In-Stock: Ships in 5 to 14 days,,,,L: 29in W: 4.50in,,12,$9.35 ,,,,,12,Ragon400,Ragon160,https://cdn11.bigcommerce.com/s-xvps74vl0m/images/stencil/1280x1280/products/16736/35272/OR235624_3__35905.1733861473.jpg?c=1,OR235624_3__35905.1733861473.jpg?c=1,,,Ragon800,OR235624_3__35905.1733861473.jpg?c=1
,,,,,,,,,,,,,,,,,,,,,,,,
WISH YOU ORNAMENT,E193208,"Home|Holiday|Ornaments, Garland & Tree Toppers|WISH YOU ORNAMENT","5""W, 12""HH, METAL & WOOD",SOLD OUT,,,,L: 5in W: 0.25in H: 5in,,,$4.95 ,,,,,,Ragon400,Ragon160,https://cdn11.bigcommerce.com/s-xvps74vl0m/images/stencil/1280x1280/products/3665/7584/E193208_2__44214.1626460488.jpg?c=1,E193208_2__44214.1626460488.jpg?c=1,,,Ragon800,E193208_2__44214.1626460488.jpg?c=1
,,,,,,,,,,,,,,,,,,,,,,,,
"6"" BLACK FORTIFIED HOOK",MH222616,"Home|Sale!|Everyday|6"" BLACK FORTIFIED HOOK","1 NAIL HOLE
 ",In-Stock: Ships in 5 to 14 days,,,,L: 1in W: 1.50in H: 6in,,12,$2.20 ,,,,,12,Ragon400,Ragon160,https://cdn11.bigcommerce.com/s-xvps74vl0m/images/stencil/1280x1280/products/10357/29066/MH222616__48354.1701887370.jpg?c=1,MH222616__48354.1701887370.jpg?c=1,,,Ragon800,MH222616__48354.1701887370.jpg?c=1
,,,,,,,,,,,,,,,,,,,,,,,,
DO NOT DISTURB SIGN,E203444,Home|Everyday|Wall Décor|DO NOT DISTURB SIGN,STAND ALONE,In-Stock: Ships in 5 to 14 days,,,,L: 8in W: 2in H: 7.50in,,4,$10.45 ,,,,,4,Ragon400,Ragon160,https://cdn11.bigcommerce.com/s-xvps74vl0m/images/stencil/1280x1280/products/6606/14355/E203444_3__32495.1646849862.jpg?c=1,E203444_3__32495.1646849862.jpg?c=1,,,Ragon800,E203444_3__32495.1646849862.jpg?c=1
,,,,,,,,,,,,,,,,,,,,,,,,
"39"" GREEN HOPS STEM",G25273,"Home|Everyday|Florals|39"" GREEN HOPS STEM",,SOLD OUT,,,,L: 39in,,,$8.00 ,,,,,,Ragon400,Ragon160,https://cdn11.bigcommerce.com/s-xvps74vl0m/images/stencil/1280x1280/products/2884/36018/G25273_7__95928.1733863957.jpg?c=1,G25273_7__95928.1733863957.jpg?c=1,,,Ragon800,G25273_7__95928.1733863957.jpg?c=1
,,,,,,,,,,,,,,,,,,,,,,,,
"7"" RAINY DAY STORIES JOURNAL",L238739,"Home|Everyday|Journals|7"" RAINY DAY STORIES JOURNAL",,Projected Summer 2025,,,,L: 4in W: 1.50in H: 7in,,2,$13.75 ,,,,,2,Ragon400,Ragon160,https://cdn11.bigcommerce.com/s-xvps74vl0m/images/stencil/1280x1280/products/16547/41958/L238739_1__80820.1754679444.jpg?c=1,L238739_1__80820.1754679444.jpg?c=1,,,Ragon800,L238739_1__80820.1754679444.jpg?c=1
,,,,,,,,,,,,,,,,,,,,,,,,
SET/ 4 VINTAGE CHAMPAGNE BALL ORNAMENTS,SW162742,"Home|Holiday|Ornaments, Garland & Tree Toppers|SET/ 4 VINTAGE CHAMPAGNE BALL ORNAMENTS","1.5""W, MERCURY GLASS
*ORNAMENTS COMES IN DECORATIVE BOX MEASURING, 4.5""L X 4.5""W X 2""H",SOLD OUT,,,,W: 1.50in,,,$12.05 ,,,,,,Ragon400,Ragon160,https://cdn11.bigcommerce.com/s-xvps74vl0m/images/stencil/1280x1280/products/3496/11387/SW162742__41843.1626464592.jpg?c=1,SW162742__41843.1626464592.jpg?c=1,,,Ragon800,SW162742__41843.1626464592.jpg?c=1
,,,,,,,,,,,,,,,,,,,,,,,,
"8.25"" WHITE SLEIGH BELL",ZH213518,"Home|Holiday|Bells|8.25"" WHITE SLEIGH BELL",,In-Stock: Ships in 5 to 14 days,,,,L: 8.25in W: 8.25in,,4,$17.05 ,,,,,4,Ragon400,Ragon160,https://cdn11.bigcommerce.com/s-xvps74vl0m/images/stencil/1280x1280/products/9564/27254/ZH213518_2__19325.1679582868.jpg?c=1,ZH213518_2__19325.1679582868.jpg?c=1,,,Ragon800,ZH213518_2__19325.1679582868.jpg?c=1
,,,,,,,,,,,,,,,,,,,,,,,,
WOVEN HANGING BASKET,E217086,Home|Everyday|Baskets & Buckets|WOVEN HANGING BASKET,"BASKET CAN BE HUNG AT TWO DIFFERENT HEIGHTS | BASKET SIZE: 10.25""L X 6.25""W X 5.5""H",In-Stock: Ships in 5 to 14 days,,,,L: 10.75in W: 6.50in H: 12in,,1,$26.50 ,,,,,1,Ragon400,Ragon160,https://cdn11.bigcommerce.com/s-xvps74vl0m/images/stencil/1280x1280/products/8193/24129/E217086_4__72224.1677257735.jpg?c=1,E217086_4__72224.1677257735.jpg?c=1,,,Ragon800,E217086_4__72224.1677257735.jpg?c=1
,,,,,,,,,,,,,,,,,,,,,,,,
"8"" OATMEAL VELVET TREE",WS221470,"Home|Holiday|Cabin & Lodge|8"" OATMEAL VELVET TREE",,Early September,,,,L: 3in W: 3in H: 8in,,3,$15.95 ,,,,,3,Ragon400,Ragon160,https://cdn11.bigcommerce.com/s-xvps74vl0m/images/stencil/1280x1280/products/12305/32381/WS221470_2__01052.1708440896.jpg?c=1,WS221470_2__01052.1708440896.jpg?c=1,,,Ragon800,WS221470_2__01052.1708440896.jpg?c=1
,,,,,,,,,,,,,,,,,,,,,,,,
"4"" IVORY RIBBED GLASS ORNAMENT",SS232382,"Home|Holiday|Ornaments, Garland & Tree Toppers|4"" IVORY RIBBED GLASS ORNAMENT",,Projected Summer 2025,,,,L: 4in,,6,$4.15 ,,,,,6,Ragon400,Ragon160,https://cdn11.bigcommerce.com/s-xvps74vl0m/images/stencil/1280x1280/products/17846/41608/SS232382_3__54400.1749826528.jpg?c=1,SS232382_3__54400.1749826528.jpg?c=1,,,Ragon800,SS232382_3__54400.1749826528.jpg?c=1
,,,,,,,,,,,,,,,,,,,,,,,,
"3"" IVORY GLASS ORNAMENT",SS232379,"Home|Holiday|Ornaments, Garland & Tree Toppers|3"" IVORY GLASS ORNAMENT",,In-Stock: Ships in 5 to 14 days,,,,L: 3in,,6,$3.05 ,,,,,6,Ragon400,Ragon160,https://cdn11.bigcommerce.com/s-xvps74vl0m/images/stencil/1280x1280/products/17843/41605/SS232379_2__75371.1749826528.jpg?c=1,SS232379_2__75371.1749826528.jpg?c=1,,,Ragon800,SS232379_2__75371.1749826528.jpg?c=1
,,,,,,,,,,,,,,,,,,,,,,,,
"6"" SILVER MERCURY GLASS 3D FLAME CANDLE",NY236610,"Home|Flameless Candles|6"" SILVER MERCURY GLASS 3D FLAME CANDLE","6 HR TIMER | ON/OFF BUTTON
REQUIRES 3 (AAA) BATTERIES, BATTERIES NOT INCLUDED.
 ",In-Stock: Ships in 5 to 14 days,,,,L: 3in W: 3in H: 6in,,6,$9.65 ,,,,,6,Ragon400,Ragon160,https://cdn11.bigcommerce.com/s-xvps74vl0m/images/stencil/1280x1280/products/17643/40253/NY236610_5__33825.1748890580.jpg?c=1,NY236610_5__33825.1748890580.jpg?c=1,,,Ragon800,NY236610_5__33825.1748890580.jpg?c=1
,,,,,,,,,,,,,,,,,,,,,,,,
"11"" WHITE BELSNICKLE W/ USA FLAG",WS218410,"Home|Holiday|Snowmen, Santas & Angels|11"" WHITE BELSNICKLE W/ USA FLAG",,SOLD OUT,,,,L: 4.25in W: 3.25in H: 11in,,,$23.50 ,,,,,,Ragon400,Ragon160,https://cdn11.bigcommerce.com/s-xvps74vl0m/images/stencil/1280x1280/products/9398/25698/WS218410_2__61920.1677258233.jpg?c=1,WS218410_2__61920.1677258233.jpg?c=1,,,Ragon800,WS218410_2__61920.1677258233.jpg?c=1
,,,,,,,,,,,,,,,,,,,,,,,,
"6"" MOVING FLAME PINECONE CANDLE",NY213022,"Home|Flameless Candles|6"" MOVING FLAME PINECONE CANDLE","6 HR TIMER
REQUIRES 3 (AAA) BATTERIES, BATTERIES NOT INCLUDED.",In-Stock: Ships in 5 to 14 days,,,,L: 3.50in W: 3.50in H: 6in,,6,$9.65 ,,,,,6,Ragon400,Ragon160,https://cdn11.bigcommerce.com/s-xvps74vl0m/images/stencil/1280x1280/products/8551/27997/NY213022_3__64427.1687381885.jpg?c=1,NY213022_3__64427.1687381885.jpg?c=1,,,Ragon800,NY213022_3__64427.1687381885.jpg?c=1
,,,,,,,,,,,,,,,,,,,,,,,,
"SET/ 2 - 9.5"" 3D FLAME CREAM SHIMMER TAPER CANDLE",NY236563,"Home|Flameless Candles|SET/ 2 - 9.5"" 3D FLAME CREAM SHIMMER TAPER CANDLE","6 HR TIMER | ON/OFF BUTTON
REQUIRES 2 (AAA) BATTERIES, BATTERIES NOT INCLUDED.",In-Stock: Ships in 5 to 14 days,,,,L: 0.75in W: 0.75in H: 9.50in,,12,$9.10 ,,,,,12,Ragon400,Ragon160,https://cdn11.bigcommerce.com/s-xvps74vl0m/images/stencil/1280x1280/products/16656/41761/NY236563_3__18983.1750788818.jpg?c=1,NY236563_3__18983.1750788818.jpg?c=1,,,Ragon800,NY236563_3__18983.1750788818.jpg?c=1
,,,,,,,,,,,,,,,,,,,,,,,,
"24"" GOLD HOLLY & RED BERRIES WREATH",G191458,"Home|Holiday|Greenery, Wreaths & Trees|24"" GOLD HOLLY & RED BERRIES WREATH","24""W, PE & MMF",In-Stock: Ships in 5 to 14 days,,,,L: 24in,,4,$40.50 ,,,,,4,Ragon400,Ragon160,https://cdn11.bigcommerce.com/s-xvps74vl0m/images/stencil/1280x1280/products/3609/20264/G191458_2__45658.1661867366.jpg?c=1,G191458_2__45658.1661867366.jpg?c=1,,,Ragon800,G191458_2__45658.1661867366.jpg?c=1
,,,,,,,,,,,,,,,,,,,,,,,,
"27.5"" RED BABY'S BREATH SPRAY",G219040,"Home|Sale!|Everyday|27.5"" RED BABY'S BREATH SPRAY",,In-Stock: Ships in 5 to 14 days,,,,L: 27.50in,,12,$4.70 ,,,,,12,Ragon400,Ragon160,https://cdn11.bigcommerce.com/s-xvps74vl0m/images/stencil/1280x1280/products/8374/35590/G219040_6__21750.1733863833.jpg?c=1,G219040_6__21750.1733863833.jpg?c=1,,,Ragon800,G219040_6__21750.1733863833.jpg?c=1
,,,,,,,,,,,,,,,,,,,,,,,,
3 TIER SOLID PLANTER STAND,H214051,Home|Everyday|Americana|3 TIER SOLID PLANTER STAND,SHIPS KD - KNOCKED DOWN,In-Stock: Ships in 5 to 14 days,,,,L: 36.75in W: 19.75in H: 24.50in,,1,$232.25 ,,,,,1,Ragon400,Ragon160,https://cdn11.bigcommerce.com/s-xvps74vl0m/images/stencil/1280x1280/products/9788/28045/H214051_1__17956.1687547644.jpg?c=1,H214051_1__17956.1687547644.jpg?c=1,,,Ragon800,H214051_1__17956.1687547644.jpg?c=1
,,,,,,,,,,,,,,,,,,,,,,,,
YOUR GUESS GARDEN STAKE,E203400,Home|Everyday|Spring & Garden|YOUR GUESS GARDEN STAKE,"PLAQUE DIMENSIONS 5""W X 3.25""H",SOLD OUT,,,,L: 5in W: 0.25in H: 16.75in,,,$4.95 ,,,,,,Ragon400,Ragon160,https://cdn11.bigcommerce.com/s-xvps74vl0m/images/stencil/1280x1280/products/6583/14289/E203400__10587.1653320190.jpg?c=1,E203400__10587.1653320190.jpg?c=1,,,Ragon800,E203400__10587.1653320190.jpg?c=1
,,,,,,,,,,,,,,,,,,,,,,,,
LIGHT UP GINGERBREAD HOUSE ORNAMENT W/ SNOWMAN,WS231699,"Home|Holiday|Ornaments, Garland & Tree Toppers|LIGHT UP GINGERBREAD HOUSE ORNAMENT W/ SNOWMAN",,Early September,,,,L: 2.50in W: 2.50in H: 2.75in,,12,$5.50 ,,,,,12,Ragon400,Ragon160,https://cdn11.bigcommerce.com/s-xvps74vl0m/images/stencil/1280x1280/products/18169/41833/WS231699_3__58847.1752161084.jpg?c=1,WS231699_3__58847.1752161084.jpg?c=1,,,Ragon800,WS231699_3__58847.1752161084.jpg?c=1
,,,,,,,,,,,,,,,,,,,,,,,,
WHITE HANGING SCALE CLOCK,E203142,Home|Everyday|Wall Décor|WHITE HANGING SCALE CLOCK,"1 AA BATTERY, NOT INCLUDED - NOT FOOD SAFE",SOLD OUT,,,,L: 12.50in W: 13in H: 34.50in,,,$46.25 ,,,,,,Ragon400,Ragon160,https://cdn11.bigcommerce.com/s-xvps74vl0m/images/stencil/1280x1280/products/6485/15418/E203142_1__20581.1643050950.jpg?c=1,E203142_1__20581.1643050950.jpg?c=1,,,Ragon800,E203142_1__20581.1643050950.jpg?c=1
,,,,,,,,,,,,,,,,,,,,,,,,
"7"" CAMP OUTFITTERS JOURNAL",L221521,"Home|Sale!|Everyday|7"" CAMP OUTFITTERS JOURNAL",,In-Stock: Ships in 5 to 14 days,,,,L: 4in W: 1.50in H: 7in,,2,$13.75 ,,,,,2,Ragon400,Ragon160,https://cdn11.bigcommerce.com/s-xvps74vl0m/images/stencil/1280x1280/products/10263/31992/L221521_5__03666.1707399429.jpg?c=1,L221521_5__03666.1707399429.jpg?c=1,,,Ragon800,L221521_5__03666.1707399429.jpg?c=1
,,,,,,,,,,,,,,,,,,,,,,,,
"33"" YELLOW BLACK-EYED SUSAN SPRAY",G232525,"Home|Sale!|Everyday|33"" YELLOW BLACK-EYED SUSAN SPRAY",,In-Stock: Ships in 5 to 14 days,,,,L: 33in W: 10in,,12,$4.70 ,,,,,12,Ragon400,Ragon160,https://cdn11.bigcommerce.com/s-xvps74vl0m/images/stencil/1280x1280/products/16050/34300/G232525_5__57664.1733861187.jpg?c=1,G232525_5__57664.1733861187.jpg?c=1,,,Ragon800,G232525_5__57664.1733861187.jpg?c=1
,,,,,,,,,,,,,,,,,,,,,,,,
"4"" GREEN TEXTURED TEARDROP KUGEL ORNAMENT",SS211931,"Home|Holiday|Ornaments, Garland & Tree Toppers|4"" GREEN TEXTURED TEARDROP KUGEL ORNAMENT",,In-Stock: Ships in 5 to 14 days,,,,L: 4in,,6,$3.60 ,,,,,6,Ragon400,Ragon160,https://cdn11.bigcommerce.com/s-xvps74vl0m/images/stencil/1280x1280/products/9734/27382/SS211931_1__81909.1679582907.jpg?c=1,SS211931_1__81909.1679582907.jpg?c=1,,,Ragon800,SS211931_1__81909.1679582907.jpg?c=1
,,,,,,,,,,,,,,,,,,,,,,,,
BASIL GARDEN STAKE,E203405,Home|Everyday|Spring & Garden|BASIL GARDEN STAKE,"PLAQUE DIMENSIONS 5""W X 3.25""H",SOLD OUT,,,,L: 5in W: 0.25in H: 16.75in,,,$4.95 ,,,,,,Ragon400,Ragon160,https://cdn11.bigcommerce.com/s-xvps74vl0m/images/stencil/1280x1280/products/6586/17934/E203405__22979.1653320109.jpg?c=1,E203405__22979.1653320109.jpg?c=1,,,Ragon800,E203405__22979.1653320109.jpg?c=1
,,,,,,,,,,,,,,,,,,,,,,,,
"18.75"" DUSTY MILLER SPRAY",OR215409,"Home|Everyday|Florals|18.75"" DUSTY MILLER SPRAY",,In-Stock: Ships in 5 to 14 days,,,,L: 18.75in,,18,$4.70 ,,,,,18,Ragon400,Ragon160,https://cdn11.bigcommerce.com/s-xvps74vl0m/images/stencil/1280x1280/products/8643/25278/OR215409_5__41686.1677258094.jpg?c=1,OR215409_5__41686.1677258094.jpg?c=1,,,Ragon800,OR215409_5__41686.1677258094.jpg?c=1
,,,,,,,,,,,,,,,,,,,,,,,,
"12"" SERGEANT BUTTERFLY",FB225420,"Home|Everyday|Wall Décor|12"" SERGEANT BUTTERFLY",2 SAWTOOTH HANGER & TWINE HANGER,In-Stock: Ships in 5 to 14 days,,,,L: 12in W: 0.25in H: 6.50in,,6,$8.25 ,,,,,6,Ragon400,Ragon160,https://cdn11.bigcommerce.com/s-xvps74vl0m/images/stencil/1280x1280/products/10822/33381/FB225420_1__88934.1711115396.jpg?c=1,FB225420_1__88934.1711115396.jpg?c=1,,,Ragon800,FB225420_1__88934.1711115396.jpg?c=1
,,,,,,,,,,,,,,,,,,,,,,,,
"4"" GOLD FILIGREE KUGEL ORNAMENT",SS211802,"Home|Holiday|Ornaments, Garland & Tree Toppers|4"" GOLD FILIGREE KUGEL ORNAMENT",,In-Stock: Ships in 5 to 14 days,,,,L: 4in W: 4in H: 4in,,6,$3.60 ,,,,,6,Ragon400,Ragon160,https://cdn11.bigcommerce.com/s-xvps74vl0m/images/stencil/1280x1280/products/9454/27198/SS211802_3__07420.1679582850.jpg?c=1,SS211802_3__07420.1679582850.jpg?c=1,,,Ragon800,SS211802_3__07420.1679582850.jpg?c=1
,,,,,,,,,,,,,,,,,,,,,,,,
RED AND WHITE VOLKSWAGON,WS218007,"Home|Holiday|Ornaments, Garland & Tree Toppers|RED AND WHITE VOLKSWAGON",,In-Stock: Ships in 5 to 14 days,,,,L: 5.50in W: 2in H: 2.25in,,12,$8.25 ,,,,,12,Ragon400,Ragon160,https://cdn11.bigcommerce.com/s-xvps74vl0m/images/stencil/1280x1280/products/9174/25390/WS218007_1__72720.1677258130.jpg?c=1,WS218007_1__72720.1677258130.jpg?c=1,,,Ragon800,WS218007_1__72720.1677258130.jpg?c=1
,,,,,,,,,,,,,,,,,,,,,,,,
MY FAVORITE THINGS SIGN,E193301,Home|Holiday|Signs|MY FAVORITE THINGS SIGN,"20""L X 1""W X 30""H, WOOD",In-Stock: Ships in 5 to 14 days,,,,L: 20in W: 1in H: 30in,,2,$30.75 ,,,,,2,Ragon400,Ragon160,https://cdn11.bigcommerce.com/s-xvps74vl0m/images/stencil/1280x1280/products/3650/7711/E193301_4_5w2t-0l__73493.1680633100.jpg?c=1,E193301_4_5w2t-0l__73493.1680633100.jpg?c=1,,,Ragon800,E193301_4_5w2t-0l__73493.1680633100.jpg?c=1
,,,,,,,,,,,,,,,,,,,,,,,,
"15"" BLUE FLOCKED BOTTLEBRUSH TREE",WS218087,"Home|Holiday|Bottlebrush|15"" BLUE FLOCKED BOTTLEBRUSH TREE",,In-Stock: Ships in 5 to 14 days,,,,H: 15in,,6,$11.85 ,,,,,6,Ragon400,Ragon160,https://cdn11.bigcommerce.com/s-xvps74vl0m/images/stencil/1280x1280/products/9217/25452/WS218087_2__19929.1677258152.jpg?c=1,WS218087_2__19929.1677258152.jpg?c=1,,,Ragon800,WS218087_2__19929.1677258152.jpg?c=1
,,,,,,,,,,,,,,,,,,,,,,,,
DOMINICK NUTCRAKER ORNAMENT,WS221440,"Home|Holiday|Ornaments, Garland & Tree Toppers|DOMINICK NUTCRAKER ORNAMENT",,In-Stock: Ships in 5 to 14 days,,,,L: 1.75in W: 1.50in H: 5.75in,,12,$6.35 ,,,,,12,Ragon400,Ragon160,https://cdn11.bigcommerce.com/s-xvps74vl0m/images/stencil/1280x1280/products/12275/32990/WS221440_1__69698.1710521316.jpg?c=1,WS221440_1__69698.1710521316.jpg?c=1,,,Ragon800,WS221440_1__69698.1710521316.jpg?c=1
,,,,,,,,,,,,,,,,,,,,,,,,
SET/ 6 GREEN BOTTLEBRUSH TREES W/ JINGLE BELLS,WS225456,Home|Sale!|Holiday|SET/ 6 GREEN BOTTLEBRUSH TREES W/ JINGLE BELLS,"SM: 6.5""H X 2.5""W
MD (2): 7""H X 3.0""W
LG: 8""H X 3.2""W
XL: 9""H X 4.0""W
XXL: 10""H X 3.8""W",In-Stock: Ships in 5 to 14 days,,,,See Details tab,,2,$32.50 ,,,,,2,Ragon400,Ragon160,https://cdn11.bigcommerce.com/s-xvps74vl0m/images/stencil/1280x1280/products/15775/34267/WS225456___11447.1729171544.jpg?c=1,WS225456___11447.1729171544.jpg?c=1,,,Ragon800,WS225456___11447.1729171544.jpg?c=1
,,,,,,,,,,,,,,,,,,,,,,,,
SET/ 3 BURGUNDY BOTTLE BRUSH TREES,WS221453,Home|Sale!|Holiday|SET/ 3 BURGUNDY BOTTLE BRUSH TREES,"SM: 4""L x 4""W x10""H 
MD: 4.25""L x 4.25""W x 14""H
LG: 5""L x 5""W x 18""H",In-Stock: Ships in 5 to 14 days,,,,See Details tab,,2,$31.50 ,,,,,2,Ragon400,Ragon160,https://cdn11.bigcommerce.com/s-xvps74vl0m/images/stencil/1280x1280/products/12288/34212/WS221453_2__71248.1728446023.jpg?c=1,WS221453_2__71248.1728446023.jpg?c=1,,,Ragon800,WS221453_2__71248.1728446023.jpg?c=1
,,,,,,,,,,,,,,,,,,,,,,,,
"6"" MINT GREEN POM POM GARLAND",WS218434,"Home|Holiday|Ornaments, Garland & Tree Toppers|6"" MINT GREEN POM POM GARLAND",,In-Stock: Ships in 5 to 14 days,,,,L: 72in,,6,$11.85 ,,,,,6,Ragon400,Ragon160,https://cdn11.bigcommerce.com/s-xvps74vl0m/images/stencil/1280x1280/products/8675/26969/WS218434_1__89381.1679582779.jpg?c=1,WS218434_1__89381.1679582779.jpg?c=1,,,Ragon800,WS218434_1__89381.1679582779.jpg?c=1
,,,,,,,,,,,,,,,,,,,,,,,,
"4"" SILVER ONION KUGEL ORNAMENT",SS221593,"Home|Holiday|Ornaments, Garland & Tree Toppers|4"" SILVER ONION KUGEL ORNAMENT",,In-Stock: Ships in 5 to 14 days,,,,L: 4in W: 4in H: 4in,,6,$3.85 ,,,,,6,Ragon400,Ragon160,https://cdn11.bigcommerce.com/s-xvps74vl0m/images/stencil/1280x1280/products/11762/34157/SS221593_1__87931.1723489620.jpg?c=1,SS221593_1__87931.1723489620.jpg?c=1,,,Ragon800,SS221593_1__87931.1723489620.jpg?c=1
,,,,,,,,,,,,,,,,,,,,,,,,
"4"" RED 3D FLAME CANDY CANE PILLAR CANDLE",NY229122,"Home|Flameless Candles|4"" RED 3D FLAME CANDY CANE PILLAR CANDLE","6 HR TIMER | ON/OFF BUTTON
REQUIRES 3 (AAA) BATTERIES, BATTERIES NOT INCLUDED. ",In-Stock: Ships in 5 to 14 days,,,,L: 3in W: 3in H: 4in,,6,$6.90 ,,,,,6,Ragon400,Ragon160,https://cdn11.bigcommerce.com/s-xvps74vl0m/images/stencil/1280x1280/products/11676/33936/NY229122_2__13169.1712868568.jpg?c=1,NY229122_2__13169.1712868568.jpg?c=1,,,Ragon800,NY229122_2__13169.1712868568.jpg?c=1
,,,,,,,,,,,,,,,,,,,,,,,,
"28"" EUCALYPTUS & BERRIES SPRAY",G201251,"Home|Everyday|Florals|28"" EUCALYPTUS & BERRIES SPRAY",,In-Stock: Ships in 5 to 14 days,,,,L: 28in,,12,$6.90 ,,,,,12,Ragon400,Ragon160,https://cdn11.bigcommerce.com/s-xvps74vl0m/images/stencil/1280x1280/products/6797/14677/G201251_5__89214.1646937903.jpg?c=1,G201251_5__89214.1646937903.jpg?c=1,,,Ragon800,G201251_5__89214.1646937903.jpg?c=1
,,,,,,,,,,,,,,,,,,,,,,,,
"18"" GREEN EUCALYPTUS LEAVES WREATH",G228157,"Home|Everyday|Florals|18"" GREEN EUCALYPTUS LEAVES WREATH",,In-Stock: Ships in 5 to 14 days,,,,L: 18in H: 18in,,2,$26.50 ,,,,,2,Ragon400,Ragon160,https://cdn11.bigcommerce.com/s-xvps74vl0m/images/stencil/1280x1280/products/10093/35829/G228157_8__39533.1733863900.jpg?c=1,G228157_8__39533.1733863900.jpg?c=1,,,Ragon800,G228157_8__39533.1733863900.jpg?c=1
,,,,,,,,,,,,,,,,,,,,,,,,
"24"" JOY TO THE WORLD SIGN",H165032,"Home|Holiday|Signs|24"" JOY TO THE WORLD SIGN","24""L X 0.25""W X 24""H, METAL",Late August,,,,L: 24in W: 0.25in H: 24in,,4,$43.00 ,,,,,4,Ragon400,Ragon160,https://cdn11.bigcommerce.com/s-xvps74vl0m/images/stencil/1280x1280/products/3521/27845/H165032_4__66870.1683055733.jpg?c=1,H165032_4__66870.1683055733.jpg?c=1,,,Ragon800,H165032_4__66870.1683055733.jpg?c=1
,,,,,,,,,,,,,,,,,,,,,,,,
HAWK MOTH ORNAMENT,FB225413,Home|Sale!|Everyday|HAWK MOTH ORNAMENT,TWINE HANGER,In-Stock: Ships in 5 to 14 days,,,,L: 5in W: 0.50in H: 3in,,12,$4.70 ,,,,,12,Ragon400,Ragon160,https://cdn11.bigcommerce.com/s-xvps74vl0m/images/stencil/1280x1280/products/11019/33374/FB225413_4__91632.1711115394.jpg?c=1,FB225413_4__91632.1711115394.jpg?c=1,,,Ragon800,FB225413_4__91632.1711115394.jpg?c=1
,,,,,,,,,,,,,,,,,,,,,,,,
"4"" RED FILIGREE KUGEL ORNAMENT",SS211804,"Home|Holiday|Ornaments, Garland & Tree Toppers|4"" RED FILIGREE KUGEL ORNAMENT",,In-Stock: Ships in 5 to 14 days,,,,L: 4in W: 4in H: 4in,,6,$3.60 ,,,,,6,Ragon400,Ragon160,https://cdn11.bigcommerce.com/s-xvps74vl0m/images/stencil/1280x1280/products/9456/27200/SS211804_3__80276.1679582850.jpg?c=1,SS211804_3__80276.1679582850.jpg?c=1,,,Ragon800,SS211804_3__80276.1679582850.jpg?c=1
,,,,,,,,,,,,,,,,,,,,,,,,
"33"" WHITE BLACK-EYED SUSAN SPRAY",G232526,"Home|Sale!|Everyday|33"" WHITE BLACK-EYED SUSAN SPRAY",,In-Stock: Ships in 5 to 14 days,,,,L: 33in W: 10in,,12,$4.70 ,,,,,12,Ragon400,Ragon160,https://cdn11.bigcommerce.com/s-xvps74vl0m/images/stencil/1280x1280/products/16051/34305/G232526_4__84966.1733861189.jpg?c=1,G232526_4__84966.1733861189.jpg?c=1,,,Ragon800,G232526_4__84966.1733861189.jpg?c=1
,,,,,,,,,,,,,,,,,,,,,,,,
"34"" WHITE SPRUCE & TSUGA HEMLOCK HANGING VINE",G219585,"Home|Holiday|Greenery, Wreaths & Trees|34"" WHITE SPRUCE & TSUGA HEMLOCK HANGING VINE",,In-Stock: Ships in 5 to 14 days,,,,L: 34in,,12,$11.30 ,,,,,12,Ragon400,Ragon160,https://cdn11.bigcommerce.com/s-xvps74vl0m/images/stencil/1280x1280/products/8859/26565/G219585_6__33522.1678296672.jpg?c=1,G219585_6__33522.1678296672.jpg?c=1,,,Ragon800,G219585_6__33522.1678296672.jpg?c=1
,,,,,,,,,,,,,,,,,,,,,,,,
"18"" BURNT ORANGE HYDRANGEA SPRAY",OR224527,"Home|Sale!|Everyday|18"" BURNT ORANGE HYDRANGEA SPRAY",,SOLD OUT,,,,L: 18in,,,$5.50 ,,,,,,Ragon400,Ragon160,https://cdn11.bigcommerce.com/s-xvps74vl0m/images/stencil/1280x1280/products/10439/35895/OR224527_1__13571.1733863921.jpg?c=1,OR224527_1__13571.1733863921.jpg?c=1,,,Ragon800,OR224527_1__13571.1733863921.jpg?c=1
,,,,,,,,,,,,,,,,,,,,,,,,
"8.5"" CAMPFIRE TALES JOURNAL",L221503,"Home|Everyday|Camping|8.5"" CAMPFIRE TALES JOURNAL",,In-Stock: Ships in 5 to 14 days,,,,L: 5.75in W: 1.25in H: 8.50in,,2,$18.15 ,,,,,2,Ragon400,Ragon160,https://cdn11.bigcommerce.com/s-xvps74vl0m/images/stencil/1280x1280/products/10247/31986/L221503_2__82116.1707399427.jpg?c=1,L221503_2__82116.1707399427.jpg?c=1,,,Ragon800,L221503_2__82116.1707399427.jpg?c=1
,,,,,,,,,,,,,,,,,,,,,,,,
"4.5"" BROWN PINECONE W/ SILVER GLITTER ORNAMENT",WS231538,"Home|Holiday|Ornaments, Garland & Tree Toppers|4.5"" BROWN PINECONE W/ SILVER GLITTER ORNAMENT",,Early September,,,,L: 2.25in W: 2.25in H: 4.50in,,12,$4.15 ,,,,,12,Ragon400,Ragon160,https://cdn11.bigcommerce.com/s-xvps74vl0m/images/stencil/1280x1280/products/18064/40561/WS231538_5__75938.1749152490.jpg?c=1,WS231538_5__75938.1749152490.jpg?c=1,,,Ragon800,WS231538_5__75938.1749152490.jpg?c=1
,,,,,,,,,,,,,,,,,,,,,,,,
"5"" CHARCOAL GLASS 3D FLAME CANDLE",NY213014,"Home|Flameless Candles|5"" CHARCOAL GLASS 3D FLAME CANDLE","6 HR TIMER
REQUIRES 3 (AAA) BATTERIES, BATTERIES NOT INCLUDED.",In-Stock: Ships in 5 to 14 days,,,,L: 3in W: 3in H: 5in,,6,$7.45 ,,,,,6,Ragon400,Ragon160,https://cdn11.bigcommerce.com/s-xvps74vl0m/images/stencil/1280x1280/products/8543/28053/NY213014_2__93081.1687548480.jpg?c=1,NY213014_2__93081.1687548480.jpg?c=1,,,Ragon800,NY213014_2__93081.1687548480.jpg?c=1
,,,,,,,,,,,,,,,,,,,,,,,,
"25"" WHITE DRIED PEONY SPRAY",G201410,"Home|Everyday|Florals|25"" WHITE DRIED PEONY SPRAY",,In-Stock: Ships in 5 to 14 days,,,,L: 25in,,12,$6.05 ,,,,,12,Ragon400,Ragon160,https://cdn11.bigcommerce.com/s-xvps74vl0m/images/stencil/1280x1280/products/6843/14823/G201410_4__22536.1649685691.jpg?c=1,G201410_4__22536.1649685691.jpg?c=1,,,Ragon800,G201410_4__22536.1649685691.jpg?c=1
,,,,,,,,,,,,,,,,,,,,,,,,
"6.25"" BLACK METAL PINE TREE",MH222542,"Home|Holiday|Tabletop & Misc.|6.25"" BLACK METAL PINE TREE",,In-Stock: Ships in 5 to 14 days,,,,L: 4.25in W: 1.75in H: 6.25in,,12,$2.75 ,,,,,12,Ragon400,Ragon160,https://cdn11.bigcommerce.com/s-xvps74vl0m/images/stencil/1280x1280/products/11634/32685/MH222542_4__15951.1709219734.jpg?c=1,MH222542_4__15951.1709219734.jpg?c=1,,,Ragon800,MH222542_4__15951.1709219734.jpg?c=1
,,,,,,,,,,,,,,,,,,,,,,,,
"7.5"" BRONZE GLASS TAPER CANDLESTICK",NY236539,"Home|Flameless Candles|7.5"" BRONZE GLASS TAPER CANDLESTICK",,In-Stock: Ships in 3 to 7 days,,,,L: 2.75in W: 2.75in H: 7.50in,,3,$19.25 ,,,,,3,Ragon400,Ragon160,https://cdn11.bigcommerce.com/s-xvps74vl0m/images/stencil/1280x1280/products/16638/36412/NY236539_2__09830.1733943292.jpg?c=1,NY236539_2__09830.1733943292.jpg?c=1,,,Ragon800,NY236539_2__09830.1733943292.jpg?c=1
,,,,,,,,,,,,,,,,,,,,,,,,
"28.5"" BURGUNDY ONCIDIUM ORCHID SPRAY",OR224606,"Home|Everyday|Florals|28.5"" BURGUNDY ONCIDIUM ORCHID SPRAY",,SOLD OUT,,,,L: 28.50in,,,$4.15 ,,,,,,Ragon400,Ragon160,https://cdn11.bigcommerce.com/s-xvps74vl0m/images/stencil/1280x1280/products/10455/35925/OR224606_8__20555.1733863928.jpg?c=1,OR224606_8__20555.1733863928.jpg?c=1,,,Ragon800,OR224606_8__20555.1733863928.jpg?c=1
,,,,,,,,,,,,,,,,,,,,,,,,
BLACK BOTANICAL PLATE,WS221273,Home|Everyday|Kitchen|BLACK BOTANICAL PLATE,FOOD SAFE. DISHWASHER SAFE. TOP RACK ONLY. NOT FOR MICROWAVE OR OVEN USE.,In-Stock: Ships in 5 to 14 days,,,,L: 10in W: 10in,,4,$3.05 ,,,,,4,Ragon400,Ragon160,https://cdn11.bigcommerce.com/s-xvps74vl0m/images/stencil/1280x1280/products/10596/34125/WS221273_1__59192.1719420568.jpg?c=1,WS221273_1__59192.1719420568.jpg?c=1,,,Ragon800,WS221273_1__59192.1719420568.jpg?c=1
,,,,,,,,,,,,,,,,,,,,,,,,
"7.75"" DARK GREEN 3D FLAME SMOOTH TREE CANDLE",NY236690,"Home|Holiday|7.75"" DARK GREEN 3D FLAME SMOOTH TREE CANDLE","6 HR TIMER | ON/OFF BUTTON
REQUIRES 3 (AAA) BATTERIES, BATTERIES NOT INCLUDED.",In-Stock: Ships in 5 to 14 days,,,,L: 3.50in W: 3.50in H: 7.75in,,6,$6.60 ,,,,,6,Ragon400,Ragon160,https://cdn11.bigcommerce.com/s-xvps74vl0m/images/stencil/1280x1280/products/17680/40273/NY236690_3__28435.1748893501.jpg?c=1,NY236690_3__28435.1748893501.jpg?c=1,,,Ragon800,NY236690_3__28435.1748893501.jpg?c=1
,,,,,,,,,,,,,,,,,,,,,,,,
"9"" BRONZE SLEIGH BELL",ZH213525,"Home|Holiday|Bells|9"" BRONZE SLEIGH BELL",,SOLD OUT,,,,L: 9in W: 9in,,,$22.00 ,,,,,,Ragon400,Ragon160,https://cdn11.bigcommerce.com/s-xvps74vl0m/images/stencil/1280x1280/products/9571/27268/ZH213525_2__67425.1679582871.jpg?c=1,ZH213525_2__67425.1679582871.jpg?c=1,,,Ragon800,ZH213525_2__67425.1679582871.jpg?c=1
,,,,,,,,,,,,,,,,,,,,,,,,
"6"" MOVING FLAME GOLD PILLAR CANDLE",NY213026,"Home|Flameless Candles|6"" MOVING FLAME GOLD PILLAR CANDLE","6 HR TIMER
REQUIRES 2 (AA) BATTERIES, BATTERIES NOT INCLUDED.",In-Stock: Ships in 5 to 14 days,,,,L: 3in W: 3in H: 6in,,6,$7.70 ,,,,,6,Ragon400,Ragon160,https://cdn11.bigcommerce.com/s-xvps74vl0m/images/stencil/1280x1280/products/8555/28090/NY213026_2__43782.1687553888.jpg?c=1,NY213026_2__43782.1687553888.jpg?c=1,,,Ragon800,NY213026_2__43782.1687553888.jpg?c=1
,,,,,,,,,,,,,,,,,,,,,,,,
"8"" HAPPY HOLIDAYS TELEVISION",WS231606,"Home|Holiday|Tabletop & Misc.|8"" HAPPY HOLIDAYS TELEVISION",,Projected Summer 2025,,,,L: 8in W: 5.75in H: 2in,,4,$11.55 ,,,,,4,Ragon400,Ragon160,https://cdn11.bigcommerce.com/s-xvps74vl0m/images/stencil/1280x1280/products/18102/41694/WS231606_2__34121.1749826546.jpg?c=1,WS231606_2__34121.1749826546.jpg?c=1,,,Ragon800,WS231606_2__34121.1749826546.jpg?c=1
,,,,,,,,,,,,,,,,,,,,,,,,
"6' MIXED PINE, EUCALYPTUS & BERRY GARLAND",G228623,"Home|Sale!|Holiday|6' MIXED PINE, EUCALYPTUS & BERRY GARLAND",,In-Stock: Ships in 5 to 14 days,,,,L: 72in,,2,$36.50 ,,,,,2,Ragon400,Ragon160,https://cdn11.bigcommerce.com/s-xvps74vl0m/images/stencil/1280x1280/products/11349/41407/G228623_1__97113.1749826483.jpg?c=1,G228623_1__97113.1749826483.jpg?c=1,,,Ragon800,G228623_1__97113.1749826483.jpg?c=1
,,,,,,,,,,,,,,,,,,,,,,,,
"28"" x 18"" OVERLOOKING SANTA PRINT",RH239756,"Home|Holiday|Signs|28"" x 18"" OVERLOOKING SANTA PRINT",,Projected Summer 2025,,,,L: 28in H: 18in,,2,$28.75 ,,,,,2,Ragon400,Ragon160,https://cdn11.bigcommerce.com/s-xvps74vl0m/images/stencil/1280x1280/products/18355/40103/RH239756_2__01195.1747945150.jpg?c=1,RH239756_2__01195.1747945150.jpg?c=1,,,Ragon800,RH239756_2__01195.1747945150.jpg?c=1
,,,,,,,,,,,,,,,,,,,,,,,,
"9"" BROWN FLOCKED ACORN BUNDLE",WS227568,"Home|Holiday|Ornaments, Garland & Tree Toppers|9"" BROWN FLOCKED ACORN BUNDLE",,In-Stock: Ships in 5 to 14 days,,,,L: 3in W: 1.75in H: 9in,,12,$6.60 ,,,,,12,Ragon400,Ragon160,https://cdn11.bigcommerce.com/s-xvps74vl0m/images/stencil/1280x1280/products/12451/31688/WS227568__23762.1706904441.jpg?c=1,WS227568__23762.1706904441.jpg?c=1,,,Ragon800,WS227568__23762.1706904441.jpg?c=1
,,,,,,,,,,,,,,,,,,,,,,,,
"31.75"" ROUND WOODEN WALL MIRROR",FB215861,"Home|Everyday|Wall Décor|31.75"" ROUND WOODEN WALL MIRROR",1 KEYHOLE,In-Stock: Ships in 5 to 14 days,,,,L: 31.75in W: 2in H: 31.75in,,1,$108.00 ,,,,,1,Ragon400,Ragon160,https://cdn11.bigcommerce.com/s-xvps74vl0m/images/stencil/1280x1280/products/8354/26959/FB215861_4__32103.1679582777.jpg?c=1,FB215861_4__32103.1679582777.jpg?c=1,,,Ragon800,FB215861_4__32103.1679582777.jpg?c=1
,,,,,,,,,,,,,,,,,,,,,,,,
"SET 12 - 5.25"" HOLIDAY BOTTLEBRUSH TREES",WS231634,"Home|Holiday|Bottlebrush|SET 12 - 5.25"" HOLIDAY BOTTLEBRUSH TREES",,Early September,,,,H: 5.25in,,1,$22.75 ,,,,,1,Ragon400,Ragon160,https://cdn11.bigcommerce.com/s-xvps74vl0m/images/stencil/1280x1280/products/18125/40182/WS231634_3__55624.1748359283.jpg?c=1,WS231634_3__55624.1748359283.jpg?c=1,,,Ragon800,WS231634_3__55624.1748359283.jpg?c=1
,,,,,,,,,,,,,,,,,,,,,,,,
STANDING BROWN ROOSTER,KY239061,Home|Holiday|Tabletop & Misc.|STANDING BROWN ROOSTER,,Late August,,,,L: 1.75in W: 4.50in H: 4.25in,,6,$3.30 ,,,,,6,Ragon400,Ragon160,https://cdn11.bigcommerce.com/s-xvps74vl0m/images/stencil/1280x1280/products/16930/40401/KY239061_4__80127.1749069169.jpg?c=1,KY239061_4__80127.1749069169.jpg?c=1,,,Ragon800,KY239061_4__80127.1749069169.jpg?c=1
,,,,,,,,,,,,,,,,,,,,,,,,
"14"" RED METAL RUSTED VINTAGE PICKUP-TRUCK",H185046,"Home|Everyday|Americana|14"" RED METAL RUSTED VINTAGE PICKUP-TRUCK","14.75""L X 5.75""W X 6.75""H, METAL",In-Stock: Ships in 5 to 14 days,,,,L: 14.75in W: 5.75in H: 6.75in,,1,$62.00 ,,,,,1,Ragon400,Ragon160,https://cdn11.bigcommerce.com/s-xvps74vl0m/images/stencil/1280x1280/products/4919/9152/H185046_1__32519.1626463748.jpg?c=1,H185046_1__32519.1626463748.jpg?c=1,,,Ragon800,H185046_1__32519.1626463748.jpg?c=1
,,,,,,,,,,,,,,,,,,,,,,,,
JOLLY SNOWMAN ORNAMENT,E234462,"Home|Holiday|Ornaments, Garland & Tree Toppers|JOLLY SNOWMAN ORNAMENT",,In-Stock: Ships in 5 to 14 days,,,,L: 4.75in W: 0.50in H: 6.50in,,12,$4.15 ,,,,,12,Ragon400,Ragon160,https://cdn11.bigcommerce.com/s-xvps74vl0m/images/stencil/1280x1280/products/17063/40288/E234462_4__56348.1748894008.jpg?c=1,E234462_4__56348.1748894008.jpg?c=1,,,Ragon800,E234462_4__56348.1748894008.jpg?c=1
,,,,,,,,,,,,,,,,,,,,,,,,
"11.5"" RED LAYERED TREE",LA237773,"Home|Holiday|Tabletop & Misc.|11.5"" RED LAYERED TREE",,Projected Summer 2025,,,,L: 3.75in W: 3.75in H: 11.50in,,2,$12.95 ,,,,,2,Ragon400,Ragon160,https://cdn11.bigcommerce.com/s-xvps74vl0m/images/stencil/1280x1280/products/17562/41720/LA237773_2__81796.1749838920.jpg?c=1,LA237773_2__81796.1749838920.jpg?c=1,,,Ragon800,LA237773_2__81796.1749838920.jpg?c=1
,,,,,,,,,,,,,,,,,,,,,,,,
"96"" GREY LINEN TABLE RUNNER",HE185581,"Home|Holiday|Textiles|96"" GREY LINEN TABLE RUNNER","18""L X 96""W, POLYESTER",In-Stock: Ships in 5 to 14 days,,,,L: 18in W: 96in,,4,$19.00 ,,,,,4,Ragon400,Ragon160,https://cdn11.bigcommerce.com/s-xvps74vl0m/images/stencil/1280x1280/products/5067/9421/G181272-_SS13969-SS13980-_SS13979-_SS13978-_HE185581-_SS13968-_SS13967-_ZH187538-_SS13965-_SS139-_SS13986-_SS13984__60343.1626464092.jpg?c=1,G181272-_SS13969-SS13980-_SS13979-_SS13978-_HE185581-_SS13968-_SS13967-_ZH187538-_SS13965-_SS139-_SS13986-_SS13984__60343.1626464092.jpg?c=1,,,Ragon800,G181272-_SS13969-SS13980-_SS13979-_SS13978-_HE185581-_SS13968-_SS13967-_ZH187538-_SS13965-_SS139-_SS13986-_SS13984__60343.1626464092.jpg?c=1
,,,,,,,,,,,,,,,,,,,,,,,,
FARM FRESH MILK CREAM CHEESE BUTTER SIGN,E226623,Home|Everyday|Kitchen|FARM FRESH MILK CREAM CHEESE BUTTER SIGN,2 SAWTOOTH HANGERS,In-Stock: Ships in 5 to 14 days,,,,L: 32in W: 1in H: 18.50in,,2,$46.25 ,,,,,2,Ragon400,Ragon160,https://cdn11.bigcommerce.com/s-xvps74vl0m/images/stencil/1280x1280/products/10754/29666/E226623_3__55383.1701963496.jpg?c=1,E226623_3__55383.1701963496.jpg?c=1,,,Ragon800,E226623_3__55383.1701963496.jpg?c=1
,,,,,,,,,,,,,,,,,,,,,,,,
"6"" FRUIT SLICES CLUSTER ORNAMENT",WS202270,"Home|Holiday|Ornaments, Garland & Tree Toppers|6"" FRUIT SLICES CLUSTER ORNAMENT",,SOLD OUT,,,,H: 6in,,,$6.60 ,,,,,,Ragon400,Ragon160,https://cdn11.bigcommerce.com/s-xvps74vl0m/images/stencil/1280x1280/products/7507/16879/WS202270_2__38947.1644262067.jpg?c=1,WS202270_2__38947.1644262067.jpg?c=1,,,Ragon800,WS202270_2__38947.1644262067.jpg?c=1
,,,,,,,,,,,,,,,,,,,,,,,,
TUCKER NUTRACKER ORNAMENT,WS231304,"Home|Holiday|Ornaments, Garland & Tree Toppers|TUCKER NUTRACKER ORNAMENT",,Early September,,,,L: 2.25in W: 1.75in H: 6.25in,,12,$7.15 ,,,,,12,Ragon400,Ragon160,https://cdn11.bigcommerce.com/s-xvps74vl0m/images/stencil/1280x1280/products/12264/40636/WS231304_3__89591.1749156964.jpg?c=1,WS231304_3__89591.1749156964.jpg?c=1,,,Ragon800,WS231304_3__89591.1749156964.jpg?c=1
,,,,,,,,,,,,,,,,,,,,,,,,
"20"" GREEN OMBRE FLOCKED LONG STEM BOTTLEBRUSH TREE",WS202478,"Home|Sale!|Holiday|20"" GREEN OMBRE FLOCKED LONG STEM BOTTLEBRUSH TREE",,In-Stock: Ships in 5 to 14 days,,,,W: 5in H: 20in,,4,$24.75 ,,,,,4,Ragon400,Ragon160,https://cdn11.bigcommerce.com/s-xvps74vl0m/images/stencil/1280x1280/products/7565/16926/WS202478_4__51362.1644264892.jpg?c=1,WS202478_4__51362.1644264892.jpg?c=1,,,Ragon800,WS202478_4__51362.1644264892.jpg?c=1
,,,,,,,,,,,,,,,,,,,,,,,,
"51"" SILVER BELL & GLITTERED GREENS SWAG",G181209,"Home|Holiday|Greenery, Wreaths & Trees|51"" SILVER BELL & GLITTERED GREENS SWAG","51''L, PE & METAL",Late August,,,,L: 51in,,6,$10.95 ,,,,,6,Ragon400,Ragon160,https://cdn11.bigcommerce.com/s-xvps74vl0m/images/stencil/1280x1280/products/5197/20495/G181209_1__71231.1663175746.jpg?c=1,G181209_1__71231.1663175746.jpg?c=1,,,Ragon800,G181209_1__71231.1663175746.jpg?c=1
,,,,,,,,,,,,,,,,,,,,,,,,
9' SMALL ROUND STAINED WOOD BEAD GARLAND,SS221950,"Home|Holiday|Ornaments, Garland & Tree Toppers|9' SMALL ROUND STAINED WOOD BEAD GARLAND",,Projected Summer 2025,,,,L: 108in,,6,$7.70 ,,,,,6,Ragon400,Ragon160,https://cdn11.bigcommerce.com/s-xvps74vl0m/images/stencil/1280x1280/products/11867/33750/SS221950__03808.1712154128.jpg?c=1,SS221950__03808.1712154128.jpg?c=1,,,Ragon800,SS221950__03808.1712154128.jpg?c=1
,,,,,,,,,,,,,,,,,,,,,,,,
"11"" SILVER OUTLINE SPRING STAR",WS202248,"Home|Holiday|Ornaments, Garland & Tree Toppers|11"" SILVER OUTLINE SPRING STAR",,In-Stock: Ships in 5 to 14 days,,,,L: 11in W: 2.75in H: 12in,,4,$25.50 ,,,,,4,Ragon400,Ragon160,https://cdn11.bigcommerce.com/s-xvps74vl0m/images/stencil/1280x1280/products/7652/17642/WS202248_2__26343.1645761571.jpg?c=1,WS202248_2__26343.1645761571.jpg?c=1,,,Ragon800,WS202248_2__26343.1645761571.jpg?c=1
,,,,,,,,,,,,,,,,,,,,,,,,
"11"" GOLD BELSNICKLE W/ USA FLAG",WS218305,"Home|Holiday|Snowmen, Santas & Angels|11"" GOLD BELSNICKLE W/ USA FLAG",,In-Stock: Ships in 5 to 14 days,,,,H: 11in,,3,$23.25 ,,,,,3,Ragon400,Ragon160,https://cdn11.bigcommerce.com/s-xvps74vl0m/images/stencil/1280x1280/products/9355/25626/WS218305_1__62017.1677258210.jpg?c=1,WS218305_1__62017.1677258210.jpg?c=1,,,Ragon800,WS218305_1__62017.1677258210.jpg?c=1
,,,,,,,,,,,,,,,,,,,,,,,,
"7"" CREAM 3D FLAME BALSAM TREE CANDLE",NY236680,"Home|Flameless Candles|7"" CREAM 3D FLAME BALSAM TREE CANDLE","6 HR TIMER | ON/OFF BUTTON
REQUIRES 2 (AA) BATTERIES, BATTERIES NOT INCLUDED.",In-Stock: Ships in 5 to 14 days,,,,L: 4in W: 4in H: 7in,,6,$7.45 ,,,,,6,Ragon400,Ragon160,https://cdn11.bigcommerce.com/s-xvps74vl0m/images/stencil/1280x1280/products/17670/40144/NY236680_3__37280.1748357098.jpg?c=1,NY236680_3__37280.1748357098.jpg?c=1,,,Ragon800,NY236680_3__37280.1748357098.jpg?c=1
,,,,,,,,,,,,,,,,,,,,,,,,
SET/ 3 GREEN OMBRE BOTTLEBRUSH TREES,WS221463,Home|Holiday|Bottlebrush|SET/ 3 GREEN OMBRE BOTTLEBRUSH TREES,"SM: 15""H MD: 17""H LG: 19""H",In-Stock: Ships in 5 to 14 days,,,,See Details tab,,2,$37.50 ,,,,,2,Ragon400,Ragon160,https://cdn11.bigcommerce.com/s-xvps74vl0m/images/stencil/1280x1280/products/12298/32377/WS221463_1__86909.1708440895.jpg?c=1,WS221463_1__86909.1708440895.jpg?c=1,,,Ragon800,WS221463_1__86909.1708440895.jpg?c=1
,,,,,,,,,,,,,,,,,,,,,,,,
"14"" TO ALL A GOOD NIGHT ON WOODEN STAND",H165029,"Home|Holiday|Signs|14"" TO ALL A GOOD NIGHT ON WOODEN STAND",,Late August,,,,L: 14in W: 3.25in H: 12.25in,,1,$37.00 ,,,,,1,Ragon400,Ragon160,https://cdn11.bigcommerce.com/s-xvps74vl0m/images/stencil/1280x1280/products/3516/9140/H165029_2__69506.1626463745.jpg?c=1,H165029_2__69506.1626463745.jpg?c=1,,,Ragon800,H165029_2__69506.1626463745.jpg?c=1
,,,,,,,,,,,,,,,,,,,,,,,,
"38.25"" DIAMOND WALL MIRROR",FB215853,"Home|Everyday|Wall Décor|38.25"" DIAMOND WALL MIRROR",2 KEYHOLE HANGERS,In-Stock: Ships in 5 to 14 days,,,,L: 24.25in W: 1.75in H: 38.25in,,1,$97.00 ,,,,,1,Ragon400,Ragon160,https://cdn11.bigcommerce.com/s-xvps74vl0m/images/stencil/1280x1280/products/8351/26230/FB215853_1__55402.1677259213.jpg?c=1,FB215853_1__55402.1677259213.jpg?c=1,,,Ragon800,FB215853_1__55402.1677259213.jpg?c=1
,,,,,,,,,,,,,,,,,,,,,,,,
"12"" SERENITY PILLAR CANDLE HOLDER",FB237251,"Home|Everyday|Candle Holders|12"" SERENITY PILLAR CANDLE HOLDER","HOLD 3"" CANDLE",In-Stock: Ships in 5 to 14 days,,,,L: 4.75in W: 4.75in H: 12in,,2,$18.45 ,,,,,2,Ragon400,Ragon160,https://cdn11.bigcommerce.com/s-xvps74vl0m/images/stencil/1280x1280/products/15997/36177/FB237251_1__10352.1733943240.jpg?c=1,FB237251_1__10352.1733943240.jpg?c=1,,,Ragon800,FB237251_1__10352.1733943240.jpg?c=1
,,,,,,,,,,,,,,,,,,,,,,,,
"72"" RED & WHITE STRIPE BEAD GARLAND",WS202390,"Home|Holiday|Ornaments, Garland & Tree Toppers|72"" RED & WHITE STRIPE BEAD GARLAND",,In-Stock: Ships in 5 to 14 days,,,,L: 72in W: 0.50in H: 0.50in,,6,$23.25 ,,,,,6,Ragon400,Ragon160,https://cdn11.bigcommerce.com/s-xvps74vl0m/images/stencil/1280x1280/products/7664/17651/WS202390_1__80278.1645762215.jpg?c=1,WS202390_1__80278.1645762215.jpg?c=1,,,Ragon800,WS202390_1__80278.1645762215.jpg?c=1
,,,,,,,,,,,,,,,,,,,,,,,,
"5"" GLASS 3D FLAME CANDLE",NY213020,"Home|Flameless Candles|5"" GLASS 3D FLAME CANDLE","6 HR TIMER
REQUIRES 3 (AAA) BATTERIES, BATTERIES NOT INCLUDED.",Projected Summer 2025,,,,L: 3in W: 3in H: 5in,,6,$7.45 ,,,,,6,Ragon400,Ragon160,https://cdn11.bigcommerce.com/s-xvps74vl0m/images/stencil/1280x1280/products/8549/28087/NY213020_1__27418.1687553632.jpg?c=1,NY213020_1__27418.1687553632.jpg?c=1,,,Ragon800,NY213020_1__27418.1687553632.jpg?c=1
,,,,,,,,,,,,,,,,,,,,,,,,
WINTER BARN SCENE,E234002,Home|Holiday|Signs|WINTER BARN SCENE,,In-Stock: Ships in 5 to 14 days,,,,L: 36in W: 1in H: 28in,,2,$57.25 ,,,,,2,Ragon400,Ragon160,https://cdn11.bigcommerce.com/s-xvps74vl0m/images/stencil/1280x1280/products/17018/40081/E234002_2__26925.1747943093.jpg?c=1,E234002_2__26925.1747943093.jpg?c=1,,,Ragon800,E234002_2__26925.1747943093.jpg?c=1
,,,,,,,,,,,,,,,,,,,,,,,,
"29"" MINI FICUS SPRAY",G228366,"Home|Everyday|Florals|29"" MINI FICUS SPRAY",,SOLD OUT,,,,L: 29in,,,$4.95 ,,,,,,Ragon400,Ragon160,https://cdn11.bigcommerce.com/s-xvps74vl0m/images/stencil/1280x1280/products/10151/35741/G228366_2__75316.1733863876.jpg?c=1,G228366_2__75316.1733863876.jpg?c=1,,,Ragon800,G228366_2__75316.1733863876.jpg?c=1
,,,,,,,,,,,,,,,,,,,,,,,,
"28"" x 18"" WINTER COTTAGE PRINT",RH239759,"Home|Holiday|Signs|28"" x 18"" WINTER COTTAGE PRINT",,Projected Summer 2025,,,,L: 28in H: 18in,,2,$28.75 ,,,,,2,Ragon400,Ragon160,https://cdn11.bigcommerce.com/s-xvps74vl0m/images/stencil/1280x1280/products/18358/40106/RH239759_2__42206.1747945470.jpg?c=1,RH239759_2__42206.1747945470.jpg?c=1,,,Ragon800,RH239759_2__42206.1747945470.jpg?c=1
,,,,,,,,,,,,,,,,,,,,,,,,
"4"" RED WINE GLASS ORNAMENT",SS232306,"Home|Holiday|Ornaments, Garland & Tree Toppers|4"" RED WINE GLASS ORNAMENT",,Projected Summer 2025,,,,L: 4in,,6,$4.15 ,,,,,6,Ragon400,Ragon160,https://cdn11.bigcommerce.com/s-xvps74vl0m/images/stencil/1280x1280/products/17830/41826/SS232306_2__00877.1751315499.jpg?c=1,SS232306_2__00877.1751315499.jpg?c=1,,,Ragon800,SS232306_2__00877.1751315499.jpg?c=1
,,,,,,,,,,,,,,,,,,,,,,,,
"36"" WHITE STOCKING WITH BLACK STRIPES",HE205567,"Home|Sale!|Holiday|36"" WHITE STOCKING WITH BLACK STRIPES",,In-Stock: Ships in 5 to 14 days,,,,L: 36in W: 23in,,6,$31.75 ,,,,,6,Ragon400,Ragon160,https://cdn11.bigcommerce.com/s-xvps74vl0m/images/stencil/1280x1280/products/7161/19312/HE205567__47606.1651755226.jpg?c=1,HE205567__47606.1651755226.jpg?c=1,,,Ragon800,HE205567__47606.1651755226.jpg?c=1
,,,,,,,,,,,,,,,,,,,,,,,,
"7"" LIFE OF JAMES GARFIELD JOURNAL",L221519,"Home|Everyday|Journals|7"" LIFE OF JAMES GARFIELD JOURNAL",,In-Stock: Ships in 5 to 14 days,,,,L: 4in W: 2in H: 7in,,2,$13.75 ,,,,,2,Ragon400,Ragon160,https://cdn11.bigcommerce.com/s-xvps74vl0m/images/stencil/1280x1280/products/10261/28930/L221519_5__39395.1701887322.jpg?c=1,L221519_5__39395.1701887322.jpg?c=1,,,Ragon800,L221519_5__39395.1701887322.jpg?c=1
,,,,,,,,,,,,,,,,,,,,,,,,
"16"" CREAM HOPS BUSH",G228494,"Home|Everyday|Florals|16"" CREAM HOPS BUSH",,In-Stock: Ships in 5 to 14 days,,,,L: 16in,,6,$9.35 ,,,,,6,Ragon400,Ragon160,https://cdn11.bigcommerce.com/s-xvps74vl0m/images/stencil/1280x1280/products/11288/39259/G228494_6__87468.1741202708.jpg?c=1,G228494_6__87468.1741202708.jpg?c=1,,,Ragon800,G228494_6__87468.1741202708.jpg?c=1
,,,,,,,,,,,,,,,,,,,,,,,,
"8.25"" POTTED WHITE PANSY",OR235586,"Home|Everyday|Spring & Garden|8.25"" POTTED WHITE PANSY",,SOLD OUT,,,,L: 1.75in W: 1.75in H: 8.25in,,,$3.85 ,,,,,,Ragon400,Ragon160,https://cdn11.bigcommerce.com/s-xvps74vl0m/images/stencil/1280x1280/products/16719/35221/OR235586_4__47871.1733861458.jpg?c=1,OR235586_4__47871.1733861458.jpg?c=1,,,Ragon800,OR235586_4__47871.1733861458.jpg?c=1
,,,,,,,,,,,,,,,,,,,,,,,,
DADDY'S GIRL SIGN,E217835,Home|Sale!|Everyday|DADDY'S GIRL SIGN,6''L X 2.50''W X 6.75''H,In-Stock: Ships in 5 to 14 days,,,,L: 6in W: 2.50in H: 6.75in,,4,$9.85 ,,,,,4,Ragon400,Ragon160,https://cdn11.bigcommerce.com/s-xvps74vl0m/images/stencil/1280x1280/products/5675/13079/E183195_41k5-nf__47305.1632425184.jpg?c=1,E183195_41k5-nf__47305.1632425184.jpg?c=1,,,Ragon800,E183195_41k5-nf__47305.1632425184.jpg?c=1
,,,,,,,,,,,,,,,,,,,,,,,,
ETHEL'S GINGERBREAD HOUSE ORNAMENT,WS231696,"Home|Holiday|Ornaments, Garland & Tree Toppers|ETHEL'S GINGERBREAD HOUSE ORNAMENT",,Early September,,,,L: 2.50in W: 2.50in H: 2.75in,,12,$4.70 ,,,,,12,Ragon400,Ragon160,https://cdn11.bigcommerce.com/s-xvps74vl0m/images/stencil/1280x1280/products/18166/40469/WS231696_5__56096.1749138661.jpg?c=1,WS231696_5__56096.1749138661.jpg?c=1,,,Ragon800,WS231696_5__56096.1749138661.jpg?c=1
,,,,,,,,,,,,,,,,,,,,,,,,
"2.5"" BRONZE MORGAN BELL ORNAMENT",ZH222809,"Home|Holiday|Bells|2.5"" BRONZE MORGAN BELL ORNAMENT",,In-Stock: Ships in 5 to 14 days,,,,L: 3.25in W: 3.25in H: 2.50in,,6,$3.30 ,,,,,6,Ragon400,Ragon160,https://cdn11.bigcommerce.com/s-xvps74vl0m/images/stencil/1280x1280/products/15741/34060/ZH213535_1__44999.1716307865.jpg?c=1,ZH213535_1__44999.1716307865.jpg?c=1,,,Ragon800,ZH213535_1__44999.1716307865.jpg?c=1
,,,,,,,,,,,,,,,,,,,,,,,,
"20.5"" PURPLE BABY'S BREATH BUSH",G228138,"Home|Sale!|Everyday|20.5"" PURPLE BABY'S BREATH BUSH",,In-Stock: Ships in 5 to 14 days,,,,L: 20.50in,,12,$8.80 ,,,,,12,Ragon400,Ragon160,https://cdn11.bigcommerce.com/s-xvps74vl0m/images/stencil/1280x1280/products/10084/29969/G228138_2__25598.1702309906.jpg?c=1,G228138_2__25598.1702309906.jpg?c=1,,,Ragon800,G228138_2__25598.1702309906.jpg?c=1
,,,,,,,,,,,,,,,,,,,,,,,,
HORIZONTAL OCTAGON FRAME W/ STUMP BASE,E217016,Home|Holiday|Tabletop & Misc.|HORIZONTAL OCTAGON FRAME W/ STUMP BASE,PHOTO: 4X4,SOLD OUT,,,,L: 9.50in W: 5.25in H: 8in,,,$14.85 ,,,,,,Ragon400,Ragon160,https://cdn11.bigcommerce.com/s-xvps74vl0m/images/stencil/1280x1280/products/8171/28474/E217016_5__06004.1697644279.jpg?c=1,E217016_5__06004.1697644279.jpg?c=1,,,Ragon800,E217016_5__06004.1697644279.jpg?c=1
,,,,,,,,,,,,,,,,,,,,,,,,
"5.75"" SILVER SNOWFLAKE ORNAMENT W/ CENTER JEWEL",SS235907,"Home|Holiday|5.75"" SILVER SNOWFLAKE ORNAMENT W/ CENTER JEWEL",,Projected Summer 2025,,,,L: 5.75in H: 5.75in,,12,$4.15 ,,,,,12,Ragon400,Ragon160,https://cdn11.bigcommerce.com/s-xvps74vl0m/images/stencil/1280x1280/products/17731/40300/SS235907_1__32220.1748894525.jpg?c=1,SS235907_1__32220.1748894525.jpg?c=1,,,Ragon800,SS235907_1__32220.1748894525.jpg?c=1
,,,,,,,,,,,,,,,,,,,,,,,,
"4"" WHITE KUGEL ORNAMENT",SS13971,"Home|Holiday|Ornaments, Garland & Tree Toppers|4"" WHITE KUGEL ORNAMENT","4""W, GLASS",In-Stock: Ships in 5 to 14 days,,,,W: 4in,,6,$3.25 ,,,,,6,Ragon400,Ragon160,https://cdn11.bigcommerce.com/s-xvps74vl0m/images/stencil/1280x1280/products/2942/10960/SS13971_square__40455.1649171097.jpg?c=1,SS13971_square__40455.1649171097.jpg?c=1,,,Ragon800,SS13971_square__40455.1649171097.jpg?c=1
,,,,,,,,,,,,,,,,,,,,,,,,
VERTICAL CAMP SIGN,E234011,Home|Sale!|Everyday|VERTICAL CAMP SIGN,2 SAWTOOTH HANGERS,In-Stock: Ships in 5 to 14 days,,,,L: 12in W: 1.50in H: 47.50in,,6,$38.50 ,,,,,6,Ragon400,Ragon160,https://cdn11.bigcommerce.com/s-xvps74vl0m/images/stencil/1280x1280/products/15830/36759/E234011_1__04993.1733943383.jpg?c=1,E234011_1__04993.1733943383.jpg?c=1,,,Ragon800,E234011_1__04993.1733943383.jpg?c=1
,,,,,,,,,,,,,,,,,,,,,,,,
"5"" IVORY GLASS ORNAMENT",SS232377,"Home|Holiday|Ornaments, Garland & Tree Toppers|5"" IVORY GLASS ORNAMENT",,In-Stock: Ships in 5 to 14 days,,,,L: 5in,,4,$7.70 ,,,,,4,Ragon400,Ragon160,https://cdn11.bigcommerce.com/s-xvps74vl0m/images/stencil/1280x1280/products/17841/41603/SS232377_1__47506.1749826527.jpg?c=1,SS232377_1__47506.1749826527.jpg?c=1,,,Ragon800,SS232377_1__47506.1749826527.jpg?c=1
,,,,,,,,,,,,,,,,,,,,,,,,
GREY WOODEN BASKET,LW196565,Home|Everyday|Baskets & Buckets|GREY WOODEN BASKET,"8""L X 8""W X 7.50""H, HANDLE HEIGHT 14.57""H, WOOD",In-Stock: Ships in 5 to 14 days,,,,L: 8in W: 8in H: 7.50in,,2,$40.50 ,,,,,2,Ragon400,Ragon160,https://cdn11.bigcommerce.com/s-xvps74vl0m/images/stencil/1280x1280/products/3886/28245/LW196565_1__62847.1689618285.jpg?c=1,LW196565_1__62847.1689618285.jpg?c=1,,,Ragon800,LW196565_1__62847.1689618285.jpg?c=1
,,,,,,,,,,,,,,,,,,,,,,,,
"8"" WHITE FORTIFIED HOOK",MH222615,"Home|Sale!|Everyday|8"" WHITE FORTIFIED HOOK",,In-Stock: Ships in 5 to 14 days,,,,L: 1in W: 1.50in H: 8in,,12,$2.50 ,,,,,12,Ragon400,Ragon160,https://cdn11.bigcommerce.com/s-xvps74vl0m/images/stencil/1280x1280/products/10356/29065/MH222615__89834.1701887369.jpg?c=1,MH222615__89834.1701887369.jpg?c=1,,,Ragon800,MH222615__89834.1701887369.jpg?c=1
,,,,,,,,,,,,,,,,,,,,,,,,
"14"" RED METAL TREE W/ STAR",BF225751,"Home|Holiday|Tabletop & Misc.|14"" RED METAL TREE W/ STAR",,In-Stock: Ships in 5 to 14 days,,,,L: 4.25in W: 4.25in H: 14in,,3,$14.85 ,,,,,3,Ragon400,Ragon160,https://cdn11.bigcommerce.com/s-xvps74vl0m/images/stencil/1280x1280/products/10865/33313/BF225751_3__91040.1711115375.jpg?c=1,BF225751_3__91040.1711115375.jpg?c=1,,,Ragon800,BF225751_3__91040.1711115375.jpg?c=1
,,,,,,,,,,,,,,,,,,,,,,,,
"14"" SEAFOAM GREEN BOTTLEBRUSH TREE",WS202101,"Home|Holiday|Bottlebrush|14"" SEAFOAM GREEN BOTTLEBRUSH TREE",,In-Stock: Ships in 5 to 14 days,,,,L: 4.50in W: 4.50in H: 14in,,6,$14.30 ,,,,,6,Ragon400,Ragon160,https://cdn11.bigcommerce.com/s-xvps74vl0m/images/stencil/1280x1280/products/7924/17485/WS202101_2__82720.1647956457.jpg?c=1,WS202101_2__82720.1647956457.jpg?c=1,,,Ragon800,WS202101_2__82720.1647956457.jpg?c=1
,,,,,,,,,,,,,,,,,,,,,,,,
"14.75"" BURGUNDY W/ GOLD TRIM PAPER TREE",WS221444,"Home|Sale!|Holiday|14.75"" BURGUNDY W/ GOLD TRIM PAPER TREE",,In-Stock: Ships in 5 to 14 days,,,,L: 8in W: 8in H: 14.75in,,5,$10.45 ,,,,,5,Ragon400,Ragon160,https://cdn11.bigcommerce.com/s-xvps74vl0m/images/stencil/1280x1280/products/12279/33452/WS221444_2__92174.1711115418.jpg?c=1,WS221444_2__92174.1711115418.jpg?c=1,,,Ragon800,WS221444_2__92174.1711115418.jpg?c=1
,,,,,,,,,,,,,,,,,,,,,,,,
RED ROOF CHURCH BIRDHOUSE,HY204232,Home|Holiday|Tabletop & Misc.|RED ROOF CHURCH BIRDHOUSE,,In-Stock: Ships in 5 to 14 days,,,,L: 8in W: 9in H: 16.50in,,2,$42.00 ,,,,,2,Ragon400,Ragon160,https://cdn11.bigcommerce.com/s-xvps74vl0m/images/stencil/1280x1280/products/7773/17738/HY204232_2__44186.1664284336.jpg?c=1,HY204232_2__44186.1664284336.jpg?c=1,,,Ragon800,HY204232_2__44186.1664284336.jpg?c=1
,,,,,,,,,,,,,,,,,,,,,,,,
"22.25"" FISH ON STAND",H223332,"Home|Sale!|Everyday|22.25"" FISH ON STAND",,In-Stock: Ships in 5 to 14 days,,,,L: 22.25in W: 7in H: 18.50in,,1,$98.00 ,,,,,1,Ragon400,Ragon160,https://cdn11.bigcommerce.com/s-xvps74vl0m/images/stencil/1280x1280/products/14094/31817/H223332_1__69906.1707245625.jpg?c=1,H223332_1__69906.1707245625.jpg?c=1,,,Ragon800,H223332_1__69906.1707245625.jpg?c=1
,,,,,,,,,,,,,,,,,,,,,,,,
"36"" ICE PINE HANGING VINE",G219598,"Home|Holiday|Greenery, Wreaths & Trees|36"" ICE PINE HANGING VINE",,In-Stock: Ships in 5 to 14 days,,,,L: 36in,,12,$11.55 ,,,,,12,Ragon400,Ragon160,https://cdn11.bigcommerce.com/s-xvps74vl0m/images/stencil/1280x1280/products/8868/41380/G219598_4__33520.1749826478.jpg?c=1,G219598_4__33520.1749826478.jpg?c=1,,,Ragon800,G219598_4__33520.1749826478.jpg?c=1
,,,,,,,,,,,,,,,,,,,,,,,,
GALVANIZED MANTEL CLOCK,E217325,Home|Everyday|Wall Décor|GALVANIZED MANTEL CLOCK,"DIA: 11""
REQUIRES (1 AA) BATTERY / BATTERIES, NOT INCLUDED.",SOLD OUT,,,,L: 9.50in W: 2.25in H: 11in,,,$33.00 ,,,,,,Ragon400,Ragon160,https://cdn11.bigcommerce.com/s-xvps74vl0m/images/stencil/1280x1280/products/9825/24300/E217325_2__16177.1677257785.jpg?c=1,E217325_2__16177.1677257785.jpg?c=1,,,Ragon800,E217325_2__16177.1677257785.jpg?c=1
,,,,,,,,,,,,,,,,,,,,,,,,
"23.75"" WOOD PLANK SHELF",FB237290,"Home|Everyday|Wall Décor|23.75"" WOOD PLANK SHELF","INCLUDES METAL BRACKET
2 NAIL HOLES",In-Stock: Ships in 5 to 14 days,,,,L: 23.75in W: 6in H: 2.50in,,2,$20.50 ,,,,,2,Ragon400,Ragon160,https://cdn11.bigcommerce.com/s-xvps74vl0m/images/stencil/1280x1280/products/16021/36567/FB237290_1__31317.1733943330.jpg?c=1,FB237290_1__31317.1733943330.jpg?c=1,,,Ragon800,FB237290_1__31317.1733943330.jpg?c=1
,,,,,,,,,,,,,,,,,,,,,,,,
"15"" FROSTED MISTLETOE BUSH",G224990,"Home|Sale!|Holiday|15"" FROSTED MISTLETOE BUSH",,In-Stock: Ships in 5 to 14 days,,,,L: 15in,,6,$4.95 ,,,,,6,Ragon400,Ragon160,https://cdn11.bigcommerce.com/s-xvps74vl0m/images/stencil/1280x1280/products/11137/41155/G224990_2__19474.1749826433.jpg?c=1,G224990_2__19474.1749826433.jpg?c=1,,,Ragon800,G224990_2__19474.1749826433.jpg?c=1
,,,,,,,,,,,,,,,,,,,,,,,,
6' HEMLOCK & DOUGLAS FIR W/ MINI PINECONE GARLAND,G233611,"Home|Holiday|Greenery, Wreaths & Trees|6' HEMLOCK & DOUGLAS FIR W/ MINI PINECONE GARLAND",,In-Stock: Ships in 5 to 14 days,,,,L: 72in W: 4in,,2,$15.40 ,,,,,2,Ragon400,Ragon160,https://cdn11.bigcommerce.com/s-xvps74vl0m/images/stencil/1280x1280/products/17264/41501/G233611_2__26487.1749826506.jpg?c=1,G233611_2__26487.1749826506.jpg?c=1,,,Ragon800,G233611_2__26487.1749826506.jpg?c=1
,,,,,,,,,,,,,,,,,,,,,,,,
"SET/6 - 12"" MUSTARD HUES BOTTLE BRUSH TREES",WS218042,"Home|Sale!|Holiday|SET/6 - 12"" MUSTARD HUES BOTTLE BRUSH TREES",,In-Stock: Ships in 3 to 7 days,,,,W: 3in H: 12in,,3,$35.75 ,,,,,3,Ragon400,Ragon160,https://cdn11.bigcommerce.com/s-xvps74vl0m/images/stencil/1280x1280/products/9193/25417/WS218042_3__10563.1677258141.jpg?c=1,WS218042_3__10563.1677258141.jpg?c=1,,,Ragon800,WS218042_3__10563.1677258141.jpg?c=1
,,,,,,,,,,,,,,,,,,,,,,,,
"14.5"" RUST POPLAR LEAF BUSH",HZ238874,"Home|Everyday|Florals|14.5"" RUST POPLAR LEAF BUSH",,In-Stock: Ships in 5 to 14 days,,,,L: 14.50in W: 7in,,25,$1.65 ,,,,,25,Ragon400,Ragon160,https://cdn11.bigcommerce.com/s-xvps74vl0m/images/stencil/1280x1280/products/16450/34880/HZ238874_2__16449.1733861356.jpg?c=1,HZ238874_2__16449.1733861356.jpg?c=1,,,Ragon800,HZ238874_2__16449.1733861356.jpg?c=1
,,,,,,,,,,,,,,,,,,,,,,,,
"7"" THE OCEAN JOURNAL",L221528,"Home|Everyday|Journals|7"" THE OCEAN JOURNAL",,In-Stock: Ships in 5 to 14 days,,,,L: 4in W: 2in H: 7in,,2,$13.75 ,,,,,2,Ragon400,Ragon160,https://cdn11.bigcommerce.com/s-xvps74vl0m/images/stencil/1280x1280/products/10270/34184/L221528_3__70787.1728444860.jpg?c=1,L221528_3__70787.1728444860.jpg?c=1,,,Ragon800,L221528_3__70787.1728444860.jpg?c=1
,,,,,,,,,,,,,,,,,,,,,,,,
"7.25"" OCHRE MUSHROOM",BF224487,"Home|Everyday|Camping|7.25"" OCHRE MUSHROOM",,SOLD OUT,,,,L: 4in W: 4in H: 7.25in,,,$6.60 ,,,,,,Ragon400,Ragon160,https://cdn11.bigcommerce.com/s-xvps74vl0m/images/stencil/1280x1280/products/10858/33557/BF224487_2__07195.1712154066.jpg?c=1,BF224487_2__07195.1712154066.jpg?c=1,,,Ragon800,BF224487_2__07195.1712154066.jpg?c=1
,,,,,,,,,,,,,,,,,,,,,,,,
GLITTERED SILVER DRAPING PICK,WS231807,Home|Holiday|Tabletop & Misc.|GLITTERED SILVER DRAPING PICK,,Early September,,,,L: 47in W: 2.25in,,12,$5.25 ,,,,,12,Ragon400,Ragon160,https://cdn11.bigcommerce.com/s-xvps74vl0m/images/stencil/1280x1280/products/18209/41462/G233279-G233470-G233583-WS231807_2__97889.1749826497.jpg?c=1,G233279-G233470-G233583-WS231807_2__97889.1749826497.jpg?c=1,,,Ragon800,G233279-G233470-G233583-WS231807_2__97889.1749826497.jpg?c=1
,,,,,,,,,,,,,,,,,,,,,,,,
"5.5"" SIMPLE SNOWMAN ORNAMENT",WS218009,"Home|Holiday|Ornaments, Garland & Tree Toppers|5.5"" SIMPLE SNOWMAN ORNAMENT",,Projected Summer 2025,,,,L: 2.37in W: 2.37in H: 5.50in,,12,$8.55 ,,,,,12,Ragon400,Ragon160,https://cdn11.bigcommerce.com/s-xvps74vl0m/images/stencil/1280x1280/products/9175/25391/WS218009_1__07416.1677258131.jpg?c=1,WS218009_1__07416.1677258131.jpg?c=1,,,Ragon800,WS218009_1__07416.1677258131.jpg?c=1
,,,,,,,,,,,,,,,,,,,,,,,,
"28.5"" DISTRESSED WHITE TREE W/ FAUX WOOD BASE",H223291,"Home|Holiday|Cabin & Lodge|28.5"" DISTRESSED WHITE TREE W/ FAUX WOOD BASE",,In-Stock: Ships in 5 to 14 days,,,,L: 18.75in W: 18.75in H: 28.50in,,1,$57.25 ,,,,,1,Ragon400,Ragon160,https://cdn11.bigcommerce.com/s-xvps74vl0m/images/stencil/1280x1280/products/11562/32166/H223291_1__17175.1708440828.jpg?c=1,H223291_1__17175.1708440828.jpg?c=1,,,Ragon800,H223291_1__17175.1708440828.jpg?c=1
,,,,,,,,,,,,,,,,,,,,,,,,
"5"" BLACK KUGEL ORNAMENT W/ GOLD STRIPE",SS236203,"Home|Holiday|Ornaments, Garland & Tree Toppers|5"" BLACK KUGEL ORNAMENT W/ GOLD STRIPE",,In-Stock: Ships in 5 to 14 days,,,,L: 5in,,4,$5.80 ,,,,,4,Ragon400,Ragon160,https://cdn11.bigcommerce.com/s-xvps74vl0m/images/stencil/1280x1280/products/17802/40623/SS236203_1__54265.1749156339.jpg?c=1,SS236203_1__54265.1749156339.jpg?c=1,,,Ragon800,SS236203_1__54265.1749156339.jpg?c=1
,,,,,,,,,,,,,,,,,,,,,,,,
"10"" MULTI COLOR BEAD BOTTLEBRUSH TREE",13498,"Home|Holiday|Bottlebrush|10"" MULTI COLOR BEAD BOTTLEBRUSH TREE",,Projected Summer 2025,,,,W: 4.25in H: 10in,,4,$12.95 ,,,,,4,Ragon400,Ragon160,https://cdn11.bigcommerce.com/s-xvps74vl0m/images/stencil/1280x1280/products/2976/27815/13498_2__17786.1682970280.jpg?c=1,13498_2__17786.1682970280.jpg?c=1,,,Ragon800,13498_2__17786.1682970280.jpg?c=1
,,,,,,,,,,,,,,,,,,,,,,,,
"5"" RED GROOVED 3D FLAME CANDLE",NY236595,"Home|Flameless Candles|5"" RED GROOVED 3D FLAME CANDLE","6 HR TIMER | ON/OFF BUTTON
REQUIRES 3 (AAA) BATTERIES, BATTERIES NOT INCLUDED.",In-Stock: Ships in 5 to 14 days,,,,L: 3in W: 3in H: 5in,,6,$5.80 ,,,,,6,Ragon400,Ragon160,https://cdn11.bigcommerce.com/s-xvps74vl0m/images/stencil/1280x1280/products/16668/36440/NY236595_3__01067.1750786794.jpg?c=1,NY236595_3__01067.1750786794.jpg?c=1,,,Ragon800,NY236595_3__01067.1750786794.jpg?c=1
,,,,,,,,,,,,,,,,,,,,,,,,
CARDINAL ON BRANCH METAL WALL PLAQUE,H237522,Home|Holiday|Signs|CARDINAL ON BRANCH METAL WALL PLAQUE,1 SAWTOOTH HANGER,In-Stock: Ships in 5 to 14 days,,,,L: 8in W: 0.25in H: 13in,,4,$8.25 ,,,,,4,Ragon400,Ragon160,https://cdn11.bigcommerce.com/s-xvps74vl0m/images/stencil/1280x1280/products/16346/41533/H237522_1__98622.1749826514.jpg?c=1,H237522_1__98622.1749826514.jpg?c=1,,,Ragon800,H237522_1__98622.1749826514.jpg?c=1
,,,,,,,,,,,,,,,,,,,,,,,,
PRICKLY PINE TAPER CANDLE RING,G233193,"Home|Holiday|Greenery, Wreaths & Trees|PRICKLY PINE TAPER CANDLE RING","1"" Opening For Taper Candle",In-Stock: Ships in 5 to 14 days,,,,L: 5in W: 5in,,12,$3.85 ,,,,,12,Ragon400,Ragon160,https://cdn11.bigcommerce.com/s-xvps74vl0m/images/stencil/1280x1280/products/17176/41450/G233193_4__39939.1749826494.jpg?c=1,G233193_4__39939.1749826494.jpg?c=1,,,Ragon800,G233193_4__39939.1749826494.jpg?c=1
,,,,,,,,,,,,,,,,,,,,,,,,
WOODLAND RACCOON ORNAMENT,KY239028,"Home|Holiday|Ornaments, Garland & Tree Toppers|WOODLAND RACCOON ORNAMENT",,Late August,,,,L: 1.75in W: 3.25in H: 2.75in,,12,$3.05 ,,,,,12,Ragon400,Ragon160,https://cdn11.bigcommerce.com/s-xvps74vl0m/images/stencil/1280x1280/products/16909/40379/KY239028_2__12992.1749068124.jpg?c=1,KY239028_2__12992.1749068124.jpg?c=1,,,Ragon800,KY239028_2__12992.1749068124.jpg?c=1
,,,,,,,,,,,,,,,,,,,,,,,,
SET/ 3 AGED GOLD TAPER CANDLESTICKS,HY238059,Home|Everyday|Candle Holders|SET/ 3 AGED GOLD TAPER CANDLESTICKS,"1"" CANDLESTICK
SM: 3.5""L X 3.5""W X 5.25""H MD: 3.5""L X 3.5""W X 7.25""H LG: 3.5""L X 3.5""W X 9.25""H",SOLD OUT,,,,See Details tab,,,$14.85 ,,,,,,Ragon400,Ragon160,https://cdn11.bigcommerce.com/s-xvps74vl0m/images/stencil/1280x1280/products/16379/36584/HY238059_5__29075.1733943335.jpg?c=1,HY238059_5__29075.1733943335.jpg?c=1,,,Ragon800,HY238059_5__29075.1733943335.jpg?c=1
,,,,,,,,,,,,,,,,,,,,,,,,
"11.25"" BRAIDED URN",H214035,"Home|Everyday|Spring & Garden|11.25"" BRAIDED URN","INSIDE DEPTH: 11"" | URN OPENING: 4""",SOLD OUT,,,,L: 12in W: 12in H: 11.25in,,,$72.75 ,,,,,,Ragon400,Ragon160,https://cdn11.bigcommerce.com/s-xvps74vl0m/images/stencil/1280x1280/products/9778/28033/H214035_2__97001.1687542894.jpg?c=1,H214035_2__97001.1687542894.jpg?c=1,,,Ragon800,H214035_2__97001.1687542894.jpg?c=1
,,,,,,,,,,,,,,,,,,,,,,,,
"6' - BROWN 1"" FLOCKED BALL GARLAND",WS221351,"Home|Holiday|Cabin & Lodge|6' - BROWN 1"" FLOCKED BALL GARLAND",,In-Stock: Ships in 5 to 14 days,,,,L: 72in,,6,$11.85 ,,,,,6,Ragon400,Ragon160,https://cdn11.bigcommerce.com/s-xvps74vl0m/images/stencil/1280x1280/products/12186/33437/WS221351_4__48368.1711115414.jpg?c=1,WS221351_4__48368.1711115414.jpg?c=1,,,Ragon800,WS221351_4__48368.1711115414.jpg?c=1
,,,,,,,,,,,,,,,,,,,,,,,,
DISTRESSED WHITE LIBRARY BOOKCASE*,SH238419,Home|Everyday|Furniture & Mirrors|DISTRESSED WHITE LIBRARY BOOKCASE*,"11.5""X37""X10.5"" inner shelf dims 10.75""X 9.5""X3.5"" drawer dims
  *ITEM MUST SHIP FREIGHT - ADDITIONAL FREIGHT CHARGES MAY APPLY. ORDERS CONTAINING FREIGHT ITEMS MUST REACH A $1,000 MINIMUM ORDER",SOLD OUT,,,,L: 39.50in W: 13.50in H: 59.75in,,,$526.00 ,,,,,,Ragon400,Ragon160,https://cdn11.bigcommerce.com/s-xvps74vl0m/images/stencil/1280x1280/products/16754/37113/SH238419_1__60168.1733943478.jpg?c=1,SH238419_1__60168.1733943478.jpg?c=1,,,Ragon800,SH238419_1__60168.1733943478.jpg?c=1
,,,,,,,,,,,,,,,,,,,,,,,,
"9.5"" CABIN W/ PORCH",WS221257,"Home|Holiday|Cabin & Lodge|9.5"" CABIN W/ PORCH","6 HR TIMER
REQUIRES 3 (AAA) BATTERIES, BATTERIES NOT INCLUDED.",In-Stock: Ships in 5 to 14 days,,,,L: 10in W: 6in H: 9.50in,,2,$32.00 ,,,,,2,Ragon400,Ragon160,https://cdn11.bigcommerce.com/s-xvps74vl0m/images/stencil/1280x1280/products/12106/32339/WS221257_6__88398.1708440882.jpg?c=1,WS221257_6__88398.1708440882.jpg?c=1,,,Ragon800,WS221257_6__88398.1708440882.jpg?c=1
,,,,,,,,,,,,,,,,,,,,,,,,
"35.5"" YELLOW DAISY SPRAY",OR235554,"Home|Sale!|Everyday|35.5"" YELLOW DAISY SPRAY",,In-Stock: Ships in 5 to 14 days,,,,L: 35.50in W: 8.50in,,12,$6.35 ,,,,,12,Ragon400,Ragon160,https://cdn11.bigcommerce.com/s-xvps74vl0m/images/stencil/1280x1280/products/16709/35181/OR235554_3__55237.1733861446.jpg?c=1,OR235554_3__55237.1733861446.jpg?c=1,,,Ragon800,OR235554_3__55237.1733861446.jpg?c=1
,,,,,,,,,,,,,,,,,,,,,,,,
"21"" PURPLE VERBENA & DAISY BUSH",G232556,"Home|Sale!|Everyday|21"" PURPLE VERBENA & DAISY BUSH",,In-Stock: Ships in 5 to 14 days,,,,L: 21in W: 10in,,12,$9.90 ,,,,,12,Ragon400,Ragon160,https://cdn11.bigcommerce.com/s-xvps74vl0m/images/stencil/1280x1280/products/16066/34357/G232556_5__60186.1733861203.jpg?c=1,G232556_5__60186.1733861203.jpg?c=1,,,Ragon800,G232556_5__60186.1733861203.jpg?c=1
,,,,,,,,,,,,,,,,,,,,,,,,
"22"" BLUE SALMON FISH",FB225382,"Home|Sale!|Everyday|22"" BLUE SALMON FISH",2 SAWTOOTH HANGER,In-Stock: Ships in 5 to 14 days,,,,L: 22in W: 0.25in H: 8.75in,,6,$10.75 ,,,,,6,Ragon400,Ragon160,https://cdn11.bigcommerce.com/s-xvps74vl0m/images/stencil/1280x1280/products/10809/33355/FB225382_5__78784.1711115387.jpg?c=1,FB225382_5__78784.1711115387.jpg?c=1,,,Ragon800,FB225382_5__78784.1711115387.jpg?c=1
,,,,,,,,,,,,,,,,,,,,,,,,
"6' BLUE, GOLD & RED BEADED GARLAND",WS231510,"Home|Holiday|Ornaments, Garland & Tree Toppers|6' BLUE, GOLD & RED BEADED GARLAND",,Projected Summer 2025,,,,L: 72in,,3,$18.45 ,,,,,3,Ragon400,Ragon160,https://cdn11.bigcommerce.com/s-xvps74vl0m/images/stencil/1280x1280/products/18047/40550/WS231510_1__93213.1749152236.jpg?c=1,WS231510_1__93213.1749152236.jpg?c=1,,,Ragon800,WS231510_1__93213.1749152236.jpg?c=1
,,,,,,,,,,,,,,,,,,,,,,,,
"31"" PINE TREE W/ TIED BURLAP BASE",G224962,"Home|Holiday|Cabin & Lodge|31"" PINE TREE W/ TIED BURLAP BASE",,In-Stock: Ships in 5 to 14 days,,,,H: 31in,,2,$27.00 ,,,,,2,Ragon400,Ragon160,https://cdn11.bigcommerce.com/s-xvps74vl0m/images/stencil/1280x1280/products/11113/32559/G224962_2__52843.1709219688.jpg?c=1,G224962_2__52843.1709219688.jpg?c=1,,,Ragon800,G224962_2__52843.1709219688.jpg?c=1
,,,,,,,,,,,,,,,,,,,,,,,,
"23"" PINE SPRAY W/ BERRIES",G191581,"Home|Holiday|Greenery, Wreaths & Trees|23"" PINE SPRAY W/ BERRIES","23""L, PE & MMF",In-Stock: Ships in 5 to 14 days,,,,L: 23in,,6,$8.55 ,,,,,6,Ragon400,Ragon160,https://cdn11.bigcommerce.com/s-xvps74vl0m/images/stencil/1280x1280/products/3557/8986/G191581__79711.1626463468.jpg?c=1,G191581__79711.1626463468.jpg?c=1,,,Ragon800,G191581__79711.1626463468.jpg?c=1
,,,,,,,,,,,,,,,,,,,,,,,,
NATURAL DOUBLE DOOR BUILDING ORNAMENT,E226673,Home|Sale!|Holiday|NATURAL DOUBLE DOOR BUILDING ORNAMENT,,In-Stock: Ships in 5 to 14 days,,,,L: 4.25in W: 0.75in H: 7in,,12,$3.85 ,,,,,12,Ragon400,Ragon160,https://cdn11.bigcommerce.com/s-xvps74vl0m/images/stencil/1280x1280/products/10964/33352/E226673_1__26177.1711115386.jpg?c=1,E226673_1__26177.1711115386.jpg?c=1,,,Ragon800,E226673_1__26177.1711115386.jpg?c=1
,,,,,,,,,,,,,,,,,,,,,,,,
DEER BY THE RIVER PAINT BY NUMBER PLATE,WS221239,Home|Everyday|Kitchen|DEER BY THE RIVER PAINT BY NUMBER PLATE,FOOD SAFE. DISHWASHER SAFE. TOP RACK ONLY. NOT FOR MICROWAVE OR OVEN USE.,In-Stock: Ships in 5 to 14 days,,,,L: 10in W: 10in,,4,$3.05 ,,,,,4,Ragon400,Ragon160,https://cdn11.bigcommerce.com/s-xvps74vl0m/images/stencil/1280x1280/products/10576/34007/WS221239_2__15272.1712868592.jpg?c=1,WS221239_2__15272.1712868592.jpg?c=1,,,Ragon800,WS221239_2__15272.1712868592.jpg?c=1
,,,,,,,,,,,,,,,,,,,,,,,,
FRAMED FRASER FIR SILHOUETTE SIGN,H214057,Home|Holiday|Cabin & Lodge|FRAMED FRASER FIR SILHOUETTE SIGN,,SOLD OUT,,,,L: 15in W: 1in H: 36in,,,$57.25 ,,,,,,Ragon400,Ragon160,https://cdn11.bigcommerce.com/s-xvps74vl0m/images/stencil/1280x1280/products/9794/27448/H214057_1__12395.1679582930.jpg?c=1,H214057_1__12395.1679582930.jpg?c=1,,,Ragon800,H214057_1__12395.1679582930.jpg?c=1
,,,,,,,,,,,,,,,,,,,,,,,,
"6.75"" PINK STANDING FAWN ORNAMENT",WS227516,"Home|Holiday|Cabin & Lodge|6.75"" PINK STANDING FAWN ORNAMENT",,In-Stock: Ships in 5 to 14 days,,,,L: 4in W: 2.14in H: 6.75in,,6,$5.50 ,,,,,6,Ragon400,Ragon160,https://cdn11.bigcommerce.com/s-xvps74vl0m/images/stencil/1280x1280/products/12426/33001/WS227516_2__95587.1710521320.jpg?c=1,WS227516_2__95587.1710521320.jpg?c=1,,,Ragon800,WS227516_2__95587.1710521320.jpg?c=1
,,,,,,,,,,,,,,,,,,,,,,,,
"22.75"" ORANGE ROSE SPRAY",OR235506,"Home|Everyday|Florals|22.75"" ORANGE ROSE SPRAY",,In-Stock: Ships in 5 to 14 days,,,,L: 22.75in W: 7in,,24,$5.25 ,,,,,24,Ragon400,Ragon160,https://cdn11.bigcommerce.com/s-xvps74vl0m/images/stencil/1280x1280/products/16686/35101/OR235506_2__74260.1733861424.jpg?c=1,OR235506_2__74260.1733861424.jpg?c=1,,,Ragon800,OR235506_2__74260.1733861424.jpg?c=1
,,,,,,,,,,,,,,,,,,,,,,,,
"6"" BLACK & WHITE TARTAN 3D FLAME GLASS CANDLE",NY239506,"Home|Flameless Candles|6"" BLACK & WHITE TARTAN 3D FLAME GLASS CANDLE","6 HR TIMER | ON/OFF BUTTON

REQUIRES 3 (AAA) BATTERIES, BATTERIES NOT INCLUDED.",In-Stock: Ships in 5 to 14 days,,,,L: 3in W: 3in H: 6in,,6,$9.10 ,,,,,6,Ragon400,Ragon160,https://cdn11.bigcommerce.com/s-xvps74vl0m/images/stencil/1280x1280/products/17692/40173/NY239506_1__57188.1748358973.jpg?c=1,NY239506_1__57188.1748358973.jpg?c=1,,,Ragon800,NY239506_1__57188.1748358973.jpg?c=1
,,,,,,,,,,,,,,,,,,,,,,,,
"5"" WHITE FROSTED GLASS 3D FLAME CANDLE",NY236474,"Home|Flameless Candles|5"" WHITE FROSTED GLASS 3D FLAME CANDLE","6 HR TIMER | ON/OFF BUTTON
REQUIRES 3 (AAA) BATTERIES, BATTERIES NOT INCLUDED.",In-Stock: Ships in 5 to 14 days,,,,L: 3in W: 3in H: 5in,,4,$8.80 ,,,,,4,Ragon400,Ragon160,https://cdn11.bigcommerce.com/s-xvps74vl0m/images/stencil/1280x1280/products/16619/36352/NY236474_1__10303.1733943279.jpg?c=1,NY236474_1__10303.1733943279.jpg?c=1,,,Ragon800,NY236474_1__10303.1733943279.jpg?c=1
,,,,,,,,,,,,,,,,,,,,,,,,
"12"" FROSTED MISTLETOE BUSH",G224991,"Home|Holiday|Greenery, Wreaths & Trees|12"" FROSTED MISTLETOE BUSH",,In-Stock: Ships in 5 to 14 days,,,,L: 12in,,6,$4.15 ,,,,,6,Ragon400,Ragon160,https://cdn11.bigcommerce.com/s-xvps74vl0m/images/stencil/1280x1280/products/11138/41019/G224991_2__69985.1749826408.jpg?c=1,G224991_2__69985.1749826408.jpg?c=1,,,Ragon800,G224991_2__69985.1749826408.jpg?c=1
,,,,,,,,,,,,,,,,,,,,,,,,
"8"" LIGHTED GINGERBREAD MANOR",G233526,"Home|Holiday|Tabletop & Misc.|8"" LIGHTED GINGERBREAD MANOR","REQUIRES 3 (AAA) BATTERIES, BATTERIES NOT INCLUDED.",In-Stock: Ships in 5 to 14 days,,,,L: 8.50in W: 5.50in H: 8in,,2,$21.25 ,,,,,2,Ragon400,Ragon160,https://cdn11.bigcommerce.com/s-xvps74vl0m/images/stencil/1280x1280/products/17251/40112/G233526_4__50757.1747946124.jpg?c=1,G233526_4__50757.1747946124.jpg?c=1,,,Ragon800,G233526_4__50757.1747946124.jpg?c=1
,,,,,,,,,,,,,,,,,,,,,,,,
"9"" POTTED MONEY LEAF PLANT",OR206286,"Home|Sale!|Everyday|9"" POTTED MONEY LEAF PLANT",,In-Stock: Ships in 5 to 14 days,,,,W: 8in H: 9in,,12,$8.80 ,,,,,12,Ragon400,Ragon160,https://cdn11.bigcommerce.com/s-xvps74vl0m/images/stencil/1280x1280/products/7697/36026/OR206286_4__21197.1733863959.jpg?c=1,OR206286_4__21197.1733863959.jpg?c=1,,,Ragon800,OR206286_4__21197.1733863959.jpg?c=1
,,,,,,,,,,,,,,,,,,,,,,,,
"6.25"" GOLD DUSTED BRONZE PINECONE ORNAMENT",WS227741,"Home|Holiday|Cabin & Lodge|6.25"" GOLD DUSTED BRONZE PINECONE ORNAMENT",,Early September,,,,L: 3.25in W: 3.25in H: 6.25in,,6,$5.80 ,,,,,6,Ragon400,Ragon160,https://cdn11.bigcommerce.com/s-xvps74vl0m/images/stencil/1280x1280/products/12529/33024/WS227741_2__12219.1710521329.jpg?c=1,WS227741_2__12219.1710521329.jpg?c=1,,,Ragon800,WS227741_2__12219.1710521329.jpg?c=1
,,,,,,,,,,,,,,,,,,,,,,,,
"20.75"" DARK RED ONION SPRAY",OR224788,"Home|Everyday|Florals|20.75"" DARK RED ONION SPRAY",,SOLD OUT,,,,L: 20.75in,,,$4.15 ,,,,,,Ragon400,Ragon160,https://cdn11.bigcommerce.com/s-xvps74vl0m/images/stencil/1280x1280/products/10502/35446/OR224788_4__06686.1733863794.jpg?c=1,OR224788_4__06686.1733863794.jpg?c=1,,,Ragon800,OR224788_4__06686.1733863794.jpg?c=1
,,,,,,,,,,,,,,,,,,,,,,,,
"3.75"" BRONZE AMBER BELL ORNAMENT",ZH213543,"Home|Holiday|Bells|3.75"" BRONZE AMBER BELL ORNAMENT",,SOLD OUT,,,,L: 3in W: 3in H: 3.75in,,,$3.30 ,,,,,,Ragon400,Ragon160,https://cdn11.bigcommerce.com/s-xvps74vl0m/images/stencil/1280x1280/products/9589/27304/ZH213543_1__47896.1679582882.jpg?c=1,ZH213543_1__47896.1679582882.jpg?c=1,,,Ragon800,ZH213543_1__47896.1679582882.jpg?c=1
,,,,,,,,,,,,,,,,,,,,,,,,
6' MULTICOLOR BEADED GARLAND,WS231518,"Home|Holiday|Ornaments, Garland & Tree Toppers|6' MULTICOLOR BEADED GARLAND",,Projected Summer 2025,,,,L: 72in,,3,$18.45 ,,,,,3,Ragon400,Ragon160,https://cdn11.bigcommerce.com/s-xvps74vl0m/images/stencil/1280x1280/products/18052/40652/WS231518_2__18396.1749157476.jpg?c=1,WS231518_2__18396.1749157476.jpg?c=1,,,Ragon800,WS231518_2__18396.1749157476.jpg?c=1
,,,,,,,,,,,,,,,,,,,,,,,,
"11.25"" TALL GALVANIZED BUCKET",BF224345,"Home|Sale!|Everyday|11.25"" TALL GALVANIZED BUCKET",,In-Stock: Ships in 5 to 14 days,,,,L: 6.25in W: 6.25in H: 11.25in,,2,$17.60 ,,,,,2,Ragon400,Ragon160,https://cdn11.bigcommerce.com/s-xvps74vl0m/images/stencil/1280x1280/products/9990/28525/BF224345_5__81216.1701887183.jpg?c=1,BF224345_5__81216.1701887183.jpg?c=1,,,Ragon800,BF224345_5__81216.1701887183.jpg?c=1
,,,,,,,,,,,,,,,,,,,,,,,,
"1"" RED UNWIRED VELVET RIBBON",SS236152,"Home|Holiday|Textiles|1"" RED UNWIRED VELVET RIBBON",,Projected Summer 2025,,,,L: 360in W: 1in,,6,$6.60 ,,,,,6,Ragon400,Ragon160,https://cdn11.bigcommerce.com/s-xvps74vl0m/images/stencil/1280x1280/products/17777/41664/SS236152_2__77481.1749826540.jpg?c=1,SS236152_2__77481.1749826540.jpg?c=1,,,Ragon800,SS236152_2__77481.1749826540.jpg?c=1
,,,,,,,,,,,,,,,,,,,,,,,,
WHITEOUT MOUSE W/ CHEESE ORNAMENT,WS202385,"Home|Holiday|Ornaments, Garland & Tree Toppers|WHITEOUT MOUSE W/ CHEESE ORNAMENT",,In-Stock: Ships in 5 to 14 days,,,,H: 3.50in,,12,$5.80 ,,,,,12,Ragon400,Ragon160,https://cdn11.bigcommerce.com/s-xvps74vl0m/images/stencil/1280x1280/products/7944/17649/WS202385_1__12223.1645762056.jpg?c=1,WS202385_1__12223.1645762056.jpg?c=1,,,Ragon800,WS202385_1__12223.1645762056.jpg?c=1
,,,,,,,,,,,,,,,,,,,,,,,,
SET/ 6 SILVER GLASS SNOWFLAKE ORNAMENTS,WS231602,"Home|Holiday|Ornaments, Garland & Tree Toppers|SET/ 6 SILVER GLASS SNOWFLAKE ORNAMENTS",,Projected Summer 2025,,,,L: 2in W: 2in H: 2.50in,,6,$17.90 ,,,,,6,Ragon400,Ragon160,https://cdn11.bigcommerce.com/s-xvps74vl0m/images/stencil/1280x1280/products/18100/40664/WS231602_3__34468.1749157843.jpg?c=1,WS231602_3__34468.1749157843.jpg?c=1,,,Ragon800,WS231602_3__34468.1749157843.jpg?c=1
,,,,,,,,,,,,,,,,,,,,,,,,
"5"" SILVER KUGEL ORNAMENT W/ GOLD SNOWFLAKE",SS236208,"Home|Holiday|Ornaments, Garland & Tree Toppers|5"" SILVER KUGEL ORNAMENT W/ GOLD SNOWFLAKE",,In-Stock: Ships in 5 to 14 days,,,,L: 5in,,4,$5.80 ,,,,,4,Ragon400,Ragon160,https://cdn11.bigcommerce.com/s-xvps74vl0m/images/stencil/1280x1280/products/17807/40628/SS236208_2__98822.1749156518.jpg?c=1,SS236208_2__98822.1749156518.jpg?c=1,,,Ragon800,SS236208_2__98822.1749156518.jpg?c=1
,,,,,,,,,,,,,,,,,,,,,,,,
"SET/ 2 - 7.25"" 3D FLAME BEIGE TAPER CANDLE",NY229024,"Home|Flameless Candles|SET/ 2 - 7.25"" 3D FLAME BEIGE TAPER CANDLE","6 HR TIMER | ON/OFF BUTTON
REQUIRES 2 (AAA) BATTERIES, BATTERIES NOT INCLUDED.",SOLD OUT,,,,L: 0.75in W: 0.75in H: 7.25in,,,$8.55 ,,,,,,Ragon400,Ragon160,https://cdn11.bigcommerce.com/s-xvps74vl0m/images/stencil/1280x1280/products/10395/29136/NY229024_1__72315.1701887392.jpg?c=1,NY229024_1__72315.1701887392.jpg?c=1,,,Ragon800,NY229024_1__72315.1701887392.jpg?c=1
,,,,,,,,,,,,,,,,,,,,,,,,
BUNNY BIRD BATH,SH222307,Home|Everyday|Easter & Spring|BUNNY BIRD BATH,FOR USE UNDER OUTDOOR COVERING ONLY,In-Stock: Ships in 5 to 14 days,,,,L: 14.75in W: 12.25in H: 22in,,1,$98.00 ,,,,,1,Ragon400,Ragon160,https://cdn11.bigcommerce.com/s-xvps74vl0m/images/stencil/1280x1280/products/10545/29356/SH222307_1__86778.1701887471.jpg?c=1,SH222307_1__86778.1701887471.jpg?c=1,,,Ragon800,SH222307_1__86778.1701887471.jpg?c=1
,,,,,,,,,,,,,,,,,,,,,,,,
"10"" SNOWY SANTA W/ TOY BAG DUMMY BOARD",WS218449,"Home|Holiday|Tabletop & Misc.|10"" SNOWY SANTA W/ TOY BAG DUMMY BOARD",,In-Stock: Ships in 5 to 14 days,,,,H: 10in,,4,$6.05 ,,,,,4,Ragon400,Ragon160,https://cdn11.bigcommerce.com/s-xvps74vl0m/images/stencil/1280x1280/products/9633/25758/WS218449_1__49912.1677258253.jpg?c=1,WS218449_1__49912.1677258253.jpg?c=1,,,Ragon800,WS218449_1__49912.1677258253.jpg?c=1
,,,,,,,,,,,,,,,,,,,,,,,,
"7.5"" WHITE METAL STAR ORNAMENT",ZH213556,"Home|Holiday|Ornaments, Garland & Tree Toppers|7.5"" WHITE METAL STAR ORNAMENT",,In-Stock: Ships in 5 to 14 days,,,,L: 7.50in W: 7.50in H: 7.50in,,8,$3.85 ,,,,,8,Ragon400,Ragon160,https://cdn11.bigcommerce.com/s-xvps74vl0m/images/stencil/1280x1280/products/9602/27330/ZH213556_2__69593.1679582891.jpg?c=1,ZH213556_2__69593.1679582891.jpg?c=1,,,Ragon800,ZH213556_2__69593.1679582891.jpg?c=1
,,,,,,,,,,,,,,,,,,,,,,,,
"14.75"" POTTED PURPLE LAVENDER",OR224634,"Home|Sale!|Everyday|14.75"" POTTED PURPLE LAVENDER",,In-Stock: Ships in 5 to 14 days,,,,L: 14.75in,,12,$10.45 ,,,,,12,Ragon400,Ragon160,https://cdn11.bigcommerce.com/s-xvps74vl0m/images/stencil/1280x1280/products/10460/37357/OR224634_1__35610.1736361598.jpg?c=1,OR224634_1__35610.1736361598.jpg?c=1,,,Ragon800,OR224634_1__35610.1736361598.jpg?c=1
,,,,,,,,,,,,,,,,,,,,,,,,
WHITE METAL HOOK RACK,HY225586,Home|Everyday|Wall Décor|WHITE METAL HOOK RACK,2 NAIL HOLES,SOLD OUT,,,,L: 19in W: 3in H: 9.25in,,,$11.55 ,,,,,,Ragon400,Ragon160,https://cdn11.bigcommerce.com/s-xvps74vl0m/images/stencil/1280x1280/products/10230/28889/HY225586_3__97480.1701887309.jpg?c=1,HY225586_3__97480.1701887309.jpg?c=1,,,Ragon800,HY225586_3__97480.1701887309.jpg?c=1
,,,,,,,,,,,,,,,,,,,,,,,,
"42"" DRAPING SNOWY LARCH & PINECONE SPRAY",G233624,"Home|Holiday|Greenery, Wreaths & Trees|42"" DRAPING SNOWY LARCH & PINECONE SPRAY",,In-Stock: Ships in 5 to 14 days,,,,L: 42in W: 5in,,8,$7.45 ,,,,,8,Ragon400,Ragon160,https://cdn11.bigcommerce.com/s-xvps74vl0m/images/stencil/1280x1280/products/17273/41219/G233624_4__49593.1749826445.jpg?c=1,G233624_4__49593.1749826445.jpg?c=1,,,Ragon800,G233624_4__49593.1749826445.jpg?c=1
,,,,,,,,,,,,,,,,,,,,,,,,
CABIN W/ PORCH ORNAMENT,WS221258,Home|Holiday|Cabin & Lodge|CABIN W/ PORCH ORNAMENT,"6 HR TIMER
REQUIRES 3 (AAA) BATTERIES, BATTERIES NOT INCLUDED.",In-Stock: Ships in 5 to 14 days,,,,L: 5in H: 5in,,4,$17.05 ,,,,,4,Ragon400,Ragon160,https://cdn11.bigcommerce.com/s-xvps74vl0m/images/stencil/1280x1280/products/12107/32920/WS221258_3__73475.1710521292.jpg?c=1,WS221258_3__73475.1710521292.jpg?c=1,,,Ragon800,WS221258_3__73475.1710521292.jpg?c=1
,,,,,,,,,,,,,,,,,,,,,,,,
GREEN & ORANGE PLAID CHARGER,WS221246,Home|Everyday|Kitchen|GREEN & ORANGE PLAID CHARGER,FOOD SAFE. DISHWASHER SAFE. TOP RACK ONLY. NOT FOR MICROWAVE OR OVEN USE.,In-Stock: Ships in 5 to 14 days,,,,L: 12in W: 12in,,4,$5.50 ,,,,,4,Ragon400,Ragon160,https://cdn11.bigcommerce.com/s-xvps74vl0m/images/stencil/1280x1280/products/10583/34014/WS221246_1__08433.1712868593.jpg?c=1,WS221246_1__08433.1712868593.jpg?c=1,,,Ragon800,WS221246_1__08433.1712868593.jpg?c=1
,,,,,,,,,,,,,,,,,,,,,,,,
"8"" GREEN STOCKING ORNAMENT",SS211782,"Home|Holiday|Ornaments, Garland & Tree Toppers|8"" GREEN STOCKING ORNAMENT",,In-Stock: Ships in 5 to 14 days,,,,H: 8in,,12,$5.50 ,,,,,12,Ragon400,Ragon160,https://cdn11.bigcommerce.com/s-xvps74vl0m/images/stencil/1280x1280/products/9434/28359/SS211782_2__80721.1692903062.jpg?c=1,SS211782_2__80721.1692903062.jpg?c=1,,,Ragon800,SS211782_2__80721.1692903062.jpg?c=1
,,,,,,,,,,,,,,,,,,,,,,,,
"8"" BLACK & YELLOW BUTTERFLY",FB225430,"Home|Sale!|Everyday|8"" BLACK & YELLOW BUTTERFLY",2 SAWTOOTH HANGER & TWINE HANGER,In-Stock: Ships in 5 to 14 days,,,,L: 8in W: 0.50in H: 5.50in,,6,$7.45 ,,,,,6,Ragon400,Ragon160,https://cdn11.bigcommerce.com/s-xvps74vl0m/images/stencil/1280x1280/products/10825/33386/FB225430_1__06425.1711115398.jpg?c=1,FB225430_1__06425.1711115398.jpg?c=1,,,Ragon800,FB225430_1__06425.1711115398.jpg?c=1
,,,,,,,,,,,,,,,,,,,,,,,,
"7"" BIRDS JOURNAL",L238740,"Home|Everyday|Journals|7"" BIRDS JOURNAL",,Projected Summer 2025,,,,L: 4in W: 1.50in H: 7in,,2,$13.75 ,,,,,2,Ragon400,Ragon160,https://cdn11.bigcommerce.com/s-xvps74vl0m/images/stencil/1280x1280/products/16548/41960/L238740_1__81970.1754679515.jpg?c=1,L238740_1__81970.1754679515.jpg?c=1,,,Ragon800,L238740_1__81970.1754679515.jpg?c=1
,,,,,,,,,,,,,,,,,,,,,,,,
"96"" WHITE TARTAN TABLE RUNNER",SS211821,"Home|Holiday|Textiles|96"" WHITE TARTAN TABLE RUNNER",,SOLD OUT,,,,L: 96in W: 18in,,,$26.00 ,,,,,,Ragon400,Ragon160,https://cdn11.bigcommerce.com/s-xvps74vl0m/images/stencil/1280x1280/products/9701/26694/SS211821_2__17022.1678296711.jpg?c=1,SS211821_2__17022.1678296711.jpg?c=1,,,Ragon800,SS211821_2__17022.1678296711.jpg?c=1
,,,,,,,,,,,,,,,,,,,,,,,,
"4.5"" RESTING DEER W/ SANTA HAT",WS227671,"Home|Holiday|Ornaments, Garland & Tree Toppers|4.5"" RESTING DEER W/ SANTA HAT",,In-Stock: Ships in 5 to 14 days,,,,L: 4in W: 1.50in H: 4.50in,,4,$8.00 ,,,,,4,Ragon400,Ragon160,https://cdn11.bigcommerce.com/s-xvps74vl0m/images/stencil/1280x1280/products/12481/33790/WS227671_1__15048.1712154141.jpg?c=1,WS227671_1__15048.1712154141.jpg?c=1,,,Ragon800,WS227671_1__15048.1712154141.jpg?c=1
,,,,,,,,,,,,,,,,,,,,,,,,
"16.75"" FERN BUNDLE",OR215401,"Home|Everyday|Florals|16.75"" FERN BUNDLE",,In-Stock: Ships in 5 to 14 days,,,,L: 16.75in,,18,$4.40 ,,,,,18,Ragon400,Ragon160,https://cdn11.bigcommerce.com/s-xvps74vl0m/images/stencil/1280x1280/products/8638/35341/OR215401_3__11236.1733863766.jpg?c=1,OR215401_3__11236.1733863766.jpg?c=1,,,Ragon800,OR215401_3__11236.1733863766.jpg?c=1
,,,,,,,,,,,,,,,,,,,,,,,,
FUR DEER W/ GOLD GLITTERED ANTLERS ORNAMENT,KY239002,"Home|Holiday|Ornaments, Garland & Tree Toppers|FUR DEER W/ GOLD GLITTERED ANTLERS ORNAMENT",,Late August,,,,L: 4.25in W: 1.50in H: 5in,,12,$3.30 ,,,,,12,Ragon400,Ragon160,https://cdn11.bigcommerce.com/s-xvps74vl0m/images/stencil/1280x1280/products/16890/40362/KY239002_1__76517.1749064911.jpg?c=1,KY239002_1__76517.1749064911.jpg?c=1,,,Ragon800,KY239002_1__76517.1749064911.jpg?c=1
,,,,,,,,,,,,,,,,,,,,,,,,
"24"" ICED FOREST FOLIAGE W/ BELLS WREATH",G233581,"Home|Holiday|Greenery, Wreaths & Trees|24"" ICED FOREST FOLIAGE W/ BELLS WREATH",,Late August,,,,L: 24in W: 6in H: 24in,,1,$39.75 ,,,,,1,Ragon400,Ragon160,https://cdn11.bigcommerce.com/s-xvps74vl0m/images/stencil/1280x1280/products/17253/41494/G233581_1__96686.1749826504.jpg?c=1,G233581_1__96686.1749826504.jpg?c=1,,,Ragon800,G233581_1__96686.1749826504.jpg?c=1
,,,,,,,,,,,,,,,,,,,,,,,,
"7.5"" CLEAR GLASS JAR W/ WHITE LID",SE221630,"Home|Everyday|Kitchen|7.5"" CLEAR GLASS JAR W/ WHITE LID",,In-Stock: Ships in 5 to 14 days,,,,L: 5in W: 5in H: 7.50in,,4,$11.85 ,,,,,4,Ragon400,Ragon160,https://cdn11.bigcommerce.com/s-xvps74vl0m/images/stencil/1280x1280/products/10522/34115/SE221630_4__17415.1719419883.jpg?c=1,SE221630_4__17415.1719419883.jpg?c=1,,,Ragon800,SE221630_4__17415.1719419883.jpg?c=1
,,,,,,,,,,,,,,,,,,,,,,,,
"11.5"" AGED METAL BROWN & WHITE PITCHER",SH222254,"Home|Everyday|Kitchen|11.5"" AGED METAL BROWN & WHITE PITCHER",,In-Stock: Ships in 5 to 14 days,,,,L: 9.50in W: 6.75in H: 11.50in,,3,$32.50 ,,,,,3,Ragon400,Ragon160,https://cdn11.bigcommerce.com/s-xvps74vl0m/images/stencil/1280x1280/products/10531/29330/SH222254_1__77793.1701887462.jpg?c=1,SH222254_1__77793.1701887462.jpg?c=1,,,Ragon800,SH222254_1__77793.1701887462.jpg?c=1
,,,,,,,,,,,,,,,,,,,,,,,,
"SET/6 - 9"" BLUE HUES BOTTLE BRUSH TREES",WS218035,"Home|Sale!|Holiday|SET/6 - 9"" BLUE HUES BOTTLE BRUSH TREES",,In-Stock: Ships in 5 to 14 days,,,,H: 9in,,3,$26.25 ,,,,,3,Ragon400,Ragon160,https://cdn11.bigcommerce.com/s-xvps74vl0m/images/stencil/1280x1280/products/9186/25406/WS218035_3__29315.1677258137.jpg?c=1,WS218035_3__29315.1677258137.jpg?c=1,,,Ragon800,WS218035_3__29315.1677258137.jpg?c=1
,,,,,,,,,,,,,,,,,,,,,,,,
"12"" GREEN & GOLD LANTERN",HY238069,"Home|Everyday|Lanterns, Lights & Hooks|12"" GREEN & GOLD LANTERN","HH: 16.75""",In-Stock: Ships in 5 to 14 days,,,,L: 8in W: 8in H: 12in,,2,$22.75 ,,,,,2,Ragon400,Ragon160,https://cdn11.bigcommerce.com/s-xvps74vl0m/images/stencil/1280x1280/products/16386/37210/HY238069_6__19176.1733943504.jpg?c=1,HY238069_6__19176.1733943504.jpg?c=1,,,Ragon800,HY238069_6__19176.1733943504.jpg?c=1
,,,,,,,,,,,,,,,,,,,,,,,,
"10"" AGED RISER W/ BLUE BASE",SH238460,"Home|Everyday|Kitchen|10"" AGED RISER W/ BLUE BASE",,SOLD OUT,,,,L: 10in W: 10in H: 6.75in,,,$29.25 ,,,,,,Ragon400,Ragon160,https://cdn11.bigcommerce.com/s-xvps74vl0m/images/stencil/1280x1280/products/16771/37139/SH238460_4__38554.1733943485.jpg?c=1,SH238460_4__38554.1733943485.jpg?c=1,,,Ragon800,SH238460_4__38554.1733943485.jpg?c=1
,,,,,,,,,,,,,,,,,,,,,,,,
WINTER FOREST WALL PLAQUE,E234664,Home|Collections|2025 Products|HOLIDAY|WINTER FOREST WALL PLAQUE,,In-Stock: Ships in 5 to 14 days,,,,L: 6in W: 1in H: 6in,,6,$7.70 ,,,,,6,Ragon400,Ragon160,https://cdn11.bigcommerce.com/s-xvps74vl0m/images/stencil/1280x1280/products/17128/39764/E234664_4__16203.1741630855.jpg?c=1,E234664_4__16203.1741630855.jpg?c=1,,,Ragon800,E234664_4__16203.1741630855.jpg?c=1
,,,,,,,,,,,,,,,,,,,,,,,,
"SET/6 - 6"" MUSTARD HUES BOTTLE BRUSH TREES",WS218040,"Home|Holiday|Bottlebrush|SET/6 - 6"" MUSTARD HUES BOTTLE BRUSH TREES",,In-Stock: Ships in 3 to 7 days,,,,W: 2in H: 6in,,3,$18.15 ,,,,,3,Ragon400,Ragon160,https://cdn11.bigcommerce.com/s-xvps74vl0m/images/stencil/1280x1280/products/9191/25413/WS218040_2__72513.1677258139.jpg?c=1,WS218040_2__72513.1677258139.jpg?c=1,,,Ragon800,WS218040_2__72513.1677258139.jpg?c=1
,,,,,,,,,,,,,,,,,,,,,,,,
4.25' YELLOW WINTER JASMINE TREE,OR235548,Home|Sale!|Everyday|4.25' YELLOW WINTER JASMINE TREE,"POT: 7""L 7""W 5.5""H",In-Stock: Ships in 5 to 14 days,,,,L: 18in W: 18in H: 50.50in,,1,$82.50 ,,,,,1,Ragon400,Ragon160,https://cdn11.bigcommerce.com/s-xvps74vl0m/images/stencil/1280x1280/products/16703/35159/OR235548_2__56210.1733861440.jpg?c=1,OR235548_2__56210.1733861440.jpg?c=1,,,Ragon800,OR235548_2__56210.1733861440.jpg?c=1
,,,,,,,,,,,,,,,,,,,,,,,,
"12.5"" SNOWMAN W/ BROOM",WS221100,"Home|Holiday|Snowmen, Santas & Angels|12.5"" SNOWMAN W/ BROOM",,SOLD OUT,,,,L: 5.25in W: 5in H: 12.50in,,,$31.00 ,,,,,,Ragon400,Ragon160,https://cdn11.bigcommerce.com/s-xvps74vl0m/images/stencil/1280x1280/products/12006/32246/WS221100_8__91269.1708440855.jpg?c=1,WS221100_8__91269.1708440855.jpg?c=1,,,Ragon800,WS221100_8__91269.1708440855.jpg?c=1
,,,,,,,,,,,,,,,,,,,,,,,,
"11"" BLACK UTILITY HOOK",MH222517,"Home|Sale!|Everyday|11"" BLACK UTILITY HOOK","2 NAIL HOLES
WEIGHT LIMIT: 2LBS",In-Stock: Ships in 5 to 14 days,,,,L: 11in W: 0.50in H: 4in,,8,$4.15 ,,,,,8,Ragon400,Ragon160,https://cdn11.bigcommerce.com/s-xvps74vl0m/images/stencil/1280x1280/products/10302/28985/MH222517__30758.1701887343.jpg?c=1,MH222517__30758.1701887343.jpg?c=1,,,Ragon800,MH222517__30758.1701887343.jpg?c=1
,,,,,,,,,,,,,,,,,,,,,,,,
"8"" CREAM SHIMMER 3D FLAME BALSAM TREE CANDLE",NY236685,"Home|Flameless Candles|8"" CREAM SHIMMER 3D FLAME BALSAM TREE CANDLE","6 HR TIMER | ON/OFF BUTTON
REQUIRES 2 (AA) BATTERIES, BATTERIES NOT INCLUDED.",In-Stock: Ships in 5 to 14 days,,,,L: 4.50in W: 4.50in H: 8in,,6,$8.55 ,,,,,6,Ragon400,Ragon160,https://cdn11.bigcommerce.com/s-xvps74vl0m/images/stencil/1280x1280/products/17676/40154/NY236685_2__77826.1748358163.jpg?c=1,NY236685_2__77826.1748358163.jpg?c=1,,,Ragon800,NY236685_2__77826.1748358163.jpg?c=1
,,,,,,,,,,,,,,,,,,,,,,,,
"SET/ 12 - 1.75"" FAWN FLOCKED BALLS",WS221333,"Home|Sale!|Holiday|SET/ 12 - 1.75"" FAWN FLOCKED BALLS",,In-Stock: Ships in 5 to 14 days,,,,H: 1.75in,,12,$10.45 ,,,,,12,Ragon400,Ragon160,https://cdn11.bigcommerce.com/s-xvps74vl0m/images/stencil/1280x1280/products/12168/32930/WS221333_5__64084.1710521296.jpg?c=1,WS221333_5__64084.1710521296.jpg?c=1,,,Ragon800,WS221333_5__64084.1710521296.jpg?c=1
,,,,,,,,,,,,,,,,,,,,,,,,
"7"" DEER OF THE FIELDS & FOREST JOURNAL",L238727,"Home|Holiday|Tabletop & Misc.|7"" DEER OF THE FIELDS & FOREST JOURNAL",,Projected Summer 2025,,,,L: 4in W: 1.50in H: 7in,,2,$13.75 ,,,,,2,Ragon400,Ragon160,https://cdn11.bigcommerce.com/s-xvps74vl0m/images/stencil/1280x1280/products/16535/40136/L238727__79328.1748355538.jpg?c=1,L238727__79328.1748355538.jpg?c=1,,,Ragon800,L238727__79328.1748355538.jpg?c=1
,,,,,,,,,,,,,,,,,,,,,,,,
"12"" RUSTIC WOOD TROUGH",E226125,"Home|Everyday|Kitchen|12"" RUSTIC WOOD TROUGH",,In-Stock: Ships in 5 to 14 days,,,,L: 12in W: 6in H: 2.75in,,4,$13.75 ,,,,,4,Ragon400,Ragon160,https://cdn11.bigcommerce.com/s-xvps74vl0m/images/stencil/1280x1280/products/10634/29451/E226125_2__43446.1701963431.jpg?c=1,E226125_2__43446.1701963431.jpg?c=1,,,Ragon800,E226125_2__43446.1701963431.jpg?c=1
,,,,,,,,,,,,,,,,,,,,,,,,
"12.75"" NATURAL WOOD LANTERN",LW229536,"Home|Everyday|Lanterns, Lights & Hooks|12.75"" NATURAL WOOD LANTERN",,In-Stock: Ships in 5 to 14 days,,,,L: 6in W: 6in H: 12.75in,,2,$27.50 ,,,,,2,Ragon400,Ragon160,https://cdn11.bigcommerce.com/s-xvps74vl0m/images/stencil/1280x1280/products/10290/28965/LW229536_2__90649.1701887336.jpg?c=1,LW229536_2__90649.1701887336.jpg?c=1,,,Ragon800,LW229536_2__90649.1701887336.jpg?c=1
,,,,,,,,,,,,,,,,,,,,,,,,
DASHING THROUGH THE SNOW TABLETOP SIGN,BF215136,Home|Holiday|Cabin & Lodge|DASHING THROUGH THE SNOW TABLETOP SIGN,,In-Stock: Ships in 5 to 14 days,,,,L: 11.50in W: 4in H: 17in,,4,$14.05 ,,,,,4,Ragon400,Ragon160,https://cdn11.bigcommerce.com/s-xvps74vl0m/images/stencil/1280x1280/products/8119/23972/BF215136_3__95470.1677257687.jpg?c=1,BF215136_3__95470.1677257687.jpg?c=1,,,Ragon800,BF215136_3__95470.1677257687.jpg?c=1
,,,,,,,,,,,,,,,,,,,,,,,,
CHURCH ST STANDING SIGN,E226316,Home|Sale!|Everyday|CHURCH ST STANDING SIGN,,In-Stock: Ships in 5 to 14 days,,,,L: 13in W: 4.50in H: 14in,,6,$12.10 ,,,,,6,Ragon400,Ragon160,https://cdn11.bigcommerce.com/s-xvps74vl0m/images/stencil/1280x1280/products/10690/29546/E226316_4__94656.1701963460.jpg?c=1,E226316_4__94656.1701963460.jpg?c=1,,,Ragon800,E226316_4__94656.1701963460.jpg?c=1
,,,,,,,,,,,,,,,,,,,,,,,,
BLACK ARCHED WALL CABINET,LW229531,Home|Everyday|Wall Décor|BLACK ARCHED WALL CABINET,2 TRIANGLE HANGERS,SOLD OUT,,,,L: 25in W: 7.25in H: 26.25in,,,$141.00 ,,,,,,Ragon400,Ragon160,https://cdn11.bigcommerce.com/s-xvps74vl0m/images/stencil/1280x1280/products/10288/28960/LW229531_4__14882.1701887334.jpg?c=1,LW229531_4__14882.1701887334.jpg?c=1,,,Ragon800,LW229531_4__14882.1701887334.jpg?c=1
,,,,,,,,,,,,,,,,,,,,,,,,
"28"" SNOWMAN W/ RED BOW PRINT",RH239783,"Home|Collections|2025 Products|UNSPECIFIED|28"" SNOWMAN W/ RED BOW PRINT",,Projected Summer 2025,,,,H: 28in,,2,$32.75 ,,,,,2,Ragon400,Ragon160,https://cdn11.bigcommerce.com/s-xvps74vl0m/images/stencil/1280x1280/products/18379/41860/RH239783_black1__51090.1753101275.jpg?c=1,RH239783_black1__51090.1753101275.jpg?c=1,,,Ragon800,RH239783_black1__51090.1753101275.jpg?c=1
,,,,,,,,,,,,,,,,,,,,,,,,
PLAID THERMOS ORNAMENT,WS231423,"Home|Holiday|Ornaments, Garland & Tree Toppers|PLAID THERMOS ORNAMENT",,In-Stock: Ships in 5 to 14 days,,,,L: 2.75in W: 2in H: 6in,,6,$6.60 ,,,,,6,Ragon400,Ragon160,https://cdn11.bigcommerce.com/s-xvps74vl0m/images/stencil/1280x1280/products/18000/40325/WS231423_2__02548.1748895486.jpg?c=1,WS231423_2__02548.1748895486.jpg?c=1,,,Ragon800,WS231423_2__02548.1748895486.jpg?c=1
,,,,,,,,,,,,,,,,,,,,,,,,
SET/ 3 CREAM SNOWY TREES W/ MULTI-COLORED ORNAMENTS,WS225459,Home|Holiday|Bottlebrush|SET/ 3 CREAM SNOWY TREES W/ MULTI-COLORED ORNAMENTS,"SM: 7""H
MD: 8""H
LG: 10""H",In-Stock: Ships in 5 to 14 days,,,,See Details tab,,2,$25.50 ,,,,,2,Ragon400,Ragon160,https://cdn11.bigcommerce.com/s-xvps74vl0m/images/stencil/1280x1280/products/15762/34223/WS225459_1__01933.1728446382.jpg?c=1,WS225459_1__01933.1728446382.jpg?c=1,,,Ragon800,WS225459_1__01933.1728446382.jpg?c=1
,,,,,,,,,,,,,,,,,,,,,,,,
"2"" WHITE FILIGREE KUGAL ORNAMENT",SS221560,"Home|Holiday|Ornaments, Garland & Tree Toppers|2"" WHITE FILIGREE KUGAL ORNAMENT",,In-Stock: Ships in 5 to 14 days,,,,L: 2in W: 2in H: 2in,,12,$2.15 ,,,,,12,Ragon400,Ragon160,https://cdn11.bigcommerce.com/s-xvps74vl0m/images/stencil/1280x1280/products/11729/33700/SS221560__07706.1712154110.jpg?c=1,SS221560__07706.1712154110.jpg?c=1,,,Ragon800,SS221560__07706.1712154110.jpg?c=1
,,,,,,,,,,,,,,,,,,,,,,,,
"8.25"" WOODEN NAUTICAL TABLETOP CLOCK",E217315,"Home|Everyday|Clocks|8.25"" WOODEN NAUTICAL TABLETOP CLOCK","REQUIRES (1 AA) BATTERY / BATTERIES, NOT INCLUDED.",SOLD OUT,,,,L: 6in W: 3in H: 7.50in,,,$19.00 ,,,,,,Ragon400,Ragon160,https://cdn11.bigcommerce.com/s-xvps74vl0m/images/stencil/1280x1280/products/8247/24290/E217315_4__81345.1677257782.jpg?c=1,E217315_4__81345.1677257782.jpg?c=1,,,Ragon800,E217315_4__81345.1677257782.jpg?c=1
,,,,,,,,,,,,,,,,,,,,,,,,
"36"" RIVERCREST FARM SIGN",E226152,"Home|Sale!|Holiday|36"" RIVERCREST FARM SIGN",,In-Stock: Ships in 5 to 14 days,,,,L: 36in W: 1.50in H: 24in,,2,$51.75 ,,,,,2,Ragon400,Ragon160,https://cdn11.bigcommerce.com/s-xvps74vl0m/images/stencil/1280x1280/products/10924/32056/E226152_1__22490.1708440790.jpg?c=1,E226152_1__22490.1708440790.jpg?c=1,,,Ragon800,E226152_1__22490.1708440790.jpg?c=1
,,,,,,,,,,,,,,,,,,,,,,,,
"4"" PINK MITTEN ORNAMENT",SS211945,"Home|Sale!|Holiday|4"" PINK MITTEN ORNAMENT",,In-Stock: Ships in 5 to 14 days,,,,W: 4in,,12,$3.60 ,,,,,12,Ragon400,Ragon160,https://cdn11.bigcommerce.com/s-xvps74vl0m/images/stencil/1280x1280/products/9748/27389/SS211945_2__51931.1679582909.jpg?c=1,SS211945_2__51931.1679582909.jpg?c=1,,,Ragon800,SS211945_2__51931.1679582909.jpg?c=1
,,,,,,,,,,,,,,,,,,,,,,,,
FARMERS MARKET DOOR,E193134,Home|Everyday|Kitchen|FARMERS MARKET DOOR,"18""L X 0.50""W X 26""H, WOOD",In-Stock: Ships in 5 to 14 days,,,,L: 18in W: 0.50in H: 26in,,4,$30.75 ,,,,,4,Ragon400,Ragon160,https://cdn11.bigcommerce.com/s-xvps74vl0m/images/stencil/1280x1280/products/4205/28382/E193134_2__20423.1693244340.jpg?c=1,E193134_2__20423.1693244340.jpg?c=1,,,Ragon800,E193134_2__20423.1693244340.jpg?c=1
,,,,,,,,,,,,,,,,,,,,,,,,
"9.5"" BLACK UTILITY HOOK",MH222518,"Home|Sale!|Everyday|9.5"" BLACK UTILITY HOOK","2 NAIL HOLES
WEIGHT LIMIT: 2LBS",In-Stock: Ships in 5 to 14 days,,,,L: 9.50in W: 0.50in H: 4in,,8,$3.60 ,,,,,8,Ragon400,Ragon160,https://cdn11.bigcommerce.com/s-xvps74vl0m/images/stencil/1280x1280/products/10303/28986/MH222518__61840.1701887343.jpg?c=1,MH222518__61840.1701887343.jpg?c=1,,,Ragon800,MH222518__61840.1701887343.jpg?c=1
,,,,,,,,,,,,,,,,,,,,,,,,
WOOD FRAME TABLETOP CLOCK,E217348,Home|Everyday|Clocks|WOOD FRAME TABLETOP CLOCK,"REQUIRES (1 AA) BATTERY / BATTERIES, NOT INCLUDED.",SOLD OUT,,,,L: 8in W: 2.50in H: 14.25in,,,$24.25 ,,,,,,Ragon400,Ragon160,https://cdn11.bigcommerce.com/s-xvps74vl0m/images/stencil/1280x1280/products/8257/26952/E217348_4__16469.1679582775.jpg?c=1,E217348_4__16469.1679582775.jpg?c=1,,,Ragon800,E217348_4__16469.1679582775.jpg?c=1
,,,,,,,,,,,,,,,,,,,,,,,,
"7"" AMERICAN BIOGRAPHY JOURNAL",L221524,"Home|Everyday|Journals|7"" AMERICAN BIOGRAPHY JOURNAL",,In-Stock: Ships in 5 to 14 days,,,,L: 4in W: 2in H: 7in,,2,$13.75 ,,,,,2,Ragon400,Ragon160,https://cdn11.bigcommerce.com/s-xvps74vl0m/images/stencil/1280x1280/products/10266/33919/L221524_1__66923.1712868563.jpg?c=1,L221524_1__66923.1712868563.jpg?c=1,,,Ragon800,L221524_1__66923.1712868563.jpg?c=1
,,,,,,,,,,,,,,,,,,,,,,,,
RUSTIC BLACK WALL HOOKS,H237476,Home|Sale!|Everyday|RUSTIC BLACK WALL HOOKS,"6 HOOKS
2 SAWTOOTH HANGERS",In-Stock: Ships in 5 to 14 days,,,,L: 31.50in W: 4.50in H: 5.75in,,2,$35.25 ,,,,,2,Ragon400,Ragon160,https://cdn11.bigcommerce.com/s-xvps74vl0m/images/stencil/1280x1280/products/16337/36578/H237476_1__00245.1733943333.jpg?c=1,H237476_1__00245.1733943333.jpg?c=1,,,Ragon800,H237476_1__00245.1733943333.jpg?c=1
,,,,,,,,,,,,,,,,,,,,,,,,
"7.25"" CLASSIC CHARCOAL VASE",SH222280,"Home|Sale!|Everyday|7.25"" CLASSIC CHARCOAL VASE",,In-Stock: Ships in 5 to 14 days,,,,L: 6.50in W: 6.50in H: 7.25in,,2,$28.25 ,,,,,2,Ragon400,Ragon160,https://cdn11.bigcommerce.com/s-xvps74vl0m/images/stencil/1280x1280/products/10537/29340/SH222280_1__60331.1701887465.jpg?c=1,SH222280_1__60331.1701887465.jpg?c=1,,,Ragon800,SH222280_1__60331.1701887465.jpg?c=1
,,,,,,,,,,,,,,,,,,,,,,,,
WOODEN SNOW SKIIS ORNAMENT,WS221407,"Home|Holiday|Ornaments, Garland & Tree Toppers|WOODEN SNOW SKIIS ORNAMENT",,SOLD OUT,,,,L: 2.75in W: 0.75in H: 6.25in,,,$3.05 ,,,,,,Ragon400,Ragon160,https://cdn11.bigcommerce.com/s-xvps74vl0m/images/stencil/1280x1280/products/12242/31590/WS221407__52901.1706904408.jpg?c=1,WS221407__52901.1706904408.jpg?c=1,,,Ragon800,WS221407__52901.1706904408.jpg?c=1
,,,,,,,,,,,,,,,,,,,,,,,,
"8.25"" POTTED WHITE & YELLOW DAFFODIL",OR235596,"Home|Everyday|Spring & Garden|8.25"" POTTED WHITE & YELLOW DAFFODIL",,In-Stock: Ships in 5 to 14 days,,,,L: 3in W: 3in H: 8.25in,,6,$6.90 ,,,,,6,Ragon400,Ragon160,https://cdn11.bigcommerce.com/s-xvps74vl0m/images/stencil/1280x1280/products/16723/35231/OR235596_3__85537.1733861462.jpg?c=1,OR235596_3__85537.1733861462.jpg?c=1,,,Ragon800,OR235596_3__85537.1733861462.jpg?c=1
,,,,,,,,,,,,,,,,,,,,,,,,
"12"" SNOWY TREE W/BURLAP BASE",ST212020,"Home|Holiday|Cabin & Lodge|12"" SNOWY TREE W/BURLAP BASE",,In-Stock: Ships in 5 to 14 days,,,,L: 8in W: 8in H: 12in,,6,$7.15 ,,,,,6,Ragon400,Ragon160,https://cdn11.bigcommerce.com/s-xvps74vl0m/images/stencil/1280x1280/products/9155/27035/ST212020_2__71520.1679582799.jpg?c=1,ST212020_2__71520.1679582799.jpg?c=1,,,Ragon800,ST212020_2__71520.1679582799.jpg?c=1
,,,,,,,,,,,,,,,,,,,,,,,,
"SET/ 2 - 9.5"" MOVING FLAME GREEN TAPER CANDLE",NY213011,"Home|Flameless Candles|SET/ 2 - 9.5"" MOVING FLAME GREEN TAPER CANDLE","6 HR TIMER | ON/OFF BUTTON
REQUIRES 2 (AAA) BATTERIES, BATTERIES NOT INCLUDED.",In-Stock: Ships in 5 to 14 days,,,,L: 0.75in W: 0.75in H: 9.50in,,12,$10.45 ,,,,,12,Ragon400,Ragon160,https://cdn11.bigcommerce.com/s-xvps74vl0m/images/stencil/1280x1280/products/8540/25055/NY213011_3__26840.1689366429.jpg?c=1,NY213011_3__26840.1689366429.jpg?c=1,,,Ragon800,NY213011_3__26840.1689366429.jpg?c=1
,,,,,,,,,,,,,,,,,,,,,,,,
"2"" GREEN TEXTURED TEARDROP ORNAMENT",SS211873,"Home|Holiday|Ornaments, Garland & Tree Toppers|2"" GREEN TEXTURED TEARDROP ORNAMENT",,SOLD OUT,,,,L: 2in W: 2in,,,$1.65 ,,,,,,Ragon400,Ragon160,https://cdn11.bigcommerce.com/s-xvps74vl0m/images/stencil/1280x1280/products/9509/27244/SS211873_5__16241.1679582864.jpg?c=1,SS211873_5__16241.1679582864.jpg?c=1,,,Ragon800,SS211873_5__16241.1679582864.jpg?c=1
,,,,,,,,,,,,,,,,,,,,,,,,
SHEEP WITH WREATH,SW15527,Home|Holiday|Tabletop & Misc.|SHEEP WITH WREATH,"6""L X 2.25""W X 5.25""H, MACHE",Projected Summer 2025,,,,L: 6in W: 2.25in H: 5.25in,,6,$4.95 ,,,,,6,Ragon400,Ragon160,https://cdn11.bigcommerce.com/s-xvps74vl0m/images/stencil/1280x1280/products/2883/27879/SW15527_3__77964.1685736161.jpg?c=1,SW15527_3__77964.1685736161.jpg?c=1,,,Ragon800,SW15527_3__77964.1685736161.jpg?c=1
,,,,,,,,,,,,,,,,,,,,,,,,
"20.75"" TAN ONION SPRAY",OR224705,"Home|Everyday|Florals|20.75"" TAN ONION SPRAY",,SOLD OUT,,,,L: 20.75in,,,$4.15 ,,,,,,Ragon400,Ragon160,https://cdn11.bigcommerce.com/s-xvps74vl0m/images/stencil/1280x1280/products/10486/33950/OR224705_1__43290.1712868573.jpg?c=1,OR224705_1__43290.1712868573.jpg?c=1,,,Ragon800,OR224705_1__43290.1712868573.jpg?c=1
,,,,,,,,,,,,,,,,,,,,,,,,
"11.5"" ONYX LANTERN",E234687,"Home|Collections|2025 Products|EVERYDAY|11.5"" ONYX LANTERN",,In-Stock: Ships in 5 to 14 days,,,,L: 8in W: 8in H: 11.50in,,2,$33.00 ,,,,,2,Ragon400,Ragon160,https://cdn11.bigcommerce.com/s-xvps74vl0m/images/stencil/1280x1280/products/18303/39774/E234687_3__57439.1741631304.jpg?c=1,E234687_3__57439.1741631304.jpg?c=1,,,Ragon800,E234687_3__57439.1741631304.jpg?c=1
