"24"" GRADIENT PINE WREATH",G228662,"Home|Sale!|Holiday|24"" GRADIENT PINE WREATH",,In-Stock: Ships in 5 to 14 days,,,,L: 24in H: 24in,,2,$32.00 ,,,,,2,Ragon400,Ragon160,https://cdn11.bigcommerce.com/s-xvps74vl0m/images/stencil/1280x1280/products/11386/41416/G228662_2__61136.1749826485.jpg?c=1,G228662_2__61136.1749826485.jpg?c=1,,,Ragon800,G228662_2__61136.1749826485.jpg?c=1
,,,,,,,,,,,,,,,,,,,,,,,,
"18"" SANTA W/ BELLS DUMMY BOARD",WS221081,"Home|Holiday|Tabletop & Misc.|18"" SANTA W/ BELLS DUMMY BOARD",,In-Stock: Ships in 5 to 14 days,,,,H: 18in,,4,$13.75 ,,,,,4,Ragon400,Ragon160,https://cdn11.bigcommerce.com/s-xvps74vl0m/images/stencil/1280x1280/products/11996/32240/WS221081_4__90127.1708440853.jpg?c=1,WS221081_4__90127.1708440853.jpg?c=1,,,Ragon800,WS221081_4__90127.1708440853.jpg?c=1
,,,,,,,,,,,,,,,,,,,,,,,,
SET/2 FUR DEER COUPLE,KY239076,Home|Holiday|Tabletop & Misc.|SET/2 FUR DEER COUPLE,"BUCK: 8""L X 3.25""W X 8.25""H
DOE: 8.75""L X 3""W X 5.5""H""",Late August,,,,See Details tab,,2,$19.80 ,,,,,2,Ragon400,Ragon160,https://cdn11.bigcommerce.com/s-xvps74vl0m/images/stencil/1280x1280/products/16937/40411/KY239076_1__37663.1749134931.jpg?c=1,KY239076_1__37663.1749134931.jpg?c=1,,,Ragon800,KY239076_1__37663.1749134931.jpg?c=1
,,,,,,,,,,,,,,,,,,,,,,,,
BRONZE SEBASTIAN BELL,HY239215,Home|Holiday|Bells|BRONZE SEBASTIAN BELL,,In-Stock: Ships in 5 to 14 days,,,,L: 6in W: 4in H: 16.50in,,6,$9.35 ,,,,,6,Ragon400,Ragon160,https://cdn11.bigcommerce.com/s-xvps74vl0m/images/stencil/1280x1280/products/17511/41571/HY239215_3__96175.1749826522.jpg?c=1,HY239215_3__96175.1749826522.jpg?c=1,,,Ragon800,HY239215_3__96175.1749826522.jpg?c=1
,,,,,,,,,,,,,,,,,,,,,,,,
"6"" SIENNA GLASS 3D FLAME CANDLE",NY229016,"Home|Flameless Candles|6"" SIENNA GLASS 3D FLAME CANDLE","6 HR TIMER | ON/OFF BUTTON
REQUIRES 3 (AAA) BATTERIES, BATTERIES NOT INCLUDED.",In-Stock: Ships in 5 to 14 days,,,,L: 3in W: 3in H: 6in,,6,$8.25 ,,,,,6,Ragon400,Ragon160,https://cdn11.bigcommerce.com/s-xvps74vl0m/images/stencil/1280x1280/products/10387/29116/NY229016_1__25791.1701887387.jpg?c=1,NY229016_1__25791.1701887387.jpg?c=1,,,Ragon800,NY229016_1__25791.1701887387.jpg?c=1
,,,,,,,,,,,,,,,,,,,,,,,,
"14"" RED BERRIES CANDLE RING",G233199,"Home|Sale!|Everyday|14"" RED BERRIES CANDLE RING","INNER: 3.5""",In-Stock: Ships in 5 to 14 days,,,,L: 14in W: 3in,,3,$11.00 ,,,,,3,Ragon400,Ragon160,https://cdn11.bigcommerce.com/s-xvps74vl0m/images/stencil/1280x1280/products/16222/34808/G233199__95537.1750793647.jpg?c=1,G233199__95537.1750793647.jpg?c=1,,,Ragon800,G233199__95537.1750793647.jpg?c=1
,,,,,,,,,,,,,,,,,,,,,,,,
"8.5"" FLOWERS JOURNAL",L238742,"Home|Everyday|Journals|8.5"" FLOWERS JOURNAL",,Projected Summer 2025,,,,L: 5.75in W: 1.50in H: 8.50in,,2,$18.15 ,,,,,2,Ragon400,Ragon160,https://cdn11.bigcommerce.com/s-xvps74vl0m/images/stencil/1280x1280/products/16550/41956/L238742_1__82450.1754679407.jpg?c=1,L238742_1__82450.1754679407.jpg?c=1,,,Ragon800,L238742_1__82450.1754679407.jpg?c=1
,,,,,,,,,,,,,,,,,,,,,,,,
"17.5"" BLACK SINGLE BUCKET STAND",HY225539,"Home|Sale!|Everyday|17.5"" BLACK SINGLE BUCKET STAND",2 KEYHOLE HANGERS,In-Stock: Ships in 5 to 14 days,,,,L: 10.75in W: 8.75in H: 17.50in,,4,$26.50 ,,,,,4,Ragon400,Ragon160,https://cdn11.bigcommerce.com/s-xvps74vl0m/images/stencil/1280x1280/products/10208/28852/HY225539_4__77265.1701887298.jpg?c=1,HY225539_4__77265.1701887298.jpg?c=1,,,Ragon800,HY225539_4__77265.1701887298.jpg?c=1
,,,,,,,,,,,,,,,,,,,,,,,,
"2"" OLIVE GREEN KUGEL ORNAMENT",SS211838,"Home|Sale!|Holiday|2"" OLIVE GREEN KUGEL ORNAMENT",,In-Stock: Ships in 5 to 14 days,,,,L: 2in W: 2in H: 2in,,6,$1.65 ,,,,,6,Ragon400,Ragon160,https://cdn11.bigcommerce.com/s-xvps74vl0m/images/stencil/1280x1280/products/9475/27216/SS211838_1__84447.1679582855.jpg?c=1,SS211838_1__84447.1679582855.jpg?c=1,,,Ragon800,SS211838_1__84447.1679582855.jpg?c=1
,,,,,,,,,,,,,,,,,,,,,,,,
"12"" FROSTED MISTLETOE PICK",G224992,"Home|Holiday|Greenery, Wreaths & Trees|12"" FROSTED MISTLETOE PICK",,In-Stock: Ships in 5 to 14 days,,,,L: 12in,,12,$3.05 ,,,,,12,Ragon400,Ragon160,https://cdn11.bigcommerce.com/s-xvps74vl0m/images/stencil/1280x1280/products/11139/41157/G224992_1__13362.1749826433.jpg?c=1,G224992_1__13362.1749826433.jpg?c=1,,,Ragon800,G224992_1__13362.1749826433.jpg?c=1
,,,,,,,,,,,,,,,,,,,,,,,,
"6' EUCALYPTUS, BERRIES & CONES GARLAND",G201789,"Home|Holiday|Greenery, Wreaths & Trees|6' EUCALYPTUS, BERRIES & CONES GARLAND",1 LOOP HANGER,In-Stock: Ships in 5 to 14 days,,,,L: 72in,,4,$62.75 ,,,,,4,Ragon400,Ragon160,https://cdn11.bigcommerce.com/s-xvps74vl0m/images/stencil/1280x1280/products/7044/19896/G201789_6__25739.1652977603.jpg?c=1,G201789_6__25739.1652977603.jpg?c=1,,,Ragon800,G201789_6__25739.1652977603.jpg?c=1
,,,,,,,,,,,,,,,,,,,,,,,,
"25"" WHITE DRIED PEONY SPRAY",G201410,"Home|Everyday|Florals|25"" WHITE DRIED PEONY SPRAY",,In-Stock: Ships in 5 to 14 days,,,,L: 25in,,12,$6.05 ,,,,,12,Ragon400,Ragon160,https://cdn11.bigcommerce.com/s-xvps74vl0m/images/stencil/1280x1280/products/6843/14823/G201410_4__22536.1649685691.jpg?c=1,G201410_4__22536.1649685691.jpg?c=1,,,Ragon800,G201410_4__22536.1649685691.jpg?c=1
,,,,,,,,,,,,,,,,,,,,,,,,
"15"" MIXED PINE WREATH WITH PINECONES",G171402,"Home|Holiday|Greenery, Wreaths & Trees|15"" MIXED PINE WREATH WITH PINECONES","INNER 3.5""",In-Stock: Ships in 5 to 14 days,,,,L: 15in W: 15in,,12,$8.25 ,,,,,12,Ragon400,Ragon160,https://cdn11.bigcommerce.com/s-xvps74vl0m/images/stencil/1280x1280/products/4478/41363/G171402_2__91102.1749826473.jpg?c=1,G171402_2__91102.1749826473.jpg?c=1,,,Ragon800,G171402_2__91102.1749826473.jpg?c=1
,,,,,,,,,,,,,,,,,,,,,,,,
"12.25"" METAL TREE",BF206174,"Home|Holiday|Tabletop & Misc.|12.25"" METAL TREE",,SOLD OUT,,,,L: 4.75in W: 4.75in H: 13in,,,$19.50 ,,,,,,Ragon400,Ragon160,https://cdn11.bigcommerce.com/s-xvps74vl0m/images/stencil/1280x1280/products/6377/19960/BF206174__20695.1653051130.jpg?c=1,BF206174__20695.1653051130.jpg?c=1,,,Ragon800,BF206174__20695.1653051130.jpg?c=1
,,,,,,,,,,,,,,,,,,,,,,,,
"24"" FITTONIA, HOLLY & PINE W/ BERRIES HANGING WREATH",G219701,"Home|Holiday|Greenery, Wreaths & Trees|24"" FITTONIA, HOLLY & PINE W/ BERRIES HANGING WREATH",,In-Stock: Ships in 5 to 14 days,,,,L: 24in H: 28in,,2,$32.50 ,,,,,2,Ragon400,Ragon160,https://cdn11.bigcommerce.com/s-xvps74vl0m/images/stencil/1280x1280/products/8926/41382/G219701_2__40239.1749826478.jpg?c=1,G219701_2__40239.1749826478.jpg?c=1,,,Ragon800,G219701_2__40239.1749826478.jpg?c=1
,,,,,,,,,,,,,,,,,,,,,,,,
"16"" RED STAR SLEIGH BELL",BF225806,"Home|Holiday|Bells|16"" RED STAR SLEIGH BELL",Assembly Required,In-Stock: Ships in 5 to 14 days,,,,L: 16in W: 16in H: 20in,,2,$42.00 ,,,,,2,Ragon400,Ragon160,https://cdn11.bigcommerce.com/s-xvps74vl0m/images/stencil/1280x1280/products/10904/33348/BF225806_1__42082.1711115385.jpg?c=1,BF225806_1__42082.1711115385.jpg?c=1,,,Ragon800,BF225806_1__42082.1711115385.jpg?c=1
,,,,,,,,,,,,,,,,,,,,,,,,
WEATHERED GREY BIRDBATH,E234387,Home|Everyday|Spring & Garden|WEATHERED GREY BIRDBATH,ASSEMBLY REQUIRED,In-Stock: Ships in 5 to 14 days,,,,L: 11.50in W: 11.50in H: 24.50in,,1,$32.00 ,,,,,1,Ragon400,Ragon160,https://cdn11.bigcommerce.com/s-xvps74vl0m/images/stencil/1280x1280/products/15907/36857/E234387_3__78747.1733943408.jpg?c=1,E234387_3__78747.1733943408.jpg?c=1,,,Ragon800,E234387_3__78747.1733943408.jpg?c=1
,,,,,,,,,,,,,,,,,,,,,,,,
"20"" TIN TREE W/ WOOD BASE",FB225286,"Home|Holiday|Tabletop & Misc.|20"" TIN TREE W/ WOOD BASE",,In-Stock: Ships in 5 to 14 days,,,,L: 4in W: 4in H: 20in,,4,$13.20 ,,,,,4,Ragon400,Ragon160,https://cdn11.bigcommerce.com/s-xvps74vl0m/images/stencil/1280x1280/products/10987/32070/FB225286_4__32367.1708440794.jpg?c=1,FB225286_4__32367.1708440794.jpg?c=1,,,Ragon800,FB225286_4__32367.1708440794.jpg?c=1
,,,,,,,,,,,,,,,,,,,,,,,,
"34"" BABY'S GRASS HANGING BUSH",G232915,"Home|Everyday|Florals|34"" BABY'S GRASS HANGING BUSH",,SOLD OUT,,,,L: 34in W: 10in,,,$10.20 ,,,,,,Ragon400,Ragon160,https://cdn11.bigcommerce.com/s-xvps74vl0m/images/stencil/1280x1280/products/16135/34521/G232915_5__61440.1733861253.jpg?c=1,G232915_5__61440.1733861253.jpg?c=1,,,Ragon800,G232915_5__61440.1733861253.jpg?c=1
,,,,,,,,,,,,,,,,,,,,,,,,
XL AGED SILVER BEAD GARLAND,4128XL,"Home|Holiday|Ornaments, Garland & Tree Toppers|XL AGED SILVER BEAD GARLAND","9'L, PE",Projected Summer 2025,,,,L: 108in,,6,$8.55 ,,,,,6,Ragon400,Ragon160,https://cdn11.bigcommerce.com/s-xvps74vl0m/images/stencil/1280x1280/products/2867/26392/RagonHouse08202019-194__76286.1677864250.jpg?c=1,RagonHouse08202019-194__76286.1677864250.jpg?c=1,,,Ragon800,RagonHouse08202019-194__76286.1677864250.jpg?c=1
,,,,,,,,,,,,,,,,,,,,,,,,
"20"" SNOWMAN W/ HOLLY HAT",WS221127,"Home|Holiday|Snowmen, Santas & Angels|20"" SNOWMAN W/ HOLLY HAT",,In-Stock: Ships in 5 to 14 days,,,,L: 11in W: 6.50in H: 20in,,1,$66.00 ,,,,,1,Ragon400,Ragon160,https://cdn11.bigcommerce.com/s-xvps74vl0m/images/stencil/1280x1280/products/12027/32259/WS221127_2__25126.1708440860.jpg?c=1,WS221127_2__25126.1708440860.jpg?c=1,,,Ragon800,WS221127_2__25126.1708440860.jpg?c=1
,,,,,,,,,,,,,,,,,,,,,,,,
"14"" RED TABLETOP GATE",HY184078,"Home|Sale!|Everyday|14"" RED TABLETOP GATE","12""L X 14""H, METAL - FOOT PEDESTALS MEASURE 3.5""W",In-Stock: Ships in 5 to 14 days,,,,L: 12in W: 3.50in H: 14in,,2,$13.75 ,,,,,2,Ragon400,Ragon160,https://cdn11.bigcommerce.com/s-xvps74vl0m/images/stencil/1280x1280/products/4995/9736/HY184078__23246.1626464259.jpg?c=1,HY184078__23246.1626464259.jpg?c=1,,,Ragon800,HY184078__23246.1626464259.jpg?c=1
,,,,,,,,,,,,,,,,,,,,,,,,
"8"" GALVANIZED THIMBLE BELL",ZH197813,"Home|Holiday|Bells|8"" GALVANIZED THIMBLE BELL","7""W",In-Stock: Ships in 5 to 14 days,,,,W: 7in,,6,$8.55 ,,,,,6,Ragon400,Ragon160,https://cdn11.bigcommerce.com/s-xvps74vl0m/images/stencil/1280x1280/products/5492/20542/ZH197813_2__61088.1663178487.jpg?c=1,ZH197813_2__61088.1663178487.jpg?c=1,,,Ragon800,ZH197813_2__61088.1663178487.jpg?c=1
,,,,,,,,,,,,,,,,,,,,,,,,
"29"" PALE PINK CONE HYDRANGEA SPRAY",G232969,"Home|Sale!|Everyday|29"" PALE PINK CONE HYDRANGEA SPRAY",,In-Stock: Ships in 5 to 14 days,,,,L: 29in W: 5in,,12,$4.95 ,,,,,12,Ragon400,Ragon160,https://cdn11.bigcommerce.com/s-xvps74vl0m/images/stencil/1280x1280/products/16151/34578/G232969_4__35815.1733861270.jpg?c=1,G232969_4__35815.1733861270.jpg?c=1,,,Ragon800,G232969_4__35815.1733861270.jpg?c=1
,,,,,,,,,,,,,,,,,,,,,,,,
GINGERBREAD BIRD ORNAMENT,WS231682,"Home|Holiday|Ornaments, Garland & Tree Toppers|GINGERBREAD BIRD ORNAMENT",,Early September,,,,L: 4.25in W: 0.25in H: 4.25in,,12,$2.50 ,,,,,12,Ragon400,Ragon160,https://cdn11.bigcommerce.com/s-xvps74vl0m/images/stencil/1280x1280/products/18157/40460/WS231682_2__41009.1749138308.jpg?c=1,WS231682_2__41009.1749138308.jpg?c=1,,,Ragon800,WS231682_2__41009.1749138308.jpg?c=1
,,,,,,,,,,,,,,,,,,,,,,,,
"20"" WHITE DAISY & CREAM HEATHER WREATH",G219354,"Home|Sale!|Everyday|20"" WHITE DAISY & CREAM HEATHER WREATH",,In-Stock: Ships in 5 to 14 days,,,,L: 20in H: 20in,,2,$29.25 ,,,,,2,Ragon400,Ragon160,https://cdn11.bigcommerce.com/s-xvps74vl0m/images/stencil/1280x1280/products/8425/35862/G219354_2__44831.1733863910.jpg?c=1,G219354_2__44831.1733863910.jpg?c=1,,,Ragon800,G219354_2__44831.1733863910.jpg?c=1
,,,,,,,,,,,,,,,,,,,,,,,,
"36"" RED OLD TOWN WALL CLOCK",E203215,"Home|Everyday|Wall Décor|36"" RED OLD TOWN WALL CLOCK","1 AA BATTERY, NOT INCLUDED",SOLD OUT,,,,L: 36in W: 1in H: 36in,,,$142.00 ,,,,,,Ragon400,Ragon160,https://cdn11.bigcommerce.com/s-xvps74vl0m/images/stencil/1280x1280/products/6508/13336/E203215__78001.1641401760.jpg?c=1,E203215__78001.1641401760.jpg?c=1,,,Ragon800,E203215__78001.1641401760.jpg?c=1
,,,,,,,,,,,,,,,,,,,,,,,,
"3"" YELLOW CHICK",KY239065,"Home|Everyday|3"" YELLOW CHICK",,Late August,,,,L: 3.25in W: 3in H: 3in,,6,$3.60 ,,,,,6,Ragon400,Ragon160,https://cdn11.bigcommerce.com/s-xvps74vl0m/images/stencil/1280x1280/products/18416/41935/KY239065_6__65274.1754591594.jpg?c=1,KY239065_6__65274.1754591594.jpg?c=1,,,Ragon800,KY239065_6__65274.1754591594.jpg?c=1
,,,,,,,,,,,,,,,,,,,,,,,,
GATHER & GROW OVAL SIGN,BF206113,Home|Everyday|Wall Décor|GATHER & GROW OVAL SIGN,,SOLD OUT,,,,L: 23.75in W: 0.25in H: 11.50in,,,$22.75 ,,,,,,Ragon400,Ragon160,https://cdn11.bigcommerce.com/s-xvps74vl0m/images/stencil/1280x1280/products/6334/13269/BF206113_1__49770.1641401711.jpg?c=1,BF206113_1__49770.1641401711.jpg?c=1,,,Ragon800,BF206113_1__49770.1641401711.jpg?c=1
,,,,,,,,,,,,,,,,,,,,,,,,
"34"" DRAPING PINE BUSH WITH PINECONES",G151199,"Home|Holiday|Greenery, Wreaths & Trees|34"" DRAPING PINE BUSH WITH PINECONES",,In-Stock: Ships in 5 to 14 days,,,,L: 34in,,12,$8.25 ,,,,,12,Ragon400,Ragon160,https://cdn11.bigcommerce.com/s-xvps74vl0m/images/stencil/1280x1280/products/3013/41115/G151199_2__15072.1749826424.jpg?c=1,G151199_2__15072.1749826424.jpg?c=1,,,Ragon800,G151199_2__15072.1749826424.jpg?c=1
,,,,,,,,,,,,,,,,,,,,,,,,
"4"" FIRE RED GLASS ORNAMENT",SS232310,"Home|Holiday|Ornaments, Garland & Tree Toppers|4"" FIRE RED GLASS ORNAMENT",,In-Stock: Ships in 5 to 14 days,,,,L: 4in,,6,$4.15 ,,,,,6,Ragon400,Ragon160,https://cdn11.bigcommerce.com/s-xvps74vl0m/images/stencil/1280x1280/products/17834/41601/SS232310_4__96136.1749826527.jpg?c=1,SS232310_4__96136.1749826527.jpg?c=1,,,Ragon800,SS232310_4__96136.1749826527.jpg?c=1
,,,,,,,,,,,,,,,,,,,,,,,,
SET/ 3 TWO HANDLE FLOWER BUCKETS,ZH238620,Home|Sale!|Everyday|SET/ 3 TWO HANDLE FLOWER BUCKETS,"SM: 8.75""L X 6.75""W X 5.25""H MD: 10.5""L X 8.25""W X 6""H LG: 11.5""L X 9.5""W X 6.5""H",In-Stock: Ships in 5 to 14 days,,,,See Details tab,,1,$22.00 ,,,,,1,Ragon400,Ragon160,https://cdn11.bigcommerce.com/s-xvps74vl0m/images/stencil/1280x1280/products/16861/37153/ZH238620_1__36506.1733943489.jpg?c=1,ZH238620_1__36506.1733943489.jpg?c=1,,,Ragon800,ZH238620_1__36506.1733943489.jpg?c=1
,,,,,,,,,,,,,,,,,,,,,,,,
COW WEATHERVANE ON WOOD BASE,E173008,Home|Everyday|Tabletop & Misc.|COW WEATHERVANE ON WOOD BASE,"16""L X 3.25""W X 12.25""H, METAL & WOOD",In-Stock: Ships in 5 to 14 days,,,,L: 16in W: 3.25in H: 12.25in,,2,$23.25 ,,,,,2,Ragon400,Ragon160,https://cdn11.bigcommerce.com/s-xvps74vl0m/images/stencil/1280x1280/products/4312/6780/E173008_v1__05680.1626460303.jpg?c=1,E173008_v1__05680.1626460303.jpg?c=1,,,Ragon800,E173008_v1__05680.1626460303.jpg?c=1
,,,,,,,,,,,,,,,,,,,,,,,,
"6"" RED GLASS 3D FLAME CANDLE",NY236373,"Home|Flameless Candles|6"" RED GLASS 3D FLAME CANDLE","6 HR TIMER | ON/OFF BUTTON
REQUIRES 3 (AAA) BATTERIES, BATTERIES NOT INCLUDED.",In-Stock: Ships in 5 to 14 days,,,,L: 3in W: 3in H: 6in,,6,$8.25 ,,,,,6,Ragon400,Ragon160,https://cdn11.bigcommerce.com/s-xvps74vl0m/images/stencil/1280x1280/products/18278/40212/NY236373_6__79063.1748548020.jpg?c=1,NY236373_6__79063.1748548020.jpg?c=1,,,Ragon800,NY236373_6__79063.1748548020.jpg?c=1
,,,,,,,,,,,,,,,,,,,,,,,,
"9"" WILD CELERY & HELLEBORUS CANDLE RING",G232924,"Home|Everyday|Florals|9"" WILD CELERY & HELLEBORUS CANDLE RING","INNER: 4.5""",In-Stock: Ships in 5 to 14 days,,,,L: 9in W: 4in,,12,$7.15 ,,,,,12,Ragon400,Ragon160,https://cdn11.bigcommerce.com/s-xvps74vl0m/images/stencil/1280x1280/products/16137/34529/G232924_2__34297.1733861255.jpg?c=1,G232924_2__34297.1733861255.jpg?c=1,,,Ragon800,G232924_2__34297.1733861255.jpg?c=1
,,,,,,,,,,,,,,,,,,,,,,,,
"4"" BROWN GLASS ACORN ORNAMENT",SS236089,"Home|Holiday|Ornaments, Garland & Tree Toppers|4"" BROWN GLASS ACORN ORNAMENT",,Projected Summer 2025,,,,L: 4in,,6,$4.40 ,,,,,6,Ragon400,Ragon160,https://cdn11.bigcommerce.com/s-xvps74vl0m/images/stencil/1280x1280/products/17744/40599/SS236089_3__17108.1749155403.jpg?c=1,SS236089_3__17108.1749155403.jpg?c=1,,,Ragon800,SS236089_3__17108.1749155403.jpg?c=1
,,,,,,,,,,,,,,,,,,,,,,,,
"18.5"" DISTRESSED WHITE TREE W/ FAUX WOOD BASE",H223292,"Home|Holiday|Cabin & Lodge|18.5"" DISTRESSED WHITE TREE W/ FAUX WOOD BASE",,In-Stock: Ships in 5 to 14 days,,,,L: 11.50in W: 11.50in H: 18.50in,,1,$37.50 ,,,,,1,Ragon400,Ragon160,https://cdn11.bigcommerce.com/s-xvps74vl0m/images/stencil/1280x1280/products/11563/32167/H223292_1__88770.1708440829.jpg?c=1,H223292_1__88770.1708440829.jpg?c=1,,,Ragon800,H223292_1__88770.1708440829.jpg?c=1
,,,,,,,,,,,,,,,,,,,,,,,,
SET/ 3 RED CHECK HOLIDAY BUCKETS,BF215155,Home|Holiday|Tabletop & Misc.|SET/ 3 RED CHECK HOLIDAY BUCKETS,"SM: 8""L X 4.5""W X 6""H
MD: 9""L X 6""W X 7.5""H
LG: 11.75""L X 7.25""W X 9""H",In-Stock: Ships in 5 to 14 days,,,,See Details tab,,2,$39.75 ,,,,,2,Ragon400,Ragon160,https://cdn11.bigcommerce.com/s-xvps74vl0m/images/stencil/1280x1280/products/8132/23995/BF215155_1__00800.1677257694.jpg?c=1,BF215155_1__00800.1677257694.jpg?c=1,,,Ragon800,BF215155_1__00800.1677257694.jpg?c=1
,,,,,,,,,,,,,,,,,,,,,,,,
"19"" WHITE RANUCULUS STEM",G219155,"Home|Everyday|Florals|19"" WHITE RANUCULUS STEM",,In-Stock: Ships in 5 to 14 days,,,,L: 19in,,24,$3.05 ,,,,,24,Ragon400,Ragon160,https://cdn11.bigcommerce.com/s-xvps74vl0m/images/stencil/1280x1280/products/8389/24564/G219155_2__27864.1677257866.jpg?c=1,G219155_2__27864.1677257866.jpg?c=1,,,Ragon800,G219155_2__27864.1677257866.jpg?c=1
,,,,,,,,,,,,,,,,,,,,,,,,
"SET/ 2 - 6.75"" MOVING FLAME CREAM TAPER CANDLE",NY213008,"Home|Flameless Candles|SET/ 2 - 6.75"" MOVING FLAME CREAM TAPER CANDLE","6 HR TIMER | ON/OFF BUTTON
REQUIRES 1 (AAA) BATTERY, BATTERY NOT INCLUDED.",Projected Summer 2025,,,,L: 0.75in W: 0.75in H: 6.75in,,12,$9.35 ,,,,,12,Ragon400,Ragon160,https://cdn11.bigcommerce.com/s-xvps74vl0m/images/stencil/1280x1280/products/8537/25042/NY213008_1__05472.1677258020.jpg?c=1,NY213008_1__05472.1677258020.jpg?c=1,,,Ragon800,NY213008_1__05472.1677258020.jpg?c=1
,,,,,,,,,,,,,,,,,,,,,,,,
"7"" THE ORBS OF HEAVEN JOURNAL",L221525,"Home|Everyday|Journals|7"" THE ORBS OF HEAVEN JOURNAL",,SOLD OUT,,,,L: 4in W: 2in H: 7in,,,$13.75 ,,,,,,Ragon400,Ragon160,https://cdn11.bigcommerce.com/s-xvps74vl0m/images/stencil/1280x1280/products/10267/34183/L221525_2__83462.1728444783.jpg?c=1,L221525_2__83462.1728444783.jpg?c=1,,,Ragon800,L221525_2__83462.1728444783.jpg?c=1
,,,,,,,,,,,,,,,,,,,,,,,,
"20"" SANTA W/ TOY PACKED SLEIGH DUMMY BOARD",WS218419,"Home|Sale!|Holiday|20"" SANTA W/ TOY PACKED SLEIGH DUMMY BOARD",,In-Stock: Ships in 5 to 14 days,,,,L: 20in,,4,$14.30 ,,,,,4,Ragon400,Ragon160,https://cdn11.bigcommerce.com/s-xvps74vl0m/images/stencil/1280x1280/products/9407/25716/WS218419_1__40615.1677258239.jpg?c=1,WS218419_1__40615.1677258239.jpg?c=1,,,Ragon800,WS218419_1__40615.1677258239.jpg?c=1
,,,,,,,,,,,,,,,,,,,,,,,,
"72"" RED & WHITE BALL GARLAND W/ 2.75"" BALL",WS202013,"Home|Sale!|Holiday|72"" RED & WHITE BALL GARLAND W/ 2.75"" BALL","Smallest Ball Measures 1.5"" Largest Ball Measures 2.75""",In-Stock: Ships in 5 to 14 days,,,,L: 72in W: 2.75in,,4,$37.50 ,,,,,4,Ragon400,Ragon160,https://cdn11.bigcommerce.com/s-xvps74vl0m/images/stencil/1280x1280/products/7490/20058/WS202013__13985.1653057208.jpg?c=1,WS202013__13985.1653057208.jpg?c=1,,,Ragon800,WS202013__13985.1653057208.jpg?c=1
,,,,,,,,,,,,,,,,,,,,,,,,
"4.5"" BROWN PINECONE W/ SILVER GLITTER ORNAMENT",WS231538,"Home|Holiday|Ornaments, Garland & Tree Toppers|4.5"" BROWN PINECONE W/ SILVER GLITTER ORNAMENT",,Early September,,,,L: 2.25in W: 2.25in H: 4.50in,,12,$4.15 ,,,,,12,Ragon400,Ragon160,https://cdn11.bigcommerce.com/s-xvps74vl0m/images/stencil/1280x1280/products/18064/40561/WS231538_5__75938.1749152490.jpg?c=1,WS231538_5__75938.1749152490.jpg?c=1,,,Ragon800,WS231538_5__75938.1749152490.jpg?c=1
,,,,,,,,,,,,,,,,,,,,,,,,
TAN GRASSY STEM,OR206314,Home|Everyday|Florals|TAN GRASSY STEM,,In-Stock: Ships in 5 to 14 days,,,,L: 34.50in,,12,$4.75 ,,,,,12,Ragon400,Ragon160,https://cdn11.bigcommerce.com/s-xvps74vl0m/images/stencil/1280x1280/products/7703/20203/OR206314_2__94002.1658343959.jpg?c=1,OR206314_2__94002.1658343959.jpg?c=1,,,Ragon800,OR206314_2__94002.1658343959.jpg?c=1
,,,,,,,,,,,,,,,,,,,,,,,,
U.S.A. PORCH FLAG PLATE,WS221270,Home|Everyday|Kitchen|U.S.A. PORCH FLAG PLATE,FOOD SAFE. DISHWASHER SAFE. TOP RACK ONLY. NOT FOR MICROWAVE OR OVEN USE.,In-Stock: Ships in 5 to 14 days,,,,L: 10in W: 10in,,4,$3.05 ,,,,,4,Ragon400,Ragon160,https://cdn11.bigcommerce.com/s-xvps74vl0m/images/stencil/1280x1280/products/10593/34022/WS221270_1__19205.1712868596.jpg?c=1,WS221270_1__19205.1712868596.jpg?c=1,,,Ragon800,WS221270_1__19205.1712868596.jpg?c=1
,,,,,,,,,,,,,,,,,,,,,,,,
"25.5"" RUST BLACK-EYED SUSAN SPRAY",G232634,"Home|Sale!|Everyday|25.5"" RUST BLACK-EYED SUSAN SPRAY",,SOLD OUT,,,,L: 25.50in W: 8in,,,$3.05 ,,,,,,Ragon400,Ragon160,https://cdn11.bigcommerce.com/s-xvps74vl0m/images/stencil/1280x1280/products/16094/34436/G232634_2__10205.1733861228.jpg?c=1,G232634_2__10205.1733861228.jpg?c=1,,,Ragon800,G232634_2__10205.1733861228.jpg?c=1
,,,,,,,,,,,,,,,,,,,,,,,,
I AM CRAZY METAL SIGN,E226743,Home|Everyday|Signs|I AM CRAZY METAL SIGN,2 SAWTOOTH HANGERS,SOLD OUT,,,,L: 14in W: 0.25in H: 10.50in,,,$4.95 ,,,,,,Ragon400,Ragon160,https://cdn11.bigcommerce.com/s-xvps74vl0m/images/stencil/1280x1280/products/10793/29710/E226743_3__96231.1701963510.jpg?c=1,E226743_3__96231.1701963510.jpg?c=1,,,Ragon800,E226743_3__96231.1701963510.jpg?c=1
,,,,,,,,,,,,,,,,,,,,,,,,
"8"" CLEAR GLASS JAR W/ WHITE LID",SE221631,"Home|Everyday|Kitchen|8"" CLEAR GLASS JAR W/ WHITE LID",,In-Stock: Ships in 5 to 14 days,,,,L: 6.50in W: 6.50in H: 8in,,3,$20.50 ,,,,,3,Ragon400,Ragon160,https://cdn11.bigcommerce.com/s-xvps74vl0m/images/stencil/1280x1280/products/10523/34116/SE221631_4__82631.1719419915.jpg?c=1,SE221631_4__82631.1719419915.jpg?c=1,,,Ragon800,SE221631_4__82631.1719419915.jpg?c=1
,,,,,,,,,,,,,,,,,,,,,,,,
SET/ 3 TWO TONE RATTAN BASKETS W/ HANDLES,LW229544,Home|Everyday|Baskets & Buckets|SET/ 3 TWO TONE RATTAN BASKETS W/ HANDLES,"SM: 10.25""L X 10.25""W X 12.25""H MD: 12""L X 12""W X 14.25""H LG: 13.5""L X 13.5""W X 15.5""H",SOLD OUT,,,,See Details tab,,,$48.50 ,,,,,,Ragon400,Ragon160,https://cdn11.bigcommerce.com/s-xvps74vl0m/images/stencil/1280x1280/products/10295/34092/LW229544_4__76368.1719415923.jpg?c=1,LW229544_4__76368.1719415923.jpg?c=1,,,Ragon800,LW229544_4__76368.1719415923.jpg?c=1
,,,,,,,,,,,,,,,,,,,,,,,,
VAIL TREE IN POT,ST222005,"Home|Holiday|Greenery, Wreaths & Trees|VAIL TREE IN POT",,In-Stock: Ships in 5 to 14 days,,,,H: 9.25in,,8,$6.35 ,,,,,8,Ragon400,Ragon160,https://cdn11.bigcommerce.com/s-xvps74vl0m/images/stencil/1280x1280/products/11920/32769/ST222005_1__45217.1709219758.jpg?c=1,ST222005_1__45217.1709219758.jpg?c=1,,,Ragon800,ST222005_1__45217.1709219758.jpg?c=1
,,,,,,,,,,,,,,,,,,,,,,,,
"11"" CITRENE GREEN LONG STEM BOTTLEBRUSH TREE",WS182310,"Home|Holiday|Bottlebrush|11"" CITRENE GREEN LONG STEM BOTTLEBRUSH TREE","3''W X 11''H, BOTTLEBRUSH",In-Stock: Ships in 5 to 14 days,,,,W: 3in H: 11in,,12,$8.25 ,,,,,12,Ragon400,Ragon160,https://cdn11.bigcommerce.com/s-xvps74vl0m/images/stencil/1280x1280/products/5373/27906/WS182310_1__17025.1685737384.jpg?c=1,WS182310_1__17025.1685737384.jpg?c=1,,,Ragon800,WS182310_1__17025.1685737384.jpg?c=1
,,,,,,,,,,,,,,,,,,,,,,,,
"6"" YELLOW MINI STAR FLOWERS IN CERAMIC POT",OR224670,"Home|Everyday|Florals|6"" YELLOW MINI STAR FLOWERS IN CERAMIC POT",,SOLD OUT,,,,L: 4in W: 4in H: 6in,,,$4.95 ,,,,,,Ragon400,Ragon160,https://cdn11.bigcommerce.com/s-xvps74vl0m/images/stencil/1280x1280/products/10474/35986/OR224670_5__82298.1733863946.jpg?c=1,OR224670_5__82298.1733863946.jpg?c=1,,,Ragon800,OR224670_5__82298.1733863946.jpg?c=1
,,,,,,,,,,,,,,,,,,,,,,,,
"6"" BLACK GLASS 3 WICK 3D FLAME CANDLE",NY236655,"Home|Flameless Candles|6"" BLACK GLASS 3 WICK 3D FLAME CANDLE","6 HR TIMER | ON/OFF BUTTON
REQUIRES 3 (AA) BATTERIES, BATTERIES NOT INCLUDED.",In-Stock: Ships in 5 to 14 days,,,,L: 6in W: 6in H: 6in,,2,$27.00 ,,,,,2,Ragon400,Ragon160,https://cdn11.bigcommerce.com/s-xvps74vl0m/images/stencil/1280x1280/products/16678/36656/NY236655_6__53830.1733943355.jpg?c=1,NY236655_6__53830.1733943355.jpg?c=1,,,Ragon800,NY236655_6__53830.1733943355.jpg?c=1
,,,,,,,,,,,,,,,,,,,,,,,,
"33"" AUTUMN EUCALYPTUS SPRAY",OR235528,"Home|Sale!|Everyday|33"" AUTUMN EUCALYPTUS SPRAY",,SOLD OUT,,,,L: 33in W: 9in,,,$6.90 ,,,,,,Ragon400,Ragon160,https://cdn11.bigcommerce.com/s-xvps74vl0m/images/stencil/1280x1280/products/16694/35132/OR235528_2__69170.1733861432.jpg?c=1,OR235528_2__69170.1733861432.jpg?c=1,,,Ragon800,OR235528_2__69170.1733861432.jpg?c=1
,,,,,,,,,,,,,,,,,,,,,,,,
"18.75"" FLUTED PLANTER URN",H214042,"Home|Everyday|Spring & Garden|18.75"" FLUTED PLANTER URN",,In-Stock: Ships in 5 to 14 days,,,,L: 14.37in W: 14.37in H: 18.70in,,1,$117.75 ,,,,,1,Ragon400,Ragon160,https://cdn11.bigcommerce.com/s-xvps74vl0m/images/stencil/1280x1280/products/9784/36038/H214042_2__33101.1733863963.jpg?c=1,H214042_2__33101.1733863963.jpg?c=1,,,Ragon800,H214042_2__33101.1733863963.jpg?c=1
,,,,,,,,,,,,,,,,,,,,,,,,
".5"" EMERALD GREEN VELVET WIRED RIBBON",SS211996,"Home|Holiday|Textiles|.5"" EMERALD GREEN VELVET WIRED RIBBON",,Projected Summer 2025,,,,L: 360in W: 0.50in,,5,$7.15 ,,,,,5,Ragon400,Ragon160,https://cdn11.bigcommerce.com/s-xvps74vl0m/images/stencil/1280x1280/products/9884/27529/SS211996_1__52117.1679582952.jpg?c=1,SS211996_1__52117.1679582952.jpg?c=1,,,Ragon800,SS211996_1__52117.1679582952.jpg?c=1
,,,,,,,,,,,,,,,,,,,,,,,,
"7"" RED ICE SKATE ORNAMENT",G219650,"Home|Holiday|7"" RED ICE SKATE ORNAMENT",,In-Stock: Ships in 5 to 14 days,,,,L: 6.50in W: 2.75in H: 7in,,6,$8.00 ,,,,,6,Ragon400,Ragon160,https://cdn11.bigcommerce.com/s-xvps74vl0m/images/stencil/1280x1280/products/8896/26996/G219650_1__32916.1679582788.jpg?c=1,G219650_1__32916.1679582788.jpg?c=1,,,Ragon800,G219650_1__32916.1679582788.jpg?c=1
,,,,,,,,,,,,,,,,,,,,,,,,
"29"" MAUVE CONE HYDRANGEA SPRAY",G228261,"Home|Sale!|Everyday|29"" MAUVE CONE HYDRANGEA SPRAY",,In-Stock: Ships in 5 to 14 days,,,,L: 29in,,12,$6.05 ,,,,,12,Ragon400,Ragon160,https://cdn11.bigcommerce.com/s-xvps74vl0m/images/stencil/1280x1280/products/10123/35350/G228261_1__04655.1733863768.jpg?c=1,G228261_1__04655.1733863768.jpg?c=1,,,Ragon800,G228261_1__04655.1733863768.jpg?c=1
,,,,,,,,,,,,,,,,,,,,,,,,
"12"" WOODEN FINIAL",FB237239,"Home|Everyday|Tabletop & Misc.|12"" WOODEN FINIAL",,In-Stock: Ships in 5 to 14 days,,,,L: 4in W: 4in H: 12in,,2,$15.40 ,,,,,2,Ragon400,Ragon160,https://cdn11.bigcommerce.com/s-xvps74vl0m/images/stencil/1280x1280/products/15988/36066/FB237239_3__84486.1733943214.jpg?c=1,FB237239_3__84486.1733943214.jpg?c=1,,,Ragon800,FB237239_3__84486.1733943214.jpg?c=1
,,,,,,,,,,,,,,,,,,,,,,,,
"4"" TAUPE & GOLD BRAIDED BALL ORNAMENT",WS192294,"Home|Holiday|Ornaments, Garland & Tree Toppers|4"" TAUPE & GOLD BRAIDED BALL ORNAMENT","4""W X 4""H, GLASS",SOLD OUT,,,,W: 4in H: 4in,,,$10.45 ,,,,,,Ragon400,Ragon160,https://cdn11.bigcommerce.com/s-xvps74vl0m/images/stencil/1280x1280/products/3184/12184/WS192294_1__48385.1626464834.jpg?c=1,WS192294_1__48385.1626464834.jpg?c=1,,,Ragon800,WS192294_1__48385.1626464834.jpg?c=1
,,,,,,,,,,,,,,,,,,,,,,,,
"8"" DEEP RED VELVET BELSNICKLE",11794,"Home|Holiday|Snowmen, Santas & Angels|8"" DEEP RED VELVET BELSNICKLE","2.75""L X 2.75""W X 8""H, MACHE",Projected Summer 2025,,,,L: 2.50in W: 2.50in H: 8in,,2,$17.05 ,,,,,2,Ragon400,Ragon160,https://cdn11.bigcommerce.com/s-xvps74vl0m/images/stencil/1280x1280/products/2841/26492/11794__17676.1682965351.jpg?c=1,11794__17676.1682965351.jpg?c=1,,,Ragon800,11794__17676.1682965351.jpg?c=1
,,,,,,,,,,,,,,,,,,,,,,,,
"12"" SNOWY PINE TREE W/ BURLAP BASE",G228934,"Home|Holiday|Greenery, Wreaths & Trees|12"" SNOWY PINE TREE W/ BURLAP BASE",,SOLD OUT,,,,H: 12in,,,$6.05 ,,,,,,Ragon400,Ragon160,https://cdn11.bigcommerce.com/s-xvps74vl0m/images/stencil/1280x1280/products/11515/33636/G228934_4__64070.1712154091.jpg?c=1,G228934_4__64070.1712154091.jpg?c=1,,,Ragon800,G228934_4__64070.1712154091.jpg?c=1
,,,,,,,,,,,,,,,,,,,,,,,,
RED AND WHITE VOLKSWAGON,WS218007,"Home|Holiday|Ornaments, Garland & Tree Toppers|RED AND WHITE VOLKSWAGON",,In-Stock: Ships in 5 to 14 days,,,,L: 5.50in W: 2in H: 2.25in,,12,$8.25 ,,,,,12,Ragon400,Ragon160,https://cdn11.bigcommerce.com/s-xvps74vl0m/images/stencil/1280x1280/products/9174/25390/WS218007_1__72720.1677258130.jpg?c=1,WS218007_1__72720.1677258130.jpg?c=1,,,Ragon800,WS218007_1__72720.1677258130.jpg?c=1
,,,,,,,,,,,,,,,,,,,,,,,,
"12"" RED RESIN TREE",WS221368,"Home|Holiday|Tabletop & Misc.|12"" RED RESIN TREE",,In-Stock: Ships in 5 to 14 days,,,,W: 5in H: 12in,,4,$19.55 ,,,,,4,Ragon400,Ragon160,https://cdn11.bigcommerce.com/s-xvps74vl0m/images/stencil/1280x1280/products/12203/32365/WS221368_2__73066.1708440891.jpg?c=1,WS221368_2__73066.1708440891.jpg?c=1,,,Ragon800,WS221368_2__73066.1708440891.jpg?c=1
,,,,,,,,,,,,,,,,,,,,,,,,
RUSTIC TABLETOP DEER,MH236727,Home|Everyday|Tabletop & Misc.|RUSTIC TABLETOP DEER,,In-Stock: Ships in 5 to 14 days,,,,L: 7.25in W: 4in H: 9.50in,,2,$14.60 ,,,,,2,Ragon400,Ragon160,https://cdn11.bigcommerce.com/s-xvps74vl0m/images/stencil/1280x1280/products/16566/39747/MH236727_4__62699.1741628641.jpg?c=1,MH236727_4__62699.1741628641.jpg?c=1,,,Ragon800,MH236727_4__62699.1741628641.jpg?c=1
,,,,,,,,,,,,,,,,,,,,,,,,
"11.25"" BABY LAMB STANDING PRINT",RH239789,"Home|Everyday|Easter & Spring|11.25"" BABY LAMB STANDING PRINT",,In-Stock: Ships in 5 to 14 days,,,,H: 11.25in,,2,$9.65 ,,,,,2,Ragon400,Ragon160,https://cdn11.bigcommerce.com/s-xvps74vl0m/images/stencil/1280x1280/products/18405/37956/RH239789_5__75830.1740599937.jpg?c=1,RH239789_5__75830.1740599937.jpg?c=1,,,Ragon800,RH239789_5__75830.1740599937.jpg?c=1
,,,,,,,,,,,,,,,,,,,,,,,,
RED 3 TIER SERVER,ZH222786,Home|Everyday|Americana|RED 3 TIER SERVER,,In-Stock: Ships in 5 to 14 days,,,,L: 13.50in W: 13.50in H: 26.50in,,2,$32.00 ,,,,,2,Ragon400,Ragon160,https://cdn11.bigcommerce.com/s-xvps74vl0m/images/stencil/1280x1280/products/12676/34037/ZH222786_2__61195.1715786572.jpg?c=1,ZH222786_2__61195.1715786572.jpg?c=1,,,Ragon800,ZH222786_2__61195.1715786572.jpg?c=1
,,,,,,,,,,,,,,,,,,,,,,,,
"7"" OPERAS JOURNAL",L221529,"Home|Everyday|Journals|7"" OPERAS JOURNAL",,In-Stock: Ships in 5 to 14 days,,,,L: 4in W: 2in H: 7in,,2,$13.75 ,,,,,2,Ragon400,Ragon160,https://cdn11.bigcommerce.com/s-xvps74vl0m/images/stencil/1280x1280/products/10271/33923/L221529_1__72653.1712868564.jpg?c=1,L221529_1__72653.1712868564.jpg?c=1,,,Ragon800,L221529_1__72653.1712868564.jpg?c=1
,,,,,,,,,,,,,,,,,,,,,,,,
TIME FOR GARDENING JOURNAL,L238733,Home|Everyday|Journals|TIME FOR GARDENING JOURNAL,,Projected Summer 2025,,,,L: 7in W: 1.50in H: 10in,,1,$22.75 ,,,,,1,Ragon400,Ragon160,https://cdn11.bigcommerce.com/s-xvps74vl0m/images/stencil/1280x1280/products/16541/41950/L238733_2__70640.1754679147.jpg?c=1,L238733_2__70640.1754679147.jpg?c=1,,,Ragon800,L238733_2__70640.1754679147.jpg?c=1
,,,,,,,,,,,,,,,,,,,,,,,,
PAIR OF RED VELVET MITTENS,SS221897,"Home|Holiday|Ornaments, Garland & Tree Toppers|PAIR OF RED VELVET MITTENS",,Projected Summer 2025,,,,H: 4in,,12,$4.40 ,,,,,12,Ragon400,Ragon160,https://cdn11.bigcommerce.com/s-xvps74vl0m/images/stencil/1280x1280/products/11814/33743/SS221897__46801.1712154125.jpg?c=1,SS221897__46801.1712154125.jpg?c=1,,,Ragon800,SS221897__46801.1712154125.jpg?c=1
,,,,,,,,,,,,,,,,,,,,,,,,
"5.25"" GALVANIZED IVY BELL ORNAMENT",ZH213550,"Home|Holiday|Bells|5.25"" GALVANIZED IVY BELL ORNAMENT",,SOLD OUT,,,,L: 2.50in W: 2.50in H: 5.25in,,,$3.85 ,,,,,,Ragon400,Ragon160,https://cdn11.bigcommerce.com/s-xvps74vl0m/images/stencil/1280x1280/products/9596/27318/ZH213550_3__59773.1679582885.jpg?c=1,ZH213550_3__59773.1679582885.jpg?c=1,,,Ragon800,ZH213550_3__59773.1679582885.jpg?c=1
,,,,,,,,,,,,,,,,,,,,,,,,
STANDING BROWN ROOSTER,KY239061,Home|Holiday|Tabletop & Misc.|STANDING BROWN ROOSTER,,Late August,,,,L: 1.75in W: 4.50in H: 4.25in,,6,$3.30 ,,,,,6,Ragon400,Ragon160,https://cdn11.bigcommerce.com/s-xvps74vl0m/images/stencil/1280x1280/products/16930/40401/KY239061_4__80127.1749069169.jpg?c=1,KY239061_4__80127.1749069169.jpg?c=1,,,Ragon800,KY239061_4__80127.1749069169.jpg?c=1
,,,,,,,,,,,,,,,,,,,,,,,,
"20"" RED TARTAN STOCKING",SS211959,"Home|Holiday|Textiles|20"" RED TARTAN STOCKING",,In-Stock: Ships in 5 to 14 days,,,,H: 20in,,6,$8.25 ,,,,,6,Ragon400,Ragon160,https://cdn11.bigcommerce.com/s-xvps74vl0m/images/stencil/1280x1280/products/9762/27413/SS211959_1__98565.1679582918.jpg?c=1,SS211959_1__98565.1679582918.jpg?c=1,,,Ragon800,SS211959_1__98565.1679582918.jpg?c=1
,,,,,,,,,,,,,,,,,,,,,,,,
"SET/ 3 - 4"" EARTH TONES BOTTLEBRUSH TREES",WS218123,"Home|Holiday|Cabin & Lodge|SET/ 3 - 4"" EARTH TONES BOTTLEBRUSH TREES",,In-Stock: Ships in 5 to 14 days,,,,H: 4in,,12,$4.40 ,,,,,12,Ragon400,Ragon160,https://cdn11.bigcommerce.com/s-xvps74vl0m/images/stencil/1280x1280/products/9233/25473/WS218123_6__48532.1677258159.jpg?c=1,WS218123_6__48532.1677258159.jpg?c=1,,,Ragon800,WS218123_6__48532.1677258159.jpg?c=1
,,,,,,,,,,,,,,,,,,,,,,,,
"24"" FROZEN RED BERRY WREATH",G233471,"Home|Holiday|24"" FROZEN RED BERRY WREATH",,In-Stock: Ships in 5 to 14 days,,,,L: 24in H: 24in,,1,$43.00 ,,,,,1,Ragon400,Ragon160,https://cdn11.bigcommerce.com/s-xvps74vl0m/images/stencil/1280x1280/products/17178/41483/G233471_1__63779.1749826502.jpg?c=1,G233471_1__63779.1749826502.jpg?c=1,,,Ragon800,G233471_1__63779.1749826502.jpg?c=1
,,,,,,,,,,,,,,,,,,,,,,,,
"38"" SALMON SWEET PEA SPRAY",G228142,"Home|Everyday|Florals|38"" SALMON SWEET PEA SPRAY",,SOLD OUT,,,,L: 38in,,,$5.25 ,,,,,,Ragon400,Ragon160,https://cdn11.bigcommerce.com/s-xvps74vl0m/images/stencil/1280x1280/products/10087/29975/G228142_1__60526.1702309908.jpg?c=1,G228142_1__60526.1702309908.jpg?c=1,,,Ragon800,G228142_1__60526.1702309908.jpg?c=1
,,,,,,,,,,,,,,,,,,,,,,,,
"27"" BASKET WEAVE HAMPER",E217407,"Home|Sale!|Everyday|27"" BASKET WEAVE HAMPER","BASKET HEIGHT: 19.25""",In-Stock: Ships in 5 to 14 days,,,,L: 13in W: 11in H: 27in,,2,$59.00 ,,,,,2,Ragon400,Ragon160,https://cdn11.bigcommerce.com/s-xvps74vl0m/images/stencil/1280x1280/products/9828/28253/E217407_1__98266.1689794563.jpg?c=1,E217407_1__98266.1689794563.jpg?c=1,,,Ragon800,E217407_1__98266.1689794563.jpg?c=1
,,,,,,,,,,,,,,,,,,,,,,,,
FUR FOX ORNAMENT,KY239001,"Home|Holiday|Ornaments, Garland & Tree Toppers|FUR FOX ORNAMENT",,Late August,,,,L: 2.75in W: 2.25in H: 3.50in,,12,$3.30 ,,,,,12,Ragon400,Ragon160,https://cdn11.bigcommerce.com/s-xvps74vl0m/images/stencil/1280x1280/products/16889/40360/KY239001_2__18639.1749064571.jpg?c=1,KY239001_2__18639.1749064571.jpg?c=1,,,Ragon800,KY239001_2__18639.1749064571.jpg?c=1
,,,,,,,,,,,,,,,,,,,,,,,,
"36"" PINK HYDRANGEA BUSH",G233127,"Home|Sale!|Everyday|36"" PINK HYDRANGEA BUSH",,In-Stock: Ships in 5 to 14 days,,,,L: 36in W: 12in,,6,$9.10 ,,,,,6,Ragon400,Ragon160,https://cdn11.bigcommerce.com/s-xvps74vl0m/images/stencil/1280x1280/products/16201/34762/G233127_6__23150.1733861323.jpg?c=1,G233127_6__23150.1733861323.jpg?c=1,,,Ragon800,G233127_6__23150.1733861323.jpg?c=1
,,,,,,,,,,,,,,,,,,,,,,,,
"10.25"" TRADITIONAL BLACK TAPER CANDLESTICK",MH222539,"Home|Sale!|Everyday|10.25"" TRADITIONAL BLACK TAPER CANDLESTICK",,In-Stock: Ships in 5 to 14 days,,,,L: 6.50in W: 6.50in H: 10.25in,,4,$10.45 ,,,,,4,Ragon400,Ragon160,https://cdn11.bigcommerce.com/s-xvps74vl0m/images/stencil/1280x1280/products/10315/28999/MH222539_4__39902.1701887348.jpg?c=1,MH222539_4__39902.1701887348.jpg?c=1,,,Ragon800,MH222539_4__39902.1701887348.jpg?c=1
,,,,,,,,,,,,,,,,,,,,,,,,
SNOWMAN STOCKING HOLDER,E203752,Home|Sale!|Holiday|SNOWMAN STOCKING HOLDER,,In-Stock: Ships in 5 to 14 days,,,,L: 5in W: 3.75in H: 6.25in,,6,$14.85 ,,,,,6,Ragon400,Ragon160,https://cdn11.bigcommerce.com/s-xvps74vl0m/images/stencil/1280x1280/products/6723/17971/E203752_5__09129.1664232899.jpg?c=1,E203752_5__09129.1664232899.jpg?c=1,,,Ragon800,E203752_5__09129.1664232899.jpg?c=1
,,,,,,,,,,,,,,,,,,,,,,,,
"3"" WHITE WAFFLE KUGEL ORNAMENT",SS199832,"Home|Holiday|Ornaments, Garland & Tree Toppers|3"" WHITE WAFFLE KUGEL ORNAMENT","4""W, GLASS",SOLD OUT,,,,W: 3in,,,$3.05 ,,,,,,Ragon400,Ragon160,https://cdn11.bigcommerce.com/s-xvps74vl0m/images/stencil/1280x1280/products/3029/11119/SS199832_1_qk9z-a9__74158.1626464536.jpg?c=1,SS199832_1_qk9z-a9__74158.1626464536.jpg?c=1,,,Ragon800,SS199832_1_qk9z-a9__74158.1626464536.jpg?c=1
,,,,,,,,,,,,,,,,,,,,,,,,
"19"" CREAM ZINNIA BUSH",G228137,"Home|Sale!|Everyday|19"" CREAM ZINNIA BUSH",,In-Stock: Ships in 5 to 14 days,,,,L: 19in,,12,$9.10 ,,,,,12,Ragon400,Ragon160,https://cdn11.bigcommerce.com/s-xvps74vl0m/images/stencil/1280x1280/products/10083/35287/G228137_3__24310.1733863753.jpg?c=1,G228137_3__24310.1733863753.jpg?c=1,,,Ragon800,G228137_3__24310.1733863753.jpg?c=1
,,,,,,,,,,,,,,,,,,,,,,,,
SET/ 3 DEEP FOREST SPIRAL CUT BOTTLEBRUSH TREES,WS192472,Home|Holiday|Bottlebrush|SET/ 3 DEEP FOREST SPIRAL CUT BOTTLEBRUSH TREES,"SM: 2.5""L X 2.5""W X 8""H
MD: 3""L X 3""W X 10""H
LG: 3.5""L X 3.5""W X 12""H",In-Stock: Ships in 5 to 14 days,,,,W: 3.50in H: 12in,,2,$24.00 ,,,,,2,Ragon400,Ragon160,https://cdn11.bigcommerce.com/s-xvps74vl0m/images/stencil/1280x1280/products/3126/12330/WS192472_y7xe-i2__54232.1626464876.jpg?c=1,WS192472_y7xe-i2__54232.1626464876.jpg?c=1,,,Ragon800,WS192472_y7xe-i2__54232.1626464876.jpg?c=1
,,,,,,,,,,,,,,,,,,,,,,,,
SET/2 ANGELLO METAL LANTERNS,E234554,Home|Holiday|Tabletop & Misc.|SET/2 ANGELLO METAL LANTERNS,"SM:6.75""L x 5""W x 14""H
LG: 8.25""L x 6.5""W x 17.5H",In-Stock: Ships in 5 to 14 days,,,,See Details tab,,2,$50.75 ,,,,,2,Ragon400,Ragon160,https://cdn11.bigcommerce.com/s-xvps74vl0m/images/stencil/1280x1280/products/18293/39757/E234554_4__06918.1741630193.jpg?c=1,E234554_4__06918.1741630193.jpg?c=1,,,Ragon800,E234554_4__06918.1741630193.jpg?c=1
,,,,,,,,,,,,,,,,,,,,,,,,
"9.75"" FRANCESCO TAPER CANDLE HOLDER",MH236758,"Home|Sale!|Everyday|9.75"" FRANCESCO TAPER CANDLE HOLDER","HOLDS 1"" TAPER CANDLE",In-Stock: Ships in 5 to 14 days,,,,L: 3.25in W: 3.25in H: 9.75in,,6,$8.55 ,,,,,6,Ragon400,Ragon160,https://cdn11.bigcommerce.com/s-xvps74vl0m/images/stencil/1280x1280/products/16585/36048/MH236758_2__61999.1733943210.jpg?c=1,MH236758_2__61999.1733943210.jpg?c=1,,,Ragon800,MH236758_2__61999.1733943210.jpg?c=1
,,,,,,,,,,,,,,,,,,,,,,,,
"26"" YELLOW SNOWBALL SPRAY",OR224512,"Home|Sale!|Everyday|26"" YELLOW SNOWBALL SPRAY",,In-Stock: Ships in 5 to 14 days,,,,L: 26in,,12,$7.45 ,,,,,12,Ragon400,Ragon160,https://cdn11.bigcommerce.com/s-xvps74vl0m/images/stencil/1280x1280/products/10435/35684/OR224512_1__30684.1733863859.jpg?c=1,OR224512_1__30684.1733863859.jpg?c=1,,,Ragon800,OR224512_1__30684.1733863859.jpg?c=1
,,,,,,,,,,,,,,,,,,,,,,,,
"7.5"" BLACK & WHITE PILLAR CANDLESTICK",G232502,"Home|Sale!|Everyday|7.5"" BLACK & WHITE PILLAR CANDLESTICK","HOLDS 3"" CANDLE",In-Stock: Ships in 5 to 14 days,,,,L: 4in W: 4in H: 7.50in,,2,$9.35 ,,,,,2,Ragon400,Ragon160,https://cdn11.bigcommerce.com/s-xvps74vl0m/images/stencil/1280x1280/products/16038/36205/G232502_3__34790.1733943246.jpg?c=1,G232502_3__34790.1733943246.jpg?c=1,,,Ragon800,G232502_3__34790.1733943246.jpg?c=1
,,,,,,,,,,,,,,,,,,,,,,,,
RED & WHITE RIBBON CANDY ORNAMENT,WS231689,"Home|Holiday|Ornaments, Garland & Tree Toppers|RED & WHITE RIBBON CANDY ORNAMENT",,Early September,,,,L: 1in W: 1in H: 3.50in,,12,$1.95 ,,,,,12,Ragon400,Ragon160,https://cdn11.bigcommerce.com/s-xvps74vl0m/images/stencil/1280x1280/products/18163/40465/WS231689_3__89998.1749138555.jpg?c=1,WS231689_3__89998.1749138555.jpg?c=1,,,Ragon800,WS231689_3__89998.1749138555.jpg?c=1
,,,,,,,,,,,,,,,,,,,,,,,,
"18"" EUCALYPTUS BUNDLE",G181026,"Home|Everyday|Florals|18"" EUCALYPTUS BUNDLE",,SOLD OUT,,,,W: 9in H: 18in,,,$6.05 ,,,,,,Ragon400,Ragon160,https://cdn11.bigcommerce.com/s-xvps74vl0m/images/stencil/1280x1280/products/4881/35376/G181026_3__04279.1733863775.jpg?c=1,G181026_3__04279.1733863775.jpg?c=1,,,Ragon800,G181026_3__04279.1733863775.jpg?c=1
,,,,,,,,,,,,,,,,,,,,,,,,
"17"" METAL HOLLY LEAF TREE",FB237318,"Home|Holiday|Tabletop & Misc.|17"" METAL HOLLY LEAF TREE",,In-Stock: Ships in 5 to 14 days,,,,L: 8.25in W: 3.75in H: 17in,,4,$14.30 ,,,,,4,Ragon400,Ragon160,https://cdn11.bigcommerce.com/s-xvps74vl0m/images/stencil/1280x1280/products/17130/41107/FB237318_2__66549.1749826423.jpg?c=1,FB237318_2__66549.1749826423.jpg?c=1,,,Ragon800,FB237318_2__66549.1749826423.jpg?c=1
,,,,,,,,,,,,,,,,,,,,,,,,
"26"" SNOW COVERED PINE WREATH W/ RED BERRIES",G228891,"Home|Holiday|Greenery, Wreaths & Trees|26"" SNOW COVERED PINE WREATH W/ RED BERRIES",,In-Stock: Ships in 5 to 14 days,,,,L: 26in H: 26in,,2,$43.00 ,,,,,2,Ragon400,Ragon160,https://cdn11.bigcommerce.com/s-xvps74vl0m/images/stencil/1280x1280/products/11482/41418/G228891_2__41677.1749826486.jpg?c=1,G228891_2__41677.1749826486.jpg?c=1,,,Ragon800,G228891_2__41677.1749826486.jpg?c=1
,,,,,,,,,,,,,,,,,,,,,,,,
"12.75"" BAKERY SIGN",E203414,"Home|Everyday|Kitchen|12.75"" BAKERY SIGN",NAIL HOLES FOR HANGING,In-Stock: Ships in 5 to 14 days,,,,L: 12.75in W: 0.25in H: 4in,,1,$3.85 ,,,,,1,Ragon400,Ragon160,https://cdn11.bigcommerce.com/s-xvps74vl0m/images/stencil/1280x1280/products/6589/14307/E203414_4__72607.1647357404.jpg?c=1,E203414_4__72607.1647357404.jpg?c=1,,,Ragon800,E203414_4__72607.1647357404.jpg?c=1
,,,,,,,,,,,,,,,,,,,,,,,,
PAIR OF CREAM VELVET MITTENS,SS221892,"Home|Holiday|Ornaments, Garland & Tree Toppers|PAIR OF CREAM VELVET MITTENS",,SOLD OUT,,,,See Details tab,,,$4.40 ,,,,,,Ragon400,Ragon160,https://cdn11.bigcommerce.com/s-xvps74vl0m/images/stencil/1280x1280/products/11809/33741/SS221892__88169.1712154124.jpg?c=1,SS221892__88169.1712154124.jpg?c=1,,,Ragon800,SS221892__88169.1712154124.jpg?c=1
,,,,,,,,,,,,,,,,,,,,,,,,
SET/ 3 SNOWY GREEN SPIRAL BOTTLEBRUSH TREES W/ STUMP BASE,WS227638,Home|Holiday|Cabin & Lodge|SET/ 3 SNOWY GREEN SPIRAL BOTTLEBRUSH TREES W/ STUMP BASE,"SM: 10.5""H MD: 13.5""H LG: 16.5""H",In-Stock: Ships in 5 to 14 days,,,,See Details tab,,2,$38.50 ,,,,,2,Ragon400,Ragon160,https://cdn11.bigcommerce.com/s-xvps74vl0m/images/stencil/1280x1280/products/12465/34128/WS227638_3__04810.1719420662.jpg?c=1,WS227638_3__04810.1719420662.jpg?c=1,,,Ragon800,WS227638_3__04810.1719420662.jpg?c=1
,,,,,,,,,,,,,,,,,,,,,,,,
"27.5"" WHITE PEONY SPRAY",HZ238856,"Home|Sale!|Everyday|27.5"" WHITE PEONY SPRAY",,In-Stock: Ships in 5 to 14 days,,,,L: 27.50in W: 10in,,12,$4.15 ,,,,,12,Ragon400,Ragon160,https://cdn11.bigcommerce.com/s-xvps74vl0m/images/stencil/1280x1280/products/16436/34821/HZ238856_7__00888.1733861340.jpg?c=1,HZ238856_7__00888.1733861340.jpg?c=1,,,Ragon800,HZ238856_7__00888.1733861340.jpg?c=1
,,,,,,,,,,,,,,,,,,,,,,,,
6' CREAM & RED BOTTLEBRUSH GARLAND W/ WOODEN BEADS,WS227590,"Home|Holiday|Ornaments, Garland & Tree Toppers|6' CREAM & RED BOTTLEBRUSH GARLAND W/ WOODEN BEADS",,In-Stock: Ships in 5 to 14 days,,,,L: 72in,,4,$13.20 ,,,,,4,Ragon400,Ragon160,https://cdn11.bigcommerce.com/s-xvps74vl0m/images/stencil/1280x1280/products/12455/33467/ws227590_2__96461.1711115423.jpg?c=1,ws227590_2__96461.1711115423.jpg?c=1,,,Ragon800,ws227590_2__96461.1711115423.jpg?c=1
,,,,,,,,,,,,,,,,,,,,,,,,
9' MEDIUM ROUND BLACK WOOD BEAD GARLAND,SS221957,"Home|Holiday|Ornaments, Garland & Tree Toppers|9' MEDIUM ROUND BLACK WOOD BEAD GARLAND",,Projected Summer 2025,,,,L: 108in,,6,$8.80 ,,,,,6,Ragon400,Ragon160,https://cdn11.bigcommerce.com/s-xvps74vl0m/images/stencil/1280x1280/products/11874/33812/SS221957__85884.1712156109.jpg?c=1,SS221957__85884.1712156109.jpg?c=1,,,Ragon800,SS221957__85884.1712156109.jpg?c=1
,,,,,,,,,,,,,,,,,,,,,,,,
"12"" CARAMEL FLOCKED TREE",WS202499,"Home|Holiday|Bottlebrush|12"" CARAMEL FLOCKED TREE",,In-Stock: Ships in 5 to 14 days,,,,L: 4.50in W: 4.50in H: 12in,,6,$13.20 ,,,,,6,Ragon400,Ragon160,https://cdn11.bigcommerce.com/s-xvps74vl0m/images/stencil/1280x1280/products/7586/16973/WS202499_2__92591.1644266093.jpg?c=1,WS202499_2__92591.1644266093.jpg?c=1,,,Ragon800,WS202499_2__92591.1644266093.jpg?c=1
,,,,,,,,,,,,,,,,,,,,,,,,
"2X5"" MOVING FLAME CREAM PILLAR CANDLE",NY229031,"Home|Flameless Candles|2X5"" MOVING FLAME CREAM PILLAR CANDLE","6 HR TIMER | ON/OFF BUTTON
REQUIRES 2 (AA) BATTERIES, BATTERIES NOT INCLUDED.",In-Stock: Ships in 5 to 14 days,,,,L: 2in W: 2in H: 5in,,6,$7.15 ,,,,,6,Ragon400,Ragon160,https://cdn11.bigcommerce.com/s-xvps74vl0m/images/stencil/1280x1280/products/10402/29151/NY229031_3__31666.1702061900.jpg?c=1,NY229031_3__31666.1702061900.jpg?c=1,,,Ragon800,NY229031_3__31666.1702061900.jpg?c=1
,,,,,,,,,,,,,,,,,,,,,,,,
"18"" MOSS GREEN BOTTLEBRUSH TREE",WS182294,"Home|Holiday|Bottlebrush|18"" MOSS GREEN BOTTLEBRUSH TREE","6''W X 18''H, BOTTLEBRUSH",In-Stock: Ships in 5 to 14 days,,,,L: 6in W: 6in H: 18in,,2,$18.65 ,,,,,2,Ragon400,Ragon160,https://cdn11.bigcommerce.com/s-xvps74vl0m/images/stencil/1280x1280/products/5366/28439/WS182294__47320.1694445453.jpg?c=1,WS182294__47320.1694445453.jpg?c=1,,,Ragon800,WS182294__47320.1694445453.jpg?c=1
,,,,,,,,,,,,,,,,,,,,,,,,
"7"" EMERALD GREEN W/ GOLD TRIM PAPER TREE",WS227394,"Home|Holiday|Paper|7"" EMERALD GREEN W/ GOLD TRIM PAPER TREE",,SOLD OUT,,,,L: 3.75in W: 3.75in H: 7in,,,$4.15 ,,,,,,Ragon400,Ragon160,https://cdn11.bigcommerce.com/s-xvps74vl0m/images/stencil/1280x1280/products/12386/33457/WS227394_1__70505.1711115420.jpg?c=1,WS227394_1__70505.1711115420.jpg?c=1,,,Ragon800,WS227394_1__70505.1711115420.jpg?c=1
,,,,,,,,,,,,,,,,,,,,,,,,
"3"" BRONZE GLASS TAPER CANDLE HOLDER",NY236530,"Home|Flameless Candles|3"" BRONZE GLASS TAPER CANDLE HOLDER",,In-Stock: Ships in 3 to 7 days,,,,L: 3in W: 3in H: 3in,,4,$11.85 ,,,,,4,Ragon400,Ragon160,https://cdn11.bigcommerce.com/s-xvps74vl0m/images/stencil/1280x1280/products/16634/36396/NY236530_3__00370.1733943288.jpg?c=1,NY236530_3__00370.1733943288.jpg?c=1,,,Ragon800,NY236530_3__00370.1733943288.jpg?c=1
,,,,,,,,,,,,,,,,,,,,,,,,
"2.5"" CREAM UNWIRED VELVET RIBBON",SS236130,"Home|Holiday|Textiles|2.5"" CREAM UNWIRED VELVET RIBBON",,Projected Summer 2025,,,,L: 360in W: 2.50in,,6,$10.75 ,,,,,6,Ragon400,Ragon160,https://cdn11.bigcommerce.com/s-xvps74vl0m/images/stencil/1280x1280/products/17756/41643/SS236130_4__59027.1749826535.jpg?c=1,SS236130_4__59027.1749826535.jpg?c=1,,,Ragon800,SS236130_4__59027.1749826535.jpg?c=1
,,,,,,,,,,,,,,,,,,,,,,,,
"5.75"" SILVER SNOWFLAKE ORNAMENT W/ CENTER JEWEL",SS235907,"Home|Holiday|5.75"" SILVER SNOWFLAKE ORNAMENT W/ CENTER JEWEL",,Projected Summer 2025,,,,L: 5.75in H: 5.75in,,12,$4.15 ,,,,,12,Ragon400,Ragon160,https://cdn11.bigcommerce.com/s-xvps74vl0m/images/stencil/1280x1280/products/17731/40300/SS235907_1__32220.1748894525.jpg?c=1,SS235907_1__32220.1748894525.jpg?c=1,,,Ragon800,SS235907_1__32220.1748894525.jpg?c=1
,,,,,,,,,,,,,,,,,,,,,,,,
3' PINE TREE WITH BURLAP BASE,G26741,"Home|Holiday|Greenery, Wreaths & Trees|3' PINE TREE WITH BURLAP BASE","36""H, PE",In-Stock: Ships in 5 to 14 days,,,,H: 36in,,3,$37.00 ,,,,,3,Ragon400,Ragon160,https://cdn11.bigcommerce.com/s-xvps74vl0m/images/stencil/1280x1280/products/2887/26434/G26741_3__37894.1677864259.jpg?c=1,G26741_3__37894.1677864259.jpg?c=1,,,Ragon800,G26741_3__37894.1677864259.jpg?c=1
,,,,,,,,,,,,,,,,,,,,,,,,
"7.75"" BLUE FINIAL ORNAMENT",WS202423,"Home|Holiday|Ornaments, Garland & Tree Toppers|7.75"" BLUE FINIAL ORNAMENT",,SOLD OUT,,,,See Details tab,,,$8.25 ,,,,,,Ragon400,Ragon160,https://cdn11.bigcommerce.com/s-xvps74vl0m/images/stencil/1280x1280/products/7908/17671/WS202423_2__36841.1645763541.jpg?c=1,WS202423_2__36841.1645763541.jpg?c=1,,,Ragon800,WS202423_2__36841.1645763541.jpg?c=1
,,,,,,,,,,,,,,,,,,,,,,,,
SAWYER MIRROR,SH238411,Home|Sale!|Everyday|SAWYER MIRROR,2 HALF CIRCLE HANGERS,In-Stock: Ships in 5 to 14 days,,,,L: 25.50in W: 1.75in H: 54.50in,,1,$174.00 ,,,,,1,Ragon400,Ragon160,https://cdn11.bigcommerce.com/s-xvps74vl0m/images/stencil/1280x1280/products/16751/37222/SH238411__19354.1733943508.jpg?c=1,SH238411__19354.1733943508.jpg?c=1,,,Ragon800,SH238411__19354.1733943508.jpg?c=1
,,,,,,,,,,,,,,,,,,,,,,,,
BOSTON LANTERN,E234066,"Home|Everyday|Lanterns, Lights & Hooks|BOSTON LANTERN",,In-Stock: Ships in 5 to 14 days,,,,L: 7.25in W: 5.25in H: 15.75in,,4,$23.25 ,,,,,4,Ragon400,Ragon160,https://cdn11.bigcommerce.com/s-xvps74vl0m/images/stencil/1280x1280/products/15837/37193/E234066_4__27323.1733943499.jpg?c=1,E234066_4__27323.1733943499.jpg?c=1,,,Ragon800,E234066_4__27323.1733943499.jpg?c=1
,,,,,,,,,,,,,,,,,,,,,,,,
"24"" EUCALYPTUS W/ CREAM & PURPLE HEATHER WREATH",G228009,"Home|Everyday|Florals|24"" EUCALYPTUS W/ CREAM & PURPLE HEATHER WREATH",,In-Stock: Ships in 5 to 14 days,,,,L: 24in H: 24in,,2,$32.00 ,,,,,2,Ragon400,Ragon160,https://cdn11.bigcommerce.com/s-xvps74vl0m/images/stencil/1280x1280/products/10035/35995/G228009_6__78610.1733863949.jpg?c=1,G228009_6__78610.1733863949.jpg?c=1,,,Ragon800,G228009_6__78610.1733863949.jpg?c=1
,,,,,,,,,,,,,,,,,,,,,,,,
"32"" FROSTED HOLLY W/ PINECONES HANGING BUSH",G233614,"Home|Holiday|Greenery, Wreaths & Trees|32"" FROSTED HOLLY W/ PINECONES HANGING BUSH",,In-Stock: Ships in 5 to 14 days,,,,L: 32in W: 6.50in,,6,$8.55 ,,,,,6,Ragon400,Ragon160,https://cdn11.bigcommerce.com/s-xvps74vl0m/images/stencil/1280x1280/products/17267/41217/G233614_4__10494.1749826445.jpg?c=1,G233614_4__10494.1749826445.jpg?c=1,,,Ragon800,G233614_4__10494.1749826445.jpg?c=1
,,,,,,,,,,,,,,,,,,,,,,,,
"24"" GREY STOCKING WITH WHITE STRIPES",HE205572,"Home|Sale!|Holiday|24"" GREY STOCKING WITH WHITE STRIPES",,In-Stock: Ships in 5 to 14 days,,,,L: 24in W: 15in,,5,$16.25 ,,,,,5,Ragon400,Ragon160,https://cdn11.bigcommerce.com/s-xvps74vl0m/images/stencil/1280x1280/products/7166/19321/HE205572__53067.1651755462.jpg?c=1,HE205572__53067.1651755462.jpg?c=1,,,Ragon800,HE205572__53067.1651755462.jpg?c=1
,,,,,,,,,,,,,,,,,,,,,,,,
BROWN & WHITE STANDING BUNNY,KY239014,Home|Everyday|BROWN & WHITE STANDING BUNNY,,Late August,,,,L: 4in W: 3.50in H: 7.50in,,4,$6.60 ,,,,,4,Ragon400,Ragon160,https://cdn11.bigcommerce.com/s-xvps74vl0m/images/stencil/1280x1280/products/16899/41919/KY239014_4__09583.1754587664.jpg?c=1,KY239014_4__09583.1754587664.jpg?c=1,,,Ragon800,KY239014_4__09583.1754587664.jpg?c=1
,,,,,,,,,,,,,,,,,,,,,,,,
"8.5"" FLAT BOTTOM SNOWMAN WITH SCARF",WS172060,"Home|Holiday|Snowmen, Santas & Angels|8.5"" FLAT BOTTOM SNOWMAN WITH SCARF","4""L X 3.25""W X 8.5""H, MACHE",Projected Summer 2025,,,,L: 4in W: 3.25in H: 8.50in,,2,$21.00 ,,,,,2,Ragon400,Ragon160,https://cdn11.bigcommerce.com/s-xvps74vl0m/images/stencil/1280x1280/products/4507/11418/WS172060__2___08409.1626464597.jpg?c=1,WS172060__2___08409.1626464597.jpg?c=1,,,Ragon800,WS172060__2___08409.1626464597.jpg?c=1
,,,,,,,,,,,,,,,,,,,,,,,,
"6"" CHARCOAL GLASS 3D FLAME CANDLE",NY213013,"Home|Flameless Candles|6"" CHARCOAL GLASS 3D FLAME CANDLE","6 HR TIMER
REQUIRES 3 (AAA) BATTERIES, BATTERIES NOT INCLUDED.",In-Stock: Ships in 5 to 14 days,,,,L: 3in W: 3in H: 6in,,6,$8.25 ,,,,,6,Ragon400,Ragon160,https://cdn11.bigcommerce.com/s-xvps74vl0m/images/stencil/1280x1280/products/8542/28052/NY213013_1__49798.1687548426.jpg?c=1,NY213013_1__49798.1687548426.jpg?c=1,,,Ragon800,NY213013_1__49798.1687548426.jpg?c=1
,,,,,,,,,,,,,,,,,,,,,,,,
"5' RED, WHITE & BLUE GARLAND",G232883,"Home|Everyday|Florals|5' RED, WHITE & BLUE GARLAND",,SOLD OUT,,,,L: 60in W: 5.50in,,,$23.25 ,,,,,,Ragon400,Ragon160,https://cdn11.bigcommerce.com/s-xvps74vl0m/images/stencil/1280x1280/products/16128/37235/G232883_10__06395.1735572192.jpg?c=1,G232883_10__06395.1735572192.jpg?c=1,,,Ragon800,G232883_10__06395.1735572192.jpg?c=1
,,,,,,,,,,,,,,,,,,,,,,,,
"10.5"" NOBLE TAPER CANDLESTICK",FB237222,"Home|Everyday|Candle Holders|10.5"" NOBLE TAPER CANDLESTICK",,In-Stock: Ships in 5 to 14 days,,,,L: 4.50in W: 4.50in H: 10.50in,,2,$10.45 ,,,,,2,Ragon400,Ragon160,https://cdn11.bigcommerce.com/s-xvps74vl0m/images/stencil/1280x1280/products/15980/36141/FB237222_1__93074.1733943231.jpg?c=1,FB237222_1__93074.1733943231.jpg?c=1,,,Ragon800,FB237222_1__93074.1733943231.jpg?c=1
,,,,,,,,,,,,,,,,,,,,,,,,
"20.25"" EMERALD GREEN W/ GOLD TRIM PAPER TREE",WS227414,"Home|Holiday|Paper|20.25"" EMERALD GREEN W/ GOLD TRIM PAPER TREE",,In-Stock: Ships in 5 to 14 days,,,,L: 10.25in W: 10.25in H: 20.25in,,2,$12.10 ,,,,,2,Ragon400,Ragon160,https://cdn11.bigcommerce.com/s-xvps74vl0m/images/stencil/1280x1280/products/12394/33784/WS227414_4__53080.1712154139.jpg?c=1,WS227414_4__53080.1712154139.jpg?c=1,,,Ragon800,WS227414_4__53080.1712154139.jpg?c=1
,,,,,,,,,,,,,,,,,,,,,,,,
"4"" WHITE TAPERED VASE",MH222620,"Home|Sale!|Everyday|4"" WHITE TAPERED VASE",,In-Stock: Ships in 5 to 14 days,,,,L: 2.50in W: 2.50in H: 4in,,9,$4.40 ,,,,,9,Ragon400,Ragon160,https://cdn11.bigcommerce.com/s-xvps74vl0m/images/stencil/1280x1280/products/10361/29070/MH222620_4__74599.1701887372.jpg?c=1,MH222620_4__74599.1701887372.jpg?c=1,,,Ragon800,MH222620_4__74599.1701887372.jpg?c=1
,,,,,,,,,,,,,,,,,,,,,,,,
"9.25"" CHARCOAL TERRACOTTA PLANTER",G233168,"Home|Sale!|Everyday|9.25"" CHARCOAL TERRACOTTA PLANTER",,In-Stock: Ships in 5 to 14 days,,,,L: 10.75in W: 10.75in H: 9.25in,,2,$43.00 ,,,,,2,Ragon400,Ragon160,https://cdn11.bigcommerce.com/s-xvps74vl0m/images/stencil/1280x1280/products/13554/37302/G233168__58061.1735854665.jpg?c=1,G233168__58061.1735854665.jpg?c=1,,,Ragon800,G233168__58061.1735854665.jpg?c=1
,,,,,,,,,,,,,,,,,,,,,,,,
"41.75"" LAKEHOUSE PRINT",E226319,"Home|Sale!|Everyday|41.75"" LAKEHOUSE PRINT",2 KEYHOLE HANGERS,In-Stock: Ships in 5 to 14 days,,,,L: 41.75in W: 1in H: 13.75in,,2,$25.50 ,,,,,2,Ragon400,Ragon160,https://cdn11.bigcommerce.com/s-xvps74vl0m/images/stencil/1280x1280/products/10693/29552/E226319_4__94523.1701963462.jpg?c=1,E226319_4__94523.1701963462.jpg?c=1,,,Ragon800,E226319_4__94523.1701963462.jpg?c=1
,,,,,,,,,,,,,,,,,,,,,,,,
PRAYING ANGEL ORNAMENT,FB237348,"Home|Holiday|Ornaments, Garland & Tree Toppers|PRAYING ANGEL ORNAMENT",,In-Stock: Ships in 5 to 14 days,,,,L: 4.75in W: 0.50in H: 6.25in,,12,$4.15 ,,,,,12,Ragon400,Ragon160,https://cdn11.bigcommerce.com/s-xvps74vl0m/images/stencil/1280x1280/products/17142/41342/FB237348_2__87346.1749826468.jpg?c=1,FB237348_2__87346.1749826468.jpg?c=1,,,Ragon800,FB237348_2__87346.1749826468.jpg?c=1
,,,,,,,,,,,,,,,,,,,,,,,,
"28"" HEAVILY FLOCKED PINE SPRAY",G232693,"Home|Holiday|Greenery, Wreaths & Trees|28"" HEAVILY FLOCKED PINE SPRAY",,In-Stock: Ships in 5 to 14 days,,,,L: 28in W: 12in,,6,$14.05 ,,,,,6,Ragon400,Ragon160,https://cdn11.bigcommerce.com/s-xvps74vl0m/images/stencil/1280x1280/products/11335/41173/G232693_1__08316.1749826436.jpg?c=1,G232693_1__08316.1749826436.jpg?c=1,,,Ragon800,G232693_1__08316.1749826436.jpg?c=1
,,,,,,,,,,,,,,,,,,,,,,,,
"9.25"" SANTA W/ LANTERN",E226699,"Home|Holiday|Snowmen, Santas & Angels|9.25"" SANTA W/ LANTERN",,In-Stock: Ships in 5 to 14 days,,,,L: 4.50in W: 3in H: 9.25in,,4,$13.20 ,,,,,4,Ragon400,Ragon160,https://cdn11.bigcommerce.com/s-xvps74vl0m/images/stencil/1280x1280/products/10969/32066/E226699_6__53058.1708440793.jpg?c=1,E226699_6__53058.1708440793.jpg?c=1,,,Ragon800,E226699_6__53058.1708440793.jpg?c=1
,,,,,,,,,,,,,,,,,,,,,,,,
SQUIRREL BIRDBATH,SH238456,Home|Everyday|Spring & Garden|SQUIRREL BIRDBATH,,SOLD OUT,,,,L: 11.50in W: 11.75in H: 11.50in,,,$46.25 ,,,,,,Ragon400,Ragon160,https://cdn11.bigcommerce.com/s-xvps74vl0m/images/stencil/1280x1280/products/16769/37135/SH238456_4__46316.1733943484.jpg?c=1,SH238456_4__46316.1733943484.jpg?c=1,,,Ragon800,SH238456_4__46316.1733943484.jpg?c=1
,,,,,,,,,,,,,,,,,,,,,,,,
"4"" RED MITTEN ORNAMENT",SS211946,"Home|Holiday|Ornaments, Garland & Tree Toppers|4"" RED MITTEN ORNAMENT",,Projected Summer 2025,,,,W: 4in,,12,$3.60 ,,,,,12,Ragon400,Ragon160,https://cdn11.bigcommerce.com/s-xvps74vl0m/images/stencil/1280x1280/products/9749/27391/SS211946_2__56820.1679582910.jpg?c=1,SS211946_2__56820.1679582910.jpg?c=1,,,Ragon800,SS211946_2__56820.1679582910.jpg?c=1
,,,,,,,,,,,,,,,,,,,,,,,,
GOLD 5 TAPER CANDLE HOLDER,E234429,Home|Everyday|Candle Holders|GOLD 5 TAPER CANDLE HOLDER,,SOLD OUT,,,,L: 6in W: 6in H: 10.50in,,,$19.00 ,,,,,,Ragon400,Ragon160,https://cdn11.bigcommerce.com/s-xvps74vl0m/images/stencil/1280x1280/products/15930/36879/E234429_4__47134.1733943414.jpg?c=1,E234429_4__47134.1733943414.jpg?c=1,,,Ragon800,E234429_4__47134.1733943414.jpg?c=1
,,,,,,,,,,,,,,,,,,,,,,,,
"10.5"" PINK ROSE SPRAY",OR235571,"Home|Everyday|Florals|10.5"" PINK ROSE SPRAY",,In-Stock: Ships in 5 to 14 days,,,,L: 10.50in W: 3.50in,,24,$1.95 ,,,,,24,Ragon400,Ragon160,https://cdn11.bigcommerce.com/s-xvps74vl0m/images/stencil/1280x1280/products/16717/35213/OR235571_2__73437.1733861456.jpg?c=1,OR235571_2__73437.1733861456.jpg?c=1,,,Ragon800,OR235571_2__73437.1733861456.jpg?c=1
,,,,,,,,,,,,,,,,,,,,,,,,
TEA CUP GARDEN STAKE,HY238841,Home|Everyday|Spring & Garden|TEA CUP GARDEN STAKE,"CUP DEPTH: 3""",SOLD OUT,,,,L: 7.75in W: 6.75in H: 34.50in,,,$26.50 ,,,,,,Ragon400,Ragon160,https://cdn11.bigcommerce.com/s-xvps74vl0m/images/stencil/1280x1280/products/16430/36605/HY238841_2__98702.1733943341.jpg?c=1,HY238841_2__98702.1733943341.jpg?c=1,,,Ragon800,HY238841_2__98702.1733943341.jpg?c=1
,,,,,,,,,,,,,,,,,,,,,,,,
3' DARK GREEN SNOWY PINE TREE,G228686,Home|Holiday|Cabin & Lodge|3' DARK GREEN SNOWY PINE TREE,,In-Stock: Ships in 5 to 14 days,,,,H: 36in,,1,$43.00 ,,,,,1,Ragon400,Ragon160,https://cdn11.bigcommerce.com/s-xvps74vl0m/images/stencil/1280x1280/products/11403/32142/G228686_3__63359.1708440819.jpg?c=1,G228686_3__63359.1708440819.jpg?c=1,,,Ragon800,G228686_3__63359.1708440819.jpg?c=1
,,,,,,,,,,,,,,,,,,,,,,,,
"3"" SILVER CRACKLE KUGEL ORNAMENT",SS236196,"Home|Holiday|Ornaments, Garland & Tree Toppers|3"" SILVER CRACKLE KUGEL ORNAMENT",,In-Stock: Ships in 5 to 14 days,,,,L: 3in,,6,$3.05 ,,,,,6,Ragon400,Ragon160,https://cdn11.bigcommerce.com/s-xvps74vl0m/images/stencil/1280x1280/products/17795/40616/SS236196_3__90697.1749156074.jpg?c=1,SS236196_3__90697.1749156074.jpg?c=1,,,Ragon800,SS236196_3__90697.1749156074.jpg?c=1
,,,,,,,,,,,,,,,,,,,,,,,,
BLACK & WHITE LIGHTED CHURCH ORNAMENT,WS231365,"Home|Holiday|Ornaments, Garland & Tree Toppers|BLACK & WHITE LIGHTED CHURCH ORNAMENT","REQUIRES 3 (AG13/LR44) BATTERY, BATTERIES INCLUDED",Early September,,,,L: 3.50in W: 3in H: 5in,,6,$6.90 ,,,,,6,Ragon400,Ragon160,https://cdn11.bigcommerce.com/s-xvps74vl0m/images/stencil/1280x1280/products/17982/40526/WS231365_2__11986.1749151456.jpg?c=1,WS231365_2__11986.1749151456.jpg?c=1,,,Ragon800,WS231365_2__11986.1749151456.jpg?c=1
,,,,,,,,,,,,,,,,,,,,,,,,
WELCOME TO COTTONTAIL FARM SIGN,E234166,Home|Sale!|Everyday|WELCOME TO COTTONTAIL FARM SIGN,2 SAWTOOTH HANGERS,In-Stock: Ships in 5 to 14 days,,,,L: 24in W: 1in H: 14in,,8,$18.70 ,,,,,8,Ragon400,Ragon160,https://cdn11.bigcommerce.com/s-xvps74vl0m/images/stencil/1280x1280/products/15859/36793/E234166_3__34942.1733943392.jpg?c=1,E234166_3__34942.1733943392.jpg?c=1,,,Ragon800,E234166_3__34942.1733943392.jpg?c=1
,,,,,,,,,,,,,,,,,,,,,,,,
"15.75"" VERBIER TREE IN POT",ST222028,"Home|Holiday|Greenery, Wreaths & Trees|15.75"" VERBIER TREE IN POT",,In-Stock: Ships in 5 to 14 days,,,,H: 15.75in,,6,$11.00 ,,,,,6,Ragon400,Ragon160,https://cdn11.bigcommerce.com/s-xvps74vl0m/images/stencil/1280x1280/products/11932/32225/ST222028_4__35490.1708440848.jpg?c=1,ST222028_4__35490.1708440848.jpg?c=1,,,Ragon800,ST222028_4__35490.1708440848.jpg?c=1
,,,,,,,,,,,,,,,,,,,,,,,,
"11.75"" WHITE GINGERBREAD TREE",LA237788,"Home|Holiday|Tabletop & Misc.|11.75"" WHITE GINGERBREAD TREE",,In-Stock: Ships in 5 to 14 days,,,,L: 6.25in W: 2.50in H: 11.75in,,4,$12.10 ,,,,,4,Ragon400,Ragon160,https://cdn11.bigcommerce.com/s-xvps74vl0m/images/stencil/1280x1280/products/17570/41781/LA237788_3__05914.1750880168.jpg?c=1,LA237788_3__05914.1750880168.jpg?c=1,,,Ragon800,LA237788_3__05914.1750880168.jpg?c=1
,,,,,,,,,,,,,,,,,,,,,,,,
SET/ 2 - 3D FLAME BLACK TEALIGHT CANDLES,NY236556,Home|Flameless Candles|SET/ 2 - 3D FLAME BLACK TEALIGHT CANDLES,"6 HR TIMER | ON/OFF BUTTON
REQUIRES 1 (CR2032) BATTERY, BATTERY INCLUDED.",Projected Summer 2025,,,,L: 1.75in W: 1.75in H: 1in,,8,$7.15 ,,,,,8,Ragon400,Ragon160,https://cdn11.bigcommerce.com/s-xvps74vl0m/images/stencil/1280x1280/products/16649/37057/NY236556_1__95525.1733943462.jpg?c=1,NY236556_1__95525.1733943462.jpg?c=1,,,Ragon800,NY236556_1__95525.1733943462.jpg?c=1
,,,,,,,,,,,,,,,,,,,,,,,,
"22"" ORANGE WILDFLOWER WREATH",HZ238930,"Home|Sale!|Everyday|22"" ORANGE WILDFLOWER WREATH",,In-Stock: Ships in 5 to 14 days,,,,L: 22in W: 5in H: 22in,,2,$27.50 ,,,,,2,Ragon400,Ragon160,https://cdn11.bigcommerce.com/s-xvps74vl0m/images/stencil/1280x1280/products/16497/37325/HZ238930_4__08293.1736347781.jpg?c=1,HZ238930_4__08293.1736347781.jpg?c=1,,,Ragon800,HZ238930_4__08293.1736347781.jpg?c=1
,,,,,,,,,,,,,,,,,,,,,,,,
REINDEER REST STOP GARDEN STAKE,HY225546,Home|Sale!|Holiday|REINDEER REST STOP GARDEN STAKE,,In-Stock: Ships in 5 to 14 days,,,,L: 8in W: 3.75in H: 44in,,12,$6.05 ,,,,,12,Ragon400,Ragon160,https://cdn11.bigcommerce.com/s-xvps74vl0m/images/stencil/1280x1280/products/10212/33912/HY225546_5__88760.1712868561.jpg?c=1,HY225546_5__88760.1712868561.jpg?c=1,,,Ragon800,HY225546_5__88760.1712868561.jpg?c=1
,,,,,,,,,,,,,,,,,,,,,,,,
"25.5"" PINK ROSE SPRAY",OR235504,"Home|Sale!|Everyday|25.5"" PINK ROSE SPRAY",,In-Stock: Ships in 5 to 14 days,,,,L: 25.50in W: 6in,,36,$5.25 ,,,,,36,Ragon400,Ragon160,https://cdn11.bigcommerce.com/s-xvps74vl0m/images/stencil/1280x1280/products/16684/35093/OR235504_1__66163.1733861421.jpg?c=1,OR235504_1__66163.1733861421.jpg?c=1,,,Ragon800,OR235504_1__66163.1733861421.jpg?c=1
,,,,,,,,,,,,,,,,,,,,,,,,
"3"" RED QUILTED KUGEL ORNAMENT",SS199806,"Home|Holiday|Ornaments, Garland & Tree Toppers|3"" RED QUILTED KUGEL ORNAMENT","3""W",In-Stock: Ships in 5 to 14 days,,,,W: 3in,,6,$3.05 ,,,,,6,Ragon400,Ragon160,https://cdn11.bigcommerce.com/s-xvps74vl0m/images/stencil/1280x1280/products/5477/12609/SS199806_2__10036.1631894633.jpg?c=1,SS199806_2__10036.1631894633.jpg?c=1,,,Ragon800,SS199806_2__10036.1631894633.jpg?c=1
,,,,,,,,,,,,,,,,,,,,,,,,
"30"" ARCHED BLACKBOARD",E226296,"Home|Everyday|Kitchen|30"" ARCHED BLACKBOARD",2 TRIANGLE HANGERS,In-Stock: Ships in 5 to 14 days,,,,L: 16in W: 1in H: 30in,,2,$34.25 ,,,,,2,Ragon400,Ragon160,https://cdn11.bigcommerce.com/s-xvps74vl0m/images/stencil/1280x1280/products/10681/29533/E226296_4__53265.1701963456.jpg?c=1,E226296_4__53265.1701963456.jpg?c=1,,,Ragon800,E226296_4__53265.1701963456.jpg?c=1
,,,,,,,,,,,,,,,,,,,,,,,,
SQUARE PRESSED HOLIDAY FLORAL W/ RED BOW ORNAMENT,BF235246,"Home|Holiday|Ornaments, Garland & Tree Toppers|SQUARE PRESSED HOLIDAY FLORAL W/ RED BOW ORNAMENT",,In-Stock: Ships in 5 to 14 days,,,,L: 4.25in W: 0.25in H: 4.50in,,12,$5.50 ,,,,,12,Ragon400,Ragon160,https://cdn11.bigcommerce.com/s-xvps74vl0m/images/stencil/1280x1280/products/17005/41097/BF235246_1__35047.1749826421.jpg?c=1,BF235246_1__35047.1749826421.jpg?c=1,,,Ragon800,BF235246_1__35047.1749826421.jpg?c=1
,,,,,,,,,,,,,,,,,,,,,,,,
"SET/6 - 12"" MUSTARD HUES BOTTLE BRUSH TREES",WS218042,"Home|Sale!|Holiday|SET/6 - 12"" MUSTARD HUES BOTTLE BRUSH TREES",,In-Stock: Ships in 3 to 7 days,,,,W: 3in H: 12in,,3,$35.75 ,,,,,3,Ragon400,Ragon160,https://cdn11.bigcommerce.com/s-xvps74vl0m/images/stencil/1280x1280/products/9193/25417/WS218042_3__10563.1677258141.jpg?c=1,WS218042_3__10563.1677258141.jpg?c=1,,,Ragon800,WS218042_3__10563.1677258141.jpg?c=1
,,,,,,,,,,,,,,,,,,,,,,,,
"32"" LIGHT BLUE CONE HYDRANGEA STEM",G232985,"Home|Sale!|Everyday|32"" LIGHT BLUE CONE HYDRANGEA STEM",,In-Stock: Ships in 5 to 14 days,,,,L: 32in W: 6in,,12,$6.60 ,,,,,12,Ragon400,Ragon160,https://cdn11.bigcommerce.com/s-xvps74vl0m/images/stencil/1280x1280/products/16158/34609/G232985_3__52556.1733861278.jpg?c=1,G232985_3__52556.1733861278.jpg?c=1,,,Ragon800,G232985_3__52556.1733861278.jpg?c=1
,,,,,,,,,,,,,,,,,,,,,,,,
"SET/ 2 - 7.25"" 3D FLAME GOLD TAPER CANDLE",NY236624,"Home|Flameless Candles|SET/ 2 - 7.25"" 3D FLAME GOLD TAPER CANDLE","6 HR TIMER | ON/OFF BUTTON
REQUIRES 2 (AAA) BATTERIES, BATTERIES NOT INCLUDED.",In-Stock: Ships in 5 to 14 days,,,,L: 0.75in W: 0.75in H: 7.25in,,12,$8.55 ,,,,,12,Ragon400,Ragon160,https://cdn11.bigcommerce.com/s-xvps74vl0m/images/stencil/1280x1280/products/16674/36644/NY236624_3__51965.1733943352.jpg?c=1,NY236624_3__51965.1733943352.jpg?c=1,,,Ragon800,NY236624_3__51965.1733943352.jpg?c=1
,,,,,,,,,,,,,,,,,,,,,,,,
PEACE CUTOUT STANDING SIGN,E217104,Home|Holiday|Signs|PEACE CUTOUT STANDING SIGN,,SOLD OUT,,,,L: 5.50in W: 2in H: 4in,,,$7.45 ,,,,,,Ragon400,Ragon160,https://cdn11.bigcommerce.com/s-xvps74vl0m/images/stencil/1280x1280/products/8694/24142/E217104_2__17776.1677257738.jpg?c=1,E217104_2__17776.1677257738.jpg?c=1,,,Ragon800,E217104_2__17776.1677257738.jpg?c=1
,,,,,,,,,,,,,,,,,,,,,,,,
LAYERED RESIN PHOTO FRAME,E217375,Home|Everyday|Tabletop & Misc.|LAYERED RESIN PHOTO FRAME,"PHOTO SIZE: 4""X6""",In-Stock: Ships in 5 to 14 days,,,,L: 7in W: 1in H: 9in,,2,$9.90 ,,,,,2,Ragon400,Ragon160,https://cdn11.bigcommerce.com/s-xvps74vl0m/images/stencil/1280x1280/products/8262/24322/E217375_2__34356.1677257792.jpg?c=1,E217375_2__34356.1677257792.jpg?c=1,,,Ragon800,E217375_2__34356.1677257792.jpg?c=1
,,,,,,,,,,,,,,,,,,,,,,,,
"7"" ICED HOLLY & CONES BIRDNEST TABLE PIECE",G219715,"Home|Sale!|Holiday|7"" ICED HOLLY & CONES BIRDNEST TABLE PIECE",,In-Stock: Ships in 5 to 14 days,,,,L: 7in H: 4in,,6,$4.70 ,,,,,6,Ragon400,Ragon160,https://cdn11.bigcommerce.com/s-xvps74vl0m/images/stencil/1280x1280/products/8938/41384/G219715_2__63451.1749826479.jpg?c=1,G219715_2__63451.1749826479.jpg?c=1,,,Ragon800,G219715_2__63451.1749826479.jpg?c=1
,,,,,,,,,,,,,,,,,,,,,,,,
6' YELLOW WILDFLOWER GARLAND,HZ238904,Home|Sale!|Everyday|6' YELLOW WILDFLOWER GARLAND,,In-Stock: Ships in 5 to 14 days,,,,L: 72in W: 6.50in,,2,$25.50 ,,,,,2,Ragon400,Ragon160,https://cdn11.bigcommerce.com/s-xvps74vl0m/images/stencil/1280x1280/products/16476/34976/HZ238904_4__20381.1733861386.jpg?c=1,HZ238904_4__20381.1733861386.jpg?c=1,,,Ragon800,HZ238904_4__20381.1733861386.jpg?c=1
,,,,,,,,,,,,,,,,,,,,,,,,
WARM & FUZZY HOLIDAY WISHES PLATE,BF215144,Home|Holiday|Tabletop & Misc.|WARM & FUZZY HOLIDAY WISHES PLATE,,In-Stock: Ships in 5 to 14 days,,,,L: 8in W: 1in H: 8in,,12,$10.75 ,,,,,12,Ragon400,Ragon160,https://cdn11.bigcommerce.com/s-xvps74vl0m/images/stencil/1280x1280/products/8125/23980/BF215144_2__97460.1677257690.jpg?c=1,BF215144_2__97460.1677257690.jpg?c=1,,,Ragon800,BF215144_2__97460.1677257690.jpg?c=1
,,,,,,,,,,,,,,,,,,,,,,,,
BROWN SUV W/ TREE ORNAMENT,WS231416,"Home|Holiday|Ornaments, Garland & Tree Toppers|BROWN SUV W/ TREE ORNAMENT",,In-Stock: Ships in 5 to 14 days,,,,L: 5in W: 2in H: 3.75in,,6,$7.45 ,,,,,6,Ragon400,Ragon160,https://cdn11.bigcommerce.com/s-xvps74vl0m/images/stencil/1280x1280/products/17994/40529/WS231416_2__67295.1749151508.jpg?c=1,WS231416_2__67295.1749151508.jpg?c=1,,,Ragon800,WS231416_2__67295.1749151508.jpg?c=1
,,,,,,,,,,,,,,,,,,,,,,,,
RED CAMPER W/ WREATH ORNAMENT,WS231522,"Home|Holiday|Ornaments, Garland & Tree Toppers|RED CAMPER W/ WREATH ORNAMENT",,Projected Summer 2025,,,,L: 4.25in W: 2.50in H: 3in,,6,$7.15 ,,,,,6,Ragon400,Ragon160,https://cdn11.bigcommerce.com/s-xvps74vl0m/images/stencil/1280x1280/products/18053/40654/WS231522_1__40657.1749157516.jpg?c=1,WS231522_1__40657.1749157516.jpg?c=1,,,Ragon800,WS231522_1__40657.1749157516.jpg?c=1
,,,,,,,,,,,,,,,,,,,,,,,,
SPECKLED RED CHICKEN,SH238378,Home|Everyday|Kitchen|SPECKLED RED CHICKEN,,In-Stock: Ships in 5 to 14 days,,,,L: 10in W: 5.75in H: 11in,,1,$38.25 ,,,,,1,Ragon400,Ragon160,https://cdn11.bigcommerce.com/s-xvps74vl0m/images/stencil/1280x1280/products/16743/37093/SH238378_1__53863.1733943472.jpg?c=1,SH238378_1__53863.1733943472.jpg?c=1,,,Ragon800,SH238378_1__53863.1733943472.jpg?c=1
,,,,,,,,,,,,,,,,,,,,,,,,
"11.25"" JOLLY SNOWMAN",WS221134,"Home|Sale!|Holiday|11.25"" JOLLY SNOWMAN",,In-Stock: Ships in 5 to 14 days,,,,L: 5.50in W: 5.25in H: 11.25in,,2,$26.50 ,,,,,2,Ragon400,Ragon160,https://cdn11.bigcommerce.com/s-xvps74vl0m/images/stencil/1280x1280/products/12031/32781/WS221134_1__63704.1709219764.jpg?c=1,WS221134_1__63704.1709219764.jpg?c=1,,,Ragon800,WS221134_1__63704.1709219764.jpg?c=1
,,,,,,,,,,,,,,,,,,,,,,,,
"6"" AGED 4 LAYER TREE",MH207436,"Home|Holiday|Tabletop & Misc.|6"" AGED 4 LAYER TREE",,In-Stock: Ships in 5 to 14 days,,,,L: 2.50in W: 2.50in H: 6in,,12,$5.25 ,,,,,12,Ragon400,Ragon160,https://cdn11.bigcommerce.com/s-xvps74vl0m/images/stencil/1280x1280/products/7785/24883/MH207436_3__27038.1677257971.jpg?c=1,MH207436_3__27038.1677257971.jpg?c=1,,,Ragon800,MH207436_3__27038.1677257971.jpg?c=1
,,,,,,,,,,,,,,,,,,,,,,,,
WHITE WASH & BRUSH SIGN,BF206003,Home|Sale!|Everyday|WHITE WASH & BRUSH SIGN,,In-Stock: Ships in 5 to 14 days,,,,L: 12in W: 0.25in H: 12in,,2,$9.35 ,,,,,2,Ragon400,Ragon160,https://cdn11.bigcommerce.com/s-xvps74vl0m/images/stencil/1280x1280/products/6295/13231/BF206003_1__89269.1641401694.jpg?c=1,BF206003_1__89269.1641401694.jpg?c=1,,,Ragon800,BF206003_1__89269.1641401694.jpg?c=1
,,,,,,,,,,,,,,,,,,,,,,,,
"2"" CHAMPAGNE KUGEL ORNAMENT",SS211842,"Home|Holiday|Ornaments, Garland & Tree Toppers|2"" CHAMPAGNE KUGEL ORNAMENT",,In-Stock: Ships in 5 to 14 days,,,,L: 2in W: 2in H: 2in,,6,$1.65 ,,,,,6,Ragon400,Ragon160,https://cdn11.bigcommerce.com/s-xvps74vl0m/images/stencil/1280x1280/products/9478/27222/SS211842_1__49676.1679582857.jpg?c=1,SS211842_1__49676.1679582857.jpg?c=1,,,Ragon800,SS211842_1__49676.1679582857.jpg?c=1
,,,,,,,,,,,,,,,,,,,,,,,,
MY FAVORITE THINGS SIGN,E193301,Home|Holiday|Signs|MY FAVORITE THINGS SIGN,"20""L X 1""W X 30""H, WOOD",In-Stock: Ships in 5 to 14 days,,,,L: 20in W: 1in H: 30in,,2,$30.75 ,,,,,2,Ragon400,Ragon160,https://cdn11.bigcommerce.com/s-xvps74vl0m/images/stencil/1280x1280/products/3650/7711/E193301_4_5w2t-0l__73493.1680633100.jpg?c=1,E193301_4_5w2t-0l__73493.1680633100.jpg?c=1,,,Ragon800,E193301_4_5w2t-0l__73493.1680633100.jpg?c=1
,,,,,,,,,,,,,,,,,,,,,,,,
"22.25"" FISH ON STAND",H223332,"Home|Sale!|Everyday|22.25"" FISH ON STAND",,In-Stock: Ships in 5 to 14 days,,,,L: 22.25in W: 7in H: 18.50in,,1,$98.00 ,,,,,1,Ragon400,Ragon160,https://cdn11.bigcommerce.com/s-xvps74vl0m/images/stencil/1280x1280/products/14094/31817/H223332_1__69906.1707245625.jpg?c=1,H223332_1__69906.1707245625.jpg?c=1,,,Ragon800,H223332_1__69906.1707245625.jpg?c=1
,,,,,,,,,,,,,,,,,,,,,,,,
WALL MOUNT CAMPER BIRDHOUSE,HY204037,Home|Everyday|Camping|WALL MOUNT CAMPER BIRDHOUSE,,In-Stock: Ships in 5 to 14 days,,,,L: 14.50in W: 7in H: 9.75in,,2,$35.25 ,,,,,2,Ragon400,Ragon160,https://cdn11.bigcommerce.com/s-xvps74vl0m/images/stencil/1280x1280/products/7316/13659/HY204037__87890.1641401947.jpg?c=1,HY204037__87890.1641401947.jpg?c=1,,,Ragon800,HY204037__87890.1641401947.jpg?c=1
,,,,,,,,,,,,,,,,,,,,,,,,
"7.25"" GLASS COOKIE JAR",SS235939,"Home|Holiday|7.25"" GLASS COOKIE JAR",FOOD SAFE,Projected Summer 2025,,,,L: 7in W: 7in H: 7.25in,,2,$19.80 ,,,,,2,Ragon400,Ragon160,https://cdn11.bigcommerce.com/s-xvps74vl0m/images/stencil/1280x1280/products/16784/41630/SS235939_4__79740.1749826533.jpg?c=1,SS235939_4__79740.1749826533.jpg?c=1,,,Ragon800,SS235939_4__79740.1749826533.jpg?c=1
,,,,,,,,,,,,,,,,,,,,,,,,
"SET/6 HAND BLOWN 4"" SPIRAL ICICLE",SS239809,"Home|Holiday|Tabletop & Misc.|SET/6 HAND BLOWN 4"" SPIRAL ICICLE",,Projected Summer 2025,,,,H: 4in,,6,$14.30 ,,,,,6,Ragon400,Ragon160,https://cdn11.bigcommerce.com/s-xvps74vl0m/images/stencil/1280x1280/products/17923/41673/SS239809_4__72138.1749826542.jpg?c=1,SS239809_4__72138.1749826542.jpg?c=1,,,Ragon800,SS239809_4__72138.1749826542.jpg?c=1
,,,,,,,,,,,,,,,,,,,,,,,,
"14"" PINE TREE W/ MOSS BALL BASE",ST222042,"Home|Holiday|Cabin & Lodge|14"" PINE TREE W/ MOSS BALL BASE",,In-Stock: Ships in 5 to 14 days,,,,H: 14in,,12,$7.70 ,,,,,12,Ragon400,Ragon160,https://cdn11.bigcommerce.com/s-xvps74vl0m/images/stencil/1280x1280/products/11938/32226/ST222042_3__46525.1708440848.jpg?c=1,ST222042_3__46525.1708440848.jpg?c=1,,,Ragon800,ST222042_3__46525.1708440848.jpg?c=1
,,,,,,,,,,,,,,,,,,,,,,,,
"35.5"" PENCIL TREE W/ BLACK POT",ST212060,"Home|Holiday|Greenery, Wreaths & Trees|35.5"" PENCIL TREE W/ BLACK POT",,SOLD OUT,,,,L: 12in W: 12in H: 35.50in,,,$30.25 ,,,,,,Ragon400,Ragon160,https://cdn11.bigcommerce.com/s-xvps74vl0m/images/stencil/1280x1280/products/9173/25386/ST212060_1__41617.1677258129.jpg?c=1,ST212060_1__41617.1677258129.jpg?c=1,,,Ragon800,ST212060_1__41617.1677258129.jpg?c=1
,,,,,,,,,,,,,,,,,,,,,,,,
"14"" ICED CEDAR & MAGNOLIA BUSH",G201864,"Home|Holiday|Greenery, Wreaths & Trees|14"" ICED CEDAR & MAGNOLIA BUSH",,In-Stock: Ships in 5 to 14 days,,,,L: 14in,,12,$14.30 ,,,,,12,Ragon400,Ragon160,https://cdn11.bigcommerce.com/s-xvps74vl0m/images/stencil/1280x1280/products/7082/19924/G201864_5__46151.1652978759.jpg?c=1,G201864_5__46151.1652978759.jpg?c=1,,,Ragon800,G201864_5__46151.1652978759.jpg?c=1
,,,,,,,,,,,,,,,,,,,,,,,,
SET/ 12 MINI CHENILLE CANDY CANE ORNAMENTS,4034,"Home|Holiday|Ornaments, Garland & Tree Toppers|SET/ 12 MINI CHENILLE CANDY CANE ORNAMENTS",,Projected Summer 2025,,,,W: 0.25in H: 3.25in,,12,$3.25 ,,,,,12,Ragon400,Ragon160,https://cdn11.bigcommerce.com/s-xvps74vl0m/images/stencil/1280x1280/products/2789/27637/4034__19516.1682967226.jpg?c=1,4034__19516.1682967226.jpg?c=1,,,Ragon800,4034__19516.1682967226.jpg?c=1
,,,,,,,,,,,,,,,,,,,,,,,,
5.25' WHITE CHERRY TREE,OR235539,Home|Sale!|Everyday|5.25' WHITE CHERRY TREE,"POT: 7.5""L 7.5""W 6.75""H",In-Stock: Ships in 5 to 14 days,,,,L: 24in W: 24in H: 63in,,1,$153.00 ,,,,,1,Ragon400,Ragon160,https://cdn11.bigcommerce.com/s-xvps74vl0m/images/stencil/1280x1280/products/16696/35139/OR235539_4__81619.1733861434.jpg?c=1,OR235539_4__81619.1733861434.jpg?c=1,,,Ragon800,OR235539_4__81619.1733861434.jpg?c=1
,,,,,,,,,,,,,,,,,,,,,,,,
"SET/ 3 - 4"" BURGUNDY BOTTLEBRUSH TREES W/ SNOWY TIPS",WS225451,"Home|Holiday|Bottlebrush|SET/ 3 - 4"" BURGUNDY BOTTLEBRUSH TREES W/ SNOWY TIPS",,In-Stock: Ships in 5 to 14 days,,,,See Details tab,,6,$6.05 ,,,,,6,Ragon400,Ragon160,https://cdn11.bigcommerce.com/s-xvps74vl0m/images/stencil/1280x1280/products/15774/34266/WS225451_1__52916.1729171497.jpg?c=1,WS225451_1__52916.1729171497.jpg?c=1,,,Ragon800,WS225451_1__52916.1729171497.jpg?c=1
,,,,,,,,,,,,,,,,,,,,,,,,
"22"" WHITE GERBERA DAISY STEM",G201131,"Home|Everyday|Florals|22"" WHITE GERBERA DAISY STEM",,SOLD OUT,,,,L: 22in,,,$3.05 ,,,,,,Ragon400,Ragon160,https://cdn11.bigcommerce.com/s-xvps74vl0m/images/stencil/1280x1280/products/6760/20157/G201131_2__68342.1658341374.jpg?c=1,G201131_2__68342.1658341374.jpg?c=1,,,Ragon800,G201131_2__68342.1658341374.jpg?c=1
,,,,,,,,,,,,,,,,,,,,,,,,
"3.75"" - 3D FLAME TAN SPECKLED CERAMIC CANDLE",NY229103,"Home|Flameless Candles|3.75"" - 3D FLAME TAN SPECKLED CERAMIC CANDLE","6 HR TIMER | ON/OFF BUTTON
REQUIRES 2 (AA) BATTERIES, BATTERIES NOT INCLUDED.",SOLD OUT,,,,L: 3.50in W: 3.50in H: 3.75in,,,$8.80 ,,,,,,Ragon400,Ragon160,https://cdn11.bigcommerce.com/s-xvps74vl0m/images/stencil/1280x1280/products/14330/32005/NY229103_1__22017.1707399433.jpg?c=1,NY229103_1__22017.1707399433.jpg?c=1,,,Ragon800,NY229103_1__22017.1707399433.jpg?c=1
,,,,,,,,,,,,,,,,,,,,,,,,
"36"" ANGEL W/ TREE DUMMY BOARD",WS221086,"Home|Sale!|Holiday|36"" ANGEL W/ TREE DUMMY BOARD",,In-Stock: Ships in 5 to 14 days,,,,H: 36in,,2,$37.50 ,,,,,2,Ragon400,Ragon160,https://cdn11.bigcommerce.com/s-xvps74vl0m/images/stencil/1280x1280/products/12001/32775/WS221086_1__74553.1709219762.jpg?c=1,WS221086_1__74553.1709219762.jpg?c=1,,,Ragon800,WS221086_1__74553.1709219762.jpg?c=1
,,,,,,,,,,,,,,,,,,,,,,,,
"48"" RESTING DEER PAINT BY NUMBER PRINT",E226716,"Home|Sale!|Everyday|48"" RESTING DEER PAINT BY NUMBER PRINT",,In-Stock: Ships in 5 to 14 days,,,,L: 48.25in W: 1.50in H: 32.25in,,2,$98.00 ,,,,,2,Ragon400,Ragon160,https://cdn11.bigcommerce.com/s-xvps74vl0m/images/stencil/1280x1280/products/10785/33880/E226716_2__81897.1712868550.jpg?c=1,E226716_2__81897.1712868550.jpg?c=1,,,Ragon800,E226716_2__81897.1712868550.jpg?c=1
,,,,,,,,,,,,,,,,,,,,,,,,
"12"" GREENERY BUSH W/ PINK BUDS",HZ238899,"Home|Everyday|Florals|12"" GREENERY BUSH W/ PINK BUDS",,In-Stock: Ships in 5 to 14 days,,,,L: 12in W: 7in,,25,$1.65 ,,,,,25,Ragon400,Ragon160,https://cdn11.bigcommerce.com/s-xvps74vl0m/images/stencil/1280x1280/products/16472/34960/HZ238899_2__72358.1733861382.jpg?c=1,HZ238899_2__72358.1733861382.jpg?c=1,,,Ragon800,HZ238899_2__72358.1733861382.jpg?c=1
,,,,,,,,,,,,,,,,,,,,,,,,
"33.25"" PINK & WHITE PEAR BLOSSOM",OR215486,"Home|Everyday|Florals|33.25"" PINK & WHITE PEAR BLOSSOM",,In-Stock: Ships in 5 to 14 days,,,,L: 33.25in,,12,$11.00 ,,,,,12,Ragon400,Ragon160,https://cdn11.bigcommerce.com/s-xvps74vl0m/images/stencil/1280x1280/products/8668/36015/OR215486_1__66540.1733863956.jpg?c=1,OR215486_1__66540.1733863956.jpg?c=1,,,Ragon800,OR215486_1__66540.1733863956.jpg?c=1
,,,,,,,,,,,,,,,,,,,,,,,,
"25"" MINI RED POINSETTIA SPRAY",G201744,"Home|Holiday|Greenery, Wreaths & Trees|25"" MINI RED POINSETTIA SPRAY",,SOLD OUT,,,,L: 25in,,,$3.60 ,,,,,,Ragon400,Ragon160,https://cdn11.bigcommerce.com/s-xvps74vl0m/images/stencil/1280x1280/products/7017/19778/G201744_5__92090.1652541356.jpg?c=1,G201744_5__92090.1652541356.jpg?c=1,,,Ragon800,G201744_5__92090.1652541356.jpg?c=1
,,,,,,,,,,,,,,,,,,,,,,,,
"SET/ 12 - 1.75"" GREEN, RED & IVORY FLOCKED BALLS",WS221390,"Home|Sale!|Holiday|SET/ 12 - 1.75"" GREEN, RED & IVORY FLOCKED BALLS",,In-Stock: Ships in 5 to 14 days,,,,H: 1.75in,,12,$10.45 ,,,,,12,Ragon400,Ragon160,https://cdn11.bigcommerce.com/s-xvps74vl0m/images/stencil/1280x1280/products/12225/32965/WS221390_1__75803.1710521308.jpg?c=1,WS221390_1__75803.1710521308.jpg?c=1,,,Ragon800,WS221390_1__75803.1710521308.jpg?c=1
,,,,,,,,,,,,,,,,,,,,,,,,
STANDING EASEL W/ BOW,FB237308,Home|Everyday|Tabletop & Misc.|STANDING EASEL W/ BOW,"FOLDING|MOVEABLE PEGS
FOLDING",In-Stock: Ships in 5 to 14 days,,,,L: 22in W: 25in H: 64.50in,,2,$24.75 ,,,,,2,Ragon400,Ragon160,https://cdn11.bigcommerce.com/s-xvps74vl0m/images/stencil/1280x1280/products/16027/36911/FB237308_2__22637.1733943422.jpg?c=1,FB237308_2__22637.1733943422.jpg?c=1,,,Ragon800,FB237308_2__22637.1733943422.jpg?c=1
,,,,,,,,,,,,,,,,,,,,,,,,
ADJUSTABLE WEATHERED GREY DISPLAY STAND,E234401,Home|Everyday|Tabletop & Misc.|ADJUSTABLE WEATHERED GREY DISPLAY STAND,ASSEMBLY REQUIRED ADJUSTABLE HEIGHT,In-Stock: Ships in 5 to 14 days,,,,L: 6in W: 6in H: 24in,,2,$17.90 ,,,,,2,Ragon400,Ragon160,https://cdn11.bigcommerce.com/s-xvps74vl0m/images/stencil/1280x1280/products/15917/36534/E234401_1__43579.1733943321.jpg?c=1,E234401_1__43579.1733943321.jpg?c=1,,,Ragon800,E234401_1__43579.1733943321.jpg?c=1
,,,,,,,,,,,,,,,,,,,,,,,,
"4"" SILVER MERCURY GLASS 3D FLAME CANDLE",NY236612,"Home|Flameless Candles|4"" SILVER MERCURY GLASS 3D FLAME CANDLE","6 HR TIMER | ON/OFF BUTTON
REQUIRES 3 (AAA) BATTERIES, BATTERIES NOT INCLUDED.",Projected Summer 2025,,,,L: 3in W: 3in H: 4in,,6,$7.45 ,,,,,6,Ragon400,Ragon160,https://cdn11.bigcommerce.com/s-xvps74vl0m/images/stencil/1280x1280/products/17645/40258/NY236612_1__79560.1748890690.jpg?c=1,NY236612_1__79560.1748890690.jpg?c=1,,,Ragon800,NY236612_1__79560.1748890690.jpg?c=1
,,,,,,,,,,,,,,,,,,,,,,,,
"5"" RED 3D FLAME CANDY CANE PILLAR CANDLE",NY229123,"Home|Flameless Candles|5"" RED 3D FLAME CANDY CANE PILLAR CANDLE","6 HR TIMER | ON/OFF BUTTON
REQUIRES 3 (AAA) BATTERIES, BATTERIES NOT INCLUDED. ",In-Stock: Ships in 5 to 14 days,,,,L: 3in W: 3in H: 5in,,6,$7.45 ,,,,,6,Ragon400,Ragon160,https://cdn11.bigcommerce.com/s-xvps74vl0m/images/stencil/1280x1280/products/11677/33937/NY229123_1__38520.1712868569.jpg?c=1,NY229123_1__38520.1712868569.jpg?c=1,,,Ragon800,NY229123_1__38520.1712868569.jpg?c=1
,,,,,,,,,,,,,,,,,,,,,,,,
"14.75"" POTTED WHITE LAVENDER",OR224635,"Home|Everyday|Florals|14.75"" POTTED WHITE LAVENDER",,In-Stock: Ships in 5 to 14 days,,,,L: 3.50in W: 3.50in H: 14.75in,,12,$10.45 ,,,,,12,Ragon400,Ragon160,https://cdn11.bigcommerce.com/s-xvps74vl0m/images/stencil/1280x1280/products/10461/36030/OR224635_1__16918.1733863960.jpg?c=1,OR224635_1__16918.1733863960.jpg?c=1,,,Ragon800,OR224635_1__16918.1733863960.jpg?c=1
,,,,,,,,,,,,,,,,,,,,,,,,
"19.75"" BEST DAYS WHITE FRAMED SIGN",E217475,"Home|Sale!|Everyday|19.75"" BEST DAYS WHITE FRAMED SIGN",2 TRIANGLE HANGERS,In-Stock: Ships in 5 to 14 days,,,,L: 19.75in W: 0.75in H: 10in,,4,$14.05 ,,,,,4,Ragon400,Ragon160,https://cdn11.bigcommerce.com/s-xvps74vl0m/images/stencil/1280x1280/products/8301/24401/E217475_3__24761.1677257814.jpg?c=1,E217475_3__24761.1677257814.jpg?c=1,,,Ragon800,E217475_3__24761.1677257814.jpg?c=1
,,,,,,,,,,,,,,,,,,,,,,,,
"12"" IVORY VELVET BELSNICKLE",11815,"Home|Holiday|Snowmen, Santas & Angels|12"" IVORY VELVET BELSNICKLE","4""L X 4""W X 12.25""H, MACHE",Projected Summer 2025,,,,L: 4in W: 3.75in H: 12in,,2,$23.75 ,,,,,2,Ragon400,Ragon160,https://cdn11.bigcommerce.com/s-xvps74vl0m/images/stencil/1280x1280/products/2850/26500/11815__98954.1680623990.jpg?c=1,11815__98954.1680623990.jpg?c=1,,,Ragon800,11815__98954.1680623990.jpg?c=1
,,,,,,,,,,,,,,,,,,,,,,,,
"10"" AGED WHITE RISER",SH238436,"Home|Everyday|Kitchen|10"" AGED WHITE RISER","9""X9""X2"" INNER BOWL DIMS",SOLD OUT,,,,L: 10in W: 10in H: 7.50in,,,$39.75 ,,,,,,Ragon400,Ragon160,https://cdn11.bigcommerce.com/s-xvps74vl0m/images/stencil/1280x1280/products/16761/37119/SH238436_4__05396.1733943479.jpg?c=1,SH238436_4__05396.1733943479.jpg?c=1,,,Ragon800,SH238436_4__05396.1733943479.jpg?c=1
,,,,,,,,,,,,,,,,,,,,,,,,
WHITE CEMENT 3 WICK 3D FLAME CANDLE,NY236520,Home|Flameless Candles|WHITE CEMENT 3 WICK 3D FLAME CANDLE,"6 HR TIMER | ON/OFF BUTTON
REQUIRES 3 (AA) BATTERIES, BATTERIES NOT INCLUDED.",In-Stock: Ships in 5 to 14 days,,,,L: 6in W: 6in H: 3.25in,,3,$11.85 ,,,,,3,Ragon400,Ragon160,https://cdn11.bigcommerce.com/s-xvps74vl0m/images/stencil/1280x1280/products/16633/37041/NY236520_3__38231.1733943458.jpg?c=1,NY236520_3__38231.1733943458.jpg?c=1,,,Ragon800,NY236520_3__38231.1733943458.jpg?c=1
,,,,,,,,,,,,,,,,,,,,,,,,
JACKSON TREE IN POT,ST222003,"Home|Holiday|Greenery, Wreaths & Trees|JACKSON TREE IN POT",,SOLD OUT,,,,H: 8.75in,,,$6.35 ,,,,,,Ragon400,Ragon160,https://cdn11.bigcommerce.com/s-xvps74vl0m/images/stencil/1280x1280/products/11919/32768/ST222003_5__12277.1709219758.jpg?c=1,ST222003_5__12277.1709219758.jpg?c=1,,,Ragon800,ST222003_5__12277.1709219758.jpg?c=1
,,,,,,,,,,,,,,,,,,,,,,,,
LARGE GERMAN SHEEP PULL TOY,9114,Home|Holiday|LARGE GERMAN SHEEP PULL TOY,"15.75""L X 6.5""W X 13.5""H. ROPE LENGTH: 16""L",SOLD OUT,,,,L: 15.75in W: 6.50in H: 13.50in,,,$57.00 ,,,,,,Ragon400,Ragon160,https://cdn11.bigcommerce.com/s-xvps74vl0m/images/stencil/1280x1280/products/7713/23845/9114_3__50591.1677257649.jpg?c=1,9114_3__50591.1677257649.jpg?c=1,,,Ragon800,9114_3__50591.1677257649.jpg?c=1
,,,,,,,,,,,,,,,,,,,,,,,,
"36"" IVORY FEATHER TREE",WS231036,"Home|Holiday|Tabletop & Misc.|36"" IVORY FEATHER TREE",,Projected Summer 2025,,,,L: 18in W: 18in H: 36in,,2,$87.00 ,,,,,2,Ragon400,Ragon160,https://cdn11.bigcommerce.com/s-xvps74vl0m/images/stencil/1280x1280/products/17944/41686/WS231036_1__98208.1749826544.jpg?c=1,WS231036_1__98208.1749826544.jpg?c=1,,,Ragon800,WS231036_1__98208.1749826544.jpg?c=1
,,,,,,,,,,,,,,,,,,,,,,,,
RED & SILVER BEADED SNOWFLAKE TREE TOPPER,WS231611,"Home|Holiday|Ornaments, Garland & Tree Toppers|RED & SILVER BEADED SNOWFLAKE TREE TOPPER",,Early September,,,,L: 8in W: 2.25in H: 12.50in,,12,$6.60 ,,,,,12,Ragon400,Ragon160,https://cdn11.bigcommerce.com/s-xvps74vl0m/images/stencil/1280x1280/products/18107/41695/WS231611_2__24294.1749826546.jpg?c=1,WS231611_2__24294.1749826546.jpg?c=1,,,Ragon800,WS231611_2__24294.1749826546.jpg?c=1
,,,,,,,,,,,,,,,,,,,,,,,,
"41.75"" STANDING METAL DEER ON FAUX WOOD BASE*",H223284,"Home|Holiday|Cabin & Lodge|41.75"" STANDING METAL DEER ON FAUX WOOD BASE*","*ITEM MUST SHIP FREIGHT - ADDITIONAL FREIGHT CHARGES MAY APPLY. ORDERS CONTAINING FREIGHT ITEMS MUST REACH A $1,000 MINIMUM ORDER",In-Stock: Ships in 5 to 14 days,,,,L: 41.75in W: 4.50in H: 41.50in,,1,$185.00 ,,,,,1,Ragon400,Ragon160,https://cdn11.bigcommerce.com/s-xvps74vl0m/images/stencil/1280x1280/products/11561/32898/H223384_2__86303.1709305519.jpg?c=1,H223384_2__86303.1709305519.jpg?c=1,,,Ragon800,H223384_2__86303.1709305519.jpg?c=1
,,,,,,,,,,,,,,,,,,,,,,,,
"31.5"" ICY PINE W/ MOSS BALL BASE",ST222052,"Home|Holiday|Cabin & Lodge|31.5"" ICY PINE W/ MOSS BALL BASE",,In-Stock: Ships in 5 to 14 days,,,,H: 31.50in,,4,$27.50 ,,,,,4,Ragon400,Ragon160,https://cdn11.bigcommerce.com/s-xvps74vl0m/images/stencil/1280x1280/products/11942/33767/ST222052_2__56243.1712154134.jpg?c=1,ST222052_2__56243.1712154134.jpg?c=1,,,Ragon800,ST222052_2__56243.1712154134.jpg?c=1
,,,,,,,,,,,,,,,,,,,,,,,,
DUMMY BOARD W/ SANTA & LAMB,WS202360,Home|Holiday|Tabletop & Misc.|DUMMY BOARD W/ SANTA & LAMB,,In-Stock: Ships in 5 to 14 days,,,,L: 4.50in W: 0.75in H: 8in,,12,$6.05 ,,,,,12,Ragon400,Ragon160,https://cdn11.bigcommerce.com/s-xvps74vl0m/images/stencil/1280x1280/products/7658/18594/WS202360_1__53005.1647896424.jpg?c=1,WS202360_1__53005.1647896424.jpg?c=1,,,Ragon800,WS202360_1__53005.1647896424.jpg?c=1
,,,,,,,,,,,,,,,,,,,,,,,,
6' GOLD BALL GARLAND,WS202200,"Home|Holiday|Ornaments, Garland & Tree Toppers|6' GOLD BALL GARLAND",,In-Stock: Ships in 5 to 14 days,,,,L: 72in,,6,$9.90 ,,,,,6,Ragon400,Ragon160,https://cdn11.bigcommerce.com/s-xvps74vl0m/images/stencil/1280x1280/products/7889/17506/WS202200_1__71768.1645739054.jpg?c=1,WS202200_1__71768.1645739054.jpg?c=1,,,Ragon800,WS202200_1__71768.1645739054.jpg?c=1
,,,,,,,,,,,,,,,,,,,,,,,,
TWO SIDED WELCOME TO OUR PORCH HANGING SIGN,E234292,Home|Everyday|Wall Décor|TWO SIDED WELCOME TO OUR PORCH HANGING SIGN,3 NAIL HOLES,SOLD OUT,,,,L: 18in W: 1.50in H: 15in,,,$31.00 ,,,,,,Ragon400,Ragon160,https://cdn11.bigcommerce.com/s-xvps74vl0m/images/stencil/1280x1280/products/15892/36835/E234292_4__48490.1733943403.jpg?c=1,E234292_4__48490.1733943403.jpg?c=1,,,Ragon800,E234292_4__48490.1733943403.jpg?c=1
,,,,,,,,,,,,,,,,,,,,,,,,
"2.5"" GREEN UNWIRED VELVET RIBBON",SS236136,"Home|Holiday|Textiles|2.5"" GREEN UNWIRED VELVET RIBBON",,Projected Summer 2025,,,,L: 360in W: 2.50in,,6,$10.75 ,,,,,6,Ragon400,Ragon160,https://cdn11.bigcommerce.com/s-xvps74vl0m/images/stencil/1280x1280/products/17762/41648/SS236136_2__42611.1749826536.jpg?c=1,SS236136_2__42611.1749826536.jpg?c=1,,,Ragon800,SS236136_2__42611.1749826536.jpg?c=1
,,,,,,,,,,,,,,,,,,,,,,,,
"10"" BLACK SNOWFLAKE ORNAMENT W/ GLITTER",WS227462,"Home|Sale!|Holiday|10"" BLACK SNOWFLAKE ORNAMENT W/ GLITTER",,In-Stock: Ships in 5 to 14 days,,,,L: 10in W: 1in H: 10in,,4,$6.60 ,,,,,4,Ragon400,Ragon160,https://cdn11.bigcommerce.com/s-xvps74vl0m/images/stencil/1280x1280/products/12404/33463/WS227462_3__09782.1711115422.jpg?c=1,WS227462_3__09782.1711115422.jpg?c=1,,,Ragon800,WS227462_3__09782.1711115422.jpg?c=1
,,,,,,,,,,,,,,,,,,,,,,,,
"9"" AGED 7 LAYER TREE",MH207438,"Home|Holiday|Tabletop & Misc.|9"" AGED 7 LAYER TREE",,SOLD OUT,,,,L: 3in W: 3in H: 9in,,,$10.75 ,,,,,,Ragon400,Ragon160,https://cdn11.bigcommerce.com/s-xvps74vl0m/images/stencil/1280x1280/products/7787/24885/MH207438_1__40845.1677257972.jpg?c=1,MH207438_1__40845.1677257972.jpg?c=1,,,Ragon800,MH207438_1__40845.1677257972.jpg?c=1
,,,,,,,,,,,,,,,,,,,,,,,,
"96"" GREEN, RED & WHITE PLAID TABLE RUNNER",SS221977,"Home|Holiday|Textiles|96"" GREEN, RED & WHITE PLAID TABLE RUNNER",,SOLD OUT,,,,L: 96in W: 18in,,,$26.00 ,,,,,,Ragon400,Ragon160,https://cdn11.bigcommerce.com/s-xvps74vl0m/images/stencil/1280x1280/products/11894/33757/SS221977_1__23260.1712154131.jpg?c=1,SS221977_1__23260.1712154131.jpg?c=1,,,Ragon800,SS221977_1__23260.1712154131.jpg?c=1
,,,,,,,,,,,,,,,,,,,,,,,,
SHEEP IN SANTA'S HAT ORNAMENT,WS218241,Home|Sale!|Holiday|SHEEP IN SANTA'S HAT ORNAMENT,,In-Stock: Ships in 5 to 14 days,,,,H: 3.50in,,12,$6.35 ,,,,,12,Ragon400,Ragon160,https://cdn11.bigcommerce.com/s-xvps74vl0m/images/stencil/1280x1280/products/9309/27930/WS218241_4__81377.1685738621.jpg?c=1,WS218241_4__81377.1685738621.jpg?c=1,,,Ragon800,WS218241_4__81377.1685738621.jpg?c=1
,,,,,,,,,,,,,,,,,,,,,,,,
"34"" SNOWY PINE TREE W/ BURLAP BASE",G228960,"Home|Holiday|Greenery, Wreaths & Trees|34"" SNOWY PINE TREE W/ BURLAP BASE",,In-Stock: Ships in 5 to 14 days,,,,H: 34in,,1,$42.00 ,,,,,1,Ragon400,Ragon160,https://cdn11.bigcommerce.com/s-xvps74vl0m/images/stencil/1280x1280/products/11537/33411/G228960_3__13192.1711115406.jpg?c=1,G228960_3__13192.1711115406.jpg?c=1,,,Ragon800,G228960_3__13192.1711115406.jpg?c=1
,,,,,,,,,,,,,,,,,,,,,,,,
"60"" BLACK ELLIPTICAL MIRROR*",E234242,"Home|Sale!|Everyday|60"" BLACK ELLIPTICAL MIRROR*","*ITEM MUST SHIP FREIGHT - ADDITIONAL FREIGHT CHARGES MAY APPLY. ORDERS CONTAINING FREIGHT ITEMS MUST REACH A $1,000 MINIMUM ORDER
  2 METAL HANGERS",In-Stock: Ships in 5 to 14 days,,,,L: 60in W: 1.25in H: 28in,,1,$163.00 ,,,,,1,Ragon400,Ragon160,https://cdn11.bigcommerce.com/s-xvps74vl0m/images/stencil/1280x1280/products/15879/37197/E234242__48771.1733943500.jpg?c=1,E234242__48771.1733943500.jpg?c=1,,,Ragon800,E234242__48771.1733943500.jpg?c=1
,,,,,,,,,,,,,,,,,,,,,,,,
"3.25"" BLUE STANDING DEER ORNAMENT",WS231123,"Home|Holiday|Ornaments, Garland & Tree Toppers|3.25"" BLUE STANDING DEER ORNAMENT",,Projected Summer 2025,,,,L: 3in W: 1.50in H: 3.25in,,12,$3.30 ,,,,,12,Ragon400,Ragon160,https://cdn11.bigcommerce.com/s-xvps74vl0m/images/stencil/1280x1280/products/12422/40630/WS231123_4__73147.1749156612.jpg?c=1,WS231123_4__73147.1749156612.jpg?c=1,,,Ragon800,WS231123_4__73147.1749156612.jpg?c=1
,,,,,,,,,,,,,,,,,,,,,,,,
RED GREEN WHITE SNOWBALL GARLAND,WS202457,"Home|Holiday|Ornaments, Garland & Tree Toppers|RED GREEN WHITE SNOWBALL GARLAND",,In-Stock: Ships in 5 to 14 days,,,,L: 72in,,6,$14.05 ,,,,,6,Ragon400,Ragon160,https://cdn11.bigcommerce.com/s-xvps74vl0m/images/stencil/1280x1280/products/7544/20701/WS202457_2__55343.1666638650.jpg?c=1,WS202457_2__55343.1666638650.jpg?c=1,,,Ragon800,WS202457_2__55343.1666638650.jpg?c=1
,,,,,,,,,,,,,,,,,,,,,,,,
"32.75"" PURPLE LEAF SPRAY",OR215421,"Home|Sale!|Everyday|32.75"" PURPLE LEAF SPRAY",,In-Stock: Ships in 5 to 14 days,,,,L: 32.75in,,18,$5.50 ,,,,,18,Ragon400,Ragon160,https://cdn11.bigcommerce.com/s-xvps74vl0m/images/stencil/1280x1280/products/8650/35530/OR215421_2__65682.1733863818.jpg?c=1,OR215421_2__65682.1733863818.jpg?c=1,,,Ragon800,OR215421_2__65682.1733863818.jpg?c=1
,,,,,,,,,,,,,,,,,,,,,,,,
"24.25"" PURPLE PEONY SPRAY",OR214859,"Home|Sale!|Everyday|24.25"" PURPLE PEONY SPRAY",,In-Stock: Ships in 5 to 14 days,,,,L: 24.25in,,12,$4.70 ,,,,,12,Ragon400,Ragon160,https://cdn11.bigcommerce.com/s-xvps74vl0m/images/stencil/1280x1280/products/8579/35792/OR214859_2__88905.1733863890.jpg?c=1,OR214859_2__88905.1733863890.jpg?c=1,,,Ragon800,OR214859_2__88905.1733863890.jpg?c=1
,,,,,,,,,,,,,,,,,,,,,,,,
"11.25"" BRAIDED URN",H214035,"Home|Everyday|Spring & Garden|11.25"" BRAIDED URN","INSIDE DEPTH: 11"" | URN OPENING: 4""",SOLD OUT,,,,L: 12in W: 12in H: 11.25in,,,$72.75 ,,,,,,Ragon400,Ragon160,https://cdn11.bigcommerce.com/s-xvps74vl0m/images/stencil/1280x1280/products/9778/28033/H214035_2__97001.1687542894.jpg?c=1,H214035_2__97001.1687542894.jpg?c=1,,,Ragon800,H214035_2__97001.1687542894.jpg?c=1
,,,,,,,,,,,,,,,,,,,,,,,,
JOLLY SANTA SIGN,E234371,Home|Holiday|Signs|JOLLY SANTA SIGN,,In-Stock: Ships in 5 to 14 days,,,,L: 24in W: 0.75in H: 24in,,2,$27.50 ,,,,,2,Ragon400,Ragon160,https://cdn11.bigcommerce.com/s-xvps74vl0m/images/stencil/1280x1280/products/17054/40085/E234371_2__08824.1747943320.jpg?c=1,E234371_2__08824.1747943320.jpg?c=1,,,Ragon800,E234371_2__08824.1747943320.jpg?c=1
,,,,,,,,,,,,,,,,,,,,,,,,
"7"" MOVING FLAME CREAM SHIMMER PILLAR CANDLE",NY236463,"Home|Flameless Candles|7"" MOVING FLAME CREAM SHIMMER PILLAR CANDLE","6 HR TIMER | ON/OFF BUTTON
REQUIRES 2 (AA) BATTERIES, BATTERIES NOT INCLUDED.",In-Stock: Ships in 5 to 14 days,,,,L: 3.25in W: 3.25in H: 7in,,4,$9.90 ,,,,,4,Ragon400,Ragon160,https://cdn11.bigcommerce.com/s-xvps74vl0m/images/stencil/1280x1280/products/16611/36096/NY236463_3__54120.1733943220.jpg?c=1,NY236463_3__54120.1733943220.jpg?c=1,,,Ragon800,NY236463_3__54120.1733943220.jpg?c=1
,,,,,,,,,,,,,,,,,,,,,,,,
EARS DOWN BROWN BUNNY,E226146,Home|Everyday|Easter & Spring|EARS DOWN BROWN BUNNY,,SOLD OUT,,,,L: 3.25in W: 2.25in H: 4.75in,,,$7.00 ,,,,,,Ragon400,Ragon160,https://cdn11.bigcommerce.com/s-xvps74vl0m/images/stencil/1280x1280/products/10644/29471/E226146_3__75859.1701963437.jpg?c=1,E226146_3__75859.1701963437.jpg?c=1,,,Ragon800,E226146_3__75859.1701963437.jpg?c=1
,,,,,,,,,,,,,,,,,,,,,,,,
"24"" GREY FLOCKED BOTTLEBRUSH TREE",WS192477,"Home|Holiday|Bottlebrush|24"" GREY FLOCKED BOTTLEBRUSH TREE","7""W X 24""H, SISAL",In-Stock: Ships in 5 to 14 days,,,,W: 7in H: 24in,,4,$30.75 ,,,,,4,Ragon400,Ragon160,https://cdn11.bigcommerce.com/s-xvps74vl0m/images/stencil/1280x1280/products/3123/12337/ws192477__24115.1647006669.jpg?c=1,ws192477__24115.1647006669.jpg?c=1,,,Ragon800,ws192477__24115.1647006669.jpg?c=1
,,,,,,,,,,,,,,,,,,,,,,,,
"9.5"" WHITE UTILITY HOOK",MH222526,"Home|Sale!|Everyday|9.5"" WHITE UTILITY HOOK","2 NAIL HOLES
WEIGHT LIMIT: 2LBS",In-Stock: Ships in 5 to 14 days,,,,L: 9.50in W: 0.50in H: 4in,,8,$3.60 ,,,,,8,Ragon400,Ragon160,https://cdn11.bigcommerce.com/s-xvps74vl0m/images/stencil/1280x1280/products/10307/28990/MH222526__95251.1701887344.jpg?c=1,MH222526__95251.1701887344.jpg?c=1,,,Ragon800,MH222526__95251.1701887344.jpg?c=1
,,,,,,,,,,,,,,,,,,,,,,,,
"4.5"" LIGHT GREY YARN BALL",HE195625,"Home|Sale!|Holiday|4.5"" LIGHT GREY YARN BALL","4.50""W, 100% POLYESTER",In-Stock: Ships in 5 to 14 days,,,,W: 4.50in,,12,$4.95 ,,,,,12,Ragon400,Ragon160,https://cdn11.bigcommerce.com/s-xvps74vl0m/images/stencil/1280x1280/products/3367/9459/HE195625__21360.1626464106.jpg?c=1,HE195625__21360.1626464106.jpg?c=1,,,Ragon800,HE195625__21360.1626464106.jpg?c=1
,,,,,,,,,,,,,,,,,,,,,,,,
"60"" DRAPING BRONZE GLITTER BUDS",G228426,"Home|Holiday|Greenery, Wreaths & Trees|60"" DRAPING BRONZE GLITTER BUDS",,In-Stock: Ships in 5 to 14 days,,,,L: 60in,,6,$11.55 ,,,,,6,Ragon400,Ragon160,https://cdn11.bigcommerce.com/s-xvps74vl0m/images/stencil/1280x1280/products/11257/41402/G228426_1__71505.1749826482.jpg?c=1,G228426_1__71505.1749826482.jpg?c=1,,,Ragon800,G228426_1__71505.1749826482.jpg?c=1
,,,,,,,,,,,,,,,,,,,,,,,,
"22"" CREAM GLITTERED POINSETTIA PICK",G233451,"Home|Holiday|Greenery, Wreaths & Trees|22"" CREAM GLITTERED POINSETTIA PICK",,Late August,,,,L: 22in W: 9in,,6,$7.70 ,,,,,6,Ragon400,Ragon160,https://cdn11.bigcommerce.com/s-xvps74vl0m/images/stencil/1280x1280/products/17214/41010/G233451_2__29206.1749826407.jpg?c=1,G233451_2__29206.1749826407.jpg?c=1,,,Ragon800,G233451_2__29206.1749826407.jpg?c=1
,,,,,,,,,,,,,,,,,,,,,,,,
"13"" MISTLETOE PICK",ST212019,"Home|Holiday|Greenery, Wreaths & Trees|13"" MISTLETOE PICK",,SOLD OUT,,,,L: 13in W: 8in H: 3.25in,,,$4.70 ,,,,,,Ragon400,Ragon160,https://cdn11.bigcommerce.com/s-xvps74vl0m/images/stencil/1280x1280/products/9154/27033/ST212019_2__12288.1679582797.jpg?c=1,ST212019_2__12288.1679582797.jpg?c=1,,,Ragon800,ST212019_2__12288.1679582797.jpg?c=1
,,,,,,,,,,,,,,,,,,,,,,,,
"8.75"" A FRAME CABIN",WS221260,"Home|Holiday|Cabin & Lodge|8.75"" A FRAME CABIN","6 HR TIMER
REQUIRES 3 (AAA) BATTERIES, BATTERIES NOT INCLUDED.",In-Stock: Ships in 5 to 14 days,,,,L: 8in W: 5in H: 8.75in,,2,$32.00 ,,,,,2,Ragon400,Ragon160,https://cdn11.bigcommerce.com/s-xvps74vl0m/images/stencil/1280x1280/products/12109/32341/WS221260_2__55337.1708440883.jpg?c=1,WS221260_2__55337.1708440883.jpg?c=1,,,Ragon800,WS221260_2__55337.1708440883.jpg?c=1
,,,,,,,,,,,,,,,,,,,,,,,,
"8"" WINE VELVET BELSNICKLE",WS221320,"Home|Holiday|Snowmen, Santas & Angels|8"" WINE VELVET BELSNICKLE",,Projected Summer 2025,,,,L: 3.50in W: 3in H: 8in,,3,$17.05 ,,,,,3,Ragon400,Ragon160,https://cdn11.bigcommerce.com/s-xvps74vl0m/images/stencil/1280x1280/products/12155/32353/WS221320_2__77234.1708440887.jpg?c=1,WS221320_2__77234.1708440887.jpg?c=1,,,Ragon800,WS221320_2__77234.1708440887.jpg?c=1
,,,,,,,,,,,,,,,,,,,,,,,,
"3"" GREEN GLASS 3D FLAME CANDLE",NY236557,"Home|Flameless Candles|3"" GREEN GLASS 3D FLAME CANDLE","6 HR TIMER | ON/OFF BUTTON
REQUIRES 1 (CR2032) BATTERY, BATTERY INCLUDED.",In-Stock: Ships in 5 to 14 days,,,,L: 2in W: 2in H: 3in,,6,$6.05 ,,,,,6,Ragon400,Ragon160,https://cdn11.bigcommerce.com/s-xvps74vl0m/images/stencil/1280x1280/products/16650/37059/NY236557_1__14534.1733943463.jpg?c=1,NY236557_1__14534.1733943463.jpg?c=1,,,Ragon800,NY236557_1__14534.1733943463.jpg?c=1
,,,,,,,,,,,,,,,,,,,,,,,,
PAIR OF CREAM VELVET STOCKINGS,SS221902,Home|Sale!|Holiday|PAIR OF CREAM VELVET STOCKINGS,,In-Stock: Ships in 5 to 14 days,,,,H: 8in,,8,$5.50 ,,,,,8,Ragon400,Ragon160,https://cdn11.bigcommerce.com/s-xvps74vl0m/images/stencil/1280x1280/products/11819/33745/SS221902__51209.1712154125.jpg?c=1,SS221902__51209.1712154125.jpg?c=1,,,Ragon800,SS221902__51209.1712154125.jpg?c=1
,,,,,,,,,,,,,,,,,,,,,,,,
WEATHERED GREY WALL PLANTER,E234396,Home|Everyday|Spring & Garden|WEATHERED GREY WALL PLANTER,,In-Stock: Ships in 5 to 14 days,,,,L: 12.50in W: 5.50in H: 16in,,2,$19.80 ,,,,,2,Ragon400,Ragon160,https://cdn11.bigcommerce.com/s-xvps74vl0m/images/stencil/1280x1280/products/15913/36531/E234396_5__27651.1733943320.jpg?c=1,E234396_5__27651.1733943320.jpg?c=1,,,Ragon800,E234396_5__27651.1733943320.jpg?c=1
,,,,,,,,,,,,,,,,,,,,,,,,
"12.75"" BROWN GOLDEN ROD BUNDLE",OR215386,"Home|Everyday|Florals|12.75"" BROWN GOLDEN ROD BUNDLE",,In-Stock: Ships in 5 to 14 days,,,,L: 12.60in,,12,$6.05 ,,,,,12,Ragon400,Ragon160,https://cdn11.bigcommerce.com/s-xvps74vl0m/images/stencil/1280x1280/products/8631/25251/OR215386_3__93223.1677258086.jpg?c=1,OR215386_3__93223.1677258086.jpg?c=1,,,Ragon800,OR215386_3__93223.1677258086.jpg?c=1
,,,,,,,,,,,,,,,,,,,,,,,,
VINTAGE ALL IS CALM PLAQUE,BF215197,Home|Holiday|Signs|VINTAGE ALL IS CALM PLAQUE,1 TRIANGLE HANGERS,In-Stock: Ships in 5 to 14 days,,,,L: 10in W: 0.25in H: 15.50in,,4,$9.35 ,,,,,4,Ragon400,Ragon160,https://cdn11.bigcommerce.com/s-xvps74vl0m/images/stencil/1280x1280/products/8157/26943/BF215197_1__38120.1679582773.jpg?c=1,BF215197_1__38120.1679582773.jpg?c=1,,,Ragon800,BF215197_1__38120.1679582773.jpg?c=1
,,,,,,,,,,,,,,,,,,,,,,,,
"5.25"" BEIGE UTILITY HOOK",MH222532,"Home|Sale!|Everyday|5.25"" BEIGE UTILITY HOOK",WEIGHT LIMIT: 2LBS,In-Stock: Ships in 5 to 14 days,,,,L: 5.25in W: 0.25in H: 4in,,12,$3.05 ,,,,,12,Ragon400,Ragon160,https://cdn11.bigcommerce.com/s-xvps74vl0m/images/stencil/1280x1280/products/10313/28996/MH222532__47685.1701887346.jpg?c=1,MH222532__47685.1701887346.jpg?c=1,,,Ragon800,MH222532__47685.1701887346.jpg?c=1
,,,,,,,,,,,,,,,,,,,,,,,,
"4"" X 6"" GREEN DOT PHOTO FRAME",E234135,"Home|Sale!|Everyday|4"" X 6"" GREEN DOT PHOTO FRAME","HOLDS 4"" X 6"" PHOTO",In-Stock: Ships in 5 to 14 days,,,,L: 6.50in W: 0.75in H: 8.50in,,6,$7.15 ,,,,,6,Ragon400,Ragon160,https://cdn11.bigcommerce.com/s-xvps74vl0m/images/stencil/1280x1280/products/15852/36781/E234135_2__65257.1733943389.jpg?c=1,E234135_2__65257.1733943389.jpg?c=1,,,Ragon800,E234135_2__65257.1733943389.jpg?c=1
,,,,,,,,,,,,,,,,,,,,,,,,
ROSE GOLD TREE ORNAMENT,WS192290,"Home|Holiday|Ornaments, Garland & Tree Toppers|ROSE GOLD TREE ORNAMENT","3""W X 4.50""H, GLASS",In-Stock: Ships in 5 to 14 days,,,,W: 3in H: 4.50in,,6,$9.65 ,,,,,6,Ragon400,Ragon160,https://cdn11.bigcommerce.com/s-xvps74vl0m/images/stencil/1280x1280/products/3185/12182/WS192290_2__24479.1626464833.jpg?c=1,WS192290_2__24479.1626464833.jpg?c=1,,,Ragon800,WS192290_2__24479.1626464833.jpg?c=1
,,,,,,,,,,,,,,,,,,,,,,,,
"18"" JOLLY SANTA METAL DUMMY BOARD",H237614,"Home|Holiday|Tabletop & Misc.|18"" JOLLY SANTA METAL DUMMY BOARD",,In-Stock: Ships in 5 to 14 days,,,,L: 10.25in W: 0.50in H: 18in,,4,$10.75 ,,,,,4,Ragon400,Ragon160,https://cdn11.bigcommerce.com/s-xvps74vl0m/images/stencil/1280x1280/products/17402/41548/H237614_2__03470.1749826517.jpg?c=1,H237614_2__03470.1749826517.jpg?c=1,,,Ragon800,H237614_2__03470.1749826517.jpg?c=1
,,,,,,,,,,,,,,,,,,,,,,,,
"21.5"" METAL WHEELBARROW",BF235087,"Home|Everyday|Spring & Garden|21.5"" METAL WHEELBARROW",,In-Stock: Ships in 5 to 14 days,,,,L: 21.50in W: 9.75in H: 7.75in,,2,$22.00 ,,,,,2,Ragon400,Ragon160,https://cdn11.bigcommerce.com/s-xvps74vl0m/images/stencil/1280x1280/products/15818/41769/BF235087_1__80061.1750795870.jpg?c=1,BF235087_1__80061.1750795870.jpg?c=1,,,Ragon800,BF235087_1__80061.1750795870.jpg?c=1
,,,,,,,,,,,,,,,,,,,,,,,,
"8"" WHITE FLOCKED TREE",WS202521,"Home|Holiday|Bottlebrush|8"" WHITE FLOCKED TREE",,In-Stock: Ships in 5 to 14 days,,,,H: 8in,,6,$7.15 ,,,,,6,Ragon400,Ragon160,https://cdn11.bigcommerce.com/s-xvps74vl0m/images/stencil/1280x1280/products/7608/18514/WS202521__48829.1647025460.jpg?c=1,WS202521__48829.1647025460.jpg?c=1,,,Ragon800,WS202521__48829.1647025460.jpg?c=1
,,,,,,,,,,,,,,,,,,,,,,,,
"6' - BROWN 2"" FLOCKED BALL GARLAND",WS221354,"Home|Holiday|Cabin & Lodge|6' - BROWN 2"" FLOCKED BALL GARLAND",,In-Stock: Ships in 5 to 14 days,,,,L: 72in,,6,$15.15 ,,,,,6,Ragon400,Ragon160,https://cdn11.bigcommerce.com/s-xvps74vl0m/images/stencil/1280x1280/products/12189/32947/WS221354_1__29850.1710521301.jpg?c=1,WS221354_1__29850.1710521301.jpg?c=1,,,Ragon800,WS221354_1__29850.1710521301.jpg?c=1
,,,,,,,,,,,,,,,,,,,,,,,,
"14"" TEXTURED TIN TREE",FB225335,"Home|Holiday|Tabletop & Misc.|14"" TEXTURED TIN TREE",,In-Stock: Ships in 5 to 14 days,,,,L: 4.50in W: 4in H: 14in,,4,$12.10 ,,,,,4,Ragon400,Ragon160,https://cdn11.bigcommerce.com/s-xvps74vl0m/images/stencil/1280x1280/products/11004/32500/FB225335_1__56909.1709219670.jpg?c=1,FB225335_1__56909.1709219670.jpg?c=1,,,Ragon800,FB225335_1__56909.1709219670.jpg?c=1
,,,,,,,,,,,,,,,,,,,,,,,,
6' PAPER RING GARLAND,G201473,"Home|Holiday|Greenery, Wreaths & Trees|6' PAPER RING GARLAND",,In-Stock: Ships in 5 to 14 days,,,,L: 72in,,6,$15.40 ,,,,,6,Ragon400,Ragon160,https://cdn11.bigcommerce.com/s-xvps74vl0m/images/stencil/1280x1280/products/6909/19867/G201473_7__62805.1652975880.jpg?c=1,G201473_7__62805.1652975880.jpg?c=1,,,Ragon800,G201473_7__62805.1652975880.jpg?c=1
,,,,,,,,,,,,,,,,,,,,,,,,
"22"" WHITE GERANIUM WREATH",G228464,"Home|Everyday|Florals|22"" WHITE GERANIUM WREATH",,In-Stock: Ships in 5 to 14 days,,,,L: 22in H: 22in,,1,$43.50 ,,,,,1,Ragon400,Ragon160,https://cdn11.bigcommerce.com/s-xvps74vl0m/images/stencil/1280x1280/products/13802/36000/G228464_3__83743.1733863950.jpg?c=1,G228464_3__83743.1733863950.jpg?c=1,,,Ragon800,G228464_3__83743.1733863950.jpg?c=1
,,,,,,,,,,,,,,,,,,,,,,,,
"9"" CRYSTAL SNOWFLAKE",H237452,"Home|Holiday|Tabletop & Misc.|9"" CRYSTAL SNOWFLAKE","HANG HEIGHT: 17""
RIBBON HANGER",In-Stock: Ships in 5 to 14 days,,,,L: 9in W: 0.25in H: 10.25in,,4,$7.45 ,,,,,4,Ragon400,Ragon160,https://cdn11.bigcommerce.com/s-xvps74vl0m/images/stencil/1280x1280/products/17336/41511/H237452_2__03237.1749826508.jpg?c=1,H237452_2__03237.1749826508.jpg?c=1,,,Ragon800,H237452_2__03237.1749826508.jpg?c=1
,,,,,,,,,,,,,,,,,,,,,,,,
"20"" SQUARE RED TARTAN PILLOW",SS211751,"Home|Holiday|Textiles|20"" SQUARE RED TARTAN PILLOW",,Projected Summer 2025,,,,L: 20in H: 20in,,2,$29.75 ,,,,,2,Ragon400,Ragon160,https://cdn11.bigcommerce.com/s-xvps74vl0m/images/stencil/1280x1280/products/9684/27354/SS211751_1__19141.1679582898.jpg?c=1,SS211751_1__19141.1679582898.jpg?c=1,,,Ragon800,SS211751_1__19141.1679582898.jpg?c=1
,,,,,,,,,,,,,,,,,,,,,,,,
"6"" WHITE 3 LAYER TREE",MH207445,"Home|Holiday|Tabletop & Misc.|6"" WHITE 3 LAYER TREE",,In-Stock: Ships in 5 to 14 days,,,,L: 2in W: 2in H: 6in,,12,$5.25 ,,,,,12,Ragon400,Ragon160,https://cdn11.bigcommerce.com/s-xvps74vl0m/images/stencil/1280x1280/products/7791/24892/MH207445_3__34344.1677257976.jpg?c=1,MH207445_3__34344.1677257976.jpg?c=1,,,Ragon800,MH207445_3__34344.1677257976.jpg?c=1
,,,,,,,,,,,,,,,,,,,,,,,,
"7"" HOUSE OF DREAMS JOURNAL",L221531,"Home|Everyday|Journals|7"" HOUSE OF DREAMS JOURNAL",,SOLD OUT,,,,L: 4in W: 2in H: 7in,,,$13.75 ,,,,,,Ragon400,Ragon160,https://cdn11.bigcommerce.com/s-xvps74vl0m/images/stencil/1280x1280/products/10273/31997/L221531_1__94763.1707399431.jpg?c=1,L221531_1__94763.1707399431.jpg?c=1,,,Ragon800,L221531_1__94763.1707399431.jpg?c=1
,,,,,,,,,,,,,,,,,,,,,,,,
"WHITE, LAUNDRY TODAY SIGN",BF206002,"Home|Everyday|Wall Décor|WHITE, LAUNDRY TODAY SIGN",METAL & WOOD,In-Stock: Ships in 5 to 14 days,,,,L: 11.75in W: 0.25in H: 9in,,2,$7.45 ,,,,,2,Ragon400,Ragon160,https://cdn11.bigcommerce.com/s-xvps74vl0m/images/stencil/1280x1280/products/6294/13230/BF206002_1__08873.1641401694.jpg?c=1,BF206002_1__08873.1641401694.jpg?c=1,,,Ragon800,BF206002_1__08873.1641401694.jpg?c=1
,,,,,,,,,,,,,,,,,,,,,,,,
"54"" DRAPING WHITE ANGEL PINE SPRAY",G191544,"Home|Holiday|Greenery, Wreaths & Trees|54"" DRAPING WHITE ANGEL PINE SPRAY","54""L",In-Stock: Ships in 5 to 14 days,,,,L: 54in,,6,$15.35 ,,,,,6,Ragon400,Ragon160,https://cdn11.bigcommerce.com/s-xvps74vl0m/images/stencil/1280x1280/products/3580/41367/G191544_2__12623.1749826475.jpg?c=1,G191544_2__12623.1749826475.jpg?c=1,,,Ragon800,G191544_2__12623.1749826475.jpg?c=1
,,,,,,,,,,,,,,,,,,,,,,,,
"7"" BURGUNDY W/ GOLD TRIM PAPER TREE",WS221441,"Home|Sale!|Holiday|7"" BURGUNDY W/ GOLD TRIM PAPER TREE",,In-Stock: Ships in 5 to 14 days,,,,L: 3.75in W: 3.75in H: 7in,,10,$4.15 ,,,,,10,Ragon400,Ragon160,https://cdn11.bigcommerce.com/s-xvps74vl0m/images/stencil/1280x1280/products/12276/33449/WS221441_1__95893.1711115418.jpg?c=1,WS221441_1__95893.1711115418.jpg?c=1,,,Ragon800,WS221441_1__95893.1711115418.jpg?c=1
,,,,,,,,,,,,,,,,,,,,,,,,
"24"" BURGUNDY MAGNOLIA W/ GLITTER STEM",G219689,"Home|Holiday|Greenery, Wreaths & Trees|24"" BURGUNDY MAGNOLIA W/ GLITTER STEM",,SOLD OUT,,,,L: 24in,,,$4.70 ,,,,,,Ragon400,Ragon160,https://cdn11.bigcommerce.com/s-xvps74vl0m/images/stencil/1280x1280/products/8923/26613/G219689_2__07793.1678296686.jpg?c=1,G219689_2__07793.1678296686.jpg?c=1,,,Ragon800,G219689_2__07793.1678296686.jpg?c=1
,,,,,,,,,,,,,,,,,,,,,,,,
"8"" CAMP FREEDOM PENNANT",SS232449,"Home|Holiday|Ornaments, Garland & Tree Toppers|8"" CAMP FREEDOM PENNANT","INCLUDES 12"" WOOD DOWEL",Projected Summer 2025,,,,L: 8in,,5,$3.05 ,,,,,5,Ragon400,Ragon160,https://cdn11.bigcommerce.com/s-xvps74vl0m/images/stencil/1280x1280/products/14566/32424/RD229296_1__90123.1708440911.jpg?c=1,RD229296_1__90123.1708440911.jpg?c=1,,,Ragon800,RD229296_1__90123.1708440911.jpg?c=1
,,,,,,,,,,,,,,,,,,,,,,,,
"12"" SOLID PILLAR CANDLE STAND",HY238148,"Home|Everyday|Candle Holders|12"" SOLID PILLAR CANDLE STAND","HOLDS 3"" CANDLE",In-Stock: Ships in 5 to 14 days,,,,L: 5in W: 5in H: 12in,,3,$12.95 ,,,,,3,Ragon400,Ragon160,https://cdn11.bigcommerce.com/s-xvps74vl0m/images/stencil/1280x1280/products/16411/40682/HY238148_1__56188.1749661237.jpg?c=1,HY238148_1__56188.1749661237.jpg?c=1,,,Ragon800,HY238148_1__56188.1749661237.jpg?c=1
,,,,,,,,,,,,,,,,,,,,,,,,
"8"" WHITE FLORAL BOOK",BF224425,"Home|Everyday|Tabletop & Misc.|8"" WHITE FLORAL BOOK",,SOLD OUT,,,,L: 5.75in W: 0.50in H: 8in,,,$4.70 ,,,,,,Ragon400,Ragon160,https://cdn11.bigcommerce.com/s-xvps74vl0m/images/stencil/1280x1280/products/10028/28588/BF224425_4__06339.1701887204.jpg?c=1,BF224425_4__06339.1701887204.jpg?c=1,,,Ragon800,BF224425_4__06339.1701887204.jpg?c=1
,,,,,,,,,,,,,,,,,,,,,,,,
"SET/6 - 6"" GREEN HUES BOTTLE BRUSH TREES",WS218031,"Home|Sale!|Holiday|SET/6 - 6"" GREEN HUES BOTTLE BRUSH TREES",,In-Stock: Ships in 5 to 14 days,,,,L: 2in W: 2in H: 6in,,3,$18.15 ,,,,,3,Ragon400,Ragon160,https://cdn11.bigcommerce.com/s-xvps74vl0m/images/stencil/1280x1280/products/9182/25398/WS218031_6__71080.1677258134.jpg?c=1,WS218031_6__71080.1677258134.jpg?c=1,,,Ragon800,WS218031_6__71080.1677258134.jpg?c=1
,,,,,,,,,,,,,,,,,,,,,,,,
BLACK & WHITE MOST WONDERFUL TIME SIGN,E203007,Home|Holiday|Signs|BLACK & WHITE MOST WONDERFUL TIME SIGN,"2 KEYHOLE HANGERS
 ",In-Stock: Ships in 5 to 14 days,,,,L: 39.50in W: 1.25in H: 39.50in,,2,$109.00 ,,,,,2,Ragon400,Ragon160,https://cdn11.bigcommerce.com/s-xvps74vl0m/images/stencil/1280x1280/products/6410/15475/E203007_2__83831.1643224648.jpg?c=1,E203007_2__83831.1643224648.jpg?c=1,,,Ragon800,E203007_2__83831.1643224648.jpg?c=1
,,,,,,,,,,,,,,,,,,,,,,,,
STRIPED CANDY ORNAMENT,WS231203,"Home|Holiday|Ornaments, Garland & Tree Toppers|STRIPED CANDY ORNAMENT",,In-Stock: Ships in 5 to 14 days,,,,L: 2.25in W: 2.25in H: 4.75in,,12,$6.05 ,,,,,12,Ragon400,Ragon160,https://cdn11.bigcommerce.com/s-xvps74vl0m/images/stencil/1280x1280/products/12578/40433/WS231203_1__52306.1749135486.jpg?c=1,WS231203_1__52306.1749135486.jpg?c=1,,,Ragon800,WS231203_1__52306.1749135486.jpg?c=1
,,,,,,,,,,,,,,,,,,,,,,,,
"25"" LIGHT PURPLE HYDRANGEA STEM",G232978,"Home|Sale!|Everyday|25"" LIGHT PURPLE HYDRANGEA STEM",,In-Stock: Ships in 5 to 14 days,,,,L: 25in W: 6in,,12,$4.15 ,,,,,12,Ragon400,Ragon160,https://cdn11.bigcommerce.com/s-xvps74vl0m/images/stencil/1280x1280/products/16155/34596/G232978_1__13790.1733861274.jpg?c=1,G232978_1__13790.1733861274.jpg?c=1,,,Ragon800,G232978_1__13790.1733861274.jpg?c=1
,,,,,,,,,,,,,,,,,,,,,,,,
"39.5"" PAMPAS GRASS",OR206375,"Home|Sale!|Everyday|39.5"" PAMPAS GRASS",,In-Stock: Ships in 5 to 14 days,,,,L: 39.50in,,12,$6.90 ,,,,,12,Ragon400,Ragon160,https://cdn11.bigcommerce.com/s-xvps74vl0m/images/stencil/1280x1280/products/7709/20206/OR206375_5__19929.1658344108.jpg?c=1,OR206375_5__19929.1658344108.jpg?c=1,,,Ragon800,OR206375_5__19929.1658344108.jpg?c=1
,,,,,,,,,,,,,,,,,,,,,,,,
MERRY CHRISTMAS PILLOW,SS211926,"Home|Holiday|Ornaments, Garland & Tree Toppers|MERRY CHRISTMAS PILLOW",,In-Stock: Ships in 5 to 14 days,,,,L: 18in H: 18in,,2,$21.00 ,,,,,2,Ragon400,Ragon160,https://cdn11.bigcommerce.com/s-xvps74vl0m/images/stencil/1280x1280/products/9729/27376/SS211926_1__01534.1679582905.jpg?c=1,SS211926_1__01534.1679582905.jpg?c=1,,,Ragon800,SS211926_1__01534.1679582905.jpg?c=1
,,,,,,,,,,,,,,,,,,,,,,,,
"1.5"" FINLAY TAPER CANDLE HOLDER",MH236766,"Home|Everyday|Candle Holders|1.5"" FINLAY TAPER CANDLE HOLDER","HOLDS 1"" TAPER CANDLE",SOLD OUT,,,,L: 2.75in W: 2.75in H: 1.50in,,,$3.85 ,,,,,,Ragon400,Ragon160,https://cdn11.bigcommerce.com/s-xvps74vl0m/images/stencil/1280x1280/products/16589/36289/MH236766_2__17035.1733943265.jpg?c=1,MH236766_2__17035.1733943265.jpg?c=1,,,Ragon800,MH236766_2__17035.1733943265.jpg?c=1
,,,,,,,,,,,,,,,,,,,,,,,,
"9"" LIGHT GREEN KNOTWEED HALF BALL",G191240,"Home|Everyday|Florals|9"" LIGHT GREEN KNOTWEED HALF BALL",,In-Stock: Ships in 5 to 14 days,,,,W: 9in H: 7in,,12,$7.45 ,,,,,12,Ragon400,Ragon160,https://cdn11.bigcommerce.com/s-xvps74vl0m/images/stencil/1280x1280/products/4083/35879/G191240_2__75337.1733863916.jpg?c=1,G191240_2__75337.1733863916.jpg?c=1,,,Ragon800,G191240_2__75337.1733863916.jpg?c=1
,,,,,,,,,,,,,,,,,,,,,,,,
"17"" WHITEWASHED HEMLOCK PICK W/ WHITE BERRIES",G232695,"Home|Holiday|Greenery, Wreaths & Trees|17"" WHITEWASHED HEMLOCK PICK W/ WHITE BERRIES",,In-Stock: Ships in 5 to 14 days,,,,L: 17in W: 7in,,12,$4.95 ,,,,,12,Ragon400,Ragon160,https://cdn11.bigcommerce.com/s-xvps74vl0m/images/stencil/1280x1280/products/17165/41046/G232695_4__85152.1749826413.jpg?c=1,G232695_4__85152.1749826413.jpg?c=1,,,Ragon800,G232695_4__85152.1749826413.jpg?c=1
,,,,,,,,,,,,,,,,,,,,,,,,
CAMPING IN THE WOODS PLATE,WS221268,Home|Everyday|Kitchen|CAMPING IN THE WOODS PLATE,FOOD SAFE. DISHWASHER SAFE. TOP RACK ONLY. NOT FOR MICROWAVE OR OVEN USE.,In-Stock: Ships in 5 to 14 days,,,,L: 10in W: 10in,,4,$3.05 ,,,,,4,Ragon400,Ragon160,https://cdn11.bigcommerce.com/s-xvps74vl0m/images/stencil/1280x1280/products/10591/34122/WS221268_2__97223.1719420300.jpg?c=1,WS221268_2__97223.1719420300.jpg?c=1,,,Ragon800,WS221268_2__97223.1719420300.jpg?c=1
,,,,,,,,,,,,,,,,,,,,,,,,
WRIGHT CABIN ORNAMENT,G228700,Home|Holiday|Cabin & Lodge|WRIGHT CABIN ORNAMENT,,In-Stock: Ships in 5 to 14 days,,,,L: 3.50in W: 2.75in H: 3.25in,,12,$6.60 ,,,,,12,Ragon400,Ragon160,https://cdn11.bigcommerce.com/s-xvps74vl0m/images/stencil/1280x1280/products/11413/33626/G228700_2__06480.1712154088.jpg?c=1,G228700_2__06480.1712154088.jpg?c=1,,,Ragon800,G228700_2__06480.1712154088.jpg?c=1
,,,,,,,,,,,,,,,,,,,,,,,,
"11.5"" POTTED WHITE DAISIES",OR224622,"Home|Everyday|Florals|11.5"" POTTED WHITE DAISIES",,In-Stock: Ships in 5 to 14 days,,,,L: 6in W: 6in H: 11.50in,,12,$10.45 ,,,,,12,Ragon400,Ragon160,https://cdn11.bigcommerce.com/s-xvps74vl0m/images/stencil/1280x1280/products/10457/36033/OR224622_1__52957.1733863961.jpg?c=1,OR224622_1__52957.1733863961.jpg?c=1,,,Ragon800,OR224622_1__52957.1733863961.jpg?c=1
,,,,,,,,,,,,,,,,,,,,,,,,
"2"" TURQUOISE RIBBED KUGEL ORNAMENT",SS221785,"Home|Sale!|Holiday|2"" TURQUOISE RIBBED KUGEL ORNAMENT",,In-Stock: Ships in 5 to 14 days,,,,W: 2in,,6,$1.65 ,,,,,6,Ragon400,Ragon160,https://cdn11.bigcommerce.com/s-xvps74vl0m/images/stencil/1280x1280/products/15690/33705/SS221785__78798.1712154112.jpg?c=1,SS221785__78798.1712154112.jpg?c=1,,,Ragon800,SS221785__78798.1712154112.jpg?c=1
,,,,,,,,,,,,,,,,,,,,,,,,
CLIP ON SANTA PINECONE ORNAMENT,WS231523,"Home|Holiday|Ornaments, Garland & Tree Toppers|CLIP ON SANTA PINECONE ORNAMENT",,Early September,,,,L: 1.75in W: 1.50in H: 4.50in,,12,$4.70 ,,,,,12,Ragon400,Ragon160,https://cdn11.bigcommerce.com/s-xvps74vl0m/images/stencil/1280x1280/products/18054/40557/WS231523_6__63424.1749152426.jpg?c=1,WS231523_6__63424.1749152426.jpg?c=1,,,Ragon800,WS231523_6__63424.1749152426.jpg?c=1
,,,,,,,,,,,,,,,,,,,,,,,,
FUTURE LITTLE FARMER SIGN,E203372,Home|Everyday|Wall Décor|FUTURE LITTLE FARMER SIGN,2 KEYHOLE HANGERS,SOLD OUT,,,,L: 23.75in W: 0.50in H: 11.75in,,,$17.60 ,,,,,,Ragon400,Ragon160,https://cdn11.bigcommerce.com/s-xvps74vl0m/images/stencil/1280x1280/products/6573/14258/E203372_5__24173.1647357798.jpg?c=1,E203372_5__24173.1647357798.jpg?c=1,,,Ragon800,E203372_5__24173.1647357798.jpg?c=1
,,,,,,,,,,,,,,,,,,,,,,,,
"29"" BLUE LILAC SPRAY",OR235624,"Home|Sale!|Everyday|29"" BLUE LILAC SPRAY",,In-Stock: Ships in 5 to 14 days,,,,L: 29in W: 4.50in,,12,$9.35 ,,,,,12,Ragon400,Ragon160,https://cdn11.bigcommerce.com/s-xvps74vl0m/images/stencil/1280x1280/products/16736/35272/OR235624_3__35905.1733861473.jpg?c=1,OR235624_3__35905.1733861473.jpg?c=1,,,Ragon800,OR235624_3__35905.1733861473.jpg?c=1
,,,,,,,,,,,,,,,,,,,,,,,,
GREY WOODEN BASKET,LW196565,Home|Everyday|Baskets & Buckets|GREY WOODEN BASKET,"8""L X 8""W X 7.50""H, HANDLE HEIGHT 14.57""H, WOOD",In-Stock: Ships in 5 to 14 days,,,,L: 8in W: 8in H: 7.50in,,2,$40.50 ,,,,,2,Ragon400,Ragon160,https://cdn11.bigcommerce.com/s-xvps74vl0m/images/stencil/1280x1280/products/3886/28245/LW196565_1__62847.1689618285.jpg?c=1,LW196565_1__62847.1689618285.jpg?c=1,,,Ragon800,LW196565_1__62847.1689618285.jpg?c=1
,,,,,,,,,,,,,,,,,,,,,,,,
"20"" MUSTARD PLAID PILLOW",SS221993,"Home|Sale!|Holiday|20"" MUSTARD PLAID PILLOW",,In-Stock: Ships in 5 to 14 days,,,,L: 20in H: 20in,,2,$29.75 ,,,,,2,Ragon400,Ragon160,https://cdn11.bigcommerce.com/s-xvps74vl0m/images/stencil/1280x1280/products/11910/37303/SS221993__23196.1735854766.jpg?c=1,SS221993__23196.1735854766.jpg?c=1,,,Ragon800,SS221993__23196.1735854766.jpg?c=1
,,,,,,,,,,,,,,,,,,,,,,,,
CREAM SHIMMER LED FLOWER,NY236615,Home|Flameless Candles|CREAM SHIMMER LED FLOWER,"6 HR TIMER | ON/OFF BUTTON
REQUIRES 1 (CR2032) BATTERY, BATTERY INCLUDED.",In-Stock: Ships in 5 to 14 days,,,,L: 5in W: 5in H: 2.75in,,6,$7.70 ,,,,,6,Ragon400,Ragon160,https://cdn11.bigcommerce.com/s-xvps74vl0m/images/stencil/1280x1280/products/17647/40261/NY236615_6__65372.1748890787.jpg?c=1,NY236615_6__65372.1748890787.jpg?c=1,,,Ragon800,NY236615_6__65372.1748890787.jpg?c=1
,,,,,,,,,,,,,,,,,,,,,,,,
"29.25"" DEEP RED SNOWBALL SPRAY",OR224713,"Home|Sale!|Everyday|29.25"" DEEP RED SNOWBALL SPRAY",,In-Stock: Ships in 5 to 14 days,,,,L: 29.25in,,24,$9.35 ,,,,,24,Ragon400,Ragon160,https://cdn11.bigcommerce.com/s-xvps74vl0m/images/stencil/1280x1280/products/10488/35329/OR224713_1__27650.1733863763.jpg?c=1,OR224713_1__27650.1733863763.jpg?c=1,,,Ragon800,OR224713_1__27650.1733863763.jpg?c=1
,,,,,,,,,,,,,,,,,,,,,,,,
SET/ 2 GOLD PINECONES,E226650,Home|Holiday|Cabin & Lodge|SET/ 2 GOLD PINECONES,"SM: 2.5""L X 2.5""W X 3.5""H LG: 3""L X 3""W X 4.5""H",SOLD OUT,,,,See Details tab,,,$10.75 ,,,,,,Ragon400,Ragon160,https://cdn11.bigcommerce.com/s-xvps74vl0m/images/stencil/1280x1280/products/10950/32459/E226650_1__94433.1709219659.jpg?c=1,E226650_1__94433.1709219659.jpg?c=1,,,Ragon800,E226650_1__94433.1709219659.jpg?c=1
,,,,,,,,,,,,,,,,,,,,,,,,
"3.25"" RED METAL STAR ORNAMENT",ZH213551,"Home|Holiday|Ornaments, Garland & Tree Toppers|3.25"" RED METAL STAR ORNAMENT",,SOLD OUT,,,,L: 3.25in W: 3.25in H: 3.25in,,,$1.65 ,,,,,,Ragon400,Ragon160,https://cdn11.bigcommerce.com/s-xvps74vl0m/images/stencil/1280x1280/products/9597/27320/ZH213551_4__78583.1679582887.jpg?c=1,ZH213551_4__78583.1679582887.jpg?c=1,,,Ragon800,ZH213551_4__78583.1679582887.jpg?c=1
,,,,,,,,,,,,,,,,,,,,,,,,
"6"" LINEAR SANTA HEAD ORNAMENT",WS202413,"Home|Sale!|Holiday|6"" LINEAR SANTA HEAD ORNAMENT",,In-Stock: Ships in 5 to 14 days,,,,H: 6in,,12,$6.60 ,,,,,12,Ragon400,Ragon160,https://cdn11.bigcommerce.com/s-xvps74vl0m/images/stencil/1280x1280/products/7902/17666/WS202413_3__39179.1645763254.jpg?c=1,WS202413_3__39179.1645763254.jpg?c=1,,,Ragon800,WS202413_3__39179.1645763254.jpg?c=1
,,,,,,,,,,,,,,,,,,,,,,,,
"21"" WOOD PEDESTAL TABLE",E203131,"Home|Everyday|Furniture & Mirrors|21"" WOOD PEDESTAL TABLE",SHIPS KNOCKED DOWN,SOLD OUT,,,,L: 21in W: 21in H: 26.25in,,,$109.00 ,,,,,,Ragon400,Ragon160,https://cdn11.bigcommerce.com/s-xvps74vl0m/images/stencil/1280x1280/products/6478/13307/E203131__28225.1641401735.jpg?c=1,E203131__28225.1641401735.jpg?c=1,,,Ragon800,E203131__28225.1641401735.jpg?c=1
,,,,,,,,,,,,,,,,,,,,,,,,
"72"" OLIVE, GOLD & SILVER BALL GARLAND W/ 1.5"" BALL",WS202018,"Home|Sale!|Holiday|72"" OLIVE, GOLD & SILVER BALL GARLAND W/ 1.5"" BALL","Smallest Ball Measures .75"" Largest Ball Measures 1.5""",In-Stock: Ships in 5 to 14 days,,,,L: 72in W: 1.50in,,6,$28.75 ,,,,,6,Ragon400,Ragon160,https://cdn11.bigcommerce.com/s-xvps74vl0m/images/stencil/1280x1280/products/7495/20685/WS202018_1__82114.1666634680.jpg?c=1,WS202018_1__82114.1666634680.jpg?c=1,,,Ragon800,WS202018_1__82114.1666634680.jpg?c=1
,,,,,,,,,,,,,,,,,,,,,,,,
SET/ 6 GOLD GLASS GLITTER BULBS,WS221416,Home|Sale!|Holiday|SET/ 6 GOLD GLASS GLITTER BULBS,,In-Stock: Ships in 5 to 14 days,,,,W: 1in H: 2.25in,,6,$10.45 ,,,,,6,Ragon400,Ragon160,https://cdn11.bigcommerce.com/s-xvps74vl0m/images/stencil/1280x1280/products/12251/32977/WS221416_5__39332.1710521312.jpg?c=1,WS221416_5__39332.1710521312.jpg?c=1,,,Ragon800,WS221416_5__39332.1710521312.jpg?c=1
,,,,,,,,,,,,,,,,,,,,,,,,
WINTER WOODLAND PRINT*,H223365,Home|Holiday|Cabin & Lodge|WINTER WOODLAND PRINT*,"*ITEM MUST SHIP FREIGHT - ADDITIONAL FREIGHT CHARGES MAY APPLY. ORDERS CONTAINING FREIGHT ITEMS MUST REACH A $1,000 MINIMUM ORDER
  2 HALF CIRCLE HANGERS",In-Stock: Ships in 5 to 14 days,,,,L: 43in W: 1.50in H: 38.50in,,1,$123.25 ,,,,,1,Ragon400,Ragon160,https://cdn11.bigcommerce.com/s-xvps74vl0m/images/stencil/1280x1280/products/10833/33911/H223365_1__49472.1712868560.jpg?c=1,H223365_1__49472.1712868560.jpg?c=1,,,Ragon800,H223365_1__49472.1712868560.jpg?c=1
,,,,,,,,,,,,,,,,,,,,,,,,
SET/ 3 EARTHY GREEN BOTTLEBRUSH TREES,WS218197,Home|Sale!|Holiday|SET/ 3 EARTHY GREEN BOTTLEBRUSH TREES,,In-Stock: Ships in 5 to 14 days,,,,L: 2.50in W: 2.50in H: 6in,,4,$9.35 ,,,,,4,Ragon400,Ragon160,https://cdn11.bigcommerce.com/s-xvps74vl0m/images/stencil/1280x1280/products/9283/26222/WS218197__59953.1677258449.jpg?c=1,WS218197__59953.1677258449.jpg?c=1,,,Ragon800,WS218197__59953.1677258449.jpg?c=1
,,,,,,,,,,,,,,,,,,,,,,,,
"14.75"" EMERALD GREEN W/ GOLD TRIM PAPER TREE",WS227409,"Home|Sale!|Holiday|14.75"" EMERALD GREEN W/ GOLD TRIM PAPER TREE",,In-Stock: Ships in 5 to 14 days,,,,L: 8in W: 8in H: 14.75in,,2,$10.45 ,,,,,2,Ragon400,Ragon160,https://cdn11.bigcommerce.com/s-xvps74vl0m/images/stencil/1280x1280/products/12392/33782/WS227409_4__79682.1712154139.jpg?c=1,WS227409_4__79682.1712154139.jpg?c=1,,,Ragon800,WS227409_4__79682.1712154139.jpg?c=1
,,,,,,,,,,,,,,,,,,,,,,,,
"3"" RIBBED RED KUGEL ORNAMENT",SS13976,"Home|Holiday|Ornaments, Garland & Tree Toppers|3"" RIBBED RED KUGEL ORNAMENT","3""W, GLASS",In-Stock: Ships in 5 to 14 days,,,,W: 3in,,6,$2.75 ,,,,,6,Ragon400,Ragon160,https://cdn11.bigcommerce.com/s-xvps74vl0m/images/stencil/1280x1280/products/2966/10972/SS13976__77299.1626464496.jpg?c=1,SS13976__77299.1626464496.jpg?c=1,,,Ragon800,SS13976__77299.1626464496.jpg?c=1
,,,,,,,,,,,,,,,,,,,,,,,,
"4"" RESTING DEER W/ SANTA HAT",WS227669,"Home|Holiday|Ornaments, Garland & Tree Toppers|4"" RESTING DEER W/ SANTA HAT",,In-Stock: Ships in 5 to 14 days,,,,L: 3.50in W: 1.50in H: 4in,,4,$8.25 ,,,,,4,Ragon400,Ragon160,https://cdn11.bigcommerce.com/s-xvps74vl0m/images/stencil/1280x1280/products/12479/33004/WS227669_1__89331.1710521322.jpg?c=1,WS227669_1__89331.1710521322.jpg?c=1,,,Ragon800,WS227669_1__89331.1710521322.jpg?c=1
,,,,,,,,,,,,,,,,,,,,,,,,
7.5' DRAPING CEDAR GARLAND,G228936,"Home|Holiday|Greenery, Wreaths & Trees|7.5' DRAPING CEDAR GARLAND",,SOLD OUT,,,,L: 90in,,,$31.00 ,,,,,,Ragon400,Ragon160,https://cdn11.bigcommerce.com/s-xvps74vl0m/images/stencil/1280x1280/products/11517/32157/G228936_3__48077.1708440825.jpg?c=1,G228936_3__48077.1708440825.jpg?c=1,,,Ragon800,G228936_3__48077.1708440825.jpg?c=1
,,,,,,,,,,,,,,,,,,,,,,,,
"34.5"" WHITE HYDRANGEA TREE",OR235544,"Home|Everyday|Florals|34.5"" WHITE HYDRANGEA TREE","POT: 6""L 6""W 5""H",In-Stock: Ships in 5 to 14 days,,,,L: 19in W: 19in H: 34.50in,,1,$82.50 ,,,,,1,Ragon400,Ragon160,https://cdn11.bigcommerce.com/s-xvps74vl0m/images/stencil/1280x1280/products/16700/35149/OR235544_1__89877.1733861438.jpg?c=1,OR235544_1__89877.1733861438.jpg?c=1,,,Ragon800,OR235544_1__89877.1733861438.jpg?c=1
,,,,,,,,,,,,,,,,,,,,,,,,
"6"" WHITE 3D FLAME PILLAR CANDLE",NY229058,"Home|Flameless Candles|6"" WHITE 3D FLAME PILLAR CANDLE","6 HR TIMER | ON/OFF BUTTON
REQUIRES 2 (AA) BATTERIES, BATTERIES NOT INCLUDED.",In-Stock: Ships in 5 to 14 days,,,,L: 3.25in W: 3.25in H: 6in,,6,$9.65 ,,,,,6,Ragon400,Ragon160,https://cdn11.bigcommerce.com/s-xvps74vl0m/images/stencil/1280x1280/products/10424/29194/NY229058_1__97484.1701887410.jpg?c=1,NY229058_1__97484.1701887410.jpg?c=1,,,Ragon800,NY229058_1__97484.1701887410.jpg?c=1
,,,,,,,,,,,,,,,,,,,,,,,,
TERRACOTTA TAPER CANDLE HOLDER W/ HANDLE,G232507,Home|Everyday|Candle Holders|TERRACOTTA TAPER CANDLE HOLDER W/ HANDLE,HOLDS TAPER CANDLE,SOLD OUT,,,,L: 5.50in W: 4.50in H: 2.50in,,,$8.25 ,,,,,,Ragon400,Ragon160,https://cdn11.bigcommerce.com/s-xvps74vl0m/images/stencil/1280x1280/products/16043/36915/G232507_4__34194.1733943423.jpg?c=1,G232507_4__34194.1733943423.jpg?c=1,,,Ragon800,G232507_4__34194.1733943423.jpg?c=1
,,,,,,,,,,,,,,,,,,,,,,,,
GREY TABLETOP CLOCK ON BLACK STAND,E226519,Home|Everyday|Clocks|GREY TABLETOP CLOCK ON BLACK STAND,"REQUIRES 1 (AA) BATTERY, BATTERY NOT INCLUDED.",SOLD OUT,,,,L: 7.50in W: 3in H: 9in,,,$20.75 ,,,,,,Ragon400,Ragon160,https://cdn11.bigcommerce.com/s-xvps74vl0m/images/stencil/1280x1280/products/10725/34072/E226519_1__99065.1719410852.jpg?c=1,E226519_1__99065.1719410852.jpg?c=1,,,Ragon800,E226519_1__99065.1719410852.jpg?c=1
,,,,,,,,,,,,,,,,,,,,,,,,
"71"" WHITE METAL LATTICED MIRROR*",E203163,"Home|Everyday|Furniture & Mirrors|71"" WHITE METAL LATTICED MIRROR*","2 METAL HANGERS
*ITEM MUST SHIP FREIGHT - ADDITIONAL FREIGHT CHARGES MAY APPLY. ORDERS CONTAINING FREIGHT ITEMS MUST REACH A $1,000 MINIMUM ORDER","In-Stock: THIS IS A FREIGHT ITEM, PLEASE SEE NOTES BELOW",,,,L: 25.75in W: 1.50in H: 71in,,1,$295.00 ,,,,,1,Ragon400,Ragon160,https://cdn11.bigcommerce.com/s-xvps74vl0m/images/stencil/1280x1280/products/6491/19670/E203163_2_1__80705.1662037099.jpg?c=1,E203163_2_1__80705.1662037099.jpg?c=1,,,Ragon800,E203163_2_1__80705.1662037099.jpg?c=1
,,,,,,,,,,,,,,,,,,,,,,,,
NECK OF THE WOODS PLATE,WS221267,Home|Everyday|Kitchen|NECK OF THE WOODS PLATE,FOOD SAFE. DISHWASHER SAFE. TOP RACK ONLY. NOT FOR MICROWAVE OR OVEN USE.,In-Stock: Ships in 5 to 14 days,,,,L: 10in W: 10in,,4,$3.05 ,,,,,4,Ragon400,Ragon160,https://cdn11.bigcommerce.com/s-xvps74vl0m/images/stencil/1280x1280/products/10590/34021/WS221267_3__84060.1712868596.jpg?c=1,WS221267_3__84060.1712868596.jpg?c=1,,,Ragon800,WS221267_3__84060.1712868596.jpg?c=1
,,,,,,,,,,,,,,,,,,,,,,,,
"21"" YELLOW WILD HONEYSUCKLE BUSH",G232867,"Home|Everyday|Florals|21"" YELLOW WILD HONEYSUCKLE BUSH",,In-Stock: Ships in 5 to 14 days,,,,L: 21in W: 12in,,12,$6.60 ,,,,,12,Ragon400,Ragon160,https://cdn11.bigcommerce.com/s-xvps74vl0m/images/stencil/1280x1280/products/16126/34497/G232867_4__57747.1733861246.jpg?c=1,G232867_4__57747.1733861246.jpg?c=1,,,Ragon800,G232867_4__57747.1733861246.jpg?c=1
,,,,,,,,,,,,,,,,,,,,,,,,
PAINTED BOTANICAL TERRARIUM,BF235058,Home|Everyday|Spring & Garden|PAINTED BOTANICAL TERRARIUM,,In-Stock: Ships in 5 to 14 days,,,,L: 11.50in W: 9.75in H: 14.25in,,1,$52.25 ,,,,,1,Ragon400,Ragon160,https://cdn11.bigcommerce.com/s-xvps74vl0m/images/stencil/1280x1280/products/15806/36480/BF235058_6__25286.1733943307.jpg?c=1,BF235058_6__25286.1733943307.jpg?c=1,,,Ragon800,BF235058_6__25286.1733943307.jpg?c=1
,,,,,,,,,,,,,,,,,,,,,,,,
GOLD TRIMMED BLACK WALL CLOCK*,E217286,Home|Sale!|Everyday|GOLD TRIMMED BLACK WALL CLOCK*,"*ITEM MUST SHIP FREIGHT - ADDITIONAL FREIGHT CHARGES MAY APPLY. ORDERS CONTAINING FREIGHT ITEMS MUST REACH A $1,000 MINIMUM ORDER
  REQUIRES (1 AA) BATTERY / BATTERIES, NOT INCLUDED.
2 KEYHOLE HANGERS
 ",In-Stock: Ships in 5 to 14 days,,,,L: 39in W: 2in H: 39in,,1,$178.25 ,,,,,1,Ragon400,Ragon160,https://cdn11.bigcommerce.com/s-xvps74vl0m/images/stencil/1280x1280/products/9822/24267/E217286_3__71166.1677257776.jpg?c=1,E217286_3__71166.1677257776.jpg?c=1,,,Ragon800,E217286_3__71166.1677257776.jpg?c=1
,,,,,,,,,,,,,,,,,,,,,,,,
"3"" GLASS 3D FLAME CANDLE",NY236558,"Home|Flameless Candles|3"" GLASS 3D FLAME CANDLE","6 HR TIMER | ON/OFF BUTTON
REQUIRES 1 (CR2032) BATTERY, BATTERY INCLUDED.",In-Stock: Ships in 5 to 14 days,,,,L: 2in W: 2in H: 3in,,6,$6.05 ,,,,,6,Ragon400,Ragon160,https://cdn11.bigcommerce.com/s-xvps74vl0m/images/stencil/1280x1280/products/16651/37061/NY236558_4__96910.1733943464.jpg?c=1,NY236558_4__96910.1733943464.jpg?c=1,,,Ragon800,NY236558_4__96910.1733943464.jpg?c=1
,,,,,,,,,,,,,,,,,,,,,,,,
"7"" WINE VELVET & GLITTER BELL",WS231011,"Home|Holiday|Ornaments, Garland & Tree Toppers|7"" WINE VELVET & GLITTER BELL",AUTHENTIC GERMAN GLASS GLITTER; MAY CHANGE COLOR OVER TIME,Projected Summer 2025,,,,L: 4.25in W: 4.25in H: 7in,,6,$9.35 ,,,,,6,Ragon400,Ragon160,https://cdn11.bigcommerce.com/s-xvps74vl0m/images/stencil/1280x1280/products/17936/40495/WS231011_4__52837.1749150386.jpg?c=1,WS231011_4__52837.1749150386.jpg?c=1,,,Ragon800,WS231011_4__52837.1749150386.jpg?c=1
,,,,,,,,,,,,,,,,,,,,,,,,
OVAL SANTA CLAUS IS COMING TO TOWN SIGN,BF235220,Home|Holiday|Signs|OVAL SANTA CLAUS IS COMING TO TOWN SIGN,,In-Stock: Ships in 5 to 14 days,,,,L: 24.50in W: 0.75in H: 18.50in,,2,$29.25 ,,,,,2,Ragon400,Ragon160,https://cdn11.bigcommerce.com/s-xvps74vl0m/images/stencil/1280x1280/products/16992/41330/BF235220_3__90279.1749826466.jpg?c=1,BF235220_3__90279.1749826466.jpg?c=1,,,Ragon800,BF235220_3__90279.1749826466.jpg?c=1
,,,,,,,,,,,,,,,,,,,,,,,,
"4"" GREEN TEXTURED TEARDROP KUGEL ORNAMENT",SS211931,"Home|Holiday|Ornaments, Garland & Tree Toppers|4"" GREEN TEXTURED TEARDROP KUGEL ORNAMENT",,In-Stock: Ships in 5 to 14 days,,,,L: 4in,,6,$3.60 ,,,,,6,Ragon400,Ragon160,https://cdn11.bigcommerce.com/s-xvps74vl0m/images/stencil/1280x1280/products/9734/27382/SS211931_1__81909.1679582907.jpg?c=1,SS211931_1__81909.1679582907.jpg?c=1,,,Ragon800,SS211931_1__81909.1679582907.jpg?c=1
,,,,,,,,,,,,,,,,,,,,,,,,
"8"" BLACK AND WHITE STOCKING ORNAMENT",SS211769,"Home|Sale!|Holiday|8"" BLACK AND WHITE STOCKING ORNAMENT",,In-Stock: Ships in 5 to 14 days,,,,L: 8in,,12,$5.50 ,,,,,12,Ragon400,Ragon160,https://cdn11.bigcommerce.com/s-xvps74vl0m/images/stencil/1280x1280/products/9421/27182/SS211769_3__71099.1679582844.jpg?c=1,SS211769_3__71099.1679582844.jpg?c=1,,,Ragon800,SS211769_3__71099.1679582844.jpg?c=1
,,,,,,,,,,,,,,,,,,,,,,,,
"11.5"" AGED BLACK BOWL",ZH238627,"Home|Everyday|Kitchen|11.5"" AGED BLACK BOWL",,In-Stock: Ships in 5 to 14 days,,,,L: 11.50in W: 11.50in H: 4in,,5,$7.70 ,,,,,5,Ragon400,Ragon160,https://cdn11.bigcommerce.com/s-xvps74vl0m/images/stencil/1280x1280/products/16865/36464/ZH238627_4__42270.1733943304.jpg?c=1,ZH238627_4__42270.1733943304.jpg?c=1,,,Ragon800,ZH238627_4__42270.1733943304.jpg?c=1
,,,,,,,,,,,,,,,,,,,,,,,,
"8"" LIGHTED GINGERBREAD HOUSE",G233525,"Home|Holiday|Tabletop & Misc.|8"" LIGHTED GINGERBREAD HOUSE","REQUIRES 3 (AAA) BATTERIES, BATTERIES NOT INCLUDED.",In-Stock: Ships in 5 to 14 days,,,,L: 7.50in W: 6in H: 8in,,2,$21.25 ,,,,,2,Ragon400,Ragon160,https://cdn11.bigcommerce.com/s-xvps74vl0m/images/stencil/1280x1280/products/17250/40113/G233525_3__63934.1747946290.jpg?c=1,G233525_3__63934.1747946290.jpg?c=1,,,Ragon800,G233525_3__63934.1747946290.jpg?c=1
,,,,,,,,,,,,,,,,,,,,,,,,
SNOWMAN WITH BUCKET,13803,"Home|Holiday|Snowmen, Santas & Angels|SNOWMAN WITH BUCKET","5""W X 9""H, MACHE",In-Stock: Ships in 5 to 14 days,,,,W: 5in H: 9in,,2,$21.00 ,,,,,2,Ragon400,Ragon160,https://cdn11.bigcommerce.com/s-xvps74vl0m/images/stencil/1280x1280/products/2971/27816/13803_2__27054.1682970359.jpg?c=1,13803_2__27054.1682970359.jpg?c=1,,,Ragon800,13803_2__27054.1682970359.jpg?c=1
,,,,,,,,,,,,,,,,,,,,,,,,
"9"" RED & WHITE GLASS FINIAL ORNAMENT",WS231570,"Home|Holiday|Ornaments, Garland & Tree Toppers|9"" RED & WHITE GLASS FINIAL ORNAMENT",,Early September,,,,L: 2.50in W: 2.50in H: 9in,,6,$8.80 ,,,,,6,Ragon400,Ragon160,https://cdn11.bigcommerce.com/s-xvps74vl0m/images/stencil/1280x1280/products/18079/40450/WS231570_2__98623.1749137923.jpg?c=1,WS231570_2__98623.1749137923.jpg?c=1,,,Ragon800,WS231570_2__98623.1749137923.jpg?c=1
,,,,,,,,,,,,,,,,,,,,,,,,
"5.75"" WHITE METAL PINE TREE",MH222545,"Home|Holiday|Tabletop & Misc.|5.75"" WHITE METAL PINE TREE",,SOLD OUT,,,,L: 3.25in W: 1.75in H: 5.75in,,,$2.50 ,,,,,,Ragon400,Ragon160,https://cdn11.bigcommerce.com/s-xvps74vl0m/images/stencil/1280x1280/products/11637/32209/MH222545_2__94214.1708440842.jpg?c=1,MH222545_2__94214.1708440842.jpg?c=1,,,Ragon800,MH222545_2__94214.1708440842.jpg?c=1
,,,,,,,,,,,,,,,,,,,,,,,,
"4"" GREY CEMENT COLUMN 3D FLAME CANDLE",NY236512,"Home|Flameless Candles|4"" GREY CEMENT COLUMN 3D FLAME CANDLE","6 HR TIMER | ON/OFF BUTTON
REQUIRES 2 (AAA) BATTERIES, BATTERIES NOT INCLUDED.",In-Stock: Ships in 5 to 14 days,,,,L: 3in W: 3in H: 4.75in,,4,$7.15 ,,,,,4,Ragon400,Ragon160,https://cdn11.bigcommerce.com/s-xvps74vl0m/images/stencil/1280x1280/products/16625/36368/NY236512_5__36195.1733943282.jpg?c=1,NY236512_5__36195.1733943282.jpg?c=1,,,Ragon800,NY236512_5__36195.1733943282.jpg?c=1
,,,,,,,,,,,,,,,,,,,,,,,,
"14.5"" GREEN POPLAR LEAF BUSH",HZ238901,"Home|Everyday|Florals|14.5"" GREEN POPLAR LEAF BUSH",,SOLD OUT,,,,L: 14.50in W: 6in,,,$1.65 ,,,,,,Ragon400,Ragon160,https://cdn11.bigcommerce.com/s-xvps74vl0m/images/stencil/1280x1280/products/16474/34970/HZ238901_5__04738.1733861384.jpg?c=1,HZ238901_5__04738.1733861384.jpg?c=1,,,Ragon800,HZ238901_5__04738.1733861384.jpg?c=1
,,,,,,,,,,,,,,,,,,,,,,,,
"16"" WHITE AGED PILLAR CANDLE STAND",E217258,"Home|Everyday|Candle Holders|16"" WHITE AGED PILLAR CANDLE STAND","HOLDS 3"" CANDLE",In-Stock: Ships in 5 to 14 days,,,,L: 4.75in W: 4.75in H: 16in,,4,$17.60 ,,,,,4,Ragon400,Ragon160,https://cdn11.bigcommerce.com/s-xvps74vl0m/images/stencil/1280x1280/products/8223/24250/E217258_1__42202.1677257771.jpg?c=1,E217258_1__42202.1677257771.jpg?c=1,,,Ragon800,E217258_1__42202.1677257771.jpg?c=1
,,,,,,,,,,,,,,,,,,,,,,,,
LAYERED FELT PINECONE ORNAMENT,G233602,"Home|Holiday|Ornaments, Garland & Tree Toppers|LAYERED FELT PINECONE ORNAMENT",,In-Stock: Ships in 5 to 14 days,,,,L: 5in W: 3.50in H: 5in,,12,$3.85 ,,,,,12,Ragon400,Ragon160,https://cdn11.bigcommerce.com/s-xvps74vl0m/images/stencil/1280x1280/products/17259/41498/G233602_3__12486.1749826505.jpg?c=1,G233602_3__12486.1749826505.jpg?c=1,,,Ragon800,G233602_3__12486.1749826505.jpg?c=1
,,,,,,,,,,,,,,,,,,,,,,,,
BUTTERFLY WOOD WALL PLAQUE,E234195,Home|Everyday|Wall Décor|BUTTERFLY WOOD WALL PLAQUE,1 HALF CIRCLE,In-Stock: Ships in 5 to 14 days,,,,L: 6in W: 1in H: 6in,,4,$7.70 ,,,,,4,Ragon400,Ragon160,https://cdn11.bigcommerce.com/s-xvps74vl0m/images/stencil/1280x1280/products/15870/36807/E234195_4__49244.1733943396.jpg?c=1,E234195_4__49244.1733943396.jpg?c=1,,,Ragon800,E234195_4__49244.1733943396.jpg?c=1
,,,,,,,,,,,,,,,,,,,,,,,,
"19"" WHITE WILD ROSE STEM",G228210,"Home|Everyday|Florals|19"" WHITE WILD ROSE STEM",,In-Stock: Ships in 5 to 14 days,,,,L: 19in,,24,$4.15 ,,,,,24,Ragon400,Ragon160,https://cdn11.bigcommerce.com/s-xvps74vl0m/images/stencil/1280x1280/products/10114/35594/G228210_7__62378.1736366346.jpg?c=1,G228210_7__62378.1736366346.jpg?c=1,,,Ragon800,G228210_7__62378.1736366346.jpg?c=1
,,,,,,,,,,,,,,,,,,,,,,,,
RESTING SHEEP,KY239073,Home|Holiday|Tabletop & Misc.|RESTING SHEEP,,Late August,,,,L: 3in W: 7.50in H: 4.75in,,4,$6.05 ,,,,,4,Ragon400,Ragon160,https://cdn11.bigcommerce.com/s-xvps74vl0m/images/stencil/1280x1280/products/16934/40406/KY239073_1__52493.1749134173.jpg?c=1,KY239073_1__52493.1749134173.jpg?c=1,,,Ragon800,KY239073_1__52493.1749134173.jpg?c=1
,,,,,,,,,,,,,,,,,,,,,,,,
FRAMED DESSERT BUNNY PRINT,H237573,Home|Everyday|Easter & Spring|FRAMED DESSERT BUNNY PRINT,2 SAWTOOTH HANGERS,In-Stock: Ships in 5 to 14 days,,,,L: 24.50in W: 1.50in H: 24.50in,,1,$74.25 ,,,,,1,Ragon400,Ragon160,https://cdn11.bigcommerce.com/s-xvps74vl0m/images/stencil/1280x1280/products/16358/36581/H237573_1__14108.1733943334.jpg?c=1,H237573_1__14108.1733943334.jpg?c=1,,,Ragon800,H237573_1__14108.1733943334.jpg?c=1
,,,,,,,,,,,,,,,,,,,,,,,,
"16"" DEEP FOREST BOTTLEBRUSH TREE",WS172268,"Home|Holiday|Bottlebrush|16"" DEEP FOREST BOTTLEBRUSH TREE","3.5""W X 16""H, BOTTLEBRUSH",In-Stock: Ships in 5 to 14 days,,,,W: 3.50in H: 16in,,6,$12.05 ,,,,,6,Ragon400,Ragon160,https://cdn11.bigcommerce.com/s-xvps74vl0m/images/stencil/1280x1280/products/4547/11510/WS172268__96713.1626464614.jpg?c=1,WS172268__96713.1626464614.jpg?c=1,,,Ragon800,WS172268__96713.1626464614.jpg?c=1
,,,,,,,,,,,,,,,,,,,,,,,,
"4"" PINK HUES BOTTLE BRUSH TREES BOX/ 5",WS192541,"Home|Holiday|Bottlebrush|4"" PINK HUES BOTTLE BRUSH TREES BOX/ 5","1.50""W X 4""H",In-Stock: Ships in 3 to 7 days,,,,W: 1.50in H: 4in,,4,$14.85 ,,,,,4,Ragon400,Ragon160,https://cdn11.bigcommerce.com/s-xvps74vl0m/images/stencil/1280x1280/products/3104/12386/WS192541_8__76046.1626464893.jpg?c=1,WS192541_8__76046.1626464893.jpg?c=1,,,Ragon800,WS192541_8__76046.1626464893.jpg?c=1
,,,,,,,,,,,,,,,,,,,,,,,,
"SET/ 2 - 9.5"" 3D FLAME BLACK TAPER CANDLE",NY229027,"Home|Flameless Candles|SET/ 2 - 9.5"" 3D FLAME BLACK TAPER CANDLE","6 HR TIMER | ON/OFF BUTTON
REQUIRES 2 (AAA) BATTERIES, BATTERIES NOT INCLUDED.",In-Stock: Ships in 5 to 14 days,,,,L: 0.75in W: 0.75in H: 9.50in,,12,$8.80 ,,,,,12,Ragon400,Ragon160,https://cdn11.bigcommerce.com/s-xvps74vl0m/images/stencil/1280x1280/products/10398/29143/NY229027_2__74424.1702063029.jpg?c=1,NY229027_2__74424.1702063029.jpg?c=1,,,Ragon800,NY229027_2__74424.1702063029.jpg?c=1
,,,,,,,,,,,,,,,,,,,,,,,,
"12"" WHITE POM POM WILDFLOWER CANDLE RING",HZ238870,"Home|Sale!|Everyday|12"" WHITE POM POM WILDFLOWER CANDLE RING","INNER: 3.5""",In-Stock: Ships in 5 to 14 days,,,,L: 12in W: 4in,,6,$10.45 ,,,,,6,Ragon400,Ragon160,https://cdn11.bigcommerce.com/s-xvps74vl0m/images/stencil/1280x1280/products/16446/34870/HZ238870_1__84950.1733861353.jpg?c=1,HZ238870_1__84950.1733861353.jpg?c=1,,,Ragon800,HZ238870_1__84950.1733861353.jpg?c=1
,,,,,,,,,,,,,,,,,,,,,,,,
"4"" RIBBED SILVER KUGEL ORNAMENT",SS13980,"Home|Holiday|Ornaments, Garland & Tree Toppers|4"" RIBBED SILVER KUGEL ORNAMENT","4""W, GLASS",In-Stock: Ships in 5 to 14 days,,,,W: 4in,,6,$3.25 ,,,,,6,Ragon400,Ragon160,https://cdn11.bigcommerce.com/s-xvps74vl0m/images/stencil/1280x1280/products/2927/15390/SS13980__64380.1642791316.jpg?c=1,SS13980__64380.1642791316.jpg?c=1,,,Ragon800,SS13980__64380.1642791316.jpg?c=1
,,,,,,,,,,,,,,,,,,,,,,,,
"43"" BLACK BARN DOOR STYLE CLOCK",E203262,"Home|Everyday|Wall Décor|43"" BLACK BARN DOOR STYLE CLOCK","REQUIRES 1 AA BATTERY, NOT INCLUDED - 2 HALF CIRCLE HOOKS",SOLD OUT,,,,L: 29.25in W: 2in H: 41in,,,$168.00 ,,,,,,Ragon400,Ragon160,https://cdn11.bigcommerce.com/s-xvps74vl0m/images/stencil/1280x1280/products/6526/13353/E203262__76042.1641401776.jpg?c=1,E203262__76042.1641401776.jpg?c=1,,,Ragon800,E203262__76042.1641401776.jpg?c=1
,,,,,,,,,,,,,,,,,,,,,,,,
9' VINTAGE SILVER TINSEL GARLAND,5131,"Home|Holiday|Ornaments, Garland & Tree Toppers|9' VINTAGE SILVER TINSEL GARLAND","9'L, PE",Projected Summer 2025,,,,L: 108in,,6,$4.95 ,,,,,6,Ragon400,Ragon160,https://cdn11.bigcommerce.com/s-xvps74vl0m/images/stencil/1280x1280/products/2795/27798/5131_1__53208.1682969173.jpg?c=1,5131_1__53208.1682969173.jpg?c=1,,,Ragon800,5131_1__53208.1682969173.jpg?c=1
,,,,,,,,,,,,,,,,,,,,,,,,
"34"" PURPLE EUCALYPTUS SPRAY",G233091,"Home|Sale!|Everyday|34"" PURPLE EUCALYPTUS SPRAY",,In-Stock: Ships in 5 to 14 days,,,,L: 34in W: 12in,,6,$4.70 ,,,,,6,Ragon400,Ragon160,https://cdn11.bigcommerce.com/s-xvps74vl0m/images/stencil/1280x1280/products/16188/34704/G233091_4__43688.1733861307.jpg?c=1,G233091_4__43688.1733861307.jpg?c=1,,,Ragon800,G233091_4__43688.1733861307.jpg?c=1
,,,,,,,,,,,,,,,,,,,,,,,,
"40"" FRAMED METAL COW",H237471,"Home|Sale!|Everyday|40"" FRAMED METAL COW",2 HALF CIRCLE HANGERS,In-Stock: Ships in 5 to 14 days,,,,L: 40in W: 1.50in H: 28.25in,,1,$103.50 ,,,,,1,Ragon400,Ragon160,https://cdn11.bigcommerce.com/s-xvps74vl0m/images/stencil/1280x1280/products/16333/36923/H237471_1__55821.1733943425.jpg?c=1,H237471_1__55821.1733943425.jpg?c=1,,,Ragon800,H237471_1__55821.1733943425.jpg?c=1
,,,,,,,,,,,,,,,,,,,,,,,,
"10"" GARDEN SWEET GARDEN PLATE",WS172385,"Home|Everyday|Kitchen|10"" GARDEN SWEET GARDEN PLATE","10""W, MELAMINE
DISHWASHER SAFE. TOP RACK ONLY. NOT FOR MICROWAVE OR OVEN USE.",In-Stock: Ships in 5 to 14 days,,,,W: 10in H: 0.50in,,12,$4.35 ,,,,,12,Ragon400,Ragon160,https://cdn11.bigcommerce.com/s-xvps74vl0m/images/stencil/1280x1280/products/4344/11567/WS172385__51640.1626464623.jpg?c=1,WS172385__51640.1626464623.jpg?c=1,,,Ragon800,WS172385__51640.1626464623.jpg?c=1
,,,,,,,,,,,,,,,,,,,,,,,,
"6"" BLACK 3D FLAME PILLAR CANDLE",NY229064,"Home|Flameless Candles|6"" BLACK 3D FLAME PILLAR CANDLE","6 HR TIMER | ON/OFF BUTTON
REQUIRES 2 (AA) BATTERIES, BATTERIES NOT INCLUDED.",In-Stock: Ships in 5 to 14 days,,,,L: 3.25in W: 3.25in H: 6in,,6,$9.65 ,,,,,6,Ragon400,Ragon160,https://cdn11.bigcommerce.com/s-xvps74vl0m/images/stencil/1280x1280/products/10427/29200/NY229064_3__48427.1701887412.jpg?c=1,NY229064_3__48427.1701887412.jpg?c=1,,,Ragon800,NY229064_3__48427.1701887412.jpg?c=1
,,,,,,,,,,,,,,,,,,,,,,,,
"4.75"" GREEN WAGON W/ CHRISTMAS TREE",WS227668,"Home|Holiday|Ornaments, Garland & Tree Toppers|4.75"" GREEN WAGON W/ CHRISTMAS TREE",,In-Stock: Ships in 5 to 14 days,,,,L: 4.75in W: 2.25in H: 3in,,4,$10.45 ,,,,,4,Ragon400,Ragon160,https://cdn11.bigcommerce.com/s-xvps74vl0m/images/stencil/1280x1280/products/12478/31707/WS227668___02128.1706904447.jpg?c=1,WS227668___02128.1706904447.jpg?c=1,,,Ragon800,WS227668___02128.1706904447.jpg?c=1
,,,,,,,,,,,,,,,,,,,,,,,,
"6.5"" NATURAL MUSHROOM",LA223008,"Home|Everyday|Camping|6.5"" NATURAL MUSHROOM",,In-Stock: Ships in 3 to 7 days,,,,L: 5.25in W: 5.25in H: 6.50in,,8,$7.15 ,,,,,8,Ragon400,Ragon160,https://cdn11.bigcommerce.com/s-xvps74vl0m/images/stencil/1280x1280/products/11587/32178/LA223008_6__40688.1708440833.jpg?c=1,LA223008_6__40688.1708440833.jpg?c=1,,,Ragon800,LA223008_6__40688.1708440833.jpg?c=1
,,,,,,,,,,,,,,,,,,,,,,,,
"25.75"" PINE TREE W/ MOSS BALL BASE",ST222045,"Home|Holiday|Cabin & Lodge|25.75"" PINE TREE W/ MOSS BALL BASE",,In-Stock: Ships in 5 to 14 days,,,,H: 25.75in,,2,$19.80 ,,,,,2,Ragon400,Ragon160,https://cdn11.bigcommerce.com/s-xvps74vl0m/images/stencil/1280x1280/products/11941/32228/ST222045_1__18316.1708440848.jpg?c=1,ST222045_1__18316.1708440848.jpg?c=1,,,Ragon800,ST222045_1__18316.1708440848.jpg?c=1
,,,,,,,,,,,,,,,,,,,,,,,,
"32.75"" FRAMED LANDSCAPE PRINT",H223289,"Home|Sale!|Everyday|32.75"" FRAMED LANDSCAPE PRINT",,In-Stock: Ships in 5 to 14 days,,,,L: 32.75in W: 2.50in H: 24.75in,,1,$145.25 ,,,,,1,Ragon400,Ragon160,https://cdn11.bigcommerce.com/s-xvps74vl0m/images/stencil/1280x1280/products/12693/30538/H223289__21406.1705425918.jpg?c=1,H223289__21406.1705425918.jpg?c=1,,,Ragon800,H223289__21406.1705425918.jpg?c=1
,,,,,,,,,,,,,,,,,,,,,,,,
"1.75"" BLACK MARBLE TAPER CANDLE STAND",E234541,"Home|Everyday|Candle Holders|1.75"" BLACK MARBLE TAPER CANDLE STAND",,In-Stock: Ships in 5 to 14 days,,,,L: 1.75in W: 1.75in H: 1.75in,,9,$5.50 ,,,,,9,Ragon400,Ragon160,https://cdn11.bigcommerce.com/s-xvps74vl0m/images/stencil/1280x1280/products/15941/41897/E234541_2__59668.1754584513.jpg?c=1,E234541_2__59668.1754584513.jpg?c=1,,,Ragon800,E234541_2__59668.1754584513.jpg?c=1
,,,,,,,,,,,,,,,,,,,,,,,,
"29"" CREAM SNOWBALL SPRAY",OR224735,"Home|Everyday|Florals|29"" CREAM SNOWBALL SPRAY",,SOLD OUT,,,,L: 29in,,,$5.80 ,,,,,,Ragon400,Ragon160,https://cdn11.bigcommerce.com/s-xvps74vl0m/images/stencil/1280x1280/products/10495/35765/OR224735_1__46830.1733863882.jpg?c=1,OR224735_1__46830.1733863882.jpg?c=1,,,Ragon800,OR224735_1__46830.1733863882.jpg?c=1
,,,,,,,,,,,,,,,,,,,,,,,,
SANTA'S TREE FARM SIGN,E234373,Home|Holiday|Signs|SANTA'S TREE FARM SIGN,,In-Stock: Ships in 5 to 14 days,,,,L: 24in W: 0.75in H: 24in,,2,$27.50 ,,,,,2,Ragon400,Ragon160,https://cdn11.bigcommerce.com/s-xvps74vl0m/images/stencil/1280x1280/products/17056/40087/E234373_4__20585.1747943438.jpg?c=1,E234373_4__20585.1747943438.jpg?c=1,,,Ragon800,E234373_4__20585.1747943438.jpg?c=1
,,,,,,,,,,,,,,,,,,,,,,,,
PRESSED METAL HOME ENTRY WALL SIGN,FB215807,Home|Holiday|Signs|PRESSED METAL HOME ENTRY WALL SIGN,1 SAWTOOTH HANGER,In-Stock: Ships in 5 to 14 days,,,,L: 19.50in W: 1.25in H: 24.25in,,2,$35.25 ,,,,,2,Ragon400,Ragon160,https://cdn11.bigcommerce.com/s-xvps74vl0m/images/stencil/1280x1280/products/8335/24448/FB215807__21161.1694921265.jpg?c=1,FB215807__21161.1694921265.jpg?c=1,,,Ragon800,FB215807__21161.1694921265.jpg?c=1
,,,,,,,,,,,,,,,,,,,,,,,,
"SET/ 2 - 9.5"" MOVING FLAME BEIGE TAPER CANDLE",NY229025,"Home|Flameless Candles|SET/ 2 - 9.5"" MOVING FLAME BEIGE TAPER CANDLE","6 HR TIMER | ON/OFF BUTTON
REQUIRES 2 (AAA) BATTERIES, BATTERIES NOT INCLUDED.",In-Stock: Ships in 5 to 14 days,,,,L: 0.75in W: 0.75in H: 9.50in,,12,$10.45 ,,,,,12,Ragon400,Ragon160,https://cdn11.bigcommerce.com/s-xvps74vl0m/images/stencil/1280x1280/products/10396/29138/NY229025_3__57964.1701887392.jpg?c=1,NY229025_3__57964.1701887392.jpg?c=1,,,Ragon800,NY229025_3__57964.1701887392.jpg?c=1
,,,,,,,,,,,,,,,,,,,,,,,,
OVAL PRESSED FLORAL ORNAMENT,BF235241,"Home|Holiday|Ornaments, Garland & Tree Toppers|OVAL PRESSED FLORAL ORNAMENT",,In-Stock: Ships in 5 to 14 days,,,,L: 4.50in W: 0.25in H: 6.75in,,12,$6.05 ,,,,,12,Ragon400,Ragon160,https://cdn11.bigcommerce.com/s-xvps74vl0m/images/stencil/1280x1280/products/17000/41087/BF235241_2__10481.1749826420.jpg?c=1,BF235241_2__10481.1749826420.jpg?c=1,,,Ragon800,BF235241_2__10481.1749826420.jpg?c=1
,,,,,,,,,,,,,,,,,,,,,,,,
"18"" SANTA W/ TREE DUMMY BOARD",WS221062,"Home|Holiday|Tabletop & Misc.|18"" SANTA W/ TREE DUMMY BOARD",,In-Stock: Ships in 5 to 14 days,,,,H: 18in,,4,$13.75 ,,,,,4,Ragon400,Ragon160,https://cdn11.bigcommerce.com/s-xvps74vl0m/images/stencil/1280x1280/products/11980/32234/WS221062_4__54486.1708440851.jpg?c=1,WS221062_4__54486.1708440851.jpg?c=1,,,Ragon800,WS221062_4__54486.1708440851.jpg?c=1
,,,,,,,,,,,,,,,,,,,,,,,,
SET/ 6 GOLD & WHITE DECORATIVE ORNAMENTS,WS218246,"Home|Holiday|Ornaments, Garland & Tree Toppers|SET/ 6 GOLD & WHITE DECORATIVE ORNAMENTS",,In-Stock: Ships in 5 to 14 days,,,,L: 1.75in W: 1.75in H: 1.75in,,6,$15.70 ,,,,,6,Ragon400,Ragon160,https://cdn11.bigcommerce.com/s-xvps74vl0m/images/stencil/1280x1280/products/9313/27139/WS218246_3__83529.1679582831.jpg?c=1,WS218246_3__83529.1679582831.jpg?c=1,,,Ragon800,WS218246_3__83529.1679582831.jpg?c=1
,,,,,,,,,,,,,,,,,,,,,,,,
"12"" BLACK & WHITE BUTTERFLY",FB225414,"Home|Sale!|Everyday|12"" BLACK & WHITE BUTTERFLY",2 SAWTOOTH HANGER & TWINE HANGER,In-Stock: Ships in 5 to 14 days,,,,L: 12in W: 0.25in H: 10in,,6,$8.25 ,,,,,6,Ragon400,Ragon160,https://cdn11.bigcommerce.com/s-xvps74vl0m/images/stencil/1280x1280/products/10819/33375/FB225414_3__93585.1711115394.jpg?c=1,FB225414_3__93585.1711115394.jpg?c=1,,,Ragon800,FB225414_3__93585.1711115394.jpg?c=1
,,,,,,,,,,,,,,,,,,,,,,,,
DUSTY BLUE PEONY BUNDLE,G201398,Home|Everyday|Florals|DUSTY BLUE PEONY BUNDLE,,In-Stock: Ships in 5 to 14 days,,,,H: 12in,,6,$17.60 ,,,,,6,Ragon400,Ragon160,https://cdn11.bigcommerce.com/s-xvps74vl0m/images/stencil/1280x1280/products/6837/35512/G201398_2__55888.1733863813.jpg?c=1,G201398_2__55888.1733863813.jpg?c=1,,,Ragon800,G201398_2__55888.1733863813.jpg?c=1
,,,,,,,,,,,,,,,,,,,,,,,,
"11.25"" WHITE PAINTED PILLAR CANDLE STAND",E226324,"Home|Everyday|Candle Holders|11.25"" WHITE PAINTED PILLAR CANDLE STAND",,SOLD OUT,,,,L: 4.50in W: 4.50in H: 11.25in,,,$21.00 ,,,,,,Ragon400,Ragon160,https://cdn11.bigcommerce.com/s-xvps74vl0m/images/stencil/1280x1280/products/10698/34071/E226324_3__64373.1719410810.jpg?c=1,E226324_3__64373.1719410810.jpg?c=1,,,Ragon800,E226324_3__64373.1719410810.jpg?c=1
,,,,,,,,,,,,,,,,,,,,,,,,
"7"" DEER OF THE FIELDS & FOREST JOURNAL",L238727,"Home|Holiday|Tabletop & Misc.|7"" DEER OF THE FIELDS & FOREST JOURNAL",,Projected Summer 2025,,,,L: 4in W: 1.50in H: 7in,,2,$13.75 ,,,,,2,Ragon400,Ragon160,https://cdn11.bigcommerce.com/s-xvps74vl0m/images/stencil/1280x1280/products/16535/40136/L238727__79328.1748355538.jpg?c=1,L238727__79328.1748355538.jpg?c=1,,,Ragon800,L238727__79328.1748355538.jpg?c=1
,,,,,,,,,,,,,,,,,,,,,,,,
"33"" ORANGE BLACK-EYED SUSAN SPRAY",G232524,"Home|Everyday|Florals|33"" ORANGE BLACK-EYED SUSAN SPRAY",,SOLD OUT,,,,L: 33in W: 10in,,,$4.70 ,,,,,,Ragon400,Ragon160,https://cdn11.bigcommerce.com/s-xvps74vl0m/images/stencil/1280x1280/products/16049/34295/G232524_5__24186.1733861186.jpg?c=1,G232524_5__24186.1733861186.jpg?c=1,,,Ragon800,G232524_5__24186.1733861186.jpg?c=1
,,,,,,,,,,,,,,,,,,,,,,,,
ICE COLD BEER SIGN W/ BRACKET,HY225589,Home|Everyday|Kitchen|ICE COLD BEER SIGN W/ BRACKET,SIGN IS 2 SIDED - BRACKET INCLUDED,SOLD OUT,,,,L: 14.75in W: 1in H: 16.75in,,,$12.50 ,,,,,,Ragon400,Ragon160,https://cdn11.bigcommerce.com/s-xvps74vl0m/images/stencil/1280x1280/products/10232/33916/HY225589_1__11302.1712868562.jpg?c=1,HY225589_1__11302.1712868562.jpg?c=1,,,Ragon800,HY225589_1__11302.1712868562.jpg?c=1
,,,,,,,,,,,,,,,,,,,,,,,,
SET/ 3 WHITE W/ SILVER GLITTER BOTTLEBRUSH TREES,WS218203,Home|Holiday|Bottlebrush|SET/ 3 WHITE W/ SILVER GLITTER BOTTLEBRUSH TREES,"SM: 3.25""L X 3.25""W X 9.5""H
MD: 3.5""L X 3.5""W X 11""H
LG: 3.75""L X 3.75""W X 12.5""H",In-Stock: Ships in 5 to 14 days,,,,See Details tab,,4,$21.50 ,,,,,4,Ragon400,Ragon160,https://cdn11.bigcommerce.com/s-xvps74vl0m/images/stencil/1280x1280/products/9284/25530/WS218203_2__42836.1677258179.jpg?c=1,WS218203_2__42836.1677258179.jpg?c=1,,,Ragon800,WS218203_2__42836.1677258179.jpg?c=1
,,,,,,,,,,,,,,,,,,,,,,,,
"29"" BURGUNDY WAXFLOWER SPRAY",OR224644,"Home|Sale!|Everyday|29"" BURGUNDY WAXFLOWER SPRAY",,In-Stock: Ships in 5 to 14 days,,,,L: 29in,,18,$4.95 ,,,,,18,Ragon400,Ragon160,https://cdn11.bigcommerce.com/s-xvps74vl0m/images/stencil/1280x1280/products/10463/35503/OR224644_3__08279.1733863810.jpg?c=1,OR224644_3__08279.1733863810.jpg?c=1,,,Ragon800,OR224644_3__08279.1733863810.jpg?c=1
,,,,,,,,,,,,,,,,,,,,,,,,
"28"" x 18"" OVERLOOKING SANTA PRINT",RH239756,"Home|Holiday|Signs|28"" x 18"" OVERLOOKING SANTA PRINT",,Projected Summer 2025,,,,L: 28in H: 18in,,2,$28.75 ,,,,,2,Ragon400,Ragon160,https://cdn11.bigcommerce.com/s-xvps74vl0m/images/stencil/1280x1280/products/18355/40103/RH239756_2__01195.1747945150.jpg?c=1,RH239756_2__01195.1747945150.jpg?c=1,,,Ragon800,RH239756_2__01195.1747945150.jpg?c=1
,,,,,,,,,,,,,,,,,,,,,,,,
"12"" WHITE 8 LAYER TREE",MH207449,"Home|Holiday|Tabletop & Misc.|12"" WHITE 8 LAYER TREE",,In-Stock: Ships in 5 to 14 days,,,,L: 4in W: 4in H: 12in,,6,$17.35 ,,,,,6,Ragon400,Ragon160,https://cdn11.bigcommerce.com/s-xvps74vl0m/images/stencil/1280x1280/products/7795/24896/MH207449_1__69948.1677257977.jpg?c=1,MH207449_1__69948.1677257977.jpg?c=1,,,Ragon800,MH207449_1__69948.1677257977.jpg?c=1
,,,,,,,,,,,,,,,,,,,,,,,,
"76"" RED MERRY CHRISTMAS SIGN",H195178,"Home|Holiday|Signs|76"" RED MERRY CHRISTMAS SIGN","76""L X 1.75""W X 14""H, WOOD",SOLD OUT,,,,L: 76in W: 1.75in H: 14in,,,$107.75 ,,,,,,Ragon400,Ragon160,https://cdn11.bigcommerce.com/s-xvps74vl0m/images/stencil/1280x1280/products/3383/9391/H195178_3__84818.1626464015.jpg?c=1,H195178_3__84818.1626464015.jpg?c=1,,,Ragon800,H195178_3__84818.1626464015.jpg?c=1
,,,,,,,,,,,,,,,,,,,,,,,,
"22"" YELLOW WILDFLOWER SPRAY",HZ238890,"Home|Everyday|Florals|22"" YELLOW WILDFLOWER SPRAY",,In-Stock: Ships in 5 to 14 days,,,,L: 22in W: 5in,,12,$3.05 ,,,,,12,Ragon400,Ragon160,https://cdn11.bigcommerce.com/s-xvps74vl0m/images/stencil/1280x1280/products/16464/34924/HZ238890_2__34471.1733861369.jpg?c=1,HZ238890_2__34471.1733861369.jpg?c=1,,,Ragon800,HZ238890_2__34471.1733861369.jpg?c=1
,,,,,,,,,,,,,,,,,,,,,,,,
ICICLE ORNAMENT SINGLE,WS202165,"Home|Holiday|Ornaments, Garland & Tree Toppers|ICICLE ORNAMENT SINGLE",,In-Stock: Ships in 5 to 14 days,,,,L: 1in W: 0.75in H: 18.25in,,24,$8.55 ,,,,,24,Ragon400,Ragon160,https://cdn11.bigcommerce.com/s-xvps74vl0m/images/stencil/1280x1280/products/7632/17611/WS202165_2__12434.1645759484.jpg?c=1,WS202165_2__12434.1645759484.jpg?c=1,,,Ragon800,WS202165_2__12434.1645759484.jpg?c=1
,,,,,,,,,,,,,,,,,,,,,,,,
"4"" MOUSE ORNAMENT",WS227696,"Home|Holiday|Ornaments, Garland & Tree Toppers|4"" MOUSE ORNAMENT",,In-Stock: Ships in 5 to 14 days,,,,L: 4in W: 1.75in H: 2in,,12,$4.15 ,,,,,12,Ragon400,Ragon160,https://cdn11.bigcommerce.com/s-xvps74vl0m/images/stencil/1280x1280/products/12496/33012/WS227696_3__58587.1710521325.jpg?c=1,WS227696_3__58587.1710521325.jpg?c=1,,,Ragon800,WS227696_3__58587.1710521325.jpg?c=1
,,,,,,,,,,,,,,,,,,,,,,,,
RED MERRY WOOD ORNAMENT,E203114,"Home|Holiday|Ornaments, Garland & Tree Toppers|RED MERRY WOOD ORNAMENT","HH"" 9.0 TWINE HANGER",SOLD OUT,,,,L: 4.50in W: 0.25in H: 9.50in,,,$2.75 ,,,,,,Ragon400,Ragon160,https://cdn11.bigcommerce.com/s-xvps74vl0m/images/stencil/1280x1280/products/6464/16679/E203114_2__77236.1644254810.jpg?c=1,E203114_2__77236.1644254810.jpg?c=1,,,Ragon800,E203114_2__77236.1644254810.jpg?c=1
,,,,,,,,,,,,,,,,,,,,,,,,
"18"" SNOWY EUCALYPTUS & PINE CANDLE RING W/ BLUE BERRIES",G228928,"Home|Holiday|Greenery, Wreaths & Trees|18"" SNOWY EUCALYPTUS & PINE CANDLE RING W/ BLUE BERRIES",,In-Stock: Ships in 5 to 14 days,,,,L: 18in,,12,$10.45 ,,,,,12,Ragon400,Ragon160,https://cdn11.bigcommerce.com/s-xvps74vl0m/images/stencil/1280x1280/products/11511/41421/G228928_4__73642.1749826487.jpg?c=1,G228928_4__73642.1749826487.jpg?c=1,,,Ragon800,G228928_4__73642.1749826487.jpg?c=1
,,,,,,,,,,,,,,,,,,,,,,,,
"6"" BLACK GLASS 3D FLAME CANDLE",NY229046,"Home|Flameless Candles|6"" BLACK GLASS 3D FLAME CANDLE","6 HR TIMER | ON/OFF BUTTON
REQUIRES 3 (AAA) BATTERIES, BATTERIES NOT INCLUDED.",In-Stock: Ships in 5 to 14 days,,,,L: 3in W: 3in H: 6in,,6,$8.25 ,,,,,6,Ragon400,Ragon160,https://cdn11.bigcommerce.com/s-xvps74vl0m/images/stencil/1280x1280/products/10417/29181/NY229046_3__47555.1701887406.jpg?c=1,NY229046_3__47555.1701887406.jpg?c=1,,,Ragon800,NY229046_3__47555.1701887406.jpg?c=1
,,,,,,,,,,,,,,,,,,,,,,,,
"24"" WHITEWASHED HEMLOCK WREATH W/ WHITE BERRIES",G232694,"Home|Holiday|Greenery, Wreaths & Trees|24"" WHITEWASHED HEMLOCK WREATH W/ WHITE BERRIES",,In-Stock: Ships in 5 to 14 days,,,,L: 24in W: 5in H: 24in,,2,$42.00 ,,,,,2,Ragon400,Ragon160,https://cdn11.bigcommerce.com/s-xvps74vl0m/images/stencil/1280x1280/products/11336/41430/G232694_1__69919.1749826489.jpg?c=1,G232694_1__69919.1749826489.jpg?c=1,,,Ragon800,G232694_1__69919.1749826489.jpg?c=1
,,,,,,,,,,,,,,,,,,,,,,,,
STOWE TREE IN POT,ST222013,"Home|Holiday|Greenery, Wreaths & Trees|STOWE TREE IN POT",,In-Stock: Ships in 5 to 14 days,,,,H: 14in,,8,$6.05 ,,,,,8,Ragon400,Ragon160,https://cdn11.bigcommerce.com/s-xvps74vl0m/images/stencil/1280x1280/products/11923/33763/ST222013_2__25931.1712154133.jpg?c=1,ST222013_2__25931.1712154133.jpg?c=1,,,Ragon800,ST222013_2__25931.1712154133.jpg?c=1
,,,,,,,,,,,,,,,,,,,,,,,,
"24"" CARAMEL FLOCKED TREE",WS202501,"Home|Holiday|Bottlebrush|24"" CARAMEL FLOCKED TREE",,In-Stock: Ships in 5 to 14 days,,,,L: 7in W: 7in H: 24in,,2,$39.75 ,,,,,2,Ragon400,Ragon160,https://cdn11.bigcommerce.com/s-xvps74vl0m/images/stencil/1280x1280/products/7588/16981/WS202501_2__75295.1644266190.jpg?c=1,WS202501_2__75295.1644266190.jpg?c=1,,,Ragon800,WS202501_2__75295.1644266190.jpg?c=1
,,,,,,,,,,,,,,,,,,,,,,,,
"9"" WILD CELERY HALF BALL",G232933,"Home|Everyday|Florals|9"" WILD CELERY HALF BALL",,In-Stock: Ships in 5 to 14 days,,,,L: 14in W: 14in H: 9in,,6,$12.10 ,,,,,6,Ragon400,Ragon160,https://cdn11.bigcommerce.com/s-xvps74vl0m/images/stencil/1280x1280/products/16142/34544/G232933_1__88141.1733861260.jpg?c=1,G232933_1__88141.1733861260.jpg?c=1,,,Ragon800,G232933_1__88141.1733861260.jpg?c=1
,,,,,,,,,,,,,,,,,,,,,,,,
"15.75"" ALL HEARTS COME HOME WOOD SIGN",BF215186,"Home|Sale!|Holiday|15.75"" ALL HEARTS COME HOME WOOD SIGN",2 TRIANGLE HANGERS,In-Stock: Ships in 5 to 14 days,,,,L: 15.75in W: 1in H: 15.75in,,4,$18.45 ,,,,,4,Ragon400,Ragon160,https://cdn11.bigcommerce.com/s-xvps74vl0m/images/stencil/1280x1280/products/8150/24029/BF215186_4__83830.1677257704.jpg?c=1,BF215186_4__83830.1677257704.jpg?c=1,,,Ragon800,BF215186_4__83830.1677257704.jpg?c=1
,,,,,,,,,,,,,,,,,,,,,,,,
"18"" GLITTERED CREAM TREE",LA237719,"Home|Holiday|Tabletop & Misc.|18"" GLITTERED CREAM TREE",,In-Stock: Ships in 5 to 14 days,,,,L: 9.25in W: 7.75in H: 18in,,2,$32.00 ,,,,,2,Ragon400,Ragon160,https://cdn11.bigcommerce.com/s-xvps74vl0m/images/stencil/1280x1280/products/17534/41235/LA237719_2__71238.1749826449.jpg?c=1,LA237719_2__71238.1749826449.jpg?c=1,,,Ragon800,LA237719_2__71238.1749826449.jpg?c=1
,,,,,,,,,,,,,,,,,,,,,,,,
"9"" GREEN NO BASE WOODEN TREE",MH207451,"Home|Holiday|Tabletop & Misc.|9"" GREEN NO BASE WOODEN TREE",,In-Stock: Ships in 5 to 14 days,,,,L: 3.50in W: 0.50in H: 9in,,6,$11.30 ,,,,,6,Ragon400,Ragon160,https://cdn11.bigcommerce.com/s-xvps74vl0m/images/stencil/1280x1280/products/8468/24898/MH207451_3__16652.1677257978.jpg?c=1,MH207451_3__16652.1677257978.jpg?c=1,,,Ragon800,MH207451_3__16652.1677257978.jpg?c=1
,,,,,,,,,,,,,,,,,,,,,,,,
"18"" RED TABLETOP GATE",HY184075,"Home|Sale!|Everyday|18"" RED TABLETOP GATE","14""L X 4""W X 18""H, METAL",In-Stock: Ships in 5 to 14 days,,,,L: 14in W: 4in H: 18in,,2,$21.50 ,,,,,2,Ragon400,Ragon160,https://cdn11.bigcommerce.com/s-xvps74vl0m/images/stencil/1280x1280/products/4992/9730/HY184075__37765.1626464258.jpg?c=1,HY184075__37765.1626464258.jpg?c=1,,,Ragon800,HY184075__37765.1626464258.jpg?c=1
,,,,,,,,,,,,,,,,,,,,,,,,
"10"" BLACK CANDLESTICK",MH207380,"Home|Everyday|Candle Holders|10"" BLACK CANDLESTICK",,In-Stock: Ships in 5 to 14 days,,,,W: 6.50in H: 10in,,2,$15.40 ,,,,,2,Ragon400,Ragon160,https://cdn11.bigcommerce.com/s-xvps74vl0m/images/stencil/1280x1280/products/7265/28209/MH207380_1__93903.1689605276.jpg?c=1,MH207380_1__93903.1689605276.jpg?c=1,,,Ragon800,MH207380_1__93903.1689605276.jpg?c=1
,,,,,,,,,,,,,,,,,,,,,,,,
"24.5"" BLACK & BRONZE NATIVITY SCENE",FB225321,"Home|Holiday|Signs|24.5"" BLACK & BRONZE NATIVITY SCENE",,In-Stock: Ships in 5 to 14 days,,,,L: 24.50in W: 1in H: 12.25in,,4,$19.80 ,,,,,4,Ragon400,Ragon160,https://cdn11.bigcommerce.com/s-xvps74vl0m/images/stencil/1280x1280/products/10998/33883/FB225321_2__53612.1712868551.jpg?c=1,FB225321_2__53612.1712868551.jpg?c=1,,,Ragon800,FB225321_2__53612.1712868551.jpg?c=1
,,,,,,,,,,,,,,,,,,,,,,,,
CASSIDY ARCHED WALL SHELF,E234416,Home|Sale!|Everyday|CASSIDY ARCHED WALL SHELF,"BOTTOM SHELF: 6.75""H|MIDDLE SHELF: 11.75""H|TOP SHELF"" 18.75"" CENTER
2 TRIANGLE HANGERS",In-Stock: Ships in 5 to 14 days,,,,L: 30in W: 4.50in H: 39.50in,,1,$149.75 ,,,,,1,Ragon400,Ragon160,https://cdn11.bigcommerce.com/s-xvps74vl0m/images/stencil/1280x1280/products/15925/36537/E234416_3__90127.1733943322.jpg?c=1,E234416_3__90127.1733943322.jpg?c=1,,,Ragon800,E234416_3__90127.1733943322.jpg?c=1
,,,,,,,,,,,,,,,,,,,,,,,,
UPRIGHT MUSHROOMS SILHOUETTE SIGN W/ BLACK BACKGROUND,H223349,Home|Everyday|Camping|UPRIGHT MUSHROOMS SILHOUETTE SIGN W/ BLACK BACKGROUND,"MUSHROOMS CAN BE REMOVED
2 TRIANGLE HANGERS",In-Stock: Ships in 5 to 14 days,,,,L: 15in W: 1in H: 22in,,2,$42.00 ,,,,,2,Ragon400,Ragon160,https://cdn11.bigcommerce.com/s-xvps74vl0m/images/stencil/1280x1280/products/10194/28825/H223349_1__74077.1701887290.jpg?c=1,H223349_1__74077.1701887290.jpg?c=1,,,Ragon800,H223349_1__74077.1701887290.jpg?c=1
,,,,,,,,,,,,,,,,,,,,,,,,
FRAMED LAUNDRY SCHEDULE SIGN,E203078,Home|Everyday|Wall Décor|FRAMED LAUNDRY SCHEDULE SIGN,2 SAWTOOTH HANGERS,In-Stock: Ships in 5 to 14 days,,,,L: 12in W: 0.75in H: 16in,,4,$13.75 ,,,,,4,Ragon400,Ragon160,https://cdn11.bigcommerce.com/s-xvps74vl0m/images/stencil/1280x1280/products/6449/14003/E203078_3__75767.1647452955.jpg?c=1,E203078_3__75767.1647452955.jpg?c=1,,,Ragon800,E203078_3__75767.1647452955.jpg?c=1
,,,,,,,,,,,,,,,,,,,,,,,,
AGED BROWN & RED URN,HY225590,Home|Everyday|Tabletop & Misc.|AGED BROWN & RED URN,,In-Stock: Ships in 5 to 14 days,,,,L: 9.25in W: 9.25in H: 11.25in,,2,$24.25 ,,,,,2,Ragon400,Ragon160,https://cdn11.bigcommerce.com/s-xvps74vl0m/images/stencil/1280x1280/products/10233/28894/HY225590_5__77849.1739397353.jpg?c=1,HY225590_5__77849.1739397353.jpg?c=1,,,Ragon800,HY225590_5__77849.1739397353.jpg?c=1
,,,,,,,,,,,,,,,,,,,,,,,,
"21"" MIXED PINE & HOLLY SPRAY",G201450,"Home|Holiday|Greenery, Wreaths & Trees|21"" MIXED PINE & HOLLY SPRAY",,In-Stock: Ships in 5 to 14 days,,,,L: 21in,,24,$5.50 ,,,,,24,Ragon400,Ragon160,https://cdn11.bigcommerce.com/s-xvps74vl0m/images/stencil/1280x1280/products/6894/19759/G201450_3__00170.1652208612.jpg?c=1,G201450_3__00170.1652208612.jpg?c=1,,,Ragon800,G201450_3__00170.1652208612.jpg?c=1
,,,,,,,,,,,,,,,,,,,,,,,,
DISTRESSED METAL DEER ON FAUX WOOD BASE,H155014,Home|Holiday|Cabin & Lodge|DISTRESSED METAL DEER ON FAUX WOOD BASE,"24.75""L X 3.75""W X 29.5""H, METAL & FAUX WOOD",In-Stock: Ships in 5 to 14 days,,,,L: 24.75in W: 3.75in H: 29.50in,,1,$73.50 ,,,,,1,Ragon400,Ragon160,https://cdn11.bigcommerce.com/s-xvps74vl0m/images/stencil/1280x1280/products/3060/27844/H155014_2__93316.1683055638.jpg?c=1,H155014_2__93316.1683055638.jpg?c=1,,,Ragon800,H155014_2__93316.1683055638.jpg?c=1
,,,,,,,,,,,,,,,,,,,,,,,,
"24"" CREAM HOPS WREATH",G228482,"Home|Everyday|Florals|24"" CREAM HOPS WREATH",,SOLD OUT,,,,L: 24in H: 24in,,,$54.00 ,,,,,,Ragon400,Ragon160,https://cdn11.bigcommerce.com/s-xvps74vl0m/images/stencil/1280x1280/products/11280/39251/G228482_3__21943.1741202706.jpg?c=1,G228482_3__21943.1741202706.jpg?c=1,,,Ragon800,G228482_3__21943.1741202706.jpg?c=1
,,,,,,,,,,,,,,,,,,,,,,,,
SET/ 3 BURGUNDY SPIRAL BOTTLEBRUSH TREES W/ STUMP BASE,WS221452,Home|Sale!|Holiday|SET/ 3 BURGUNDY SPIRAL BOTTLEBRUSH TREES W/ STUMP BASE,"SM: 4""L x 4""W x 10.5""H
MD: 4.5""L x 4.5""W x 13.5""H
LG: 5""L x 5""W x 16.5""H",In-Stock: Ships in 5 to 14 days,,,,See Details tab,,2,$36.50 ,,,,,2,Ragon400,Ragon160,https://cdn11.bigcommerce.com/s-xvps74vl0m/images/stencil/1280x1280/products/12287/33143/WS221452_1__10105.1711051300.jpg?c=1,WS221452_1__10105.1711051300.jpg?c=1,,,Ragon800,WS221452_1__10105.1711051300.jpg?c=1
,,,,,,,,,,,,,,,,,,,,,,,,
"22.5"" SALMON WILDFLOWER BUSH",G228108,"Home|Everyday|Florals|22.5"" SALMON WILDFLOWER BUSH",,SOLD OUT,,,,L: 22.50in,,,$6.05 ,,,,,,Ragon400,Ragon160,https://cdn11.bigcommerce.com/s-xvps74vl0m/images/stencil/1280x1280/products/10071/28671/G228108_1__44433.1701887235.jpg?c=1,G228108_1__44433.1701887235.jpg?c=1,,,Ragon800,G228108_1__44433.1701887235.jpg?c=1
,,,,,,,,,,,,,,,,,,,,,,,,
"SET/ 2 - 9.5"" MOVING FLAME RED TAPER CANDLE",NY213009,"Home|Flameless Candles|SET/ 2 - 9.5"" MOVING FLAME RED TAPER CANDLE","6 HR TIMER | ON/OFF BUTTON
REQUIRES 2 (AAA) BATTERIES, BATTERIES NOT INCLUDED.",In-Stock: Ships in 5 to 14 days,,,,L: 0.75in W: 0.75in H: 9.50in,,12,$10.45 ,,,,,12,Ragon400,Ragon160,https://cdn11.bigcommerce.com/s-xvps74vl0m/images/stencil/1280x1280/products/8538/25046/NY213009_2__26024.1677258021.jpg?c=1,NY213009_2__26024.1677258021.jpg?c=1,,,Ragon800,NY213009_2__26024.1677258021.jpg?c=1
,,,,,,,,,,,,,,,,,,,,,,,,
BLACK MIRROR WALL SCONCE,E234189,Home|Everyday|Candle Holders|BLACK MIRROR WALL SCONCE,"HOLDS TAPER CANDLE
2 TRIANGLE HANGERS",In-Stock: Ships in 5 to 14 days,,,,L: 5.75in W: 5in H: 15in,,2,$17.90 ,,,,,2,Ragon400,Ragon160,https://cdn11.bigcommerce.com/s-xvps74vl0m/images/stencil/1280x1280/products/15866/41766/E234189_3__51785.1750795381.jpg?c=1,E234189_3__51785.1750795381.jpg?c=1,,,Ragon800,E234189_3__51785.1750795381.jpg?c=1
,,,,,,,,,,,,,,,,,,,,,,,,
POSEABLE METAL BUNNY,E234180,Home|Everyday|Easter & Spring|POSEABLE METAL BUNNY,2 HALF CIRCLE HANGERS,In-Stock: Ships in 5 to 14 days,,,,L: 14in W: 1in H: 9.25in,,4,$10.45 ,,,,,4,Ragon400,Ragon160,https://cdn11.bigcommerce.com/s-xvps74vl0m/images/stencil/1280x1280/products/15863/36801/E234180_3__35897.1733943394.jpg?c=1,E234180_3__35897.1733943394.jpg?c=1,,,Ragon800,E234180_3__35897.1733943394.jpg?c=1
,,,,,,,,,,,,,,,,,,,,,,,,
5' SNOWY EVERGREEN W/ RED BERRY GARLAND,G228907,"Home|Holiday|Greenery, Wreaths & Trees|5' SNOWY EVERGREEN W/ RED BERRY GARLAND",,SOLD OUT,,,,L: 60in,,,$27.50 ,,,,,,Ragon400,Ragon160,https://cdn11.bigcommerce.com/s-xvps74vl0m/images/stencil/1280x1280/products/11494/32152/G228907_2__84480.1708440823.jpg?c=1,G228907_2__84480.1708440823.jpg?c=1,,,Ragon800,G228907_2__84480.1708440823.jpg?c=1
,,,,,,,,,,,,,,,,,,,,,,,,
"24"" MAGNOLIA & BLUEBERRY WREATH",HH195303,"Home|Everyday|Florals|24"" MAGNOLIA & BLUEBERRY WREATH",,In-Stock: Ships in 5 to 14 days,,,,L: 7in W: 24in,,2,$32.00 ,,,,,2,Ragon400,Ragon160,https://cdn11.bigcommerce.com/s-xvps74vl0m/images/stencil/1280x1280/products/3996/28403/HH195303_1__68309.1693245551.jpg?c=1,HH195303_1__68309.1693245551.jpg?c=1,,,Ragon800,HH195303_1__68309.1693245551.jpg?c=1
,,,,,,,,,,,,,,,,,,,,,,,,
SET/ 2 - 3D FLAME CREAM TEALIGHT CANDLES,NY229081,Home|Flameless Candles|SET/ 2 - 3D FLAME CREAM TEALIGHT CANDLES,"6 HR TIMER | ON/OFF BUTTON
REQUIRES 1 (CR2032) BATTERY, BATTERY INCLUDED.",Projected Summer 2025,,,,L: 1.75in W: 1.75in H: 2in,,6,$5.50 ,,,,,6,Ragon400,Ragon160,https://cdn11.bigcommerce.com/s-xvps74vl0m/images/stencil/1280x1280/products/10429/33930/NY229081_1__31664.1712868566.jpg?c=1,NY229081_1__31664.1712868566.jpg?c=1,,,Ragon800,NY229081_1__31664.1712868566.jpg?c=1
,,,,,,,,,,,,,,,,,,,,,,,,
SET/ 6 GOLD GLASS BULBS,WS221421,Home|Sale!|Holiday|SET/ 6 GOLD GLASS BULBS,,In-Stock: Ships in 5 to 14 days,,,,H: 2in,,6,$10.45 ,,,,,6,Ragon400,Ragon160,https://cdn11.bigcommerce.com/s-xvps74vl0m/images/stencil/1280x1280/products/12256/32982/WS221421_4__32367.1710521313.jpg?c=1,WS221421_4__32367.1710521313.jpg?c=1,,,Ragon800,WS221421_4__32367.1710521313.jpg?c=1
,,,,,,,,,,,,,,,,,,,,,,,,
SET/ 2 GOLD FRAMED TRAYS,FB225306,Home|Everyday|Kitchen|SET/ 2 GOLD FRAMED TRAYS,"SM: 17""L X 10.75""W X 3""H LG: 18.5""L X 12.25""W X 3""H",In-Stock: Ships in 5 to 14 days,,,,See Details tab,,2,$56.25 ,,,,,2,Ragon400,Ragon160,https://cdn11.bigcommerce.com/s-xvps74vl0m/images/stencil/1280x1280/products/13383/31854/FB225306_1__40442.1707251263.jpg?c=1,FB225306_1__40442.1707251263.jpg?c=1,,,Ragon800,FB225306_1__40442.1707251263.jpg?c=1
,,,,,,,,,,,,,,,,,,,,,,,,
"22"" MIXED PINE, EUCALYPTUS & BERRY WREATH",G228620,"Home|Sale!|Holiday|22"" MIXED PINE, EUCALYPTUS & BERRY WREATH",,In-Stock: Ships in 5 to 14 days,,,,L: 22in H: 22in,,2,$44.00 ,,,,,2,Ragon400,Ragon160,https://cdn11.bigcommerce.com/s-xvps74vl0m/images/stencil/1280x1280/products/11346/41405/G228620_2__09116.1749826483.jpg?c=1,G228620_2__09116.1749826483.jpg?c=1,,,Ragon800,G228620_2__09116.1749826483.jpg?c=1
,,,,,,,,,,,,,,,,,,,,,,,,
GOLD & WHITE MOST WONDERFUL TIME OF YEAR SIGN,BF225774,Home|Holiday|Signs|GOLD & WHITE MOST WONDERFUL TIME OF YEAR SIGN,1 TRIANGLE HANGER,In-Stock: Ships in 5 to 14 days,,,,L: 18.25in W: 0.25in H: 10in,,6,$8.25 ,,,,,6,Ragon400,Ragon160,https://cdn11.bigcommerce.com/s-xvps74vl0m/images/stencil/1280x1280/products/10879/33319/BF225774_2__41265.1711115377.jpg?c=1,BF225774_2__41265.1711115377.jpg?c=1,,,Ragon800,BF225774_2__41265.1711115377.jpg?c=1
,,,,,,,,,,,,,,,,,,,,,,,,
POTHOS IN HANGING BASKET,G233207,Home|Sale!|Everyday|POTHOS IN HANGING BASKET,,In-Stock: Ships in 5 to 14 days,,,,L: 5.50in W: 5.50in H: 22in,,2,$17.05 ,,,,,2,Ragon400,Ragon160,https://cdn11.bigcommerce.com/s-xvps74vl0m/images/stencil/1280x1280/products/16228/34812/G233207_2__96126.1733861337.jpg?c=1,G233207_2__96126.1733861337.jpg?c=1,,,Ragon800,G233207_2__96126.1733861337.jpg?c=1
,,,,,,,,,,,,,,,,,,,,,,,,
WHITE METAL VINTAGE TRUCK,E163010,Home|Holiday|Tabletop & Misc.|WHITE METAL VINTAGE TRUCK,"12.50""L X 5""W X 5.25""H, METAL",In-Stock: Ships in 5 to 14 days,,,,L: 12.50in W: 5in H: 5.25in,,2,$30.75 ,,,,,2,Ragon400,Ragon160,https://cdn11.bigcommerce.com/s-xvps74vl0m/images/stencil/1280x1280/products/3419/6299/E163010_E163013__82732.1626460207.jpg?c=1,E163010_E163013__82732.1626460207.jpg?c=1,,,Ragon800,E163010_E163013__82732.1626460207.jpg?c=1
,,,,,,,,,,,,,,,,,,,,,,,,
"9"" WHITE SLEIGH BELL",ZH213523,"Home|Holiday|Bells|9"" WHITE SLEIGH BELL",,In-Stock: Ships in 5 to 14 days,,,,L: 9in W: 9in,,4,$22.00 ,,,,,4,Ragon400,Ragon160,https://cdn11.bigcommerce.com/s-xvps74vl0m/images/stencil/1280x1280/products/9569/27264/ZH213523_3__02264.1679582870.jpg?c=1,ZH213523_3__02264.1679582870.jpg?c=1,,,Ragon800,ZH213523_3__02264.1679582870.jpg?c=1
,,,,,,,,,,,,,,,,,,,,,,,,
"5"" BLACK KUGEL ORNAMENT W/ GOLD STRIPE",SS236203,"Home|Holiday|Ornaments, Garland & Tree Toppers|5"" BLACK KUGEL ORNAMENT W/ GOLD STRIPE",,In-Stock: Ships in 5 to 14 days,,,,L: 5in,,4,$5.80 ,,,,,4,Ragon400,Ragon160,https://cdn11.bigcommerce.com/s-xvps74vl0m/images/stencil/1280x1280/products/17802/40623/SS236203_1__54265.1749156339.jpg?c=1,SS236203_1__54265.1749156339.jpg?c=1,,,Ragon800,SS236203_1__54265.1749156339.jpg?c=1
,,,,,,,,,,,,,,,,,,,,,,,,
SET/ 3 WHITE & SILVER METAL BUCKETS,HY225576,Home|Everyday|Tabletop & Misc.|SET/ 3 WHITE & SILVER METAL BUCKETS,"SM HANGING HEIGHT: 11.25"" | MD HANGING HEIGHT: 14"" | LG HANGING HEIGHT: 17""
SM: 6""L X 5.25""W X 6.75""H MD: 7.25""L X 6.5""W X 8.5""H LG: 8.5""L X 7.50""W X 9.75""H",SOLD OUT,,,,See Details tab,,,$32.00 ,,,,,,Ragon400,Ragon160,https://cdn11.bigcommerce.com/s-xvps74vl0m/images/stencil/1280x1280/products/10224/28877/HY225576_3__83775.1701887306.jpg?c=1,HY225576_3__83775.1701887306.jpg?c=1,,,Ragon800,HY225576_3__83775.1701887306.jpg?c=1
,,,,,,,,,,,,,,,,,,,,,,,,
"18"" IVORY FEATHER TREE",WS231034,"Home|Holiday|Tabletop & Misc.|18"" IVORY FEATHER TREE",,Projected Summer 2025,,,,L: 12.50in W: 12.50in H: 18in,,2,$38.50 ,,,,,2,Ragon400,Ragon160,https://cdn11.bigcommerce.com/s-xvps74vl0m/images/stencil/1280x1280/products/17942/41684/WS231034_3__37144.1749826544.jpg?c=1,WS231034_3__37144.1749826544.jpg?c=1,,,Ragon800,WS231034_3__37144.1749826544.jpg?c=1
,,,,,,,,,,,,,,,,,,,,,,,,
"12"" OCTOBER DAPHNE SUCCULENT IN GLASS VASE",OR224657,"Home|Sale!|Everyday|12"" OCTOBER DAPHNE SUCCULENT IN GLASS VASE",,In-Stock: Ships in 5 to 14 days,,,,L: 6.50in W: 6.50in H: 12in,,8,$9.90 ,,,,,8,Ragon400,Ragon160,https://cdn11.bigcommerce.com/s-xvps74vl0m/images/stencil/1280x1280/products/10469/36031/OR224657_2__11594.1733863961.jpg?c=1,OR224657_2__11594.1733863961.jpg?c=1,,,Ragon800,OR224657_2__11594.1733863961.jpg?c=1
,,,,,,,,,,,,,,,,,,,,,,,,
SET/ 7 LARGE GLITTERED HOLIDAY BOTTLEBRUSH TREES,WS231643,Home|Holiday|SET/ 7 LARGE GLITTERED HOLIDAY BOTTLEBRUSH TREES,"SM (3): 9.5""H MD (2): 9.75""H LG (2): 10""H",Early September,,,,See Details tab,,2,$25.25 ,,,,,2,Ragon400,Ragon160,https://cdn11.bigcommerce.com/s-xvps74vl0m/images/stencil/1280x1280/products/18130/40184/WS231643_1__40545.1748359385.jpg?c=1,WS231643_1__40545.1748359385.jpg?c=1,,,Ragon800,WS231643_1__40545.1748359385.jpg?c=1
,,,,,,,,,,,,,,,,,,,,,,,,
"15"" PURPLE SEED BUNDLE",OR214818,"Home|Everyday|Florals|15"" PURPLE SEED BUNDLE",,SOLD OUT,,,,L: 15in,,,$5.25 ,,,,,,Ragon400,Ragon160,https://cdn11.bigcommerce.com/s-xvps74vl0m/images/stencil/1280x1280/products/8566/35966/OR214818_1__67771.1733863940.jpg?c=1,OR214818_1__67771.1733863940.jpg?c=1,,,Ragon800,OR214818_1__67771.1733863940.jpg?c=1
,,,,,,,,,,,,,,,,,,,,,,,,
"18"" WHITE TABLETOP GATE",HY184076,"Home|Everyday|Americana|18"" WHITE TABLETOP GATE","14""L X 18""H, METAL - FOOT PEDESTALS MEASURE 4""W",In-Stock: Ships in 5 to 14 days,,,,L: 14in W: 4in H: 18in,,2,$21.50 ,,,,,2,Ragon400,Ragon160,https://cdn11.bigcommerce.com/s-xvps74vl0m/images/stencil/1280x1280/products/4993/20411/HY184076_7__72471.1661874759.jpg?c=1,HY184076_7__72471.1661874759.jpg?c=1,,,Ragon800,HY184076_7__72471.1661874759.jpg?c=1
,,,,,,,,,,,,,,,,,,,,,,,,
"4"" PINK & WHITE MITTEN ORNAMENT",SS211951,"Home|Holiday|Ornaments, Garland & Tree Toppers|4"" PINK & WHITE MITTEN ORNAMENT",,In-Stock: Ships in 5 to 14 days,,,,W: 4in,,12,$3.60 ,,,,,12,Ragon400,Ragon160,https://cdn11.bigcommerce.com/s-xvps74vl0m/images/stencil/1280x1280/products/9754/27401/SS211951_2__27256.1679582914.jpg?c=1,SS211951_2__27256.1679582914.jpg?c=1,,,Ragon800,SS211951_2__27256.1679582914.jpg?c=1
,,,,,,,,,,,,,,,,,,,,,,,,
5' GLITTERED MIXED PINE GARLAND,G232764,"Home|Holiday|Greenery, Wreaths & Trees|5' GLITTERED MIXED PINE GARLAND",,In-Stock: Ships in 5 to 14 days,,,,L: 60in W: 8in,,4,$28.75 ,,,,,4,Ragon400,Ragon160,https://cdn11.bigcommerce.com/s-xvps74vl0m/images/stencil/1280x1280/products/11155/41848/G232764_3__80304.1752504351.jpg?c=1,G232764_3__80304.1752504351.jpg?c=1,,,Ragon800,G232764_3__80304.1752504351.jpg?c=1
,,,,,,,,,,,,,,,,,,,,,,,,
"3"" TURQUOISE PINECONE KUGEL ORNAMENT",SS211938,"Home|Holiday|Ornaments, Garland & Tree Toppers|3"" TURQUOISE PINECONE KUGEL ORNAMENT",,In-Stock: Ships in 5 to 14 days,,,,L: 3in,,6,$2.75 ,,,,,6,Ragon400,Ragon160,https://cdn11.bigcommerce.com/s-xvps74vl0m/images/stencil/1280x1280/products/9741/28360/SS211938_2__46103.1692904109.jpg?c=1,SS211938_2__46103.1692904109.jpg?c=1,,,Ragon800,SS211938_2__46103.1692904109.jpg?c=1
,,,,,,,,,,,,,,,,,,,,,,,,
"2.5"" WHITE VELVET WIRED RIBBON",SS211991,"Home|Holiday|Textiles|2.5"" WHITE VELVET WIRED RIBBON",,Projected Summer 2025,,,,L: 360in W: 2.50in,,5,$12.65 ,,,,,5,Ragon400,Ragon160,https://cdn11.bigcommerce.com/s-xvps74vl0m/images/stencil/1280x1280/products/9879/27525/SS211991_1__02237.1679582951.jpg?c=1,SS211991_1__02237.1679582951.jpg?c=1,,,Ragon800,SS211991_1__02237.1679582951.jpg?c=1
,,,,,,,,,,,,,,,,,,,,,,,,
6' FROZEN RED BERRY GARLAND,G233472,Home|Holiday|6' FROZEN RED BERRY GARLAND,,In-Stock: Ships in 5 to 14 days,,,,L: 72in,,2,$35.25 ,,,,,2,Ragon400,Ragon160,https://cdn11.bigcommerce.com/s-xvps74vl0m/images/stencil/1280x1280/products/17179/41484/G233472_2__51945.1749826502.jpg?c=1,G233472_2__51945.1749826502.jpg?c=1,,,Ragon800,G233472_2__51945.1749826502.jpg?c=1
,,,,,,,,,,,,,,,,,,,,,,,,
SET/ 6 SPECKLED CREAM EGGS,G233188,Home|Everyday|Spring & Garden|SET/ 6 SPECKLED CREAM EGGS,"INDIVIDUAL EGG: 2""L 2""W 2.5""H",In-Stock: Ships in 5 to 14 days,,,,L: 6in W: 4in H: 3.50in,,12,$4.15 ,,,,,12,Ragon400,Ragon160,https://cdn11.bigcommerce.com/s-xvps74vl0m/images/stencil/1280x1280/products/16212/36245/G233188_2__32131.1733943255.jpg?c=1,G233188_2__32131.1733943255.jpg?c=1,,,Ragon800,G233188_2__32131.1733943255.jpg?c=1
,,,,,,,,,,,,,,,,,,,,,,,,
LIGHTED BLACK COUNTRY CHURCH,WS218474,Home|Holiday|Tabletop & Misc.|LIGHTED BLACK COUNTRY CHURCH,,In-Stock: Ships in 5 to 14 days,,,,H: 13.25in,,2,$35.25 ,,,,,2,Ragon400,Ragon160,https://cdn11.bigcommerce.com/s-xvps74vl0m/images/stencil/1280x1280/products/9618/25788/WS218474_1__16687.1677258264.jpg?c=1,WS218474_1__16687.1677258264.jpg?c=1,,,Ragon800,WS218474_1__16687.1677258264.jpg?c=1
,,,,,,,,,,,,,,,,,,,,,,,,
SET/ 2 PATRIOTIC DESSERT STANDS,HY238114,Home|Everyday|Americana|SET/ 2 PATRIOTIC DESSERT STANDS,"ASSEMBLY REQUIRED
SM: 9.25""L X 9.25""W X 6.25""H LG: 10.5""L X 10.5""W X 7.25""H",SOLD OUT,,,,See Details tab,,,$35.25 ,,,,,,Ragon400,Ragon160,https://cdn11.bigcommerce.com/s-xvps74vl0m/images/stencil/1280x1280/products/16403/36593/HY238114_1__85020.1733943338.jpg?c=1,HY238114_1__85020.1733943338.jpg?c=1,,,Ragon800,HY238114_1__85020.1733943338.jpg?c=1
,,,,,,,,,,,,,,,,,,,,,,,,
"SET/ 12 - 3.25"" MUTED BOTTLEBRUSH TREES",WS218131,"Home|Holiday|Cabin & Lodge|SET/ 12 - 3.25"" MUTED BOTTLEBRUSH TREES",,In-Stock: Ships in 5 to 14 days,,,,L: 1.25in W: 1.25in H: 3.25in,,6,$19.55 ,,,,,6,Ragon400,Ragon160,https://cdn11.bigcommerce.com/s-xvps74vl0m/images/stencil/1280x1280/products/9240/26889/WS218131_3__98024.1679512920.jpg?c=1,WS218131_3__98024.1679512920.jpg?c=1,,,Ragon800,WS218131_3__98024.1679512920.jpg?c=1
,,,,,,,,,,,,,,,,,,,,,,,,
"24"" PURPLE VERBENA & DAISY WREATH",G232554,"Home|Everyday|Florals|24"" PURPLE VERBENA & DAISY WREATH",,In-Stock: Ships in 5 to 14 days,,,,L: 24in W: 5in H: 24in,,2,$32.00 ,,,,,2,Ragon400,Ragon160,https://cdn11.bigcommerce.com/s-xvps74vl0m/images/stencil/1280x1280/products/16064/34353/G232554_3__21426.1733861202.jpg?c=1,G232554_3__21426.1733861202.jpg?c=1,,,Ragon800,G232554_3__21426.1733861202.jpg?c=1
,,,,,,,,,,,,,,,,,,,,,,,,
WRENCH ORNAMENT,WS231594,"Home|Holiday|Ornaments, Garland & Tree Toppers|WRENCH ORNAMENT",,Early September,,,,L: 2in W: 0.75in H: 5in,,12,$4.40 ,,,,,12,Ragon400,Ragon160,https://cdn11.bigcommerce.com/s-xvps74vl0m/images/stencil/1280x1280/products/18094/40335/WS231594_3__05358.1748895800.jpg?c=1,WS231594_3__05358.1748895800.jpg?c=1,,,Ragon800,WS231594_3__05358.1748895800.jpg?c=1
,,,,,,,,,,,,,,,,,,,,,,,,
"24"" BLACK STOCKING WITH WHITE STRIPES",HE205563,"Home|Holiday|Textiles|24"" BLACK STOCKING WITH WHITE STRIPES",,In-Stock: Ships in 5 to 14 days,,,,L: 24in W: 15in,,5,$16.25 ,,,,,5,Ragon400,Ragon160,https://cdn11.bigcommerce.com/s-xvps74vl0m/images/stencil/1280x1280/products/7157/19305/HE205563__57612.1651755074.jpg?c=1,HE205563__57612.1651755074.jpg?c=1,,,Ragon800,HE205563__57612.1651755074.jpg?c=1
,,,,,,,,,,,,,,,,,,,,,,,,
"14.5"" GALVANIZED PEDESTAL CLOCK",E193118,"Home|Everyday|Tabletop & Misc.|14.5"" GALVANIZED PEDESTAL CLOCK","10.75""L X 3.75""W X 14.75""H, METAL & WOOD",In-Stock: Ships in 5 to 14 days,,,,L: 10.75in W: 3.75in H: 14.75in,,2,$28.75 ,,,,,2,Ragon400,Ragon160,https://cdn11.bigcommerce.com/s-xvps74vl0m/images/stencil/1280x1280/products/4209/7398/E193118_2_copy__07073.1626460450.jpg?c=1,E193118_2_copy__07073.1626460450.jpg?c=1,,,Ragon800,E193118_2_copy__07073.1626460450.jpg?c=1
,,,,,,,,,,,,,,,,,,,,,,,,
WINE VELVET STOCKING ORNAMENT,WS221482,Home|Sale!|Holiday|WINE VELVET STOCKING ORNAMENT,,In-Stock: Ships in 5 to 14 days,,,,L: 3in W: 1.50in H: 5.50in,,8,$2.20 ,,,,,8,Ragon400,Ragon160,https://cdn11.bigcommerce.com/s-xvps74vl0m/images/stencil/1280x1280/products/12317/32993/WS221482_1__02598.1710521317.jpg?c=1,WS221482_1__02598.1710521317.jpg?c=1,,,Ragon800,WS221482_1__02598.1710521317.jpg?c=1
,,,,,,,,,,,,,,,,,,,,,,,,
THERE'S SNOW PLACE LIKE HOME SIGN,BF235175,Home|Holiday|THERE'S SNOW PLACE LIKE HOME SIGN,,In-Stock: Ships in 5 to 14 days,,,,L: 15.50in W: 0.50in H: 15in,,3,$9.65 ,,,,,3,Ragon400,Ragon160,https://cdn11.bigcommerce.com/s-xvps74vl0m/images/stencil/1280x1280/products/16967/41317/BF235175_3__47342.1749826463.jpg?c=1,BF235175_3__47342.1749826463.jpg?c=1,,,Ragon800,BF235175_3__47342.1749826463.jpg?c=1
,,,,,,,,,,,,,,,,,,,,,,,,
"3"" TEAL GLASS ORNAMENT",SS232231,"Home|Holiday|Ornaments, Garland & Tree Toppers|3"" TEAL GLASS ORNAMENT",,In-Stock: Ships in 5 to 14 days,,,,L: 3in,,6,$3.05 ,,,,,6,Ragon400,Ragon160,https://cdn11.bigcommerce.com/s-xvps74vl0m/images/stencil/1280x1280/products/17823/41594/SS232231_4__31708.1749826526.jpg?c=1,SS232231_4__31708.1749826526.jpg?c=1,,,Ragon800,SS232231_4__31708.1749826526.jpg?c=1
,,,,,,,,,,,,,,,,,,,,,,,,
SET/ 4 HOLIDAY FARM COASTERS,E226193,Home|Holiday|Tabletop & Misc.|SET/ 4 HOLIDAY FARM COASTERS,,In-Stock: Ships in 5 to 14 days,,,,L: 4.02in W: 4.02in H: 1.81in,,12,$7.70 ,,,,,12,Ragon400,Ragon160,https://cdn11.bigcommerce.com/s-xvps74vl0m/images/stencil/1280x1280/products/10929/33565/E226193_3__00643.1712154068.jpg?c=1,E226193_3__00643.1712154068.jpg?c=1,,,Ragon800,E226193_3__00643.1712154068.jpg?c=1
,,,,,,,,,,,,,,,,,,,,,,,,
KITCHEN RULES SIGN,E203075,Home|Everyday|Kitchen|KITCHEN RULES SIGN,2 SAWTOOTH HANGERS,In-Stock: Ships in 5 to 14 days,,,,L: 15.50in W: 0.50in H: 18.75in,,2,$16.25 ,,,,,2,Ragon400,Ragon160,https://cdn11.bigcommerce.com/s-xvps74vl0m/images/stencil/1280x1280/products/6446/18646/E203075__64556.1648522670.jpg?c=1,E203075__64556.1648522670.jpg?c=1,,,Ragon800,E203075__64556.1648522670.jpg?c=1
,,,,,,,,,,,,,,,,,,,,,,,,
"5.5"" LIGHT YELLOW BABY TEARS IN CERAMIC POT",ST198013,"Home|Everyday|Florals|5.5"" LIGHT YELLOW BABY TEARS IN CERAMIC POT",,In-Stock: Ships in 5 to 14 days,,,,W: 4.75in H: 5.50in,,6,$6.05 ,,,,,6,Ragon400,Ragon160,https://cdn11.bigcommerce.com/s-xvps74vl0m/images/stencil/1280x1280/products/3772/35969/ST198013_6__45903.1733863941.jpg?c=1,ST198013_6__45903.1733863941.jpg?c=1,,,Ragon800,ST198013_6__45903.1733863941.jpg?c=1
,,,,,,,,,,,,,,,,,,,,,,,,
6' HEMLOCK & DOUGLAS FIR W/ MINI PINECONE GARLAND,G233611,"Home|Holiday|Greenery, Wreaths & Trees|6' HEMLOCK & DOUGLAS FIR W/ MINI PINECONE GARLAND",,In-Stock: Ships in 5 to 14 days,,,,L: 72in W: 4in,,2,$15.40 ,,,,,2,Ragon400,Ragon160,https://cdn11.bigcommerce.com/s-xvps74vl0m/images/stencil/1280x1280/products/17264/41501/G233611_2__26487.1749826506.jpg?c=1,G233611_2__26487.1749826506.jpg?c=1,,,Ragon800,G233611_2__26487.1749826506.jpg?c=1
,,,,,,,,,,,,,,,,,,,,,,,,
"35.5"" PINE W/ BRAIDED POT",ST222063,"Home|Holiday|Cabin & Lodge|35.5"" PINE W/ BRAIDED POT",,In-Stock: Ships in 5 to 14 days,,,,H: 35.50in,,2,$32.00 ,,,,,2,Ragon400,Ragon160,https://cdn11.bigcommerce.com/s-xvps74vl0m/images/stencil/1280x1280/products/11951/32230/ST222063_1__37168.1708440849.jpg?c=1,ST222063_1__37168.1708440849.jpg?c=1,,,Ragon800,ST222063_1__37168.1708440849.jpg?c=1
,,,,,,,,,,,,,,,,,,,,,,,,
COOKBOOK: FAMILY RECIPES JOURNAL,L238734,Home|Everyday|Journals|COOKBOOK: FAMILY RECIPES JOURNAL,,Projected Summer 2025,,,,L: 7in W: 1.50in H: 10in,,1,$22.75 ,,,,,1,Ragon400,Ragon160,https://cdn11.bigcommerce.com/s-xvps74vl0m/images/stencil/1280x1280/products/16542/41951/L238734_5__96492.1754679190.jpg?c=1,L238734_5__96492.1754679190.jpg?c=1,,,Ragon800,L238734_5__96492.1754679190.jpg?c=1
,,,,,,,,,,,,,,,,,,,,,,,,
"9"" SNOWY HOLLY & BERRIES BIRDNEST TABLE PIECE",G219717,"Home|Holiday|Greenery, Wreaths & Trees|9"" SNOWY HOLLY & BERRIES BIRDNEST TABLE PIECE",,In-Stock: Ships in 5 to 14 days,,,,L: 9in H: 5in,,8,$9.10 ,,,,,8,Ragon400,Ragon160,https://cdn11.bigcommerce.com/s-xvps74vl0m/images/stencil/1280x1280/products/8939/26625/G219717_6__82657.1678296690.jpg?c=1,G219717_6__82657.1678296690.jpg?c=1,,,Ragon800,G219717_6__82657.1678296690.jpg?c=1
,,,,,,,,,,,,,,,,,,,,,,,,
"12.25"" VERBIER TREE IN POT",ST222026,"Home|Holiday|Greenery, Wreaths & Trees|12.25"" VERBIER TREE IN POT",,In-Stock: Ships in 5 to 14 days,,,,H: 12.25in,,12,$5.50 ,,,,,12,Ragon400,Ragon160,https://cdn11.bigcommerce.com/s-xvps74vl0m/images/stencil/1280x1280/products/11930/32224/ST222026_2__57268.1708440847.jpg?c=1,ST222026_2__57268.1708440847.jpg?c=1,,,Ragon800,ST222026_2__57268.1708440847.jpg?c=1
,,,,,,,,,,,,,,,,,,,,,,,,
"7"" WILDLIFE IN THE MEADOWS JOURNAL",L238741,"Home|Everyday|Journals|7"" WILDLIFE IN THE MEADOWS JOURNAL",,Projected Summer 2025,,,,L: 4in W: 1.50in H: 7in,,2,$13.75 ,,,,,2,Ragon400,Ragon160,https://cdn11.bigcommerce.com/s-xvps74vl0m/images/stencil/1280x1280/products/16549/41962/L238741_2__52608.1754679546.jpg?c=1,L238741_2__52608.1754679546.jpg?c=1,,,Ragon800,L238741_2__52608.1754679546.jpg?c=1
,,,,,,,,,,,,,,,,,,,,,,,,
"25"" PURPLE SCABIOSA SPRAY",G228271,"Home|Sale!|Everyday|25"" PURPLE SCABIOSA SPRAY",,In-Stock: Ships in 5 to 14 days,,,,L: 25in,,24,$4.95 ,,,,,24,Ragon400,Ragon160,https://cdn11.bigcommerce.com/s-xvps74vl0m/images/stencil/1280x1280/products/10129/35395/G228271_5__76185.1733863780.jpg?c=1,G228271_5__76185.1733863780.jpg?c=1,,,Ragon800,G228271_5__76185.1733863780.jpg?c=1
,,,,,,,,,,,,,,,,,,,,,,,,
"12"" PURPLE VERBENA & DAISY CANDLE RING",G232558,"Home|Sale!|Everyday|12"" PURPLE VERBENA & DAISY CANDLE RING",,In-Stock: Ships in 5 to 14 days,,,,L: 12in W: 5in,,8,$9.90 ,,,,,8,Ragon400,Ragon160,https://cdn11.bigcommerce.com/s-xvps74vl0m/images/stencil/1280x1280/products/16067/34361/G232558_2__39870.1733861204.jpg?c=1,G232558_2__39870.1733861204.jpg?c=1,,,Ragon800,G232558_2__39870.1733861204.jpg?c=1
,,,,,,,,,,,,,,,,,,,,,,,,
"3.75"" TREE SNOWMAN ORNAMENT",WS192071,"Home|Holiday|Ornaments, Garland & Tree Toppers|3.75"" TREE SNOWMAN ORNAMENT","1.75""L X 1.50""W X 3.75""H, 7""HH, RESIN",In-Stock: Ships in 5 to 14 days,,,,L: 1.75in W: 1.50in H: 3.75in,,6,$8.55 ,,,,,6,Ragon400,Ragon160,https://cdn11.bigcommerce.com/s-xvps74vl0m/images/stencil/1280x1280/products/3236/12060/WS192071_2__82143.1626464793.jpg?c=1,WS192071_2__82143.1626464793.jpg?c=1,,,Ragon800,WS192071_2__82143.1626464793.jpg?c=1
,,,,,,,,,,,,,,,,,,,,,,,,
"3"" HUNTER GREEN YARN BALL",HE195630,"Home|Sale!|Holiday|3"" HUNTER GREEN YARN BALL",,In-Stock: Ships in 5 to 14 days,,,,W: 3in,,12,$3.60 ,,,,,12,Ragon400,Ragon160,https://cdn11.bigcommerce.com/s-xvps74vl0m/images/stencil/1280x1280/products/3366/9466/HE195630_3__00537.1649684208.jpg?c=1,HE195630_3__00537.1649684208.jpg?c=1,,,Ragon800,HE195630_3__00537.1649684208.jpg?c=1
,,,,,,,,,,,,,,,,,,,,,,,,
"6"" GREY CEMENT COLUMN 3D FLAME CANDLE",NY236514,"Home|Flameless Candles|6"" GREY CEMENT COLUMN 3D FLAME CANDLE","6 HR TIMER | ON/OFF BUTTON
REQUIRES 2 (AAA) BATTERIES, BATTERIES NOT INCLUDED.",In-Stock: Ships in 5 to 14 days,,,,L: 3in W: 3in H: 6.50in,,4,$9.35 ,,,,,4,Ragon400,Ragon160,https://cdn11.bigcommerce.com/s-xvps74vl0m/images/stencil/1280x1280/products/16627/36376/NY236514_2__35055.1733943284.jpg?c=1,NY236514_2__35055.1733943284.jpg?c=1,,,Ragon800,NY236514_2__35055.1733943284.jpg?c=1
,,,,,,,,,,,,,,,,,,,,,,,,
A CHRISTMAS CAROL SIGN ORNAMENT,E193306,"Home|Holiday|Ornaments, Garland & Tree Toppers|A CHRISTMAS CAROL SIGN ORNAMENT","3.75""L X 0.50""W X 5.25""H, WOOD",In-Stock: Ships in 5 to 14 days,,,,L: 3.75in W: 0.50in H: 5.25in,,6,$4.15 ,,,,,6,Ragon400,Ragon160,https://cdn11.bigcommerce.com/s-xvps74vl0m/images/stencil/1280x1280/products/3646/7722/E193306_3__20524.1626460521.jpg?c=1,E193306_3__20524.1626460521.jpg?c=1,,,Ragon800,E193306_3__20524.1626460521.jpg?c=1
,,,,,,,,,,,,,,,,,,,,,,,,
"15.25"" FUR DEER W/ GLITTERED ANTLERS",KY239003,"Home|Holiday|Tabletop & Misc.|15.25"" FUR DEER W/ GLITTERED ANTLERS",,Late August,,,,L: 13.50in W: 5in H: 15.25in,,2,$19.55 ,,,,,2,Ragon400,Ragon160,https://cdn11.bigcommerce.com/s-xvps74vl0m/images/stencil/1280x1280/products/16891/40363/KY239003_2__44582.1749064947.jpg?c=1,KY239003_2__44582.1749064947.jpg?c=1,,,Ragon800,KY239003_2__44582.1749064947.jpg?c=1
,,,,,,,,,,,,,,,,,,,,,,,,
"8.5"" PEPPERMINT ORNAMENT",WS231473,"Home|Holiday|Ornaments, Garland & Tree Toppers|8.5"" PEPPERMINT ORNAMENT",,Early September,,,,L: 8in W: 1.75in H: 8.50in,,6,$8.00 ,,,,,6,Ragon400,Ragon160,https://cdn11.bigcommerce.com/s-xvps74vl0m/images/stencil/1280x1280/products/18023/41693/WS231473_1__33582.1749826546.jpg?c=1,WS231473_1__33582.1749826546.jpg?c=1,,,Ragon800,WS231473_1__33582.1749826546.jpg?c=1
,,,,,,,,,,,,,,,,,,,,,,,,
"28"" x 18"" WINTER COTTAGE PRINT",RH239759,"Home|Holiday|Signs|28"" x 18"" WINTER COTTAGE PRINT",,Projected Summer 2025,,,,L: 28in H: 18in,,2,$28.75 ,,,,,2,Ragon400,Ragon160,https://cdn11.bigcommerce.com/s-xvps74vl0m/images/stencil/1280x1280/products/18358/40106/RH239759_2__42206.1747945470.jpg?c=1,RH239759_2__42206.1747945470.jpg?c=1,,,Ragon800,RH239759_2__42206.1747945470.jpg?c=1
,,,,,,,,,,,,,,,,,,,,,,,,
BROWN SCROLL HOOK,E234403,Home|Sale!|Everyday|BROWN SCROLL HOOK,2 NAIL HOLES,In-Stock: Ships in 5 to 14 days,,,,L: 8.50in W: 0.75in H: 7in,,5,$9.35 ,,,,,5,Ragon400,Ragon160,https://cdn11.bigcommerce.com/s-xvps74vl0m/images/stencil/1280x1280/products/15919/36867/E234403_4__53132.1733943411.jpg?c=1,E234403_4__53132.1733943411.jpg?c=1,,,Ragon800,E234403_4__53132.1733943411.jpg?c=1
,,,,,,,,,,,,,,,,,,,,,,,,
FESTIVE FUR DEER ORNAMENT,KY239029,"Home|Holiday|Ornaments, Garland & Tree Toppers|FESTIVE FUR DEER ORNAMENT",,Late August,,,,L: 1.25in W: 3.25in H: 4.75in,,12,$3.30 ,,,,,12,Ragon400,Ragon160,https://cdn11.bigcommerce.com/s-xvps74vl0m/images/stencil/1280x1280/products/16910/40381/KY239029_6__27273.1749068172.jpg?c=1,KY239029_6__27273.1749068172.jpg?c=1,,,Ragon800,KY239029_6__27273.1749068172.jpg?c=1
,,,,,,,,,,,,,,,,,,,,,,,,
"37"" IVORY HYDRANGEA SPRAY",G233130,"Home|Sale!|Everyday|37"" IVORY HYDRANGEA SPRAY",,In-Stock: Ships in 5 to 14 days,,,,L: 37in W: 11in,,12,$5.50 ,,,,,12,Ragon400,Ragon160,https://cdn11.bigcommerce.com/s-xvps74vl0m/images/stencil/1280x1280/products/16204/34771/G233130_6__70710.1733861325.jpg?c=1,G233130_6__70710.1733861325.jpg?c=1,,,Ragon800,G233130_6__70710.1733861325.jpg?c=1
,,,,,,,,,,,,,,,,,,,,,,,,
SILVER FROSTED BLUE PINECONE ORNAMENT,WS218257,Home|Sale!|Holiday|SILVER FROSTED BLUE PINECONE ORNAMENT,,In-Stock: Ships in 5 to 14 days,,,,H: 3in,,6,$7.70 ,,,,,6,Ragon400,Ragon160,https://cdn11.bigcommerce.com/s-xvps74vl0m/images/stencil/1280x1280/products/9317/27147/WS218257_3__93399.1679582834.jpg?c=1,WS218257_3__93399.1679582834.jpg?c=1,,,Ragon800,WS218257_3__93399.1679582834.jpg?c=1
,,,,,,,,,,,,,,,,,,,,,,,,
"10"" DISTRESSED WHITE BUCKET W/ LID & HANDLE",SH222340,"Home|Everyday|Tabletop & Misc.|10"" DISTRESSED WHITE BUCKET W/ LID & HANDLE",,In-Stock: Ships in 5 to 14 days,,,,L: 9.50in W: 9.50in H: 10in,,2,$32.50 ,,,,,2,Ragon400,Ragon160,https://cdn11.bigcommerce.com/s-xvps74vl0m/images/stencil/1280x1280/products/10556/29378/SH222340_8__75997.1701887478.jpg?c=1,SH222340_8__75997.1701887478.jpg?c=1,,,Ragon800,SH222340_8__75997.1701887478.jpg?c=1
,,,,,,,,,,,,,,,,,,,,,,,,
"30"" BLUE CONE HYDRANGEA SPRAY",G233146,"Home|Sale!|Everyday|30"" BLUE CONE HYDRANGEA SPRAY",,In-Stock: Ships in 5 to 14 days,,,,L: 30in W: 11in,,12,$5.25 ,,,,,12,Ragon400,Ragon160,https://cdn11.bigcommerce.com/s-xvps74vl0m/images/stencil/1280x1280/products/16209/34790/G233146_2__33303.1733861331.jpg?c=1,G233146_2__33303.1733861331.jpg?c=1,,,Ragon800,G233146_2__33303.1733861331.jpg?c=1
,,,,,,,,,,,,,,,,,,,,,,,,
AURORA MIRROR,HY238119,Home|Sale!|Everyday|AURORA MIRROR,1 SAWTOOTH HANGER,In-Stock: Ships in 5 to 14 days,,,,L: 19.50in W: 1.75in H: 20.50in,,1,$47.50 ,,,,,1,Ragon400,Ragon160,https://cdn11.bigcommerce.com/s-xvps74vl0m/images/stencil/1280x1280/products/16405/37213/HY238119_2__72191.1733943505.jpg?c=1,HY238119_2__72191.1733943505.jpg?c=1,,,Ragon800,HY238119_2__72191.1733943505.jpg?c=1
,,,,,,,,,,,,,,,,,,,,,,,,
ONIONS GARDEN STAKE,E203397,Home|Sale!|Everyday|ONIONS GARDEN STAKE,"PLAQUE DIMENSIONS 5""W X 3.25""H",In-Stock: Ships in 5 to 14 days,,,,L: 5in W: 0.25in H: 16.75in,,4,$4.95 ,,,,,4,Ragon400,Ragon160,https://cdn11.bigcommerce.com/s-xvps74vl0m/images/stencil/1280x1280/products/6581/18257/Onions_CF0A7163__71387.1653320240.jpg?c=1,Onions_CF0A7163__71387.1653320240.jpg?c=1,,,Ragon800,Onions_CF0A7163__71387.1653320240.jpg?c=1
,,,,,,,,,,,,,,,,,,,,,,,,
"4"" TARTAN STOCKING ORNAMENT W/ GREEN CUFF",SS211964,"Home|Sale!|Holiday|4"" TARTAN STOCKING ORNAMENT W/ GREEN CUFF",,In-Stock: Ships in 5 to 14 days,,,,H: 4in,,12,$1.95 ,,,,,12,Ragon400,Ragon160,https://cdn11.bigcommerce.com/s-xvps74vl0m/images/stencil/1280x1280/products/9767/27423/SS211964_1__46012.1679582922.jpg?c=1,SS211964_1__46012.1679582922.jpg?c=1,,,Ragon800,SS211964_1__46012.1679582922.jpg?c=1
,,,,,,,,,,,,,,,,,,,,,,,,
"5"" IVORY GLASS ORNAMENT",SS232377,"Home|Holiday|Ornaments, Garland & Tree Toppers|5"" IVORY GLASS ORNAMENT",,In-Stock: Ships in 5 to 14 days,,,,L: 5in,,4,$7.70 ,,,,,4,Ragon400,Ragon160,https://cdn11.bigcommerce.com/s-xvps74vl0m/images/stencil/1280x1280/products/17841/41603/SS232377_1__47506.1749826527.jpg?c=1,SS232377_1__47506.1749826527.jpg?c=1,,,Ragon800,SS232377_1__47506.1749826527.jpg?c=1
,,,,,,,,,,,,,,,,,,,,,,,,
"6' - GRADIENT GREEN 2"" FLOCKED BALL GARLAND",WS221396,"Home|Holiday|Ornaments, Garland & Tree Toppers|6' - GRADIENT GREEN 2"" FLOCKED BALL GARLAND",,In-Stock: Ships in 5 to 14 days,,,,L: 72in,,6,$15.15 ,,,,,6,Ragon400,Ragon160,https://cdn11.bigcommerce.com/s-xvps74vl0m/images/stencil/1280x1280/products/12231/32969/WS221396_1__78699.1710521309.jpg?c=1,WS221396_1__78699.1710521309.jpg?c=1,,,Ragon800,WS221396_1__78699.1710521309.jpg?c=1
,,,,,,,,,,,,,,,,,,,,,,,,
"36"" PINE W/ PINECONES HANGING VINE",G219588,"Home|Holiday|Greenery, Wreaths & Trees|36"" PINE W/ PINECONES HANGING VINE",,SOLD OUT,,,,L: 36in,,,$10.45 ,,,,,,Ragon400,Ragon160,https://cdn11.bigcommerce.com/s-xvps74vl0m/images/stencil/1280x1280/products/8862/41141/G219588_1__27173.1749826430.jpg?c=1,G219588_1__27173.1749826430.jpg?c=1,,,Ragon800,G219588_1__27173.1749826430.jpg?c=1
,,,,,,,,,,,,,,,,,,,,,,,,
5' GLITTERED PINE & RED BERRY GARLAND,G225009,"Home|Holiday|Greenery, Wreaths & Trees|5' GLITTERED PINE & RED BERRY GARLAND",,SOLD OUT,,,,L: 60in,,,$35.25 ,,,,,,Ragon400,Ragon160,https://cdn11.bigcommerce.com/s-xvps74vl0m/images/stencil/1280x1280/products/11153/33394/G225009_5__56680.1711115400.jpg?c=1,G225009_5__56680.1711115400.jpg?c=1,,,Ragon800,G225009_5__56680.1711115400.jpg?c=1
,,,,,,,,,,,,,,,,,,,,,,,,
"10"" IVORY W/ GOLD TRIM PAPER TREE",WS227395,"Home|Holiday|Paper|10"" IVORY W/ GOLD TRIM PAPER TREE",,In-Stock: Ships in 5 to 14 days,,,,L: 5.50in W: 5.50in H: 10in,,4,$5.50 ,,,,,4,Ragon400,Ragon160,https://cdn11.bigcommerce.com/s-xvps74vl0m/images/stencil/1280x1280/products/12387/33779/WS227395_2__67040.1712154138.jpg?c=1,WS227395_2__67040.1712154138.jpg?c=1,,,Ragon800,WS227395_2__67040.1712154138.jpg?c=1
,,,,,,,,,,,,,,,,,,,,,,,,
SET/ 3 GLASS VASES IN WIRE HOLDER,HY225583,Home|Everyday|Vases|SET/ 3 GLASS VASES IN WIRE HOLDER,"GLASS: 4.25""L X 4.25""W X 6.75""H
2 NAIL HOLES",In-Stock: Ships in 5 to 14 days,,,,L: 14in W: 5in H: 13.25in,,2,$35.25 ,,,,,2,Ragon400,Ragon160,https://cdn11.bigcommerce.com/s-xvps74vl0m/images/stencil/1280x1280/products/10228/28885/HY225583_5__79431.1701887308.jpg?c=1,HY225583_5__79431.1701887308.jpg?c=1,,,Ragon800,HY225583_5__79431.1701887308.jpg?c=1
,,,,,,,,,,,,,,,,,,,,,,,,
CHILLY SNOWMAN FRAMED PRINT,E234633,Home|Holiday|CHILLY SNOWMAN FRAMED PRINT,,In-Stock: Ships in 5 to 14 days,,,,L: 9.50in W: 1.75in H: 15.50in,,2,$21.75 ,,,,,2,Ragon400,Ragon160,https://cdn11.bigcommerce.com/s-xvps74vl0m/images/stencil/1280x1280/products/17113/40187/E234633_1__28716.1748371072.jpg?c=1,E234633_1__28716.1748371072.jpg?c=1,,,Ragon800,E234633_1__28716.1748371072.jpg?c=1
,,,,,,,,,,,,,,,,,,,,,,,,
"22"" PALE YELLOW WILDFLOWER SPRAY",HZ238920,"Home|Everyday|Florals|22"" PALE YELLOW WILDFLOWER SPRAY",,In-Stock: Ships in 5 to 14 days,,,,L: 22in W: 7in,,12,$3.05 ,,,,,12,Ragon400,Ragon160,https://cdn11.bigcommerce.com/s-xvps74vl0m/images/stencil/1280x1280/products/16490/35025/HZ238920_1__74907.1733861400.jpg?c=1,HZ238920_1__74907.1733861400.jpg?c=1,,,Ragon800,HZ238920_1__74907.1733861400.jpg?c=1
,,,,,,,,,,,,,,,,,,,,,,,,
RED GLASS SUV W/ TREE ORNAMENT,WS218168,"Home|Holiday|Ornaments, Garland & Tree Toppers|RED GLASS SUV W/ TREE ORNAMENT",,In-Stock: Ships in 5 to 14 days,,,,L: 4in W: 1.50in H: 3in,,6,$7.15 ,,,,,6,Ragon400,Ragon160,https://cdn11.bigcommerce.com/s-xvps74vl0m/images/stencil/1280x1280/products/9264/27103/WS218168_2__69410.1679582819.jpg?c=1,WS218168_2__69410.1679582819.jpg?c=1,,,Ragon800,WS218168_2__69410.1679582819.jpg?c=1
,,,,,,,,,,,,,,,,,,,,,,,,
"8.5"" LIFE OF JAMES GARFIELD JOURNAL",L221510,"Home|Everyday|Journals|8.5"" LIFE OF JAMES GARFIELD JOURNAL",,In-Stock: Ships in 5 to 14 days,,,,L: 5.75in W: 2in H: 8.50in,,2,$18.15 ,,,,,2,Ragon400,Ragon160,https://cdn11.bigcommerce.com/s-xvps74vl0m/images/stencil/1280x1280/products/10253/28922/L221510_3__59941.1701887320.jpg?c=1,L221510_3__59941.1701887320.jpg?c=1,,,Ragon800,L221510_3__59941.1701887320.jpg?c=1
,,,,,,,,,,,,,,,,,,,,,,,,
DEER IN THE SNOW PAINT BY NUMBER ORNAMENT,E226692,Home|Holiday|Cabin & Lodge|DEER IN THE SNOW PAINT BY NUMBER ORNAMENT,RIBBON HANGER,SOLD OUT,,,,L: 3.50in W: 0.25in H: 5in,,,$3.85 ,,,,,,Ragon400,Ragon160,https://cdn11.bigcommerce.com/s-xvps74vl0m/images/stencil/1280x1280/products/10780/32906/E226692_3__72840.1710521287.jpg?c=1,E226692_3__72840.1710521287.jpg?c=1,,,Ragon800,E226692_3__72840.1710521287.jpg?c=1
,,,,,,,,,,,,,,,,,,,,,,,,
"17.75"" WHITEWASHED SQUARE LANTERN",BF224400,"Home|Everyday|Lanterns, Lights & Hooks|17.75"" WHITEWASHED SQUARE LANTERN","HANGING HEIGHT: 21""",SOLD OUT,,,,L: 7.25in W: 7.25in H: 17.75in,,,$44.00 ,,,,,,Ragon400,Ragon160,https://cdn11.bigcommerce.com/s-xvps74vl0m/images/stencil/1280x1280/products/10017/34046/BF224400_1__63914.1715787838.jpg?c=1,BF224400_1__63914.1715787838.jpg?c=1,,,Ragon800,BF224400_1__63914.1715787838.jpg?c=1
,,,,,,,,,,,,,,,,,,,,,,,,
"8"" TARTAN STOCKING ORNAMENT W/ GREEN CUFF",SS211968,"Home|Sale!|Holiday|8"" TARTAN STOCKING ORNAMENT W/ GREEN CUFF",,In-Stock: Ships in 5 to 14 days,,,,H: 8in,,12,$2.50 ,,,,,12,Ragon400,Ragon160,https://cdn11.bigcommerce.com/s-xvps74vl0m/images/stencil/1280x1280/products/9771/27431/SS211968_1__91377.1679582924.jpg?c=1,SS211968_1__91377.1679582924.jpg?c=1,,,Ragon800,SS211968_1__91377.1679582924.jpg?c=1
,,,,,,,,,,,,,,,,,,,,,,,,
HANGING METAL BELLS,ZH197694,Home|Holiday|Bells|HANGING METAL BELLS,"5""W X 37.75""H",SOLD OUT,,,,W: 5in H: 37.75in,,,$20.50 ,,,,,,Ragon400,Ragon160,https://cdn11.bigcommerce.com/s-xvps74vl0m/images/stencil/1280x1280/products/5481/20490/ZH197694_2__74918.1663097798.jpg?c=1,ZH197694_2__74918.1663097798.jpg?c=1,,,Ragon800,ZH197694_2__74918.1663097798.jpg?c=1
,,,,,,,,,,,,,,,,,,,,,,,,
FRAMED PINE SILHOUETTE SIGN,H214060,Home|Holiday|Cabin & Lodge|FRAMED PINE SILHOUETTE SIGN,,In-Stock: Ships in 5 to 14 days,,,,L: 15in W: 1in H: 36in,,1,$57.25 ,,,,,1,Ragon400,Ragon160,https://cdn11.bigcommerce.com/s-xvps74vl0m/images/stencil/1280x1280/products/9797/27454/H214060_1__29810.1679582932.jpg?c=1,H214060_1__29810.1679582932.jpg?c=1,,,Ragon800,H214060_1__29810.1679582932.jpg?c=1
,,,,,,,,,,,,,,,,,,,,,,,,
"7"" RED POTTED GERANIUM",G171147,"Home|Everyday|Florals|7"" RED POTTED GERANIUM",,SOLD OUT,,,,L: 7in W: 7in H: 8in,,,$6.90 ,,,,,,Ragon400,Ragon160,https://cdn11.bigcommerce.com/s-xvps74vl0m/images/stencil/1280x1280/products/4273/35852/G171147_4__41928.1733863907.jpg?c=1,G171147_4__41928.1733863907.jpg?c=1,,,Ragon800,G171147_4__41928.1733863907.jpg?c=1
,,,,,,,,,,,,,,,,,,,,,,,,
"19.75"" PRESSED MAY LEAF W/ WHITE FRAME",BF224478,"Home|Sale!|Everyday|19.75"" PRESSED MAY LEAF W/ WHITE FRAME",,In-Stock: Ships in 5 to 14 days,,,,L: 15.75in W: 0.98in H: 19.69in,,2,$35.25 ,,,,,2,Ragon400,Ragon160,https://cdn11.bigcommerce.com/s-xvps74vl0m/images/stencil/1280x1280/products/12841/33482/BF224478_1__61911.1711122222.jpg?c=1,BF224478_1__61911.1711122222.jpg?c=1,,,Ragon800,BF224478_1__61911.1711122222.jpg?c=1
,,,,,,,,,,,,,,,,,,,,,,,,
CAMPER ORNAMENT,SW15361,"Home|Holiday|Ornaments, Garland & Tree Toppers|CAMPER ORNAMENT","4.5""L X 2""W X 3.5""H, GLASS",In-Stock: Ships in 5 to 14 days,,,,L: 4.50in W: 2in H: 3.50in,,6,$8.25 ,,,,,6,Ragon400,Ragon160,https://cdn11.bigcommerce.com/s-xvps74vl0m/images/stencil/1280x1280/products/2919/11261/SW15361__95357.1646925466.jpg?c=1,SW15361__95357.1646925466.jpg?c=1,,,Ragon800,SW15361__95357.1646925466.jpg?c=1
,,,,,,,,,,,,,,,,,,,,,,,,
SET/ 4 IRON ROUND ORNAMENTS,E203700,"Home|Holiday|Ornaments, Garland & Tree Toppers|SET/ 4 IRON ROUND ORNAMENTS",ORNAMENTS ARE ASSORTED SIZES,In-Stock: Ships in 5 to 14 days,,,,L: 3in W: 3.50in H: 4.25in,,3,$24.25 ,,,,,3,Ragon400,Ragon160,https://cdn11.bigcommerce.com/s-xvps74vl0m/images/stencil/1280x1280/products/6702/18044/E203700__05473.1646883887.jpg?c=1,E203700__05473.1646883887.jpg?c=1,,,Ragon800,E203700__05473.1646883887.jpg?c=1
,,,,,,,,,,,,,,,,,,,,,,,,
6.5' EUCALYPTUS GARLAND,OR224627,Home|Everyday|Florals|6.5' EUCALYPTUS GARLAND,,SOLD OUT,,,,L: 78in,,,$11.55 ,,,,,,Ragon400,Ragon160,https://cdn11.bigcommerce.com/s-xvps74vl0m/images/stencil/1280x1280/products/10458/36007/OR224627_5__24593.1733863953.jpg?c=1,OR224627_5__24593.1733863953.jpg?c=1,,,Ragon800,OR224627_5__24593.1733863953.jpg?c=1
,,,,,,,,,,,,,,,,,,,,,,,,
WHITE VINTAGE SANTA,WS221288,"Home|Holiday|Snowmen, Santas & Angels|WHITE VINTAGE SANTA",,In-Stock: Ships in 5 to 14 days,,,,L: 5in W: 4.50in H: 10.25in,,3,$22.00 ,,,,,3,Ragon400,Ragon160,https://cdn11.bigcommerce.com/s-xvps74vl0m/images/stencil/1280x1280/products/12123/32787/WS221288_4__94393.1709219767.jpg?c=1,WS221288_4__94393.1709219767.jpg?c=1,,,Ragon800,WS221288_4__94393.1709219767.jpg?c=1
,,,,,,,,,,,,,,,,,,,,,,,,
WELCOME TO MY GARDEN HANGING SIGN,BF235030,Home|Everyday|Wall Décor|WELCOME TO MY GARDEN HANGING SIGN,"HANG HEIGHT: 13.25""
TWINE HANGER",In-Stock: Ships in 5 to 14 days,,,,L: 12.50in W: 0.50in H: 9.25in,,6,$6.35 ,,,,,6,Ragon400,Ragon160,https://cdn11.bigcommerce.com/s-xvps74vl0m/images/stencil/1280x1280/products/15793/36689/BF235030_6__04752.1733943364.jpg?c=1,BF235030_6__04752.1733943364.jpg?c=1,,,Ragon800,BF235030_6__04752.1733943364.jpg?c=1
,,,,,,,,,,,,,,,,,,,,,,,,
"33.25"" LIGHT PINK POPPY SPRAY",OR215277,"Home|Sale!|Everyday|33.25"" LIGHT PINK POPPY SPRAY",,In-Stock: Ships in 5 to 14 days,,,,L: 33.25in,,24,$5.25 ,,,,,24,Ragon400,Ragon160,https://cdn11.bigcommerce.com/s-xvps74vl0m/images/stencil/1280x1280/products/8590/25157/OR215277_2__24430.1677258055.jpg?c=1,OR215277_2__24430.1677258055.jpg?c=1,,,Ragon800,OR215277_2__24430.1677258055.jpg?c=1
,,,,,,,,,,,,,,,,,,,,,,,,
SANTA W/ LIGHT BROWN COAT & BIRDHOUSE,G228705,"Home|Holiday|Snowmen, Santas & Angels|SANTA W/ LIGHT BROWN COAT & BIRDHOUSE",,In-Stock: Ships in 5 to 14 days,,,,L: 8in W: 8in H: 22in,,1,$48.50 ,,,,,1,Ragon400,Ragon160,https://cdn11.bigcommerce.com/s-xvps74vl0m/images/stencil/1280x1280/products/11418/32144/G228705_3__76259.1708440820.jpg?c=1,G228705_3__76259.1708440820.jpg?c=1,,,Ragon800,G228705_3__76259.1708440820.jpg?c=1
,,,,,,,,,,,,,,,,,,,,,,,,
"30.5"" PURPLE MINI DAISY SPRAY",G232603,"Home|Sale!|Everyday|30.5"" PURPLE MINI DAISY SPRAY",,SOLD OUT,,,,L: 30.50in W: 8in,,,$4.40 ,,,,,,Ragon400,Ragon160,https://cdn11.bigcommerce.com/s-xvps74vl0m/images/stencil/1280x1280/products/16081/34395/G232603_1__31945.1733861215.jpg?c=1,G232603_1__31945.1733861215.jpg?c=1,,,Ragon800,G232603_1__31945.1733861215.jpg?c=1
,,,,,,,,,,,,,,,,,,,,,,,,
"15"" GALVANIZED SERVING TUB",SH222251,"Home|Sale!|Everyday|15"" GALVANIZED SERVING TUB",,In-Stock: Ships in 5 to 14 days,,,,L: 15in W: 15in H: 4.75in,,2,$43.50 ,,,,,2,Ragon400,Ragon160,https://cdn11.bigcommerce.com/s-xvps74vl0m/images/stencil/1280x1280/products/10530/29328/SH222251_1__13510.1701887461.jpg?c=1,SH222251_1__13510.1701887461.jpg?c=1,,,Ragon800,SH222251_1__13510.1701887461.jpg?c=1
,,,,,,,,,,,,,,,,,,,,,,,,
"12"" RED STAR SLEIGH BELL",BF225805,"Home|Holiday|Bells|12"" RED STAR SLEIGH BELL",Assembly Required,In-Stock: Ships in 5 to 14 days,,,,L: 12in W: 12in H: 15.75in,,2,$28.75 ,,,,,2,Ragon400,Ragon160,https://cdn11.bigcommerce.com/s-xvps74vl0m/images/stencil/1280x1280/products/10903/33346/BF225805_1__75365.1711115385.jpg?c=1,BF225805_1__75365.1711115385.jpg?c=1,,,Ragon800,BF225805_1__75365.1711115385.jpg?c=1
,,,,,,,,,,,,,,,,,,,,,,,,
"12"" GREEN LED BOTTLEBRUSH TREE",WS218220,"Home|Holiday|Bottlebrush|12"" GREEN LED BOTTLEBRUSH TREE",8 MINI LIGHTS,In-Stock: Ships in 5 to 14 days,,,,H: 12in,,3,$18.15 ,,,,,3,Ragon400,Ragon160,https://cdn11.bigcommerce.com/s-xvps74vl0m/images/stencil/1280x1280/products/9296/25541/WS218220_1__68185.1677258182.jpg?c=1,WS218220_1__68185.1677258182.jpg?c=1,,,Ragon800,WS218220_1__68185.1677258182.jpg?c=1
,,,,,,,,,,,,,,,,,,,,,,,,
SITTING DEER STATUETTE,H223267,Home|Holiday|Cabin & Lodge|SITTING DEER STATUETTE,,In-Stock: Ships in 5 to 14 days,,,,L: 21.25in W: 10.75in H: 14.75in,,1,$108.00 ,,,,,1,Ragon400,Ragon160,https://cdn11.bigcommerce.com/s-xvps74vl0m/images/stencil/1280x1280/products/11559/32164/H223267_3__76153.1708440828.jpg?c=1,H223267_3__76153.1708440828.jpg?c=1,,,Ragon800,H223267_3__76153.1708440828.jpg?c=1
,,,,,,,,,,,,,,,,,,,,,,,,
"4"" PINE GREEN DOTTED GLASS 3D FLAME CANDLE",NY236366,"Home|Flameless Candles|4"" PINE GREEN DOTTED GLASS 3D FLAME CANDLE","6 HR TIMER | ON/OFF BUTTON
REQUIRES 2 (AA) BATTERIES, BATTERIES NOT INCLUDED.",In-Stock: Ships in 5 to 14 days,,,,L: 3.50in W: 3.50in H: 4in,,6,$8.80 ,,,,,6,Ragon400,Ragon160,https://cdn11.bigcommerce.com/s-xvps74vl0m/images/stencil/1280x1280/products/17586/40202/NY236366_2__79739.1748547650.jpg?c=1,NY236366_2__79739.1748547650.jpg?c=1,,,Ragon800,NY236366_2__79739.1748547650.jpg?c=1
,,,,,,,,,,,,,,,,,,,,,,,,
GREEN MULTIPLE STOCKING HOLDER,E203762,Home|Sale!|Holiday|GREEN MULTIPLE STOCKING HOLDER,,In-Stock: Ships in 5 to 14 days,,,,L: 12in W: 4in H: 2in,,2,$15.15 ,,,,,2,Ragon400,Ragon160,https://cdn11.bigcommerce.com/s-xvps74vl0m/images/stencil/1280x1280/products/6733/28470/E203762__81944.1695930563.jpg?c=1,E203762__81944.1695930563.jpg?c=1,,,Ragon800,E203762__81944.1695930563.jpg?c=1
,,,,,,,,,,,,,,,,,,,,,,,,
"24"" PURE PINE WREATH",G232778,"Home|Holiday|Greenery, Wreaths & Trees|24"" PURE PINE WREATH",,In-Stock: Ships in 5 to 14 days,,,,L: 24in W: 3in H: 24in,,6,$22.00 ,,,,,6,Ragon400,Ragon160,https://cdn11.bigcommerce.com/s-xvps74vl0m/images/stencil/1280x1280/products/11195/41448/G232778_2__73960.1749826494.jpg?c=1,G232778_2__73960.1749826494.jpg?c=1,,,Ragon800,G232778_2__73960.1749826494.jpg?c=1
,,,,,,,,,,,,,,,,,,,,,,,,
WHITE HANGING SCALE CLOCK,E203142,Home|Everyday|Wall Décor|WHITE HANGING SCALE CLOCK,"1 AA BATTERY, NOT INCLUDED - NOT FOOD SAFE",SOLD OUT,,,,L: 12.50in W: 13in H: 34.50in,,,$46.25 ,,,,,,Ragon400,Ragon160,https://cdn11.bigcommerce.com/s-xvps74vl0m/images/stencil/1280x1280/products/6485/15418/E203142_1__20581.1643050950.jpg?c=1,E203142_1__20581.1643050950.jpg?c=1,,,Ragon800,E203142_1__20581.1643050950.jpg?c=1
,,,,,,,,,,,,,,,,,,,,,,,,
"SET/ 2 - 9.5"" MOVING FLAME BRONZE TAPER CANDLE",NY229021,"Home|Flameless Candles|SET/ 2 - 9.5"" MOVING FLAME BRONZE TAPER CANDLE","6 HR TIMER | ON/OFF BUTTON
REQUIRES 2 (AAA) BATTERIES, BATTERIES NOT INCLUDED.",In-Stock: Ships in 5 to 14 days,,,,L: 0.75in W: 0.75in H: 9.50in,,12,$10.45 ,,,,,12,Ragon400,Ragon160,https://cdn11.bigcommerce.com/s-xvps74vl0m/images/stencil/1280x1280/products/10392/29130/NY229021_1__44425.1701887390.jpg?c=1,NY229021_1__44425.1701887390.jpg?c=1,,,Ragon800,NY229021_1__44425.1701887390.jpg?c=1
,,,,,,,,,,,,,,,,,,,,,,,,
BLACK WITH RED STRIPES CHARGER,WS218413,Home|Sale!|Holiday|BLACK WITH RED STRIPES CHARGER,,In-Stock: Ships in 5 to 14 days,,,,L: 12in W: 12in H: 12in,,12,$5.50 ,,,,,12,Ragon400,Ragon160,https://cdn11.bigcommerce.com/s-xvps74vl0m/images/stencil/1280x1280/products/9401/28366/WS218413_2__33273.1692979744.jpg?c=1,WS218413_2__33273.1692979744.jpg?c=1,,,Ragon800,WS218413_2__33273.1692979744.jpg?c=1
,,,,,,,,,,,,,,,,,,,,,,,,
"SET/ 6 - 3.25"" WINE FLOCKED BALLS",WS221341,"Home|Holiday|Ornaments, Garland & Tree Toppers|SET/ 6 - 3.25"" WINE FLOCKED BALLS",,In-Stock: Ships in 5 to 14 days,,,,H: 3.25in,,6,$14.85 ,,,,,6,Ragon400,Ragon160,https://cdn11.bigcommerce.com/s-xvps74vl0m/images/stencil/1280x1280/products/12176/32939/WS221341_4__86781.1710521299.jpg?c=1,WS221341_4__86781.1710521299.jpg?c=1,,,Ragon800,WS221341_4__86781.1710521299.jpg?c=1
,,,,,,,,,,,,,,,,,,,,,,,,
"6' ANTIQUED 1.25"" BRONZE BELL GARLAND",WS231856,"Home|Holiday|Ornaments, Garland & Tree Toppers|6' ANTIQUED 1.25"" BRONZE BELL GARLAND",,Early September,,,,L: 72in,,8,$7.15 ,,,,,8,Ragon400,Ragon160,https://cdn11.bigcommerce.com/s-xvps74vl0m/images/stencil/1280x1280/products/18238/40581/WS231856_1__61450.1749153321.jpg?c=1,WS231856_1__61450.1749153321.jpg?c=1,,,Ragon800,WS231856_1__61450.1749153321.jpg?c=1
,,,,,,,,,,,,,,,,,,,,,,,,
BEADED SHEEP ORNAMENT,WS231506,"Home|Holiday|Ornaments, Garland & Tree Toppers|BEADED SHEEP ORNAMENT",,Projected Summer 2025,,,,L: 4in W: 1.50in H: 3in,,6,$5.50 ,,,,,6,Ragon400,Ragon160,https://cdn11.bigcommerce.com/s-xvps74vl0m/images/stencil/1280x1280/products/18044/40548/WS231506_1__32350.1749152199.jpg?c=1,WS231506_1__32350.1749152199.jpg?c=1,,,Ragon800,WS231506_1__32350.1749152199.jpg?c=1
,,,,,,,,,,,,,,,,,,,,,,,,
"5.5"" CLEAR GLASS JAR W/ BLACK LID",SE221623,"Home|Everyday|Kitchen|5.5"" CLEAR GLASS JAR W/ BLACK LID",,In-Stock: Ships in 5 to 14 days,,,,L: 5in W: 5in H: 5.50in,,6,$9.65 ,,,,,6,Ragon400,Ragon160,https://cdn11.bigcommerce.com/s-xvps74vl0m/images/stencil/1280x1280/products/10515/29304/SE221623_2__96588.1701887454.jpg?c=1,SE221623_2__96588.1701887454.jpg?c=1,,,Ragon800,SE221623_2__96588.1701887454.jpg?c=1
,,,,,,,,,,,,,,,,,,,,,,,,
QUEEN TAPER CANDLESTICK,E234261,Home|Everyday|Candle Holders|QUEEN TAPER CANDLESTICK,,In-Stock: Ships in 5 to 14 days,,,,L: 2.50in W: 2.50in H: 5in,,4,$5.50 ,,,,,4,Ragon400,Ragon160,https://cdn11.bigcommerce.com/s-xvps74vl0m/images/stencil/1280x1280/products/15887/39750/E234261_4__06408.1741629238.jpg?c=1,E234261_4__06408.1741629238.jpg?c=1,,,Ragon800,E234261_4__06408.1741629238.jpg?c=1
,,,,,,,,,,,,,,,,,,,,,,,,
"20"" TROUT FISH",FB225390,"Home|Everyday|Wall Décor|20"" TROUT FISH",2 SAWTOOTH HANGER & TWINE HANGER,In-Stock: Ships in 5 to 14 days,,,,L: 20in W: 0.25in H: 8in,,6,$9.65 ,,,,,6,Ragon400,Ragon160,https://cdn11.bigcommerce.com/s-xvps74vl0m/images/stencil/1280x1280/products/10813/33363/FB225390_1__34996.1711115390.jpg?c=1,FB225390_1__34996.1711115390.jpg?c=1,,,Ragon800,FB225390_1__34996.1711115390.jpg?c=1
,,,,,,,,,,,,,,,,,,,,,,,,
"4"" BRONZE KUGEL ORNAMENT",SS13968,"Home|Holiday|Ornaments, Garland & Tree Toppers|4"" BRONZE KUGEL ORNAMENT","4""W, GLASS",In-Stock: Ships in 5 to 14 days,,,,W: 4in,,6,$3.25 ,,,,,6,Ragon400,Ragon160,https://cdn11.bigcommerce.com/s-xvps74vl0m/images/stencil/1280x1280/products/2938/10950/SS13966-_SS13967-_SS13968_square_kisv-k6__18462.1626464492.jpg?c=1,SS13966-_SS13967-_SS13968_square_kisv-k6__18462.1626464492.jpg?c=1,,,Ragon800,SS13966-_SS13967-_SS13968_square_kisv-k6__18462.1626464492.jpg?c=1
,,,,,,,,,,,,,,,,,,,,,,,,
"1"" RUST UNWIRED VELVET RIBBON",SS236143,"Home|Holiday|Textiles|1"" RUST UNWIRED VELVET RIBBON",,Projected Summer 2025,,,,L: 360in W: 1in,,6,$6.60 ,,,,,6,Ragon400,Ragon160,https://cdn11.bigcommerce.com/s-xvps74vl0m/images/stencil/1280x1280/products/17768/41655/SS236143_1__39695.1749826538.jpg?c=1,SS236143_1__39695.1749826538.jpg?c=1,,,Ragon800,SS236143_1__39695.1749826538.jpg?c=1
,,,,,,,,,,,,,,,,,,,,,,,,
"25.5"" WHITE WINTER DAPHNE SPRAY",HZ238936,"Home|Everyday|Florals|25.5"" WHITE WINTER DAPHNE SPRAY",,In-Stock: Ships in 5 to 14 days,,,,L: 25.50in W: 8in,,25,$1.65 ,,,,,25,Ragon400,Ragon160,https://cdn11.bigcommerce.com/s-xvps74vl0m/images/stencil/1280x1280/products/16503/35075/HZ238936_4__79978.1733861416.jpg?c=1,HZ238936_4__79978.1733861416.jpg?c=1,,,Ragon800,HZ238936_4__79978.1733861416.jpg?c=1
,,,,,,,,,,,,,,,,,,,,,,,,
SET/ 3 SQUARE BASKETS W/ HANDLES,E226371,Home|Everyday|Baskets & Buckets|SET/ 3 SQUARE BASKETS W/ HANDLES,"SM: 7""L X 4.5""W X 10.5""H MD: 8""L X 5.5""W X 11""H LG: 9""L X 6""W X 11.5""H",SOLD OUT,,,,See Details tab,,,$19.75 ,,,,,,Ragon400,Ragon160,https://cdn11.bigcommerce.com/s-xvps74vl0m/images/stencil/1280x1280/products/10711/30113/E226371_2__35723__37280.1703867885.jpg?c=1,E226371_2__35723__37280.1703867885.jpg?c=1,,,Ragon800,E226371_2__35723__37280.1703867885.jpg?c=1
,,,,,,,,,,,,,,,,,,,,,,,,
"12"" FAWN VELVET TREE",WS221471,"Home|Holiday|Cabin & Lodge|12"" FAWN VELVET TREE",,In-Stock: Ships in 5 to 14 days,,,,L: 4in W: 4in H: 12in,,3,$24.25 ,,,,,3,Ragon400,Ragon160,https://cdn11.bigcommerce.com/s-xvps74vl0m/images/stencil/1280x1280/products/12306/32382/WS221471_1__50474.1708440896.jpg?c=1,WS221471_1__50474.1708440896.jpg?c=1,,,Ragon800,WS221471_1__50474.1708440896.jpg?c=1
,,,,,,,,,,,,,,,,,,,,,,,,
"7"" DARK GREEN 3D FLAME BALSAM TREE CANDLE",NY236682,"Home|Flameless Candles|7"" DARK GREEN 3D FLAME BALSAM TREE CANDLE","6 HR TIMER | ON/OFF BUTTON
REQUIRES 2 (AA) BATTERIES, BATTERIES NOT INCLUDED.",In-Stock: Ships in 5 to 14 days,,,,L: 4in W: 4in H: 7in,,6,$7.45 ,,,,,6,Ragon400,Ragon160,https://cdn11.bigcommerce.com/s-xvps74vl0m/images/stencil/1280x1280/products/17673/40147/NY236682_1__52237.1748357468.jpg?c=1,NY236682_1__52237.1748357468.jpg?c=1,,,Ragon800,NY236682_1__52237.1748357468.jpg?c=1
,,,,,,,,,,,,,,,,,,,,,,,,
PATRIOTIC BEADED SNOWFLAKE,WS231610,"Home|Holiday|Ornaments, Garland & Tree Toppers|PATRIOTIC BEADED SNOWFLAKE",,Early September,,,,L: 8in H: 8in,,12,$6.35 ,,,,,12,Ragon400,Ragon160,https://cdn11.bigcommerce.com/s-xvps74vl0m/images/stencil/1280x1280/products/18106/40343/WS231610_2__18647.1748896029.jpg?c=1,WS231610_2__18647.1748896029.jpg?c=1,,,Ragon800,WS231610_2__18647.1748896029.jpg?c=1
,,,,,,,,,,,,,,,,,,,,,,,,
"12"" ROUND BASE BOTTLEBRUSH TREE W/ BULBS",WS218125,"Home|Holiday|Bottlebrush|12"" ROUND BASE BOTTLEBRUSH TREE W/ BULBS",,In-Stock: Ships in 5 to 14 days,,,,H: 12in,,4,$14.05 ,,,,,4,Ragon400,Ragon160,https://cdn11.bigcommerce.com/s-xvps74vl0m/images/stencil/1280x1280/products/9234/25475/WS218125_3__18762.1677258160.jpg?c=1,WS218125_3__18762.1677258160.jpg?c=1,,,Ragon800,WS218125_3__18762.1677258160.jpg?c=1
,,,,,,,,,,,,,,,,,,,,,,,,
"35.5"" PINK SNOWBALL SPRAY",OR215352,"Home|Everyday|Spring & Garden|35.5"" PINK SNOWBALL SPRAY",,In-Stock: Ships in 5 to 14 days,,,,L: 35.50in,,12,$11.85 ,,,,,12,Ragon400,Ragon160,https://cdn11.bigcommerce.com/s-xvps74vl0m/images/stencil/1280x1280/products/8621/35845/OR215352_3__28130.1733863905.jpg?c=1,OR215352_3__28130.1733863905.jpg?c=1,,,Ragon800,OR215352_3__28130.1733863905.jpg?c=1
,,,,,,,,,,,,,,,,,,,,,,,,
SET/ 2 HANGING WOVEN BASKETS,E226264,Home|Everyday|Baskets & Buckets|SET/ 2 HANGING WOVEN BASKETS,"SM: 7.5""L X 3""W X 10""H LG: 9""L X 4""W X 11""H",In-Stock: Ships in 5 to 14 days,,,,See Details tab,,2,$29.75 ,,,,,2,Ragon400,Ragon160,https://cdn11.bigcommerce.com/s-xvps74vl0m/images/stencil/1280x1280/products/10670/29521/E226264_4__06372.1701963452.jpg?c=1,E226264_4__06372.1701963452.jpg?c=1,,,Ragon800,E226264_4__06372.1701963452.jpg?c=1
,,,,,,,,,,,,,,,,,,,,,,,,
"33"" PURPLE MINI FLOWER & BOXWOOD HANGING BUSH",G233093,"Home|Sale!|Everyday|33"" PURPLE MINI FLOWER & BOXWOOD HANGING BUSH",,In-Stock: Ships in 5 to 14 days,,,,L: 33in W: 6in,,12,$7.15 ,,,,,12,Ragon400,Ragon160,https://cdn11.bigcommerce.com/s-xvps74vl0m/images/stencil/1280x1280/products/16189/37308/G233093_6__82594.1735938564.jpg?c=1,G233093_6__82594.1735938564.jpg?c=1,,,Ragon800,G233093_6__82594.1735938564.jpg?c=1
,,,,,,,,,,,,,,,,,,,,,,,,
"25"" WHITE RANUCULUS SPRAY",G219267,"Home|Sale!|Everyday|25"" WHITE RANUCULUS SPRAY",,In-Stock: Ships in 5 to 14 days,,,,L: 25in,,12,$4.40 ,,,,,12,Ragon400,Ragon160,https://cdn11.bigcommerce.com/s-xvps74vl0m/images/stencil/1280x1280/products/8406/24604/G219267_1__02387.1677257878.jpg?c=1,G219267_1__02387.1677257878.jpg?c=1,,,Ragon800,G219267_1__02387.1677257878.jpg?c=1
,,,,,,,,,,,,,,,,,,,,,,,,
SET/ 3 GOLD TAPER CANDLE HOLDERS,E217046,Home|Holiday|Tabletop & Misc.|SET/ 3 GOLD TAPER CANDLE HOLDERS,"SM: 3.5""L X 3.5""W X 5.5""H MD: 3.5""L X 3.5""W X 8""H LG: 3.5""L X 3.5"" W X 11""H",In-Stock: Ships in 5 to 14 days,,,,See Details tab,,2,$24.25 ,,,,,2,Ragon400,Ragon160,https://cdn11.bigcommerce.com/s-xvps74vl0m/images/stencil/1280x1280/products/8184/24108/E217046_3__63725.1678288688.jpg?c=1,E217046_3__63725.1678288688.jpg?c=1,,,Ragon800,E217046_3__63725.1678288688.jpg?c=1
,,,,,,,,,,,,,,,,,,,,,,,,
"19"" MIXED PINE W/ BRONZE BELLS PICK",G228814,"Home|Holiday|Greenery, Wreaths & Trees|19"" MIXED PINE W/ BRONZE BELLS PICK",,In-Stock: Ships in 5 to 14 days,,,,L: 19in,,12,$4.70 ,,,,,12,Ragon400,Ragon160,https://cdn11.bigcommerce.com/s-xvps74vl0m/images/stencil/1280x1280/products/11445/33631/G228814_2__34429.1712154089.jpg?c=1,G228814_2__34429.1712154089.jpg?c=1,,,Ragon800,G228814_2__34429.1712154089.jpg?c=1
,,,,,,,,,,,,,,,,,,,,,,,,
HANGING PRODUCE SCALE,HY225575,Home|Everyday|Kitchen|HANGING PRODUCE SCALE,"REQUIRES 1 (AA) BATTERY, BATTERY NOT INCLUDED.",In-Stock: Ships in 5 to 14 days,,,,L: 9.75in W: 9.75in H: 21in,,2,$35.25 ,,,,,2,Ragon400,Ragon160,https://cdn11.bigcommerce.com/s-xvps74vl0m/images/stencil/1280x1280/products/10223/28875/HY225575_1__32393.1701887305.jpg?c=1,HY225575_1__32393.1701887305.jpg?c=1,,,Ragon800,HY225575_1__32393.1701887305.jpg?c=1
,,,,,,,,,,,,,,,,,,,,,,,,
"14"" BUNDLED SNOWMAN",WS218313,"Home|Holiday|Snowmen, Santas & Angels|14"" BUNDLED SNOWMAN",,SOLD OUT,,,,L: 8in W: 5.50in H: 14in,,,$37.50 ,,,,,,Ragon400,Ragon160,https://cdn11.bigcommerce.com/s-xvps74vl0m/images/stencil/1280x1280/products/9363/26895/WS218313_3__42167.1679513405.jpg?c=1,WS218313_3__42167.1679513405.jpg?c=1,,,Ragon800,WS218313_3__42167.1679513405.jpg?c=1
,,,,,,,,,,,,,,,,,,,,,,,,
"38"" LACEY FERN SPRAY",G233078,"Home|Everyday|Florals|38"" LACEY FERN SPRAY",,SOLD OUT,,,,L: 38in W: 9in,,,$4.15 ,,,,,,Ragon400,Ragon160,https://cdn11.bigcommerce.com/s-xvps74vl0m/images/stencil/1280x1280/products/16182/34678/G233078_5__08777.1733861300.jpg?c=1,G233078_5__08777.1733861300.jpg?c=1,,,Ragon800,G233078_5__08777.1733861300.jpg?c=1
,,,,,,,,,,,,,,,,,,,,,,,,
"8"" METAL BUCKET PLANTER",SH222341,"Home|Sale!|Everyday|8"" METAL BUCKET PLANTER",,In-Stock: Ships in 5 to 14 days,,,,L: 9.25in W: 9.25in H: 8in,,2,$24.75 ,,,,,2,Ragon400,Ragon160,https://cdn11.bigcommerce.com/s-xvps74vl0m/images/stencil/1280x1280/products/10557/29380/SH222341_3__44536.1701887478.jpg?c=1,SH222341_3__44536.1701887478.jpg?c=1,,,Ragon800,SH222341_3__44536.1701887478.jpg?c=1
,,,,,,,,,,,,,,,,,,,,,,,,
"18.25"" x 16.75"" WHITE CHRISTMAS PRINT",RH239741,"Home|Holiday|Signs|18.25"" x 16.75"" WHITE CHRISTMAS PRINT",,Projected Summer 2025,,,,L: 16.75in H: 18.25in,,2,$18.15 ,,,,,2,Ragon400,Ragon160,https://cdn11.bigcommerce.com/s-xvps74vl0m/images/stencil/1280x1280/products/18341/40098/RH239741_2__69463.1747943993.jpg?c=1,RH239741_2__69463.1747943993.jpg?c=1,,,Ragon800,RH239741_2__69463.1747943993.jpg?c=1
,,,,,,,,,,,,,,,,,,,,,,,,
"6' CEDAR, PINE & MAGNOLIA GARLAND",G233307,"Home|Holiday|Greenery, Wreaths & Trees|6' CEDAR, PINE & MAGNOLIA GARLAND",,In-Stock: Ships in 5 to 14 days,,,,L: 72in W: 8in,,2,$31.00 ,,,,,2,Ragon400,Ragon160,https://cdn11.bigcommerce.com/s-xvps74vl0m/images/stencil/1280x1280/products/17202/41468/G233307_1__05538.1749826498.jpg?c=1,G233307_1__05538.1749826498.jpg?c=1,,,Ragon800,G233307_1__05538.1749826498.jpg?c=1
,,,,,,,,,,,,,,,,,,,,,,,,
"12"" DEEP OCEAN VELVET BELSNICKLE",WS221322,"Home|Holiday|Snowmen, Santas & Angels|12"" DEEP OCEAN VELVET BELSNICKLE",,Projected Summer 2025,,,,L: 4.50in W: 4in H: 12in,,2,$24.25 ,,,,,2,Ragon400,Ragon160,https://cdn11.bigcommerce.com/s-xvps74vl0m/images/stencil/1280x1280/products/12157/32355/WS221322_1__84397.1708440888.jpg?c=1,WS221322_1__84397.1708440888.jpg?c=1,,,Ragon800,WS221322_1__84397.1708440888.jpg?c=1
,,,,,,,,,,,,,,,,,,,,,,,,
AGED METAL LAYERED TREE,BF235178,Home|Holiday|AGED METAL LAYERED TREE,,In-Stock: Ships in 5 to 14 days,,,,L: 7in W: 7in H: 10.75in,,3,$16.50 ,,,,,3,Ragon400,Ragon160,https://cdn11.bigcommerce.com/s-xvps74vl0m/images/stencil/1280x1280/products/16969/41318/BF235178_7__30190.1749826463.jpg?c=1,BF235178_7__30190.1749826463.jpg?c=1,,,Ragon800,BF235178_7__30190.1749826463.jpg?c=1
,,,,,,,,,,,,,,,,,,,,,,,,
6' GREEN & PINK MIXED LEAVES W/ BERRIES GARLAND,G228007,Home|Everyday|Florals|6' GREEN & PINK MIXED LEAVES W/ BERRIES GARLAND,,In-Stock: Ships in 5 to 14 days,,,,L: 72in,,6,$26.50 ,,,,,6,Ragon400,Ragon160,https://cdn11.bigcommerce.com/s-xvps74vl0m/images/stencil/1280x1280/products/10033/36020/G228007_5__63095.1733863958.jpg?c=1,G228007_5__63095.1733863958.jpg?c=1,,,Ragon800,G228007_5__63095.1733863958.jpg?c=1
,,,,,,,,,,,,,,,,,,,,,,,,
"13"" BEIGE HYDRANGEA SPRAY",OR224518,"Home|Sale!|Everyday|13"" BEIGE HYDRANGEA SPRAY",,In-Stock: Ships in 5 to 14 days,,,,L: 13in,,18,$2.75 ,,,,,18,Ragon400,Ragon160,https://cdn11.bigcommerce.com/s-xvps74vl0m/images/stencil/1280x1280/products/10437/35892/OR224518_2__61548.1733863920.jpg?c=1,OR224518_2__61548.1733863920.jpg?c=1,,,Ragon800,OR224518_2__61548.1733863920.jpg?c=1
,,,,,,,,,,,,,,,,,,,,,,,,
"6"" HOLLY SNOWFLAKE",H237460,"Home|Holiday|6"" HOLLY SNOWFLAKE","HANG HIEGHT: 12.5""
RIBBON HANGER",In-Stock: Ships in 5 to 14 days,,,,L: 6in W: 0.25in H: 6.75in,,4,$5.80 ,,,,,4,Ragon400,Ragon160,https://cdn11.bigcommerce.com/s-xvps74vl0m/images/stencil/1280x1280/products/17344/41516/H237460_2__91849.1749826509.jpg?c=1,H237460_2__91849.1749826509.jpg?c=1,,,Ragon800,H237460_2__91849.1749826509.jpg?c=1
,,,,,,,,,,,,,,,,,,,,,,,,
ANTLER CREEK TABLETOP SIGN,E226199,Home|Holiday|Cabin & Lodge|ANTLER CREEK TABLETOP SIGN,,In-Stock: Ships in 5 to 14 days,,,,L: 4.80in W: 1.50in H: 5.98in,,12,$6.05 ,,,,,12,Ragon400,Ragon160,https://cdn11.bigcommerce.com/s-xvps74vl0m/images/stencil/1280x1280/products/10933/32060/E226199_2__55898.1708440791.jpg?c=1,E226199_2__55898.1708440791.jpg?c=1,,,Ragon800,E226199_2__55898.1708440791.jpg?c=1
,,,,,,,,,,,,,,,,,,,,,,,,
"24"" SOFT HUNTER GREEN PINE WREATH",G224984,"Home|Holiday|Greenery, Wreaths & Trees|24"" SOFT HUNTER GREEN PINE WREATH",,SOLD OUT,,,,L: 24in H: 24in,,,$35.25 ,,,,,,Ragon400,Ragon160,https://cdn11.bigcommerce.com/s-xvps74vl0m/images/stencil/1280x1280/products/11131/41394/G224984_1__68653.1749826481.jpg?c=1,G224984_1__68653.1749826481.jpg?c=1,,,Ragon800,G224984_1__68653.1749826481.jpg?c=1
,,,,,,,,,,,,,,,,,,,,,,,,
"34"" PURPLE WINTER DAPHNE SPRAY",HZ238932,"Home|Sale!|Everyday|34"" PURPLE WINTER DAPHNE SPRAY",,In-Stock: Ships in 5 to 14 days,,,,L: 34in W: 9in,,12,$5.25 ,,,,,12,Ragon400,Ragon160,https://cdn11.bigcommerce.com/s-xvps74vl0m/images/stencil/1280x1280/products/16499/35055/HZ238932_8__31420.1733861410.jpg?c=1,HZ238932_8__31420.1733861410.jpg?c=1,,,Ragon800,HZ238932_8__31420.1733861410.jpg?c=1
,,,,,,,,,,,,,,,,,,,,,,,,
"13"" STANDING DEER WITH WREATH",SW15528,"Home|Holiday|Cabin & Lodge|13"" STANDING DEER WITH WREATH","9.5""L X 3.5""W X 11""H, PE",Projected Summer 2025,,,,L: 9.50in W: 3.50in H: 11in,,4,$8.25 ,,,,,4,Ragon400,Ragon160,https://cdn11.bigcommerce.com/s-xvps74vl0m/images/stencil/1280x1280/products/2881/26420/SW15528__57312.1677864256.jpg?c=1,SW15528__57312.1677864256.jpg?c=1,,,Ragon800,SW15528__57312.1677864256.jpg?c=1
,,,,,,,,,,,,,,,,,,,,,,,,
"18"" GREEN & WHITE MIXED FOLIAGE W/ BERRIES BUSH",G228050,"Home|Sale!|Everyday|18"" GREEN & WHITE MIXED FOLIAGE W/ BERRIES BUSH",,In-Stock: Ships in 5 to 14 days,,,,L: 18in,,12,$13.75 ,,,,,12,Ragon400,Ragon160,https://cdn11.bigcommerce.com/s-xvps74vl0m/images/stencil/1280x1280/products/10048/35581/G228050_1__00910.1733863831.jpg?c=1,G228050_1__00910.1733863831.jpg?c=1,,,Ragon800,G228050_1__00910.1733863831.jpg?c=1
,,,,,,,,,,,,,,,,,,,,,,,,
PATRIOTIC ORNAMENT W/ BLUE & RED STARS,WS231435,"Home|Holiday|Ornaments, Garland & Tree Toppers|PATRIOTIC ORNAMENT W/ BLUE & RED STARS",,In-Stock: Ships in 5 to 14 days,,,,L: 4in W: 4in H: 4.50in,,6,$6.90 ,,,,,6,Ragon400,Ragon160,https://cdn11.bigcommerce.com/s-xvps74vl0m/images/stencil/1280x1280/products/18005/40442/WS231435_4__97503.1749135724.jpg?c=1,WS231435_4__97503.1749135724.jpg?c=1,,,Ragon800,WS231435_4__97503.1749135724.jpg?c=1
,,,,,,,,,,,,,,,,,,,,,,,,
HOLIDAY CARDINALS FRAMED PRINT,BF235159,Home|Holiday|Tabletop & Misc.|HOLIDAY CARDINALS FRAMED PRINT,,In-Stock: Ships in 5 to 14 days,,,,L: 19.75in W: 0.75in H: 13.75in,,2,$15.40 ,,,,,2,Ragon400,Ragon160,https://cdn11.bigcommerce.com/s-xvps74vl0m/images/stencil/1280x1280/products/16963/41315/BF235159_1__57181.1749826462.jpg?c=1,BF235159_1__57181.1749826462.jpg?c=1,,,Ragon800,BF235159_1__57181.1749826462.jpg?c=1
,,,,,,,,,,,,,,,,,,,,,,,,
"28"" RED TARTAN TREE SKIRT W/ SCALLOPED EDGE",SS221918,"Home|Holiday|Textiles|28"" RED TARTAN TREE SKIRT W/ SCALLOPED EDGE",,In-Stock: Ships in 5 to 14 days,,,,L: 28in,,4,$17.60 ,,,,,4,Ragon400,Ragon160,https://cdn11.bigcommerce.com/s-xvps74vl0m/images/stencil/1280x1280/products/11835/33984/SS221918_2__23354.1712868584.jpg?c=1,SS221918_2__23354.1712868584.jpg?c=1,,,Ragon800,SS221918_2__23354.1712868584.jpg?c=1
,,,,,,,,,,,,,,,,,,,,,,,,
"15"" GLITTERED CREAM TREE",LA237720,"Home|Holiday|Tabletop & Misc.|15"" GLITTERED CREAM TREE",,In-Stock: Ships in 5 to 14 days,,,,L: 7.75in W: 6.25in H: 15in,,2,$23.25 ,,,,,2,Ragon400,Ragon160,https://cdn11.bigcommerce.com/s-xvps74vl0m/images/stencil/1280x1280/products/17535/41237/LA237720_1__03245.1749826450.jpg?c=1,LA237720_1__03245.1749826450.jpg?c=1,,,Ragon800,LA237720_1__03245.1749826450.jpg?c=1
,,,,,,,,,,,,,,,,,,,,,,,,
"10"" WHITE PINE TREE TAPER CANDLE HOLDER",MH222507,"Home|Holiday|Tabletop & Misc.|10"" WHITE PINE TREE TAPER CANDLE HOLDER",,In-Stock: Ships in 5 to 14 days,,,,L: 3.75in W: 3.75in H: 10in,,6,$9.65 ,,,,,6,Ragon400,Ragon160,https://cdn11.bigcommerce.com/s-xvps74vl0m/images/stencil/1280x1280/products/11626/32680/MH222507_4__63185.1709219732.jpg?c=1,MH222507_4__63185.1709219732.jpg?c=1,,,Ragon800,MH222507_4__63185.1709219732.jpg?c=1
,,,,,,,,,,,,,,,,,,,,,,,,
"18"" LIGHT BLUE HYDRANGEA BUSH",G232976,"Home|Everyday|Florals|18"" LIGHT BLUE HYDRANGEA BUSH",,In-Stock: Ships in 5 to 14 days,,,,L: 18in W: 12in,,12,$5.25 ,,,,,12,Ragon400,Ragon160,https://cdn11.bigcommerce.com/s-xvps74vl0m/images/stencil/1280x1280/products/16154/34592/G232976_1__88201.1733861273.jpg?c=1,G232976_1__88201.1733861273.jpg?c=1,,,Ragon800,G232976_1__88201.1733861273.jpg?c=1
,,,,,,,,,,,,,,,,,,,,,,,,
"SET/ 3 RED, WHITE & BLUE PICNIC BASKETS",BF235110,"Home|Everyday|Americana|SET/ 3 RED, WHITE & BLUE PICNIC BASKETS","NESTING
SM: 10.50"" L X 7.5""W X 6.75""H MD: 13""L X 8.5""W X 7.5""H LG: 15.75""L X 11""W X 8.5""H",SOLD OUT,,,,See Details tab,,,$86.50 ,,,,,,Ragon400,Ragon160,https://cdn11.bigcommerce.com/s-xvps74vl0m/images/stencil/1280x1280/products/15827/36753/BF235110_1__94564.1733943381.jpg?c=1,BF235110_1__94564.1733943381.jpg?c=1,,,Ragon800,BF235110_1__94564.1733943381.jpg?c=1
,,,,,,,,,,,,,,,,,,,,,,,,
TWAS THE NIGHT SIGN ORNAMENT,E193317,"Home|Holiday|Ornaments, Garland & Tree Toppers|TWAS THE NIGHT SIGN ORNAMENT","3.75""L X 0.50""W X 5.25""H, WOOD",In-Stock: Ships in 5 to 14 days,,,,L: 3.75in W: 0.50in H: 5.25in,,6,$4.15 ,,,,,6,Ragon400,Ragon160,https://cdn11.bigcommerce.com/s-xvps74vl0m/images/stencil/1280x1280/products/3641/7749/E193317_6b1e-i2__74457.1626460530.jpg?c=1,E193317_6b1e-i2__74457.1626460530.jpg?c=1,,,Ragon800,E193317_6b1e-i2__74457.1626460530.jpg?c=1
,,,,,,,,,,,,,,,,,,,,,,,,
"3"" RIBBED WHITE KUGEL ORNAMENT",SS13985,"Home|Holiday|Ornaments, Garland & Tree Toppers|3"" RIBBED WHITE KUGEL ORNAMENT","3""W, GLASS",In-Stock: Ships in 5 to 14 days,,,,W: 3in,,6,$2.75 ,,,,,6,Ragon400,Ragon160,https://cdn11.bigcommerce.com/s-xvps74vl0m/images/stencil/1280x1280/products/2947/10980/SS13985_2__62020.1626464499.jpg?c=1,SS13985_2__62020.1626464499.jpg?c=1,,,Ragon800,SS13985_2__62020.1626464499.jpg?c=1
,,,,,,,,,,,,,,,,,,,,,,,,
SET/ 3 WHITE TALL SCROLL BUCKETS,ZH238601,Home|Sale!|Everyday|SET/ 3 WHITE TALL SCROLL BUCKETS,"SM: 6.75""L X 2""W X 24.75""H MD: 8""L X 2.75""W X 27.5""H LG: 9""L X 3.25""W X 30.75""H",In-Stock: Ships in 5 to 14 days,,,,See Details tab,,2,$38.50 ,,,,,2,Ragon400,Ragon160,https://cdn11.bigcommerce.com/s-xvps74vl0m/images/stencil/1280x1280/products/15535/41729/ZH238601_1__13527.1750706927.jpg?c=1,ZH238601_1__13527.1750706927.jpg?c=1,,,Ragon800,ZH238601_1__13527.1750706927.jpg?c=1
,,,,,,,,,,,,,,,,,,,,,,,,
6' NEW ENGLAND BOXWOOD & BERRIES GARLAND,G228372,Home|Everyday|Florals|6' NEW ENGLAND BOXWOOD & BERRIES GARLAND,,SOLD OUT,,,,L: 72in,,,$13.20 ,,,,,,Ragon400,Ragon160,https://cdn11.bigcommerce.com/s-xvps74vl0m/images/stencil/1280x1280/products/10157/35971/G228372_5__11527.1733863941.jpg?c=1,G228372_5__11527.1733863941.jpg?c=1,,,Ragon800,G228372_5__11527.1733863941.jpg?c=1
,,,,,,,,,,,,,,,,,,,,,,,,
"8"" RED & WHITE STOCKING ORNAMENT",SS211774,"Home|Holiday|Ornaments, Garland & Tree Toppers|8"" RED & WHITE STOCKING ORNAMENT",,In-Stock: Ships in 5 to 14 days,,,,H: 8in,,12,$5.50 ,,,,,12,Ragon400,Ragon160,https://cdn11.bigcommerce.com/s-xvps74vl0m/images/stencil/1280x1280/products/9426/28355/SS211774_1__67503.1692899948.jpg?c=1,SS211774_1__67503.1692899948.jpg?c=1,,,Ragon800,SS211774_1__67503.1692899948.jpg?c=1
,,,,,,,,,,,,,,,,,,,,,,,,
"7"" FADED GREEN BOTTLEBRUSH TREES",WS192466,"Home|Sale!|Holiday|7"" FADED GREEN BOTTLEBRUSH TREES","3.50""W X 7""H, SISAL",In-Stock: Ships in 5 to 14 days,,,,W: 3.50in H: 7in,,12,$5.80 ,,,,,12,Ragon400,Ragon160,https://cdn11.bigcommerce.com/s-xvps74vl0m/images/stencil/1280x1280/products/3129/12319/WS192466_4__93108.1626464874.jpg?c=1,WS192466_4__93108.1626464874.jpg?c=1,,,Ragon800,WS192466_4__93108.1626464874.jpg?c=1
,,,,,,,,,,,,,,,,,,,,,,,,
"9.5"" AUSTIN PILLAR CANDLESTICK",E234162,"Home|Sale!|Everyday|9.5"" AUSTIN PILLAR CANDLESTICK","HOLDS 3""CANDLE",In-Stock: Ships in 5 to 14 days,,,,L: 4.50in W: 4.50in H: 9.50in,,2,$15.15 ,,,,,2,Ragon400,Ragon160,https://cdn11.bigcommerce.com/s-xvps74vl0m/images/stencil/1280x1280/products/15858/36504/E234162_8__28990.1733943313.jpg?c=1,E234162_8__28990.1733943313.jpg?c=1,,,Ragon800,E234162_8__28990.1733943313.jpg?c=1
,,,,,,,,,,,,,,,,,,,,,,,,
PENGUIN ORNAMENT,KY239022,"Home|Holiday|Ornaments, Garland & Tree Toppers|PENGUIN ORNAMENT",,Late August,,,,L: 2in W: 2.50in H: 4.25in,,12,$3.30 ,,,,,12,Ragon400,Ragon160,https://cdn11.bigcommerce.com/s-xvps74vl0m/images/stencil/1280x1280/products/16907/40376/KY239022_1__13111.1749068046.jpg?c=1,KY239022_1__13111.1749068046.jpg?c=1,,,Ragon800,KY239022_1__13111.1749068046.jpg?c=1
,,,,,,,,,,,,,,,,,,,,,,,,
"17"" CREAM LOTUS POD & BERRY BUSH",G232546,"Home|Sale!|Everyday|17"" CREAM LOTUS POD & BERRY BUSH",,In-Stock: Ships in 5 to 14 days,,,,L: 17in W: 14in,,3,$15.40 ,,,,,3,Ragon400,Ragon160,https://cdn11.bigcommerce.com/s-xvps74vl0m/images/stencil/1280x1280/products/16061/34341/G232546_1__03362.1733861199.jpg?c=1,G232546_1__03362.1733861199.jpg?c=1,,,Ragon800,G232546_1__03362.1733861199.jpg?c=1
,,,,,,,,,,,,,,,,,,,,,,,,
"26.5"" GOLD METAL TREE W/ STAR TOPPER",BF235183,"Home|Holiday|26.5"" GOLD METAL TREE W/ STAR TOPPER",,In-Stock: Ships in 5 to 14 days,,,,L: 10.25in W: 7in H: 26.50in,,2,$24.75 ,,,,,2,Ragon400,Ragon160,https://cdn11.bigcommerce.com/s-xvps74vl0m/images/stencil/1280x1280/products/16971/41081/BF235183_4__82439.1749826419.jpg?c=1,BF235183_4__82439.1749826419.jpg?c=1,,,Ragon800,BF235183_4__82439.1749826419.jpg?c=1
,,,,,,,,,,,,,,,,,,,,,,,,
"8.5"" HOUSE OF DREAMS JOURNAL",L221516,"Home|Sale!|Everyday|8.5"" HOUSE OF DREAMS JOURNAL",,In-Stock: Ships in 5 to 14 days,,,,L: 5.75in W: 2in H: 8.50in,,2,$18.15 ,,,,,2,Ragon400,Ragon160,https://cdn11.bigcommerce.com/s-xvps74vl0m/images/stencil/1280x1280/products/10258/31990/L221516_2__21997.1707399428.jpg?c=1,L221516_2__21997.1707399428.jpg?c=1,,,Ragon800,L221516_2__21997.1707399428.jpg?c=1
,,,,,,,,,,,,,,,,,,,,,,,,
"8.5"" CHRISTMAS IN THE WOODS JOURNAL",L238728,"Home|Holiday|Tabletop & Misc.|8.5"" CHRISTMAS IN THE WOODS JOURNAL",,Projected Summer 2025,,,,L: 5.75in W: 1.50in H: 8.50in,,2,$18.15 ,,,,,2,Ragon400,Ragon160,https://cdn11.bigcommerce.com/s-xvps74vl0m/images/stencil/1280x1280/products/16536/40137/L238728__85872.1748355640.jpg?c=1,L238728__85872.1748355640.jpg?c=1,,,Ragon800,L238728__85872.1748355640.jpg?c=1
,,,,,,,,,,,,,,,,,,,,,,,,
"18"" CHEERFUL SNOWMAN METAL DUMMY BOARD",H237620,"Home|Holiday|Tabletop & Misc.|18"" CHEERFUL SNOWMAN METAL DUMMY BOARD",,In-Stock: Ships in 5 to 14 days,,,,L: 12.25in W: 0.50in H: 18in,,4,$10.75 ,,,,,4,Ragon400,Ragon160,https://cdn11.bigcommerce.com/s-xvps74vl0m/images/stencil/1280x1280/products/17408/41554/H237620_1__23110.1749826518.jpg?c=1,H237620_1__23110.1749826518.jpg?c=1,,,Ragon800,H237620_1__23110.1749826518.jpg?c=1
,,,,,,,,,,,,,,,,,,,,,,,,
ARCHED FRAMED EGGS IN BASKET PRINT,H237565,Home|Everyday|Wall Décor|ARCHED FRAMED EGGS IN BASKET PRINT,2 TRIANGLE HANGERS,In-Stock: Ships in 5 to 14 days,,,,L: 24.50in W: 1.50in H: 28.75in,,1,$78.25 ,,,,,1,Ragon400,Ragon160,https://cdn11.bigcommerce.com/s-xvps74vl0m/images/stencil/1280x1280/products/16351/36931/H237565_3__31442.1733943427.jpg?c=1,H237565_3__31442.1733943427.jpg?c=1,,,Ragon800,H237565_3__31442.1733943427.jpg?c=1
,,,,,,,,,,,,,,,,,,,,,,,,
"3"" CREAM PILLAR CANDLE STAND",G232508,"Home|Everyday|Candle Holders|3"" CREAM PILLAR CANDLE STAND","HOLDS 3"" CANDLE",In-Stock: Ships in 5 to 14 days,,,,L: 4in W: 4in H: 3in,,2,$6.60 ,,,,,2,Ragon400,Ragon160,https://cdn11.bigcommerce.com/s-xvps74vl0m/images/stencil/1280x1280/products/16044/36225/G232508_1__64877.1733943251.jpg?c=1,G232508_1__64877.1733943251.jpg?c=1,,,Ragon800,G232508_1__64877.1733943251.jpg?c=1
,,,,,,,,,,,,,,,,,,,,,,,,
"3.75"" - 3D FLAME BLACK SPECKLED CERAMIC CANDLE",NY229101,"Home|Flameless Candles|3.75"" - 3D FLAME BLACK SPECKLED CERAMIC CANDLE","6 HR TIMER | ON/OFF BUTTON
REQUIRES 2 (AA) BATTERIES, BATTERIES NOT INCLUDED.",SOLD OUT,,,,L: 3.50in W: 3.50in H: 3.75in,,,$8.80 ,,,,,,Ragon400,Ragon160,https://cdn11.bigcommerce.com/s-xvps74vl0m/images/stencil/1280x1280/products/14328/32003/NY229101_2__82753.1707399433.jpg?c=1,NY229101_2__82753.1707399433.jpg?c=1,,,Ragon800,NY229101_2__82753.1707399433.jpg?c=1
,,,,,,,,,,,,,,,,,,,,,,,,
METAL ROOSTER,M053,Home|Everyday|Kitchen|METAL ROOSTER,"25.5""L X 24.25""H, METAL",In-Stock: Ships in 5 to 14 days,,,,L: 25.50in W: 0.25in H: 24.25in,,6,$60.00 ,,,,,6,Ragon400,Ragon160,https://cdn11.bigcommerce.com/s-xvps74vl0m/images/stencil/1280x1280/products/2991/10341/M053__79150.1626464361.jpg?c=1,M053__79150.1626464361.jpg?c=1,,,Ragon800,M053__79150.1626464361.jpg?c=1
,,,,,,,,,,,,,,,,,,,,,,,,
FAWN VELVET ICE SKATE ORNAMENT,WS231330,"Home|Holiday|Ornaments, Garland & Tree Toppers|FAWN VELVET ICE SKATE ORNAMENT",AUTHENTIC GERMAN GLASS GLITTER; MAY CHANGE COLOR OVER TIME,Projected Summer 2025,,,,L: 4.25in W: 1.25in H: 4.25in,,6,$4.70 ,,,,,6,Ragon400,Ragon160,https://cdn11.bigcommerce.com/s-xvps74vl0m/images/stencil/1280x1280/products/17967/40519/WS231330_1__23022.1749151204.jpg?c=1,WS231330_1__23022.1749151204.jpg?c=1,,,Ragon800,WS231330_1__23022.1749151204.jpg?c=1
,,,,,,,,,,,,,,,,,,,,,,,,
HAVE A HOLLY JOLLY CHRISTMAS BARN SIGN,E234058,Home|Holiday|Signs|HAVE A HOLLY JOLLY CHRISTMAS BARN SIGN,,In-Stock: Ships in 5 to 14 days,,,,L: 24.25in W: 1in H: 24.25in,,4,$29.75 ,,,,,4,Ragon400,Ragon160,https://cdn11.bigcommerce.com/s-xvps74vl0m/images/stencil/1280x1280/products/17031/40083/E234058_2__69525.1747943201.jpg?c=1,E234058_2__69525.1747943201.jpg?c=1,,,Ragon800,E234058_2__69525.1747943201.jpg?c=1
,,,,,,,,,,,,,,,,,,,,,,,,
STANDING WHITE METAL DEER,MH222567,Home|Holiday|Cabin & Lodge|STANDING WHITE METAL DEER,,In-Stock: Ships in 5 to 14 days,,,,L: 8in W: 3in H: 10in,,4,$8.25 ,,,,,4,Ragon400,Ragon160,https://cdn11.bigcommerce.com/s-xvps74vl0m/images/stencil/1280x1280/products/11647/32214/MH222567_4__53600.1708440843.jpg?c=1,MH222567_4__53600.1708440843.jpg?c=1,,,Ragon800,MH222567_4__53600.1708440843.jpg?c=1
,,,,,,,,,,,,,,,,,,,,,,,,
"4"" ANTIQUED BLUE KUGEL ORNAMENT",SS211834,"Home|Holiday|Ornaments, Garland & Tree Toppers|4"" ANTIQUED BLUE KUGEL ORNAMENT",,In-Stock: Ships in 5 to 14 days,,,,L: 4in W: 4in H: 4in,,6,$3.85 ,,,,,6,Ragon400,Ragon160,https://cdn11.bigcommerce.com/s-xvps74vl0m/images/stencil/1280x1280/products/9708/27368/SS211834_3__72253.1679582903.jpg?c=1,SS211834_3__72253.1679582903.jpg?c=1,,,Ragon800,SS211834_3__72253.1679582903.jpg?c=1
,,,,,,,,,,,,,,,,,,,,,,,,
CHAMBER SIDE TABLE,FB237283,Home|Everyday|Furniture & Mirrors|CHAMBER SIDE TABLE,ASSEMBLY REQUIRED,In-Stock: Ships in 5 to 14 days,,,,L: 15.50in W: 15.50in H: 22.25in,,1,$59.50 ,,,,,1,Ragon400,Ragon160,https://cdn11.bigcommerce.com/s-xvps74vl0m/images/stencil/1280x1280/products/16019/36909/FB237283_10__45842.1733943422.jpg?c=1,FB237283_10__45842.1733943422.jpg?c=1,,,Ragon800,FB237283_10__45842.1733943422.jpg?c=1
,,,,,,,,,,,,,,,,,,,,,,,,
"18"" FAWN W/ HOLLY METAL DUMMY BOARD",H237625,"Home|Holiday|Tabletop & Misc.|18"" FAWN W/ HOLLY METAL DUMMY BOARD",,Late August,,,,L: 16.75in W: 0.50in H: 18in,,4,$13.75 ,,,,,4,Ragon400,Ragon160,https://cdn11.bigcommerce.com/s-xvps74vl0m/images/stencil/1280x1280/products/17413/41558/H237625_1__59068.1749826519.jpg?c=1,H237625_1__59068.1749826519.jpg?c=1,,,Ragon800,H237625_1__59068.1749826519.jpg?c=1
,,,,,,,,,,,,,,,,,,,,,,,,
HOLIDAY BERRIES IN ROUND GOLD FRAME,E234659,Home|Collections|2025 Products|HOLIDAY|HOLIDAY BERRIES IN ROUND GOLD FRAME,,In-Stock: Ships in 5 to 14 days,,,,L: 7.75in W: 1in H: 9.25in,,4,$11.55 ,,,,,4,Ragon400,Ragon160,https://cdn11.bigcommerce.com/s-xvps74vl0m/images/stencil/1280x1280/products/17123/39759/E234659_4__12932.1741630533.jpg?c=1,E234659_4__12932.1741630533.jpg?c=1,,,Ragon800,E234659_4__12932.1741630533.jpg?c=1
,,,,,,,,,,,,,,,,,,,,,,,,
"6' GOLD, GREEN, RED & WHITE GARLAND",WS231520,"Home|Holiday|Ornaments, Garland & Tree Toppers|6' GOLD, GREEN, RED & WHITE GARLAND",,Projected Summer 2025,,,,L: 72in,,3,$21.75 ,,,,,3,Ragon400,Ragon160,https://cdn11.bigcommerce.com/s-xvps74vl0m/images/stencil/1280x1280/products/3488/40555/WS231520_2__30534.1749152378.jpg?c=1,WS231520_2__30534.1749152378.jpg?c=1,,,Ragon800,WS231520_2__30534.1749152378.jpg?c=1
,,,,,,,,,,,,,,,,,,,,,,,,
GINGERBREAD MAN W/ RED PINWHEEL CANDY PICK,WS231811,Home|Holiday|Tabletop & Misc.|GINGERBREAD MAN W/ RED PINWHEEL CANDY PICK,,Early September,,,,See Details tab,,4,$14.60 ,,,,,4,Ragon400,Ragon160,https://cdn11.bigcommerce.com/s-xvps74vl0m/images/stencil/1280x1280/products/18211/41177/WS231811_4__69077.1749826437.jpg?c=1,WS231811_4__69077.1749826437.jpg?c=1,,,Ragon800,WS231811_4__69077.1749826437.jpg?c=1
,,,,,,,,,,,,,,,,,,,,,,,,
"6.75"" BROWN STANDING FAWN ORNAMENT",WS227517,"Home|Holiday|Cabin & Lodge|6.75"" BROWN STANDING FAWN ORNAMENT",,In-Stock: Ships in 5 to 14 days,,,,L: 4in W: 2.14in H: 6.75in,,6,$5.50 ,,,,,6,Ragon400,Ragon160,https://cdn11.bigcommerce.com/s-xvps74vl0m/images/stencil/1280x1280/products/12427/33002/WS227517_2__86023.1710521321.jpg?c=1,WS227517_2__86023.1710521321.jpg?c=1,,,Ragon800,WS227517_2__86023.1710521321.jpg?c=1
,,,,,,,,,,,,,,,,,,,,,,,,
"SET/ 4 - 7.5"" EARTH TONES BOTTLEBRUSH TREES",WS218134,"Home|Holiday|Cabin & Lodge|SET/ 4 - 7.5"" EARTH TONES BOTTLEBRUSH TREES",,In-Stock: Ships in 5 to 14 days,,,,H: 7.50in,,6,$15.40 ,,,,,6,Ragon400,Ragon160,https://cdn11.bigcommerce.com/s-xvps74vl0m/images/stencil/1280x1280/products/9242/25491/WS218134_4__41477.1677258166.jpg?c=1,WS218134_4__41477.1677258166.jpg?c=1,,,Ragon800,WS218134_4__41477.1677258166.jpg?c=1
,,,,,,,,,,,,,,,,,,,,,,,,
"3"" SILVER MERCURY GLASS 3D FLAME CANDLE",NY236613,"Home|Flameless Candles|3"" SILVER MERCURY GLASS 3D FLAME CANDLE","6 HR TIMER | ON/OFF BUTTON
REQUIRES 1 (CR2032) BATTERY, BATTERY INCLUDED.",Projected Summer 2025,,,,L: 2in W: 2in H: 3in,,6,$6.35 ,,,,,6,Ragon400,Ragon160,https://cdn11.bigcommerce.com/s-xvps74vl0m/images/stencil/1280x1280/products/17646/40260/NY236613_2__88416.1748890752.jpg?c=1,NY236613_2__88416.1748890752.jpg?c=1,,,Ragon800,NY236613_2__88416.1748890752.jpg?c=1
,,,,,,,,,,,,,,,,,,,,,,,,
"10"" SILVER TINSEL STAR TREE TOPPER",WS202022,"Home|Holiday|Ornaments, Garland & Tree Toppers|10"" SILVER TINSEL STAR TREE TOPPER",,In-Stock: Ships in 5 to 14 days,,,,L: 10in H: 10in,,12,$6.90 ,,,,,12,Ragon400,Ragon160,https://cdn11.bigcommerce.com/s-xvps74vl0m/images/stencil/1280x1280/products/7611/17569/WS202022_1__86921.1645756822.jpg?c=1,WS202022_1__86921.1645756822.jpg?c=1,,,Ragon800,WS202022_1__86921.1645756822.jpg?c=1
,,,,,,,,,,,,,,,,,,,,,,,,
THE OLDE FARMHOUSE SIGN,E226624,Home|Everyday|Kitchen|THE OLDE FARMHOUSE SIGN,2 SAWTOOTH HANGERS,In-Stock: Ships in 5 to 14 days,,,,L: 32in W: 1in H: 18.50in,,2,$46.25 ,,,,,2,Ragon400,Ragon160,https://cdn11.bigcommerce.com/s-xvps74vl0m/images/stencil/1280x1280/products/10755/29668/E226624_4__26112.1701963496.jpg?c=1,E226624_4__26112.1701963496.jpg?c=1,,,Ragon800,E226624_4__26112.1701963496.jpg?c=1
,,,,,,,,,,,,,,,,,,,,,,,,
6' RIVER PINE GARLAND W/ CONES,G191478,Home|Holiday|Cabin & Lodge|6' RIVER PINE GARLAND W/ CONES,"72""L, PE & MMF",In-Stock: Ships in 5 to 14 days,,,,L: 72in,,2,$45.75 ,,,,,2,Ragon400,Ragon160,https://cdn11.bigcommerce.com/s-xvps74vl0m/images/stencil/1280x1280/products/3598/41365/G191478_2__10776.1749826474.jpg?c=1,G191478_2__10776.1749826474.jpg?c=1,,,Ragon800,G191478_2__10776.1749826474.jpg?c=1
,,,,,,,,,,,,,,,,,,,,,,,,
"8"" FAWN VELVET TREE",WS221473,"Home|Holiday|Cabin & Lodge|8"" FAWN VELVET TREE",,In-Stock: Ships in 5 to 14 days,,,,L: 3in W: 3in H: 8in,,3,$15.95 ,,,,,3,Ragon400,Ragon160,https://cdn11.bigcommerce.com/s-xvps74vl0m/images/stencil/1280x1280/products/12308/32384/WS221473_1__77413.1708440897.jpg?c=1,WS221473_1__77413.1708440897.jpg?c=1,,,Ragon800,WS221473_1__77413.1708440897.jpg?c=1
,,,,,,,,,,,,,,,,,,,,,,,,
"5.5"" CLEAR GLASS JAR W/ WHITE LID",SE221629,"Home|Everyday|Kitchen|5.5"" CLEAR GLASS JAR W/ WHITE LID",,In-Stock: Ships in 5 to 14 days,,,,L: 5in W: 5in H: 5.50in,,6,$9.65 ,,,,,6,Ragon400,Ragon160,https://cdn11.bigcommerce.com/s-xvps74vl0m/images/stencil/1280x1280/products/10521/34114/SE221629_2__76887.1719419851.jpg?c=1,SE221629_2__76887.1719419851.jpg?c=1,,,Ragon800,SE221629_2__76887.1719419851.jpg?c=1
,,,,,,,,,,,,,,,,,,,,,,,,
"60"" BLACK & WHITE CHECK BLANKET W/ FRINGE",HE195644,"Home|Sale!|Holiday|60"" BLACK & WHITE CHECK BLANKET W/ FRINGE","50""L X 60""W, 100% POLYESTER
CARE INSTRUCTIONS: MACHINE WASH COLD. SEPARATE. DO NOT BLEACH. LINE DRY ONLY.",In-Stock: Ships in 5 to 14 days,,,,L: 50in W: 60in,,2,$33.00 ,,,,,2,Ragon400,Ragon160,https://cdn11.bigcommerce.com/s-xvps74vl0m/images/stencil/1280x1280/products/3362/9477/HE195644_2__18352.1626464113.jpg?c=1,HE195644_2__18352.1626464113.jpg?c=1,,,Ragon800,HE195644_2__18352.1626464113.jpg?c=1
,,,,,,,,,,,,,,,,,,,,,,,,
PAINTED WHITE BOAT ON STAND,HY238063,Home|Everyday|Spring & Garden|PAINTED WHITE BOAT ON STAND,"ASSEMBLY REQUIRED BOAT DEPTH 4.25""",In-Stock: Ships in 5 to 14 days,,,,L: 26.25in W: 9.25in H: 13in,,2,$37.50 ,,,,,2,Ragon400,Ragon160,https://cdn11.bigcommerce.com/s-xvps74vl0m/images/stencil/1280x1280/products/16382/36951/HY238063_4__89931.1733943433.jpg?c=1,HY238063_4__89931.1733943433.jpg?c=1,,,Ragon800,HY238063_4__89931.1733943433.jpg?c=1
,,,,,,,,,,,,,,,,,,,,,,,,
24oz THE PERFECT PEAR SOY CANDLE,C222204,Home|Collections|Soy Candles|Signature Collection|24oz THE PERFECT PEAR SOY CANDLE,CLEAN BURNING LOCALLY FARMED SOY WAX \ NON-TOXIC FRAGRANCES \ NATURAL COTTON WICK \ PHTHALATE FREE \ HAND POURED IN OHIO,SOLD OUT,,,,L: 3.75in W: 3.75in H: 5.25in,,,$18.15 ,,,,,,Ragon400,Ragon160,https://cdn11.bigcommerce.com/s-xvps74vl0m/images/stencil/1280x1280/products/12873/31059/C222204_1__28440.1706217008.jpg?c=1,C222204_1__28440.1706217008.jpg?c=1,,,Ragon800,C222204_1__28440.1706217008.jpg?c=1
,,,,,,,,,,,,,,,,,,,,,,,,
SET/ 3 OPEN WEAVE BASKETS W/ HANDLES,E226386,Home|Everyday|Baskets & Buckets|SET/ 3 OPEN WEAVE BASKETS W/ HANDLES,"HANGING HEIGHT SM: 12"" | MD: 14.5"" | LG: 16.5""
SM: 6""L X 2""W X 9""H MD: 8""L X 4""W X 11""H LG: 10""L X 6""W X 13""H
STRAP",SOLD OUT,,,,See Details tab,,,$37.50 ,,,,,,Ragon400,Ragon160,https://cdn11.bigcommerce.com/s-xvps74vl0m/images/stencil/1280x1280/products/10715/29594/E226386_5__25958.1701963475.jpg?c=1,E226386_5__25958.1701963475.jpg?c=1,,,Ragon800,E226386_5__25958.1701963475.jpg?c=1
,,,,,,,,,,,,,,,,,,,,,,,,
COUNTRY PIG MARKET SIGN,E226626,Home|Everyday|Kitchen|COUNTRY PIG MARKET SIGN,2 SAWTOOTH HANGERS,In-Stock: Ships in 5 to 14 days,,,,L: 32in W: 1in H: 16in,,2,$42.00 ,,,,,2,Ragon400,Ragon160,https://cdn11.bigcommerce.com/s-xvps74vl0m/images/stencil/1280x1280/products/10757/29672/E226626_2__47494.1701963497.jpg?c=1,E226626_2__47494.1701963497.jpg?c=1,,,Ragon800,E226626_2__47494.1701963497.jpg?c=1
,,,,,,,,,,,,,,,,,,,,,,,,
"13"" WHITE SPRUCE & TSUGA HEMLOCK PICK",G219586,"Home|Holiday|Greenery, Wreaths & Trees|13"" WHITE SPRUCE & TSUGA HEMLOCK PICK",,In-Stock: Ships in 5 to 14 days,,,,L: 13in,,18,$3.30 ,,,,,18,Ragon400,Ragon160,https://cdn11.bigcommerce.com/s-xvps74vl0m/images/stencil/1280x1280/products/8860/26567/G219586_3__20300.1678296673.jpg?c=1,G219586_3__20300.1678296673.jpg?c=1,,,Ragon800,G219586_3__20300.1678296673.jpg?c=1
,,,,,,,,,,,,,,,,,,,,,,,,
"7"" SANTA W/ LANTERN ORNAMENT",WS218173,"Home|Sale!|Holiday|7"" SANTA W/ LANTERN ORNAMENT",,In-Stock: Ships in 5 to 14 days,,,,L: 2.50in W: 2in H: 7in,,6,$7.70 ,,,,,6,Ragon400,Ragon160,https://cdn11.bigcommerce.com/s-xvps74vl0m/images/stencil/1280x1280/products/9268/27111/WS218173_2__93706.1679582822.jpg?c=1,WS218173_2__93706.1679582822.jpg?c=1,,,Ragon800,WS218173_2__93706.1679582822.jpg?c=1
,,,,,,,,,,,,,,,,,,,,,,,,
"12.25"" GLASS CLOCHE",SE221601,"Home|Everyday|Tabletop & Misc.|12.25"" GLASS CLOCHE",,SOLD OUT,,,,L: 7.50in W: 7.50in H: 12.25in,,,$16.25 ,,,,,,Ragon400,Ragon160,https://cdn11.bigcommerce.com/s-xvps74vl0m/images/stencil/1280x1280/products/10503/34101/SE221601_2__41460.1719416709.jpg?c=1,SE221601_2__41460.1719416709.jpg?c=1,,,Ragon800,SE221601_2__41460.1719416709.jpg?c=1
,,,,,,,,,,,,,,,,,,,,,,,,
".5"" BLACK UNWIRED VELVET RIBBON",SS236129,"Home|Holiday|Textiles|.5"" BLACK UNWIRED VELVET RIBBON",,Projected Summer 2025,,,,L: 360in W: 0.50in,,6,$4.70 ,,,,,6,Ragon400,Ragon160,https://cdn11.bigcommerce.com/s-xvps74vl0m/images/stencil/1280x1280/products/17755/41642/SS236129_1__99337.1749826535.jpg?c=1,SS236129_1__99337.1749826535.jpg?c=1,,,Ragon800,SS236129_1__99337.1749826535.jpg?c=1
,,,,,,,,,,,,,,,,,,,,,,,,
"7"" WHITE METAL PINE TREE",MH222547,"Home|Holiday|Tabletop & Misc.|7"" WHITE METAL PINE TREE",,SOLD OUT,,,,L: 4.25in W: 1.75in H: 7in,,,$3.30 ,,,,,,Ragon400,Ragon160,https://cdn11.bigcommerce.com/s-xvps74vl0m/images/stencil/1280x1280/products/11639/32210/MH222547_2__81731.1708440842.jpg?c=1,MH222547_2__81731.1708440842.jpg?c=1,,,Ragon800,MH222547_2__81731.1708440842.jpg?c=1
,,,,,,,,,,,,,,,,,,,,,,,,
"5.75"" LIGHT YELLOW BABY TEARS IN SQUARE POT",ST198035,"Home|Everyday|Florals|5.75"" LIGHT YELLOW BABY TEARS IN SQUARE POT",,In-Stock: Ships in 5 to 14 days,,,,L: 4in W: 4in H: 6.50in,,6,$7.15 ,,,,,6,Ragon400,Ragon160,https://cdn11.bigcommerce.com/s-xvps74vl0m/images/stencil/1280x1280/products/3758/35826/ST198035_3__65985.1733863899.jpg?c=1,ST198035_3__65985.1733863899.jpg?c=1,,,Ragon800,ST198035_3__65985.1733863899.jpg?c=1
,,,,,,,,,,,,,,,,,,,,,,,,
"24"" CABIN IN THE WOODS PAINT BY NUMBER PRINT",E226711,"Home|Sale!|Everyday|24"" CABIN IN THE WOODS PAINT BY NUMBER PRINT",2 SAWTOOTH HANGERS,In-Stock: Ships in 5 to 14 days,,,,L: 16in W: 1in H: 24in,,3,$24.25 ,,,,,3,Ragon400,Ragon160,https://cdn11.bigcommerce.com/s-xvps74vl0m/images/stencil/1280x1280/products/10781/29698/E226711_3__58470.1701963506.jpg?c=1,E226711_3__58470.1701963506.jpg?c=1,,,Ragon800,E226711_3__58470.1701963506.jpg?c=1
,,,,,,,,,,,,,,,,,,,,,,,,
TWO SIDED SELF SERVICE LAUNDRY SIGN,E226365,Home|Sale!|Everyday|TWO SIDED SELF SERVICE LAUNDRY SIGN,"HANGING HEIGHT: 12""
SIGN IS 2 SIDED - BRACKET INCLUDED",In-Stock: Ships in 5 to 14 days,,,,L: 12.75in W: 0.25in H: 12in,,4,$20.50 ,,,,,4,Ragon400,Ragon160,https://cdn11.bigcommerce.com/s-xvps74vl0m/images/stencil/1280x1280/products/10709/29582/E226365_5__66578.1701963471.jpg?c=1,E226365_5__66578.1701963471.jpg?c=1,,,Ragon800,E226365_5__66578.1701963471.jpg?c=1
,,,,,,,,,,,,,,,,,,,,,,,,
"42.75"" PINK & WHITE PLUM BLOSSOM SPRAY",OR224646,"Home|Everyday|Florals|42.75"" PINK & WHITE PLUM BLOSSOM SPRAY",,In-Stock: Ships in 5 to 14 days,,,,L: 42.75in,,12,$8.25 ,,,,,12,Ragon400,Ragon160,https://cdn11.bigcommerce.com/s-xvps74vl0m/images/stencil/1280x1280/products/10464/35928/OR224646_1__20915.1733863929.jpg?c=1,OR224646_1__20915.1733863929.jpg?c=1,,,Ragon800,OR224646_1__20915.1733863929.jpg?c=1
,,,,,,,,,,,,,,,,,,,,,,,,
MUSTARD CABIN LED LANTERN,MH222610,Home|Everyday|Camping|MUSTARD CABIN LED LANTERN,"6 HR TIMER
REQUIRES 2 (AAA) BATTERIES, BATTERIES NOT INCLUDED.
G30",In-Stock: Ships in 5 to 14 days,,,,L: 6.25in W: 4.50in H: 9.50in,,3,$18.15 ,,,,,3,Ragon400,Ragon160,https://cdn11.bigcommerce.com/s-xvps74vl0m/images/stencil/1280x1280/products/10351/29056/MH222610_5__36530.1701887367.jpg?c=1,MH222610_5__36530.1701887367.jpg?c=1,,,Ragon800,MH222610_5__36530.1701887367.jpg?c=1
,,,,,,,,,,,,,,,,,,,,,,,,
LIGHT UP GINGERBREAD HOUSE ORNAMENT W/ TREE,WS231698,"Home|Holiday|Ornaments, Garland & Tree Toppers|LIGHT UP GINGERBREAD HOUSE ORNAMENT W/ TREE",,Early September,,,,L: 2.50in W: 2.50in H: 2.75in,,12,$5.50 ,,,,,12,Ragon400,Ragon160,https://cdn11.bigcommerce.com/s-xvps74vl0m/images/stencil/1280x1280/products/18168/41834/WS231698_5__88197.1752161123.jpg?c=1,WS231698_5__88197.1752161123.jpg?c=1,,,Ragon800,WS231698_5__88197.1752161123.jpg?c=1
,,,,,,,,,,,,,,,,,,,,,,,,
LAUNDRY TABLETOP SIGN,E226366,Home|Sale!|Everyday|LAUNDRY TABLETOP SIGN,,In-Stock: Ships in 5 to 14 days,,,,L: 5.75in W: 2.50in H: 11in,,6,$7.15 ,,,,,6,Ragon400,Ragon160,https://cdn11.bigcommerce.com/s-xvps74vl0m/images/stencil/1280x1280/products/10710/29584/E226366_3__70735.1701963471.jpg?c=1,E226366_3__70735.1701963471.jpg?c=1,,,Ragon800,E226366_3__70735.1701963471.jpg?c=1
,,,,,,,,,,,,,,,,,,,,,,,,
"2.5"" RUST UNWIRED VELVET RIBBON",SS236142,"Home|Holiday|Textiles|2.5"" RUST UNWIRED VELVET RIBBON",,Projected Summer 2025,,,,L: 360in W: 2.50in,,6,$10.75 ,,,,,6,Ragon400,Ragon160,https://cdn11.bigcommerce.com/s-xvps74vl0m/images/stencil/1280x1280/products/17767/41654/SS236142_5__56737.1749826538.jpg?c=1,SS236142_5__56737.1749826538.jpg?c=1,,,Ragon800,SS236142_5__56737.1749826538.jpg?c=1
,,,,,,,,,,,,,,,,,,,,,,,,
5' OUTBACK PINE TREE,G228671,Home|Holiday|Cabin & Lodge|5' OUTBACK PINE TREE,,SOLD OUT,,,,H: 60in,,,$137.50 ,,,,,,Ragon400,Ragon160,https://cdn11.bigcommerce.com/s-xvps74vl0m/images/stencil/1280x1280/products/11394/33155/G228671_1__09184.1711077966.jpg?c=1,G228671_1__09184.1711077966.jpg?c=1,,,Ragon800,G228671_1__09184.1711077966.jpg?c=1
,,,,,,,,,,,,,,,,,,,,,,,,
SANTA CONTAINER WITH BAG & CANE,WS182009,Home|Holiday|SANTA CONTAINER WITH BAG & CANE,"11.5''L X 8.25''W X 14.5''H, MACHE",SOLD OUT,,,,L: 11.50in W: 8.25in H: 14.50in,,,$60.50 ,,,,,,Ragon400,Ragon160,https://cdn11.bigcommerce.com/s-xvps74vl0m/images/stencil/1280x1280/products/5275/11579/WS182009__69492.1626464626.jpg?c=1,WS182009__69492.1626464626.jpg?c=1,,,Ragon800,WS182009__69492.1626464626.jpg?c=1
,,,,,,,,,,,,,,,,,,,,,,,,
"8.5"" MERRY CHRISTMAS ORNAMENT",FB237359,"Home|Holiday|Ornaments, Garland & Tree Toppers|8.5"" MERRY CHRISTMAS ORNAMENT",,In-Stock: Ships in 5 to 14 days,,,,L: 8.50in W: 0.50in H: 6in,,12,$4.40 ,,,,,12,Ragon400,Ragon160,https://cdn11.bigcommerce.com/s-xvps74vl0m/images/stencil/1280x1280/products/17149/41353/FB237359_1__11188.1749826471.jpg?c=1,FB237359_1__11188.1749826471.jpg?c=1,,,Ragon800,FB237359_1__11188.1749826471.jpg?c=1
,,,,,,,,,,,,,,,,,,,,,,,,
"2"" SILVER KUGEL ORNAMENT",SS13963,"Home|Holiday|Ornaments, Garland & Tree Toppers|2"" SILVER KUGEL ORNAMENT","2""W, GLASS",In-Stock: Ships in 5 to 14 days,,,,W: 2in,,12,$2.15 ,,,,,12,Ragon400,Ragon160,https://cdn11.bigcommerce.com/s-xvps74vl0m/images/stencil/1280x1280/products/2957/10937/SS13963_square__90919.1649172562.jpg?c=1,SS13963_square__90919.1649172562.jpg?c=1,,,Ragon800,SS13963_square__90919.1649172562.jpg?c=1
,,,,,,,,,,,,,,,,,,,,,,,,
"6"" WHITE FROSTED GLASS 3D FLAME CANDLE",NY236475,"Home|Flameless Candles|6"" WHITE FROSTED GLASS 3D FLAME CANDLE","6 HR TIMER | ON/OFF BUTTON
REQUIRES 3 (AAA) BATTERIES, BATTERIES NOT INCLUDED.",In-Stock: Ships in 5 to 14 days,,,,L: 3in W: 3in H: 6in,,4,$9.65 ,,,,,4,Ragon400,Ragon160,https://cdn11.bigcommerce.com/s-xvps74vl0m/images/stencil/1280x1280/products/16620/36356/NY236475_4__64491.1733943280.jpg?c=1,NY236475_4__64491.1733943280.jpg?c=1,,,Ragon800,NY236475_4__64491.1733943280.jpg?c=1
,,,,,,,,,,,,,,,,,,,,,,,,
"15.5"" LAUNDRY ROOM SIGN",E234009,"Home|Sale!|Everyday|15.5"" LAUNDRY ROOM SIGN",2 SAWTOOTH HANGERS,In-Stock: Ships in 5 to 14 days,,,,L: 12in W: 0.75in H: 15.50in,,12,$13.20 ,,,,,12,Ragon400,Ragon160,https://cdn11.bigcommerce.com/s-xvps74vl0m/images/stencil/1280x1280/products/15829/36757/E234009_4__57768.1733943383.jpg?c=1,E234009_4__57768.1733943383.jpg?c=1,,,Ragon800,E234009_4__57768.1733943383.jpg?c=1
,,,,,,,,,,,,,,,,,,,,,,,,
"12"" SNOWY BROWN PINECONE ORNAMENT",WS231465,"Home|Holiday|Ornaments, Garland & Tree Toppers|12"" SNOWY BROWN PINECONE ORNAMENT",,Early September,,,,L: 7in W: 7in H: 12in,,3,$15.95 ,,,,,3,Ragon400,Ragon160,https://cdn11.bigcommerce.com/s-xvps74vl0m/images/stencil/1280x1280/products/18020/40443/WS231465_2__04229.1749136231.jpg?c=1,WS231465_2__04229.1749136231.jpg?c=1,,,Ragon800,WS231465_2__04229.1749136231.jpg?c=1
,,,,,,,,,,,,,,,,,,,,,,,,
"24"" SOFT CLUSTER PINE WREATH",G224970,"Home|Holiday|Greenery, Wreaths & Trees|24"" SOFT CLUSTER PINE WREATH",,In-Stock: Ships in 5 to 14 days,,,,L: 24in H: 24in,,2,$37.50 ,,,,,2,Ragon400,Ragon160,https://cdn11.bigcommerce.com/s-xvps74vl0m/images/stencil/1280x1280/products/11119/41392/G224970_1__76618.1749826480.jpg?c=1,G224970_1__76618.1749826480.jpg?c=1,,,Ragon800,G224970_1__76618.1749826480.jpg?c=1
,,,,,,,,,,,,,,,,,,,,,,,,
"24"" WHITE STOCKING WITH RED STRIPES",HE205557,"Home|Holiday|Textiles|24"" WHITE STOCKING WITH RED STRIPES",,SOLD OUT,,,,L: 24in W: 15in,,,$16.25 ,,,,,,Ragon400,Ragon160,https://cdn11.bigcommerce.com/s-xvps74vl0m/images/stencil/1280x1280/products/7151/19293/HE205557__12734.1651754620.jpg?c=1,HE205557__12734.1651754620.jpg?c=1,,,Ragon800,HE205557__12734.1651754620.jpg?c=1
,,,,,,,,,,,,,,,,,,,,,,,,
"SET/ 6 - 2.5"" RUSSET FLOCKED BALLS",WS221346,"Home|Sale!|Holiday|SET/ 6 - 2.5"" RUSSET FLOCKED BALLS",,In-Stock: Ships in 5 to 14 days,,,,H: 2.50in,,6,$10.75 ,,,,,6,Ragon400,Ragon160,https://cdn11.bigcommerce.com/s-xvps74vl0m/images/stencil/1280x1280/products/12181/32944/WS221346_1__62386.1710521300.jpg?c=1,WS221346_1__62386.1710521300.jpg?c=1,,,Ragon800,WS221346_1__62386.1710521300.jpg?c=1
,,,,,,,,,,,,,,,,,,,,,,,,
WELCOME WOOD SIGN,H195071,Home|Everyday|Tabletop & Misc.|WELCOME WOOD SIGN,"76""L X 2""W X 14""H, WOOD",SOLD OUT,,,,L: 76in W: 2in H: 14in,,,$136.50 ,,,,,,Ragon400,Ragon160,https://cdn11.bigcommerce.com/s-xvps74vl0m/images/stencil/1280x1280/products/4031/9285/H195071-_G191290_4__02906.1647353786.jpg?c=1,H195071-_G191290_4__02906.1647353786.jpg?c=1,,,Ragon800,H195071-_G191290_4__02906.1647353786.jpg?c=1
,,,,,,,,,,,,,,,,,,,,,,,,
"5.5"" CLEAR GLASS JAR W/ GREEN LID",SE221632,"Home|Everyday|Kitchen|5.5"" CLEAR GLASS JAR W/ GREEN LID",,In-Stock: Ships in 5 to 14 days,,,,L: 5in W: 5in H: 5.50in,,6,$9.65 ,,,,,6,Ragon400,Ragon160,https://cdn11.bigcommerce.com/s-xvps74vl0m/images/stencil/1280x1280/products/10524/29316/SE221632_1__88740.1701887458.jpg?c=1,SE221632_1__88740.1701887458.jpg?c=1,,,Ragon800,SE221632_1__88740.1701887458.jpg?c=1
,,,,,,,,,,,,,,,,,,,,,,,,
"24"" RIVER PINE WREATH W/ CONES",G191477,"Home|Holiday|Cabin & Lodge|24"" RIVER PINE WREATH W/ CONES","24""W, PE & MMF",In-Stock: Ships in 5 to 14 days,,,,L: 24in,,2,$32.00 ,,,,,2,Ragon400,Ragon160,https://cdn11.bigcommerce.com/s-xvps74vl0m/images/stencil/1280x1280/products/3600/20266/G191477_2__71867.1661867438.jpg?c=1,G191477_2__71867.1661867438.jpg?c=1,,,Ragon800,G191477_2__71867.1661867438.jpg?c=1
,,,,,,,,,,,,,,,,,,,,,,,,
BRONZE WIND CHIME W/ LEAF,E234433,Home|Sale!|Everyday|BRONZE WIND CHIME W/ LEAF,,In-Stock: Ships in 5 to 14 days,,,,L: 4in W: 4in H: 16in,,2,$14.85 ,,,,,2,Ragon400,Ragon160,https://cdn11.bigcommerce.com/s-xvps74vl0m/images/stencil/1280x1280/products/15932/41764/E234433_1__63325.1750794343.jpg?c=1,E234433_1__63325.1750794343.jpg?c=1,,,Ragon800,E234433_1__63325.1750794343.jpg?c=1
,,,,,,,,,,,,,,,,,,,,,,,,
"5.5"" EXTRA LARGE GERMAN SHEEP",8142,"Home|Everyday|Tabletop & Misc.|5.5"" EXTRA LARGE GERMAN SHEEP","5.25""L x 2""W x 5.25""H, WOOD AND COTTON",Projected Summer 2025,,,,L: 5.25in W: 2in H: 5.25in,,8,$7.45 ,,,,,8,Ragon400,Ragon160,https://cdn11.bigcommerce.com/s-xvps74vl0m/images/stencil/1280x1280/products/2802/26747/8142__05602.1678369321.jpg?c=1,8142__05602.1678369321.jpg?c=1,,,Ragon800,8142__05602.1678369321.jpg?c=1
,,,,,,,,,,,,,,,,,,,,,,,,
"15.5"" DESSERT STAND",BF235091,"Home|Everyday|Kitchen|15.5"" DESSERT STAND",,In-Stock: Ships in 5 to 14 days,,,,L: 8in W: 8in H: 15.50in,,1,$32.00 ,,,,,1,Ragon400,Ragon160,https://cdn11.bigcommerce.com/s-xvps74vl0m/images/stencil/1280x1280/products/15820/41768/BF235091_4__33953.1750795610.jpg?c=1,BF235091_4__33953.1750795610.jpg?c=1,,,Ragon800,BF235091_4__33953.1750795610.jpg?c=1
,,,,,,,,,,,,,,,,,,,,,,,,
BLUE SALMON FISH ORNAMENT,FB225383,Home|Sale!|Everyday|BLUE SALMON FISH ORNAMENT,"TWINE HANGER
DOUBLE SIDED ",In-Stock: Ships in 5 to 14 days,,,,L: 6in W: 0.50in H: 2.50in,,12,$4.70 ,,,,,12,Ragon400,Ragon160,https://cdn11.bigcommerce.com/s-xvps74vl0m/images/stencil/1280x1280/products/11010/33356/FB225383_3__70346.1711115388.jpg?c=1,FB225383_3__70346.1711115388.jpg?c=1,,,Ragon800,FB225383_3__70346.1711115388.jpg?c=1
,,,,,,,,,,,,,,,,,,,,,,,,
"16"" BROWN RESIN TREE",WS221366,"Home|Holiday|Cabin & Lodge|16"" BROWN RESIN TREE",,SOLD OUT,,,,W: 6in H: 16in,,,$29.50 ,,,,,,Ragon400,Ragon160,https://cdn11.bigcommerce.com/s-xvps74vl0m/images/stencil/1280x1280/products/12201/32364/WS221366_1__41493.1708440891.jpg?c=1,WS221366_1__41493.1708440891.jpg?c=1,,,Ragon800,WS221366_1__41493.1708440891.jpg?c=1
,,,,,,,,,,,,,,,,,,,,,,,,
"6"" PITTED GLASS KUGEL ORNAMENT",SS236164,"Home|Holiday|Ornaments, Garland & Tree Toppers|6"" PITTED GLASS KUGEL ORNAMENT",,Projected Summer 2025,,,,L: 6in,,2,$7.45 ,,,,,2,Ragon400,Ragon160,https://cdn11.bigcommerce.com/s-xvps74vl0m/images/stencil/1280x1280/products/17783/40609/SS236164_1__01095.1749155835.jpg?c=1,SS236164_1__01095.1749155835.jpg?c=1,,,Ragon800,SS236164_1__01095.1749155835.jpg?c=1
,,,,,,,,,,,,,,,,,,,,,,,,
"22.75"" WHITE ROSE SPRAY",OR235505,"Home|Sale!|Everyday|22.75"" WHITE ROSE SPRAY",,In-Stock: Ships in 5 to 14 days,,,,L: 22.75in W: 7in,,24,$5.25 ,,,,,24,Ragon400,Ragon160,https://cdn11.bigcommerce.com/s-xvps74vl0m/images/stencil/1280x1280/products/16685/35097/OR235505_2__33043.1733861422.jpg?c=1,OR235505_2__33043.1733861422.jpg?c=1,,,Ragon800,OR235505_2__33043.1733861422.jpg?c=1
,,,,,,,,,,,,,,,,,,,,,,,,
GOLD & WHITE OH COME LET US ADORE HIM SIGN,BF225786,Home|Holiday|Signs|GOLD & WHITE OH COME LET US ADORE HIM SIGN,2 TRIANGLE HANGERS,SOLD OUT,,,,L: 10in W: 0.25in H: 14in,,,$7.70 ,,,,,,Ragon400,Ragon160,https://cdn11.bigcommerce.com/s-xvps74vl0m/images/stencil/1280x1280/products/10887/33323/BF225786_3__30317.1711115379.jpg?c=1,BF225786_3__30317.1711115379.jpg?c=1,,,Ragon800,BF225786_3__30317.1711115379.jpg?c=1
,,,,,,,,,,,,,,,,,,,,,,,,
"1.5"" ALLISON TAPER CANDLE HOLDER",MH236716,"Home|Everyday|Candle Holders|1.5"" ALLISON TAPER CANDLE HOLDER","HOLDS 1"" TAPER CANDLE",SOLD OUT,,,,L: 2.25in W: 2.25in H: 1.50in,,,$3.60 ,,,,,,Ragon400,Ragon160,https://cdn11.bigcommerce.com/s-xvps74vl0m/images/stencil/1280x1280/products/16562/36273/MH236716_3__46178.1733943262.jpg?c=1,MH236716_3__46178.1733943262.jpg?c=1,,,Ragon800,MH236716_3__46178.1733943262.jpg?c=1
,,,,,,,,,,,,,,,,,,,,,,,,
PEWTER GABRIELLA SNOWFLAKE ORNAMENT,SS239681,"Home|Holiday|Ornaments, Garland & Tree Toppers|PEWTER GABRIELLA SNOWFLAKE ORNAMENT",,In-Stock: Ships in 5 to 14 days,,,,L: 4.50in W: 0.25in H: 4.50in,,10,$3.60 ,,,,,10,Ragon400,Ragon160,https://cdn11.bigcommerce.com/s-xvps74vl0m/images/stencil/1280x1280/products/17898/40312/SS239681_2__21229.1748895079.jpg?c=1,SS239681_2__21229.1748895079.jpg?c=1,,,Ragon800,SS239681_2__21229.1748895079.jpg?c=1
,,,,,,,,,,,,,,,,,,,,,,,,
"16"" BRONZE GLITTER BUDS PICK",G228474,"Home|Holiday|Greenery, Wreaths & Trees|16"" BRONZE GLITTER BUDS PICK",,In-Stock: Ships in 5 to 14 days,,,,L: 16in,,12,$3.05 ,,,,,12,Ragon400,Ragon160,https://cdn11.bigcommerce.com/s-xvps74vl0m/images/stencil/1280x1280/products/11277/33614/G228474_3__67564.1712154084.jpg?c=1,G228474_3__67564.1712154084.jpg?c=1,,,Ragon800,G228474_3__67564.1712154084.jpg?c=1
,,,,,,,,,,,,,,,,,,,,,,,,
"10"" BLACK & ORANGE BUTTERFLY",FB225426,"Home|Sale!|Everyday|10"" BLACK & ORANGE BUTTERFLY",2 SAWTOOTH HANGER & TWINE HANGER,In-Stock: Ships in 5 to 14 days,,,,L: 10in W: 0.25in H: 6.25in,,6,$7.45 ,,,,,6,Ragon400,Ragon160,https://cdn11.bigcommerce.com/s-xvps74vl0m/images/stencil/1280x1280/products/10824/33385/FB225426_3__37671.1711115397.jpg?c=1,FB225426_3__37671.1711115397.jpg?c=1,,,Ragon800,FB225426_3__37671.1711115397.jpg?c=1
,,,,,,,,,,,,,,,,,,,,,,,,
"16"" DRIED PURPLE WILD ROSE SPRAY",G191337,"Home|Everyday|Florals|16"" DRIED PURPLE WILD ROSE SPRAY",,SOLD OUT,,,,L: 16in,,,$3.05 ,,,,,,Ragon400,Ragon160,https://cdn11.bigcommerce.com/s-xvps74vl0m/images/stencil/1280x1280/products/4639/38987/G191337_4__30275.1741200539.jpg?c=1,G191337_4__30275.1741200539.jpg?c=1,,,Ragon800,G191337_4__30275.1741200539.jpg?c=1
,,,,,,,,,,,,,,,,,,,,,,,,
"5.75"" BLACK METAL PINE TREE",MH222544,"Home|Holiday|Tabletop & Misc.|5.75"" BLACK METAL PINE TREE",,SOLD OUT,,,,L: 3.25in W: 1.75in H: 5.75in,,,$2.50 ,,,,,,Ragon400,Ragon160,https://cdn11.bigcommerce.com/s-xvps74vl0m/images/stencil/1280x1280/products/11636/32686/MH222544_4__49845.1709219734.jpg?c=1,MH222544_4__49845.1709219734.jpg?c=1,,,Ragon800,MH222544_4__49845.1709219734.jpg?c=1
,,,,,,,,,,,,,,,,,,,,,,,,
DEER BY THE WATER PAINT BY NUMBER PLATE,WS221241,Home|Everyday|Kitchen|DEER BY THE WATER PAINT BY NUMBER PLATE,FOOD SAFE. DISHWASHER SAFE. TOP RACK ONLY. NOT FOR MICROWAVE OR OVEN USE.,In-Stock: Ships in 5 to 14 days,,,,L: 10in W: 10in,,4,$3.05 ,,,,,4,Ragon400,Ragon160,https://cdn11.bigcommerce.com/s-xvps74vl0m/images/stencil/1280x1280/products/10578/34009/WS221241_1__08710.1712868592.jpg?c=1,WS221241_1__08710.1712868592.jpg?c=1,,,Ragon800,WS221241_1__08710.1712868592.jpg?c=1
,,,,,,,,,,,,,,,,,,,,,,,,
"21"" LIGHT BLUE HYDRANGEA STEM",OR215425,"Home|Everyday|Florals|21"" LIGHT BLUE HYDRANGEA STEM",,In-Stock: Ships in 5 to 14 days,,,,L: 21in,,12,$6.05 ,,,,,12,Ragon400,Ragon160,https://cdn11.bigcommerce.com/s-xvps74vl0m/images/stencil/1280x1280/products/8653/35708/OR215425_1__54678.1733863865.jpg?c=1,OR215425_1__54678.1733863865.jpg?c=1,,,Ragon800,OR215425_1__54678.1733863865.jpg?c=1
,,,,,,,,,,,,,,,,,,,,,,,,
SET/ 3 OVAL FELT BASKETS,E203740,Home|Everyday|Baskets & Buckets|SET/ 3 OVAL FELT BASKETS,"SM: 10""L X 5.50""W X 7""H
MD: 12""L X 8""W X 8.50""H
LG: 14""L X 10""W X 10""H",SOLD OUT,,,,See Details tab,,,$50.75 ,,,,,,Ragon400,Ragon160,https://cdn11.bigcommerce.com/s-xvps74vl0m/images/stencil/1280x1280/products/6715/20379/E203740_1__96575.1661873354.jpg?c=1,E203740_1__96575.1661873354.jpg?c=1,,,Ragon800,E203740_1__96575.1661873354.jpg?c=1
,,,,,,,,,,,,,,,,,,,,,,,,
"12"" GLITTERED IVORY BELSNICKLE W/ GOLD STARS",WS231618,"Home|Holiday|Snowmen, Santas & Angels|12"" GLITTERED IVORY BELSNICKLE W/ GOLD STARS",,Projected Summer 2025,,,,L: 4.50in W: 4in H: 12in,,1,$27.00 ,,,,,1,Ragon400,Ragon160,https://cdn11.bigcommerce.com/s-xvps74vl0m/images/stencil/1280x1280/products/18112/41293/WS231618_2__57573.1749826458.jpg?c=1,WS231618_2__57573.1749826458.jpg?c=1,,,Ragon800,WS231618_2__57573.1749826458.jpg?c=1
,,,,,,,,,,,,,,,,,,,,,,,,
"55"" CALIFORNIA RED FIR HANGING VINE",G232746,"Home|Holiday|Greenery, Wreaths & Trees|55"" CALIFORNIA RED FIR HANGING VINE",,In-Stock: Ships in 5 to 14 days,,,,L: 55in W: 9in,,6,$24.25 ,,,,,6,Ragon400,Ragon160,https://cdn11.bigcommerce.com/s-xvps74vl0m/images/stencil/1280x1280/products/11038/41441/G232746_2__14715.1749826492.jpg?c=1,G232746_2__14715.1749826492.jpg?c=1,,,Ragon800,G232746_2__14715.1749826492.jpg?c=1
,,,,,,,,,,,,,,,,,,,,,,,,
"19.5"" METAL SANTA W/ CHILD PLAQUE",H214062,"Home|Holiday|Signs|19.5"" METAL SANTA W/ CHILD PLAQUE",2 SAWTOOTH HANGER,In-Stock: Ships in 5 to 14 days,,,,L: 12.50in W: 0.25in H: 19.50in,,2,$17.90 ,,,,,2,Ragon400,Ragon160,https://cdn11.bigcommerce.com/s-xvps74vl0m/images/stencil/1280x1280/products/9799/27456/H214062_4__51081.1679582932.jpg?c=1,H214062_4__51081.1679582932.jpg?c=1,,,Ragon800,H214062_4__51081.1679582932.jpg?c=1
,,,,,,,,,,,,,,,,,,,,,,,,
"8"" OATMEAL VELVET TREE",WS221470,"Home|Holiday|Cabin & Lodge|8"" OATMEAL VELVET TREE",,Early September,,,,L: 3in W: 3in H: 8in,,3,$15.95 ,,,,,3,Ragon400,Ragon160,https://cdn11.bigcommerce.com/s-xvps74vl0m/images/stencil/1280x1280/products/12305/32381/WS221470_2__01052.1708440896.jpg?c=1,WS221470_2__01052.1708440896.jpg?c=1,,,Ragon800,WS221470_2__01052.1708440896.jpg?c=1
,,,,,,,,,,,,,,,,,,,,,,,,
"5.25"" GROOVED GLASS RAISED BOWL",SS236290,"Home|Holiday|Tabletop & Misc.|5.25"" GROOVED GLASS RAISED BOWL",,Projected Summer 2025,,,,L: 6.75in W: 6.75in H: 5.25in,,2,$12.95 ,,,,,2,Ragon400,Ragon160,https://cdn11.bigcommerce.com/s-xvps74vl0m/images/stencil/1280x1280/products/16854/41667/SS236290_1__53668.1749826541.jpg?c=1,SS236290_1__53668.1749826541.jpg?c=1,,,Ragon800,SS236290_1__53668.1749826541.jpg?c=1
,,,,,,,,,,,,,,,,,,,,,,,,
"7"" A BEGINNER'S GUIDE TO MOTHS AND BUTTERFLIES JOURNAL",L238711,"Home|Everyday|Journals|7"" A BEGINNER'S GUIDE TO MOTHS AND BUTTERFLIES JOURNAL",,Projected Summer 2025,,,,L: 4in W: 1.50in H: 7in,,2,$13.75 ,,,,,2,Ragon400,Ragon160,https://cdn11.bigcommerce.com/s-xvps74vl0m/images/stencil/1280x1280/products/16519/41942/L238711_3__49895.1754677661.jpg?c=1,L238711_3__49895.1754677661.jpg?c=1,,,Ragon800,L238711_3__49895.1754677661.jpg?c=1
,,,,,,,,,,,,,,,,,,,,,,,,
"30"" FOX PRINT",E234160,"Home|Everyday|Wall Décor|30"" FOX PRINT",2 SAWTOOTH HANGERS,In-Stock: Ships in 5 to 14 days,,,,L: 30in W: 1in H: 20in,,2,$32.75 ,,,,,2,Ragon400,Ragon160,https://cdn11.bigcommerce.com/s-xvps74vl0m/images/stencil/1280x1280/products/15857/36791/E234160_2__03717.1733943392.jpg?c=1,E234160_2__03717.1733943392.jpg?c=1,,,Ragon800,E234160_2__03717.1733943392.jpg?c=1
,,,,,,,,,,,,,,,,,,,,,,,,
SNOW COVERED HANGING PINE BOUGH W/ BELL,G228885,Home|Holiday|Bells|SNOW COVERED HANGING PINE BOUGH W/ BELL,,In-Stock: Ships in 5 to 14 days,,,,L: 14in,,6,$8.25 ,,,,,6,Ragon400,Ragon160,https://cdn11.bigcommerce.com/s-xvps74vl0m/images/stencil/1280x1280/products/11476/41417/G228885_2__36720.1749826486.jpg?c=1,G228885_2__36720.1749826486.jpg?c=1,,,Ragon800,G228885_2__36720.1749826486.jpg?c=1
,,,,,,,,,,,,,,,,,,,,,,,,
"2"" SALMON RIBBED KUGEL ORNAMENT",SS221774,"Home|Sale!|Holiday|2"" SALMON RIBBED KUGEL ORNAMENT",,In-Stock: Ships in 5 to 14 days,,,,W: 2in,,6,$1.65 ,,,,,6,Ragon400,Ragon160,https://cdn11.bigcommerce.com/s-xvps74vl0m/images/stencil/1280x1280/products/15679/33701/SS221774__85749.1712154110.jpg?c=1,SS221774__85749.1712154110.jpg?c=1,,,Ragon800,SS221774__85749.1712154110.jpg?c=1
,,,,,,,,,,,,,,,,,,,,,,,,
"4"" COW ORNAMENT",WS227693,"Home|Holiday|Ornaments, Garland & Tree Toppers|4"" COW ORNAMENT",,In-Stock: Ships in 5 to 14 days,,,,L: 4in W: 1.50in H: 3.25in,,8,$7.70 ,,,,,8,Ragon400,Ragon160,https://cdn11.bigcommerce.com/s-xvps74vl0m/images/stencil/1280x1280/products/12493/33009/WS227693_4__27730.1710521323.jpg?c=1,WS227693_4__27730.1710521323.jpg?c=1,,,Ragon800,WS227693_4__27730.1710521323.jpg?c=1
,,,,,,,,,,,,,,,,,,,,,,,,
"24"" CREAM MAGNOLIA & BERRY WREATH",G232609,"Home|Everyday|Florals|24"" CREAM MAGNOLIA & BERRY WREATH",,SOLD OUT,,,,L: 24in W: 5in H: 24in,,,$32.00 ,,,,,,Ragon400,Ragon160,https://cdn11.bigcommerce.com/s-xvps74vl0m/images/stencil/1280x1280/products/16084/34408/G232609__47241.1736358187.jpg?c=1,G232609__47241.1736358187.jpg?c=1,,,Ragon800,G232609__47241.1736358187.jpg?c=1
,,,,,,,,,,,,,,,,,,,,,,,,
"20.5"" BLACK HANDLE LANTERN",E226557,"Home|Sale!|Everyday|20.5"" BLACK HANDLE LANTERN","HANGING HEIGHT: 22.5""",In-Stock: Ships in 5 to 14 days,,,,L: 8in W: 8in H: 20.50in,,2,$42.00 ,,,,,2,Ragon400,Ragon160,https://cdn11.bigcommerce.com/s-xvps74vl0m/images/stencil/1280x1280/products/10732/29626/E226557_1__09393.1701963485.jpg?c=1,E226557_1__09393.1701963485.jpg?c=1,,,Ragon800,E226557_1__09393.1701963485.jpg?c=1
,,,,,,,,,,,,,,,,,,,,,,,,
"23"" PINE SPRAY W/ BERRIES",G191581,"Home|Holiday|Greenery, Wreaths & Trees|23"" PINE SPRAY W/ BERRIES","23""L, PE & MMF",In-Stock: Ships in 5 to 14 days,,,,L: 23in,,6,$8.55 ,,,,,6,Ragon400,Ragon160,https://cdn11.bigcommerce.com/s-xvps74vl0m/images/stencil/1280x1280/products/3557/8986/G191581__79711.1626463468.jpg?c=1,G191581__79711.1626463468.jpg?c=1,,,Ragon800,G191581__79711.1626463468.jpg?c=1
,,,,,,,,,,,,,,,,,,,,,,,,
"14"" BLUE EUCALYPTUS SPRAY",OR224552,"Home|Sale!|Everyday|14"" BLUE EUCALYPTUS SPRAY",,In-Stock: Ships in 5 to 14 days,,,,L: 14in,,24,$2.75 ,,,,,24,Ragon400,Ragon160,https://cdn11.bigcommerce.com/s-xvps74vl0m/images/stencil/1280x1280/products/10448/35916/OR224552_9__01107.1733863926.jpg?c=1,OR224552_9__01107.1733863926.jpg?c=1,,,Ragon800,OR224552_9__01107.1733863926.jpg?c=1
,,,,,,,,,,,,,,,,,,,,,,,,
"17"" MIX FOLIAGE W/ BERRIES & CONES PICK",G201794,"Home|Sale!|Holiday|17"" MIX FOLIAGE W/ BERRIES & CONES PICK",,In-Stock: Ships in 5 to 14 days,,,,L: 17in,,12,$7.45 ,,,,,12,Ragon400,Ragon160,https://cdn11.bigcommerce.com/s-xvps74vl0m/images/stencil/1280x1280/products/7048/41129/G201794_1__35636.1749826427.jpg?c=1,G201794_1__35636.1749826427.jpg?c=1,,,Ragon800,G201794_1__35636.1749826427.jpg?c=1
,,,,,,,,,,,,,,,,,,,,,,,,
"5"" BLUE & GOLD BOTTLE BRUSH TREES BOX/ 5",WS192539,"Home|Sale!|Holiday|5"" BLUE & GOLD BOTTLE BRUSH TREES BOX/ 5","2""W X 5""H, SISAL",In-Stock: Ships in 5 to 14 days,,,,W: 2in H: 5in,,4,$15.95 ,,,,,4,Ragon400,Ragon160,https://cdn11.bigcommerce.com/s-xvps74vl0m/images/stencil/1280x1280/products/3102/12382/WS192539_lqzm-8a__51213.1626464891.jpg?c=1,WS192539_lqzm-8a__51213.1626464891.jpg?c=1,,,Ragon800,WS192539_lqzm-8a__51213.1626464891.jpg?c=1
,,,,,,,,,,,,,,,,,,,,,,,,
"16"" BROWN & WHITE PEDESTAL",E226058,"Home|Everyday|Kitchen|16"" BROWN & WHITE PEDESTAL",,In-Stock: Ships in 5 to 14 days,,,,L: 16in W: 16in H: 12.50in,,4,$47.50 ,,,,,4,Ragon400,Ragon160,https://cdn11.bigcommerce.com/s-xvps74vl0m/images/stencil/1280x1280/products/10623/29430/E226058_6__39886.1701963424.jpg?c=1,E226058_6__39886.1701963424.jpg?c=1,,,Ragon800,E226058_6__39886.1701963424.jpg?c=1
,,,,,,,,,,,,,,,,,,,,,,,,
OUR PORCH LEMONADE PLAQUE,BF215117,Home|Everyday|Spring & Garden|OUR PORCH LEMONADE PLAQUE,1 TRIANGLE HANGERS,SOLD OUT,,,,L: 21in W: 0.25in H: 13in,,,$13.75 ,,,,,,Ragon400,Ragon160,https://cdn11.bigcommerce.com/s-xvps74vl0m/images/stencil/1280x1280/products/8110/23952/BF215117_1__66379.1677257681.jpg?c=1,BF215117_1__66379.1677257681.jpg?c=1,,,Ragon800,BF215117_1__66379.1677257681.jpg?c=1
,,,,,,,,,,,,,,,,,,,,,,,,
"18"" HOLY FAMILY",WS227667,"Home|Holiday|Snowmen, Santas & Angels|18"" HOLY FAMILY",,Projected Summer 2025,,,,L: 7.25in W: 5in H: 18in,,2,$37.50 ,,,,,2,Ragon400,Ragon160,https://cdn11.bigcommerce.com/s-xvps74vl0m/images/stencil/1280x1280/products/12477/32867/WS227667_1__71611.1709219795.jpg?c=1,WS227667_1__71611.1709219795.jpg?c=1,,,Ragon800,WS227667_1__71611.1709219795.jpg?c=1
,,,,,,,,,,,,,,,,,,,,,,,,
"24"" DEER BY THE WATER PAINT BY NUMBER PRINT",E226731,"Home|Sale!|Everyday|24"" DEER BY THE WATER PAINT BY NUMBER PRINT",2 SAWTOOTH HANGERS,In-Stock: Ships in 5 to 14 days,,,,L: 16in W: 1in H: 24in,,3,$24.25 ,,,,,3,Ragon400,Ragon160,https://cdn11.bigcommerce.com/s-xvps74vl0m/images/stencil/1280x1280/products/10789/29704/E226731_5__24404.1701963508.jpg?c=1,E226731_5__24404.1701963508.jpg?c=1,,,Ragon800,E226731_5__24404.1701963508.jpg?c=1
,,,,,,,,,,,,,,,,,,,,,,,,
"7"" CANOEING JOURNAL",L221523,"Home|Sale!|Everyday|7"" CANOEING JOURNAL",,In-Stock: Ships in 5 to 14 days,,,,L: 4in W: 1.50in H: 7in,,2,$13.75 ,,,,,2,Ragon400,Ragon160,https://cdn11.bigcommerce.com/s-xvps74vl0m/images/stencil/1280x1280/products/10265/31994/L221523_2__90288.1707399430.jpg?c=1,L221523_2__90288.1707399430.jpg?c=1,,,Ragon800,L221523_2__90288.1707399430.jpg?c=1
,,,,,,,,,,,,,,,,,,,,,,,,
OATMEAL VELVET ICE SKATE ORNAMENT,WS231327,"Home|Holiday|Ornaments, Garland & Tree Toppers|OATMEAL VELVET ICE SKATE ORNAMENT",AUTHENTIC GERMAN GLASS GLITTER; MAY CHANGE COLOR OVER TIME,Projected Summer 2025,,,,L: 4.25in W: 1.25in H: 4.25in,,6,$4.70 ,,,,,6,Ragon400,Ragon160,https://cdn11.bigcommerce.com/s-xvps74vl0m/images/stencil/1280x1280/products/17965/40515/WS231327_1__35691.1749151150.jpg?c=1,WS231327_1__35691.1749151150.jpg?c=1,,,Ragon800,WS231327_1__35691.1749151150.jpg?c=1
,,,,,,,,,,,,,,,,,,,,,,,,
"7.75"" CREAM 3D FLAME SMOOTH TREE CANDLE",NY236676,"Home|Flameless Candles|7.75"" CREAM 3D FLAME SMOOTH TREE CANDLE","6 HR TIMER | ON/OFF BUTTON
REQUIRES 3 (AAA) BATTERIES, BATTERIES NOT INCLUDED.",In-Stock: Ships in 5 to 14 days,,,,L: 3.50in W: 3.50in H: 7.75in,,6,$6.60 ,,,,,6,Ragon400,Ragon160,https://cdn11.bigcommerce.com/s-xvps74vl0m/images/stencil/1280x1280/products/17666/40267/NY236676_4__29186.1748890974.jpg?c=1,NY236676_4__29186.1748890974.jpg?c=1,,,Ragon800,NY236676_4__29186.1748890974.jpg?c=1
,,,,,,,,,,,,,,,,,,,,,,,,
"12.25"" GREY METAL VASE",MH222600,"Home|Sale!|Everyday|12.25"" GREY METAL VASE",,In-Stock: Ships in 5 to 14 days,,,,L: 4in W: 4in H: 12.25in,,4,$13.20 ,,,,,4,Ragon400,Ragon160,https://cdn11.bigcommerce.com/s-xvps74vl0m/images/stencil/1280x1280/products/10343/29042/MH222600_2__94971.1701887362.jpg?c=1,MH222600_2__94971.1701887362.jpg?c=1,,,Ragon800,MH222600_2__94971.1701887362.jpg?c=1
,,,,,,,,,,,,,,,,,,,,,,,,
"11"" WHITE DOGWOOD BIRD NEST",G232597,"Home|Everyday|Florals|11"" WHITE DOGWOOD BIRD NEST",,In-Stock: Ships in 5 to 14 days,,,,L: 11in W: 12in,,12,$4.95 ,,,,,12,Ragon400,Ragon160,https://cdn11.bigcommerce.com/s-xvps74vl0m/images/stencil/1280x1280/products/16080/34393/G232597_2__17198.1733861214.jpg?c=1,G232597_2__17198.1733861214.jpg?c=1,,,Ragon800,G232597_2__17198.1733861214.jpg?c=1
,,,,,,,,,,,,,,,,,,,,,,,,
"11"" BLACK UTILITY HOOK",MH222517,"Home|Sale!|Everyday|11"" BLACK UTILITY HOOK","2 NAIL HOLES
WEIGHT LIMIT: 2LBS",In-Stock: Ships in 5 to 14 days,,,,L: 11in W: 0.50in H: 4in,,8,$4.15 ,,,,,8,Ragon400,Ragon160,https://cdn11.bigcommerce.com/s-xvps74vl0m/images/stencil/1280x1280/products/10302/28985/MH222517__30758.1701887343.jpg?c=1,MH222517__30758.1701887343.jpg?c=1,,,Ragon800,MH222517__30758.1701887343.jpg?c=1
,,,,,,,,,,,,,,,,,,,,,,,,
"4"" SILVER KUGEL ORNAMENT W/ GOLD SNOWFLAKE",SS236207,"Home|Holiday|Ornaments, Garland & Tree Toppers|4"" SILVER KUGEL ORNAMENT W/ GOLD SNOWFLAKE",,In-Stock: Ships in 5 to 14 days,,,,L: 4in,,6,$4.15 ,,,,,6,Ragon400,Ragon160,https://cdn11.bigcommerce.com/s-xvps74vl0m/images/stencil/1280x1280/products/17806/40627/SS236207_2__18489.1749156480.jpg?c=1,SS236207_2__18489.1749156480.jpg?c=1,,,Ragon800,SS236207_2__18489.1749156480.jpg?c=1
,,,,,,,,,,,,,,,,,,,,,,,,
CREAM SWEATER MUG,LA237794,Home|Holiday|Tabletop & Misc.|CREAM SWEATER MUG,,In-Stock: Ships in 5 to 14 days,,,,L: 5.50in W: 3.75in H: 3.75in,,4,$6.05 ,,,,,4,Ragon400,Ragon160,https://cdn11.bigcommerce.com/s-xvps74vl0m/images/stencil/1280x1280/products/17572/41247/LA237794_2__17264.1749826451.jpg?c=1,LA237794_2__17264.1749826451.jpg?c=1,,,Ragon800,LA237794_2__17264.1749826451.jpg?c=1
,,,,,,,,,,,,,,,,,,,,,,,,
"55.25"" FAITH BELL GARLAND",ZH213510,"Home|Holiday|Bells|55.25"" FAITH BELL GARLAND","BELL SIZE: 2.5"" X 2.5""",SOLD OUT,,,,L: 55.25in,,,$21.00 ,,,,,,Ragon400,Ragon160,https://cdn11.bigcommerce.com/s-xvps74vl0m/images/stencil/1280x1280/products/8681/26976/ZH213510_3__46204.1679582782.jpg?c=1,ZH213510_3__46204.1679582782.jpg?c=1,,,Ragon800,ZH213510_3__46204.1679582782.jpg?c=1
,,,,,,,,,,,,,,,,,,,,,,,,
"21.5"" CREAM DAHLIA BUSH",G219073,"Home|Everyday|Florals|21.5"" CREAM DAHLIA BUSH",,In-Stock: Ships in 5 to 14 days,,,,L: 21.50in,,12,$5.80 ,,,,,12,Ragon400,Ragon160,https://cdn11.bigcommerce.com/s-xvps74vl0m/images/stencil/1280x1280/products/8376/24538/G219073_2__32957.1677257857.jpg?c=1,G219073_2__32957.1677257857.jpg?c=1,,,Ragon800,G219073_2__32957.1677257857.jpg?c=1
,,,,,,,,,,,,,,,,,,,,,,,,
SANTA ON RED TRACTOR ORNAMENT,WS231194,"Home|Holiday|Ornaments, Garland & Tree Toppers|SANTA ON RED TRACTOR ORNAMENT",,In-Stock: Ships in 5 to 14 days,,,,L: 4in W: 2in H: 4in,,6,$7.45 ,,,,,6,Ragon400,Ragon160,https://cdn11.bigcommerce.com/s-xvps74vl0m/images/stencil/1280x1280/products/12567/40506/WS231194_5__27328.1749150760.jpg?c=1,WS231194_5__27328.1749150760.jpg?c=1,,,Ragon800,WS231194_5__27328.1749150760.jpg?c=1
,,,,,,,,,,,,,,,,,,,,,,,,
"16.5"" FAWN VELVET BELSNICKLE",WS221315,"Home|Holiday|Cabin & Lodge|16.5"" FAWN VELVET BELSNICKLE",,In-Stock: Ships in 5 to 14 days,,,,L: 6in W: 5.50in H: 16.50in,,2,$35.25 ,,,,,2,Ragon400,Ragon160,https://cdn11.bigcommerce.com/s-xvps74vl0m/images/stencil/1280x1280/products/12150/32348/WS221315_1__31665.1708440885.jpg?c=1,WS221315_1__31665.1708440885.jpg?c=1,,,Ragon800,WS221315_1__31665.1708440885.jpg?c=1
,,,,,,,,,,,,,,,,,,,,,,,,
"12"" FLARED PEDESTAL",E226515,"Home|Everyday|Kitchen|12"" FLARED PEDESTAL",,In-Stock: Ships in 5 to 14 days,,,,L: 12in W: 12in H: 5.50in,,4,$19.80 ,,,,,4,Ragon400,Ragon160,https://cdn11.bigcommerce.com/s-xvps74vl0m/images/stencil/1280x1280/products/10723/29609/E226515_3__41023.1701963480.jpg?c=1,E226515_3__41023.1701963480.jpg?c=1,,,Ragon800,E226515_3__41023.1701963480.jpg?c=1
,,,,,,,,,,,,,,,,,,,,,,,,
"34"" WISPY GREEN ASPARAGUS SPRAY",OR224583,"Home|Sale!|Everyday|34"" WISPY GREEN ASPARAGUS SPRAY",,In-Stock: Ships in 5 to 14 days,,,,L: 34in,,24,$2.50 ,,,,,24,Ragon400,Ragon160,https://cdn11.bigcommerce.com/s-xvps74vl0m/images/stencil/1280x1280/products/10450/35922/OR224583_1__84049.1733863928.jpg?c=1,OR224583_1__84049.1733863928.jpg?c=1,,,Ragon800,OR224583_1__84049.1733863928.jpg?c=1
,,,,,,,,,,,,,,,,,,,,,,,,
"SET/ 2 - 9.5"" 3D FLAME GROOVED CREAM TAPER CANDLE",NY236307,"Home|Flameless Candles|SET/ 2 - 9.5"" 3D FLAME GROOVED CREAM TAPER CANDLE","6 HR TIMER | ON/OFF BUTTON
REQUIRES 2 (AAA) BATTERIES, BATTERIES NOT INCLUDED.",In-Stock: Ships in 5 to 14 days,,,,L: 0.75in W: 0.75in H: 9.50in,,12,$8.25 ,,,,,12,Ragon400,Ragon160,https://cdn11.bigcommerce.com/s-xvps74vl0m/images/stencil/1280x1280/products/16597/37021/NY236307_1__12484.1733943452.jpg?c=1,NY236307_1__12484.1733943452.jpg?c=1,,,Ragon800,NY236307_1__12484.1733943452.jpg?c=1
,,,,,,,,,,,,,,,,,,,,,,,,
"28.5"" BEIGE & PINK DAHLIA SPRAY",OR215411,"Home|Everyday|Florals|28.5"" BEIGE & PINK DAHLIA SPRAY",,SOLD OUT,,,,L: 28.50in,,,$5.80 ,,,,,,Ragon400,Ragon160,https://cdn11.bigcommerce.com/s-xvps74vl0m/images/stencil/1280x1280/products/8644/25280/OR215411_1__37649.1677258095.jpg?c=1,OR215411_1__37649.1677258095.jpg?c=1,,,Ragon800,OR215411_1__37649.1677258095.jpg?c=1
,,,,,,,,,,,,,,,,,,,,,,,,
"3"" PITTED GLASS KUGEL ORNAMENT",SS236161,"Home|Holiday|Ornaments, Garland & Tree Toppers|3"" PITTED GLASS KUGEL ORNAMENT",,Projected Summer 2025,,,,L: 3in,,6,$3.05 ,,,,,6,Ragon400,Ragon160,https://cdn11.bigcommerce.com/s-xvps74vl0m/images/stencil/1280x1280/products/17780/40607/SS236161_4__27902.1749155728.jpg?c=1,SS236161_4__27902.1749155728.jpg?c=1,,,Ragon800,SS236161_4__27902.1749155728.jpg?c=1
,,,,,,,,,,,,,,,,,,,,,,,,
"35.75"" HAPPY SNOWMAN METAL DUMMY BOARD",H237634,"Home|Holiday|Tabletop & Misc.|35.75"" HAPPY SNOWMAN METAL DUMMY BOARD",,In-Stock: Ships in 5 to 14 days,,,,L: 28.75in W: 0.75in H: 35.75in,,1,$64.00 ,,,,,1,Ragon400,Ragon160,https://cdn11.bigcommerce.com/s-xvps74vl0m/images/stencil/1280x1280/products/17421/41564/H237634_3__58554.1749826520.jpg?c=1,H237634_3__58554.1749826520.jpg?c=1,,,Ragon800,H237634_3__58554.1749826520.jpg?c=1
,,,,,,,,,,,,,,,,,,,,,,,,
"6"" GOLD POINTED STAR ORNAMENT",WS231395,"Home|Holiday|Ornaments, Garland & Tree Toppers|6"" GOLD POINTED STAR ORNAMENT",,Early September,,,,L: 6in W: 6in H: 6in,,6,$4.15 ,,,,,6,Ragon400,Ragon160,https://cdn11.bigcommerce.com/s-xvps74vl0m/images/stencil/1280x1280/products/17987/40437/WS231395_2__96028.1749135567.jpg?c=1,WS231395_2__96028.1749135567.jpg?c=1,,,Ragon800,WS231395_2__96028.1749135567.jpg?c=1
,,,,,,,,,,,,,,,,,,,,,,,,
TAN & GREEN PLAID CHARGER,WS221250,Home|Everyday|Kitchen|TAN & GREEN PLAID CHARGER,FOOD SAFE. DISHWASHER SAFE. TOP RACK ONLY. NOT FOR MICROWAVE OR OVEN USE.,In-Stock: Ships in 5 to 14 days,,,,L: 12in W: 12in,,4,$5.50 ,,,,,4,Ragon400,Ragon160,https://cdn11.bigcommerce.com/s-xvps74vl0m/images/stencil/1280x1280/products/10587/34018/WS221250_1__75122.1712868595.jpg?c=1,WS221250_1__75122.1712868595.jpg?c=1,,,Ragon800,WS221250_1__75122.1712868595.jpg?c=1
,,,,,,,,,,,,,,,,,,,,,,,,
"72"" CEDAR GARLAND",G181639,"Home|Holiday|Greenery, Wreaths & Trees|72"" CEDAR GARLAND","72''L, PE",SOLD OUT,,,,L: 72in,,,$43.00 ,,,,,,Ragon400,Ragon160,https://cdn11.bigcommerce.com/s-xvps74vl0m/images/stencil/1280x1280/products/5224/8347/G181639_2__50928.1626460674.jpg?c=1,G181639_2__50928.1626460674.jpg?c=1,,,Ragon800,G181639_2__50928.1626460674.jpg?c=1
,,,,,,,,,,,,,,,,,,,,,,,,
SET/3 HELEN'S GINGERBREAD ORNAMENTS,WS231687,"Home|Holiday|Ornaments, Garland & Tree Toppers|SET/3 HELEN'S GINGERBREAD ORNAMENTS",,Early September,,,,L: 4in W: 0.25in H: 4in,,12,$6.90 ,,,,,12,Ragon400,Ragon160,https://cdn11.bigcommerce.com/s-xvps74vl0m/images/stencil/1280x1280/products/18162/40464/WS231687_3__07366.1749138390.jpg?c=1,WS231687_3__07366.1749138390.jpg?c=1,,,Ragon800,WS231687_3__07366.1749138390.jpg?c=1
,,,,,,,,,,,,,,,,,,,,,,,,
"12.5"" SHERILYNN LANTERN",E234685,"Home|Collections|2025 Products|FALL|12.5"" SHERILYNN LANTERN",,In-Stock: Ships in 3 to 7 days,,,,L: 8.75in W: 6.25in H: 12.50in,,2,$33.00 ,,,,,2,Ragon400,Ragon160,https://cdn11.bigcommerce.com/s-xvps74vl0m/images/stencil/1280x1280/products/18301/39771/E234685_8__08798.1741631184.jpg?c=1,E234685_8__08798.1741631184.jpg?c=1,,,Ragon800,E234685_8__08798.1741631184.jpg?c=1
,,,,,,,,,,,,,,,,,,,,,,,,
GINGERBREAD MITTEN ORNAMENT,WS231680,"Home|Holiday|Ornaments, Garland & Tree Toppers|GINGERBREAD MITTEN ORNAMENT",,Early September,,,,L: 4.25in W: 0.25in H: 4.25in,,12,$2.50 ,,,,,12,Ragon400,Ragon160,https://cdn11.bigcommerce.com/s-xvps74vl0m/images/stencil/1280x1280/products/18155/40458/WS231680_1__79688.1749138278.jpg?c=1,WS231680_1__79688.1749138278.jpg?c=1,,,Ragon800,WS231680_1__79688.1749138278.jpg?c=1
,,,,,,,,,,,,,,,,,,,,,,,,
"7"" FAWNS AND HOW TO CARE FOR THEM JOURNAL",L238725,"Home|Holiday|Tabletop & Misc.|7"" FAWNS AND HOW TO CARE FOR THEM JOURNAL",,Projected Summer 2025,,,,L: 4in W: 1.50in H: 7in,,2,$13.75 ,,,,,2,Ragon400,Ragon160,https://cdn11.bigcommerce.com/s-xvps74vl0m/images/stencil/1280x1280/products/16533/40133/L238725_1__75603.1747947691.jpg?c=1,L238725_1__75603.1747947691.jpg?c=1,,,Ragon800,L238725_1__75603.1747947691.jpg?c=1
,,,,,,,,,,,,,,,,,,,,,,,,
"10.25"" SILVER SANTA W/SNOWMAN",LA207756,"Home|Holiday|Snowmen, Santas & Angels|10.25"" SILVER SANTA W/SNOWMAN",,SOLD OUT,,,,L: 3.75in W: 3.50in H: 10.25in,,,$14.85 ,,,,,,Ragon400,Ragon160,https://cdn11.bigcommerce.com/s-xvps74vl0m/images/stencil/1280x1280/products/7349/16734/LA207756_1__61714.1644256764.jpg?c=1,LA207756_1__61714.1644256764.jpg?c=1,,,Ragon800,LA207756_1__61714.1644256764.jpg?c=1
,,,,,,,,,,,,,,,,,,,,,,,,
BLACK ARCHED WALL CABINET,LW229531,Home|Everyday|Wall Décor|BLACK ARCHED WALL CABINET,2 TRIANGLE HANGERS,SOLD OUT,,,,L: 25in W: 7.25in H: 26.25in,,,$141.00 ,,,,,,Ragon400,Ragon160,https://cdn11.bigcommerce.com/s-xvps74vl0m/images/stencil/1280x1280/products/10288/28960/LW229531_4__14882.1701887334.jpg?c=1,LW229531_4__14882.1701887334.jpg?c=1,,,Ragon800,LW229531_4__14882.1701887334.jpg?c=1
,,,,,,,,,,,,,,,,,,,,,,,,
"6"" SILVER CRACKLE KUGEL ORNAMENT",SS236199,"Home|Holiday|Ornaments, Garland & Tree Toppers|6"" SILVER CRACKLE KUGEL ORNAMENT",,In-Stock: Ships in 5 to 14 days,,,,L: 6in,,2,$7.45 ,,,,,2,Ragon400,Ragon160,https://cdn11.bigcommerce.com/s-xvps74vl0m/images/stencil/1280x1280/products/17798/40619/SS236199_3__90776.1749156198.jpg?c=1,SS236199_3__90776.1749156198.jpg?c=1,,,Ragon800,SS236199_3__90776.1749156198.jpg?c=1
,,,,,,,,,,,,,,,,,,,,,,,,
"7"" DARK GREEN 3 WICK 3D FLAME CANDLE",NY236646,"Home|Flameless Candles|7"" DARK GREEN 3 WICK 3D FLAME CANDLE","6 HR TIMER | ON/OFF BUTTON
REQUIRES 3 (AA) BATTERIES, BATTERIES NOT INCLUDED.",Projected Summer 2025,,,,L: 6in W: 6in H: 7in,,2,$19.80 ,,,,,2,Ragon400,Ragon160,https://cdn11.bigcommerce.com/s-xvps74vl0m/images/stencil/1280x1280/products/18255/41581/NY236646_3__04903.1749826524.jpg?c=1,NY236646_3__04903.1749826524.jpg?c=1,,,Ragon800,NY236646_3__04903.1749826524.jpg?c=1
,,,,,,,,,,,,,,,,,,,,,,,,
"21.5"" SNOWY TREE W/BURLAP BASE",ST212022,"Home|Holiday|Cabin & Lodge|21.5"" SNOWY TREE W/BURLAP BASE",,In-Stock: Ships in 5 to 14 days,,,,L: 12in W: 12in H: 21.75in,,3,$21.25 ,,,,,3,Ragon400,Ragon160,https://cdn11.bigcommerce.com/s-xvps74vl0m/images/stencil/1280x1280/products/9157/27039/ST212022_1__59906.1679582800.jpg?c=1,ST212022_1__59906.1679582800.jpg?c=1,,,Ragon800,ST212022_1__59906.1679582800.jpg?c=1
,,,,,,,,,,,,,,,,,,,,,,,,
5' WHITE DAISY & RED HEATHER GARLAND,G219347,Home|Sale!|Everyday|5' WHITE DAISY & RED HEATHER GARLAND,,In-Stock: Ships in 5 to 14 days,,,,L: 60in,,2,$26.50 ,,,,,2,Ragon400,Ragon160,https://cdn11.bigcommerce.com/s-xvps74vl0m/images/stencil/1280x1280/products/8421/35891/G219347_4__66454.1733863919.jpg?c=1,G219347_4__66454.1733863919.jpg?c=1,,,Ragon800,G219347_4__66454.1733863919.jpg?c=1
,,,,,,,,,,,,,,,,,,,,,,,,
"15"" POTTED FERN",G233029,"Home|Sale!|Everyday|15"" POTTED FERN",,In-Stock: Ships in 5 to 14 days,,,,L: 15in W: 15in H: 15in,,3,$12.10 ,,,,,3,Ragon400,Ragon160,https://cdn11.bigcommerce.com/s-xvps74vl0m/images/stencil/1280x1280/products/16173/39781/G233029_3__62931.1741633295.jpg?c=1,G233029_3__62931.1741633295.jpg?c=1,,,Ragon800,G233029_3__62931.1741633295.jpg?c=1
,,,,,,,,,,,,,,,,,,,,,,,,
FRAMED WASH YOUR HANDS SIGN,E203459,Home|Everyday|Wall Décor|FRAMED WASH YOUR HANDS SIGN,1 SAWTOOTH HANGER,SOLD OUT,,,,L: 12in W: 0.25in H: 16in,,,$15.40 ,,,,,,Ragon400,Ragon160,https://cdn11.bigcommerce.com/s-xvps74vl0m/images/stencil/1280x1280/products/6617/14384/E203459_6__18076.1647355469.jpg?c=1,E203459_6__18076.1647355469.jpg?c=1,,,Ragon800,E203459_6__18076.1647355469.jpg?c=1
,,,,,,,,,,,,,,,,,,,,,,,,
FA LA LA FRAMED PRINT,BF235142,Home|Holiday|Tabletop & Misc.|FA LA LA FRAMED PRINT,,In-Stock: Ships in 5 to 14 days,,,,L: 15.75in W: 0.75in H: 15.75in,,2,$14.60 ,,,,,2,Ragon400,Ragon160,https://cdn11.bigcommerce.com/s-xvps74vl0m/images/stencil/1280x1280/products/16957/41314/BF235142_1__38674.1749826462.jpg?c=1,BF235142_1__38674.1749826462.jpg?c=1,,,Ragon800,BF235142_1__38674.1749826462.jpg?c=1
,,,,,,,,,,,,,,,,,,,,,,,,
"5"" CHAMPAGNE GLASS 3D FLAME CANDLE",NY213017,"Home|Flameless Candles|5"" CHAMPAGNE GLASS 3D FLAME CANDLE","6 HR TIMER
REQUIRES 3 AAA BATTERIES, NOT INCLUDED.",In-Stock: Ships in 5 to 14 days,,,,L: 3in W: 3in H: 5in,,6,$7.45 ,,,,,6,Ragon400,Ragon160,https://cdn11.bigcommerce.com/s-xvps74vl0m/images/stencil/1280x1280/products/8546/28060/NY213017_4__11123.1687548721.jpg?c=1,NY213017_4__11123.1687548721.jpg?c=1,,,Ragon800,NY213017_4__11123.1687548721.jpg?c=1
,,,,,,,,,,,,,,,,,,,,,,,,
"24"" KRINGLE PINE W/ PINECONE TREE",G233282,"Home|Holiday|Greenery, Wreaths & Trees|24"" KRINGLE PINE W/ PINECONE TREE",,In-Stock: Ships in 5 to 14 days,,,,W: 19in H: 24in,,2,$17.05 ,,,,,2,Ragon400,Ragon160,https://cdn11.bigcommerce.com/s-xvps74vl0m/images/stencil/1280x1280/products/17197/41464/G233282_2__05547.1749826497.jpg?c=1,G233282_2__05547.1749826497.jpg?c=1,,,Ragon800,G233282_2__05547.1749826497.jpg?c=1
,,,,,,,,,,,,,,,,,,,,,,,,
OXFORD WALL SHELF,SH238402,Home|Sale!|Everyday|OXFORD WALL SHELF,2 KEYHOLE HANGERS,In-Stock: Ships in 5 to 14 days,,,,L: 23.75in W: 5in H: 9.50in,,1,$42.00 ,,,,,1,Ragon400,Ragon160,https://cdn11.bigcommerce.com/s-xvps74vl0m/images/stencil/1280x1280/products/16749/37105/SH238402_4__23074.1733943476.jpg?c=1,SH238402_4__23074.1733943476.jpg?c=1,,,Ragon800,SH238402_4__23074.1733943476.jpg?c=1
,,,,,,,,,,,,,,,,,,,,,,,,
"2"" IVORY RIBBED GLASS ORNAMENT",SS232384,"Home|Holiday|Ornaments, Garland & Tree Toppers|2"" IVORY RIBBED GLASS ORNAMENT",,Projected Summer 2025,,,,L: 2in,,6,$2.15 ,,,,,6,Ragon400,Ragon160,https://cdn11.bigcommerce.com/s-xvps74vl0m/images/stencil/1280x1280/products/17848/41610/SS232384_1__30035.1749826529.jpg?c=1,SS232384_1__30035.1749826529.jpg?c=1,,,Ragon800,SS232384_1__30035.1749826529.jpg?c=1
,,,,,,,,,,,,,,,,,,,,,,,,
"22"" WELCOME TO OUR HIVE RULES SIGN",BF196193,"Home|Everyday|Wall Décor|22"" WELCOME TO OUR HIVE RULES SIGN","16.25""L X 21.75""H, METAL",In-Stock: Ships in 5 to 14 days,,,,L: 16.25in H: 21.75in,,2,$29.25 ,,,,,2,Ragon400,Ragon160,https://cdn11.bigcommerce.com/s-xvps74vl0m/images/stencil/1280x1280/products/4261/28375/BF196193_3__13306.1693243795.jpg?c=1,BF196193_3__13306.1693243795.jpg?c=1,,,Ragon800,BF196193_3__13306.1693243795.jpg?c=1
,,,,,,,,,,,,,,,,,,,,,,,,
"9"" GLASS TAPER CANDLESTICK",SS236001,"Home|Holiday|9"" GLASS TAPER CANDLESTICK",,In-Stock: Ships in 5 to 14 days,,,,L: 4.75in W: 4.75in H: 9in,,4,$15.40 ,,,,,4,Ragon400,Ragon160,https://cdn11.bigcommerce.com/s-xvps74vl0m/images/stencil/1280x1280/products/16800/41279/SS236001_2__36226.1749826456.jpg?c=1,SS236001_2__36226.1749826456.jpg?c=1,,,Ragon800,SS236001_2__36226.1749826456.jpg?c=1
,,,,,,,,,,,,,,,,,,,,,,,,
"6' GREEN, RED & WHITE GLASS GLITTER BULB GARLAND",WS231345,"Home|Holiday|Ornaments, Garland & Tree Toppers|6' GREEN, RED & WHITE GLASS GLITTER BULB GARLAND",,Projected Summer 2025,,,,L: 72in,,6,$15.95 ,,,,,6,Ragon400,Ragon160,https://cdn11.bigcommerce.com/s-xvps74vl0m/images/stencil/1280x1280/products/12209/40640/WS231345_1__83377.1749157064.jpg?c=1,WS231345_1__83377.1749157064.jpg?c=1,,,Ragon800,WS231345_1__83377.1749157064.jpg?c=1
,,,,,,,,,,,,,,,,,,,,,,,,
"16"" LAUREL, BOXWOOD & BERRIES BUSH",G201882,"Home|Sale!|Holiday|16"" LAUREL, BOXWOOD & BERRIES BUSH",,In-Stock: Ships in 5 to 14 days,,,,L: 16in,,12,$7.70 ,,,,,12,Ragon400,Ragon160,https://cdn11.bigcommerce.com/s-xvps74vl0m/images/stencil/1280x1280/products/7092/41374/G201882_2__68017.1749826476.jpg?c=1,G201882_2__68017.1749826476.jpg?c=1,,,Ragon800,G201882_2__68017.1749826476.jpg?c=1
,,,,,,,,,,,,,,,,,,,,,,,,
"SET/ 12 - 1.75"" TAN FLOCKED BALLS",WS218438,"Home|Holiday|Cabin & Lodge|SET/ 12 - 1.75"" TAN FLOCKED BALLS",,In-Stock: Ships in 5 to 14 days,,,,L: 1.75in W: 1.75in H: 1.75in,,12,$10.45 ,,,,,12,Ragon400,Ragon160,https://cdn11.bigcommerce.com/s-xvps74vl0m/images/stencil/1280x1280/products/9624/28477/WS218438_1__58616.1697646374.jpg?c=1,WS218438_1__58616.1697646374.jpg?c=1,,,Ragon800,WS218438_1__58616.1697646374.jpg?c=1
,,,,,,,,,,,,,,,,,,,,,,,,
"23"" SPRING GREENERY BUNDLE",HZ238882,"Home|Everyday|Florals|23"" SPRING GREENERY BUNDLE",,In-Stock: Ships in 5 to 14 days,,,,L: 23in W: 10in,,12,$5.50 ,,,,,12,Ragon400,Ragon160,https://cdn11.bigcommerce.com/s-xvps74vl0m/images/stencil/1280x1280/products/16458/34903/HZ238882_2__12683.1733861363.jpg?c=1,HZ238882_2__12683.1733861363.jpg?c=1,,,Ragon800,HZ238882_2__12683.1733861363.jpg?c=1
,,,,,,,,,,,,,,,,,,,,,,,,
"32"" BLACK WINDOW FRAME CORK BOARD",E183151,"Home|Everyday|Tabletop & Misc.|32"" BLACK WINDOW FRAME CORK BOARD","22""L X 1""W X 32""H, CORK & LINEN",In-Stock: Ships in 5 to 14 days,,,,L: 22in W: 1in H: 32in,,2,$86.25 ,,,,,2,Ragon400,Ragon160,https://cdn11.bigcommerce.com/s-xvps74vl0m/images/stencil/1280x1280/products/4795/6998/E183151__37796.1626460360.jpg?c=1,E183151__37796.1626460360.jpg?c=1,,,Ragon800,E183151__37796.1626460360.jpg?c=1
,,,,,,,,,,,,,,,,,,,,,,,,
"9"" BROWN RESIN TREE",WS221364,"Home|Holiday|Cabin & Lodge|9"" BROWN RESIN TREE",,Projected Summer 2025,,,,W: 4.50in H: 9in,,4,$11.85 ,,,,,4,Ragon400,Ragon160,https://cdn11.bigcommerce.com/s-xvps74vl0m/images/stencil/1280x1280/products/12199/33146/WS221364_3__22761.1711051844.jpg?c=1,WS221364_3__22761.1711051844.jpg?c=1,,,Ragon800,WS221364_3__22761.1711051844.jpg?c=1
,,,,,,,,,,,,,,,,,,,,,,,,
FAWNS AND HOW TO CARE FOR THEM JOURNAL ORNAMENT,L238750,"Home|Holiday|Ornaments, Garland & Tree Toppers|FAWNS AND HOW TO CARE FOR THEM JOURNAL ORNAMENT",RIBBON HANGER,Projected Summer 2025,,,,L: 3in W: 0.75in H: 4in,,8,$4.70 ,,,,,8,Ragon400,Ragon160,https://cdn11.bigcommerce.com/s-xvps74vl0m/images/stencil/1280x1280/products/18311/40420/L238750_1__24418.1749135133.jpg?c=1,L238750_1__24418.1749135133.jpg?c=1,,,Ragon800,L238750_1__24418.1749135133.jpg?c=1
,,,,,,,,,,,,,,,,,,,,,,,,
"13.5"" BLACK SCALLOPED WOOD TRAY",FB237255,"Home|Everyday|Tabletop & Misc.|13.5"" BLACK SCALLOPED WOOD TRAY",,SOLD OUT,,,,L: 13.50in W: 6.25in H: 1.75in,,,$11.85 ,,,,,,Ragon400,Ragon160,https://cdn11.bigcommerce.com/s-xvps74vl0m/images/stencil/1280x1280/products/16001/36907/FB237255_5__45039.1733943421.jpg?c=1,FB237255_5__45039.1733943421.jpg?c=1,,,Ragon800,FB237255_5__45039.1733943421.jpg?c=1
,,,,,,,,,,,,,,,,,,,,,,,,
"8"" DEEP OCEAN VELVET BELSNICKLE",WS221323,"Home|Holiday|Snowmen, Santas & Angels|8"" DEEP OCEAN VELVET BELSNICKLE",,In-Stock: Ships in 5 to 14 days,,,,L: 3.50in W: 3in H: 8in,,3,$17.05 ,,,,,3,Ragon400,Ragon160,https://cdn11.bigcommerce.com/s-xvps74vl0m/images/stencil/1280x1280/products/12158/32356/WS221323_3__29773.1708440888.jpg?c=1,WS221323_3__29773.1708440888.jpg?c=1,,,Ragon800,WS221323_3__29773.1708440888.jpg?c=1
,,,,,,,,,,,,,,,,,,,,,,,,
5' MINI BAMBOO TREE IN BLACK POT,G228317,Home|Everyday|Florals|5' MINI BAMBOO TREE IN BLACK POT,,In-Stock: Ships in 5 to 14 days,,,,H: 60in,,1,$75.00 ,,,,,1,Ragon400,Ragon160,https://cdn11.bigcommerce.com/s-xvps74vl0m/images/stencil/1280x1280/products/10147/28769/G228317_3__18552.1701887272.jpg?c=1,G228317_3__18552.1701887272.jpg?c=1,,,Ragon800,G228317_3__18552.1701887272.jpg?c=1
,,,,,,,,,,,,,,,,,,,,,,,,
"4.75"" SANTA HEAD ORNAMENT",WS192166,"Home|Holiday|Ornaments, Garland & Tree Toppers|4.75"" SANTA HEAD ORNAMENT","2.75""L X 2.25""W X 4.75""H, GLASS",Early September,,,,L: 2.75in W: 2.25in H: 4.75in,,6,$4.95 ,,,,,6,Ragon400,Ragon160,https://cdn11.bigcommerce.com/s-xvps74vl0m/images/stencil/1280x1280/products/3214/12124/WS192166_2__98208.1626464813.jpg?c=1,WS192166_2__98208.1626464813.jpg?c=1,,,Ragon800,WS192166_2__98208.1626464813.jpg?c=1
,,,,,,,,,,,,,,,,,,,,,,,,
DAD'S BBQ SIGN,E203198,Home|Everyday|Kitchen|DAD'S BBQ SIGN,"TWINE HANGER - HANDLE HEIGHT 13.50""H",In-Stock: Ships in 5 to 14 days,,,,L: 16in W: 1in H: 9in,,6,$11.55 ,,,,,6,Ragon400,Ragon160,https://cdn11.bigcommerce.com/s-xvps74vl0m/images/stencil/1280x1280/products/6502/14079/E203198_5__54077.1647453755.jpg?c=1,E203198_5__54077.1647453755.jpg?c=1,,,Ragon800,E203198_5__54077.1647453755.jpg?c=1
,,,,,,,,,,,,,,,,,,,,,,,,
"SET/ 6 GREEN, RED & WHITE GLASS BULBS",WS221420,"Home|Sale!|Holiday|SET/ 6 GREEN, RED & WHITE GLASS BULBS",,In-Stock: Ships in 5 to 14 days,,,,H: 2in,,6,$10.45 ,,,,,6,Ragon400,Ragon160,https://cdn11.bigcommerce.com/s-xvps74vl0m/images/stencil/1280x1280/products/12255/32981/WS221420_3__08122.1710521313.jpg?c=1,WS221420_3__08122.1710521313.jpg?c=1,,,Ragon800,WS221420_3__08122.1710521313.jpg?c=1
,,,,,,,,,,,,,,,,,,,,,,,,
GREEN PLAID CAMP MUG,BF224284,Home|Everyday|Kitchen|GREEN PLAID CAMP MUG,"FOOD SAFE. NOT FOR DISHWASHER, MICROWAVE OR OVEN USE.",In-Stock: Ships in 5 to 14 days,,,,L: 4.50in W: 4.50in H: 4in,,6,$7.15 ,,,,,6,Ragon400,Ragon160,https://cdn11.bigcommerce.com/s-xvps74vl0m/images/stencil/1280x1280/products/9975/28498/BF224284_2__92753.1701887175.jpg?c=1,BF224284_2__92753.1701887175.jpg?c=1,,,Ragon800,BF224284_2__92753.1701887175.jpg?c=1
,,,,,,,,,,,,,,,,,,,,,,,,
PERSIAN LEAF FERN BUSH,HZ238897,Home|Everyday|Florals|PERSIAN LEAF FERN BUSH,,In-Stock: Ships in 5 to 14 days,,,,L: 15.75in W: 7.50in,,25,$1.65 ,,,,,25,Ragon400,Ragon160,https://cdn11.bigcommerce.com/s-xvps74vl0m/images/stencil/1280x1280/products/16470/34949/HZ238897_1__59195.1733861378.jpg?c=1,HZ238897_1__59195.1733861378.jpg?c=1,,,Ragon800,HZ238897_1__59195.1733861378.jpg?c=1
,,,,,,,,,,,,,,,,,,,,,,,,
BABY JESUS ORNAMENT,WS231311,"Home|Holiday|Ornaments, Garland & Tree Toppers|BABY JESUS ORNAMENT",,Projected Summer 2025,,,,L: 3.25in W: 2in H: 2in,,6,$6.35 ,,,,,6,Ragon400,Ragon160,https://cdn11.bigcommerce.com/s-xvps74vl0m/images/stencil/1280x1280/products/12272/40637/WS231311_2__70828.1749157011.jpg?c=1,WS231311_2__70828.1749157011.jpg?c=1,,,Ragon800,WS231311_2__70828.1749157011.jpg?c=1
,,,,,,,,,,,,,,,,,,,,,,,,
"10.5"" HUGO VASE",MH236732,"Home|Sale!|Everyday|10.5"" HUGO VASE",,In-Stock: Ships in 5 to 14 days,,,,L: 7in W: 4.25in H: 10.50in,,2,$12.40 ,,,,,2,Ragon400,Ragon160,https://cdn11.bigcommerce.com/s-xvps74vl0m/images/stencil/1280x1280/products/16569/37011/MH236732_6__29127.1733943450.jpg?c=1,MH236732_6__29127.1733943450.jpg?c=1,,,Ragon800,MH236732_6__29127.1733943450.jpg?c=1
,,,,,,,,,,,,,,,,,,,,,,,,
"30"" PINE NEEDLE WREATH W/ PINECONES",G219911,"Home|Holiday|Cabin & Lodge|30"" PINE NEEDLE WREATH W/ PINECONES",,In-Stock: Ships in 5 to 14 days,,,,L: 30in,,2,$39.75 ,,,,,2,Ragon400,Ragon160,https://cdn11.bigcommerce.com/s-xvps74vl0m/images/stencil/1280x1280/products/9057/28491/G219911_1__95664.1701792094.jpg?c=1,G219911_1__95664.1701792094.jpg?c=1,,,Ragon800,G219911_1__95664.1701792094.jpg?c=1
,,,,,,,,,,,,,,,,,,,,,,,,
5' WHITE DOGWOOD GARLAND W/ BIRD NEST,G232595,Home|Sale!|Everyday|5' WHITE DOGWOOD GARLAND W/ BIRD NEST,,In-Stock: Ships in 5 to 14 days,,,,L: 60in W: 9in,,6,$25.25 ,,,,,6,Ragon400,Ragon160,https://cdn11.bigcommerce.com/s-xvps74vl0m/images/stencil/1280x1280/products/16078/34389/G232595_7__43697.1733861213.jpg?c=1,G232595_7__43697.1733861213.jpg?c=1,,,Ragon800,G232595_7__43697.1733861213.jpg?c=1
,,,,,,,,,,,,,,,,,,,,,,,,
"24"" SCARLET DAHLIA SPRAY",G228205,"Home|Sale!|Everyday|24"" SCARLET DAHLIA SPRAY",,In-Stock: Ships in 5 to 14 days,,,,L: 24in,,24,$4.95 ,,,,,24,Ragon400,Ragon160,https://cdn11.bigcommerce.com/s-xvps74vl0m/images/stencil/1280x1280/products/10113/35616/G228205_5__84362.1733863841.jpg?c=1,G228205_5__84362.1733863841.jpg?c=1,,,Ragon800,G228205_5__84362.1733863841.jpg?c=1
,,,,,,,,,,,,,,,,,,,,,,,,
SET/ 3 OVAL STAY WARM & COZY BUCKETS,BF215216,Home|Holiday|Tabletop & Misc.|SET/ 3 OVAL STAY WARM & COZY BUCKETS,"SM: 7.25""L X 4.75""W X 6""H
MD: 9.75""L X 6""W X 7.5""H
LG: 11.75""L X 7.25""W X 9.25""H",In-Stock: Ships in 5 to 14 days,,,,See Details tab,,4,$37.50 ,,,,,4,Ragon400,Ragon160,https://cdn11.bigcommerce.com/s-xvps74vl0m/images/stencil/1280x1280/products/8169/24058/BF215216_1__40637.1677257714.jpg?c=1,BF215216_1__40637.1677257714.jpg?c=1,,,Ragon800,BF215216_1__40637.1677257714.jpg?c=1
,,,,,,,,,,,,,,,,,,,,,,,,
"12"" CREAM & GREY SANTA W/ TOY BAG",WS218327,"Home|Holiday|Snowmen, Santas & Angels|12"" CREAM & GREY SANTA W/ TOY BAG",,Projected Summer 2025,,,,L: 4.75in W: 4.50in H: 12in,,2,$38.00 ,,,,,2,Ragon400,Ragon160,https://cdn11.bigcommerce.com/s-xvps74vl0m/images/stencil/1280x1280/products/9375/26897/WS218327_1__75853.1679513665.jpg?c=1,WS218327_1__75853.1679513665.jpg?c=1,,,Ragon800,WS218327_1__75853.1679513665.jpg?c=1
,,,,,,,,,,,,,,,,,,,,,,,,
"12"" GLITTERED RED BELSNICKLE W/ GOLD STARS",WS231620,"Home|Holiday|Snowmen, Santas & Angels|12"" GLITTERED RED BELSNICKLE W/ GOLD STARS",,Projected Summer 2025,,,,L: 4.50in W: 4in H: 12in,,1,$27.00 ,,,,,1,Ragon400,Ragon160,https://cdn11.bigcommerce.com/s-xvps74vl0m/images/stencil/1280x1280/products/18114/41297/WS231620_3__16774.1749826459.jpg?c=1,WS231620_3__16774.1749826459.jpg?c=1,,,Ragon800,WS231620_3__16774.1749826459.jpg?c=1
,,,,,,,,,,,,,,,,,,,,,,,,
"8"" MERRY PENNANT",SS232453,"Home|Holiday|Textiles|8"" MERRY PENNANT","INCLUDES 12"" WOOD DOWEL",Projected Summer 2025,,,,L: 8in H: 4in,,5,$4.15 ,,,,,5,Ragon400,Ragon160,https://cdn11.bigcommerce.com/s-xvps74vl0m/images/stencil/1280x1280/products/18391/41619/SS232453_2__74165.1749826530.jpg?c=1,SS232453_2__74165.1749826530.jpg?c=1,,,Ragon800,SS232453_2__74165.1749826530.jpg?c=1
,,,,,,,,,,,,,,,,,,,,,,,,
"4"" WHITE STOCKING ORNAMENT",SS211791,"Home|Holiday|Ornaments, Garland & Tree Toppers|4"" WHITE STOCKING ORNAMENT",,SOLD OUT,,,,H: 4in,,,$3.60 ,,,,,,Ragon400,Ragon160,https://cdn11.bigcommerce.com/s-xvps74vl0m/images/stencil/1280x1280/products/9443/25346/SS211791_1__51871.1677258116.jpg?c=1,SS211791_1__51871.1677258116.jpg?c=1,,,Ragon800,SS211791_1__51871.1677258116.jpg?c=1
,,,,,,,,,,,,,,,,,,,,,,,,
SET/ 6 FAST FOOD ORNAMENTS,WS218163,Home|Sale!|Holiday|SET/ 6 FAST FOOD ORNAMENTS,"HOT DOG: 1""L X 1""W X 2""H
PIZZA: 1.25""L X .75""W X 2""H
FRIES: 1.5""L X .75""W X 2""H
SUB: 1.5""L X 1""W X 1.5""H
BEER: 1""L X 1""W X 2""H
PRETZEL: 1.75""L X 1""W X 1.5""H",In-Stock: Ships in 5 to 14 days,,,,H: 2in,,6,$18.45 ,,,,,6,Ragon400,Ragon160,https://cdn11.bigcommerce.com/s-xvps74vl0m/images/stencil/1280x1280/products/9260/27095/WS218163_2__06663.1679582817.jpg?c=1,WS218163_2__06663.1679582817.jpg?c=1,,,Ragon800,WS218163_2__06663.1679582817.jpg?c=1
,,,,,,,,,,,,,,,,,,,,,,,,
"7"" THE OCEAN JOURNAL",L221528,"Home|Everyday|Journals|7"" THE OCEAN JOURNAL",,In-Stock: Ships in 5 to 14 days,,,,L: 4in W: 2in H: 7in,,2,$13.75 ,,,,,2,Ragon400,Ragon160,https://cdn11.bigcommerce.com/s-xvps74vl0m/images/stencil/1280x1280/products/10270/34184/L221528_3__70787.1728444860.jpg?c=1,L221528_3__70787.1728444860.jpg?c=1,,,Ragon800,L221528_3__70787.1728444860.jpg?c=1
,,,,,,,,,,,,,,,,,,,,,,,,
"7.5"" RED LAYERED TREE",LA237774,"Home|Holiday|Tabletop & Misc.|7.5"" RED LAYERED TREE",,Projected Summer 2025,,,,L: 3.25in W: 3.25in H: 7.50in,,2,$8.80 ,,,,,2,Ragon400,Ragon160,https://cdn11.bigcommerce.com/s-xvps74vl0m/images/stencil/1280x1280/products/17563/41711/LA237774_5__69886.1749838542.jpg?c=1,LA237774_5__69886.1749838542.jpg?c=1,,,Ragon800,LA237774_5__69886.1749838542.jpg?c=1
,,,,,,,,,,,,,,,,,,,,,,,,
"7.25"" BEIGE UTILITY HOOK",MH222531,"Home|Sale!|Everyday|7.25"" BEIGE UTILITY HOOK",WEIGHT LIMIT: 2LBS,In-Stock: Ships in 5 to 14 days,,,,L: 7.25in W: 0.25in H: 4in,,12,$3.30 ,,,,,12,Ragon400,Ragon160,https://cdn11.bigcommerce.com/s-xvps74vl0m/images/stencil/1280x1280/products/10312/28995/MH222531__48151.1701887346.jpg?c=1,MH222531__48151.1701887346.jpg?c=1,,,Ragon800,MH222531__48151.1701887346.jpg?c=1
,,,,,,,,,,,,,,,,,,,,,,,,
"SET/ 5 - 8"" PINK HUES BOTTLEBRUSH TREES",WS192406,"Home|Holiday|Bottlebrush|SET/ 5 - 8"" PINK HUES BOTTLEBRUSH TREES","2.75""W X 8""H, SISAL",In-Stock: Ships in 3 to 7 days,,,,W: 2.75in H: 8in,,3,$19.75 ,,,,,3,Ragon400,Ragon160,https://cdn11.bigcommerce.com/s-xvps74vl0m/images/stencil/1280x1280/products/3149/12264/WS192406_3__75416.1626464859.jpg?c=1,WS192406_3__75416.1626464859.jpg?c=1,,,Ragon800,WS192406_3__75416.1626464859.jpg?c=1
,,,,,,,,,,,,,,,,,,,,,,,,
FOREST VELVET BELSNICKLE ORNAMENT,WS221362,"Home|Holiday|Ornaments, Garland & Tree Toppers|FOREST VELVET BELSNICKLE ORNAMENT",,Projected Summer 2025,,,,L: 2.25in W: 2in H: 5.75in,,6,$8.25 ,,,,,6,Ragon400,Ragon160,https://cdn11.bigcommerce.com/s-xvps74vl0m/images/stencil/1280x1280/products/12197/32955/WS221362_2__49788.1710521304.jpg?c=1,WS221362_2__49788.1710521304.jpg?c=1,,,Ragon800,WS221362_2__49788.1710521304.jpg?c=1
,,,,,,,,,,,,,,,,,,,,,,,,
"14"" HEMLOCK & CEDAR CANDLE RING",G161114,"Home|Holiday|Greenery, Wreaths & Trees|14"" HEMLOCK & CEDAR CANDLE RING","INNER 3.5""",In-Stock: Ships in 5 to 14 days,,,,L: 14in,,12,$8.25 ,,,,,12,Ragon400,Ragon160,https://cdn11.bigcommerce.com/s-xvps74vl0m/images/stencil/1280x1280/products/3445/41356/G161114_3__04280.1749826472.jpg?c=1,G161114_3__04280.1749826472.jpg?c=1,,,Ragon800,G161114_3__04280.1749826472.jpg?c=1
,,,,,,,,,,,,,,,,,,,,,,,,
"SET/ 3 - 7"" LATTE BOTTLEBRUSH TREES W/ SNOWY TIPS",WS225452,"Home|Holiday|Bottlebrush|SET/ 3 - 7"" LATTE BOTTLEBRUSH TREES W/ SNOWY TIPS",,In-Stock: Ships in 5 to 14 days,,,,H: 7in,,6,$11.55 ,,,,,6,Ragon400,Ragon160,https://cdn11.bigcommerce.com/s-xvps74vl0m/images/stencil/1280x1280/products/15757/34197/WS225452_4__92679.1728445311.jpg?c=1,WS225452_4__92679.1728445311.jpg?c=1,,,Ragon800,WS225452_4__92679.1728445311.jpg?c=1
,,,,,,,,,,,,,,,,,,,,,,,,
"12"" WHITE BRISTLE BRUSH TREE",WS182286,"Home|Holiday|Bottlebrush|12"" WHITE BRISTLE BRUSH TREE","3.5''W X 12''H, BOTTLEBRUSH",In-Stock: Ships in 5 to 14 days,,,,L: 3.50in W: 3.50in H: 12in,,12,$9.85 ,,,,,12,Ragon400,Ragon160,https://cdn11.bigcommerce.com/s-xvps74vl0m/images/stencil/1280x1280/products/5361/27892/WS182286_2__49027.1685736808.jpg?c=1,WS182286_2__49027.1685736808.jpg?c=1,,,Ragon800,WS182286_2__49027.1685736808.jpg?c=1
,,,,,,,,,,,,,,,,,,,,,,,,
"6"" MOVING FLAME CREAM PINECONE CANDLE",NY213024,"Home|Flameless Candles|6"" MOVING FLAME CREAM PINECONE CANDLE","6 HR TIMER
REQUIRES 3 (AAA) BATTERIES, BATTERIES NOT INCLUDED.",In-Stock: Ships in 5 to 14 days,,,,L: 3.50in W: 3.50in H: 6in,,6,$9.65 ,,,,,6,Ragon400,Ragon160,https://cdn11.bigcommerce.com/s-xvps74vl0m/images/stencil/1280x1280/products/8553/28000/NY213024_3__48239.1687382009.jpg?c=1,NY213024_3__48239.1687382009.jpg?c=1,,,Ragon800,NY213024_3__48239.1687382009.jpg?c=1
,,,,,,,,,,,,,,,,,,,,,,,,
"SET/ 6 GOLD 2"" JINGLE BELLS",WS202206,"Home|Holiday|Bells|SET/ 6 GOLD 2"" JINGLE BELLS",,In-Stock: Ships in 5 to 14 days,,,,L: 2.25in W: 2.25in H: 3.50in,,16,$4.95 ,,,,,16,Ragon400,Ragon160,https://cdn11.bigcommerce.com/s-xvps74vl0m/images/stencil/1280x1280/products/7641/17629/WS202206_2__21686.1645760390.jpg?c=1,WS202206_2__21686.1645760390.jpg?c=1,,,Ragon800,WS202206_2__21686.1645760390.jpg?c=1
,,,,,,,,,,,,,,,,,,,,,,,,
"14.5"" YELLOW DANCE PLANT BUSH",HZ238861,"Home|Sale!|Everyday|14.5"" YELLOW DANCE PLANT BUSH",,In-Stock: Ships in 5 to 14 days,,,,L: 14.50in W: 5.50in,,12,$3.30 ,,,,,12,Ragon400,Ragon160,https://cdn11.bigcommerce.com/s-xvps74vl0m/images/stencil/1280x1280/products/16439/34836/HZ238861_1__26600.1733861345.jpg?c=1,HZ238861_1__26600.1733861345.jpg?c=1,,,Ragon800,HZ238861_1__26600.1733861345.jpg?c=1
,,,,,,,,,,,,,,,,,,,,,,,,
"2.5"" BLACK KUGEL ORNAMENT W/ GOLD STRIPE",SS236200,"Home|Holiday|Ornaments, Garland & Tree Toppers|2.5"" BLACK KUGEL ORNAMENT W/ GOLD STRIPE",,In-Stock: Ships in 5 to 14 days,,,,L: 2.50in,,6,$2.15 ,,,,,6,Ragon400,Ragon160,https://cdn11.bigcommerce.com/s-xvps74vl0m/images/stencil/1280x1280/products/17799/40620/SS236200_4__23377.1749156237.jpg?c=1,SS236200_4__23377.1749156237.jpg?c=1,,,Ragon800,SS236200_4__23377.1749156237.jpg?c=1
,,,,,,,,,,,,,,,,,,,,,,,,
"9"" WHITE NO BASE WOODEN TREE",MH207452,"Home|Holiday|Tabletop & Misc.|9"" WHITE NO BASE WOODEN TREE",,In-Stock: Ships in 5 to 14 days,,,,L: 3.50in W: 3.50in H: 9in,,6,$11.55 ,,,,,6,Ragon400,Ragon160,https://cdn11.bigcommerce.com/s-xvps74vl0m/images/stencil/1280x1280/products/7797/24899/MH207452_1__72447.1677257979.jpg?c=1,MH207452_1__72447.1677257979.jpg?c=1,,,Ragon800,MH207452_1__72447.1677257979.jpg?c=1
,,,,,,,,,,,,,,,,,,,,,,,,
WOOD BUTTERFLY GARDEN STAKE,FB237231,Home|Everyday|Spring & Garden|WOOD BUTTERFLY GARDEN STAKE,,SOLD OUT,,,,L: 11.50in W: 2.50in H: 38.25in,,,$15.50 ,,,,,,Ragon400,Ragon160,https://cdn11.bigcommerce.com/s-xvps74vl0m/images/stencil/1280x1280/products/15985/36897/FB237231_6__05198.1733943418.jpg?c=1,FB237231_6__05198.1733943418.jpg?c=1,,,Ragon800,FB237231_6__05198.1733943418.jpg?c=1
,,,,,,,,,,,,,,,,,,,,,,,,
METAL SLEIGH*,H195185,Home|Holiday|Tabletop & Misc.|METAL SLEIGH*,"32.25""L X 20.50""W X 22.25""H, METAL
*ITEM MUST SHIP FREIGHT - ADDITIONAL FREIGHT CHARGES MAY APPLY. ORDERS CONTAINING FREIGHT ITEMS MUST REACH A $1,000 MINIMUM ORDER",In-Stock: Ships in 5 to 14 days,,,,L: 32.25in W: 20.50in H: 22.25in,,1,$299.00 ,,,,,1,Ragon400,Ragon160,https://cdn11.bigcommerce.com/s-xvps74vl0m/images/stencil/1280x1280/products/3381/9406/H195152_4__87900.1626464022.jpg?c=1,H195152_4__87900.1626464022.jpg?c=1,,,Ragon800,H195152_4__87900.1626464022.jpg?c=1
,,,,,,,,,,,,,,,,,,,,,,,,
MUSHROOMS TOGETHER SILHOUETTE SIGN W/ BLACK BACKGROUND,H223348,Home|Everyday|Camping|MUSHROOMS TOGETHER SILHOUETTE SIGN W/ BLACK BACKGROUND,"MUSHROOMS CAN BE REMOVED
2 TRIANGLE HANGERS",In-Stock: Ships in 5 to 14 days,,,,L: 15in W: 1in H: 22in,,2,$42.00 ,,,,,2,Ragon400,Ragon160,https://cdn11.bigcommerce.com/s-xvps74vl0m/images/stencil/1280x1280/products/10193/28823/H223348_2__02171.1701887290.jpg?c=1,H223348_2__02171.1701887290.jpg?c=1,,,Ragon800,H223348_2__02171.1701887290.jpg?c=1
,,,,,,,,,,,,,,,,,,,,,,,,
"11.75"" PEDESTAL PLANTER",H214037,"Home|Everyday|Spring & Garden|11.75"" PEDESTAL PLANTER",,In-Stock: Ships in 5 to 14 days,,,,L: 6.89in W: 6.89in H: 11.61in,,2,$35.25 ,,,,,2,Ragon400,Ragon160,https://cdn11.bigcommerce.com/s-xvps74vl0m/images/stencil/1280x1280/products/9779/28034/H214037_4__76624.1687543482.jpg?c=1,H214037_4__76624.1687543482.jpg?c=1,,,Ragon800,H214037_4__76624.1687543482.jpg?c=1
,,,,,,,,,,,,,,,,,,,,,,,,
"4"" TAN STOCKING ORNAMENT",SS211792,"Home|Holiday|Ornaments, Garland & Tree Toppers|4"" TAN STOCKING ORNAMENT",,Projected Summer 2025,,,,H: 4in,,12,$3.60 ,,,,,12,Ragon400,Ragon160,https://cdn11.bigcommerce.com/s-xvps74vl0m/images/stencil/1280x1280/products/9444/25347/SS211792_1__32482.1677258116.jpg?c=1,SS211792_1__32482.1677258116.jpg?c=1,,,Ragon800,SS211792_1__32482.1677258116.jpg?c=1
,,,,,,,,,,,,,,,,,,,,,,,,
SET/ 2 WHITEWASHED BOX LANTERNS,E226566,"Home|Everyday|Lanterns, Lights & Hooks|SET/ 2 WHITEWASHED BOX LANTERNS","SM: 7.5""L X 7.5""W X 13.5""H LG: 10""L X 10""W X 18""H",In-Stock: Ships in 5 to 14 days,,,,See Details tab,,2,$83.75 ,,,,,2,Ragon400,Ragon160,https://cdn11.bigcommerce.com/s-xvps74vl0m/images/stencil/1280x1280/products/10735/29632/E226566_4__86371.1701963486.jpg?c=1,E226566_4__86371.1701963486.jpg?c=1,,,Ragon800,E226566_4__86371.1701963486.jpg?c=1
,,,,,,,,,,,,,,,,,,,,,,,,
"50"" MUSTARD PLAID TREE SKIRT",SS221924,"Home|Sale!|Holiday|50"" MUSTARD PLAID TREE SKIRT",,In-Stock: Ships in 5 to 14 days,,,,L: 50in,,2,$31.00 ,,,,,2,Ragon400,Ragon160,https://cdn11.bigcommerce.com/s-xvps74vl0m/images/stencil/1280x1280/products/11841/33987/SS221924_3__40779.1712868585.jpg?c=1,SS221924_3__40779.1712868585.jpg?c=1,,,Ragon800,SS221924_3__40779.1712868585.jpg?c=1
,,,,,,,,,,,,,,,,,,,,,,,,
"SET/6 - 6"" BLUSH HUES BOTTLE BRUSH TREES",WS218046,"Home|Holiday|Bottlebrush|SET/6 - 6"" BLUSH HUES BOTTLE BRUSH TREES",,In-Stock: Ships in 3 to 7 days,,,,H: 6in,,3,$18.15 ,,,,,3,Ragon400,Ragon160,https://cdn11.bigcommerce.com/s-xvps74vl0m/images/stencil/1280x1280/products/9197/25427/WS218046_3__54761.1677258144.jpg?c=1,WS218046_3__54761.1677258144.jpg?c=1,,,Ragon800,WS218046_3__54761.1677258144.jpg?c=1
,,,,,,,,,,,,,,,,,,,,,,,,
"12"" PURPLE JASMINE, ASPARAGUS, SWEET LOCUST, EUCALYPTUS CANDLE RING",G191215,"Home|Sale!|Everyday|12"" PURPLE JASMINE, ASPARAGUS, SWEET LOCUST, EUCALYPTUS CANDLE RING",,In-Stock: Ships in 5 to 14 days,,,,W: 12in,,24,$10.95 ,,,,,24,Ragon400,Ragon160,https://cdn11.bigcommerce.com/s-xvps74vl0m/images/stencil/1280x1280/products/4089/35984/G191215_4__70528.1733863945.jpg?c=1,G191215_4__70528.1733863945.jpg?c=1,,,Ragon800,G191215_4__70528.1733863945.jpg?c=1
,,,,,,,,,,,,,,,,,,,,,,,,
"2X5"" MOVING FLAME BEIGE PILLAR CANDLE",NY229035,"Home|Flameless Candles|2X5"" MOVING FLAME BEIGE PILLAR CANDLE","6 HR TIMER | ON/OFF BUTTON
REQUIRES 2 (AA) BATTERIES, BATTERIES NOT INCLUDED.",In-Stock: Ships in 5 to 14 days,,,,L: 2in W: 2in H: 5in,,6,$7.15 ,,,,,6,Ragon400,Ragon160,https://cdn11.bigcommerce.com/s-xvps74vl0m/images/stencil/1280x1280/products/10406/29159/NY229035_6__48389.1701887399.jpg?c=1,NY229035_6__48389.1701887399.jpg?c=1,,,Ragon800,NY229035_6__48389.1701887399.jpg?c=1
,,,,,,,,,,,,,,,,,,,,,,,,
"24"" CREAM & WHITE HEATHER BUSH",G219044,"Home|Everyday|Florals|24"" CREAM & WHITE HEATHER BUSH",,SOLD OUT,,,,L: 24in,,,$7.70 ,,,,,,Ragon400,Ragon160,https://cdn11.bigcommerce.com/s-xvps74vl0m/images/stencil/1280x1280/products/8375/24536/G219044_1__06279.1677257857.jpg?c=1,G219044_1__06279.1677257857.jpg?c=1,,,Ragon800,G219044_1__06279.1677257857.jpg?c=1
,,,,,,,,,,,,,,,,,,,,,,,,
"12"" FOREST VELVET BELSNICKLE",WS221325,"Home|Holiday|Snowmen, Santas & Angels|12"" FOREST VELVET BELSNICKLE",,Projected Summer 2025,,,,L: 4.50in W: 4in H: 12in,,2,$24.25 ,,,,,2,Ragon400,Ragon160,https://cdn11.bigcommerce.com/s-xvps74vl0m/images/stencil/1280x1280/products/12160/32358/WS221325_3__81909.1708440889.jpg?c=1,WS221325_3__81909.1708440889.jpg?c=1,,,Ragon800,WS221325_3__81909.1708440889.jpg?c=1
,,,,,,,,,,,,,,,,,,,,,,,,
"3.25"" PERCHED RED BIRD ORNAMENT",WS218165,"Home|Holiday|Ornaments, Garland & Tree Toppers|3.25"" PERCHED RED BIRD ORNAMENT",,In-Stock: Ships in 5 to 14 days,,,,L: 3.50in W: 2.25in H: 3.25in,,6,$6.05 ,,,,,6,Ragon400,Ragon160,https://cdn11.bigcommerce.com/s-xvps74vl0m/images/stencil/1280x1280/products/9261/27097/WS218165_2__33317.1679582817.jpg?c=1,WS218165_2__33317.1679582817.jpg?c=1,,,Ragon800,WS218165_2__33317.1679582817.jpg?c=1
,,,,,,,,,,,,,,,,,,,,,,,,
"8.5"" DEER OF THE FIELDS & FOREST JOURNAL",L238732,"Home|Holiday|Tabletop & Misc.|8.5"" DEER OF THE FIELDS & FOREST JOURNAL",,Projected Summer 2025,,,,L: 5.75in W: 1.50in H: 8.50in,,2,$18.15 ,,,,,2,Ragon400,Ragon160,https://cdn11.bigcommerce.com/s-xvps74vl0m/images/stencil/1280x1280/products/16540/40141/L238732_1__19069.1748356647.jpg?c=1,L238732_1__19069.1748356647.jpg?c=1,,,Ragon800,L238732_1__19069.1748356647.jpg?c=1
,,,,,,,,,,,,,,,,,,,,,,,,
"6' - CREAM 1"" FLOCKED BALL GARLAND",WS221352,"Home|Holiday|Cabin & Lodge|6' - CREAM 1"" FLOCKED BALL GARLAND",,In-Stock: Ships in 5 to 14 days,,,,L: 72in,,6,$11.85 ,,,,,6,Ragon400,Ragon160,https://cdn11.bigcommerce.com/s-xvps74vl0m/images/stencil/1280x1280/products/12187/33438/WS221352_1__13363.1711115415.jpg?c=1,WS221352_1__13363.1711115415.jpg?c=1,,,Ragon800,WS221352_1__13363.1711115415.jpg?c=1
,,,,,,,,,,,,,,,,,,,,,,,,
"4"" OLIVE GREEN RIBBED KUGEL ORNAMENT",SS211865,"Home|Holiday|Ornaments, Garland & Tree Toppers|4"" OLIVE GREEN RIBBED KUGEL ORNAMENT",,In-Stock: Ships in 5 to 14 days,,,,L: 4in W: 4in H: 4in,,6,$3.85 ,,,,,6,Ragon400,Ragon160,https://cdn11.bigcommerce.com/s-xvps74vl0m/images/stencil/1280x1280/products/9501/27236/SS211865_3__13963.1679582862.jpg?c=1,SS211865_3__13963.1679582862.jpg?c=1,,,Ragon800,SS211865_3__13963.1679582862.jpg?c=1
,,,,,,,,,,,,,,,,,,,,,,,,
SET/ 3 FIRST SNOWFALL METAL BUCKETS,E234639,Home|Holiday|Tabletop & Misc.|SET/ 3 FIRST SNOWFALL METAL BUCKETS,"SM: 5""L X 5""W X 9""H
MD: 6.5""L X 6.5""W X 11""H
LG: 8""L X 8""W X 12.5""H",In-Stock: Ships in 5 to 14 days,,,,See Details tab,,2,$37.50 ,,,,,2,Ragon400,Ragon160,https://cdn11.bigcommerce.com/s-xvps74vl0m/images/stencil/1280x1280/products/17117/40359/E234639_2__59906.1749063318.jpg?c=1,E234639_2__59906.1749063318.jpg?c=1,,,Ragon800,E234639_2__59906.1749063318.jpg?c=1
,,,,,,,,,,,,,,,,,,,,,,,,
"SET/ 5 - 8"" GREEN HUES BOTTLEBRUSH TREES BOX",WS192404,"Home|Holiday|Bottlebrush|SET/ 5 - 8"" GREEN HUES BOTTLEBRUSH TREES BOX",,In-Stock: Ships in 3 to 7 days,,,,W: 2.75in H: 8in,,3,$19.75 ,,,,,3,Ragon400,Ragon160,https://cdn11.bigcommerce.com/s-xvps74vl0m/images/stencil/1280x1280/products/3151/12260/WS192404_5__15515.1626464858.jpg?c=1,WS192404_5__15515.1626464858.jpg?c=1,,,Ragon800,WS192404_5__15515.1626464858.jpg?c=1
,,,,,,,,,,,,,,,,,,,,,,,,
SET/ 6 BLACK CLIP ON LED CANDLES,NY236349,Home|Holiday|SET/ 6 BLACK CLIP ON LED CANDLES,"6 HR TIMER | ON/OFF BUTTON
REQUIRES 1 (AAA) BATTERY PER CANDLE, BATTERIES NOT INCLUDED. REMOTE INCLUDED W/ 1 (CR2025) BATTERY, BATTERY INCLUDED.",Projected Summer 2025,,,,L: 0.50in W: 0.50in H: 5in,,4,$16.80 ,,,,,4,Ragon400,Ragon160,https://cdn11.bigcommerce.com/s-xvps74vl0m/images/stencil/1280x1280/products/18277/40355/NY236349__16967.1749742548.jpg?c=1,NY236349__16967.1749742548.jpg?c=1,,,Ragon800,NY236349__16967.1749742548.jpg?c=1
,,,,,,,,,,,,,,,,,,,,,,,,
"8"" CREAM 3D FLAME BALSAM TREE CANDLE",NY236681,"Home|Flameless Candles|8"" CREAM 3D FLAME BALSAM TREE CANDLE","6 HR TIMER | ON/OFF BUTTON
REQUIRES 2 (AA) BATTERIES, BATTERIES NOT INCLUDED.",In-Stock: Ships in 5 to 14 days,,,,L: 4.50in W: 4.50in H: 8in,,6,$8.55 ,,,,,6,Ragon400,Ragon160,https://cdn11.bigcommerce.com/s-xvps74vl0m/images/stencil/1280x1280/products/17672/40146/NY236681_1__84225.1748357178.jpg?c=1,NY236681_1__84225.1748357178.jpg?c=1,,,Ragon800,NY236681_1__84225.1748357178.jpg?c=1
,,,,,,,,,,,,,,,,,,,,,,,,
RED MOST WONDERFUL TIME OF THE YEAR ORNAMENT,H195176,"Home|Holiday|Ornaments, Garland & Tree Toppers|RED MOST WONDERFUL TIME OF THE YEAR ORNAMENT","6""L X 2""H, METAL",Late August,,,,L: 6in H: 2in,,24,$3.60 ,,,,,24,Ragon400,Ragon160,https://cdn11.bigcommerce.com/s-xvps74vl0m/images/stencil/1280x1280/products/3527/9388/H195176__97964.1626464011.jpg?c=1,H195176__97964.1626464011.jpg?c=1,,,Ragon800,H195176__97964.1626464011.jpg?c=1
,,,,,,,,,,,,,,,,,,,,,,,,
"33.5"" BLACK CRISS CROSS METAL SHELF",MH213287,"Home|Everyday|Wall Décor|33.5"" BLACK CRISS CROSS METAL SHELF",2 KEYHOLE HANGERS,In-Stock: Ships in 5 to 14 days,,,,L: 33.50in W: 8.50in H: 4.25in,,2,$42.00 ,,,,,2,Ragon400,Ragon160,https://cdn11.bigcommerce.com/s-xvps74vl0m/images/stencil/1280x1280/products/8483/27989/MH213287_2__92433.1687381506.jpg?c=1,MH213287_2__92433.1687381506.jpg?c=1,,,Ragon800,MH213287_2__92433.1687381506.jpg?c=1
,,,,,,,,,,,,,,,,,,,,,,,,
"22"" GREEN HYDRANGEA SPRAY",OR235511,"Home|Everyday|Florals|22"" GREEN HYDRANGEA SPRAY",,In-Stock: Ships in 5 to 14 days,,,,L: 22in W: 7in,,24,$5.25 ,,,,,24,Ragon400,Ragon160,https://cdn11.bigcommerce.com/s-xvps74vl0m/images/stencil/1280x1280/products/16691/35121/OR235511_1__59387.1733861429.jpg?c=1,OR235511_1__59387.1733861429.jpg?c=1,,,Ragon800,OR235511_1__59387.1733861429.jpg?c=1
,,,,,,,,,,,,,,,,,,,,,,,,
"25"" PINK HYDRANGEA SPRAY",HZ238864,"Home|Everyday|Florals|25"" PINK HYDRANGEA SPRAY",,In-Stock: Ships in 5 to 14 days,,,,L: 25in W: 7in,,12,$4.15 ,,,,,12,Ragon400,Ragon160,https://cdn11.bigcommerce.com/s-xvps74vl0m/images/stencil/1280x1280/products/16442/34850/HZ238864_1__59228.1733861348.jpg?c=1,HZ238864_1__59228.1733861348.jpg?c=1,,,Ragon800,HZ238864_1__59228.1733861348.jpg?c=1
,,,,,,,,,,,,,,,,,,,,,,,,
"22"" LACEY FERN BUSH",G233026,"Home|Everyday|Florals|22"" LACEY FERN BUSH",,SOLD OUT,,,,L: 22in W: 17in,,,$12.00 ,,,,,,Ragon400,Ragon160,https://cdn11.bigcommerce.com/s-xvps74vl0m/images/stencil/1280x1280/products/16170/34646/G233026_1__46923.1733861290.jpg?c=1,G233026_1__46923.1733861290.jpg?c=1,,,Ragon800,G233026_1__46923.1733861290.jpg?c=1
,,,,,,,,,,,,,,,,,,,,,,,,
"9.5"" CREAM SWEATER BOWL",LA237814,"Home|Holiday|Tabletop & Misc.|9.5"" CREAM SWEATER BOWL",,In-Stock: Ships in 5 to 14 days,,,,L: 9.50in W: 9.50in H: 4.75in,,2,$19.80 ,,,,,2,Ragon400,Ragon160,https://cdn11.bigcommerce.com/s-xvps74vl0m/images/stencil/1280x1280/products/18419/41259/LA237814_3__31362.1749826453.jpg?c=1,LA237814_3__31362.1749826453.jpg?c=1,,,Ragon800,LA237814_3__31362.1749826453.jpg?c=1
,,,,,,,,,,,,,,,,,,,,,,,,
GINGERBREAD GIRL ORNAMENT,WS231754,"Home|Holiday|Ornaments, Garland & Tree Toppers|GINGERBREAD GIRL ORNAMENT",,Early September,,,,L: 4.50in W: 0.50in H: 5.50in,,12,$2.50 ,,,,,12,Ragon400,Ragon160,https://cdn11.bigcommerce.com/s-xvps74vl0m/images/stencil/1280x1280/products/18193/40482/WS231754_2__28719.1749139046.jpg?c=1,WS231754_2__28719.1749139046.jpg?c=1,,,Ragon800,WS231754_2__28719.1749139046.jpg?c=1
,,,,,,,,,,,,,,,,,,,,,,,,
FRAMED FAWN IN FOREST ORNAMENT,H237544,"Home|Holiday|Ornaments, Garland & Tree Toppers|FRAMED FAWN IN FOREST ORNAMENT","HANG HEIGHT: 12""",In-Stock: Ships in 5 to 14 days,,,,L: 5in W: 0.25in H: 5in,,12,$4.15 ,,,,,12,Ragon400,Ragon160,https://cdn11.bigcommerce.com/s-xvps74vl0m/images/stencil/1280x1280/products/17382/40597/H237544_1__38182.1749155313.jpg?c=1,H237544_1__38182.1749155313.jpg?c=1,,,Ragon800,H237544_1__38182.1749155313.jpg?c=1
,,,,,,,,,,,,,,,,,,,,,,,,
"4"" WHITE METAL STAR ORNAMENT",ZH213552,"Home|Holiday|Ornaments, Garland & Tree Toppers|4"" WHITE METAL STAR ORNAMENT",,In-Stock: Ships in 5 to 14 days,,,,L: 3.25in W: 3.25in H: 3.25in,,8,$1.65 ,,,,,8,Ragon400,Ragon160,https://cdn11.bigcommerce.com/s-xvps74vl0m/images/stencil/1280x1280/products/9598/27322/ZH213552_2__26567.1679582888.jpg?c=1,ZH213552_2__26567.1679582888.jpg?c=1,,,Ragon800,ZH213552_2__26567.1679582888.jpg?c=1
,,,,,,,,,,,,,,,,,,,,,,,,
6' MIX EUCALYPTUS W/BERRIES & CONES GARLAND,G201796,"Home|Holiday|Greenery, Wreaths & Trees|6' MIX EUCALYPTUS W/BERRIES & CONES GARLAND",2 LOOP HANGERS,In-Stock: Ships in 5 to 14 days,,,,L: 72in,,4,$55.75 ,,,,,4,Ragon400,Ragon160,https://cdn11.bigcommerce.com/s-xvps74vl0m/images/stencil/1280x1280/products/7050/19898/G201796_5__13701.1652977700.jpg?c=1,G201796_5__13701.1652977700.jpg?c=1,,,Ragon800,G201796_5__13701.1652977700.jpg?c=1
,,,,,,,,,,,,,,,,,,,,,,,,
"39.5"" CREAM & GREEN FUZZY FLOWER BRANCH",OR215302,"Home|Sale!|Everyday|39.5"" CREAM & GREEN FUZZY FLOWER BRANCH",,In-Stock: Ships in 5 to 14 days,,,,L: 39.50in,,12,$6.35 ,,,,,12,Ragon400,Ragon160,https://cdn11.bigcommerce.com/s-xvps74vl0m/images/stencil/1280x1280/products/8604/35753/OR215302_2__05085.1733863879.jpg?c=1,OR215302_2__05085.1733863879.jpg?c=1,,,Ragon800,OR215302_2__05085.1733863879.jpg?c=1
,,,,,,,,,,,,,,,,,,,,,,,,
"13"" MINI FICUS CANDLE RING",G228368,"Home|Everyday|Florals|13"" MINI FICUS CANDLE RING","INNER: 6.5""",SOLD OUT,,,,L: 13in,,,$9.35 ,,,,,,Ragon400,Ragon160,https://cdn11.bigcommerce.com/s-xvps74vl0m/images/stencil/1280x1280/products/10153/36002/G228368_6__17412.1733863951.jpg?c=1,G228368_6__17412.1733863951.jpg?c=1,,,Ragon800,G228368_6__17412.1733863951.jpg?c=1
,,,,,,,,,,,,,,,,,,,,,,,,
ANTIQUE GOLD METAL TABLETOP TREE,H223356,Home|Holiday|Tabletop & Misc.|ANTIQUE GOLD METAL TABLETOP TREE,,In-Stock: Ships in 5 to 14 days,,,,L: 10.25in W: 6in H: 18.25in,,2,$31.00 ,,,,,2,Ragon400,Ragon160,https://cdn11.bigcommerce.com/s-xvps74vl0m/images/stencil/1280x1280/products/11578/32673/H223356_4__58582.1709219730.jpg?c=1,H223356_4__58582.1709219730.jpg?c=1,,,Ragon800,H223356_4__58582.1709219730.jpg?c=1
,,,,,,,,,,,,,,,,,,,,,,,,
"30.5"" CREAM PEONY SPRAY",OR215319,"Home|Everyday|Florals|30.5"" CREAM PEONY SPRAY",,SOLD OUT,,,,L: 30.50in,,,$8.80 ,,,,,,Ragon400,Ragon160,https://cdn11.bigcommerce.com/s-xvps74vl0m/images/stencil/1280x1280/products/8614/25209/OR215319_1__67057.1677258073.jpg?c=1,OR215319_1__67057.1677258073.jpg?c=1,,,Ragon800,OR215319_1__67057.1677258073.jpg?c=1
,,,,,,,,,,,,,,,,,,,,,,,,
"14"" RED METAL TREE W/ STAR",BF225751,"Home|Holiday|Tabletop & Misc.|14"" RED METAL TREE W/ STAR",,In-Stock: Ships in 5 to 14 days,,,,L: 4.25in W: 4.25in H: 14in,,3,$14.85 ,,,,,3,Ragon400,Ragon160,https://cdn11.bigcommerce.com/s-xvps74vl0m/images/stencil/1280x1280/products/10865/33313/BF225751_3__91040.1711115375.jpg?c=1,BF225751_3__91040.1711115375.jpg?c=1,,,Ragon800,BF225751_3__91040.1711115375.jpg?c=1
,,,,,,,,,,,,,,,,,,,,,,,,
"22"" RED GERANIUM WREATH",G228463,"Home|Everyday|Florals|22"" RED GERANIUM WREATH",,SOLD OUT,,,,L: 22in H: 22in,,,$43.50 ,,,,,,Ragon400,Ragon160,https://cdn11.bigcommerce.com/s-xvps74vl0m/images/stencil/1280x1280/products/13801/36037/G228463_5__14985.1733863963.jpg?c=1,G228463_5__14985.1733863963.jpg?c=1,,,Ragon800,G228463_5__14985.1733863963.jpg?c=1
,,,,,,,,,,,,,,,,,,,,,,,,
"8.5"" CAMP COOKERY JOURNAL",L221501,"Home|Everyday|Kitchen|8.5"" CAMP COOKERY JOURNAL",,In-Stock: Ships in 5 to 14 days,,,,L: 5.75in W: 1.25in H: 8.50in,,2,$18.15 ,,,,,2,Ragon400,Ragon160,https://cdn11.bigcommerce.com/s-xvps74vl0m/images/stencil/1280x1280/products/10245/31984/L221501_3__28367.1707399426.jpg?c=1,L221501_3__28367.1707399426.jpg?c=1,,,Ragon800,L221501_3__28367.1707399426.jpg?c=1
,,,,,,,,,,,,,,,,,,,,,,,,
"24"" POMEGRANATE WREATH",G232708,"Home|Holiday|Greenery, Wreaths & Trees|24"" POMEGRANATE WREATH",,In-Stock: Ships in 5 to 14 days,,,,L: 24in W: 5.50in H: 24in,,2,$43.00 ,,,,,2,Ragon400,Ragon160,https://cdn11.bigcommerce.com/s-xvps74vl0m/images/stencil/1280x1280/products/17166/41434/G232708_1__13998.1749826491.jpg?c=1,G232708_1__13998.1749826491.jpg?c=1,,,Ragon800,G232708_1__13998.1749826491.jpg?c=1
,,,,,,,,,,,,,,,,,,,,,,,,
FRAMED HOLIDAY FOREST SCENE ORNAMENT,H237542,"Home|Holiday|Ornaments, Garland & Tree Toppers|FRAMED HOLIDAY FOREST SCENE ORNAMENT","HANG HEIGHT: 10""
RIBBON HANGER",In-Stock: Ships in 5 to 14 days,,,,L: 4in W: 0.25in H: 4in,,12,$4.15 ,,,,,12,Ragon400,Ragon160,https://cdn11.bigcommerce.com/s-xvps74vl0m/images/stencil/1280x1280/products/17380/40594/H237542_3__51986.1749155252.jpg?c=1,H237542_3__51986.1749155252.jpg?c=1,,,Ragon800,H237542_3__51986.1749155252.jpg?c=1
,,,,,,,,,,,,,,,,,,,,,,,,
"3"" MUSTARD YARN BALL",HE195633,"Home|Sale!|Holiday|3"" MUSTARD YARN BALL","3""W, 100% POLYESTER
CARE INSTRUCTIONS: MACHINE WASH COLD. SEPARATE. DO NOT BLEACH. LINE DRY ONLY.",In-Stock: Ships in 5 to 14 days,,,,W: 3in,,12,$3.60 ,,,,,12,Ragon400,Ragon160,https://cdn11.bigcommerce.com/s-xvps74vl0m/images/stencil/1280x1280/products/3364/9471/HE195633__51804.1626464111.jpg?c=1,HE195633__51804.1626464111.jpg?c=1,,,Ragon800,HE195633__51804.1626464111.jpg?c=1
,,,,,,,,,,,,,,,,,,,,,,,,
CREAM BOTTLEBRUSH STAR ORNAMENT,WS231863,"Home|Holiday|Ornaments, Garland & Tree Toppers|CREAM BOTTLEBRUSH STAR ORNAMENT",,Early September,,,,L: 6.25in W: 6.25in H: 6.25in,,6,$5.80 ,,,,,6,Ragon400,Ragon160,https://cdn11.bigcommerce.com/s-xvps74vl0m/images/stencil/1280x1280/products/18243/40349/WS231863_1__01873.1748896127.jpg?c=1,WS231863_1__01873.1748896127.jpg?c=1,,,Ragon800,WS231863_1__01873.1748896127.jpg?c=1
,,,,,,,,,,,,,,,,,,,,,,,,
BRONZE LED FLOWER,NY236616,Home|Everyday|Flameless Candles|BRONZE LED FLOWER,"6 HR TIMER | ON/OFF BUTTON
REQUIRES 1 (CR2032) BATTERY, BATTERY INCLUDED.",SOLD OUT,,,,L: 5in W: 5in H: 2.75in,,,$7.70 ,,,,,,Ragon400,Ragon160,https://cdn11.bigcommerce.com/s-xvps74vl0m/images/stencil/1280x1280/products/16671/36638/NY236616_3__89119.1733943351.jpg?c=1,NY236616_3__89119.1733943351.jpg?c=1,,,Ragon800,NY236616_3__89119.1733943351.jpg?c=1
,,,,,,,,,,,,,,,,,,,,,,,,
"5"" ANDRI PLAID GLASS 3D FLAME CANDLE",NY236568,"Home|Flameless Candles|5"" ANDRI PLAID GLASS 3D FLAME CANDLE","6 HR TIMER | ON/OFF BUTTON
REQUIRES 3 (AAA) BATTERIES, BATTERIES NOT INCLUDED.",In-Stock: Ships in 5 to 14 days,,,,L: 3in W: 3in H: 5in,,6,$8.55 ,,,,,6,Ragon400,Ragon160,https://cdn11.bigcommerce.com/s-xvps74vl0m/images/stencil/1280x1280/products/16659/41974/NY236568_2__90525.1754680104.jpg?c=1,NY236568_2__90525.1754680104.jpg?c=1,,,Ragon800,NY236568_2__90525.1754680104.jpg?c=1
,,,,,,,,,,,,,,,,,,,,,,,,
"4.75"" RED METAL STAR ORNAMENT",ZH213553,"Home|Holiday|Ornaments, Garland & Tree Toppers|4.75"" RED METAL STAR ORNAMENT",,SOLD OUT,,,,L: 4.75in W: 4.75in H: 4.75in,,,$2.20 ,,,,,,Ragon400,Ragon160,https://cdn11.bigcommerce.com/s-xvps74vl0m/images/stencil/1280x1280/products/9599/27324/ZH213553_2__43257.1679582889.jpg?c=1,ZH213553_2__43257.1679582889.jpg?c=1,,,Ragon800,ZH213553_2__43257.1679582889.jpg?c=1
,,,,,,,,,,,,,,,,,,,,,,,,
HANGER W/ SINGLE BASKET,HY204014,Home|Everyday|Baskets & Buckets|HANGER W/ SINGLE BASKET,,In-Stock: Ships in 5 to 14 days,,,,L: 15.25in W: 5.75in H: 17.75in,,4,$28.75 ,,,,,4,Ragon400,Ragon160,https://cdn11.bigcommerce.com/s-xvps74vl0m/images/stencil/1280x1280/products/7299/15234/HY204014_3__47477.1649681951.jpg?c=1,HY204014_3__47477.1649681951.jpg?c=1,,,Ragon800,HY204014_3__47477.1649681951.jpg?c=1
,,,,,,,,,,,,,,,,,,,,,,,,
"28"" x 18"" COZY CHRISTMAS VILLAGE PRINT",RH239755,"Home|Holiday|Signs|28"" x 18"" COZY CHRISTMAS VILLAGE PRINT",,Projected Summer 2025,,,,L: 28in H: 18in,,2,$28.75 ,,,,,2,Ragon400,Ragon160,https://cdn11.bigcommerce.com/s-xvps74vl0m/images/stencil/1280x1280/products/18354/40102/RH239755_6__27996.1747944946.jpg?c=1,RH239755_6__27996.1747944946.jpg?c=1,,,Ragon800,RH239755_6__27996.1747944946.jpg?c=1
,,,,,,,,,,,,,,,,,,,,,,,,
"4"" GREEN FROSTED GLASS 3D FLAME CANDLE",NY236470,"Home|Flameless Candles|4"" GREEN FROSTED GLASS 3D FLAME CANDLE","6 HR TIMER | ON/OFF BUTTON
REQUIRES 3 (AAA) BATTERIES, BATTERIES NOT INCLUDED.",In-Stock: Ships in 5 to 14 days,,,,L: 3in W: 3in H: 4in,,4,$8.00 ,,,,,4,Ragon400,Ragon160,https://cdn11.bigcommerce.com/s-xvps74vl0m/images/stencil/1280x1280/products/16615/36336/NY236470_2__12439.1733943276.jpg?c=1,NY236470_2__12439.1733943276.jpg?c=1,,,Ragon800,NY236470_2__12439.1733943276.jpg?c=1
,,,,,,,,,,,,,,,,,,,,,,,,
"23"" GEOMETRIC METAL LANTERN",BF215085,"Home|Everyday|Lanterns, Lights & Hooks|23"" GEOMETRIC METAL LANTERN","HANGING HEIGHT: 25"" | HOLDS 3"" CANDLE",In-Stock: Ships in 5 to 14 days,,,,L: 9.50in W: 9.50in H: 23in,,1,$59.00 ,,,,,1,Ragon400,Ragon160,https://cdn11.bigcommerce.com/s-xvps74vl0m/images/stencil/1280x1280/products/8094/23919/BF215085_2__93477.1677257671.jpg?c=1,BF215085_2__93477.1677257671.jpg?c=1,,,Ragon800,BF215085_2__93477.1677257671.jpg?c=1
,,,,,,,,,,,,,,,,,,,,,,,,
"36"" SPINDLE WILLOW SPRAY",G201309,"Home|Everyday|Florals|36"" SPINDLE WILLOW SPRAY",,SOLD OUT,,,,L: 36in,,,$8.25 ,,,,,,Ragon400,Ragon160,https://cdn11.bigcommerce.com/s-xvps74vl0m/images/stencil/1280x1280/products/6818/18695/G201309_3__44727.1649687556.jpg?c=1,G201309_3__44727.1649687556.jpg?c=1,,,Ragon800,G201309_3__44727.1649687556.jpg?c=1
,,,,,,,,,,,,,,,,,,,,,,,,
"35.25"" WOOD FRAMED ROUND MIRROR",E203160,"Home|Everyday|Wall Décor|35.25"" WOOD FRAMED ROUND MIRROR",2 HALF CIRCLE HOOKS,SOLD OUT,,,,L: 35.25in W: 1.50in H: 35.25in,,,$163.00 ,,,,,,Ragon400,Ragon160,https://cdn11.bigcommerce.com/s-xvps74vl0m/images/stencil/1280x1280/products/6489/15421/E203160_6__70570.1643051108.jpg?c=1,E203160_6__70570.1643051108.jpg?c=1,,,Ragon800,E203160_6__70570.1643051108.jpg?c=1
,,,,,,,,,,,,,,,,,,,,,,,,
"3.5"" PIG ORNAMENT",WS227689,"Home|Holiday|Ornaments, Garland & Tree Toppers|3.5"" PIG ORNAMENT",,In-Stock: Ships in 5 to 14 days,,,,L: 3.50in W: 1in H: 2.50in,,8,$5.25 ,,,,,8,Ragon400,Ragon160,https://cdn11.bigcommerce.com/s-xvps74vl0m/images/stencil/1280x1280/products/12489/33008/WS227689_2__25252.1710521323.jpg?c=1,WS227689_2__25252.1710521323.jpg?c=1,,,Ragon800,WS227689_2__25252.1710521323.jpg?c=1
,,,,,,,,,,,,,,,,,,,,,,,,
"32"" PINK BLOSSOM SPRAY",G228168,"Home|Everyday|Florals|32"" PINK BLOSSOM SPRAY",,SOLD OUT,,,,L: 32in,,,$6.05 ,,,,,,Ragon400,Ragon160,https://cdn11.bigcommerce.com/s-xvps74vl0m/images/stencil/1280x1280/products/10099/35747/G228168_5__58568.1733863877.jpg?c=1,G228168_5__58568.1733863877.jpg?c=1,,,Ragon800,G228168_5__58568.1733863877.jpg?c=1
,,,,,,,,,,,,,,,,,,,,,,,,
"SET/ 12 - 1.75"" RUSSET FLOCKED BALLS",WS221345,"Home|Sale!|Holiday|SET/ 12 - 1.75"" RUSSET FLOCKED BALLS",,In-Stock: Ships in 5 to 14 days,,,,H: 1.75in,,12,$10.45 ,,,,,12,Ragon400,Ragon160,https://cdn11.bigcommerce.com/s-xvps74vl0m/images/stencil/1280x1280/products/12180/32943/WS221345_2__53799.1710521300.jpg?c=1,WS221345_2__53799.1710521300.jpg?c=1,,,Ragon800,WS221345_2__53799.1710521300.jpg?c=1
,,,,,,,,,,,,,,,,,,,,,,,,
SET/ 2 DARK GREEN SPIRAL CUT BOTTLEBRUSH TREES,WS192418,Home|Holiday|Bottlebrush|SET/ 2 DARK GREEN SPIRAL CUT BOTTLEBRUSH TREES,"SM: 2.50""W X 8""H, LG: 3""W X 10""H, SISAL",SOLD OUT,,,,W: 3in H: 10in,,,$12.00 ,,,,,,Ragon400,Ragon160,https://cdn11.bigcommerce.com/s-xvps74vl0m/images/stencil/1280x1280/products/3148/12266/WS192418_1__63785.1626464859.jpg?c=1,WS192418_1__63785.1626464859.jpg?c=1,,,Ragon800,WS192418_1__63785.1626464859.jpg?c=1
,,,,,,,,,,,,,,,,,,,,,,,,
"5.75"" BUNNY TAPER CANDLE HOLDER",FB237247,"Home|Everyday|Easter & Spring|5.75"" BUNNY TAPER CANDLE HOLDER",,SOLD OUT,,,,L: 2.75in W: 3.75in H: 5.75in,,,$8.25 ,,,,,,Ragon400,Ragon160,https://cdn11.bigcommerce.com/s-xvps74vl0m/images/stencil/1280x1280/products/15994/41334/FB237247_1__67527.1749826467.jpg?c=1,FB237247_1__67527.1749826467.jpg?c=1,,,Ragon800,FB237247_1__67527.1749826467.jpg?c=1
,,,,,,,,,,,,,,,,,,,,,,,,
"24"" LIGHT GREEN DAHLIA STEM",G191256,"Home|Sale!|Everyday|24"" LIGHT GREEN DAHLIA STEM",,In-Stock: Ships in 5 to 14 days,,,,L: 24in,,12,$3.60 ,,,,,12,Ragon400,Ragon160,https://cdn11.bigcommerce.com/s-xvps74vl0m/images/stencil/1280x1280/products/4082/35815/G191256_3__27531.1733863896.jpg?c=1,G191256_3__27531.1733863896.jpg?c=1,,,Ragon800,G191256_3__27531.1733863896.jpg?c=1
,,,,,,,,,,,,,,,,,,,,,,,,
"3"" RED MERCURY GLASS 3D FLAME CANDLE",NY236605,"Home|Flameless Candles|3"" RED MERCURY GLASS 3D FLAME CANDLE","6 HR TIMER | ON/OFF BUTTON
REQUIRES 1 (CR2032) BATTERY, BATTERY INCLUDED.",Projected Summer 2025,,,,L: 2in W: 2in H: 3in,,6,$6.35 ,,,,,6,Ragon400,Ragon160,https://cdn11.bigcommerce.com/s-xvps74vl0m/images/stencil/1280x1280/products/17638/40244/NY236605_3__00119.1748889914.jpg?c=1,NY236605_3__00119.1748889914.jpg?c=1,,,Ragon800,NY236605_3__00119.1748889914.jpg?c=1
,,,,,,,,,,,,,,,,,,,,,,,,
"12"" POTTED BOSTON FERN",G232940,"Home|Sale!|Everyday|12"" POTTED BOSTON FERN",,In-Stock: Ships in 5 to 14 days,,,,L: 3.75in W: 3.75in H: 12in,,6,$11.55 ,,,,,6,Ragon400,Ragon160,https://cdn11.bigcommerce.com/s-xvps74vl0m/images/stencil/1280x1280/products/16146/34556/G232940_1__23121.1733861263.jpg?c=1,G232940_1__23121.1733861263.jpg?c=1,,,Ragon800,G232940_1__23121.1733861263.jpg?c=1
,,,,,,,,,,,,,,,,,,,,,,,,
EMBROIDERED FELT STAR ORNAMENT,LA237739,"Home|Holiday|Ornaments, Garland & Tree Toppers|EMBROIDERED FELT STAR ORNAMENT","HANG HEIGHT: 7.5""H
TWINE HANGER",In-Stock: Ships in 5 to 14 days,,,,L: 4.50in W: 1.50in H: 4.50in,,32,$2.75 ,,,,,32,Ragon400,Ragon160,https://cdn11.bigcommerce.com/s-xvps74vl0m/images/stencil/1280x1280/products/17549/40292/LA237739_3__98855.1748894215.jpg?c=1,LA237739_3__98855.1748894215.jpg?c=1,,,Ragon800,LA237739_3__98855.1748894215.jpg?c=1
,,,,,,,,,,,,,,,,,,,,,,,,
"6"" CRYSTAL SNOWFLAKE",H237451,"Home|Holiday|6"" CRYSTAL SNOWFLAKE","HANG HEIGHT: 12.5""
RIBBON HANGER",In-Stock: Ships in 5 to 14 days,,,,L: 6in W: 0.25in H: 6.75in,,4,$5.80 ,,,,,4,Ragon400,Ragon160,https://cdn11.bigcommerce.com/s-xvps74vl0m/images/stencil/1280x1280/products/17335/41510/H237451_1__96269.1749826508.jpg?c=1,H237451_1__96269.1749826508.jpg?c=1,,,Ragon800,H237451_1__96269.1749826508.jpg?c=1
,,,,,,,,,,,,,,,,,,,,,,,,
"6"" LIGHT UP SNOW COVERED HOUSE W/ DEER",WS227847,"Home|Holiday|Tabletop & Misc.|6"" LIGHT UP SNOW COVERED HOUSE W/ DEER","6 HR TIMER
REQUIRES 3 (LR44) BATTERIES, BATTERIES NOT INCLUDED.",In-Stock: Ships in 5 to 14 days,,,,L: 4.25in W: 3in H: 6in,,6,$10.45 ,,,,,6,Ragon400,Ragon160,https://cdn11.bigcommerce.com/s-xvps74vl0m/images/stencil/1280x1280/products/12608/32876/WS227847_1__25002.1709219797.jpg?c=1,WS227847_1__25002.1709219797.jpg?c=1,,,Ragon800,WS227847_1__25002.1709219797.jpg?c=1
,,,,,,,,,,,,,,,,,,,,,,,,
GLITTERED WHITE OPEN ANGEL WING ORNAMENT,WS227749,"Home|Holiday|Ornaments, Garland & Tree Toppers|GLITTERED WHITE OPEN ANGEL WING ORNAMENT",,In-Stock: Ships in 5 to 14 days,,,,L: 6.25in W: 1.25in H: 4in,,12,$3.60 ,,,,,12,Ragon400,Ragon160,https://cdn11.bigcommerce.com/s-xvps74vl0m/images/stencil/1280x1280/products/12536/33030/WS227749_3__04485.1710521331.jpg?c=1,WS227749_3__04485.1710521331.jpg?c=1,,,Ragon800,WS227749_3__04485.1710521331.jpg?c=1
,,,,,,,,,,,,,,,,,,,,,,,,
"16"" MIXED PINE, EUCALYPTUS & BERRY PICK",G228622,"Home|Sale!|Holiday|16"" MIXED PINE, EUCALYPTUS & BERRY PICK",,In-Stock: Ships in 5 to 14 days,,,,L: 16in,,12,$10.75 ,,,,,12,Ragon400,Ragon160,https://cdn11.bigcommerce.com/s-xvps74vl0m/images/stencil/1280x1280/products/11348/41161/G228622_2__64426.1749826434.jpg?c=1,G228622_2__64426.1749826434.jpg?c=1,,,Ragon800,G228622_2__64426.1749826434.jpg?c=1
,,,,,,,,,,,,,,,,,,,,,,,,
2' PINE TREE WITH BURLAP BASE,G26743,"Home|Holiday|Greenery, Wreaths & Trees|2' PINE TREE WITH BURLAP BASE","24""H, PE",In-Stock: Ships in 5 to 14 days,,,,H: 24in,,2,$16.25 ,,,,,2,Ragon400,Ragon160,https://cdn11.bigcommerce.com/s-xvps74vl0m/images/stencil/1280x1280/products/2888/26436/G26743__86444.1677864260.jpg?c=1,G26743__86444.1677864260.jpg?c=1,,,Ragon800,G26743__86444.1677864260.jpg?c=1
,,,,,,,,,,,,,,,,,,,,,,,,
SET/ 3 LIGHTED GRAPEVINE CONE TREES,WS221464,Home|Holiday|Cabin & Lodge|SET/ 3 LIGHTED GRAPEVINE CONE TREES,"SM: 14""H MD: 16""H LG: 18""H",In-Stock: Ships in 5 to 14 days,,,,See Details tab,,1,$68.75 ,,,,,1,Ragon400,Ragon160,https://cdn11.bigcommerce.com/s-xvps74vl0m/images/stencil/1280x1280/products/12299/32378/WS221464_1__13559.1708440895.jpg?c=1,WS221464_1__13559.1708440895.jpg?c=1,,,Ragon800,WS221464_1__13559.1708440895.jpg?c=1
,,,,,,,,,,,,,,,,,,,,,,,,
MERRY DOGGIE SIGN,E173366,Home|Holiday|Signs|MERRY DOGGIE SIGN,"10""L X 1.75""W X 10""H, WOOD",SOLD OUT,,,,L: 10in W: 1.75in H: 10in,,,$9.85 ,,,,,,Ragon400,Ragon160,https://cdn11.bigcommerce.com/s-xvps74vl0m/images/stencil/1280x1280/products/4440/6873/G171141_E173366__25301.1626460327.jpg?c=1,G171141_E173366__25301.1626460327.jpg?c=1,,,Ragon800,G171141_E173366__25301.1626460327.jpg?c=1
,,,,,,,,,,,,,,,,,,,,,,,,
"20.25"" BEIGE & PURPLE HYDRANGEA SPRAY",OR215435,"Home|Sale!|Everyday|20.25"" BEIGE & PURPLE HYDRANGEA SPRAY",,In-Stock: Ships in 5 to 14 days,,,,L: 20.25in,,12,$6.35 ,,,,,12,Ragon400,Ragon160,https://cdn11.bigcommerce.com/s-xvps74vl0m/images/stencil/1280x1280/products/8658/35506/OR215435_1__75795.1733863811.jpg?c=1,OR215435_1__75795.1733863811.jpg?c=1,,,Ragon800,OR215435_1__75795.1733863811.jpg?c=1
,,,,,,,,,,,,,,,,,,,,,,,,
SILVER RHINESTONE SNOWFLAKE TREE TOPPER,SS235902,"Home|Holiday|Ornaments, Garland & Tree Toppers|SILVER RHINESTONE SNOWFLAKE TREE TOPPER",,Projected Summer 2025,,,,L: 7.50in W: 2.25in H: 11in,,8,$7.15 ,,,,,8,Ragon400,Ragon160,https://cdn11.bigcommerce.com/s-xvps74vl0m/images/stencil/1280x1280/products/17728/41625/SS235902_2__40054.1749826532.jpg?c=1,SS235902_2__40054.1749826532.jpg?c=1,,,Ragon800,SS235902_2__40054.1749826532.jpg?c=1
,,,,,,,,,,,,,,,,,,,,,,,,
"18"" BLUE FLOCKED BOTTLEBRUSH TREE",WS218089,"Home|Holiday|Bottlebrush|18"" BLUE FLOCKED BOTTLEBRUSH TREE",,In-Stock: Ships in 5 to 14 days,,,,L: 6in W: 6in H: 18in,,4,$15.95 ,,,,,4,Ragon400,Ragon160,https://cdn11.bigcommerce.com/s-xvps74vl0m/images/stencil/1280x1280/products/9219/25456/WS218089_2__33423.1677258154.jpg?c=1,WS218089_2__33423.1677258154.jpg?c=1,,,Ragon800,WS218089_2__33423.1677258154.jpg?c=1
,,,,,,,,,,,,,,,,,,,,,,,,
"18"" LONG BEARD SANTA DUMMY BOARD",WS221068,"Home|Holiday|Tabletop & Misc.|18"" LONG BEARD SANTA DUMMY BOARD",,In-Stock: Ships in 5 to 14 days,,,,H: 18in,,4,$13.75 ,,,,,4,Ragon400,Ragon160,https://cdn11.bigcommerce.com/s-xvps74vl0m/images/stencil/1280x1280/products/11986/32236/WS221068_2__25534.1708440851.jpg?c=1,WS221068_2__25534.1708440851.jpg?c=1,,,Ragon800,WS221068_2__25534.1708440851.jpg?c=1
,,,,,,,,,,,,,,,,,,,,,,,,
"40"" RED & WHITE MERRY CHRISTMAS PLAQUE",BF215188,"Home|Holiday|Signs|40"" RED & WHITE MERRY CHRISTMAS PLAQUE",2 TRIANGLE HANGERS,In-Stock: Ships in 5 to 14 days,,,,L: 40in W: 0.25in H: 7in,,4,$13.20 ,,,,,4,Ragon400,Ragon160,https://cdn11.bigcommerce.com/s-xvps74vl0m/images/stencil/1280x1280/products/8152/24033/BF215188_2__82487.1677257705.jpg?c=1,BF215188_2__82487.1677257705.jpg?c=1,,,Ragon800,BF215188_2__82487.1677257705.jpg?c=1
,,,,,,,,,,,,,,,,,,,,,,,,
"32"" AGED WHITE GARDEN GATE",HY238818,"Home|Everyday|Spring & Garden|32"" AGED WHITE GARDEN GATE",,SOLD OUT,,,,L: 24.25in W: 0.75in H: 32in,,,$24.25 ,,,,,,Ragon400,Ragon160,https://cdn11.bigcommerce.com/s-xvps74vl0m/images/stencil/1280x1280/products/16420/36989/HY238818_6__86424.1733943444.jpg?c=1,HY238818_6__86424.1733943444.jpg?c=1,,,Ragon800,HY238818_6__86424.1733943444.jpg?c=1
,,,,,,,,,,,,,,,,,,,,,,,,
"27.5"" SIENNA BRISTLEGRASS SPRAY",OR235605,"Home|Everyday|Florals|27.5"" SIENNA BRISTLEGRASS SPRAY",,In-Stock: Ships in 5 to 14 days,,,,L: 27.50in W: 6in,,24,$4.70 ,,,,,24,Ragon400,Ragon160,https://cdn11.bigcommerce.com/s-xvps74vl0m/images/stencil/1280x1280/products/16726/35239/OR235605_6__36049.1733861464.jpg?c=1,OR235605_6__36049.1733861464.jpg?c=1,,,Ragon800,OR235605_6__36049.1733861464.jpg?c=1
,,,,,,,,,,,,,,,,,,,,,,,,
"13.5"" BLACK SINGLE BUCKET STAND",HY225543,"Home|Everyday|Vases|13.5"" BLACK SINGLE BUCKET STAND",2 KEYHOLE HANGERS,In-Stock: Ships in 5 to 14 days,,,,L: 9.50in W: 8in H: 13.50in,,4,$19.80 ,,,,,4,Ragon400,Ragon160,https://cdn11.bigcommerce.com/s-xvps74vl0m/images/stencil/1280x1280/products/10210/28856/HY225543_6__90837.1701887299.jpg?c=1,HY225543_6__90837.1701887299.jpg?c=1,,,Ragon800,HY225543_6__90837.1701887299.jpg?c=1
,,,,,,,,,,,,,,,,,,,,,,,,
"31"" PINE TREE W/ TIED BURLAP BASE",G224962,"Home|Holiday|Cabin & Lodge|31"" PINE TREE W/ TIED BURLAP BASE",,In-Stock: Ships in 5 to 14 days,,,,H: 31in,,2,$27.00 ,,,,,2,Ragon400,Ragon160,https://cdn11.bigcommerce.com/s-xvps74vl0m/images/stencil/1280x1280/products/11113/32559/G224962_2__52843.1709219688.jpg?c=1,G224962_2__52843.1709219688.jpg?c=1,,,Ragon800,G224962_2__52843.1709219688.jpg?c=1
,,,,,,,,,,,,,,,,,,,,,,,,
"9"" HAY-SCENTED FERN IN CHARCOAL CERAMIC POT",G228300,"Home|Everyday|Florals|9"" HAY-SCENTED FERN IN CHARCOAL CERAMIC POT",,SOLD OUT,,,,W: 9in H: 5in,,,$6.60 ,,,,,,Ragon400,Ragon160,https://cdn11.bigcommerce.com/s-xvps74vl0m/images/stencil/1280x1280/products/10136/35981/G228300_6__84857.1733863944.jpg?c=1,G228300_6__84857.1733863944.jpg?c=1,,,Ragon800,G228300_6__84857.1733863944.jpg?c=1
,,,,,,,,,,,,,,,,,,,,,,,,
WOOD BLOCK CLOCK,E193205,Home|Sale!|Everyday|WOOD BLOCK CLOCK,"16""L X 2""W X 16""H, WOOD. REQUIRES 1 AA BATTERY, NOT INCLUDED.",In-Stock: Ships in 5 to 14 days,,,,L: 16in W: 2in H: 16in,,2,$35.25 ,,,,,2,Ragon400,Ragon160,https://cdn11.bigcommerce.com/s-xvps74vl0m/images/stencil/1280x1280/products/4155/28383/E193205_2__35217.1693244394.jpg?c=1,E193205_2__35217.1693244394.jpg?c=1,,,Ragon800,E193205_2__35217.1693244394.jpg?c=1
,,,,,,,,,,,,,,,,,,,,,,,,
"26"" CEDAR & MAGNOLIA LEAF W/ RED BERRY WREATH",G224946,"Home|Holiday|Greenery, Wreaths & Trees|26"" CEDAR & MAGNOLIA LEAF W/ RED BERRY WREATH",,In-Stock: Ships in 5 to 14 days,,,,L: 26in H: 26in,,2,$36.50 ,,,,,2,Ragon400,Ragon160,https://cdn11.bigcommerce.com/s-xvps74vl0m/images/stencil/1280x1280/products/11101/41390/G224946_1__35353.1749826480.jpg?c=1,G224946_1__35353.1749826480.jpg?c=1,,,Ragon800,G224946_1__35353.1749826480.jpg?c=1
,,,,,,,,,,,,,,,,,,,,,,,,
"12.75"" VINTAGE SNOWMAN W/ SHOVEL",WS218306,"Home|Holiday|Snowmen, Santas & Angels|12.75"" VINTAGE SNOWMAN W/ SHOVEL",,SOLD OUT,,,,L: 6.75in W: 6.25in H: 12.75in,,,$36.50 ,,,,,,Ragon400,Ragon160,https://cdn11.bigcommerce.com/s-xvps74vl0m/images/stencil/1280x1280/products/9356/28327/WS218306__14805.1692814472.jpg?c=1,WS218306__14805.1692814472.jpg?c=1,,,Ragon800,WS218306__14805.1692814472.jpg?c=1
,,,,,,,,,,,,,,,,,,,,,,,,
CALM & BRIGHT ORNAMENT PLAQUE,E203110,Home|Holiday|Signs|CALM & BRIGHT ORNAMENT PLAQUE,"HH"" 9.0 TWINE HANGER",SOLD OUT,,,,L: 10in W: 0.25in H: 11.75in,,,$6.05 ,,,,,,Ragon400,Ragon160,https://cdn11.bigcommerce.com/s-xvps74vl0m/images/stencil/1280x1280/products/6460/16671/E203110_2__12834.1644254412.jpg?c=1,E203110_2__12834.1644254412.jpg?c=1,,,Ragon800,E203110_2__12834.1644254412.jpg?c=1
,,,,,,,,,,,,,,,,,,,,,,,,
"14"" VINCA LEAF CANDLE RING",G161411,"Home|Everyday|Florals|14"" VINCA LEAF CANDLE RING",,SOLD OUT,,,,W: 14in,,,$7.95 ,,,,,,Ragon400,Ragon160,https://cdn11.bigcommerce.com/s-xvps74vl0m/images/stencil/1280x1280/products/3410/36014/G161411_2__20695.1733863955.jpg?c=1,G161411_2__20695.1733863955.jpg?c=1,,,Ragon800,G161411_2__20695.1733863955.jpg?c=1
,,,,,,,,,,,,,,,,,,,,,,,,
SET/ 3 GOLD BANDED BUCKETS,ZH238659,Home|Sale!|Everyday|SET/ 3 GOLD BANDED BUCKETS,"SM: 7.5""L X 7.5""W X 6.75""H MD: 8.75""L X 8.75""W X 7.75""H LG: 10""L X 10""W X 8.75""H",In-Stock: Ships in 5 to 14 days,,,,See Details tab,,2,$26.50 ,,,,,2,Ragon400,Ragon160,https://cdn11.bigcommerce.com/s-xvps74vl0m/images/stencil/1280x1280/products/16887/37189/ZH238659_5__87112.1733943498.jpg?c=1,ZH238659_5__87112.1733943498.jpg?c=1,,,Ragon800,ZH238659_5__87112.1733943498.jpg?c=1
,,,,,,,,,,,,,,,,,,,,,,,,
"27"" WHITE THISTLE SPRAY",OR224595,"Home|Everyday|Florals|27"" WHITE THISTLE SPRAY",,In-Stock: Ships in 5 to 14 days,,,,L: 27in,,12,$6.05 ,,,,,12,Ragon400,Ragon160,https://cdn11.bigcommerce.com/s-xvps74vl0m/images/stencil/1280x1280/products/10452/35974/OR224595_5__94591.1733863942.jpg?c=1,OR224595_5__94591.1733863942.jpg?c=1,,,Ragon800,OR224595_5__94591.1733863942.jpg?c=1
,,,,,,,,,,,,,,,,,,,,,,,,
4.25' EUCALYPTUS TREE,OR235542,Home|Sale!|Everyday|4.25' EUCALYPTUS TREE,"POT: 7""L 7""W 5.5""H",In-Stock: Ships in 5 to 14 days,,,,L: 27in W: 27in H: 50.50in,,1,$79.25 ,,,,,1,Ragon400,Ragon160,https://cdn11.bigcommerce.com/s-xvps74vl0m/images/stencil/1280x1280/products/16698/35143/OR235542_1__42126.1733861436.jpg?c=1,OR235542_1__42126.1733861436.jpg?c=1,,,Ragon800,OR235542_1__42126.1733861436.jpg?c=1
,,,,,,,,,,,,,,,,,,,,,,,,
"18"" SNOWMAN W/ HOLLY METAL DUMMY BOARD",H237619,"Home|Holiday|Tabletop & Misc.|18"" SNOWMAN W/ HOLLY METAL DUMMY BOARD",,In-Stock: Ships in 5 to 14 days,,,,L: 12.25in W: 0.50in H: 18in,,4,$10.75 ,,,,,4,Ragon400,Ragon160,https://cdn11.bigcommerce.com/s-xvps74vl0m/images/stencil/1280x1280/products/17407/41553/H237619_2__96032.1749826518.jpg?c=1,H237619_2__96032.1749826518.jpg?c=1,,,Ragon800,H237619_2__96032.1749826518.jpg?c=1
,,,,,,,,,,,,,,,,,,,,,,,,
SANTA W/ RED COAT & BIRDHOUSE,G225115,Home|Sale!|Holiday|SANTA W/ RED COAT & BIRDHOUSE,,In-Stock: Ships in 5 to 14 days,,,,L: 10in W: 10in H: 22in,,1,$48.50 ,,,,,1,Ragon400,Ragon160,https://cdn11.bigcommerce.com/s-xvps74vl0m/images/stencil/1280x1280/products/11211/33157/G225115_2__16440.1711078302.jpg?c=1,G225115_2__16440.1711078302.jpg?c=1,,,Ragon800,G225115_2__16440.1711078302.jpg?c=1
,,,,,,,,,,,,,,,,,,,,,,,,
"12"" RED NOSE SNOWMAN",WS202490,"Home|Holiday|Snowmen, Santas & Angels|12"" RED NOSE SNOWMAN",,In-Stock: Ships in 5 to 14 days,,,,L: 6in W: 5in H: 12in,,2,$28.75 ,,,,,2,Ragon400,Ragon160,https://cdn11.bigcommerce.com/s-xvps74vl0m/images/stencil/1280x1280/products/7577/16946/WS202490_3__77523.1644265395.jpg?c=1,WS202490_3__77523.1644265395.jpg?c=1,,,Ragon800,WS202490_3__77523.1644265395.jpg?c=1
,,,,,,,,,,,,,,,,,,,,,,,,
ORANGE & GREEN PLAID CHARGER,WS221249,Home|Everyday|Kitchen|ORANGE & GREEN PLAID CHARGER,FOOD SAFE. DISHWASHER SAFE. TOP RACK ONLY. NOT FOR MICROWAVE OR OVEN USE.,In-Stock: Ships in 5 to 14 days,,,,L: 12in W: 12in,,4,$5.50 ,,,,,4,Ragon400,Ragon160,https://cdn11.bigcommerce.com/s-xvps74vl0m/images/stencil/1280x1280/products/10586/34017/WS221249_2__98554.1712868595.jpg?c=1,WS221249_2__98554.1712868595.jpg?c=1,,,Ragon800,WS221249_2__98554.1712868595.jpg?c=1
,,,,,,,,,,,,,,,,,,,,,,,,
"3.75"" DARK WOOD BUD VASE",FB237243,"Home|Sale!|Everyday|3.75"" DARK WOOD BUD VASE","OPENING: 1.5"" INSIDE DEPTH: 3""",In-Stock: Ships in 5 to 14 days,,,,L: 3.75in W: 3.75in H: 3.75in,,6,$7.45 ,,,,,6,Ragon400,Ragon160,https://cdn11.bigcommerce.com/s-xvps74vl0m/images/stencil/1280x1280/products/15992/36173/FB237243_2__93495.1733943239.jpg?c=1,FB237243_2__93495.1733943239.jpg?c=1,,,Ragon800,FB237243_2__93495.1733943239.jpg?c=1
,,,,,,,,,,,,,,,,,,,,,,,,
VINTAGE HOTEL SIGN,E203473,Home|Everyday|Wall Décor|VINTAGE HOTEL SIGN,2 TRIANGLE HANGERS,In-Stock: Ships in 5 to 14 days,,,,L: 45in W: 0.75in H: 11.50in,,2,$39.75 ,,,,,2,Ragon400,Ragon160,https://cdn11.bigcommerce.com/s-xvps74vl0m/images/stencil/1280x1280/products/6623/14401/E203473_3__66973.1647355265.jpg?c=1,E203473_3__66973.1647355265.jpg?c=1,,,Ragon800,E203473_3__66973.1647355265.jpg?c=1
,,,,,,,,,,,,,,,,,,,,,,,,
SNOWMAN WITH TINSEL SCARF ORNAMENT,WS218011,"Home|Holiday|Ornaments, Garland & Tree Toppers|SNOWMAN WITH TINSEL SCARF ORNAMENT",,Early September,,,,L: 2.50in W: 2.50in H: 6.25in,,12,$8.55 ,,,,,12,Ragon400,Ragon160,https://cdn11.bigcommerce.com/s-xvps74vl0m/images/stencil/1280x1280/products/9176/25392/WS218011_1__13154.1677258131.jpg?c=1,WS218011_1__13154.1677258131.jpg?c=1,,,Ragon800,WS218011_1__13154.1677258131.jpg?c=1
,,,,,,,,,,,,,,,,,,,,,,,,
"40"" FRAMED METAL ROOSTER",H237470,"Home|Sale!|Everyday|40"" FRAMED METAL ROOSTER",2 HALF CIRCLE HANGERS,In-Stock: Ships in 5 to 14 days,,,,L: 36in W: 1.50in H: 40in,,1,$141.00 ,,,,,1,Ragon400,Ragon160,https://cdn11.bigcommerce.com/s-xvps74vl0m/images/stencil/1280x1280/products/16332/36921/H237470_4__15031.1733943425.jpg?c=1,H237470_4__15031.1733943425.jpg?c=1,,,Ragon800,H237470_4__15031.1733943425.jpg?c=1
,,,,,,,,,,,,,,,,,,,,,,,,
LIT CANDLE METAL WALL PLAQUE,H237521,Home|Holiday|Signs|LIT CANDLE METAL WALL PLAQUE,1 SAWTOOTH HANGER,In-Stock: Ships in 5 to 14 days,,,,L: 10.25in W: 0.25in H: 13in,,4,$8.25 ,,,,,4,Ragon400,Ragon160,https://cdn11.bigcommerce.com/s-xvps74vl0m/images/stencil/1280x1280/products/16345/41532/H237521_2__39431.1749826514.jpg?c=1,H237521_2__39431.1749826514.jpg?c=1,,,Ragon800,H237521_2__39431.1749826514.jpg?c=1
,,,,,,,,,,,,,,,,,,,,,,,,
CELEBRATE PILLOW,E173388,Home|Holiday|Textiles|CELEBRATE PILLOW,"20""L X 20""H, COTTON BLEND
CARE INSTRUCTIONS: MACHINE WASH COLD. SEPARATE. DO NOT BLEACH. LINE DRY ONLY.",In-Stock: Ships in 5 to 14 days,,,,L: 20in H: 20in,,4,$24.00 ,,,,,4,Ragon400,Ragon160,https://cdn11.bigcommerce.com/s-xvps74vl0m/images/stencil/1280x1280/products/4443/6880/E173388__86055.1626460328.jpg?c=1,E173388__86055.1626460328.jpg?c=1,,,Ragon800,E173388__86055.1626460328.jpg?c=1
,,,,,,,,,,,,,,,,,,,,,,,,
"7.5"" SIMPLE SANTA W/ WREATH",WS221108,"Home|Holiday|Snowmen, Santas & Angels|7.5"" SIMPLE SANTA W/ WREATH",,Early September,,,,L: 3.25in W: 3in H: 7.50in,,3,$13.20 ,,,,,3,Ragon400,Ragon160,https://cdn11.bigcommerce.com/s-xvps74vl0m/images/stencil/1280x1280/products/12013/32251/WS221108_1__68934.1708440856.jpg?c=1,WS221108_1__68934.1708440856.jpg?c=1,,,Ragon800,WS221108_1__68934.1708440856.jpg?c=1
,,,,,,,,,,,,,,,,,,,,,,,,
"28"" MUSTARD PLAID TREE SKIRT",SS221925,"Home|Sale!|Holiday|28"" MUSTARD PLAID TREE SKIRT",,In-Stock: Ships in 5 to 14 days,,,,L: 28in,,4,$17.60 ,,,,,4,Ragon400,Ragon160,https://cdn11.bigcommerce.com/s-xvps74vl0m/images/stencil/1280x1280/products/11842/33988/SS221925_2__21193.1712868585.jpg?c=1,SS221925_2__21193.1712868585.jpg?c=1,,,Ragon800,SS221925_2__21193.1712868585.jpg?c=1
,,,,,,,,,,,,,,,,,,,,,,,,
7' MINI BAMBOO TREE IN BLACK POT,G228312,Home|Everyday|Florals|7' MINI BAMBOO TREE IN BLACK POT,Assembly required ,In-Stock: Ships in 5 to 14 days,,,,H: 84in,,1,$127.75 ,,,,,1,Ragon400,Ragon160,https://cdn11.bigcommerce.com/s-xvps74vl0m/images/stencil/1280x1280/products/10146/28767/G228312_4__02495.1701887272.jpg?c=1,G228312_4__02495.1701887272.jpg?c=1,,,Ragon800,G228312_4__02495.1701887272.jpg?c=1
,,,,,,,,,,,,,,,,,,,,,,,,
"25"" BURGUNDY PEONY STEM",G219261,"Home|Everyday|Florals|25"" BURGUNDY PEONY STEM",,In-Stock: Ships in 5 to 14 days,,,,L: 25in,,12,$3.30 ,,,,,12,Ragon400,Ragon160,https://cdn11.bigcommerce.com/s-xvps74vl0m/images/stencil/1280x1280/products/8403/24598/G219261_1__36863.1677257876.jpg?c=1,G219261_1__36863.1677257876.jpg?c=1,,,Ragon800,G219261_1__36863.1677257876.jpg?c=1
,,,,,,,,,,,,,,,,,,,,,,,,
"27.25"" AGED RED METAL LANTERN",BF235203,"Home|Holiday|Tabletop & Misc.|27.25"" AGED RED METAL LANTERN",,In-Stock: Ships in 5 to 14 days,,,,L: 9in W: 9in H: 27.25in,,2,$54.00 ,,,,,2,Ragon400,Ragon160,https://cdn11.bigcommerce.com/s-xvps74vl0m/images/stencil/1280x1280/products/16983/41085/BF235203_4__63422.1749826419.jpg?c=1,BF235203_4__63422.1749826419.jpg?c=1,,,Ragon800,BF235203_4__63422.1749826419.jpg?c=1
,,,,,,,,,,,,,,,,,,,,,,,,
"33"" CREAM MINI FLOWER & BOXWOOD HANGING BUSH",G232953,"Home|Everyday|Florals|33"" CREAM MINI FLOWER & BOXWOOD HANGING BUSH",,SOLD OUT,,,,L: 33in W: 6in,,,$6.50 ,,,,,,Ragon400,Ragon160,https://cdn11.bigcommerce.com/s-xvps74vl0m/images/stencil/1280x1280/products/16147/37306/G232953_10__39630.1735938455.jpg?c=1,G232953_10__39630.1735938455.jpg?c=1,,,Ragon800,G232953_10__39630.1735938455.jpg?c=1
,,,,,,,,,,,,,,,,,,,,,,,,
LET'S STAY HOME SIGN,E217195,Home|Sale!|Everyday|LET'S STAY HOME SIGN,2 HALF CIRCLE HANGERS,In-Stock: Ships in 5 to 14 days,,,,L: 20in W: 0.25in H: 11.50in,,4,$15.95 ,,,,,4,Ragon400,Ragon160,https://cdn11.bigcommerce.com/s-xvps74vl0m/images/stencil/1280x1280/products/6687/28445/E217195__17772.1694612906.jpg?c=1,E217195__17772.1694612906.jpg?c=1,,,Ragon800,E217195__17772.1694612906.jpg?c=1
,,,,,,,,,,,,,,,,,,,,,,,,
"12"" ICED RED BERRY CANDLE RING",G233342,"Home|Holiday|Greenery, Wreaths & Trees|12"" ICED RED BERRY CANDLE RING","INNER: 6""",In-Stock: Ships in 5 to 14 days,,,,L: 12in H: 12in,,6,$10.45 ,,,,,6,Ragon400,Ragon160,https://cdn11.bigcommerce.com/s-xvps74vl0m/images/stencil/1280x1280/products/17206/41471/G233342_1__28637.1749826499.jpg?c=1,G233342_1__28637.1749826499.jpg?c=1,,,Ragon800,G233342_1__28637.1749826499.jpg?c=1
,,,,,,,,,,,,,,,,,,,,,,,,
"20"" PINE TREE W/ TIED BURLAP BASE",G224960,"Home|Holiday|Cabin & Lodge|20"" PINE TREE W/ TIED BURLAP BASE",,In-Stock: Ships in 5 to 14 days,,,,H: 20in,,4,$14.85 ,,,,,4,Ragon400,Ragon160,https://cdn11.bigcommerce.com/s-xvps74vl0m/images/stencil/1280x1280/products/11111/32557/G224960_2__07220.1709219688.jpg?c=1,G224960_2__07220.1709219688.jpg?c=1,,,Ragon800,G224960_2__07220.1709219688.jpg?c=1
,,,,,,,,,,,,,,,,,,,,,,,,
6' WHITE POM POM WILDFLOWER GARLAND,HZ238873,Home|Sale!|Everyday|6' WHITE POM POM WILDFLOWER GARLAND,,In-Stock: Ships in 5 to 14 days,,,,L: 72in W: 7in,,2,$25.50 ,,,,,2,Ragon400,Ragon160,https://cdn11.bigcommerce.com/s-xvps74vl0m/images/stencil/1280x1280/products/16449/34878/HZ238873_4__43447.1733861355.jpg?c=1,HZ238873_4__43447.1733861355.jpg?c=1,,,Ragon800,HZ238873_4__43447.1733861355.jpg?c=1
,,,,,,,,,,,,,,,,,,,,,,,,
METAL CADDY ORGANIZER,HY225578,Home|Everyday|Tabletop & Misc.|METAL CADDY ORGANIZER,,In-Stock: Ships in 5 to 14 days,,,,L: 11.75in W: 8in H: 10in,,4,$21.50 ,,,,,4,Ragon400,Ragon160,https://cdn11.bigcommerce.com/s-xvps74vl0m/images/stencil/1280x1280/products/10226/28881/HY225578_7__58242.1701887307.jpg?c=1,HY225578_7__58242.1701887307.jpg?c=1,,,Ragon800,HY225578_7__58242.1701887307.jpg?c=1
,,,,,,,,,,,,,,,,,,,,,,,,
"4"" MOVING FLAME GOLD PILLAR CANDLE",NY213028,"Home|Flameless Candles|4"" MOVING FLAME GOLD PILLAR CANDLE","6 HR TIMER
REQUIRES 2 (AA) BATTERIES, BATTERIES NOT INCLUDED.",In-Stock: Ships in 5 to 14 days,,,,L: 3in W: 3in H: 4in,,6,$6.90 ,,,,,6,Ragon400,Ragon160,https://cdn11.bigcommerce.com/s-xvps74vl0m/images/stencil/1280x1280/products/8557/28093/NY213028_1__52485.1687554003.jpg?c=1,NY213028_1__52485.1687554003.jpg?c=1,,,Ragon800,NY213028_1__52485.1687554003.jpg?c=1
,,,,,,,,,,,,,,,,,,,,,,,,
NO HUNTING SIGN,E226647,Home|Sale!|Everyday|NO HUNTING SIGN,2 SAWTOOTH HANGERS,In-Stock: Ships in 5 to 14 days,,,,L: 36in W: 1in H: 8in,,3,$19.80 ,,,,,3,Ragon400,Ragon160,https://cdn11.bigcommerce.com/s-xvps74vl0m/images/stencil/1280x1280/products/10769/33875/E226647_1__17254.1712868548.jpg?c=1,E226647_1__17254.1712868548.jpg?c=1,,,Ragon800,E226647_1__17254.1712868548.jpg?c=1
,,,,,,,,,,,,,,,,,,,,,,,,
SET/ 3 JOY & LAUGHTER METAL BUCKETS,E234637,Home|Holiday|Tabletop & Misc.|SET/ 3 JOY & LAUGHTER METAL BUCKETS,"SM: 5""L X 5""W X 9""H
MD: 6.5""L X 6.5""W X 11""H
LG: 8""L X 8""W X 12.5""H",In-Stock: Ships in 5 to 14 days,,,,See Details tab,,2,$37.50 ,,,,,2,Ragon400,Ragon160,https://cdn11.bigcommerce.com/s-xvps74vl0m/images/stencil/1280x1280/products/17115/40357/E234637_5__27808.1749063168.jpg?c=1,E234637_5__27808.1749063168.jpg?c=1,,,Ragon800,E234637_5__27808.1749063168.jpg?c=1
,,,,,,,,,,,,,,,,,,,,,,,,
"24"" FROSTED PINE, BERRIES & PINECONES WREATH",G233506,"Home|Holiday|Greenery, Wreaths & Trees|24"" FROSTED PINE, BERRIES & PINECONES WREATH",RING,In-Stock: Ships in 5 to 14 days,,,,L: 24in W: 6in H: 24in,,1,$42.00 ,,,,,1,Ragon400,Ragon160,https://cdn11.bigcommerce.com/s-xvps74vl0m/images/stencil/1280x1280/products/17239/41486/G233506_2__49981.1749826503.jpg?c=1,G233506_2__49981.1749826503.jpg?c=1,,,Ragon800,G233506_2__49981.1749826503.jpg?c=1
,,,,,,,,,,,,,,,,,,,,,,,,
"4"" PEARL GREEN GLASS ORNAMENT",SS232238,"Home|Holiday|Ornaments, Garland & Tree Toppers|4"" PEARL GREEN GLASS ORNAMENT",,In-Stock: Ships in 5 to 14 days,,,,L: 4in,,6,$4.15 ,,,,,6,Ragon400,Ragon160,https://cdn11.bigcommerce.com/s-xvps74vl0m/images/stencil/1280x1280/products/17826/41597/SS232238_1__95149.1749826526.jpg?c=1,SS232238_1__95149.1749826526.jpg?c=1,,,Ragon800,SS232238_1__95149.1749826526.jpg?c=1
,,,,,,,,,,,,,,,,,,,,,,,,
"6"" AMBER RHINESTONE SNOWFLAKE ORNAMENT",SS235905,"Home|Holiday|6"" AMBER RHINESTONE SNOWFLAKE ORNAMENT",,Projected Summer 2025,,,,L: 6in H: 6in,,12,$4.70 ,,,,,12,Ragon400,Ragon160,https://cdn11.bigcommerce.com/s-xvps74vl0m/images/stencil/1280x1280/products/17729/40299/SS235905_1__45723.1748894485.jpg?c=1,SS235905_1__45723.1748894485.jpg?c=1,,,Ragon800,SS235905_1__45723.1748894485.jpg?c=1
,,,,,,,,,,,,,,,,,,,,,,,,
"5"" FIRE RED GLASS ORNAMENT",SS232309,"Home|Holiday|Ornaments, Garland & Tree Toppers|5"" FIRE RED GLASS ORNAMENT",,In-Stock: Ships in 5 to 14 days,,,,L: 5in,,4,$7.70 ,,,,,4,Ragon400,Ragon160,https://cdn11.bigcommerce.com/s-xvps74vl0m/images/stencil/1280x1280/products/17833/41600/SS232309_3__32405.1749826527.jpg?c=1,SS232309_3__32405.1749826527.jpg?c=1,,,Ragon800,SS232309_3__32405.1749826527.jpg?c=1
,,,,,,,,,,,,,,,,,,,,,,,,
"SET/ 10 COLOR 2.5"" BOTTLEBRUSH TREES",WS182340,"Home|Holiday|Bottlebrush|SET/ 10 COLOR 2.5"" BOTTLEBRUSH TREES","1''W X 3''H, BOTTLEBRUSH",In-Stock: Ships in 5 to 14 days,,,,L: 1in W: 1in H: 3in,,6,$12.65 ,,,,,6,Ragon400,Ragon160,https://cdn11.bigcommerce.com/s-xvps74vl0m/images/stencil/1280x1280/products/5383/11836/WS182340__2___62512.1626464682.jpg?c=1,WS182340__2___62512.1626464682.jpg?c=1,,,Ragon800,WS182340__2___62512.1626464682.jpg?c=1
,,,,,,,,,,,,,,,,,,,,,,,,
"23.5"" BLUE MUM SPRAY",G233110,"Home|Sale!|Everyday|23.5"" BLUE MUM SPRAY",,In-Stock: Ships in 5 to 14 days,,,,L: 23.50in W: 6in,,12,$3.05 ,,,,,12,Ragon400,Ragon160,https://cdn11.bigcommerce.com/s-xvps74vl0m/images/stencil/1280x1280/products/16196/34740/G233110_7__92889.1733861317.jpg?c=1,G233110_7__92889.1733861317.jpg?c=1,,,Ragon800,G233110_7__92889.1733861317.jpg?c=1
,,,,,,,,,,,,,,,,,,,,,,,,
"4"" RED DOTTED GLASS 3D FLAME CANDLE",NY236365,"Home|Flameless Candles|4"" RED DOTTED GLASS 3D FLAME CANDLE","6 HR TIMER | ON/OFF BUTTON
REQUIRES 2 (AA) BATTERIES, BATTERIES NOT INCLUDED.",In-Stock: Ships in 5 to 14 days,,,,L: 3.50in W: 3.50in H: 4in,,6,$8.80 ,,,,,6,Ragon400,Ragon160,https://cdn11.bigcommerce.com/s-xvps74vl0m/images/stencil/1280x1280/products/17585/40200/NY236365_5__76436.1748547548.jpg?c=1,NY236365_5__76436.1748547548.jpg?c=1,,,Ragon800,NY236365_5__76436.1748547548.jpg?c=1
,,,,,,,,,,,,,,,,,,,,,,,,
"18"" WALLEYE FISH",FB225392,"Home|Sale!|Everyday|18"" WALLEYE FISH",2 SAWTOOTH HANGER & TWINE HANGER,In-Stock: Ships in 5 to 14 days,,,,L: 18in W: 0.25in H: 7.50in,,6,$9.65 ,,,,,6,Ragon400,Ragon160,https://cdn11.bigcommerce.com/s-xvps74vl0m/images/stencil/1280x1280/products/10814/33365/FB225392_3__44219.1711115390.jpg?c=1,FB225392_3__44219.1711115390.jpg?c=1,,,Ragon800,FB225392_3__44219.1711115390.jpg?c=1
,,,,,,,,,,,,,,,,,,,,,,,,
"5"" BLACK GLASS 3D FLAME CANDLE",NY229047,"Home|Flameless Candles|5"" BLACK GLASS 3D FLAME CANDLE","6 HR TIMER | ON/OFF BUTTON
REQUIRES 3 (AAA) BATTERIES, BATTERIES NOT INCLUDED.",In-Stock: Ships in 5 to 14 days,,,,L: 3in W: 3in H: 5in,,6,$7.45 ,,,,,6,Ragon400,Ragon160,https://cdn11.bigcommerce.com/s-xvps74vl0m/images/stencil/1280x1280/products/10418/29183/NY229047_2__60398.1701887406.jpg?c=1,NY229047_2__60398.1701887406.jpg?c=1,,,Ragon800,NY229047_2__60398.1701887406.jpg?c=1
,,,,,,,,,,,,,,,,,,,,,,,,
"5"" MOVING FLAME BRONZE PILLAR CANDLE",NY229041,"Home|Flameless Candles|5"" MOVING FLAME BRONZE PILLAR CANDLE","6 HR TIMER | ON/OFF BUTTON
REQUIRES 2 (AA) BATTERIES, BATTERIES NOT INCLUDED.",In-Stock: Ships in 5 to 14 days,,,,L: 3.25in W: 3.25in H: 5in,,6,$9.10 ,,,,,6,Ragon400,Ragon160,https://cdn11.bigcommerce.com/s-xvps74vl0m/images/stencil/1280x1280/products/10412/29171/NY229041_4__81500.1701887403.jpg?c=1,NY229041_4__81500.1701887403.jpg?c=1,,,Ragon800,NY229041_4__81500.1701887403.jpg?c=1
,,,,,,,,,,,,,,,,,,,,,,,,
"10.25"" NATURAL WOOD TREE",FB225329,"Home|Holiday|Tabletop & Misc.|10.25"" NATURAL WOOD TREE",,In-Stock: Ships in 5 to 14 days,,,,L: 5.75in W: 5.75in H: 10.25in,,4,$20.50 ,,,,,4,Ragon400,Ragon160,https://cdn11.bigcommerce.com/s-xvps74vl0m/images/stencil/1280x1280/products/11001/32081/FB225329_1__50310.1708440798.jpg?c=1,FB225329_1__50310.1708440798.jpg?c=1,,,Ragon800,FB225329_1__50310.1708440798.jpg?c=1
,,,,,,,,,,,,,,,,,,,,,,,,
"SET/ 2 - 6.75"" MOVING FLAME GREEN TAPER CANDLE",NY213012,"Home|Flameless Candles|SET/ 2 - 6.75"" MOVING FLAME GREEN TAPER CANDLE","6 HR TIMER | ON/OFF BUTTON
REQUIRES 1 (AAA) BATTERY, BATTERY NOT INCLUDED.",In-Stock: Ships in 5 to 14 days,,,,L: 0.75in W: 0.75in H: 6.75in,,12,$9.35 ,,,,,12,Ragon400,Ragon160,https://cdn11.bigcommerce.com/s-xvps74vl0m/images/stencil/1280x1280/products/8541/28202/NY213012_4__20669.1689366339.jpg?c=1,NY213012_4__20669.1689366339.jpg?c=1,,,Ragon800,NY213012_4__20669.1689366339.jpg?c=1
,,,,,,,,,,,,,,,,,,,,,,,,
"10"" CARDINAL PLATE",WS221225,"Home|Holiday|Tabletop & Misc.|10"" CARDINAL PLATE",FOOD SAFE. DISHWASHER SAFE. TOP RACK ONLY. NOT FOR MICROWAVE OR OVEN USE.,Projected Summer 2025,,,,L: 10in W: 10in,,4,$3.05 ,,,,,4,Ragon400,Ragon160,https://cdn11.bigcommerce.com/s-xvps74vl0m/images/stencil/1280x1280/products/12091/33773/WS221225_5__33951.1712154136.jpg?c=1,WS221225_5__33951.1712154136.jpg?c=1,,,Ragon800,WS221225_5__33951.1712154136.jpg?c=1
,,,,,,,,,,,,,,,,,,,,,,,,
TWO TIERED WHITE METAL WALL TUBS,ZH197575,Home|Everyday|Wall Décor|TWO TIERED WHITE METAL WALL TUBS,"15.75""L X 4.50""W X 20.75""H, METAL",In-Stock: Ships in 5 to 14 days,,,,L: 15.75in W: 4.50in H: 20.75in,,2,$35.25 ,,,,,2,Ragon400,Ragon160,https://cdn11.bigcommerce.com/s-xvps74vl0m/images/stencil/1280x1280/products/3733/12476/ZH197575_3__90806.1626464911.jpg?c=1,ZH197575_3__90806.1626464911.jpg?c=1,,,Ragon800,ZH197575_3__90806.1626464911.jpg?c=1
,,,,,,,,,,,,,,,,,,,,,,,,
"72"" GOLD BALL GARLAND W/ 1.5"" BALL",WS202012,"Home|Holiday|Ornaments, Garland & Tree Toppers|72"" GOLD BALL GARLAND W/ 1.5"" BALL","Smallest Ball Measures .75"" Largest Ball Measures 1.5""",In-Stock: Ships in 5 to 14 days,,,,L: 72in W: 1.50in,,6,$28.75 ,,,,,6,Ragon400,Ragon160,https://cdn11.bigcommerce.com/s-xvps74vl0m/images/stencil/1280x1280/products/7489/20057/WS202012__03560.1653057166.jpg?c=1,WS202012__03560.1653057166.jpg?c=1,,,Ragon800,WS202012__03560.1653057166.jpg?c=1
,,,,,,,,,,,,,,,,,,,,,,,,
"4"" GLASS SNOWFLAKE CANDLE HOLDER",SS235991,"Home|Holiday|4"" GLASS SNOWFLAKE CANDLE HOLDER",,In-Stock: Ships in 5 to 14 days,,,,L: 3in W: 3in H: 4in,,4,$9.65 ,,,,,4,Ragon400,Ragon160,https://cdn11.bigcommerce.com/s-xvps74vl0m/images/stencil/1280x1280/products/16797/41633/SS235991_5__05272.1749826533.jpg?c=1,SS235991_5__05272.1749826533.jpg?c=1,,,Ragon800,SS235991_5__05272.1749826533.jpg?c=1
,,,,,,,,,,,,,,,,,,,,,,,,
SINGING SANTA W/ GREEN COAT,G225114,Home|Sale!|Holiday|SINGING SANTA W/ GREEN COAT,POSABLE LIMBS ,In-Stock: Ships in 5 to 14 days,,,,L: 9in W: 8in H: 20in,,1,$46.25 ,,,,,1,Ragon400,Ragon160,https://cdn11.bigcommerce.com/s-xvps74vl0m/images/stencil/1280x1280/products/11210/32111/G225114_3__11034.1708440808.jpg?c=1,G225114_3__11034.1708440808.jpg?c=1,,,Ragon800,G225114_3__11034.1708440808.jpg?c=1
,,,,,,,,,,,,,,,,,,,,,,,,
"16"" RED RESIN TREE",WS221369,"Home|Holiday|Tabletop & Misc.|16"" RED RESIN TREE",,SOLD OUT,,,,W: 6in H: 16in,,,$29.50 ,,,,,,Ragon400,Ragon160,https://cdn11.bigcommerce.com/s-xvps74vl0m/images/stencil/1280x1280/products/12204/32366/WS221369_2__09546.1708440891.jpg?c=1,WS221369_2__09546.1708440891.jpg?c=1,,,Ragon800,WS221369_2__09546.1708440891.jpg?c=1
,,,,,,,,,,,,,,,,,,,,,,,,
"28.5"" DISTRESSED WHITE TREE W/ FAUX WOOD BASE",H223291,"Home|Holiday|Cabin & Lodge|28.5"" DISTRESSED WHITE TREE W/ FAUX WOOD BASE",,In-Stock: Ships in 5 to 14 days,,,,L: 18.75in W: 18.75in H: 28.50in,,1,$57.25 ,,,,,1,Ragon400,Ragon160,https://cdn11.bigcommerce.com/s-xvps74vl0m/images/stencil/1280x1280/products/11562/32166/H223291_1__17175.1708440828.jpg?c=1,H223291_1__17175.1708440828.jpg?c=1,,,Ragon800,H223291_1__17175.1708440828.jpg?c=1
,,,,,,,,,,,,,,,,,,,,,,,,
"7.5"" CLEAR GLASS JAR W/ GOLD LID",SE221627,"Home|Everyday|Kitchen|7.5"" CLEAR GLASS JAR W/ GOLD LID",,In-Stock: Ships in 5 to 14 days,,,,L: 5in W: 5in H: 7.50in,,4,$11.85 ,,,,,4,Ragon400,Ragon160,https://cdn11.bigcommerce.com/s-xvps74vl0m/images/stencil/1280x1280/products/10519/34112/SE221627_1__41522.1719419620.jpg?c=1,SE221627_1__41522.1719419620.jpg?c=1,,,Ragon800,SE221627_1__41522.1719419620.jpg?c=1
,,,,,,,,,,,,,,,,,,,,,,,,
"16.5"" DEEP OCEAN VELVET BELSNICKLE",WS221321,"Home|Holiday|Snowmen, Santas & Angels|16.5"" DEEP OCEAN VELVET BELSNICKLE",,In-Stock: Ships in 5 to 14 days,,,,L: 6in W: 5.50in H: 16.50in,,2,$35.25 ,,,,,2,Ragon400,Ragon160,https://cdn11.bigcommerce.com/s-xvps74vl0m/images/stencil/1280x1280/products/12156/32354/WS221321_2__59687.1708440887.jpg?c=1,WS221321_2__59687.1708440887.jpg?c=1,,,Ragon800,WS221321_2__59687.1708440887.jpg?c=1
,,,,,,,,,,,,,,,,,,,,,,,,
PRESSED HOLIDAY RED BERRY ORNAMENT,BF235245,"Home|Holiday|Ornaments, Garland & Tree Toppers|PRESSED HOLIDAY RED BERRY ORNAMENT",,In-Stock: Ships in 5 to 14 days,,,,L: 4.25in W: 0.50in H: 4.75in,,12,$5.50 ,,,,,12,Ragon400,Ragon160,https://cdn11.bigcommerce.com/s-xvps74vl0m/images/stencil/1280x1280/products/17004/41095/BF235245_1__05785.1749826421.jpg?c=1,BF235245_1__05785.1749826421.jpg?c=1,,,Ragon800,BF235245_1__05785.1749826421.jpg?c=1
,,,,,,,,,,,,,,,,,,,,,,,,
"1"" EMERALD GREEN VELVET WIRED RIBBON",SS211997,"Home|Holiday|Textiles|1"" EMERALD GREEN VELVET WIRED RIBBON",,Projected Summer 2025,,,,L: 360in W: 1in,,5,$8.55 ,,,,,5,Ragon400,Ragon160,https://cdn11.bigcommerce.com/s-xvps74vl0m/images/stencil/1280x1280/products/9885/27530/SS211997_1__84440.1679582952.jpg?c=1,SS211997_1__84440.1679582952.jpg?c=1,,,Ragon800,SS211997_1__84440.1679582952.jpg?c=1
,,,,,,,,,,,,,,,,,,,,,,,,
"32"" FRIENDSHIP METAL SIGN",E217433,"Home|Everyday|Wall Décor|32"" FRIENDSHIP METAL SIGN",2 SAWTOOTH HANGERS,In-Stock: Ships in 5 to 14 days,,,,L: 32in W: 0.50in H: 10.75in,,2,$24.25 ,,,,,2,Ragon400,Ragon160,https://cdn11.bigcommerce.com/s-xvps74vl0m/images/stencil/1280x1280/products/8292/24387/E217433_2__68090.1677257810.jpg?c=1,E217433_2__68090.1677257810.jpg?c=1,,,Ragon800,E217433_2__68090.1677257810.jpg?c=1
,,,,,,,,,,,,,,,,,,,,,,,,
"12"" DISTRESSED BROWN METAL URN",SH222256,"Home|Sale!|Everyday|12"" DISTRESSED BROWN METAL URN",,In-Stock: Ships in 5 to 14 days,,,,L: 9in W: 7.25in H: 12in,,2,$39.75 ,,,,,2,Ragon400,Ragon160,https://cdn11.bigcommerce.com/s-xvps74vl0m/images/stencil/1280x1280/products/10532/29332/SH222256_1__22785.1701887462.jpg?c=1,SH222256_1__22785.1701887462.jpg?c=1,,,Ragon800,SH222256_1__22785.1701887462.jpg?c=1
,,,,,,,,,,,,,,,,,,,,,,,,
GREY & WHITE PENDANT WALL CLOCK,E217320,Home|Sale!|Everyday|GREY & WHITE PENDANT WALL CLOCK,"REQUIRES (1 AA) BATTERY / BATTERIES, NOT INCLUDED.
1 KEYHOLE HANGERS",In-Stock: Ships in 5 to 14 days,,,,L: 15.25in W: 2in H: 19in,,1,$43.00 ,,,,,1,Ragon400,Ragon160,https://cdn11.bigcommerce.com/s-xvps74vl0m/images/stencil/1280x1280/products/8249/24296/E217320_6__19200.1677257784.jpg?c=1,E217320_6__19200.1677257784.jpg?c=1,,,Ragon800,E217320_6__19200.1677257784.jpg?c=1
,,,,,,,,,,,,,,,,,,,,,,,,
SET/ 24 SIX POINT SNOWFLAKES,WS231463,"Home|Holiday|Ornaments, Garland & Tree Toppers|SET/ 24 SIX POINT SNOWFLAKES",,Early September,,,,L: 4in W: 0.25in H: 4in,,6,$9.35 ,,,,,6,Ragon400,Ragon160,https://cdn11.bigcommerce.com/s-xvps74vl0m/images/stencil/1280x1280/products/18018/40647/WS231463_2__29045.1749157231.jpg?c=1,WS231463_2__29045.1749157231.jpg?c=1,,,Ragon800,WS231463_2__29045.1749157231.jpg?c=1
,,,,,,,,,,,,,,,,,,,,,,,,
RED CONE W/ CABIN ORNAMENT,WS182128,Home|Holiday|Cabin & Lodge|RED CONE W/ CABIN ORNAMENT,"3.25''W X 8.5''H, MERCURY GLASS",In-Stock: Ships in 5 to 14 days,,,,W: 3.25in H: 8.50in,,4,$10.45 ,,,,,4,Ragon400,Ragon160,https://cdn11.bigcommerce.com/s-xvps74vl0m/images/stencil/1280x1280/products/5307/11641/WS182128_1__58922.1626464641.jpg?c=1,WS182128_1__58922.1626464641.jpg?c=1,,,Ragon800,WS182128_1__58922.1626464641.jpg?c=1
,,,,,,,,,,,,,,,,,,,,,,,,
"41"" MIXED PURPLE FITTONIA SPRAY",G233122,"Home|Sale!|Everyday|41"" MIXED PURPLE FITTONIA SPRAY",,In-Stock: Ships in 5 to 14 days,,,,L: 41in W: 9in,,12,$8.00 ,,,,,12,Ragon400,Ragon160,https://cdn11.bigcommerce.com/s-xvps74vl0m/images/stencil/1280x1280/products/16198/34748/G233122_6__57310.1733861319.jpg?c=1,G233122_6__57310.1733861319.jpg?c=1,,,Ragon800,G233122_6__57310.1733861319.jpg?c=1
,,,,,,,,,,,,,,,,,,,,,,,,
9' LARGE ROUND BLACK WOOD BEAD GARLAND,SS221958,"Home|Holiday|Ornaments, Garland & Tree Toppers|9' LARGE ROUND BLACK WOOD BEAD GARLAND",,Projected Summer 2025,,,,L: 108in,,6,$9.90 ,,,,,6,Ragon400,Ragon160,https://cdn11.bigcommerce.com/s-xvps74vl0m/images/stencil/1280x1280/products/11875/33813/SS221958__19267.1712156128.jpg?c=1,SS221958__19267.1712156128.jpg?c=1,,,Ragon800,SS221958__19267.1712156128.jpg?c=1
,,,,,,,,,,,,,,,,,,,,,,,,
"8"" PEWTER LONG STEM BOTTLEBRUSH TREE",WS182320,"Home|Holiday|Bottlebrush|8"" PEWTER LONG STEM BOTTLEBRUSH TREE","2.5''W X 8''H, BOTTLEBRUSH",In-Stock: Ships in 5 to 14 days,,,,W: 2.50in H: 8in,,12,$6.55 ,,,,,12,Ragon400,Ragon160,https://cdn11.bigcommerce.com/s-xvps74vl0m/images/stencil/1280x1280/products/5378/11821/WS182320__2___37762.1626464679.jpg?c=1,WS182320__2___37762.1626464679.jpg?c=1,,,Ragon800,WS182320__2___37762.1626464679.jpg?c=1
,,,,,,,,,,,,,,,,,,,,,,,,
"4"" EZRAH TAPER CANDLE HOLDER",MH236765,"Home|Everyday|Candle Holders|4"" EZRAH TAPER CANDLE HOLDER","HOLDS 1"" TAPER CANDLE",SOLD OUT,,,,L: 3.25in W: 3.25in H: 4in,,,$6.60 ,,,,,,Ragon400,Ragon160,https://cdn11.bigcommerce.com/s-xvps74vl0m/images/stencil/1280x1280/products/16588/36285/MH236765_1__78147.1733943264.jpg?c=1,MH236765_1__78147.1733943264.jpg?c=1,,,Ragon800,MH236765_1__78147.1733943264.jpg?c=1
,,,,,,,,,,,,,,,,,,,,,,,,
SANTA W/ REINDEER ORNAMENT,FB237355,"Home|Holiday|Ornaments, Garland & Tree Toppers|SANTA W/ REINDEER ORNAMENT",,In-Stock: Ships in 5 to 14 days,,,,L: 5in W: 0.50in H: 6.25in,,12,$4.15 ,,,,,12,Ragon400,Ragon160,https://cdn11.bigcommerce.com/s-xvps74vl0m/images/stencil/1280x1280/products/17145/41349/FB237355_4__62660.1749826470.jpg?c=1,FB237355_4__62660.1749826470.jpg?c=1,,,Ragon800,FB237355_4__62660.1749826470.jpg?c=1
,,,,,,,,,,,,,,,,,,,,,,,,
"30"" WOOD FRAMED STELLA MIRROR",E217396,"Home|Everyday|Furniture & Mirrors|30"" WOOD FRAMED STELLA MIRROR",2 TRIANGLE HANGERS,In-Stock: Ships in 5 to 14 days,,,,L: 24in W: 0.50in H: 30in,,1,$87.00 ,,,,,1,Ragon400,Ragon160,https://cdn11.bigcommerce.com/s-xvps74vl0m/images/stencil/1280x1280/products/8267/27954/E217396_2__63315.1687374983.jpg?c=1,E217396_2__63315.1687374983.jpg?c=1,,,Ragon800,E217396_2__63315.1687374983.jpg?c=1
,,,,,,,,,,,,,,,,,,,,,,,,
TEXTURED PITCHER,ZH238647,Home|Sale!|Everyday|TEXTURED PITCHER,"OPENING: 4""",In-Stock: Ships in 5 to 14 days,,,,L: 10.50in W: 7.50in H: 11.75in,,2,$19.25 ,,,,,2,Ragon400,Ragon160,https://cdn11.bigcommerce.com/s-xvps74vl0m/images/stencil/1280x1280/products/16878/39804/ZH238647_5__44509.1741635551.jpg?c=1,ZH238647_5__44509.1741635551.jpg?c=1,,,Ragon800,ZH238647_5__44509.1741635551.jpg?c=1
,,,,,,,,,,,,,,,,,,,,,,,,
"SET/ 2 - 9.5"" 3D FLAME GREEN TAPER CANDLE",NY213005,"Home|Flameless Candles|SET/ 2 - 9.5"" 3D FLAME GREEN TAPER CANDLE","6 HR TIMER | ON/OFF BUTTON
REQUIRES 2 (AAA) BATTERIES, BATTERIES NOT INCLUDED.",In-Stock: Ships in 5 to 14 days,,,,L: 0.75in W: 0.75in H: 9.50in,,12,$9.10 ,,,,,12,Ragon400,Ragon160,https://cdn11.bigcommerce.com/s-xvps74vl0m/images/stencil/1280x1280/products/8534/28203/NY213005_3__57540.1689366710.jpg?c=1,NY213005_3__57540.1689366710.jpg?c=1,,,Ragon800,NY213005_3__57540.1689366710.jpg?c=1
,,,,,,,,,,,,,,,,,,,,,,,,
SET/ 2 - 3D FLAME SPECKLED CREAM TEALIGHT CANDLES,NY236551,Home|Flameless Candles|SET/ 2 - 3D FLAME SPECKLED CREAM TEALIGHT CANDLES,"6 HR TIMER | ON/OFF BUTTON
REQUIRES 1 (CR2032) BATTERY, BATTERY INCLUDED.",Projected Summer 2025,,,,L: 1.75in W: 1.75in H: 1in,,8,$7.15 ,,,,,8,Ragon400,Ragon160,https://cdn11.bigcommerce.com/s-xvps74vl0m/images/stencil/1280x1280/products/16644/37315/NY236551_1__57144.1736275555.jpg?c=1,NY236551_1__57144.1736275555.jpg?c=1,,,Ragon800,NY236551_1__57144.1736275555.jpg?c=1
,,,,,,,,,,,,,,,,,,,,,,,,
"36"" SANTA W/ CHILDREN DUMMY BOARD",WS221073,"Home|Sale!|Holiday|36"" SANTA W/ CHILDREN DUMMY BOARD",,In-Stock: Ships in 5 to 14 days,,,,H: 36in,,2,$37.50 ,,,,,2,Ragon400,Ragon160,https://cdn11.bigcommerce.com/s-xvps74vl0m/images/stencil/1280x1280/products/11991/33149/WS221073_2__10066.1711076402.jpg?c=1,WS221073_2__10066.1711076402.jpg?c=1,,,Ragon800,WS221073_2__10066.1711076402.jpg?c=1
,,,,,,,,,,,,,,,,,,,,,,,,
FRAMED TEA PARTY BUNNY PRINT,H237570,Home|Everyday|Easter & Spring|FRAMED TEA PARTY BUNNY PRINT,2 SAWTOOTH HANGERS,In-Stock: Ships in 5 to 14 days,,,,L: 16.50in W: 1.25in H: 24.50in,,1,$59.50 ,,,,,1,Ragon400,Ragon160,https://cdn11.bigcommerce.com/s-xvps74vl0m/images/stencil/1280x1280/products/16356/36933/H237570_2__99652.1733943428.jpg?c=1,H237570_2__99652.1733943428.jpg?c=1,,,Ragon800,H237570_2__99652.1733943428.jpg?c=1
,,,,,,,,,,,,,,,,,,,,,,,,
PICKLE ORNAMENT W/ GLITTER,WS221262,Home|Sale!|Holiday|PICKLE ORNAMENT W/ GLITTER,,In-Stock: Ships in 5 to 14 days,,,,L: 1.25in W: 1.25in H: 3.25in,,12,$4.95 ,,,,,12,Ragon400,Ragon160,https://cdn11.bigcommerce.com/s-xvps74vl0m/images/stencil/1280x1280/products/12111/32922/WS221262_1__64628.1710521293.jpg?c=1,WS221262_1__64628.1710521293.jpg?c=1,,,Ragon800,WS221262_1__64628.1710521293.jpg?c=1
,,,,,,,,,,,,,,,,,,,,,,,,
GINGERBREAD CANDY CANE ORNAMENT,LA237782,Home|Holiday|GINGERBREAD CANDY CANE ORNAMENT,,In-Stock: Ships in 5 to 14 days,,,,L: 1.75in W: 0.75in H: 3.50in,,8,$2.50 ,,,,,8,Ragon400,Ragon160,https://cdn11.bigcommerce.com/s-xvps74vl0m/images/stencil/1280x1280/products/17566/40294/LA237782_3__27167.1748894283.jpg?c=1,LA237782_3__27167.1748894283.jpg?c=1,,,Ragon800,LA237782_3__27167.1748894283.jpg?c=1
,,,,,,,,,,,,,,,,,,,,,,,,
"20"" FROSTED MIXED FOLIAGE WREATH W/ RED BERRIES",G228652,"Home|Holiday|Greenery, Wreaths & Trees|20"" FROSTED MIXED FOLIAGE WREATH W/ RED BERRIES",,In-Stock: Ships in 5 to 14 days,,,,L: 20in H: 20in,,4,$23.25 ,,,,,4,Ragon400,Ragon160,https://cdn11.bigcommerce.com/s-xvps74vl0m/images/stencil/1280x1280/products/11376/41413/G228652_2__20025.1749826485.jpg?c=1,G228652_2__20025.1749826485.jpg?c=1,,,Ragon800,G228652_2__20025.1749826485.jpg?c=1
,,,,,,,,,,,,,,,,,,,,,,,,
LIGHTED BLACK FARMHOUSE,WS218476,Home|Holiday|Tabletop & Misc.|LIGHTED BLACK FARMHOUSE,,In-Stock: Ships in 5 to 14 days,,,,H: 8in,,2,$33.75 ,,,,,2,Ragon400,Ragon160,https://cdn11.bigcommerce.com/s-xvps74vl0m/images/stencil/1280x1280/products/9620/25792/WS218476_1__38256.1677258265.jpg?c=1,WS218476_1__38256.1677258265.jpg?c=1,,,Ragon800,WS218476_1__38256.1677258265.jpg?c=1
,,,,,,,,,,,,,,,,,,,,,,,,
"8"" CREAM SHIMMER 3D FLAME BALSAM TREE CANDLE",NY236685,"Home|Flameless Candles|8"" CREAM SHIMMER 3D FLAME BALSAM TREE CANDLE","6 HR TIMER | ON/OFF BUTTON
REQUIRES 2 (AA) BATTERIES, BATTERIES NOT INCLUDED.",In-Stock: Ships in 5 to 14 days,,,,L: 4.50in W: 4.50in H: 8in,,6,$8.55 ,,,,,6,Ragon400,Ragon160,https://cdn11.bigcommerce.com/s-xvps74vl0m/images/stencil/1280x1280/products/17676/40154/NY236685_2__77826.1748358163.jpg?c=1,NY236685_2__77826.1748358163.jpg?c=1,,,Ragon800,NY236685_2__77826.1748358163.jpg?c=1
,,,,,,,,,,,,,,,,,,,,,,,,
"16"" TEA PARTY BUNNY ROUND PRINT",RH239798,"Home|Everyday|Easter & Spring|16"" TEA PARTY BUNNY ROUND PRINT",,SOLD OUT,,,,L: 16in W: 16in H: 16in,,,$13.75 ,,,,,,Ragon400,Ragon160,https://cdn11.bigcommerce.com/s-xvps74vl0m/images/stencil/1280x1280/products/18414/37971/RH239798_4__21131.1740602857.jpg?c=1,RH239798_4__21131.1740602857.jpg?c=1,,,Ragon800,RH239798_4__21131.1740602857.jpg?c=1
,,,,,,,,,,,,,,,,,,,,,,,,
SET/ 2 METAL CRISS CROSS BUCKETS,HY225573,Home|Everyday|Tabletop & Misc.|SET/ 2 METAL CRISS CROSS BUCKETS,"SM: 13.25""L X 13.25""W X 14""H LG: 16""L X 16""W X 14""H",In-Stock: Ships in 5 to 14 days,,,,See Details tab,,1,$97.00 ,,,,,1,Ragon400,Ragon160,https://cdn11.bigcommerce.com/s-xvps74vl0m/images/stencil/1280x1280/products/10221/28871/HY225573_8__28711.1701887304.jpg?c=1,HY225573_8__28711.1701887304.jpg?c=1,,,Ragon800,HY225573_8__28711.1701887304.jpg?c=1
,,,,,,,,,,,,,,,,,,,,,,,,
"18.25"" x 16.75"" CHEERFUL SNOWMAN PRINT",RH239747,"Home|Collections|2025 Products|UNSPECIFIED|18.25"" x 16.75"" CHEERFUL SNOWMAN PRINT",,Projected Summer 2025,,,,L: 18.25in H: 16.75in,,2,$18.15 ,,,,,2,Ragon400,Ragon160,https://cdn11.bigcommerce.com/s-xvps74vl0m/images/stencil/1280x1280/products/18346/41805/RH239747_1__19631.1751313799.jpg?c=1,RH239747_1__19631.1751313799.jpg?c=1,,,Ragon800,RH239747_1__19631.1751313799.jpg?c=1
,,,,,,,,,,,,,,,,,,,,,,,,
"18.25"" x 16.75"" SANTA W/ DEER PRINT",RH239748,"Home|Holiday|Signs|18.25"" x 16.75"" SANTA W/ DEER PRINT",,Projected Summer 2025,,,,L: 18.25in H: 16.75in,,2,$18.15 ,,,,,2,Ragon400,Ragon160,https://cdn11.bigcommerce.com/s-xvps74vl0m/images/stencil/1280x1280/products/18347/41806/RH239748_2__25263.1751313853.jpg?c=1,RH239748_2__25263.1751313853.jpg?c=1,,,Ragon800,RH239748_2__25263.1751313853.jpg?c=1
,,,,,,,,,,,,,,,,,,,,,,,,
"5' SNOWY FITTONIA, PINE & BERRY GARLAND",G225026,"Home|Holiday|Greenery, Wreaths & Trees|5' SNOWY FITTONIA, PINE & BERRY GARLAND",,In-Stock: Ships in 5 to 14 days,,,,L: 60in,,4,$31.00 ,,,,,4,Ragon400,Ragon160,https://cdn11.bigcommerce.com/s-xvps74vl0m/images/stencil/1280x1280/products/11164/41400/G225026_1__28235.1749826482.jpg?c=1,G225026_1__28235.1749826482.jpg?c=1,,,Ragon800,G225026_1__28235.1749826482.jpg?c=1
,,,,,,,,,,,,,,,,,,,,,,,,
"10.5"" SNOWMAN W/ PENCIL TREE",WS192021,"Home|Holiday|Snowmen, Santas & Angels|10.5"" SNOWMAN W/ PENCIL TREE","4.75""L X 3.25""W X 10.50""H, MACHE",Projected Summer 2025,,,,L: 4.75in W: 3.25in H: 10.50in,,3,$22.00 ,,,,,3,Ragon400,Ragon160,https://cdn11.bigcommerce.com/s-xvps74vl0m/images/stencil/1280x1280/products/3251/12012/WS192021_sorg-a3__95826.1626464781.jpg?c=1,WS192021_sorg-a3__95826.1626464781.jpg?c=1,,,Ragon800,WS192021_sorg-a3__95826.1626464781.jpg?c=1
,,,,,,,,,,,,,,,,,,,,,,,,
SET/ 6 BURGUNDY BOTTLEBRUSH TREES W/ JINGLE BELLS,WS225457,Home|Sale!|Holiday|SET/ 6 BURGUNDY BOTTLEBRUSH TREES W/ JINGLE BELLS,"SM: 6.5""H X 2.5""W
MD (2): 7""H X 3""W
LG: 8""H X 3.25""W
XL: 9""H X 4""W
XXL: 10""H X 3.75""W",In-Stock: Ships in 5 to 14 days,,,,See Details tab,,2,$32.50 ,,,,,2,Ragon400,Ragon160,https://cdn11.bigcommerce.com/s-xvps74vl0m/images/stencil/1280x1280/products/15776/34268/WS225457___17777.1729171569.jpg?c=1,WS225457___17777.1729171569.jpg?c=1,,,Ragon800,WS225457___17777.1729171569.jpg?c=1
,,,,,,,,,,,,,,,,,,,,,,,,
"14"" EUCALYPTUS LEAF SPRAY",HZ238909,"Home|Sale!|Everyday|14"" EUCALYPTUS LEAF SPRAY",,In-Stock: Ships in 5 to 14 days,,,,L: 14in W: 5in,,25,$1.65 ,,,,,25,Ragon400,Ragon160,https://cdn11.bigcommerce.com/s-xvps74vl0m/images/stencil/1280x1280/products/16481/37379/HZ238909_4__45867.1739212062.jpg?c=1,HZ238909_4__45867.1739212062.jpg?c=1,,,Ragon800,HZ238909_4__45867.1739212062.jpg?c=1
,,,,,,,,,,,,,,,,,,,,,,,,
BRONZE TABLETOP DEER,SH238443,Home|Everyday|Tabletop & Misc.|BRONZE TABLETOP DEER,,In-Stock: Ships in 5 to 14 days,,,,L: 7.50in W: 3.50in H: 8.75in,,1,$21.50 ,,,,,1,Ragon400,Ragon160,https://cdn11.bigcommerce.com/s-xvps74vl0m/images/stencil/1280x1280/products/16764/37125/SH238443_4__75116.1733943481.jpg?c=1,SH238443_4__75116.1733943481.jpg?c=1,,,Ragon800,SH238443_4__75116.1733943481.jpg?c=1
,,,,,,,,,,,,,,,,,,,,,,,,
"4"" RED FROSTED GLASS 3D FLAME CANDLE",NY236588,"Home|Flameless Candles|4"" RED FROSTED GLASS 3D FLAME CANDLE","6 HR TIMER | ON/OFF BUTTON
REQUIRES 3 (AAA) BATTERIES, BATTERIES NOT INCLUDED.",In-Stock: Ships in 5 to 14 days,,,,L: 3in W: 3in H: 4in,,4,$8.00 ,,,,,4,Ragon400,Ragon160,https://cdn11.bigcommerce.com/s-xvps74vl0m/images/stencil/1280x1280/products/16661/41978/NY236588_2__21724.1754680342.jpg?c=1,NY236588_2__21724.1754680342.jpg?c=1,,,Ragon800,NY236588_2__21724.1754680342.jpg?c=1
,,,,,,,,,,,,,,,,,,,,,,,,
6' POMEGRANATE GARLAND,G232709,"Home|Holiday|Greenery, Wreaths & Trees|6' POMEGRANATE GARLAND",,In-Stock: Ships in 5 to 14 days,,,,L: 72in W: 8in,,2,$37.50 ,,,,,2,Ragon400,Ragon160,https://cdn11.bigcommerce.com/s-xvps74vl0m/images/stencil/1280x1280/products/17167/41435/G232709_1__21915.1749826491.jpg?c=1,G232709_1__21915.1749826491.jpg?c=1,,,Ragon800,G232709_1__21915.1749826491.jpg?c=1
,,,,,,,,,,,,,,,,,,,,,,,,
"9"" DOTTED FINIAL ORNAMENT",WS218151,"Home|Sale!|Holiday|9"" DOTTED FINIAL ORNAMENT",,In-Stock: Ships in 5 to 14 days,,,,H: 9in,,12,$10.20 ,,,,,12,Ragon400,Ragon160,https://cdn11.bigcommerce.com/s-xvps74vl0m/images/stencil/1280x1280/products/9252/27081/WS218151_2__81633.1679582813.jpg?c=1,WS218151_2__81633.1679582813.jpg?c=1,,,Ragon800,WS218151_2__81633.1679582813.jpg?c=1
,,,,,,,,,,,,,,,,,,,,,,,,
6' SHADES OF GREEN AND BRONZE GARLAND,SW162701,"Home|Holiday|Ornaments, Garland & Tree Toppers|6' SHADES OF GREEN AND BRONZE GARLAND","6'L, GLASS",In-Stock: Ships in 5 to 14 days,,,,L: 6in,,6,$20.50 ,,,,,6,Ragon400,Ragon160,https://cdn11.bigcommerce.com/s-xvps74vl0m/images/stencil/1280x1280/products/3491/27884/SW162701_2__78082.1685736524.jpg?c=1,SW162701_2__78082.1685736524.jpg?c=1,,,Ragon800,SW162701_2__78082.1685736524.jpg?c=1
,,,,,,,,,,,,,,,,,,,,,,,,
WHITE GABRIELLA SNOWFLAKE ORNAMENT,SS239615,"Home|Holiday|Ornaments, Garland & Tree Toppers|WHITE GABRIELLA SNOWFLAKE ORNAMENT",,In-Stock: Ships in 5 to 14 days,,,,L: 4.50in H: 4.50in,,10,$3.05 ,,,,,10,Ragon400,Ragon160,https://cdn11.bigcommerce.com/s-xvps74vl0m/images/stencil/1280x1280/products/17890/40310/SS239615_2__48981.1748894968.jpg?c=1,SS239615_2__48981.1748894968.jpg?c=1,,,Ragon800,SS239615_2__48981.1748894968.jpg?c=1
,,,,,,,,,,,,,,,,,,,,,,,,
"18"" HAPPY HOLIDAYS METAL DUMMY BOARD",H237629,"Home|Holiday|Tabletop & Misc.|18"" HAPPY HOLIDAYS METAL DUMMY BOARD",,SOLD OUT,,,,L: 14.75in W: 0.50in H: 18in,,,$13.20 ,,,,,,Ragon400,Ragon160,https://cdn11.bigcommerce.com/s-xvps74vl0m/images/stencil/1280x1280/products/17417/41562/H237629_1__56619.1749826520.jpg?c=1,H237629_1__56619.1749826520.jpg?c=1,,,Ragon800,H237629_1__56619.1749826520.jpg?c=1
,,,,,,,,,,,,,,,,,,,,,,,,
"31.5"" BLACK WOOD SHELF",H214050,"Home|Sale!|Everyday|31.5"" BLACK WOOD SHELF","2 SAWTOOTH HANGERS
TOP SHELF: 6""W | MIDDLE SHELF: 7"" | BOTTOM SHELF: 8""W",In-Stock: Ships in 5 to 14 days,,,,L: 23.50in W: 8in H: 31.50in,,1,$110.00 ,,,,,1,Ragon400,Ragon160,https://cdn11.bigcommerce.com/s-xvps74vl0m/images/stencil/1280x1280/products/9787/28044/H214050_2__82275.1687547524.jpg?c=1,H214050_2__82275.1687547524.jpg?c=1,,,Ragon800,H214050_2__82275.1687547524.jpg?c=1
,,,,,,,,,,,,,,,,,,,,,,,,
"8"" BLOOM PLANTER",H214049,"Home|Everyday|Spring & Garden|8"" BLOOM PLANTER",,SOLD OUT,,,,L: 9.65in W: 9.45in H: 7.87in,,,$46.25 ,,,,,,Ragon400,Ragon160,https://cdn11.bigcommerce.com/s-xvps74vl0m/images/stencil/1280x1280/products/9786/28042/H214049-4__38271.1687547389.jpg?c=1,H214049-4__38271.1687547389.jpg?c=1,,,Ragon800,H214049-4__38271.1687547389.jpg?c=1
,,,,,,,,,,,,,,,,,,,,,,,,
"24"" GREEN FEATHER TREE",WS231031,"Home|Holiday|Tabletop & Misc.|24"" GREEN FEATHER TREE",,Projected Summer 2025,,,,L: 14in W: 14in H: 24in,,2,$59.50 ,,,,,2,Ragon400,Ragon160,https://cdn11.bigcommerce.com/s-xvps74vl0m/images/stencil/1280x1280/products/17939/41681/WS231031_2__04329.1749826544.jpg?c=1,WS231031_2__04329.1749826544.jpg?c=1,,,Ragon800,WS231031_2__04329.1749826544.jpg?c=1
,,,,,,,,,,,,,,,,,,,,,,,,
"5"" WHITE KUGEL ORNAMENT",SS221570,"Home|Holiday|Ornaments, Garland & Tree Toppers|5"" WHITE KUGEL ORNAMENT",,In-Stock: Ships in 5 to 14 days,,,,L: 5in W: 5in H: 5in,,4,$6.05 ,,,,,4,Ragon400,Ragon160,https://cdn11.bigcommerce.com/s-xvps74vl0m/images/stencil/1280x1280/products/11739/34145/SS221570_2__43012.1723488638.jpg?c=1,SS221570_2__43012.1723488638.jpg?c=1,,,Ragon800,SS221570_2__43012.1723488638.jpg?c=1
,,,,,,,,,,,,,,,,,,,,,,,,
"48"" CREAM PLAID TABLE RUNNER",SS221974,"Home|Holiday|Textiles|48"" CREAM PLAID TABLE RUNNER",,In-Stock: Ships in 5 to 14 days,,,,L: 48in W: 14in,,6,$10.45 ,,,,,6,Ragon400,Ragon160,https://cdn11.bigcommerce.com/s-xvps74vl0m/images/stencil/1280x1280/products/11891/33755/SS221974_5__58797.1712154131.jpg?c=1,SS221974_5__58797.1712154131.jpg?c=1,,,Ragon800,SS221974_5__58797.1712154131.jpg?c=1
,,,,,,,,,,,,,,,,,,,,,,,,
"9"" GRASSY TOPIARY TREE",OR224678,"Home|Everyday|Florals|9"" GRASSY TOPIARY TREE",,SOLD OUT,,,,L: 4.75in W: 4.75in H: 9in,,,$8.80 ,,,,,,Ragon400,Ragon160,https://cdn11.bigcommerce.com/s-xvps74vl0m/images/stencil/1280x1280/products/10477/35993/OR224678_1__65559.1733863948.jpg?c=1,OR224678_1__65559.1733863948.jpg?c=1,,,Ragon800,OR224678_1__65559.1733863948.jpg?c=1
,,,,,,,,,,,,,,,,,,,,,,,,
"48.25"" GARDEN HOOK W/ BASE",HY238824,"Home|Everyday|Spring & Garden|48.25"" GARDEN HOOK W/ BASE","HOOK TO GROUND H42.75""",In-Stock: Ships in 5 to 14 days,,,,L: 15in W: 15in H: 48.25in,,6,$13.75 ,,,,,6,Ragon400,Ragon160,https://cdn11.bigcommerce.com/s-xvps74vl0m/images/stencil/1280x1280/products/16425/40078/HY238824_1__67997.1744387733.jpg?c=1,HY238824_1__67997.1744387733.jpg?c=1,,,Ragon800,HY238824_1__67997.1744387733.jpg?c=1
,,,,,,,,,,,,,,,,,,,,,,,,
"13.75"" METAL X LANTERN",E226560,"Home|Everyday|Lanterns, Lights & Hooks|13.75"" METAL X LANTERN","HANGING HEIGHT: 19""",SOLD OUT,,,,L: 9.25in W: 9.25in H: 13.75in,,,$37.75 ,,,,,,Ragon400,Ragon160,https://cdn11.bigcommerce.com/s-xvps74vl0m/images/stencil/1280x1280/products/10733/29628/E226560_5__63304.1701963485.jpg?c=1,E226560_5__63304.1701963485.jpg?c=1,,,Ragon800,E226560_5__63304.1701963485.jpg?c=1
,,,,,,,,,,,,,,,,,,,,,,,,
"21.75"" PINE TREE W/ MOSS BALL BASE",ST222044,"Home|Holiday|Cabin & Lodge|21.75"" PINE TREE W/ MOSS BALL BASE",,In-Stock: Ships in 5 to 14 days,,,,H: 21.75in,,2,$15.40 ,,,,,2,Ragon400,Ragon160,https://cdn11.bigcommerce.com/s-xvps74vl0m/images/stencil/1280x1280/products/11940/33766/ST222044_3__42729.1712154134.jpg?c=1,ST222044_3__42729.1712154134.jpg?c=1,,,Ragon800,ST222044_3__42729.1712154134.jpg?c=1
,,,,,,,,,,,,,,,,,,,,,,,,
"8.5"" BEVERLY URN",MH236708,"Home|Sale!|Everyday|8.5"" BEVERLY URN",,In-Stock: Ships in 5 to 14 days,,,,L: 7.25in W: 5.75in H: 8.50in,,2,$13.75 ,,,,,2,Ragon400,Ragon160,https://cdn11.bigcommerce.com/s-xvps74vl0m/images/stencil/1280x1280/products/16560/37005/MH236708_1__69050.1733943448.jpg?c=1,MH236708_1__69050.1733943448.jpg?c=1,,,Ragon800,MH236708_1__69050.1733943448.jpg?c=1
,,,,,,,,,,,,,,,,,,,,,,,,
"13.5"" GREY PLANTER URN",H214044,"Home|Sale!|Everyday|13.5"" GREY PLANTER URN",,In-Stock: Ships in 5 to 14 days,,,,L: 12.50in W: 12.50in H: 13.50in,,1,$71.50 ,,,,,1,Ragon400,Ragon160,https://cdn11.bigcommerce.com/s-xvps74vl0m/images/stencil/1280x1280/products/9559/28040/H214044_3__05311.1687547053.jpg?c=1,H214044_3__05311.1687547053.jpg?c=1,,,Ragon800,H214044_3__05311.1687547053.jpg?c=1
,,,,,,,,,,,,,,,,,,,,,,,,
"SET/ 6 - 2.5"" WINE FLOCKED BALLS",WS221340,"Home|Holiday|Ornaments, Garland & Tree Toppers|SET/ 6 - 2.5"" WINE FLOCKED BALLS",,In-Stock: Ships in 5 to 14 days,,,,H: 2.50in,,6,$10.75 ,,,,,6,Ragon400,Ragon160,https://cdn11.bigcommerce.com/s-xvps74vl0m/images/stencil/1280x1280/products/12175/32937/WS221340_1__15973.1710521299.jpg?c=1,WS221340_1__15973.1710521299.jpg?c=1,,,Ragon800,WS221340_1__15973.1710521299.jpg?c=1
,,,,,,,,,,,,,,,,,,,,,,,,
"6.5"" SANTA ORNAMENT",WS218273,"Home|Holiday|Ornaments, Garland & Tree Toppers|6.5"" SANTA ORNAMENT",,In-Stock: Ships in 5 to 14 days,,,,L: 3.50in W: 1.25in H: 6.50in,,8,$8.25 ,,,,,8,Ragon400,Ragon160,https://cdn11.bigcommerce.com/s-xvps74vl0m/images/stencil/1280x1280/products/9327/27161/WS218273_2__83948.1679582838.jpg?c=1,WS218273_2__83948.1679582838.jpg?c=1,,,Ragon800,WS218273_2__83948.1679582838.jpg?c=1
,,,,,,,,,,,,,,,,,,,,,,,,
"28"" JOLLY SNOWMAN PRINT",RH239782,"Home|Collections|2025 Products|UNSPECIFIED|28"" JOLLY SNOWMAN PRINT",,Projected Summer 2025,,,,H: 28in,,2,$32.75 ,,,,,2,Ragon400,Ragon160,https://cdn11.bigcommerce.com/s-xvps74vl0m/images/stencil/1280x1280/products/18378/41819/RH239782_2__61104.1751314927.jpg?c=1,RH239782_2__61104.1751314927.jpg?c=1,,,Ragon800,RH239782_2__61104.1751314927.jpg?c=1
,,,,,,,,,,,,,,,,,,,,,,,,
"10"" MONARCH BUTTERFLY",FB225422,"Home|Sale!|Everyday|10"" MONARCH BUTTERFLY",2 SAWTOOTH HANGER & TWINE HANGER,In-Stock: Ships in 5 to 14 days,,,,L: 10in W: 0.25in H: 5.75in,,6,$7.45 ,,,,,6,Ragon400,Ragon160,https://cdn11.bigcommerce.com/s-xvps74vl0m/images/stencil/1280x1280/products/10823/33383/FB225422_4__08910.1711115397.jpg?c=1,FB225422_4__08910.1711115397.jpg?c=1,,,Ragon800,FB225422_4__08910.1711115397.jpg?c=1
,,,,,,,,,,,,,,,,,,,,,,,,
"8.5"" RAINY DAY STORIES JOURNAL",L238743,"Home|Everyday|Journals|8.5"" RAINY DAY STORIES JOURNAL",,Projected Summer 2025,,,,L: 5.75in W: 1.50in H: 8.50in,,2,$18.15 ,,,,,2,Ragon400,Ragon160,https://cdn11.bigcommerce.com/s-xvps74vl0m/images/stencil/1280x1280/products/16551/41964/L238743_3__59693.1754679591.jpg?c=1,L238743_3__59693.1754679591.jpg?c=1,,,Ragon800,L238743_3__59693.1754679591.jpg?c=1
,,,,,,,,,,,,,,,,,,,,,,,,
METALLIC GOLD ICICLES,WS231790,"Home|Holiday|Ornaments, Garland & Tree Toppers|METALLIC GOLD ICICLES",,In-Stock: Ships in 5 to 14 days,,,,L: 6.50in W: 0.25in H: 11in,,8,$7.70 ,,,,,8,Ragon400,Ragon160,https://cdn11.bigcommerce.com/s-xvps74vl0m/images/stencil/1280x1280/products/18195/41703/WS231790_1__37938.1749826548.jpg?c=1,WS231790_1__37938.1749826548.jpg?c=1,,,Ragon800,WS231790_1__37938.1749826548.jpg?c=1
,,,,,,,,,,,,,,,,,,,,,,,,
"6"" CHAMPAGNE GLASS 3 WICK 3D FLAME CANDLE",NY236668,"Home|Flameless Candles|6"" CHAMPAGNE GLASS 3 WICK 3D FLAME CANDLE","6 HR TIMER | ON/OFF BUTTON
REQUIRES 3 (AA) BATTERIES, BATTERIES NOT INCLUDED.",In-Stock: Ships in 5 to 14 days,,,,L: 6in W: 6in H: 6in,,2,$27.00 ,,,,,2,Ragon400,Ragon160,https://cdn11.bigcommerce.com/s-xvps74vl0m/images/stencil/1280x1280/products/16682/36668/NY236668_3__97073.1733943358.jpg?c=1,NY236668_3__97073.1733943358.jpg?c=1,,,Ragon800,NY236668_3__97073.1733943358.jpg?c=1
,,,,,,,,,,,,,,,,,,,,,,,,
"30"" SOFT TOUCH WEEPING CEDAR HANGING BUSH",G233279,"Home|Holiday|Greenery, Wreaths & Trees|30"" SOFT TOUCH WEEPING CEDAR HANGING BUSH",,In-Stock: Ships in 5 to 14 days,,,,L: 30in W: 9in,,6,$9.90 ,,,,,6,Ragon400,Ragon160,https://cdn11.bigcommerce.com/s-xvps74vl0m/images/stencil/1280x1280/products/17196/41058/G233279_1__51423.1749826415.jpg?c=1,G233279_1__51423.1749826415.jpg?c=1,,,Ragon800,G233279_1__51423.1749826415.jpg?c=1
,,,,,,,,,,,,,,,,,,,,,,,,
"SET/ 4 - 3.25"" TAN FLOCKED BALLS",WS218462,"Home|Holiday|Cabin & Lodge|SET/ 4 - 3.25"" TAN FLOCKED BALLS",,In-Stock: Ships in 5 to 14 days,,,,H: 3.25in,,6,$9.65 ,,,,,6,Ragon400,Ragon160,https://cdn11.bigcommerce.com/s-xvps74vl0m/images/stencil/1280x1280/products/9606/39808/WS218462__02834.1741721986.jpg?c=1,WS218462__02834.1741721986.jpg?c=1,,,Ragon800,WS218462__02834.1741721986.jpg?c=1
,,,,,,,,,,,,,,,,,,,,,,,,
"22"" PINK GERANIUM W/ MIXED FOLIAGE WREATH",G233063,"Home|Everyday|Florals|22"" PINK GERANIUM W/ MIXED FOLIAGE WREATH",,In-Stock: Ships in 5 to 14 days,,,,L: 22in W: 5.50in H: 22in,,1,$38.50 ,,,,,1,Ragon400,Ragon160,https://cdn11.bigcommerce.com/s-xvps74vl0m/images/stencil/1280x1280/products/16176/34666/G233063_3__91630.1733861295.jpg?c=1,G233063_3__91630.1733861295.jpg?c=1,,,Ragon800,G233063_3__91630.1733861295.jpg?c=1
,,,,,,,,,,,,,,,,,,,,,,,,
"28"" WHITE TARTAN TREE SKIRT W/ SCALLOPED EDGE",SS221916,"Home|Holiday|Textiles|28"" WHITE TARTAN TREE SKIRT W/ SCALLOPED EDGE",,In-Stock: Ships in 5 to 14 days,,,,L: 28in,,4,$17.60 ,,,,,4,Ragon400,Ragon160,https://cdn11.bigcommerce.com/s-xvps74vl0m/images/stencil/1280x1280/products/11833/33982/SS221916_5__15426.1712868583.jpg?c=1,SS221916_5__15426.1712868583.jpg?c=1,,,Ragon800,SS221916_5__15426.1712868583.jpg?c=1
,,,,,,,,,,,,,,,,,,,,,,,,
SET/ 2 WOODEN PLANK TRAYS,HY225554,Home|Everyday|Kitchen|SET/ 2 WOODEN PLANK TRAYS,"SM: 20.5""L X 11""WX 2""H LG: 23""L X 12.5""W X 2.5""H",In-Stock: Ships in 5 to 14 days,,,,See Details tab,,2,$42.00 ,,,,,2,Ragon400,Ragon160,https://cdn11.bigcommerce.com/s-xvps74vl0m/images/stencil/1280x1280/products/10609/29402/HY225554_1__72836.1701957146.jpg?c=1,HY225554_1__72836.1701957146.jpg?c=1,,,Ragon800,HY225554_1__72836.1701957146.jpg?c=1
,,,,,,,,,,,,,,,,,,,,,,,,
OVAL FRAMED CHICK IN BASKET WITH FLOWERS PRINT,H237582,Home|Everyday|Easter & Spring|OVAL FRAMED CHICK IN BASKET WITH FLOWERS PRINT,1 SAWTOOTH HANGER,In-Stock: Ships in 5 to 14 days,,,,L: 15.75in W: 1.25in H: 19.75in,,1,$42.00 ,,,,,1,Ragon400,Ragon160,https://cdn11.bigcommerce.com/s-xvps74vl0m/images/stencil/1280x1280/products/16363/41914/H237582_3__62627.1754587371.jpg?c=1,H237582_3__62627.1754587371.jpg?c=1,,,Ragon800,H237582_3__62627.1754587371.jpg?c=1
,,,,,,,,,,,,,,,,,,,,,,,,
GREY HOUSE W/RED ROOF ORNAMENT,WS192270,"Home|Holiday|Ornaments, Garland & Tree Toppers|GREY HOUSE W/RED ROOF ORNAMENT","3.50""L X 2.25""W X 4""H, GLASS",In-Stock: Ships in 5 to 14 days,,,,L: 3.50in W: 2.25in H: 4in,,6,$10.45 ,,,,,6,Ragon400,Ragon160,https://cdn11.bigcommerce.com/s-xvps74vl0m/images/stencil/1280x1280/products/3189/12173/WS192270_2__71059.1626464830.jpg?c=1,WS192270_2__71059.1626464830.jpg?c=1,,,Ragon800,WS192270_2__71059.1626464830.jpg?c=1
,,,,,,,,,,,,,,,,,,,,,,,,
FRAMED WANDERING BUNNY PRINT,H237588,Home|Everyday|Easter & Spring|FRAMED WANDERING BUNNY PRINT,2 SAWTOOTH HANGERS,In-Stock: Ships in 5 to 14 days,,,,L: 24.50in W: 1.25in H: 24.50in,,1,$53.00 ,,,,,1,Ragon400,Ragon160,https://cdn11.bigcommerce.com/s-xvps74vl0m/images/stencil/1280x1280/products/16368/41917/H237588_2__43459.1754587458.jpg?c=1,H237588_2__43459.1754587458.jpg?c=1,,,Ragon800,H237588_2__43459.1754587458.jpg?c=1
,,,,,,,,,,,,,,,,,,,,,,,,
BLACK ARCHED FLOOR MIRROR,FB237227,Home|Sale!|Everyday|BLACK ARCHED FLOOR MIRROR,FOLDING,In-Stock: Ships in 5 to 14 days,,,,L: 20in W: 2.25in H: 69.25in,,1,$141.00 ,,,,,1,Ragon400,Ragon160,https://cdn11.bigcommerce.com/s-xvps74vl0m/images/stencil/1280x1280/products/15981/36685/FB237227_3__16809.1733943363.jpg?c=1,FB237227_3__16809.1733943363.jpg?c=1,,,Ragon800,FB237227_3__16809.1733943363.jpg?c=1
,,,,,,,,,,,,,,,,,,,,,,,,
SET/ 3 TRI COLOR WOVEN RATTAN BASKETS,LW229546,Home|Everyday|Baskets & Buckets|SET/ 3 TRI COLOR WOVEN RATTAN BASKETS,"SM: 9.75""L X 9.75""W X 9.5""H MD: 12""L X 12""W X 11.5""H LG: 13.5""L X 13.5""W X 14""H",In-Stock: Ships in 5 to 14 days,,,,See Details tab,,2,$48.50 ,,,,,2,Ragon400,Ragon160,https://cdn11.bigcommerce.com/s-xvps74vl0m/images/stencil/1280x1280/products/10297/34045/LW229546_4__51080.1715787490.jpg?c=1,LW229546_4__51080.1715787490.jpg?c=1,,,Ragon800,LW229546_4__51080.1715787490.jpg?c=1
,,,,,,,,,,,,,,,,,,,,,,,,
IT'S THE MOST WONDERFUL TIME WOOD ORNAMENT SIGN,E226048,Home|Holiday|Signs|IT'S THE MOST WONDERFUL TIME WOOD ORNAMENT SIGN,,In-Stock: Ships in 5 to 14 days,,,,L: 10.50in W: 10.50in H: 12in,,4,$8.80 ,,,,,4,Ragon400,Ragon160,https://cdn11.bigcommerce.com/s-xvps74vl0m/images/stencil/1280x1280/products/10921/33350/E226048_4__01397.1711115386.jpg?c=1,E226048_4__01397.1711115386.jpg?c=1,,,Ragon800,E226048_4__01397.1711115386.jpg?c=1
,,,,,,,,,,,,,,,,,,,,,,,,
"6"" CREAM GROOVED 3D FLAME CANDLE",NY236336,"Home|Flameless Candles|6"" CREAM GROOVED 3D FLAME CANDLE","6 HR TIMER | ON/OFF BUTTON
REQUIRES 3 (AAA) BATTERIES, BATTERIES NOT INCLUDED.",In-Stock: Ships in 5 to 14 days,,,,L: 3in W: 3in H: 6in,,6,$6.35 ,,,,,6,Ragon400,Ragon160,https://cdn11.bigcommerce.com/s-xvps74vl0m/images/stencil/1280x1280/products/16608/36317/NY236336_3__87868.1733943271.jpg?c=1,NY236336_3__87868.1733943271.jpg?c=1,,,Ragon800,NY236336_3__87868.1733943271.jpg?c=1
,,,,,,,,,,,,,,,,,,,,,,,,
"6"" GOLD POINTED SNOWFLAKE ORNAMENT",SS235909,"Home|Holiday|6"" GOLD POINTED SNOWFLAKE ORNAMENT",,Projected Summer 2025,,,,L: 6in H: 6in,,12,$4.40 ,,,,,12,Ragon400,Ragon160,https://cdn11.bigcommerce.com/s-xvps74vl0m/images/stencil/1280x1280/products/17732/40301/SS235909_1__32216.1748894577.jpg?c=1,SS235909_1__32216.1748894577.jpg?c=1,,,Ragon800,SS235909_1__32216.1748894577.jpg?c=1
,,,,,,,,,,,,,,,,,,,,,,,,
"26"" BURLY PINE TREE",G228684,"Home|Holiday|Cabin & Lodge|26"" BURLY PINE TREE",,In-Stock: Ships in 5 to 14 days,,,,H: 26in,,4,$22.00 ,,,,,4,Ragon400,Ragon160,https://cdn11.bigcommerce.com/s-xvps74vl0m/images/stencil/1280x1280/products/11401/32625/G228684_6__31961.1709219713.jpg?c=1,G228684_6__31961.1709219713.jpg?c=1,,,Ragon800,G228684_6__31961.1709219713.jpg?c=1
,,,,,,,,,,,,,,,,,,,,,,,,
"16.75"" FERN BUNDLE",OR215401,"Home|Everyday|Florals|16.75"" FERN BUNDLE",,In-Stock: Ships in 5 to 14 days,,,,L: 16.75in,,18,$4.40 ,,,,,18,Ragon400,Ragon160,https://cdn11.bigcommerce.com/s-xvps74vl0m/images/stencil/1280x1280/products/8638/35341/OR215401_3__11236.1733863766.jpg?c=1,OR215401_3__11236.1733863766.jpg?c=1,,,Ragon800,OR215401_3__11236.1733863766.jpg?c=1
,,,,,,,,,,,,,,,,,,,,,,,,
9' SMALL ROUND RED WOOD BEAD GARLAND,SS221941,"Home|Holiday|Ornaments, Garland & Tree Toppers|9' SMALL ROUND RED WOOD BEAD GARLAND",,SOLD OUT,,,,L: 108in,,,$7.70 ,,,,,,Ragon400,Ragon160,https://cdn11.bigcommerce.com/s-xvps74vl0m/images/stencil/1280x1280/products/11858/33797/SS221941__81157.1712155782.jpg?c=1,SS221941__81157.1712155782.jpg?c=1,,,Ragon800,SS221941__81157.1712155782.jpg?c=1
,,,,,,,,,,,,,,,,,,,,,,,,
"33"" WHITE DAISY SPRAY",G232527,"Home|Sale!|Everyday|33"" WHITE DAISY SPRAY",,In-Stock: Ships in 5 to 14 days,,,,L: 33in W: 11in,,12,$4.70 ,,,,,12,Ragon400,Ragon160,https://cdn11.bigcommerce.com/s-xvps74vl0m/images/stencil/1280x1280/products/16052/37351/G232527_1__71733.1736359209.jpg?c=1,G232527_1__71733.1736359209.jpg?c=1,,,Ragon800,G232527_1__71733.1736359209.jpg?c=1
,,,,,,,,,,,,,,,,,,,,,,,,
"34"" JAPANESE RED CEDAR HANGING BUSH",G219541,"Home|Holiday|Greenery, Wreaths & Trees|34"" JAPANESE RED CEDAR HANGING BUSH",,In-Stock: Ships in 5 to 14 days,,,,L: 34in,,12,$10.45 ,,,,,12,Ragon400,Ragon160,https://cdn11.bigcommerce.com/s-xvps74vl0m/images/stencil/1280x1280/products/8834/26551/G219541_1__43659.1678296668.jpg?c=1,G219541_1__43659.1678296668.jpg?c=1,,,Ragon800,G219541_1__43659.1678296668.jpg?c=1
,,,,,,,,,,,,,,,,,,,,,,,,
ARCHED FRAMED TEA PARTY BUNNY PRINT,H237574,Home|Everyday|Easter & Spring|ARCHED FRAMED TEA PARTY BUNNY PRINT,2 TRIANGLE HANGERS,In-Stock: Ships in 5 to 14 days,,,,L: 24.50in W: 1.25in H: 28.25in,,1,$94.75 ,,,,,1,Ragon400,Ragon160,https://cdn11.bigcommerce.com/s-xvps74vl0m/images/stencil/1280x1280/products/16359/41911/H237574_3__79386.1754587065.jpg?c=1,H237574_3__79386.1754587065.jpg?c=1,,,Ragon800,H237574_3__79386.1754587065.jpg?c=1
,,,,,,,,,,,,,,,,,,,,,,,,
TROUT FISH ORNAMENT,FB225391,Home|Everyday|Wall Décor|TROUT FISH ORNAMENT,"TWINE HANGER
DOUBLE SIDED
 ",SOLD OUT,,,,L: 5in W: 0.50in H: 2in,,,$4.70 ,,,,,,Ragon400,Ragon160,https://cdn11.bigcommerce.com/s-xvps74vl0m/images/stencil/1280x1280/products/11014/33364/FB225391_3__17346.1711115390.jpg?c=1,FB225391_3__17346.1711115390.jpg?c=1,,,Ragon800,FB225391_3__17346.1711115390.jpg?c=1
,,,,,,,,,,,,,,,,,,,,,,,,
"40"" WHITE SEEDED BLOSSOM SPRAY",G228196,"Home|Everyday|Florals|40"" WHITE SEEDED BLOSSOM SPRAY",,SOLD OUT,,,,L: 40in,,,$4.95 ,,,,,,Ragon400,Ragon160,https://cdn11.bigcommerce.com/s-xvps74vl0m/images/stencil/1280x1280/products/10112/35696/G228196_7__49109.1733863862.jpg?c=1,G228196_7__49109.1733863862.jpg?c=1,,,Ragon800,G228196_7__49109.1733863862.jpg?c=1
,,,,,,,,,,,,,,,,,,,,,,,,
"2.5"" TAN UNWIRED VELVET RIBBON",SS236133,"Home|Holiday|Textiles|2.5"" TAN UNWIRED VELVET RIBBON",,Projected Summer 2025,,,,L: 360in W: 2.50in,,6,$10.75 ,,,,,6,Ragon400,Ragon160,https://cdn11.bigcommerce.com/s-xvps74vl0m/images/stencil/1280x1280/products/17759/41709/ss236133_3__26953.1749835195.jpg?c=1,ss236133_3__26953.1749835195.jpg?c=1,,,Ragon800,ss236133_3__26953.1749835195.jpg?c=1
,,,,,,,,,,,,,,,,,,,,,,,,
CREAM TABLETOP COW,SH238377,Home|Everyday|Kitchen|CREAM TABLETOP COW,,In-Stock: Ships in 5 to 14 days,,,,L: 11in W: 4.50in H: 9in,,1,$31.00 ,,,,,1,Ragon400,Ragon160,https://cdn11.bigcommerce.com/s-xvps74vl0m/images/stencil/1280x1280/products/16742/37091/SH238377_1__16246.1733943472.jpg?c=1,SH238377_1__16246.1733943472.jpg?c=1,,,Ragon800,SH238377_1__16246.1733943472.jpg?c=1
,,,,,,,,,,,,,,,,,,,,,,,,
"27"" DUSTY PINK ROSE SPRAY",OR215413,"Home|Everyday|Florals|27"" DUSTY PINK ROSE SPRAY",,SOLD OUT,,,,L: 27in,,,$3.60 ,,,,,,Ragon400,Ragon160,https://cdn11.bigcommerce.com/s-xvps74vl0m/images/stencil/1280x1280/products/9895/25285/OR215413_2__09389.1677258096.jpg?c=1,OR215413_2__09389.1677258096.jpg?c=1,,,Ragon800,OR215413_2__09389.1677258096.jpg?c=1
,,,,,,,,,,,,,,,,,,,,,,,,
"19.75"" WHITE FRAMED LAUNDRY SIGN",E217474,"Home|Sale!|Everyday|19.75"" WHITE FRAMED LAUNDRY SIGN",2 TRIANGLE HANGERS,In-Stock: Ships in 5 to 14 days,,,,L: 19.75in W: 0.75in H: 10in,,4,$14.05 ,,,,,4,Ragon400,Ragon160,https://cdn11.bigcommerce.com/s-xvps74vl0m/images/stencil/1280x1280/products/8300/24399/E217474_1__10842.1677257814.jpg?c=1,E217474_1__10842.1677257814.jpg?c=1,,,Ragon800,E217474_1__10842.1677257814.jpg?c=1
,,,,,,,,,,,,,,,,,,,,,,,,
A MERRY CHRISTMAS POSTCARD ORNAMENT,WS227839,"Home|Holiday|Ornaments, Garland & Tree Toppers|A MERRY CHRISTMAS POSTCARD ORNAMENT",,In-Stock: Ships in 5 to 14 days,,,,L: 4in W: 1in H: 7.50in,,8,$3.60 ,,,,,8,Ragon400,Ragon160,https://cdn11.bigcommerce.com/s-xvps74vl0m/images/stencil/1280x1280/products/12603/33053/WS227839_3__01337.1710521339.jpg?c=1,WS227839_3__01337.1710521339.jpg?c=1,,,Ragon800,WS227839_3__01337.1710521339.jpg?c=1
,,,,,,,,,,,,,,,,,,,,,,,,
"4"" TAN & WHITE MITTEN ORNAMENT",SS211949,"Home|Holiday|Ornaments, Garland & Tree Toppers|4"" TAN & WHITE MITTEN ORNAMENT",,In-Stock: Ships in 5 to 14 days,,,,W: 4in,,12,$3.60 ,,,,,12,Ragon400,Ragon160,https://cdn11.bigcommerce.com/s-xvps74vl0m/images/stencil/1280x1280/products/9752/27397/SS211949_1__60754.1679582912.jpg?c=1,SS211949_1__60754.1679582912.jpg?c=1,,,Ragon800,SS211949_1__60754.1679582912.jpg?c=1
,,,,,,,,,,,,,,,,,,,,,,,,
"15.75"" YELLOW PRESSED BOTANICAL TRAY",BF224295,"Home|Everyday|Tabletop & Misc.|15.75"" YELLOW PRESSED BOTANICAL TRAY","PRESSED FLOWER
ACTUAL FLOWERS MAY VARY",SOLD OUT,,,,L: 15.75in W: 15.75in H: 3.50in,,,$34.00 ,,,,,,Ragon400,Ragon160,https://cdn11.bigcommerce.com/s-xvps74vl0m/images/stencil/1280x1280/products/9977/28502/BF224295_4__91961.1701887176.jpg?c=1,BF224295_4__91961.1701887176.jpg?c=1,,,Ragon800,BF224295_4__91961.1701887176.jpg?c=1
,,,,,,,,,,,,,,,,,,,,,,,,
"4"" MARBLE CEMENT COLUMN 3D FLAME CANDLE",NY236516,"Home|Flameless Candles|4"" MARBLE CEMENT COLUMN 3D FLAME CANDLE","6 HR TIMER | ON/OFF BUTTON
REQUIRES 2 (AAA) BATTERIES, BATTERIES NOT INCLUDED.",In-Stock: Ships in 5 to 14 days,,,,L: 3in W: 3in H: 4.50in,,4,$7.15 ,,,,,4,Ragon400,Ragon160,https://cdn11.bigcommerce.com/s-xvps74vl0m/images/stencil/1280x1280/products/16629/36384/NY236516_1__37487.1733943286.jpg?c=1,NY236516_1__37487.1733943286.jpg?c=1,,,Ragon800,NY236516_1__37487.1733943286.jpg?c=1
,,,,,,,,,,,,,,,,,,,,,,,,
"37"" BLUE HYDRANGEA SPRAY",G233129,"Home|Sale!|Everyday|37"" BLUE HYDRANGEA SPRAY",,In-Stock: Ships in 5 to 14 days,,,,L: 37in W: 11in,,12,$5.50 ,,,,,12,Ragon400,Ragon160,https://cdn11.bigcommerce.com/s-xvps74vl0m/images/stencil/1280x1280/products/16203/34768/G233129_1__78788.1733861324.jpg?c=1,G233129_1__78788.1733861324.jpg?c=1,,,Ragon800,G233129_1__78788.1733861324.jpg?c=1
,,,,,,,,,,,,,,,,,,,,,,,,
FRESH ROASTED COFFEE SIGN,E217030,Home|Everyday|Kitchen|FRESH ROASTED COFFEE SIGN,,In-Stock: Ships in 5 to 14 days,,,,L: 40in W: 0.50in H: 11in,,2,$35.25 ,,,,,2,Ragon400,Ragon160,https://cdn11.bigcommerce.com/s-xvps74vl0m/images/stencil/1280x1280/products/8181/24090/E217030_2__33420.1677257724.jpg?c=1,E217030_2__33420.1677257724.jpg?c=1,,,Ragon800,E217030_2__33420.1677257724.jpg?c=1
,,,,,,,,,,,,,,,,,,,,,,,,
"GREEN, RED & WHITE PLAID STOCKING",SS221986,"Home|Sale!|Holiday|GREEN, RED & WHITE PLAID STOCKING",,In-Stock: Ships in 5 to 14 days,,,,H: 20in,,2,$8.25 ,,,,,2,Ragon400,Ragon160,https://cdn11.bigcommerce.com/s-xvps74vl0m/images/stencil/1280x1280/products/11903/33761/SS221986_1__65442.1712154132.jpg?c=1,SS221986_1__65442.1712154132.jpg?c=1,,,Ragon800,SS221986_1__65442.1712154132.jpg?c=1
,,,,,,,,,,,,,,,,,,,,,,,,
"2"" NUTMEG GLASS ORNAMENT",SS232220,"Home|Holiday|Ornaments, Garland & Tree Toppers|2"" NUTMEG GLASS ORNAMENT",,Projected Summer 2025,,,,L: 2in,,6,$2.15 ,,,,,6,Ragon400,Ragon160,https://cdn11.bigcommerce.com/s-xvps74vl0m/images/stencil/1280x1280/products/17820/41824/SS232220_1__23953.1751315422.jpg?c=1,SS232220_1__23953.1751315422.jpg?c=1,,,Ragon800,SS232220_1__23953.1751315422.jpg?c=1
,,,,,,,,,,,,,,,,,,,,,,,,
"9.75"" STELLA VASE",MH236733,"Home|Sale!|Everyday|9.75"" STELLA VASE",,In-Stock: Ships in 5 to 14 days,,,,L: 11.50in W: 8in H: 9.75in,,2,$24.75 ,,,,,2,Ragon400,Ragon160,https://cdn11.bigcommerce.com/s-xvps74vl0m/images/stencil/1280x1280/products/16570/37013/MH236733_4__52019.1733943450.jpg?c=1,MH236733_4__52019.1733943450.jpg?c=1,,,Ragon800,MH236733_4__52019.1733943450.jpg?c=1
,,,,,,,,,,,,,,,,,,,,,,,,
"11"" GREEN BELSNICKLE W/ FEATHER BRANCH",WS218337,"Home|Holiday|Snowmen, Santas & Angels|11"" GREEN BELSNICKLE W/ FEATHER BRANCH",,SOLD OUT,,,,L: 4.25in W: 3.25in H: 11in,,,$23.50 ,,,,,,Ragon400,Ragon160,https://cdn11.bigcommerce.com/s-xvps74vl0m/images/stencil/1280x1280/products/9383/25672/WS218337_2__36172.1677258224.jpg?c=1,WS218337_2__36172.1677258224.jpg?c=1,,,Ragon800,WS218337_2__36172.1677258224.jpg?c=1
,,,,,,,,,,,,,,,,,,,,,,,,
"4"" CHAMPAGNE DOTTED GLASS 3D FLAME CANDLE",NY229009,"Home|Flameless Candles|4"" CHAMPAGNE DOTTED GLASS 3D FLAME CANDLE","6 HR TIMER | ON/OFF BUTTON
REQUIRES 2 (AA) BATTERIES, BATTERIES NOT INCLUDED.",In-Stock: Ships in 5 to 14 days,,,,L: 3.50in W: 3.50in H: 4in,,6,$8.55 ,,,,,6,Ragon400,Ragon160,https://cdn11.bigcommerce.com/s-xvps74vl0m/images/stencil/1280x1280/products/10383/29106/NY229009_1__85676.1701887383.jpg?c=1,NY229009_1__85676.1701887383.jpg?c=1,,,Ragon800,NY229009_1__85676.1701887383.jpg?c=1
,,,,,,,,,,,,,,,,,,,,,,,,
"6"" BLACK KUGEL ORNAMENT W/ GOLD STRIPE",SS236204,"Home|Holiday|Ornaments, Garland & Tree Toppers|6"" BLACK KUGEL ORNAMENT W/ GOLD STRIPE",,In-Stock: Ships in 5 to 14 days,,,,L: 6in,,2,$7.45 ,,,,,2,Ragon400,Ragon160,https://cdn11.bigcommerce.com/s-xvps74vl0m/images/stencil/1280x1280/products/17803/40624/SS236204_2__83003.1749156364.jpg?c=1,SS236204_2__83003.1749156364.jpg?c=1,,,Ragon800,SS236204_2__83003.1749156364.jpg?c=1
,,,,,,,,,,,,,,,,,,,,,,,,
"19.75"" BROWN ONION SPRAY",OR215279,"Home|Everyday|Florals|19.75"" BROWN ONION SPRAY",,SOLD OUT,,,,L: 19.75in,,,$4.15 ,,,,,,Ragon400,Ragon160,https://cdn11.bigcommerce.com/s-xvps74vl0m/images/stencil/1280x1280/products/8592/35578/OR215279_4__31524.1733863831.jpg?c=1,OR215279_4__31524.1733863831.jpg?c=1,,,Ragon800,OR215279_4__31524.1733863831.jpg?c=1
,,,,,,,,,,,,,,,,,,,,,,,,
"12"" PURPLE WILDFLOWER CANDLE RING",HZ238877,"Home|Sale!|Everyday|12"" PURPLE WILDFLOWER CANDLE RING","INNER: 3.5""",In-Stock: Ships in 5 to 14 days,,,,L: 12in W: 3in,,6,$10.45 ,,,,,6,Ragon400,Ragon160,https://cdn11.bigcommerce.com/s-xvps74vl0m/images/stencil/1280x1280/products/16453/34892/HZ238877_2__45225.1733861359.jpg?c=1,HZ238877_2__45225.1733861359.jpg?c=1,,,Ragon800,HZ238877_2__45225.1733861359.jpg?c=1
,,,,,,,,,,,,,,,,,,,,,,,,
"14"" TENTED GALVANIZED LANTERN",E217341,"Home|Everyday|Lanterns, Lights & Hooks|14"" TENTED GALVANIZED LANTERN","HOLDS 3"" CANDLE",SOLD OUT,,,,L: 7in W: 7in H: 14in,,,$34.25 ,,,,,,Ragon400,Ragon160,https://cdn11.bigcommerce.com/s-xvps74vl0m/images/stencil/1280x1280/products/8255/24308/E217341_2__05689.1677257788.jpg?c=1,E217341_2__05689.1677257788.jpg?c=1,,,Ragon800,E217341_2__05689.1677257788.jpg?c=1
,,,,,,,,,,,,,,,,,,,,,,,,
"38.5"" CABIN ON THE LAKE PRINT",H223305,"Home|Everyday|Camping|38.5"" CABIN ON THE LAKE PRINT",2 SAWTOOTH HANGERS,SOLD OUT,,,,L: 38.50in W: 1.50in H: 16.75in,,,$109.00 ,,,,,,Ragon400,Ragon160,https://cdn11.bigcommerce.com/s-xvps74vl0m/images/stencil/1280x1280/products/10181/30042/H223305_2__29002.1702309932.jpg?c=1,H223305_2__29002.1702309932.jpg?c=1,,,Ragon800,H223305_2__29002.1702309932.jpg?c=1
,,,,,,,,,,,,,,,,,,,,,,,,
"11.5"" LIGHT GREEN SPRUCE 3D FLAME TREE CANDLE",NY239513,"Home|Flameless Candles|11.5"" LIGHT GREEN SPRUCE 3D FLAME TREE CANDLE","6 HR TIMER | ON/OFF BUTTON
REQUIRES 3 (AAA) BATTERIES, BATTERIES NOT INCLUDED.",In-Stock: Ships in 5 to 14 days,,,,L: 6.50in W: 6.50in H: 11.50in,,1,$17.90 ,,,,,1,Ragon400,Ragon160,https://cdn11.bigcommerce.com/s-xvps74vl0m/images/stencil/1280x1280/products/17699/41589/NY239513_1__91107.1749826525.jpg?c=1,NY239513_1__91107.1749826525.jpg?c=1,,,Ragon800,NY239513_1__91107.1749826525.jpg?c=1
,,,,,,,,,,,,,,,,,,,,,,,,
"12"" WHITE WILDFLOWER CANDLE RING",HZ238905,"Home|Sale!|Everyday|12"" WHITE WILDFLOWER CANDLE RING","INNER: 3.5""",In-Stock: Ships in 5 to 14 days,,,,L: 12in W: 2.50in,,6,$10.75 ,,,,,6,Ragon400,Ragon160,https://cdn11.bigcommerce.com/s-xvps74vl0m/images/stencil/1280x1280/products/16477/34978/HZ238905_6__78576.1733861386.jpg?c=1,HZ238905_6__78576.1733861386.jpg?c=1,,,Ragon800,HZ238905_6__78576.1733861386.jpg?c=1
,,,,,,,,,,,,,,,,,,,,,,,,
"8.5"" FAWNS IN THE WILD JOURNAL",L238731,"Home|Holiday|Tabletop & Misc.|8.5"" FAWNS IN THE WILD JOURNAL",,Projected Summer 2025,,,,L: 5.75in W: 1.50in H: 8.50in,,2,$18.15 ,,,,,2,Ragon400,Ragon160,https://cdn11.bigcommerce.com/s-xvps74vl0m/images/stencil/1280x1280/products/16539/40140/L238731_5__10262.1748356584.jpg?c=1,L238731_5__10262.1748356584.jpg?c=1,,,Ragon800,L238731_5__10262.1748356584.jpg?c=1
,,,,,,,,,,,,,,,,,,,,,,,,
"28"" GREEN TARTAN TREE SKIRT W/ SCALLOPED EDGE",SS221917,"Home|Sale!|Holiday|28"" GREEN TARTAN TREE SKIRT W/ SCALLOPED EDGE",,In-Stock: Ships in 5 to 14 days,,,,L: 28in,,4,$17.60 ,,,,,4,Ragon400,Ragon160,https://cdn11.bigcommerce.com/s-xvps74vl0m/images/stencil/1280x1280/products/11834/33983/SS221917_4__48274.1712868583.jpg?c=1,SS221917_4__48274.1712868583.jpg?c=1,,,Ragon800,SS221917_4__48274.1712868583.jpg?c=1
,,,,,,,,,,,,,,,,,,,,,,,,
"24"" CREAM LOTUS POD & BERRY WREATH",G233194,"Home|Sale!|Everyday|24"" CREAM LOTUS POD & BERRY WREATH",,In-Stock: Ships in 5 to 14 days,,,,L: 24in W: 5in H: 24in,,2,$35.75 ,,,,,2,Ragon400,Ragon160,https://cdn11.bigcommerce.com/s-xvps74vl0m/images/stencil/1280x1280/products/16217/34800/G233194_3__61319.1733861334.jpg?c=1,G233194_3__61319.1733861334.jpg?c=1,,,Ragon800,G233194_3__61319.1733861334.jpg?c=1
,,,,,,,,,,,,,,,,,,,,,,,,
JENNIFER'S GINGERBREAD COOKIE ORNAMENT,WS231679,"Home|Holiday|Ornaments, Garland & Tree Toppers|JENNIFER'S GINGERBREAD COOKIE ORNAMENT",,Early September,,,,L: 4in W: 0.25in H: 4in,,12,$2.50 ,,,,,12,Ragon400,Ragon160,https://cdn11.bigcommerce.com/s-xvps74vl0m/images/stencil/1280x1280/products/18154/40456/WS231679_5__68835.1749138205.jpg?c=1,WS231679_5__68835.1749138205.jpg?c=1,,,Ragon800,WS231679_5__68835.1749138205.jpg?c=1
,,,,,,,,,,,,,,,,,,,,,,,,
SET/ 7 MEDIUM GLITTERED HOLIDAY BOTTLEBRUSH TREES,WS231642,Home|Holiday|SET/ 7 MEDIUM GLITTERED HOLIDAY BOTTLEBRUSH TREES,"SM (3): 5.5""H MD (2): 5.75""H LG (2): 6""H",Early September,,,,See Details tab,,2,$19.55 ,,,,,2,Ragon400,Ragon160,https://cdn11.bigcommerce.com/s-xvps74vl0m/images/stencil/1280x1280/products/18129/40183/WS231642_2__65848.1748359358.jpg?c=1,WS231642_2__65848.1748359358.jpg?c=1,,,Ragon800,WS231642_2__65848.1748359358.jpg?c=1
,,,,,,,,,,,,,,,,,,,,,,,,
GALVANIZED BIRDHOUSE W/ FLOWERS,ZH238608,Home|Everyday|Spring & Garden|GALVANIZED BIRDHOUSE W/ FLOWERS,"NO CLEAN OUT | HANG HEIGHT 15""",SOLD OUT,,,,L: 8.75in W: 5.25in H: 10in,,,$12.65 ,,,,,,Ragon400,Ragon160,https://cdn11.bigcommerce.com/s-xvps74vl0m/images/stencil/1280x1280/products/16855/37224/ZH238608_4__70622.1733943508.jpg?c=1,ZH238608_4__70622.1733943508.jpg?c=1,,,Ragon800,ZH238608_4__70622.1733943508.jpg?c=1
,,,,,,,,,,,,,,,,,,,,,,,,
"36"" SANTA W/ SNOWY TREE DUMMY BOARD",WS218424,"Home|Holiday|Tabletop & Misc.|36"" SANTA W/ SNOWY TREE DUMMY BOARD",,SOLD OUT,,,,H: 36in,,,$48.00 ,,,,,,Ragon400,Ragon160,https://cdn11.bigcommerce.com/s-xvps74vl0m/images/stencil/1280x1280/products/9412/25726/WS218424_3__13704.1677258243.jpg?c=1,WS218424_3__13704.1677258243.jpg?c=1,,,Ragon800,WS218424_3__13704.1677258243.jpg?c=1
,,,,,,,,,,,,,,,,,,,,,,,,
"18"" SILVER SPARKLE BRISTLE BRUSH TREE",WS182351,"Home|Holiday|Bottlebrush|18"" SILVER SPARKLE BRISTLE BRUSH TREE","6''W X 18''H, BOTTLEBRUSH",SOLD OUT,,,,W: 6in H: 18in,,,$23.25 ,,,,,,Ragon400,Ragon160,https://cdn11.bigcommerce.com/s-xvps74vl0m/images/stencil/1280x1280/products/5388/11844/WS182351__70730.1626464685.jpg?c=1,WS182351__70730.1626464685.jpg?c=1,,,Ragon800,WS182351__70730.1626464685.jpg?c=1
,,,,,,,,,,,,,,,,,,,,,,,,
SPRING MARKET SIGN,BF235076,Home|Sale!|Everyday|SPRING MARKET SIGN,1 TRIANGLE HOOK,In-Stock: Ships in 5 to 14 days,,,,L: 15.75in W: 0.50in H: 14.75in,,6,$10.45 ,,,,,6,Ragon400,Ragon160,https://cdn11.bigcommerce.com/s-xvps74vl0m/images/stencil/1280x1280/products/15815/36731/BF235076_5__49958.1733943375.jpg?c=1,BF235076_5__49958.1733943375.jpg?c=1,,,Ragon800,BF235076_5__49958.1733943375.jpg?c=1
,,,,,,,,,,,,,,,,,,,,,,,,
"14"" CREAM METAL STAR TREE TOPPER",H237631,"Home|Holiday|Ornaments, Garland & Tree Toppers|14"" CREAM METAL STAR TREE TOPPER",,In-Stock: Ships in 5 to 14 days,,,,L: 9.50in W: 4in H: 14in,,1,$23.25 ,,,,,1,Ragon400,Ragon160,https://cdn11.bigcommerce.com/s-xvps74vl0m/images/stencil/1280x1280/products/17418/41231/H237631_5__91370.1749826448.jpg?c=1,H237631_5__91370.1749826448.jpg?c=1,,,Ragon800,H237631_5__91370.1749826448.jpg?c=1
,,,,,,,,,,,,,,,,,,,,,,,,
"12"" WEATHERED WHITE RESIN TREE",WS221378,"Home|Holiday|Cabin & Lodge|12"" WEATHERED WHITE RESIN TREE",,Projected Summer 2025,,,,W: 5in H: 12in,,4,$19.55 ,,,,,4,Ragon400,Ragon160,https://cdn11.bigcommerce.com/s-xvps74vl0m/images/stencil/1280x1280/products/12213/32368/WS221378_1__69415.1708440892.jpg?c=1,WS221378_1__69415.1708440892.jpg?c=1,,,Ragon800,WS221378_1__69415.1708440892.jpg?c=1
,,,,,,,,,,,,,,,,,,,,,,,,
THREE SECTION WOVEN TRAY W/HANDLES,E217478,Home|Sale!|Everyday|THREE SECTION WOVEN TRAY W/HANDLES,,In-Stock: Ships in 5 to 14 days,,,,L: 19in W: 2.50in H: 10in,,2,$25.25 ,,,,,2,Ragon400,Ragon160,https://cdn11.bigcommerce.com/s-xvps74vl0m/images/stencil/1280x1280/products/8303/27786/E217478_4__24406.1681313872.jpg?c=1,E217478_4__24406.1681313872.jpg?c=1,,,Ragon800,E217478_4__24406.1681313872.jpg?c=1
,,,,,,,,,,,,,,,,,,,,,,,,
"23.75"" WHITE PLANK SHELF",FB237291,"Home|Sale!|Everyday|23.75"" WHITE PLANK SHELF","INCLUDES METAL BRACKET
2 NAIL HOLES",In-Stock: Ships in 5 to 14 days,,,,L: 23.75in W: 6in H: 2.50in,,2,$20.50 ,,,,,2,Ragon400,Ragon160,https://cdn11.bigcommerce.com/s-xvps74vl0m/images/stencil/1280x1280/products/16022/36570/FB237291_2__32314.1733943331.jpg?c=1,FB237291_2__32314.1733943331.jpg?c=1,,,Ragon800,FB237291_2__32314.1733943331.jpg?c=1
,,,,,,,,,,,,,,,,,,,,,,,,
EVERY BUNNY WELCOME SIGN,E234231,Home|Everyday|Easter & Spring|EVERY BUNNY WELCOME SIGN,2 HALF CIRCLE HANGERS,In-Stock: Ships in 5 to 14 days,,,,L: 18in W: 0.75in H: 18in,,1,$19.80 ,,,,,1,Ragon400,Ragon160,https://cdn11.bigcommerce.com/s-xvps74vl0m/images/stencil/1280x1280/products/15874/37196/E234231__51126.1733943500.jpg?c=1,E234231__51126.1733943500.jpg?c=1,,,Ragon800,E234231__51126.1733943500.jpg?c=1
,,,,,,,,,,,,,,,,,,,,,,,,
SET/ 2 METAL CLOCHES,MH222561,Home|Everyday|Tabletop & Misc.|SET/ 2 METAL CLOCHES,"SM: 6.25""L X 6.25""W X 13""H LG: 7.25""L X 7.25""W X 14.75""H",In-Stock: Ships in 5 to 14 days,,,,See Details tab,,2,$27.50 ,,,,,2,Ragon400,Ragon160,https://cdn11.bigcommerce.com/s-xvps74vl0m/images/stencil/1280x1280/products/10324/29015/MH222561_4__35099.1701887353.jpg?c=1,MH222561_4__35099.1701887353.jpg?c=1,,,Ragon800,MH222561_4__35099.1701887353.jpg?c=1
,,,,,,,,,,,,,,,,,,,,,,,,
WHITE METAL DISH TAPER CANDLE HOLDER,MH236746,Home|Sale!|Everyday|WHITE METAL DISH TAPER CANDLE HOLDER,"REQUIRES 2 (AA) BATTERIES, BATTERIES NOT INCLUDED.",In-Stock: Ships in 5 to 14 days,,,,L: 8.25in W: 7.75in H: 10.25in,,2,$20.25 ,,,,,2,Ragon400,Ragon160,https://cdn11.bigcommerce.com/s-xvps74vl0m/images/stencil/1280x1280/products/16579/37017/MH236746_2__45854.1733943451.jpg?c=1,MH236746_2__45854.1733943451.jpg?c=1,,,Ragon800,MH236746_2__45854.1733943451.jpg?c=1
,,,,,,,,,,,,,,,,,,,,,,,,
"3.25"" GREY DOTTED GLASS 3D FLAME CANDLE",NY236550,"Home|Flameless Candles|3.25"" GREY DOTTED GLASS 3D FLAME CANDLE","6 HR TIMER | ON/OFF BUTTON
REQUIRES 2 (AAA) BATTERIES, BATTERIES NOT INCLUDED.",In-Stock: Ships in 5 to 14 days,,,,L: 2.75in W: 2.75in H: 3.25in,,6,$8.00 ,,,,,6,Ragon400,Ragon160,https://cdn11.bigcommerce.com/s-xvps74vl0m/images/stencil/1280x1280/products/16643/41762/NY236550_5__41721.1750788914.jpg?c=1,NY236550_5__41721.1750788914.jpg?c=1,,,Ragon800,NY236550_5__41721.1750788914.jpg?c=1
,,,,,,,,,,,,,,,,,,,,,,,,
METALLIC BLUE ICICLES,WS231792,"Home|Holiday|Ornaments, Garland & Tree Toppers|METALLIC BLUE ICICLES",,Early September,,,,L: 6.50in W: 0.25in H: 11in,,8,$7.70 ,,,,,8,Ragon400,Ragon160,https://cdn11.bigcommerce.com/s-xvps74vl0m/images/stencil/1280x1280/products/18196/41704/WS231792_2__84375.1749826548.jpg?c=1,WS231792_2__84375.1749826548.jpg?c=1,,,Ragon800,WS231792_2__84375.1749826548.jpg?c=1
,,,,,,,,,,,,,,,,,,,,,,,,
"3"" RED LEAF KUGEL ORNAMENT",SS221804,"Home|Holiday|Ornaments, Garland & Tree Toppers|3"" RED LEAF KUGEL ORNAMENT",,In-Stock: Ships in 5 to 14 days,,,,W: 3in,,6,$2.75 ,,,,,6,Ragon400,Ragon160,https://cdn11.bigcommerce.com/s-xvps74vl0m/images/stencil/1280x1280/products/11782/33715/SS221804__65341.1712154115.jpg?c=1,SS221804__65341.1712154115.jpg?c=1,,,Ragon800,SS221804__65341.1712154115.jpg?c=1
,,,,,,,,,,,,,,,,,,,,,,,,
"9"" FILIGREE BELL",ZH187537,"Home|Holiday|Bells|9"" FILIGREE BELL","6.75''W X 9''H, METAL",SOLD OUT,,,,W: 6.75in H: 9in,,,$7.45 ,,,,,,Ragon400,Ragon160,https://cdn11.bigcommerce.com/s-xvps74vl0m/images/stencil/1280x1280/products/5422/12431/ZH187537__34356.1626464901.jpg?c=1,ZH187537__34356.1626464901.jpg?c=1,,,Ragon800,ZH187537__34356.1626464901.jpg?c=1
,,,,,,,,,,,,,,,,,,,,,,,,
"5"" RED FROSTED GLASS 3D FLAME CANDLE",NY236589,"Home|Flameless Candles|5"" RED FROSTED GLASS 3D FLAME CANDLE","6 HR TIMER | ON/OFF BUTTON
REQUIRES 3 (AAA) BATTERIES, BATTERIES NOT INCLUDED.",In-Stock: Ships in 5 to 14 days,,,,L: 3in W: 3in H: 5in,,4,$8.80 ,,,,,4,Ragon400,Ragon160,https://cdn11.bigcommerce.com/s-xvps74vl0m/images/stencil/1280x1280/products/16662/41980/NY236589_1__68636.1754680386.jpg?c=1,NY236589_1__68636.1754680386.jpg?c=1,,,Ragon800,NY236589_1__68636.1754680386.jpg?c=1
,,,,,,,,,,,,,,,,,,,,,,,,
AGED GREEN WATERING CAN,BF224373,Home|Everyday|Spring & Garden|AGED GREEN WATERING CAN,,SOLD OUT,,,,L: 19.75in W: 6.50in H: 13.50in,,,$33.00 ,,,,,,Ragon400,Ragon160,https://cdn11.bigcommerce.com/s-xvps74vl0m/images/stencil/1280x1280/products/10006/28554/BF224373_1__36815.1701887192.jpg?c=1,BF224373_1__36815.1701887192.jpg?c=1,,,Ragon800,BF224373_1__36815.1701887192.jpg?c=1
,,,,,,,,,,,,,,,,,,,,,,,,
"25.5"" BLUE BLACK-EYED SUSAN SPRAY",G233098,"Home|Everyday|Florals|25.5"" BLUE BLACK-EYED SUSAN SPRAY",,In-Stock: Ships in 5 to 14 days,,,,L: 25.50in W: 8in,,12,$3.05 ,,,,,12,Ragon400,Ragon160,https://cdn11.bigcommerce.com/s-xvps74vl0m/images/stencil/1280x1280/products/16191/34719/G233098_2__70781.1733861311.jpg?c=1,G233098_2__70781.1733861311.jpg?c=1,,,Ragon800,G233098_2__70781.1733861311.jpg?c=1
,,,,,,,,,,,,,,,,,,,,,,,,
"18"" SNOWMAN FAMILY DUMMY BOARD",WS221087,"Home|Sale!|Holiday|18"" SNOWMAN FAMILY DUMMY BOARD",,In-Stock: Ships in 5 to 14 days,,,,H: 18in,,4,$13.75 ,,,,,4,Ragon400,Ragon160,https://cdn11.bigcommerce.com/s-xvps74vl0m/images/stencil/1280x1280/products/12002/32243/WS221087_3__10337.1708440854.jpg?c=1,WS221087_3__10337.1708440854.jpg?c=1,,,Ragon800,WS221087_3__10337.1708440854.jpg?c=1
,,,,,,,,,,,,,,,,,,,,,,,,
"24"" SNOWY PINE W/ PINECONES & SNOWFLAKES WREATH",G233584,"Home|Holiday|Greenery, Wreaths & Trees|24"" SNOWY PINE W/ PINECONES & SNOWFLAKES WREATH",,Late August,,,,L: 24in W: 5in H: 24in,,1,$38.50 ,,,,,1,Ragon400,Ragon160,https://cdn11.bigcommerce.com/s-xvps74vl0m/images/stencil/1280x1280/products/17256/41787/G233584_2__37645.1750882472.jpg?c=1,G233584_2__37645.1750882472.jpg?c=1,,,Ragon800,G233584_2__37645.1750882472.jpg?c=1
,,,,,,,,,,,,,,,,,,,,,,,,
"60"" DRAPING CHAMPAGNE GLITTER BUDS",G171353,"Home|Holiday|Greenery, Wreaths & Trees|60"" DRAPING CHAMPAGNE GLITTER BUDS",,Late August,,,,L: 60in,,6,$11.55 ,,,,,6,Ragon400,Ragon160,https://cdn11.bigcommerce.com/s-xvps74vl0m/images/stencil/1280x1280/products/4473/41362/G171353_1__66207.1749826473.jpg?c=1,G171353_1__66207.1749826473.jpg?c=1,,,Ragon800,G171353_1__66207.1749826473.jpg?c=1
,,,,,,,,,,,,,,,,,,,,,,,,
"14"" GOLD HOLLY W/ RED BERRIES PICK",G191462,"Home|Holiday|Greenery, Wreaths & Trees|14"" GOLD HOLLY W/ RED BERRIES PICK","14""H, PE ",In-Stock: Ships in 5 to 14 days,,,,L: 14in,,12,$5.45 ,,,,,12,Ragon400,Ragon160,https://cdn11.bigcommerce.com/s-xvps74vl0m/images/stencil/1280x1280/products/3604/8812/G191462_7__33272.1649697622.jpg?c=1,G191462_7__33272.1649697622.jpg?c=1,,,Ragon800,G191462_7__33272.1649697622.jpg?c=1
,,,,,,,,,,,,,,,,,,,,,,,,
"10"" WHITE GLITTERED SNOWFLAKE ORNAMENT",WS227461,"Home|Holiday|Ornaments, Garland & Tree Toppers|10"" WHITE GLITTERED SNOWFLAKE ORNAMENT",,In-Stock: Ships in 5 to 14 days,,,,L: 10in W: 1in H: 10in,,4,$8.25 ,,,,,4,Ragon400,Ragon160,https://cdn11.bigcommerce.com/s-xvps74vl0m/images/stencil/1280x1280/products/12403/33462/WS227461_2__12064.1711115421.jpg?c=1,WS227461_2__12064.1711115421.jpg?c=1,,,Ragon800,WS227461_2__12064.1711115421.jpg?c=1
,,,,,,,,,,,,,,,,,,,,,,,,
"27.5"" COFFEE BRISTLEGRASS SPRAY",OR235606,"Home|Sale!|Everyday|27.5"" COFFEE BRISTLEGRASS SPRAY",,In-Stock: Ships in 5 to 14 days,,,,L: 27.50in W: 6in,,24,$4.40 ,,,,,24,Ragon400,Ragon160,https://cdn11.bigcommerce.com/s-xvps74vl0m/images/stencil/1280x1280/products/16727/35243/OR235606_1__85481.1733861465.jpg?c=1,OR235606_1__85481.1733861465.jpg?c=1,,,Ragon800,OR235606_1__85481.1733861465.jpg?c=1
,,,,,,,,,,,,,,,,,,,,,,,,
"4"" ANDRI PLAID GLASS 3D FLAME CANDLE",NY236567,"Home|Flameless Candles|4"" ANDRI PLAID GLASS 3D FLAME CANDLE","6 HR TIMER | ON/OFF BUTTON
REQUIRES 3 (AAA) BATTERIES, BATTERIES NOT INCLUDED.",In-Stock: Ships in 5 to 14 days,,,,L: 3in W: 3in H: 4in,,6,$7.45 ,,,,,6,Ragon400,Ragon160,https://cdn11.bigcommerce.com/s-xvps74vl0m/images/stencil/1280x1280/products/16658/41972/NY236567_1__74937.1754680009.jpg?c=1,NY236567_1__74937.1754680009.jpg?c=1,,,Ragon800,NY236567_1__74937.1754680009.jpg?c=1
,,,,,,,,,,,,,,,,,,,,,,,,
"3"" FIRE RED GLASS ORNAMENT",SS232311,"Home|Holiday|Ornaments, Garland & Tree Toppers|3"" FIRE RED GLASS ORNAMENT",,In-Stock: Ships in 5 to 14 days,,,,L: 3in,,6,$3.05 ,,,,,6,Ragon400,Ragon160,https://cdn11.bigcommerce.com/s-xvps74vl0m/images/stencil/1280x1280/products/17835/41602/SS232311_1__13309.1749826527.jpg?c=1,SS232311_1__13309.1749826527.jpg?c=1,,,Ragon800,SS232311_1__13309.1749826527.jpg?c=1
,,,,,,,,,,,,,,,,,,,,,,,,
LAUNDRY ROOM SIGN,E217217,Home|Sale!|Everyday|LAUNDRY ROOM SIGN,2 KEYHOLE HANGERS,In-Stock: Ships in 5 to 14 days,,,,L: 7.50in W: 4.50in H: 23.50in,,4,$15.40 ,,,,,4,Ragon400,Ragon160,https://cdn11.bigcommerce.com/s-xvps74vl0m/images/stencil/1280x1280/products/8215/24221/E217217_3__13738.1677257761.jpg?c=1,E217217_3__13738.1677257761.jpg?c=1,,,Ragon800,E217217_3__13738.1677257761.jpg?c=1
,,,,,,,,,,,,,,,,,,,,,,,,
"48"" SNOWMAN W/ HOLLY HAT PRINT",RH239784,"Home|Collections|2025 Products|UNSPECIFIED|48"" SNOWMAN W/ HOLLY HAT PRINT",,Projected Summer 2025,,,,H: 48in,,2,$87.00 ,,,,,2,Ragon400,Ragon160,https://cdn11.bigcommerce.com/s-xvps74vl0m/images/stencil/1280x1280/products/18380/41821/RH239784_2__70819.1751315070.jpg?c=1,RH239784_2__70819.1751315070.jpg?c=1,,,Ragon800,RH239784_2__70819.1751315070.jpg?c=1
,,,,,,,,,,,,,,,,,,,,,,,,
"4"" - 3D FLAME TAN SPECKLED CERAMIC CANDLE",NY229102,"Home|Flameless Candles|4"" - 3D FLAME TAN SPECKLED CERAMIC CANDLE","6 HR TIMER | ON/OFF BUTTON
 ",SOLD OUT,,,,L: 4in W: 4in H: 4in,,,$10.75 ,,,,,,Ragon400,Ragon160,https://cdn11.bigcommerce.com/s-xvps74vl0m/images/stencil/1280x1280/products/14329/32004/NY229102_1__10476.1707399433.jpg?c=1,NY229102_1__10476.1707399433.jpg?c=1,,,Ragon800,NY229102_1__10476.1707399433.jpg?c=1
,,,,,,,,,,,,,,,,,,,,,,,,
6' RED GERANIUM GARLAND,G228457,Home|Everyday|Florals|6' RED GERANIUM GARLAND,,SOLD OUT,,,,L: 72in,,,$19.80 ,,,,,,Ragon400,Ragon160,https://cdn11.bigcommerce.com/s-xvps74vl0m/images/stencil/1280x1280/products/13795/35975/G228457_7__94523.1733863943.jpg?c=1,G228457_7__94523.1733863943.jpg?c=1,,,Ragon800,G228457_7__94523.1733863943.jpg?c=1
,,,,,,,,,,,,,,,,,,,,,,,,
"10"" SANTA W/ WHITE COAT DUMMY BOARD",WS218442,"Home|Holiday|Tabletop & Misc.|10"" SANTA W/ WHITE COAT DUMMY BOARD",,In-Stock: Ships in 5 to 14 days,,,,H: 10in,,4,$6.05 ,,,,,4,Ragon400,Ragon160,https://cdn11.bigcommerce.com/s-xvps74vl0m/images/stencil/1280x1280/products/9628/25749/WS218442_1__29769.1677258250.jpg?c=1,WS218442_1__29769.1677258250.jpg?c=1,,,Ragon800,WS218442_1__29769.1677258250.jpg?c=1
,,,,,,,,,,,,,,,,,,,,,,,,
BEIGE SPRING BUNNY,KY239016,Home|Everyday|BEIGE SPRING BUNNY,,Late August,,,,L: 2in W: 3in H: 2.50in,,12,$2.75 ,,,,,12,Ragon400,Ragon160,https://cdn11.bigcommerce.com/s-xvps74vl0m/images/stencil/1280x1280/products/16901/41922/KY239016_1__97824.1754589256.jpg?c=1,KY239016_1__97824.1754589256.jpg?c=1,,,Ragon800,KY239016_1__97824.1754589256.jpg?c=1
,,,,,,,,,,,,,,,,,,,,,,,,
"10"" OLIVE GREEN LONG STEM BOTTLEBRUSH TREE",WS182295,"Home|Holiday|Bottlebrush|10"" OLIVE GREEN LONG STEM BOTTLEBRUSH TREE","3''W X 10''H, BOTTLEBRUSH",SOLD OUT,,,,W: 3in H: 10in,,,$8.25 ,,,,,,Ragon400,Ragon160,https://cdn11.bigcommerce.com/s-xvps74vl0m/images/stencil/1280x1280/products/5367/11781/WS182295-_WS182296-WS182297-_WS182298_09bl-wk__02989.1626464673.jpg?c=1,WS182295-_WS182296-WS182297-_WS182298_09bl-wk__02989.1626464673.jpg?c=1,,,Ragon800,WS182295-_WS182296-WS182297-_WS182298_09bl-wk__02989.1626464673.jpg?c=1
,,,,,,,,,,,,,,,,,,,,,,,,
"35"" FERN TREE IN BLACK POT",G228306,"Home|Everyday|Florals|35"" FERN TREE IN BLACK POT",,In-Stock: Ships in 5 to 14 days,,,,H: 35in,,2,$57.25 ,,,,,2,Ragon400,Ragon160,https://cdn11.bigcommerce.com/s-xvps74vl0m/images/stencil/1280x1280/products/10141/28758/G228306_1__49400.1714824548.jpg?c=1,G228306_1__49400.1714824548.jpg?c=1,,,Ragon800,G228306_1__49400.1714824548.jpg?c=1
,,,,,,,,,,,,,,,,,,,,,,,,
"8.25"" POTTED WHITE LILY OF THE VALLEY",OR235594,"Home|Everyday|Spring & Garden|8.25"" POTTED WHITE LILY OF THE VALLEY",,In-Stock: Ships in 5 to 14 days,,,,L: 3in W: 3in H: 8.25in,,6,$6.90 ,,,,,6,Ragon400,Ragon160,https://cdn11.bigcommerce.com/s-xvps74vl0m/images/stencil/1280x1280/products/16721/35226/OR235594_6__34771.1733861460.jpg?c=1,OR235594_6__34771.1733861460.jpg?c=1,,,Ragon800,OR235594_6__34771.1733861460.jpg?c=1
,,,,,,,,,,,,,,,,,,,,,,,,
"5"" FAWN VELVET & GLITTER BELL",WS231003,"Home|Holiday|Ornaments, Garland & Tree Toppers|5"" FAWN VELVET & GLITTER BELL",AUTHENTIC GERMAN GLASS GLITTER; MAY CHANGE COLOR OVER TIME,Projected Summer 2025,,,,L: 2.50in W: 2.50in H: 5in,,12,$5.25 ,,,,,12,Ragon400,Ragon160,https://cdn11.bigcommerce.com/s-xvps74vl0m/images/stencil/1280x1280/products/17932/40491/WS231003_1__63115.1749150246.jpg?c=1,WS231003_1__63115.1749150246.jpg?c=1,,,Ragon800,WS231003_1__63115.1749150246.jpg?c=1
,,,,,,,,,,,,,,,,,,,,,,,,
"24"" BLACK & WHITE SANTA CLAUS IS COMING TO TOWN",E217843,"Home|Holiday|Signs|24"" BLACK & WHITE SANTA CLAUS IS COMING TO TOWN",,In-Stock: Ships in 5 to 14 days,,,,L: 24in W: 1in H: 24in,,2,$38.00 ,,,,,2,Ragon400,Ragon160,https://cdn11.bigcommerce.com/s-xvps74vl0m/images/stencil/1280x1280/products/10803/32054/E217843_4__75510.1708440789.jpg?c=1,E217843_4__75510.1708440789.jpg?c=1,,,Ragon800,E217843_4__75510.1708440789.jpg?c=1
,,,,,,,,,,,,,,,,,,,,,,,,
"2.25"" - 3D FLAME RIBBED CEMENT CANDLE",NY229093,"Home|Flameless Candles|2.25"" - 3D FLAME RIBBED CEMENT CANDLE","6 HR TIMER | ON/OFF BUTTON
REQUIRES 2 (AA) BATTERIES, BATTERIES NOT INCLUDED.",In-Stock: Ships in 5 to 14 days,,,,L: 4in W: 4in H: 2.25in,,6,$5.80 ,,,,,6,Ragon400,Ragon160,https://cdn11.bigcommerce.com/s-xvps74vl0m/images/stencil/1280x1280/products/12691/33933/NY229093_1__97905.1712868567.jpg?c=1,NY229093_1__97905.1712868567.jpg?c=1,,,Ragon800,NY229093_1__97905.1712868567.jpg?c=1
,,,,,,,,,,,,,,,,,,,,,,,,
FARMSTAND EGG CARTON ORNAMENT,WS231420,"Home|Holiday|Ornaments, Garland & Tree Toppers|FARMSTAND EGG CARTON ORNAMENT",,In-Stock: Ships in 5 to 14 days,,,,L: 3.50in W: 2.75in H: 1.50in,,6,$5.50 ,,,,,6,Ragon400,Ragon160,https://cdn11.bigcommerce.com/s-xvps74vl0m/images/stencil/1280x1280/products/17997/40439/WS231420_5__91568.1749135610.jpg?c=1,WS231420_5__91568.1749135610.jpg?c=1,,,Ragon800,WS231420_5__91568.1749135610.jpg?c=1
,,,,,,,,,,,,,,,,,,,,,,,,
"5"" CREAM GROOVED 3D FLAME CANDLE",NY236335,"Home|Flameless Candles|5"" CREAM GROOVED 3D FLAME CANDLE","6 HR TIMER | ON/OFF BUTTON
REQUIRES 3 (AAA) BATTERIES, BATTERIES NOT INCLUDED.",In-Stock: Ships in 5 to 14 days,,,,L: 3in W: 3in H: 5in,,6,$5.80 ,,,,,6,Ragon400,Ragon160,https://cdn11.bigcommerce.com/s-xvps74vl0m/images/stencil/1280x1280/products/16607/36313/NY236335_1__64978.1733943271.jpg?c=1,NY236335_1__64978.1733943271.jpg?c=1,,,Ragon800,NY236335_1__64978.1733943271.jpg?c=1
,,,,,,,,,,,,,,,,,,,,,,,,
SET/ 3 WOVEN METAL BUCKETS,ZH238646,Home|Everyday|Baskets & Buckets|SET/ 3 WOVEN METAL BUCKETS,"SM: 7.25""L X 6.5""W X 5.5""H MD: 10""L X 8.5""W X 6""H LG: 12.5""L X10.5 ""W X 7.5""H",In-Stock: Ships in 5 to 14 days,,,,See Details tab,,2,$33.00 ,,,,,2,Ragon400,Ragon160,https://cdn11.bigcommerce.com/s-xvps74vl0m/images/stencil/1280x1280/products/16877/37169/ZH238646_2__51832.1733943493.jpg?c=1,ZH238646_2__51832.1733943493.jpg?c=1,,,Ragon800,ZH238646_2__51832.1733943493.jpg?c=1
,,,,,,,,,,,,,,,,,,,,,,,,
"SET/ 3 - 6"" GREEN BOTTLEBRUSH TREES",WS218091,"Home|Holiday|Bottlebrush|SET/ 3 - 6"" GREEN BOTTLEBRUSH TREES","BOX SIZE: 6.25"" X 6.25"" X 7.5""",In-Stock: Ships in 5 to 14 days,,,,H: 6in,,4,$9.35 ,,,,,4,Ragon400,Ragon160,https://cdn11.bigcommerce.com/s-xvps74vl0m/images/stencil/1280x1280/products/9220/25458/WS218091_5__54047.1677258154.jpg?c=1,WS218091_5__54047.1677258154.jpg?c=1,,,Ragon800,WS218091_5__54047.1677258154.jpg?c=1
,,,,,,,,,,,,,,,,,,,,,,,,
MERRY CHRISTMAS SNOWMAN ORNAMENT,WS231608,"Home|Holiday|Ornaments, Garland & Tree Toppers|MERRY CHRISTMAS SNOWMAN ORNAMENT",,Projected Summer 2025,,,,L: 4in W: 1in H: 5.50in,,6,$4.40 ,,,,,6,Ragon400,Ragon160,https://cdn11.bigcommerce.com/s-xvps74vl0m/images/stencil/1280x1280/products/18104/40342/WS231608_2__05815.1748895990.jpg?c=1,WS231608_2__05815.1748895990.jpg?c=1,,,Ragon800,WS231608_2__05815.1748895990.jpg?c=1
,,,,,,,,,,,,,,,,,,,,,,,,
"7"" LIFE OF JAMES GARFIELD JOURNAL",L221519,"Home|Everyday|Journals|7"" LIFE OF JAMES GARFIELD JOURNAL",,In-Stock: Ships in 5 to 14 days,,,,L: 4in W: 2in H: 7in,,2,$13.75 ,,,,,2,Ragon400,Ragon160,https://cdn11.bigcommerce.com/s-xvps74vl0m/images/stencil/1280x1280/products/10261/28930/L221519_5__39395.1701887322.jpg?c=1,L221519_5__39395.1701887322.jpg?c=1,,,Ragon800,L221519_5__39395.1701887322.jpg?c=1
,,,,,,,,,,,,,,,,,,,,,,,,
"5"" BOXWOOD TAPER CANDLE RING",G233192,"Home|Sale!|Everyday|5"" BOXWOOD TAPER CANDLE RING","INNER: 1""",In-Stock: Ships in 5 to 14 days,,,,L: 5in W: 2.50in,,12,$4.40 ,,,,,12,Ragon400,Ragon160,https://cdn11.bigcommerce.com/s-xvps74vl0m/images/stencil/1280x1280/products/16216/34798/G233192_1__06064.1733861333.jpg?c=1,G233192_1__06064.1733861333.jpg?c=1,,,Ragon800,G233192_1__06064.1733861333.jpg?c=1
,,,,,,,,,,,,,,,,,,,,,,,,
"27"" WHITE ONION SPRAY",OR215499,"Home|Everyday|Americana|27"" WHITE ONION SPRAY",,SOLD OUT,,,,L: 27in,,,$4.40 ,,,,,,Ragon400,Ragon160,https://cdn11.bigcommerce.com/s-xvps74vl0m/images/stencil/1280x1280/products/8673/25335/OR215499_2__01316.1677258113.jpg?c=1,OR215499_2__01316.1677258113.jpg?c=1,,,Ragon800,OR215499_2__01316.1677258113.jpg?c=1
,,,,,,,,,,,,,,,,,,,,,,,,
"23.75"" PINE W/ BRAIDED POT",ST222062,"Home|Holiday|Cabin & Lodge|23.75"" PINE W/ BRAIDED POT",,In-Stock: Ships in 5 to 14 days,,,,H: 23.75in,,2,$14.30 ,,,,,2,Ragon400,Ragon160,https://cdn11.bigcommerce.com/s-xvps74vl0m/images/stencil/1280x1280/products/11950/32229/ST222062_1__75972.1708440849.jpg?c=1,ST222062_1__75972.1708440849.jpg?c=1,,,Ragon800,ST222062_1__75972.1708440849.jpg?c=1
,,,,,,,,,,,,,,,,,,,,,,,,
"16"" DOME LANTERN",E226357,"Home|Everyday|Lanterns, Lights & Hooks|16"" DOME LANTERN",,SOLD OUT,,,,L: 9.25in W: 6.50in H: 16in,,,$34.00 ,,,,,,Ragon400,Ragon160,https://cdn11.bigcommerce.com/s-xvps74vl0m/images/stencil/1280x1280/products/10705/29575/E226357_4__36139.1701963469.jpg?c=1,E226357_4__36139.1701963469.jpg?c=1,,,Ragon800,E226357_4__36139.1701963469.jpg?c=1
,,,,,,,,,,,,,,,,,,,,,,,,
"24.25"" SNOWFLAKE STAKE",HY238184,"Home|Holiday|24.25"" SNOWFLAKE STAKE",,In-Stock: Ships in 5 to 14 days,,,,L: 12.50in W: 0.50in H: 24.25in,,4,$10.45 ,,,,,4,Ragon400,Ragon160,https://cdn11.bigcommerce.com/s-xvps74vl0m/images/stencil/1280x1280/products/17473/40121/HY238184_2__09389.1747946685.jpg?c=1,HY238184_2__09389.1747946685.jpg?c=1,,,Ragon800,HY238184_2__09389.1747946685.jpg?c=1
,,,,,,,,,,,,,,,,,,,,,,,,
"20"" SNOW FLURRY PICK W/ RED BERRIES",G228631,"Home|Holiday|Greenery, Wreaths & Trees|20"" SNOW FLURRY PICK W/ RED BERRIES",,SOLD OUT,,,,L: 20in,,,$11.55 ,,,,,,Ragon400,Ragon160,https://cdn11.bigcommerce.com/s-xvps74vl0m/images/stencil/1280x1280/products/11357/32130/G228631_6__52597.1708440815.jpg?c=1,G228631_6__52597.1708440815.jpg?c=1,,,Ragon800,G228631_6__52597.1708440815.jpg?c=1
,,,,,,,,,,,,,,,,,,,,,,,,
SET/ 12 TAPER CANDLE CAPS,NY236597,Home|Flameless Candles|SET/ 12 TAPER CANDLE CAPS,,In-Stock: Ships in 5 to 14 days,,,,L: 0.80in W: 0.08in H: 0.80in,,10,$3.05 ,,,,,10,Ragon400,Ragon160,https://cdn11.bigcommerce.com/s-xvps74vl0m/images/stencil/1280x1280/products/16670/37079/NY236597__83659.1733943468.jpg?c=1,NY236597__83659.1733943468.jpg?c=1,,,Ragon800,NY236597__83659.1733943468.jpg?c=1
,,,,,,,,,,,,,,,,,,,,,,,,
"36"" WHITE STOCKING WITH BLACK STRIPES",HE205567,"Home|Sale!|Holiday|36"" WHITE STOCKING WITH BLACK STRIPES",,In-Stock: Ships in 5 to 14 days,,,,L: 36in W: 23in,,6,$31.75 ,,,,,6,Ragon400,Ragon160,https://cdn11.bigcommerce.com/s-xvps74vl0m/images/stencil/1280x1280/products/7161/19312/HE205567__47606.1651755226.jpg?c=1,HE205567__47606.1651755226.jpg?c=1,,,Ragon800,HE205567__47606.1651755226.jpg?c=1
,,,,,,,,,,,,,,,,,,,,,,,,
"14"" SNOWY PENCIL TREE W/BURLAP BASE",ST212007,"Home|Holiday|Greenery, Wreaths & Trees|14"" SNOWY PENCIL TREE W/BURLAP BASE",,SOLD OUT,,,,L: 4in W: 4in H: 14in,,,$6.60 ,,,,,,Ragon400,Ragon160,https://cdn11.bigcommerce.com/s-xvps74vl0m/images/stencil/1280x1280/products/9147/27019/ST212007_1__20788.1679582794.jpg?c=1,ST212007_1__20788.1679582794.jpg?c=1,,,Ragon800,ST212007_1__20788.1679582794.jpg?c=1
,,,,,,,,,,,,,,,,,,,,,,,,
AGED WOODEN VASE,E217106,Home|Everyday|Vases|AGED WOODEN VASE,SM: MD: LG:,In-Stock: Ships in 5 to 14 days,,,,L: 6in W: 6in H: 8in,,4,$20.25 ,,,,,4,Ragon400,Ragon160,https://cdn11.bigcommerce.com/s-xvps74vl0m/images/stencil/1280x1280/products/8196/24146/E217106_1__83959.1677257739.jpg?c=1,E217106_1__83959.1677257739.jpg?c=1,,,Ragon800,E217106_1__83959.1677257739.jpg?c=1
,,,,,,,,,,,,,,,,,,,,,,,,
"16"" FROSTED PINE & CEDAR W/ BERRIES, ORNAMENTS & PINECONE PICK",G233457,"Home|Holiday|16"" FROSTED PINE & CEDAR W/ BERRIES, ORNAMENTS & PINECONE PICK",,In-Stock: Ships in 5 to 14 days,,,,L: 16in W: 4in,,12,$6.05 ,,,,,12,Ragon400,Ragon160,https://cdn11.bigcommerce.com/s-xvps74vl0m/images/stencil/1280x1280/products/17217/41201/G233457_1__09135.1749826442.jpg?c=1,G233457_1__09135.1749826442.jpg?c=1,,,Ragon800,G233457_1__09135.1749826442.jpg?c=1
,,,,,,,,,,,,,,,,,,,,,,,,
HOLIDAY FOLIAGE IN ROUND GOLD FRAME,E234658,Home|Collections|2025 Products|HOLIDAY|HOLIDAY FOLIAGE IN ROUND GOLD FRAME,,In-Stock: Ships in 5 to 14 days,,,,L: 7.75in W: 1in H: 9.25in,,4,$11.55 ,,,,,4,Ragon400,Ragon160,https://cdn11.bigcommerce.com/s-xvps74vl0m/images/stencil/1280x1280/products/17122/39758/E234658_3__11713.1741630485.jpg?c=1,E234658_3__11713.1741630485.jpg?c=1,,,Ragon800,E234658_3__11713.1741630485.jpg?c=1
,,,,,,,,,,,,,,,,,,,,,,,,
ANTIQUE BLACK LED PENDANT,MH222608,Home|Sale!|Everyday|ANTIQUE BLACK LED PENDANT,"REQUIRES 2 (AA) BATTERIES, BATTERIES NOT INCLUDED.
E27R
CHAIN",SOLD OUT,,,,L: 10.75in W: 10.75in H: 22in,,,$35.25 ,,,,,,Ragon400,Ragon160,https://cdn11.bigcommerce.com/s-xvps74vl0m/images/stencil/1280x1280/products/10349/29052/MH222608_2__00189.1701887365.jpg?c=1,MH222608_2__00189.1701887365.jpg?c=1,,,Ragon800,MH222608_2__00189.1701887365.jpg?c=1
,,,,,,,,,,,,,,,,,,,,,,,,
"15"" BIRDNEST W/ DOGWOOD BRANCHES",G228089,"Home|Everyday|Easter & Spring|15"" BIRDNEST W/ DOGWOOD BRANCHES",,SOLD OUT,,,,L: 15in,,,$8.75 ,,,,,,Ragon400,Ragon160,https://cdn11.bigcommerce.com/s-xvps74vl0m/images/stencil/1280x1280/products/10061/37228/G228089_1__08947.1734631411.jpg?c=1,G228089_1__08947.1734631411.jpg?c=1,,,Ragon800,G228089_1__08947.1734631411.jpg?c=1
,,,,,,,,,,,,,,,,,,,,,,,,
"7"" A CHRISTMAS CAROL JOURNAL",L238701,"Home|Holiday|Tabletop & Misc.|7"" A CHRISTMAS CAROL JOURNAL",,Projected Summer 2025,,,,L: 4in W: 1.50in H: 7in,,2,$13.75 ,,,,,2,Ragon400,Ragon160,https://cdn11.bigcommerce.com/s-xvps74vl0m/images/stencil/1280x1280/products/16509/40125/L238701_2__25361.1747946957.jpg?c=1,L238701_2__25361.1747946957.jpg?c=1,,,Ragon800,L238701_2__25361.1747946957.jpg?c=1
,,,,,,,,,,,,,,,,,,,,,,,,
SET/ 3 SNOWY GREEN BOTTLEBRUSH TREES,WS218370,Home|Sale!|Holiday|SET/ 3 SNOWY GREEN BOTTLEBRUSH TREES,"SM: 2""L X 2.25""W X 9.25""H
MD: 2.25""L X 2.25""W X 10.5""H
LG: 2.25""L X 2.25""W X 12""H",In-Stock: Ships in 5 to 14 days,,,,See Details tab,,3,$15.15 ,,,,,3,Ragon400,Ragon160,https://cdn11.bigcommerce.com/s-xvps74vl0m/images/stencil/1280x1280/products/9391/25686/WS218370_1__55166.1677258229.jpg?c=1,WS218370_1__55166.1677258229.jpg?c=1,,,Ragon800,WS218370_1__55166.1677258229.jpg?c=1
,,,,,,,,,,,,,,,,,,,,,,,,
ADD BACON CUTTING BOARD,E203410,Home|Everyday|Kitchen|ADD BACON CUTTING BOARD,"TWINE HANGER - HANDLE HEIGHT 21""H",SOLD OUT,,,,L: 7in W: 0.50in H: 17in,,,$8.25 ,,,,,,Ragon400,Ragon160,https://cdn11.bigcommerce.com/s-xvps74vl0m/images/stencil/1280x1280/products/6587/14304/E203410_4__70444.1689611540.jpg?c=1,E203410_4__70444.1689611540.jpg?c=1,,,Ragon800,E203410_4__70444.1689611540.jpg?c=1
,,,,,,,,,,,,,,,,,,,,,,,,
"12"" DISTRESSED METAL BOWL",SH222343,"Home|Everyday|Kitchen|12"" DISTRESSED METAL BOWL",,SOLD OUT,,,,L: 12in W: 12in H: 5.25in,,,$34.75 ,,,,,,Ragon400,Ragon160,https://cdn11.bigcommerce.com/s-xvps74vl0m/images/stencil/1280x1280/products/10559/29384/SH222343_3__84247.1701887479.jpg?c=1,SH222343_3__84247.1701887479.jpg?c=1,,,Ragon800,SH222343_3__84247.1701887479.jpg?c=1
,,,,,,,,,,,,,,,,,,,,,,,,
"9"" DARK GREEN 3 WICK 3D FLAME CANDLE",NY236649,"Home|Flameless Candles|9"" DARK GREEN 3 WICK 3D FLAME CANDLE","6 HR TIMER | ON/OFF BUTTON
REQUIRES 3 (AA) BATTERIES, BATTERIES NOT INCLUDED.",Projected Summer 2025,,,,L: 6in W: 6in H: 9in,,2,$23.25 ,,,,,2,Ragon400,Ragon160,https://cdn11.bigcommerce.com/s-xvps74vl0m/images/stencil/1280x1280/products/18258/41584/NY236649_3__25815.1749826524.jpg?c=1,NY236649_3__25815.1749826524.jpg?c=1,,,Ragon800,NY236649_3__25815.1749826524.jpg?c=1
,,,,,,,,,,,,,,,,,,,,,,,,
FUR DEER W/ GOLD GLITTERED ANTLERS ORNAMENT,KY239002,"Home|Holiday|Ornaments, Garland & Tree Toppers|FUR DEER W/ GOLD GLITTERED ANTLERS ORNAMENT",,Late August,,,,L: 4.25in W: 1.50in H: 5in,,12,$3.30 ,,,,,12,Ragon400,Ragon160,https://cdn11.bigcommerce.com/s-xvps74vl0m/images/stencil/1280x1280/products/16890/40362/KY239002_1__76517.1749064911.jpg?c=1,KY239002_1__76517.1749064911.jpg?c=1,,,Ragon800,KY239002_1__76517.1749064911.jpg?c=1
,,,,,,,,,,,,,,,,,,,,,,,,
"39"" RED HOPS STEM",G171310,"Home|Everyday|Florals|39"" RED HOPS STEM",,In-Stock: Ships in 5 to 14 days,,,,L: 39in,,12,$8.00 ,,,,,12,Ragon400,Ragon160,https://cdn11.bigcommerce.com/s-xvps74vl0m/images/stencil/1280x1280/products/4279/35809/G171310_6__57067.1733863895.jpg?c=1,G171310_6__57067.1733863895.jpg?c=1,,,Ragon800,G171310_6__57067.1733863895.jpg?c=1
,,,,,,,,,,,,,,,,,,,,,,,,
BLACK & WHITE HORSE PRINT,E234114,Home|Sale!|Everyday|BLACK & WHITE HORSE PRINT,2 HALF CIRCLE HANGERS,In-Stock: Ships in 5 to 14 days,,,,L: 12in W: 1in H: 12in,,4,$12.40 ,,,,,4,Ragon400,Ragon160,https://cdn11.bigcommerce.com/s-xvps74vl0m/images/stencil/1280x1280/products/15845/36771/E234114_2__00686.1733943386.jpg?c=1,E234114_2__00686.1733943386.jpg?c=1,,,Ragon800,E234114_2__00686.1733943386.jpg?c=1
,,,,,,,,,,,,,,,,,,,,,,,,
"14.5"" WHITE GERANIUM BUSH",G228455,"Home|Everyday|Florals|14.5"" WHITE GERANIUM BUSH",,SOLD OUT,,,,L: 14.50in,,,$9.65 ,,,,,,Ragon400,Ragon160,https://cdn11.bigcommerce.com/s-xvps74vl0m/images/stencil/1280x1280/products/13793/35572/G228455_7__82252.1733863829.jpg?c=1,G228455_7__82252.1733863829.jpg?c=1,,,Ragon800,G228455_7__82252.1733863829.jpg?c=1
,,,,,,,,,,,,,,,,,,,,,,,,
"SET/ 2 - 9.5"" 3D FLAME DROP DARK GREEN TAPER CANDLE",NY236321,"Home|Flameless Candles|SET/ 2 - 9.5"" 3D FLAME DROP DARK GREEN TAPER CANDLE","6 HR TIMER | ON/OFF BUTTON
REQUIRES 2 (AAA) BATTERIES, BATTERIES NOT INCLUDED.",In-Stock: Ships in 5 to 14 days,,,,L: 0.75in W: 0.75in H: 9.50in,,12,$8.25 ,,,,,12,Ragon400,Ragon160,https://cdn11.bigcommerce.com/s-xvps74vl0m/images/stencil/1280x1280/products/16605/37035/NY236321_3__06702.1733943456.jpg?c=1,NY236321_3__06702.1733943456.jpg?c=1,,,Ragon800,NY236321_3__06702.1733943456.jpg?c=1
,,,,,,,,,,,,,,,,,,,,,,,,
"14"" GREEN & PINK MIXED LEAVES W/ BERRIES CANDLE RING",G228375,"Home|Everyday|Florals|14"" GREEN & PINK MIXED LEAVES W/ BERRIES CANDLE RING","INNER: 6.5""",In-Stock: Ships in 5 to 14 days,,,,L: 14in,,6,$10.45 ,,,,,6,Ragon400,Ragon160,https://cdn11.bigcommerce.com/s-xvps74vl0m/images/stencil/1280x1280/products/10160/35731/G228375_2__25781.1733863872.jpg?c=1,G228375_2__25781.1733863872.jpg?c=1,,,Ragon800,G228375_2__25781.1733863872.jpg?c=1
,,,,,,,,,,,,,,,,,,,,,,,,
RED & GOLD HOLIDAY GREENS ORNAMENT,BF215175,Home|Sale!|Holiday|RED & GOLD HOLIDAY GREENS ORNAMENT,TWINE HANGER,In-Stock: Ships in 5 to 14 days,,,,L: 7in W: 0.25in H: 6.75in,,8,$3.85 ,,,,,8,Ragon400,Ragon160,https://cdn11.bigcommerce.com/s-xvps74vl0m/images/stencil/1280x1280/products/8145/28427/BF215175__05563.1693337074.jpg?c=1,BF215175__05563.1693337074.jpg?c=1,,,Ragon800,BF215175__05563.1693337074.jpg?c=1
,,,,,,,,,,,,,,,,,,,,,,,,
"15.75"" SNOWY PINE W/ PLASTIC POT",ST222059,"Home|Holiday|Cabin & Lodge|15.75"" SNOWY PINE W/ PLASTIC POT",,In-Stock: Ships in 5 to 14 days,,,,H: 15.75in,,4,$12.10 ,,,,,4,Ragon400,Ragon160,https://cdn11.bigcommerce.com/s-xvps74vl0m/images/stencil/1280x1280/products/11949/33770/ST222059_3__77249.1712154135.jpg?c=1,ST222059_3__77249.1712154135.jpg?c=1,,,Ragon800,ST222059_3__77249.1712154135.jpg?c=1
,,,,,,,,,,,,,,,,,,,,,,,,
ANTLER ORNAMENT W/ BOW & FOLIAGE,WS227675,Home|Holiday|Cabin & Lodge|ANTLER ORNAMENT W/ BOW & FOLIAGE,,In-Stock: Ships in 5 to 14 days,,,,L: 4.75in W: 1.50in H: 6in,,4,$8.25 ,,,,,4,Ragon400,Ragon160,https://cdn11.bigcommerce.com/s-xvps74vl0m/images/stencil/1280x1280/products/12483/33007/WS227675_2__74051.1710521323.jpg?c=1,WS227675_2__74051.1710521323.jpg?c=1,,,Ragon800,WS227675_2__74051.1710521323.jpg?c=1
,,,,,,,,,,,,,,,,,,,,,,,,
MOBY DICK JOURNAL,BF235093,Home|Sale!|Everyday|MOBY DICK JOURNAL,,In-Stock: Ships in 5 to 14 days,,,,L: 5.25in W: 1.75in H: 8in,,4,$8.80 ,,,,,4,Ragon400,Ragon160,https://cdn11.bigcommerce.com/s-xvps74vl0m/images/stencil/1280x1280/products/15822/36743/BF235093_5__74689.1733943378.jpg?c=1,BF235093_5__74689.1733943378.jpg?c=1,,,Ragon800,BF235093_5__74689.1733943378.jpg?c=1
,,,,,,,,,,,,,,,,,,,,,,,,
"4"" SMOKE KUGEL ORNAMENT",SS221590,"Home|Holiday|Ornaments, Garland & Tree Toppers|4"" SMOKE KUGEL ORNAMENT",,In-Stock: Ships in 5 to 14 days,,,,L: 4in W: 4in H: 4in,,6,$3.85 ,,,,,6,Ragon400,Ragon160,https://cdn11.bigcommerce.com/s-xvps74vl0m/images/stencil/1280x1280/products/11759/34155/SS221590_3__67152.1723489553.jpg?c=1,SS221590_3__67152.1723489553.jpg?c=1,,,Ragon800,SS221590_3__67152.1723489553.jpg?c=1
,,,,,,,,,,,,,,,,,,,,,,,,
"12"" MIXED FERN CANDLE RING",G233089,"Home|Everyday|Florals|12"" MIXED FERN CANDLE RING","INNER: 4""",In-Stock: Ships in 5 to 14 days,,,,L: 12in W: 2.50in,,6,$8.25 ,,,,,6,Ragon400,Ragon160,https://cdn11.bigcommerce.com/s-xvps74vl0m/images/stencil/1280x1280/products/16187/34702/G233089_3__37988.1733861306.jpg?c=1,G233089_3__37988.1733861306.jpg?c=1,,,Ragon800,G233089_3__37988.1733861306.jpg?c=1
,,,,,,,,,,,,,,,,,,,,,,,,
"3"" BLACK RIBBED KUGEL ORNAMENT",SS211861,"Home|Holiday|Ornaments, Garland & Tree Toppers|3"" BLACK RIBBED KUGEL ORNAMENT",,In-Stock: Ships in 5 to 14 days,,,,L: 3in W: 3in H: 3in,,6,$2.75 ,,,,,6,Ragon400,Ragon160,https://cdn11.bigcommerce.com/s-xvps74vl0m/images/stencil/1280x1280/products/9497/27228/SS211861_1__29876.1679582860.jpg?c=1,SS211861_1__29876.1679582860.jpg?c=1,,,Ragon800,SS211861_1__29876.1679582860.jpg?c=1
,,,,,,,,,,,,,,,,,,,,,,,,
"12"" ANTIQUE CREAM SANTA W/ LANTERN",WS218300,"Home|Holiday|Snowmen, Santas & Angels|12"" ANTIQUE CREAM SANTA W/ LANTERN",,In-Stock: Ships in 5 to 14 days,,,,H: 12in,,2,$33.75 ,,,,,2,Ragon400,Ragon160,https://cdn11.bigcommerce.com/s-xvps74vl0m/images/stencil/1280x1280/products/9350/25620/WS218300_4__09691.1677258208.jpg?c=1,WS218300_4__09691.1677258208.jpg?c=1,,,Ragon800,WS218300_4__09691.1677258208.jpg?c=1
,,,,,,,,,,,,,,,,,,,,,,,,
MY FAVORITE THINGS SIGN ORNAMENT,E193305,"Home|Holiday|Ornaments, Garland & Tree Toppers|MY FAVORITE THINGS SIGN ORNAMENT","3.75""L X 0.50""W X 5.25"" H, WOOD",In-Stock: Ships in 5 to 14 days,,,,L: 3.75in W: 0.50in H: 5.25in,,6,$4.15 ,,,,,6,Ragon400,Ragon160,https://cdn11.bigcommerce.com/s-xvps74vl0m/images/stencil/1280x1280/products/3647/7720/E193305_1_qao9-73__81206.1626460521.jpg?c=1,E193305_1_qao9-73__81206.1626460521.jpg?c=1,,,Ragon800,E193305_1_qao9-73__81206.1626460521.jpg?c=1
,,,,,,,,,,,,,,,,,,,,,,,,
"40"" BLUE HYSSOP SPRAY",G233103,"Home|Everyday|Florals|40"" BLUE HYSSOP SPRAY",,SOLD OUT,,,,L: 40in W: 9in,,,$6.60 ,,,,,,Ragon400,Ragon160,https://cdn11.bigcommerce.com/s-xvps74vl0m/images/stencil/1280x1280/products/16195/34736/G233103_1__06916.1733861316.jpg?c=1,G233103_1__06916.1733861316.jpg?c=1,,,Ragon800,G233103_1__06916.1733861316.jpg?c=1
,,,,,,,,,,,,,,,,,,,,,,,,
"4"" SMOKEY SILVER KUGEL ORNAMENT",SS221592,"Home|Holiday|Ornaments, Garland & Tree Toppers|4"" SMOKEY SILVER KUGEL ORNAMENT",,In-Stock: Ships in 5 to 14 days,,,,L: 4in W: 4in H: 4in,,6,$3.85 ,,,,,6,Ragon400,Ragon160,https://cdn11.bigcommerce.com/s-xvps74vl0m/images/stencil/1280x1280/products/11761/34156/SS221592_3__79796.1723489587.jpg?c=1,SS221592_3__79796.1723489587.jpg?c=1,,,Ragon800,SS221592_3__79796.1723489587.jpg?c=1
,,,,,,,,,,,,,,,,,,,,,,,,
WOOD FRAME TABLETOP CLOCK,E217348,Home|Everyday|Clocks|WOOD FRAME TABLETOP CLOCK,"REQUIRES (1 AA) BATTERY / BATTERIES, NOT INCLUDED.",SOLD OUT,,,,L: 8in W: 2.50in H: 14.25in,,,$24.25 ,,,,,,Ragon400,Ragon160,https://cdn11.bigcommerce.com/s-xvps74vl0m/images/stencil/1280x1280/products/8257/26952/E217348_4__16469.1679582775.jpg?c=1,E217348_4__16469.1679582775.jpg?c=1,,,Ragon800,E217348_4__16469.1679582775.jpg?c=1
,,,,,,,,,,,,,,,,,,,,,,,,
"6"" SANTA'S SLEIGH POSTCARD ORNAMENT",WS218269,"Home|Holiday|Ornaments, Garland & Tree Toppers|6"" SANTA'S SLEIGH POSTCARD ORNAMENT",,In-Stock: Ships in 5 to 14 days,,,,L: 4in W: 0.50in H: 6in,,12,$3.60 ,,,,,12,Ragon400,Ragon160,https://cdn11.bigcommerce.com/s-xvps74vl0m/images/stencil/1280x1280/products/9325/27159/WS218269__1__20343.1679582837.jpg?c=1,WS218269__1__20343.1679582837.jpg?c=1,,,Ragon800,WS218269__1__20343.1679582837.jpg?c=1
,,,,,,,,,,,,,,,,,,,,,,,,
OPAL MIRROR,E234105,Home|Sale!|Everyday|OPAL MIRROR,2 METAL HANGERS,In-Stock: Ships in 5 to 14 days,,,,L: 35.75in W: 1.50in H: 39in,,1,$141.00 ,,,,,1,Ragon400,Ragon160,https://cdn11.bigcommerce.com/s-xvps74vl0m/images/stencil/1280x1280/products/15843/36767/E234105_2__68442.1733943385.jpg?c=1,E234105_2__68442.1733943385.jpg?c=1,,,Ragon800,E234105_2__68442.1733943385.jpg?c=1
,,,,,,,,,,,,,,,,,,,,,,,,
WHEAT BUTTERFLY ORNAMENT,FB225417,Home|Sale!|Everyday|WHEAT BUTTERFLY ORNAMENT,"TWINE HANGER
DOUBLE SIDED",In-Stock: Ships in 5 to 14 days,,,,L: 3.50in W: 0.50in H: 5in,,12,$4.70 ,,,,,12,Ragon400,Ragon160,https://cdn11.bigcommerce.com/s-xvps74vl0m/images/stencil/1280x1280/products/11021/33378/FB225417_3__16822.1711115395.jpg?c=1,FB225417_3__16822.1711115395.jpg?c=1,,,Ragon800,FB225417_3__16822.1711115395.jpg?c=1
,,,,,,,,,,,,,,,,,,,,,,,,
"5"" CREAM 3D FLAME SMOOTH TREE CANDLE",NY236674,"Home|Flameless Candles|5"" CREAM 3D FLAME SMOOTH TREE CANDLE","6 HR TIMER | ON/OFF BUTTON
REQUIRES 2(AAA) BATTERIES, BATTERIES NOT INCLUDED.",In-Stock: Ships in 5 to 14 days,,,,L: 3in W: 3in H: 5in,,6,$5.25 ,,,,,6,Ragon400,Ragon160,https://cdn11.bigcommerce.com/s-xvps74vl0m/images/stencil/1280x1280/products/17664/40262/NY236674_3__40687.1748890876.jpg?c=1,NY236674_3__40687.1748890876.jpg?c=1,,,Ragon800,NY236674_3__40687.1748890876.jpg?c=1
,,,,,,,,,,,,,,,,,,,,,,,,
"9.75"" STANDING SOLDIER",FB225298,"Home|Holiday|Tabletop & Misc.|9.75"" STANDING SOLDIER",,In-Stock: Ships in 5 to 14 days,,,,L: 2.50in W: 2.50in H: 9.75in,,4,$8.25 ,,,,,4,Ragon400,Ragon160,https://cdn11.bigcommerce.com/s-xvps74vl0m/images/stencil/1280x1280/products/10993/32075/FB225298_3__78895.1708440796.jpg?c=1,FB225298_3__78895.1708440796.jpg?c=1,,,Ragon800,FB225298_3__78895.1708440796.jpg?c=1
,,,,,,,,,,,,,,,,,,,,,,,,
"10"" PINECONE & FOLIAGE PLATE",WS221224,"Home|Holiday|Cabin & Lodge|10"" PINECONE & FOLIAGE PLATE",FOOD SAFE. DISHWASHER SAFE. TOP RACK ONLY. NOT FOR MICROWAVE OR OVEN USE.,In-Stock: Ships in 5 to 14 days,,,,L: 10in W: 10in,,4,$3.05 ,,,,,4,Ragon400,Ragon160,https://cdn11.bigcommerce.com/s-xvps74vl0m/images/stencil/1280x1280/products/12090/33772/WS221224_3__32922.1712154136.jpg?c=1,WS221224_3__32922.1712154136.jpg?c=1,,,Ragon800,WS221224_3__32922.1712154136.jpg?c=1
,,,,,,,,,,,,,,,,,,,,,,,,
FLOWER SHOP SIGN,BF235056,Home|Everyday|Wall Décor|FLOWER SHOP SIGN,1 TRIANGLE HOOK,In-Stock: Ships in 5 to 14 days,,,,L: 17.75in W: 0.50in H: 7.50in,,8,$8.00 ,,,,,8,Ragon400,Ragon160,https://cdn11.bigcommerce.com/s-xvps74vl0m/images/stencil/1280x1280/products/15805/36713/BF235056_3__84531.1733943370.jpg?c=1,BF235056_3__84531.1733943370.jpg?c=1,,,Ragon800,BF235056_3__84531.1733943370.jpg?c=1
,,,,,,,,,,,,,,,,,,,,,,,,
ALL COMES OUT IN THE WASH SIGN,E203079,Home|Sale!|Everyday|ALL COMES OUT IN THE WASH SIGN,2 SAWTOOTH HANGERS,In-Stock: Ships in 5 to 14 days,,,,L: 12in W: 0.75in H: 16in,,6,$13.75 ,,,,,6,Ragon400,Ragon160,https://cdn11.bigcommerce.com/s-xvps74vl0m/images/stencil/1280x1280/products/6450/28388/E203079_2__00944.1693244685.jpg?c=1,E203079_2__00944.1693244685.jpg?c=1,,,Ragon800,E203079_2__00944.1693244685.jpg?c=1
,,,,,,,,,,,,,,,,,,,,,,,,
"24"" TIMBERLAND PINE TREE",G232716,"Home|Holiday|Greenery, Wreaths & Trees|24"" TIMBERLAND PINE TREE",,In-Stock: Ships in 5 to 14 days,,,,W: 12in H: 24in,,2,$26.50 ,,,,,2,Ragon400,Ragon160,https://cdn11.bigcommerce.com/s-xvps74vl0m/images/stencil/1280x1280/products/11399/41438/G232716_1__98774.1749826491.jpg?c=1,G232716_1__98774.1749826491.jpg?c=1,,,Ragon800,G232716_1__98774.1749826491.jpg?c=1
,,,,,,,,,,,,,,,,,,,,,,,,
"24"" WHITE DOGWOOD WREATH W/ BIRD NEST",G232594,"Home|Sale!|Everyday|24"" WHITE DOGWOOD WREATH W/ BIRD NEST",,In-Stock: Ships in 5 to 14 days,,,,L: 24in W: 6in H: 24in,,2,$35.25 ,,,,,2,Ragon400,Ragon160,https://cdn11.bigcommerce.com/s-xvps74vl0m/images/stencil/1280x1280/products/16077/41900/G232594_2__29949.1754585051.jpg?c=1,G232594_2__29949.1754585051.jpg?c=1,,,Ragon800,G232594_2__29949.1754585051.jpg?c=1
,,,,,,,,,,,,,,,,,,,,,,,,
BAR CAMPER BIRDHOUSE,HY204200,Home|Everyday|Kitchen|BAR CAMPER BIRDHOUSE,"BOTTOM CLEAN OUT
HANGIN HEIGHT 24.5""",In-Stock: Ships in 5 to 14 days,,,,L: 16in W: 8.25in H: 10.50in,,2,$53.00 ,,,,,2,Ragon400,Ragon160,https://cdn11.bigcommerce.com/s-xvps74vl0m/images/stencil/1280x1280/products/7332/17720/HY204200_3__21551.1645810336.jpg?c=1,HY204200_3__21551.1645810336.jpg?c=1,,,Ragon800,HY204200_3__21551.1645810336.jpg?c=1
,,,,,,,,,,,,,,,,,,,,,,,,
"6.25"" GOLD DUSTED BRONZE PINECONE ORNAMENT",WS227741,"Home|Holiday|Cabin & Lodge|6.25"" GOLD DUSTED BRONZE PINECONE ORNAMENT",,Early September,,,,L: 3.25in W: 3.25in H: 6.25in,,6,$5.80 ,,,,,6,Ragon400,Ragon160,https://cdn11.bigcommerce.com/s-xvps74vl0m/images/stencil/1280x1280/products/12529/33024/WS227741_2__12219.1710521329.jpg?c=1,WS227741_2__12219.1710521329.jpg?c=1,,,Ragon800,WS227741_2__12219.1710521329.jpg?c=1
,,,,,,,,,,,,,,,,,,,,,,,,
TAN SLEDDING SANTA,E226656,Home|Sale!|Holiday|TAN SLEDDING SANTA,,In-Stock: Ships in 5 to 14 days,,,,L: 13in W: 4.50in H: 9.25in,,2,$24.25 ,,,,,2,Ragon400,Ragon160,https://cdn11.bigcommerce.com/s-xvps74vl0m/images/stencil/1280x1280/products/10954/32065/E226656_5__23486.1708440793.jpg?c=1,E226656_5__23486.1708440793.jpg?c=1,,,Ragon800,E226656_5__23486.1708440793.jpg?c=1
,,,,,,,,,,,,,,,,,,,,,,,,
SET/ 4 IRON ELONGATED ORNAMENTS,E203701,"Home|Holiday|Ornaments, Garland & Tree Toppers|SET/ 4 IRON ELONGATED ORNAMENTS",ORNAMENTS ARE ASSORTED SIZES,SOLD OUT,,,,L: 4in W: 4in H: 12in,,,$46.25 ,,,,,,Ragon400,Ragon160,https://cdn11.bigcommerce.com/s-xvps74vl0m/images/stencil/1280x1280/products/6703/18046/E203701__80384.1646883999.jpg?c=1,E203701__80384.1646883999.jpg?c=1,,,Ragon800,E203701__80384.1646883999.jpg?c=1
,,,,,,,,,,,,,,,,,,,,,,,,
"16"" LIGHTED WHITE GLASS TREE",WS182160,"Home|Holiday|Tabletop & Misc.|16"" LIGHTED WHITE GLASS TREE","5''W X 15.5''H, GLASS
*REQUIRES 3 AA BATTERIES, NOT INCLUDED",In-Stock: Ships in 5 to 14 days,,,,W: 5in H: 15.50in,,2,$28.25 ,,,,,2,Ragon400,Ragon160,https://cdn11.bigcommerce.com/s-xvps74vl0m/images/stencil/1280x1280/products/5320/11670/WS182160__27787.1666631398.jpg?c=1,WS182160__27787.1666631398.jpg?c=1,,,Ragon800,WS182160__27787.1666631398.jpg?c=1
,,,,,,,,,,,,,,,,,,,,,,,,
"3"" DARK GREY YARN BALL",HE195631,"Home|Sale!|Holiday|3"" DARK GREY YARN BALL","3""W, 100% POLYESTER
CARE INSTRUCTIONS: MACHINE WASH COLD. SEPARATE. DO NOT BLEACH. LINE DRY ONLY.",In-Stock: Ships in 5 to 14 days,,,,W: 3in,,12,$3.60 ,,,,,12,Ragon400,Ragon160,https://cdn11.bigcommerce.com/s-xvps74vl0m/images/stencil/1280x1280/products/3363/9469/HE195631_2__91252.1649684179.jpg?c=1,HE195631_2__91252.1649684179.jpg?c=1,,,Ragon800,HE195631_2__91252.1649684179.jpg?c=1
,,,,,,,,,,,,,,,,,,,,,,,,
"18"" ICY MIXED PINE & RED BERRY PICK",G228614,"Home|Holiday|Greenery, Wreaths & Trees|18"" ICY MIXED PINE & RED BERRY PICK",,In-Stock: Ships in 5 to 14 days,,,,L: 18in,,6,$5.80 ,,,,,6,Ragon400,Ragon160,https://cdn11.bigcommerce.com/s-xvps74vl0m/images/stencil/1280x1280/products/11341/41159/G228614_3__84185.1749826434.jpg?c=1,G228614_3__84185.1749826434.jpg?c=1,,,Ragon800,G228614_3__84185.1749826434.jpg?c=1
,,,,,,,,,,,,,,,,,,,,,,,,
"25"" CREAM ROSE SPRAY",G232980,"Home|Sale!|Everyday|25"" CREAM ROSE SPRAY",,In-Stock: Ships in 5 to 14 days,,,,L: 25in W: 10.50in,,12,$6.35 ,,,,,12,Ragon400,Ragon160,https://cdn11.bigcommerce.com/s-xvps74vl0m/images/stencil/1280x1280/products/16156/34600/G232980_6__42357.1733861275.jpg?c=1,G232980_6__42357.1733861275.jpg?c=1,,,Ragon800,G232980_6__42357.1733861275.jpg?c=1
,,,,,,,,,,,,,,,,,,,,,,,,
PIGGY COIN BANK,H223257,Home|Sale!|Everyday|PIGGY COIN BANK,,In-Stock: Ships in 5 to 14 days,,,,L: 14in W: 6.50in H: 7.50in,,1,$50.75 ,,,,,1,Ragon400,Ragon160,https://cdn11.bigcommerce.com/s-xvps74vl0m/images/stencil/1280x1280/products/10172/34088/H223257_1__57327.1719415581.jpg?c=1,H223257_1__57327.1719415581.jpg?c=1,,,Ragon800,H223257_1__57327.1719415581.jpg?c=1
,,,,,,,,,,,,,,,,,,,,,,,,
"11"" RED 3 WICK 3D FLAME CANDLE",NY236651,"Home|Flameless Candles|11"" RED 3 WICK 3D FLAME CANDLE","6 HR TIMER | ON/OFF BUTTON
REQUIRES 3 (AA) BATTERIES, BATTERIES NOT INCLUDED.",Projected Summer 2025,,,,L: 6in W: 6in H: 11in,,2,$26.50 ,,,,,2,Ragon400,Ragon160,https://cdn11.bigcommerce.com/s-xvps74vl0m/images/stencil/1280x1280/products/18260/41586/NY236651_1__33248.1749826524.jpg?c=1,NY236651_1__33248.1749826524.jpg?c=1,,,Ragon800,NY236651_1__33248.1749826524.jpg?c=1
,,,,,,,,,,,,,,,,,,,,,,,,
SILVER FROSTED PINK PINECONE ORNAMENT,WS218256,Home|Sale!|Holiday|SILVER FROSTED PINK PINECONE ORNAMENT,,In-Stock: Ships in 5 to 14 days,,,,H: 3in,,6,$7.70 ,,,,,6,Ragon400,Ragon160,https://cdn11.bigcommerce.com/s-xvps74vl0m/images/stencil/1280x1280/products/9316/27145/WS218256_1__51889.1679582833.jpg?c=1,WS218256_1__51889.1679582833.jpg?c=1,,,Ragon800,WS218256_1__51889.1679582833.jpg?c=1
,,,,,,,,,,,,,,,,,,,,,,,,
VINTAGE SANTA SHADOWBOX ORNAMENT,WS227859,"Home|Holiday|Ornaments, Garland & Tree Toppers|VINTAGE SANTA SHADOWBOX ORNAMENT",,In-Stock: Ships in 5 to 14 days,,,,L: 3.75in W: 1in H: 6.50in,,6,$6.05 ,,,,,6,Ragon400,Ragon160,https://cdn11.bigcommerce.com/s-xvps74vl0m/images/stencil/1280x1280/products/12618/33057/WS227859_3__94204.1710521341.jpg?c=1,WS227859_3__94204.1710521341.jpg?c=1,,,Ragon800,WS227859_3__94204.1710521341.jpg?c=1
,,,,,,,,,,,,,,,,,,,,,,,,
"23.75"" TRANQUILITY PINE W/ MOSS BALL BASE",ST222056,"Home|Holiday|Cabin & Lodge|23.75"" TRANQUILITY PINE W/ MOSS BALL BASE",,In-Stock: Ships in 5 to 14 days,,,,H: 23.75in,,4,$17.60 ,,,,,4,Ragon400,Ragon160,https://cdn11.bigcommerce.com/s-xvps74vl0m/images/stencil/1280x1280/products/11946/33769/ST222056_2__88245.1712154135.jpg?c=1,ST222056_2__88245.1712154135.jpg?c=1,,,Ragon800,ST222056_2__88245.1712154135.jpg?c=1
,,,,,,,,,,,,,,,,,,,,,,,,
AGED BROWN SITTING RABBIT,SH238380,Home|Everyday|Easter & Spring|AGED BROWN SITTING RABBIT,,In-Stock: Ships in 5 to 14 days,,,,L: 10in W: 6.75in H: 15.75in,,1,$49.50 ,,,,,1,Ragon400,Ragon160,https://cdn11.bigcommerce.com/s-xvps74vl0m/images/stencil/1280x1280/products/16744/37095/SH238380_4__46929.1733943473.jpg?c=1,SH238380_4__46929.1733943473.jpg?c=1,,,Ragon800,SH238380_4__46929.1733943473.jpg?c=1
,,,,,,,,,,,,,,,,,,,,,,,,
"23.5"" LIGHT BLUE POM POM BUNDLE",HZ238863,"Home|Sale!|Everyday|23.5"" LIGHT BLUE POM POM BUNDLE",,In-Stock: Ships in 5 to 14 days,,,,L: 23.50in W: 6in,,12,$6.60 ,,,,,12,Ragon400,Ragon160,https://cdn11.bigcommerce.com/s-xvps74vl0m/images/stencil/1280x1280/products/16441/34846/HZ238863_1__36190.1733861347.jpg?c=1,HZ238863_1__36190.1733861347.jpg?c=1,,,Ragon800,HZ238863_1__36190.1733861347.jpg?c=1
,,,,,,,,,,,,,,,,,,,,,,,,
"32"" NORTH POLE SLEIGH RIDE CO. SIGN",E217540,"Home|Holiday|Signs|32"" NORTH POLE SLEIGH RIDE CO. SIGN",,In-Stock: Ships in 5 to 14 days,,,,L: 32in W: 1.25in H: 24in,,2,$59.50 ,,,,,2,Ragon400,Ragon160,https://cdn11.bigcommerce.com/s-xvps74vl0m/images/stencil/1280x1280/products/9832/27472/E217540_2__76085.1679582937.jpg?c=1,E217540_2__76085.1679582937.jpg?c=1,,,Ragon800,E217540_2__76085.1679582937.jpg?c=1
,,,,,,,,,,,,,,,,,,,,,,,,
"9"" GOLD SLEIGH BELL",ZH213524,"Home|Holiday|Bells|9"" GOLD SLEIGH BELL",,SOLD OUT,,,,L: 9in W: 9in,,,$22.00 ,,,,,,Ragon400,Ragon160,https://cdn11.bigcommerce.com/s-xvps74vl0m/images/stencil/1280x1280/products/9570/27266/ZH213524_5__42308.1679582871.jpg?c=1,ZH213524_5__42308.1679582871.jpg?c=1,,,Ragon800,ZH213524_5__42308.1679582871.jpg?c=1
,,,,,,,,,,,,,,,,,,,,,,,,
AGED METAL HOLIDAY CHEER SIGN,BF235218,Home|Holiday|Signs|AGED METAL HOLIDAY CHEER SIGN,,In-Stock: Ships in 5 to 14 days,,,,L: 22.75in W: 0.50in H: 15.75in,,3,$13.75 ,,,,,3,Ragon400,Ragon160,https://cdn11.bigcommerce.com/s-xvps74vl0m/images/stencil/1280x1280/products/16991/41329/BF235218_5__24835.1749826466.jpg?c=1,BF235218_5__24835.1749826466.jpg?c=1,,,Ragon800,BF235218_5__24835.1749826466.jpg?c=1
,,,,,,,,,,,,,,,,,,,,,,,,
"3"" RED RAISED KUGEL ORNAMENT",SS221789,"Home|Holiday|Ornaments, Garland & Tree Toppers|3"" RED RAISED KUGEL ORNAMENT",,SOLD OUT,,,,W: 3in,,,$2.75 ,,,,,,Ragon400,Ragon160,https://cdn11.bigcommerce.com/s-xvps74vl0m/images/stencil/1280x1280/products/11768/33709/SS221789__19223.1712154113.jpg?c=1,SS221789__19223.1712154113.jpg?c=1,,,Ragon800,SS221789__19223.1712154113.jpg?c=1
,,,,,,,,,,,,,,,,,,,,,,,,
"4"" RED LEAF KUGEL ORNAMENT",SS221805,"Home|Holiday|Ornaments, Garland & Tree Toppers|4"" RED LEAF KUGEL ORNAMENT",,In-Stock: Ships in 5 to 14 days,,,,W: 4in,,6,$3.85 ,,,,,6,Ragon400,Ragon160,https://cdn11.bigcommerce.com/s-xvps74vl0m/images/stencil/1280x1280/products/11783/33716/SS221805__75657.1712154115.jpg?c=1,SS221805__75657.1712154115.jpg?c=1,,,Ragon800,SS221805__75657.1712154115.jpg?c=1
,,,,,,,,,,,,,,,,,,,,,,,,
"12"" GREENERY BUSH W/ WHITE BUDS",HZ238872,"Home|Everyday|Florals|12"" GREENERY BUSH W/ WHITE BUDS",,In-Stock: Ships in 5 to 14 days,,,,L: 12in W: 6in,,25,$1.65 ,,,,,25,Ragon400,Ragon160,https://cdn11.bigcommerce.com/s-xvps74vl0m/images/stencil/1280x1280/products/16448/34874/HZ238872_5__76582.1733861355.jpg?c=1,HZ238872_5__76582.1733861355.jpg?c=1,,,Ragon800,HZ238872_5__76582.1733861355.jpg?c=1
,,,,,,,,,,,,,,,,,,,,,,,,
AMBER HOOK,MH197291,"Home|Everyday|Lanterns, Lights & Hooks|AMBER HOOK","11.75""L X 0.75""W X 6""H, METAL",In-Stock: Ships in 5 to 14 days,,,,L: 11.75in W: 0.75in H: 6in,,2,$7.15 ,,,,,2,Ragon400,Ragon160,https://cdn11.bigcommerce.com/s-xvps74vl0m/images/stencil/1280x1280/products/3833/10465/MH197291__99102.1626464384.jpg?c=1,MH197291__99102.1626464384.jpg?c=1,,,Ragon800,MH197291__99102.1626464384.jpg?c=1
,,,,,,,,,,,,,,,,,,,,,,,,
SET/ 2 IVORY & BLUE OMBRE BOTTLEBRUSH TREES,WS192421,Home|Holiday|Bottlebrush|SET/ 2 IVORY & BLUE OMBRE BOTTLEBRUSH TREES,"SM: 3""L X 3""W X 12""H
LG: 3.5""L X 3.50""W X 14""H",In-Stock: Ships in 5 to 14 days,,,,W: 3.50in H: 14in,,3,$15.35 ,,,,,3,Ragon400,Ragon160,https://cdn11.bigcommerce.com/s-xvps74vl0m/images/stencil/1280x1280/products/3145/12272/WS192421_1__50930.1626464861.jpg?c=1,WS192421_1__50930.1626464861.jpg?c=1,,,Ragon800,WS192421_1__50930.1626464861.jpg?c=1
,,,,,,,,,,,,,,,,,,,,,,,,
"7.5"" CLEAR GLASS JAR W/ RED LID",SE221636,"Home|Everyday|Kitchen|7.5"" CLEAR GLASS JAR W/ RED LID",,In-Stock: Ships in 5 to 14 days,,,,L: 5in W: 5in H: 7.50in,,4,$11.85 ,,,,,4,Ragon400,Ragon160,https://cdn11.bigcommerce.com/s-xvps74vl0m/images/stencil/1280x1280/products/10528/29324/SE221636_3__92382.1701887459.jpg?c=1,SE221636_3__92382.1701887459.jpg?c=1,,,Ragon800,SE221636_3__92382.1701887459.jpg?c=1
,,,,,,,,,,,,,,,,,,,,,,,,
FAVORITE HOLIDAY RECIPES JOURNAL ORNAMENT,L238753,"Home|Holiday|Ornaments, Garland & Tree Toppers|FAVORITE HOLIDAY RECIPES JOURNAL ORNAMENT",RIBBON HANGER,Projected Summer 2025,,,,L: 3in W: 0.75in H: 4in,,8,$4.70 ,,,,,8,Ragon400,Ragon160,https://cdn11.bigcommerce.com/s-xvps74vl0m/images/stencil/1280x1280/products/18314/40426/L238753_1__74525.1749135241.jpg?c=1,L238753_1__74525.1749135241.jpg?c=1,,,Ragon800,L238753_1__74525.1749135241.jpg?c=1
,,,,,,,,,,,,,,,,,,,,,,,,
"7"" DARK GREEN 3D FLAME SMOOTH TREE CANDLE",NY236689,"Home|Holiday|7"" DARK GREEN 3D FLAME SMOOTH TREE CANDLE","6 HR TIMER | ON/OFF BUTTON
REQUIRES 3 (AAA) BATTERIES, BATTERIES NOT INCLUDED.",In-Stock: Ships in 5 to 14 days,,,,L: 3in W: 3in H: 7in,,6,$6.05 ,,,,,6,Ragon400,Ragon160,https://cdn11.bigcommerce.com/s-xvps74vl0m/images/stencil/1280x1280/products/17679/40271/NY236689_1__08201.1748892469.jpg?c=1,NY236689_1__08201.1748892469.jpg?c=1,,,Ragon800,NY236689_1__08201.1748892469.jpg?c=1
,,,,,,,,,,,,,,,,,,,,,,,,
"SET/6 - 9"" GREEN HUES BOTTLE BRUSH TREES",WS218032,"Home|Holiday|Bottlebrush|SET/6 - 9"" GREEN HUES BOTTLE BRUSH TREES",,In-Stock: Ships in 5 to 14 days,,,,L: 2.50in W: 2.50in H: 9in,,3,$26.25 ,,,,,3,Ragon400,Ragon160,https://cdn11.bigcommerce.com/s-xvps74vl0m/images/stencil/1280x1280/products/9183/25400/WS218032_4__49411.1677258135.jpg?c=1,WS218032_4__49411.1677258135.jpg?c=1,,,Ragon800,WS218032_4__49411.1677258135.jpg?c=1
,,,,,,,,,,,,,,,,,,,,,,,,
"7"" BLUE & GOLD HUES BOTTLEBRUSH TREES BOX / 5",WS192401,"Home|Holiday|Bottlebrush|7"" BLUE & GOLD HUES BOTTLEBRUSH TREES BOX / 5","2.50""W X 7""H, SISAL",In-Stock: Ships in 3 to 7 days,,,,W: 2.50in H: 7in,,3,$18.65 ,,,,,3,Ragon400,Ragon160,https://cdn11.bigcommerce.com/s-xvps74vl0m/images/stencil/1280x1280/products/3154/12254/WS192401_1__83737.1626464856.jpg?c=1,WS192401_1__83737.1626464856.jpg?c=1,,,Ragon800,WS192401_1__83737.1626464856.jpg?c=1
,,,,,,,,,,,,,,,,,,,,,,,,
PORK SAUSAGE SIGN,E203321,Home|Everyday|Kitchen|PORK SAUSAGE SIGN,2 KEYHOLE HANGERS,In-Stock: Ships in 5 to 14 days,,,,L: 36in W: 0.75in H: 27.50in,,2,$68.25 ,,,,,2,Ragon400,Ragon160,https://cdn11.bigcommerce.com/s-xvps74vl0m/images/stencil/1280x1280/products/6548/14202/E203321_3__00755.1647361087.jpg?c=1,E203321_3__00755.1647361087.jpg?c=1,,,Ragon800,E203321_3__00755.1647361087.jpg?c=1
,,,,,,,,,,,,,,,,,,,,,,,,
"16.5"" GLITTERED RED BELSNICKLE W/ GOLD STARS",WS231619,"Home|Holiday|Snowmen, Santas & Angels|16.5"" GLITTERED RED BELSNICKLE W/ GOLD STARS",,Projected Summer 2025,,,,L: 6in W: 6in H: 16.50in,,1,$37.75 ,,,,,1,Ragon400,Ragon160,https://cdn11.bigcommerce.com/s-xvps74vl0m/images/stencil/1280x1280/products/18113/41295/WS231619_3__02294.1749826458.jpg?c=1,WS231619_3__02294.1749826458.jpg?c=1,,,Ragon800,WS231619_3__02294.1749826458.jpg?c=1
,,,,,,,,,,,,,,,,,,,,,,,,
FRAMED GATHER TABLETOP PLAQUE,E217290,Home|Sale!|Everyday|FRAMED GATHER TABLETOP PLAQUE,,In-Stock: Ships in 5 to 14 days,,,,L: 8in W: 2.75in H: 6.50in,,4,$9.90 ,,,,,4,Ragon400,Ragon160,https://cdn11.bigcommerce.com/s-xvps74vl0m/images/stencil/1280x1280/products/8230/24269/E217290_3__81524.1677257776.jpg?c=1,E217290_3__81524.1677257776.jpg?c=1,,,Ragon800,E217290_3__81524.1677257776.jpg?c=1
,,,,,,,,,,,,,,,,,,,,,,,,
9' GLITTERED GREEN & RED STAR GARLAND W/ SILVER TINSEL,WS231461,"Home|Holiday|Ornaments, Garland & Tree Toppers|9' GLITTERED GREEN & RED STAR GARLAND W/ SILVER TINSEL",,Early September,,,,L: 108in W: 2in,,6,$9.35 ,,,,,6,Ragon400,Ragon160,https://cdn11.bigcommerce.com/s-xvps74vl0m/images/stencil/1280x1280/products/18017/40539/WS231461_3__76075.1749151672.jpg?c=1,WS231461_3__76075.1749151672.jpg?c=1,,,Ragon800,WS231461_3__76075.1749151672.jpg?c=1
,,,,,,,,,,,,,,,,,,,,,,,,
"18"" REDWOOD & CEDAR PICK",G233460,"Home|Holiday|18"" REDWOOD & CEDAR PICK",,In-Stock: Ships in 5 to 14 days,,,,L: 18in W: 8in,,12,$3.30 ,,,,,12,Ragon400,Ragon160,https://cdn11.bigcommerce.com/s-xvps74vl0m/images/stencil/1280x1280/products/17220/41478/G233460_4__03441.1749826501.jpg?c=1,G233460_4__03441.1749826501.jpg?c=1,,,Ragon800,G233460_4__03441.1749826501.jpg?c=1
,,,,,,,,,,,,,,,,,,,,,,,,
FOREST FAWN ORNAMENT,FB237358,"Home|Holiday|Ornaments, Garland & Tree Toppers|FOREST FAWN ORNAMENT",,In-Stock: Ships in 5 to 14 days,,,,L: 5.75in W: 0.50in H: 6in,,12,$4.15 ,,,,,12,Ragon400,Ragon160,https://cdn11.bigcommerce.com/s-xvps74vl0m/images/stencil/1280x1280/products/17148/41352/FB237358_2__91883.1749826471.jpg?c=1,FB237358_2__91883.1749826471.jpg?c=1,,,Ragon800,FB237358_2__91883.1749826471.jpg?c=1
,,,,,,,,,,,,,,,,,,,,,,,,
"5"" MOVING FLAME BLACK PILLAR CANDLE",NY229039,"Home|Flameless Candles|5"" MOVING FLAME BLACK PILLAR CANDLE","6 HR TIMER | ON/OFF BUTTON
REQUIRES 2 (AA) BATTERIES, BATTERIES NOT INCLUDED.",In-Stock: Ships in 5 to 14 days,,,,L: 3.25in W: 3.25in H: 5in,,6,$9.10 ,,,,,6,Ragon400,Ragon160,https://cdn11.bigcommerce.com/s-xvps74vl0m/images/stencil/1280x1280/products/10410/29167/NY229039_3__69794.1701887401.jpg?c=1,NY229039_3__69794.1701887401.jpg?c=1,,,Ragon800,NY229039_3__69794.1701887401.jpg?c=1
,,,,,,,,,,,,,,,,,,,,,,,,
SET/ 4 RED & WHITE LIGHT BULB ORNAMENTS,WS231529,"Home|Holiday|Ornaments, Garland & Tree Toppers|SET/ 4 RED & WHITE LIGHT BULB ORNAMENTS",,Projected Summer 2025,,,,L: 1.25in W: 1.25in H: 2.75in,,6,$10.45 ,,,,,6,Ragon400,Ragon160,https://cdn11.bigcommerce.com/s-xvps74vl0m/images/stencil/1280x1280/products/18057/40655/WS231529_4__00305.1749157549.jpg?c=1,WS231529_4__00305.1749157549.jpg?c=1,,,Ragon800,WS231529_4__00305.1749157549.jpg?c=1
,,,,,,,,,,,,,,,,,,,,,,,,
"9.5"" KNEELING METAL ANGEL",MH222588,"Home|Holiday|Tabletop & Misc.|9.5"" KNEELING METAL ANGEL",,SOLD OUT,,,,L: 6.75in W: 3in H: 9.50in,,,$13.20 ,,,,,,Ragon400,Ragon160,https://cdn11.bigcommerce.com/s-xvps74vl0m/images/stencil/1280x1280/products/11649/32691/MH222588_4__78369.1709219737.jpg?c=1,MH222588_4__78369.1709219737.jpg?c=1,,,Ragon800,MH222588_4__78369.1709219737.jpg?c=1
,,,,,,,,,,,,,,,,,,,,,,,,
"SET/6 - 9"" TAN HUES BOTTLE BRUSH TREES",WS218044,"Home|Holiday|Bottlebrush|SET/6 - 9"" TAN HUES BOTTLE BRUSH TREES",,In-Stock: Ships in 3 to 7 days,,,,H: 9in,,3,$26.25 ,,,,,3,Ragon400,Ragon160,https://cdn11.bigcommerce.com/s-xvps74vl0m/images/stencil/1280x1280/products/9195/25421/WS218044_2__78355.1677258142.jpg?c=1,WS218044_2__78355.1677258142.jpg?c=1,,,Ragon800,WS218044_2__78355.1677258142.jpg?c=1
,,,,,,,,,,,,,,,,,,,,,,,,
"35"" BLUE BERRIES SPRAY",G232762,"Home|Holiday|Greenery, Wreaths & Trees|35"" BLUE BERRIES SPRAY",,In-Stock: Ships in 5 to 14 days,,,,L: 35in W: 5.50in,,12,$6.05 ,,,,,12,Ragon400,Ragon160,https://cdn11.bigcommerce.com/s-xvps74vl0m/images/stencil/1280x1280/products/11129/41040/G232762_4__96859.1749826412.jpg?c=1,G232762_4__96859.1749826412.jpg?c=1,,,Ragon800,G232762_4__96859.1749826412.jpg?c=1
,,,,,,,,,,,,,,,,,,,,,,,,
"12"" WHITE STAR SLEIGH BELL",BF225795,"Home|Holiday|Bells|12"" WHITE STAR SLEIGH BELL",Assembly Required,In-Stock: Ships in 5 to 14 days,,,,L: 12in W: 12in H: 15.75in,,2,$28.75 ,,,,,2,Ragon400,Ragon160,https://cdn11.bigcommerce.com/s-xvps74vl0m/images/stencil/1280x1280/products/10896/33339/BF225795_3__52817.1711115383.jpg?c=1,BF225795_3__52817.1711115383.jpg?c=1,,,Ragon800,BF225795_3__52817.1711115383.jpg?c=1
,,,,,,,,,,,,,,,,,,,,,,,,
"24"" METAL HOLLY LEAF TREE",FB237364,"Home|Holiday|24"" METAL HOLLY LEAF TREE",,In-Stock: Ships in 5 to 14 days,,,,L: 11in W: 3.50in H: 24in,,2,$23.25 ,,,,,2,Ragon400,Ragon160,https://cdn11.bigcommerce.com/s-xvps74vl0m/images/stencil/1280x1280/products/18402/41109/FB237364_3__93287.1749826423.jpg?c=1,FB237364_3__93287.1749826423.jpg?c=1,,,Ragon800,FB237364_3__93287.1749826423.jpg?c=1
,,,,,,,,,,,,,,,,,,,,,,,,
MEDIUM GERMAN SHEEP PULL TOY,9115,Home|Everyday|Kitchen|MEDIUM GERMAN SHEEP PULL TOY,,SOLD OUT,,,,L: 10.50in W: 4.50in H: 9.25in,,,$42.50 ,,,,,,Ragon400,Ragon160,https://cdn11.bigcommerce.com/s-xvps74vl0m/images/stencil/1280x1280/products/7714/23847/9115_2__26250.1677257649.jpg?c=1,9115_2__26250.1677257649.jpg?c=1,,,Ragon800,9115_2__26250.1677257649.jpg?c=1
,,,,,,,,,,,,,,,,,,,,,,,,
"20"" TWIGS & PINECONES WREATH",G201408,"Home|Everyday|Florals|20"" TWIGS & PINECONES WREATH",,In-Stock: Ships in 5 to 14 days,,,,W: 20in,,2,$30.25 ,,,,,2,Ragon400,Ragon160,https://cdn11.bigcommerce.com/s-xvps74vl0m/images/stencil/1280x1280/products/6841/19857/G201408_2__37912.1652896658.jpg?c=1,G201408_2__37912.1652896658.jpg?c=1,,,Ragon800,G201408_2__37912.1652896658.jpg?c=1
,,,,,,,,,,,,,,,,,,,,,,,,
"22"" DUSTY BLUE WILDFLOWER SPRAY",HZ238915,"Home|Everyday|Florals|22"" DUSTY BLUE WILDFLOWER SPRAY",,In-Stock: Ships in 5 to 14 days,,,,L: 22in W: 5in,,12,$3.05 ,,,,,12,Ragon400,Ragon160,https://cdn11.bigcommerce.com/s-xvps74vl0m/images/stencil/1280x1280/products/16485/35005/HZ238915_3__42987.1733861395.jpg?c=1,HZ238915_3__42987.1733861395.jpg?c=1,,,Ragon800,HZ238915_3__42987.1733861395.jpg?c=1
,,,,,,,,,,,,,,,,,,,,,,,,
"6"" DARK GREEN GROOVED 3D FLAME CANDLE",NY236593,"Home|Flameless Candles|6"" DARK GREEN GROOVED 3D FLAME CANDLE","6 HR TIMER | ON/OFF BUTTON
REQUIRES 3 (AAA) BATTERIES, BATTERIES NOT INCLUDED.",In-Stock: Ships in 5 to 14 days,,,,L: 3in W: 3in H: 6in,,6,$6.35 ,,,,,6,Ragon400,Ragon160,https://cdn11.bigcommerce.com/s-xvps74vl0m/images/stencil/1280x1280/products/16666/36432/NY236593_1__53050.1750786860.jpg?c=1,NY236593_1__53050.1750786860.jpg?c=1,,,Ragon800,NY236593_1__53050.1750786860.jpg?c=1
,,,,,,,,,,,,,,,,,,,,,,,,
"16"" MIXED FERN BUSH",G233019,"Home|Everyday|Florals|16"" MIXED FERN BUSH",,SOLD OUT,,,,L: 16in W: 12in,,,$7.15 ,,,,,,Ragon400,Ragon160,https://cdn11.bigcommerce.com/s-xvps74vl0m/images/stencil/1280x1280/products/16165/34629/G233019_1__77878.1733861285.jpg?c=1,G233019_1__77878.1733861285.jpg?c=1,,,Ragon800,G233019_1__77878.1733861285.jpg?c=1
,,,,,,,,,,,,,,,,,,,,,,,,
"24"" LIGHT MAUVE HYDRANGEA SPRAY",OR224532,"Home|Sale!|Everyday|24"" LIGHT MAUVE HYDRANGEA SPRAY",,In-Stock: Ships in 5 to 14 days,,,,L: 24in,,12,$8.00 ,,,,,12,Ragon400,Ragon160,https://cdn11.bigcommerce.com/s-xvps74vl0m/images/stencil/1280x1280/products/10441/35901/OR224532_9__56905.1733863923.jpg?c=1,OR224532_9__56905.1733863923.jpg?c=1,,,Ragon800,OR224532_9__56905.1733863923.jpg?c=1
,,,,,,,,,,,,,,,,,,,,,,,,
"11"" SILVER OUTLINE SPRING STAR",WS202248,"Home|Holiday|Ornaments, Garland & Tree Toppers|11"" SILVER OUTLINE SPRING STAR",,In-Stock: Ships in 5 to 14 days,,,,L: 11in W: 2.75in H: 12in,,4,$25.50 ,,,,,4,Ragon400,Ragon160,https://cdn11.bigcommerce.com/s-xvps74vl0m/images/stencil/1280x1280/products/7652/17642/WS202248_2__26343.1645761571.jpg?c=1,WS202248_2__26343.1645761571.jpg?c=1,,,Ragon800,WS202248_2__26343.1645761571.jpg?c=1
,,,,,,,,,,,,,,,,,,,,,,,,
OH SILENT NIGHT FRAMED PRINT,BF225783,Home|Sale!|Holiday|OH SILENT NIGHT FRAMED PRINT,2 SAWTOOTH HANGERS,In-Stock: Ships in 5 to 14 days,,,,L: 19in W: 1in H: 10in,,4,$11.55 ,,,,,4,Ragon400,Ragon160,https://cdn11.bigcommerce.com/s-xvps74vl0m/images/stencil/1280x1280/products/10884/33320/BF225783_2__50662.1711115378.jpg?c=1,BF225783_2__50662.1711115378.jpg?c=1,,,Ragon800,BF225783_2__50662.1711115378.jpg?c=1
,,,,,,,,,,,,,,,,,,,,,,,,
WHITE GINGERBREAD SNOWFLAKE ORNAMENT,LA237781,Home|Holiday|WHITE GINGERBREAD SNOWFLAKE ORNAMENT,,In-Stock: Ships in 5 to 14 days,,,,L: 3in W: 0.75in H: 3in,,8,$2.50 ,,,,,8,Ragon400,Ragon160,https://cdn11.bigcommerce.com/s-xvps74vl0m/images/stencil/1280x1280/products/17565/40293/LA237781_2__09027.1748894259.jpg?c=1,LA237781_2__09027.1748894259.jpg?c=1,,,Ragon800,LA237781_2__09027.1748894259.jpg?c=1
,,,,,,,,,,,,,,,,,,,,,,,,
ANDERSON TABLETOP HOUSE,G228689,Home|Sale!|Holiday|ANDERSON TABLETOP HOUSE,,In-Stock: Ships in 5 to 14 days,,,,L: 10.50in W: 6.25in H: 8.25in,,2,$24.25 ,,,,,2,Ragon400,Ragon160,https://cdn11.bigcommerce.com/s-xvps74vl0m/images/stencil/1280x1280/products/11406/33406/G228689_1__86432.1711115404.jpg?c=1,G228689_1__86432.1711115404.jpg?c=1,,,Ragon800,G228689_1__86432.1711115404.jpg?c=1
,,,,,,,,,,,,,,,,,,,,,,,,
"10.5"" CREAM METAL STAR TREE TOPPER",H237557,"Home|Holiday|Ornaments, Garland & Tree Toppers|10.5"" CREAM METAL STAR TREE TOPPER",,In-Stock: Ships in 5 to 14 days,,,,L: 6.50in W: 3.25in H: 10.50in,,1,$15.40 ,,,,,1,Ragon400,Ragon160,https://cdn11.bigcommerce.com/s-xvps74vl0m/images/stencil/1280x1280/products/17385/41229/H237557_2__57266.1749826447.jpg?c=1,H237557_2__57266.1749826447.jpg?c=1,,,Ragon800,H237557_2__57266.1749826447.jpg?c=1
,,,,,,,,,,,,,,,,,,,,,,,,
"35"" MIXED PINE & HOLLY HANGING BUSH",G201449,"Home|Holiday|Greenery, Wreaths & Trees|35"" MIXED PINE & HOLLY HANGING BUSH",,In-Stock: Ships in 5 to 14 days,,,,L: 32in,,12,$15.40 ,,,,,12,Ragon400,Ragon160,https://cdn11.bigcommerce.com/s-xvps74vl0m/images/stencil/1280x1280/products/6893/19757/G201449_2__18888.1652208578.jpg?c=1,G201449_2__18888.1652208578.jpg?c=1,,,Ragon800,G201449_2__18888.1652208578.jpg?c=1
,,,,,,,,,,,,,,,,,,,,,,,,
"16"" OLIVE GREEN LONG STEM BOTTLEBRUSH TREE",WS182297,"Home|Holiday|Bottlebrush|16"" OLIVE GREEN LONG STEM BOTTLEBRUSH TREE","3.5''W X 16''H, BOTTLEBRUSH",In-Stock: Ships in 5 to 14 days,,,,W: 3.50in H: 16in,,6,$12.05 ,,,,,6,Ragon400,Ragon160,https://cdn11.bigcommerce.com/s-xvps74vl0m/images/stencil/1280x1280/products/5369/11788/WS182297__53164.1653396400.jpg?c=1,WS182297__53164.1653396400.jpg?c=1,,,Ragon800,WS182297__53164.1653396400.jpg?c=1
,,,,,,,,,,,,,,,,,,,,,,,,
"14"" BLACKBERRY & RASPBERRY PICK",G232624,"Home|Everyday|Florals|14"" BLACKBERRY & RASPBERRY PICK",,In-Stock: Ships in 5 to 14 days,,,,L: 14in W: 9in,,12,$4.40 ,,,,,12,Ragon400,Ragon160,https://cdn11.bigcommerce.com/s-xvps74vl0m/images/stencil/1280x1280/products/16092/34431/G232624_2__11613.1733861226.jpg?c=1,G232624_2__11613.1733861226.jpg?c=1,,,Ragon800,G232624_2__11613.1733861226.jpg?c=1
,,,,,,,,,,,,,,,,,,,,,,,,
"7"" BABY'S GRASS HALF BALL",G232917,"Home|Everyday|Florals|7"" BABY'S GRASS HALF BALL",,In-Stock: Ships in 5 to 14 days,,,,L: 9in W: 9in H: 7in,,12,$8.80 ,,,,,12,Ragon400,Ragon160,https://cdn11.bigcommerce.com/s-xvps74vl0m/images/stencil/1280x1280/products/16136/34526/G232917_3__51326.1733861254.jpg?c=1,G232917_3__51326.1733861254.jpg?c=1,,,Ragon800,G232917_3__51326.1733861254.jpg?c=1
,,,,,,,,,,,,,,,,,,,,,,,,
"36"" YELLOW EUCALYPTUS SEED BUSH",G219018,"Home|Everyday|Florals|36"" YELLOW EUCALYPTUS SEED BUSH",,In-Stock: Ships in 5 to 14 days,,,,L: 36in,,6,$8.80 ,,,,,6,Ragon400,Ragon160,https://cdn11.bigcommerce.com/s-xvps74vl0m/images/stencil/1280x1280/products/8364/24512/G219018_1__23580.1677257849.jpg?c=1,G219018_1__23580.1677257849.jpg?c=1,,,Ragon800,G219018_1__23580.1677257849.jpg?c=1
,,,,,,,,,,,,,,,,,,,,,,,,
"19.5"" BLACK SINGLE BUCKET STAND",HY225535,"Home|Sale!|Everyday|19.5"" BLACK SINGLE BUCKET STAND",2 KEYHOLE HANGERS,In-Stock: Ships in 5 to 14 days,,,,L: 11.25in W: 9.50in H: 19.50in,,2,$31.00 ,,,,,2,Ragon400,Ragon160,https://cdn11.bigcommerce.com/s-xvps74vl0m/images/stencil/1280x1280/products/10206/28848/HY225535_5__72347.1701887297.jpg?c=1,HY225535_5__72347.1701887297.jpg?c=1,,,Ragon800,HY225535_5__72347.1701887297.jpg?c=1
,,,,,,,,,,,,,,,,,,,,,,,,
5' SNOWY PINE W/ PINECONES & SNOWFLAKES GARLAND,G233585,"Home|Holiday|Greenery, Wreaths & Trees|5' SNOWY PINE W/ PINECONES & SNOWFLAKES GARLAND",,Late August,,,,L: 60in W: 7in,,2,$31.00 ,,,,,2,Ragon400,Ragon160,https://cdn11.bigcommerce.com/s-xvps74vl0m/images/stencil/1280x1280/products/17257/41496/G233585_2__80741.1749826505.jpg?c=1,G233585_2__80741.1749826505.jpg?c=1,,,Ragon800,G233585_2__80741.1749826505.jpg?c=1
,,,,,,,,,,,,,,,,,,,,,,,,
"6"" GOLD MERCURY GLASS 3D FLAME CANDLE",NY236606,"Home|Flameless Candles|6"" GOLD MERCURY GLASS 3D FLAME CANDLE","6 HR TIMER | ON/OFF BUTTON
REQUIRES 3 (AAA) BATTERIES, BATTERIES NOT INCLUDED.",In-Stock: Ships in 5 to 14 days,,,,L: 3in W: 3in H: 6in,,6,$9.65 ,,,,,6,Ragon400,Ragon160,https://cdn11.bigcommerce.com/s-xvps74vl0m/images/stencil/1280x1280/products/17639/40245/NY236606_1__22203.1748890073.jpg?c=1,NY236606_1__22203.1748890073.jpg?c=1,,,Ragon800,NY236606_1__22203.1748890073.jpg?c=1
,,,,,,,,,,,,,,,,,,,,,,,,
"SET/ 2 - 7.25"" 3D FLAME GREEN TAPER CANDLE",NY213006,"Home|Flameless Candles|SET/ 2 - 7.25"" 3D FLAME GREEN TAPER CANDLE","6 HR TIMER | ON/OFF BUTTON
REQUIRES 2 (AAA) BATTERIES, BATTERIES NOT INCLUDED.",In-Stock: Ships in 5 to 14 days,,,,L: 0.75in W: 0.75in H: 7.25in,,12,$8.55 ,,,,,12,Ragon400,Ragon160,https://cdn11.bigcommerce.com/s-xvps74vl0m/images/stencil/1280x1280/products/8535/25036/NY213006_3__14185.1689366501.jpg?c=1,NY213006_3__14185.1689366501.jpg?c=1,,,Ragon800,NY213006_3__14185.1689366501.jpg?c=1
,,,,,,,,,,,,,,,,,,,,,,,,
"4.25"" AGED BLACK LANTERN ORNAMENT",WS218068,"Home|Holiday|Ornaments, Garland & Tree Toppers|4.25"" AGED BLACK LANTERN ORNAMENT",,In-Stock: Ships in 5 to 14 days,,,,L: 2in W: 1.50in H: 4.25in,,6,$6.90 ,,,,,6,Ragon400,Ragon160,https://cdn11.bigcommerce.com/s-xvps74vl0m/images/stencil/1280x1280/products/9206/27061/WS218068_1__04006.1679582807.jpg?c=1,WS218068_1__04006.1679582807.jpg?c=1,,,Ragon800,WS218068_1__04006.1679582807.jpg?c=1
,,,,,,,,,,,,,,,,,,,,,,,,
"5"" MARBLE CEMENT COLUMN 3D FLAME CANDLE",NY236517,"Home|Flameless Candles|5"" MARBLE CEMENT COLUMN 3D FLAME CANDLE","6 HR TIMER | ON/OFF BUTTON
REQUIRES 2 (AAA) BATTERIES, BATTERIES NOT INCLUDED.",In-Stock: Ships in 5 to 14 days,,,,L: 3in W: 3in H: 5.50in,,4,$8.25 ,,,,,4,Ragon400,Ragon160,https://cdn11.bigcommerce.com/s-xvps74vl0m/images/stencil/1280x1280/products/16630/36388/NY236517_4__61020.1733943286.jpg?c=1,NY236517_4__61020.1733943286.jpg?c=1,,,Ragon800,NY236517_4__61020.1733943286.jpg?c=1
,,,,,,,,,,,,,,,,,,,,,,,,
"SET/ 3 - 10"" BURGUNDY BOTTLEBRUSH TREES W/ SNOWY TIPS",WS225455,"Home|Sale!|Holiday|SET/ 3 - 10"" BURGUNDY BOTTLEBRUSH TREES W/ SNOWY TIPS",,In-Stock: Ships in 5 to 14 days,,,,H: 10in,,4,$17.05 ,,,,,4,Ragon400,Ragon160,https://cdn11.bigcommerce.com/s-xvps74vl0m/images/stencil/1280x1280/products/15760/34217/WS225455_7__19360.1728446166.jpg?c=1,WS225455_7__19360.1728446166.jpg?c=1,,,Ragon800,WS225455_7__19360.1728446166.jpg?c=1
,,,,,,,,,,,,,,,,,,,,,,,,
"42.75"" MERRY CHRISTMAS PLAQUE",BF215177,"Home|Holiday|Signs|42.75"" MERRY CHRISTMAS PLAQUE",2 TRIANGLE HANGERS,In-Stock: Ships in 5 to 14 days,,,,L: 42.75in W: 0.25in H: 7.50in,,4,$14.85 ,,,,,4,Ragon400,Ragon160,https://cdn11.bigcommerce.com/s-xvps74vl0m/images/stencil/1280x1280/products/8147/24023/BF215177_2__72892.1677257703.jpg?c=1,BF215177_2__72892.1677257703.jpg?c=1,,,Ragon800,BF215177_2__72892.1677257703.jpg?c=1
,,,,,,,,,,,,,,,,,,,,,,,,
"17"" SNOWED PINE W/ PINECONE MINI WREATH",G219663,"Home|Holiday|Greenery, Wreaths & Trees|17"" SNOWED PINE W/ PINECONE MINI WREATH","INNER: 6""",SOLD OUT,,,,L: 17in,,,$15.70 ,,,,,,Ragon400,Ragon160,https://cdn11.bigcommerce.com/s-xvps74vl0m/images/stencil/1280x1280/products/8906/26599/G219663_4__80790.1678296682.jpg?c=1,G219663_4__80790.1678296682.jpg?c=1,,,Ragon800,G219663_4__80790.1678296682.jpg?c=1
,,,,,,,,,,,,,,,,,,,,,,,,
"24"" YELLOW MIXED BLACK-EYED SUSAN WREATH",G232620,"Home|Everyday|Florals|24"" YELLOW MIXED BLACK-EYED SUSAN WREATH",,In-Stock: Ships in 5 to 14 days,,,,L: 24in W: 4in H: 24in,,2,$28.75 ,,,,,2,Ragon400,Ragon160,https://cdn11.bigcommerce.com/s-xvps74vl0m/images/stencil/1280x1280/products/16089/34421/G232620_2__26149.1733861222.jpg?c=1,G232620_2__26149.1733861222.jpg?c=1,,,Ragon800,G232620_2__26149.1733861222.jpg?c=1
,,,,,,,,,,,,,,,,,,,,,,,,
"3"" YELLOW CHICK",KY239065,"Home|Everyday|3"" YELLOW CHICK",,Late August,,,,L: 3.25in W: 3in H: 3in,,6,$3.60 ,,,,,6,Ragon400,Ragon160,https://cdn11.bigcommerce.com/s-xvps74vl0m/images/stencil/1280x1280/products/18416/41935/KY239065_6__65274.1754591594.jpg?c=1,KY239065_6__65274.1754591594.jpg?c=1,,,Ragon800,KY239065_6__65274.1754591594.jpg?c=1
,,,,,,,,,,,,,,,,,,,,,,,,
"7"" BIRDS JOURNAL",L238740,"Home|Everyday|Journals|7"" BIRDS JOURNAL",,Projected Summer 2025,,,,L: 4in W: 1.50in H: 7in,,2,$13.75 ,,,,,2,Ragon400,Ragon160,https://cdn11.bigcommerce.com/s-xvps74vl0m/images/stencil/1280x1280/products/16548/41960/L238740_1__81970.1754679515.jpg?c=1,L238740_1__81970.1754679515.jpg?c=1,,,Ragon800,L238740_1__81970.1754679515.jpg?c=1
,,,,,,,,,,,,,,,,,,,,,,,,
2 SIDED HOME & FAMILY SIGN,E226208,Home|Everyday|Signs|2 SIDED HOME & FAMILY SIGN,,SOLD OUT,,,,L: 8.25in W: 3.25in H: 6.50in,,,$8.80 ,,,,,,Ragon400,Ragon160,https://cdn11.bigcommerce.com/s-xvps74vl0m/images/stencil/1280x1280/products/10651/29484/E226208_2__47286.1701963441.jpg?c=1,E226208_2__47286.1701963441.jpg?c=1,,,Ragon800,E226208_2__47286.1701963441.jpg?c=1
,,,,,,,,,,,,,,,,,,,,,,,,
"21.5"" CALYX KRATER PLANTER URN",H214005,"Home|Sale!|Everyday|21.5"" CALYX KRATER PLANTER URN",,In-Stock: Ships in 5 to 14 days,,,,L: 16.75in W: 16.75in H: 21.50in,,1,$185.00 ,,,,,1,Ragon400,Ragon160,https://cdn11.bigcommerce.com/s-xvps74vl0m/images/stencil/1280x1280/products/9553/28032/H214005_5__70820.1687542800.jpg?c=1,H214005_5__70820.1687542800.jpg?c=1,,,Ragon800,H214005_5__70820.1687542800.jpg?c=1
,,,,,,,,,,,,,,,,,,,,,,,,
"51"" SILVER BELL & GLITTERED GREENS SWAG",G181209,"Home|Holiday|Greenery, Wreaths & Trees|51"" SILVER BELL & GLITTERED GREENS SWAG","51''L, PE & METAL",Late August,,,,L: 51in,,6,$10.95 ,,,,,6,Ragon400,Ragon160,https://cdn11.bigcommerce.com/s-xvps74vl0m/images/stencil/1280x1280/products/5197/20495/G181209_1__71231.1663175746.jpg?c=1,G181209_1__71231.1663175746.jpg?c=1,,,Ragon800,G181209_1__71231.1663175746.jpg?c=1
,,,,,,,,,,,,,,,,,,,,,,,,
"3.25"" WHITE CEMENT GRID 3D FLAME CANDLE",NY236500,"Home|Flameless Candles|3.25"" WHITE CEMENT GRID 3D FLAME CANDLE","6 HR TIMER | ON/OFF BUTTON
REQUIRES 2 (AA) BATTERIES, BATTERIES NOT INCLUDED.",In-Stock: Ships in 5 to 14 days,,,,L: 4in W: 4in H: 3.25in,,4,$7.15 ,,,,,4,Ragon400,Ragon160,https://cdn11.bigcommerce.com/s-xvps74vl0m/images/stencil/1280x1280/products/16622/36626/NY236500_2__76131.1733943347.jpg?c=1,NY236500_2__76131.1733943347.jpg?c=1,,,Ragon800,NY236500_2__76131.1733943347.jpg?c=1
,,,,,,,,,,,,,,,,,,,,,,,,
"13.75"" OVAL PEWTER PLATTER W/ GLASS CLOCHE",SS235931,"Home|Holiday|Tabletop & Misc.|13.75"" OVAL PEWTER PLATTER W/ GLASS CLOCHE",FOOD SAFE,In-Stock: Ships in 5 to 14 days,,,,L: 13.75in W: 6.75in H: 6.50in,,2,$32.00 ,,,,,2,Ragon400,Ragon160,https://cdn11.bigcommerce.com/s-xvps74vl0m/images/stencil/1280x1280/products/16779/41626/SS235931_1__28746.1749826532.jpg?c=1,SS235931_1__28746.1749826532.jpg?c=1,,,Ragon800,SS235931_1__28746.1749826532.jpg?c=1
,,,,,,,,,,,,,,,,,,,,,,,,
SNOW COVERED CHURCH ORNAMENT,WS227746,"Home|Holiday|Ornaments, Garland & Tree Toppers|SNOW COVERED CHURCH ORNAMENT",,In-Stock: Ships in 5 to 14 days,,,,L: 2.50in W: 2in H: 4in,,12,$4.70 ,,,,,12,Ragon400,Ragon160,https://cdn11.bigcommerce.com/s-xvps74vl0m/images/stencil/1280x1280/products/12533/33028/WS227746_1__17699.1710521330.jpg?c=1,WS227746_1__17699.1710521330.jpg?c=1,,,Ragon800,WS227746_1__17699.1710521330.jpg?c=1
,,,,,,,,,,,,,,,,,,,,,,,,
"30"" BLUE COSMOS SPRAY",G233101,"Home|Everyday|Florals|30"" BLUE COSMOS SPRAY",,In-Stock: Ships in 5 to 14 days,,,,L: 30in W: 9in,,12,$3.05 ,,,,,12,Ragon400,Ragon160,https://cdn11.bigcommerce.com/s-xvps74vl0m/images/stencil/1280x1280/products/16193/34728/G233101_1__15327.1733861313.jpg?c=1,G233101_1__15327.1733861313.jpg?c=1,,,Ragon800,G233101_1__15327.1733861313.jpg?c=1
,,,,,,,,,,,,,,,,,,,,,,,,
"21"" WHITE DAHLIA SPRAY",G201320,"Home|Everyday|Florals|21"" WHITE DAHLIA SPRAY",,In-Stock: Ships in 5 to 14 days,,,,L: 21in,,24,$7.70 ,,,,,24,Ragon400,Ragon160,https://cdn11.bigcommerce.com/s-xvps74vl0m/images/stencil/1280x1280/products/6821/36042/G201320_4__35138.1733863964.jpg?c=1,G201320_4__35138.1733863964.jpg?c=1,,,Ragon800,G201320_4__35138.1733863964.jpg?c=1
,,,,,,,,,,,,,,,,,,,,,,,,
"38.5"" DISTRESSED WHITE WALL CABINET*",SH238415,"Home|Sale!|Everyday|38.5"" DISTRESSED WHITE WALL CABINET*","32""X8""X10.25"" inner shelf dims
2 HALF CIRCLE HANGERS
  *ITEM MUST SHIP FREIGHT - ADDITIONAL FREIGHT CHARGES MAY APPLY. ORDERS CONTAINING FREIGHT ITEMS MUST REACH A $1,000 MINIMUM ORDER",In-Stock: Ships in 5 to 14 days,,,,L: 35.50in W: 10.25in H: 38.50in,,1,$257.50 ,,,,,1,Ragon400,Ragon160,https://cdn11.bigcommerce.com/s-xvps74vl0m/images/stencil/1280x1280/products/16753/37111/SH238415__06610.1733943477.jpg?c=1,SH238415__06610.1733943477.jpg?c=1,,,Ragon800,SH238415__06610.1733943477.jpg?c=1
,,,,,,,,,,,,,,,,,,,,,,,,
"18.75"" PRESSED BOUQUET IN ARCHED BLACK FRAME",BF235071,"Home|Everyday|Wall Décor|18.75"" PRESSED BOUQUET IN ARCHED BLACK FRAME",1 SAWTOOTH HANGER,SOLD OUT,,,,L: 10.75in W: 1in H: 18.75in,,,$27.25 ,,,,,,Ragon400,Ragon160,https://cdn11.bigcommerce.com/s-xvps74vl0m/images/stencil/1280x1280/products/15812/36725/BF235071_2__52096.1733943373.jpg?c=1,BF235071_2__52096.1733943373.jpg?c=1,,,Ragon800,BF235071_2__52096.1733943373.jpg?c=1
,,,,,,,,,,,,,,,,,,,,,,,,
CAMP BIG TIMBER SIGN,H223343,Home|Everyday|Camping|CAMP BIG TIMBER SIGN,1 SAWTOOTH HANGER,SOLD OUT,,,,L: 18in W: 0.50in H: 24in,,,$26.50 ,,,,,,Ragon400,Ragon160,https://cdn11.bigcommerce.com/s-xvps74vl0m/images/stencil/1280x1280/products/10190/28817/H223343_3__20487.1701887288.jpg?c=1,H223343_3__20487.1701887288.jpg?c=1,,,Ragon800,H223343_3__20487.1701887288.jpg?c=1
,,,,,,,,,,,,,,,,,,,,,,,,
"20.75"" TAN ONION SPRAY",OR224705,"Home|Everyday|Florals|20.75"" TAN ONION SPRAY",,SOLD OUT,,,,L: 20.75in,,,$4.15 ,,,,,,Ragon400,Ragon160,https://cdn11.bigcommerce.com/s-xvps74vl0m/images/stencil/1280x1280/products/10486/33950/OR224705_1__43290.1712868573.jpg?c=1,OR224705_1__43290.1712868573.jpg?c=1,,,Ragon800,OR224705_1__43290.1712868573.jpg?c=1
,,,,,,,,,,,,,,,,,,,,,,,,
"25"" RED ROSE SPRAY",OR215495,"Home|Sale!|Everyday|25"" RED ROSE SPRAY",,In-Stock: Ships in 5 to 14 days,,,,L: 25in,,12,$3.85 ,,,,,12,Ragon400,Ragon160,https://cdn11.bigcommerce.com/s-xvps74vl0m/images/stencil/1280x1280/products/8669/35563/OR215495_1__95909.1733863826.jpg?c=1,OR215495_1__95909.1733863826.jpg?c=1,,,Ragon800,OR215495_1__95909.1733863826.jpg?c=1
,,,,,,,,,,,,,,,,,,,,,,,,
SANTA ON SLED W/ RED COAT,G225116,"Home|Holiday|Snowmen, Santas & Angels|SANTA ON SLED W/ RED COAT",,In-Stock: Ships in 5 to 14 days,,,,L: 15in W: 7.50in H: 13in,,1,$76.00 ,,,,,1,Ragon400,Ragon160,https://cdn11.bigcommerce.com/s-xvps74vl0m/images/stencil/1280x1280/products/11212/32112/G225116_3__87239.1708440808.jpg?c=1,G225116_3__87239.1708440808.jpg?c=1,,,Ragon800,G225116_3__87239.1708440808.jpg?c=1
,,,,,,,,,,,,,,,,,,,,,,,,
OVAL HANGING WALL CLOCK,E226037,Home|Everyday|Clocks|OVAL HANGING WALL CLOCK,"REQUIRES 1 (AA) BATTERY, BATTERY NOT INCLUDED.",In-Stock: Ships in 5 to 14 days,,,,L: 14in W: 2.25in H: 24in,,2,$53.00 ,,,,,2,Ragon400,Ragon160,https://cdn11.bigcommerce.com/s-xvps74vl0m/images/stencil/1280x1280/products/10620/29424/E226037_4__42210.1701963422.jpg?c=1,E226037_4__42210.1701963422.jpg?c=1,,,Ragon800,E226037_4__42210.1701963422.jpg?c=1
,,,,,,,,,,,,,,,,,,,,,,,,
"48"" SANTA W/ WREATH PRINT",RH239768,"Home|Collections|2025 Products|UNSPECIFIED|48"" SANTA W/ WREATH PRINT",,Projected Summer 2025,,,,H: 48in,,2,$87.00 ,,,,,2,Ragon400,Ragon160,https://cdn11.bigcommerce.com/s-xvps74vl0m/images/stencil/1280x1280/products/18367/41813/RH239768_3__44160.1751314370.jpg?c=1,RH239768_3__44160.1751314370.jpg?c=1,,,Ragon800,RH239768_3__44160.1751314370.jpg?c=1
,,,,,,,,,,,,,,,,,,,,,,,,
GOLD GARDEN PITCHER,HY238102,Home|Sale!|Everyday|GOLD GARDEN PITCHER,"HH: 14.5""",In-Stock: Ships in 5 to 14 days,,,,L: 7.50in W: 7.50in H: 8.50in,,4,$17.05 ,,,,,4,Ragon400,Ragon160,https://cdn11.bigcommerce.com/s-xvps74vl0m/images/stencil/1280x1280/products/16400/36590/HY238102_1__53577.1733943337.jpg?c=1,HY238102_1__53577.1733943337.jpg?c=1,,,Ragon800,HY238102_1__53577.1733943337.jpg?c=1
,,,,,,,,,,,,,,,,,,,,,,,,
CREW HANGING SOLAR LIGHT,MH236754,Home|Sale!|Everyday|CREW HANGING SOLAR LIGHT,"SOLAR WITH ON/OFF PUSH BUTTON
G30
HOOK AND CHAIN",In-Stock: Ships in 5 to 14 days,,,,L: 5in W: 5in H: 10.25in,,1,$27.50 ,,,,,1,Ragon400,Ragon160,https://cdn11.bigcommerce.com/s-xvps74vl0m/images/stencil/1280x1280/products/16583/37218/MH236754_3__31816.1733943506.jpg?c=1,MH236754_3__31816.1733943506.jpg?c=1,,,Ragon800,MH236754_3__31816.1733943506.jpg?c=1
,,,,,,,,,,,,,,,,,,,,,,,,
LAUNDRY SUCKS SIGN,E217171,Home|Sale!|Everyday|LAUNDRY SUCKS SIGN,2 SAWTOOTH HANGERS,In-Stock: Ships in 5 to 14 days,,,,L: 12in W: 0.75in H: 15.75in,,4,$11.85 ,,,,,4,Ragon400,Ragon160,https://cdn11.bigcommerce.com/s-xvps74vl0m/images/stencil/1280x1280/products/8206/24178/E217171_2__38822.1677257748.jpg?c=1,E217171_2__38822.1677257748.jpg?c=1,,,Ragon800,E217171_2__38822.1677257748.jpg?c=1
,,,,,,,,,,,,,,,,,,,,,,,,
"5"" BROWN RETRO DEER",WS227518,"Home|Holiday|Cabin & Lodge|5"" BROWN RETRO DEER",,In-Stock: Ships in 5 to 14 days,,,,L: 3.50in W: 1.75in H: 5in,,8,$8.25 ,,,,,8,Ragon400,Ragon160,https://cdn11.bigcommerce.com/s-xvps74vl0m/images/stencil/1280x1280/products/12428/32859/WS227518_3__26945.1709219792.jpg?c=1,WS227518_3__26945.1709219792.jpg?c=1,,,Ragon800,WS227518_3__26945.1709219792.jpg?c=1
,,,,,,,,,,,,,,,,,,,,,,,,
"16.5"" CREAM MAGNOLIA & BERRY PICK",G232611,"Home|Sale!|Everyday|16.5"" CREAM MAGNOLIA & BERRY PICK",,In-Stock: Ships in 5 to 14 days,,,,L: 16.50in W: 10.50in,,12,$6.05 ,,,,,12,Ragon400,Ragon160,https://cdn11.bigcommerce.com/s-xvps74vl0m/images/stencil/1280x1280/products/16086/34411/G232611_1__86224.1733861220.jpg?c=1,G232611_1__86224.1733861220.jpg?c=1,,,Ragon800,G232611_1__86224.1733861220.jpg?c=1
,,,,,,,,,,,,,,,,,,,,,,,,
"40.25"" BURGUNDY FOLIAGE SPRAY",OR215384,"Home|Everyday|Florals|40.25"" BURGUNDY FOLIAGE SPRAY",,In-Stock: Ships in 5 to 14 days,,,,L: 40.25in,,12,$6.60 ,,,,,12,Ragon400,Ragon160,https://cdn11.bigcommerce.com/s-xvps74vl0m/images/stencil/1280x1280/products/8630/25249/OR215384_3__33381.1677258085.jpg?c=1,OR215384_3__33381.1677258085.jpg?c=1,,,Ragon800,OR215384_3__33381.1677258085.jpg?c=1
,,,,,,,,,,,,,,,,,,,,,,,,
"18"" MIXED CEDAR & PINE W/ PINECONES PICK",G219435,"Home|Holiday|Greenery, Wreaths & Trees|18"" MIXED CEDAR & PINE W/ PINECONES PICK",,SOLD OUT,,,,L: 18in,,,$4.70 ,,,,,,Ragon400,Ragon160,https://cdn11.bigcommerce.com/s-xvps74vl0m/images/stencil/1280x1280/products/8787/26527/G219435_3__21730.1678296661.jpg?c=1,G219435_3__21730.1678296661.jpg?c=1,,,Ragon800,G219435_3__21730.1678296661.jpg?c=1
,,,,,,,,,,,,,,,,,,,,,,,,
"10"" AMERICAN FARMHOUSE PLATE",SW162903,"Home|Holiday|Tabletop & Misc.|10"" AMERICAN FARMHOUSE PLATE","10""W, MELAMINE
DISHWASHER SAFE. TOP RACK ONLY. NOT FOR MICROWAVE OR OVEN USE.",In-Stock: Ships in 5 to 14 days,,,,W: 10in,,12,$4.35 ,,,,,12,Ragon400,Ragon160,https://cdn11.bigcommerce.com/s-xvps74vl0m/images/stencil/1280x1280/products/3498/11394/SW162903_WS172377_2__21149.1626464593.jpg?c=1,SW162903_WS172377_2__21149.1626464593.jpg?c=1,,,Ragon800,SW162903_WS172377_2__21149.1626464593.jpg?c=1
,,,,,,,,,,,,,,,,,,,,,,,,
"8.5"" WHITE STAR SLEIGH BELL",BF225794,"Home|Holiday|Bells|8.5"" WHITE STAR SLEIGH BELL",Assembly Required,In-Stock: Ships in 5 to 14 days,,,,L: 8.50in W: 8.50in H: 11.25in,,4,$17.60 ,,,,,4,Ragon400,Ragon160,https://cdn11.bigcommerce.com/s-xvps74vl0m/images/stencil/1280x1280/products/10895/33337/BF225794_4__85581.1711115382.jpg?c=1,BF225794_4__85581.1711115382.jpg?c=1,,,Ragon800,BF225794_4__85581.1711115382.jpg?c=1
,,,,,,,,,,,,,,,,,,,,,,,,
"9"" AUTUMN HUES BOTTLEBRUSH TREES BOX SET/ 5",WS192398,"Home|Holiday|Bottlebrush|9"" AUTUMN HUES BOTTLEBRUSH TREES BOX SET/ 5","3""W X 9""H, SISAL",In-Stock: Ships in 3 to 7 days,,,,W: 3in H: 9in,,3,$23.75 ,,,,,3,Ragon400,Ragon160,https://cdn11.bigcommerce.com/s-xvps74vl0m/images/stencil/1280x1280/products/3157/12249/WS192398___90624.1647962095.jpg?c=1,WS192398___90624.1647962095.jpg?c=1,,,Ragon800,WS192398___90624.1647962095.jpg?c=1
,,,,,,,,,,,,,,,,,,,,,,,,
"2.5"" CHARCOAL VELVET WIRED RIBBON",SS211983,"Home|Holiday|Textiles|2.5"" CHARCOAL VELVET WIRED RIBBON",,Projected Summer 2025,,,,L: 360in W: 2.50in,,5,$12.65 ,,,,,5,Ragon400,Ragon160,https://cdn11.bigcommerce.com/s-xvps74vl0m/images/stencil/1280x1280/products/9871/27519/SS211983_6__61291.1679582950.jpg?c=1,SS211983_6__61291.1679582950.jpg?c=1,,,Ragon800,SS211983_6__61291.1679582950.jpg?c=1
,,,,,,,,,,,,,,,,,,,,,,,,
"28"" DARK GREEN ICED CEDAR & CONES HANGING WREATH",G201771,"Home|Holiday|Greenery, Wreaths & Trees|28"" DARK GREEN ICED CEDAR & CONES HANGING WREATH",,In-Stock: Ships in 5 to 14 days,,,,L: 28in,,2,$32.50 ,,,,,2,Ragon400,Ragon160,https://cdn11.bigcommerce.com/s-xvps74vl0m/images/stencil/1280x1280/products/7031/41371/G201771_1__51553.1749826476.jpg?c=1,G201771_1__51553.1749826476.jpg?c=1,,,Ragon800,G201771_1__51553.1749826476.jpg?c=1
,,,,,,,,,,,,,,,,,,,,,,,,
"1"" RED VELVET WIRED RIBBON",SS211977,"Home|Holiday|Textiles|1"" RED VELVET WIRED RIBBON",,Projected Summer 2025,,,,L: 360in W: 1in,,5,$8.55 ,,,,,5,Ragon400,Ragon160,https://cdn11.bigcommerce.com/s-xvps74vl0m/images/stencil/1280x1280/products/9865/27515/SS211977_1__45977.1679582949.jpg?c=1,SS211977_1__45977.1679582949.jpg?c=1,,,Ragon800,SS211977_1__45977.1679582949.jpg?c=1
,,,,,,,,,,,,,,,,,,,,,,,,
BLUE TASSEL THROW,HE205527,Home|Everyday|Tabletop & Misc.|BLUE TASSEL THROW,,SOLD OUT,,,,L: 60in W: 50in,,,$27.50 ,,,,,,Ragon400,Ragon160,https://cdn11.bigcommerce.com/s-xvps74vl0m/images/stencil/1280x1280/products/7144/16704/HE205527_2__77221.1653317496.jpg?c=1,HE205527_2__77221.1653317496.jpg?c=1,,,Ragon800,HE205527_2__77221.1653317496.jpg?c=1
,,,,,,,,,,,,,,,,,,,,,,,,
"SET/ 4 - 2.5"" RED FLOCKED BALLS",WS218479,"Home|Holiday|Ornaments, Garland & Tree Toppers|SET/ 4 - 2.5"" RED FLOCKED BALLS",,SOLD OUT,,,,H: 2.50in,,,$6.90 ,,,,,,Ragon400,Ragon160,https://cdn11.bigcommerce.com/s-xvps74vl0m/images/stencil/1280x1280/products/9776/28422/WS218479_4__85947.1693335568.jpg?c=1,WS218479_4__85947.1693335568.jpg?c=1,,,Ragon800,WS218479_4__85947.1693335568.jpg?c=1
,,,,,,,,,,,,,,,,,,,,,,,,
"1"" BROWN UNWIRED VELVET RIBBON",SS236149,"Home|Holiday|Textiles|1"" BROWN UNWIRED VELVET RIBBON",,Projected Summer 2025,,,,L: 360in W: 1in,,6,$6.60 ,,,,,6,Ragon400,Ragon160,https://cdn11.bigcommerce.com/s-xvps74vl0m/images/stencil/1280x1280/products/17774/41661/SS236149_2__48363.1749826540.jpg?c=1,SS236149_2__48363.1749826540.jpg?c=1,,,Ragon800,SS236149_2__48363.1749826540.jpg?c=1
,,,,,,,,,,,,,,,,,,,,,,,,
"4"" WHITE TARTAN 3D FLAME GLASS CANDLE",NY236698,"Home|Flameless Candles|4"" WHITE TARTAN 3D FLAME GLASS CANDLE","6 HR TIMER | ON/OFF BUTTON
REQUIRES 3 (AAA) BATTERIES, BATTERIES NOT INCLUDED.",Projected Summer 2025,,,,L: 3in W: 3in H: 4in,,6,$7.45 ,,,,,6,Ragon400,Ragon160,https://cdn11.bigcommerce.com/s-xvps74vl0m/images/stencil/1280x1280/products/17684/40155/NY236698_1__86815.1748358472.jpg?c=1,NY236698_1__86815.1748358472.jpg?c=1,,,Ragon800,NY236698_1__86815.1748358472.jpg?c=1
,,,,,,,,,,,,,,,,,,,,,,,,
TABLETOP WHITEBOARD W/ BLACK FRAME,E226293,Home|Everyday|Kitchen|TABLETOP WHITEBOARD W/ BLACK FRAME,,In-Stock: Ships in 5 to 14 days,,,,L: 15.75in W: 3in H: 9.50in,,2,$15.95 ,,,,,2,Ragon400,Ragon160,https://cdn11.bigcommerce.com/s-xvps74vl0m/images/stencil/1280x1280/products/10678/29530/E226293_1__41354.1701963455.jpg?c=1,E226293_1__41354.1701963455.jpg?c=1,,,Ragon800,E226293_1__41354.1701963455.jpg?c=1
,,,,,,,,,,,,,,,,,,,,,,,,
"2"" RED TEXTURED TEARDROP KUGEL ORNAMENT",SS221836,"Home|Holiday|Ornaments, Garland & Tree Toppers|2"" RED TEXTURED TEARDROP KUGEL ORNAMENT",,SOLD OUT,,,,W: 2in,,,$1.65 ,,,,,,Ragon400,Ragon160,https://cdn11.bigcommerce.com/s-xvps74vl0m/images/stencil/1280x1280/products/15710/33723/SS221836__90041.1712154118.jpg?c=1,SS221836__90041.1712154118.jpg?c=1,,,Ragon800,SS221836__90041.1712154118.jpg?c=1
,,,,,,,,,,,,,,,,,,,,,,,,
"34.5"" LIGHT GREEN DECORATIVE BRANCH",OR215260,"Home|Everyday|Florals|34.5"" LIGHT GREEN DECORATIVE BRANCH",,In-Stock: Ships in 5 to 14 days,,,,L: 34.50in,,24,$4.15 ,,,,,24,Ragon400,Ragon160,https://cdn11.bigcommerce.com/s-xvps74vl0m/images/stencil/1280x1280/products/8584/35627/OR215260_5__91765.1733863844.jpg?c=1,OR215260_5__91765.1733863844.jpg?c=1,,,Ragon800,OR215260_5__91765.1733863844.jpg?c=1
,,,,,,,,,,,,,,,,,,,,,,,,
"34"" WHITE SPRUCE & TSUGA HEMLOCK HANGING VINE",G219585,"Home|Holiday|Greenery, Wreaths & Trees|34"" WHITE SPRUCE & TSUGA HEMLOCK HANGING VINE",,In-Stock: Ships in 5 to 14 days,,,,L: 34in,,12,$11.30 ,,,,,12,Ragon400,Ragon160,https://cdn11.bigcommerce.com/s-xvps74vl0m/images/stencil/1280x1280/products/8859/26565/G219585_6__33522.1678296672.jpg?c=1,G219585_6__33522.1678296672.jpg?c=1,,,Ragon800,G219585_6__33522.1678296672.jpg?c=1
,,,,,,,,,,,,,,,,,,,,,,,,
SET/ 6 GLITTERED WHITE PINECONE ORNAMENTS,G228950,Home|Holiday|Cabin & Lodge|SET/ 6 GLITTERED WHITE PINECONE ORNAMENTS,,In-Stock: Ships in 5 to 14 days,,,,H: 17.50in,,6,$6.35 ,,,,,6,Ragon400,Ragon160,https://cdn11.bigcommerce.com/s-xvps74vl0m/images/stencil/1280x1280/products/11527/33410/G228950_1__86751.1711115406.jpg?c=1,G228950_1__86751.1711115406.jpg?c=1,,,Ragon800,G228950_1__86751.1711115406.jpg?c=1
,,,,,,,,,,,,,,,,,,,,,,,,
"11.25"" GREEN & RUST TONE PLANTER",SH222263,"Home|Sale!|Everyday|11.25"" GREEN & RUST TONE PLANTER",,In-Stock: Ships in 5 to 14 days,,,,L: 10.75in W: 10.75in H: 11.25in,,3,$46.25 ,,,,,3,Ragon400,Ragon160,https://cdn11.bigcommerce.com/s-xvps74vl0m/images/stencil/1280x1280/products/10534/33975/SH222263_3__78713.1712868581.jpg?c=1,SH222263_3__78713.1712868581.jpg?c=1,,,Ragon800,SH222263_3__78713.1712868581.jpg?c=1
,,,,,,,,,,,,,,,,,,,,,,,,
"32.75"" BOXWOOD AND BERRY HANGING BUSH",G181280,"Home|Sale!|Everyday|32.75"" BOXWOOD AND BERRY HANGING BUSH",,In-Stock: Ships in 5 to 14 days,,,,L: 32.75in,,12,$9.85 ,,,,,12,Ragon400,Ragon160,https://cdn11.bigcommerce.com/s-xvps74vl0m/images/stencil/1280x1280/products/4909/35283/G181280_9__00642.1733863751.jpg?c=1,G181280_9__00642.1733863751.jpg?c=1,,,Ragon800,G181280_9__00642.1733863751.jpg?c=1
,,,,,,,,,,,,,,,,,,,,,,,,
"18"" AGED YELLOW HONEY BEE",BF224482,"Home|Sale!|Everyday|18"" AGED YELLOW HONEY BEE",1 KEYHOLE HANGER,In-Stock: Ships in 5 to 14 days,,,,L: 18in W: 1in H: 11.75in,,2,$14.05 ,,,,,2,Ragon400,Ragon160,https://cdn11.bigcommerce.com/s-xvps74vl0m/images/stencil/1280x1280/products/10805/33860/BF224482_1__66213.1712868543.jpg?c=1,BF224482_1__66213.1712868543.jpg?c=1,,,Ragon800,BF224482_1__66213.1712868543.jpg?c=1
,,,,,,,,,,,,,,,,,,,,,,,,
"29"" SNOWY PINE W/ PINECONES & SNOWFLAKES SPRAY",G233586,"Home|Holiday|Greenery, Wreaths & Trees|29"" SNOWY PINE W/ PINECONES & SNOWFLAKES SPRAY",,Late August,,,,L: 29in W: 12in,,6,$9.65 ,,,,,6,Ragon400,Ragon160,https://cdn11.bigcommerce.com/s-xvps74vl0m/images/stencil/1280x1280/products/17258/41213/G233586_1__32987.1749826444.jpg?c=1,G233586_1__32987.1749826444.jpg?c=1,,,Ragon800,G233586_1__32987.1749826444.jpg?c=1
,,,,,,,,,,,,,,,,,,,,,,,,
"12"" PALE PINK WILDFLOWER CANDLE RING",HZ238940,"Home|Everyday|Florals|12"" PALE PINK WILDFLOWER CANDLE RING","INNER: 3.5""",SOLD OUT,,,,L: 12in W: 1.50in,,,$10.75 ,,,,,,Ragon400,Ragon160,https://cdn11.bigcommerce.com/s-xvps74vl0m/images/stencil/1280x1280/products/16506/35087/HZ238940_1__82465.1733861419.jpg?c=1,HZ238940_1__82465.1733861419.jpg?c=1,,,Ragon800,HZ238940_1__82465.1733861419.jpg?c=1
,,,,,,,,,,,,,,,,,,,,,,,,
"18"" BURLAP & WHITE METAL BUTTERFLY",FB225375,"Home|Everyday|Wall Décor|18"" BURLAP & WHITE METAL BUTTERFLY",1 KEYHOLE HANGERS,SOLD OUT,,,,L: 18in W: 2in H: 15in,,,$23.25 ,,,,,,Ragon400,Ragon160,https://cdn11.bigcommerce.com/s-xvps74vl0m/images/stencil/1280x1280/products/13439/31828/FB225375_4__44081.1707249588.jpg?c=1,FB225375_4__44081.1707249588.jpg?c=1,,,Ragon800,FB225375_4__44081.1707249588.jpg?c=1
,,,,,,,,,,,,,,,,,,,,,,,,
"14.5"" RUST POPLAR LEAF BUSH",HZ238874,"Home|Everyday|Florals|14.5"" RUST POPLAR LEAF BUSH",,In-Stock: Ships in 5 to 14 days,,,,L: 14.50in W: 7in,,25,$1.65 ,,,,,25,Ragon400,Ragon160,https://cdn11.bigcommerce.com/s-xvps74vl0m/images/stencil/1280x1280/products/16450/34880/HZ238874_2__16449.1733861356.jpg?c=1,HZ238874_2__16449.1733861356.jpg?c=1,,,Ragon800,HZ238874_2__16449.1733861356.jpg?c=1
,,,,,,,,,,,,,,,,,,,,,,,,
"28.75"" SQUARE HANDLE ROUND RUSTIC BREAD BOARD",LW229516,"Home|Everyday|Kitchen|28.75"" SQUARE HANDLE ROUND RUSTIC BREAD BOARD","FOOD SAFE. NOT FOR DISHWASHER, MICROWAVE OR OVEN USE.
TWINE HANGER",In-Stock: Ships in 5 to 14 days,,,,L: 23.75in W: 0.75in H: 28.75in,,2,$43.00 ,,,,,2,Ragon400,Ragon160,https://cdn11.bigcommerce.com/s-xvps74vl0m/images/stencil/1280x1280/products/10280/29408/LW229516_2__40170.1701962602.jpg?c=1,LW229516_2__40170.1701962602.jpg?c=1,,,Ragon800,LW229516_2__40170.1701962602.jpg?c=1
,,,,,,,,,,,,,,,,,,,,,,,,
"24"" REDWOOD PINE BERRIES & PINECONES WREATH",G233467,"Home|Holiday|24"" REDWOOD PINE BERRIES & PINECONES WREATH",,In-Stock: Ships in 5 to 14 days,,,,L: 24in W: 6in H: 24in,,2,$32.00 ,,,,,2,Ragon400,Ragon160,https://cdn11.bigcommerce.com/s-xvps74vl0m/images/stencil/1280x1280/products/17223/41480/G233467_1__92190.1749826501.jpg?c=1,G233467_1__92190.1749826501.jpg?c=1,,,Ragon800,G233467_1__92190.1749826501.jpg?c=1
,,,,,,,,,,,,,,,,,,,,,,,,
"30"" GLITTERED PINE & RED BERRY HANGING WREATH",G225007,"Home|Holiday|Greenery, Wreaths & Trees|30"" GLITTERED PINE & RED BERRY HANGING WREATH",,In-Stock: Ships in 5 to 14 days,,,,L: 24in H: 30in,,2,$39.75 ,,,,,2,Ragon400,Ragon160,https://cdn11.bigcommerce.com/s-xvps74vl0m/images/stencil/1280x1280/products/11151/41398/G225007_1__64458.1749826481.jpg?c=1,G225007_1__64458.1749826481.jpg?c=1,,,Ragon800,G225007_1__64458.1749826481.jpg?c=1
,,,,,,,,,,,,,,,,,,,,,,,,
"15"" SILVER BOTTLEBRUSH TREE W/ WHITE & AQUA BEADS",WS202479,"Home|Holiday|Bottlebrush|15"" SILVER BOTTLEBRUSH TREE W/ WHITE & AQUA BEADS",,In-Stock: Ships in 5 to 14 days,,,,W: 5in H: 15in,,2,$21.75 ,,,,,2,Ragon400,Ragon160,https://cdn11.bigcommerce.com/s-xvps74vl0m/images/stencil/1280x1280/products/7566/16928/WS202479_1__69518.1644264966.jpg?c=1,WS202479_1__69518.1644264966.jpg?c=1,,,Ragon800,WS202479_1__69518.1644264966.jpg?c=1
,,,,,,,,,,,,,,,,,,,,,,,,
SET/ 3 BLACK TALL SCROLL BUCKETS,ZH238602,Home|Sale!|Everyday|SET/ 3 BLACK TALL SCROLL BUCKETS,"SM: 6.75""L X 2""W X 24.75""H MD: 8""L X 2.75""W X 27.5""H LG: 9""L X 3.25""W X 30.75""H",In-Stock: Ships in 5 to 14 days,,,,See Details tab,,2,$38.50 ,,,,,2,Ragon400,Ragon160,https://cdn11.bigcommerce.com/s-xvps74vl0m/images/stencil/1280x1280/products/15536/41726/ZH238602__77869.1750706744.jpg?c=1,ZH238602__77869.1750706744.jpg?c=1,,,Ragon800,ZH238602__77869.1750706744.jpg?c=1
,,,,,,,,,,,,,,,,,,,,,,,,
"20"" GREEN OMBRE FLOCKED LONG STEM BOTTLEBRUSH TREE",WS202478,"Home|Sale!|Holiday|20"" GREEN OMBRE FLOCKED LONG STEM BOTTLEBRUSH TREE",,In-Stock: Ships in 5 to 14 days,,,,W: 5in H: 20in,,4,$24.75 ,,,,,4,Ragon400,Ragon160,https://cdn11.bigcommerce.com/s-xvps74vl0m/images/stencil/1280x1280/products/7565/16926/WS202478_4__51362.1644264892.jpg?c=1,WS202478_4__51362.1644264892.jpg?c=1,,,Ragon800,WS202478_4__51362.1644264892.jpg?c=1
,,,,,,,,,,,,,,,,,,,,,,,,
"11.25"" TERRACOTTA PILLAR CANDLE HOLDER",G232506,"Home|Everyday|Candle Holders|11.25"" TERRACOTTA PILLAR CANDLE HOLDER","HOLDS 3"" CANDLE",In-Stock: Ships in 5 to 14 days,,,,L: 4.25in W: 4.25in H: 11.25in,,2,$14.05 ,,,,,2,Ragon400,Ragon160,https://cdn11.bigcommerce.com/s-xvps74vl0m/images/stencil/1280x1280/products/16042/36221/G232506_2__44144.1733943250.jpg?c=1,G232506_2__44144.1733943250.jpg?c=1,,,Ragon800,G232506_2__44144.1733943250.jpg?c=1
,,,,,,,,,,,,,,,,,,,,,,,,
GOLD DIAMOND PATTERN ORNAMENT,WS231447,"Home|Holiday|Ornaments, Garland & Tree Toppers|GOLD DIAMOND PATTERN ORNAMENT",,Early September,,,,L: 6in W: 6in H: 7in,,6,$7.70 ,,,,,6,Ragon400,Ragon160,https://cdn11.bigcommerce.com/s-xvps74vl0m/images/stencil/1280x1280/products/18011/40646/WS231447_1__83651.1749157199.jpg?c=1,WS231447_1__83651.1749157199.jpg?c=1,,,Ragon800,WS231447_1__83651.1749157199.jpg?c=1
,,,,,,,,,,,,,,,,,,,,,,,,
"16"" LIGHTED TREE IN RED GLASS BASE",WS192524,"Home|Sale!|Holiday|16"" LIGHTED TREE IN RED GLASS BASE","4.25""W X 16""H, SISAL, glass
*REQUIRES 3 AA BATTERIES, NOT INCLUDED",In-Stock: Ships in 5 to 14 days,,,,W: 4.25in H: 16in,,4,$35.25 ,,,,,4,Ragon400,Ragon160,https://cdn11.bigcommerce.com/s-xvps74vl0m/images/stencil/1280x1280/products/3108/27928/WS192524_2__29716.1685738523.jpg?c=1,WS192524_2__29716.1685738523.jpg?c=1,,,Ragon800,WS192524_2__29716.1685738523.jpg?c=1
,,,,,,,,,,,,,,,,,,,,,,,,
GREY WIND CHIME W/ PINECONE,E234434,Home|Sale!|Everyday|GREY WIND CHIME W/ PINECONE,,In-Stock: Ships in 5 to 14 days,,,,L: 3.50in W: 3.50in H: 17in,,2,$15.95 ,,,,,2,Ragon400,Ragon160,https://cdn11.bigcommerce.com/s-xvps74vl0m/images/stencil/1280x1280/products/15933/36881/E234434_3__75942.1733943414.jpg?c=1,E234434_3__75942.1733943414.jpg?c=1,,,Ragon800,E234434_3__75942.1733943414.jpg?c=1
,,,,,,,,,,,,,,,,,,,,,,,,
"37"" VIOLET HYDRANGEA SPRAY",G233128,"Home|Sale!|Everyday|37"" VIOLET HYDRANGEA SPRAY",,In-Stock: Ships in 5 to 14 days,,,,L: 37in W: 11in,,12,$5.50 ,,,,,12,Ragon400,Ragon160,https://cdn11.bigcommerce.com/s-xvps74vl0m/images/stencil/1280x1280/products/16202/37940/G233128_41__45104.1740072729.jpg?c=1,G233128_41__45104.1740072729.jpg?c=1,,,Ragon800,G233128_41__45104.1740072729.jpg?c=1
,,,,,,,,,,,,,,,,,,,,,,,,
PARADES SIGN,E226603,Home|Sale!|Everyday|PARADES SIGN,,In-Stock: Ships in 5 to 14 days,,,,L: 13in W: 0.25in H: 60in,,2,$26.50 ,,,,,2,Ragon400,Ragon160,https://cdn11.bigcommerce.com/s-xvps74vl0m/images/stencil/1280x1280/products/10745/29652/E226603_1__74383.1701963492.jpg?c=1,E226603_1__74383.1701963492.jpg?c=1,,,Ragon800,E226603_1__74383.1701963492.jpg?c=1
,,,,,,,,,,,,,,,,,,,,,,,,
"13"" BAVARIAN SNOW BOTTLEBRUSH TREE",WS172231,"Home|Holiday|Bottlebrush|13"" BAVARIAN SNOW BOTTLEBRUSH TREE","4.25""W X 13""H, BOTTLEBRUSH",In-Stock: Ships in 5 to 14 days,,,,W: 4.25in H: 13in,,6,$10.95 ,,,,,6,Ragon400,Ragon160,https://cdn11.bigcommerce.com/s-xvps74vl0m/images/stencil/1280x1280/products/4529/11473/WS172231_2__18633.1626464607.jpg?c=1,WS172231_2__18633.1626464607.jpg?c=1,,,Ragon800,WS172231_2__18633.1626464607.jpg?c=1
,,,,,,,,,,,,,,,,,,,,,,,,
BLACK & WHITE SHEEP ORNAMENT,KY239050,"Home|Holiday|Ornaments, Garland & Tree Toppers|BLACK & WHITE SHEEP ORNAMENT",,Late August,,,,L: 1.50in W: 4in H: 3.50in,,12,$3.30 ,,,,,12,Ragon400,Ragon160,https://cdn11.bigcommerce.com/s-xvps74vl0m/images/stencil/1280x1280/products/16921/40392/KY239050_2__40909.1749068702.jpg?c=1,KY239050_2__40909.1749068702.jpg?c=1,,,Ragon800,KY239050_2__40909.1749068702.jpg?c=1
,,,,,,,,,,,,,,,,,,,,,,,,
FROSTY PRINT W/ WOOD FRAME,BF224474,Home|Sale!|Holiday|FROSTY PRINT W/ WOOD FRAME,2 SAWTOOTH HANGERS,In-Stock: Ships in 5 to 14 days,,,,L: 15.75in W: 1in H: 15.75in,,4,$14.85 ,,,,,4,Ragon400,Ragon160,https://cdn11.bigcommerce.com/s-xvps74vl0m/images/stencil/1280x1280/products/10856/33312/BF224474_2__74989.1711115375.jpg?c=1,BF224474_2__74989.1711115375.jpg?c=1,,,Ragon800,BF224474_2__74989.1711115375.jpg?c=1
,,,,,,,,,,,,,,,,,,,,,,,,
"26"" HEMLOCK, CEDAR & EUCALYPTUS W/ BULBS WREATH",G219619,"Home|Holiday|Greenery, Wreaths & Trees|26"" HEMLOCK, CEDAR & EUCALYPTUS W/ BULBS WREATH",,SOLD OUT,,,,L: 26in H: 24in,,,$35.75 ,,,,,,Ragon400,Ragon160,https://cdn11.bigcommerce.com/s-xvps74vl0m/images/stencil/1280x1280/products/8882/26589/G219619_4__43095.1678296679.jpg?c=1,G219619_4__43095.1678296679.jpg?c=1,,,Ragon800,G219619_4__43095.1678296679.jpg?c=1
,,,,,,,,,,,,,,,,,,,,,,,,
".5"" BLACK VELVET WIRED RIBBON",SS239695,"Home|Holiday|Textiles|.5"" BLACK VELVET WIRED RIBBON",,Projected Summer 2025,,,,L: 360in W: 0.50in,,4,$7.15 ,,,,,4,Ragon400,Ragon160,https://cdn11.bigcommerce.com/s-xvps74vl0m/images/stencil/1280x1280/products/17912/41669/SS239695_2__16607.1749826541.jpg?c=1,SS239695_2__16607.1749826541.jpg?c=1,,,Ragon800,SS239695_2__16607.1749826541.jpg?c=1
,,,,,,,,,,,,,,,,,,,,,,,,
DEER W/ PRESENTS ORNAMENT,FB237356,"Home|Holiday|Ornaments, Garland & Tree Toppers|DEER W/ PRESENTS ORNAMENT",,In-Stock: Ships in 5 to 14 days,,,,L: 6.25in W: 0.50in H: 6.25in,,12,$4.15 ,,,,,12,Ragon400,Ragon160,https://cdn11.bigcommerce.com/s-xvps74vl0m/images/stencil/1280x1280/products/17146/41350/FB237356_1__27254.1749826470.jpg?c=1,FB237356_1__27254.1749826470.jpg?c=1,,,Ragon800,FB237356_1__27254.1749826470.jpg?c=1
,,,,,,,,,,,,,,,,,,,,,,,,
"2.5"" RED UNWIRED VELVET RIBBON",SS236151,"Home|Holiday|Textiles|2.5"" RED UNWIRED VELVET RIBBON",,Projected Summer 2025,,,,L: 360in W: 2.50in,,6,$10.75 ,,,,,6,Ragon400,Ragon160,https://cdn11.bigcommerce.com/s-xvps74vl0m/images/stencil/1280x1280/products/17776/41663/SS236151_2__38614.1749826540.jpg?c=1,SS236151_2__38614.1749826540.jpg?c=1,,,Ragon800,SS236151_2__38614.1749826540.jpg?c=1
,,,,,,,,,,,,,,,,,,,,,,,,
"32"" AGED GREEN GARDEN GATE",HY238056,"Home|Everyday|Spring & Garden|32"" AGED GREEN GARDEN GATE",,In-Stock: Ships in 5 to 14 days,,,,L: 24.25in W: 0.75in H: 32in,,2,$24.25 ,,,,,2,Ragon400,Ragon160,https://cdn11.bigcommerce.com/s-xvps74vl0m/images/stencil/1280x1280/products/16378/36945/HY238056_5__25915.1733943431.jpg?c=1,HY238056_5__25915.1733943431.jpg?c=1,,,Ragon800,HY238056_5__25915.1733943431.jpg?c=1
,,,,,,,,,,,,,,,,,,,,,,,,
"4.75"" BLACK TAILED ROOSTER ORNAMENT",WS227694,"Home|Holiday|Ornaments, Garland & Tree Toppers|4.75"" BLACK TAILED ROOSTER ORNAMENT",,Early September,,,,L: 4.25in W: 2.25in H: 4.75in,,6,$6.60 ,,,,,6,Ragon400,Ragon160,https://cdn11.bigcommerce.com/s-xvps74vl0m/images/stencil/1280x1280/products/12494/33010/WS227694_3__83118.1710521324.jpg?c=1,WS227694_3__83118.1710521324.jpg?c=1,,,Ragon800,WS227694_3__83118.1710521324.jpg?c=1
,,,,,,,,,,,,,,,,,,,,,,,,
"35"" SEQUOIA PINE HANGING BUSH",G224839,"Home|Holiday|Greenery, Wreaths & Trees|35"" SEQUOIA PINE HANGING BUSH",,SOLD OUT,,,,L: 35in,,,$12.10 ,,,,,,Ragon400,Ragon160,https://cdn11.bigcommerce.com/s-xvps74vl0m/images/stencil/1280x1280/products/11059/32091/G224839_3__65188.1708440801.jpg?c=1,G224839_3__65188.1708440801.jpg?c=1,,,Ragon800,G224839_3__65188.1708440801.jpg?c=1
,,,,,,,,,,,,,,,,,,,,,,,,
"5' PINE, CEDAR & BERRIES GARLAND",G233634,"Home|Holiday|Greenery, Wreaths & Trees|5' PINE, CEDAR & BERRIES GARLAND",,In-Stock: Ships in 5 to 14 days,,,,L: 60in W: 10in,,2,$31.00 ,,,,,2,Ragon400,Ragon160,https://cdn11.bigcommerce.com/s-xvps74vl0m/images/stencil/1280x1280/products/17275/41506/G233634_2__00665.1749826507.jpg?c=1,G233634_2__00665.1749826507.jpg?c=1,,,Ragon800,G233634_2__00665.1749826507.jpg?c=1
,,,,,,,,,,,,,,,,,,,,,,,,
"30"" WHITE SCABIOSA SPRAY",G232821,"Home|Everyday|Florals|30"" WHITE SCABIOSA SPRAY",,SOLD OUT,,,,L: 30in W: 10in,,,$4.15 ,,,,,,Ragon400,Ragon160,https://cdn11.bigcommerce.com/s-xvps74vl0m/images/stencil/1280x1280/products/16114/34445/G232821_5__01938.1733861232.jpg?c=1,G232821_5__01938.1733861232.jpg?c=1,,,Ragon800,G232821_5__01938.1733861232.jpg?c=1
,,,,,,,,,,,,,,,,,,,,,,,,
"2.5"" CHARCOAL UNWIRED VELVET RIBBON",SS236145,"Home|Holiday|Textiles|2.5"" CHARCOAL UNWIRED VELVET RIBBON",,Projected Summer 2025,,,,L: 360in W: 2.50in,,6,$10.75 ,,,,,6,Ragon400,Ragon160,https://cdn11.bigcommerce.com/s-xvps74vl0m/images/stencil/1280x1280/products/17770/41657/SS236145_3__99771.1749826538.jpg?c=1,SS236145_3__99771.1749826538.jpg?c=1,,,Ragon800,SS236145_3__99771.1749826538.jpg?c=1
,,,,,,,,,,,,,,,,,,,,,,,,
"5"" WINE VELVET & GLITTER BELL",WS231004,"Home|Holiday|Ornaments, Garland & Tree Toppers|5"" WINE VELVET & GLITTER BELL",AUTHENTIC GERMAN GLASS GLITTER; MAY CHANGE COLOR OVER TIME,Projected Summer 2025,,,,L: 2.50in W: 2.50in H: 5in,,12,$5.25 ,,,,,12,Ragon400,Ragon160,https://cdn11.bigcommerce.com/s-xvps74vl0m/images/stencil/1280x1280/products/17933/40492/WS231004_1__40330.1749150276.jpg?c=1,WS231004_1__40330.1749150276.jpg?c=1,,,Ragon800,WS231004_1__40330.1749150276.jpg?c=1
,,,,,,,,,,,,,,,,,,,,,,,,
SNOWMAN WITH BAG CONTAINER,SW15531,"Home|Holiday|Snowmen, Santas & Angels|SNOWMAN WITH BAG CONTAINER","9.5""L X 7.5""W X 16""H, MACHE 
*CANDY NOT INCLUDED",In-Stock: Ships in 5 to 14 days,,,,L: 9.50in W: 7.50in H: 16in,,2,$49.00 ,,,,,2,Ragon400,Ragon160,https://cdn11.bigcommerce.com/s-xvps74vl0m/images/stencil/1280x1280/products/2878/26412/SW15531__56683.1677864254.jpg?c=1,SW15531__56683.1677864254.jpg?c=1,,,Ragon800,SW15531__56683.1677864254.jpg?c=1
,,,,,,,,,,,,,,,,,,,,,,,,
"6"" PINE GREEN GLASS 3D FLAME CANDLE",NY236376,"Home|Flameless Candles|6"" PINE GREEN GLASS 3D FLAME CANDLE","6 HR TIMER | ON/OFF BUTTON
REQUIRES 3 (AAA) BATTERIES, BATTERIES NOT INCLUDED.",In-Stock: Ships in 5 to 14 days,,,,L: 3in W: 3in H: 6in,,6,$8.25 ,,,,,6,Ragon400,Ragon160,https://cdn11.bigcommerce.com/s-xvps74vl0m/images/stencil/1280x1280/products/18281/40215/NY236376_5__16168.1748548176.jpg?c=1,NY236376_5__16168.1748548176.jpg?c=1,,,Ragon800,NY236376_5__16168.1748548176.jpg?c=1
,,,,,,,,,,,,,,,,,,,,,,,,
"16"" SNOWY TREE W/ MULTI-COLORED ORNAMENTS",WS221161,"Home|Holiday|Bottlebrush|16"" SNOWY TREE W/ MULTI-COLORED ORNAMENTS",,In-Stock: Ships in 5 to 14 days,,,,L: 5in W: 5in H: 16in,,2,$23.25 ,,,,,2,Ragon400,Ragon160,https://cdn11.bigcommerce.com/s-xvps74vl0m/images/stencil/1280x1280/products/12054/32268/WS221161_4__63130.1708440863.jpg?c=1,WS221161_4__63130.1708440863.jpg?c=1,,,Ragon800,WS221161_4__63130.1708440863.jpg?c=1
,,,,,,,,,,,,,,,,,,,,,,,,
STACKED MACARON ORNAMENT,WS227829,"Home|Holiday|Ornaments, Garland & Tree Toppers|STACKED MACARON ORNAMENT",,In-Stock: Ships in 5 to 14 days,,,,L: 2.75in W: 2.75in H: 4.75in,,6,$8.25 ,,,,,6,Ragon400,Ragon160,https://cdn11.bigcommerce.com/s-xvps74vl0m/images/stencil/1280x1280/products/12594/33471/WS227829_3__88402.1711115424.jpg?c=1,WS227829_3__88402.1711115424.jpg?c=1,,,Ragon800,WS227829_3__88402.1711115424.jpg?c=1
,,,,,,,,,,,,,,,,,,,,,,,,
"16"" POTTED SMILAX PLANT",G232535,"Home|Everyday|Florals|16"" POTTED SMILAX PLANT","POT SIZE: 4.5""L 4.5""W 5""H",SOLD OUT,,,,L: 12in W: 12in H: 16in,,,$18.15 ,,,,,,Ragon400,Ragon160,https://cdn11.bigcommerce.com/s-xvps74vl0m/images/stencil/1280x1280/products/16057/34327/G232535_1__05283.1733861194.jpg?c=1,G232535_1__05283.1733861194.jpg?c=1,,,Ragon800,G232535_1__05283.1733861194.jpg?c=1
,,,,,,,,,,,,,,,,,,,,,,,,
"SET/ 2 - 9.5"" 3D FLAME TWIST CREAM TAPER CANDLE",NY236311,"Home|Flameless Candles|SET/ 2 - 9.5"" 3D FLAME TWIST CREAM TAPER CANDLE","6 HR TIMER | ON/OFF BUTTON
REQUIRES 2 (AAA) BATTERIES, BATTERIES NOT INCLUDED.",Projected Summer 2025,,,,L: 1in W: 1in H: 9.50in,,12,$8.25 ,,,,,12,Ragon400,Ragon160,https://cdn11.bigcommerce.com/s-xvps74vl0m/images/stencil/1280x1280/products/16600/37027/NY236311_4__65354.1733943454.jpg?c=1,NY236311_4__65354.1733943454.jpg?c=1,,,Ragon800,NY236311_4__65354.1733943454.jpg?c=1
,,,,,,,,,,,,,,,,,,,,,,,,
METALLIC GREEN ICICLES,WS231794,"Home|Holiday|Ornaments, Garland & Tree Toppers|METALLIC GREEN ICICLES",,Early September,,,,L: 6.50in W: 0.25in H: 11in,,8,$7.70 ,,,,,8,Ragon400,Ragon160,https://cdn11.bigcommerce.com/s-xvps74vl0m/images/stencil/1280x1280/products/18198/41706/WS231794_2__97564.1749826548.jpg?c=1,WS231794_2__97564.1749826548.jpg?c=1,,,Ragon800,WS231794_2__97564.1749826548.jpg?c=1
,,,,,,,,,,,,,,,,,,,,,,,,
"4"" GREEN PATTERENED GLASS BUD VASE",SS236012,"Home|Holiday|4"" GREEN PATTERENED GLASS BUD VASE",,Projected Summer 2025,,,,L: 2.50in W: 2.50in H: 4in,,6,$3.85 ,,,,,6,Ragon400,Ragon160,https://cdn11.bigcommerce.com/s-xvps74vl0m/images/stencil/1280x1280/products/16809/41636/SS236012_1__43079.1749826534.jpg?c=1,SS236012_1__43079.1749826534.jpg?c=1,,,Ragon800,SS236012_1__43079.1749826534.jpg?c=1
,,,,,,,,,,,,,,,,,,,,,,,,
SET/ 3 MINI WINTER THEMED BUCKETS,BF215210,Home|Sale!|Holiday|SET/ 3 MINI WINTER THEMED BUCKETS,"SM: 3.75""L X 3.75""W X 3.75""H
MD: 4.75""L X 4.75""W X 4.75""H
LG: 5.75""L X 5.75""W X 5.75""H",In-Stock: Ships in 5 to 14 days,,,,See Details tab,,4,$15.40 ,,,,,4,Ragon400,Ragon160,https://cdn11.bigcommerce.com/s-xvps74vl0m/images/stencil/1280x1280/products/8163/27819/BF215210_3__19823.1682970534.jpg?c=1,BF215210_3__19823.1682970534.jpg?c=1,,,Ragon800,BF215210_3__19823.1682970534.jpg?c=1
,,,,,,,,,,,,,,,,,,,,,,,,
CREAM FELT STAR ORNAMENT,LA237732,"Home|Holiday|Ornaments, Garland & Tree Toppers|CREAM FELT STAR ORNAMENT","HANG HEIGHT: 7.5""H
TWINE HANGER",In-Stock: Ships in 5 to 14 days,,,,L: 4.50in W: 1.50in H: 4.50in,,32,$2.75 ,,,,,32,Ragon400,Ragon160,https://cdn11.bigcommerce.com/s-xvps74vl0m/images/stencil/1280x1280/products/17544/40291/LA237732_3__42097.1748894143.jpg?c=1,LA237732_3__42097.1748894143.jpg?c=1,,,Ragon800,LA237732_3__42097.1748894143.jpg?c=1
,,,,,,,,,,,,,,,,,,,,,,,,
HORIZONTAL OCTAGON FRAME W/ STUMP BASE,E217016,Home|Holiday|Tabletop & Misc.|HORIZONTAL OCTAGON FRAME W/ STUMP BASE,PHOTO: 4X4,SOLD OUT,,,,L: 9.50in W: 5.25in H: 8in,,,$14.85 ,,,,,,Ragon400,Ragon160,https://cdn11.bigcommerce.com/s-xvps74vl0m/images/stencil/1280x1280/products/8171/28474/E217016_5__06004.1697644279.jpg?c=1,E217016_5__06004.1697644279.jpg?c=1,,,Ragon800,E217016_5__06004.1697644279.jpg?c=1
,,,,,,,,,,,,,,,,,,,,,,,,
"26"" BLACK FLOATING WOOD SHELF",E203278,"Home|Everyday|Furniture & Mirrors|26"" BLACK FLOATING WOOD SHELF",METAL BRACKET W/3 HOLES,In-Stock: Ships in 5 to 14 days,,,,L: 26in W: 7in H: 2in,,2,$48.50 ,,,,,2,Ragon400,Ragon160,https://cdn11.bigcommerce.com/s-xvps74vl0m/images/stencil/1280x1280/products/6541/20353/E203278_1__96860.1661872305.jpg?c=1,E203278_1__96860.1661872305.jpg?c=1,,,Ragon800,E203278_1__96860.1661872305.jpg?c=1
,,,,,,,,,,,,,,,,,,,,,,,,
"34"" IVORY BLOSSOM SPRAY",G232827,"Home|Sale!|Everyday|34"" IVORY BLOSSOM SPRAY",,In-Stock: Ships in 5 to 14 days,,,,L: 34in W: 12in,,12,$6.05 ,,,,,12,Ragon400,Ragon160,https://cdn11.bigcommerce.com/s-xvps74vl0m/images/stencil/1280x1280/products/16118/34465/G232827_1__18833.1733861237.jpg?c=1,G232827_1__18833.1733861237.jpg?c=1,,,Ragon800,G232827_1__18833.1733861237.jpg?c=1
,,,,,,,,,,,,,,,,,,,,,,,,
"22"" GREEN VIBURNUM SPRAY",OR176294,"Home|Sale!|Everyday|22"" GREEN VIBURNUM SPRAY",,In-Stock: Ships in 5 to 14 days,,,,L: 22in,,24,$3.05 ,,,,,24,Ragon400,Ragon160,https://cdn11.bigcommerce.com/s-xvps74vl0m/images/stencil/1280x1280/products/4309/35548/OR176294_4__50231.1733863822.jpg?c=1,OR176294_4__50231.1733863822.jpg?c=1,,,Ragon800,OR176294_4__50231.1733863822.jpg?c=1
,,,,,,,,,,,,,,,,,,,,,,,,
TREE TEA LIGHT CANDLE HOLDER,E226192,Home|Holiday|Tabletop & Misc.|TREE TEA LIGHT CANDLE HOLDER,,SOLD OUT,,,,L: 5.04in W: 3.15in H: 7.48in,,,$5.25 ,,,,,,Ragon400,Ragon160,https://cdn11.bigcommerce.com/s-xvps74vl0m/images/stencil/1280x1280/products/10928/32058/E226192_1__90753.1708440790.jpg?c=1,E226192_1__90753.1708440790.jpg?c=1,,,Ragon800,E226192_1__90753.1708440790.jpg?c=1
,,,,,,,,,,,,,,,,,,,,,,,,
5' MIXED PINE W/ BRONZE BELLS GARLAND,G228813,"Home|Holiday|Greenery, Wreaths & Trees|5' MIXED PINE W/ BRONZE BELLS GARLAND",,In-Stock: Ships in 5 to 14 days,,,,L: 60in,,2,$32.00 ,,,,,2,Ragon400,Ragon160,https://cdn11.bigcommerce.com/s-xvps74vl0m/images/stencil/1280x1280/products/11444/33407/G228813_1__00035.1711115405.jpg?c=1,G228813_1__00035.1711115405.jpg?c=1,,,Ragon800,G228813_1__00035.1711115405.jpg?c=1
,,,,,,,,,,,,,,,,,,,,,,,,
"4"" RIBBED WHITE KUGEL ORNAMENT",SS13986,"Home|Holiday|Ornaments, Garland & Tree Toppers|4"" RIBBED WHITE KUGEL ORNAMENT","4""W, GLASS",In-Stock: Ships in 5 to 14 days,,,,W: 4in,,6,$3.25 ,,,,,6,Ragon400,Ragon160,https://cdn11.bigcommerce.com/s-xvps74vl0m/images/stencil/1280x1280/products/2948/10982/SS13986_1__12971.1626464499.jpg?c=1,SS13986_1__12971.1626464499.jpg?c=1,,,Ragon800,SS13986_1__12971.1626464499.jpg?c=1
,,,,,,,,,,,,,,,,,,,,,,,,
"6"" CREAM FLUTED GLASS 3D FLAME CANDLE",NY229055,"Home|Flameless Candles|6"" CREAM FLUTED GLASS 3D FLAME CANDLE","6 HR TIMER | ON/OFF BUTTON
REQUIRES 3 (AA) BATTERIES, BATTERIES NOT INCLUDED.",In-Stock: Ships in 5 to 14 days,,,,L: 3.50in W: 3.50in H: 6in,,6,$12.65 ,,,,,6,Ragon400,Ragon160,https://cdn11.bigcommerce.com/s-xvps74vl0m/images/stencil/1280x1280/products/10421/29189/NY229055_4__12965.1701887408.jpg?c=1,NY229055_4__12965.1701887408.jpg?c=1,,,Ragon800,NY229055_4__12965.1701887408.jpg?c=1
,,,,,,,,,,,,,,,,,,,,,,,,
GOLD ROUND BIRDHOUSE,HY238101,Home|Sale!|Everyday|GOLD ROUND BIRDHOUSE,"HAS A CLEAN OUT
METAL HANGER",In-Stock: Ships in 5 to 14 days,,,,L: 7.50in W: 8.50in H: 14in,,2,$20.50 ,,,,,2,Ragon400,Ragon160,https://cdn11.bigcommerce.com/s-xvps74vl0m/images/stencil/1280x1280/products/16399/36977/HY238101_3__42881.1733943441.jpg?c=1,HY238101_3__42881.1733943441.jpg?c=1,,,Ragon800,HY238101_3__42881.1733943441.jpg?c=1
,,,,,,,,,,,,,,,,,,,,,,,,
"18"" DEER W/ PRESENTS METAL DUMMY BOARD",H237626,"Home|Holiday|Tabletop & Misc.|18"" DEER W/ PRESENTS METAL DUMMY BOARD",,In-Stock: Ships in 5 to 14 days,,,,L: 18.50in W: 0.50in H: 18in,,4,$13.75 ,,,,,4,Ragon400,Ragon160,https://cdn11.bigcommerce.com/s-xvps74vl0m/images/stencil/1280x1280/products/17414/41559/H237626_1__68568.1749826519.jpg?c=1,H237626_1__68568.1749826519.jpg?c=1,,,Ragon800,H237626_1__68568.1749826519.jpg?c=1
,,,,,,,,,,,,,,,,,,,,,,,,
OVAL WOOD WALL CLOCK,E226030,Home|Sale!|Everyday|OVAL WOOD WALL CLOCK,"REQUIRES 1 (AA) BATTERY, BATTERY NOT INCLUDED.
2 KEYHOLE HANGERS",In-Stock: Ships in 5 to 14 days,,,,L: 21.75in W: 2in H: 23.50in,,1,$68.25 ,,,,,1,Ragon400,Ragon160,https://cdn11.bigcommerce.com/s-xvps74vl0m/images/stencil/1280x1280/products/10618/29420/E226030_2__98898.1701963421.jpg?c=1,E226030_2__98898.1701963421.jpg?c=1,,,Ragon800,E226030_2__98898.1701963421.jpg?c=1
,,,,,,,,,,,,,,,,,,,,,,,,
"18"" HOLLY LEAVES, BERRIES & CONES WREATH",G201627,"Home|Holiday|Greenery, Wreaths & Trees|18"" HOLLY LEAVES, BERRIES & CONES WREATH",,SOLD OUT,,,,L: 18in,,,$50.75 ,,,,,,Ragon400,Ragon160,https://cdn11.bigcommerce.com/s-xvps74vl0m/images/stencil/1280x1280/products/6953/19681/G201627_1__87419.1652190640.jpg?c=1,G201627_1__87419.1652190640.jpg?c=1,,,Ragon800,G201627_1__87419.1652190640.jpg?c=1
,,,,,,,,,,,,,,,,,,,,,,,,
SET/ 6 - CREAM BOTTLEBRUSH TREES W/ GLITTERED BULBS,WS225448,Home|Holiday|Bottlebrush|SET/ 6 - CREAM BOTTLEBRUSH TREES W/ GLITTERED BULBS,"(1)SM: 2.5""L X 2.5""W X 5.5""H
(2)MD: 3""L X 3""W X 6""H
(2)LG: 3""L X 3""W X 7""H
(1)XL: 3.5""L X 3.5""W X 8""H",In-Stock: Ships in 5 to 14 days,,,,See Details tab,,2,$34.25 ,,,,,2,Ragon400,Ragon160,https://cdn11.bigcommerce.com/s-xvps74vl0m/images/stencil/1280x1280/products/15771/34258/WS225448_3__18975.1729171352.jpg?c=1,WS225448_3__18975.1729171352.jpg?c=1,,,Ragon800,WS225448_3__18975.1729171352.jpg?c=1
,,,,,,,,,,,,,,,,,,,,,,,,
"16"" SNOWY EVERGREEN W/ RED BERRY PICK",G228908,"Home|Holiday|Greenery, Wreaths & Trees|16"" SNOWY EVERGREEN W/ RED BERRY PICK",,In-Stock: Ships in 5 to 14 days,,,,L: 16in,,12,$4.15 ,,,,,12,Ragon400,Ragon160,https://cdn11.bigcommerce.com/s-xvps74vl0m/images/stencil/1280x1280/products/11495/32153/G228908_4__92057.1708440824.jpg?c=1,G228908_4__92057.1708440824.jpg?c=1,,,Ragon800,G228908_4__92057.1708440824.jpg?c=1
,,,,,,,,,,,,,,,,,,,,,,,,
"47.25"" VAULT MIRROR",LW229512,"Home|Everyday|Furniture & Mirrors|47.25"" VAULT MIRROR",2 TRIANGLE HANGERS,In-Stock: Ships in 5 to 14 days,,,,L: 23.75in W: 1in H: 47.25in,,2,$87.00 ,,,,,2,Ragon400,Ragon160,https://cdn11.bigcommerce.com/s-xvps74vl0m/images/stencil/1280x1280/products/10278/28937/LW229512_1__06926.1701887327.jpg?c=1,LW229512_1__06926.1701887327.jpg?c=1,,,Ragon800,LW229512_1__06926.1701887327.jpg?c=1
,,,,,,,,,,,,,,,,,,,,,,,,
"11.5"" RED LAYERED TREE",LA237773,"Home|Holiday|Tabletop & Misc.|11.5"" RED LAYERED TREE",,Projected Summer 2025,,,,L: 3.75in W: 3.75in H: 11.50in,,2,$12.95 ,,,,,2,Ragon400,Ragon160,https://cdn11.bigcommerce.com/s-xvps74vl0m/images/stencil/1280x1280/products/17562/41720/LA237773_2__81796.1749838920.jpg?c=1,LA237773_2__81796.1749838920.jpg?c=1,,,Ragon800,LA237773_2__81796.1749838920.jpg?c=1
,,,,,,,,,,,,,,,,,,,,,,,,
NORTH POLE'S CANDY SHOP SIGN,BF235223,Home|Holiday|Signs|NORTH POLE'S CANDY SHOP SIGN,,In-Stock: Ships in 5 to 14 days,,,,L: 8in W: 0.50in H: 13in,,8,$5.50 ,,,,,8,Ragon400,Ragon160,https://cdn11.bigcommerce.com/s-xvps74vl0m/images/stencil/1280x1280/products/16994/41332/BF235223_1__61323.1749826466.jpg?c=1,BF235223_1__61323.1749826466.jpg?c=1,,,Ragon800,BF235223_1__61323.1749826466.jpg?c=1
,,,,,,,,,,,,,,,,,,,,,,,,
"9.5"" NATURAL MUSHROOM",LA223007,"Home|Everyday|Camping|9.5"" NATURAL MUSHROOM",,In-Stock: Ships in 3 to 7 days,,,,L: 5.75in W: 6in H: 9.50in,,4,$13.75 ,,,,,4,Ragon400,Ragon160,https://cdn11.bigcommerce.com/s-xvps74vl0m/images/stencil/1280x1280/products/11586/32177/LA223007_1__38658.1708440832.jpg?c=1,LA223007_1__38658.1708440832.jpg?c=1,,,Ragon800,LA223007_1__38658.1708440832.jpg?c=1
,,,,,,,,,,,,,,,,,,,,,,,,
"6.75"" BROWN PERCHING BIRD",MH222513,"Home|Everyday|Easter & Spring|6.75"" BROWN PERCHING BIRD",,SOLD OUT,,,,L: 4in W: 3.25in H: 6.75in,,,$7.15 ,,,,,,Ragon400,Ragon160,https://cdn11.bigcommerce.com/s-xvps74vl0m/images/stencil/1280x1280/products/10301/34188/MH222513_4__63961.1728444938.jpg?c=1,MH222513_4__63961.1728444938.jpg?c=1,,,Ragon800,MH222513_4__63961.1728444938.jpg?c=1
,,,,,,,,,,,,,,,,,,,,,,,,
9' GLITTERED GREEN & RED GARLAND W/ SILVER TINSEL,WS231459,"Home|Holiday|Ornaments, Garland & Tree Toppers|9' GLITTERED GREEN & RED GARLAND W/ SILVER TINSEL",,Early September,,,,L: 108in,,6,$9.35 ,,,,,6,Ragon400,Ragon160,https://cdn11.bigcommerce.com/s-xvps74vl0m/images/stencil/1280x1280/products/18015/40537/WS231459_5__13350.1749151644.jpg?c=1,WS231459_5__13350.1749151644.jpg?c=1,,,Ragon800,WS231459_5__13350.1749151644.jpg?c=1
,,,,,,,,,,,,,,,,,,,,,,,,
"28"" PINE, CEDAR & BERRIES HANGING WREATH",G233635,"Home|Holiday|Greenery, Wreaths & Trees|28"" PINE, CEDAR & BERRIES HANGING WREATH","HANG HIEGHT 34""",In-Stock: Ships in 5 to 14 days,,,,L: 24in W: 4.50in H: 28in,,1,$35.25 ,,,,,1,Ragon400,Ragon160,https://cdn11.bigcommerce.com/s-xvps74vl0m/images/stencil/1280x1280/products/17276/41831/G233635_7__96582.1751983715.jpg?c=1,G233635_7__96582.1751983715.jpg?c=1,,,Ragon800,G233635_7__96582.1751983715.jpg?c=1
,,,,,,,,,,,,,,,,,,,,,,,,
GREEN LIGHTED HOUSE ORNAMENT,WS231360,"Home|Holiday|Ornaments, Garland & Tree Toppers|GREEN LIGHTED HOUSE ORNAMENT","REQUIRES 3 (AG13/LR44) BATTERY, BATTERIES INCLUDED",Early September,,,,L: 3.50in W: 3in H: 3.75in,,6,$6.60 ,,,,,6,Ragon400,Ragon160,https://cdn11.bigcommerce.com/s-xvps74vl0m/images/stencil/1280x1280/products/17978/40522/WS231360_3__58532.1749151288.jpg?c=1,WS231360_3__58532.1749151288.jpg?c=1,,,Ragon800,WS231360_3__58532.1749151288.jpg?c=1
,,,,,,,,,,,,,,,,,,,,,,,,
GARDEN GREEN HOUSE ORNAMENT,WS227772,"Home|Holiday|Ornaments, Garland & Tree Toppers|GARDEN GREEN HOUSE ORNAMENT",,SOLD OUT,,,,L: 4in W: 3.50in H: 4in,,,$9.90 ,,,,,,Ragon400,Ragon160,https://cdn11.bigcommerce.com/s-xvps74vl0m/images/stencil/1280x1280/products/12555/31755/WS227772__88017.1706904465.jpg?c=1,WS227772__88017.1706904465.jpg?c=1,,,Ragon800,WS227772__88017.1706904465.jpg?c=1
,,,,,,,,,,,,,,,,,,,,,,,,
SET/ 3 GOLD TAPER CANDLE STANDS,SS235981,Home|Holiday|SET/ 3 GOLD TAPER CANDLE STANDS,"SM: 1.75""L X 1.75""W X 2.5""H MD: 2""L X 2""W X 3.25""H LG: 2.5""L X 2.5""W X 4""H",Projected Summer 2025,,,,See Details tab,,3,$9.35 ,,,,,3,Ragon400,Ragon160,https://cdn11.bigcommerce.com/s-xvps74vl0m/images/stencil/1280x1280/products/16793/41632/SS235981_6__21328.1749826533.jpg?c=1,SS235981_6__21328.1749826533.jpg?c=1,,,Ragon800,SS235981_6__21328.1749826533.jpg?c=1
,,,,,,,,,,,,,,,,,,,,,,,,
"8.5"" A BEGINNER'S GUIDE TO MOTHS AND BUTTERFLIES JOURNAL",L238714,"Home|Everyday|Journals|8.5"" A BEGINNER'S GUIDE TO MOTHS AND BUTTERFLIES JOURNAL",,Projected Summer 2025,,,,L: 5.75in W: 1.50in H: 8.50in,,2,$18.15 ,,,,,2,Ragon400,Ragon160,https://cdn11.bigcommerce.com/s-xvps74vl0m/images/stencil/1280x1280/products/16522/41948/L238714_2__70449.1754677783.jpg?c=1,L238714_2__70449.1754677783.jpg?c=1,,,Ragon800,L238714_2__70449.1754677783.jpg?c=1
,,,,,,,,,,,,,,,,,,,,,,,,
SITTING BUNNY WALL PLAQUE,E234187,Home|Everyday|Easter & Spring|SITTING BUNNY WALL PLAQUE,2 HALF CIRCLE HANGERS,In-Stock: Ships in 5 to 14 days,,,,L: 10in W: 1.50in H: 10in,,4,$11.55 ,,,,,4,Ragon400,Ragon160,https://cdn11.bigcommerce.com/s-xvps74vl0m/images/stencil/1280x1280/products/15865/36803/E234187_1__04338.1733943395.jpg?c=1,E234187_1__04338.1733943395.jpg?c=1,,,Ragon800,E234187_1__04338.1733943395.jpg?c=1
,,,,,,,,,,,,,,,,,,,,,,,,
GINGERBREAD HOME ORNAMENT,LA237784,Home|Holiday|GINGERBREAD HOME ORNAMENT,,In-Stock: Ships in 5 to 14 days,,,,L: 2.50in W: 0.75in H: 3.25in,,8,$2.50 ,,,,,8,Ragon400,Ragon160,https://cdn11.bigcommerce.com/s-xvps74vl0m/images/stencil/1280x1280/products/17568/40295/LA237784_4__24604.1748894312.jpg?c=1,LA237784_4__24604.1748894312.jpg?c=1,,,Ragon800,LA237784_4__24604.1748894312.jpg?c=1
,,,,,,,,,,,,,,,,,,,,,,,,
FRAMED CRYSTAL SNOWFLAKE,H237463,Home|Holiday|Signs|FRAMED CRYSTAL SNOWFLAKE,2 SAWTOOTH HANGERS,In-Stock: Ships in 5 to 14 days,,,,L: 14.25in W: 1.25in H: 14.25in,,2,$31.50 ,,,,,2,Ragon400,Ragon160,https://cdn11.bigcommerce.com/s-xvps74vl0m/images/stencil/1280x1280/products/17347/40088/H237463_2__06246.1747943582.jpg?c=1,H237463_2__06246.1747943582.jpg?c=1,,,Ragon800,H237463_2__06246.1747943582.jpg?c=1
,,,,,,,,,,,,,,,,,,,,,,,,
MONARCH BUTTERFLY ORNAMENT,FB225423,Home|Everyday|Wall Décor|MONARCH BUTTERFLY ORNAMENT,"TWINE HANGER
DOUBLE SIDED",SOLD OUT,,,,L: 5in W: 0.50in H: 3.25in,,,$4.70 ,,,,,,Ragon400,Ragon160,https://cdn11.bigcommerce.com/s-xvps74vl0m/images/stencil/1280x1280/products/11024/33384/FB225423_3__34150.1711115397.jpg?c=1,FB225423_3__34150.1711115397.jpg?c=1,,,Ragon800,FB225423_3__34150.1711115397.jpg?c=1
,,,,,,,,,,,,,,,,,,,,,,,,
"5"" GREY CEMENT COLUMN 3D FLAME CANDLE",NY236513,"Home|Flameless Candles|5"" GREY CEMENT COLUMN 3D FLAME CANDLE","6 HR TIMER | ON/OFF BUTTON
REQUIRES 2 (AAA) BATTERIES, BATTERIES NOT INCLUDED.",In-Stock: Ships in 5 to 14 days,,,,L: 3in W: 3in H: 5.50in,,4,$8.25 ,,,,,4,Ragon400,Ragon160,https://cdn11.bigcommerce.com/s-xvps74vl0m/images/stencil/1280x1280/products/16626/36372/NY236513_2__12995.1733943283.jpg?c=1,NY236513_2__12995.1733943283.jpg?c=1,,,Ragon800,NY236513_2__12995.1733943283.jpg?c=1
,,,,,,,,,,,,,,,,,,,,,,,,
"4"" SILVER ONION KUGEL ORNAMENT",SS221593,"Home|Holiday|Ornaments, Garland & Tree Toppers|4"" SILVER ONION KUGEL ORNAMENT",,In-Stock: Ships in 5 to 14 days,,,,L: 4in W: 4in H: 4in,,6,$3.85 ,,,,,6,Ragon400,Ragon160,https://cdn11.bigcommerce.com/s-xvps74vl0m/images/stencil/1280x1280/products/11762/34157/SS221593_1__87931.1723489620.jpg?c=1,SS221593_1__87931.1723489620.jpg?c=1,,,Ragon800,SS221593_1__87931.1723489620.jpg?c=1
,,,,,,,,,,,,,,,,,,,,,,,,
"6"" MATTE BLACK RIBBED KUGEL ORNAMENT",SS221584,"Home|Holiday|Ornaments, Garland & Tree Toppers|6"" MATTE BLACK RIBBED KUGEL ORNAMENT",,In-Stock: Ships in 5 to 14 days,,,,L: 6in W: 6in H: 6in,,4,$8.55 ,,,,,4,Ragon400,Ragon160,https://cdn11.bigcommerce.com/s-xvps74vl0m/images/stencil/1280x1280/products/11753/34153/SS221584_3__80197.1723489465.jpg?c=1,SS221584_3__80197.1723489465.jpg?c=1,,,Ragon800,SS221584_3__80197.1723489465.jpg?c=1
,,,,,,,,,,,,,,,,,,,,,,,,
"6' GREEN, GOLD & SILVER BEADED GARLAND",WS231553,"Home|Holiday|Ornaments, Garland & Tree Toppers|6' GREEN, GOLD & SILVER BEADED GARLAND",,Early September,,,,L: 72in W: 1in H: 1in,,6,$20.75 ,,,,,6,Ragon400,Ragon160,https://cdn11.bigcommerce.com/s-xvps74vl0m/images/stencil/1280x1280/products/18073/40567/WS231553_3__98463.1749152593.jpg?c=1,WS231553_3__98463.1749152593.jpg?c=1,,,Ragon800,WS231553_3__98463.1749152593.jpg?c=1
,,,,,,,,,,,,,,,,,,,,,,,,
GRACE ANGEL ORNAMENT W/ TINSEL BORDER,WS227842,"Home|Holiday|Ornaments, Garland & Tree Toppers|GRACE ANGEL ORNAMENT W/ TINSEL BORDER",,In-Stock: Ships in 5 to 14 days,,,,L: 5.50in W: 0.75in H: 5.50in,,12,$3.85 ,,,,,12,Ragon400,Ragon160,https://cdn11.bigcommerce.com/s-xvps74vl0m/images/stencil/1280x1280/products/12605/33055/WS227842_2__53142.1710521340.jpg?c=1,WS227842_2__53142.1710521340.jpg?c=1,,,Ragon800,WS227842_2__53142.1710521340.jpg?c=1
,,,,,,,,,,,,,,,,,,,,,,,,
"8"" TARTAN STOCKING ORNAMENT W/ RED CUFF",SS211967,"Home|Sale!|Holiday|8"" TARTAN STOCKING ORNAMENT W/ RED CUFF",,In-Stock: Ships in 5 to 14 days,,,,H: 8in,,12,$2.50 ,,,,,12,Ragon400,Ragon160,https://cdn11.bigcommerce.com/s-xvps74vl0m/images/stencil/1280x1280/products/9770/27429/SS211967_2__60363.1679582924.jpg?c=1,SS211967_2__60363.1679582924.jpg?c=1,,,Ragon800,SS211967_2__60363.1679582924.jpg?c=1
,,,,,,,,,,,,,,,,,,,,,,,,
SET/ 2 GLASS JARS W/ METAL STANDS,E217356,Home|Everyday|Tabletop & Misc.|SET/ 2 GLASS JARS W/ METAL STANDS,"JAR OPENING: 3""
SM: 4.5""L X 4.5""W X 6""H LG: 4.5""L X 4.5""W X 7.5""H",SOLD OUT,,,,See Details tab,,,$18.45 ,,,,,,Ragon400,Ragon160,https://cdn11.bigcommerce.com/s-xvps74vl0m/images/stencil/1280x1280/products/8258/24313/E217356_2__38881.1677257789.jpg?c=1,E217356_2__38881.1677257789.jpg?c=1,,,Ragon800,E217356_2__38881.1677257789.jpg?c=1
,,,,,,,,,,,,,,,,,,,,,,,,
OUR BUSY BEEHIVE SIGN,E226682,Home|Sale!|Everyday|OUR BUSY BEEHIVE SIGN,2 SAWTOOTH HANGERS,In-Stock: Ships in 5 to 14 days,,,,L: 16in W: 1in H: 16in,,3,$15.40 ,,,,,3,Ragon400,Ragon160,https://cdn11.bigcommerce.com/s-xvps74vl0m/images/stencil/1280x1280/products/10772/29693/E226682_4__20255.1701963504.jpg?c=1,E226682_4__20255.1701963504.jpg?c=1,,,Ragon800,E226682_4__20255.1701963504.jpg?c=1
,,,,,,,,,,,,,,,,,,,,,,,,
BLACK CLOCK ON PULLEY,E217303,Home|Sale!|Everyday|BLACK CLOCK ON PULLEY,"REQUIRES (1 AA) BATTERY / BATTERIES, NOT INCLUDED.
1 NAIL HOLE
ASSEMBLY REQUIRED",In-Stock: Ships in 5 to 14 days,,,,L: 24in W: 1.50in H: 36in,,1,$82.50 ,,,,,1,Ragon400,Ragon160,https://cdn11.bigcommerce.com/s-xvps74vl0m/images/stencil/1280x1280/products/8239/24283/E217303_1__88307.1677257780.jpg?c=1,E217303_1__88307.1677257780.jpg?c=1,,,Ragon800,E217303_1__88307.1677257780.jpg?c=1
,,,,,,,,,,,,,,,,,,,,,,,,
CHERRY PIE ORNAMENT,WS231507,"Home|Holiday|Ornaments, Garland & Tree Toppers|CHERRY PIE ORNAMENT",,Early September,,,,L: 3.75in W: 1.25in H: 3.75in,,8,$4.40 ,,,,,8,Ragon400,Ragon160,https://cdn11.bigcommerce.com/s-xvps74vl0m/images/stencil/1280x1280/products/18045/40448/WS231507_1__08152.1749137875.jpg?c=1,WS231507_1__08152.1749137875.jpg?c=1,,,Ragon800,WS231507_1__08152.1749137875.jpg?c=1
,,,,,,,,,,,,,,,,,,,,,,,,
EXCAVATOR ORNAMENT,WS227783,"Home|Holiday|Ornaments, Garland & Tree Toppers|EXCAVATOR ORNAMENT",,In-Stock: Ships in 5 to 14 days,,,,L: 3.50in W: 2in H: 2.75in,,6,$7.15 ,,,,,6,Ragon400,Ragon160,https://cdn11.bigcommerce.com/s-xvps74vl0m/images/stencil/1280x1280/products/12560/33037/WS227783_3__23365.1710521333.jpg?c=1,WS227783_3__23365.1710521333.jpg?c=1,,,Ragon800,WS227783_3__23365.1710521333.jpg?c=1
,,,,,,,,,,,,,,,,,,,,,,,,
"32"" LAVANDULA LEAF HANGING BUSH",G151055,"Home|Everyday|Florals|32"" LAVANDULA LEAF HANGING BUSH",,SOLD OUT,,,,L: 32in,,,$8.55 ,,,,,,Ragon400,Ragon160,https://cdn11.bigcommerce.com/s-xvps74vl0m/images/stencil/1280x1280/products/3024/35714/G151055_1__07396.1733863867.jpg?c=1,G151055_1__07396.1733863867.jpg?c=1,,,Ragon800,G151055_1__07396.1733863867.jpg?c=1
,,,,,,,,,,,,,,,,,,,,,,,,
"8"" CREAM SUNFLOWER PICK",G181153,"Home|Sale!|Everyday|8"" CREAM SUNFLOWER PICK",,In-Stock: Ships in 5 to 14 days,,,,L: 8in,,12,$2.50 ,,,,,12,Ragon400,Ragon160,https://cdn11.bigcommerce.com/s-xvps74vl0m/images/stencil/1280x1280/products/4903/35383/G181153_4__84406.1733863777.jpg?c=1,G181153_4__84406.1733863777.jpg?c=1,,,Ragon800,G181153_4__84406.1733863777.jpg?c=1
,,,,,,,,,,,,,,,,,,,,,,,,
LARGE AGED SILVER BEAD GARLAND,4128L,"Home|Holiday|Ornaments, Garland & Tree Toppers|LARGE AGED SILVER BEAD GARLAND","9'L, PE",Projected Summer 2025,,,,L: 9in,,6,$6.35 ,,,,,6,Ragon400,Ragon160,https://cdn11.bigcommerce.com/s-xvps74vl0m/images/stencil/1280x1280/products/2930/6189/4128L__33452.1626460177.jpg?c=1,4128L__33452.1626460177.jpg?c=1,,,Ragon800,4128L__33452.1626460177.jpg?c=1
,,,,,,,,,,,,,,,,,,,,,,,,
"12"" RUSTIC WOOD TROUGH",E226125,"Home|Everyday|Kitchen|12"" RUSTIC WOOD TROUGH",,In-Stock: Ships in 5 to 14 days,,,,L: 12in W: 6in H: 2.75in,,4,$13.75 ,,,,,4,Ragon400,Ragon160,https://cdn11.bigcommerce.com/s-xvps74vl0m/images/stencil/1280x1280/products/10634/29451/E226125_2__43446.1701963431.jpg?c=1,E226125_2__43446.1701963431.jpg?c=1,,,Ragon800,E226125_2__43446.1701963431.jpg?c=1
,,,,,,,,,,,,,,,,,,,,,,,,
SET/ 3 WINTER THEMED BUCKETS,BF215215,Home|Holiday|Tabletop & Misc.|SET/ 3 WINTER THEMED BUCKETS,"SM: 7.25""L X 6.5""W X 5.75""H
MD: 9""L X 8.5""W X 7.25""H
LG: 11""L X 10.25""W X 8""H",In-Stock: Ships in 5 to 14 days,,,,See Details tab,,4,$37.50 ,,,,,4,Ragon400,Ragon160,https://cdn11.bigcommerce.com/s-xvps74vl0m/images/stencil/1280x1280/products/8168/24056/BF215215_2__77082.1677257713.jpg?c=1,BF215215_2__77082.1677257713.jpg?c=1,,,Ragon800,BF215215_2__77082.1677257713.jpg?c=1
,,,,,,,,,,,,,,,,,,,,,,,,
VINTAGE LUMBERJACK CHECK CHARGER,WS221277,Home|Everyday|Kitchen|VINTAGE LUMBERJACK CHECK CHARGER,FOOD SAFE. DISHWASHER SAFE. TOP RACK ONLY. NOT FOR MICROWAVE OR OVEN USE.,In-Stock: Ships in 5 to 14 days,,,,L: 12in W: 12in,,4,$5.50 ,,,,,4,Ragon400,Ragon160,https://cdn11.bigcommerce.com/s-xvps74vl0m/images/stencil/1280x1280/products/10599/34025/WS221277_3__46729.1712868597.jpg?c=1,WS221277_3__46729.1712868597.jpg?c=1,,,Ragon800,WS221277_3__46729.1712868597.jpg?c=1
,,,,,,,,,,,,,,,,,,,,,,,,
"14"" WOODEN ARCHED LANTERN",E234680,"Home|Everyday|Lanterns, Lights & Hooks|14"" WOODEN ARCHED LANTERN",,In-Stock: Ships in 5 to 14 days,,,,L: 6.50in W: 6in H: 14in,,4,$27.50 ,,,,,4,Ragon400,Ragon160,https://cdn11.bigcommerce.com/s-xvps74vl0m/images/stencil/1280x1280/products/18299/39769/E234680_5__97961.1741631049.jpg?c=1,E234680_5__97961.1741631049.jpg?c=1,,,Ragon800,E234680_5__97961.1741631049.jpg?c=1
,,,,,,,,,,,,,,,,,,,,,,,,
"12"" NOELLE SNOWFLAKE",H237459,"Home|Holiday|Tabletop & Misc.|12"" NOELLE SNOWFLAKE","HANG HIEGHT: 23""
RIBBON HANGER",In-Stock: Ships in 5 to 14 days,,,,L: 12in W: 0.25in H: 13in,,4,$9.65 ,,,,,4,Ragon400,Ragon160,https://cdn11.bigcommerce.com/s-xvps74vl0m/images/stencil/1280x1280/products/17343/41515/H237459_2__00157.1749826509.jpg?c=1,H237459_2__00157.1749826509.jpg?c=1,,,Ragon800,H237459_2__00157.1749826509.jpg?c=1
,,,,,,,,,,,,,,,,,,,,,,,,
SET/ 3 WHITE GRASS WALL BASKETS,E226310,Home|Sale!|Everyday|SET/ 3 WHITE GRASS WALL BASKETS,"HANGING HEIGHT SM: 10.75"" | MD: 14.75"" | LG: 18.75""
SM: 3""L X 3""W X 7.75""H MD: 4.5""L X 4.5""W X 12""H LG: 6.25""L X 6.25""W X 16""H",In-Stock: Ships in 5 to 14 days,,,,See Details tab,,2,$35.25 ,,,,,2,Ragon400,Ragon160,https://cdn11.bigcommerce.com/s-xvps74vl0m/images/stencil/1280x1280/products/10685/29540/E226310_3__54917.1701963459.jpg?c=1,E226310_3__54917.1701963459.jpg?c=1,,,Ragon800,E226310_3__54917.1701963459.jpg?c=1
,,,,,,,,,,,,,,,,,,,,,,,,
RUSTIC BLACK WALL HOOKS,H237476,Home|Sale!|Everyday|RUSTIC BLACK WALL HOOKS,"6 HOOKS
2 SAWTOOTH HANGERS",In-Stock: Ships in 5 to 14 days,,,,L: 31.50in W: 4.50in H: 5.75in,,2,$35.25 ,,,,,2,Ragon400,Ragon160,https://cdn11.bigcommerce.com/s-xvps74vl0m/images/stencil/1280x1280/products/16337/36578/H237476_1__00245.1733943333.jpg?c=1,H237476_1__00245.1733943333.jpg?c=1,,,Ragon800,H237476_1__00245.1733943333.jpg?c=1
,,,,,,,,,,,,,,,,,,,,,,,,
"14.5"" YELLOW GERANIUM BUSH",G228456,"Home|Everyday|Florals|14.5"" YELLOW GERANIUM BUSH",,SOLD OUT,,,,L: 14.50in,,,$9.65 ,,,,,,Ragon400,Ragon160,https://cdn11.bigcommerce.com/s-xvps74vl0m/images/stencil/1280x1280/products/13794/35654/G228456_4__13776.1733863851.jpg?c=1,G228456_4__13776.1733863851.jpg?c=1,,,Ragon800,G228456_4__13776.1733863851.jpg?c=1
,,,,,,,,,,,,,,,,,,,,,,,,
"10"" FAWN VELVET TREE",WS221472,"Home|Holiday|Cabin & Lodge|10"" FAWN VELVET TREE",,In-Stock: Ships in 5 to 14 days,,,,L: 3.50in W: 3.50in H: 10in,,3,$20.50 ,,,,,3,Ragon400,Ragon160,https://cdn11.bigcommerce.com/s-xvps74vl0m/images/stencil/1280x1280/products/12307/32383/WS221472_3__29083.1708440897.jpg?c=1,WS221472_3__29083.1708440897.jpg?c=1,,,Ragon800,WS221472_3__29083.1708440897.jpg?c=1
,,,,,,,,,,,,,,,,,,,,,,,,
"5.5"" CREAM 3D FLAME FIR TREE CANDLE",NY239512,"Home|Flameless Candles|5.5"" CREAM 3D FLAME FIR TREE CANDLE","6 HR TIMER | ON/OFF BUTTON
REQUIRES 1 (CR2032) BATTERY, BATTERY INCLUDED.",In-Stock: Ships in 5 to 14 days,,,,L: 2.50in W: 2.50in H: 5.50in,,6,$5.25 ,,,,,6,Ragon400,Ragon160,https://cdn11.bigcommerce.com/s-xvps74vl0m/images/stencil/1280x1280/products/17698/41273/NY239512_3__68234.1749826455.jpg?c=1,NY239512_3__68234.1749826455.jpg?c=1,,,Ragon800,NY239512_3__68234.1749826455.jpg?c=1
