GIFT CERTIFICATE,GIFT CERTIFICATE,,,,,,,,,3,$60.00,,,,,3,Surfs400,Surfs160,No image.jpg,No image.jpg,,,Surfs800,No image.jpg,
PINK GRAPEFRUIT SURF SOAP,PINK GRAPEFRUIT SURF SOAP,,"🫧Lather up with our unique blend of Goat's Milk Soap and Oats for Exfoliation

🛁 This customer's favorite is a mix of grapefruit, orange zest, and a light musk for sweetness. A best seller!

🔹4 oz
🔹Made in the U.S.A.


*All Bath & Body Products Are Final Sale And Can Not Be Returned",,,,,,,3,$6.00,,,,,3,Surfs400,Surfs160,https://www.surfsupcandle.com/cdn/shop/products/IMG_7452.jpg?v=1680104308&width=2273,IMG_7452.jpg?v=1680104308&width=2273,,,Surfs800,IMG_7452.jpg?v=1680104308&width=2273,
SEAWEED PAINT CAN CANDLE - VINTAGE COLLECTION,SEAWEED PAINT CAN CANDLE - VINTAGE COLLECTION,,"😍This Oceanic fragrance with notes of salt-water, moss, and green herbs, will leave you feeling like you are standing right at the shoreline.

🏄🏽‍♀️Surf's Up candles are all natural soy wax, no dyes, paraffin, lead, or petroleum content

💫Hand Poured in Small Batches using custom created scents

🔥Features a cotton wick to ensure a smooth, clean burn

🔹Made in the U.S.A.

Available sizes👇🏽

▪️ Pint Candles are 16oz with 80-100 hours burn time
▪️ 1/2 Pint Candles are 8oz with 40-50 hours burn time
▪️ 1/4 Pint Candles are 4oz with 20-25hours burn time",,,,,16 oz Pint,,3,$26.00,,,,,3,Surfs400,Surfs160,https://www.surfsupcandle.com/cdn/shop/files/IMG_7003.jpg?v=1688417404&width=3024,IMG_7003.jpg?v=1688417404&width=3024,,,Surfs800,IMG_7003.jpg?v=1688417404&width=3024,
SEAWEED PAINT CAN CANDLE - VINTAGE COLLECTION,SEAWEED PAINT CAN CANDLE - VINTAGE COLLECTION,,"😍This Oceanic fragrance with notes of salt-water, moss, and green herbs, will leave you feeling like you are standing right at the shoreline.

🏄🏽‍♀️Surf's Up candles are all natural soy wax, no dyes, paraffin, lead, or petroleum content

💫Hand Poured in Small Batches using custom created scents

🔥Features a cotton wick to ensure a smooth, clean burn

🔹Made in the U.S.A.

Available sizes👇🏽

▪️ Pint Candles are 16oz with 80-100 hours burn time
▪️ 1/2 Pint Candles are 8oz with 40-50 hours burn time
▪️ 1/4 Pint Candles are 4oz with 20-25hours burn time",,,,,8 oz 1/2 Pint,,3,$19.00,,,,,3,Surfs400,Surfs160,https://www.surfsupcandle.com/cdn/shop/files/IMG_7001.jpg?v=1688417411&width=3024,IMG_7001.jpg?v=1688417411&width=3024,,,Surfs800,IMG_7001.jpg?v=1688417411&width=3024,
SEAWEED PAINT CAN CANDLE - VINTAGE COLLECTION,SEAWEED PAINT CAN CANDLE - VINTAGE COLLECTION,,"😍This Oceanic fragrance with notes of salt-water, moss, and green herbs, will leave you feeling like you are standing right at the shoreline.

🏄🏽‍♀️Surf's Up candles are all natural soy wax, no dyes, paraffin, lead, or petroleum content

💫Hand Poured in Small Batches using custom created scents

🔥Features a cotton wick to ensure a smooth, clean burn

🔹Made in the U.S.A.

Available sizes👇🏽

▪️ Pint Candles are 16oz with 80-100 hours burn time
▪️ 1/2 Pint Candles are 8oz with 40-50 hours burn time
▪️ 1/4 Pint Candles are 4oz with 20-25hours burn time",,,,,4 oz 1/4 Pint,,3,$12.00,,,,,3,Surfs400,Surfs160,https://www.surfsupcandle.com/cdn/shop/files/IMG_6999.jpg?v=1688417416&width=3024,IMG_6999.jpg?v=1688417416&width=3024,,,Surfs800,IMG_6999.jpg?v=1688417416&width=3024,
INDIAN SUMMER PAINT CAN CANDLE- VINTAGE COLLECTION,INDIAN SUMMER PAINT CAN CANDLE- VINTAGE COLLECTION,,"😍The perfect scent to remind you of warm days and fresh nights all in one. Indian Summer is a great blend of strawberries, green apples, and pears with hints of geranium, basil, oak and fresh greenery.

🏄🏽‍♀️Surf's Up candles are all natural soy wax, no dyes, paraffin, lead, or petroleum content

💫Hand Poured in Small Batches using custom created scents

🔥Features a cotton wick to ensure a smooth, clean burn

🔹Made in the U.S.A.

Available sizes👇🏽

▪️ Pint Candles are 16oz with 80-100 hours burn time
▪️ 1/2 Pint Candles are 8oz with 40-50 hours burn time
▪️ 1/4 Pint Candles are 4oz with 20-25hours burn time",,,,,16 oz Pint,,3,$26.00,,,,,3,Surfs400,Surfs160,https://www.surfsupcandle.com/cdn/shop/files/IMG_9603.jpg?v=1688402492&width=3023,IMG_9603.jpg?v=1688402492&width=3023,,,Surfs800,IMG_9603.jpg?v=1688402492&width=3023,
INDIAN SUMMER PAINT CAN CANDLE- VINTAGE COLLECTION,INDIAN SUMMER PAINT CAN CANDLE- VINTAGE COLLECTION,,"😍The perfect scent to remind you of warm days and fresh nights all in one. Indian Summer is a great blend of strawberries, green apples, and pears with hints of geranium, basil, oak and fresh greenery.

🏄🏽‍♀️Surf's Up candles are all natural soy wax, no dyes, paraffin, lead, or petroleum content

💫Hand Poured in Small Batches using custom created scents

🔥Features a cotton wick to ensure a smooth, clean burn

🔹Made in the U.S.A.

Available sizes👇🏽

▪️ Pint Candles are 16oz with 80-100 hours burn time
▪️ 1/2 Pint Candles are 8oz with 40-50 hours burn time
▪️ 1/4 Pint Candles are 4oz with 20-25hours burn time",,,,,8 oz 1/2 Pint,,3,$19.00,,,,,3,Surfs400,Surfs160,https://www.surfsupcandle.com/cdn/shop/files/IMG_9605.jpg?v=1688402492&width=3023,IMG_9605.jpg?v=1688402492&width=3023,,,Surfs800,IMG_9605.jpg?v=1688402492&width=3023,
INDIAN SUMMER PAINT CAN CANDLE- VINTAGE COLLECTION,INDIAN SUMMER PAINT CAN CANDLE- VINTAGE COLLECTION,,"😍The perfect scent to remind you of warm days and fresh nights all in one. Indian Summer is a great blend of strawberries, green apples, and pears with hints of geranium, basil, oak and fresh greenery.

🏄🏽‍♀️Surf's Up candles are all natural soy wax, no dyes, paraffin, lead, or petroleum content

💫Hand Poured in Small Batches using custom created scents

🔥Features a cotton wick to ensure a smooth, clean burn

🔹Made in the U.S.A.

Available sizes👇🏽

▪️ Pint Candles are 16oz with 80-100 hours burn time
▪️ 1/2 Pint Candles are 8oz with 40-50 hours burn time
▪️ 1/4 Pint Candles are 4oz with 20-25hours burn time",,,,,4 oz 1/4 Pint,,3,$12.00,,,,,3,Surfs400,Surfs160,https://www.surfsupcandle.com/cdn/shop/files/IMG_9606.jpg?v=1688402493&width=3023,IMG_9606.jpg?v=1688402493&width=3023,,,Surfs800,IMG_9606.jpg?v=1688402493&width=3023,
DEEP SEA PAINT CAN CANDLE - VINTAGE COLLECTION,DEEP SEA PAINT CAN CANDLE - VINTAGE COLLECTION,,"😍Our Deep Sea candle will bring the ocean right to you. A mix of citrus, violet, jasmine with hints of amber and sandalwood will have you reminiscing of the tides long after beach season is over.

🏄🏽‍♀️Surf's Up candles are all natural soy wax, no dyes, paraffin, lead, or petroleum content

💫Hand Poured in Small Batches using custom created scents

🔥Features a cotton wick to ensure a smooth, clean burn

🔹Made in the U.S.A.

Available sizes👇🏽

▪️ Pint Candles are 16oz with 80-100 hours burn time
▪️ 1/2 Pint Candles are 8oz with 40-50 hours burn time
▪️ 1/4 Pint Candles are 4oz with 20-25hours burn time",,,,,16 oz Pint,,3,$26.00,,,,,3,Surfs400,Surfs160,https://www.surfsupcandle.com/cdn/shop/files/IMG_7103.jpg?v=1688410258&width=3024,IMG_7103.jpg?v=1688410258&width=3024,,,Surfs800,IMG_7103.jpg?v=1688410258&width=3024,
DEEP SEA PAINT CAN CANDLE - VINTAGE COLLECTION,DEEP SEA PAINT CAN CANDLE - VINTAGE COLLECTION,,"😍Our Deep Sea candle will bring the ocean right to you. A mix of citrus, violet, jasmine with hints of amber and sandalwood will have you reminiscing of the tides long after beach season is over.

🏄🏽‍♀️Surf's Up candles are all natural soy wax, no dyes, paraffin, lead, or petroleum content

💫Hand Poured in Small Batches using custom created scents

🔥Features a cotton wick to ensure a smooth, clean burn

🔹Made in the U.S.A.

Available sizes👇🏽

▪️ Pint Candles are 16oz with 80-100 hours burn time
▪️ 1/2 Pint Candles are 8oz with 40-50 hours burn time
▪️ 1/4 Pint Candles are 4oz with 20-25hours burn time",,,,,8 oz 1/2 Pint,,3,$19.00,,,,,3,Surfs400,Surfs160,https://www.surfsupcandle.com/cdn/shop/files/IMG_7101.jpg?v=1688410271&width=3024,IMG_7101.jpg?v=1688410271&width=3024,,,Surfs800,IMG_7101.jpg?v=1688410271&width=3024,
DEEP SEA PAINT CAN CANDLE - VINTAGE COLLECTION,DEEP SEA PAINT CAN CANDLE - VINTAGE COLLECTION,,"😍Our Deep Sea candle will bring the ocean right to you. A mix of citrus, violet, jasmine with hints of amber and sandalwood will have you reminiscing of the tides long after beach season is over.

🏄🏽‍♀️Surf's Up candles are all natural soy wax, no dyes, paraffin, lead, or petroleum content

💫Hand Poured in Small Batches using custom created scents

🔥Features a cotton wick to ensure a smooth, clean burn

🔹Made in the U.S.A.

Available sizes👇🏽

▪️ Pint Candles are 16oz with 80-100 hours burn time
▪️ 1/2 Pint Candles are 8oz with 40-50 hours burn time
▪️ 1/4 Pint Candles are 4oz with 20-25hours burn time",,,,,4 oz 1/4 Pint,,3,$12.00,,,,,3,Surfs400,Surfs160,https://www.surfsupcandle.com/cdn/shop/files/IMG_7100.jpg?v=1688410273&width=3024,IMG_7100.jpg?v=1688410273&width=3024,,,Surfs800,IMG_7100.jpg?v=1688410273&width=3024,
ISLAND MOON PAINT CAN CANDLE - VINTAGE COLLECTION,ISLAND MOON PAINT CAN CANDLE - VINTAGE COLLECTION,,"😍You will be transported seaside every time you smell Island Moon. A mix of fresh lemon and rosewater mixed with floral scents and hints of lavender, lily, and amber.

🏄🏽‍♀️Surf's Up candles are all natural soy wax, no dyes, paraffin, lead, or petroleum content

💫Hand Poured in Small Batches using custom created scents

🔥Features a cotton wick to ensure a smooth, clean burn

🔹Made in the U.S.A.

Available sizes👇🏽

▪️ Pint Candles are 16oz with 80-100 hours burn time
▪️ 1/2 Pint Candles are 8oz with 40-50 hours burn time
▪️ 1/4 Pint Candles are 4oz with 20-25hours burn time",,,,,16 oz Pint,,3,$26.00,,,,,3,Surfs400,Surfs160,https://www.surfsupcandle.com/cdn/shop/products/IMG_7344.jpg?v=1679668616&width=2962,IMG_7344.jpg?v=1679668616&width=2962,,,Surfs800,IMG_7344.jpg?v=1679668616&width=2962,
ISLAND MOON PAINT CAN CANDLE - VINTAGE COLLECTION,ISLAND MOON PAINT CAN CANDLE - VINTAGE COLLECTION,,"😍You will be transported seaside every time you smell Island Moon. A mix of fresh lemon and rosewater mixed with floral scents and hints of lavender, lily, and amber.

🏄🏽‍♀️Surf's Up candles are all natural soy wax, no dyes, paraffin, lead, or petroleum content

💫Hand Poured in Small Batches using custom created scents

🔥Features a cotton wick to ensure a smooth, clean burn

🔹Made in the U.S.A.

Available sizes👇🏽

▪️ Pint Candles are 16oz with 80-100 hours burn time
▪️ 1/2 Pint Candles are 8oz with 40-50 hours burn time
▪️ 1/4 Pint Candles are 4oz with 20-25hours burn time",,,,,8 oz 1/2 Pint,,3,$19.00,,,,,3,Surfs400,Surfs160,https://www.surfsupcandle.com/cdn/shop/products/IMG_7347_6e33161d-02d7-4e47-b0f4-7b3ba4fd7ba6.jpg?v=1679668616&width=2790,IMG_7347_6e33161d-02d7-4e47-b0f4-7b3ba4fd7ba6.jpg?v=1679668616&width=2790,,,Surfs800,IMG_7347_6e33161d-02d7-4e47-b0f4-7b3ba4fd7ba6.jpg?v=1679668616&width=2790,
ISLAND MOON PAINT CAN CANDLE - VINTAGE COLLECTION,ISLAND MOON PAINT CAN CANDLE - VINTAGE COLLECTION,,"😍You will be transported seaside every time you smell Island Moon. A mix of fresh lemon and rosewater mixed with floral scents and hints of lavender, lily, and amber.

🏄🏽‍♀️Surf's Up candles are all natural soy wax, no dyes, paraffin, lead, or petroleum content

💫Hand Poured in Small Batches using custom created scents

🔥Features a cotton wick to ensure a smooth, clean burn

🔹Made in the U.S.A.

Available sizes👇🏽

▪️ Pint Candles are 16oz with 80-100 hours burn time
▪️ 1/2 Pint Candles are 8oz with 40-50 hours burn time
▪️ 1/4 Pint Candles are 4oz with 20-25hours burn time",,,,,4 oz 1/4 Pint,,3,$12.00,,,,,3,Surfs400,Surfs160,https://www.surfsupcandle.com/cdn/shop/products/IMG_7346.jpg?v=1679668615&width=2610,IMG_7346.jpg?v=1679668615&width=2610,,,Surfs800,IMG_7346.jpg?v=1679668615&width=2610,
BERGAMOT TEA PAINT CAN CANDLE - VINTAGE COLLECTION,BERGAMOT TEA PAINT CAN CANDLE - VINTAGE COLLECTION,,"😍This scent is our perfect rendition on tea! Reminding you of the italian countryside this scent carries with it a sense of freshness highlighted by the fresh bergamot, rose, violet tea leaves, and dried lily.

🏄🏽‍♀️Surf's Up candles are all natural soy wax, no dyes, paraffin, lead, or petroleum content

💫Hand Poured in Small Batches using custom created scents

🔥Features a cotton wick to ensure a smooth, clean burn

🔹Made in the U.S.A.

Available sizes👇🏽

▪️ Pint Candles are 16oz with 80-100 hours burn time
▪️ 1/2 Pint Candles are 8oz with 40-50 hours burn time
▪️ 1/4 Pint Candles are 4oz with 20-25hours burn time",,,,,16 oz Pint,,3,$26.00,,,,,3,Surfs400,Surfs160,https://www.surfsupcandle.com/cdn/shop/products/IMG_7167.jpg?v=1679512793&width=2962,IMG_7167.jpg?v=1679512793&width=2962,,,Surfs800,IMG_7167.jpg?v=1679512793&width=2962,
BERGAMOT TEA PAINT CAN CANDLE - VINTAGE COLLECTION,BERGAMOT TEA PAINT CAN CANDLE - VINTAGE COLLECTION,,"😍This scent is our perfect rendition on tea! Reminding you of the italian countryside this scent carries with it a sense of freshness highlighted by the fresh bergamot, rose, violet tea leaves, and dried lily.

🏄🏽‍♀️Surf's Up candles are all natural soy wax, no dyes, paraffin, lead, or petroleum content

💫Hand Poured in Small Batches using custom created scents

🔥Features a cotton wick to ensure a smooth, clean burn

🔹Made in the U.S.A.

Available sizes👇🏽

▪️ Pint Candles are 16oz with 80-100 hours burn time
▪️ 1/2 Pint Candles are 8oz with 40-50 hours burn time
▪️ 1/4 Pint Candles are 4oz with 20-25hours burn time",,,,,8 oz 1/2 Pint,,3,$19.00,,,,,3,Surfs400,Surfs160,https://www.surfsupcandle.com/cdn/shop/products/IMG_7169.jpg?v=1679512816&width=2692,IMG_7169.jpg?v=1679512816&width=2692,,,Surfs800,IMG_7169.jpg?v=1679512816&width=2692,
BERGAMOT TEA PAINT CAN CANDLE - VINTAGE COLLECTION,BERGAMOT TEA PAINT CAN CANDLE - VINTAGE COLLECTION,,"😍This scent is our perfect rendition on tea! Reminding you of the italian countryside this scent carries with it a sense of freshness highlighted by the fresh bergamot, rose, violet tea leaves, and dried lily.

🏄🏽‍♀️Surf's Up candles are all natural soy wax, no dyes, paraffin, lead, or petroleum content

💫Hand Poured in Small Batches using custom created scents

🔥Features a cotton wick to ensure a smooth, clean burn

🔹Made in the U.S.A.

Available sizes👇🏽

▪️ Pint Candles are 16oz with 80-100 hours burn time
▪️ 1/2 Pint Candles are 8oz with 40-50 hours burn time
▪️ 1/4 Pint Candles are 4oz with 20-25hours burn time",,,,,4 oz 1/4 Pint,,3,$12.00,,,,,3,Surfs400,Surfs160,https://www.surfsupcandle.com/cdn/shop/products/IMG_7177.jpg?v=1679670207&width=2965,IMG_7177.jpg?v=1679670207&width=2965,,,Surfs800,IMG_7177.jpg?v=1679670207&width=2965,
ISLAND MOON MASON JAR CANDLE - ORIGINAL COLLECTION,ISLAND MOON MASON JAR CANDLE - ORIGINAL COLLECTION,,"😍You will be transported seaside every time you smell Island Moon. A mix of fresh lemon and rosewater mixed with floral scents and hints of lavender, lily, and amber.

🏄🏽‍♀️Surf's Up candles are all natural soy wax, no dyes, paraffin, lead, or petroleum content

💫Hand Poured in Small Batches using custom created scents

🔥Features a cotton wick to ensure a smooth, clean burn

🔹Made in the U.S.A.

Available sizes👇🏽

▪️ Jumbo: 26oz Reusable Mason Jar with an approximate 140 hour burn time
▪️ Large: 16oz Reusable Mason Jar with an approximate 80 hour burn time
▪️ Medium: 8oz Reusable Mason Jar with an approximate 60 hour burn time
▪️ Mini: 4oz Reusable Mason Jar with an approxiamate 20 hour burn time
▪️ Wax Melt: 2oz",,,,,26 oz Jumbo,,3,$36.00,,,,,3,Surfs400,Surfs160,https://www.surfsupcandle.com/cdn/shop/products/IMG_7031_535aad15-6bda-46e2-8987-9f6c1718087a.jpg?v=1679092232&width=2962,IMG_7031_535aad15-6bda-46e2-8987-9f6c1718087a.jpg?v=1679092232&width=2962,,,Surfs800,IMG_7031_535aad15-6bda-46e2-8987-9f6c1718087a.jpg?v=1679092232&width=2962,
ISLAND MOON MASON JAR CANDLE - ORIGINAL COLLECTION,ISLAND MOON MASON JAR CANDLE - ORIGINAL COLLECTION,,"😍You will be transported seaside every time you smell Island Moon. A mix of fresh lemon and rosewater mixed with floral scents and hints of lavender, lily, and amber.

🏄🏽‍♀️Surf's Up candles are all natural soy wax, no dyes, paraffin, lead, or petroleum content

💫Hand Poured in Small Batches using custom created scents

🔥Features a cotton wick to ensure a smooth, clean burn

🔹Made in the U.S.A.

Available sizes👇🏽

▪️ Jumbo: 26oz Reusable Mason Jar with an approximate 140 hour burn time
▪️ Large: 16oz Reusable Mason Jar with an approximate 80 hour burn time
▪️ Medium: 8oz Reusable Mason Jar with an approximate 60 hour burn time
▪️ Mini: 4oz Reusable Mason Jar with an approxiamate 20 hour burn time
▪️ Wax Melt: 2oz",,,,,16 oz Large,,3,$24.00,,,,,3,Surfs400,Surfs160,https://www.surfsupcandle.com/cdn/shop/products/IMG_7028.jpg?v=1679092249&width=2962,IMG_7028.jpg?v=1679092249&width=2962,,,Surfs800,IMG_7028.jpg?v=1679092249&width=2962,
ISLAND MOON MASON JAR CANDLE - ORIGINAL COLLECTION,ISLAND MOON MASON JAR CANDLE - ORIGINAL COLLECTION,,"😍You will be transported seaside every time you smell Island Moon. A mix of fresh lemon and rosewater mixed with floral scents and hints of lavender, lily, and amber.

🏄🏽‍♀️Surf's Up candles are all natural soy wax, no dyes, paraffin, lead, or petroleum content

💫Hand Poured in Small Batches using custom created scents

🔥Features a cotton wick to ensure a smooth, clean burn

🔹Made in the U.S.A.

Available sizes👇🏽

▪️ Jumbo: 26oz Reusable Mason Jar with an approximate 140 hour burn time
▪️ Large: 16oz Reusable Mason Jar with an approximate 80 hour burn time
▪️ Medium: 8oz Reusable Mason Jar with an approximate 60 hour burn time
▪️ Mini: 4oz Reusable Mason Jar with an approxiamate 20 hour burn time
▪️ Wax Melt: 2oz",,,,,8 oz Medium,,3,$18.00,,,,,3,Surfs400,Surfs160,https://www.surfsupcandle.com/cdn/shop/products/IMG_7029.jpg?v=1679092267&width=2962,IMG_7029.jpg?v=1679092267&width=2962,,,Surfs800,IMG_7029.jpg?v=1679092267&width=2962,
ISLAND MOON MASON JAR CANDLE - ORIGINAL COLLECTION,ISLAND MOON MASON JAR CANDLE - ORIGINAL COLLECTION,,"😍You will be transported seaside every time you smell Island Moon. A mix of fresh lemon and rosewater mixed with floral scents and hints of lavender, lily, and amber.

🏄🏽‍♀️Surf's Up candles are all natural soy wax, no dyes, paraffin, lead, or petroleum content

💫Hand Poured in Small Batches using custom created scents

🔥Features a cotton wick to ensure a smooth, clean burn

🔹Made in the U.S.A.

Available sizes👇🏽

▪️ Jumbo: 26oz Reusable Mason Jar with an approximate 140 hour burn time
▪️ Large: 16oz Reusable Mason Jar with an approximate 80 hour burn time
▪️ Medium: 8oz Reusable Mason Jar with an approximate 60 hour burn time
▪️ Mini: 4oz Reusable Mason Jar with an approxiamate 20 hour burn time
▪️ Wax Melt: 2oz",,,,,4 oz Mini,,3,$10.00,,,,,3,Surfs400,Surfs160,https://www.surfsupcandle.com/cdn/shop/products/IMG_7027_b02e60a2-c519-4d2b-8480-d162a66fd0ef.jpg?v=1679092279&width=2962,IMG_7027_b02e60a2-c519-4d2b-8480-d162a66fd0ef.jpg?v=1679092279&width=2962,,,Surfs800,IMG_7027_b02e60a2-c519-4d2b-8480-d162a66fd0ef.jpg?v=1679092279&width=2962,
ISLAND MOON MASON JAR CANDLE - ORIGINAL COLLECTION,ISLAND MOON MASON JAR CANDLE - ORIGINAL COLLECTION,,"😍You will be transported seaside every time you smell Island Moon. A mix of fresh lemon and rosewater mixed with floral scents and hints of lavender, lily, and amber.

🏄🏽‍♀️Surf's Up candles are all natural soy wax, no dyes, paraffin, lead, or petroleum content

💫Hand Poured in Small Batches using custom created scents

🔥Features a cotton wick to ensure a smooth, clean burn

🔹Made in the U.S.A.

Available sizes👇🏽

▪️ Jumbo: 26oz Reusable Mason Jar with an approximate 140 hour burn time
▪️ Large: 16oz Reusable Mason Jar with an approximate 80 hour burn time
▪️ Medium: 8oz Reusable Mason Jar with an approximate 60 hour burn time
▪️ Mini: 4oz Reusable Mason Jar with an approxiamate 20 hour burn time
▪️ Wax Melt: 2oz",,,,,Wax Melt,,3,$6.00,,,,,3,Surfs400,Surfs160,https://www.surfsupcandle.com/cdn/shop/products/IMG_7030_6e1b49d9-6fba-4ff5-bfa3-cf5e8fb2d809.jpg?v=1679092298&width=2962,IMG_7030_6e1b49d9-6fba-4ff5-bfa3-cf5e8fb2d809.jpg?v=1679092298&width=2962,,,Surfs800,IMG_7030_6e1b49d9-6fba-4ff5-bfa3-cf5e8fb2d809.jpg?v=1679092298&width=2962,
INDIAN SUMMER MASON JAR CANDLE - ORIGINAL COLLECTION,INDIAN SUMMER MASON JAR CANDLE - ORIGINAL COLLECTION,,"😍The perfect scent to remind you of warm days and fresh nights all in one. Indian Summer is a great blend of strawberries, green apples, and pears with hints of geranium, basil, oak and fresh greenery.

🏄🏽‍♀️Surf's Up candles are all natural soy wax, no dyes, paraffin, lead, or petroleum content

💫Hand Poured in Small Batches using custom created scents

🔥Features a cotton wick to ensure a smooth, clean burn

🔹Made in the U.S.A.

Available sizes👇🏽

▪️ Jumbo: 26oz Reusable Mason Jar with an approximate 140 hour burn time
▪️ Large: 16oz Reusable Mason Jar with an approximate 80 hour burn time
▪️ Medium: 8oz Reusable Mason Jar with an approximate 60 hour burn time
▪️ Mini: 4oz Reusable Mason Jar with an approxiamate 20 hour burn time
▪️ Wax Melt: 2oz",,,,,26 oz Jumbo,,3,$36.00,,,,,3,Surfs400,Surfs160,https://www.surfsupcandle.com/cdn/shop/files/image_a95af31b-9de8-4e48-a5ec-79536442a8f0.jpg?v=1682950875&width=3023,image_a95af31b-9de8-4e48-a5ec-79536442a8f0.jpg?v=1682950875&width=3023,,,Surfs800,image_a95af31b-9de8-4e48-a5ec-79536442a8f0.jpg?v=1682950875&width=3023,
INDIAN SUMMER MASON JAR CANDLE - ORIGINAL COLLECTION,INDIAN SUMMER MASON JAR CANDLE - ORIGINAL COLLECTION,,"😍The perfect scent to remind you of warm days and fresh nights all in one. Indian Summer is a great blend of strawberries, green apples, and pears with hints of geranium, basil, oak and fresh greenery.

🏄🏽‍♀️Surf's Up candles are all natural soy wax, no dyes, paraffin, lead, or petroleum content

💫Hand Poured in Small Batches using custom created scents

🔥Features a cotton wick to ensure a smooth, clean burn

🔹Made in the U.S.A.

Available sizes👇🏽

▪️ Jumbo: 26oz Reusable Mason Jar with an approximate 140 hour burn time
▪️ Large: 16oz Reusable Mason Jar with an approximate 80 hour burn time
▪️ Medium: 8oz Reusable Mason Jar with an approximate 60 hour burn time
▪️ Mini: 4oz Reusable Mason Jar with an approxiamate 20 hour burn time
▪️ Wax Melt: 2oz",,,,,16 oz Large,,3,$24.00,,,,,3,Surfs400,Surfs160,https://www.surfsupcandle.com/cdn/shop/files/image_f34782c9-77c0-49d3-ab1d-95c56ce3140e.jpg?v=1682950957&width=3023,image_f34782c9-77c0-49d3-ab1d-95c56ce3140e.jpg?v=1682950957&width=3023,,,Surfs800,image_f34782c9-77c0-49d3-ab1d-95c56ce3140e.jpg?v=1682950957&width=3023,
INDIAN SUMMER MASON JAR CANDLE - ORIGINAL COLLECTION,INDIAN SUMMER MASON JAR CANDLE - ORIGINAL COLLECTION,,"😍The perfect scent to remind you of warm days and fresh nights all in one. Indian Summer is a great blend of strawberries, green apples, and pears with hints of geranium, basil, oak and fresh greenery.

🏄🏽‍♀️Surf's Up candles are all natural soy wax, no dyes, paraffin, lead, or petroleum content

💫Hand Poured in Small Batches using custom created scents

🔥Features a cotton wick to ensure a smooth, clean burn

🔹Made in the U.S.A.

Available sizes👇🏽

▪️ Jumbo: 26oz Reusable Mason Jar with an approximate 140 hour burn time
▪️ Large: 16oz Reusable Mason Jar with an approximate 80 hour burn time
▪️ Medium: 8oz Reusable Mason Jar with an approximate 60 hour burn time
▪️ Mini: 4oz Reusable Mason Jar with an approxiamate 20 hour burn time
▪️ Wax Melt: 2oz",,,,,8 oz Medium,,3,$18.00,,,,,3,Surfs400,Surfs160,https://www.surfsupcandle.com/cdn/shop/files/image_b2593de6-daef-438a-a1df-b4ae07372210.jpg?v=1682950984&width=3023,image_b2593de6-daef-438a-a1df-b4ae07372210.jpg?v=1682950984&width=3023,,,Surfs800,image_b2593de6-daef-438a-a1df-b4ae07372210.jpg?v=1682950984&width=3023,
INDIAN SUMMER MASON JAR CANDLE - ORIGINAL COLLECTION,INDIAN SUMMER MASON JAR CANDLE - ORIGINAL COLLECTION,,"😍The perfect scent to remind you of warm days and fresh nights all in one. Indian Summer is a great blend of strawberries, green apples, and pears with hints of geranium, basil, oak and fresh greenery.

🏄🏽‍♀️Surf's Up candles are all natural soy wax, no dyes, paraffin, lead, or petroleum content

💫Hand Poured in Small Batches using custom created scents

🔥Features a cotton wick to ensure a smooth, clean burn

🔹Made in the U.S.A.

Available sizes👇🏽

▪️ Jumbo: 26oz Reusable Mason Jar with an approximate 140 hour burn time
▪️ Large: 16oz Reusable Mason Jar with an approximate 80 hour burn time
▪️ Medium: 8oz Reusable Mason Jar with an approximate 60 hour burn time
▪️ Mini: 4oz Reusable Mason Jar with an approxiamate 20 hour burn time
▪️ Wax Melt: 2oz",,,,,4 oz Mini,,3,$10.00,,,,,3,Surfs400,Surfs160,https://www.surfsupcandle.com/cdn/shop/files/image_748914c3-c9e0-44dd-911e-d8babe48ec02.jpg?v=1682950984&width=3023,image_748914c3-c9e0-44dd-911e-d8babe48ec02.jpg?v=1682950984&width=3023,,,Surfs800,image_748914c3-c9e0-44dd-911e-d8babe48ec02.jpg?v=1682950984&width=3023,
INDIAN SUMMER MASON JAR CANDLE - ORIGINAL COLLECTION,INDIAN SUMMER MASON JAR CANDLE - ORIGINAL COLLECTION,,"😍The perfect scent to remind you of warm days and fresh nights all in one. Indian Summer is a great blend of strawberries, green apples, and pears with hints of geranium, basil, oak and fresh greenery.

🏄🏽‍♀️Surf's Up candles are all natural soy wax, no dyes, paraffin, lead, or petroleum content

💫Hand Poured in Small Batches using custom created scents

🔥Features a cotton wick to ensure a smooth, clean burn

🔹Made in the U.S.A.

Available sizes👇🏽

▪️ Jumbo: 26oz Reusable Mason Jar with an approximate 140 hour burn time
▪️ Large: 16oz Reusable Mason Jar with an approximate 80 hour burn time
▪️ Medium: 8oz Reusable Mason Jar with an approximate 60 hour burn time
▪️ Mini: 4oz Reusable Mason Jar with an approxiamate 20 hour burn time
▪️ Wax Melt: 2oz",,,,,Wax Melt,,3,$6.00,,,,,3,Surfs400,Surfs160,https://www.surfsupcandle.com/cdn/shop/files/image_1d5b61f2-987e-482a-a389-39867dab7113.jpg?v=1682950984&width=3023,image_1d5b61f2-987e-482a-a389-39867dab7113.jpg?v=1682950984&width=3023,,,Surfs800,image_1d5b61f2-987e-482a-a389-39867dab7113.jpg?v=1682950984&width=3023,
DEEP SEA MASON JAR CANDLE - ORIGINAL COLLECTION,DEEP SEA MASON JAR CANDLE - ORIGINAL COLLECTION,,"😍Our Deep Sea candle will bring the ocean right to you. A mix of citrus, violet, jasmine with hints of amber and sandalwood will have you reminiscing of the tides long after beach season is over.

🏄🏽‍♀️Surf's Up candles are all natural soy wax, no dyes, paraffin, lead, or petroleum content

💫Hand Poured in Small Batches using custom created scents

🔥Features a cotton wick to ensure a smooth, clean burn

🔹Made in the U.S.A.

Available sizes👇🏽

▪️ Jumbo: 26oz Reusable Mason Jar with an approximate 140 hour burn time
▪️ Large: 16oz Reusable Mason Jar with an approximate 80 hour burn time
▪️ Medium: 8oz Reusable Mason Jar with an approximate 60 hour burn time
▪️ Mini: 4oz Reusable Mason Jar with an approxiamate 20 hour burn time
▪️ Wax Melt: 2oz",,,,,26 oz Jumbo,,3,$36.00,,,,,3,Surfs400,Surfs160,https://www.surfsupcandle.com/cdn/shop/products/IMG_7914.jpg?v=1681920839&width=3023,IMG_7914.jpg?v=1681920839&width=3023,,,Surfs800,IMG_7914.jpg?v=1681920839&width=3023,
DEEP SEA MASON JAR CANDLE - ORIGINAL COLLECTION,DEEP SEA MASON JAR CANDLE - ORIGINAL COLLECTION,,"😍Our Deep Sea candle will bring the ocean right to you. A mix of citrus, violet, jasmine with hints of amber and sandalwood will have you reminiscing of the tides long after beach season is over.

🏄🏽‍♀️Surf's Up candles are all natural soy wax, no dyes, paraffin, lead, or petroleum content

💫Hand Poured in Small Batches using custom created scents

🔥Features a cotton wick to ensure a smooth, clean burn

🔹Made in the U.S.A.

Available sizes👇🏽

▪️ Jumbo: 26oz Reusable Mason Jar with an approximate 140 hour burn time
▪️ Large: 16oz Reusable Mason Jar with an approximate 80 hour burn time
▪️ Medium: 8oz Reusable Mason Jar with an approximate 60 hour burn time
▪️ Mini: 4oz Reusable Mason Jar with an approxiamate 20 hour burn time
▪️ Wax Melt: 2oz",,,,,16 oz Large,,3,$24.00,,,,,3,Surfs400,Surfs160,https://www.surfsupcandle.com/cdn/shop/products/IMG_7910.jpg?v=1681920841&width=3023,IMG_7910.jpg?v=1681920841&width=3023,,,Surfs800,IMG_7910.jpg?v=1681920841&width=3023,
DEEP SEA MASON JAR CANDLE - ORIGINAL COLLECTION,DEEP SEA MASON JAR CANDLE - ORIGINAL COLLECTION,,"😍Our Deep Sea candle will bring the ocean right to you. A mix of citrus, violet, jasmine with hints of amber and sandalwood will have you reminiscing of the tides long after beach season is over.

🏄🏽‍♀️Surf's Up candles are all natural soy wax, no dyes, paraffin, lead, or petroleum content

💫Hand Poured in Small Batches using custom created scents

🔥Features a cotton wick to ensure a smooth, clean burn

🔹Made in the U.S.A.

Available sizes👇🏽

▪️ Jumbo: 26oz Reusable Mason Jar with an approximate 140 hour burn time
▪️ Large: 16oz Reusable Mason Jar with an approximate 80 hour burn time
▪️ Medium: 8oz Reusable Mason Jar with an approximate 60 hour burn time
▪️ Mini: 4oz Reusable Mason Jar with an approxiamate 20 hour burn time
▪️ Wax Melt: 2oz",,,,,8 oz Medium,,3,$18.00,,,,,3,Surfs400,Surfs160,https://www.surfsupcandle.com/cdn/shop/products/IMG_7911.jpg?v=1681920843&width=3023,IMG_7911.jpg?v=1681920843&width=3023,,,Surfs800,IMG_7911.jpg?v=1681920843&width=3023,
DEEP SEA MASON JAR CANDLE - ORIGINAL COLLECTION,DEEP SEA MASON JAR CANDLE - ORIGINAL COLLECTION,,"😍Our Deep Sea candle will bring the ocean right to you. A mix of citrus, violet, jasmine with hints of amber and sandalwood will have you reminiscing of the tides long after beach season is over.

🏄🏽‍♀️Surf's Up candles are all natural soy wax, no dyes, paraffin, lead, or petroleum content

💫Hand Poured in Small Batches using custom created scents

🔥Features a cotton wick to ensure a smooth, clean burn

🔹Made in the U.S.A.

Available sizes👇🏽

▪️ Jumbo: 26oz Reusable Mason Jar with an approximate 140 hour burn time
▪️ Large: 16oz Reusable Mason Jar with an approximate 80 hour burn time
▪️ Medium: 8oz Reusable Mason Jar with an approximate 60 hour burn time
▪️ Mini: 4oz Reusable Mason Jar with an approxiamate 20 hour burn time
▪️ Wax Melt: 2oz",,,,,4 oz Mini,,3,$10.00,,,,,3,Surfs400,Surfs160,https://www.surfsupcandle.com/cdn/shop/products/IMG_7912.jpg?v=1681920843&width=3023,IMG_7912.jpg?v=1681920843&width=3023,,,Surfs800,IMG_7912.jpg?v=1681920843&width=3023,
DEEP SEA MASON JAR CANDLE - ORIGINAL COLLECTION,DEEP SEA MASON JAR CANDLE - ORIGINAL COLLECTION,,"😍Our Deep Sea candle will bring the ocean right to you. A mix of citrus, violet, jasmine with hints of amber and sandalwood will have you reminiscing of the tides long after beach season is over.

🏄🏽‍♀️Surf's Up candles are all natural soy wax, no dyes, paraffin, lead, or petroleum content

💫Hand Poured in Small Batches using custom created scents

🔥Features a cotton wick to ensure a smooth, clean burn

🔹Made in the U.S.A.

Available sizes👇🏽

▪️ Jumbo: 26oz Reusable Mason Jar with an approximate 140 hour burn time
▪️ Large: 16oz Reusable Mason Jar with an approximate 80 hour burn time
▪️ Medium: 8oz Reusable Mason Jar with an approximate 60 hour burn time
▪️ Mini: 4oz Reusable Mason Jar with an approxiamate 20 hour burn time
▪️ Wax Melt: 2oz",,,,,Wax Melt,,3,$6.00,,,,,3,Surfs400,Surfs160,https://www.surfsupcandle.com/cdn/shop/products/IMG_7913.jpg?v=1681920845&width=3023,IMG_7913.jpg?v=1681920845&width=3023,,,Surfs800,IMG_7913.jpg?v=1681920845&width=3023,
BERGAMOT TEA MASON JAR CANDLE - ORIGINAL COLLECTION,BERGAMOT TEA MASON JAR CANDLE - ORIGINAL COLLECTION,,"😍This scent is our perfect rendition on tea! Reminding you of the italian countryside this scent carries with it a sense of freshness highlighted by the fresh bergamot, rose, violet tea leaves, and dried lily.

🏄🏽‍♀️Surf's Up candles are all natural soy wax, no dyes, paraffin, lead, or petroleum content

💫Hand Poured in Small Batches using custom created scents

🔥Features a cotton wick to ensure a smooth, clean burn

🔹Made in the U.S.A.

Available sizes👇🏽

▪️ Jumbo: 26oz Reusable Mason Jar with an approximate 140 hour burn time
▪️ Large: 16oz Reusable Mason Jar with an approximate 80 hour burn time
▪️ Medium: 8oz Reusable Mason Jar with an approximate 60 hour burn time
▪️ Mini: 4oz Reusable Mason Jar with an approxiamate 20 hour burn time
▪️ Wax Melt: 2oz",,,,,26 oz Jumbo,,3,$36.00,,,,,3,Surfs400,Surfs160,https://www.surfsupcandle.com/cdn/shop/products/IMG_7901.jpg?v=1681920069&width=3023,IMG_7901.jpg?v=1681920069&width=3023,,,Surfs800,IMG_7901.jpg?v=1681920069&width=3023,
BERGAMOT TEA MASON JAR CANDLE - ORIGINAL COLLECTION,BERGAMOT TEA MASON JAR CANDLE - ORIGINAL COLLECTION,,"😍This scent is our perfect rendition on tea! Reminding you of the italian countryside this scent carries with it a sense of freshness highlighted by the fresh bergamot, rose, violet tea leaves, and dried lily.

🏄🏽‍♀️Surf's Up candles are all natural soy wax, no dyes, paraffin, lead, or petroleum content

💫Hand Poured in Small Batches using custom created scents

🔥Features a cotton wick to ensure a smooth, clean burn

🔹Made in the U.S.A.

Available sizes👇🏽

▪️ Jumbo: 26oz Reusable Mason Jar with an approximate 140 hour burn time
▪️ Large: 16oz Reusable Mason Jar with an approximate 80 hour burn time
▪️ Medium: 8oz Reusable Mason Jar with an approximate 60 hour burn time
▪️ Mini: 4oz Reusable Mason Jar with an approxiamate 20 hour burn time
▪️ Wax Melt: 2oz",,,,,16 oz Large,,3,$24.00,,,,,3,Surfs400,Surfs160,https://www.surfsupcandle.com/cdn/shop/products/IMG_7902.jpg?v=1681920071&width=3023,IMG_7902.jpg?v=1681920071&width=3023,,,Surfs800,IMG_7902.jpg?v=1681920071&width=3023,
BERGAMOT TEA MASON JAR CANDLE - ORIGINAL COLLECTION,BERGAMOT TEA MASON JAR CANDLE - ORIGINAL COLLECTION,,"😍This scent is our perfect rendition on tea! Reminding you of the italian countryside this scent carries with it a sense of freshness highlighted by the fresh bergamot, rose, violet tea leaves, and dried lily.

🏄🏽‍♀️Surf's Up candles are all natural soy wax, no dyes, paraffin, lead, or petroleum content

💫Hand Poured in Small Batches using custom created scents

🔥Features a cotton wick to ensure a smooth, clean burn

🔹Made in the U.S.A.

Available sizes👇🏽

▪️ Jumbo: 26oz Reusable Mason Jar with an approximate 140 hour burn time
▪️ Large: 16oz Reusable Mason Jar with an approximate 80 hour burn time
▪️ Medium: 8oz Reusable Mason Jar with an approximate 60 hour burn time
▪️ Mini: 4oz Reusable Mason Jar with an approxiamate 20 hour burn time
▪️ Wax Melt: 2oz",,,,,8 oz Medium,,3,$18.00,,,,,3,Surfs400,Surfs160,https://www.surfsupcandle.com/cdn/shop/products/IMG_7903.jpg?v=1681920072&width=3023,IMG_7903.jpg?v=1681920072&width=3023,,,Surfs800,IMG_7903.jpg?v=1681920072&width=3023,
BERGAMOT TEA MASON JAR CANDLE - ORIGINAL COLLECTION,BERGAMOT TEA MASON JAR CANDLE - ORIGINAL COLLECTION,,"😍This scent is our perfect rendition on tea! Reminding you of the italian countryside this scent carries with it a sense of freshness highlighted by the fresh bergamot, rose, violet tea leaves, and dried lily.

🏄🏽‍♀️Surf's Up candles are all natural soy wax, no dyes, paraffin, lead, or petroleum content

💫Hand Poured in Small Batches using custom created scents

🔥Features a cotton wick to ensure a smooth, clean burn

🔹Made in the U.S.A.

Available sizes👇🏽

▪️ Jumbo: 26oz Reusable Mason Jar with an approximate 140 hour burn time
▪️ Large: 16oz Reusable Mason Jar with an approximate 80 hour burn time
▪️ Medium: 8oz Reusable Mason Jar with an approximate 60 hour burn time
▪️ Mini: 4oz Reusable Mason Jar with an approxiamate 20 hour burn time
▪️ Wax Melt: 2oz",,,,,4 oz Mini,,3,$10.00,,,,,3,Surfs400,Surfs160,https://www.surfsupcandle.com/cdn/shop/products/IMG_7904.jpg?v=1681920082&width=3023,IMG_7904.jpg?v=1681920082&width=3023,,,Surfs800,IMG_7904.jpg?v=1681920082&width=3023,
BERGAMOT TEA MASON JAR CANDLE - ORIGINAL COLLECTION,BERGAMOT TEA MASON JAR CANDLE - ORIGINAL COLLECTION,,"😍This scent is our perfect rendition on tea! Reminding you of the italian countryside this scent carries with it a sense of freshness highlighted by the fresh bergamot, rose, violet tea leaves, and dried lily.

🏄🏽‍♀️Surf's Up candles are all natural soy wax, no dyes, paraffin, lead, or petroleum content

💫Hand Poured in Small Batches using custom created scents

🔥Features a cotton wick to ensure a smooth, clean burn

🔹Made in the U.S.A.

Available sizes👇🏽

▪️ Jumbo: 26oz Reusable Mason Jar with an approximate 140 hour burn time
▪️ Large: 16oz Reusable Mason Jar with an approximate 80 hour burn time
▪️ Medium: 8oz Reusable Mason Jar with an approximate 60 hour burn time
▪️ Mini: 4oz Reusable Mason Jar with an approxiamate 20 hour burn time
▪️ Wax Melt: 2oz",,,,,Wax Melt,,3,$6.00,,,,,3,Surfs400,Surfs160,https://www.surfsupcandle.com/cdn/shop/products/IMG_7900.jpg?v=1681920082&width=3023,IMG_7900.jpg?v=1681920082&width=3023,,,Surfs800,IMG_7900.jpg?v=1681920082&width=3023,
LAVENDER SURF SOAP,LAVENDER SURF SOAP,,"🫧Lather up with our unique blend of Goat's Milk Soap and Oats for Exfoliation

🛁Sweet and aromatic, our lavender fragrance is infused with natural essential oils, including lavender, orange, lemon, and cedarwood, leaving a feeling of calm and tranquility.

🔹4 oz
🔹Made in the U.S.A.


*All Bath & Body Products Are Final Sale And Can Not Be Returned",,,,,,,3,$6.00,,,,,3,Surfs400,Surfs160,https://www.surfsupcandle.com/cdn/shop/products/IMG_7451.jpg?v=1680104229&width=2312,IMG_7451.jpg?v=1680104229&width=2312,,,Surfs800,IMG_7451.jpg?v=1680104229&width=2312,
MEDITERRANEAN FIG SURF SOAP,MEDITERRANEAN FIG SURF SOAP,,"🫧Lather up with our unique blend of Goat's Milk Soap and Oats for Exfoliation

🛁Sophisticated and fruity, a balanced mix of fig tree leaves, florals, and wood will have you thinking of spring and summer all year round.

🔹4 oz
🔹Made in the U.S.A.


*All Bath & Body Products Are Final Sale And Can Not Be Returned",,,,,,,3,$6.00,,,,,3,Surfs400,Surfs160,https://www.surfsupcandle.com/cdn/shop/products/IMG_7497.jpg?v=1680113342&width=2376,IMG_7497.jpg?v=1680113342&width=2376,,,Surfs800,IMG_7497.jpg?v=1680113342&width=2376,
CUCUMBER CITRUS SURF SOAP,CUCUMBER CITRUS SURF SOAP,,"🫧Lather up with our unique blend of Goat's Milk Soap and Oats for Exfoliation

🛁Cucumber Citrus soap combines bergamot, aloe, and grapefruit with hints of of freesia, melons, paperwhites, and jasmine.

🔹4 oz
🔹Made in the U.S.A.


*All Bath & Body Products Are Final Sale And Can Not Be Returned",,,,,,,3,$6.00,,,,,3,Surfs400,Surfs160,https://www.surfsupcandle.com/cdn/shop/products/IMG_7445.jpg?v=1680104174&width=2643,IMG_7445.jpg?v=1680104174&width=2643,,,Surfs800,IMG_7445.jpg?v=1680104174&width=2643,
COCONUT LIME SURF SOAP,COCONUT LIME SURF SOAP,,"🫧Lather up with our unique blend of Goat's Milk Soap and Oats for Exfoliation

🛁Our refreshing summer scent Coconut Lime is bursting with lime, orange, coconut, and vanilla. You will feel like you are living on your own tropical island. One of our best sellers!

🔹4 oz
🔹Made in the U.S.A.
  *All Bath & Body Products Are Final Sale And Can Not Be Returned",,,,,,,3,$6.00,,,,,3,Surfs400,Surfs160,https://www.surfsupcandle.com/cdn/shop/products/IMG_7447.jpg?v=1680104145&width=2361,IMG_7447.jpg?v=1680104145&width=2361,,,Surfs800,IMG_7447.jpg?v=1680104145&width=2361,
SEA SALT SURF SOAP,SEA SALT SURF SOAP,,"🫧Lather up with our unique blend of Goat's Milk Soap and Oats for Exfoliation

🛁You will feel like you are at the beach with Sea Salt. Enjoy the fresh scent of sea salt which blends jasmine and cream with a fruity infused hint. A best seller!

🔹4 oz
🔹Made in the U.S.A.


*All Bath & Body Products Are Final Sale And Can Not Be Returned",,,,,,,3,$6.00,,,,,3,Surfs400,Surfs160,https://www.surfsupcandle.com/cdn/shop/products/IMG_7446.jpg?v=1680104330&width=2502,IMG_7446.jpg?v=1680104330&width=2502,,,Surfs800,IMG_7446.jpg?v=1680104330&width=2502,
CITRUS SPLASH SURF SOAP,CITRUS SPLASH SURF SOAP,,"🫧Lather up with our unique blend of Goat's Milk Soap and Oats for Exfoliation

🛁Our subtle yet sweet aroma of Citrus Splash mixes a refreshing blend of oranges, lemons, and lime.

🔹4 oz
🔹Made in the U.S.A.


*All Bath & Body Products Are Final Sale And Can Not Be Returned",,,,,,,3,$6.00,,,,,3,Surfs400,Surfs160,https://www.surfsupcandle.com/cdn/shop/products/IMG_7458.jpg?v=1680111829&width=2589,IMG_7458.jpg?v=1680111829&width=2589,,,Surfs800,IMG_7458.jpg?v=1680111829&width=2589,
SURF WAX SURF SOAP,SURF WAX SURF SOAP,,"🫧Lather up with our unique blend of Goat's Milk Soap and Oats for Exfoliation

🛁You'll love our signature scent with a pineapple base, it will have you thinking of surfing, friends, family, and of course the beach. Our best seller!

🔹4 oz
🔹Made in the U.S.A.


*All Bath & Body Products Are Final Sale And Can Not Be Returned",,,,,,,3,$6.00,,,,,3,Surfs400,Surfs160,https://www.surfsupcandle.com/cdn/shop/products/IMG_7449.jpg?v=1680104361&width=2525,IMG_7449.jpg?v=1680104361&width=2525,,,Surfs800,IMG_7449.jpg?v=1680104361&width=2525,
SPICED BALSAM MASON JAR CANDLE - ORIGINAL COLLECTION,SPICED BALSAM MASON JAR CANDLE - ORIGINAL COLLECTION,,"😍This spicy pine blend mixes citrus fruits mixed with strong notes of cinnamon, clove, nutmeg, and a little bit of Christmas tree.

🏄🏽‍♀️Surf's Up candles are all natural soy wax, no dyes, paraffin, lead, or petroleum content

💫Hand Poured in Small Batches using custom created scents

🔥Features a cotton wick to ensure a smooth, clean burn

🔹Made in the U.S.A.

Available sizes👇🏽

▪️ Jumbo: 26oz Reusable Mason Jar with an approximate 140 hour burn time
▪️ Large: 16oz Reusable Mason Jar with an approximate 80 hour burn time
▪️ Medium: 8oz Reusable Mason Jar with an approximate 60 hour burn time
▪️ Mini: 4oz Reusable Mason Jar with an approxiamate 20 hour burn time
▪️ Wax Melt: 2oz",,,,,26 oz Jumbo,,3,$36.00,,,,,3,Surfs400,Surfs160,https://www.surfsupcandle.com/cdn/shop/products/IMG_7086.jpg?v=1679092988&width=2962,IMG_7086.jpg?v=1679092988&width=2962,,,Surfs800,IMG_7086.jpg?v=1679092988&width=2962,
SPICED BALSAM MASON JAR CANDLE - ORIGINAL COLLECTION,SPICED BALSAM MASON JAR CANDLE - ORIGINAL COLLECTION,,"😍This spicy pine blend mixes citrus fruits mixed with strong notes of cinnamon, clove, nutmeg, and a little bit of Christmas tree.

🏄🏽‍♀️Surf's Up candles are all natural soy wax, no dyes, paraffin, lead, or petroleum content

💫Hand Poured in Small Batches using custom created scents

🔥Features a cotton wick to ensure a smooth, clean burn

🔹Made in the U.S.A.

Available sizes👇🏽

▪️ Jumbo: 26oz Reusable Mason Jar with an approximate 140 hour burn time
▪️ Large: 16oz Reusable Mason Jar with an approximate 80 hour burn time
▪️ Medium: 8oz Reusable Mason Jar with an approximate 60 hour burn time
▪️ Mini: 4oz Reusable Mason Jar with an approxiamate 20 hour burn time
▪️ Wax Melt: 2oz",,,,,16 oz Large,,3,$24.00,,,,,3,Surfs400,Surfs160,https://www.surfsupcandle.com/cdn/shop/products/IMG_7085.jpg?v=1679092988&width=2962,IMG_7085.jpg?v=1679092988&width=2962,,,Surfs800,IMG_7085.jpg?v=1679092988&width=2962,
SPICED BALSAM MASON JAR CANDLE - ORIGINAL COLLECTION,SPICED BALSAM MASON JAR CANDLE - ORIGINAL COLLECTION,,"😍This spicy pine blend mixes citrus fruits mixed with strong notes of cinnamon, clove, nutmeg, and a little bit of Christmas tree.

🏄🏽‍♀️Surf's Up candles are all natural soy wax, no dyes, paraffin, lead, or petroleum content

💫Hand Poured in Small Batches using custom created scents

🔥Features a cotton wick to ensure a smooth, clean burn

🔹Made in the U.S.A.

Available sizes👇🏽

▪️ Jumbo: 26oz Reusable Mason Jar with an approximate 140 hour burn time
▪️ Large: 16oz Reusable Mason Jar with an approximate 80 hour burn time
▪️ Medium: 8oz Reusable Mason Jar with an approximate 60 hour burn time
▪️ Mini: 4oz Reusable Mason Jar with an approxiamate 20 hour burn time
▪️ Wax Melt: 2oz",,,,,8 oz Medium,,3,$18.00,,,,,3,Surfs400,Surfs160,https://www.surfsupcandle.com/cdn/shop/products/IMG_7084.jpg?v=1679092988&width=2962,IMG_7084.jpg?v=1679092988&width=2962,,,Surfs800,IMG_7084.jpg?v=1679092988&width=2962,
SPICED BALSAM MASON JAR CANDLE - ORIGINAL COLLECTION,SPICED BALSAM MASON JAR CANDLE - ORIGINAL COLLECTION,,"😍This spicy pine blend mixes citrus fruits mixed with strong notes of cinnamon, clove, nutmeg, and a little bit of Christmas tree.

🏄🏽‍♀️Surf's Up candles are all natural soy wax, no dyes, paraffin, lead, or petroleum content

💫Hand Poured in Small Batches using custom created scents

🔥Features a cotton wick to ensure a smooth, clean burn

🔹Made in the U.S.A.

Available sizes👇🏽

▪️ Jumbo: 26oz Reusable Mason Jar with an approximate 140 hour burn time
▪️ Large: 16oz Reusable Mason Jar with an approximate 80 hour burn time
▪️ Medium: 8oz Reusable Mason Jar with an approximate 60 hour burn time
▪️ Mini: 4oz Reusable Mason Jar with an approxiamate 20 hour burn time
▪️ Wax Melt: 2oz",,,,,4 oz Mini,,3,$10.00,,,,,3,Surfs400,Surfs160,https://www.surfsupcandle.com/cdn/shop/products/IMG_7083.jpg?v=1679092988&width=2229,IMG_7083.jpg?v=1679092988&width=2229,,,Surfs800,IMG_7083.jpg?v=1679092988&width=2229,
SPICED BALSAM MASON JAR CANDLE - ORIGINAL COLLECTION,SPICED BALSAM MASON JAR CANDLE - ORIGINAL COLLECTION,,"😍This spicy pine blend mixes citrus fruits mixed with strong notes of cinnamon, clove, nutmeg, and a little bit of Christmas tree.

🏄🏽‍♀️Surf's Up candles are all natural soy wax, no dyes, paraffin, lead, or petroleum content

💫Hand Poured in Small Batches using custom created scents

🔥Features a cotton wick to ensure a smooth, clean burn

🔹Made in the U.S.A.

Available sizes👇🏽

▪️ Jumbo: 26oz Reusable Mason Jar with an approximate 140 hour burn time
▪️ Large: 16oz Reusable Mason Jar with an approximate 80 hour burn time
▪️ Medium: 8oz Reusable Mason Jar with an approximate 60 hour burn time
▪️ Mini: 4oz Reusable Mason Jar with an approxiamate 20 hour burn time
▪️ Wax Melt: 2oz",,,,,Wax Melt,,3,$6.00,,,,,3,Surfs400,Surfs160,https://www.surfsupcandle.com/cdn/shop/products/IMG_7082.jpg?v=1679092988&width=2614,IMG_7082.jpg?v=1679092988&width=2614,,,Surfs800,IMG_7082.jpg?v=1679092988&width=2614,
CRANBERRY APPLE MASON JAR CANDLE - ORIGINAL COLLECTION,CRANBERRY APPLE MASON JAR CANDLE - ORIGINAL COLLECTION,,"😍Fall into the sweet aroma of Cranberry Apple. You'll want to bake your favorite pie while smelling the combination of cranberry, apple, cinnamon, and vanilla.

🏄🏽‍♀️Surf's Up candles are all natural soy wax, no dyes, paraffin, lead, or petroleum content

💫Hand Poured in Small Batches using custom created scents

🔥Features a cotton wick to ensure a smooth, clean burn

🔹Made in the U.S.A.

Available sizes👇🏽

▪️ Jumbo: 26oz Reusable Mason Jar with an approximate 140 hour burn time
▪️ Large: 16oz Reusable Mason Jar with an approximate 80 hour burn time
▪️ Medium: 8oz Reusable Mason Jar with an approximate 60 hour burn time
▪️ Mini: 4oz Reusable Mason Jar with an approxiamate 20 hour burn time
▪️ Wax Melt: 2oz
 ",,,,,26 oz Jumbo,,3,$36.00,,,,,3,Surfs400,Surfs160,https://www.surfsupcandle.com/cdn/shop/products/IMG_7878_af85b17e-f8f9-4f8f-a91a-ed32f6ecbd91.jpg?v=1681919390&width=3023,IMG_7878_af85b17e-f8f9-4f8f-a91a-ed32f6ecbd91.jpg?v=1681919390&width=3023,,,Surfs800,IMG_7878_af85b17e-f8f9-4f8f-a91a-ed32f6ecbd91.jpg?v=1681919390&width=3023,
CRANBERRY APPLE MASON JAR CANDLE - ORIGINAL COLLECTION,CRANBERRY APPLE MASON JAR CANDLE - ORIGINAL COLLECTION,,"😍Fall into the sweet aroma of Cranberry Apple. You'll want to bake your favorite pie while smelling the combination of cranberry, apple, cinnamon, and vanilla.

🏄🏽‍♀️Surf's Up candles are all natural soy wax, no dyes, paraffin, lead, or petroleum content

💫Hand Poured in Small Batches using custom created scents

🔥Features a cotton wick to ensure a smooth, clean burn

🔹Made in the U.S.A.

Available sizes👇🏽

▪️ Jumbo: 26oz Reusable Mason Jar with an approximate 140 hour burn time
▪️ Large: 16oz Reusable Mason Jar with an approximate 80 hour burn time
▪️ Medium: 8oz Reusable Mason Jar with an approximate 60 hour burn time
▪️ Mini: 4oz Reusable Mason Jar with an approxiamate 20 hour burn time
▪️ Wax Melt: 2oz
 ",,,,,16 oz Large,,3,$24.00,,,,,3,Surfs400,Surfs160,https://www.surfsupcandle.com/cdn/shop/products/IMG_7875.jpg?v=1681919391&width=3023,IMG_7875.jpg?v=1681919391&width=3023,,,Surfs800,IMG_7875.jpg?v=1681919391&width=3023,
CRANBERRY APPLE MASON JAR CANDLE - ORIGINAL COLLECTION,CRANBERRY APPLE MASON JAR CANDLE - ORIGINAL COLLECTION,,"😍Fall into the sweet aroma of Cranberry Apple. You'll want to bake your favorite pie while smelling the combination of cranberry, apple, cinnamon, and vanilla.

🏄🏽‍♀️Surf's Up candles are all natural soy wax, no dyes, paraffin, lead, or petroleum content

💫Hand Poured in Small Batches using custom created scents

🔥Features a cotton wick to ensure a smooth, clean burn

🔹Made in the U.S.A.

Available sizes👇🏽

▪️ Jumbo: 26oz Reusable Mason Jar with an approximate 140 hour burn time
▪️ Large: 16oz Reusable Mason Jar with an approximate 80 hour burn time
▪️ Medium: 8oz Reusable Mason Jar with an approximate 60 hour burn time
▪️ Mini: 4oz Reusable Mason Jar with an approxiamate 20 hour burn time
▪️ Wax Melt: 2oz
 ",,,,,8 oz Medium,,3,$18.00,,,,,3,Surfs400,Surfs160,https://www.surfsupcandle.com/cdn/shop/products/IMG_7876.jpg?v=1681919393&width=3023,IMG_7876.jpg?v=1681919393&width=3023,,,Surfs800,IMG_7876.jpg?v=1681919393&width=3023,
CRANBERRY APPLE MASON JAR CANDLE - ORIGINAL COLLECTION,CRANBERRY APPLE MASON JAR CANDLE - ORIGINAL COLLECTION,,"😍Fall into the sweet aroma of Cranberry Apple. You'll want to bake your favorite pie while smelling the combination of cranberry, apple, cinnamon, and vanilla.

🏄🏽‍♀️Surf's Up candles are all natural soy wax, no dyes, paraffin, lead, or petroleum content

💫Hand Poured in Small Batches using custom created scents

🔥Features a cotton wick to ensure a smooth, clean burn

🔹Made in the U.S.A.

Available sizes👇🏽

▪️ Jumbo: 26oz Reusable Mason Jar with an approximate 140 hour burn time
▪️ Large: 16oz Reusable Mason Jar with an approximate 80 hour burn time
▪️ Medium: 8oz Reusable Mason Jar with an approximate 60 hour burn time
▪️ Mini: 4oz Reusable Mason Jar with an approxiamate 20 hour burn time
▪️ Wax Melt: 2oz
 ",,,,,4 oz Mini,,3,$10.00,,,,,3,Surfs400,Surfs160,https://www.surfsupcandle.com/cdn/shop/products/IMG_7877.jpg?v=1681919396&width=3023,IMG_7877.jpg?v=1681919396&width=3023,,,Surfs800,IMG_7877.jpg?v=1681919396&width=3023,
CRANBERRY APPLE MASON JAR CANDLE - ORIGINAL COLLECTION,CRANBERRY APPLE MASON JAR CANDLE - ORIGINAL COLLECTION,,"😍Fall into the sweet aroma of Cranberry Apple. You'll want to bake your favorite pie while smelling the combination of cranberry, apple, cinnamon, and vanilla.

🏄🏽‍♀️Surf's Up candles are all natural soy wax, no dyes, paraffin, lead, or petroleum content

💫Hand Poured in Small Batches using custom created scents

🔥Features a cotton wick to ensure a smooth, clean burn

🔹Made in the U.S.A.

Available sizes👇🏽

▪️ Jumbo: 26oz Reusable Mason Jar with an approximate 140 hour burn time
▪️ Large: 16oz Reusable Mason Jar with an approximate 80 hour burn time
▪️ Medium: 8oz Reusable Mason Jar with an approximate 60 hour burn time
▪️ Mini: 4oz Reusable Mason Jar with an approxiamate 20 hour burn time
▪️ Wax Melt: 2oz
 ",,,,,Wax Melt,,3,$6.00,,,,,3,Surfs400,Surfs160,https://www.surfsupcandle.com/cdn/shop/products/IMG_7874.jpg?v=1681919397&width=3023,IMG_7874.jpg?v=1681919397&width=3023,,,Surfs800,IMG_7874.jpg?v=1681919397&width=3023,
CLOVES MASON JAR CANDLE - ORIGINAL COLLECTION,CLOVES MASON JAR CANDLE - ORIGINAL COLLECTION,,"😍Our cloves scent is the epitome of winter with its sweet and spicy fragrance. Our cloves scent comes from a mixture of spices including actual cloves that will leave you dreaming about the very best parts of cooking for the holidays!

🏄🏽‍♀️Surf's Up candles are all natural soy wax, no dyes, paraffin, lead, or petroleum content

💫Hand Poured in Small Batches using custom created scents

🔥Features a cotton wick to ensure a smooth, clean burn

🔹Made in the U.S.A.

Available sizes👇🏽

▪️ Jumbo: 26oz Reusable Mason Jar with an approximate 140 hour burn time
▪️ Large: 16oz Reusable Mason Jar with an approximate 80 hour burn time
▪️ Medium: 8oz Reusable Mason Jar with an approximate 60 hour burn time
▪️ Mini: 4oz Reusable Mason Jar with an approxiamate 20 hour burn time
▪️ Wax Melt: 2oz",,,,,26 oz Jumbo,,3,$36.00,,,,,3,Surfs400,Surfs160,https://www.surfsupcandle.com/cdn/shop/files/IMG_8762.jpg?v=1684434879&width=3023,IMG_8762.jpg?v=1684434879&width=3023,,,Surfs800,IMG_8762.jpg?v=1684434879&width=3023,
CLOVES MASON JAR CANDLE - ORIGINAL COLLECTION,CLOVES MASON JAR CANDLE - ORIGINAL COLLECTION,,"😍Our cloves scent is the epitome of winter with its sweet and spicy fragrance. Our cloves scent comes from a mixture of spices including actual cloves that will leave you dreaming about the very best parts of cooking for the holidays!

🏄🏽‍♀️Surf's Up candles are all natural soy wax, no dyes, paraffin, lead, or petroleum content

💫Hand Poured in Small Batches using custom created scents

🔥Features a cotton wick to ensure a smooth, clean burn

🔹Made in the U.S.A.

Available sizes👇🏽

▪️ Jumbo: 26oz Reusable Mason Jar with an approximate 140 hour burn time
▪️ Large: 16oz Reusable Mason Jar with an approximate 80 hour burn time
▪️ Medium: 8oz Reusable Mason Jar with an approximate 60 hour burn time
▪️ Mini: 4oz Reusable Mason Jar with an approxiamate 20 hour burn time
▪️ Wax Melt: 2oz",,,,,16 oz Large,,3,$24.00,,,,,3,Surfs400,Surfs160,https://www.surfsupcandle.com/cdn/shop/files/IMG_8763.jpg?v=1684434881&width=3023,IMG_8763.jpg?v=1684434881&width=3023,,,Surfs800,IMG_8763.jpg?v=1684434881&width=3023,
CLOVES MASON JAR CANDLE - ORIGINAL COLLECTION,CLOVES MASON JAR CANDLE - ORIGINAL COLLECTION,,"😍Our cloves scent is the epitome of winter with its sweet and spicy fragrance. Our cloves scent comes from a mixture of spices including actual cloves that will leave you dreaming about the very best parts of cooking for the holidays!

🏄🏽‍♀️Surf's Up candles are all natural soy wax, no dyes, paraffin, lead, or petroleum content

💫Hand Poured in Small Batches using custom created scents

🔥Features a cotton wick to ensure a smooth, clean burn

🔹Made in the U.S.A.

Available sizes👇🏽

▪️ Jumbo: 26oz Reusable Mason Jar with an approximate 140 hour burn time
▪️ Large: 16oz Reusable Mason Jar with an approximate 80 hour burn time
▪️ Medium: 8oz Reusable Mason Jar with an approximate 60 hour burn time
▪️ Mini: 4oz Reusable Mason Jar with an approxiamate 20 hour burn time
▪️ Wax Melt: 2oz",,,,,8 oz Medium,,3,$18.00,,,,,3,Surfs400,Surfs160,https://www.surfsupcandle.com/cdn/shop/files/IMG_8764.jpg?v=1684434884&width=3023,IMG_8764.jpg?v=1684434884&width=3023,,,Surfs800,IMG_8764.jpg?v=1684434884&width=3023,
CLOVES MASON JAR CANDLE - ORIGINAL COLLECTION,CLOVES MASON JAR CANDLE - ORIGINAL COLLECTION,,"😍Our cloves scent is the epitome of winter with its sweet and spicy fragrance. Our cloves scent comes from a mixture of spices including actual cloves that will leave you dreaming about the very best parts of cooking for the holidays!

🏄🏽‍♀️Surf's Up candles are all natural soy wax, no dyes, paraffin, lead, or petroleum content

💫Hand Poured in Small Batches using custom created scents

🔥Features a cotton wick to ensure a smooth, clean burn

🔹Made in the U.S.A.

Available sizes👇🏽

▪️ Jumbo: 26oz Reusable Mason Jar with an approximate 140 hour burn time
▪️ Large: 16oz Reusable Mason Jar with an approximate 80 hour burn time
▪️ Medium: 8oz Reusable Mason Jar with an approximate 60 hour burn time
▪️ Mini: 4oz Reusable Mason Jar with an approxiamate 20 hour burn time
▪️ Wax Melt: 2oz",,,,,4 oz Mini,,3,$10.00,,,,,3,Surfs400,Surfs160,https://www.surfsupcandle.com/cdn/shop/files/IMG_8765.jpg?v=1684434886&width=3023,IMG_8765.jpg?v=1684434886&width=3023,,,Surfs800,IMG_8765.jpg?v=1684434886&width=3023,
CLOVES MASON JAR CANDLE - ORIGINAL COLLECTION,CLOVES MASON JAR CANDLE - ORIGINAL COLLECTION,,"😍Our cloves scent is the epitome of winter with its sweet and spicy fragrance. Our cloves scent comes from a mixture of spices including actual cloves that will leave you dreaming about the very best parts of cooking for the holidays!

🏄🏽‍♀️Surf's Up candles are all natural soy wax, no dyes, paraffin, lead, or petroleum content

💫Hand Poured in Small Batches using custom created scents

🔥Features a cotton wick to ensure a smooth, clean burn

🔹Made in the U.S.A.

Available sizes👇🏽

▪️ Jumbo: 26oz Reusable Mason Jar with an approximate 140 hour burn time
▪️ Large: 16oz Reusable Mason Jar with an approximate 80 hour burn time
▪️ Medium: 8oz Reusable Mason Jar with an approximate 60 hour burn time
▪️ Mini: 4oz Reusable Mason Jar with an approxiamate 20 hour burn time
▪️ Wax Melt: 2oz",,,,,Wax Melt,,3,$6.00,,,,,3,Surfs400,Surfs160,https://www.surfsupcandle.com/cdn/shop/files/IMG_8761.jpg?v=1684434888&width=3023,IMG_8761.jpg?v=1684434888&width=3023,,,Surfs800,IMG_8761.jpg?v=1684434888&width=3023,
CINNAMON TWIST MASON JAR CANDLE - ORIGINAL COLLECTION,CINNAMON TWIST MASON JAR CANDLE - ORIGINAL COLLECTION,,"😍Our cinnamon twist candle puts the cinnamon in cinnamon twist! This fragrance carries with it a distinct smell of cinnamon that will remind you of a trip to the bakery for your favorite cinnamon roll!

🏄🏽‍♀️Surf's Up candles are all natural soy wax, no dyes, paraffin, lead, or petroleum content

💫Hand Poured in Small Batches using custom created scents

🔥Features a cotton wick to ensure a smooth, clean burn

🔹Made in the U.S.A.

Available sizes👇🏽

▪️ Jumbo: 26oz Reusable Mason Jar with an approximate 140 hour burn time
▪️ Large: 16oz Reusable Mason Jar with an approximate 80 hour burn time
▪️ Medium: 8oz Reusable Mason Jar with an approximate 60 hour burn time
▪️ Mini: 4oz Reusable Mason Jar with an approxiamate 20 hour burn time
▪️ Wax Melt: 2oz",,,,,26 oz Jumbo,,3,$36.00,,,,,3,Surfs400,Surfs160,https://www.surfsupcandle.com/cdn/shop/products/image_354f2bb8-95f6-4c78-88ee-971a6ccaf4df.jpg?v=1682365668&width=2962,image_354f2bb8-95f6-4c78-88ee-971a6ccaf4df.jpg?v=1682365668&width=2962,,,Surfs800,image_354f2bb8-95f6-4c78-88ee-971a6ccaf4df.jpg?v=1682365668&width=2962,
CINNAMON TWIST MASON JAR CANDLE - ORIGINAL COLLECTION,CINNAMON TWIST MASON JAR CANDLE - ORIGINAL COLLECTION,,"😍Our cinnamon twist candle puts the cinnamon in cinnamon twist! This fragrance carries with it a distinct smell of cinnamon that will remind you of a trip to the bakery for your favorite cinnamon roll!

🏄🏽‍♀️Surf's Up candles are all natural soy wax, no dyes, paraffin, lead, or petroleum content

💫Hand Poured in Small Batches using custom created scents

🔥Features a cotton wick to ensure a smooth, clean burn

🔹Made in the U.S.A.

Available sizes👇🏽

▪️ Jumbo: 26oz Reusable Mason Jar with an approximate 140 hour burn time
▪️ Large: 16oz Reusable Mason Jar with an approximate 80 hour burn time
▪️ Medium: 8oz Reusable Mason Jar with an approximate 60 hour burn time
▪️ Mini: 4oz Reusable Mason Jar with an approxiamate 20 hour burn time
▪️ Wax Melt: 2oz",,,,,16 oz Large,,3,$24.00,,,,,3,Surfs400,Surfs160,https://www.surfsupcandle.com/cdn/shop/products/image_9ad8ef96-7dd0-45bc-8a28-004c9d50caff.jpg?v=1682365751&width=2962,image_9ad8ef96-7dd0-45bc-8a28-004c9d50caff.jpg?v=1682365751&width=2962,,,Surfs800,image_9ad8ef96-7dd0-45bc-8a28-004c9d50caff.jpg?v=1682365751&width=2962,
CINNAMON TWIST MASON JAR CANDLE - ORIGINAL COLLECTION,CINNAMON TWIST MASON JAR CANDLE - ORIGINAL COLLECTION,,"😍Our cinnamon twist candle puts the cinnamon in cinnamon twist! This fragrance carries with it a distinct smell of cinnamon that will remind you of a trip to the bakery for your favorite cinnamon roll!

🏄🏽‍♀️Surf's Up candles are all natural soy wax, no dyes, paraffin, lead, or petroleum content

💫Hand Poured in Small Batches using custom created scents

🔥Features a cotton wick to ensure a smooth, clean burn

🔹Made in the U.S.A.

Available sizes👇🏽

▪️ Jumbo: 26oz Reusable Mason Jar with an approximate 140 hour burn time
▪️ Large: 16oz Reusable Mason Jar with an approximate 80 hour burn time
▪️ Medium: 8oz Reusable Mason Jar with an approximate 60 hour burn time
▪️ Mini: 4oz Reusable Mason Jar with an approxiamate 20 hour burn time
▪️ Wax Melt: 2oz",,,,,8 oz Medium,,3,$18.00,,,,,3,Surfs400,Surfs160,https://www.surfsupcandle.com/cdn/shop/products/image_e48c729a-d4de-4bd4-8a25-033207d8e498.jpg?v=1682365790&width=2962,image_e48c729a-d4de-4bd4-8a25-033207d8e498.jpg?v=1682365790&width=2962,,,Surfs800,image_e48c729a-d4de-4bd4-8a25-033207d8e498.jpg?v=1682365790&width=2962,
CINNAMON TWIST MASON JAR CANDLE - ORIGINAL COLLECTION,CINNAMON TWIST MASON JAR CANDLE - ORIGINAL COLLECTION,,"😍Our cinnamon twist candle puts the cinnamon in cinnamon twist! This fragrance carries with it a distinct smell of cinnamon that will remind you of a trip to the bakery for your favorite cinnamon roll!

🏄🏽‍♀️Surf's Up candles are all natural soy wax, no dyes, paraffin, lead, or petroleum content

💫Hand Poured in Small Batches using custom created scents

🔥Features a cotton wick to ensure a smooth, clean burn

🔹Made in the U.S.A.

Available sizes👇🏽

▪️ Jumbo: 26oz Reusable Mason Jar with an approximate 140 hour burn time
▪️ Large: 16oz Reusable Mason Jar with an approximate 80 hour burn time
▪️ Medium: 8oz Reusable Mason Jar with an approximate 60 hour burn time
▪️ Mini: 4oz Reusable Mason Jar with an approxiamate 20 hour burn time
▪️ Wax Melt: 2oz",,,,,4 oz Mini,,3,$10.00,,,,,3,Surfs400,Surfs160,https://www.surfsupcandle.com/cdn/shop/products/image_375c350f-281c-4995-a58e-d32cc93eba97.jpg?v=1682365806&width=2587,image_375c350f-281c-4995-a58e-d32cc93eba97.jpg?v=1682365806&width=2587,,,Surfs800,image_375c350f-281c-4995-a58e-d32cc93eba97.jpg?v=1682365806&width=2587,
CINNAMON TWIST MASON JAR CANDLE - ORIGINAL COLLECTION,CINNAMON TWIST MASON JAR CANDLE - ORIGINAL COLLECTION,,"😍Our cinnamon twist candle puts the cinnamon in cinnamon twist! This fragrance carries with it a distinct smell of cinnamon that will remind you of a trip to the bakery for your favorite cinnamon roll!

🏄🏽‍♀️Surf's Up candles are all natural soy wax, no dyes, paraffin, lead, or petroleum content

💫Hand Poured in Small Batches using custom created scents

🔥Features a cotton wick to ensure a smooth, clean burn

🔹Made in the U.S.A.

Available sizes👇🏽

▪️ Jumbo: 26oz Reusable Mason Jar with an approximate 140 hour burn time
▪️ Large: 16oz Reusable Mason Jar with an approximate 80 hour burn time
▪️ Medium: 8oz Reusable Mason Jar with an approximate 60 hour burn time
▪️ Mini: 4oz Reusable Mason Jar with an approxiamate 20 hour burn time
▪️ Wax Melt: 2oz",,,,,Wax Melt,,3,$6.00,,,,,3,Surfs400,Surfs160,https://www.surfsupcandle.com/cdn/shop/products/image_c9ce93fd-0e58-427c-8949-a14d04edb22c.jpg?v=1682365831&width=2962,image_c9ce93fd-0e58-427c-8949-a14d04edb22c.jpg?v=1682365831&width=2962,,,Surfs800,image_c9ce93fd-0e58-427c-8949-a14d04edb22c.jpg?v=1682365831&width=2962,
SPICED BALSAM PAINT CAN CANDLE - VINTAGE COLLECTION,SPICED BALSAM PAINT CAN CANDLE - VINTAGE COLLECTION,,"😍This spicy pine blend mixes citrus fruits mixed with strong notes of cinnamon, clove, nutmeg, and a little bit of Christmas tree.

🏄🏽‍♀️Surf's Up candles are all natural soy wax, no dyes, paraffin, lead, or petroleum content

💫Hand Poured in Small Batches using custom created scents

🔥Features a cotton wick to ensure a smooth, clean burn

🔹Made in the U.S.A.

Available sizes👇🏽

▪️ Pint Candles are 16oz with 80-100 hours burn time
▪️ 1/2 Pint Candles are 8oz with 40-50 hours burn time
▪️ 1/4 Pint Candles are 4oz with 20-25hours burn time",,,,,16 oz Pint,,3,$26.00,,,,,3,Surfs400,Surfs160,https://www.surfsupcandle.com/cdn/shop/files/IMG_7227.jpg?v=1688417565&width=3024,IMG_7227.jpg?v=1688417565&width=3024,,,Surfs800,IMG_7227.jpg?v=1688417565&width=3024,
SPICED BALSAM PAINT CAN CANDLE - VINTAGE COLLECTION,SPICED BALSAM PAINT CAN CANDLE - VINTAGE COLLECTION,,"😍This spicy pine blend mixes citrus fruits mixed with strong notes of cinnamon, clove, nutmeg, and a little bit of Christmas tree.

🏄🏽‍♀️Surf's Up candles are all natural soy wax, no dyes, paraffin, lead, or petroleum content

💫Hand Poured in Small Batches using custom created scents

🔥Features a cotton wick to ensure a smooth, clean burn

🔹Made in the U.S.A.

Available sizes👇🏽

▪️ Pint Candles are 16oz with 80-100 hours burn time
▪️ 1/2 Pint Candles are 8oz with 40-50 hours burn time
▪️ 1/4 Pint Candles are 4oz with 20-25hours burn time",,,,,8 oz 1/2 Pint,,3,$19.00,,,,,3,Surfs400,Surfs160,https://www.surfsupcandle.com/cdn/shop/files/IMG_7225.jpg?v=1688417573&width=3024,IMG_7225.jpg?v=1688417573&width=3024,,,Surfs800,IMG_7225.jpg?v=1688417573&width=3024,
SPICED BALSAM PAINT CAN CANDLE - VINTAGE COLLECTION,SPICED BALSAM PAINT CAN CANDLE - VINTAGE COLLECTION,,"😍This spicy pine blend mixes citrus fruits mixed with strong notes of cinnamon, clove, nutmeg, and a little bit of Christmas tree.

🏄🏽‍♀️Surf's Up candles are all natural soy wax, no dyes, paraffin, lead, or petroleum content

💫Hand Poured in Small Batches using custom created scents

🔥Features a cotton wick to ensure a smooth, clean burn

🔹Made in the U.S.A.

Available sizes👇🏽

▪️ Pint Candles are 16oz with 80-100 hours burn time
▪️ 1/2 Pint Candles are 8oz with 40-50 hours burn time
▪️ 1/4 Pint Candles are 4oz with 20-25hours burn time",,,,,4 oz 1/4 Pint,,3,$12.00,,,,,3,Surfs400,Surfs160,https://www.surfsupcandle.com/cdn/shop/files/IMG_7224.jpg?v=1688417576&width=3024,IMG_7224.jpg?v=1688417576&width=3024,,,Surfs800,IMG_7224.jpg?v=1688417576&width=3024,
SEA SALT PAINT CAN CANDLE - VINTAGE COLLECTION,SEA SALT PAINT CAN CANDLE - VINTAGE COLLECTION,,"😍You will feel like you are at the beach with Sea Salt. Enjoy the fresh scent of sea salt which blends jasmine and cream with a fruity infused hint. A best seller!

🏄🏽‍♀️Surf's Up candles are all natural soy wax, no dyes, paraffin, lead, or petroleum content

💫Hand Poured in Small Batches using custom created scents

🔥Features a cotton wick to ensure a smooth, clean burn

🔹Made in the U.S.A.

Available sizes👇🏽

▪️ Pint Candles are 16oz with 80-100 hours burn time
▪️ 1/2 Pint Candles are 8oz with 40-50 hours burn time
▪️ 1/4 Pint Candles are 4oz with 20-25hours burn time",,,,,16 oz Pint,,3,$26.00,,,,,3,Surfs400,Surfs160,https://www.surfsupcandle.com/cdn/shop/files/IMG_9413.jpg?v=1687280746&width=3023,IMG_9413.jpg?v=1687280746&width=3023,,,Surfs800,IMG_9413.jpg?v=1687280746&width=3023,
SEA SALT PAINT CAN CANDLE - VINTAGE COLLECTION,SEA SALT PAINT CAN CANDLE - VINTAGE COLLECTION,,"😍You will feel like you are at the beach with Sea Salt. Enjoy the fresh scent of sea salt which blends jasmine and cream with a fruity infused hint. A best seller!

🏄🏽‍♀️Surf's Up candles are all natural soy wax, no dyes, paraffin, lead, or petroleum content

💫Hand Poured in Small Batches using custom created scents

🔥Features a cotton wick to ensure a smooth, clean burn

🔹Made in the U.S.A.

Available sizes👇🏽

▪️ Pint Candles are 16oz with 80-100 hours burn time
▪️ 1/2 Pint Candles are 8oz with 40-50 hours burn time
▪️ 1/4 Pint Candles are 4oz with 20-25hours burn time",,,,,8 oz 1/2 Pint,,3,$19.00,,,,,3,Surfs400,Surfs160,https://www.surfsupcandle.com/cdn/shop/files/IMG_9411.jpg?v=1687280746&width=3023,IMG_9411.jpg?v=1687280746&width=3023,,,Surfs800,IMG_9411.jpg?v=1687280746&width=3023,
SEA SALT PAINT CAN CANDLE - VINTAGE COLLECTION,SEA SALT PAINT CAN CANDLE - VINTAGE COLLECTION,,"😍You will feel like you are at the beach with Sea Salt. Enjoy the fresh scent of sea salt which blends jasmine and cream with a fruity infused hint. A best seller!

🏄🏽‍♀️Surf's Up candles are all natural soy wax, no dyes, paraffin, lead, or petroleum content

💫Hand Poured in Small Batches using custom created scents

🔥Features a cotton wick to ensure a smooth, clean burn

🔹Made in the U.S.A.

Available sizes👇🏽

▪️ Pint Candles are 16oz with 80-100 hours burn time
▪️ 1/2 Pint Candles are 8oz with 40-50 hours burn time
▪️ 1/4 Pint Candles are 4oz with 20-25hours burn time",,,,,4 oz 1/4 Pint,,3,$12.00,,,,,3,Surfs400,Surfs160,https://www.surfsupcandle.com/cdn/shop/files/IMG_9412.jpg?v=1687280746&width=3023,IMG_9412.jpg?v=1687280746&width=3023,,,Surfs800,IMG_9412.jpg?v=1687280746&width=3023,
PUMPKIN PIE SPICE PAINT CAN CANDLE - VINTAGE COLLECTION,PUMPKIN PIE SPICE PAINT CAN CANDLE - VINTAGE COLLECTION,,"😍Nothing says Fall like pumpkin pie and this candle does not disappoint. This scent is the sweetest blend of nutmeg, cinnamon, brown sugar, molasses, pumpkin, and ginger. A best seller!

🏄🏽‍♀️Surf's Up candles are all natural soy wax, no dyes, paraffin, lead, or petroleum content

💫Hand Poured in Small Batches using custom created scents

🔥Features a cotton wick to ensure a smooth, clean burn

🔹Made in the U.S.A.

Available sizes👇🏽

▪️ Pint Candles are 16oz with 80-100 hours burn time
▪️ 1/2 Pint Candles are 8oz with 40-50 hours burn time
▪️ 1/4 Pint Candles are 4oz with 20-25hours burn time",,,,,16 oz Pint,,3,$26.00,,,,,3,Surfs400,Surfs160,https://www.surfsupcandle.com/cdn/shop/files/IMG_6994.jpg?v=1688412155&width=3024,IMG_6994.jpg?v=1688412155&width=3024,,,Surfs800,IMG_6994.jpg?v=1688412155&width=3024,
PUMPKIN PIE SPICE PAINT CAN CANDLE - VINTAGE COLLECTION,PUMPKIN PIE SPICE PAINT CAN CANDLE - VINTAGE COLLECTION,,"😍Nothing says Fall like pumpkin pie and this candle does not disappoint. This scent is the sweetest blend of nutmeg, cinnamon, brown sugar, molasses, pumpkin, and ginger. A best seller!

🏄🏽‍♀️Surf's Up candles are all natural soy wax, no dyes, paraffin, lead, or petroleum content

💫Hand Poured in Small Batches using custom created scents

🔥Features a cotton wick to ensure a smooth, clean burn

🔹Made in the U.S.A.

Available sizes👇🏽

▪️ Pint Candles are 16oz with 80-100 hours burn time
▪️ 1/2 Pint Candles are 8oz with 40-50 hours burn time
▪️ 1/4 Pint Candles are 4oz with 20-25hours burn time",,,,,8 oz 1/2 Pint,,3,$19.00,,,,,3,Surfs400,Surfs160,https://www.surfsupcandle.com/cdn/shop/files/IMG_6992_1ab27279-2ab4-4078-8e28-6b7c7acad38b.jpg?v=1688412155&width=3024,IMG_6992_1ab27279-2ab4-4078-8e28-6b7c7acad38b.jpg?v=1688412155&width=3024,,,Surfs800,IMG_6992_1ab27279-2ab4-4078-8e28-6b7c7acad38b.jpg?v=1688412155&width=3024,
PUMPKIN PIE SPICE PAINT CAN CANDLE - VINTAGE COLLECTION,PUMPKIN PIE SPICE PAINT CAN CANDLE - VINTAGE COLLECTION,,"😍Nothing says Fall like pumpkin pie and this candle does not disappoint. This scent is the sweetest blend of nutmeg, cinnamon, brown sugar, molasses, pumpkin, and ginger. A best seller!

🏄🏽‍♀️Surf's Up candles are all natural soy wax, no dyes, paraffin, lead, or petroleum content

💫Hand Poured in Small Batches using custom created scents

🔥Features a cotton wick to ensure a smooth, clean burn

🔹Made in the U.S.A.

Available sizes👇🏽

▪️ Pint Candles are 16oz with 80-100 hours burn time
▪️ 1/2 Pint Candles are 8oz with 40-50 hours burn time
▪️ 1/4 Pint Candles are 4oz with 20-25hours burn time",,,,,4 oz 1/4 Pint,,3,$12.00,,,,,3,Surfs400,Surfs160,https://www.surfsupcandle.com/cdn/shop/files/IMG_6991.jpg?v=1688412155&width=3024,IMG_6991.jpg?v=1688412155&width=3024,,,Surfs800,IMG_6991.jpg?v=1688412155&width=3024,
PINK GRAPEFRUIT PAINT CAN CANDLE - VINTAGE COLLECTION,PINK GRAPEFRUIT PAINT CAN CANDLE - VINTAGE COLLECTION,,"😍Pink Grapefruit is one of our original scents! Dating back to 2014 this scent has helped morph our business into what it is today! With its mix of grapefruit, orange zest, and a light musk this fragrance is known to simply cast a spell upon you. Pink Grapefruit will leave you craving your favorite tropical concoctions!

🏄🏽‍♀️Surf's Up candles are all natural soy wax, no dyes, paraffin, lead, or petroleum content

💫Hand Poured in Small Batches using custom created scents

🔥Features a cotton wick to ensure a smooth, clean burn

🔹Made in the U.S.A.

Available sizes👇🏽

▪️ Pint Candles are 16oz with 80-100 hours burn time
▪️ 1/2 Pint Candles are 8oz with 40-50 hours burn time
▪️ 1/4 Pint Candles are 4oz with 20-25hours burn time",,,,,16 oz Pint,,3,$26.00,,,,,3,Surfs400,Surfs160,https://www.surfsupcandle.com/cdn/shop/products/IMG_7300_73e1d7ec-1773-4f9b-adcc-8cd2e60ce0d5.jpg?v=1679606577&width=2962,IMG_7300_73e1d7ec-1773-4f9b-adcc-8cd2e60ce0d5.jpg?v=1679606577&width=2962,,,Surfs800,IMG_7300_73e1d7ec-1773-4f9b-adcc-8cd2e60ce0d5.jpg?v=1679606577&width=2962,
PINK GRAPEFRUIT PAINT CAN CANDLE - VINTAGE COLLECTION,PINK GRAPEFRUIT PAINT CAN CANDLE - VINTAGE COLLECTION,,"😍Pink Grapefruit is one of our original scents! Dating back to 2014 this scent has helped morph our business into what it is today! With its mix of grapefruit, orange zest, and a light musk this fragrance is known to simply cast a spell upon you. Pink Grapefruit will leave you craving your favorite tropical concoctions!

🏄🏽‍♀️Surf's Up candles are all natural soy wax, no dyes, paraffin, lead, or petroleum content

💫Hand Poured in Small Batches using custom created scents

🔥Features a cotton wick to ensure a smooth, clean burn

🔹Made in the U.S.A.

Available sizes👇🏽

▪️ Pint Candles are 16oz with 80-100 hours burn time
▪️ 1/2 Pint Candles are 8oz with 40-50 hours burn time
▪️ 1/4 Pint Candles are 4oz with 20-25hours burn time",,,,,8 oz 1/2 Pint,,3,$19.00,,,,,3,Surfs400,Surfs160,https://www.surfsupcandle.com/cdn/shop/products/IMG_7297.jpg?v=1679606596&width=2962,IMG_7297.jpg?v=1679606596&width=2962,,,Surfs800,IMG_7297.jpg?v=1679606596&width=2962,
PINK GRAPEFRUIT PAINT CAN CANDLE - VINTAGE COLLECTION,PINK GRAPEFRUIT PAINT CAN CANDLE - VINTAGE COLLECTION,,"😍Pink Grapefruit is one of our original scents! Dating back to 2014 this scent has helped morph our business into what it is today! With its mix of grapefruit, orange zest, and a light musk this fragrance is known to simply cast a spell upon you. Pink Grapefruit will leave you craving your favorite tropical concoctions!

🏄🏽‍♀️Surf's Up candles are all natural soy wax, no dyes, paraffin, lead, or petroleum content

💫Hand Poured in Small Batches using custom created scents

🔥Features a cotton wick to ensure a smooth, clean burn

🔹Made in the U.S.A.

Available sizes👇🏽

▪️ Pint Candles are 16oz with 80-100 hours burn time
▪️ 1/2 Pint Candles are 8oz with 40-50 hours burn time
▪️ 1/4 Pint Candles are 4oz with 20-25hours burn time",,,,,4 oz 1/4 Pint,,3,$12.00,,,,,3,Surfs400,Surfs160,https://www.surfsupcandle.com/cdn/shop/products/IMG_7298_37f62ef5-45a8-4f15-a535-96224ef134ef.jpg?v=1679606611&width=2630,IMG_7298_37f62ef5-45a8-4f15-a535-96224ef134ef.jpg?v=1679606611&width=2630,,,Surfs800,IMG_7298_37f62ef5-45a8-4f15-a535-96224ef134ef.jpg?v=1679606611&width=2630,
ICED LEMON CUPCAKE PAINT CAN CANDLE- VINTAGE COLLECTION,ICED LEMON CUPCAKE PAINT CAN CANDLE- VINTAGE COLLECTION,,"😍One of our favorite scents smells good enough to eat! You'll love the sweet blend of rich vanilla, sugar, lemon zest, bergamot, and toasted hazelnut. A best seller!

🏄🏽‍♀️Surf's Up candles are all natural soy wax, no dyes, paraffin, lead, or petroleum content

💫Hand Poured in Small Batches using custom created scents

🔥Features a cotton wick to ensure a smooth, clean burn

🔹Made in the U.S.A.

Available sizes👇🏽

▪️ Pint Candles are 16oz with 80-100 hours burn time
▪️ 1/2 Pint Candles are 8oz with 40-50 hours burn time
▪️ 1/4 Pint Candles are 4oz with 20-25hours burn time",,,,,16 oz Pint,,3,$26.00,,,,,3,Surfs400,Surfs160,https://www.surfsupcandle.com/cdn/shop/files/IMG_8148.jpg?v=1682518995&width=3023,IMG_8148.jpg?v=1682518995&width=3023,,,Surfs800,IMG_8148.jpg?v=1682518995&width=3023,
ICED LEMON CUPCAKE PAINT CAN CANDLE- VINTAGE COLLECTION,ICED LEMON CUPCAKE PAINT CAN CANDLE- VINTAGE COLLECTION,,"😍One of our favorite scents smells good enough to eat! You'll love the sweet blend of rich vanilla, sugar, lemon zest, bergamot, and toasted hazelnut. A best seller!

🏄🏽‍♀️Surf's Up candles are all natural soy wax, no dyes, paraffin, lead, or petroleum content

💫Hand Poured in Small Batches using custom created scents

🔥Features a cotton wick to ensure a smooth, clean burn

🔹Made in the U.S.A.

Available sizes👇🏽

▪️ Pint Candles are 16oz with 80-100 hours burn time
▪️ 1/2 Pint Candles are 8oz with 40-50 hours burn time
▪️ 1/4 Pint Candles are 4oz with 20-25hours burn time",,,,,8 oz 1/2 Pint,,3,$19.00,,,,,3,Surfs400,Surfs160,https://www.surfsupcandle.com/cdn/shop/files/IMG_8145.jpg?v=1682518997&width=3023,IMG_8145.jpg?v=1682518997&width=3023,,,Surfs800,IMG_8145.jpg?v=1682518997&width=3023,
ICED LEMON CUPCAKE PAINT CAN CANDLE- VINTAGE COLLECTION,ICED LEMON CUPCAKE PAINT CAN CANDLE- VINTAGE COLLECTION,,"😍One of our favorite scents smells good enough to eat! You'll love the sweet blend of rich vanilla, sugar, lemon zest, bergamot, and toasted hazelnut. A best seller!

🏄🏽‍♀️Surf's Up candles are all natural soy wax, no dyes, paraffin, lead, or petroleum content

💫Hand Poured in Small Batches using custom created scents

🔥Features a cotton wick to ensure a smooth, clean burn

🔹Made in the U.S.A.

Available sizes👇🏽

▪️ Pint Candles are 16oz with 80-100 hours burn time
▪️ 1/2 Pint Candles are 8oz with 40-50 hours burn time
▪️ 1/4 Pint Candles are 4oz with 20-25hours burn time",,,,,4 oz 1/4 Pint,,3,$12.00,,,,,3,Surfs400,Surfs160,https://www.surfsupcandle.com/cdn/shop/files/IMG_8146.jpg?v=1682518999&width=3023,IMG_8146.jpg?v=1682518999&width=3023,,,Surfs800,IMG_8146.jpg?v=1682518999&width=3023,
CRANBERRY APPLE PAINT CAN CANDLE - SANTA FACE,CRANBERRY APPLE PAINT CAN CANDLE - SANTA FACE,,"😍Fall into the sweet aroma of Cranberry Apple. You'll want to bake your favorite pie while smelling the combination of cranberry, apple, cinnamon, and vanilla.

🏄🏽‍♀️Surf's Up candles are all natural soy wax, no dyes, paraffin, lead, or petroleum content

💫Hand Poured in Small Batches using custom created scents

🔥Features a cotton wick to ensure a smooth, clean burn

🔹Made in the U.S.A.

Available sizes👇🏽

▪️ Pint Candles are 16oz with 80-100 hours burn time
▪️ 1/2 Pint Candles are 8oz with 40-50 hours burn time
▪️ 1/4 Pint Candles are 4oz with 20-25hours burn time",,,,,16 oz Pint,,3,$26.00,,,,,3,Surfs400,Surfs160,https://www.surfsupcandle.com/cdn/shop/files/IMG_9563.jpg?v=1688065379&width=3023,IMG_9563.jpg?v=1688065379&width=3023,,,Surfs800,IMG_9563.jpg?v=1688065379&width=3023,
CRANBERRY APPLE PAINT CAN CANDLE - SANTA FACE,CRANBERRY APPLE PAINT CAN CANDLE - SANTA FACE,,"😍Fall into the sweet aroma of Cranberry Apple. You'll want to bake your favorite pie while smelling the combination of cranberry, apple, cinnamon, and vanilla.

🏄🏽‍♀️Surf's Up candles are all natural soy wax, no dyes, paraffin, lead, or petroleum content

💫Hand Poured in Small Batches using custom created scents

🔥Features a cotton wick to ensure a smooth, clean burn

🔹Made in the U.S.A.

Available sizes👇🏽

▪️ Pint Candles are 16oz with 80-100 hours burn time
▪️ 1/2 Pint Candles are 8oz with 40-50 hours burn time
▪️ 1/4 Pint Candles are 4oz with 20-25hours burn time",,,,,8 oz 1/2 Pint,,3,$19.00,,,,,3,Surfs400,Surfs160,https://www.surfsupcandle.com/cdn/shop/files/IMG_9565.jpg?v=1688065383&width=3023,IMG_9565.jpg?v=1688065383&width=3023,,,Surfs800,IMG_9565.jpg?v=1688065383&width=3023,
CRANBERRY APPLE PAINT CAN CANDLE - SANTA FACE,CRANBERRY APPLE PAINT CAN CANDLE - SANTA FACE,,"😍Fall into the sweet aroma of Cranberry Apple. You'll want to bake your favorite pie while smelling the combination of cranberry, apple, cinnamon, and vanilla.

🏄🏽‍♀️Surf's Up candles are all natural soy wax, no dyes, paraffin, lead, or petroleum content

💫Hand Poured in Small Batches using custom created scents

🔥Features a cotton wick to ensure a smooth, clean burn

🔹Made in the U.S.A.

Available sizes👇🏽

▪️ Pint Candles are 16oz with 80-100 hours burn time
▪️ 1/2 Pint Candles are 8oz with 40-50 hours burn time
▪️ 1/4 Pint Candles are 4oz with 20-25hours burn time",,,,,4 oz 1/4 Pint,,3,$12.00,,,,,3,Surfs400,Surfs160,https://www.surfsupcandle.com/cdn/shop/files/IMG_9566.jpg?v=1688065384&width=2939,IMG_9566.jpg?v=1688065384&width=2939,,,Surfs800,IMG_9566.jpg?v=1688065384&width=2939,
CRACKLING FIREWOOD PAINT CAN CANDLE - VINTAGE COLLECTION,CRACKLING FIREWOOD PAINT CAN CANDLE - VINTAGE COLLECTION,,"😍Crackling firewood is the scent you want to take home with you from camping. This scent will have you believing that your space was transformed into a campsite within the depths of a forest. The mixture of pine, balsam, and citrus bergamot accompanied by hints of earthy sandalwood, woody patchouli, and violet will completely transform your space!

🏄🏽‍♀️Surf's Up candles are all natural soy wax, no dyes, paraffin, lead, or petroleum content

💫Hand Poured in Small Batches using custom created scents

🔥Features a cotton wick to ensure a smooth, clean burn

🔹Made in the U.S.A.

Available sizes👇🏽

▪️ Pint Candles are 16oz with 80-100 hours burn time
▪️ 1/2 Pint Candles are 8oz with 40-50 hours burn time
▪️ 1/4 Pint Candles are 4oz with 20-25hours burn time",,,,,16 oz Pint,,3,$26.00,,,,,3,Surfs400,Surfs160,https://www.surfsupcandle.com/cdn/shop/files/IMG_9039.jpg?v=1688065300&width=3023,IMG_9039.jpg?v=1688065300&width=3023,,,Surfs800,IMG_9039.jpg?v=1688065300&width=3023,
CRACKLING FIREWOOD PAINT CAN CANDLE - VINTAGE COLLECTION,CRACKLING FIREWOOD PAINT CAN CANDLE - VINTAGE COLLECTION,,"😍Crackling firewood is the scent you want to take home with you from camping. This scent will have you believing that your space was transformed into a campsite within the depths of a forest. The mixture of pine, balsam, and citrus bergamot accompanied by hints of earthy sandalwood, woody patchouli, and violet will completely transform your space!

🏄🏽‍♀️Surf's Up candles are all natural soy wax, no dyes, paraffin, lead, or petroleum content

💫Hand Poured in Small Batches using custom created scents

🔥Features a cotton wick to ensure a smooth, clean burn

🔹Made in the U.S.A.

Available sizes👇🏽

▪️ Pint Candles are 16oz with 80-100 hours burn time
▪️ 1/2 Pint Candles are 8oz with 40-50 hours burn time
▪️ 1/4 Pint Candles are 4oz with 20-25hours burn time",,,,,8 oz 1/2 Pint,,3,$19.00,,,,,3,Surfs400,Surfs160,https://www.surfsupcandle.com/cdn/shop/files/IMG_9037.jpg?v=1688065306&width=3023,IMG_9037.jpg?v=1688065306&width=3023,,,Surfs800,IMG_9037.jpg?v=1688065306&width=3023,
CRACKLING FIREWOOD PAINT CAN CANDLE - VINTAGE COLLECTION,CRACKLING FIREWOOD PAINT CAN CANDLE - VINTAGE COLLECTION,,"😍Crackling firewood is the scent you want to take home with you from camping. This scent will have you believing that your space was transformed into a campsite within the depths of a forest. The mixture of pine, balsam, and citrus bergamot accompanied by hints of earthy sandalwood, woody patchouli, and violet will completely transform your space!

🏄🏽‍♀️Surf's Up candles are all natural soy wax, no dyes, paraffin, lead, or petroleum content

💫Hand Poured in Small Batches using custom created scents

🔥Features a cotton wick to ensure a smooth, clean burn

🔹Made in the U.S.A.

Available sizes👇🏽

▪️ Pint Candles are 16oz with 80-100 hours burn time
▪️ 1/2 Pint Candles are 8oz with 40-50 hours burn time
▪️ 1/4 Pint Candles are 4oz with 20-25hours burn time",,,,,4 oz 1/4 Pint,,3,$12.00,,,,,3,Surfs400,Surfs160,https://www.surfsupcandle.com/cdn/shop/files/IMG_9036.jpg?v=1688065308&width=3023,IMG_9036.jpg?v=1688065308&width=3023,,,Surfs800,IMG_9036.jpg?v=1688065308&width=3023,
CLOVES PAINT CAN CANDLE - VINTAGE COLLECTION,CLOVES PAINT CAN CANDLE - VINTAGE COLLECTION,,"😍Our cloves scent is the epitome of winter with its sweet and spicy fragrance. Our cloves scent comes from a mixture of spices including actual cloves that will leave you dreaming about the very best parts of cooking for the holidays!

🏄🏽‍♀️Surf's Up candles are all natural soy wax, no dyes, paraffin, lead, or petroleum content

💫Hand Poured in Small Batches using custom created scents

🔥Features a cotton wick to ensure a smooth, clean burn

🔹Made in the U.S.A.

Available sizes👇🏽

▪️ Pint Candles are 16oz with 80-100 hours burn time
▪️ 1/2 Pint Candles are 8oz with 40-50 hours burn time
▪️ 1/4 Pint Candles are 4oz with 20-25hours burn time",,,,,16 oz Pint,,3,$26.00,,,,,3,Surfs400,Surfs160,https://www.surfsupcandle.com/cdn/shop/files/IMG_7079_f37f2b8e-ba40-49b2-97ac-4671e4a8f116.jpg?v=1688412244&width=3024,IMG_7079_f37f2b8e-ba40-49b2-97ac-4671e4a8f116.jpg?v=1688412244&width=3024,,,Surfs800,IMG_7079_f37f2b8e-ba40-49b2-97ac-4671e4a8f116.jpg?v=1688412244&width=3024,
CLOVES PAINT CAN CANDLE - VINTAGE COLLECTION,CLOVES PAINT CAN CANDLE - VINTAGE COLLECTION,,"😍Our cloves scent is the epitome of winter with its sweet and spicy fragrance. Our cloves scent comes from a mixture of spices including actual cloves that will leave you dreaming about the very best parts of cooking for the holidays!

🏄🏽‍♀️Surf's Up candles are all natural soy wax, no dyes, paraffin, lead, or petroleum content

💫Hand Poured in Small Batches using custom created scents

🔥Features a cotton wick to ensure a smooth, clean burn

🔹Made in the U.S.A.

Available sizes👇🏽

▪️ Pint Candles are 16oz with 80-100 hours burn time
▪️ 1/2 Pint Candles are 8oz with 40-50 hours burn time
▪️ 1/4 Pint Candles are 4oz with 20-25hours burn time",,,,,8 oz 1/2 Pint,,3,$19.00,,,,,3,Surfs400,Surfs160,https://www.surfsupcandle.com/cdn/shop/files/IMG_7077_b6cef4ea-e87d-4201-8f35-6d81566053f2.jpg?v=1688412244&width=3024,IMG_7077_b6cef4ea-e87d-4201-8f35-6d81566053f2.jpg?v=1688412244&width=3024,,,Surfs800,IMG_7077_b6cef4ea-e87d-4201-8f35-6d81566053f2.jpg?v=1688412244&width=3024,
CLOVES PAINT CAN CANDLE - VINTAGE COLLECTION,CLOVES PAINT CAN CANDLE - VINTAGE COLLECTION,,"😍Our cloves scent is the epitome of winter with its sweet and spicy fragrance. Our cloves scent comes from a mixture of spices including actual cloves that will leave you dreaming about the very best parts of cooking for the holidays!

🏄🏽‍♀️Surf's Up candles are all natural soy wax, no dyes, paraffin, lead, or petroleum content

💫Hand Poured in Small Batches using custom created scents

🔥Features a cotton wick to ensure a smooth, clean burn

🔹Made in the U.S.A.

Available sizes👇🏽

▪️ Pint Candles are 16oz with 80-100 hours burn time
▪️ 1/2 Pint Candles are 8oz with 40-50 hours burn time
▪️ 1/4 Pint Candles are 4oz with 20-25hours burn time",,,,,4 oz 1/4 Pint,,3,$12.00,,,,,3,Surfs400,Surfs160,https://www.surfsupcandle.com/cdn/shop/files/IMG_7076.jpg?v=1688412244&width=2800,IMG_7076.jpg?v=1688412244&width=2800,,,Surfs800,IMG_7076.jpg?v=1688412244&width=2800,
HARVEST MOON PAINT CAN CANDLE - VINTAGE COLLECTION,HARVEST MOON PAINT CAN CANDLE - VINTAGE COLLECTION,,"😍Harvest Moon is a true scent for Autumn with fresh berries and eucalyptus mixed with spruce, woods, and cedar.

🏄🏽‍♀️Surf's Up candles are all natural soy wax, no dyes, paraffin, lead, or petroleum content

💫Hand Poured in Small Batches using custom created scents

🔥Features a cotton wick to ensure a smooth, clean burn

🔹Made in the U.S.A.

Available sizes👇🏽

▪️ Pint Candles are 16oz with 80-100 hours burn time
▪️ 1/2 Pint Candles are 8oz with 40-50 hours burn time
▪️ 1/4 Pint Candles are 4oz with 20-25hours burn time",,,,,16 oz Pint,,3,$26.00,,,,,3,Surfs400,Surfs160,https://www.surfsupcandle.com/cdn/shop/files/IMG_7107.jpg?v=1688411104&width=3024,IMG_7107.jpg?v=1688411104&width=3024,,,Surfs800,IMG_7107.jpg?v=1688411104&width=3024,
HARVEST MOON PAINT CAN CANDLE - VINTAGE COLLECTION,HARVEST MOON PAINT CAN CANDLE - VINTAGE COLLECTION,,"😍Harvest Moon is a true scent for Autumn with fresh berries and eucalyptus mixed with spruce, woods, and cedar.

🏄🏽‍♀️Surf's Up candles are all natural soy wax, no dyes, paraffin, lead, or petroleum content

💫Hand Poured in Small Batches using custom created scents

🔥Features a cotton wick to ensure a smooth, clean burn

🔹Made in the U.S.A.

Available sizes👇🏽

▪️ Pint Candles are 16oz with 80-100 hours burn time
▪️ 1/2 Pint Candles are 8oz with 40-50 hours burn time
▪️ 1/4 Pint Candles are 4oz with 20-25hours burn time",,,,,8 oz 1/2 Pint,,3,$19.00,,,,,3,Surfs400,Surfs160,https://www.surfsupcandle.com/cdn/shop/files/IMG_7105.jpg?v=1688411104&width=3024,IMG_7105.jpg?v=1688411104&width=3024,,,Surfs800,IMG_7105.jpg?v=1688411104&width=3024,
HARVEST MOON PAINT CAN CANDLE - VINTAGE COLLECTION,HARVEST MOON PAINT CAN CANDLE - VINTAGE COLLECTION,,"😍Harvest Moon is a true scent for Autumn with fresh berries and eucalyptus mixed with spruce, woods, and cedar.

🏄🏽‍♀️Surf's Up candles are all natural soy wax, no dyes, paraffin, lead, or petroleum content

💫Hand Poured in Small Batches using custom created scents

🔥Features a cotton wick to ensure a smooth, clean burn

🔹Made in the U.S.A.

Available sizes👇🏽

▪️ Pint Candles are 16oz with 80-100 hours burn time
▪️ 1/2 Pint Candles are 8oz with 40-50 hours burn time
▪️ 1/4 Pint Candles are 4oz with 20-25hours burn time",,,,,4 oz 1/4 Pint,,3,$12.00,,,,,3,Surfs400,Surfs160,https://www.surfsupcandle.com/cdn/shop/files/IMG_7104_75405a4b-e7b9-48c0-bc8c-9d491d4cc263.jpg?v=1688411104&width=3024,IMG_7104_75405a4b-e7b9-48c0-bc8c-9d491d4cc263.jpg?v=1688411104&width=3024,,,Surfs800,IMG_7104_75405a4b-e7b9-48c0-bc8c-9d491d4cc263.jpg?v=1688411104&width=3024,
SUGAR GLAZED DONUT PAINT CAN CANDLE - VINTAGE COLLECTION,SUGAR GLAZED DONUT PAINT CAN CANDLE - VINTAGE COLLECTION,,"😍Enjoy the delicious smell of freshly baked donuts with a hint of butter and sweet vanilla.

🏄🏽‍♀️Surf's Up candles are all natural soy wax, no dyes, paraffin, lead, or petroleum content

💫Hand Poured in Small Batches using custom created scents

🔥Features a cotton wick to ensure a smooth, clean burn

🔹Made in the U.S.A.

Available sizes👇🏽

▪️ Pint Candles are 16oz with 80-100 hours burn time
▪️ 1/2 Pint Candles are 8oz with 40-50 hours burn time
▪️ 1/4 Pint Candles are 4oz with 20-25hours burn time",,,,,16 oz Pint,,3,$26.00,,,,,3,Surfs400,Surfs160,https://www.surfsupcandle.com/cdn/shop/files/IMG_8162.jpg?v=1682519255&width=3023,IMG_8162.jpg?v=1682519255&width=3023,,,Surfs800,IMG_8162.jpg?v=1682519255&width=3023,
SUGAR GLAZED DONUT PAINT CAN CANDLE - VINTAGE COLLECTION,SUGAR GLAZED DONUT PAINT CAN CANDLE - VINTAGE COLLECTION,,"😍Enjoy the delicious smell of freshly baked donuts with a hint of butter and sweet vanilla.

🏄🏽‍♀️Surf's Up candles are all natural soy wax, no dyes, paraffin, lead, or petroleum content

💫Hand Poured in Small Batches using custom created scents

🔥Features a cotton wick to ensure a smooth, clean burn

🔹Made in the U.S.A.

Available sizes👇🏽

▪️ Pint Candles are 16oz with 80-100 hours burn time
▪️ 1/2 Pint Candles are 8oz with 40-50 hours burn time
▪️ 1/4 Pint Candles are 4oz with 20-25hours burn time",,,,,8 oz 1/2 Pint,,3,$19.00,,,,,3,Surfs400,Surfs160,https://www.surfsupcandle.com/cdn/shop/files/IMG_8164.jpg?v=1682519273&width=3023,IMG_8164.jpg?v=1682519273&width=3023,,,Surfs800,IMG_8164.jpg?v=1682519273&width=3023,
SUGAR GLAZED DONUT PAINT CAN CANDLE - VINTAGE COLLECTION,SUGAR GLAZED DONUT PAINT CAN CANDLE - VINTAGE COLLECTION,,"😍Enjoy the delicious smell of freshly baked donuts with a hint of butter and sweet vanilla.

🏄🏽‍♀️Surf's Up candles are all natural soy wax, no dyes, paraffin, lead, or petroleum content

💫Hand Poured in Small Batches using custom created scents

🔥Features a cotton wick to ensure a smooth, clean burn

🔹Made in the U.S.A.

Available sizes👇🏽

▪️ Pint Candles are 16oz with 80-100 hours burn time
▪️ 1/2 Pint Candles are 8oz with 40-50 hours burn time
▪️ 1/4 Pint Candles are 4oz with 20-25hours burn time",,,,,4 oz 1/4 Pint,,3,$12.00,,,,,3,Surfs400,Surfs160,https://www.surfsupcandle.com/cdn/shop/files/IMG_8165.jpg?v=1682519274&width=3023,IMG_8165.jpg?v=1682519274&width=3023,,,Surfs800,IMG_8165.jpg?v=1682519274&width=3023,
SEAWEED MASON JAR CANDLE - ORIGINAL COLLECTION,SEAWEED MASON JAR CANDLE - ORIGINAL COLLECTION,,"😍This Oceanic fragrance with notes of salt-water, moss, and green herbs, will leave you feeling like you are standing right at the shoreline.

🏄🏽‍♀️Surf's Up candles are all natural soy wax, no dyes, paraffin, lead, or petroleum content

💫Hand Poured in Small Batches using custom created scents

🔥Features a cotton wick to ensure a smooth, clean burn

🔹Made in the U.S.A.

Available sizes👇🏽

▪️ Jumbo: 26oz Reusable Mason Jar with an approximate 140 hour burn time
▪️ Large: 16oz Reusable Mason Jar with an approximate 80 hour burn time
▪️ Medium: 8oz Reusable Mason Jar with an approximate 60 hour burn time
▪️ Mini: 4oz Reusable Mason Jar with an approxiamate 20 hour burn time
▪️ Wax Melt: 2oz",,,,,26 oz Jumbo,,3,$36.00,,,,,3,Surfs400,Surfs160,https://www.surfsupcandle.com/cdn/shop/files/IMG_8026_1.jpg?v=1683319670&width=3023,IMG_8026_1.jpg?v=1683319670&width=3023,,,Surfs800,IMG_8026_1.jpg?v=1683319670&width=3023,
SEAWEED MASON JAR CANDLE - ORIGINAL COLLECTION,SEAWEED MASON JAR CANDLE - ORIGINAL COLLECTION,,"😍This Oceanic fragrance with notes of salt-water, moss, and green herbs, will leave you feeling like you are standing right at the shoreline.

🏄🏽‍♀️Surf's Up candles are all natural soy wax, no dyes, paraffin, lead, or petroleum content

💫Hand Poured in Small Batches using custom created scents

🔥Features a cotton wick to ensure a smooth, clean burn

🔹Made in the U.S.A.

Available sizes👇🏽

▪️ Jumbo: 26oz Reusable Mason Jar with an approximate 140 hour burn time
▪️ Large: 16oz Reusable Mason Jar with an approximate 80 hour burn time
▪️ Medium: 8oz Reusable Mason Jar with an approximate 60 hour burn time
▪️ Mini: 4oz Reusable Mason Jar with an approxiamate 20 hour burn time
▪️ Wax Melt: 2oz",,,,,16 oz Large,,3,$24.00,,,,,3,Surfs400,Surfs160,https://www.surfsupcandle.com/cdn/shop/files/IMG_8028.jpg?v=1683319673&width=3023,IMG_8028.jpg?v=1683319673&width=3023,,,Surfs800,IMG_8028.jpg?v=1683319673&width=3023,
SEAWEED MASON JAR CANDLE - ORIGINAL COLLECTION,SEAWEED MASON JAR CANDLE - ORIGINAL COLLECTION,,"😍This Oceanic fragrance with notes of salt-water, moss, and green herbs, will leave you feeling like you are standing right at the shoreline.

🏄🏽‍♀️Surf's Up candles are all natural soy wax, no dyes, paraffin, lead, or petroleum content

💫Hand Poured in Small Batches using custom created scents

🔥Features a cotton wick to ensure a smooth, clean burn

🔹Made in the U.S.A.

Available sizes👇🏽

▪️ Jumbo: 26oz Reusable Mason Jar with an approximate 140 hour burn time
▪️ Large: 16oz Reusable Mason Jar with an approximate 80 hour burn time
▪️ Medium: 8oz Reusable Mason Jar with an approximate 60 hour burn time
▪️ Mini: 4oz Reusable Mason Jar with an approxiamate 20 hour burn time
▪️ Wax Melt: 2oz",,,,,8 oz Medium,,3,$18.00,,,,,3,Surfs400,Surfs160,https://www.surfsupcandle.com/cdn/shop/files/IMG_8030.jpg?v=1683319674&width=3023,IMG_8030.jpg?v=1683319674&width=3023,,,Surfs800,IMG_8030.jpg?v=1683319674&width=3023,
SEAWEED MASON JAR CANDLE - ORIGINAL COLLECTION,SEAWEED MASON JAR CANDLE - ORIGINAL COLLECTION,,"😍This Oceanic fragrance with notes of salt-water, moss, and green herbs, will leave you feeling like you are standing right at the shoreline.

🏄🏽‍♀️Surf's Up candles are all natural soy wax, no dyes, paraffin, lead, or petroleum content

💫Hand Poured in Small Batches using custom created scents

🔥Features a cotton wick to ensure a smooth, clean burn

🔹Made in the U.S.A.

Available sizes👇🏽

▪️ Jumbo: 26oz Reusable Mason Jar with an approximate 140 hour burn time
▪️ Large: 16oz Reusable Mason Jar with an approximate 80 hour burn time
▪️ Medium: 8oz Reusable Mason Jar with an approximate 60 hour burn time
▪️ Mini: 4oz Reusable Mason Jar with an approxiamate 20 hour burn time
▪️ Wax Melt: 2oz",,,,,4 oz Mini,,3,$10.00,,,,,3,Surfs400,Surfs160,https://www.surfsupcandle.com/cdn/shop/files/IMG_8029.jpg?v=1683319675&width=3023,IMG_8029.jpg?v=1683319675&width=3023,,,Surfs800,IMG_8029.jpg?v=1683319675&width=3023,
SEAWEED MASON JAR CANDLE - ORIGINAL COLLECTION,SEAWEED MASON JAR CANDLE - ORIGINAL COLLECTION,,"😍This Oceanic fragrance with notes of salt-water, moss, and green herbs, will leave you feeling like you are standing right at the shoreline.

🏄🏽‍♀️Surf's Up candles are all natural soy wax, no dyes, paraffin, lead, or petroleum content

💫Hand Poured in Small Batches using custom created scents

🔥Features a cotton wick to ensure a smooth, clean burn

🔹Made in the U.S.A.

Available sizes👇🏽

▪️ Jumbo: 26oz Reusable Mason Jar with an approximate 140 hour burn time
▪️ Large: 16oz Reusable Mason Jar with an approximate 80 hour burn time
▪️ Medium: 8oz Reusable Mason Jar with an approximate 60 hour burn time
▪️ Mini: 4oz Reusable Mason Jar with an approxiamate 20 hour burn time
▪️ Wax Melt: 2oz",,,,,Wax Melt,,3,$6.00,,,,,3,Surfs400,Surfs160,https://www.surfsupcandle.com/cdn/shop/files/IMG_8027.jpg?v=1683319678&width=3023,IMG_8027.jpg?v=1683319678&width=3023,,,Surfs800,IMG_8027.jpg?v=1683319678&width=3023,
AVOCADO & CILANTRO MASON JAR CANDLE - ORIGINAL COLLECTION,AVOCADO & CILANTRO MASON JAR CANDLE - ORIGINAL COLLECTION,,"😍Enjoy the fresh scent of avocado mixed with a hint of cilantro and zesty lime.

🏄🏽‍♀️Surf's Up candles are all natural soy wax, no dyes, paraffin, lead, or petroleum content

💫Hand Poured in Small Batches using custom created scents

🔥Features a cotton wick to ensure a smooth, clean burn

🔹Made in the U.S.A.

Available sizes👇🏽

▪️ Jumbo: 26oz Reusable Mason Jar with an approximate 140 hour burn time
▪️ Large: 16oz Reusable Mason Jar with an approximate 80 hour burn time
▪️ Medium: 8oz Reusable Mason Jar with an approximate 60 hour burn time
▪️ Mini: 4oz Reusable Mason Jar with an approxiamate 20 hour burn time
▪️ Wax Melt: 2oz",,,,,26 oz Jumbo,,3,$36.00,,,,,3,Surfs400,Surfs160,https://www.surfsupcandle.com/cdn/shop/files/IMG_7890.jpg?v=1683315730&width=3023,IMG_7890.jpg?v=1683315730&width=3023,,,Surfs800,IMG_7890.jpg?v=1683315730&width=3023,
AVOCADO & CILANTRO MASON JAR CANDLE - ORIGINAL COLLECTION,AVOCADO & CILANTRO MASON JAR CANDLE - ORIGINAL COLLECTION,,"😍Enjoy the fresh scent of avocado mixed with a hint of cilantro and zesty lime.

🏄🏽‍♀️Surf's Up candles are all natural soy wax, no dyes, paraffin, lead, or petroleum content

💫Hand Poured in Small Batches using custom created scents

🔥Features a cotton wick to ensure a smooth, clean burn

🔹Made in the U.S.A.

Available sizes👇🏽

▪️ Jumbo: 26oz Reusable Mason Jar with an approximate 140 hour burn time
▪️ Large: 16oz Reusable Mason Jar with an approximate 80 hour burn time
▪️ Medium: 8oz Reusable Mason Jar with an approximate 60 hour burn time
▪️ Mini: 4oz Reusable Mason Jar with an approxiamate 20 hour burn time
▪️ Wax Melt: 2oz",,,,,16 oz Large,,3,$24.00,,,,,3,Surfs400,Surfs160,https://www.surfsupcandle.com/cdn/shop/files/IMG_7892.jpg?v=1683315734&width=3023,IMG_7892.jpg?v=1683315734&width=3023,,,Surfs800,IMG_7892.jpg?v=1683315734&width=3023,
AVOCADO & CILANTRO MASON JAR CANDLE - ORIGINAL COLLECTION,AVOCADO & CILANTRO MASON JAR CANDLE - ORIGINAL COLLECTION,,"😍Enjoy the fresh scent of avocado mixed with a hint of cilantro and zesty lime.

🏄🏽‍♀️Surf's Up candles are all natural soy wax, no dyes, paraffin, lead, or petroleum content

💫Hand Poured in Small Batches using custom created scents

🔥Features a cotton wick to ensure a smooth, clean burn

🔹Made in the U.S.A.

Available sizes👇🏽

▪️ Jumbo: 26oz Reusable Mason Jar with an approximate 140 hour burn time
▪️ Large: 16oz Reusable Mason Jar with an approximate 80 hour burn time
▪️ Medium: 8oz Reusable Mason Jar with an approximate 60 hour burn time
▪️ Mini: 4oz Reusable Mason Jar with an approxiamate 20 hour burn time
▪️ Wax Melt: 2oz",,,,,8 oz Medium,,3,$18.00,,,,,3,Surfs400,Surfs160,https://www.surfsupcandle.com/cdn/shop/files/IMG_7893.jpg?v=1683315737&width=3023,IMG_7893.jpg?v=1683315737&width=3023,,,Surfs800,IMG_7893.jpg?v=1683315737&width=3023,
AVOCADO & CILANTRO MASON JAR CANDLE - ORIGINAL COLLECTION,AVOCADO & CILANTRO MASON JAR CANDLE - ORIGINAL COLLECTION,,"😍Enjoy the fresh scent of avocado mixed with a hint of cilantro and zesty lime.

🏄🏽‍♀️Surf's Up candles are all natural soy wax, no dyes, paraffin, lead, or petroleum content

💫Hand Poured in Small Batches using custom created scents

🔥Features a cotton wick to ensure a smooth, clean burn

🔹Made in the U.S.A.

Available sizes👇🏽

▪️ Jumbo: 26oz Reusable Mason Jar with an approximate 140 hour burn time
▪️ Large: 16oz Reusable Mason Jar with an approximate 80 hour burn time
▪️ Medium: 8oz Reusable Mason Jar with an approximate 60 hour burn time
▪️ Mini: 4oz Reusable Mason Jar with an approxiamate 20 hour burn time
▪️ Wax Melt: 2oz",,,,,4 oz Mini,,3,$10.00,,,,,3,Surfs400,Surfs160,https://www.surfsupcandle.com/cdn/shop/files/IMG_7894.jpg?v=1683315739&width=3023,IMG_7894.jpg?v=1683315739&width=3023,,,Surfs800,IMG_7894.jpg?v=1683315739&width=3023,
AVOCADO & CILANTRO MASON JAR CANDLE - ORIGINAL COLLECTION,AVOCADO & CILANTRO MASON JAR CANDLE - ORIGINAL COLLECTION,,"😍Enjoy the fresh scent of avocado mixed with a hint of cilantro and zesty lime.

🏄🏽‍♀️Surf's Up candles are all natural soy wax, no dyes, paraffin, lead, or petroleum content

💫Hand Poured in Small Batches using custom created scents

🔥Features a cotton wick to ensure a smooth, clean burn

🔹Made in the U.S.A.

Available sizes👇🏽

▪️ Jumbo: 26oz Reusable Mason Jar with an approximate 140 hour burn time
▪️ Large: 16oz Reusable Mason Jar with an approximate 80 hour burn time
▪️ Medium: 8oz Reusable Mason Jar with an approximate 60 hour burn time
▪️ Mini: 4oz Reusable Mason Jar with an approxiamate 20 hour burn time
▪️ Wax Melt: 2oz",,,,,Wax Melt,,3,$6.00,,,,,3,Surfs400,Surfs160,https://www.surfsupcandle.com/cdn/shop/files/IMG_7891.jpg?v=1683315742&width=3023,IMG_7891.jpg?v=1683315742&width=3023,,,Surfs800,IMG_7891.jpg?v=1683315742&width=3023,
SUNFLOWERS MASON JAR CANDLE - ORIGINAL COLLECTION,SUNFLOWERS MASON JAR CANDLE - ORIGINAL COLLECTION,,"😍This flowery burst of sunshine fragrance is a floral mix of grapefruit, bergamot and sweet grass with lily, jasmine, sage and sandalwood.
🏄🏽‍♀️Surf's Up candles are all natural soy wax, no dyes, paraffin, lead, or petroleum content

💫Hand Poured in Small Batches using custom created scents

🔥Features a cotton wick to ensure a smooth, clean burn

🔹Made in the U.S.A.

Available sizes👇🏽

▪️ Jumbo: 26oz Reusable Mason Jar with an approximate 140 hour burn time
▪️ Large: 16oz Reusable Mason Jar with an approximate 80 hour burn time
▪️ Medium: 8oz Reusable Mason Jar with an approximate 60 hour burn time
▪️ Mini: 4oz Reusable Mason Jar with an approxiamate 20 hour burn time
▪️ Wax Melt: 2oz",,,,,26 oz Jumbo,,3,$36.00,,,,,3,Surfs400,Surfs160,https://www.surfsupcandle.com/cdn/shop/products/IMG_7255_325a6ca1-94df-41c8-90c6-451d8c356351.jpg?v=1679604926&width=2962,IMG_7255_325a6ca1-94df-41c8-90c6-451d8c356351.jpg?v=1679604926&width=2962,,,Surfs800,IMG_7255_325a6ca1-94df-41c8-90c6-451d8c356351.jpg?v=1679604926&width=2962,
SUNFLOWERS MASON JAR CANDLE - ORIGINAL COLLECTION,SUNFLOWERS MASON JAR CANDLE - ORIGINAL COLLECTION,,"😍This flowery burst of sunshine fragrance is a floral mix of grapefruit, bergamot and sweet grass with lily, jasmine, sage and sandalwood.
🏄🏽‍♀️Surf's Up candles are all natural soy wax, no dyes, paraffin, lead, or petroleum content

💫Hand Poured in Small Batches using custom created scents

🔥Features a cotton wick to ensure a smooth, clean burn

🔹Made in the U.S.A.

Available sizes👇🏽

▪️ Jumbo: 26oz Reusable Mason Jar with an approximate 140 hour burn time
▪️ Large: 16oz Reusable Mason Jar with an approximate 80 hour burn time
▪️ Medium: 8oz Reusable Mason Jar with an approximate 60 hour burn time
▪️ Mini: 4oz Reusable Mason Jar with an approxiamate 20 hour burn time
▪️ Wax Melt: 2oz",,,,,16 oz Large,,3,$24.00,,,,,3,Surfs400,Surfs160,https://www.surfsupcandle.com/cdn/shop/products/IMG_7254_0056bfbb-f48d-4c22-af18-69179890d369.jpg?v=1679604937&width=2962,IMG_7254_0056bfbb-f48d-4c22-af18-69179890d369.jpg?v=1679604937&width=2962,,,Surfs800,IMG_7254_0056bfbb-f48d-4c22-af18-69179890d369.jpg?v=1679604937&width=2962,
SUNFLOWERS MASON JAR CANDLE - ORIGINAL COLLECTION,SUNFLOWERS MASON JAR CANDLE - ORIGINAL COLLECTION,,"😍This flowery burst of sunshine fragrance is a floral mix of grapefruit, bergamot and sweet grass with lily, jasmine, sage and sandalwood.
🏄🏽‍♀️Surf's Up candles are all natural soy wax, no dyes, paraffin, lead, or petroleum content

💫Hand Poured in Small Batches using custom created scents

🔥Features a cotton wick to ensure a smooth, clean burn

🔹Made in the U.S.A.

Available sizes👇🏽

▪️ Jumbo: 26oz Reusable Mason Jar with an approximate 140 hour burn time
▪️ Large: 16oz Reusable Mason Jar with an approximate 80 hour burn time
▪️ Medium: 8oz Reusable Mason Jar with an approximate 60 hour burn time
▪️ Mini: 4oz Reusable Mason Jar with an approxiamate 20 hour burn time
▪️ Wax Melt: 2oz",,,,,8 oz Medium,,3,$18.00,,,,,3,Surfs400,Surfs160,https://www.surfsupcandle.com/cdn/shop/products/IMG_7252.jpg?v=1679604950&width=2962,IMG_7252.jpg?v=1679604950&width=2962,,,Surfs800,IMG_7252.jpg?v=1679604950&width=2962,
SUNFLOWERS MASON JAR CANDLE - ORIGINAL COLLECTION,SUNFLOWERS MASON JAR CANDLE - ORIGINAL COLLECTION,,"😍This flowery burst of sunshine fragrance is a floral mix of grapefruit, bergamot and sweet grass with lily, jasmine, sage and sandalwood.
🏄🏽‍♀️Surf's Up candles are all natural soy wax, no dyes, paraffin, lead, or petroleum content

💫Hand Poured in Small Batches using custom created scents

🔥Features a cotton wick to ensure a smooth, clean burn

🔹Made in the U.S.A.

Available sizes👇🏽

▪️ Jumbo: 26oz Reusable Mason Jar with an approximate 140 hour burn time
▪️ Large: 16oz Reusable Mason Jar with an approximate 80 hour burn time
▪️ Medium: 8oz Reusable Mason Jar with an approximate 60 hour burn time
▪️ Mini: 4oz Reusable Mason Jar with an approxiamate 20 hour burn time
▪️ Wax Melt: 2oz",,,,,4 oz Mini,,3,$10.00,,,,,3,Surfs400,Surfs160,https://www.surfsupcandle.com/cdn/shop/products/IMG_7253.jpg?v=1679604965&width=2495,IMG_7253.jpg?v=1679604965&width=2495,,,Surfs800,IMG_7253.jpg?v=1679604965&width=2495,
SUNFLOWERS MASON JAR CANDLE - ORIGINAL COLLECTION,SUNFLOWERS MASON JAR CANDLE - ORIGINAL COLLECTION,,"😍This flowery burst of sunshine fragrance is a floral mix of grapefruit, bergamot and sweet grass with lily, jasmine, sage and sandalwood.
🏄🏽‍♀️Surf's Up candles are all natural soy wax, no dyes, paraffin, lead, or petroleum content

💫Hand Poured in Small Batches using custom created scents

🔥Features a cotton wick to ensure a smooth, clean burn

🔹Made in the U.S.A.

Available sizes👇🏽

▪️ Jumbo: 26oz Reusable Mason Jar with an approximate 140 hour burn time
▪️ Large: 16oz Reusable Mason Jar with an approximate 80 hour burn time
▪️ Medium: 8oz Reusable Mason Jar with an approximate 60 hour burn time
▪️ Mini: 4oz Reusable Mason Jar with an approxiamate 20 hour burn time
▪️ Wax Melt: 2oz",,,,,Wax Melt,,3,$6.00,,,,,3,Surfs400,Surfs160,https://www.surfsupcandle.com/cdn/shop/products/IMG_7251.jpg?v=1679604979&width=2756,IMG_7251.jpg?v=1679604979&width=2756,,,Surfs800,IMG_7251.jpg?v=1679604979&width=2756,
HARVEST MOON MASON JAR CANDLE - ORIGINAL COLLECTION,HARVEST MOON MASON JAR CANDLE - ORIGINAL COLLECTION,,"😍Harvest Moon is a true scent for Autumn with fresh berries and eucalyptus mixed with spruce, woods, and cedar.

🏄🏽‍♀️Surf's Up candles are all natural soy wax, no dyes, paraffin, lead, or petroleum content

💫Hand Poured in Small Batches using custom created scents

🔥Features a cotton wick to ensure a smooth, clean burn

🔹Made in the U.S.A.

Available sizes👇🏽

▪️ Jumbo: 26oz Reusable Mason Jar with an approximate 140 hour burn time
▪️ Large: 16oz Reusable Mason Jar with an approximate 80 hour burn time
▪️ Medium: 8oz Reusable Mason Jar with an approximate 60 hour burn time
▪️ Mini: 4oz Reusable Mason Jar with an approxiamate 20 hour burn time
▪️ Wax Melt: 2oz",,,,,26 oz Jumbo,,3,$36.00,,,,,3,Surfs400,Surfs160,https://www.surfsupcandle.com/cdn/shop/files/IMG_8021.jpg?v=1683315418&width=3023,IMG_8021.jpg?v=1683315418&width=3023,,,Surfs800,IMG_8021.jpg?v=1683315418&width=3023,
HARVEST MOON MASON JAR CANDLE - ORIGINAL COLLECTION,HARVEST MOON MASON JAR CANDLE - ORIGINAL COLLECTION,,"😍Harvest Moon is a true scent for Autumn with fresh berries and eucalyptus mixed with spruce, woods, and cedar.

🏄🏽‍♀️Surf's Up candles are all natural soy wax, no dyes, paraffin, lead, or petroleum content

💫Hand Poured in Small Batches using custom created scents

🔥Features a cotton wick to ensure a smooth, clean burn

🔹Made in the U.S.A.

Available sizes👇🏽

▪️ Jumbo: 26oz Reusable Mason Jar with an approximate 140 hour burn time
▪️ Large: 16oz Reusable Mason Jar with an approximate 80 hour burn time
▪️ Medium: 8oz Reusable Mason Jar with an approximate 60 hour burn time
▪️ Mini: 4oz Reusable Mason Jar with an approxiamate 20 hour burn time
▪️ Wax Melt: 2oz",,,,,16 oz Large,,3,$24.00,,,,,3,Surfs400,Surfs160,https://www.surfsupcandle.com/cdn/shop/files/IMG_8022.jpg?v=1683315430&width=3023,IMG_8022.jpg?v=1683315430&width=3023,,,Surfs800,IMG_8022.jpg?v=1683315430&width=3023,
HARVEST MOON MASON JAR CANDLE - ORIGINAL COLLECTION,HARVEST MOON MASON JAR CANDLE - ORIGINAL COLLECTION,,"😍Harvest Moon is a true scent for Autumn with fresh berries and eucalyptus mixed with spruce, woods, and cedar.

🏄🏽‍♀️Surf's Up candles are all natural soy wax, no dyes, paraffin, lead, or petroleum content

💫Hand Poured in Small Batches using custom created scents

🔥Features a cotton wick to ensure a smooth, clean burn

🔹Made in the U.S.A.

Available sizes👇🏽

▪️ Jumbo: 26oz Reusable Mason Jar with an approximate 140 hour burn time
▪️ Large: 16oz Reusable Mason Jar with an approximate 80 hour burn time
▪️ Medium: 8oz Reusable Mason Jar with an approximate 60 hour burn time
▪️ Mini: 4oz Reusable Mason Jar with an approxiamate 20 hour burn time
▪️ Wax Melt: 2oz",,,,,8 oz Medium,,3,$18.00,,,,,3,Surfs400,Surfs160,https://www.surfsupcandle.com/cdn/shop/files/IMG_8023.jpg?v=1683315434&width=3023,IMG_8023.jpg?v=1683315434&width=3023,,,Surfs800,IMG_8023.jpg?v=1683315434&width=3023,
HARVEST MOON MASON JAR CANDLE - ORIGINAL COLLECTION,HARVEST MOON MASON JAR CANDLE - ORIGINAL COLLECTION,,"😍Harvest Moon is a true scent for Autumn with fresh berries and eucalyptus mixed with spruce, woods, and cedar.

🏄🏽‍♀️Surf's Up candles are all natural soy wax, no dyes, paraffin, lead, or petroleum content

💫Hand Poured in Small Batches using custom created scents

🔥Features a cotton wick to ensure a smooth, clean burn

🔹Made in the U.S.A.

Available sizes👇🏽

▪️ Jumbo: 26oz Reusable Mason Jar with an approximate 140 hour burn time
▪️ Large: 16oz Reusable Mason Jar with an approximate 80 hour burn time
▪️ Medium: 8oz Reusable Mason Jar with an approximate 60 hour burn time
▪️ Mini: 4oz Reusable Mason Jar with an approxiamate 20 hour burn time
▪️ Wax Melt: 2oz",,,,,4 oz Mini,,3,$10.00,,,,,3,Surfs400,Surfs160,https://www.surfsupcandle.com/cdn/shop/files/IMG_8024.jpg?v=1683315434&width=3023,IMG_8024.jpg?v=1683315434&width=3023,,,Surfs800,IMG_8024.jpg?v=1683315434&width=3023,
HARVEST MOON MASON JAR CANDLE - ORIGINAL COLLECTION,HARVEST MOON MASON JAR CANDLE - ORIGINAL COLLECTION,,"😍Harvest Moon is a true scent for Autumn with fresh berries and eucalyptus mixed with spruce, woods, and cedar.

🏄🏽‍♀️Surf's Up candles are all natural soy wax, no dyes, paraffin, lead, or petroleum content

💫Hand Poured in Small Batches using custom created scents

🔥Features a cotton wick to ensure a smooth, clean burn

🔹Made in the U.S.A.

Available sizes👇🏽

▪️ Jumbo: 26oz Reusable Mason Jar with an approximate 140 hour burn time
▪️ Large: 16oz Reusable Mason Jar with an approximate 80 hour burn time
▪️ Medium: 8oz Reusable Mason Jar with an approximate 60 hour burn time
▪️ Mini: 4oz Reusable Mason Jar with an approxiamate 20 hour burn time
▪️ Wax Melt: 2oz",,,,,Wax Melt,,3,$6.00,,,,,3,Surfs400,Surfs160,https://www.surfsupcandle.com/cdn/shop/files/IMG_8020.jpg?v=1683315436&width=3023,IMG_8020.jpg?v=1683315436&width=3023,,,Surfs800,IMG_8020.jpg?v=1683315436&width=3023,
BROWN SUGAR & FIG MASON JAR CANDLE - ORIGINAL COLLECTION,BROWN SUGAR & FIG MASON JAR CANDLE - ORIGINAL COLLECTION,,"😍Enjoy the sweet aroma of our brown sugar and fig candle. Your sure to fall in love with the combination of fresh figs, peaches, and passion fruit mixed with coconut milk, vanilla orchid, jasmine, with hints of vanilla beans, caramel, and maple sugar.

🏄🏽‍♀️Surf's Up candles are all natural soy wax, no dyes, paraffin, lead, or petroleum content

💫Hand Poured in Small Batches using custom created scents

🔥Features a cotton wick to ensure a smooth, clean burn

🔹Made in the U.S.A.

Available sizes👇🏽

▪️ Jumbo: 26oz Reusable Mason Jar with an approximate 140 hour burn time
▪️ Large: 16oz Reusable Mason Jar with an approximate 80 hour burn time
▪️ Medium: 8oz Reusable Mason Jar with an approximate 60 hour burn time
▪️ Mini: 4oz Reusable Mason Jar with an approxiamate 20 hour burn time
▪️ Wax Melt: 2oz",,,,,26 oz Jumbo,,3,$36.00,,,,,3,Surfs400,Surfs160,https://www.surfsupcandle.com/cdn/shop/files/IMG_8469.jpg?v=1683315174&width=3023,IMG_8469.jpg?v=1683315174&width=3023,,,Surfs800,IMG_8469.jpg?v=1683315174&width=3023,
BROWN SUGAR & FIG MASON JAR CANDLE - ORIGINAL COLLECTION,BROWN SUGAR & FIG MASON JAR CANDLE - ORIGINAL COLLECTION,,"😍Enjoy the sweet aroma of our brown sugar and fig candle. Your sure to fall in love with the combination of fresh figs, peaches, and passion fruit mixed with coconut milk, vanilla orchid, jasmine, with hints of vanilla beans, caramel, and maple sugar.

🏄🏽‍♀️Surf's Up candles are all natural soy wax, no dyes, paraffin, lead, or petroleum content

💫Hand Poured in Small Batches using custom created scents

🔥Features a cotton wick to ensure a smooth, clean burn

🔹Made in the U.S.A.

Available sizes👇🏽

▪️ Jumbo: 26oz Reusable Mason Jar with an approximate 140 hour burn time
▪️ Large: 16oz Reusable Mason Jar with an approximate 80 hour burn time
▪️ Medium: 8oz Reusable Mason Jar with an approximate 60 hour burn time
▪️ Mini: 4oz Reusable Mason Jar with an approxiamate 20 hour burn time
▪️ Wax Melt: 2oz",,,,,16 oz Large,,3,$24.00,,,,,3,Surfs400,Surfs160,https://www.surfsupcandle.com/cdn/shop/files/IMG_8471.jpg?v=1683315177&width=3023,IMG_8471.jpg?v=1683315177&width=3023,,,Surfs800,IMG_8471.jpg?v=1683315177&width=3023,
BROWN SUGAR & FIG MASON JAR CANDLE - ORIGINAL COLLECTION,BROWN SUGAR & FIG MASON JAR CANDLE - ORIGINAL COLLECTION,,"😍Enjoy the sweet aroma of our brown sugar and fig candle. Your sure to fall in love with the combination of fresh figs, peaches, and passion fruit mixed with coconut milk, vanilla orchid, jasmine, with hints of vanilla beans, caramel, and maple sugar.

🏄🏽‍♀️Surf's Up candles are all natural soy wax, no dyes, paraffin, lead, or petroleum content

💫Hand Poured in Small Batches using custom created scents

🔥Features a cotton wick to ensure a smooth, clean burn

🔹Made in the U.S.A.

Available sizes👇🏽

▪️ Jumbo: 26oz Reusable Mason Jar with an approximate 140 hour burn time
▪️ Large: 16oz Reusable Mason Jar with an approximate 80 hour burn time
▪️ Medium: 8oz Reusable Mason Jar with an approximate 60 hour burn time
▪️ Mini: 4oz Reusable Mason Jar with an approxiamate 20 hour burn time
▪️ Wax Melt: 2oz",,,,,8 oz Medium,,3,$18.00,,,,,3,Surfs400,Surfs160,https://www.surfsupcandle.com/cdn/shop/files/IMG_8472.jpg?v=1683315178&width=3023,IMG_8472.jpg?v=1683315178&width=3023,,,Surfs800,IMG_8472.jpg?v=1683315178&width=3023,
BROWN SUGAR & FIG MASON JAR CANDLE - ORIGINAL COLLECTION,BROWN SUGAR & FIG MASON JAR CANDLE - ORIGINAL COLLECTION,,"😍Enjoy the sweet aroma of our brown sugar and fig candle. Your sure to fall in love with the combination of fresh figs, peaches, and passion fruit mixed with coconut milk, vanilla orchid, jasmine, with hints of vanilla beans, caramel, and maple sugar.

🏄🏽‍♀️Surf's Up candles are all natural soy wax, no dyes, paraffin, lead, or petroleum content

💫Hand Poured in Small Batches using custom created scents

🔥Features a cotton wick to ensure a smooth, clean burn

🔹Made in the U.S.A.

Available sizes👇🏽

▪️ Jumbo: 26oz Reusable Mason Jar with an approximate 140 hour burn time
▪️ Large: 16oz Reusable Mason Jar with an approximate 80 hour burn time
▪️ Medium: 8oz Reusable Mason Jar with an approximate 60 hour burn time
▪️ Mini: 4oz Reusable Mason Jar with an approxiamate 20 hour burn time
▪️ Wax Melt: 2oz",,,,,4 oz Mini,,3,$10.00,,,,,3,Surfs400,Surfs160,https://www.surfsupcandle.com/cdn/shop/files/IMG_8473.jpg?v=1683315181&width=3023,IMG_8473.jpg?v=1683315181&width=3023,,,Surfs800,IMG_8473.jpg?v=1683315181&width=3023,
BROWN SUGAR & FIG MASON JAR CANDLE - ORIGINAL COLLECTION,BROWN SUGAR & FIG MASON JAR CANDLE - ORIGINAL COLLECTION,,"😍Enjoy the sweet aroma of our brown sugar and fig candle. Your sure to fall in love with the combination of fresh figs, peaches, and passion fruit mixed with coconut milk, vanilla orchid, jasmine, with hints of vanilla beans, caramel, and maple sugar.

🏄🏽‍♀️Surf's Up candles are all natural soy wax, no dyes, paraffin, lead, or petroleum content

💫Hand Poured in Small Batches using custom created scents

🔥Features a cotton wick to ensure a smooth, clean burn

🔹Made in the U.S.A.

Available sizes👇🏽

▪️ Jumbo: 26oz Reusable Mason Jar with an approximate 140 hour burn time
▪️ Large: 16oz Reusable Mason Jar with an approximate 80 hour burn time
▪️ Medium: 8oz Reusable Mason Jar with an approximate 60 hour burn time
▪️ Mini: 4oz Reusable Mason Jar with an approxiamate 20 hour burn time
▪️ Wax Melt: 2oz",,,,,Wax Melt,,3,$6.00,,,,,3,Surfs400,Surfs160,https://www.surfsupcandle.com/cdn/shop/files/IMG_8470.jpg?v=1683315183&width=3023,IMG_8470.jpg?v=1683315183&width=3023,,,Surfs800,IMG_8470.jpg?v=1683315183&width=3023,
HAWAIIAN SUN MASON JAR CANDLE - ORIGINAL COLLECTION,HAWAIIAN SUN MASON JAR CANDLE - ORIGINAL COLLECTION,,"😍It won't take long to feel like you're on a beach in Hawaii when you smell the fruity blend of coconut, passion fruit, guava, pineapple, banana, melon, and grapefruit

🏄🏽‍♀️Surf's Up candles are all natural soy wax, no dyes, paraffin, lead, or petroleum content

💫Hand Poured in Small Batches using custom created scents

🔥Features a cotton wick to ensure a smooth, clean burn

🔹Made in the U.S.A.

Available sizes👇🏽

▪️ Jumbo: 26oz Reusable Mason Jar with an approximate 140 hour burn time
▪️ Large: 16oz Reusable Mason Jar with an approximate 80 hour burn time
▪️ Medium: 8oz Reusable Mason Jar with an approximate 60 hour burn time
▪️ Mini: 4oz Reusable Mason Jar with an approxiamate 20 hour burn time
▪️ Wax Melt: 2oz",,,,,26 oz Jumbo,,3,$36.00,,,,,3,Surfs400,Surfs160,https://www.surfsupcandle.com/cdn/shop/files/IMG_8457.jpg?v=1683314461&width=3023,IMG_8457.jpg?v=1683314461&width=3023,,,Surfs800,IMG_8457.jpg?v=1683314461&width=3023,
HAWAIIAN SUN MASON JAR CANDLE - ORIGINAL COLLECTION,HAWAIIAN SUN MASON JAR CANDLE - ORIGINAL COLLECTION,,"😍It won't take long to feel like you're on a beach in Hawaii when you smell the fruity blend of coconut, passion fruit, guava, pineapple, banana, melon, and grapefruit

🏄🏽‍♀️Surf's Up candles are all natural soy wax, no dyes, paraffin, lead, or petroleum content

💫Hand Poured in Small Batches using custom created scents

🔥Features a cotton wick to ensure a smooth, clean burn

🔹Made in the U.S.A.

Available sizes👇🏽

▪️ Jumbo: 26oz Reusable Mason Jar with an approximate 140 hour burn time
▪️ Large: 16oz Reusable Mason Jar with an approximate 80 hour burn time
▪️ Medium: 8oz Reusable Mason Jar with an approximate 60 hour burn time
▪️ Mini: 4oz Reusable Mason Jar with an approxiamate 20 hour burn time
▪️ Wax Melt: 2oz",,,,,16 oz Large,,3,$24.00,,,,,3,Surfs400,Surfs160,https://www.surfsupcandle.com/cdn/shop/files/IMG_8459.jpg?v=1683314463&width=3023,IMG_8459.jpg?v=1683314463&width=3023,,,Surfs800,IMG_8459.jpg?v=1683314463&width=3023,
HAWAIIAN SUN MASON JAR CANDLE - ORIGINAL COLLECTION,HAWAIIAN SUN MASON JAR CANDLE - ORIGINAL COLLECTION,,"😍It won't take long to feel like you're on a beach in Hawaii when you smell the fruity blend of coconut, passion fruit, guava, pineapple, banana, melon, and grapefruit

🏄🏽‍♀️Surf's Up candles are all natural soy wax, no dyes, paraffin, lead, or petroleum content

💫Hand Poured in Small Batches using custom created scents

🔥Features a cotton wick to ensure a smooth, clean burn

🔹Made in the U.S.A.

Available sizes👇🏽

▪️ Jumbo: 26oz Reusable Mason Jar with an approximate 140 hour burn time
▪️ Large: 16oz Reusable Mason Jar with an approximate 80 hour burn time
▪️ Medium: 8oz Reusable Mason Jar with an approximate 60 hour burn time
▪️ Mini: 4oz Reusable Mason Jar with an approxiamate 20 hour burn time
▪️ Wax Melt: 2oz",,,,,8 oz Medium,,3,$18.00,,,,,3,Surfs400,Surfs160,https://www.surfsupcandle.com/cdn/shop/files/IMG_8460.jpg?v=1683314465&width=3023,IMG_8460.jpg?v=1683314465&width=3023,,,Surfs800,IMG_8460.jpg?v=1683314465&width=3023,
HAWAIIAN SUN MASON JAR CANDLE - ORIGINAL COLLECTION,HAWAIIAN SUN MASON JAR CANDLE - ORIGINAL COLLECTION,,"😍It won't take long to feel like you're on a beach in Hawaii when you smell the fruity blend of coconut, passion fruit, guava, pineapple, banana, melon, and grapefruit

🏄🏽‍♀️Surf's Up candles are all natural soy wax, no dyes, paraffin, lead, or petroleum content

💫Hand Poured in Small Batches using custom created scents

🔥Features a cotton wick to ensure a smooth, clean burn

🔹Made in the U.S.A.

Available sizes👇🏽

▪️ Jumbo: 26oz Reusable Mason Jar with an approximate 140 hour burn time
▪️ Large: 16oz Reusable Mason Jar with an approximate 80 hour burn time
▪️ Medium: 8oz Reusable Mason Jar with an approximate 60 hour burn time
▪️ Mini: 4oz Reusable Mason Jar with an approxiamate 20 hour burn time
▪️ Wax Melt: 2oz",,,,,4 oz Mini,,3,$10.00,,,,,3,Surfs400,Surfs160,https://www.surfsupcandle.com/cdn/shop/files/IMG_8461.jpg?v=1683314466&width=3023,IMG_8461.jpg?v=1683314466&width=3023,,,Surfs800,IMG_8461.jpg?v=1683314466&width=3023,
HAWAIIAN SUN MASON JAR CANDLE - ORIGINAL COLLECTION,HAWAIIAN SUN MASON JAR CANDLE - ORIGINAL COLLECTION,,"😍It won't take long to feel like you're on a beach in Hawaii when you smell the fruity blend of coconut, passion fruit, guava, pineapple, banana, melon, and grapefruit

🏄🏽‍♀️Surf's Up candles are all natural soy wax, no dyes, paraffin, lead, or petroleum content

💫Hand Poured in Small Batches using custom created scents

🔥Features a cotton wick to ensure a smooth, clean burn

🔹Made in the U.S.A.

Available sizes👇🏽

▪️ Jumbo: 26oz Reusable Mason Jar with an approximate 140 hour burn time
▪️ Large: 16oz Reusable Mason Jar with an approximate 80 hour burn time
▪️ Medium: 8oz Reusable Mason Jar with an approximate 60 hour burn time
▪️ Mini: 4oz Reusable Mason Jar with an approxiamate 20 hour burn time
▪️ Wax Melt: 2oz",,,,,Wax Melt,,3,$6.00,,,,,3,Surfs400,Surfs160,https://www.surfsupcandle.com/cdn/shop/files/IMG_8458.jpg?v=1683314469&width=3023,IMG_8458.jpg?v=1683314469&width=3023,,,Surfs800,IMG_8458.jpg?v=1683314469&width=3023,
BEACH BUM MASON JAR CANDLE - ORIGINAL COLLECTION,BEACH BUM MASON JAR CANDLE - ORIGINAL COLLECTION,,"😍Take the beach home with you with our Beach Bum scent. This fragrance captivates the smell of Summer by mixing mandarin, sand jasmine, and oceanic mist.

🏄🏽‍♀️Surf's Up candles are all natural soy wax, no dyes, paraffin, lead, or petroleum content

💫Hand Poured in Small Batches using custom created scents

🔥Features a cotton wick to ensure a smooth, clean burn

🔹Made in the U.S.A.

Available sizes👇🏽

▪️ Jumbo: 26oz Reusable Mason Jar with an approximate 140 hour burn time
▪️ Large: 16oz Reusable Mason Jar with an approximate 80 hour burn time
▪️ Medium: 8oz Reusable Mason Jar with an approximate 60 hour burn time
▪️ Mini: 4oz Reusable Mason Jar with an approxiamate 20 hour burn time
▪️ Wax Melt: 2oz",,,,,26 oz Jumbo,,3,$36.00,,,,,3,Surfs400,Surfs160,https://www.surfsupcandle.com/cdn/shop/products/IMG_7022.jpg?v=1679091579&width=2962,IMG_7022.jpg?v=1679091579&width=2962,,,Surfs800,IMG_7022.jpg?v=1679091579&width=2962,
BEACH BUM MASON JAR CANDLE - ORIGINAL COLLECTION,BEACH BUM MASON JAR CANDLE - ORIGINAL COLLECTION,,"😍Take the beach home with you with our Beach Bum scent. This fragrance captivates the smell of Summer by mixing mandarin, sand jasmine, and oceanic mist.

🏄🏽‍♀️Surf's Up candles are all natural soy wax, no dyes, paraffin, lead, or petroleum content

💫Hand Poured in Small Batches using custom created scents

🔥Features a cotton wick to ensure a smooth, clean burn

🔹Made in the U.S.A.

Available sizes👇🏽

▪️ Jumbo: 26oz Reusable Mason Jar with an approximate 140 hour burn time
▪️ Large: 16oz Reusable Mason Jar with an approximate 80 hour burn time
▪️ Medium: 8oz Reusable Mason Jar with an approximate 60 hour burn time
▪️ Mini: 4oz Reusable Mason Jar with an approxiamate 20 hour burn time
▪️ Wax Melt: 2oz",,,,,16 oz Large,,3,$24.00,,,,,3,Surfs400,Surfs160,https://www.surfsupcandle.com/cdn/shop/products/IMG_7024_bf1def4f-d7fd-4c95-a3b8-3d5d7ccd008c.jpg?v=1679091634&width=2962,IMG_7024_bf1def4f-d7fd-4c95-a3b8-3d5d7ccd008c.jpg?v=1679091634&width=2962,,,Surfs800,IMG_7024_bf1def4f-d7fd-4c95-a3b8-3d5d7ccd008c.jpg?v=1679091634&width=2962,
BEACH BUM MASON JAR CANDLE - ORIGINAL COLLECTION,BEACH BUM MASON JAR CANDLE - ORIGINAL COLLECTION,,"😍Take the beach home with you with our Beach Bum scent. This fragrance captivates the smell of Summer by mixing mandarin, sand jasmine, and oceanic mist.

🏄🏽‍♀️Surf's Up candles are all natural soy wax, no dyes, paraffin, lead, or petroleum content

💫Hand Poured in Small Batches using custom created scents

🔥Features a cotton wick to ensure a smooth, clean burn

🔹Made in the U.S.A.

Available sizes👇🏽

▪️ Jumbo: 26oz Reusable Mason Jar with an approximate 140 hour burn time
▪️ Large: 16oz Reusable Mason Jar with an approximate 80 hour burn time
▪️ Medium: 8oz Reusable Mason Jar with an approximate 60 hour burn time
▪️ Mini: 4oz Reusable Mason Jar with an approxiamate 20 hour burn time
▪️ Wax Melt: 2oz",,,,,8 oz Medium,,3,$18.00,,,,,3,Surfs400,Surfs160,https://www.surfsupcandle.com/cdn/shop/products/IMG_7026.jpg?v=1679091634&width=2962,IMG_7026.jpg?v=1679091634&width=2962,,,Surfs800,IMG_7026.jpg?v=1679091634&width=2962,
BEACH BUM MASON JAR CANDLE - ORIGINAL COLLECTION,BEACH BUM MASON JAR CANDLE - ORIGINAL COLLECTION,,"😍Take the beach home with you with our Beach Bum scent. This fragrance captivates the smell of Summer by mixing mandarin, sand jasmine, and oceanic mist.

🏄🏽‍♀️Surf's Up candles are all natural soy wax, no dyes, paraffin, lead, or petroleum content

💫Hand Poured in Small Batches using custom created scents

🔥Features a cotton wick to ensure a smooth, clean burn

🔹Made in the U.S.A.

Available sizes👇🏽

▪️ Jumbo: 26oz Reusable Mason Jar with an approximate 140 hour burn time
▪️ Large: 16oz Reusable Mason Jar with an approximate 80 hour burn time
▪️ Medium: 8oz Reusable Mason Jar with an approximate 60 hour burn time
▪️ Mini: 4oz Reusable Mason Jar with an approxiamate 20 hour burn time
▪️ Wax Melt: 2oz",,,,,4 oz Mini,,3,$10.00,,,,,3,Surfs400,Surfs160,https://www.surfsupcandle.com/cdn/shop/products/IMG_7025.jpg?v=1679091634&width=2962,IMG_7025.jpg?v=1679091634&width=2962,,,Surfs800,IMG_7025.jpg?v=1679091634&width=2962,
BEACH BUM MASON JAR CANDLE - ORIGINAL COLLECTION,BEACH BUM MASON JAR CANDLE - ORIGINAL COLLECTION,,"😍Take the beach home with you with our Beach Bum scent. This fragrance captivates the smell of Summer by mixing mandarin, sand jasmine, and oceanic mist.

🏄🏽‍♀️Surf's Up candles are all natural soy wax, no dyes, paraffin, lead, or petroleum content

💫Hand Poured in Small Batches using custom created scents

🔥Features a cotton wick to ensure a smooth, clean burn

🔹Made in the U.S.A.

Available sizes👇🏽

▪️ Jumbo: 26oz Reusable Mason Jar with an approximate 140 hour burn time
▪️ Large: 16oz Reusable Mason Jar with an approximate 80 hour burn time
▪️ Medium: 8oz Reusable Mason Jar with an approximate 60 hour burn time
▪️ Mini: 4oz Reusable Mason Jar with an approxiamate 20 hour burn time
▪️ Wax Melt: 2oz",,,,,Wax Melt,,3,$6.00,,,,,3,Surfs400,Surfs160,https://www.surfsupcandle.com/cdn/shop/products/IMG_7023.jpg?v=1679091634&width=2962,IMG_7023.jpg?v=1679091634&width=2962,,,Surfs800,IMG_7023.jpg?v=1679091634&width=2962,
CITRUS SPLASH MASON JAR CANDLE - ORIGINAL COLLECTION,CITRUS SPLASH MASON JAR CANDLE - ORIGINAL COLLECTION,,"😍Our subtle yet sweet aroma of Citrus Splash mixes a refreshing blend of oranges, lemons, and lime.

🏄🏽‍♀️Surf's Up candles are all natural soy wax, no dyes, paraffin, lead, or petroleum content

💫Hand Poured in Small Batches using custom created scents

🔥Features a cotton wick to ensure a smooth, clean burn

🔹Made in the U.S.A.

Available sizes👇🏽

▪️ Jumbo: 26oz Reusable Mason Jar with an approximate 140 hour burn time
▪️ Large: 16oz Reusable Mason Jar with an approximate 80 hour burn time
▪️ Medium: 8oz Reusable Mason Jar with an approximate 60 hour burn time
▪️ Mini: 4oz Reusable Mason Jar with an approxiamate 20 hour burn time
▪️ Wax Melt: 2oz ",,,,,26 oz Jumbo,,3,$36.00,,,,,3,Surfs400,Surfs160,https://www.surfsupcandle.com/cdn/shop/products/IMG_7942.jpg?v=1681921551&width=3023,IMG_7942.jpg?v=1681921551&width=3023,,,Surfs800,IMG_7942.jpg?v=1681921551&width=3023,
CITRUS SPLASH MASON JAR CANDLE - ORIGINAL COLLECTION,CITRUS SPLASH MASON JAR CANDLE - ORIGINAL COLLECTION,,"😍Our subtle yet sweet aroma of Citrus Splash mixes a refreshing blend of oranges, lemons, and lime.

🏄🏽‍♀️Surf's Up candles are all natural soy wax, no dyes, paraffin, lead, or petroleum content

💫Hand Poured in Small Batches using custom created scents

🔥Features a cotton wick to ensure a smooth, clean burn

🔹Made in the U.S.A.

Available sizes👇🏽

▪️ Jumbo: 26oz Reusable Mason Jar with an approximate 140 hour burn time
▪️ Large: 16oz Reusable Mason Jar with an approximate 80 hour burn time
▪️ Medium: 8oz Reusable Mason Jar with an approximate 60 hour burn time
▪️ Mini: 4oz Reusable Mason Jar with an approxiamate 20 hour burn time
▪️ Wax Melt: 2oz ",,,,,16 oz Large,,3,$24.00,,,,,3,Surfs400,Surfs160,https://www.surfsupcandle.com/cdn/shop/products/IMG_7944.jpg?v=1681921554&width=3023,IMG_7944.jpg?v=1681921554&width=3023,,,Surfs800,IMG_7944.jpg?v=1681921554&width=3023,
CITRUS SPLASH MASON JAR CANDLE - ORIGINAL COLLECTION,CITRUS SPLASH MASON JAR CANDLE - ORIGINAL COLLECTION,,"😍Our subtle yet sweet aroma of Citrus Splash mixes a refreshing blend of oranges, lemons, and lime.

🏄🏽‍♀️Surf's Up candles are all natural soy wax, no dyes, paraffin, lead, or petroleum content

💫Hand Poured in Small Batches using custom created scents

🔥Features a cotton wick to ensure a smooth, clean burn

🔹Made in the U.S.A.

Available sizes👇🏽

▪️ Jumbo: 26oz Reusable Mason Jar with an approximate 140 hour burn time
▪️ Large: 16oz Reusable Mason Jar with an approximate 80 hour burn time
▪️ Medium: 8oz Reusable Mason Jar with an approximate 60 hour burn time
▪️ Mini: 4oz Reusable Mason Jar with an approxiamate 20 hour burn time
▪️ Wax Melt: 2oz ",,,,,8 oz Medium,,3,$18.00,,,,,3,Surfs400,Surfs160,https://www.surfsupcandle.com/cdn/shop/products/IMG_7945.jpg?v=1681921555&width=3023,IMG_7945.jpg?v=1681921555&width=3023,,,Surfs800,IMG_7945.jpg?v=1681921555&width=3023,
CITRUS SPLASH MASON JAR CANDLE - ORIGINAL COLLECTION,CITRUS SPLASH MASON JAR CANDLE - ORIGINAL COLLECTION,,"😍Our subtle yet sweet aroma of Citrus Splash mixes a refreshing blend of oranges, lemons, and lime.

🏄🏽‍♀️Surf's Up candles are all natural soy wax, no dyes, paraffin, lead, or petroleum content

💫Hand Poured in Small Batches using custom created scents

🔥Features a cotton wick to ensure a smooth, clean burn

🔹Made in the U.S.A.

Available sizes👇🏽

▪️ Jumbo: 26oz Reusable Mason Jar with an approximate 140 hour burn time
▪️ Large: 16oz Reusable Mason Jar with an approximate 80 hour burn time
▪️ Medium: 8oz Reusable Mason Jar with an approximate 60 hour burn time
▪️ Mini: 4oz Reusable Mason Jar with an approxiamate 20 hour burn time
▪️ Wax Melt: 2oz ",,,,,4 oz Mini,,3,$10.00,,,,,3,Surfs400,Surfs160,https://www.surfsupcandle.com/cdn/shop/products/IMG_7946.jpg?v=1681921557&width=3023,IMG_7946.jpg?v=1681921557&width=3023,,,Surfs800,IMG_7946.jpg?v=1681921557&width=3023,
CITRUS SPLASH MASON JAR CANDLE - ORIGINAL COLLECTION,CITRUS SPLASH MASON JAR CANDLE - ORIGINAL COLLECTION,,"😍Our subtle yet sweet aroma of Citrus Splash mixes a refreshing blend of oranges, lemons, and lime.

🏄🏽‍♀️Surf's Up candles are all natural soy wax, no dyes, paraffin, lead, or petroleum content

💫Hand Poured in Small Batches using custom created scents

🔥Features a cotton wick to ensure a smooth, clean burn

🔹Made in the U.S.A.

Available sizes👇🏽

▪️ Jumbo: 26oz Reusable Mason Jar with an approximate 140 hour burn time
▪️ Large: 16oz Reusable Mason Jar with an approximate 80 hour burn time
▪️ Medium: 8oz Reusable Mason Jar with an approximate 60 hour burn time
▪️ Mini: 4oz Reusable Mason Jar with an approxiamate 20 hour burn time
▪️ Wax Melt: 2oz ",,,,,Wax Melt,,3,$6.00,,,,,3,Surfs400,Surfs160,https://www.surfsupcandle.com/cdn/shop/products/IMG_7943.jpg?v=1681921559&width=3023,IMG_7943.jpg?v=1681921559&width=3023,,,Surfs800,IMG_7943.jpg?v=1681921559&width=3023,
SUN KISSED MASON JAR CANDLE - ORIGINAL COLLECTION,SUN KISSED MASON JAR CANDLE - ORIGINAL COLLECTION,,"😍A beachy blend of a banana cream that will having you feeling like you just spent the day getting a sun kissed glow.

🏄🏽‍♀️Surf's Up candles are all natural soy wax, no dyes, paraffin, lead, or petroleum content

💫Hand Poured in Small Batches using custom created scents

🔥Features a cotton wick to ensure a smooth, clean burn

🔹Made in the U.S.A.

Available sizes👇🏽

▪️ Jumbo: 26oz Reusable Mason Jar with an approximate 140 hour burn time
▪️ Large: 16oz Reusable Mason Jar with an approximate 80 hour burn time
▪️ Medium: 8oz Reusable Mason Jar with an approximate 60 hour burn time
▪️ Mini: 4oz Reusable Mason Jar with an approxiamate 20 hour burn time
▪️ Wax Melt: 2oz",,,,,26 oz Jumbo,,3,$36.00,,,,,3,Surfs400,Surfs160,https://www.surfsupcandle.com/cdn/shop/products/IMG_7049.jpg?v=1679093054&width=2962,IMG_7049.jpg?v=1679093054&width=2962,,,Surfs800,IMG_7049.jpg?v=1679093054&width=2962,
SUN KISSED MASON JAR CANDLE - ORIGINAL COLLECTION,SUN KISSED MASON JAR CANDLE - ORIGINAL COLLECTION,,"😍A beachy blend of a banana cream that will having you feeling like you just spent the day getting a sun kissed glow.

🏄🏽‍♀️Surf's Up candles are all natural soy wax, no dyes, paraffin, lead, or petroleum content

💫Hand Poured in Small Batches using custom created scents

🔥Features a cotton wick to ensure a smooth, clean burn

🔹Made in the U.S.A.

Available sizes👇🏽

▪️ Jumbo: 26oz Reusable Mason Jar with an approximate 140 hour burn time
▪️ Large: 16oz Reusable Mason Jar with an approximate 80 hour burn time
▪️ Medium: 8oz Reusable Mason Jar with an approximate 60 hour burn time
▪️ Mini: 4oz Reusable Mason Jar with an approxiamate 20 hour burn time
▪️ Wax Melt: 2oz",,,,,16 oz Large,,3,$24.00,,,,,3,Surfs400,Surfs160,https://www.surfsupcandle.com/cdn/shop/products/IMG_7048.jpg?v=1679093066&width=2962,IMG_7048.jpg?v=1679093066&width=2962,,,Surfs800,IMG_7048.jpg?v=1679093066&width=2962,
SUN KISSED MASON JAR CANDLE - ORIGINAL COLLECTION,SUN KISSED MASON JAR CANDLE - ORIGINAL COLLECTION,,"😍A beachy blend of a banana cream that will having you feeling like you just spent the day getting a sun kissed glow.

🏄🏽‍♀️Surf's Up candles are all natural soy wax, no dyes, paraffin, lead, or petroleum content

💫Hand Poured in Small Batches using custom created scents

🔥Features a cotton wick to ensure a smooth, clean burn

🔹Made in the U.S.A.

Available sizes👇🏽

▪️ Jumbo: 26oz Reusable Mason Jar with an approximate 140 hour burn time
▪️ Large: 16oz Reusable Mason Jar with an approximate 80 hour burn time
▪️ Medium: 8oz Reusable Mason Jar with an approximate 60 hour burn time
▪️ Mini: 4oz Reusable Mason Jar with an approxiamate 20 hour burn time
▪️ Wax Melt: 2oz",,,,,8 oz Medium,,3,$18.00,,,,,3,Surfs400,Surfs160,https://www.surfsupcandle.com/cdn/shop/products/IMG_7047.jpg?v=1679093077&width=2962,IMG_7047.jpg?v=1679093077&width=2962,,,Surfs800,IMG_7047.jpg?v=1679093077&width=2962,
SUN KISSED MASON JAR CANDLE - ORIGINAL COLLECTION,SUN KISSED MASON JAR CANDLE - ORIGINAL COLLECTION,,"😍A beachy blend of a banana cream that will having you feeling like you just spent the day getting a sun kissed glow.

🏄🏽‍♀️Surf's Up candles are all natural soy wax, no dyes, paraffin, lead, or petroleum content

💫Hand Poured in Small Batches using custom created scents

🔥Features a cotton wick to ensure a smooth, clean burn

🔹Made in the U.S.A.

Available sizes👇🏽

▪️ Jumbo: 26oz Reusable Mason Jar with an approximate 140 hour burn time
▪️ Large: 16oz Reusable Mason Jar with an approximate 80 hour burn time
▪️ Medium: 8oz Reusable Mason Jar with an approximate 60 hour burn time
▪️ Mini: 4oz Reusable Mason Jar with an approxiamate 20 hour burn time
▪️ Wax Melt: 2oz",,,,,4 oz Mini,,3,$10.00,,,,,3,Surfs400,Surfs160,https://www.surfsupcandle.com/cdn/shop/products/IMG_7046.jpg?v=1679093096&width=2492,IMG_7046.jpg?v=1679093096&width=2492,,,Surfs800,IMG_7046.jpg?v=1679093096&width=2492,
SUN KISSED MASON JAR CANDLE - ORIGINAL COLLECTION,SUN KISSED MASON JAR CANDLE - ORIGINAL COLLECTION,,"😍A beachy blend of a banana cream that will having you feeling like you just spent the day getting a sun kissed glow.

🏄🏽‍♀️Surf's Up candles are all natural soy wax, no dyes, paraffin, lead, or petroleum content

💫Hand Poured in Small Batches using custom created scents

🔥Features a cotton wick to ensure a smooth, clean burn

🔹Made in the U.S.A.

Available sizes👇🏽

▪️ Jumbo: 26oz Reusable Mason Jar with an approximate 140 hour burn time
▪️ Large: 16oz Reusable Mason Jar with an approximate 80 hour burn time
▪️ Medium: 8oz Reusable Mason Jar with an approximate 60 hour burn time
▪️ Mini: 4oz Reusable Mason Jar with an approxiamate 20 hour burn time
▪️ Wax Melt: 2oz",,,,,Wax Melt,,3,$6.00,,,,,3,Surfs400,Surfs160,https://www.surfsupcandle.com/cdn/shop/products/IMG_7045.jpg?v=1679093108&width=2962,IMG_7045.jpg?v=1679093108&width=2962,,,Surfs800,IMG_7045.jpg?v=1679093108&width=2962,
MANDARIN MANGO MASON JAR CANDLE - ORIGINAL COLLECTION,MANDARIN MANGO MASON JAR CANDLE - ORIGINAL COLLECTION,,"😍Tropical and sweet, we will have you feeling energized with our fresh smell of mandarins, tangerines, and mango.

🏄🏽‍♀️Surf's Up candles are all natural soy wax, no dyes, paraffin, lead, or petroleum content

💫Hand Poured in Small Batches using custom created scents

🔥Features a cotton wick to ensure a smooth, clean burn

🔹Made in the U.S.A.

Available sizes👇🏽

▪️ Jumbo: 26oz Reusable Mason Jar with an approximate 140 hour burn time
▪️ Large: 16oz Reusable Mason Jar with an approximate 80 hour burn time
▪️ Medium: 8oz Reusable Mason Jar with an approximate 60 hour burn time
▪️ Mini: 4oz Reusable Mason Jar with an approximate 20 hour burn time
▪️ Wax Melt: 2oz",,,,,26 oz Jumbo,,3,$36.00,,,,,3,Surfs400,Surfs160,https://www.surfsupcandle.com/cdn/shop/files/IMG_8345.jpg?v=1683315578&width=3023,IMG_8345.jpg?v=1683315578&width=3023,,,Surfs800,IMG_8345.jpg?v=1683315578&width=3023,
MANDARIN MANGO MASON JAR CANDLE - ORIGINAL COLLECTION,MANDARIN MANGO MASON JAR CANDLE - ORIGINAL COLLECTION,,"😍Tropical and sweet, we will have you feeling energized with our fresh smell of mandarins, tangerines, and mango.

🏄🏽‍♀️Surf's Up candles are all natural soy wax, no dyes, paraffin, lead, or petroleum content

💫Hand Poured in Small Batches using custom created scents

🔥Features a cotton wick to ensure a smooth, clean burn

🔹Made in the U.S.A.

Available sizes👇🏽

▪️ Jumbo: 26oz Reusable Mason Jar with an approximate 140 hour burn time
▪️ Large: 16oz Reusable Mason Jar with an approximate 80 hour burn time
▪️ Medium: 8oz Reusable Mason Jar with an approximate 60 hour burn time
▪️ Mini: 4oz Reusable Mason Jar with an approximate 20 hour burn time
▪️ Wax Melt: 2oz",,,,,16 oz Large,,3,$24.00,,,,,3,Surfs400,Surfs160,https://www.surfsupcandle.com/cdn/shop/files/IMG_8346.jpg?v=1683315579&width=3023,IMG_8346.jpg?v=1683315579&width=3023,,,Surfs800,IMG_8346.jpg?v=1683315579&width=3023,
MANDARIN MANGO MASON JAR CANDLE - ORIGINAL COLLECTION,MANDARIN MANGO MASON JAR CANDLE - ORIGINAL COLLECTION,,"😍Tropical and sweet, we will have you feeling energized with our fresh smell of mandarins, tangerines, and mango.

🏄🏽‍♀️Surf's Up candles are all natural soy wax, no dyes, paraffin, lead, or petroleum content

💫Hand Poured in Small Batches using custom created scents

🔥Features a cotton wick to ensure a smooth, clean burn

🔹Made in the U.S.A.

Available sizes👇🏽

▪️ Jumbo: 26oz Reusable Mason Jar with an approximate 140 hour burn time
▪️ Large: 16oz Reusable Mason Jar with an approximate 80 hour burn time
▪️ Medium: 8oz Reusable Mason Jar with an approximate 60 hour burn time
▪️ Mini: 4oz Reusable Mason Jar with an approximate 20 hour burn time
▪️ Wax Melt: 2oz",,,,,8 oz Medium,,3,$18.00,,,,,3,Surfs400,Surfs160,https://www.surfsupcandle.com/cdn/shop/files/IMG_8347.jpg?v=1683315582&width=3023,IMG_8347.jpg?v=1683315582&width=3023,,,Surfs800,IMG_8347.jpg?v=1683315582&width=3023,
MANDARIN MANGO MASON JAR CANDLE - ORIGINAL COLLECTION,MANDARIN MANGO MASON JAR CANDLE - ORIGINAL COLLECTION,,"😍Tropical and sweet, we will have you feeling energized with our fresh smell of mandarins, tangerines, and mango.

🏄🏽‍♀️Surf's Up candles are all natural soy wax, no dyes, paraffin, lead, or petroleum content

💫Hand Poured in Small Batches using custom created scents

🔥Features a cotton wick to ensure a smooth, clean burn

🔹Made in the U.S.A.

Available sizes👇🏽

▪️ Jumbo: 26oz Reusable Mason Jar with an approximate 140 hour burn time
▪️ Large: 16oz Reusable Mason Jar with an approximate 80 hour burn time
▪️ Medium: 8oz Reusable Mason Jar with an approximate 60 hour burn time
▪️ Mini: 4oz Reusable Mason Jar with an approximate 20 hour burn time
▪️ Wax Melt: 2oz",,,,,4 oz Mini,,3,$10.00,,,,,3,Surfs400,Surfs160,https://www.surfsupcandle.com/cdn/shop/files/IMG_8348.jpg?v=1683315583&width=3023,IMG_8348.jpg?v=1683315583&width=3023,,,Surfs800,IMG_8348.jpg?v=1683315583&width=3023,
MANDARIN MANGO MASON JAR CANDLE - ORIGINAL COLLECTION,MANDARIN MANGO MASON JAR CANDLE - ORIGINAL COLLECTION,,"😍Tropical and sweet, we will have you feeling energized with our fresh smell of mandarins, tangerines, and mango.

🏄🏽‍♀️Surf's Up candles are all natural soy wax, no dyes, paraffin, lead, or petroleum content

💫Hand Poured in Small Batches using custom created scents

🔥Features a cotton wick to ensure a smooth, clean burn

🔹Made in the U.S.A.

Available sizes👇🏽

▪️ Jumbo: 26oz Reusable Mason Jar with an approximate 140 hour burn time
▪️ Large: 16oz Reusable Mason Jar with an approximate 80 hour burn time
▪️ Medium: 8oz Reusable Mason Jar with an approximate 60 hour burn time
▪️ Mini: 4oz Reusable Mason Jar with an approximate 20 hour burn time
▪️ Wax Melt: 2oz",,,,,Wax Melt,,3,$6.00,,,,,3,Surfs400,Surfs160,https://www.surfsupcandle.com/cdn/shop/files/IMG_8522.jpg?v=1683315586&width=3023,IMG_8522.jpg?v=1683315586&width=3023,,,Surfs800,IMG_8522.jpg?v=1683315586&width=3023,
PINA COLADA MASON JAR CANDLE - ORIGINAL COLLECTION,PINA COLADA MASON JAR CANDLE - ORIGINAL COLLECTION,,"😍Just like the infamous drink, our candle is the perfect blend of coconut and pineapple.

🏄🏽‍♀️Surf's Up candles are all natural soy wax, no dyes, paraffin, lead, or petroleum content

💫Hand Poured in Small Batches using custom created scents

🔥Features a cotton wick to ensure a smooth, clean burn

🔹Made in the U.S.A.

Available sizes👇🏽

▪️ Jumbo: 26oz Reusable Mason Jar with an approximate 140 hour burn time
▪️ Large: 16oz Reusable Mason Jar with an approximate 80 hour burn time
▪️ Medium: 8oz Reusable Mason Jar with an approximate 60 hour burn time
▪️ Mini: 4oz Reusable Mason Jar with an approxiamate 20 hour burn time
▪️ Wax Melt: 2oz",,,,,26 oz Jumbo,,3,$36.00,,,,,3,Surfs400,Surfs160,https://www.surfsupcandle.com/cdn/shop/files/IMG_8356.jpg?v=1683314543&width=3023,IMG_8356.jpg?v=1683314543&width=3023,,,Surfs800,IMG_8356.jpg?v=1683314543&width=3023,
PINA COLADA MASON JAR CANDLE - ORIGINAL COLLECTION,PINA COLADA MASON JAR CANDLE - ORIGINAL COLLECTION,,"😍Just like the infamous drink, our candle is the perfect blend of coconut and pineapple.

🏄🏽‍♀️Surf's Up candles are all natural soy wax, no dyes, paraffin, lead, or petroleum content

💫Hand Poured in Small Batches using custom created scents

🔥Features a cotton wick to ensure a smooth, clean burn

🔹Made in the U.S.A.

Available sizes👇🏽

▪️ Jumbo: 26oz Reusable Mason Jar with an approximate 140 hour burn time
▪️ Large: 16oz Reusable Mason Jar with an approximate 80 hour burn time
▪️ Medium: 8oz Reusable Mason Jar with an approximate 60 hour burn time
▪️ Mini: 4oz Reusable Mason Jar with an approxiamate 20 hour burn time
▪️ Wax Melt: 2oz",,,,,16 oz Large,,3,$24.00,,,,,3,Surfs400,Surfs160,https://www.surfsupcandle.com/cdn/shop/files/IMG_8357.jpg?v=1683314545&width=3023,IMG_8357.jpg?v=1683314545&width=3023,,,Surfs800,IMG_8357.jpg?v=1683314545&width=3023,
PINA COLADA MASON JAR CANDLE - ORIGINAL COLLECTION,PINA COLADA MASON JAR CANDLE - ORIGINAL COLLECTION,,"😍Just like the infamous drink, our candle is the perfect blend of coconut and pineapple.

🏄🏽‍♀️Surf's Up candles are all natural soy wax, no dyes, paraffin, lead, or petroleum content

💫Hand Poured in Small Batches using custom created scents

🔥Features a cotton wick to ensure a smooth, clean burn

🔹Made in the U.S.A.

Available sizes👇🏽

▪️ Jumbo: 26oz Reusable Mason Jar with an approximate 140 hour burn time
▪️ Large: 16oz Reusable Mason Jar with an approximate 80 hour burn time
▪️ Medium: 8oz Reusable Mason Jar with an approximate 60 hour burn time
▪️ Mini: 4oz Reusable Mason Jar with an approxiamate 20 hour burn time
▪️ Wax Melt: 2oz",,,,,8 oz Medium,,3,$18.00,,,,,3,Surfs400,Surfs160,https://www.surfsupcandle.com/cdn/shop/files/IMG_8358.jpg?v=1683314546&width=3023,IMG_8358.jpg?v=1683314546&width=3023,,,Surfs800,IMG_8358.jpg?v=1683314546&width=3023,
PINA COLADA MASON JAR CANDLE - ORIGINAL COLLECTION,PINA COLADA MASON JAR CANDLE - ORIGINAL COLLECTION,,"😍Just like the infamous drink, our candle is the perfect blend of coconut and pineapple.

🏄🏽‍♀️Surf's Up candles are all natural soy wax, no dyes, paraffin, lead, or petroleum content

💫Hand Poured in Small Batches using custom created scents

🔥Features a cotton wick to ensure a smooth, clean burn

🔹Made in the U.S.A.

Available sizes👇🏽

▪️ Jumbo: 26oz Reusable Mason Jar with an approximate 140 hour burn time
▪️ Large: 16oz Reusable Mason Jar with an approximate 80 hour burn time
▪️ Medium: 8oz Reusable Mason Jar with an approximate 60 hour burn time
▪️ Mini: 4oz Reusable Mason Jar with an approxiamate 20 hour burn time
▪️ Wax Melt: 2oz",,,,,4 oz Mini,,3,$10.00,,,,,3,Surfs400,Surfs160,https://www.surfsupcandle.com/cdn/shop/files/IMG_8359.jpg?v=1683314548&width=3023,IMG_8359.jpg?v=1683314548&width=3023,,,Surfs800,IMG_8359.jpg?v=1683314548&width=3023,
PINA COLADA MASON JAR CANDLE - ORIGINAL COLLECTION,PINA COLADA MASON JAR CANDLE - ORIGINAL COLLECTION,,"😍Just like the infamous drink, our candle is the perfect blend of coconut and pineapple.

🏄🏽‍♀️Surf's Up candles are all natural soy wax, no dyes, paraffin, lead, or petroleum content

💫Hand Poured in Small Batches using custom created scents

🔥Features a cotton wick to ensure a smooth, clean burn

🔹Made in the U.S.A.

Available sizes👇🏽

▪️ Jumbo: 26oz Reusable Mason Jar with an approximate 140 hour burn time
▪️ Large: 16oz Reusable Mason Jar with an approximate 80 hour burn time
▪️ Medium: 8oz Reusable Mason Jar with an approximate 60 hour burn time
▪️ Mini: 4oz Reusable Mason Jar with an approxiamate 20 hour burn time
▪️ Wax Melt: 2oz",,,,,Wax Melt,,3,$6.00,,,,,3,Surfs400,Surfs160,https://www.surfsupcandle.com/cdn/shop/files/IMG_8355.jpg?v=1683314551&width=3023,IMG_8355.jpg?v=1683314551&width=3023,,,Surfs800,IMG_8355.jpg?v=1683314551&width=3023,
CRACKLING FIREWOOD MASON JAR CANDLE - ORIGINAL COLLECTION,CRACKLING FIREWOOD MASON JAR CANDLE - ORIGINAL COLLECTION,,"😍Crackling firewood is the scent you want to take home with you from camping. This scent will have you believing that your space was transformed into a campsite within the depths of a forest. The mixture of pine, balsam, and citrus bergamot accompanied by hints of earthy sandalwood, woody patchouli, and violet will completely transform your space!

🏄🏽‍♀️Surf's Up candles are all natural soy wax, no dyes, paraffin, lead, or petroleum content

💫Hand Poured in Small Batches using custom created scents

🔥Features a cotton wick to ensure a smooth, clean burn

🔹Made in the U.S.A.

Available sizes👇🏽

▪️ Jumbo: 26oz Reusable Mason Jar with an approximate 140 hour burn time
▪️ Large: 16oz Reusable Mason Jar with an approximate 80 hour burn time
▪️ Medium: 8oz Reusable Mason Jar with an approximate 60 hour burn time
▪️ Mini: 4oz Reusable Mason Jar with an approxiamate 20 hour burn time
▪️ Wax Melt: 2oz",,,,,26 oz Jumbo,,3,$36.00,,,,,3,Surfs400,Surfs160,https://www.surfsupcandle.com/cdn/shop/products/IMG_7096.jpg?v=1679092060&width=2962,IMG_7096.jpg?v=1679092060&width=2962,,,Surfs800,IMG_7096.jpg?v=1679092060&width=2962,
CRACKLING FIREWOOD MASON JAR CANDLE - ORIGINAL COLLECTION,CRACKLING FIREWOOD MASON JAR CANDLE - ORIGINAL COLLECTION,,"😍Crackling firewood is the scent you want to take home with you from camping. This scent will have you believing that your space was transformed into a campsite within the depths of a forest. The mixture of pine, balsam, and citrus bergamot accompanied by hints of earthy sandalwood, woody patchouli, and violet will completely transform your space!

🏄🏽‍♀️Surf's Up candles are all natural soy wax, no dyes, paraffin, lead, or petroleum content

💫Hand Poured in Small Batches using custom created scents

🔥Features a cotton wick to ensure a smooth, clean burn

🔹Made in the U.S.A.

Available sizes👇🏽

▪️ Jumbo: 26oz Reusable Mason Jar with an approximate 140 hour burn time
▪️ Large: 16oz Reusable Mason Jar with an approximate 80 hour burn time
▪️ Medium: 8oz Reusable Mason Jar with an approximate 60 hour burn time
▪️ Mini: 4oz Reusable Mason Jar with an approxiamate 20 hour burn time
▪️ Wax Melt: 2oz",,,,,16 oz Large,,3,$24.00,,,,,3,Surfs400,Surfs160,https://www.surfsupcandle.com/cdn/shop/products/IMG_7095.jpg?v=1679092073&width=2962,IMG_7095.jpg?v=1679092073&width=2962,,,Surfs800,IMG_7095.jpg?v=1679092073&width=2962,
CRACKLING FIREWOOD MASON JAR CANDLE - ORIGINAL COLLECTION,CRACKLING FIREWOOD MASON JAR CANDLE - ORIGINAL COLLECTION,,"😍Crackling firewood is the scent you want to take home with you from camping. This scent will have you believing that your space was transformed into a campsite within the depths of a forest. The mixture of pine, balsam, and citrus bergamot accompanied by hints of earthy sandalwood, woody patchouli, and violet will completely transform your space!

🏄🏽‍♀️Surf's Up candles are all natural soy wax, no dyes, paraffin, lead, or petroleum content

💫Hand Poured in Small Batches using custom created scents

🔥Features a cotton wick to ensure a smooth, clean burn

🔹Made in the U.S.A.

Available sizes👇🏽

▪️ Jumbo: 26oz Reusable Mason Jar with an approximate 140 hour burn time
▪️ Large: 16oz Reusable Mason Jar with an approximate 80 hour burn time
▪️ Medium: 8oz Reusable Mason Jar with an approximate 60 hour burn time
▪️ Mini: 4oz Reusable Mason Jar with an approxiamate 20 hour burn time
▪️ Wax Melt: 2oz",,,,,8 oz Medium,,3,$18.00,,,,,3,Surfs400,Surfs160,https://www.surfsupcandle.com/cdn/shop/products/IMG_7094.jpg?v=1679092083&width=2962,IMG_7094.jpg?v=1679092083&width=2962,,,Surfs800,IMG_7094.jpg?v=1679092083&width=2962,
CRACKLING FIREWOOD MASON JAR CANDLE - ORIGINAL COLLECTION,CRACKLING FIREWOOD MASON JAR CANDLE - ORIGINAL COLLECTION,,"😍Crackling firewood is the scent you want to take home with you from camping. This scent will have you believing that your space was transformed into a campsite within the depths of a forest. The mixture of pine, balsam, and citrus bergamot accompanied by hints of earthy sandalwood, woody patchouli, and violet will completely transform your space!

🏄🏽‍♀️Surf's Up candles are all natural soy wax, no dyes, paraffin, lead, or petroleum content

💫Hand Poured in Small Batches using custom created scents

🔥Features a cotton wick to ensure a smooth, clean burn

🔹Made in the U.S.A.

Available sizes👇🏽

▪️ Jumbo: 26oz Reusable Mason Jar with an approximate 140 hour burn time
▪️ Large: 16oz Reusable Mason Jar with an approximate 80 hour burn time
▪️ Medium: 8oz Reusable Mason Jar with an approximate 60 hour burn time
▪️ Mini: 4oz Reusable Mason Jar with an approxiamate 20 hour burn time
▪️ Wax Melt: 2oz",,,,,4 oz Mini,,3,$10.00,,,,,3,Surfs400,Surfs160,https://www.surfsupcandle.com/cdn/shop/products/IMG_7093.jpg?v=1679092132&width=2244,IMG_7093.jpg?v=1679092132&width=2244,,,Surfs800,IMG_7093.jpg?v=1679092132&width=2244,
CRACKLING FIREWOOD MASON JAR CANDLE - ORIGINAL COLLECTION,CRACKLING FIREWOOD MASON JAR CANDLE - ORIGINAL COLLECTION,,"😍Crackling firewood is the scent you want to take home with you from camping. This scent will have you believing that your space was transformed into a campsite within the depths of a forest. The mixture of pine, balsam, and citrus bergamot accompanied by hints of earthy sandalwood, woody patchouli, and violet will completely transform your space!

🏄🏽‍♀️Surf's Up candles are all natural soy wax, no dyes, paraffin, lead, or petroleum content

💫Hand Poured in Small Batches using custom created scents

🔥Features a cotton wick to ensure a smooth, clean burn

🔹Made in the U.S.A.

Available sizes👇🏽

▪️ Jumbo: 26oz Reusable Mason Jar with an approximate 140 hour burn time
▪️ Large: 16oz Reusable Mason Jar with an approximate 80 hour burn time
▪️ Medium: 8oz Reusable Mason Jar with an approximate 60 hour burn time
▪️ Mini: 4oz Reusable Mason Jar with an approxiamate 20 hour burn time
▪️ Wax Melt: 2oz",,,,,Wax Melt,,3,$6.00,,,,,3,Surfs400,Surfs160,https://www.surfsupcandle.com/cdn/shop/products/IMG_7092.jpg?v=1679092144&width=2962,IMG_7092.jpg?v=1679092144&width=2962,,,Surfs800,IMG_7092.jpg?v=1679092144&width=2962,
GINGERBREAD MASON JAR CANDLE - ORIGINAL COLLECTION,GINGERBREAD MASON JAR CANDLE - ORIGINAL COLLECTION,,"😍This Gingerbread will make your mouth water at the scent of warm vanilla mixed with spices like cinnamon, nutmeg, and clove with hints of caramel and sugar.

🏄🏽‍♀️Surf's Up candles are all natural soy wax, no dyes, paraffin, lead, or petroleum content

💫Hand Poured in Small Batches using custom created scents

🔥Features a cotton wick to ensure a smooth, clean burn

🔹Made in the U.S.A.

Available sizes👇🏽

▪️ Jumbo: 26oz Reusable Mason Jar with an approximate 140 hour burn time
▪️ Large: 16oz Reusable Mason Jar with an approximate 80 hour burn time
▪️ Medium: 8oz Reusable Mason Jar with an approximate 60 hour burn time
▪️ Mini: 4oz Reusable Mason Jar with an approxiamate 20 hour burn time
▪️ Wax Melt: 2oz",,,,,26 oz Jumbo,,3,$36.00,,,,,3,Surfs400,Surfs160,https://www.surfsupcandle.com/cdn/shop/products/IMG_7922.jpg?v=1681921100&width=3023,IMG_7922.jpg?v=1681921100&width=3023,,,Surfs800,IMG_7922.jpg?v=1681921100&width=3023,
GINGERBREAD MASON JAR CANDLE - ORIGINAL COLLECTION,GINGERBREAD MASON JAR CANDLE - ORIGINAL COLLECTION,,"😍This Gingerbread will make your mouth water at the scent of warm vanilla mixed with spices like cinnamon, nutmeg, and clove with hints of caramel and sugar.

🏄🏽‍♀️Surf's Up candles are all natural soy wax, no dyes, paraffin, lead, or petroleum content

💫Hand Poured in Small Batches using custom created scents

🔥Features a cotton wick to ensure a smooth, clean burn

🔹Made in the U.S.A.

Available sizes👇🏽

▪️ Jumbo: 26oz Reusable Mason Jar with an approximate 140 hour burn time
▪️ Large: 16oz Reusable Mason Jar with an approximate 80 hour burn time
▪️ Medium: 8oz Reusable Mason Jar with an approximate 60 hour burn time
▪️ Mini: 4oz Reusable Mason Jar with an approxiamate 20 hour burn time
▪️ Wax Melt: 2oz",,,,,16 oz Large,,3,$24.00,,,,,3,Surfs400,Surfs160,https://www.surfsupcandle.com/cdn/shop/products/IMG_7923.jpg?v=1681921103&width=3023,IMG_7923.jpg?v=1681921103&width=3023,,,Surfs800,IMG_7923.jpg?v=1681921103&width=3023,
GINGERBREAD MASON JAR CANDLE - ORIGINAL COLLECTION,GINGERBREAD MASON JAR CANDLE - ORIGINAL COLLECTION,,"😍This Gingerbread will make your mouth water at the scent of warm vanilla mixed with spices like cinnamon, nutmeg, and clove with hints of caramel and sugar.

🏄🏽‍♀️Surf's Up candles are all natural soy wax, no dyes, paraffin, lead, or petroleum content

💫Hand Poured in Small Batches using custom created scents

🔥Features a cotton wick to ensure a smooth, clean burn

🔹Made in the U.S.A.

Available sizes👇🏽

▪️ Jumbo: 26oz Reusable Mason Jar with an approximate 140 hour burn time
▪️ Large: 16oz Reusable Mason Jar with an approximate 80 hour burn time
▪️ Medium: 8oz Reusable Mason Jar with an approximate 60 hour burn time
▪️ Mini: 4oz Reusable Mason Jar with an approxiamate 20 hour burn time
▪️ Wax Melt: 2oz",,,,,8 oz Medium,,3,$18.00,,,,,3,Surfs400,Surfs160,https://www.surfsupcandle.com/cdn/shop/products/IMG_7925.jpg?v=1681921104&width=3023,IMG_7925.jpg?v=1681921104&width=3023,,,Surfs800,IMG_7925.jpg?v=1681921104&width=3023,
GINGERBREAD MASON JAR CANDLE - ORIGINAL COLLECTION,GINGERBREAD MASON JAR CANDLE - ORIGINAL COLLECTION,,"😍This Gingerbread will make your mouth water at the scent of warm vanilla mixed with spices like cinnamon, nutmeg, and clove with hints of caramel and sugar.

🏄🏽‍♀️Surf's Up candles are all natural soy wax, no dyes, paraffin, lead, or petroleum content

💫Hand Poured in Small Batches using custom created scents

🔥Features a cotton wick to ensure a smooth, clean burn

🔹Made in the U.S.A.

Available sizes👇🏽

▪️ Jumbo: 26oz Reusable Mason Jar with an approximate 140 hour burn time
▪️ Large: 16oz Reusable Mason Jar with an approximate 80 hour burn time
▪️ Medium: 8oz Reusable Mason Jar with an approximate 60 hour burn time
▪️ Mini: 4oz Reusable Mason Jar with an approxiamate 20 hour burn time
▪️ Wax Melt: 2oz",,,,,4 oz Mini,,3,$10.00,,,,,3,Surfs400,Surfs160,https://www.surfsupcandle.com/cdn/shop/products/IMG_7924.jpg?v=1681921106&width=3023,IMG_7924.jpg?v=1681921106&width=3023,,,Surfs800,IMG_7924.jpg?v=1681921106&width=3023,
GINGERBREAD MASON JAR CANDLE - ORIGINAL COLLECTION,GINGERBREAD MASON JAR CANDLE - ORIGINAL COLLECTION,,"😍This Gingerbread will make your mouth water at the scent of warm vanilla mixed with spices like cinnamon, nutmeg, and clove with hints of caramel and sugar.

🏄🏽‍♀️Surf's Up candles are all natural soy wax, no dyes, paraffin, lead, or petroleum content

💫Hand Poured in Small Batches using custom created scents

🔥Features a cotton wick to ensure a smooth, clean burn

🔹Made in the U.S.A.

Available sizes👇🏽

▪️ Jumbo: 26oz Reusable Mason Jar with an approximate 140 hour burn time
▪️ Large: 16oz Reusable Mason Jar with an approximate 80 hour burn time
▪️ Medium: 8oz Reusable Mason Jar with an approximate 60 hour burn time
▪️ Mini: 4oz Reusable Mason Jar with an approxiamate 20 hour burn time
▪️ Wax Melt: 2oz",,,,,Wax Melt,,3,$6.00,,,,,3,Surfs400,Surfs160,https://www.surfsupcandle.com/cdn/shop/products/IMG_7921.jpg?v=1681921108&width=3023,IMG_7921.jpg?v=1681921108&width=3023,,,Surfs800,IMG_7921.jpg?v=1681921108&width=3023,
PUMPKIN SPICE MASON JAR CANDLE - ORIGINAL COLLECTION,PUMPKIN SPICE MASON JAR CANDLE - ORIGINAL COLLECTION,,"😍Nothing says Fall like pumpkin pie and this candle does not disappoint. This scent is the sweetest blend of nutmeg, cinnamon, brown sugar, molasses, pumpkin, and ginger. A best seller!

🏄🏽‍♀️Surf's Up candles are all natural soy wax, no dyes, paraffin, lead, or petroleum content

💫Hand Poured in Small Batches using custom created scents

🔥Features a cotton wick to ensure a smooth, clean burn

🔹Made in the U.S.A.

Available sizes👇🏽

▪️ Jumbo: 26oz Reusable Mason Jar with an approximate 140 hour burn time
▪️ Large: 16oz Reusable Mason Jar with an approximate 80 hour burn time
▪️ Medium: 8oz Reusable Mason Jar with an approximate 60 hour burn time
▪️ Mini: 4oz Reusable Mason Jar with an approxiamate 20 hour burn time
▪️ Wax Melt: 2oz",,,,,26 oz Jumbo,,3,$36.00,,,,,3,Surfs400,Surfs160,https://www.surfsupcandle.com/cdn/shop/files/IMG_8781.jpg?v=1684434394&width=3023,IMG_8781.jpg?v=1684434394&width=3023,,,Surfs800,IMG_8781.jpg?v=1684434394&width=3023,
PUMPKIN SPICE MASON JAR CANDLE - ORIGINAL COLLECTION,PUMPKIN SPICE MASON JAR CANDLE - ORIGINAL COLLECTION,,"😍Nothing says Fall like pumpkin pie and this candle does not disappoint. This scent is the sweetest blend of nutmeg, cinnamon, brown sugar, molasses, pumpkin, and ginger. A best seller!

🏄🏽‍♀️Surf's Up candles are all natural soy wax, no dyes, paraffin, lead, or petroleum content

💫Hand Poured in Small Batches using custom created scents

🔥Features a cotton wick to ensure a smooth, clean burn

🔹Made in the U.S.A.

Available sizes👇🏽

▪️ Jumbo: 26oz Reusable Mason Jar with an approximate 140 hour burn time
▪️ Large: 16oz Reusable Mason Jar with an approximate 80 hour burn time
▪️ Medium: 8oz Reusable Mason Jar with an approximate 60 hour burn time
▪️ Mini: 4oz Reusable Mason Jar with an approxiamate 20 hour burn time
▪️ Wax Melt: 2oz",,,,,16 oz Large,,3,$24.00,,,,,3,Surfs400,Surfs160,https://www.surfsupcandle.com/cdn/shop/files/IMG_8779.jpg?v=1684434395&width=3023,IMG_8779.jpg?v=1684434395&width=3023,,,Surfs800,IMG_8779.jpg?v=1684434395&width=3023,
PUMPKIN SPICE MASON JAR CANDLE - ORIGINAL COLLECTION,PUMPKIN SPICE MASON JAR CANDLE - ORIGINAL COLLECTION,,"😍Nothing says Fall like pumpkin pie and this candle does not disappoint. This scent is the sweetest blend of nutmeg, cinnamon, brown sugar, molasses, pumpkin, and ginger. A best seller!

🏄🏽‍♀️Surf's Up candles are all natural soy wax, no dyes, paraffin, lead, or petroleum content

💫Hand Poured in Small Batches using custom created scents

🔥Features a cotton wick to ensure a smooth, clean burn

🔹Made in the U.S.A.

Available sizes👇🏽

▪️ Jumbo: 26oz Reusable Mason Jar with an approximate 140 hour burn time
▪️ Large: 16oz Reusable Mason Jar with an approximate 80 hour burn time
▪️ Medium: 8oz Reusable Mason Jar with an approximate 60 hour burn time
▪️ Mini: 4oz Reusable Mason Jar with an approxiamate 20 hour burn time
▪️ Wax Melt: 2oz",,,,,8 oz Medium,,3,$18.00,,,,,3,Surfs400,Surfs160,https://www.surfsupcandle.com/cdn/shop/files/IMG_8778.jpg?v=1684434397&width=3023,IMG_8778.jpg?v=1684434397&width=3023,,,Surfs800,IMG_8778.jpg?v=1684434397&width=3023,
PUMPKIN SPICE MASON JAR CANDLE - ORIGINAL COLLECTION,PUMPKIN SPICE MASON JAR CANDLE - ORIGINAL COLLECTION,,"😍Nothing says Fall like pumpkin pie and this candle does not disappoint. This scent is the sweetest blend of nutmeg, cinnamon, brown sugar, molasses, pumpkin, and ginger. A best seller!

🏄🏽‍♀️Surf's Up candles are all natural soy wax, no dyes, paraffin, lead, or petroleum content

💫Hand Poured in Small Batches using custom created scents

🔥Features a cotton wick to ensure a smooth, clean burn

🔹Made in the U.S.A.

Available sizes👇🏽

▪️ Jumbo: 26oz Reusable Mason Jar with an approximate 140 hour burn time
▪️ Large: 16oz Reusable Mason Jar with an approximate 80 hour burn time
▪️ Medium: 8oz Reusable Mason Jar with an approximate 60 hour burn time
▪️ Mini: 4oz Reusable Mason Jar with an approxiamate 20 hour burn time
▪️ Wax Melt: 2oz",,,,,4 oz Mini,,3,$10.00,,,,,3,Surfs400,Surfs160,https://www.surfsupcandle.com/cdn/shop/files/IMG_8777.jpg?v=1684434399&width=3023,IMG_8777.jpg?v=1684434399&width=3023,,,Surfs800,IMG_8777.jpg?v=1684434399&width=3023,
PUMPKIN SPICE MASON JAR CANDLE - ORIGINAL COLLECTION,PUMPKIN SPICE MASON JAR CANDLE - ORIGINAL COLLECTION,,"😍Nothing says Fall like pumpkin pie and this candle does not disappoint. This scent is the sweetest blend of nutmeg, cinnamon, brown sugar, molasses, pumpkin, and ginger. A best seller!

🏄🏽‍♀️Surf's Up candles are all natural soy wax, no dyes, paraffin, lead, or petroleum content

💫Hand Poured in Small Batches using custom created scents

🔥Features a cotton wick to ensure a smooth, clean burn

🔹Made in the U.S.A.

Available sizes👇🏽

▪️ Jumbo: 26oz Reusable Mason Jar with an approximate 140 hour burn time
▪️ Large: 16oz Reusable Mason Jar with an approximate 80 hour burn time
▪️ Medium: 8oz Reusable Mason Jar with an approximate 60 hour burn time
▪️ Mini: 4oz Reusable Mason Jar with an approxiamate 20 hour burn time
▪️ Wax Melt: 2oz",,,,,Wax Melt,,3,$6.00,,,,,3,Surfs400,Surfs160,https://www.surfsupcandle.com/cdn/shop/files/IMG_8776.jpg?v=1684434401&width=3023,IMG_8776.jpg?v=1684434401&width=3023,,,Surfs800,IMG_8776.jpg?v=1684434401&width=3023,
PUMPKIN SOUFFLE MASON JAR CANDLE - ORIGINAL COLLECTION,PUMPKIN SOUFFLE MASON JAR CANDLE - ORIGINAL COLLECTION,,"😍Nothing says Fall like Pumpkin Souffle and this candle does not disappoint. This scent is the sweetest blend of nutmeg, cinnamon, brown sugar, molasses, pumpkin, and ginger. A best seller!

🏄🏽‍♀️Surf's Up candles are all natural soy wax, no dyes, paraffin, lead, or petroleum content

💫Hand Poured in Small Batches using custom created scents

🔥Features a cotton wick to ensure a smooth, clean burn

🔹Made in the U.S.A.

Available sizes👇🏽

▪️ Jumbo: 26oz Reusable Mason Jar with an approximate 140 hour burn time
▪️ Large: 16oz Reusable Mason Jar with an approximate 80 hour burn time
▪️ Medium: 8oz Reusable Mason Jar with an approximate 60 hour burn time
▪️ Mini: 4oz Reusable Mason Jar with an approxiamate 20 hour burn time
▪️ Wax Melt: 2oz",,,,,26 oz Jumbo,,3,$36.00,,,,,3,Surfs400,Surfs160,https://www.surfsupcandle.com/cdn/shop/files/IMG_8125.jpg?v=1682448408&width=3023,IMG_8125.jpg?v=1682448408&width=3023,,,Surfs800,IMG_8125.jpg?v=1682448408&width=3023,
PUMPKIN SOUFFLE MASON JAR CANDLE - ORIGINAL COLLECTION,PUMPKIN SOUFFLE MASON JAR CANDLE - ORIGINAL COLLECTION,,"😍Nothing says Fall like Pumpkin Souffle and this candle does not disappoint. This scent is the sweetest blend of nutmeg, cinnamon, brown sugar, molasses, pumpkin, and ginger. A best seller!

🏄🏽‍♀️Surf's Up candles are all natural soy wax, no dyes, paraffin, lead, or petroleum content

💫Hand Poured in Small Batches using custom created scents

🔥Features a cotton wick to ensure a smooth, clean burn

🔹Made in the U.S.A.

Available sizes👇🏽

▪️ Jumbo: 26oz Reusable Mason Jar with an approximate 140 hour burn time
▪️ Large: 16oz Reusable Mason Jar with an approximate 80 hour burn time
▪️ Medium: 8oz Reusable Mason Jar with an approximate 60 hour burn time
▪️ Mini: 4oz Reusable Mason Jar with an approxiamate 20 hour burn time
▪️ Wax Melt: 2oz",,,,,16 oz Large,,3,$24.00,,,,,3,Surfs400,Surfs160,https://www.surfsupcandle.com/cdn/shop/files/IMG_8126.jpg?v=1682448409&width=3023,IMG_8126.jpg?v=1682448409&width=3023,,,Surfs800,IMG_8126.jpg?v=1682448409&width=3023,
PUMPKIN SOUFFLE MASON JAR CANDLE - ORIGINAL COLLECTION,PUMPKIN SOUFFLE MASON JAR CANDLE - ORIGINAL COLLECTION,,"😍Nothing says Fall like Pumpkin Souffle and this candle does not disappoint. This scent is the sweetest blend of nutmeg, cinnamon, brown sugar, molasses, pumpkin, and ginger. A best seller!

🏄🏽‍♀️Surf's Up candles are all natural soy wax, no dyes, paraffin, lead, or petroleum content

💫Hand Poured in Small Batches using custom created scents

🔥Features a cotton wick to ensure a smooth, clean burn

🔹Made in the U.S.A.

Available sizes👇🏽

▪️ Jumbo: 26oz Reusable Mason Jar with an approximate 140 hour burn time
▪️ Large: 16oz Reusable Mason Jar with an approximate 80 hour burn time
▪️ Medium: 8oz Reusable Mason Jar with an approximate 60 hour burn time
▪️ Mini: 4oz Reusable Mason Jar with an approxiamate 20 hour burn time
▪️ Wax Melt: 2oz",,,,,8 oz Medium,,3,$18.00,,,,,3,Surfs400,Surfs160,https://www.surfsupcandle.com/cdn/shop/files/IMG_8127.jpg?v=1682448411&width=3023,IMG_8127.jpg?v=1682448411&width=3023,,,Surfs800,IMG_8127.jpg?v=1682448411&width=3023,
PUMPKIN SOUFFLE MASON JAR CANDLE - ORIGINAL COLLECTION,PUMPKIN SOUFFLE MASON JAR CANDLE - ORIGINAL COLLECTION,,"😍Nothing says Fall like Pumpkin Souffle and this candle does not disappoint. This scent is the sweetest blend of nutmeg, cinnamon, brown sugar, molasses, pumpkin, and ginger. A best seller!

🏄🏽‍♀️Surf's Up candles are all natural soy wax, no dyes, paraffin, lead, or petroleum content

💫Hand Poured in Small Batches using custom created scents

🔥Features a cotton wick to ensure a smooth, clean burn

🔹Made in the U.S.A.

Available sizes👇🏽

▪️ Jumbo: 26oz Reusable Mason Jar with an approximate 140 hour burn time
▪️ Large: 16oz Reusable Mason Jar with an approximate 80 hour burn time
▪️ Medium: 8oz Reusable Mason Jar with an approximate 60 hour burn time
▪️ Mini: 4oz Reusable Mason Jar with an approxiamate 20 hour burn time
▪️ Wax Melt: 2oz",,,,,4 oz Mini,,3,$10.00,,,,,3,Surfs400,Surfs160,https://www.surfsupcandle.com/cdn/shop/files/IMG_8128.jpg?v=1682448412&width=3023,IMG_8128.jpg?v=1682448412&width=3023,,,Surfs800,IMG_8128.jpg?v=1682448412&width=3023,
PUMPKIN SOUFFLE MASON JAR CANDLE - ORIGINAL COLLECTION,PUMPKIN SOUFFLE MASON JAR CANDLE - ORIGINAL COLLECTION,,"😍Nothing says Fall like Pumpkin Souffle and this candle does not disappoint. This scent is the sweetest blend of nutmeg, cinnamon, brown sugar, molasses, pumpkin, and ginger. A best seller!

🏄🏽‍♀️Surf's Up candles are all natural soy wax, no dyes, paraffin, lead, or petroleum content

💫Hand Poured in Small Batches using custom created scents

🔥Features a cotton wick to ensure a smooth, clean burn

🔹Made in the U.S.A.

Available sizes👇🏽

▪️ Jumbo: 26oz Reusable Mason Jar with an approximate 140 hour burn time
▪️ Large: 16oz Reusable Mason Jar with an approximate 80 hour burn time
▪️ Medium: 8oz Reusable Mason Jar with an approximate 60 hour burn time
▪️ Mini: 4oz Reusable Mason Jar with an approxiamate 20 hour burn time
▪️ Wax Melt: 2oz",,,,,Wax Melt,,3,$6.00,,,,,3,Surfs400,Surfs160,https://www.surfsupcandle.com/cdn/shop/files/IMG_8124.jpg?v=1682448414&width=3023,IMG_8124.jpg?v=1682448414&width=3023,,,Surfs800,IMG_8124.jpg?v=1682448414&width=3023,
MAPLE SYRUP MASON JAR CANDLE - ORIGINAL COLLECTION,MAPLE SYRUP MASON JAR CANDLE - ORIGINAL COLLECTION,,"😍Christmas Morning is the epitome of Christmas spirit! This is our take on the best of Christmas morning blending together the leftover scent of cookies and milk while adding in some magical elements of our own. Christmas morning contains hints of nutmeg, cinnamon, brown sugar, molasses, vanilla cream. and ginger that will thrust you right back into the Christmas spirit!

🏄🏽‍♀️Surf's Up candles are all natural soy wax, no dyes, paraffin, lead, or petroleum content

💫Hand Poured in Small Batches using custom created scents

🔥Features a cotton wick to ensure a smooth, clean burn

🔹Made in the U.S.A.

Available sizes👇🏽

▪️ Jumbo: 26oz Reusable Mason Jar with an approximate 140 hour burn time
▪️ Large: 16oz Reusable Mason Jar with an approximate 80 hour burn time
▪️ Medium: 8oz Reusable Mason Jar with an approximate 60 hour burn time
▪️ Mini: 4oz Reusable Mason Jar with an approxiamate 20 hour burn time
▪️ Wax Melt: 2oz",,,,,26 oz Jumbo,,3,$36.00,,,,,3,Surfs400,Surfs160,https://www.surfsupcandle.com/cdn/shop/files/IMG_8474.jpg?v=1683316496&width=3023,IMG_8474.jpg?v=1683316496&width=3023,,,Surfs800,IMG_8474.jpg?v=1683316496&width=3023,
MAPLE SYRUP MASON JAR CANDLE - ORIGINAL COLLECTION,MAPLE SYRUP MASON JAR CANDLE - ORIGINAL COLLECTION,,"😍Christmas Morning is the epitome of Christmas spirit! This is our take on the best of Christmas morning blending together the leftover scent of cookies and milk while adding in some magical elements of our own. Christmas morning contains hints of nutmeg, cinnamon, brown sugar, molasses, vanilla cream. and ginger that will thrust you right back into the Christmas spirit!

🏄🏽‍♀️Surf's Up candles are all natural soy wax, no dyes, paraffin, lead, or petroleum content

💫Hand Poured in Small Batches using custom created scents

🔥Features a cotton wick to ensure a smooth, clean burn

🔹Made in the U.S.A.

Available sizes👇🏽

▪️ Jumbo: 26oz Reusable Mason Jar with an approximate 140 hour burn time
▪️ Large: 16oz Reusable Mason Jar with an approximate 80 hour burn time
▪️ Medium: 8oz Reusable Mason Jar with an approximate 60 hour burn time
▪️ Mini: 4oz Reusable Mason Jar with an approxiamate 20 hour burn time
▪️ Wax Melt: 2oz",,,,,16 oz Large,,3,$24.00,,,,,3,Surfs400,Surfs160,https://www.surfsupcandle.com/cdn/shop/files/IMG_8476.jpg?v=1683316498&width=3023,IMG_8476.jpg?v=1683316498&width=3023,,,Surfs800,IMG_8476.jpg?v=1683316498&width=3023,
MAPLE SYRUP MASON JAR CANDLE - ORIGINAL COLLECTION,MAPLE SYRUP MASON JAR CANDLE - ORIGINAL COLLECTION,,"😍Christmas Morning is the epitome of Christmas spirit! This is our take on the best of Christmas morning blending together the leftover scent of cookies and milk while adding in some magical elements of our own. Christmas morning contains hints of nutmeg, cinnamon, brown sugar, molasses, vanilla cream. and ginger that will thrust you right back into the Christmas spirit!

🏄🏽‍♀️Surf's Up candles are all natural soy wax, no dyes, paraffin, lead, or petroleum content

💫Hand Poured in Small Batches using custom created scents

🔥Features a cotton wick to ensure a smooth, clean burn

🔹Made in the U.S.A.

Available sizes👇🏽

▪️ Jumbo: 26oz Reusable Mason Jar with an approximate 140 hour burn time
▪️ Large: 16oz Reusable Mason Jar with an approximate 80 hour burn time
▪️ Medium: 8oz Reusable Mason Jar with an approximate 60 hour burn time
▪️ Mini: 4oz Reusable Mason Jar with an approxiamate 20 hour burn time
▪️ Wax Melt: 2oz",,,,,8 oz Medium,,3,$18.00,,,,,3,Surfs400,Surfs160,https://www.surfsupcandle.com/cdn/shop/files/IMG_8477.jpg?v=1683316500&width=3023,IMG_8477.jpg?v=1683316500&width=3023,,,Surfs800,IMG_8477.jpg?v=1683316500&width=3023,
MAPLE SYRUP MASON JAR CANDLE - ORIGINAL COLLECTION,MAPLE SYRUP MASON JAR CANDLE - ORIGINAL COLLECTION,,"😍Christmas Morning is the epitome of Christmas spirit! This is our take on the best of Christmas morning blending together the leftover scent of cookies and milk while adding in some magical elements of our own. Christmas morning contains hints of nutmeg, cinnamon, brown sugar, molasses, vanilla cream. and ginger that will thrust you right back into the Christmas spirit!

🏄🏽‍♀️Surf's Up candles are all natural soy wax, no dyes, paraffin, lead, or petroleum content

💫Hand Poured in Small Batches using custom created scents

🔥Features a cotton wick to ensure a smooth, clean burn

🔹Made in the U.S.A.

Available sizes👇🏽

▪️ Jumbo: 26oz Reusable Mason Jar with an approximate 140 hour burn time
▪️ Large: 16oz Reusable Mason Jar with an approximate 80 hour burn time
▪️ Medium: 8oz Reusable Mason Jar with an approximate 60 hour burn time
▪️ Mini: 4oz Reusable Mason Jar with an approxiamate 20 hour burn time
▪️ Wax Melt: 2oz",,,,,4 oz Mini,,3,$10.00,,,,,3,Surfs400,Surfs160,https://www.surfsupcandle.com/cdn/shop/files/IMG_8478.jpg?v=1683316503&width=3023,IMG_8478.jpg?v=1683316503&width=3023,,,Surfs800,IMG_8478.jpg?v=1683316503&width=3023,
MAPLE SYRUP MASON JAR CANDLE - ORIGINAL COLLECTION,MAPLE SYRUP MASON JAR CANDLE - ORIGINAL COLLECTION,,"😍Christmas Morning is the epitome of Christmas spirit! This is our take on the best of Christmas morning blending together the leftover scent of cookies and milk while adding in some magical elements of our own. Christmas morning contains hints of nutmeg, cinnamon, brown sugar, molasses, vanilla cream. and ginger that will thrust you right back into the Christmas spirit!

🏄🏽‍♀️Surf's Up candles are all natural soy wax, no dyes, paraffin, lead, or petroleum content

💫Hand Poured in Small Batches using custom created scents

🔥Features a cotton wick to ensure a smooth, clean burn

🔹Made in the U.S.A.

Available sizes👇🏽

▪️ Jumbo: 26oz Reusable Mason Jar with an approximate 140 hour burn time
▪️ Large: 16oz Reusable Mason Jar with an approximate 80 hour burn time
▪️ Medium: 8oz Reusable Mason Jar with an approximate 60 hour burn time
▪️ Mini: 4oz Reusable Mason Jar with an approxiamate 20 hour burn time
▪️ Wax Melt: 2oz",,,,,Wax Melt,,3,$6.00,,,,,3,Surfs400,Surfs160,https://www.surfsupcandle.com/cdn/shop/files/IMG_8475.jpg?v=1683316505&width=3023,IMG_8475.jpg?v=1683316505&width=3023,,,Surfs800,IMG_8475.jpg?v=1683316505&width=3023,
MISTLETOE MASON JAR CANDLE - ORIGINAL COLLECTION,MISTLETOE MASON JAR CANDLE - ORIGINAL COLLECTION,,"😍The signature scent of Christmas is right here in our candle. Creating a warm atmosphere this fragrance consists of mistletoe, pine, and balsam.

🏄🏽‍♀️Surf's Up candles are all natural soy wax, no dyes, paraffin, lead, or petroleum content

💫Hand Poured in Small Batches using custom created scents

🔥Features a cotton wick to ensure a smooth, clean burn

🔹Made in the U.S.A.

Available sizes👇🏽

▪️ Jumbo: 26oz Reusable Mason Jar with an approximate 140 hour burn time
▪️ Large: 16oz Reusable Mason Jar with an approximate 80 hour burn time
▪️ Medium: 8oz Reusable Mason Jar with an approximate 60 hour burn time
▪️ Mini: 4oz Reusable Mason Jar with an approxiamate 20 hour burn time
▪️ Wax Melt: 2oz",,,,,26 oz Jumbo,,3,$36.00,,,,,3,Surfs400,Surfs160,https://www.surfsupcandle.com/cdn/shop/files/IMG_8382.jpg?v=1683315669&width=3023,IMG_8382.jpg?v=1683315669&width=3023,,,Surfs800,IMG_8382.jpg?v=1683315669&width=3023,
MISTLETOE MASON JAR CANDLE - ORIGINAL COLLECTION,MISTLETOE MASON JAR CANDLE - ORIGINAL COLLECTION,,"😍The signature scent of Christmas is right here in our candle. Creating a warm atmosphere this fragrance consists of mistletoe, pine, and balsam.

🏄🏽‍♀️Surf's Up candles are all natural soy wax, no dyes, paraffin, lead, or petroleum content

💫Hand Poured in Small Batches using custom created scents

🔥Features a cotton wick to ensure a smooth, clean burn

🔹Made in the U.S.A.

Available sizes👇🏽

▪️ Jumbo: 26oz Reusable Mason Jar with an approximate 140 hour burn time
▪️ Large: 16oz Reusable Mason Jar with an approximate 80 hour burn time
▪️ Medium: 8oz Reusable Mason Jar with an approximate 60 hour burn time
▪️ Mini: 4oz Reusable Mason Jar with an approxiamate 20 hour burn time
▪️ Wax Melt: 2oz",,,,,16 oz Large,,3,$24.00,,,,,3,Surfs400,Surfs160,https://www.surfsupcandle.com/cdn/shop/files/IMG_8381.jpg?v=1683315671&width=3023,IMG_8381.jpg?v=1683315671&width=3023,,,Surfs800,IMG_8381.jpg?v=1683315671&width=3023,
MISTLETOE MASON JAR CANDLE - ORIGINAL COLLECTION,MISTLETOE MASON JAR CANDLE - ORIGINAL COLLECTION,,"😍The signature scent of Christmas is right here in our candle. Creating a warm atmosphere this fragrance consists of mistletoe, pine, and balsam.

🏄🏽‍♀️Surf's Up candles are all natural soy wax, no dyes, paraffin, lead, or petroleum content

💫Hand Poured in Small Batches using custom created scents

🔥Features a cotton wick to ensure a smooth, clean burn

🔹Made in the U.S.A.

Available sizes👇🏽

▪️ Jumbo: 26oz Reusable Mason Jar with an approximate 140 hour burn time
▪️ Large: 16oz Reusable Mason Jar with an approximate 80 hour burn time
▪️ Medium: 8oz Reusable Mason Jar with an approximate 60 hour burn time
▪️ Mini: 4oz Reusable Mason Jar with an approxiamate 20 hour burn time
▪️ Wax Melt: 2oz",,,,,8 oz Medium,,3,$18.00,,,,,3,Surfs400,Surfs160,https://www.surfsupcandle.com/cdn/shop/files/IMG_8385.jpg?v=1683315675&width=3023,IMG_8385.jpg?v=1683315675&width=3023,,,Surfs800,IMG_8385.jpg?v=1683315675&width=3023,
MISTLETOE MASON JAR CANDLE - ORIGINAL COLLECTION,MISTLETOE MASON JAR CANDLE - ORIGINAL COLLECTION,,"😍The signature scent of Christmas is right here in our candle. Creating a warm atmosphere this fragrance consists of mistletoe, pine, and balsam.

🏄🏽‍♀️Surf's Up candles are all natural soy wax, no dyes, paraffin, lead, or petroleum content

💫Hand Poured in Small Batches using custom created scents

🔥Features a cotton wick to ensure a smooth, clean burn

🔹Made in the U.S.A.

Available sizes👇🏽

▪️ Jumbo: 26oz Reusable Mason Jar with an approximate 140 hour burn time
▪️ Large: 16oz Reusable Mason Jar with an approximate 80 hour burn time
▪️ Medium: 8oz Reusable Mason Jar with an approximate 60 hour burn time
▪️ Mini: 4oz Reusable Mason Jar with an approxiamate 20 hour burn time
▪️ Wax Melt: 2oz",,,,,4 oz Mini,,3,$10.00,,,,,3,Surfs400,Surfs160,https://www.surfsupcandle.com/cdn/shop/files/IMG_8384.jpg?v=1683315676&width=3023,IMG_8384.jpg?v=1683315676&width=3023,,,Surfs800,IMG_8384.jpg?v=1683315676&width=3023,
MISTLETOE MASON JAR CANDLE - ORIGINAL COLLECTION,MISTLETOE MASON JAR CANDLE - ORIGINAL COLLECTION,,"😍The signature scent of Christmas is right here in our candle. Creating a warm atmosphere this fragrance consists of mistletoe, pine, and balsam.

🏄🏽‍♀️Surf's Up candles are all natural soy wax, no dyes, paraffin, lead, or petroleum content

💫Hand Poured in Small Batches using custom created scents

🔥Features a cotton wick to ensure a smooth, clean burn

🔹Made in the U.S.A.

Available sizes👇🏽

▪️ Jumbo: 26oz Reusable Mason Jar with an approximate 140 hour burn time
▪️ Large: 16oz Reusable Mason Jar with an approximate 80 hour burn time
▪️ Medium: 8oz Reusable Mason Jar with an approximate 60 hour burn time
▪️ Mini: 4oz Reusable Mason Jar with an approxiamate 20 hour burn time
▪️ Wax Melt: 2oz",,,,,Wax Melt,,3,$6.00,,,,,3,Surfs400,Surfs160,https://www.surfsupcandle.com/cdn/shop/files/IMG_8383.jpg?v=1683315681&width=3023,IMG_8383.jpg?v=1683315681&width=3023,,,Surfs800,IMG_8383.jpg?v=1683315681&width=3023,
SWEET FROSTING MASON JAR CANDLE - ORIGINAL COLLECTION,SWEET FROSTING MASON JAR CANDLE - ORIGINAL COLLECTION,,"😍Experience the warm feeling baking when you spell this aroma of sweet sugar frosting blended with birthday cake and sugar cookie.

🏄🏽‍♀️Surf's Up candles are all natural soy wax, no dyes, paraffin, lead, or petroleum content

💫Hand Poured in Small Batches using custom created scents

🔥Features a cotton wick to ensure a smooth, clean burn

🔹Made in the U.S.A.

Available sizes👇🏽

▪️ Jumbo: 26oz Reusable Mason Jar with an approximate 140 hour burn time
▪️ Large: 16oz Reusable Mason Jar with an approximate 80 hour burn time
▪️ Medium: 8oz Reusable Mason Jar with an approximate 60 hour burn time
▪️ Mini: 4oz Reusable Mason Jar with an approxiamate 20 hour burn time
▪️ Wax Melt: 2oz",,,,,26 oz Jumbo,,3,$36.00,,,,,3,Surfs400,Surfs160,https://www.surfsupcandle.com/cdn/shop/files/IMG_8119.jpg?v=1682448330&width=3023,IMG_8119.jpg?v=1682448330&width=3023,,,Surfs800,IMG_8119.jpg?v=1682448330&width=3023,
SWEET FROSTING MASON JAR CANDLE - ORIGINAL COLLECTION,SWEET FROSTING MASON JAR CANDLE - ORIGINAL COLLECTION,,"😍Experience the warm feeling baking when you spell this aroma of sweet sugar frosting blended with birthday cake and sugar cookie.

🏄🏽‍♀️Surf's Up candles are all natural soy wax, no dyes, paraffin, lead, or petroleum content

💫Hand Poured in Small Batches using custom created scents

🔥Features a cotton wick to ensure a smooth, clean burn

🔹Made in the U.S.A.

Available sizes👇🏽

▪️ Jumbo: 26oz Reusable Mason Jar with an approximate 140 hour burn time
▪️ Large: 16oz Reusable Mason Jar with an approximate 80 hour burn time
▪️ Medium: 8oz Reusable Mason Jar with an approximate 60 hour burn time
▪️ Mini: 4oz Reusable Mason Jar with an approxiamate 20 hour burn time
▪️ Wax Melt: 2oz",,,,,16 oz Large,,3,$24.00,,,,,3,Surfs400,Surfs160,https://www.surfsupcandle.com/cdn/shop/files/IMG_8121.jpg?v=1682448331&width=3023,IMG_8121.jpg?v=1682448331&width=3023,,,Surfs800,IMG_8121.jpg?v=1682448331&width=3023,
SWEET FROSTING MASON JAR CANDLE - ORIGINAL COLLECTION,SWEET FROSTING MASON JAR CANDLE - ORIGINAL COLLECTION,,"😍Experience the warm feeling baking when you spell this aroma of sweet sugar frosting blended with birthday cake and sugar cookie.

🏄🏽‍♀️Surf's Up candles are all natural soy wax, no dyes, paraffin, lead, or petroleum content

💫Hand Poured in Small Batches using custom created scents

🔥Features a cotton wick to ensure a smooth, clean burn

🔹Made in the U.S.A.

Available sizes👇🏽

▪️ Jumbo: 26oz Reusable Mason Jar with an approximate 140 hour burn time
▪️ Large: 16oz Reusable Mason Jar with an approximate 80 hour burn time
▪️ Medium: 8oz Reusable Mason Jar with an approximate 60 hour burn time
▪️ Mini: 4oz Reusable Mason Jar with an approxiamate 20 hour burn time
▪️ Wax Melt: 2oz",,,,,8 oz Medium,,3,$18.00,,,,,3,Surfs400,Surfs160,https://www.surfsupcandle.com/cdn/shop/files/IMG_8122.jpg?v=1682448333&width=3023,IMG_8122.jpg?v=1682448333&width=3023,,,Surfs800,IMG_8122.jpg?v=1682448333&width=3023,
SWEET FROSTING MASON JAR CANDLE - ORIGINAL COLLECTION,SWEET FROSTING MASON JAR CANDLE - ORIGINAL COLLECTION,,"😍Experience the warm feeling baking when you spell this aroma of sweet sugar frosting blended with birthday cake and sugar cookie.

🏄🏽‍♀️Surf's Up candles are all natural soy wax, no dyes, paraffin, lead, or petroleum content

💫Hand Poured in Small Batches using custom created scents

🔥Features a cotton wick to ensure a smooth, clean burn

🔹Made in the U.S.A.

Available sizes👇🏽

▪️ Jumbo: 26oz Reusable Mason Jar with an approximate 140 hour burn time
▪️ Large: 16oz Reusable Mason Jar with an approximate 80 hour burn time
▪️ Medium: 8oz Reusable Mason Jar with an approximate 60 hour burn time
▪️ Mini: 4oz Reusable Mason Jar with an approxiamate 20 hour burn time
▪️ Wax Melt: 2oz",,,,,4 oz Mini,,3,$10.00,,,,,3,Surfs400,Surfs160,https://www.surfsupcandle.com/cdn/shop/files/IMG_8123.jpg?v=1682448334&width=3023,IMG_8123.jpg?v=1682448334&width=3023,,,Surfs800,IMG_8123.jpg?v=1682448334&width=3023,
SWEET FROSTING MASON JAR CANDLE - ORIGINAL COLLECTION,SWEET FROSTING MASON JAR CANDLE - ORIGINAL COLLECTION,,"😍Experience the warm feeling baking when you spell this aroma of sweet sugar frosting blended with birthday cake and sugar cookie.

🏄🏽‍♀️Surf's Up candles are all natural soy wax, no dyes, paraffin, lead, or petroleum content

💫Hand Poured in Small Batches using custom created scents

🔥Features a cotton wick to ensure a smooth, clean burn

🔹Made in the U.S.A.

Available sizes👇🏽

▪️ Jumbo: 26oz Reusable Mason Jar with an approximate 140 hour burn time
▪️ Large: 16oz Reusable Mason Jar with an approximate 80 hour burn time
▪️ Medium: 8oz Reusable Mason Jar with an approximate 60 hour burn time
▪️ Mini: 4oz Reusable Mason Jar with an approxiamate 20 hour burn time
▪️ Wax Melt: 2oz",,,,,Wax Melt,,3,$6.00,,,,,3,Surfs400,Surfs160,https://www.surfsupcandle.com/cdn/shop/files/IMG_8120.jpg?v=1682448336&width=3023,IMG_8120.jpg?v=1682448336&width=3023,,,Surfs800,IMG_8120.jpg?v=1682448336&width=3023,
BLUE SPRUCE MASON JAR CANDLE - ORIGINAL COLLECTION,BLUE SPRUCE MASON JAR CANDLE - ORIGINAL COLLECTION,,"😍Let the holidays take over your home with our Blue Spruce scent. This tree scent is a combination of cedarwood, pine, evergreen, with hints or spruce, cypress, and lemon.

🏄🏽‍♀️Surf's Up candles are all natural soy wax, no dyes, paraffin, lead, or petroleum content

💫Hand Poured in Small Batches using custom created scents

🔥Features a cotton wick to ensure a smooth, clean burn

🔹Made in the U.S.A.

Available sizes👇🏽

▪️ Jumbo: 26oz Reusable Mason Jar with an approximate 140 hour burn time
▪️ Large: 16oz Reusable Mason Jar with an approximate 80 hour burn time
▪️ Medium: 8oz Reusable Mason Jar with an approximate 60 hour burn time
▪️ Mini: 4oz Reusable Mason Jar with an approxiamate 20 hour burn time
▪️ Wax Melt: 2oz",,,,,26 oz Jumbo,,3,$36.00,,,,,3,Surfs400,Surfs160,https://www.surfsupcandle.com/cdn/shop/products/IMG_7916.jpg?v=1681920942&width=3023,IMG_7916.jpg?v=1681920942&width=3023,,,Surfs800,IMG_7916.jpg?v=1681920942&width=3023,
BLUE SPRUCE MASON JAR CANDLE - ORIGINAL COLLECTION,BLUE SPRUCE MASON JAR CANDLE - ORIGINAL COLLECTION,,"😍Let the holidays take over your home with our Blue Spruce scent. This tree scent is a combination of cedarwood, pine, evergreen, with hints or spruce, cypress, and lemon.

🏄🏽‍♀️Surf's Up candles are all natural soy wax, no dyes, paraffin, lead, or petroleum content

💫Hand Poured in Small Batches using custom created scents

🔥Features a cotton wick to ensure a smooth, clean burn

🔹Made in the U.S.A.

Available sizes👇🏽

▪️ Jumbo: 26oz Reusable Mason Jar with an approximate 140 hour burn time
▪️ Large: 16oz Reusable Mason Jar with an approximate 80 hour burn time
▪️ Medium: 8oz Reusable Mason Jar with an approximate 60 hour burn time
▪️ Mini: 4oz Reusable Mason Jar with an approxiamate 20 hour burn time
▪️ Wax Melt: 2oz",,,,,16 oz Large,,3,$24.00,,,,,3,Surfs400,Surfs160,https://www.surfsupcandle.com/cdn/shop/products/IMG_7918.jpg?v=1681920944&width=2734,IMG_7918.jpg?v=1681920944&width=2734,,,Surfs800,IMG_7918.jpg?v=1681920944&width=2734,
BLUE SPRUCE MASON JAR CANDLE - ORIGINAL COLLECTION,BLUE SPRUCE MASON JAR CANDLE - ORIGINAL COLLECTION,,"😍Let the holidays take over your home with our Blue Spruce scent. This tree scent is a combination of cedarwood, pine, evergreen, with hints or spruce, cypress, and lemon.

🏄🏽‍♀️Surf's Up candles are all natural soy wax, no dyes, paraffin, lead, or petroleum content

💫Hand Poured in Small Batches using custom created scents

🔥Features a cotton wick to ensure a smooth, clean burn

🔹Made in the U.S.A.

Available sizes👇🏽

▪️ Jumbo: 26oz Reusable Mason Jar with an approximate 140 hour burn time
▪️ Large: 16oz Reusable Mason Jar with an approximate 80 hour burn time
▪️ Medium: 8oz Reusable Mason Jar with an approximate 60 hour burn time
▪️ Mini: 4oz Reusable Mason Jar with an approxiamate 20 hour burn time
▪️ Wax Melt: 2oz",,,,,8 oz Medium,,3,$18.00,,,,,3,Surfs400,Surfs160,https://www.surfsupcandle.com/cdn/shop/products/IMG_7919.jpg?v=1681920946&width=3023,IMG_7919.jpg?v=1681920946&width=3023,,,Surfs800,IMG_7919.jpg?v=1681920946&width=3023,
BLUE SPRUCE MASON JAR CANDLE - ORIGINAL COLLECTION,BLUE SPRUCE MASON JAR CANDLE - ORIGINAL COLLECTION,,"😍Let the holidays take over your home with our Blue Spruce scent. This tree scent is a combination of cedarwood, pine, evergreen, with hints or spruce, cypress, and lemon.

🏄🏽‍♀️Surf's Up candles are all natural soy wax, no dyes, paraffin, lead, or petroleum content

💫Hand Poured in Small Batches using custom created scents

🔥Features a cotton wick to ensure a smooth, clean burn

🔹Made in the U.S.A.

Available sizes👇🏽

▪️ Jumbo: 26oz Reusable Mason Jar with an approximate 140 hour burn time
▪️ Large: 16oz Reusable Mason Jar with an approximate 80 hour burn time
▪️ Medium: 8oz Reusable Mason Jar with an approximate 60 hour burn time
▪️ Mini: 4oz Reusable Mason Jar with an approxiamate 20 hour burn time
▪️ Wax Melt: 2oz",,,,,4 oz Mini,,3,$10.00,,,,,3,Surfs400,Surfs160,https://www.surfsupcandle.com/cdn/shop/products/IMG_7920.jpg?v=1681920947&width=3023,IMG_7920.jpg?v=1681920947&width=3023,,,Surfs800,IMG_7920.jpg?v=1681920947&width=3023,
BLUE SPRUCE MASON JAR CANDLE - ORIGINAL COLLECTION,BLUE SPRUCE MASON JAR CANDLE - ORIGINAL COLLECTION,,"😍Let the holidays take over your home with our Blue Spruce scent. This tree scent is a combination of cedarwood, pine, evergreen, with hints or spruce, cypress, and lemon.

🏄🏽‍♀️Surf's Up candles are all natural soy wax, no dyes, paraffin, lead, or petroleum content

💫Hand Poured in Small Batches using custom created scents

🔥Features a cotton wick to ensure a smooth, clean burn

🔹Made in the U.S.A.

Available sizes👇🏽

▪️ Jumbo: 26oz Reusable Mason Jar with an approximate 140 hour burn time
▪️ Large: 16oz Reusable Mason Jar with an approximate 80 hour burn time
▪️ Medium: 8oz Reusable Mason Jar with an approximate 60 hour burn time
▪️ Mini: 4oz Reusable Mason Jar with an approxiamate 20 hour burn time
▪️ Wax Melt: 2oz",,,,,Wax Melt,,3,$6.00,,,,,3,Surfs400,Surfs160,https://www.surfsupcandle.com/cdn/shop/products/IMG_7917.jpg?v=1681920949&width=3023,IMG_7917.jpg?v=1681920949&width=3023,,,Surfs800,IMG_7917.jpg?v=1681920949&width=3023,
VANILLA SANDALWOOD MASON JAR CANDLE - ORIGINAL COLLECTION,VANILLA SANDALWOOD MASON JAR CANDLE - ORIGINAL COLLECTION,,"😍Vanilla Sandalwood is an instant classic scent! Our own personal rendition on vanilla is very true to its name. The mix of rich vanilla and indian sandalwood creates the perfect vanilla concoction!

🏄🏽‍♀️Surf's Up candles are all natural soy wax, no dyes, paraffin, lead, or petroleum content

💫Hand Poured in Small Batches using custom created scents

🔥Features a cotton wick to ensure a smooth, clean burn

🔹Made in the U.S.A.

Available sizes👇🏽

▪️ Jumbo: 26oz Reusable Mason Jar with an approximate 140 hour burn time
▪️ Large: 16oz Reusable Mason Jar with an approximate 80 hour burn time
▪️ Medium: 8oz Reusable Mason Jar with an approximate 60 hour burn time
▪️ Mini: 4oz Reusable Mason Jar with an approxiamate 20 hour burn time
▪️ Wax Melt: 2oz",,,,,26 oz Jumbo,,3,$36.00,,,,,3,Surfs400,Surfs160,https://www.surfsupcandle.com/cdn/shop/products/IMG_7998.jpg?v=1682092222&width=3023,IMG_7998.jpg?v=1682092222&width=3023,,,Surfs800,IMG_7998.jpg?v=1682092222&width=3023,
VANILLA SANDALWOOD MASON JAR CANDLE - ORIGINAL COLLECTION,VANILLA SANDALWOOD MASON JAR CANDLE - ORIGINAL COLLECTION,,"😍Vanilla Sandalwood is an instant classic scent! Our own personal rendition on vanilla is very true to its name. The mix of rich vanilla and indian sandalwood creates the perfect vanilla concoction!

🏄🏽‍♀️Surf's Up candles are all natural soy wax, no dyes, paraffin, lead, or petroleum content

💫Hand Poured in Small Batches using custom created scents

🔥Features a cotton wick to ensure a smooth, clean burn

🔹Made in the U.S.A.

Available sizes👇🏽

▪️ Jumbo: 26oz Reusable Mason Jar with an approximate 140 hour burn time
▪️ Large: 16oz Reusable Mason Jar with an approximate 80 hour burn time
▪️ Medium: 8oz Reusable Mason Jar with an approximate 60 hour burn time
▪️ Mini: 4oz Reusable Mason Jar with an approxiamate 20 hour burn time
▪️ Wax Melt: 2oz",,,,,16 oz Large,,3,$24.00,,,,,3,Surfs400,Surfs160,https://www.surfsupcandle.com/cdn/shop/products/IMG_8001.jpg?v=1682092224&width=3023,IMG_8001.jpg?v=1682092224&width=3023,,,Surfs800,IMG_8001.jpg?v=1682092224&width=3023,
VANILLA SANDALWOOD MASON JAR CANDLE - ORIGINAL COLLECTION,VANILLA SANDALWOOD MASON JAR CANDLE - ORIGINAL COLLECTION,,"😍Vanilla Sandalwood is an instant classic scent! Our own personal rendition on vanilla is very true to its name. The mix of rich vanilla and indian sandalwood creates the perfect vanilla concoction!

🏄🏽‍♀️Surf's Up candles are all natural soy wax, no dyes, paraffin, lead, or petroleum content

💫Hand Poured in Small Batches using custom created scents

🔥Features a cotton wick to ensure a smooth, clean burn

🔹Made in the U.S.A.

Available sizes👇🏽

▪️ Jumbo: 26oz Reusable Mason Jar with an approximate 140 hour burn time
▪️ Large: 16oz Reusable Mason Jar with an approximate 80 hour burn time
▪️ Medium: 8oz Reusable Mason Jar with an approximate 60 hour burn time
▪️ Mini: 4oz Reusable Mason Jar with an approxiamate 20 hour burn time
▪️ Wax Melt: 2oz",,,,,8 oz Medium,,3,$18.00,,,,,3,Surfs400,Surfs160,https://www.surfsupcandle.com/cdn/shop/products/IMG_8003.jpg?v=1682092225&width=3023,IMG_8003.jpg?v=1682092225&width=3023,,,Surfs800,IMG_8003.jpg?v=1682092225&width=3023,
VANILLA SANDALWOOD MASON JAR CANDLE - ORIGINAL COLLECTION,VANILLA SANDALWOOD MASON JAR CANDLE - ORIGINAL COLLECTION,,"😍Vanilla Sandalwood is an instant classic scent! Our own personal rendition on vanilla is very true to its name. The mix of rich vanilla and indian sandalwood creates the perfect vanilla concoction!

🏄🏽‍♀️Surf's Up candles are all natural soy wax, no dyes, paraffin, lead, or petroleum content

💫Hand Poured in Small Batches using custom created scents

🔥Features a cotton wick to ensure a smooth, clean burn

🔹Made in the U.S.A.

Available sizes👇🏽

▪️ Jumbo: 26oz Reusable Mason Jar with an approximate 140 hour burn time
▪️ Large: 16oz Reusable Mason Jar with an approximate 80 hour burn time
▪️ Medium: 8oz Reusable Mason Jar with an approximate 60 hour burn time
▪️ Mini: 4oz Reusable Mason Jar with an approxiamate 20 hour burn time
▪️ Wax Melt: 2oz",,,,,4 oz Mini,,3,$10.00,,,,,3,Surfs400,Surfs160,https://www.surfsupcandle.com/cdn/shop/products/IMG_8004.jpg?v=1682092227&width=3023,IMG_8004.jpg?v=1682092227&width=3023,,,Surfs800,IMG_8004.jpg?v=1682092227&width=3023,
VANILLA SANDALWOOD MASON JAR CANDLE - ORIGINAL COLLECTION,VANILLA SANDALWOOD MASON JAR CANDLE - ORIGINAL COLLECTION,,"😍Vanilla Sandalwood is an instant classic scent! Our own personal rendition on vanilla is very true to its name. The mix of rich vanilla and indian sandalwood creates the perfect vanilla concoction!

🏄🏽‍♀️Surf's Up candles are all natural soy wax, no dyes, paraffin, lead, or petroleum content

💫Hand Poured in Small Batches using custom created scents

🔥Features a cotton wick to ensure a smooth, clean burn

🔹Made in the U.S.A.

Available sizes👇🏽

▪️ Jumbo: 26oz Reusable Mason Jar with an approximate 140 hour burn time
▪️ Large: 16oz Reusable Mason Jar with an approximate 80 hour burn time
▪️ Medium: 8oz Reusable Mason Jar with an approximate 60 hour burn time
▪️ Mini: 4oz Reusable Mason Jar with an approxiamate 20 hour burn time
▪️ Wax Melt: 2oz",,,,,Wax Melt,,3,$6.00,,,,,3,Surfs400,Surfs160,https://www.surfsupcandle.com/cdn/shop/products/IMG_7999.jpg?v=1682092229&width=3023,IMG_7999.jpg?v=1682092229&width=3023,,,Surfs800,IMG_7999.jpg?v=1682092229&width=3023,
COCONUT LIME PAINT CAN CANDLE - VINTAGE COLLECTION,COCONUT LIME PAINT CAN CANDLE - VINTAGE COLLECTION,,"😍Our refreshing summer scent Coconut Lime is bursting with lime, orange, coconut, and vanilla. You will feel like you are living on your own tropical island. One of our best sellers!

🏄🏽‍♀️Surf's Up candles are all natural soy wax, no dyes, paraffin, lead, or petroleum content

💫Hand Poured in Small Batches using custom created scents

🔥Features a cotton wick to ensure a smooth, clean burn

🔹Made in the U.S.A.

Available sizes👇🏽

▪️ Pint Candles are 16oz with 80-100 hours burn time
▪️ 1/2 Pint Candles are 8oz with 40-50 hours burn time
▪️ 1/4 Pint Candles are 4oz with 20-25hours burn time",,,,,16 oz Pint,,3,$26.00,,,,,3,Surfs400,Surfs160,https://www.surfsupcandle.com/cdn/shop/products/IMG_7308_54ebab36-6d73-4c45-b911-c49451277df1.jpg?v=1679606942&width=2987,IMG_7308_54ebab36-6d73-4c45-b911-c49451277df1.jpg?v=1679606942&width=2987,,,Surfs800,IMG_7308_54ebab36-6d73-4c45-b911-c49451277df1.jpg?v=1679606942&width=2987,
COCONUT LIME PAINT CAN CANDLE - VINTAGE COLLECTION,COCONUT LIME PAINT CAN CANDLE - VINTAGE COLLECTION,,"😍Our refreshing summer scent Coconut Lime is bursting with lime, orange, coconut, and vanilla. You will feel like you are living on your own tropical island. One of our best sellers!

🏄🏽‍♀️Surf's Up candles are all natural soy wax, no dyes, paraffin, lead, or petroleum content

💫Hand Poured in Small Batches using custom created scents

🔥Features a cotton wick to ensure a smooth, clean burn

🔹Made in the U.S.A.

Available sizes👇🏽

▪️ Pint Candles are 16oz with 80-100 hours burn time
▪️ 1/2 Pint Candles are 8oz with 40-50 hours burn time
▪️ 1/4 Pint Candles are 4oz with 20-25hours burn time",,,,,8 oz 1/2 Pint,,3,$19.00,,,,,3,Surfs400,Surfs160,https://www.surfsupcandle.com/cdn/shop/products/IMG_7310_f0142272-4dce-4cc7-93ce-19a9c4664ed2.jpg?v=1679606973&width=2652,IMG_7310_f0142272-4dce-4cc7-93ce-19a9c4664ed2.jpg?v=1679606973&width=2652,,,Surfs800,IMG_7310_f0142272-4dce-4cc7-93ce-19a9c4664ed2.jpg?v=1679606973&width=2652,
COCONUT LIME PAINT CAN CANDLE - VINTAGE COLLECTION,COCONUT LIME PAINT CAN CANDLE - VINTAGE COLLECTION,,"😍Our refreshing summer scent Coconut Lime is bursting with lime, orange, coconut, and vanilla. You will feel like you are living on your own tropical island. One of our best sellers!

🏄🏽‍♀️Surf's Up candles are all natural soy wax, no dyes, paraffin, lead, or petroleum content

💫Hand Poured in Small Batches using custom created scents

🔥Features a cotton wick to ensure a smooth, clean burn

🔹Made in the U.S.A.

Available sizes👇🏽

▪️ Pint Candles are 16oz with 80-100 hours burn time
▪️ 1/2 Pint Candles are 8oz with 40-50 hours burn time
▪️ 1/4 Pint Candles are 4oz with 20-25hours burn time",,,,,4 oz 1/4 Pint,,3,$12.00,,,,,3,Surfs400,Surfs160,https://www.surfsupcandle.com/cdn/shop/products/IMG_7311_689c7307-ef69-475d-9534-70e9994da1c8.jpg?v=1679606988&width=2318,IMG_7311_689c7307-ef69-475d-9534-70e9994da1c8.jpg?v=1679606988&width=2318,,,Surfs800,IMG_7311_689c7307-ef69-475d-9534-70e9994da1c8.jpg?v=1679606988&width=2318,
OCEAN BREEZE PAINT CAN CANDLE- VINTAGE COLLECTION,OCEAN BREEZE PAINT CAN CANDLE- VINTAGE COLLECTION,,"😍Let this candle take you straight to the beach with fragrances consisting of essential oils with orange, citrus, seashore, and violet. A best seller!

🏄🏽‍♀️Surf's Up candles are all natural soy wax, no dyes, paraffin, lead, or petroleum content

💫Hand Poured in Small Batches using custom created scents

🔥Features a cotton wick to ensure a smooth, clean burn

🔹Made in the U.S.A.

Available sizes👇🏽

▪️ Pint Candles are 16oz with 80-100 hours burn time
▪️ 1/2 Pint Candles are 8oz with 40-50 hours burn time
▪️ 1/4 Pint Candles are 4oz with 20-25hours burn time",,,,,16 oz Pint,,3,$26.00,,,,,3,Surfs400,Surfs160,https://www.surfsupcandle.com/cdn/shop/products/DSC_5008.jpg?v=1677870609&width=3633,DSC_5008.jpg?v=1677870609&width=3633,,,Surfs800,DSC_5008.jpg?v=1677870609&width=3633,
OCEAN BREEZE PAINT CAN CANDLE- VINTAGE COLLECTION,OCEAN BREEZE PAINT CAN CANDLE- VINTAGE COLLECTION,,"😍Let this candle take you straight to the beach with fragrances consisting of essential oils with orange, citrus, seashore, and violet. A best seller!

🏄🏽‍♀️Surf's Up candles are all natural soy wax, no dyes, paraffin, lead, or petroleum content

💫Hand Poured in Small Batches using custom created scents

🔥Features a cotton wick to ensure a smooth, clean burn

🔹Made in the U.S.A.

Available sizes👇🏽

▪️ Pint Candles are 16oz with 80-100 hours burn time
▪️ 1/2 Pint Candles are 8oz with 40-50 hours burn time
▪️ 1/4 Pint Candles are 4oz with 20-25hours burn time",,,,,8 oz 1/2 Pint,,3,$19.00,,,,,3,Surfs400,Surfs160,https://www.surfsupcandle.com/cdn/shop/files/163-PC-C1-CL2-V1.jpg?v=1720713813&width=4284,163-PC-C1-CL2-V1.jpg?v=1720713813&width=4284,,,Surfs800,163-PC-C1-CL2-V1.jpg?v=1720713813&width=4284,
OCEAN BREEZE PAINT CAN CANDLE- VINTAGE COLLECTION,OCEAN BREEZE PAINT CAN CANDLE- VINTAGE COLLECTION,,"😍Let this candle take you straight to the beach with fragrances consisting of essential oils with orange, citrus, seashore, and violet. A best seller!

🏄🏽‍♀️Surf's Up candles are all natural soy wax, no dyes, paraffin, lead, or petroleum content

💫Hand Poured in Small Batches using custom created scents

🔥Features a cotton wick to ensure a smooth, clean burn

🔹Made in the U.S.A.

Available sizes👇🏽

▪️ Pint Candles are 16oz with 80-100 hours burn time
▪️ 1/2 Pint Candles are 8oz with 40-50 hours burn time
▪️ 1/4 Pint Candles are 4oz with 20-25hours burn time",,,,,4 oz 1/4 Pint,,3,$12.00,,,,,3,Surfs400,Surfs160,https://www.surfsupcandle.com/cdn/shop/files/163-PC-E1-CL2-V1.jpg?v=1720713812&width=3146,163-PC-E1-CL2-V1.jpg?v=1720713812&width=3146,,,Surfs800,163-PC-E1-CL2-V1.jpg?v=1720713812&width=3146,
CITRUS SPLASH PAINT CAN CANDLE - VINTAGE COLLECTION,CITRUS SPLASH PAINT CAN CANDLE - VINTAGE COLLECTION,,"😍Our subtle yet sweet aroma of Citrus Splash mixes a refreshing blend of oranges, lemons, and lime.

🏄🏽‍♀️Surf's Up candles are all natural soy wax, no dyes, paraffin, lead, or petroleum content

💫Hand Poured in Small Batches using custom created scents

🔥Features a cotton wick to ensure a smooth, clean burn

🔹Made in the U.S.A.

Available sizes👇🏽

▪️ Pint Candles are 16oz with 80-100 hours burn time
▪️ 1/2 Pint Candles are 8oz with 40-50 hours burn time
▪️ 1/4 Pint Candles are 4oz with 20-25hours burn time",,,,,16 oz Pint,,3,$26.00,,,,,3,Surfs400,Surfs160,https://www.surfsupcandle.com/cdn/shop/files/IMG_9616.jpg?v=1688065188&width=3023,IMG_9616.jpg?v=1688065188&width=3023,,,Surfs800,IMG_9616.jpg?v=1688065188&width=3023,
CITRUS SPLASH PAINT CAN CANDLE - VINTAGE COLLECTION,CITRUS SPLASH PAINT CAN CANDLE - VINTAGE COLLECTION,,"😍Our subtle yet sweet aroma of Citrus Splash mixes a refreshing blend of oranges, lemons, and lime.

🏄🏽‍♀️Surf's Up candles are all natural soy wax, no dyes, paraffin, lead, or petroleum content

💫Hand Poured in Small Batches using custom created scents

🔥Features a cotton wick to ensure a smooth, clean burn

🔹Made in the U.S.A.

Available sizes👇🏽

▪️ Pint Candles are 16oz with 80-100 hours burn time
▪️ 1/2 Pint Candles are 8oz with 40-50 hours burn time
▪️ 1/4 Pint Candles are 4oz with 20-25hours burn time",,,,,8 oz 1/2 Pint,,3,$19.00,,,,,3,Surfs400,Surfs160,https://www.surfsupcandle.com/cdn/shop/files/IMG_9618.jpg?v=1688065193&width=3023,IMG_9618.jpg?v=1688065193&width=3023,,,Surfs800,IMG_9618.jpg?v=1688065193&width=3023,
CITRUS SPLASH PAINT CAN CANDLE - VINTAGE COLLECTION,CITRUS SPLASH PAINT CAN CANDLE - VINTAGE COLLECTION,,"😍Our subtle yet sweet aroma of Citrus Splash mixes a refreshing blend of oranges, lemons, and lime.

🏄🏽‍♀️Surf's Up candles are all natural soy wax, no dyes, paraffin, lead, or petroleum content

💫Hand Poured in Small Batches using custom created scents

🔥Features a cotton wick to ensure a smooth, clean burn

🔹Made in the U.S.A.

Available sizes👇🏽

▪️ Pint Candles are 16oz with 80-100 hours burn time
▪️ 1/2 Pint Candles are 8oz with 40-50 hours burn time
▪️ 1/4 Pint Candles are 4oz with 20-25hours burn time",,,,,4 oz 1/4 Pint,,3,$12.00,,,,,3,Surfs400,Surfs160,https://www.surfsupcandle.com/cdn/shop/files/IMG_9619.jpg?v=1688065196&width=3023,IMG_9619.jpg?v=1688065196&width=3023,,,Surfs800,IMG_9619.jpg?v=1688065196&width=3023,
CUCUMBER SMOOTHIE PAINT CAN CANDLE - VINTAGE COLLECTION,CUCUMBER SMOOTHIE PAINT CAN CANDLE - VINTAGE COLLECTION,,"😍 Our refreshing Cucumber Smoothie is the refreshment you crave! This candle combines bergamot, aloe, and grapefruit with hints of of freesia, melons, paperwhites, and jasmine. Our masterful combination of fragrances creates the perfect rendition of refreshment!

🏄🏽‍♀️Surf's Up candles are all natural soy wax, no dyes, paraffin, lead, or petroleum content

💫Hand Poured in Small Batches using custom created scents

🔥Features a cotton wick to ensure a smooth, clean burn

🔹Made in the U.S.A.

Available sizes👇🏽

▪️ Pint Candles are 16oz with 80-100 hours burn time
▪️ 1/2 Pint Candles are 8oz with 40-50 hours burn time
▪️ 1/4 Pint Candles are 4oz with 20-25hours burn time",,,,,16 oz Pint,,3,$26.00,,,,,3,Surfs400,Surfs160,https://www.surfsupcandle.com/cdn/shop/files/IMG_7099.jpg?v=1688411092&width=3024,IMG_7099.jpg?v=1688411092&width=3024,,,Surfs800,IMG_7099.jpg?v=1688411092&width=3024,
CUCUMBER SMOOTHIE PAINT CAN CANDLE - VINTAGE COLLECTION,CUCUMBER SMOOTHIE PAINT CAN CANDLE - VINTAGE COLLECTION,,"😍 Our refreshing Cucumber Smoothie is the refreshment you crave! This candle combines bergamot, aloe, and grapefruit with hints of of freesia, melons, paperwhites, and jasmine. Our masterful combination of fragrances creates the perfect rendition of refreshment!

🏄🏽‍♀️Surf's Up candles are all natural soy wax, no dyes, paraffin, lead, or petroleum content

💫Hand Poured in Small Batches using custom created scents

🔥Features a cotton wick to ensure a smooth, clean burn

🔹Made in the U.S.A.

Available sizes👇🏽

▪️ Pint Candles are 16oz with 80-100 hours burn time
▪️ 1/2 Pint Candles are 8oz with 40-50 hours burn time
▪️ 1/4 Pint Candles are 4oz with 20-25hours burn time",,,,,8 oz 1/2 Pint,,3,$19.00,,,,,3,Surfs400,Surfs160,https://www.surfsupcandle.com/cdn/shop/files/IMG_7097.jpg?v=1688411092&width=3024,IMG_7097.jpg?v=1688411092&width=3024,,,Surfs800,IMG_7097.jpg?v=1688411092&width=3024,
CUCUMBER SMOOTHIE PAINT CAN CANDLE - VINTAGE COLLECTION,CUCUMBER SMOOTHIE PAINT CAN CANDLE - VINTAGE COLLECTION,,"😍 Our refreshing Cucumber Smoothie is the refreshment you crave! This candle combines bergamot, aloe, and grapefruit with hints of of freesia, melons, paperwhites, and jasmine. Our masterful combination of fragrances creates the perfect rendition of refreshment!

🏄🏽‍♀️Surf's Up candles are all natural soy wax, no dyes, paraffin, lead, or petroleum content

💫Hand Poured in Small Batches using custom created scents

🔥Features a cotton wick to ensure a smooth, clean burn

🔹Made in the U.S.A.

Available sizes👇🏽

▪️ Pint Candles are 16oz with 80-100 hours burn time
▪️ 1/2 Pint Candles are 8oz with 40-50 hours burn time
▪️ 1/4 Pint Candles are 4oz with 20-25hours burn time",,,,,4 oz 1/4 Pint,,3,$12.00,,,,,3,Surfs400,Surfs160,https://www.surfsupcandle.com/cdn/shop/files/IMG_7096_bd92077f-4674-4d59-a332-0c7ed84f3fd4.jpg?v=1688411092&width=3024,IMG_7096_bd92077f-4674-4d59-a332-0c7ed84f3fd4.jpg?v=1688411092&width=3024,,,Surfs800,IMG_7096_bd92077f-4674-4d59-a332-0c7ed84f3fd4.jpg?v=1688411092&width=3024,
APPLE CRUMBLE PAINT CAN CANDLE - VINTAGE COLLECTION,APPLE CRUMBLE PAINT CAN CANDLE - VINTAGE COLLECTION,,"😍Experience the warm feel of Fall with our Apple Pie scent. This fragrance is infused with cinnamon, nutmeg, clove, orange, and cedarwood.

🏄🏽‍♀️Surf's Up candles are all natural soy wax, no dyes, paraffin, lead, or petroleum content

💫Hand Poured in Small Batches using custom created scents

🔥Features a cotton wick to ensure a smooth, clean burn

🔹Made in the U.S.A.

Available sizes👇🏽

▪️ Pint Candles are 16oz with 80-100 hours burn time
▪️ 1/2 Pint Candles are 8oz with 40-50 hours burn time
▪️ 1/4 Pint Candles are 4oz with 20-25hours burn time",,,,,16 oz Pint,,3,$26.00,,,,,3,Surfs400,Surfs160,https://www.surfsupcandle.com/cdn/shop/files/IMG_8141.jpg?v=1682608624&width=3023,IMG_8141.jpg?v=1682608624&width=3023,,,Surfs800,IMG_8141.jpg?v=1682608624&width=3023,
APPLE CRUMBLE PAINT CAN CANDLE - VINTAGE COLLECTION,APPLE CRUMBLE PAINT CAN CANDLE - VINTAGE COLLECTION,,"😍Experience the warm feel of Fall with our Apple Pie scent. This fragrance is infused with cinnamon, nutmeg, clove, orange, and cedarwood.

🏄🏽‍♀️Surf's Up candles are all natural soy wax, no dyes, paraffin, lead, or petroleum content

💫Hand Poured in Small Batches using custom created scents

🔥Features a cotton wick to ensure a smooth, clean burn

🔹Made in the U.S.A.

Available sizes👇🏽

▪️ Pint Candles are 16oz with 80-100 hours burn time
▪️ 1/2 Pint Candles are 8oz with 40-50 hours burn time
▪️ 1/4 Pint Candles are 4oz with 20-25hours burn time",,,,,8 oz 1/2 Pint,,3,$19.00,,,,,3,Surfs400,Surfs160,https://www.surfsupcandle.com/cdn/shop/files/IMG_8144.jpg?v=1682608627&width=3023,IMG_8144.jpg?v=1682608627&width=3023,,,Surfs800,IMG_8144.jpg?v=1682608627&width=3023,
APPLE CRUMBLE PAINT CAN CANDLE - VINTAGE COLLECTION,APPLE CRUMBLE PAINT CAN CANDLE - VINTAGE COLLECTION,,"😍Experience the warm feel of Fall with our Apple Pie scent. This fragrance is infused with cinnamon, nutmeg, clove, orange, and cedarwood.

🏄🏽‍♀️Surf's Up candles are all natural soy wax, no dyes, paraffin, lead, or petroleum content

💫Hand Poured in Small Batches using custom created scents

🔥Features a cotton wick to ensure a smooth, clean burn

🔹Made in the U.S.A.

Available sizes👇🏽

▪️ Pint Candles are 16oz with 80-100 hours burn time
▪️ 1/2 Pint Candles are 8oz with 40-50 hours burn time
▪️ 1/4 Pint Candles are 4oz with 20-25hours burn time",,,,,4 oz 1/4 Pint,,3,$12.00,,,,,3,Surfs400,Surfs160,https://www.surfsupcandle.com/cdn/shop/files/IMG_8142.jpg?v=1682608629&width=3023,IMG_8142.jpg?v=1682608629&width=3023,,,Surfs800,IMG_8142.jpg?v=1682608629&width=3023,
SEX ON THE BEACH MASON JAR CANDLE - ORIGINAL COLLECTION,SEX ON THE BEACH MASON JAR CANDLE - ORIGINAL COLLECTION,,"😍Just like the fruity drink, this candle emulates the tropical fruit, vanilla, and strawberry fragrances with hints of orange and peach.

🏄🏽‍♀️Surf's Up candles are all natural soy wax, no dyes, paraffin, lead, or petroleum content

💫Hand Poured in Small Batches using custom created scents

🔥Features a cotton wick to ensure a smooth, clean burn

🔹Made in the U.S.A.

Available sizes👇🏽

▪️ Jumbo: 26oz Reusable Mason Jar with an approximate 140 hour burn time
▪️ Large: 16oz Reusable Mason Jar with an approximate 80 hour burn time
▪️ Medium: 8oz Reusable Mason Jar with an approximate 60 hour burn time
▪️ Mini: 4oz Reusable Mason Jar with an approxiamate 20 hour burn time
▪️ Wax Melt: 2oz",,,,,26 oz Jumbo,,3,$36.00,,,,,3,Surfs400,Surfs160,https://www.surfsupcandle.com/cdn/shop/files/IMG_8416.jpg?v=1683315823&width=3023,IMG_8416.jpg?v=1683315823&width=3023,,,Surfs800,IMG_8416.jpg?v=1683315823&width=3023,
SEX ON THE BEACH MASON JAR CANDLE - ORIGINAL COLLECTION,SEX ON THE BEACH MASON JAR CANDLE - ORIGINAL COLLECTION,,"😍Just like the fruity drink, this candle emulates the tropical fruit, vanilla, and strawberry fragrances with hints of orange and peach.

🏄🏽‍♀️Surf's Up candles are all natural soy wax, no dyes, paraffin, lead, or petroleum content

💫Hand Poured in Small Batches using custom created scents

🔥Features a cotton wick to ensure a smooth, clean burn

🔹Made in the U.S.A.

Available sizes👇🏽

▪️ Jumbo: 26oz Reusable Mason Jar with an approximate 140 hour burn time
▪️ Large: 16oz Reusable Mason Jar with an approximate 80 hour burn time
▪️ Medium: 8oz Reusable Mason Jar with an approximate 60 hour burn time
▪️ Mini: 4oz Reusable Mason Jar with an approxiamate 20 hour burn time
▪️ Wax Melt: 2oz",,,,,16 oz Large,,3,$24.00,,,,,3,Surfs400,Surfs160,https://www.surfsupcandle.com/cdn/shop/files/IMG_8414.jpg?v=1683315826&width=3023,IMG_8414.jpg?v=1683315826&width=3023,,,Surfs800,IMG_8414.jpg?v=1683315826&width=3023,
SEX ON THE BEACH MASON JAR CANDLE - ORIGINAL COLLECTION,SEX ON THE BEACH MASON JAR CANDLE - ORIGINAL COLLECTION,,"😍Just like the fruity drink, this candle emulates the tropical fruit, vanilla, and strawberry fragrances with hints of orange and peach.

🏄🏽‍♀️Surf's Up candles are all natural soy wax, no dyes, paraffin, lead, or petroleum content

💫Hand Poured in Small Batches using custom created scents

🔥Features a cotton wick to ensure a smooth, clean burn

🔹Made in the U.S.A.

Available sizes👇🏽

▪️ Jumbo: 26oz Reusable Mason Jar with an approximate 140 hour burn time
▪️ Large: 16oz Reusable Mason Jar with an approximate 80 hour burn time
▪️ Medium: 8oz Reusable Mason Jar with an approximate 60 hour burn time
▪️ Mini: 4oz Reusable Mason Jar with an approxiamate 20 hour burn time
▪️ Wax Melt: 2oz",,,,,8 oz Medium,,3,$18.00,,,,,3,Surfs400,Surfs160,https://www.surfsupcandle.com/cdn/shop/files/IMG_8413.jpg?v=1683315830&width=3023,IMG_8413.jpg?v=1683315830&width=3023,,,Surfs800,IMG_8413.jpg?v=1683315830&width=3023,
SEX ON THE BEACH MASON JAR CANDLE - ORIGINAL COLLECTION,SEX ON THE BEACH MASON JAR CANDLE - ORIGINAL COLLECTION,,"😍Just like the fruity drink, this candle emulates the tropical fruit, vanilla, and strawberry fragrances with hints of orange and peach.

🏄🏽‍♀️Surf's Up candles are all natural soy wax, no dyes, paraffin, lead, or petroleum content

💫Hand Poured in Small Batches using custom created scents

🔥Features a cotton wick to ensure a smooth, clean burn

🔹Made in the U.S.A.

Available sizes👇🏽

▪️ Jumbo: 26oz Reusable Mason Jar with an approximate 140 hour burn time
▪️ Large: 16oz Reusable Mason Jar with an approximate 80 hour burn time
▪️ Medium: 8oz Reusable Mason Jar with an approximate 60 hour burn time
▪️ Mini: 4oz Reusable Mason Jar with an approxiamate 20 hour burn time
▪️ Wax Melt: 2oz",,,,,4 oz Mini,,3,$10.00,,,,,3,Surfs400,Surfs160,https://www.surfsupcandle.com/cdn/shop/files/IMG_8415.jpg?v=1683315833&width=3023,IMG_8415.jpg?v=1683315833&width=3023,,,Surfs800,IMG_8415.jpg?v=1683315833&width=3023,
SEX ON THE BEACH MASON JAR CANDLE - ORIGINAL COLLECTION,SEX ON THE BEACH MASON JAR CANDLE - ORIGINAL COLLECTION,,"😍Just like the fruity drink, this candle emulates the tropical fruit, vanilla, and strawberry fragrances with hints of orange and peach.

🏄🏽‍♀️Surf's Up candles are all natural soy wax, no dyes, paraffin, lead, or petroleum content

💫Hand Poured in Small Batches using custom created scents

🔥Features a cotton wick to ensure a smooth, clean burn

🔹Made in the U.S.A.

Available sizes👇🏽

▪️ Jumbo: 26oz Reusable Mason Jar with an approximate 140 hour burn time
▪️ Large: 16oz Reusable Mason Jar with an approximate 80 hour burn time
▪️ Medium: 8oz Reusable Mason Jar with an approximate 60 hour burn time
▪️ Mini: 4oz Reusable Mason Jar with an approxiamate 20 hour burn time
▪️ Wax Melt: 2oz",,,,,Wax Melt,,3,$6.00,,,,,3,Surfs400,Surfs160,https://www.surfsupcandle.com/cdn/shop/files/IMG_8417.jpg?v=1683315835&width=3023,IMG_8417.jpg?v=1683315835&width=3023,,,Surfs800,IMG_8417.jpg?v=1683315835&width=3023,
SEASIDE COTTON MASON JAR CANDLE - ORIGINAL COLLECTION,SEASIDE COTTON MASON JAR CANDLE - ORIGINAL COLLECTION,,"😍This fresh and clean scent will have you feeling like you are at the seaside, blending marine notes with sheer musk and amber.

🏄🏽‍♀️Surf's Up candles are all natural soy wax, no dyes, paraffin, lead, or petroleum content

💫Hand Poured in Small Batches using custom created scents

🔥Features a cotton wick to ensure a smooth, clean burn

🔹Made in the U.S.A.

Available sizes👇🏽

▪️ Jumbo: 26oz Reusable Mason Jar with an approximate 140 hour burn time
▪️ Large: 16oz Reusable Mason Jar with an approximate 80 hour burn time
▪️ Medium: 8oz Reusable Mason Jar with an approximate 60 hour burn time
▪️ Mini: 4oz Reusable Mason Jar with an approxiamate 20 hour burn time
▪️ Wax Melt: 2oz",,,,,26 oz Jumbo,,3,$36.00,,,,,3,Surfs400,Surfs160,https://www.surfsupcandle.com/cdn/shop/files/IMG_8848.jpg?v=1684862630&width=3023,IMG_8848.jpg?v=1684862630&width=3023,,,Surfs800,IMG_8848.jpg?v=1684862630&width=3023,
SEASIDE COTTON MASON JAR CANDLE - ORIGINAL COLLECTION,SEASIDE COTTON MASON JAR CANDLE - ORIGINAL COLLECTION,,"😍This fresh and clean scent will have you feeling like you are at the seaside, blending marine notes with sheer musk and amber.

🏄🏽‍♀️Surf's Up candles are all natural soy wax, no dyes, paraffin, lead, or petroleum content

💫Hand Poured in Small Batches using custom created scents

🔥Features a cotton wick to ensure a smooth, clean burn

🔹Made in the U.S.A.

Available sizes👇🏽

▪️ Jumbo: 26oz Reusable Mason Jar with an approximate 140 hour burn time
▪️ Large: 16oz Reusable Mason Jar with an approximate 80 hour burn time
▪️ Medium: 8oz Reusable Mason Jar with an approximate 60 hour burn time
▪️ Mini: 4oz Reusable Mason Jar with an approxiamate 20 hour burn time
▪️ Wax Melt: 2oz",,,,,16 oz Large,,3,$24.00,,,,,3,Surfs400,Surfs160,https://www.surfsupcandle.com/cdn/shop/files/IMG_8849.jpg?v=1684862632&width=3023,IMG_8849.jpg?v=1684862632&width=3023,,,Surfs800,IMG_8849.jpg?v=1684862632&width=3023,
SEASIDE COTTON MASON JAR CANDLE - ORIGINAL COLLECTION,SEASIDE COTTON MASON JAR CANDLE - ORIGINAL COLLECTION,,"😍This fresh and clean scent will have you feeling like you are at the seaside, blending marine notes with sheer musk and amber.

🏄🏽‍♀️Surf's Up candles are all natural soy wax, no dyes, paraffin, lead, or petroleum content

💫Hand Poured in Small Batches using custom created scents

🔥Features a cotton wick to ensure a smooth, clean burn

🔹Made in the U.S.A.

Available sizes👇🏽

▪️ Jumbo: 26oz Reusable Mason Jar with an approximate 140 hour burn time
▪️ Large: 16oz Reusable Mason Jar with an approximate 80 hour burn time
▪️ Medium: 8oz Reusable Mason Jar with an approximate 60 hour burn time
▪️ Mini: 4oz Reusable Mason Jar with an approxiamate 20 hour burn time
▪️ Wax Melt: 2oz",,,,,8 oz Medium,,3,$18.00,,,,,3,Surfs400,Surfs160,https://www.surfsupcandle.com/cdn/shop/files/IMG_8850.jpg?v=1684862633&width=3023,IMG_8850.jpg?v=1684862633&width=3023,,,Surfs800,IMG_8850.jpg?v=1684862633&width=3023,
SEASIDE COTTON MASON JAR CANDLE - ORIGINAL COLLECTION,SEASIDE COTTON MASON JAR CANDLE - ORIGINAL COLLECTION,,"😍This fresh and clean scent will have you feeling like you are at the seaside, blending marine notes with sheer musk and amber.

🏄🏽‍♀️Surf's Up candles are all natural soy wax, no dyes, paraffin, lead, or petroleum content

💫Hand Poured in Small Batches using custom created scents

🔥Features a cotton wick to ensure a smooth, clean burn

🔹Made in the U.S.A.

Available sizes👇🏽

▪️ Jumbo: 26oz Reusable Mason Jar with an approximate 140 hour burn time
▪️ Large: 16oz Reusable Mason Jar with an approximate 80 hour burn time
▪️ Medium: 8oz Reusable Mason Jar with an approximate 60 hour burn time
▪️ Mini: 4oz Reusable Mason Jar with an approxiamate 20 hour burn time
▪️ Wax Melt: 2oz",,,,,4 oz Mini,,3,$10.00,,,,,3,Surfs400,Surfs160,https://www.surfsupcandle.com/cdn/shop/files/IMG_8851.jpg?v=1684862635&width=3023,IMG_8851.jpg?v=1684862635&width=3023,,,Surfs800,IMG_8851.jpg?v=1684862635&width=3023,
SEASIDE COTTON MASON JAR CANDLE - ORIGINAL COLLECTION,SEASIDE COTTON MASON JAR CANDLE - ORIGINAL COLLECTION,,"😍This fresh and clean scent will have you feeling like you are at the seaside, blending marine notes with sheer musk and amber.

🏄🏽‍♀️Surf's Up candles are all natural soy wax, no dyes, paraffin, lead, or petroleum content

💫Hand Poured in Small Batches using custom created scents

🔥Features a cotton wick to ensure a smooth, clean burn

🔹Made in the U.S.A.

Available sizes👇🏽

▪️ Jumbo: 26oz Reusable Mason Jar with an approximate 140 hour burn time
▪️ Large: 16oz Reusable Mason Jar with an approximate 80 hour burn time
▪️ Medium: 8oz Reusable Mason Jar with an approximate 60 hour burn time
▪️ Mini: 4oz Reusable Mason Jar with an approxiamate 20 hour burn time
▪️ Wax Melt: 2oz",,,,,Wax Melt,,3,$6.00,,,,,3,Surfs400,Surfs160,https://www.surfsupcandle.com/cdn/shop/files/IMG_0779.jpg?v=1692369948&width=3024,IMG_0779.jpg?v=1692369948&width=3024,,,Surfs800,IMG_0779.jpg?v=1692369948&width=3024,
RASPBERRY SANGRIA MASON JAR CANDLE - ORIGINAL COLLECTION,RASPBERRY SANGRIA MASON JAR CANDLE - ORIGINAL COLLECTION,,"😍This scent replicates the perfect glass of sangria on a beautiful summer day. Enjoy a blend of raspberry, lemon, orange, grapefruit mixed with vanilla, sugar, coconut, and peach.

🏄🏽‍♀️Surf's Up candles are all natural soy wax, no dyes, paraffin, lead, or petroleum content

💫Hand Poured in Small Batches using custom created scents

🔥Features a cotton wick to ensure a smooth, clean burn

🔹Made in the U.S.A.

Available sizes👇🏽

▪️ Jumbo: 26oz Reusable Mason Jar with an approximate 140 hour burn time
▪️ Large: 16oz Reusable Mason Jar with an approximate 80 hour burn time
▪️ Medium: 8oz Reusable Mason Jar with an approximate 60 hour burn time
▪️ Mini: 4oz Reusable Mason Jar with an approxiamate 20 hour burn time
▪️ Wax Melt: 2oz",,,,,26 oz Jumbo,,3,$36.00,,,,,3,Surfs400,Surfs160,https://www.surfsupcandle.com/cdn/shop/products/IMG_7054.jpg?v=1679092642&width=2962,IMG_7054.jpg?v=1679092642&width=2962,,,Surfs800,IMG_7054.jpg?v=1679092642&width=2962,
RASPBERRY SANGRIA MASON JAR CANDLE - ORIGINAL COLLECTION,RASPBERRY SANGRIA MASON JAR CANDLE - ORIGINAL COLLECTION,,"😍This scent replicates the perfect glass of sangria on a beautiful summer day. Enjoy a blend of raspberry, lemon, orange, grapefruit mixed with vanilla, sugar, coconut, and peach.

🏄🏽‍♀️Surf's Up candles are all natural soy wax, no dyes, paraffin, lead, or petroleum content

💫Hand Poured in Small Batches using custom created scents

🔥Features a cotton wick to ensure a smooth, clean burn

🔹Made in the U.S.A.

Available sizes👇🏽

▪️ Jumbo: 26oz Reusable Mason Jar with an approximate 140 hour burn time
▪️ Large: 16oz Reusable Mason Jar with an approximate 80 hour burn time
▪️ Medium: 8oz Reusable Mason Jar with an approximate 60 hour burn time
▪️ Mini: 4oz Reusable Mason Jar with an approxiamate 20 hour burn time
▪️ Wax Melt: 2oz",,,,,16 oz Large,,3,$24.00,,,,,3,Surfs400,Surfs160,https://www.surfsupcandle.com/cdn/shop/products/IMG_7052.jpg?v=1679092659&width=2962,IMG_7052.jpg?v=1679092659&width=2962,,,Surfs800,IMG_7052.jpg?v=1679092659&width=2962,
RASPBERRY SANGRIA MASON JAR CANDLE - ORIGINAL COLLECTION,RASPBERRY SANGRIA MASON JAR CANDLE - ORIGINAL COLLECTION,,"😍This scent replicates the perfect glass of sangria on a beautiful summer day. Enjoy a blend of raspberry, lemon, orange, grapefruit mixed with vanilla, sugar, coconut, and peach.

🏄🏽‍♀️Surf's Up candles are all natural soy wax, no dyes, paraffin, lead, or petroleum content

💫Hand Poured in Small Batches using custom created scents

🔥Features a cotton wick to ensure a smooth, clean burn

🔹Made in the U.S.A.

Available sizes👇🏽

▪️ Jumbo: 26oz Reusable Mason Jar with an approximate 140 hour burn time
▪️ Large: 16oz Reusable Mason Jar with an approximate 80 hour burn time
▪️ Medium: 8oz Reusable Mason Jar with an approximate 60 hour burn time
▪️ Mini: 4oz Reusable Mason Jar with an approxiamate 20 hour burn time
▪️ Wax Melt: 2oz",,,,,8 oz Medium,,3,$18.00,,,,,3,Surfs400,Surfs160,https://www.surfsupcandle.com/cdn/shop/products/IMG_7053.jpg?v=1679092680&width=2962,IMG_7053.jpg?v=1679092680&width=2962,,,Surfs800,IMG_7053.jpg?v=1679092680&width=2962,
RASPBERRY SANGRIA MASON JAR CANDLE - ORIGINAL COLLECTION,RASPBERRY SANGRIA MASON JAR CANDLE - ORIGINAL COLLECTION,,"😍This scent replicates the perfect glass of sangria on a beautiful summer day. Enjoy a blend of raspberry, lemon, orange, grapefruit mixed with vanilla, sugar, coconut, and peach.

🏄🏽‍♀️Surf's Up candles are all natural soy wax, no dyes, paraffin, lead, or petroleum content

💫Hand Poured in Small Batches using custom created scents

🔥Features a cotton wick to ensure a smooth, clean burn

🔹Made in the U.S.A.

Available sizes👇🏽

▪️ Jumbo: 26oz Reusable Mason Jar with an approximate 140 hour burn time
▪️ Large: 16oz Reusable Mason Jar with an approximate 80 hour burn time
▪️ Medium: 8oz Reusable Mason Jar with an approximate 60 hour burn time
▪️ Mini: 4oz Reusable Mason Jar with an approxiamate 20 hour burn time
▪️ Wax Melt: 2oz",,,,,4 oz Mini,,3,$10.00,,,,,3,Surfs400,Surfs160,https://www.surfsupcandle.com/cdn/shop/products/IMG_7051.jpg?v=1679092707&width=2436,IMG_7051.jpg?v=1679092707&width=2436,,,Surfs800,IMG_7051.jpg?v=1679092707&width=2436,
RASPBERRY SANGRIA MASON JAR CANDLE - ORIGINAL COLLECTION,RASPBERRY SANGRIA MASON JAR CANDLE - ORIGINAL COLLECTION,,"😍This scent replicates the perfect glass of sangria on a beautiful summer day. Enjoy a blend of raspberry, lemon, orange, grapefruit mixed with vanilla, sugar, coconut, and peach.

🏄🏽‍♀️Surf's Up candles are all natural soy wax, no dyes, paraffin, lead, or petroleum content

💫Hand Poured in Small Batches using custom created scents

🔥Features a cotton wick to ensure a smooth, clean burn

🔹Made in the U.S.A.

Available sizes👇🏽

▪️ Jumbo: 26oz Reusable Mason Jar with an approximate 140 hour burn time
▪️ Large: 16oz Reusable Mason Jar with an approximate 80 hour burn time
▪️ Medium: 8oz Reusable Mason Jar with an approximate 60 hour burn time
▪️ Mini: 4oz Reusable Mason Jar with an approxiamate 20 hour burn time
▪️ Wax Melt: 2oz",,,,,Wax Melt,,3,$6.00,,,,,3,Surfs400,Surfs160,https://www.surfsupcandle.com/cdn/shop/products/IMG_7050.jpg?v=1679092719&width=2962,IMG_7050.jpg?v=1679092719&width=2962,,,Surfs800,IMG_7050.jpg?v=1679092719&width=2962,
PINEAPPLE COCONUT MASON JAR CANDLE - ORIGINAL COLLECTION,PINEAPPLE COCONUT MASON JAR CANDLE - ORIGINAL COLLECTION,,"😍A creamy coconut blended with fresh pineapple and a light orchid top note. Close your eyes and travel to the white sand beaches!

🏄🏽‍♀️Surf's Up candles are all natural soy wax, no dyes, paraffin, lead, or petroleum content

💫Hand Poured in Small Batches using custom created scents

🔥Features a cotton wick to ensure a smooth, clean burn

🔹Made in the U.S.A.

Available sizes👇🏽

▪️ Jumbo: 26oz Reusable Mason Jar with an approximate 140 hour burn time
▪️ Large: 16oz Reusable Mason Jar with an approximate 80 hour burn time
▪️ Medium: 8oz Reusable Mason Jar with an approximate 60 hour burn time
▪️ Mini: 4oz Reusable Mason Jar with an approxiamate 20 hour burn time
▪️ Wax Melt: 2oz
 ",,,,,26 oz Jumbo,,3,$36.00,,,,,3,Surfs400,Surfs160,https://www.surfsupcandle.com/cdn/shop/files/IMG_8340.jpg?v=1683320469&width=3023,IMG_8340.jpg?v=1683320469&width=3023,,,Surfs800,IMG_8340.jpg?v=1683320469&width=3023,
PINEAPPLE COCONUT MASON JAR CANDLE - ORIGINAL COLLECTION,PINEAPPLE COCONUT MASON JAR CANDLE - ORIGINAL COLLECTION,,"😍A creamy coconut blended with fresh pineapple and a light orchid top note. Close your eyes and travel to the white sand beaches!

🏄🏽‍♀️Surf's Up candles are all natural soy wax, no dyes, paraffin, lead, or petroleum content

💫Hand Poured in Small Batches using custom created scents

🔥Features a cotton wick to ensure a smooth, clean burn

🔹Made in the U.S.A.

Available sizes👇🏽

▪️ Jumbo: 26oz Reusable Mason Jar with an approximate 140 hour burn time
▪️ Large: 16oz Reusable Mason Jar with an approximate 80 hour burn time
▪️ Medium: 8oz Reusable Mason Jar with an approximate 60 hour burn time
▪️ Mini: 4oz Reusable Mason Jar with an approxiamate 20 hour burn time
▪️ Wax Melt: 2oz
 ",,,,,16 oz Large,,3,$24.00,,,,,3,Surfs400,Surfs160,https://www.surfsupcandle.com/cdn/shop/files/IMG_8344.jpg?v=1683320479&width=3023,IMG_8344.jpg?v=1683320479&width=3023,,,Surfs800,IMG_8344.jpg?v=1683320479&width=3023,
PINEAPPLE COCONUT MASON JAR CANDLE - ORIGINAL COLLECTION,PINEAPPLE COCONUT MASON JAR CANDLE - ORIGINAL COLLECTION,,"😍A creamy coconut blended with fresh pineapple and a light orchid top note. Close your eyes and travel to the white sand beaches!

🏄🏽‍♀️Surf's Up candles are all natural soy wax, no dyes, paraffin, lead, or petroleum content

💫Hand Poured in Small Batches using custom created scents

🔥Features a cotton wick to ensure a smooth, clean burn

🔹Made in the U.S.A.

Available sizes👇🏽

▪️ Jumbo: 26oz Reusable Mason Jar with an approximate 140 hour burn time
▪️ Large: 16oz Reusable Mason Jar with an approximate 80 hour burn time
▪️ Medium: 8oz Reusable Mason Jar with an approximate 60 hour burn time
▪️ Mini: 4oz Reusable Mason Jar with an approxiamate 20 hour burn time
▪️ Wax Melt: 2oz
 ",,,,,8 oz Medium,,3,$18.00,,,,,3,Surfs400,Surfs160,https://www.surfsupcandle.com/cdn/shop/files/IMG_8343.jpg?v=1683320479&width=3023,IMG_8343.jpg?v=1683320479&width=3023,,,Surfs800,IMG_8343.jpg?v=1683320479&width=3023,
PINEAPPLE COCONUT MASON JAR CANDLE - ORIGINAL COLLECTION,PINEAPPLE COCONUT MASON JAR CANDLE - ORIGINAL COLLECTION,,"😍A creamy coconut blended with fresh pineapple and a light orchid top note. Close your eyes and travel to the white sand beaches!

🏄🏽‍♀️Surf's Up candles are all natural soy wax, no dyes, paraffin, lead, or petroleum content

💫Hand Poured in Small Batches using custom created scents

🔥Features a cotton wick to ensure a smooth, clean burn

🔹Made in the U.S.A.

Available sizes👇🏽

▪️ Jumbo: 26oz Reusable Mason Jar with an approximate 140 hour burn time
▪️ Large: 16oz Reusable Mason Jar with an approximate 80 hour burn time
▪️ Medium: 8oz Reusable Mason Jar with an approximate 60 hour burn time
▪️ Mini: 4oz Reusable Mason Jar with an approxiamate 20 hour burn time
▪️ Wax Melt: 2oz
 ",,,,,4 oz Mini,,3,$10.00,,,,,3,Surfs400,Surfs160,https://www.surfsupcandle.com/cdn/shop/files/IMG_8342.jpg?v=1683320479&width=3023,IMG_8342.jpg?v=1683320479&width=3023,,,Surfs800,IMG_8342.jpg?v=1683320479&width=3023,
PINEAPPLE COCONUT MASON JAR CANDLE - ORIGINAL COLLECTION,PINEAPPLE COCONUT MASON JAR CANDLE - ORIGINAL COLLECTION,,"😍A creamy coconut blended with fresh pineapple and a light orchid top note. Close your eyes and travel to the white sand beaches!

🏄🏽‍♀️Surf's Up candles are all natural soy wax, no dyes, paraffin, lead, or petroleum content

💫Hand Poured in Small Batches using custom created scents

🔥Features a cotton wick to ensure a smooth, clean burn

🔹Made in the U.S.A.

Available sizes👇🏽

▪️ Jumbo: 26oz Reusable Mason Jar with an approximate 140 hour burn time
▪️ Large: 16oz Reusable Mason Jar with an approximate 80 hour burn time
▪️ Medium: 8oz Reusable Mason Jar with an approximate 60 hour burn time
▪️ Mini: 4oz Reusable Mason Jar with an approxiamate 20 hour burn time
▪️ Wax Melt: 2oz
 ",,,,,Wax Melt,,3,$6.00,,,,,3,Surfs400,Surfs160,https://www.surfsupcandle.com/cdn/shop/files/IMG_8341.jpg?v=1683320479&width=3023,IMG_8341.jpg?v=1683320479&width=3023,,,Surfs800,IMG_8341.jpg?v=1683320479&width=3023,
PINEAPPLE JASMINE MASON JAR CANDLE - ORIGINAL COLLECTION,PINEAPPLE JASMINE MASON JAR CANDLE - ORIGINAL COLLECTION,,"😍Imagine paradise with this blend of pineapples, pears, and apple, ferns, and clover; with hints of jasmine and rose.

🏄🏽‍♀️Surf's Up candles are all natural soy wax, no dyes, paraffin, lead, or petroleum content

💫Hand Poured in Small Batches using custom created scents

🔥Features a cotton wick to ensure a smooth, clean burn

🔹Made in the U.S.A.

Available sizes👇🏽

▪️ Jumbo: 26oz Reusable Mason Jar with an approximate 140 hour burn time
▪️ Large: 16oz Reusable Mason Jar with an approximate 80 hour burn time
▪️ Medium: 8oz Reusable Mason Jar with an approximate 60 hour burn time
▪️ Mini: 4oz Reusable Mason Jar with an approxiamate 20 hour burn time
▪️ Wax Melt: 2oz",,,,,26 oz Jumbo,,3,$36.00,,,,,3,Surfs400,Surfs160,https://www.surfsupcandle.com/cdn/shop/files/IMG_8731.jpg?v=1684435053&width=3023,IMG_8731.jpg?v=1684435053&width=3023,,,Surfs800,IMG_8731.jpg?v=1684435053&width=3023,
PINEAPPLE JASMINE MASON JAR CANDLE - ORIGINAL COLLECTION,PINEAPPLE JASMINE MASON JAR CANDLE - ORIGINAL COLLECTION,,"😍Imagine paradise with this blend of pineapples, pears, and apple, ferns, and clover; with hints of jasmine and rose.

🏄🏽‍♀️Surf's Up candles are all natural soy wax, no dyes, paraffin, lead, or petroleum content

💫Hand Poured in Small Batches using custom created scents

🔥Features a cotton wick to ensure a smooth, clean burn

🔹Made in the U.S.A.

Available sizes👇🏽

▪️ Jumbo: 26oz Reusable Mason Jar with an approximate 140 hour burn time
▪️ Large: 16oz Reusable Mason Jar with an approximate 80 hour burn time
▪️ Medium: 8oz Reusable Mason Jar with an approximate 60 hour burn time
▪️ Mini: 4oz Reusable Mason Jar with an approxiamate 20 hour burn time
▪️ Wax Melt: 2oz",,,,,16 oz Large,,3,$24.00,,,,,3,Surfs400,Surfs160,https://www.surfsupcandle.com/cdn/shop/files/IMG_8728.jpg?v=1684435055&width=3023,IMG_8728.jpg?v=1684435055&width=3023,,,Surfs800,IMG_8728.jpg?v=1684435055&width=3023,
PINEAPPLE JASMINE MASON JAR CANDLE - ORIGINAL COLLECTION,PINEAPPLE JASMINE MASON JAR CANDLE - ORIGINAL COLLECTION,,"😍Imagine paradise with this blend of pineapples, pears, and apple, ferns, and clover; with hints of jasmine and rose.

🏄🏽‍♀️Surf's Up candles are all natural soy wax, no dyes, paraffin, lead, or petroleum content

💫Hand Poured in Small Batches using custom created scents

🔥Features a cotton wick to ensure a smooth, clean burn

🔹Made in the U.S.A.

Available sizes👇🏽

▪️ Jumbo: 26oz Reusable Mason Jar with an approximate 140 hour burn time
▪️ Large: 16oz Reusable Mason Jar with an approximate 80 hour burn time
▪️ Medium: 8oz Reusable Mason Jar with an approximate 60 hour burn time
▪️ Mini: 4oz Reusable Mason Jar with an approxiamate 20 hour burn time
▪️ Wax Melt: 2oz",,,,,8 oz Medium,,3,$18.00,,,,,3,Surfs400,Surfs160,https://www.surfsupcandle.com/cdn/shop/files/IMG_8729.jpg?v=1684435058&width=3023,IMG_8729.jpg?v=1684435058&width=3023,,,Surfs800,IMG_8729.jpg?v=1684435058&width=3023,
PINEAPPLE JASMINE MASON JAR CANDLE - ORIGINAL COLLECTION,PINEAPPLE JASMINE MASON JAR CANDLE - ORIGINAL COLLECTION,,"😍Imagine paradise with this blend of pineapples, pears, and apple, ferns, and clover; with hints of jasmine and rose.

🏄🏽‍♀️Surf's Up candles are all natural soy wax, no dyes, paraffin, lead, or petroleum content

💫Hand Poured in Small Batches using custom created scents

🔥Features a cotton wick to ensure a smooth, clean burn

🔹Made in the U.S.A.

Available sizes👇🏽

▪️ Jumbo: 26oz Reusable Mason Jar with an approximate 140 hour burn time
▪️ Large: 16oz Reusable Mason Jar with an approximate 80 hour burn time
▪️ Medium: 8oz Reusable Mason Jar with an approximate 60 hour burn time
▪️ Mini: 4oz Reusable Mason Jar with an approxiamate 20 hour burn time
▪️ Wax Melt: 2oz",,,,,4 oz Mini,,3,$10.00,,,,,3,Surfs400,Surfs160,https://www.surfsupcandle.com/cdn/shop/files/IMG_8730.jpg?v=1684435059&width=3023,IMG_8730.jpg?v=1684435059&width=3023,,,Surfs800,IMG_8730.jpg?v=1684435059&width=3023,
PINEAPPLE JASMINE MASON JAR CANDLE - ORIGINAL COLLECTION,PINEAPPLE JASMINE MASON JAR CANDLE - ORIGINAL COLLECTION,,"😍Imagine paradise with this blend of pineapples, pears, and apple, ferns, and clover; with hints of jasmine and rose.

🏄🏽‍♀️Surf's Up candles are all natural soy wax, no dyes, paraffin, lead, or petroleum content

💫Hand Poured in Small Batches using custom created scents

🔥Features a cotton wick to ensure a smooth, clean burn

🔹Made in the U.S.A.

Available sizes👇🏽

▪️ Jumbo: 26oz Reusable Mason Jar with an approximate 140 hour burn time
▪️ Large: 16oz Reusable Mason Jar with an approximate 80 hour burn time
▪️ Medium: 8oz Reusable Mason Jar with an approximate 60 hour burn time
▪️ Mini: 4oz Reusable Mason Jar with an approxiamate 20 hour burn time
▪️ Wax Melt: 2oz",,,,,Wax Melt,,3,$6.00,,,,,3,Surfs400,Surfs160,https://www.surfsupcandle.com/cdn/shop/files/IMG_8732.jpg?v=1684435061&width=3023,IMG_8732.jpg?v=1684435061&width=3023,,,Surfs800,IMG_8732.jpg?v=1684435061&width=3023,
PALM ISLAND MASON JAR CANDLE - ORIGINAL COLLECTION,PALM ISLAND MASON JAR CANDLE - ORIGINAL COLLECTION,,"😍You will be feeling like you are on a tropical vacation with Palm Island. A blend of sweet orange blossoms, kumquat, juniper, Mediterranean fan palm, and rosemary with hints of sandalwood and Tahitian vanilla beans.

🏄🏽‍♀️Surf's Up candles are all natural soy wax, no dyes, paraffin, lead, or petroleum content

💫Hand Poured in Small Batches using custom created scents

🔥Features a cotton wick to ensure a smooth, clean burn

🔹Made in the U.S.A.

Available sizes👇🏽

▪️ Jumbo: 26oz Reusable Mason Jar with an approximate 140 hour burn time
▪️ Large: 16oz Reusable Mason Jar with an approximate 80 hour burn time
▪️ Medium: 8oz Reusable Mason Jar with an approximate 60 hour burn time
▪️ Mini: 4oz Reusable Mason Jar with an approxiamate 20 hour burn time
▪️ Wax Melt: 2oz",,,,,26 oz Jumbo,,3,$36.00,,,,,3,Surfs400,Surfs160,https://www.surfsupcandle.com/cdn/shop/files/IMG_8627.jpg?v=1683750025&width=3023,IMG_8627.jpg?v=1683750025&width=3023,,,Surfs800,IMG_8627.jpg?v=1683750025&width=3023,
PALM ISLAND MASON JAR CANDLE - ORIGINAL COLLECTION,PALM ISLAND MASON JAR CANDLE - ORIGINAL COLLECTION,,"😍You will be feeling like you are on a tropical vacation with Palm Island. A blend of sweet orange blossoms, kumquat, juniper, Mediterranean fan palm, and rosemary with hints of sandalwood and Tahitian vanilla beans.

🏄🏽‍♀️Surf's Up candles are all natural soy wax, no dyes, paraffin, lead, or petroleum content

💫Hand Poured in Small Batches using custom created scents

🔥Features a cotton wick to ensure a smooth, clean burn

🔹Made in the U.S.A.

Available sizes👇🏽

▪️ Jumbo: 26oz Reusable Mason Jar with an approximate 140 hour burn time
▪️ Large: 16oz Reusable Mason Jar with an approximate 80 hour burn time
▪️ Medium: 8oz Reusable Mason Jar with an approximate 60 hour burn time
▪️ Mini: 4oz Reusable Mason Jar with an approxiamate 20 hour burn time
▪️ Wax Melt: 2oz",,,,,16 oz Large,,3,$24.00,,,,,3,Surfs400,Surfs160,https://www.surfsupcandle.com/cdn/shop/files/IMG_8629.jpg?v=1683750028&width=3023,IMG_8629.jpg?v=1683750028&width=3023,,,Surfs800,IMG_8629.jpg?v=1683750028&width=3023,
PALM ISLAND MASON JAR CANDLE - ORIGINAL COLLECTION,PALM ISLAND MASON JAR CANDLE - ORIGINAL COLLECTION,,"😍You will be feeling like you are on a tropical vacation with Palm Island. A blend of sweet orange blossoms, kumquat, juniper, Mediterranean fan palm, and rosemary with hints of sandalwood and Tahitian vanilla beans.

🏄🏽‍♀️Surf's Up candles are all natural soy wax, no dyes, paraffin, lead, or petroleum content

💫Hand Poured in Small Batches using custom created scents

🔥Features a cotton wick to ensure a smooth, clean burn

🔹Made in the U.S.A.

Available sizes👇🏽

▪️ Jumbo: 26oz Reusable Mason Jar with an approximate 140 hour burn time
▪️ Large: 16oz Reusable Mason Jar with an approximate 80 hour burn time
▪️ Medium: 8oz Reusable Mason Jar with an approximate 60 hour burn time
▪️ Mini: 4oz Reusable Mason Jar with an approxiamate 20 hour burn time
▪️ Wax Melt: 2oz",,,,,8 oz Medium,,3,$18.00,,,,,3,Surfs400,Surfs160,https://www.surfsupcandle.com/cdn/shop/files/IMG_8630.jpg?v=1683750030&width=3023,IMG_8630.jpg?v=1683750030&width=3023,,,Surfs800,IMG_8630.jpg?v=1683750030&width=3023,
PALM ISLAND MASON JAR CANDLE - ORIGINAL COLLECTION,PALM ISLAND MASON JAR CANDLE - ORIGINAL COLLECTION,,"😍You will be feeling like you are on a tropical vacation with Palm Island. A blend of sweet orange blossoms, kumquat, juniper, Mediterranean fan palm, and rosemary with hints of sandalwood and Tahitian vanilla beans.

🏄🏽‍♀️Surf's Up candles are all natural soy wax, no dyes, paraffin, lead, or petroleum content

💫Hand Poured in Small Batches using custom created scents

🔥Features a cotton wick to ensure a smooth, clean burn

🔹Made in the U.S.A.

Available sizes👇🏽

▪️ Jumbo: 26oz Reusable Mason Jar with an approximate 140 hour burn time
▪️ Large: 16oz Reusable Mason Jar with an approximate 80 hour burn time
▪️ Medium: 8oz Reusable Mason Jar with an approximate 60 hour burn time
▪️ Mini: 4oz Reusable Mason Jar with an approxiamate 20 hour burn time
▪️ Wax Melt: 2oz",,,,,4 oz Mini,,3,$10.00,,,,,3,Surfs400,Surfs160,https://www.surfsupcandle.com/cdn/shop/files/IMG_8631.jpg?v=1683750032&width=3023,IMG_8631.jpg?v=1683750032&width=3023,,,Surfs800,IMG_8631.jpg?v=1683750032&width=3023,
PALM ISLAND MASON JAR CANDLE - ORIGINAL COLLECTION,PALM ISLAND MASON JAR CANDLE - ORIGINAL COLLECTION,,"😍You will be feeling like you are on a tropical vacation with Palm Island. A blend of sweet orange blossoms, kumquat, juniper, Mediterranean fan palm, and rosemary with hints of sandalwood and Tahitian vanilla beans.

🏄🏽‍♀️Surf's Up candles are all natural soy wax, no dyes, paraffin, lead, or petroleum content

💫Hand Poured in Small Batches using custom created scents

🔥Features a cotton wick to ensure a smooth, clean burn

🔹Made in the U.S.A.

Available sizes👇🏽

▪️ Jumbo: 26oz Reusable Mason Jar with an approximate 140 hour burn time
▪️ Large: 16oz Reusable Mason Jar with an approximate 80 hour burn time
▪️ Medium: 8oz Reusable Mason Jar with an approximate 60 hour burn time
▪️ Mini: 4oz Reusable Mason Jar with an approxiamate 20 hour burn time
▪️ Wax Melt: 2oz",,,,,Wax Melt,,3,$6.00,,,,,3,Surfs400,Surfs160,https://www.surfsupcandle.com/cdn/shop/files/IMG_8628.jpg?v=1683750035&width=3023,IMG_8628.jpg?v=1683750035&width=3023,,,Surfs800,IMG_8628.jpg?v=1683750035&width=3023,
MEDITERRANEAN FIG MASON JAR CANDLE - ORIGINAL COLLECTION,MEDITERRANEAN FIG MASON JAR CANDLE - ORIGINAL COLLECTION,,"😍Sophisticated and fruity, a balanced mix of fig tree leaves, florals, and wood will have you thinking of spring and summer all year round.

🏄🏽‍♀️Surf's Up candles are all natural soy wax, no dyes, paraffin, lead, or petroleum content

💫Hand Poured in Small Batches using custom created scents

🔥Features a cotton wick to ensure a smooth, clean burn

🔹Made in the U.S.A.

Available sizes👇🏽

▪️ Jumbo: 26oz Reusable Mason Jar with an approximate 140 hour burn time
▪️ Large: 16oz Reusable Mason Jar with an approximate 80 hour burn time
▪️ Medium: 8oz Reusable Mason Jar with an approximate 60 hour burn time
▪️ Mini: 4oz Reusable Mason Jar with an approxiamate 20 hour burn time
▪️ Wax Melt: 2oz",,,,,26 oz Jumbo,,3,$36.00,,,,,3,Surfs400,Surfs160,https://www.surfsupcandle.com/cdn/shop/files/IMG_8428.jpg?v=1683319783&width=3023,IMG_8428.jpg?v=1683319783&width=3023,,,Surfs800,IMG_8428.jpg?v=1683319783&width=3023,
MEDITERRANEAN FIG MASON JAR CANDLE - ORIGINAL COLLECTION,MEDITERRANEAN FIG MASON JAR CANDLE - ORIGINAL COLLECTION,,"😍Sophisticated and fruity, a balanced mix of fig tree leaves, florals, and wood will have you thinking of spring and summer all year round.

🏄🏽‍♀️Surf's Up candles are all natural soy wax, no dyes, paraffin, lead, or petroleum content

💫Hand Poured in Small Batches using custom created scents

🔥Features a cotton wick to ensure a smooth, clean burn

🔹Made in the U.S.A.

Available sizes👇🏽

▪️ Jumbo: 26oz Reusable Mason Jar with an approximate 140 hour burn time
▪️ Large: 16oz Reusable Mason Jar with an approximate 80 hour burn time
▪️ Medium: 8oz Reusable Mason Jar with an approximate 60 hour burn time
▪️ Mini: 4oz Reusable Mason Jar with an approxiamate 20 hour burn time
▪️ Wax Melt: 2oz",,,,,16 oz Large,,3,$24.00,,,,,3,Surfs400,Surfs160,https://www.surfsupcandle.com/cdn/shop/files/IMG_8424.jpg?v=1683319785&width=3023,IMG_8424.jpg?v=1683319785&width=3023,,,Surfs800,IMG_8424.jpg?v=1683319785&width=3023,
MEDITERRANEAN FIG MASON JAR CANDLE - ORIGINAL COLLECTION,MEDITERRANEAN FIG MASON JAR CANDLE - ORIGINAL COLLECTION,,"😍Sophisticated and fruity, a balanced mix of fig tree leaves, florals, and wood will have you thinking of spring and summer all year round.

🏄🏽‍♀️Surf's Up candles are all natural soy wax, no dyes, paraffin, lead, or petroleum content

💫Hand Poured in Small Batches using custom created scents

🔥Features a cotton wick to ensure a smooth, clean burn

🔹Made in the U.S.A.

Available sizes👇🏽

▪️ Jumbo: 26oz Reusable Mason Jar with an approximate 140 hour burn time
▪️ Large: 16oz Reusable Mason Jar with an approximate 80 hour burn time
▪️ Medium: 8oz Reusable Mason Jar with an approximate 60 hour burn time
▪️ Mini: 4oz Reusable Mason Jar with an approxiamate 20 hour burn time
▪️ Wax Melt: 2oz",,,,,8 oz Medium,,3,$18.00,,,,,3,Surfs400,Surfs160,https://www.surfsupcandle.com/cdn/shop/files/IMG_8425.jpg?v=1683319789&width=3023,IMG_8425.jpg?v=1683319789&width=3023,,,Surfs800,IMG_8425.jpg?v=1683319789&width=3023,
MEDITERRANEAN FIG MASON JAR CANDLE - ORIGINAL COLLECTION,MEDITERRANEAN FIG MASON JAR CANDLE - ORIGINAL COLLECTION,,"😍Sophisticated and fruity, a balanced mix of fig tree leaves, florals, and wood will have you thinking of spring and summer all year round.

🏄🏽‍♀️Surf's Up candles are all natural soy wax, no dyes, paraffin, lead, or petroleum content

💫Hand Poured in Small Batches using custom created scents

🔥Features a cotton wick to ensure a smooth, clean burn

🔹Made in the U.S.A.

Available sizes👇🏽

▪️ Jumbo: 26oz Reusable Mason Jar with an approximate 140 hour burn time
▪️ Large: 16oz Reusable Mason Jar with an approximate 80 hour burn time
▪️ Medium: 8oz Reusable Mason Jar with an approximate 60 hour burn time
▪️ Mini: 4oz Reusable Mason Jar with an approxiamate 20 hour burn time
▪️ Wax Melt: 2oz",,,,,4 oz Mini,,3,$10.00,,,,,3,Surfs400,Surfs160,https://www.surfsupcandle.com/cdn/shop/files/IMG_8426.jpg?v=1683319792&width=3023,IMG_8426.jpg?v=1683319792&width=3023,,,Surfs800,IMG_8426.jpg?v=1683319792&width=3023,
MEDITERRANEAN FIG MASON JAR CANDLE - ORIGINAL COLLECTION,MEDITERRANEAN FIG MASON JAR CANDLE - ORIGINAL COLLECTION,,"😍Sophisticated and fruity, a balanced mix of fig tree leaves, florals, and wood will have you thinking of spring and summer all year round.

🏄🏽‍♀️Surf's Up candles are all natural soy wax, no dyes, paraffin, lead, or petroleum content

💫Hand Poured in Small Batches using custom created scents

🔥Features a cotton wick to ensure a smooth, clean burn

🔹Made in the U.S.A.

Available sizes👇🏽

▪️ Jumbo: 26oz Reusable Mason Jar with an approximate 140 hour burn time
▪️ Large: 16oz Reusable Mason Jar with an approximate 80 hour burn time
▪️ Medium: 8oz Reusable Mason Jar with an approximate 60 hour burn time
▪️ Mini: 4oz Reusable Mason Jar with an approxiamate 20 hour burn time
▪️ Wax Melt: 2oz",,,,,Wax Melt,,3,$6.00,,,,,3,Surfs400,Surfs160,https://www.surfsupcandle.com/cdn/shop/files/IMG_8427.jpg?v=1683319795&width=3023,IMG_8427.jpg?v=1683319795&width=3023,,,Surfs800,IMG_8427.jpg?v=1683319795&width=3023,
LEMON GRASS MASON JAR CANDLE - ORIGINAL COLLECTION,LEMON GRASS MASON JAR CANDLE - ORIGINAL COLLECTION,,"😍Lemon grass is a perfect scent for when you need an energy boost. With a very crisp and clean aroma, citrus oils with apple, rose blossom, and sandalwood will have you feeling refreshed in no time.

🏄🏽‍♀️Surf's Up candles are all natural soy wax, no dyes, paraffin, lead, or petroleum content

💫Hand Poured in Small Batches using custom created scents

🔥Features a cotton wick to ensure a smooth, clean burn

🔹Made in the U.S.A.

Available sizes👇🏽

▪️ Jumbo: 26oz Reusable Mason Jar with an approximate 140 hour burn time
▪️ Large: 16oz Reusable Mason Jar with an approximate 80 hour burn time
▪️ Medium: 8oz Reusable Mason Jar with an approximate 60 hour burn time
▪️ Mini: 4oz Reusable Mason Jar with an approxiamate 20 hour burn time
▪️ Wax Melt: 2oz",,,,,26 oz Jumbo,,3,$36.00,,,,,3,Surfs400,Surfs160,https://www.surfsupcandle.com/cdn/shop/files/IMG_8509.jpg?v=1683313935&width=3023,IMG_8509.jpg?v=1683313935&width=3023,,,Surfs800,IMG_8509.jpg?v=1683313935&width=3023,
LEMON GRASS MASON JAR CANDLE - ORIGINAL COLLECTION,LEMON GRASS MASON JAR CANDLE - ORIGINAL COLLECTION,,"😍Lemon grass is a perfect scent for when you need an energy boost. With a very crisp and clean aroma, citrus oils with apple, rose blossom, and sandalwood will have you feeling refreshed in no time.

🏄🏽‍♀️Surf's Up candles are all natural soy wax, no dyes, paraffin, lead, or petroleum content

💫Hand Poured in Small Batches using custom created scents

🔥Features a cotton wick to ensure a smooth, clean burn

🔹Made in the U.S.A.

Available sizes👇🏽

▪️ Jumbo: 26oz Reusable Mason Jar with an approximate 140 hour burn time
▪️ Large: 16oz Reusable Mason Jar with an approximate 80 hour burn time
▪️ Medium: 8oz Reusable Mason Jar with an approximate 60 hour burn time
▪️ Mini: 4oz Reusable Mason Jar with an approxiamate 20 hour burn time
▪️ Wax Melt: 2oz",,,,,16 oz Large,,3,$24.00,,,,,3,Surfs400,Surfs160,https://www.surfsupcandle.com/cdn/shop/files/IMG_8511.jpg?v=1683313934&width=3023,IMG_8511.jpg?v=1683313934&width=3023,,,Surfs800,IMG_8511.jpg?v=1683313934&width=3023,
LEMON GRASS MASON JAR CANDLE - ORIGINAL COLLECTION,LEMON GRASS MASON JAR CANDLE - ORIGINAL COLLECTION,,"😍Lemon grass is a perfect scent for when you need an energy boost. With a very crisp and clean aroma, citrus oils with apple, rose blossom, and sandalwood will have you feeling refreshed in no time.

🏄🏽‍♀️Surf's Up candles are all natural soy wax, no dyes, paraffin, lead, or petroleum content

💫Hand Poured in Small Batches using custom created scents

🔥Features a cotton wick to ensure a smooth, clean burn

🔹Made in the U.S.A.

Available sizes👇🏽

▪️ Jumbo: 26oz Reusable Mason Jar with an approximate 140 hour burn time
▪️ Large: 16oz Reusable Mason Jar with an approximate 80 hour burn time
▪️ Medium: 8oz Reusable Mason Jar with an approximate 60 hour burn time
▪️ Mini: 4oz Reusable Mason Jar with an approxiamate 20 hour burn time
▪️ Wax Melt: 2oz",,,,,8 oz Medium,,3,$18.00,,,,,3,Surfs400,Surfs160,https://www.surfsupcandle.com/cdn/shop/files/IMG_8512.jpg?v=1683313937&width=3023,IMG_8512.jpg?v=1683313937&width=3023,,,Surfs800,IMG_8512.jpg?v=1683313937&width=3023,
LEMON GRASS MASON JAR CANDLE - ORIGINAL COLLECTION,LEMON GRASS MASON JAR CANDLE - ORIGINAL COLLECTION,,"😍Lemon grass is a perfect scent for when you need an energy boost. With a very crisp and clean aroma, citrus oils with apple, rose blossom, and sandalwood will have you feeling refreshed in no time.

🏄🏽‍♀️Surf's Up candles are all natural soy wax, no dyes, paraffin, lead, or petroleum content

💫Hand Poured in Small Batches using custom created scents

🔥Features a cotton wick to ensure a smooth, clean burn

🔹Made in the U.S.A.

Available sizes👇🏽

▪️ Jumbo: 26oz Reusable Mason Jar with an approximate 140 hour burn time
▪️ Large: 16oz Reusable Mason Jar with an approximate 80 hour burn time
▪️ Medium: 8oz Reusable Mason Jar with an approximate 60 hour burn time
▪️ Mini: 4oz Reusable Mason Jar with an approxiamate 20 hour burn time
▪️ Wax Melt: 2oz",,,,,4 oz Mini,,3,$10.00,,,,,3,Surfs400,Surfs160,https://www.surfsupcandle.com/cdn/shop/files/IMG_8510.jpg?v=1683314021&width=3023,IMG_8510.jpg?v=1683314021&width=3023,,,Surfs800,IMG_8510.jpg?v=1683314021&width=3023,
LEMON GRASS MASON JAR CANDLE - ORIGINAL COLLECTION,LEMON GRASS MASON JAR CANDLE - ORIGINAL COLLECTION,,"😍Lemon grass is a perfect scent for when you need an energy boost. With a very crisp and clean aroma, citrus oils with apple, rose blossom, and sandalwood will have you feeling refreshed in no time.

🏄🏽‍♀️Surf's Up candles are all natural soy wax, no dyes, paraffin, lead, or petroleum content

💫Hand Poured in Small Batches using custom created scents

🔥Features a cotton wick to ensure a smooth, clean burn

🔹Made in the U.S.A.

Available sizes👇🏽

▪️ Jumbo: 26oz Reusable Mason Jar with an approximate 140 hour burn time
▪️ Large: 16oz Reusable Mason Jar with an approximate 80 hour burn time
▪️ Medium: 8oz Reusable Mason Jar with an approximate 60 hour burn time
▪️ Mini: 4oz Reusable Mason Jar with an approxiamate 20 hour burn time
▪️ Wax Melt: 2oz",,,,,Wax Melt,,3,$6.00,,,,,3,Surfs400,Surfs160,https://www.surfsupcandle.com/cdn/shop/files/IMG_8510.jpg?v=1683314021&width=3023,IMG_8510.jpg?v=1683314021&width=3023,,,Surfs800,IMG_8510.jpg?v=1683314021&width=3023,
ICED LEMON BISCOTTI MASON JAR CANDLE - ORIGINAL COLLECTION,ICED LEMON BISCOTTI MASON JAR CANDLE - ORIGINAL COLLECTION,,"😍One of our favorite scents smells good enough to eat! You'll love the sweet blend of rich vanilla, sugar, lemon zest, bergamot, and toasted hazelnut. A best seller!

🏄🏽‍♀️Surf's Up candles are all natural soy wax, no dyes, paraffin, lead, or petroleum content

💫Hand Poured in Small Batches using custom created scents

🔥Features a cotton wick to ensure a smooth, clean burn

🔹Made in the U.S.A.

Available sizes👇🏽

▪️ Jumbo: 26oz Reusable Mason Jar with an approximate 140 hour burn time
▪️ Large: 16oz Reusable Mason Jar with an approximate 80 hour burn time
▪️ Medium: 8oz Reusable Mason Jar with an approximate 60 hour burn time
▪️ Mini: 4oz Reusable Mason Jar with an approxiamate 20 hour burn time
▪️ Wax Melt: 2oz",,,,,26 oz Jumbo,,3,$36.00,,,,,3,Surfs400,Surfs160,https://www.surfsupcandle.com/cdn/shop/products/image_6c8209fe-04cb-49a6-9a05-5a9e37711443.jpg?v=1681845227&width=3023,image_6c8209fe-04cb-49a6-9a05-5a9e37711443.jpg?v=1681845227&width=3023,,,Surfs800,image_6c8209fe-04cb-49a6-9a05-5a9e37711443.jpg?v=1681845227&width=3023,
ICED LEMON BISCOTTI MASON JAR CANDLE - ORIGINAL COLLECTION,ICED LEMON BISCOTTI MASON JAR CANDLE - ORIGINAL COLLECTION,,"😍One of our favorite scents smells good enough to eat! You'll love the sweet blend of rich vanilla, sugar, lemon zest, bergamot, and toasted hazelnut. A best seller!

🏄🏽‍♀️Surf's Up candles are all natural soy wax, no dyes, paraffin, lead, or petroleum content

💫Hand Poured in Small Batches using custom created scents

🔥Features a cotton wick to ensure a smooth, clean burn

🔹Made in the U.S.A.

Available sizes👇🏽

▪️ Jumbo: 26oz Reusable Mason Jar with an approximate 140 hour burn time
▪️ Large: 16oz Reusable Mason Jar with an approximate 80 hour burn time
▪️ Medium: 8oz Reusable Mason Jar with an approximate 60 hour burn time
▪️ Mini: 4oz Reusable Mason Jar with an approxiamate 20 hour burn time
▪️ Wax Melt: 2oz",,,,,16 oz Large,,3,$24.00,,,,,3,Surfs400,Surfs160,https://www.surfsupcandle.com/cdn/shop/products/image_6542a0d2-5309-4e84-b208-17fade785fa3.jpg?v=1681845227&width=3023,image_6542a0d2-5309-4e84-b208-17fade785fa3.jpg?v=1681845227&width=3023,,,Surfs800,image_6542a0d2-5309-4e84-b208-17fade785fa3.jpg?v=1681845227&width=3023,
ICED LEMON BISCOTTI MASON JAR CANDLE - ORIGINAL COLLECTION,ICED LEMON BISCOTTI MASON JAR CANDLE - ORIGINAL COLLECTION,,"😍One of our favorite scents smells good enough to eat! You'll love the sweet blend of rich vanilla, sugar, lemon zest, bergamot, and toasted hazelnut. A best seller!

🏄🏽‍♀️Surf's Up candles are all natural soy wax, no dyes, paraffin, lead, or petroleum content

💫Hand Poured in Small Batches using custom created scents

🔥Features a cotton wick to ensure a smooth, clean burn

🔹Made in the U.S.A.

Available sizes👇🏽

▪️ Jumbo: 26oz Reusable Mason Jar with an approximate 140 hour burn time
▪️ Large: 16oz Reusable Mason Jar with an approximate 80 hour burn time
▪️ Medium: 8oz Reusable Mason Jar with an approximate 60 hour burn time
▪️ Mini: 4oz Reusable Mason Jar with an approxiamate 20 hour burn time
▪️ Wax Melt: 2oz",,,,,8 oz Medium,,3,$18.00,,,,,3,Surfs400,Surfs160,https://www.surfsupcandle.com/cdn/shop/products/image_94f4e49d-e827-476c-8a8c-ef334f35b05f.jpg?v=1681845198&width=2881,image_94f4e49d-e827-476c-8a8c-ef334f35b05f.jpg?v=1681845198&width=2881,,,Surfs800,image_94f4e49d-e827-476c-8a8c-ef334f35b05f.jpg?v=1681845198&width=2881,
ICED LEMON BISCOTTI MASON JAR CANDLE - ORIGINAL COLLECTION,ICED LEMON BISCOTTI MASON JAR CANDLE - ORIGINAL COLLECTION,,"😍One of our favorite scents smells good enough to eat! You'll love the sweet blend of rich vanilla, sugar, lemon zest, bergamot, and toasted hazelnut. A best seller!

🏄🏽‍♀️Surf's Up candles are all natural soy wax, no dyes, paraffin, lead, or petroleum content

💫Hand Poured in Small Batches using custom created scents

🔥Features a cotton wick to ensure a smooth, clean burn

🔹Made in the U.S.A.

Available sizes👇🏽

▪️ Jumbo: 26oz Reusable Mason Jar with an approximate 140 hour burn time
▪️ Large: 16oz Reusable Mason Jar with an approximate 80 hour burn time
▪️ Medium: 8oz Reusable Mason Jar with an approximate 60 hour burn time
▪️ Mini: 4oz Reusable Mason Jar with an approxiamate 20 hour burn time
▪️ Wax Melt: 2oz",,,,,4 oz Mini,,3,$10.00,,,,,3,Surfs400,Surfs160,https://www.surfsupcandle.com/cdn/shop/products/image_b41809f4-65f8-4119-bed4-923b3f921a5c.jpg?v=1681845206&width=3023,image_b41809f4-65f8-4119-bed4-923b3f921a5c.jpg?v=1681845206&width=3023,,,Surfs800,image_b41809f4-65f8-4119-bed4-923b3f921a5c.jpg?v=1681845206&width=3023,
ICED LEMON BISCOTTI MASON JAR CANDLE - ORIGINAL COLLECTION,ICED LEMON BISCOTTI MASON JAR CANDLE - ORIGINAL COLLECTION,,"😍One of our favorite scents smells good enough to eat! You'll love the sweet blend of rich vanilla, sugar, lemon zest, bergamot, and toasted hazelnut. A best seller!

🏄🏽‍♀️Surf's Up candles are all natural soy wax, no dyes, paraffin, lead, or petroleum content

💫Hand Poured in Small Batches using custom created scents

🔥Features a cotton wick to ensure a smooth, clean burn

🔹Made in the U.S.A.

Available sizes👇🏽

▪️ Jumbo: 26oz Reusable Mason Jar with an approximate 140 hour burn time
▪️ Large: 16oz Reusable Mason Jar with an approximate 80 hour burn time
▪️ Medium: 8oz Reusable Mason Jar with an approximate 60 hour burn time
▪️ Mini: 4oz Reusable Mason Jar with an approxiamate 20 hour burn time
▪️ Wax Melt: 2oz",,,,,Wax Melt,,3,$6.00,,,,,3,Surfs400,Surfs160,https://www.surfsupcandle.com/cdn/shop/products/image_63c1ff73-4ede-438e-abff-df11617d4171.jpg?v=1681845219&width=3023,image_63c1ff73-4ede-438e-abff-df11617d4171.jpg?v=1681845219&width=3023,,,Surfs800,image_63c1ff73-4ede-438e-abff-df11617d4171.jpg?v=1681845219&width=3023,
LAVENDER MASON JAR CANDLE - ORIGINAL COLLECTION,LAVENDER MASON JAR CANDLE - ORIGINAL COLLECTION,,"😍Sweet and aromatic, our lavender fragrance is infused with natural essential oils, including lavender, orange, lemon, and cedarwood, leaving a feeling of calm and tranquility.

🏄🏽‍♀️Surf's Up candles are all natural soy wax, no dyes, paraffin, lead, or petroleum content

💫Hand Poured in Small Batches using custom created scents

🔥Features a cotton wick to ensure a smooth, clean burn

🔹Made in the U.S.A.

Available sizes👇🏽

▪️ Jumbo: 26oz Reusable Mason Jar with an approximate 140 hour burn time
▪️ Large: 16oz Reusable Mason Jar with an approximate 80 hour burn time
▪️ Medium: 8oz Reusable Mason Jar with an approximate 60 hour burn time
▪️ Mini: 4oz Reusable Mason Jar with an approxiamate 20 hour burn time
▪️ Wax Melt: 2oz",,,,,26 oz Jumbo,,3,$36.00,,,,,3,Surfs400,Surfs160,https://www.surfsupcandle.com/cdn/shop/products/IMG_7845.jpg?v=1681846061&width=3023,IMG_7845.jpg?v=1681846061&width=3023,,,Surfs800,IMG_7845.jpg?v=1681846061&width=3023,
LAVENDER MASON JAR CANDLE - ORIGINAL COLLECTION,LAVENDER MASON JAR CANDLE - ORIGINAL COLLECTION,,"😍Sweet and aromatic, our lavender fragrance is infused with natural essential oils, including lavender, orange, lemon, and cedarwood, leaving a feeling of calm and tranquility.

🏄🏽‍♀️Surf's Up candles are all natural soy wax, no dyes, paraffin, lead, or petroleum content

💫Hand Poured in Small Batches using custom created scents

🔥Features a cotton wick to ensure a smooth, clean burn

🔹Made in the U.S.A.

Available sizes👇🏽

▪️ Jumbo: 26oz Reusable Mason Jar with an approximate 140 hour burn time
▪️ Large: 16oz Reusable Mason Jar with an approximate 80 hour burn time
▪️ Medium: 8oz Reusable Mason Jar with an approximate 60 hour burn time
▪️ Mini: 4oz Reusable Mason Jar with an approxiamate 20 hour burn time
▪️ Wax Melt: 2oz",,,,,16 oz Large,,3,$24.00,,,,,3,Surfs400,Surfs160,https://www.surfsupcandle.com/cdn/shop/products/IMG_7306_dd95cc0c-c3bd-495e-9930-9643b2e5e65f.jpg?v=1681846061&width=2962,IMG_7306_dd95cc0c-c3bd-495e-9930-9643b2e5e65f.jpg?v=1681846061&width=2962,,,Surfs800,IMG_7306_dd95cc0c-c3bd-495e-9930-9643b2e5e65f.jpg?v=1681846061&width=2962,
LAVENDER MASON JAR CANDLE - ORIGINAL COLLECTION,LAVENDER MASON JAR CANDLE - ORIGINAL COLLECTION,,"😍Sweet and aromatic, our lavender fragrance is infused with natural essential oils, including lavender, orange, lemon, and cedarwood, leaving a feeling of calm and tranquility.

🏄🏽‍♀️Surf's Up candles are all natural soy wax, no dyes, paraffin, lead, or petroleum content

💫Hand Poured in Small Batches using custom created scents

🔥Features a cotton wick to ensure a smooth, clean burn

🔹Made in the U.S.A.

Available sizes👇🏽

▪️ Jumbo: 26oz Reusable Mason Jar with an approximate 140 hour burn time
▪️ Large: 16oz Reusable Mason Jar with an approximate 80 hour burn time
▪️ Medium: 8oz Reusable Mason Jar with an approximate 60 hour burn time
▪️ Mini: 4oz Reusable Mason Jar with an approxiamate 20 hour burn time
▪️ Wax Melt: 2oz",,,,,8 oz Medium,,3,$18.00,,,,,3,Surfs400,Surfs160,https://www.surfsupcandle.com/cdn/shop/products/IMG_7305_e011947f-1f2b-4378-83d2-2b62edab9cda.jpg?v=1681846061&width=2962,IMG_7305_e011947f-1f2b-4378-83d2-2b62edab9cda.jpg?v=1681846061&width=2962,,,Surfs800,IMG_7305_e011947f-1f2b-4378-83d2-2b62edab9cda.jpg?v=1681846061&width=2962,
LAVENDER MASON JAR CANDLE - ORIGINAL COLLECTION,LAVENDER MASON JAR CANDLE - ORIGINAL COLLECTION,,"😍Sweet and aromatic, our lavender fragrance is infused with natural essential oils, including lavender, orange, lemon, and cedarwood, leaving a feeling of calm and tranquility.

🏄🏽‍♀️Surf's Up candles are all natural soy wax, no dyes, paraffin, lead, or petroleum content

💫Hand Poured in Small Batches using custom created scents

🔥Features a cotton wick to ensure a smooth, clean burn

🔹Made in the U.S.A.

Available sizes👇🏽

▪️ Jumbo: 26oz Reusable Mason Jar with an approximate 140 hour burn time
▪️ Large: 16oz Reusable Mason Jar with an approximate 80 hour burn time
▪️ Medium: 8oz Reusable Mason Jar with an approximate 60 hour burn time
▪️ Mini: 4oz Reusable Mason Jar with an approxiamate 20 hour burn time
▪️ Wax Melt: 2oz",,,,,4 oz Mini,,3,$10.00,,,,,3,Surfs400,Surfs160,https://www.surfsupcandle.com/cdn/shop/products/IMG_7318.jpg?v=1681846061&width=2680,IMG_7318.jpg?v=1681846061&width=2680,,,Surfs800,IMG_7318.jpg?v=1681846061&width=2680,
LAVENDER MASON JAR CANDLE - ORIGINAL COLLECTION,LAVENDER MASON JAR CANDLE - ORIGINAL COLLECTION,,"😍Sweet and aromatic, our lavender fragrance is infused with natural essential oils, including lavender, orange, lemon, and cedarwood, leaving a feeling of calm and tranquility.

🏄🏽‍♀️Surf's Up candles are all natural soy wax, no dyes, paraffin, lead, or petroleum content

💫Hand Poured in Small Batches using custom created scents

🔥Features a cotton wick to ensure a smooth, clean burn

🔹Made in the U.S.A.

Available sizes👇🏽

▪️ Jumbo: 26oz Reusable Mason Jar with an approximate 140 hour burn time
▪️ Large: 16oz Reusable Mason Jar with an approximate 80 hour burn time
▪️ Medium: 8oz Reusable Mason Jar with an approximate 60 hour burn time
▪️ Mini: 4oz Reusable Mason Jar with an approxiamate 20 hour burn time
▪️ Wax Melt: 2oz",,,,,Wax Melt,,3,$6.00,,,,,3,Surfs400,Surfs160,https://www.surfsupcandle.com/cdn/shop/products/IMG_7846.jpg?v=1681846095&width=3023,IMG_7846.jpg?v=1681846095&width=3023,,,Surfs800,IMG_7846.jpg?v=1681846095&width=3023,
HYACINTH MASON JAR CANDLE - ORIGINAL COLLECTION,HYACINTH MASON JAR CANDLE - ORIGINAL COLLECTION,,"😍Enjoy the aroma of fresh Hyacinth flowers anytime of the year with this alluring scent.

🏄🏽‍♀️Surf's Up candles are all natural soy wax, no dyes, paraffin, lead, or petroleum content

💫Hand Poured in Small Batches using custom created scents

🔥Features a cotton wick to ensure a smooth, clean burn

🔹Made in the U.S.A.

Available sizes👇🏽

▪️ Jumbo: 26oz Reusable Mason Jar with an approximate 140 hour burn time
▪️ Large: 16oz Reusable Mason Jar with an approximate 80 hour burn time
▪️ Medium: 8oz Reusable Mason Jar with an approximate 60 hour burn time
▪️ Mini: 4oz Reusable Mason Jar with an approxiamate 20 hour burn time
▪️ Wax Melt: 2oz",,,,,26 oz Jumbo,,3,$36.00,,,,,3,Surfs400,Surfs160,https://www.surfsupcandle.com/cdn/shop/products/image_dffceab3-5d8f-4591-9fcf-9b6ca716859d.jpg?v=1681744128&width=3023,image_dffceab3-5d8f-4591-9fcf-9b6ca716859d.jpg?v=1681744128&width=3023,,,Surfs800,image_dffceab3-5d8f-4591-9fcf-9b6ca716859d.jpg?v=1681744128&width=3023,
HYACINTH MASON JAR CANDLE - ORIGINAL COLLECTION,HYACINTH MASON JAR CANDLE - ORIGINAL COLLECTION,,"😍Enjoy the aroma of fresh Hyacinth flowers anytime of the year with this alluring scent.

🏄🏽‍♀️Surf's Up candles are all natural soy wax, no dyes, paraffin, lead, or petroleum content

💫Hand Poured in Small Batches using custom created scents

🔥Features a cotton wick to ensure a smooth, clean burn

🔹Made in the U.S.A.

Available sizes👇🏽

▪️ Jumbo: 26oz Reusable Mason Jar with an approximate 140 hour burn time
▪️ Large: 16oz Reusable Mason Jar with an approximate 80 hour burn time
▪️ Medium: 8oz Reusable Mason Jar with an approximate 60 hour burn time
▪️ Mini: 4oz Reusable Mason Jar with an approxiamate 20 hour burn time
▪️ Wax Melt: 2oz",,,,,16 oz Large,,3,$24.00,,,,,3,Surfs400,Surfs160,https://www.surfsupcandle.com/cdn/shop/products/IMG_7146_1.jpg?v=1681744128&width=2962,IMG_7146_1.jpg?v=1681744128&width=2962,,,Surfs800,IMG_7146_1.jpg?v=1681744128&width=2962,
HYACINTH MASON JAR CANDLE - ORIGINAL COLLECTION,HYACINTH MASON JAR CANDLE - ORIGINAL COLLECTION,,"😍Enjoy the aroma of fresh Hyacinth flowers anytime of the year with this alluring scent.

🏄🏽‍♀️Surf's Up candles are all natural soy wax, no dyes, paraffin, lead, or petroleum content

💫Hand Poured in Small Batches using custom created scents

🔥Features a cotton wick to ensure a smooth, clean burn

🔹Made in the U.S.A.

Available sizes👇🏽

▪️ Jumbo: 26oz Reusable Mason Jar with an approximate 140 hour burn time
▪️ Large: 16oz Reusable Mason Jar with an approximate 80 hour burn time
▪️ Medium: 8oz Reusable Mason Jar with an approximate 60 hour burn time
▪️ Mini: 4oz Reusable Mason Jar with an approxiamate 20 hour burn time
▪️ Wax Melt: 2oz",,,,,8 oz Medium,,3,$18.00,,,,,3,Surfs400,Surfs160,https://www.surfsupcandle.com/cdn/shop/products/IMG_7147.jpg?v=1681744128&width=2700,IMG_7147.jpg?v=1681744128&width=2700,,,Surfs800,IMG_7147.jpg?v=1681744128&width=2700,
HYACINTH MASON JAR CANDLE - ORIGINAL COLLECTION,HYACINTH MASON JAR CANDLE - ORIGINAL COLLECTION,,"😍Enjoy the aroma of fresh Hyacinth flowers anytime of the year with this alluring scent.

🏄🏽‍♀️Surf's Up candles are all natural soy wax, no dyes, paraffin, lead, or petroleum content

💫Hand Poured in Small Batches using custom created scents

🔥Features a cotton wick to ensure a smooth, clean burn

🔹Made in the U.S.A.

Available sizes👇🏽

▪️ Jumbo: 26oz Reusable Mason Jar with an approximate 140 hour burn time
▪️ Large: 16oz Reusable Mason Jar with an approximate 80 hour burn time
▪️ Medium: 8oz Reusable Mason Jar with an approximate 60 hour burn time
▪️ Mini: 4oz Reusable Mason Jar with an approxiamate 20 hour burn time
▪️ Wax Melt: 2oz",,,,,4 oz Mini,,3,$10.00,,,,,3,Surfs400,Surfs160,https://www.surfsupcandle.com/cdn/shop/products/IMG_7149_1.jpg?v=1681744128&width=2208,IMG_7149_1.jpg?v=1681744128&width=2208,,,Surfs800,IMG_7149_1.jpg?v=1681744128&width=2208,
HYACINTH MASON JAR CANDLE - ORIGINAL COLLECTION,HYACINTH MASON JAR CANDLE - ORIGINAL COLLECTION,,"😍Enjoy the aroma of fresh Hyacinth flowers anytime of the year with this alluring scent.

🏄🏽‍♀️Surf's Up candles are all natural soy wax, no dyes, paraffin, lead, or petroleum content

💫Hand Poured in Small Batches using custom created scents

🔥Features a cotton wick to ensure a smooth, clean burn

🔹Made in the U.S.A.

Available sizes👇🏽

▪️ Jumbo: 26oz Reusable Mason Jar with an approximate 140 hour burn time
▪️ Large: 16oz Reusable Mason Jar with an approximate 80 hour burn time
▪️ Medium: 8oz Reusable Mason Jar with an approximate 60 hour burn time
▪️ Mini: 4oz Reusable Mason Jar with an approxiamate 20 hour burn time
▪️ Wax Melt: 2oz",,,,,Wax Melt,,3,$6.00,,,,,3,Surfs400,Surfs160,https://www.surfsupcandle.com/cdn/shop/products/image_d9e02c31-5983-417b-a539-296be947fa91.jpg?v=1681745219&width=3023,image_d9e02c31-5983-417b-a539-296be947fa91.jpg?v=1681745219&width=3023,,,Surfs800,image_d9e02c31-5983-417b-a539-296be947fa91.jpg?v=1681745219&width=3023,
ENGLISH GARDEN MASON JAR CANDLE - ORIGINAL COLLECTION,ENGLISH GARDEN MASON JAR CANDLE - ORIGINAL COLLECTION,,"😍Take a walk through our English Garden. This floral scent is light and sweet consisting of carnation, violet, and lilac.

🏄🏽‍♀️Surf's Up candles are all natural soy wax, no dyes, paraffin, lead, or petroleum content

💫Hand Poured in Small Batches using custom created scents

🔥Features a cotton wick to ensure a smooth, clean burn

🔹Made in the U.S.A.

Available sizes👇🏽

▪️ Jumbo: 26oz Reusable Mason Jar with an approximate 140 hour burn time
▪️ Large: 16oz Reusable Mason Jar with an approximate 80 hour burn time
▪️ Medium: 8oz Reusable Mason Jar with an approximate 60 hour burn time
▪️ Mini: 4oz Reusable Mason Jar with an approxiamate 20 hour burn time
▪️ Wax Melt: 2oz",,,,,26 oz Jumbo,,3,$36.00,,,,,3,Surfs400,Surfs160,https://www.surfsupcandle.com/cdn/shop/files/IMG_8775.jpg?v=1684434537&width=3023,IMG_8775.jpg?v=1684434537&width=3023,,,Surfs800,IMG_8775.jpg?v=1684434537&width=3023,
ENGLISH GARDEN MASON JAR CANDLE - ORIGINAL COLLECTION,ENGLISH GARDEN MASON JAR CANDLE - ORIGINAL COLLECTION,,"😍Take a walk through our English Garden. This floral scent is light and sweet consisting of carnation, violet, and lilac.

🏄🏽‍♀️Surf's Up candles are all natural soy wax, no dyes, paraffin, lead, or petroleum content

💫Hand Poured in Small Batches using custom created scents

🔥Features a cotton wick to ensure a smooth, clean burn

🔹Made in the U.S.A.

Available sizes👇🏽

▪️ Jumbo: 26oz Reusable Mason Jar with an approximate 140 hour burn time
▪️ Large: 16oz Reusable Mason Jar with an approximate 80 hour burn time
▪️ Medium: 8oz Reusable Mason Jar with an approximate 60 hour burn time
▪️ Mini: 4oz Reusable Mason Jar with an approxiamate 20 hour burn time
▪️ Wax Melt: 2oz",,,,,16 oz Large,,3,$24.00,,,,,3,Surfs400,Surfs160,https://www.surfsupcandle.com/cdn/shop/files/IMG_8772.jpg?v=1684434538&width=3023,IMG_8772.jpg?v=1684434538&width=3023,,,Surfs800,IMG_8772.jpg?v=1684434538&width=3023,
ENGLISH GARDEN MASON JAR CANDLE - ORIGINAL COLLECTION,ENGLISH GARDEN MASON JAR CANDLE - ORIGINAL COLLECTION,,"😍Take a walk through our English Garden. This floral scent is light and sweet consisting of carnation, violet, and lilac.

🏄🏽‍♀️Surf's Up candles are all natural soy wax, no dyes, paraffin, lead, or petroleum content

💫Hand Poured in Small Batches using custom created scents

🔥Features a cotton wick to ensure a smooth, clean burn

🔹Made in the U.S.A.

Available sizes👇🏽

▪️ Jumbo: 26oz Reusable Mason Jar with an approximate 140 hour burn time
▪️ Large: 16oz Reusable Mason Jar with an approximate 80 hour burn time
▪️ Medium: 8oz Reusable Mason Jar with an approximate 60 hour burn time
▪️ Mini: 4oz Reusable Mason Jar with an approxiamate 20 hour burn time
▪️ Wax Melt: 2oz",,,,,8 oz Medium,,3,$18.00,,,,,3,Surfs400,Surfs160,https://www.surfsupcandle.com/cdn/shop/files/IMG_8773.jpg?v=1684434539&width=3023,IMG_8773.jpg?v=1684434539&width=3023,,,Surfs800,IMG_8773.jpg?v=1684434539&width=3023,
ENGLISH GARDEN MASON JAR CANDLE - ORIGINAL COLLECTION,ENGLISH GARDEN MASON JAR CANDLE - ORIGINAL COLLECTION,,"😍Take a walk through our English Garden. This floral scent is light and sweet consisting of carnation, violet, and lilac.

🏄🏽‍♀️Surf's Up candles are all natural soy wax, no dyes, paraffin, lead, or petroleum content

💫Hand Poured in Small Batches using custom created scents

🔥Features a cotton wick to ensure a smooth, clean burn

🔹Made in the U.S.A.

Available sizes👇🏽

▪️ Jumbo: 26oz Reusable Mason Jar with an approximate 140 hour burn time
▪️ Large: 16oz Reusable Mason Jar with an approximate 80 hour burn time
▪️ Medium: 8oz Reusable Mason Jar with an approximate 60 hour burn time
▪️ Mini: 4oz Reusable Mason Jar with an approxiamate 20 hour burn time
▪️ Wax Melt: 2oz",,,,,4 oz Mini,,3,$10.00,,,,,3,Surfs400,Surfs160,https://www.surfsupcandle.com/cdn/shop/files/IMG_8774.jpg?v=1684434544&width=3023,IMG_8774.jpg?v=1684434544&width=3023,,,Surfs800,IMG_8774.jpg?v=1684434544&width=3023,
ENGLISH GARDEN MASON JAR CANDLE - ORIGINAL COLLECTION,ENGLISH GARDEN MASON JAR CANDLE - ORIGINAL COLLECTION,,"😍Take a walk through our English Garden. This floral scent is light and sweet consisting of carnation, violet, and lilac.

🏄🏽‍♀️Surf's Up candles are all natural soy wax, no dyes, paraffin, lead, or petroleum content

💫Hand Poured in Small Batches using custom created scents

🔥Features a cotton wick to ensure a smooth, clean burn

🔹Made in the U.S.A.

Available sizes👇🏽

▪️ Jumbo: 26oz Reusable Mason Jar with an approximate 140 hour burn time
▪️ Large: 16oz Reusable Mason Jar with an approximate 80 hour burn time
▪️ Medium: 8oz Reusable Mason Jar with an approximate 60 hour burn time
▪️ Mini: 4oz Reusable Mason Jar with an approxiamate 20 hour burn time
▪️ Wax Melt: 2oz",,,,,Wax Melt,,3,$6.00,,,,,3,Surfs400,Surfs160,https://www.surfsupcandle.com/cdn/shop/files/IMG_8771.jpg?v=1684434544&width=3023,IMG_8771.jpg?v=1684434544&width=3023,,,Surfs800,IMG_8771.jpg?v=1684434544&width=3023,
BIRTHDAY CAKE MASON JAR CANDLE - ORIGINAL COLLECTION,BIRTHDAY CAKE MASON JAR CANDLE - ORIGINAL COLLECTION,,"😍Satisfy your sweet tooth with this sweet smell of birthday cake. Let the combination of buttercream, vanilla bean, honey, and baked cake fill your room with that fresh from the oven aroma.

🏄🏽‍♀️Surf's Up candles are all natural soy wax, no dyes, paraffin, lead, or petroleum content

💫Hand Poured in Small Batches using custom created scents

🔥Features a cotton wick to ensure a smooth, clean burn

🔹Made in the U.S.A.

Available sizes👇🏽

▪️ Jumbo: 26oz Reusable Mason Jar with an approximate 140 hour burn time
▪️ Large: 16oz Reusable Mason Jar with an approximate 80 hour burn time
▪️ Medium: 8oz Reusable Mason Jar with an approximate 60 hour burn time
▪️ Mini: 4oz Reusable Mason Jar with an approxiamate 20 hour burn time
▪️ Wax Melt: 2oz",,,,,26 oz Jumbo,,3,$36.00,,,,,3,Surfs400,Surfs160,https://www.surfsupcandle.com/cdn/shop/products/IMG_7933.jpg?v=1681921377&width=3023,IMG_7933.jpg?v=1681921377&width=3023,,,Surfs800,IMG_7933.jpg?v=1681921377&width=3023,
BIRTHDAY CAKE MASON JAR CANDLE - ORIGINAL COLLECTION,BIRTHDAY CAKE MASON JAR CANDLE - ORIGINAL COLLECTION,,"😍Satisfy your sweet tooth with this sweet smell of birthday cake. Let the combination of buttercream, vanilla bean, honey, and baked cake fill your room with that fresh from the oven aroma.

🏄🏽‍♀️Surf's Up candles are all natural soy wax, no dyes, paraffin, lead, or petroleum content

💫Hand Poured in Small Batches using custom created scents

🔥Features a cotton wick to ensure a smooth, clean burn

🔹Made in the U.S.A.

Available sizes👇🏽

▪️ Jumbo: 26oz Reusable Mason Jar with an approximate 140 hour burn time
▪️ Large: 16oz Reusable Mason Jar with an approximate 80 hour burn time
▪️ Medium: 8oz Reusable Mason Jar with an approximate 60 hour burn time
▪️ Mini: 4oz Reusable Mason Jar with an approxiamate 20 hour burn time
▪️ Wax Melt: 2oz",,,,,16 oz Large,,3,$24.00,,,,,3,Surfs400,Surfs160,https://www.surfsupcandle.com/cdn/shop/products/IMG_7934.jpg?v=1681921378&width=3023,IMG_7934.jpg?v=1681921378&width=3023,,,Surfs800,IMG_7934.jpg?v=1681921378&width=3023,
BIRTHDAY CAKE MASON JAR CANDLE - ORIGINAL COLLECTION,BIRTHDAY CAKE MASON JAR CANDLE - ORIGINAL COLLECTION,,"😍Satisfy your sweet tooth with this sweet smell of birthday cake. Let the combination of buttercream, vanilla bean, honey, and baked cake fill your room with that fresh from the oven aroma.

🏄🏽‍♀️Surf's Up candles are all natural soy wax, no dyes, paraffin, lead, or petroleum content

💫Hand Poured in Small Batches using custom created scents

🔥Features a cotton wick to ensure a smooth, clean burn

🔹Made in the U.S.A.

Available sizes👇🏽

▪️ Jumbo: 26oz Reusable Mason Jar with an approximate 140 hour burn time
▪️ Large: 16oz Reusable Mason Jar with an approximate 80 hour burn time
▪️ Medium: 8oz Reusable Mason Jar with an approximate 60 hour burn time
▪️ Mini: 4oz Reusable Mason Jar with an approxiamate 20 hour burn time
▪️ Wax Melt: 2oz",,,,,8 oz Medium,,3,$18.00,,,,,3,Surfs400,Surfs160,https://www.surfsupcandle.com/cdn/shop/products/IMG_7935.jpg?v=1681921380&width=3023,IMG_7935.jpg?v=1681921380&width=3023,,,Surfs800,IMG_7935.jpg?v=1681921380&width=3023,
BIRTHDAY CAKE MASON JAR CANDLE - ORIGINAL COLLECTION,BIRTHDAY CAKE MASON JAR CANDLE - ORIGINAL COLLECTION,,"😍Satisfy your sweet tooth with this sweet smell of birthday cake. Let the combination of buttercream, vanilla bean, honey, and baked cake fill your room with that fresh from the oven aroma.

🏄🏽‍♀️Surf's Up candles are all natural soy wax, no dyes, paraffin, lead, or petroleum content

💫Hand Poured in Small Batches using custom created scents

🔥Features a cotton wick to ensure a smooth, clean burn

🔹Made in the U.S.A.

Available sizes👇🏽

▪️ Jumbo: 26oz Reusable Mason Jar with an approximate 140 hour burn time
▪️ Large: 16oz Reusable Mason Jar with an approximate 80 hour burn time
▪️ Medium: 8oz Reusable Mason Jar with an approximate 60 hour burn time
▪️ Mini: 4oz Reusable Mason Jar with an approxiamate 20 hour burn time
▪️ Wax Melt: 2oz",,,,,4 oz Mini,,3,$10.00,,,,,3,Surfs400,Surfs160,https://www.surfsupcandle.com/cdn/shop/products/IMG_7952.jpg?v=1681921381&width=3023,IMG_7952.jpg?v=1681921381&width=3023,,,Surfs800,IMG_7952.jpg?v=1681921381&width=3023,
BIRTHDAY CAKE MASON JAR CANDLE - ORIGINAL COLLECTION,BIRTHDAY CAKE MASON JAR CANDLE - ORIGINAL COLLECTION,,"😍Satisfy your sweet tooth with this sweet smell of birthday cake. Let the combination of buttercream, vanilla bean, honey, and baked cake fill your room with that fresh from the oven aroma.

🏄🏽‍♀️Surf's Up candles are all natural soy wax, no dyes, paraffin, lead, or petroleum content

💫Hand Poured in Small Batches using custom created scents

🔥Features a cotton wick to ensure a smooth, clean burn

🔹Made in the U.S.A.

Available sizes👇🏽

▪️ Jumbo: 26oz Reusable Mason Jar with an approximate 140 hour burn time
▪️ Large: 16oz Reusable Mason Jar with an approximate 80 hour burn time
▪️ Medium: 8oz Reusable Mason Jar with an approximate 60 hour burn time
▪️ Mini: 4oz Reusable Mason Jar with an approxiamate 20 hour burn time
▪️ Wax Melt: 2oz",,,,,Wax Melt,,3,$6.00,,,,,3,Surfs400,Surfs160,https://www.surfsupcandle.com/cdn/shop/products/IMG_7932.jpg?v=1681921383&width=3023,IMG_7932.jpg?v=1681921383&width=3023,,,Surfs800,IMG_7932.jpg?v=1681921383&width=3023,
BEACH DAISIES MASON JAR CANDLE - ORIGINAL COLLECTION,BEACH DAISIES MASON JAR CANDLE - ORIGINAL COLLECTION,,"😍Take time to stop and smell the beach daisies. This Summer fragrance is a combination of Asian lemongrass, dune grass, and daisy petals. It also has hints of gardenia bloom and amber sands.

🏄🏽‍♀️Surf's Up candles are all natural soy wax, no dyes, paraffin, lead, or petroleum content

💫Hand Poured in Small Batches using custom created scents

🔥Features a cotton wick to ensure a smooth, clean burn

🔹Made in the U.S.A.

Available sizes👇🏽

▪️ Jumbo: 26oz Reusable Mason Jar with an approximate 140 hour burn time
▪️ Large: 16oz Reusable Mason Jar with an approximate 80 hour burn time
▪️ Medium: 8oz Reusable Mason Jar with an approximate 60 hour burn time
▪️ Mini: 4oz Reusable Mason Jar with an approxiamate 20 hour burn time
▪️ Wax Melt: 2oz",,,,,26 oz Jumbo,,3,$36.00,,,,,3,Surfs400,Surfs160,https://www.surfsupcandle.com/cdn/shop/products/IMG_7139_1.jpg?v=1679503938&width=3018,IMG_7139_1.jpg?v=1679503938&width=3018,,,Surfs800,IMG_7139_1.jpg?v=1679503938&width=3018,
BEACH DAISIES MASON JAR CANDLE - ORIGINAL COLLECTION,BEACH DAISIES MASON JAR CANDLE - ORIGINAL COLLECTION,,"😍Take time to stop and smell the beach daisies. This Summer fragrance is a combination of Asian lemongrass, dune grass, and daisy petals. It also has hints of gardenia bloom and amber sands.

🏄🏽‍♀️Surf's Up candles are all natural soy wax, no dyes, paraffin, lead, or petroleum content

💫Hand Poured in Small Batches using custom created scents

🔥Features a cotton wick to ensure a smooth, clean burn

🔹Made in the U.S.A.

Available sizes👇🏽

▪️ Jumbo: 26oz Reusable Mason Jar with an approximate 140 hour burn time
▪️ Large: 16oz Reusable Mason Jar with an approximate 80 hour burn time
▪️ Medium: 8oz Reusable Mason Jar with an approximate 60 hour burn time
▪️ Mini: 4oz Reusable Mason Jar with an approxiamate 20 hour burn time
▪️ Wax Melt: 2oz",,,,,16 oz Large,,3,$24.00,,,,,3,Surfs400,Surfs160,https://www.surfsupcandle.com/cdn/shop/products/IMG_7135_2.jpg?v=1679503938&width=2962,IMG_7135_2.jpg?v=1679503938&width=2962,,,Surfs800,IMG_7135_2.jpg?v=1679503938&width=2962,
BEACH DAISIES MASON JAR CANDLE - ORIGINAL COLLECTION,BEACH DAISIES MASON JAR CANDLE - ORIGINAL COLLECTION,,"😍Take time to stop and smell the beach daisies. This Summer fragrance is a combination of Asian lemongrass, dune grass, and daisy petals. It also has hints of gardenia bloom and amber sands.

🏄🏽‍♀️Surf's Up candles are all natural soy wax, no dyes, paraffin, lead, or petroleum content

💫Hand Poured in Small Batches using custom created scents

🔥Features a cotton wick to ensure a smooth, clean burn

🔹Made in the U.S.A.

Available sizes👇🏽

▪️ Jumbo: 26oz Reusable Mason Jar with an approximate 140 hour burn time
▪️ Large: 16oz Reusable Mason Jar with an approximate 80 hour burn time
▪️ Medium: 8oz Reusable Mason Jar with an approximate 60 hour burn time
▪️ Mini: 4oz Reusable Mason Jar with an approxiamate 20 hour burn time
▪️ Wax Melt: 2oz",,,,,8 oz Medium,,3,$18.00,,,,,3,Surfs400,Surfs160,https://www.surfsupcandle.com/cdn/shop/products/IMG_7136_2.jpg?v=1679503951&width=2962,IMG_7136_2.jpg?v=1679503951&width=2962,,,Surfs800,IMG_7136_2.jpg?v=1679503951&width=2962,
BEACH DAISIES MASON JAR CANDLE - ORIGINAL COLLECTION,BEACH DAISIES MASON JAR CANDLE - ORIGINAL COLLECTION,,"😍Take time to stop and smell the beach daisies. This Summer fragrance is a combination of Asian lemongrass, dune grass, and daisy petals. It also has hints of gardenia bloom and amber sands.

🏄🏽‍♀️Surf's Up candles are all natural soy wax, no dyes, paraffin, lead, or petroleum content

💫Hand Poured in Small Batches using custom created scents

🔥Features a cotton wick to ensure a smooth, clean burn

🔹Made in the U.S.A.

Available sizes👇🏽

▪️ Jumbo: 26oz Reusable Mason Jar with an approximate 140 hour burn time
▪️ Large: 16oz Reusable Mason Jar with an approximate 80 hour burn time
▪️ Medium: 8oz Reusable Mason Jar with an approximate 60 hour burn time
▪️ Mini: 4oz Reusable Mason Jar with an approxiamate 20 hour burn time
▪️ Wax Melt: 2oz",,,,,4 oz Mini,,3,$10.00,,,,,3,Surfs400,Surfs160,https://www.surfsupcandle.com/cdn/shop/products/IMG_7137_fe343d9e-cded-451e-bc60-e76492cd835b.jpg?v=1679503938&width=2534,IMG_7137_fe343d9e-cded-451e-bc60-e76492cd835b.jpg?v=1679503938&width=2534,,,Surfs800,IMG_7137_fe343d9e-cded-451e-bc60-e76492cd835b.jpg?v=1679503938&width=2534,
BEACH DAISIES MASON JAR CANDLE - ORIGINAL COLLECTION,BEACH DAISIES MASON JAR CANDLE - ORIGINAL COLLECTION,,"😍Take time to stop and smell the beach daisies. This Summer fragrance is a combination of Asian lemongrass, dune grass, and daisy petals. It also has hints of gardenia bloom and amber sands.

🏄🏽‍♀️Surf's Up candles are all natural soy wax, no dyes, paraffin, lead, or petroleum content

💫Hand Poured in Small Batches using custom created scents

🔥Features a cotton wick to ensure a smooth, clean burn

🔹Made in the U.S.A.

Available sizes👇🏽

▪️ Jumbo: 26oz Reusable Mason Jar with an approximate 140 hour burn time
▪️ Large: 16oz Reusable Mason Jar with an approximate 80 hour burn time
▪️ Medium: 8oz Reusable Mason Jar with an approximate 60 hour burn time
▪️ Mini: 4oz Reusable Mason Jar with an approxiamate 20 hour burn time
▪️ Wax Melt: 2oz",,,,,Wax Melt,,3,$6.00,,,,,3,Surfs400,Surfs160,https://www.surfsupcandle.com/cdn/shop/products/IMG_7138_1.jpg?v=1679503938&width=2720,IMG_7138_1.jpg?v=1679503938&width=2720,,,Surfs800,IMG_7138_1.jpg?v=1679503938&width=2720,
CUPCAKE PAINT CAN CANDLE - VINTAGE COLLECTION,CUPCAKE PAINT CAN CANDLE - VINTAGE COLLECTION,,"😍Satisfy your sweet tooth with this sweet smell of Cake Pop. Let the combination of buttercream, vanilla bean, honey, and baked cake fill your room with that fresh from the oven aroma.

🏄🏽‍♀️Surf's Up candles are all natural soy wax, no dyes, paraffin, lead, or petroleum content

💫Hand Poured in Small Batches using custom created scents

🔥Features a cotton wick to ensure a smooth, clean burn

🔹Made in the U.S.A.

Available sizes👇🏽

▪️ Pint Candles are 16oz with 80-100 hours burn time
▪️ 1/2 Pint Candles are 8oz with 40-50 hours burn time
▪️ 1/4 Pint Candles are 4oz with 20-25hours burn time",,,,,16 oz Pint,,3,$26.00,,,,,3,Surfs400,Surfs160,https://www.surfsupcandle.com/cdn/shop/files/IMG_8166.jpg?v=1682519481&width=3023,IMG_8166.jpg?v=1682519481&width=3023,,,Surfs800,IMG_8166.jpg?v=1682519481&width=3023,
CUPCAKE PAINT CAN CANDLE - VINTAGE COLLECTION,CUPCAKE PAINT CAN CANDLE - VINTAGE COLLECTION,,"😍Satisfy your sweet tooth with this sweet smell of Cake Pop. Let the combination of buttercream, vanilla bean, honey, and baked cake fill your room with that fresh from the oven aroma.

🏄🏽‍♀️Surf's Up candles are all natural soy wax, no dyes, paraffin, lead, or petroleum content

💫Hand Poured in Small Batches using custom created scents

🔥Features a cotton wick to ensure a smooth, clean burn

🔹Made in the U.S.A.

Available sizes👇🏽

▪️ Pint Candles are 16oz with 80-100 hours burn time
▪️ 1/2 Pint Candles are 8oz with 40-50 hours burn time
▪️ 1/4 Pint Candles are 4oz with 20-25hours burn time",,,,,8 oz 1/2 Pint,,3,$19.00,,,,,3,Surfs400,Surfs160,https://www.surfsupcandle.com/cdn/shop/files/IMG_8168.jpg?v=1682519484&width=3023,IMG_8168.jpg?v=1682519484&width=3023,,,Surfs800,IMG_8168.jpg?v=1682519484&width=3023,
CUPCAKE PAINT CAN CANDLE - VINTAGE COLLECTION,CUPCAKE PAINT CAN CANDLE - VINTAGE COLLECTION,,"😍Satisfy your sweet tooth with this sweet smell of Cake Pop. Let the combination of buttercream, vanilla bean, honey, and baked cake fill your room with that fresh from the oven aroma.

🏄🏽‍♀️Surf's Up candles are all natural soy wax, no dyes, paraffin, lead, or petroleum content

💫Hand Poured in Small Batches using custom created scents

🔥Features a cotton wick to ensure a smooth, clean burn

🔹Made in the U.S.A.

Available sizes👇🏽

▪️ Pint Candles are 16oz with 80-100 hours burn time
▪️ 1/2 Pint Candles are 8oz with 40-50 hours burn time
▪️ 1/4 Pint Candles are 4oz with 20-25hours burn time",,,,,4 oz 1/4 Pint,,3,$12.00,,,,,3,Surfs400,Surfs160,https://www.surfsupcandle.com/cdn/shop/files/IMG_8169.jpg?v=1682519486&width=3023,IMG_8169.jpg?v=1682519486&width=3023,,,Surfs800,IMG_8169.jpg?v=1682519486&width=3023,
SUNFLOWERS PAINT CAN CANDLE - VINTAGE COLLECTION,SUNFLOWERS PAINT CAN CANDLE - VINTAGE COLLECTION,,"😍This flowery burst of sunshine fragrance is a floral mix of grapefruit, bergamot and sweet grass with lily, jasmine, sage and sandalwood.

🏄🏽‍♀️Surf's Up candles are all natural soy wax, no dyes, paraffin, lead, or petroleum content

💫Hand Poured in Small Batches using custom created scents

🔥Features a cotton wick to ensure a smooth, clean burn

🔹Made in the U.S.A.

Available sizes👇🏽

▪️ Pint Candles are 16oz with 80-100 hours burn time
▪️ 1/2 Pint Candles are 8oz with 40-50 hours burn time
▪️ 1/4 Pint Candles are 4oz with 20-25hours burn time",,,,,16 oz Pint,,3,$26.00,,,,,3,Surfs400,Surfs160,https://www.surfsupcandle.com/cdn/shop/files/IMG_7120_59f32228-c615-4258-81f2-9dca23f9beb2.jpg?v=1688567725&width=3024,IMG_7120_59f32228-c615-4258-81f2-9dca23f9beb2.jpg?v=1688567725&width=3024,,,Surfs800,IMG_7120_59f32228-c615-4258-81f2-9dca23f9beb2.jpg?v=1688567725&width=3024,
SUNFLOWERS PAINT CAN CANDLE - VINTAGE COLLECTION,SUNFLOWERS PAINT CAN CANDLE - VINTAGE COLLECTION,,"😍This flowery burst of sunshine fragrance is a floral mix of grapefruit, bergamot and sweet grass with lily, jasmine, sage and sandalwood.

🏄🏽‍♀️Surf's Up candles are all natural soy wax, no dyes, paraffin, lead, or petroleum content

💫Hand Poured in Small Batches using custom created scents

🔥Features a cotton wick to ensure a smooth, clean burn

🔹Made in the U.S.A.

Available sizes👇🏽

▪️ Pint Candles are 16oz with 80-100 hours burn time
▪️ 1/2 Pint Candles are 8oz with 40-50 hours burn time
▪️ 1/4 Pint Candles are 4oz with 20-25hours burn time",,,,,8 oz 1/2 Pint,,3,$19.00,,,,,3,Surfs400,Surfs160,https://www.surfsupcandle.com/cdn/shop/files/IMG_7122_4b788cd4-c68b-4bf7-a18d-2aac56ba90d2.jpg?v=1688567739&width=3024,IMG_7122_4b788cd4-c68b-4bf7-a18d-2aac56ba90d2.jpg?v=1688567739&width=3024,,,Surfs800,IMG_7122_4b788cd4-c68b-4bf7-a18d-2aac56ba90d2.jpg?v=1688567739&width=3024,
SUNFLOWERS PAINT CAN CANDLE - VINTAGE COLLECTION,SUNFLOWERS PAINT CAN CANDLE - VINTAGE COLLECTION,,"😍This flowery burst of sunshine fragrance is a floral mix of grapefruit, bergamot and sweet grass with lily, jasmine, sage and sandalwood.

🏄🏽‍♀️Surf's Up candles are all natural soy wax, no dyes, paraffin, lead, or petroleum content

💫Hand Poured in Small Batches using custom created scents

🔥Features a cotton wick to ensure a smooth, clean burn

🔹Made in the U.S.A.

Available sizes👇🏽

▪️ Pint Candles are 16oz with 80-100 hours burn time
▪️ 1/2 Pint Candles are 8oz with 40-50 hours burn time
▪️ 1/4 Pint Candles are 4oz with 20-25hours burn time",,,,,4 oz 1/4 Pint,,3,$12.00,,,,,3,Surfs400,Surfs160,https://www.surfsupcandle.com/cdn/shop/files/IMG_7123_70e349e3-f4ce-405f-ba49-eb99128630f4.jpg?v=1688567743&width=3024,IMG_7123_70e349e3-f4ce-405f-ba49-eb99128630f4.jpg?v=1688567743&width=3024,,,Surfs800,IMG_7123_70e349e3-f4ce-405f-ba49-eb99128630f4.jpg?v=1688567743&width=3024,
BEACH BUM PAINT CAN CANDLE - VINTAGE COLLECTION,BEACH BUM PAINT CAN CANDLE - VINTAGE COLLECTION,,"😍Take the beach home with you with our Beach Bum scent. This fragrance captivates the smell of Summer by mixing mandarin, sand jasmine, and oceanic mist.

🏄🏽‍♀️Surf's Up candles are all natural soy wax, no dyes, paraffin, lead, or petroleum content

💫Hand Poured in Small Batches using custom created scents

🔥Features a cotton wick to ensure a smooth, clean burn

🔹Made in the U.S.A.

Available sizes👇🏽

▪️ Pint Candles are 16oz with 80-100 hours burn time
▪️ 1/2 Pint Candles are 8oz with 40-50 hours burn time
▪️ 1/4 Pint Candles are 4oz with 20-25hours burn time",,,,,16 oz Pint,,3,$26.00,,,,,3,Surfs400,Surfs160,https://www.surfsupcandle.com/cdn/shop/products/IMG_7337.jpg?v=1679670162&width=2965,IMG_7337.jpg?v=1679670162&width=2965,,,Surfs800,IMG_7337.jpg?v=1679670162&width=2965,
BEACH BUM PAINT CAN CANDLE - VINTAGE COLLECTION,BEACH BUM PAINT CAN CANDLE - VINTAGE COLLECTION,,"😍Take the beach home with you with our Beach Bum scent. This fragrance captivates the smell of Summer by mixing mandarin, sand jasmine, and oceanic mist.

🏄🏽‍♀️Surf's Up candles are all natural soy wax, no dyes, paraffin, lead, or petroleum content

💫Hand Poured in Small Batches using custom created scents

🔥Features a cotton wick to ensure a smooth, clean burn

🔹Made in the U.S.A.

Available sizes👇🏽

▪️ Pint Candles are 16oz with 80-100 hours burn time
▪️ 1/2 Pint Candles are 8oz with 40-50 hours burn time
▪️ 1/4 Pint Candles are 4oz with 20-25hours burn time",,,,,8 oz 1/2 Pint,,3,$19.00,,,,,3,Surfs400,Surfs160,https://www.surfsupcandle.com/cdn/shop/products/IMG_7339.jpg?v=1679670137&width=2962,IMG_7339.jpg?v=1679670137&width=2962,,,Surfs800,IMG_7339.jpg?v=1679670137&width=2962,
BEACH BUM PAINT CAN CANDLE - VINTAGE COLLECTION,BEACH BUM PAINT CAN CANDLE - VINTAGE COLLECTION,,"😍Take the beach home with you with our Beach Bum scent. This fragrance captivates the smell of Summer by mixing mandarin, sand jasmine, and oceanic mist.

🏄🏽‍♀️Surf's Up candles are all natural soy wax, no dyes, paraffin, lead, or petroleum content

💫Hand Poured in Small Batches using custom created scents

🔥Features a cotton wick to ensure a smooth, clean burn

🔹Made in the U.S.A.

Available sizes👇🏽

▪️ Pint Candles are 16oz with 80-100 hours burn time
▪️ 1/2 Pint Candles are 8oz with 40-50 hours burn time
▪️ 1/4 Pint Candles are 4oz with 20-25hours burn time",,,,,4 oz 1/4 Pint,,3,$12.00,,,,,3,Surfs400,Surfs160,https://www.surfsupcandle.com/cdn/shop/products/IMG_7340.jpg?v=1679670137&width=2455,IMG_7340.jpg?v=1679670137&width=2455,,,Surfs800,IMG_7340.jpg?v=1679670137&width=2455,
PINK GRAPEFRUIT MASON JAR CANDLE - ORIGINAL COLLECTION,PINK GRAPEFRUIT MASON JAR CANDLE - ORIGINAL COLLECTION,,,,,,,26 oz Jumbo,,3,$36.00,,,,,3,Surfs400,Surfs160,https://www.surfsupcandle.com/cdn/shop/products/IMG_7041.jpg?v=1679092542&width=2962,IMG_7041.jpg?v=1679092542&width=2962,,,Surfs800,IMG_7041.jpg?v=1679092542&width=2962,
PINK GRAPEFRUIT MASON JAR CANDLE - ORIGINAL COLLECTION,PINK GRAPEFRUIT MASON JAR CANDLE - ORIGINAL COLLECTION,,,,,,,16 oz Large,,3,$24.00,,,,,3,Surfs400,Surfs160,https://www.surfsupcandle.com/cdn/shop/products/IMG_7040_5d662729-a259-48ff-9913-9246765d0c50.jpg?v=1679092542&width=2962,IMG_7040_5d662729-a259-48ff-9913-9246765d0c50.jpg?v=1679092542&width=2962,,,Surfs800,IMG_7040_5d662729-a259-48ff-9913-9246765d0c50.jpg?v=1679092542&width=2962,
PINK GRAPEFRUIT MASON JAR CANDLE - ORIGINAL COLLECTION,PINK GRAPEFRUIT MASON JAR CANDLE - ORIGINAL COLLECTION,,,,,,,8 oz Medium,,3,$18.00,,,,,3,Surfs400,Surfs160,https://www.surfsupcandle.com/cdn/shop/products/IMG_7039_ee5cd7cd-0799-43b3-83df-ecc6afe3d8ec.jpg?v=1679092542&width=2962,IMG_7039_ee5cd7cd-0799-43b3-83df-ecc6afe3d8ec.jpg?v=1679092542&width=2962,,,Surfs800,IMG_7039_ee5cd7cd-0799-43b3-83df-ecc6afe3d8ec.jpg?v=1679092542&width=2962,
PINK GRAPEFRUIT MASON JAR CANDLE - ORIGINAL COLLECTION,PINK GRAPEFRUIT MASON JAR CANDLE - ORIGINAL COLLECTION,,,,,,,4 oz Mini,,3,$10.00,,,,,3,Surfs400,Surfs160,https://www.surfsupcandle.com/cdn/shop/products/IMG_7038_6e940608-beef-4242-b3f5-6a9395ad93ae.jpg?v=1679092578&width=2495,IMG_7038_6e940608-beef-4242-b3f5-6a9395ad93ae.jpg?v=1679092578&width=2495,,,Surfs800,IMG_7038_6e940608-beef-4242-b3f5-6a9395ad93ae.jpg?v=1679092578&width=2495,
PINK GRAPEFRUIT MASON JAR CANDLE - ORIGINAL COLLECTION,PINK GRAPEFRUIT MASON JAR CANDLE - ORIGINAL COLLECTION,,,,,,,Wax Melt,,3,$6.00,,,,,3,Surfs400,Surfs160,https://www.surfsupcandle.com/cdn/shop/products/IMG_7037_a46a8f2b-35fb-4404-8a68-9a3348b1dc7c.jpg?v=1679092542&width=2962,IMG_7037_a46a8f2b-35fb-4404-8a68-9a3348b1dc7c.jpg?v=1679092542&width=2962,,,Surfs800,IMG_7037_a46a8f2b-35fb-4404-8a68-9a3348b1dc7c.jpg?v=1679092542&width=2962,
CUCUMBER CITRUS MASON JAR CANDLE - ORIGINAL COLLECTION,CUCUMBER CITRUS MASON JAR CANDLE - ORIGINAL COLLECTION,,"😍Cucumber citrus will remind you of that one drink you had while sprawled out on your tropical vacation. This scent carries with it such tropical qualities due to the hints of cucumber, bergamot, aloe, and grapefruit accompanied by freesia, melons, and jasmine! Cucumber citrus has the quality of making you reminisce upon your vacation! Proceed at your own risk!

🏄🏽‍♀️Surf's Up candles are all natural soy wax, no dyes, paraffin, lead, or petroleum content

💫Hand Poured in Small Batches using custom created scents

🔥Features a cotton wick to ensure a smooth, clean burn

🔹Made in the U.S.A.

Available sizes👇🏽

▪️ Jumbo: 26oz Reusable Mason Jar with an approximate 140 hour burn time
▪️ Large: 16oz Reusable Mason Jar with an approximate 80 hour burn time
▪️ Medium: 8oz Reusable Mason Jar with an approximate 60 hour burn time
▪️ Mini: 4oz Reusable Mason Jar with an approxiamate 20 hour burn time
▪️ Wax Melt: 2oz",,,,,26 oz Jumbo,,3,$36.00,,,,,3,Surfs400,Surfs160,https://www.surfsupcandle.com/cdn/shop/products/IMG_7873.jpg?v=1681919259&width=3023,IMG_7873.jpg?v=1681919259&width=3023,,,Surfs800,IMG_7873.jpg?v=1681919259&width=3023,
CUCUMBER CITRUS MASON JAR CANDLE - ORIGINAL COLLECTION,CUCUMBER CITRUS MASON JAR CANDLE - ORIGINAL COLLECTION,,"😍Cucumber citrus will remind you of that one drink you had while sprawled out on your tropical vacation. This scent carries with it such tropical qualities due to the hints of cucumber, bergamot, aloe, and grapefruit accompanied by freesia, melons, and jasmine! Cucumber citrus has the quality of making you reminisce upon your vacation! Proceed at your own risk!

🏄🏽‍♀️Surf's Up candles are all natural soy wax, no dyes, paraffin, lead, or petroleum content

💫Hand Poured in Small Batches using custom created scents

🔥Features a cotton wick to ensure a smooth, clean burn

🔹Made in the U.S.A.

Available sizes👇🏽

▪️ Jumbo: 26oz Reusable Mason Jar with an approximate 140 hour burn time
▪️ Large: 16oz Reusable Mason Jar with an approximate 80 hour burn time
▪️ Medium: 8oz Reusable Mason Jar with an approximate 60 hour burn time
▪️ Mini: 4oz Reusable Mason Jar with an approxiamate 20 hour burn time
▪️ Wax Melt: 2oz",,,,,16 oz Large,,3,$24.00,,,,,3,Surfs400,Surfs160,https://www.surfsupcandle.com/cdn/shop/products/IMG_7870.jpg?v=1681919260&width=3023,IMG_7870.jpg?v=1681919260&width=3023,,,Surfs800,IMG_7870.jpg?v=1681919260&width=3023,
CUCUMBER CITRUS MASON JAR CANDLE - ORIGINAL COLLECTION,CUCUMBER CITRUS MASON JAR CANDLE - ORIGINAL COLLECTION,,"😍Cucumber citrus will remind you of that one drink you had while sprawled out on your tropical vacation. This scent carries with it such tropical qualities due to the hints of cucumber, bergamot, aloe, and grapefruit accompanied by freesia, melons, and jasmine! Cucumber citrus has the quality of making you reminisce upon your vacation! Proceed at your own risk!

🏄🏽‍♀️Surf's Up candles are all natural soy wax, no dyes, paraffin, lead, or petroleum content

💫Hand Poured in Small Batches using custom created scents

🔥Features a cotton wick to ensure a smooth, clean burn

🔹Made in the U.S.A.

Available sizes👇🏽

▪️ Jumbo: 26oz Reusable Mason Jar with an approximate 140 hour burn time
▪️ Large: 16oz Reusable Mason Jar with an approximate 80 hour burn time
▪️ Medium: 8oz Reusable Mason Jar with an approximate 60 hour burn time
▪️ Mini: 4oz Reusable Mason Jar with an approxiamate 20 hour burn time
▪️ Wax Melt: 2oz",,,,,8 oz Medium,,3,$18.00,,,,,3,Surfs400,Surfs160,https://www.surfsupcandle.com/cdn/shop/products/IMG_7871.jpg?v=1681919263&width=3023,IMG_7871.jpg?v=1681919263&width=3023,,,Surfs800,IMG_7871.jpg?v=1681919263&width=3023,
CUCUMBER CITRUS MASON JAR CANDLE - ORIGINAL COLLECTION,CUCUMBER CITRUS MASON JAR CANDLE - ORIGINAL COLLECTION,,"😍Cucumber citrus will remind you of that one drink you had while sprawled out on your tropical vacation. This scent carries with it such tropical qualities due to the hints of cucumber, bergamot, aloe, and grapefruit accompanied by freesia, melons, and jasmine! Cucumber citrus has the quality of making you reminisce upon your vacation! Proceed at your own risk!

🏄🏽‍♀️Surf's Up candles are all natural soy wax, no dyes, paraffin, lead, or petroleum content

💫Hand Poured in Small Batches using custom created scents

🔥Features a cotton wick to ensure a smooth, clean burn

🔹Made in the U.S.A.

Available sizes👇🏽

▪️ Jumbo: 26oz Reusable Mason Jar with an approximate 140 hour burn time
▪️ Large: 16oz Reusable Mason Jar with an approximate 80 hour burn time
▪️ Medium: 8oz Reusable Mason Jar with an approximate 60 hour burn time
▪️ Mini: 4oz Reusable Mason Jar with an approxiamate 20 hour burn time
▪️ Wax Melt: 2oz",,,,,4 oz Mini,,3,$10.00,,,,,3,Surfs400,Surfs160,https://www.surfsupcandle.com/cdn/shop/products/IMG_7872.jpg?v=1681919263&width=3023,IMG_7872.jpg?v=1681919263&width=3023,,,Surfs800,IMG_7872.jpg?v=1681919263&width=3023,
CUCUMBER CITRUS MASON JAR CANDLE - ORIGINAL COLLECTION,CUCUMBER CITRUS MASON JAR CANDLE - ORIGINAL COLLECTION,,"😍Cucumber citrus will remind you of that one drink you had while sprawled out on your tropical vacation. This scent carries with it such tropical qualities due to the hints of cucumber, bergamot, aloe, and grapefruit accompanied by freesia, melons, and jasmine! Cucumber citrus has the quality of making you reminisce upon your vacation! Proceed at your own risk!

🏄🏽‍♀️Surf's Up candles are all natural soy wax, no dyes, paraffin, lead, or petroleum content

💫Hand Poured in Small Batches using custom created scents

🔥Features a cotton wick to ensure a smooth, clean burn

🔹Made in the U.S.A.

Available sizes👇🏽

▪️ Jumbo: 26oz Reusable Mason Jar with an approximate 140 hour burn time
▪️ Large: 16oz Reusable Mason Jar with an approximate 80 hour burn time
▪️ Medium: 8oz Reusable Mason Jar with an approximate 60 hour burn time
▪️ Mini: 4oz Reusable Mason Jar with an approxiamate 20 hour burn time
▪️ Wax Melt: 2oz",,,,,Wax Melt,,3,$6.00,,,,,3,Surfs400,Surfs160,https://www.surfsupcandle.com/cdn/shop/products/IMG_7869.jpg?v=1681919265&width=3023,IMG_7869.jpg?v=1681919265&width=3023,,,Surfs800,IMG_7869.jpg?v=1681919265&width=3023,
SEA SALT MASON JAR CANDLE - ORIGINAL COLLECTION,SEA SALT MASON JAR CANDLE - ORIGINAL COLLECTION,,"😍You will feel like you are at the beach with Sea Salt. Enjoy the fresh scent of sea salt which blends jasmine and cream with a fruity infused hint. A best seller!

🏄🏽‍♀️Surf's Up candles are all natural soy wax, no dyes, paraffin, lead, or petroleum content

💫Hand Poured in Small Batches using custom created scents

🔥Features a cotton wick to ensure a smooth, clean burn

🔹Made in the U.S.A.

Available sizes👇🏽

▪️ Jumbo: 26oz Reusable Mason Jar with an approximate 140 hour burn time
▪️ Large: 16oz Reusable Mason Jar with an approximate 80 hour burn time
▪️ Medium: 8oz Reusable Mason Jar with an approximate 60 hour burn time
▪️ Mini: 4oz Reusable Mason Jar with an approxiamate 20 hour burn time
▪️ Wax Melt: 2oz",,,,,26 oz Jumbo,,3,$36.00,,,,,3,Surfs400,Surfs160,https://www.surfsupcandle.com/cdn/shop/products/IMG_7010.jpg?v=1679092776&width=2962,IMG_7010.jpg?v=1679092776&width=2962,,,Surfs800,IMG_7010.jpg?v=1679092776&width=2962,
SEA SALT MASON JAR CANDLE - ORIGINAL COLLECTION,SEA SALT MASON JAR CANDLE - ORIGINAL COLLECTION,,"😍You will feel like you are at the beach with Sea Salt. Enjoy the fresh scent of sea salt which blends jasmine and cream with a fruity infused hint. A best seller!

🏄🏽‍♀️Surf's Up candles are all natural soy wax, no dyes, paraffin, lead, or petroleum content

💫Hand Poured in Small Batches using custom created scents

🔥Features a cotton wick to ensure a smooth, clean burn

🔹Made in the U.S.A.

Available sizes👇🏽

▪️ Jumbo: 26oz Reusable Mason Jar with an approximate 140 hour burn time
▪️ Large: 16oz Reusable Mason Jar with an approximate 80 hour burn time
▪️ Medium: 8oz Reusable Mason Jar with an approximate 60 hour burn time
▪️ Mini: 4oz Reusable Mason Jar with an approxiamate 20 hour burn time
▪️ Wax Melt: 2oz",,,,,16 oz Large,,3,$24.00,,,,,3,Surfs400,Surfs160,https://www.surfsupcandle.com/cdn/shop/products/IMG_7009.jpg?v=1679092786&width=2962,IMG_7009.jpg?v=1679092786&width=2962,,,Surfs800,IMG_7009.jpg?v=1679092786&width=2962,
SEA SALT MASON JAR CANDLE - ORIGINAL COLLECTION,SEA SALT MASON JAR CANDLE - ORIGINAL COLLECTION,,"😍You will feel like you are at the beach with Sea Salt. Enjoy the fresh scent of sea salt which blends jasmine and cream with a fruity infused hint. A best seller!

🏄🏽‍♀️Surf's Up candles are all natural soy wax, no dyes, paraffin, lead, or petroleum content

💫Hand Poured in Small Batches using custom created scents

🔥Features a cotton wick to ensure a smooth, clean burn

🔹Made in the U.S.A.

Available sizes👇🏽

▪️ Jumbo: 26oz Reusable Mason Jar with an approximate 140 hour burn time
▪️ Large: 16oz Reusable Mason Jar with an approximate 80 hour burn time
▪️ Medium: 8oz Reusable Mason Jar with an approximate 60 hour burn time
▪️ Mini: 4oz Reusable Mason Jar with an approxiamate 20 hour burn time
▪️ Wax Melt: 2oz",,,,,8 oz Medium,,3,$18.00,,,,,3,Surfs400,Surfs160,https://www.surfsupcandle.com/cdn/shop/products/IMG_7014.jpg?v=1679092798&width=2962,IMG_7014.jpg?v=1679092798&width=2962,,,Surfs800,IMG_7014.jpg?v=1679092798&width=2962,
SEA SALT MASON JAR CANDLE - ORIGINAL COLLECTION,SEA SALT MASON JAR CANDLE - ORIGINAL COLLECTION,,"😍You will feel like you are at the beach with Sea Salt. Enjoy the fresh scent of sea salt which blends jasmine and cream with a fruity infused hint. A best seller!

🏄🏽‍♀️Surf's Up candles are all natural soy wax, no dyes, paraffin, lead, or petroleum content

💫Hand Poured in Small Batches using custom created scents

🔥Features a cotton wick to ensure a smooth, clean burn

🔹Made in the U.S.A.

Available sizes👇🏽

▪️ Jumbo: 26oz Reusable Mason Jar with an approximate 140 hour burn time
▪️ Large: 16oz Reusable Mason Jar with an approximate 80 hour burn time
▪️ Medium: 8oz Reusable Mason Jar with an approximate 60 hour burn time
▪️ Mini: 4oz Reusable Mason Jar with an approxiamate 20 hour burn time
▪️ Wax Melt: 2oz",,,,,4 oz Mini,,3,$10.00,,,,,3,Surfs400,Surfs160,https://www.surfsupcandle.com/cdn/shop/products/IMG_7013_785d217a-82a1-4013-8591-e64c6676a93c.jpg?v=1679092813&width=2714,IMG_7013_785d217a-82a1-4013-8591-e64c6676a93c.jpg?v=1679092813&width=2714,,,Surfs800,IMG_7013_785d217a-82a1-4013-8591-e64c6676a93c.jpg?v=1679092813&width=2714,
SEA SALT MASON JAR CANDLE - ORIGINAL COLLECTION,SEA SALT MASON JAR CANDLE - ORIGINAL COLLECTION,,"😍You will feel like you are at the beach with Sea Salt. Enjoy the fresh scent of sea salt which blends jasmine and cream with a fruity infused hint. A best seller!

🏄🏽‍♀️Surf's Up candles are all natural soy wax, no dyes, paraffin, lead, or petroleum content

💫Hand Poured in Small Batches using custom created scents

🔥Features a cotton wick to ensure a smooth, clean burn

🔹Made in the U.S.A.

Available sizes👇🏽

▪️ Jumbo: 26oz Reusable Mason Jar with an approximate 140 hour burn time
▪️ Large: 16oz Reusable Mason Jar with an approximate 80 hour burn time
▪️ Medium: 8oz Reusable Mason Jar with an approximate 60 hour burn time
▪️ Mini: 4oz Reusable Mason Jar with an approxiamate 20 hour burn time
▪️ Wax Melt: 2oz",,,,,Wax Melt,,3,$6.00,,,,,3,Surfs400,Surfs160,https://www.surfsupcandle.com/cdn/shop/products/IMG_7012.jpg?v=1679092828&width=2962,IMG_7012.jpg?v=1679092828&width=2962,,,Surfs800,IMG_7012.jpg?v=1679092828&width=2962,
OCEAN BREEZE MASON JAR CANDLE - ORIGINAL COLLECTION,OCEAN BREEZE MASON JAR CANDLE - ORIGINAL COLLECTION,,"😍Let this candle take you straight to the beach with fragrances consisting of essential oils with orange, citrus, seashore, and violet. A best seller!

🏄🏽‍♀️Surf's Up candles are all natural soy wax, no dyes, paraffin, lead, or petroleum content

💫Hand Poured in Small Batches using custom created scents

🔥Features a cotton wick to ensure a smooth, clean burn

🔹Made in the U.S.A.

Available sizes👇🏽

▪️ Jumbo: 26oz Reusable Mason Jar with an approximate 140 hour burn time
▪️ Large: 16oz Reusable Mason Jar with an approximate 80 hour burn time
▪️ Medium: 8oz Reusable Mason Jar with an approximate 60 hour burn time
▪️ Mini: 4oz Reusable Mason Jar with an approxiamate 20 hour burn time
▪️ Wax Melt: 2oz",,,,,26 oz Jumbo,,3,$36.00,,,,,3,Surfs400,Surfs160,https://www.surfsupcandle.com/cdn/shop/products/IMG_7016.jpg?v=1679092359&width=2962,IMG_7016.jpg?v=1679092359&width=2962,,,Surfs800,IMG_7016.jpg?v=1679092359&width=2962,
OCEAN BREEZE MASON JAR CANDLE - ORIGINAL COLLECTION,OCEAN BREEZE MASON JAR CANDLE - ORIGINAL COLLECTION,,"😍Let this candle take you straight to the beach with fragrances consisting of essential oils with orange, citrus, seashore, and violet. A best seller!

🏄🏽‍♀️Surf's Up candles are all natural soy wax, no dyes, paraffin, lead, or petroleum content

💫Hand Poured in Small Batches using custom created scents

🔥Features a cotton wick to ensure a smooth, clean burn

🔹Made in the U.S.A.

Available sizes👇🏽

▪️ Jumbo: 26oz Reusable Mason Jar with an approximate 140 hour burn time
▪️ Large: 16oz Reusable Mason Jar with an approximate 80 hour burn time
▪️ Medium: 8oz Reusable Mason Jar with an approximate 60 hour burn time
▪️ Mini: 4oz Reusable Mason Jar with an approxiamate 20 hour burn time
▪️ Wax Melt: 2oz",,,,,16 oz Large,,3,$24.00,,,,,3,Surfs400,Surfs160,https://www.surfsupcandle.com/cdn/shop/products/IMG_7006.jpg?v=1679092375&width=2962,IMG_7006.jpg?v=1679092375&width=2962,,,Surfs800,IMG_7006.jpg?v=1679092375&width=2962,
OCEAN BREEZE MASON JAR CANDLE - ORIGINAL COLLECTION,OCEAN BREEZE MASON JAR CANDLE - ORIGINAL COLLECTION,,"😍Let this candle take you straight to the beach with fragrances consisting of essential oils with orange, citrus, seashore, and violet. A best seller!

🏄🏽‍♀️Surf's Up candles are all natural soy wax, no dyes, paraffin, lead, or petroleum content

💫Hand Poured in Small Batches using custom created scents

🔥Features a cotton wick to ensure a smooth, clean burn

🔹Made in the U.S.A.

Available sizes👇🏽

▪️ Jumbo: 26oz Reusable Mason Jar with an approximate 140 hour burn time
▪️ Large: 16oz Reusable Mason Jar with an approximate 80 hour burn time
▪️ Medium: 8oz Reusable Mason Jar with an approximate 60 hour burn time
▪️ Mini: 4oz Reusable Mason Jar with an approxiamate 20 hour burn time
▪️ Wax Melt: 2oz",,,,,8 oz Medium,,3,$18.00,,,,,3,Surfs400,Surfs160,https://www.surfsupcandle.com/cdn/shop/products/IMG_7008.jpg?v=1679092395&width=2588,IMG_7008.jpg?v=1679092395&width=2588,,,Surfs800,IMG_7008.jpg?v=1679092395&width=2588,
OCEAN BREEZE MASON JAR CANDLE - ORIGINAL COLLECTION,OCEAN BREEZE MASON JAR CANDLE - ORIGINAL COLLECTION,,"😍Let this candle take you straight to the beach with fragrances consisting of essential oils with orange, citrus, seashore, and violet. A best seller!

🏄🏽‍♀️Surf's Up candles are all natural soy wax, no dyes, paraffin, lead, or petroleum content

💫Hand Poured in Small Batches using custom created scents

🔥Features a cotton wick to ensure a smooth, clean burn

🔹Made in the U.S.A.

Available sizes👇🏽

▪️ Jumbo: 26oz Reusable Mason Jar with an approximate 140 hour burn time
▪️ Large: 16oz Reusable Mason Jar with an approximate 80 hour burn time
▪️ Medium: 8oz Reusable Mason Jar with an approximate 60 hour burn time
▪️ Mini: 4oz Reusable Mason Jar with an approxiamate 20 hour burn time
▪️ Wax Melt: 2oz",,,,,4 oz Mini,,3,$10.00,,,,,3,Surfs400,Surfs160,https://www.surfsupcandle.com/cdn/shop/products/IMG_7007.jpg?v=1679092413&width=2421,IMG_7007.jpg?v=1679092413&width=2421,,,Surfs800,IMG_7007.jpg?v=1679092413&width=2421,
OCEAN BREEZE MASON JAR CANDLE - ORIGINAL COLLECTION,OCEAN BREEZE MASON JAR CANDLE - ORIGINAL COLLECTION,,"😍Let this candle take you straight to the beach with fragrances consisting of essential oils with orange, citrus, seashore, and violet. A best seller!

🏄🏽‍♀️Surf's Up candles are all natural soy wax, no dyes, paraffin, lead, or petroleum content

💫Hand Poured in Small Batches using custom created scents

🔥Features a cotton wick to ensure a smooth, clean burn

🔹Made in the U.S.A.

Available sizes👇🏽

▪️ Jumbo: 26oz Reusable Mason Jar with an approximate 140 hour burn time
▪️ Large: 16oz Reusable Mason Jar with an approximate 80 hour burn time
▪️ Medium: 8oz Reusable Mason Jar with an approximate 60 hour burn time
▪️ Mini: 4oz Reusable Mason Jar with an approxiamate 20 hour burn time
▪️ Wax Melt: 2oz",,,,,Wax Melt,,3,$6.00,,,,,3,Surfs400,Surfs160,https://www.surfsupcandle.com/cdn/shop/products/IMG_7015.jpg?v=1679092426&width=2962,IMG_7015.jpg?v=1679092426&width=2962,,,Surfs800,IMG_7015.jpg?v=1679092426&width=2962,
COCONUT LIME MASON JAR CANDLE - ORIGINAL COLLECTION,COCONUT LIME MASON JAR CANDLE - ORIGINAL COLLECTION,,"😍Our refreshing summer scent Coconut Lime is bursting with lime, orange, coconut, and vanilla. You will feel like you are living on your own tropical island. One of our best sellers!

🏄🏽‍♀️Surf's Up candles are all natural soy wax, no dyes, paraffin, lead, or petroleum content

💫Hand Poured in Small Batches using custom created scents

🔥Features a cotton wick to ensure a smooth, clean burn

🔹Made in the U.S.A.

Available sizes👇🏽

▪️ Jumbo: 26oz Reusable Mason Jar with an approximate 140 hour burn time
▪️ Large: 16oz Reusable Mason Jar with an approximate 80 hour burn time
▪️ Medium: 8oz Reusable Mason Jar with an approximate 60 hour burn time
▪️ Mini: 4oz Reusable Mason Jar with an approxiamate 20 hour burn time
▪️ Wax Melt: 2oz",,,,,26 oz Jumbo,,3,$36.00,,,,,3,Surfs400,Surfs160,https://www.surfsupcandle.com/cdn/shop/products/IMG_7036.jpg?v=1679091952&width=2962,IMG_7036.jpg?v=1679091952&width=2962,,,Surfs800,IMG_7036.jpg?v=1679091952&width=2962,
COCONUT LIME MASON JAR CANDLE - ORIGINAL COLLECTION,COCONUT LIME MASON JAR CANDLE - ORIGINAL COLLECTION,,"😍Our refreshing summer scent Coconut Lime is bursting with lime, orange, coconut, and vanilla. You will feel like you are living on your own tropical island. One of our best sellers!

🏄🏽‍♀️Surf's Up candles are all natural soy wax, no dyes, paraffin, lead, or petroleum content

💫Hand Poured in Small Batches using custom created scents

🔥Features a cotton wick to ensure a smooth, clean burn

🔹Made in the U.S.A.

Available sizes👇🏽

▪️ Jumbo: 26oz Reusable Mason Jar with an approximate 140 hour burn time
▪️ Large: 16oz Reusable Mason Jar with an approximate 80 hour burn time
▪️ Medium: 8oz Reusable Mason Jar with an approximate 60 hour burn time
▪️ Mini: 4oz Reusable Mason Jar with an approxiamate 20 hour burn time
▪️ Wax Melt: 2oz",,,,,16 oz Large,,3,$24.00,,,,,3,Surfs400,Surfs160,https://www.surfsupcandle.com/cdn/shop/products/IMG_7034_cc6b070d-1184-4f34-8f02-c8b9cb8d839c.jpg?v=1679091952&width=2962,IMG_7034_cc6b070d-1184-4f34-8f02-c8b9cb8d839c.jpg?v=1679091952&width=2962,,,Surfs800,IMG_7034_cc6b070d-1184-4f34-8f02-c8b9cb8d839c.jpg?v=1679091952&width=2962,
COCONUT LIME MASON JAR CANDLE - ORIGINAL COLLECTION,COCONUT LIME MASON JAR CANDLE - ORIGINAL COLLECTION,,"😍Our refreshing summer scent Coconut Lime is bursting with lime, orange, coconut, and vanilla. You will feel like you are living on your own tropical island. One of our best sellers!

🏄🏽‍♀️Surf's Up candles are all natural soy wax, no dyes, paraffin, lead, or petroleum content

💫Hand Poured in Small Batches using custom created scents

🔥Features a cotton wick to ensure a smooth, clean burn

🔹Made in the U.S.A.

Available sizes👇🏽

▪️ Jumbo: 26oz Reusable Mason Jar with an approximate 140 hour burn time
▪️ Large: 16oz Reusable Mason Jar with an approximate 80 hour burn time
▪️ Medium: 8oz Reusable Mason Jar with an approximate 60 hour burn time
▪️ Mini: 4oz Reusable Mason Jar with an approxiamate 20 hour burn time
▪️ Wax Melt: 2oz",,,,,8 oz Medium,,3,$18.00,,,,,3,Surfs400,Surfs160,https://www.surfsupcandle.com/cdn/shop/products/IMG_7033_05c45bae-5012-4a6f-8f9d-8ef5fa8c3c05.jpg?v=1701975187&width=2962,IMG_7033_05c45bae-5012-4a6f-8f9d-8ef5fa8c3c05.jpg?v=1701975187&width=2962,,,Surfs800,IMG_7033_05c45bae-5012-4a6f-8f9d-8ef5fa8c3c05.jpg?v=1701975187&width=2962,
COCONUT LIME MASON JAR CANDLE - ORIGINAL COLLECTION,COCONUT LIME MASON JAR CANDLE - ORIGINAL COLLECTION,,"😍Our refreshing summer scent Coconut Lime is bursting with lime, orange, coconut, and vanilla. You will feel like you are living on your own tropical island. One of our best sellers!

🏄🏽‍♀️Surf's Up candles are all natural soy wax, no dyes, paraffin, lead, or petroleum content

💫Hand Poured in Small Batches using custom created scents

🔥Features a cotton wick to ensure a smooth, clean burn

🔹Made in the U.S.A.

Available sizes👇🏽

▪️ Jumbo: 26oz Reusable Mason Jar with an approximate 140 hour burn time
▪️ Large: 16oz Reusable Mason Jar with an approximate 80 hour burn time
▪️ Medium: 8oz Reusable Mason Jar with an approximate 60 hour burn time
▪️ Mini: 4oz Reusable Mason Jar with an approxiamate 20 hour burn time
▪️ Wax Melt: 2oz",,,,,4 oz Mini,,3,$10.00,,,,,3,Surfs400,Surfs160,https://www.surfsupcandle.com/cdn/shop/products/IMG_7035_fc00380b-4a86-415e-ac90-f4f4f79e5f76.jpg?v=1701975187&width=2534,IMG_7035_fc00380b-4a86-415e-ac90-f4f4f79e5f76.jpg?v=1701975187&width=2534,,,Surfs800,IMG_7035_fc00380b-4a86-415e-ac90-f4f4f79e5f76.jpg?v=1701975187&width=2534,
COCONUT LIME MASON JAR CANDLE - ORIGINAL COLLECTION,COCONUT LIME MASON JAR CANDLE - ORIGINAL COLLECTION,,"😍Our refreshing summer scent Coconut Lime is bursting with lime, orange, coconut, and vanilla. You will feel like you are living on your own tropical island. One of our best sellers!

🏄🏽‍♀️Surf's Up candles are all natural soy wax, no dyes, paraffin, lead, or petroleum content

💫Hand Poured in Small Batches using custom created scents

🔥Features a cotton wick to ensure a smooth, clean burn

🔹Made in the U.S.A.

Available sizes👇🏽

▪️ Jumbo: 26oz Reusable Mason Jar with an approximate 140 hour burn time
▪️ Large: 16oz Reusable Mason Jar with an approximate 80 hour burn time
▪️ Medium: 8oz Reusable Mason Jar with an approximate 60 hour burn time
▪️ Mini: 4oz Reusable Mason Jar with an approxiamate 20 hour burn time
▪️ Wax Melt: 2oz",,,,,Wax Melt,,3,$6.00,,,,,3,Surfs400,Surfs160,https://www.surfsupcandle.com/cdn/shop/products/IMG_7032_ea44d7dd-5af3-48bc-a2f2-4e53a4b69972.jpg?v=1701975187&width=2962,IMG_7032_ea44d7dd-5af3-48bc-a2f2-4e53a4b69972.jpg?v=1701975187&width=2962,,,Surfs800,IMG_7032_ea44d7dd-5af3-48bc-a2f2-4e53a4b69972.jpg?v=1701975187&width=2962,
SURF WAX MASON JAR CANDLE - ORIGINAL COLLECTION,SURF WAX MASON JAR CANDLE - ORIGINAL COLLECTION,,"😍You'll love our signature scent with a pineapple base, iced lemonade, orange peel, grapefruit, raspberry, frosted coconut water, fruity musk and raw vanilla. It will have you thinking of surfing, friends, family, and of course the beach. Our best seller!

🏄🏽‍♀️Surf's Up candles are all natural soy wax, no dyes, paraffin, lead, or petroleum content

💫Hand Poured in Small Batches using custom created scents

🔥Features a cotton wick to ensure a smooth, clean burn

🔹Made in the U.S.A.

Available sizes👇🏽

▪️ Jumbo: 26oz Reusable Mason Jar with an approximate 140 hour burn time
▪️ Large: 16oz Reusable Mason Jar with an approximate 80 hour burn time
▪️ Medium: 8oz Reusable Mason Jar with an approximate 60 hour burn time
▪️ Mini: 4oz Reusable Mason Jar with an approxiamate 20 hour burn time
▪️ Wax Melt: 2oz",,,,,26 oz Jumbo,,3,$36.00,,,,,3,Surfs400,Surfs160,https://www.surfsupcandle.com/cdn/shop/files/IMG_7018.jpg?v=1701975134&width=2947,IMG_7018.jpg?v=1701975134&width=2947,,,Surfs800,IMG_7018.jpg?v=1701975134&width=2947,
SURF WAX MASON JAR CANDLE - ORIGINAL COLLECTION,SURF WAX MASON JAR CANDLE - ORIGINAL COLLECTION,,"😍You'll love our signature scent with a pineapple base, iced lemonade, orange peel, grapefruit, raspberry, frosted coconut water, fruity musk and raw vanilla. It will have you thinking of surfing, friends, family, and of course the beach. Our best seller!

🏄🏽‍♀️Surf's Up candles are all natural soy wax, no dyes, paraffin, lead, or petroleum content

💫Hand Poured in Small Batches using custom created scents

🔥Features a cotton wick to ensure a smooth, clean burn

🔹Made in the U.S.A.

Available sizes👇🏽

▪️ Jumbo: 26oz Reusable Mason Jar with an approximate 140 hour burn time
▪️ Large: 16oz Reusable Mason Jar with an approximate 80 hour burn time
▪️ Medium: 8oz Reusable Mason Jar with an approximate 60 hour burn time
▪️ Mini: 4oz Reusable Mason Jar with an approxiamate 20 hour burn time
▪️ Wax Melt: 2oz",,,,,16 oz Large,,3,$24.00,,,,,3,Surfs400,Surfs160,https://www.surfsupcandle.com/cdn/shop/files/IMG_7019_4.jpg?v=1701975134&width=2947,IMG_7019_4.jpg?v=1701975134&width=2947,,,Surfs800,IMG_7019_4.jpg?v=1701975134&width=2947,
SURF WAX MASON JAR CANDLE - ORIGINAL COLLECTION,SURF WAX MASON JAR CANDLE - ORIGINAL COLLECTION,,"😍You'll love our signature scent with a pineapple base, iced lemonade, orange peel, grapefruit, raspberry, frosted coconut water, fruity musk and raw vanilla. It will have you thinking of surfing, friends, family, and of course the beach. Our best seller!

🏄🏽‍♀️Surf's Up candles are all natural soy wax, no dyes, paraffin, lead, or petroleum content

💫Hand Poured in Small Batches using custom created scents

🔥Features a cotton wick to ensure a smooth, clean burn

🔹Made in the U.S.A.

Available sizes👇🏽

▪️ Jumbo: 26oz Reusable Mason Jar with an approximate 140 hour burn time
▪️ Large: 16oz Reusable Mason Jar with an approximate 80 hour burn time
▪️ Medium: 8oz Reusable Mason Jar with an approximate 60 hour burn time
▪️ Mini: 4oz Reusable Mason Jar with an approxiamate 20 hour burn time
▪️ Wax Melt: 2oz",,,,,8 oz Medium,,3,$18.00,,,,,3,Surfs400,Surfs160,https://www.surfsupcandle.com/cdn/shop/files/IMG_7020.jpg?v=1701975132&width=2748,IMG_7020.jpg?v=1701975132&width=2748,,,Surfs800,IMG_7020.jpg?v=1701975132&width=2748,
SURF WAX MASON JAR CANDLE - ORIGINAL COLLECTION,SURF WAX MASON JAR CANDLE - ORIGINAL COLLECTION,,"😍You'll love our signature scent with a pineapple base, iced lemonade, orange peel, grapefruit, raspberry, frosted coconut water, fruity musk and raw vanilla. It will have you thinking of surfing, friends, family, and of course the beach. Our best seller!

🏄🏽‍♀️Surf's Up candles are all natural soy wax, no dyes, paraffin, lead, or petroleum content

💫Hand Poured in Small Batches using custom created scents

🔥Features a cotton wick to ensure a smooth, clean burn

🔹Made in the U.S.A.

Available sizes👇🏽

▪️ Jumbo: 26oz Reusable Mason Jar with an approximate 140 hour burn time
▪️ Large: 16oz Reusable Mason Jar with an approximate 80 hour burn time
▪️ Medium: 8oz Reusable Mason Jar with an approximate 60 hour burn time
▪️ Mini: 4oz Reusable Mason Jar with an approxiamate 20 hour burn time
▪️ Wax Melt: 2oz",,,,,4 oz Mini,,3,$10.00,,,,,3,Surfs400,Surfs160,https://www.surfsupcandle.com/cdn/shop/files/IMG_7021.jpg?v=1701975132&width=2675,IMG_7021.jpg?v=1701975132&width=2675,,,Surfs800,IMG_7021.jpg?v=1701975132&width=2675,
SURF WAX MASON JAR CANDLE - ORIGINAL COLLECTION,SURF WAX MASON JAR CANDLE - ORIGINAL COLLECTION,,"😍You'll love our signature scent with a pineapple base, iced lemonade, orange peel, grapefruit, raspberry, frosted coconut water, fruity musk and raw vanilla. It will have you thinking of surfing, friends, family, and of course the beach. Our best seller!

🏄🏽‍♀️Surf's Up candles are all natural soy wax, no dyes, paraffin, lead, or petroleum content

💫Hand Poured in Small Batches using custom created scents

🔥Features a cotton wick to ensure a smooth, clean burn

🔹Made in the U.S.A.

Available sizes👇🏽

▪️ Jumbo: 26oz Reusable Mason Jar with an approximate 140 hour burn time
▪️ Large: 16oz Reusable Mason Jar with an approximate 80 hour burn time
▪️ Medium: 8oz Reusable Mason Jar with an approximate 60 hour burn time
▪️ Mini: 4oz Reusable Mason Jar with an approxiamate 20 hour burn time
▪️ Wax Melt: 2oz",,,,,Wax Melt,,3,$6.00,,,,,3,Surfs400,Surfs160,https://www.surfsupcandle.com/cdn/shop/files/IMG_7017.jpg?v=1701975132&width=2947,IMG_7017.jpg?v=1701975132&width=2947,,,Surfs800,IMG_7017.jpg?v=1701975132&width=2947,
MISTLETOE SANTA SLED PAINT CAN CANDLE - VINTAGE COLLECTION,MISTLETOE SANTA SLED PAINT CAN CANDLE - VINTAGE COLLECTION,,"😍The signature scent of Christmas is right here in our candle. Creating a warm atmosphere this fragrance consists of mistletoe, pine, and balsam.

🏄🏽‍♀️Surf's Up candles are all natural soy wax, no dyes, paraffin, lead, or petroleum content

💫Hand Poured in Small Batches using custom created scents

🔥Features a cotton wick to ensure a smooth, clean burn

🔹Made in the U.S.A.

Available sizes👇🏽

▪️ Pint Candles are 16oz with 80-100 hours burn time
▪️ 1/2 Pint Candles are 8oz with 40-50 hours burn time
▪️ 1/4 Pint Candles are 4oz with 20-25hours burn time",,,,,16 oz Pint,,3,$26.00,,,,,3,Surfs400,Surfs160,https://www.surfsupcandle.com/cdn/shop/files/IMG_7039_f101cebe-5999-4863-8f6a-5bb8eaf7befe.jpg?v=1688411938&width=3024,IMG_7039_f101cebe-5999-4863-8f6a-5bb8eaf7befe.jpg?v=1688411938&width=3024,,,Surfs800,IMG_7039_f101cebe-5999-4863-8f6a-5bb8eaf7befe.jpg?v=1688411938&width=3024,
MISTLETOE SANTA SLED PAINT CAN CANDLE - VINTAGE COLLECTION,MISTLETOE SANTA SLED PAINT CAN CANDLE - VINTAGE COLLECTION,,"😍The signature scent of Christmas is right here in our candle. Creating a warm atmosphere this fragrance consists of mistletoe, pine, and balsam.

🏄🏽‍♀️Surf's Up candles are all natural soy wax, no dyes, paraffin, lead, or petroleum content

💫Hand Poured in Small Batches using custom created scents

🔥Features a cotton wick to ensure a smooth, clean burn

🔹Made in the U.S.A.

Available sizes👇🏽

▪️ Pint Candles are 16oz with 80-100 hours burn time
▪️ 1/2 Pint Candles are 8oz with 40-50 hours burn time
▪️ 1/4 Pint Candles are 4oz with 20-25hours burn time",,,,,8 oz 1/2 Pint,,3,$19.00,,,,,3,Surfs400,Surfs160,https://www.surfsupcandle.com/cdn/shop/files/IMG_7037_514fc4df-9b1b-4414-a4fc-be759c7b8823.jpg?v=1688411938&width=3024,IMG_7037_514fc4df-9b1b-4414-a4fc-be759c7b8823.jpg?v=1688411938&width=3024,,,Surfs800,IMG_7037_514fc4df-9b1b-4414-a4fc-be759c7b8823.jpg?v=1688411938&width=3024,
MISTLETOE SANTA SLED PAINT CAN CANDLE - VINTAGE COLLECTION,MISTLETOE SANTA SLED PAINT CAN CANDLE - VINTAGE COLLECTION,,"😍The signature scent of Christmas is right here in our candle. Creating a warm atmosphere this fragrance consists of mistletoe, pine, and balsam.

🏄🏽‍♀️Surf's Up candles are all natural soy wax, no dyes, paraffin, lead, or petroleum content

💫Hand Poured in Small Batches using custom created scents

🔥Features a cotton wick to ensure a smooth, clean burn

🔹Made in the U.S.A.

Available sizes👇🏽

▪️ Pint Candles are 16oz with 80-100 hours burn time
▪️ 1/2 Pint Candles are 8oz with 40-50 hours burn time
▪️ 1/4 Pint Candles are 4oz with 20-25hours burn time",,,,,4 oz 1/4 Pint,,3,$12.00,,,,,3,Surfs400,Surfs160,https://www.surfsupcandle.com/cdn/shop/files/IMG_7036_62fa12a1-b73c-4690-a546-61ac8eb6ca5f.jpg?v=1688411938&width=3024,IMG_7036_62fa12a1-b73c-4690-a546-61ac8eb6ca5f.jpg?v=1688411938&width=3024,,,Surfs800,IMG_7036_62fa12a1-b73c-4690-a546-61ac8eb6ca5f.jpg?v=1688411938&width=3024,
BLUE SPRUCE PAINT CAN CANDLE - VINTAGE COLLECTION,BLUE SPRUCE PAINT CAN CANDLE - VINTAGE COLLECTION,,"😍Let the holidays take over your home with our Blue Spruce scent. This tree scent is a combination of cedarwood, pine, evergreen, with hints or spruce, cypress, and lemon.

🏄🏽‍♀️Surf's Up candles are all natural soy wax, no dyes, paraffin, lead, or petroleum content

💫Hand Poured in Small Batches using custom created scents

🔥Features a cotton wick to ensure a smooth, clean burn

🔹Made in the U.S.A.

Available sizes👇🏽

▪️ Pint Candles are 16oz with 80-100 hours burn time
▪️ 1/2 Pint Candles are 8oz with 40-50 hours burn time
▪️ 1/4 Pint Candles are 4oz with 20-25hours burn time",,,,,16 oz Pint,,3,$26.00,,,,,3,Surfs400,Surfs160,https://www.surfsupcandle.com/cdn/shop/files/IMG_9586.jpg?v=1688065103&width=3023,IMG_9586.jpg?v=1688065103&width=3023,,,Surfs800,IMG_9586.jpg?v=1688065103&width=3023,
BLUE SPRUCE PAINT CAN CANDLE - VINTAGE COLLECTION,BLUE SPRUCE PAINT CAN CANDLE - VINTAGE COLLECTION,,"😍Let the holidays take over your home with our Blue Spruce scent. This tree scent is a combination of cedarwood, pine, evergreen, with hints or spruce, cypress, and lemon.

🏄🏽‍♀️Surf's Up candles are all natural soy wax, no dyes, paraffin, lead, or petroleum content

💫Hand Poured in Small Batches using custom created scents

🔥Features a cotton wick to ensure a smooth, clean burn

🔹Made in the U.S.A.

Available sizes👇🏽

▪️ Pint Candles are 16oz with 80-100 hours burn time
▪️ 1/2 Pint Candles are 8oz with 40-50 hours burn time
▪️ 1/4 Pint Candles are 4oz with 20-25hours burn time",,,,,8 oz 1/2 Pint,,3,$19.00,,,,,3,Surfs400,Surfs160,https://www.surfsupcandle.com/cdn/shop/files/IMG_9588.jpg?v=1688065109&width=3023,IMG_9588.jpg?v=1688065109&width=3023,,,Surfs800,IMG_9588.jpg?v=1688065109&width=3023,
BLUE SPRUCE PAINT CAN CANDLE - VINTAGE COLLECTION,BLUE SPRUCE PAINT CAN CANDLE - VINTAGE COLLECTION,,"😍Let the holidays take over your home with our Blue Spruce scent. This tree scent is a combination of cedarwood, pine, evergreen, with hints or spruce, cypress, and lemon.

🏄🏽‍♀️Surf's Up candles are all natural soy wax, no dyes, paraffin, lead, or petroleum content

💫Hand Poured in Small Batches using custom created scents

🔥Features a cotton wick to ensure a smooth, clean burn

🔹Made in the U.S.A.

Available sizes👇🏽

▪️ Pint Candles are 16oz with 80-100 hours burn time
▪️ 1/2 Pint Candles are 8oz with 40-50 hours burn time
▪️ 1/4 Pint Candles are 4oz with 20-25hours burn time",,,,,4 oz 1/4 Pint,,3,$12.00,,,,,3,Surfs400,Surfs160,https://www.surfsupcandle.com/cdn/shop/files/IMG_9589.jpg?v=1688065112&width=3023,IMG_9589.jpg?v=1688065112&width=3023,,,Surfs800,IMG_9589.jpg?v=1688065112&width=3023,
SURF WAX PAINT CAN CANDLE - VINTAGE COLLECTION,SURF WAX PAINT CAN CANDLE - VINTAGE COLLECTION,,,,,,,16 oz Pint,,3,$26.00,,,,,3,Surfs400,Surfs160,https://www.surfsupcandle.com/cdn/shop/files/IMG_9409.jpg?v=1687280558&width=3023,IMG_9409.jpg?v=1687280558&width=3023,,,Surfs800,IMG_9409.jpg?v=1687280558&width=3023,
SURF WAX PAINT CAN CANDLE - VINTAGE COLLECTION,SURF WAX PAINT CAN CANDLE - VINTAGE COLLECTION,,,,,,,8 oz 1/2 Pint,,3,$19.00,,,,,3,Surfs400,Surfs160,https://www.surfsupcandle.com/cdn/shop/files/IMG_9407.jpg?v=1687280558&width=3023,IMG_9407.jpg?v=1687280558&width=3023,,,Surfs800,IMG_9407.jpg?v=1687280558&width=3023,
SURF WAX PAINT CAN CANDLE - VINTAGE COLLECTION,SURF WAX PAINT CAN CANDLE - VINTAGE COLLECTION,,,,,,,4 oz 1/4 Pint,,3,$6.95,,,,,3,Surfs400,Surfs160,https://www.surfsupcandle.com/cdn/shop/files/IMG_9408.jpg?v=1687280558&width=3023,IMG_9408.jpg?v=1687280558&width=3023,,,Surfs800,IMG_9408.jpg?v=1687280558&width=3023,
ICED LEMON BISCOTTI - PETITE PARADISE COLLECTION SIDEWALK SALE,ICED LEMON BISCOTTI - PETITE PARADISE COLLECTION SIDEWALK SALE,,,,,,,,,3,$7.95,,,,,3,Surfs400,Surfs160,https://www.surfsupcandle.com/cdn/shop/files/FullSizeRender_cfefad96-10ec-4889-83ff-e592e8beb091.jpg?v=1732211249&width=4284,FullSizeRender_cfefad96-10ec-4889-83ff-e592e8beb091.jpg?v=1732211249&width=4284,,,Surfs800,FullSizeRender_cfefad96-10ec-4889-83ff-e592e8beb091.jpg?v=1732211249&width=4284,
BRUCE SIGN,BRUCE SIGN,,,,,,,,,3,$20.00,,,,,3,Surfs400,Surfs160,No image.jpg,No image.jpg,,,Surfs800,No image.jpg,
COASTER,COASTER,,,,,,,,,3,$5.00,,,,,3,Surfs400,Surfs160,No image.jpg,No image.jpg,,,Surfs800,No image.jpg,
BUY YOUR MOM A 6 PACK - TOWEL,BUY YOUR MOM A 6 PACK - TOWEL,,,,,,,,,3,$14.00,,,,,3,Surfs400,Surfs160,https://www.surfsupcandle.com/cdn/shop/files/07D2AD04-F8E2-416E-B829-CE3B7BB93DA7.jpg?v=1727287673&width=4284,07D2AD04-F8E2-416E-B829-CE3B7BB93DA7.jpg?v=1727287673&width=4284,,,Surfs800,07D2AD04-F8E2-416E-B829-CE3B7BB93DA7.jpg?v=1727287673&width=4284,
I'LL HAVE A CAFE MOCHA - TOWEL,I'LL HAVE A CAFE MOCHA - TOWEL,,,,,,,,,3,$14.00,,,,,3,Surfs400,Surfs160,https://www.surfsupcandle.com/cdn/shop/files/99A60D4D-2864-445C-B146-5BCF0EBFD630.jpg?v=1727287794&width=4284,99A60D4D-2864-445C-B146-5BCF0EBFD630.jpg?v=1727287794&width=4284,,,Surfs800,99A60D4D-2864-445C-B146-5BCF0EBFD630.jpg?v=1727287794&width=4284,
PUMPKIN PIE SPICE VINTAGE - PETITE PARADISE COLLECTION SIDEWALK SALE,PUMPKIN PIE SPICE VINTAGE - PETITE PARADISE COLLECTION SIDEWALK SALE,,,,,,,,,3,$7.95,,,,,3,Surfs400,Surfs160,https://www.surfsupcandle.com/cdn/shop/files/FullSizeRender_04c86e03-b6f2-4ec7-bad1-963b148c30f3.jpg?v=1732211350&width=4284,FullSizeRender_04c86e03-b6f2-4ec7-bad1-963b148c30f3.jpg?v=1732211350&width=4284,,,Surfs800,FullSizeRender_04c86e03-b6f2-4ec7-bad1-963b148c30f3.jpg?v=1732211350&width=4284,
FIR AND CLOVES VINTAGE - PETITE PARADISE COLLECTION SIDEWALK SALE,FIR AND CLOVES VINTAGE - PETITE PARADISE COLLECTION SIDEWALK SALE,,,,,,,,,3,$7.95,,,,,3,Surfs400,Surfs160,https://www.surfsupcandle.com/cdn/shop/files/FullSizeRender_4b468d38-49b1-47d6-82a4-ea8a46d913ab.jpg?v=1732211373&width=4284,FullSizeRender_4b468d38-49b1-47d6-82a4-ea8a46d913ab.jpg?v=1732211373&width=4284,,,Surfs800,FullSizeRender_4b468d38-49b1-47d6-82a4-ea8a46d913ab.jpg?v=1732211373&width=4284,
SURF WAX VINTAGE - PETITE PARADISE COLLECTION SIDEWALK SALE,SURF WAX VINTAGE - PETITE PARADISE COLLECTION SIDEWALK SALE,,,,,,,,,3,$7.95,,,,,3,Surfs400,Surfs160,https://www.surfsupcandle.com/cdn/shop/files/FullSizeRender_ce5d3740-ad4e-435f-88ba-96a6288ab1d0.jpg?v=1732211327&width=4284,FullSizeRender_ce5d3740-ad4e-435f-88ba-96a6288ab1d0.jpg?v=1732211327&width=4284,,,Surfs800,FullSizeRender_ce5d3740-ad4e-435f-88ba-96a6288ab1d0.jpg?v=1732211327&width=4284,
BIRTHDAY CAKE VINTAGE - PETITE PARADISE COLLECTION SIDEWALK SALE,BIRTHDAY CAKE VINTAGE - PETITE PARADISE COLLECTION SIDEWALK SALE,,,,,,,,,3,$7.95,,,,,3,Surfs400,Surfs160,https://www.surfsupcandle.com/cdn/shop/files/FullSizeRender_5ffeb584-cbed-4a45-948a-6ccd98b765e9.jpg?v=1732211452&width=4284,FullSizeRender_5ffeb584-cbed-4a45-948a-6ccd98b765e9.jpg?v=1732211452&width=4284,,,Surfs800,FullSizeRender_5ffeb584-cbed-4a45-948a-6ccd98b765e9.jpg?v=1732211452&width=4284,
CARAMEL PUMPKIN LATTE VINTAGE - PETITE PARADISE SIDEWALK SALE,CARAMEL PUMPKIN LATTE VINTAGE - PETITE PARADISE SIDEWALK SALE,,,,,,,,,3,$7.95,,,,,3,Surfs400,Surfs160,https://www.surfsupcandle.com/cdn/shop/files/FullSizeRender_a3edc9e5-39c9-47da-a5bc-a6817e7b9b39.jpg?v=1732211600&width=4284,FullSizeRender_a3edc9e5-39c9-47da-a5bc-a6817e7b9b39.jpg?v=1732211600&width=4284,,,Surfs800,FullSizeRender_a3edc9e5-39c9-47da-a5bc-a6817e7b9b39.jpg?v=1732211600&width=4284,
BEACH BUM VINTAGE - PETITE PARADISE COLLECTION SIDEWALK SALE,BEACH BUM VINTAGE - PETITE PARADISE COLLECTION SIDEWALK SALE,,,,,,,,,3,$7.95,,,,,3,Surfs400,Surfs160,https://www.surfsupcandle.com/cdn/shop/files/FullSizeRender_f2cd8be7-1707-49b8-b562-d75a3269103c.jpg?v=1732211303&width=4284,FullSizeRender_f2cd8be7-1707-49b8-b562-d75a3269103c.jpg?v=1732211303&width=4284,,,Surfs800,FullSizeRender_f2cd8be7-1707-49b8-b562-d75a3269103c.jpg?v=1732211303&width=4284,
SIDEWALK SALE ROASTED CHESTNUTS PAINT CAN CANDLE - CHRISTMAS COLLECTION,SIDEWALK SALE ROASTED CHESTNUTS PAINT CAN CANDLE - CHRISTMAS COLLECTION,,,,,,,,,3,$7.00,,,,,3,Surfs400,Surfs160,https://www.surfsupcandle.com/cdn/shop/files/IMG_7236.jpg?v=1688568651&width=3024,IMG_7236.jpg?v=1688568651&width=3024,,,Surfs800,IMG_7236.jpg?v=1688568651&width=3024,
SIDEWALK SALE INDIAN SUMMER PAINT CAN CANDLE- VINTAGE COLLECTION,SIDEWALK SALE INDIAN SUMMER PAINT CAN CANDLE- VINTAGE COLLECTION,,,,,,,,,3,$7.00,,,,,3,Surfs400,Surfs160,https://www.surfsupcandle.com/cdn/shop/files/IMG_9606.jpg?v=1688402493&width=3023,IMG_9606.jpg?v=1688402493&width=3023,,,Surfs800,IMG_9606.jpg?v=1688402493&width=3023,
SIDE WALK SALE 24 HUMOR COLLECTION - A LITTLE CRAZY - SUNKISSED,SIDE WALK SALE 24 HUMOR COLLECTION - A LITTLE CRAZY - SUNKISSED,,,,,,,,,3,$9.00,,,,,3,Surfs400,Surfs160,https://www.surfsupcandle.com/cdn/shop/files/20210909_105206_8edd1353-1ee4-4e8d-bd90-5e47234d15bb.jpg?v=1708106603&width=2129,20210909_105206_8edd1353-1ee4-4e8d-bd90-5e47234d15bb.jpg?v=1708106603&width=2129,,,Surfs800,20210909_105206_8edd1353-1ee4-4e8d-bd90-5e47234d15bb.jpg?v=1708106603&width=2129,
SIDE WALK SALE HUMOR 8OZ TUMBLER - MY LOVE IS LIKE A CANDLE - COCONUT LIME,SIDE WALK SALE HUMOR 8OZ TUMBLER - MY LOVE IS LIKE A CANDLE - COCONUT LIME,,,,,,,,,3,$9.00,,,,,3,Surfs400,Surfs160,https://www.surfsupcandle.com/cdn/shop/files/20210909_105232_6edc30d3-cc68-4948-803f-2f46c293691e.jpg?v=1708106514&width=2279,20210909_105232_6edc30d3-cc68-4948-803f-2f46c293691e.jpg?v=1708106514&width=2279,,,Surfs800,20210909_105232_6edc30d3-cc68-4948-803f-2f46c293691e.jpg?v=1708106514&width=2279,
SIDE WALK SALE 24 LOVE ENDLESS SUMMER MASON JAR CANDLE - VALENTINE'S DAY COLLECTION,SIDE WALK SALE 24 LOVE ENDLESS SUMMER MASON JAR CANDLE - VALENTINE'S DAY COLLECTION,,,,,,,,,3,$14.00,,,,,3,Surfs400,Surfs160,https://www.surfsupcandle.com/cdn/shop/files/IMG_5579_7b58c8a1-4a6a-476b-88ad-88a8a957aa38.jpg?v=1708100129&width=3024,IMG_5579_7b58c8a1-4a6a-476b-88ad-88a8a957aa38.jpg?v=1708100129&width=3024,,,Surfs800,IMG_5579_7b58c8a1-4a6a-476b-88ad-88a8a957aa38.jpg?v=1708100129&width=3024,
SIDEWALK SALE 24 SHARE THE LOVE SURF WAX MASON JAR CANDLE - VALENTINE COLLECTION,SIDEWALK SALE 24 SHARE THE LOVE SURF WAX MASON JAR CANDLE - VALENTINE COLLECTION,,,,,,,16oz Large,,3,$14.00,,,,,3,Surfs400,Surfs160,https://www.surfsupcandle.com/cdn/shop/files/IMG_5645_99952c05-ff63-4726-a715-5e295e1af19c.jpg?v=1708099522&width=3024,IMG_5645_99952c05-ff63-4726-a715-5e295e1af19c.jpg?v=1708099522&width=3024,,,Surfs800,IMG_5645_99952c05-ff63-4726-a715-5e295e1af19c.jpg?v=1708099522&width=3024,
SIDEWALK SALE 24 SHARE THE LOVE SURF WAX MASON JAR CANDLE - VALENTINE COLLECTION,SIDEWALK SALE 24 SHARE THE LOVE SURF WAX MASON JAR CANDLE - VALENTINE COLLECTION,,,,,,,8oz Medium,,3,$10.00,,,,,3,Surfs400,Surfs160,https://www.surfsupcandle.com/cdn/shop/files/IMG_5647_e863b750-7e30-46f3-90ff-21b81cb5b022.jpg?v=1708099522&width=3024,IMG_5647_e863b750-7e30-46f3-90ff-21b81cb5b022.jpg?v=1708099522&width=3024,,,Surfs800,IMG_5647_e863b750-7e30-46f3-90ff-21b81cb5b022.jpg?v=1708099522&width=3024,
I CAN ONLY PLEASE ONE PERSON - TOWEL,I CAN ONLY PLEASE ONE PERSON - TOWEL,,,,,,,,,3,$14.00,,,,,3,Surfs400,Surfs160,https://www.surfsupcandle.com/cdn/shop/files/2D7CA9AD-CAB2-46EA-9092-3DDC52BB5020.jpg?v=1727284223&width=4284,2D7CA9AD-CAB2-46EA-9092-3DDC52BB5020.jpg?v=1727284223&width=4284,,,Surfs800,2D7CA9AD-CAB2-46EA-9092-3DDC52BB5020.jpg?v=1727284223&width=4284,
I CAN ONLY PLEASE ONE PERSON PER DAY… TEA TOWEL*,I CAN ONLY PLEASE ONE PERSON PER DAY… TEA TOWEL*,,,,,,,,,3,$12.00,,,,,3,Surfs400,Surfs160,https://www.surfsupcandle.com/cdn/shop/products/26ce4b4fdc1dfabf5514aa4ba7318f32fbf71022ce6fef28907690f66408dbbb_247c9218-dbc0-47fa-8bd4-364fe78f2997.jpg?v=1634756975&width=1825,26ce4b4fdc1dfabf5514aa4ba7318f32fbf71022ce6fef28907690f66408dbbb_247c9218-dbc0-47fa-8bd4-364fe78f2997.jpg?v=1634756975&width=1825,,,Surfs800,26ce4b4fdc1dfabf5514aa4ba7318f32fbf71022ce6fef28907690f66408dbbb_247c9218-dbc0-47fa-8bd4-364fe78f2997.jpg?v=1634756975&width=1825,
"GOING TO BED EARLY, NOT LEAVING MY HOUSE... TEA TOWEL*","GOING TO BED EARLY, NOT LEAVING MY HOUSE... TEA TOWEL*",,,,,,,,,3,$12.00,,,,,3,Surfs400,Surfs160,https://www.surfsupcandle.com/cdn/shop/products/4593c16b5076661146e6653d8cd548439bf14d22ccd838f566c3255cf72d5f4c.jpg?v=1634756700&width=1825,4593c16b5076661146e6653d8cd548439bf14d22ccd838f566c3255cf72d5f4c.jpg?v=1634756700&width=1825,,,Surfs800,4593c16b5076661146e6653d8cd548439bf14d22ccd838f566c3255cf72d5f4c.jpg?v=1634756700&width=1825,
SIDEWALK SALE INSPIRATIONAL CANDLES - SURROUND YOURSELF - LAVENDER,SIDEWALK SALE INSPIRATIONAL CANDLES - SURROUND YOURSELF - LAVENDER,,,,,,,,,3,$9.00,,,,,3,Surfs400,Surfs160,https://www.surfsupcandle.com/cdn/shop/products/20210920_121424.jpg?v=1632155369&width=2080,20210920_121424.jpg?v=1632155369&width=2080,,,Surfs800,20210920_121424.jpg?v=1632155369&width=2080,
ITS NOT DRINKING ALONE - TOWEL,ITS NOT DRINKING ALONE - TOWEL,,,,,,,,,3,$14.00,,,,,3,Surfs400,Surfs160,https://www.surfsupcandle.com/cdn/shop/files/131AFE1B-97EE-4C7F-94DD-F3319E1F31BB.jpg?v=1727284432&width=4284,131AFE1B-97EE-4C7F-94DD-F3319E1F31BB.jpg?v=1727284432&width=4284,,,Surfs800,131AFE1B-97EE-4C7F-94DD-F3319E1F31BB.jpg?v=1727284432&width=4284,
AROUND HERE - TOWEL,AROUND HERE - TOWEL,,,,,,,,,3,$14.00,,,,,3,Surfs400,Surfs160,https://www.surfsupcandle.com/cdn/shop/files/0DA96FC2-8D10-4B4F-878F-2525475BF44D.jpg?v=1727283982&width=4284,0DA96FC2-8D10-4B4F-878F-2525475BF44D.jpg?v=1727283982&width=4284,,,Surfs800,0DA96FC2-8D10-4B4F-878F-2525475BF44D.jpg?v=1727283982&width=4284,
BOGG BAG,BOGG BAG,,,,,,,,,3,$89.99,,,,,3,Surfs400,Surfs160,https://www.surfsupcandle.com/cdn/shop/products/Screenshot_90.png?v=1661432483&width=866,Screenshot_90.png?v=1661432483&width=866,,,Surfs800,Screenshot_90.png?v=1661432483&width=866,
BEACH TOWELS L THROW BLANKETS - BROWN | BLUE | GRAY #104,BEACH TOWELS L THROW BLANKETS - BROWN | BLUE | GRAY #104,,,,,,,,,3,$32.99,,,,,3,Surfs400,Surfs160,https://www.surfsupcandle.com/cdn/shop/products/IMG_5295.jpg?v=1616182905&width=960,IMG_5295.jpg?v=1616182905&width=960,,,Surfs800,IMG_5295.jpg?v=1616182905&width=960,
BEACH TOWELS L THROW BLANKETS - PINK | YELLOW | BLUE #98,BEACH TOWELS L THROW BLANKETS - PINK | YELLOW | BLUE #98,,,,,,,,,3,$32.99,,,,,3,Surfs400,Surfs160,https://www.surfsupcandle.com/cdn/shop/products/IMG_5289_80114b5b-0a3d-4b51-af46-7f8a5188ab4e.jpg?v=1616178590&width=960,IMG_5289_80114b5b-0a3d-4b51-af46-7f8a5188ab4e.jpg?v=1616178590&width=960,,,Surfs800,IMG_5289_80114b5b-0a3d-4b51-af46-7f8a5188ab4e.jpg?v=1616178590&width=960,
BEACH TOWELS L THROW BLANKETS - BLUE | BROWN | YELLOW #95,BEACH TOWELS L THROW BLANKETS - BLUE | BROWN | YELLOW #95,,,,,,,,,3,$32.99,,,,,3,Surfs400,Surfs160,https://www.surfsupcandle.com/cdn/shop/products/IMG_5282.jpg?v=1616177301&width=960,IMG_5282.jpg?v=1616177301&width=960,,,Surfs800,IMG_5282.jpg?v=1616177301&width=960,
BEACH TOWELS L THROW BLANKETS - GRAY | YELLOW | BLUE | PINK #94,BEACH TOWELS L THROW BLANKETS - GRAY | YELLOW | BLUE | PINK #94,,,,,,,,,3,$32.99,,,,,3,Surfs400,Surfs160,https://www.surfsupcandle.com/cdn/shop/products/IMG_5281.jpg?v=1616177265&width=1512,IMG_5281.jpg?v=1616177265&width=1512,,,Surfs800,IMG_5281.jpg?v=1616177265&width=1512,
UNITED STATES - NAVY,UNITED STATES - NAVY,,,,,,,,,3,$16.00,,,,,3,Surfs400,Surfs160,https://www.surfsupcandle.com/cdn/shop/products/IMG_0813.jpg?v=1611249488&width=2602,IMG_0813.jpg?v=1611249488&width=2602,,,Surfs800,IMG_0813.jpg?v=1611249488&width=2602,
BEACH TOWELS L THROW BLANKETS - YELLOW | GREEN | GRAY #72,BEACH TOWELS L THROW BLANKETS - YELLOW | GREEN | GRAY #72,,,,,,,,,3,$32.99,,,,,3,Surfs400,Surfs160,https://www.surfsupcandle.com/cdn/shop/products/IMG_2455.jpg?v=1608323647&width=1512,IMG_2455.jpg?v=1608323647&width=1512,,,Surfs800,IMG_2455.jpg?v=1608323647&width=1512,
BEACH TOWELS L THROW BLANKETS - BLUE | BLACK #55,BEACH TOWELS L THROW BLANKETS - BLUE | BLACK #55,,,,,,,,,3,$32.99,,,,,3,Surfs400,Surfs160,https://www.surfsupcandle.com/cdn/shop/products/Screenshot_212_721be4f0-5ea4-4f59-9f17-193f5f12cb5b.png?v=1664712292&width=620,Screenshot_212_721be4f0-5ea4-4f59-9f17-193f5f12cb5b.png?v=1664712292&width=620,,,Surfs800,Screenshot_212_721be4f0-5ea4-4f59-9f17-193f5f12cb5b.png?v=1664712292&width=620,
BEACH TOWELS L THROW BLANKETS - PURPLE | BROWN | BLUE #54,BEACH TOWELS L THROW BLANKETS - PURPLE | BROWN | BLUE #54,,,,,,,,,3,$32.99,,,,,3,Surfs400,Surfs160,https://www.surfsupcandle.com/cdn/shop/products/Screenshot_210.png?v=1664712192&width=491,Screenshot_210.png?v=1664712192&width=491,,,Surfs800,Screenshot_210.png?v=1664712192&width=491,
BEACH TOWELS L THROW BLANKETS - BROWN | GREEN | PURPLE #32,BEACH TOWELS L THROW BLANKETS - BROWN | GREEN | PURPLE #32,,,,,,,,,3,$32.99,,,,,3,Surfs400,Surfs160,https://www.surfsupcandle.com/cdn/shop/products/IMG_9507.jpg?v=1590080917&width=1068,IMG_9507.jpg?v=1590080917&width=1068,,,Surfs800,IMG_9507.jpg?v=1590080917&width=1068,
BEACH TOWELS L THROW BLANKETS #25,BEACH TOWELS L THROW BLANKETS #25,,,,,,,,,3,$32.99,,,,,3,Surfs400,Surfs160,https://www.surfsupcandle.com/cdn/shop/products/IMG_9498.jpg?v=1590000769&width=1512,IMG_9498.jpg?v=1590000769&width=1512,,,Surfs800,IMG_9498.jpg?v=1590000769&width=1512,
BEACH TOWELS L THROW BLANKETS #23,BEACH TOWELS L THROW BLANKETS #23,,,,,,,,,3,$32.99,,,,,3,Surfs400,Surfs160,https://www.surfsupcandle.com/cdn/shop/products/Screenshot_213.png?v=1664713173&width=561,Screenshot_213.png?v=1664713173&width=561,,,Surfs800,Screenshot_213.png?v=1664713173&width=561,
BEACH TOWELS L THROW BLANKETS #19,BEACH TOWELS L THROW BLANKETS #19,,,,,,,,,3,$32.99,,,,,3,Surfs400,Surfs160,https://www.surfsupcandle.com/cdn/shop/products/Screenshot_319.png?v=1664563167&width=453,Screenshot_319.png?v=1664563167&width=453,,,Surfs800,Screenshot_319.png?v=1664563167&width=453,
BEACH TOWELS L THROW BLANKETS #160,BEACH TOWELS L THROW BLANKETS #160,,,,,,,,,3,$32.99,,,,,3,Surfs400,Surfs160,https://www.surfsupcandle.com/cdn/shop/products/Screenshot_207.png?v=1664710709&width=617,Screenshot_207.png?v=1664710709&width=617,,,Surfs800,Screenshot_207.png?v=1664710709&width=617,
BEACH TOWELS L THROW BLANKETS #14,BEACH TOWELS L THROW BLANKETS #14,,,,,,,,,3,$32.99,,,,,3,Surfs400,Surfs160,https://www.surfsupcandle.com/cdn/shop/products/Screenshot_205.png?v=1664710141&width=598,Screenshot_205.png?v=1664710141&width=598,,,Surfs800,Screenshot_205.png?v=1664710141&width=598,
BEACH TOWELS L THROW BLANKETS #13,BEACH TOWELS L THROW BLANKETS #13,,,,,,,,,3,$32.99,,,,,3,Surfs400,Surfs160,https://www.surfsupcandle.com/cdn/shop/products/Screenshot_204_23de478c-c77d-4d98-9cbf-4955b9cf4041.png?v=1664709971&width=617,Screenshot_204_23de478c-c77d-4d98-9cbf-4955b9cf4041.png?v=1664709971&width=617,,,Surfs800,Screenshot_204_23de478c-c77d-4d98-9cbf-4955b9cf4041.png?v=1664709971&width=617,
BEACH TOWELS L THROW BLANKETS #2,BEACH TOWELS L THROW BLANKETS #2,,,,,,,,,3,$32.99,,,,,3,Surfs400,Surfs160,https://www.surfsupcandle.com/cdn/shop/products/Screenshot_312.png?v=1664560908&width=441,Screenshot_312.png?v=1664560908&width=441,,,Surfs800,Screenshot_312.png?v=1664560908&width=441,
BEACH TOWELS L THROW BLANKETS #16,BEACH TOWELS L THROW BLANKETS #16,,,,,,,,,3,$32.99,,,,,3,Surfs400,Surfs160,https://www.surfsupcandle.com/cdn/shop/products/IMG_3080.jpg?v=1664712906&width=483,IMG_3080.jpg?v=1664712906&width=483,,,Surfs800,IMG_3080.jpg?v=1664712906&width=483,
BEACH TOWELS L THROW BLANKETS #12,BEACH TOWELS L THROW BLANKETS #12,,,,,,,,,3,$32.99,,,,,3,Surfs400,Surfs160,https://www.surfsupcandle.com/cdn/shop/products/Screenshot_318.png?v=1664562888&width=379,Screenshot_318.png?v=1664562888&width=379,,,Surfs800,Screenshot_318.png?v=1664562888&width=379,
