Open Bottom Whitewashed Woven Lantern,25BAF129,,,Out of Stock,,,,,,2,24.99,6,22.99,12,19.99,2,WingTai400,WingTai160,https://wingtai.solovue.com/images/products/list/desktop/25BAF129.JPG,25BAF129.JPG,,,WingTai800,25BAF129.JPG
Open Top Rattan-Style Lantern,25BAF130,,,Out of Stock,,,,,,2,29.99,6,26.99,12,24.99,2,WingTai400,WingTai160,https://wingtai.solovue.com/images/products/list/desktop/25BAF130.JPG,25BAF130.JPG,,,WingTai800,25BAF130.JPG
Leather Folding Stool,25CXI500,,,In Stock,,,,,,2,79.99,4,69.99,8,62.99,2,WingTai400,WingTai160,https://wingtai.solovue.com/images/products/list/desktop/25CXI500.JPG,25CXI500.JPG,,,WingTai800,25CXI500.JPG
Blue Scooter Stool,25CXI506-BL,,,Out of Stock,,,,,,1,369.99,2,339.99,3,299.99,1,WingTai400,WingTai160,https://wingtai.solovue.com/images/products/list/desktop/25CXI506-BL.JPG,25CXI506-BL.JPG,,,WingTai800,25CXI506-BL.JPG
Pink Scooter Stool,25CXI506-PK,,,Out of Stock,,,,,,1,369.99,2,339.99,3,299.99,1,WingTai400,WingTai160,https://wingtai.solovue.com/images/products/list/desktop/25CXI506-PK.JPG,25CXI506-PK.JPG,,,WingTai800,25CXI506-PK.JPG
Kingman Stool,25CXI519,,,In Stock,,,,,,1,129.99,2,114.99,4,99.99,1,WingTai400,WingTai160,https://wingtai.solovue.com/images/products/list/desktop/25CXI519.JPG,25CXI519.JPG,,,WingTai800,25CXI519.JPG
Santa Monica Chair,25CXI521,,,Out of Stock,,,,,,1,119.99,2,99.99,4,89.99,1,WingTai400,WingTai160,https://wingtai.solovue.com/images/products/list/desktop/25CXI521.JPG,25CXI521.JPG,,,WingTai800,25CXI521.JPG
Soho Pouf,25CXI522,,,In Stock,,,,,,1,99.99,2,89.99,4,79.99,1,WingTai400,WingTai160,https://wingtai.solovue.com/images/products/list/desktop/25CXI522.JPG,25CXI522.JPG,,,WingTai800,25CXI522.JPG
Bleeker Chair,25CXI523,,,In Stock,,,,,,1,199.99,2,179.99,4,164.99,1,WingTai400,WingTai160,https://wingtai.solovue.com/images/products/list/desktop/25CXI523.JPG,25CXI523.JPG,,,WingTai800,25CXI523.JPG
Pilot's Chair,25CXI545,,,In Stock,,,,,,1,469.99,2,419.99,4,379.99,1,WingTai400,WingTai160,https://wingtai.solovue.com/images/products/list/desktop/25CXI545.JPG,25CXI545.JPG,,,WingTai800,25CXI545.JPG
Keystone Chair,25CXI548,,,Out of Stock,,,,,,1,439.99,2,399.99,4,359.99,1,WingTai400,WingTai160,https://wingtai.solovue.com/images/products/list/desktop/25CXI548.JPG,25CXI548.JPG,,,WingTai800,25CXI548.JPG
Wichita Stool,25CXI549,,,In Stock,,,,,,1,119.99,2,99.99,4,89.99,1,WingTai400,WingTai160,https://wingtai.solovue.com/images/products/list/desktop/25CXI549.JPG,25CXI549.JPG,,,WingTai800,25CXI549.JPG
Lenox Chair,25CXI559,,,Out of Stock,,,,,,1,249.99,2,214.99,4,199.99,1,WingTai400,WingTai160,https://wingtai.solovue.com/images/products/list/desktop/25CXI559.JPG,25CXI559.JPG,,,WingTai800,25CXI559.JPG
Tucson Short Runner,25DXI512-32,,,In Stock,,,,,,4,14.99,20,12.99,40,11.99,4,WingTai400,WingTai160,https://wingtai.solovue.com/images/products/list/desktop/25DXI512-32.JPG,25DXI512-32.JPG,,,WingTai800,25DXI512-32.JPG
Tucson Long Runner,25DXI512-56,,,In Stock,,,,,,3,24.99,15,21.99,30,19.99,3,WingTai400,WingTai160,https://wingtai.solovue.com/images/products/list/desktop/25DXI512-56.JPG,25DXI512-56.JPG,,,WingTai800,25DXI512-56.JPG
Tucson Mug Mat,25DXI512-6,,,In Stock,,,,,,8,1.95,56,1.75,112,1.65,8,WingTai400,WingTai160,https://wingtai.solovue.com/images/products/list/desktop/25DXI512-6.JPG,25DXI512-6.JPG,,,WingTai800,25DXI512-6.JPG
Sedona Short Runner,25DXI513-32,,,Out of Stock,,,,,,4,14.99,20,12.99,40,11.99,4,WingTai400,WingTai160,https://wingtai.solovue.com/images/products/list/desktop/25DXI513-32.JPG,25DXI513-32.JPG,,,WingTai800,25DXI513-32.JPG
Sedona Long Runner,25DXI513-56,,,Out of Stock,,,,,,3,24.99,15,21.99,30,19.99,3,WingTai400,WingTai160,https://wingtai.solovue.com/images/products/list/desktop/25DXI513-56.JPG,25DXI513-56.JPG,,,WingTai800,25DXI513-56.JPG
Sedona Mug Mat,25DXI513-6,,,Out of Stock,,,,,,8,1.95,56,1.75,112,1.65,8,WingTai400,WingTai160,https://wingtai.solovue.com/images/products/list/desktop/25DXI513-6.JPG,25DXI513-6.JPG,,,WingTai800,25DXI513-6.JPG
Taos Short Runner,25DXI514-32,,,In Stock,,,,,,4,14.99,20,12.99,40,11.99,4,WingTai400,WingTai160,https://wingtai.solovue.com/images/products/list/desktop/25DXI514-32.JPG,25DXI514-32.JPG,,,WingTai800,25DXI514-32.JPG
Taos Long Runner,25DXI514-56,,,In Stock,,,,,,3,24.99,15,21.99,30,19.99,3,WingTai400,WingTai160,https://wingtai.solovue.com/images/products/list/desktop/25DXI514-56.JPG,25DXI514-56.JPG,,,WingTai800,25DXI514-56.JPG
Taos Mug Mat,25DXI514-6,,,In Stock,,,,,,8,1.95,56,1.75,112,1.65,8,WingTai400,WingTai160,https://wingtai.solovue.com/images/products/list/desktop/25DXI514-6.JPG,25DXI514-6.JPG,,,WingTai800,25DXI514-6.JPG
Santa Fe Short Runner,25DXI515-32,,,Out of Stock,,,,,,4,14.99,20,12.99,40,11.99,4,WingTai400,WingTai160,https://wingtai.solovue.com/images/products/list/desktop/25DXI515-32.JPG,25DXI515-32.JPG,,,WingTai800,25DXI515-32.JPG
Santa Fe Long Runner,25DXI515-56,,,Out of Stock,,,,,,3,24.99,15,21.99,30,19.99,3,WingTai400,WingTai160,https://wingtai.solovue.com/images/products/list/desktop/25DXI515-56.JPG,25DXI515-56.JPG,,,WingTai800,25DXI515-56.JPG
Santa Fe Mug Mat,25DXI515-6,,,Out of Stock,,,,,,8,1.95,56,1.75,112,1.65,8,WingTai400,WingTai160,https://wingtai.solovue.com/images/products/list/desktop/25DXI515-6.JPG,25DXI515-6.JPG,,,WingTai800,25DXI515-6.JPG
Yuma Short Runner,25DXI516-32,,,Out of Stock,,,,,,4,14.99,20,12.99,40,11.99,4,WingTai400,WingTai160,https://wingtai.solovue.com/images/products/list/desktop/25DXI516-32.JPG,25DXI516-32.JPG,,,WingTai800,25DXI516-32.JPG
Yuma Long Runner,25DXI516-56,,,Out of Stock,,,,,,3,24.99,15,21.99,30,19.99,3,WingTai400,WingTai160,https://wingtai.solovue.com/images/products/list/desktop/25DXI516-56.JPG,25DXI516-56.JPG,,,WingTai800,25DXI516-56.JPG
Yuma Mug Mat,25DXI516-6,,,Out of Stock,,,,,,8,1.95,56,1.75,112,1.65,8,WingTai400,WingTai160,https://wingtai.solovue.com/images/products/list/desktop/25DXI516-6.JPG,25DXI516-6.JPG,,,WingTai800,25DXI516-6.JPG
Albuquerque Short Runner,25DXI517-32,,,Out of Stock,,,,,,4,14.99,20,12.99,40,11.99,4,WingTai400,WingTai160,https://wingtai.solovue.com/images/products/list/desktop/25DXI517-32.JPG,25DXI517-32.JPG,,,WingTai800,25DXI517-32.JPG
Albuquerque Long Runner,25DXI517-56,,,Out of Stock,,,,,,3,24.99,15,21.99,30,19.99,3,WingTai400,WingTai160,https://wingtai.solovue.com/images/products/list/desktop/25DXI517-56.JPG,25DXI517-56.JPG,,,WingTai800,25DXI517-56.JPG
Albuquerque Mug Mat,25DXI517-6,,,Out of Stock,,,,,,8,1.95,56,1.75,112,1.65,8,WingTai400,WingTai160,https://wingtai.solovue.com/images/products/list/desktop/25DXI517-6.JPG,25DXI517-6.JPG,,,WingTai800,25DXI517-6.JPG
Phoenix Short Runner,25DXI518-32,,,Out of Stock,,,,,,4,14.99,20,12.99,40,11.99,4,WingTai400,WingTai160,https://wingtai.solovue.com/images/products/list/desktop/25DXI518-32.JPG,25DXI518-32.JPG,,,WingTai800,25DXI518-32.JPG
Phoenix Long Runner,25DXI518-56,,,Out of Stock,,,,,,3,24.99,15,21.99,30,19.99,3,WingTai400,WingTai160,https://wingtai.solovue.com/images/products/list/desktop/25DXI518-56.JPG,25DXI518-56.JPG,,,WingTai800,25DXI518-56.JPG
Phoenix Mug Mat,25DXI518-6,,,Out of Stock,,,,,,8,1.95,56,1.75,112,1.65,8,WingTai400,WingTai160,https://wingtai.solovue.com/images/products/list/desktop/25DXI518-6.JPG,25DXI518-6.JPG,,,WingTai800,25DXI518-6.JPG
Cape Henry Pillow,25DXI587,,,Out of Stock,,,,,,5,14.99,15,13.99,30,12.99,5,WingTai400,WingTai160,https://wingtai.solovue.com/images/products/list/desktop/25DXI587.JPG,25DXI587.JPG,,,WingTai800,25DXI587.JPG
Hatteras Pillow,25DXI588,,,Out of Stock,,,,,,5,14.99,15,13.99,30,12.99,5,WingTai400,WingTai160,https://wingtai.solovue.com/images/products/list/desktop/25DXI588.JPG,25DXI588.JPG,,,WingTai800,25DXI588.JPG
Knotts Island Pillow,25DXI589,,,Out of Stock,,,,,,5,14.99,15,13.99,30,12.99,5,WingTai400,WingTai160,https://wingtai.solovue.com/images/products/list/desktop/25DXI589.JPG,25DXI589.JPG,,,WingTai800,25DXI589.JPG
Chesapeake Pillow,25DXI590,,,Out of Stock,,,,,,5,14.99,15,13.99,30,12.99,5,WingTai400,WingTai160,https://wingtai.solovue.com/images/products/list/desktop/25DXI590.JPG,25DXI590.JPG,,,WingTai800,25DXI590.JPG
Ocracoke Pillow,25DXI591,,,Out of Stock,,,,,,5,14.99,15,13.99,30,12.99,5,WingTai400,WingTai160,https://wingtai.solovue.com/images/products/list/desktop/25DXI591.JPG,25DXI591.JPG,,,WingTai800,25DXI591.JPG
Twiggy Wreath,25FAD212,,,Out of Stock,,,,,,2,39.99,4,34.99,6,31.99,2,WingTai400,WingTai160,https://wingtai.solovue.com/images/products/list/desktop/25FAD212.JPG,25FAD212.JPG,,,WingTai800,25FAD212.JPG
Twiggy Pick,25FAD213,,,Out of Stock,,,,,,12,5.99,48,5.29,96,4.89,12,WingTai400,WingTai160,https://wingtai.solovue.com/images/products/list/desktop/25FAD213.JPG,25FAD213.JPG,,,WingTai800,25FAD213.JPG
Frosted Pine/Red Berry Wreath,25FXD209,,,In Stock,,,,,,2,34.99,4,29.99,8,27.99,2,WingTai400,WingTai160,https://wingtai.solovue.com/images/products/list/desktop/25FXD209.JPG,25FXD209.JPG,,,WingTai800,25FXD209.JPG
Frosted Pine/Red Berry Pick,25FXD210,,,In Stock,,,,,,12,2.99,48,2.59,96,2.39,12,WingTai400,WingTai160,https://wingtai.solovue.com/images/products/list/desktop/25FXD210.JPG,25FXD210.JPG,,,WingTai800,25FXD210.JPG
Cranberry Pick,25FXD211,,,In Stock,,,,,,12,2.99,60,2.59,120,2.39,12,WingTai400,WingTai160,https://wingtai.solovue.com/images/products/list/desktop/25FXD211.JPG,25FXD211.JPG,,,WingTai800,25FXD211.JPG
Golden Wispy Garland,25FXD215,,,In Stock,,,,,,6,8.49,30,8.49,60,8.49,6,WingTai400,WingTai160,https://wingtai.solovue.com/images/products/list/desktop/25FXD215.JPG,25FXD215.JPG,,,WingTai800,25FXD215.JPG
Fir/Cone Dripping Garland,25FXQ678-DG,,,In Stock,,,,,,4,14.99,12,12.99,24,11.99,4,WingTai400,WingTai160,https://wingtai.solovue.com/images/products/list/desktop/25FXQ678-DG.JPG,25FXQ678-DG.JPG,,,WingTai800,25FXQ678-DG.JPG
Fir/Cone Garland,25FXQ678-G,,,In Stock,,,,,,4,24.99,12,21.99,24,19.99,4,WingTai400,WingTai160,https://wingtai.solovue.com/images/products/list/desktop/25FXQ678-G.JPG,25FXQ678-G.JPG,,,WingTai800,25FXQ678-G.JPG
Fir/Cone Wreath,25FXQ678-W,,,In Stock,,,,,,4,29.99,8,26.99,12,24.99,4,WingTai400,WingTai160,https://wingtai.solovue.com/images/products/list/desktop/25FXQ678-W.JPG,25FXQ678-W.JPG,,,WingTai800,25FXQ678-W.JPG
Mini Red Berry/Cedar Pick,25FXQ679-B,,,In Stock,,,,,,12,7.19,48,7.19,96,7.19,12,WingTai400,WingTai160,https://wingtai.solovue.com/images/products/list/desktop/25FXQ679-B.JPG,25FXQ679-B.JPG,,,WingTai800,25FXQ679-B.JPG
Lg Holly Pick,25FXQ680-B,,,Out of Stock,,,,,,12,3.59,48,3.59,96,3.59,12,WingTai400,WingTai160,https://wingtai.solovue.com/images/products/list/desktop/25FXQ680-B.JPG,25FXQ680-B.JPG,,,WingTai800,25FXQ680-B.JPG
Holly Garland,25FXQ680-G,,,Out of Stock Sep 3,,,,,,6,16.99,18,14.99,36,13.99,6,WingTai400,WingTai160,https://wingtai.solovue.com/images/products/list/desktop/25FXQ680-G.JPG,25FXQ680-G.JPG,,,WingTai800,25FXQ680-G.JPG
Sm Holly Pick,25FXQ680-P,,,Out of Stock,,,,,,24,1.95,72,1.75,144,1.55,24,WingTai400,WingTai160,https://wingtai.solovue.com/images/products/list/desktop/25FXQ680-P.JPG,25FXQ680-P.JPG,,,WingTai800,25FXQ680-P.JPG
Brown Wispy Pine Pick,25FXQ682-B,,,In Stock,,,,,,12,6.99,36,6.19,72,5.69,12,WingTai400,WingTai160,https://wingtai.solovue.com/images/products/list/desktop/25FXQ682-B.JPG,25FXQ682-B.JPG,,,WingTai800,25FXQ682-B.JPG
Brown Wispy Pine Garland,25FXQ682-G,,,In Stock,,,,,,4,20.69,12,20.69,24,20.69,4,WingTai400,WingTai160,https://wingtai.solovue.com/images/products/list/desktop/25FXQ682-G.JPG,25FXQ682-G.JPG,,,WingTai800,25FXQ682-G.JPG
Cedar Pinecone/Pip Berry Garland,25FXQ683-G,,,Out of Stock,,,,,,4,19.99,12,17.99,24,15.99,4,WingTai400,WingTai160,https://wingtai.solovue.com/images/products/list/desktop/25FXQ683-G.JPG,25FXQ683-G.JPG,,,WingTai800,25FXQ683-G.JPG
Dripping Pine Pick,25FXQ684-B,,,Out of Stock,,,,,,12,7.99,36,7.99,60,7.99,12,WingTai400,WingTai160,https://wingtai.solovue.com/images/products/list/desktop/25FXQ684-B.JPG,25FXQ684-B.JPG,,,WingTai800,25FXQ684-B.JPG
Dripping Pine Garland,25FXQ684-G,,,Out of Stock,,,,,,2,24.99,10,21.99,20,19.99,2,WingTai400,WingTai160,https://wingtai.solovue.com/images/products/list/desktop/25FXQ684-G.JPG,25FXQ684-G.JPG,,,WingTai800,25FXQ684-G.JPG
Dripping Pine Wreath,25FXQ684-W,,,Out of Stock,,,,,,2,29.9,4,29.9,8,29.9,2,WingTai400,WingTai160,https://wingtai.solovue.com/images/products/list/desktop/25FXQ684-W.JPG,25FXQ684-W.JPG,,,WingTai800,25FXQ684-W.JPG
Cream Berry/Pinecone Pick,25FXQ685-B,,,In Stock,,,,,,6,5.95,36,5.25,72,4.85,6,WingTai400,WingTai160,https://wingtai.solovue.com/images/products/list/desktop/25FXQ685-B.JPG,25FXQ685-B.JPG,,,WingTai800,25FXQ685-B.JPG
Cream Berry/Pinecone Wreath,25FXQ685-W,,,In Stock,,,,,,2,29.99,4,26.99,8,24.99,2,WingTai400,WingTai160,https://wingtai.solovue.com/images/products/list/desktop/25FXQ685-W.JPG,25FXQ685-W.JPG,,,WingTai800,25FXQ685-W.JPG
Gold Leaf/Dripping Pine Wreath,25FXQ686-W,,,Out of Stock,,,,,,4,19.99,12,17.99,24,15.99,4,WingTai400,WingTai160,https://wingtai.solovue.com/images/products/list/desktop/25FXQ686-W.JPG,25FXQ686-W.JPG,,,WingTai800,25FXQ686-W.JPG
Jute Leaf Pick,25FXQ687,,,In Stock,,,,,,12,5.99,72,5.29,144,4.89,12,WingTai400,WingTai160,https://wingtai.solovue.com/images/products/list/desktop/25FXQ687.JPG,25FXQ687.JPG,,,WingTai800,25FXQ687.JPG
Sm Beaded Poinsettia,25FXQ688,,,In Stock,,,,,,12,4.99,24,4.39,48,3.99,12,WingTai400,WingTai160,https://wingtai.solovue.com/images/products/list/desktop/25FXQ688.JPG,25FXQ688.JPG,,,WingTai800,25FXQ688.JPG
Lg Beaded Poinsettia,25FXQ689,,,In Stock,,,,,,12,6.99,24,6.19,48,5.69,12,WingTai400,WingTai160,https://wingtai.solovue.com/images/products/list/desktop/25FXQ689.JPG,25FXQ689.JPG,,,WingTai800,25FXQ689.JPG
Lg Beaded Ball Ornament,25FXQ690,,,Out of Stock,,,,,,12,11.99,24,10.99,36,9.99,12,WingTai400,WingTai160,https://wingtai.solovue.com/images/products/list/desktop/25FXQ690.JPG,25FXQ690.JPG,,,WingTai800,25FXQ690.JPG
Sm Beaded Ball Ornament,25FXQ691,,,Out of Stock,,,,,,12,8.99,24,7.99,36,7.29,12,WingTai400,WingTai160,https://wingtai.solovue.com/images/products/list/desktop/25FXQ691.JPG,25FXQ691.JPG,,,WingTai800,25FXQ691.JPG
Thick Pine Pick,25FXQ692-B,,,In Stock,,,,,,12,5.49,48,5.49,96,5.49,12,WingTai400,WingTai160,https://wingtai.solovue.com/images/products/list/desktop/25FXQ692-B.JPG,25FXQ692-B.JPG,,,WingTai800,25FXQ692-B.JPG
Thick Pine Wreath,25FXQ692-W,,,In Stock,,,,,,2,31.49,4,31.49,8,31.49,2,WingTai400,WingTai160,https://wingtai.solovue.com/images/products/list/desktop/25FXQ692-W.JPG,25FXQ692-W.JPG,,,WingTai800,25FXQ692-W.JPG
Cedar/Sm Pinecone Pick,25FXQ693-B,,,Out of Stock,,,,,,12,5.99,48,5.29,96,4.89,12,WingTai400,WingTai160,https://wingtai.solovue.com/images/products/list/desktop/25FXQ693-B.JPG,25FXQ693-B.JPG,,,WingTai800,25FXQ693-B.JPG
Cedar/Sm Pinecone Wreath,25FXQ693-W,,,Out of Stock,,,,,,2,29.99,6,26.99,10,24.99,2,WingTai400,WingTai160,https://wingtai.solovue.com/images/products/list/desktop/25FXQ693-W.JPG,25FXQ693-W.JPG,,,WingTai800,25FXQ693-W.JPG
Frosted Cedar/Pine Pick,25FXQ694-B,,,In Stock,,,,,,12,5.39,36,5.39,72,5.39,12,WingTai400,WingTai160,https://wingtai.solovue.com/images/products/list/desktop/25FXQ694-B.JPG,25FXQ694-B.JPG,,,WingTai800,25FXQ694-B.JPG
Frosted Cedar/Pine Wreath,25FXQ694-W,,,In Stock,,,,,,2,29.99,4,26.99,8,24.99,2,WingTai400,WingTai160,https://wingtai.solovue.com/images/products/list/desktop/25FXQ694-W.JPG,25FXQ694-W.JPG,,,WingTai800,25FXQ694-W.JPG
30 in Lighted Spruce Tree,25FXQ695T-30,,,In Stock,,,,,,2,19.9,4,19.9,8,19.9,2,WingTai400,WingTai160,https://wingtai.solovue.com/images/products/list/desktop/25FXQ695T-30.JPG,25FXQ695T-30.JPG,,,WingTai800,25FXQ695T-30.JPG
48 in Lighted Spruce Tree,25FXQ695T-48,,,In Stock,,,,,,2,49.9,4,49.9,6,49.9,2,WingTai400,WingTai160,https://wingtai.solovue.com/images/products/list/desktop/25FXQ695T-48.JPG,25FXQ695T-48.JPG,,,WingTai800,25FXQ695T-48.JPG
72 in Lighted Spruce tree,25FXQ695T-72,,,In Stock,,,,,,1,79.9,2,79.9,4,79.9,1,WingTai400,WingTai160,https://wingtai.solovue.com/images/products/list/desktop/25FXQ695T-72.JPG,25FXQ695T-72.JPG,,,WingTai800,25FXQ695T-72.JPG
Cedar Orb,25FXQ696,,,Out of Stock,,,,,,6,8.95,24,7.95,48,7.25,6,WingTai400,WingTai160,https://wingtai.solovue.com/images/products/list/desktop/25FXQ696.JPG,25FXQ696.JPG,,,WingTai800,25FXQ696.JPG
24 in Lighted Cedar Tree,25FXQ697T-24,,,Out of Stock,,,,,,2,19.9,4,19.9,8,19.9,2,WingTai400,WingTai160,https://wingtai.solovue.com/images/products/list/desktop/25FXQ697T-24.JPG,25FXQ697T-24.JPG,,,WingTai800,25FXQ697T-24.JPG
30 in Lighted Cedar Tree,25FXQ697T-30,,,Out of Stock,,,,,,2,18.9,4,18.9,8,18.9,2,WingTai400,WingTai160,https://wingtai.solovue.com/images/products/list/desktop/25FXQ697T-30.JPG,25FXQ697T-30.JPG,,,WingTai800,25FXQ697T-30.JPG
48 in Lighted Cedar Tree,25FXQ697T-48,,,Out of Stock,,,,,,2,39.9,4,39.9,8,39.9,2,WingTai400,WingTai160,https://wingtai.solovue.com/images/products/list/desktop/25FXQ697T-48.JPG,25FXQ697T-48.JPG,,,WingTai800,25FXQ697T-48.JPG
72 in Lighted Cedar Tree,25FXQ697T-72,,,Out of Stock,,,,,,1,75.9,2,75.9,4,75.9,1,WingTai400,WingTai160,https://wingtai.solovue.com/images/products/list/desktop/25FXQ697T-72.JPG,25FXQ697T-72.JPG,,,WingTai800,25FXQ697T-72.JPG
24 in Light Green Lighted Cedar Tree,25FXQ698-T,,,Out of Stock,,,,,,2,22.99,4,19.99,8,17.99,2,WingTai400,WingTai160,https://wingtai.solovue.com/images/products/list/desktop/25FXQ698-T.JPG,25FXQ698-T.JPG,,,WingTai800,25FXQ698-T.JPG
Lg Flocked Cedar Tree,25FXQ699-LG,,,In Stock,,,,,,2,29.99,4,26.99,8,24.99,2,WingTai400,WingTai160,https://wingtai.solovue.com/images/products/list/desktop/25FXQ699-LG.JPG,25FXQ699-LG.JPG,,,WingTai800,25FXQ699-LG.JPG
Sm Flocked Cedar Tree,25FXQ699-SM,,,In Stock,,,,,,3,13.99,6,12.99,12,11.99,3,WingTai400,WingTai160,https://wingtai.solovue.com/images/products/list/desktop/25FXQ699-SM.JPG,25FXQ699-SM.JPG,,,WingTai800,25FXQ699-SM.JPG
36 in Simple Pine Tree,25FXQ700T-36,,,In Stock,,,,,,2,19.9,4,19.9,8,19.9,2,WingTai400,WingTai160,https://wingtai.solovue.com/images/products/list/desktop/25FXQ700T-36.JPG,25FXQ700T-36.JPG,,,WingTai800,25FXQ700T-36.JPG
48 in Lighted Pine Tree,25FXQ700T-48,,,In Stock,,,,,,2,49.9,4,49.9,8,49.9,2,WingTai400,WingTai160,https://wingtai.solovue.com/images/products/list/desktop/25FXQ700T-48.JPG,25FXQ700T-48.JPG,,,WingTai800,25FXQ700T-48.JPG
72 in Lighted Pine Tree,25FXQ700T-72,,,In Stock,,,,,,1,84.9,2,84.9,4,84.9,1,WingTai400,WingTai160,https://wingtai.solovue.com/images/products/list/desktop/25FXQ700T-72.JPG,25FXQ700T-72.JPG,,,WingTai800,25FXQ700T-72.JPG
Lg Bird Nest Teardrop,25FXQ701,,,Out of Stock,,,,,,2,24.99,6,21.99,12,19.99,2,WingTai400,WingTai160,https://wingtai.solovue.com/images/products/list/desktop/25FXQ701.JPG,25FXQ701.JPG,,,WingTai800,25FXQ701.JPG
Small Bird Nest Teardrop,25FXQ702,,,Out of Stock,,,,,,6,10.99,18,9.99,36,8.99,6,WingTai400,WingTai160,https://wingtai.solovue.com/images/products/list/desktop/25FXQ702.JPG,25FXQ702.JPG,,,WingTai800,25FXQ702.JPG
Red Bell/Pine Dripping Garland,25FXQ703-DG,,,In Stock,,,,,,6,11.99,12,10.99,24,9.99,6,WingTai400,WingTai160,https://wingtai.solovue.com/images/products/list/desktop/25FXQ703-DG.JPG,25FXQ703-DG.JPG,,,WingTai800,25FXQ703-DG.JPG
Grapevine Bell,25FXQ704,,,In Stock,,,,,,6,16.99,12,16.99,24,16.99,6,WingTai400,WingTai160,https://wingtai.solovue.com/images/products/list/desktop/25FXQ704.JPG,25FXQ704.JPG,,,WingTai800,25FXQ704.JPG
Lg Grapevine Bell,25FXQ704-L,,,Out of Stock Sep 3,,,,,,2,39.99,4,34.99,6,31.99,2,WingTai400,WingTai160,https://wingtai.solovue.com/images/products/list/desktop/25FXQ704-L.JPG,25FXQ704-L.JPG,,,WingTai800,25FXQ704-L.JPG
Light Green Lg Bottlebrush Tree,25FXQ705T-L,,,Out of Stock,,,,,,2,49.99,4,43.99,6,39.99,2,WingTai400,WingTai160,https://wingtai.solovue.com/images/products/list/desktop/25FXQ705T-L.JPG,25FXQ705T-L.JPG,,,WingTai800,25FXQ705T-L.JPG
Light Green Sm Bottlebrush Tree,25FXQ705T-S,,,Out of Stock,,,,,,2,19.99,4,17.99,6,15.99,2,WingTai400,WingTai160,https://wingtai.solovue.com/images/products/list/desktop/25FXQ705T-S.JPG,25FXQ705T-S.JPG,,,WingTai800,25FXQ705T-S.JPG
Lg Frosted Grapevine Ball,25FXQ706,,,Out of Stock,,,,,,6,13.99,18,11.99,36,10.99,6,WingTai400,WingTai160,https://wingtai.solovue.com/images/products/list/desktop/25FXQ706.JPG,25FXQ706.JPG,,,WingTai800,25FXQ706.JPG
Bottlebrush Pine Pick,25FXQ706-B,,,Out of Stock,,,,,,12,6.99,60,6.19,120,5.69,12,WingTai400,WingTai160,https://wingtai.solovue.com/images/products/list/desktop/25FXQ706-B.JPG,25FXQ706-B.JPG,,,WingTai800,25FXQ706-B.JPG
Bottlebrush Pine Dripping Garland,25FXQ706-DG,,,Out of Stock,,,,,,4,16.99,8,14.99,16,13.99,4,WingTai400,WingTai160,https://wingtai.solovue.com/images/products/list/desktop/25FXQ706-DG.JPG,25FXQ706-DG.JPG,,,WingTai800,25FXQ706-DG.JPG
Sm Frosted Grapevine Ball,25FXQ707,,,Out of Stock,,,,,,12,2.99,72,2.59,144,2.39,12,WingTai400,WingTai160,https://wingtai.solovue.com/images/products/list/desktop/25FXQ707.JPG,25FXQ707.JPG,,,WingTai800,25FXQ707.JPG
Pine Pick w/Lg Pinecone,25FXQ708,,,Out of Stock Sep 3,,,,,,12,3.39,48,3.39,96,3.39,12,WingTai400,WingTai160,https://wingtai.solovue.com/images/products/list/desktop/25FXQ708.JPG,25FXQ708.JPG,,,WingTai800,25FXQ708.JPG
Cranberry Hanging Orb,25FXQ709-RD,,,In Stock,,,,,,4,19.99,8,17.99,12,15.99,4,WingTai400,WingTai160,https://wingtai.solovue.com/images/products/list/desktop/25FXQ709-RD.JPG,25FXQ709-RD.JPG,,,WingTai800,25FXQ709-RD.JPG
White Berry Hanging Orb,25FXQ709-WT,,,In Stock,,,,,,4,16.99,8,16.99,12,16.99,4,WingTai400,WingTai160,https://wingtai.solovue.com/images/products/list/desktop/25FXQ709-WT.JPG,25FXQ709-WT.JPG,,,WingTai800,25FXQ709-WT.JPG
Red Berry/Cedar Dripping Orb,25FXQ710,,,In Stock,,,,,,3,10.19,18,10.19,36,10.19,3,WingTai400,WingTai160,https://wingtai.solovue.com/images/products/list/desktop/25FXQ710.JPG,25FXQ710.JPG,,,WingTai800,25FXQ710.JPG
Pip Berry/Cedar Dripping Orb,25FXQ711,,,In Stock,,,,,,3,9.89,18,9.89,36,9.89,3,WingTai400,WingTai160,https://wingtai.solovue.com/images/products/list/desktop/25FXQ711.JPG,25FXQ711.JPG,,,WingTai800,25FXQ711.JPG
Thick Cedar Garland,25FXQ712-G,,,In Stock,,,,,,2,22.49,6,22.49,12,22.49,2,WingTai400,WingTai160,https://wingtai.solovue.com/images/products/list/desktop/25FXQ712-G.JPG,25FXQ712-G.JPG,,,WingTai800,25FXQ712-G.JPG
3 Natural Pinecones Pick,25FXQ713,,,Out of Stock,,,,,,12,2.99,36,2.69,72,2.49,12,WingTai400,WingTai160,https://wingtai.solovue.com/images/products/list/desktop/25FXQ713.JPG,25FXQ713.JPG,,,WingTai800,25FXQ713.JPG
Grapevine/Bottlebrush Tree Wreath,25FXQ716-W,,,In Stock,,,,,,2,31.99,4,31.99,8,31.99,2,WingTai400,WingTai160,https://wingtai.solovue.com/images/products/list/desktop/25FXQ716-W.JPG,25FXQ716-W.JPG,,,WingTai800,25FXQ716-W.JPG
2 Asst Beaded Curlicue Picks,25FXQ717-2A,,,Out of Stock,,,,,,12,4.99,24,4.39,48,3.99,12,WingTai400,WingTai160,https://wingtai.solovue.com/images/products/list/desktop/25FXQ717-2A.JPG,25FXQ717-2A.JPG,,,WingTai800,25FXQ717-2A.JPG
2 Asst Lg White Beaded Poinsettias,25FXQ718-2A,,,Out of Stock,,,,,,12,5.95,36,5.25,72,4.85,12,WingTai400,WingTai160,https://wingtai.solovue.com/images/products/list/desktop/25FXQ718-2A.JPG,25FXQ718-2A.JPG,,,WingTai800,25FXQ718-2A.JPG
2 Asst Sm White Beaded Poinsettias,25FXQ719-2A,,,Out of Stock,,,,,,12,4.99,36,4.39,72,3.99,12,WingTai400,WingTai160,https://wingtai.solovue.com/images/products/list/desktop/25FXQ719-2A.JPG,25FXQ719-2A.JPG,,,WingTai800,25FXQ719-2A.JPG
3 Asst Yarn Ball Ornaments,25FXQ720-3A,,,Out of Stock,,,,,,12,3.99,24,3.99,48,3.99,12,WingTai400,WingTai160,https://wingtai.solovue.com/images/products/list/desktop/25FXQ720-3A.JPG,25FXQ720-3A.JPG,,,WingTai800,25FXQ720-3A.JPG
Frosted Hanging Pinecone,25FXQ721,,,Out of Stock,,,,,,48,1.55,96,1.35,144,1.25,48,WingTai400,WingTai160,https://wingtai.solovue.com/images/products/list/desktop/25FXQ721.JPG,25FXQ721.JPG,,,WingTai800,25FXQ721.JPG
Hanging Pinecone Ornament,25FXQ722,,,Out of Stock,,,,,,48,0.95,96,0.85,144,0.75,48,WingTai400,WingTai160,https://wingtai.solovue.com/images/products/list/desktop/25FXQ722.JPG,25FXQ722.JPG,,,WingTai800,25FXQ722.JPG
2 Asst Green/Tan Pine Tree Cutouts,25FXQ723-2A,,,Out of Stock,,,,,,12,4.95,48,4.35,96,3.95,12,WingTai400,WingTai160,https://wingtai.solovue.com/images/products/list/desktop/25FXQ723-2A.JPG,25FXQ723-2A.JPG,,,WingTai800,25FXQ723-2A.JPG
30 in White Bottlebrush Tree,25FXQ724-CR,,,In Stock,,,,,,2,29.69,4,29.69,8,29.69,2,WingTai400,WingTai160,https://wingtai.solovue.com/images/products/list/desktop/25FXQ724-CR.JPG,25FXQ724-CR.JPG,,,WingTai800,25FXQ724-CR.JPG
30 in Green Bottlebrush Tree,25FXQ724-GN,,,In Stock,,,,,,2,29.69,4,29.69,8,29.69,2,WingTai400,WingTai160,https://wingtai.solovue.com/images/products/list/desktop/25FXQ724-GN.JPG,25FXQ724-GN.JPG,,,WingTai800,25FXQ724-GN.JPG
Spruce Candle Ring,25FXQ725-4,,,Out of Stock Sep 5,,,,,,6,6.29,30,6.29,60,6.29,6,WingTai400,WingTai160,https://wingtai.solovue.com/images/products/list/desktop/25FXQ725-4.JPG,25FXQ725-4.JPG,,,WingTai800,25FXQ725-4.JPG
Spruce Lg Ring,25FXQ725-6,,,Out of Stock Sep 5,,,,,,6,8.99,30,7.99,60,7.29,6,WingTai400,WingTai160,https://wingtai.solovue.com/images/products/list/desktop/25FXQ725-6.JPG,25FXQ725-6.JPG,,,WingTai800,25FXQ725-6.JPG
Spruce Garland,25FXQ725-G,,,Out of Stock Sep 5,,,,,,6,9.29,18,9.29,36,9.29,6,WingTai400,WingTai160,https://wingtai.solovue.com/images/products/list/desktop/25FXQ725-G.JPG,25FXQ725-G.JPG,,,WingTai800,25FXQ725-G.JPG
Juniper/Pinecone Pick,25FXQ726-B,,,In Stock,,,,,,12,5.95,24,5.25,48,4.85,12,WingTai400,WingTai160,https://wingtai.solovue.com/images/products/list/desktop/25FXQ726-B.JPG,25FXQ726-B.JPG,,,WingTai800,25FXQ726-B.JPG
Juniper/Pinecone Wreath,25FXQ726-W,,,In Stock,,,,,,2,29.99,4,26.99,8,24.99,2,WingTai400,WingTai160,https://wingtai.solovue.com/images/products/list/desktop/25FXQ726-W.JPG,25FXQ726-W.JPG,,,WingTai800,25FXQ726-W.JPG
36 in Bottlebrush Pine Tree,25FXQ727-L,,,Out of Stock,,,,,,2,49.99,4,43.99,6,39.99,2,WingTai400,WingTai160,https://wingtai.solovue.com/images/products/list/desktop/25FXQ727-L.JPG,25FXQ727-L.JPG,,,WingTai800,25FXQ727-L.JPG
25 in Bottlebrush Pine Tree,25FXQ727-S,,,Out of Stock,,,,,,2,34.99,4,31.99,6,29.99,2,WingTai400,WingTai160,https://wingtai.solovue.com/images/products/list/desktop/25FXQ727-S.JPG,25FXQ727-S.JPG,,,WingTai800,25FXQ727-S.JPG
Green Tone Organic Glass,25GAF643,,,Out of Stock,,,,,,4,11.99,8,10.99,16,9.99,4,WingTai400,WingTai160,https://wingtai.solovue.com/images/products/list/desktop/25GAF643.JPG,25GAF643.JPG,,,WingTai800,25GAF643.JPG
Yellow Tone Organic Glass,25GAF644,,,Out of Stock,,,,,,4,11.99,8,10.99,16,9.99,4,WingTai400,WingTai160,https://wingtai.solovue.com/images/products/list/desktop/25GAF644.JPG,25GAF644.JPG,,,WingTai800,25GAF644.JPG
Clear Round Glass Lighted Orb,25GAS225,,,Out of Stock,,,,,,3,11.99,6,10.99,12,9.99,3,WingTai400,WingTai160,https://wingtai.solovue.com/images/products/list/desktop/25GAS225.JPG,25GAS225.JPG,,,WingTai800,25GAS225.JPG
Green Glass Ball Ornament,25GXI924,,,In Stock,,,,,,8,4.19,32,4.19,64,4.19,8,WingTai400,WingTai160,https://wingtai.solovue.com/images/products/list/desktop/25GXI924.JPG,25GXI924.JPG,,,WingTai800,25GXI924.JPG
Green Glass Pinecone Ornament,25GXI925,,,In Stock,,,,,,6,4.79,24,4.19,48,3.99,6,WingTai400,WingTai160,https://wingtai.solovue.com/images/products/list/desktop/25GXI925.JPG,25GXI925.JPG,,,WingTai800,25GXI925.JPG
Green Glass Ornament,25GXI926,,,In Stock,,,,,,9,5.49,27,4.79,54,4.49,9,WingTai400,WingTai160,https://wingtai.solovue.com/images/products/list/desktop/25GXI926.JPG,25GXI926.JPG,,,WingTai800,25GXI926.JPG
S/6 Green Glass Tree Ornaments,25GXS217-6S,,,In Stock,,,,,,3,14.99,9,12.99,18,11.99,3,WingTai400,WingTai160,https://wingtai.solovue.com/images/products/list/desktop/25GXS217-6S.JPG,25GXS217-6S.JPG,,,WingTai800,25GXS217-6S.JPG
S/6 Antique Blue Glass Round Ornaments,25GXS218-6S,,,In Stock,,,,,,6,9.29,36,9.29,72,9.29,6,WingTai400,WingTai160,https://wingtai.solovue.com/images/products/list/desktop/25GXS218-6S.JPG,25GXS218-6S.JPG,,,WingTai800,25GXS218-6S.JPG
S/6 White Glass Finial Ornaments,25GXS219-6S,,,In Stock,,,,,,3,15.19,18,15.19,36,15.19,3,WingTai400,WingTai160,https://wingtai.solovue.com/images/products/list/desktop/25GXS219-6S.JPG,25GXS219-6S.JPG,,,WingTai800,25GXS219-6S.JPG
S/3 Silver Painted Glass Ornaments,25GXS220-3S,,,In Stock,,,,,,6,8.95,18,7.95,36,7.25,6,WingTai400,WingTai160,https://wingtai.solovue.com/images/products/list/desktop/25GXS220-3S.JPG,25GXS220-3S.JPG,,,WingTai800,25GXS220-3S.JPG
S/3 Gold Painted Glass Ornaments,25GXS221-3S,,,Out of Stock,,,,,,6,8.95,18,7.95,36,7.25,6,WingTai400,WingTai160,https://wingtai.solovue.com/images/products/list/desktop/25GXS221-3S.JPG,25GXS221-3S.JPG,,,WingTai800,25GXS221-3S.JPG
"S/6 Green,Yellow,Rust Round Glass Ornaments",25GXS222-6S,,,Out of Stock,,,,,,3,14.99,9,12.99,18,11.99,3,WingTai400,WingTai160,https://wingtai.solovue.com/images/products/list/desktop/25GXS222-6S.JPG,25GXS222-6S.JPG,,,WingTai800,25GXS222-6S.JPG
S/6 Vintage Tan Glass Ornaments,25GXS223-6S,,,Out of Stock,,,,,,3,10.99,9,9.99,18,9.19,3,WingTai400,WingTai160,https://wingtai.solovue.com/images/products/list/desktop/25GXS223-6S.JPG,25GXS223-6S.JPG,,,WingTai800,25GXS223-6S.JPG
S/2 Glass Lighted Trees,25GXS224-2S,,,Out of Stock Aug 28,,,,,,2,27.99,6,24.99,12,22.99,2,WingTai400,WingTai160,https://wingtai.solovue.com/images/products/list/desktop/25GXS224-2S.JPG,25GXS224-2S.JPG,,,WingTai800,25GXS224-2S.JPG
Lighted Red Glass Globe Ornament,25GXS226,,,Out of Stock,,,,,,2,14.9,4,14.9,8,14.9,2,WingTai400,WingTai160,https://wingtai.solovue.com/images/products/list/desktop/25GXS226.JPG,25GXS226.JPG,,,WingTai800,25GXS226.JPG
Lighted Green Glass Globe Ornament,25GXS227,,,Out of Stock,,,,,,2,19.9,4,19.9,8,19.9,2,WingTai400,WingTai160,https://wingtai.solovue.com/images/products/list/desktop/25GXS227.JPG,25GXS227.JPG,,,WingTai800,25GXS227.JPG
Multi Color Lighted Glass Tree,25GXS228,,,Out of Stock Aug 28,,,,,,3,13.49,6,13.49,12,13.49,3,WingTai400,WingTai160,https://wingtai.solovue.com/images/products/list/desktop/25GXS228.JPG,25GXS228.JPG,,,WingTai800,25GXS228.JPG
3 Lighted Glass Ball Hangers on Rope,25GXS229,,,Out of Stock,,,,,,3,11.99,6,10.99,12,9.99,3,WingTai400,WingTai160,https://wingtai.solovue.com/images/products/list/desktop/25GXS229.JPG,25GXS229.JPG,,,WingTai800,25GXS229.JPG
Java Jute Ceiling Lamp,25LAF036,,,Out of Stock,,,,,,1,39.9,2,39.9,4,39.9,1,WingTai400,WingTai160,https://wingtai.solovue.com/images/products/list/desktop/25LAF036.JPG,25LAF036.JPG,,,WingTai800,25LAF036.JPG
Sm Glowing Orb,25LAF038,,,Out of Stock,,,,,,2,27.9,4,27.9,8,27.9,2,WingTai400,WingTai160,https://wingtai.solovue.com/images/products/list/desktop/25LAF038.JPG,25LAF038.JPG,,,WingTai800,25LAF038.JPG
Lg Glowing Orb,25LAF039,,,Out of Stock,,,,,,2,49.9,4,49.9,8,49.9,2,WingTai400,WingTai160,https://wingtai.solovue.com/images/products/list/desktop/25LAF039.JPG,25LAF039.JPG,,,WingTai800,25LAF039.JPG
Sumatra Rattan Ceiling Lamp,25LAF040,,,Out of Stock,,,,,,2,39.99,4,34.99,8,32.99,2,WingTai400,WingTai160,https://wingtai.solovue.com/images/products/list/desktop/25LAF040.JPG,25LAF040.JPG,,,WingTai800,25LAF040.JPG
Mid-Century Circular Lamp Shade,25LAF041,,,Out of Stock,,,,,,2,44.9,4,44.9,6,44.9,2,WingTai400,WingTai160,https://wingtai.solovue.com/images/products/list/desktop/25LAF041.JPG,25LAF041.JPG,,,WingTai800,25LAF041.JPG
Molucca Ceiling Lamp,25LAF042,,,Out of Stock,,,,,,2,59.99,4,52.99,8,48.99,2,WingTai400,WingTai160,https://wingtai.solovue.com/images/products/list/desktop/25LAF042.JPG,25LAF042.JPG,,,WingTai800,25LAF042.JPG
Banda Ceiling Lamp,25LAF043,,,Out of Stock,,,,,,2,79.99,4,69.99,8,64.99,2,WingTai400,WingTai160,https://wingtai.solovue.com/images/products/list/desktop/25LAF043.JPG,25LAF043.JPG,,,WingTai800,25LAF043.JPG
Makassar Ceiling Lamp,25LAF044,,,Out of Stock,,,,,,2,49.99,4,43.99,8,39.99,2,WingTai400,WingTai160,https://wingtai.solovue.com/images/products/list/desktop/25LAF044.JPG,25LAF044.JPG,,,WingTai800,25LAF044.JPG
Worcester Iron Table Lamp,25LAF161,,,Out of Stock,,,,,,2,29.99,4,26.99,8,24.99,2,WingTai400,WingTai160,https://wingtai.solovue.com/images/products/list/desktop/25LAF161.JPG,25LAF161.JPG,,,WingTai800,25LAF161.JPG
Blue_Tan Distressed Lamp_Shade,25LAF607,,,Out of Stock Sep 5,,,,,,4,34.99,8,29.99,12,27.99,4,WingTai400,WingTai160,https://wingtai.solovue.com/images/products/list/desktop/25LAF607.JPG,25LAF607.JPG,,,WingTai800,25LAF607.JPG
Candy Cane Stand,25LXF608,,,In Stock,,,,,,3,9.59,6,9.59,12,9.59,3,WingTai400,WingTai160,https://wingtai.solovue.com/images/products/list/desktop/25LXF608.JPG,25LXF608.JPG,,,WingTai800,25LXF608.JPG
Red Metal Spotlight,25LXF609,,,Out of Stock,,,,,,6,12.99,12,11.49,24,10.59,6,WingTai400,WingTai160,https://wingtai.solovue.com/images/products/list/desktop/25LXF609.JPG,25LXF609.JPG,,,WingTai800,25LXF609.JPG
Angular Carved Mango Lamp,25LXI555,,,Out of Stock Dec 1,,,,,,2,49.99,4,43.99,8,39.99,2,WingTai400,WingTai160,https://wingtai.solovue.com/images/products/list/desktop/25LXI555.JPG,25LXI555.JPG,,,WingTai800,25LXI555.JPG
Round Mango Lamp,25LXI556,,,Out of Stock Dec 1,,,,,,2,49.9,4,49.9,8,49.9,2,WingTai400,WingTai160,https://wingtai.solovue.com/images/products/list/desktop/25LXI556.JPG,25LXI556.JPG,,,WingTai800,25LXI556.JPG
Straight Carved Mango Lamp,25LXI557,,,Out of Stock Dec 1,,,,,,2,49.9,4,49.9,8,49.9,2,WingTai400,WingTai160,https://wingtai.solovue.com/images/products/list/desktop/25LXI557.JPG,25LXI557.JPG,,,WingTai800,25LXI557.JPG
Colombo Jute Ceiling Lamp,25LXI909,,,Out of Stock,,,,,,2,29.99,6,26.99,12,24.99,2,WingTai400,WingTai160,https://wingtai.solovue.com/images/products/list/desktop/25LXI909.JPG,25LXI909.JPG,,,WingTai800,25LXI909.JPG
Madras Mango_Iron Ceiling Lamp,25LXI915,,,In Stock,,,,,,2,32.99,4,29.99,8,26.99,2,WingTai400,WingTai160,https://wingtai.solovue.com/images/products/list/desktop/25LXI915.JPG,25LXI915.JPG,,,WingTai800,25LXI915.JPG
Chennai Curved Ceiling Lamp,25LXI916,,,Out of Stock,,,,,,2,49.99,4,43.99,8,39.99,2,WingTai400,WingTai160,https://wingtai.solovue.com/images/products/list/desktop/25LXI916.JPG,25LXI916.JPG,,,WingTai800,25LXI916.JPG
Surat Jute Globe Ceiling Lamp,25LXI917,,,In Stock,,,,,,2,49.99,4,43.99,8,39.99,2,WingTai400,WingTai160,https://wingtai.solovue.com/images/products/list/desktop/25LXI917.JPG,25LXI917.JPG,,,WingTai800,25LXI917.JPG
Goa Jute Bell Ceiling Lamp,25LXI918,,,In Stock,,,,,,2,39.99,4,34.99,8,32.99,2,WingTai400,WingTai160,https://wingtai.solovue.com/images/products/list/desktop/25LXI918.JPG,25LXI918.JPG,,,WingTai800,25LXI918.JPG
Victorian Iron Bench,25MAF108,,,Out of Stock,,,,,,1,199.99,2,179.99,4,159.99,1,WingTai400,WingTai160,https://wingtai.solovue.com/images/products/list/desktop/25MAF108.JPG,25MAF108.JPG,,,WingTai800,25MAF108.JPG
Rustic Farm Clock,25MAF109,,,In Stock,,,,,,2,54.99,4,49.99,6,44.99,2,WingTai400,WingTai160,https://wingtai.solovue.com/images/products/list/desktop/25MAF109.JPG,25MAF109.JPG,,,WingTai800,25MAF109.JPG
Old Gold Round Mesh Lantern,25MAF131,,,Out of Stock,,,,,,2,29.99,4,26.99,8,24.99,2,WingTai400,WingTai160,https://wingtai.solovue.com/images/products/list/desktop/25MAF131.JPG,25MAF131.JPG,,,WingTai800,25MAF131.JPG
Matte Black 4-Side Cup Holder,25MAF147,,,Out of Stock,,,,,,2,24.99,6,21.99,12,19.99,2,WingTai400,WingTai160,https://wingtai.solovue.com/images/products/list/desktop/25MAF147.JPG,25MAF147.JPG,,,WingTai800,25MAF147.JPG
Whitewashed Industrial Stool,25MAF152,,,Out of Stock,,,,,,1,59.99,2,52.99,4,48.99,1,WingTai400,WingTai160,https://wingtai.solovue.com/images/products/list/desktop/25MAF152.JPG,25MAF152.JPG,,,WingTai800,25MAF152.JPG
Short 3 Layer Matte Black_Whitewashed Riser Stand,25MAF153,,,In Stock,,,,,,2,29.9,4,29.9,8,29.9,2,WingTai400,WingTai160,https://wingtai.solovue.com/images/products/list/desktop/25MAF153.JPG,25MAF153.JPG,,,WingTai800,25MAF153.JPG
Large 3 Layer Matte Black_Whitewashed Riser Stand,25MAF154,,,In Stock,,,,,,1,84.9,2,84.9,4,84.9,1,WingTai400,WingTai160,https://wingtai.solovue.com/images/products/list/desktop/25MAF154.JPG,25MAF154.JPG,,,WingTai800,25MAF154.JPG
Iron Hurricane Lantern,25MAF179,,,Out of Stock,,,,,,3,19.99,12,17.99,24,16.99,3,WingTai400,WingTai160,https://wingtai.solovue.com/images/products/list/desktop/25MAF179.JPG,25MAF179.JPG,,,WingTai800,25MAF179.JPG
Urban Oasis Clock,25MAF180,,,In Stock,,,,,,1,54.99,2,49.99,4,44.99,1,WingTai400,WingTai160,https://wingtai.solovue.com/images/products/list/desktop/25MAF180.JPG,25MAF180.JPG,,,WingTai800,25MAF180.JPG
2 Asst Large Chair Candle Holders,25MAF182-2A,,,Out of Stock Sep 3,,,,,,6,7.99,12,6.99,24,6.49,6,WingTai400,WingTai160,https://wingtai.solovue.com/images/products/list/desktop/25MAF182-2A.JPG,25MAF182-2A.JPG,,,WingTai800,25MAF182-2A.JPG
2 Asst Small Chair Candle Holders,25MAF183-2A,,,Out of Stock Sep 3,,,,,,6,7.49,12,6.59,24,5.99,6,WingTai400,WingTai160,https://wingtai.solovue.com/images/products/list/desktop/25MAF183-2A.JPG,25MAF183-2A.JPG,,,WingTai800,25MAF183-2A.JPG
Pamlico Blue Rectangular Lantern,25MAF193,,,Out of Stock,,,,,,2,22.99,4,19.99,8,18.99,2,WingTai400,WingTai160,https://wingtai.solovue.com/images/products/list/desktop/25MAF193.JPG,25MAF193.JPG,,,WingTai800,25MAF193.JPG
Lantern Stand,25MAF670,,,In Stock,,,,,,2,29.99,4,26.99,8,24.99,2,WingTai400,WingTai160,https://wingtai.solovue.com/images/products/list/desktop/25MAF670.JPG,25MAF670.JPG,,,WingTai800,25MAF670.JPG
Open Wire Lantern,25MAF674,,,Out of Stock,,,,,,2,29.99,4,26.99,8,24.99,2,WingTai400,WingTai160,https://wingtai.solovue.com/images/products/list/desktop/25MAF674.JPG,25MAF674.JPG,,,WingTai800,25MAF674.JPG
Triple Taper Holder,25MAF728,,,In Stock,,,,,,4,13.99,8,12.99,12,11.99,4,WingTai400,WingTai160,https://wingtai.solovue.com/images/products/list/desktop/25MAF728.JPG,25MAF728.JPG,,,WingTai800,25MAF728.JPG
S/3 Christmas Present Lanterns,25MXF110-3S,,,Out of Stock Sep 3,,,,,,2,40.49,6,40.49,12,40.49,2,WingTai400,WingTai160,https://wingtai.solovue.com/images/products/list/desktop/25MXF110-3S.JPG,25MXF110-3S.JPG,,,WingTai800,25MXF110-3S.JPG
S/3 Red/Black Bell Lanterns,25MXF111-3S,,,Out of Stock Sep 3,,,,,,2,26.39,4,26.39,8,26.39,2,WingTai400,WingTai160,https://wingtai.solovue.com/images/products/list/desktop/25MXF111-3S.JPG,25MXF111-3S.JPG,,,WingTai800,25MXF111-3S.JPG
S/2 Sm Santa Trousers Stands,25MXF112-2S,,,Out of Stock Sep 3,,,,,,4,11.19,20,11.19,40,11.19,4,WingTai400,WingTai160,https://wingtai.solovue.com/images/products/list/desktop/25MXF112-2S.JPG,25MXF112-2S.JPG,,,WingTai800,25MXF112-2S.JPG
S/2 Lg Santa Shorts Stands,25MXF113-2S,,,Out of Stock,,,,,,2,29.99,8,26.99,16,24.99,2,WingTai400,WingTai160,https://wingtai.solovue.com/images/products/list/desktop/25MXF113-2S.JPG,25MXF113-2S.JPG,,,WingTai800,25MXF113-2S.JPG
Antique Bronze Christmas Tree Lantern,25MXF114,,,Out of Stock Sep 3,,,,,,2,18.9,8,18.9,16,18.9,2,WingTai400,WingTai160,https://wingtai.solovue.com/images/products/list/desktop/25MXF114.JPG,25MXF114.JPG,,,WingTai800,25MXF114.JPG
Old Gold Tuscan Olive/Antique White Bell Set,25MXF115,,,Out of Stock Sep 3,,,,,,5,11.19,10,11.19,20,11.19,5,WingTai400,WingTai160,https://wingtai.solovue.com/images/products/list/desktop/25MXF115.JPG,25MXF115.JPG,,,WingTai800,25MXF115.JPG
Tuscan Olive Bell,25MXF116,,,Out of Stock,,,,,,2,22.99,6,19.99,12,18.99,2,WingTai400,WingTai160,https://wingtai.solovue.com/images/products/list/desktop/25MXF116.JPG,25MXF116.JPG,,,WingTai800,25MXF116.JPG
S/2 Black/Tuscan Olive Planter Stands,25MXF117-2S,,,Out of Stock,,,,,,2,69.99,4,64.99,8,59.99,2,WingTai400,WingTai160,https://wingtai.solovue.com/images/products/list/desktop/25MXF117-2S.JPG,25MXF117-2S.JPG,,,WingTai800,25MXF117-2S.JPG
Tall Whitewashed Nutcracker,25MXF118,,,In Stock,,,,,,2,29.69,6,29.69,12,29.69,2,WingTai400,WingTai160,https://wingtai.solovue.com/images/products/list/desktop/25MXF118.JPG,25MXF118.JPG,,,WingTai800,25MXF118.JPG
Copper Nutcracker,25MXF119,,,In Stock,,,,,,2,33.99,6,33.99,12,33.99,2,WingTai400,WingTai160,https://wingtai.solovue.com/images/products/list/desktop/25MXF119.JPG,25MXF119.JPG,,,WingTai800,25MXF119.JPG
Short Whitewashed Nutcracker,25MXF120,,,In Stock,,,,,,3,19.99,6,17.99,12,16.99,3,WingTai400,WingTai160,https://wingtai.solovue.com/images/products/list/desktop/25MXF120.JPG,25MXF120.JPG,,,WingTai800,25MXF120.JPG
Sm Ridged Ball Ornament,25MXF121,,,Out of Stock Sep 3,,,,,,12,4.99,40,4.49,80,3.99,12,WingTai400,WingTai160,https://wingtai.solovue.com/images/products/list/desktop/25MXF121.JPG,25MXF121.JPG,,,WingTai800,25MXF121.JPG
Lg Ridged Ball Ornament,25MXF122,,,Out of Stock Sep 3,,,,,,5,7.99,20,6.99,40,6.49,5,WingTai400,WingTai160,https://wingtai.solovue.com/images/products/list/desktop/25MXF122.JPG,25MXF122.JPG,,,WingTai800,25MXF122.JPG
Bell-Bottom Ornament,25MXF123,,,Out of Stock Sep 3,,,,,,4,10.99,12,10.99,24,10.99,4,WingTai400,WingTai160,https://wingtai.solovue.com/images/products/list/desktop/25MXF123.JPG,25MXF123.JPG,,,WingTai800,25MXF123.JPG
S/2 Flat Black Candle Trays with Handles,25MXF125-2S,,,In Stock,,,,,,4,15.99,8,13.99,16,12.99,4,WingTai400,WingTai160,https://wingtai.solovue.com/images/products/list/desktop/25MXF125-2S.JPG,25MXF125-2S.JPG,,,WingTai800,25MXF125-2S.JPG
Nimbus Gray Pamlico Blue/Matte Black Bell Garland,25MXF126,,,Out of Stock Sep 3,,,,,,5,13.99,10,11.99,20,10.99,5,WingTai400,WingTai160,https://wingtai.solovue.com/images/products/list/desktop/25MXF126.JPG,25MXF126.JPG,,,WingTai800,25MXF126.JPG
S/2 Warm Stone Round Lanterns,25MXF128-2S,,,Out of Stock Sep 3,,,,,,2,17.99,8,15.99,16,14.99,2,WingTai400,WingTai160,https://wingtai.solovue.com/images/products/list/desktop/25MXF128-2S.JPG,25MXF128-2S.JPG,,,WingTai800,25MXF128-2S.JPG
Folding Metal Table,25MXF132,,,Out of Stock,,,,,,1,59.99,2,52.99,4,48.99,1,WingTai400,WingTai160,https://wingtai.solovue.com/images/products/list/desktop/25MXF132.JPG,25MXF132.JPG,,,WingTai800,25MXF132.JPG
S/2 Old Gold/Salem Brown Hanging Round Lanterns,25MXF133-2S,,,Out of Stock Sep 3,,,,,,2,15.9,8,15.9,16,15.9,2,WingTai400,WingTai160,https://wingtai.solovue.com/images/products/list/desktop/25MXF133-2S.JPG,25MXF133-2S.JPG,,,WingTai800,25MXF133-2S.JPG
S/2 Old Gold/Antique White Hanging Round Lanterns,25MXF134-2S,,,Out of Stock Sep 3,,,,,,2,15.9,8,15.9,16,15.9,2,WingTai400,WingTai160,https://wingtai.solovue.com/images/products/list/desktop/25MXF134-2S.JPG,25MXF134-2S.JPG,,,WingTai800,25MXF134-2S.JPG
Christmas Calendar Sign,25MXF171,,,In Stock,,,,,,3,14.99,6,12.99,12,11.99,3,WingTai400,WingTai160,https://wingtai.solovue.com/images/products/list/desktop/25MXF171.JPG,25MXF171.JPG,,,WingTai800,25MXF171.JPG
Mottled Round Ornament,25MXF172,,,Out of Stock,,,,,,4,11.99,8,10.99,16,9.99,4,WingTai400,WingTai160,https://wingtai.solovue.com/images/products/list/desktop/25MXF172.JPG,25MXF172.JPG,,,WingTai800,25MXF172.JPG
Molten Gold Nutcracker Candle Holder,25MXF185,,,Out of Stock Sep 3,,,,,,4,10.19,12,10.19,24,10.19,4,WingTai400,WingTai160,https://wingtai.solovue.com/images/products/list/desktop/25MXF185.JPG,25MXF185.JPG,,,WingTai800,25MXF185.JPG
Copper Nutcracker Candle Holder,25MXF186,,,Out of Stock Sep 3,,,,,,4,11.99,12,10.99,24,9.99,4,WingTai400,WingTai160,https://wingtai.solovue.com/images/products/list/desktop/25MXF186.JPG,25MXF186.JPG,,,WingTai800,25MXF186.JPG
Silver Nutcracker Candle Holder,25MXF187,,,Out of Stock,,,,,,4,11.99,12,10.99,24,9.99,4,WingTai400,WingTai160,https://wingtai.solovue.com/images/products/list/desktop/25MXF187.JPG,25MXF187.JPG,,,WingTai800,25MXF187.JPG
Matte Black Nutcracker Candle Holder,25MXF188,,,Out of Stock,,,,,,4,10.99,12,9.99,24,9.19,4,WingTai400,WingTai160,https://wingtai.solovue.com/images/products/list/desktop/25MXF188.JPG,25MXF188.JPG,,,WingTai800,25MXF188.JPG
Sm Molten Gold Snowflake Ball Ornament,25MXF189,,,Out of Stock,,,,,,10,5.99,30,5.29,60,4.99,10,WingTai400,WingTai160,https://wingtai.solovue.com/images/products/list/desktop/25MXF189.JPG,25MXF189.JPG,,,WingTai800,25MXF189.JPG
Lg White & Molten Gold Snowflake Ball Ornament,25MXF190,,,Out of Stock,,,,,,4,11.99,12,10.99,24,9.99,4,WingTai400,WingTai160,https://wingtai.solovue.com/images/products/list/desktop/25MXF190.JPG,25MXF190.JPG,,,WingTai800,25MXF190.JPG
Sm Copper Bell Ornament,25MXF198,,,Out of Stock Sep 3,,,,,,10,3.99,30,3.49,60,3.19,10,WingTai400,WingTai160,https://wingtai.solovue.com/images/products/list/desktop/25MXF198.JPG,25MXF198.JPG,,,WingTai800,25MXF198.JPG
Lg Copper Bell Ornament,25MXF199,,,Out of Stock Sep 3,,,,,,4,11.99,12,10.99,24,9.99,4,WingTai400,WingTai160,https://wingtai.solovue.com/images/products/list/desktop/25MXF199.JPG,25MXF199.JPG,,,WingTai800,25MXF199.JPG
S/2 Leaf Cutout Globes,25MXF602-2S,,,In Stock,,,,,,1,114.9,2,114.9,4,114.9,1,WingTai400,WingTai160,https://wingtai.solovue.com/images/products/list/desktop/25MXF602-2S.JPG,25MXF602-2S.JPG,,,WingTai800,25MXF602-2S.JPG
75 in Distressed Green Metal Tree,25MXF611,,,In Stock,,,,,,1,134.9,2,134.9,4,134.9,1,WingTai400,WingTai160,https://wingtai.solovue.com/images/products/list/desktop/25MXF611.JPG,25MXF611.JPG,,,WingTai800,25MXF611.JPG
60 in Cream Metal Tree,25MXF612,,,In Stock,,,,,,1,85.9,2,85.9,4,85.9,1,WingTai400,WingTai160,https://wingtai.solovue.com/images/products/list/desktop/25MXF612.JPG,25MXF612.JPG,,,WingTai800,25MXF612.JPG
50 in Distressed Red Metal Tree,25MXF613,,,In Stock,,,,,,2,64.9,4,64.9,8,64.9,2,WingTai400,WingTai160,https://wingtai.solovue.com/images/products/list/desktop/25MXF613.JPG,25MXF613.JPG,,,WingTai800,25MXF613.JPG
Brass Nutcracker Statue,25MXF614,,,In Stock,,,,,,1,129.99,2,114.99,4,105.99,1,WingTai400,WingTai160,https://wingtai.solovue.com/images/products/list/desktop/25MXF614.JPG,25MXF614.JPG,,,WingTai800,25MXF614.JPG
Lg 2 Tier Antique Sleigh Shelf,25MXF615,,,In Stock,,,,,,1,125.9,2,125.9,4,125.9,1,WingTai400,WingTai160,https://wingtai.solovue.com/images/products/list/desktop/25MXF615.JPG,25MXF615.JPG,,,WingTai800,25MXF615.JPG
Sm Two Tier Antique Sleigh Shelf,25MXF616,,,In Stock,,,,,,1,99.9,2,99.9,4,99.9,1,WingTai400,WingTai160,https://wingtai.solovue.com/images/products/list/desktop/25MXF616.JPG,25MXF616.JPG,,,WingTai800,25MXF616.JPG
S/2 Three-Tier Round Floor Shelves,25MXF672-2S,,,In Stock,,,,,,1,79.99,2,69.99,4,64.99,1,WingTai400,WingTai160,https://wingtai.solovue.com/images/products/list/desktop/25MXF672-2S.JPG,25MXF672-2S.JPG,,,WingTai800,25MXF672-2S.JPG
S/3 Golden Globes,25MXF677-3S,,,Out of Stock Sep 5,,,,,,1,74.9,2,74.9,4,74.9,1,WingTai400,WingTai160,https://wingtai.solovue.com/images/products/list/desktop/25MXF677-3S.JPG,25MXF677-3S.JPG,,,WingTai800,25MXF677-3S.JPG
Resting Baby Deer,25MXF924,,,In Stock,,,,,,8,6.29,16,6.29,32,6.29,8,WingTai400,WingTai160,https://wingtai.solovue.com/images/products/list/desktop/25MXF924.JPG,25MXF924.JPG,,,WingTai800,25MXF924.JPG
Standing Baby Deer,25MXF925,,,In Stock,,,,,,8,8.49,16,8.49,32,8.49,8,WingTai400,WingTai160,https://wingtai.solovue.com/images/products/list/desktop/25MXF925.JPG,25MXF925.JPG,,,WingTai800,25MXF925.JPG
Metal Deer Head,25MXF980,,,In Stock,,,,,,2,76.49,4,76.49,6,76.49,2,WingTai400,WingTai160,https://wingtai.solovue.com/images/products/list/desktop/25MXF980.JPG,25MXF980.JPG,,,WingTai800,25MXF980.JPG
Sten Recycled Metal Green Santa,25MXI0,,,Out of Stock,,,,,,3,13.99,6,12.99,12,11.99,3,WingTai400,WingTai160,https://wingtai.solovue.com/images/products/list/desktop/25MXI0.JPG,25MXI0.JPG,,,WingTai800,25MXI0.JPG
Bicycle Shelf,25MXI507,,,Out of Stock,,,,,,1,549.99,2,499.99,4,459.99,1,WingTai400,WingTai160,https://wingtai.solovue.com/images/products/list/desktop/25MXI507.JPG,25MXI507.JPG,,,WingTai800,25MXI507.JPG
Bicycle Table,25MXI508,,,Out of Stock,,,,,,1,599.99,2,529.99,4,423,1,WingTai400,WingTai160,https://wingtai.solovue.com/images/products/list/desktop/25MXI508.JPG,25MXI508.JPG,,,WingTai800,25MXI508.JPG
Olaf Recycled Metal Green Coat Santa w/Legs,25MXI532,,,In Stock,,,,,,4,11.89,12,11.89,24,11.89,4,WingTai400,WingTai160,https://wingtai.solovue.com/images/products/list/desktop/25MXI532.JPG,25MXI532.JPG,,,WingTai800,25MXI532.JPG
Sven Recycled Metal Red Coat Santa w/Legs,25MXI533,,,In Stock,,,,,,4,12.59,12,12.59,24,12.59,4,WingTai400,WingTai160,https://wingtai.solovue.com/images/products/list/desktop/25MXI533.JPG,25MXI533.JPG,,,WingTai800,25MXI533.JPG
Nicholas Recycled Metal Red Coat Santa,25MXI534,,,In Stock,,,,,,2,13.59,8,13.59,16,13.59,2,WingTai400,WingTai160,https://wingtai.solovue.com/images/products/list/desktop/25MXI534.JPG,25MXI534.JPG,,,WingTai800,25MXI534.JPG
Wenceslas Recycled Metal Green Coat Santa w/Present,25MXI535,,,Out of Stock,,,,,,4,13.99,12,11.99,24,10.99,4,WingTai400,WingTai160,https://wingtai.solovue.com/images/products/list/desktop/25MXI535.JPG,25MXI535.JPG,,,WingTai800,25MXI535.JPG
Ulf Recycled Metal Red Coat Santa w/Tree,25MXI536,,,In Stock,,,,,,4,11.89,12,11.89,24,11.89,4,WingTai400,WingTai160,https://wingtai.solovue.com/images/products/list/desktop/25MXI536.JPG,25MXI536.JPG,,,WingTai800,25MXI536.JPG
S/2 Metal Votive Holders on Stands,25MXI543-2S,,,In Stock,,,,,,4,11.99,8,10.99,16,9.99,4,WingTai400,WingTai160,https://wingtai.solovue.com/images/products/list/desktop/25MXI543-2S.JPG,25MXI543-2S.JPG,,,WingTai800,25MXI543-2S.JPG
Scooter Bar,25MXI547,,,In Stock,,,,,,1,799.99,2,739.99,3,699.99,1,WingTai400,WingTai160,https://wingtai.solovue.com/images/products/list/desktop/25MXI547.JPG,25MXI547.JPG,,,WingTai800,25MXI547.JPG
Dasher Recycled Metal Brown Reindeer,25MXI559,,,Out of Stock,,,,,,2,22.99,8,19.99,16,17.99,2,WingTai400,WingTai160,https://wingtai.solovue.com/images/products/list/desktop/25MXI559.JPG,25MXI559.JPG,,,WingTai800,25MXI559.JPG
Gunnar Recycled Metal Red Moose,25MXI560,,,Out of Stock,,,,,,2,22.99,8,19.99,16,17.99,2,WingTai400,WingTai160,https://wingtai.solovue.com/images/products/list/desktop/25MXI560.JPG,25MXI560.JPG,,,WingTai800,25MXI560.JPG
Hansjorg Sitting Vintage Recycled Metal Santa,25MXI561,,,In Stock,,,,,,4,14.39,8,14.39,16,14.39,4,WingTai400,WingTai160,https://wingtai.solovue.com/images/products/list/desktop/25MXI561.JPG,25MXI561.JPG,,,WingTai800,25MXI561.JPG
Prancer Recycled Metal Green Reindeer,25MXI562,,,In Stock,,,,,,2,18.39,6,18.39,12,18.39,2,WingTai400,WingTai160,https://wingtai.solovue.com/images/products/list/desktop/25MXI562.JPG,25MXI562.JPG,,,WingTai800,25MXI562.JPG
Lars Standing Vintage Recycled Metal Santa,25MXI563,,,Out of Stock,,,,,,2,17.9,4,17.9,8,17.9,2,WingTai400,WingTai160,https://wingtai.solovue.com/images/products/list/desktop/25MXI563.JPG,25MXI563.JPG,,,WingTai800,25MXI563.JPG
Magnus Recycled Metal Santa w/Tree,25MXI564,,,In Stock,,,,,,3,14.39,6,14.39,9,14.39,3,WingTai400,WingTai160,https://wingtai.solovue.com/images/products/list/desktop/25MXI564.JPG,25MXI564.JPG,,,WingTai800,25MXI564.JPG
Vixen Recycled Metal Cream Reindeer,25MXI565,,,In Stock,,,,,,2,15.19,5,15.19,10,15.19,2,WingTai400,WingTai160,https://wingtai.solovue.com/images/products/list/desktop/25MXI565.JPG,25MXI565.JPG,,,WingTai800,25MXI565.JPG
Comet Recycled Metal Reindeer Sleigh,25MXI566,,,In Stock,,,,,,2,18.39,8,18.39,16,18.39,2,WingTai400,WingTai160,https://wingtai.solovue.com/images/products/list/desktop/25MXI566.JPG,25MXI566.JPG,,,WingTai800,25MXI566.JPG
Cupid Recycled Metal Green/Red Reindeer,25MXI567,,,In Stock,,,,,,2,19.49,8,19.49,16,19.49,2,WingTai400,WingTai160,https://wingtai.solovue.com/images/products/list/desktop/25MXI567.JPG,25MXI567.JPG,,,WingTai800,25MXI567.JPG
Donner Recycled Metal Red/Green Reindeer,25MXI568,,,In Stock,,,,,,2,19.49,8,19.49,16,19.49,2,WingTai400,WingTai160,https://wingtai.solovue.com/images/products/list/desktop/25MXI568.JPG,25MXI568.JPG,,,WingTai800,25MXI568.JPG
Leif Recycled Metal Vintage Santa,25MXI569,,,In Stock,,,,,,4,15.99,8,15.99,16,15.99,4,WingTai400,WingTai160,https://wingtai.solovue.com/images/products/list/desktop/25MXI569.JPG,25MXI569.JPG,,,WingTai800,25MXI569.JPG
Recycled Metal Moosedeer,25MXI570,,,In Stock,,,,,,2,18.39,6,18.39,12,18.39,2,WingTai400,WingTai160,https://wingtai.solovue.com/images/products/list/desktop/25MXI570.JPG,25MXI570.JPG,,,WingTai800,25MXI570.JPG
Axel Recycled Metal Vintage Santa,25MXI571,,,In Stock,,,,,,2,15.99,6,15.99,12,15.99,2,WingTai400,WingTai160,https://wingtai.solovue.com/images/products/list/desktop/25MXI571.JPG,25MXI571.JPG,,,WingTai800,25MXI571.JPG
Bjorn Recycled Metal Moose,25MXI572,,,In Stock,,,,,,2,19.49,5,19.49,10,19.49,2,WingTai400,WingTai160,https://wingtai.solovue.com/images/products/list/desktop/25MXI572.JPG,25MXI572.JPG,,,WingTai800,25MXI572.JPG
Vidar Recycled Metal Green Coat Santa w/Glasses,25MXI573,,,In Stock,,,,,,4,17.99,12,17.99,24,17.99,4,WingTai400,WingTai160,https://wingtai.solovue.com/images/products/list/desktop/25MXI573.JPG,25MXI573.JPG,,,WingTai800,25MXI573.JPG
Soren Recycled Metal Red Coat Santa w/Star Hat,25MXI574,,,In Stock,,,,,,4,19.99,12,17.99,24,16.99,4,WingTai400,WingTai160,https://wingtai.solovue.com/images/products/list/desktop/25MXI574.JPG,25MXI574.JPG,,,WingTai800,25MXI574.JPG
Dancer Recycled Metal Gray/Green Reindeer,25MXI575,,,In Stock,,,,,,3,15.99,6,15.99,12,15.99,3,WingTai400,WingTai160,https://wingtai.solovue.com/images/products/list/desktop/25MXI575.JPG,25MXI575.JPG,,,WingTai800,25MXI575.JPG
Blitzen Recycled Metal Yellow Reindeer,25MXI576,,,Out of Stock,,,,,,4,19.99,8,17.99,16,16.99,4,WingTai400,WingTai160,https://wingtai.solovue.com/images/products/list/desktop/25MXI576.JPG,25MXI576.JPG,,,WingTai800,25MXI576.JPG
Bernhard Recycled Metal Snowman w/Broom,25MXI577,,,In Stock,,,,,,2,19.99,10,17.99,20,16.99,2,WingTai400,WingTai160,https://wingtai.solovue.com/images/products/list/desktop/25MXI577.JPG,25MXI577.JPG,,,WingTai800,25MXI577.JPG
Nils Recycled Metal Yellow Moose w/Star,25MXI578,,,In Stock,,,,,,2,18.69,4,18.69,8,18.69,2,WingTai400,WingTai160,https://wingtai.solovue.com/images/products/list/desktop/25MXI578.JPG,25MXI578.JPG,,,WingTai800,25MXI578.JPG
Moosifer Recycled Metal Reclining Moose,25MXI579,,,In Stock,,,,,,2,19.99,5,17.99,10,16.99,2,WingTai400,WingTai160,https://wingtai.solovue.com/images/products/list/desktop/25MXI579.JPG,25MXI579.JPG,,,WingTai800,25MXI579.JPG
Recycled Metal Baby Deer,25MXI580,,,In Stock,,,,,,2,19.49,5,19.49,10,19.49,2,WingTai400,WingTai160,https://wingtai.solovue.com/images/products/list/desktop/25MXI580.JPG,25MXI580.JPG,,,WingTai800,25MXI580.JPG
Recycled Metal Moose w/Cart,25MXI581,,,In Stock,,,,,,2,19.99,5,19.99,10,19.99,2,WingTai400,WingTai160,https://wingtai.solovue.com/images/products/list/desktop/25MXI581.JPG,25MXI581.JPG,,,WingTai800,25MXI581.JPG
Fritz Recycled Metal Skiing Snowman,25MXI582,,,In Stock,,,,,,2,19.99,8,17.99,16,16.99,2,WingTai400,WingTai160,https://wingtai.solovue.com/images/products/list/desktop/25MXI582.JPG,25MXI582.JPG,,,WingTai800,25MXI582.JPG
Lg Recycled Metal Flared Sq Bucket,25MXI583-LG,,,Out of Stock,,,,,,2,24.99,4,21.99,8,19.99,2,WingTai400,WingTai160,https://wingtai.solovue.com/images/products/list/desktop/25MXI583-LG.JPG,25MXI583-LG.JPG,,,WingTai800,25MXI583-LG.JPG
Med Recycled Metal Flared Sq Bucket,25MXI583-MD,,,Out of Stock,,,,,,2,22.99,4,19.99,8,17.99,2,WingTai400,WingTai160,https://wingtai.solovue.com/images/products/list/desktop/25MXI583-MD.JPG,25MXI583-MD.JPG,,,WingTai800,25MXI583-MD.JPG
Sm Recycled Metal Flared Sq Bucket,25MXI583-SM,,,Out of Stock,,,,,,3,14.99,6,13.99,12,12.99,3,WingTai400,WingTai160,https://wingtai.solovue.com/images/products/list/desktop/25MXI583-SM.JPG,25MXI583-SM.JPG,,,WingTai800,25MXI583-SM.JPG
Klaus Recycled Metal Fat Reading Reindeer,25MXI584,,,In Stock,,,,,,2,15.99,8,15.99,16,15.99,2,WingTai400,WingTai160,https://wingtai.solovue.com/images/products/list/desktop/25MXI584.JPG,25MXI584.JPG,,,WingTai800,25MXI584.JPG
Recycled Metal Round Plate,25MXI585,,,Out of Stock,,,,,,2,22.99,5,19.99,10,17.99,2,WingTai400,WingTai160,https://wingtai.solovue.com/images/products/list/desktop/25MXI585.JPG,25MXI585.JPG,,,WingTai800,25MXI585.JPG
Recycled Metal Rectangular Bucket,25MXI586,,,Out of Stock,,,,,,4,14.99,8,12.99,16,11.99,4,WingTai400,WingTai160,https://wingtai.solovue.com/images/products/list/desktop/25MXI586.JPG,25MXI586.JPG,,,WingTai800,25MXI586.JPG
S/3 Iron Reindeer Head Ornaments,25MXI598-3S,,,In Stock,,,,,,12,6.99,36,6.29,72,5.69,12,WingTai400,WingTai160,https://wingtai.solovue.com/images/products/list/desktop/25MXI598-3S.JPG,25MXI598-3S.JPG,,,WingTai800,25MXI598-3S.JPG
S/3 Iron Snowflake Ornaments,25MXI599-3S,,,In Stock,,,,,,12,6.99,36,6.29,72,5.69,12,WingTai400,WingTai160,https://wingtai.solovue.com/images/products/list/desktop/25MXI599-3S.JPG,25MXI599-3S.JPG,,,WingTai800,25MXI599-3S.JPG
16 in Gold Clapper Bell,25MXI900,,,In Stock,,,,,,2,29.99,4,26.99,8,24.99,2,WingTai400,WingTai160,https://wingtai.solovue.com/images/products/list/desktop/25MXI900.JPG,25MXI900.JPG,,,WingTai800,25MXI900.JPG
18 in Gold Clapper Bell,25MXI901,,,In Stock,,,,,,2,34.99,4,29.99,8,27.99,2,WingTai400,WingTai160,https://wingtai.solovue.com/images/products/list/desktop/25MXI901.JPG,25MXI901.JPG,,,WingTai800,25MXI901.JPG
2 in Gold Clapper Bell,25MXI902,,,In Stock,,,,,,24,0.99,48,0.89,96,0.79,24,WingTai400,WingTai160,https://wingtai.solovue.com/images/products/list/desktop/25MXI902.JPG,25MXI902.JPG,,,WingTai800,25MXI902.JPG
4 in Gold Clapper Bell,25MXI903,,,In Stock,,,,,,12,2.29,36,1.99,72,1.89,12,WingTai400,WingTai160,https://wingtai.solovue.com/images/products/list/desktop/25MXI903.JPG,25MXI903.JPG,,,WingTai800,25MXI903.JPG
6 in Gold Clapper Bell,25MXI904,,,In Stock,,,,,,12,3.99,36,3.69,72,3.49,12,WingTai400,WingTai160,https://wingtai.solovue.com/images/products/list/desktop/25MXI904.JPG,25MXI904.JPG,,,WingTai800,25MXI904.JPG
Gold Bells Hanger,25MXI905,,,In Stock,,,,,,8,5.99,16,5.49,32,4.99,8,WingTai400,WingTai160,https://wingtai.solovue.com/images/products/list/desktop/25MXI905.JPG,25MXI905.JPG,,,WingTai800,25MXI905.JPG
Round Gold Bells Hanger,25MXI906,,,In Stock,,,,,,4,13.99,12,11.99,24,10.99,4,WingTai400,WingTai160,https://wingtai.solovue.com/images/products/list/desktop/25MXI906.JPG,25MXI906.JPG,,,WingTai800,25MXI906.JPG
Gold 3 Bell Hanger,25MXI907,,,In Stock,,,,,,12,5.99,24,5.39,48,4.99,12,WingTai400,WingTai160,https://wingtai.solovue.com/images/products/list/desktop/25MXI907.JPG,25MXI907.JPG,,,WingTai800,25MXI907.JPG
12 in Gold Clapper Bell,25MXI908,,,In Stock,,,,,,2,14.99,8,12.99,16,11.99,2,WingTai400,WingTai160,https://wingtai.solovue.com/images/products/list/desktop/25MXI908.JPG,25MXI908.JPG,,,WingTai800,25MXI908.JPG
Red-Nosed Reindeer Tea Light Holder,25MXI910,,,Out of Stock,,,,,,6,9.99,12,8.99,24,8.29,6,WingTai400,WingTai160,https://wingtai.solovue.com/images/products/list/desktop/25MXI910.JPG,25MXI910.JPG,,,WingTai800,25MXI910.JPG
Rabbit Head Wall Hook,25MXI919,,,Out of Stock,,,,,,8,6.99,24,6.49,48,5.99,8,WingTai400,WingTai160,https://wingtai.solovue.com/images/products/list/desktop/25MXI919.JPG,25MXI919.JPG,,,WingTai800,25MXI919.JPG
Deco Luxe Lamp,25PAF010,,,Out of Stock,,,,,,4,36.99,8,32.99,12,29.99,4,WingTai400,WingTai160,https://wingtai.solovue.com/images/products/list/desktop/25PAF010.JPG,25PAF010.JPG,,,WingTai800,25PAF010.JPG
Zephyr Moderne Lamp,25PAF011,,,In Stock,,,,,,2,49.99,4,43.99,8,39.99,2,WingTai400,WingTai160,https://wingtai.solovue.com/images/products/list/desktop/25PAF011.JPG,25PAF011.JPG,,,WingTai800,25PAF011.JPG
Black Empire Lamp,25PAF012,,,Out of Stock,,,,,,2,39.99,4,34.99,8,31.99,2,WingTai400,WingTai160,https://wingtai.solovue.com/images/products/list/desktop/25PAF012.JPG,25PAF012.JPG,,,WingTai800,25PAF012.JPG
S/2 Streamline Porcelain Candle Holders,25PAF013-2S,,,Out of Stock,,,,,,3,15.99,6,13.99,12,12.99,3,WingTai400,WingTai160,https://wingtai.solovue.com/images/products/list/desktop/25PAF013-2S.JPG,25PAF013-2S.JPG,,,WingTai800,25PAF013-2S.JPG
5 in Peach Porcelain Planter,25PAF015,,,Out of Stock,,,,,,3,14.99,6,12.99,12,11.99,3,WingTai400,WingTai160,https://wingtai.solovue.com/images/products/list/desktop/25PAF015.JPG,25PAF015.JPG,,,WingTai800,25PAF015.JPG
Blue Savannah Lamp,25PAF016,,,Out of Stock,,,,,,2,39.9,4,39.9,8,39.9,2,WingTai400,WingTai160,https://wingtai.solovue.com/images/products/list/desktop/25PAF016.JPG,25PAF016.JPG,,,WingTai800,25PAF016.JPG
Cream Brunswick Lamp,25PAF017,,,In Stock,,,,,,2,39.9,4,39.9,8,39.9,2,WingTai400,WingTai160,https://wingtai.solovue.com/images/products/list/desktop/25PAF017.JPG,25PAF017.JPG,,,WingTai800,25PAF017.JPG
Cream Reindeer Vase,25PAF018,,,Out of Stock,,,,,,3,16.99,6,14.99,12,13.99,3,WingTai400,WingTai160,https://wingtai.solovue.com/images/products/list/desktop/25PAF018.JPG,25PAF018.JPG,,,WingTai800,25PAF018.JPG
Rustic Distressed Vase,25PAF019,,,Out of Stock,,,,,,1,89.99,2,79.99,4,69.99,1,WingTai400,WingTai160,https://wingtai.solovue.com/images/products/list/desktop/25PAF019.JPG,25PAF019.JPG,,,WingTai800,25PAF019.JPG
S/2 Porcelain Horses,25PAF020-2S,,,Out of Stock,,,,,,2,35.9,4,35.9,8,35.9,2,WingTai400,WingTai160,https://wingtai.solovue.com/images/products/list/desktop/25PAF020-2S.JPG,25PAF020-2S.JPG,,,WingTai800,25PAF020-2S.JPG
Tan Porcelain Owl,25PAF023,,,In Stock,,,,,,8,7.99,16,6.99,32,6.39,8,WingTai400,WingTai160,https://wingtai.solovue.com/images/products/list/desktop/25PAF023.JPG,25PAF023.JPG,,,WingTai800,25PAF023.JPG
Pamlico Blue Porcelain Short Taper Holder,25PAF030,,,Out of Stock,,,,,,3,7.95,6,6.95,12,6.35,3,WingTai400,WingTai160,https://wingtai.solovue.com/images/products/list/desktop/25PAF030.JPG,25PAF030.JPG,,,WingTai800,25PAF030.JPG
Pamlico Blue Porcelain Tall Taper Holder,25PAF031,,,Out of Stock,,,,,,3,9.99,6,8.99,12,8.29,3,WingTai400,WingTai160,https://wingtai.solovue.com/images/products/list/desktop/25PAF031.JPG,25PAF031.JPG,,,WingTai800,25PAF031.JPG
Red Porcelain Vase,25PAF045,,,Out of Stock,,,,,,6,16.99,12,14.99,18,13.99,6,WingTai400,WingTai160,https://wingtai.solovue.com/images/products/list/desktop/25PAF045.JPG,25PAF045.JPG,,,WingTai800,25PAF045.JPG
Emerald Tiered Vase,25PAF046,,,In Stock,,,,,,4,19.99,8,17.99,16,16.99,4,WingTai400,WingTai160,https://wingtai.solovue.com/images/products/list/desktop/25PAF046.JPG,25PAF046.JPG,,,WingTai800,25PAF046.JPG
Short Capped Textured Vase,25PAF047,,,In Stock,,,,,,6,10.9,12,10.9,18,10.9,6,WingTai400,WingTai160,https://wingtai.solovue.com/images/products/list/desktop/25PAF047.JPG,25PAF047.JPG,,,WingTai800,25PAF047.JPG
Tall Capped Textured Vase,25PAF048,,,In Stock,,,,,,4,17.9,8,17.9,12,17.9,4,WingTai400,WingTai160,https://wingtai.solovue.com/images/products/list/desktop/25PAF048.JPG,25PAF048.JPG,,,WingTai800,25PAF048.JPG
Flared Textured Vase,25PAF050,,,Out of Stock,,,,,,4,16.99,8,14.99,16,13.99,4,WingTai400,WingTai160,https://wingtai.solovue.com/images/products/list/desktop/25PAF050.JPG,25PAF050.JPG,,,WingTai800,25PAF050.JPG
"""Werner"" Black Resin Statue",25PAF051,,,In Stock,,,,,,3,13.99,12,12.99,24,11.99,3,WingTai400,WingTai160,https://wingtai.solovue.com/images/products/list/desktop/25PAF051.JPG,25PAF051.JPG,,,WingTai800,25PAF051.JPG
S/2 Vintage Pyramid Trees,25PAF053-2S,,,Out of Stock,,,,,,2,14.9,8,14.9,16,14.9,2,WingTai400,WingTai160,https://wingtai.solovue.com/images/products/list/desktop/25PAF053-2S.JPG,25PAF053-2S.JPG,,,WingTai800,25PAF053-2S.JPG
Lg Wavy Vase,25PAF055,,,Out of Stock,,,,,,12,6.99,24,6.49,36,5.99,12,WingTai400,WingTai160,https://wingtai.solovue.com/images/products/list/desktop/25PAF055.JPG,25PAF055.JPG,,,WingTai800,25PAF055.JPG
White Melting Vase,25PAF062,,,Out of Stock,,,,,,2,16.99,4,14.99,8,13.99,2,WingTai400,WingTai160,https://wingtai.solovue.com/images/products/list/desktop/25PAF062.JPG,25PAF062.JPG,,,WingTai800,25PAF062.JPG
Phrenology Head,25PAF063,,,In Stock,,,,,,4,7.97,8,7.97,16,7.97,4,WingTai400,WingTai160,https://wingtai.solovue.com/images/products/list/desktop/25PAF063.JPG,25PAF063.JPG,,,WingTai800,25PAF063.JPG
Hand Meridian Model,25PAF064,,,In Stock,,,,,,3,6.97,6,6.97,12,6.97,3,WingTai400,WingTai160,https://wingtai.solovue.com/images/products/list/desktop/25PAF064.JPG,25PAF064.JPG,,,WingTai800,25PAF064.JPG
Distressed Pottery Plump Candle Holder,25PAF618,,,Out of Stock,,,,,,6,10.99,12,10.99,18,10.99,6,WingTai400,WingTai160,https://wingtai.solovue.com/images/products/list/desktop/25PAF618.JPG,25PAF618.JPG,,,WingTai800,25PAF618.JPG
Melting Vase,25PAF619,,,Out of Stock Sep 5,,,,,,6,14.99,12,12.99,18,11.99,6,WingTai400,WingTai160,https://wingtai.solovue.com/images/products/list/desktop/25PAF619.JPG,25PAF619.JPG,,,WingTai800,25PAF619.JPG
4 x 11 inch Simple Pottery Vase,25PAF620,,,Out of Stock Sep 5,,,,,,6,10.99,12,9.99,18,8.99,6,WingTai400,WingTai160,https://wingtai.solovue.com/images/products/list/desktop/25PAF620.JPG,25PAF620.JPG,,,WingTai800,25PAF620.JPG
5 x 10 inch Simple Pottery Vase,25PAF621,,,Out of Stock Sep 5,,,,,,6,10.99,12,9.99,18,8.99,6,WingTai400,WingTai160,https://wingtai.solovue.com/images/products/list/desktop/25PAF621.JPG,25PAF621.JPG,,,WingTai800,25PAF621.JPG
Tall Cream Distressed Pillar Holder,25PAF625,,,Out of Stock,,,,,,4,6.39,12,6.39,24,6.39,4,WingTai400,WingTai160,https://wingtai.solovue.com/images/products/list/desktop/25PAF625.JPG,25PAF625.JPG,,,WingTai800,25PAF625.JPG
Short Cream Distressed Pillar Holder,25PAF626,,,Out of Stock,,,,,,4,5.59,12,5.59,24,5.59,4,WingTai400,WingTai160,https://wingtai.solovue.com/images/products/list/desktop/25PAF626.JPG,25PAF626.JPG,,,WingTai800,25PAF626.JPG
Tall Angel w/Star,25PAF627,,,Out of Stock Sep 5,,,,,,6,8.99,12,7.99,24,7.29,6,WingTai400,WingTai160,https://wingtai.solovue.com/images/products/list/desktop/25PAF627.JPG,25PAF627.JPG,,,WingTai800,25PAF627.JPG
Short Angel w/Star,25PAF628,,,Out of Stock Sep 5,,,,,,6,6.95,12,6.15,24,5.65,6,WingTai400,WingTai160,https://wingtai.solovue.com/images/products/list/desktop/25PAF628.JPG,25PAF628.JPG,,,WingTai800,25PAF628.JPG
Simple Duck,25PAF629,,,Out of Stock Sep 5,,,,,,12,4.95,24,4.35,48,3.95,12,WingTai400,WingTai160,https://wingtai.solovue.com/images/products/list/desktop/25PAF629.JPG,25PAF629.JPG,,,WingTai800,25PAF629.JPG
Simple Bird,25PAF630,,,Out of Stock Sep 5,,,,,,12,3.95,24,3.45,48,3.15,12,WingTai400,WingTai160,https://wingtai.solovue.com/images/products/list/desktop/25PAF630.JPG,25PAF630.JPG,,,WingTai800,25PAF630.JPG
Emerald Porcelain Cup,25PAF631,,,In Stock,,,,,,4,8.95,8,7.95,16,6.95,4,WingTai400,WingTai160,https://wingtai.solovue.com/images/products/list/desktop/25PAF631.JPG,25PAF631.JPG,,,WingTai800,25PAF631.JPG
Earth Tone Rattan-Look Cup,25PAF632,,,Out of Stock,,,,,,4,7.49,12,6.79,24,5.99,4,WingTai400,WingTai160,https://wingtai.solovue.com/images/products/list/desktop/25PAF632.JPG,25PAF632.JPG,,,WingTai800,25PAF632.JPG
Earth Tone Ripple Cup,25PAF633,,,Out of Stock,,,,,,6,4.95,12,4.35,24,3.95,6,WingTai400,WingTai160,https://wingtai.solovue.com/images/products/list/desktop/25PAF633.JPG,25PAF633.JPG,,,WingTai800,25PAF633.JPG
Cream Ridged Lamp_Shade,25PAF650,,,Out of Stock Sep 5,,,,,,4,46.99,8,41.99,12,37.99,4,WingTai400,WingTai160,https://wingtai.solovue.com/images/products/list/desktop/25PAF650.JPG,25PAF650.JPG,,,WingTai800,25PAF650.JPG
Cream Boho Lamp_Shade,25PAF651,,,Out of Stock Sep 5,,,,,,6,32.99,12,29.99,18,26.99,6,WingTai400,WingTai160,https://wingtai.solovue.com/images/products/list/desktop/25PAF651.JPG,25PAF651.JPG,,,WingTai800,25PAF651.JPG
Tall Distressed Pottery Cream/Orange Vase,25PAF652,,,Out of Stock,,,,,,3,13.99,6,12.99,12,11.99,3,WingTai400,WingTai160,https://wingtai.solovue.com/images/products/list/desktop/25PAF652.JPG,25PAF652.JPG,,,WingTai800,25PAF652.JPG
Med Distressed Pottery Cream Orange/Blue Vase,25PAF653,,,Out of Stock,,,,,,4,10.99,8,9.99,16,8.99,4,WingTai400,WingTai160,https://wingtai.solovue.com/images/products/list/desktop/25PAF653.JPG,25PAF653.JPG,,,WingTai800,25PAF653.JPG
Broken Orb,25PAF656,,,Out of Stock,,,,,,8,5.99,16,5.49,32,4.99,8,WingTai400,WingTai160,https://wingtai.solovue.com/images/products/list/desktop/25PAF656.JPG,25PAF656.JPG,,,WingTai800,25PAF656.JPG
Brown Porcelain Apartment (658),25PAF658,,,Out of Stock,,,,,,3,10.99,9,9.99,18,9.19,3,WingTai400,WingTai160,https://wingtai.solovue.com/images/products/list/desktop/25PAF658.JPG,25PAF658.JPG,,,WingTai800,25PAF658.JPG
Brown Porcelain Apartment (659),25PAF659,,,Out of Stock,,,,,,3,10.99,9,9.99,18,9.19,3,WingTai400,WingTai160,https://wingtai.solovue.com/images/products/list/desktop/25PAF659.JPG,25PAF659.JPG,,,WingTai800,25PAF659.JPG
Pink Porcelain Painted Lady,25PAF660,,,Out of Stock,,,,,,3,14.99,9,12.99,18,11.99,3,WingTai400,WingTai160,https://wingtai.solovue.com/images/products/list/desktop/25PAF660.JPG,25PAF660.JPG,,,WingTai800,25PAF660.JPG
Brown Porcelain Painted Lady,25PAF661,,,Out of Stock,,,,,,3,10.99,9,9.99,18,9.19,3,WingTai400,WingTai160,https://wingtai.solovue.com/images/products/list/desktop/25PAF661.JPG,25PAF661.JPG,,,WingTai800,25PAF661.JPG
Red Porcelain Painted Lady,25PAF662,,,Out of Stock,,,,,,3,9.99,9,8.99,18,8.29,3,WingTai400,WingTai160,https://wingtai.solovue.com/images/products/list/desktop/25PAF662.JPG,25PAF662.JPG,,,WingTai800,25PAF662.JPG
Sm Pink Porcelain Painted Lady,25PAF663,,,Out of Stock,,,,,,8,4.99,16,4.49,32,3.99,8,WingTai400,WingTai160,https://wingtai.solovue.com/images/products/list/desktop/25PAF663.JPG,25PAF663.JPG,,,WingTai800,25PAF663.JPG
Little Gray Porcelain Painted Lady,25PAF664,,,Out of Stock,,,,,,8,4.99,16,4.49,32,3.99,8,WingTai400,WingTai160,https://wingtai.solovue.com/images/products/list/desktop/25PAF664.JPG,25PAF664.JPG,,,WingTai800,25PAF664.JPG
Blue/White Porcelain Teapot,25PAF666,,,Out of Stock,,,,,,4,11.99,8,10.99,16,9.99,4,WingTai400,WingTai160,https://wingtai.solovue.com/images/products/list/desktop/25PAF666.JPG,25PAF666.JPG,,,WingTai800,25PAF666.JPG
Blue/White Porcelain Jar w/Lid,25PAF667,,,Out of Stock,,,,,,6,4.99,12,4.49,24,3.99,6,WingTai400,WingTai160,https://wingtai.solovue.com/images/products/list/desktop/25PAF667.JPG,25PAF667.JPG,,,WingTai800,25PAF667.JPG
Blue/White Porcelain Cup,25PAF668,,,Out of Stock,,,,,,9,4.99,18,4.49,36,3.99,9,WingTai400,WingTai160,https://wingtai.solovue.com/images/products/list/desktop/25PAF668.JPG,25PAF668.JPG,,,WingTai800,25PAF668.JPG
Cream Textured Vase,25PAF671,,,Out of Stock,,,,,,2,79.99,4,69.99,6,64.99,2,WingTai400,WingTai160,https://wingtai.solovue.com/images/products/list/desktop/25PAF671.JPG,25PAF671.JPG,,,WingTai800,25PAF671.JPG
Short Narrow-Neck Organic Vase,25PAF675,,,Out of Stock,,,,,,4,13.99,8,11.99,16,10.99,4,WingTai400,WingTai160,https://wingtai.solovue.com/images/products/list/desktop/25PAF675.JPG,25PAF675.JPG,,,WingTai800,25PAF675.JPG
Silver Porcelain Whale,25PAF961,,,Out of Stock,,,,,,2,49.99,4,43.99,8,39.99,2,WingTai400,WingTai160,https://wingtai.solovue.com/images/products/list/desktop/25PAF961.JPG,25PAF961.JPG,,,WingTai800,25PAF961.JPG
Silver Porcelain Shark,25PAF962,,,Out of Stock,,,,,,2,19.99,8,17.99,16,16.99,2,WingTai400,WingTai160,https://wingtai.solovue.com/images/products/list/desktop/25PAF962.JPG,25PAF962.JPG,,,WingTai800,25PAF962.JPG
Gold Resin Sleeping Fox,25PAF964,,,In Stock,,,,,,4,17.99,8,15.99,16,14.99,4,WingTai400,WingTai160,https://wingtai.solovue.com/images/products/list/desktop/25PAF964.JPG,25PAF964.JPG,,,WingTai800,25PAF964.JPG
Distressed Pottery Skinny Candle Holder,25PXAF617,,,Out of Stock Sep 5,,,,,,6,11.99,12,10.99,18,9.99,6,WingTai400,WingTai160,https://wingtai.solovue.com/images/products/list/desktop/25PXAF617.JPG,25PXAF617.JPG,,,WingTai800,25PXAF617.JPG
Retro Chic Candle Holder,25PXF014,,,Out of Stock,,,,,,4,9.99,8,8.99,16,8.29,4,WingTai400,WingTai160,https://wingtai.solovue.com/images/products/list/desktop/25PXF014.JPG,25PXF014.JPG,,,WingTai800,25PXF014.JPG
S/2 Dark Porcelain Squirrels,25PXF021-2S,,,In Stock,,,,,,4,19.99,8,17.99,16,15.99,4,WingTai400,WingTai160,https://wingtai.solovue.com/images/products/list/desktop/25PXF021-2S.JPG,25PXF021-2S.JPG,,,WingTai800,25PXF021-2S.JPG
White Porcelain Owl,25PXF022,,,In Stock,,,,,,8,8.99,16,7.99,32,7.39,8,WingTai400,WingTai160,https://wingtai.solovue.com/images/products/list/desktop/25PXF022.JPG,25PXF022.JPG,,,WingTai800,25PXF022.JPG
Retro Lighted Porcelain White Tree,25PXF024,,,Out of Stock,,,,,,2,26.99,6,24.99,12,22.99,2,WingTai400,WingTai160,https://wingtai.solovue.com/images/products/list/desktop/25PXF024.JPG,25PXF024.JPG,,,WingTai800,25PXF024.JPG
Retro Lighted Porcelain Green Tree,25PXF025,,,In Stock,,,,,,2,19.49,6,19.49,12,19.49,2,WingTai400,WingTai160,https://wingtai.solovue.com/images/products/list/desktop/25PXF025.JPG,25PXF025.JPG,,,WingTai800,25PXF025.JPG
Retro Lighted Porcelain Green Short Tree,25PXF026,,,In Stock,,,,,,3,16.99,6,16.99,12,16.99,3,WingTai400,WingTai160,https://wingtai.solovue.com/images/products/list/desktop/25PXF026.JPG,25PXF026.JPG,,,WingTai800,25PXF026.JPG
Nimbus Gray Porcelain Lighted House,25PXF027,,,Out of Stock,,,,,,3,14.99,6,12.99,12,11.99,3,WingTai400,WingTai160,https://wingtai.solovue.com/images/products/list/desktop/25PXF027.JPG,25PXF027.JPG,,,WingTai800,25PXF027.JPG
Albemarle Blue Porclain Lighted House,25PXF028,,,Out of Stock,,,,,,3,14.99,6,12.99,12,11.99,3,WingTai400,WingTai160,https://wingtai.solovue.com/images/products/list/desktop/25PXF028.JPG,25PXF028.JPG,,,WingTai800,25PXF028.JPG
Pamlico Blue Porcelain Lighted House,25PXF029,,,Out of Stock,,,,,,3,14.99,6,12.99,12,11.99,3,WingTai400,WingTai160,https://wingtai.solovue.com/images/products/list/desktop/25PXF029.JPG,25PXF029.JPG,,,WingTai800,25PXF029.JPG
Hanover Black Lighted Steeple,25PXF032,,,Out of Stock,,,,,,4,12.99,12,11.99,24,10.99,4,WingTai400,WingTai160,https://wingtai.solovue.com/images/products/list/desktop/25PXF032.JPG,25PXF032.JPG,,,WingTai800,25PXF032.JPG
Salem Brown Lighted Steeple,25PXF033,,,Out of Stock,,,,,,4,12.99,12,11.99,24,10.99,4,WingTai400,WingTai160,https://wingtai.solovue.com/images/products/list/desktop/25PXF033.JPG,25PXF033.JPG,,,WingTai800,25PXF033.JPG
Lg Resin Pinecone,25PXF034,,,In Stock,,,,,,6,5.59,12,5.59,24,5.59,6,WingTai400,WingTai160,https://wingtai.solovue.com/images/products/list/desktop/25PXF034.JPG,25PXF034.JPG,,,WingTai800,25PXF034.JPG
Sm Resin Pinecone,25PXF035,,,In Stock,,,,,,12,4.49,36,4.49,72,4.49,12,WingTai400,WingTai160,https://wingtai.solovue.com/images/products/list/desktop/25PXF035.JPG,25PXF035.JPG,,,WingTai800,25PXF035.JPG
Short Forest Floor Striped Round Vase,25PXF056,,,In Stock,,,,,,12,5.29,24,4.79,36,4.29,12,WingTai400,WingTai160,https://wingtai.solovue.com/images/products/list/desktop/25PXF056.JPG,25PXF056.JPG,,,WingTai800,25PXF056.JPG
Tall Forest Floor Striped Round Vase,25PXF057,,,In Stock,,,,,,12,6.99,24,6.19,36,5.69,12,WingTai400,WingTai160,https://wingtai.solovue.com/images/products/list/desktop/25PXF057.JPG,25PXF057.JPG,,,WingTai800,25PXF057.JPG
Short Bone White Round Vase,25PXF058,,,In Stock,,,,,,12,5.29,24,4.79,36,4.29,12,WingTai400,WingTai160,https://wingtai.solovue.com/images/products/list/desktop/25PXF058.JPG,25PXF058.JPG,,,WingTai800,25PXF058.JPG
Tall Bone White Round Vase,25PXF059,,,In Stock,,,,,,12,6.99,24,6.19,36,5.69,12,WingTai400,WingTai160,https://wingtai.solovue.com/images/products/list/desktop/25PXF059.JPG,25PXF059.JPG,,,WingTai800,25PXF059.JPG
Short Nimbus Gray Round Vase,25PXF060,,,In Stock,,,,,,12,5.29,24,4.79,36,4.29,12,WingTai400,WingTai160,https://wingtai.solovue.com/images/products/list/desktop/25PXF060.JPG,25PXF060.JPG,,,WingTai800,25PXF060.JPG
Tall Nimbus Gray Round Vase,25PXF061,,,In Stock,,,,,,12,6.99,24,6.19,36,5.69,12,WingTai400,WingTai160,https://wingtai.solovue.com/images/products/list/desktop/25PXF061.JPG,25PXF061.JPG,,,WingTai800,25PXF061.JPG
Retro Lighted Porcelain Icy Glacier Tree,25PXF065,,,Out of Stock,,,,,,2,27.99,4,24.99,8,22.99,2,WingTai400,WingTai160,https://wingtai.solovue.com/images/products/list/desktop/25PXF065.JPG,25PXF065.JPG,,,WingTai800,25PXF065.JPG
Retro Lighted Porcelain Georgia Peach Christmas Tree,25PXF066,,,Out of Stock,,,,,,2,27.99,4,24.99,8,22.99,2,WingTai400,WingTai160,https://wingtai.solovue.com/images/products/list/desktop/25PXF066.JPG,25PXF066.JPG,,,WingTai800,25PXF066.JPG
S/2 Green/Brown Porcelian Tree Stands,25PXF067-2S,,,Out of Stock,,,,,,4,19.99,8,17.99,16,16.99,4,WingTai400,WingTai160,https://wingtai.solovue.com/images/products/list/desktop/25PXF067-2S.JPG,25PXF067-2S.JPG,,,WingTai800,25PXF067-2S.JPG
Leather Black Porcelain Reindeer Head,25PXF068,,,In Stock,,,,,,6,11.95,12,10.95,18,9.95,6,WingTai400,WingTai160,https://wingtai.solovue.com/images/products/list/desktop/25PXF068.JPG,25PXF068.JPG,,,WingTai800,25PXF068.JPG
Vintage Christmas Santa Mug,25PXF069,,,In Stock,,,,,,6,5.99,12,5.99,24,5.99,6,WingTai400,WingTai160,https://wingtai.solovue.com/images/products/list/desktop/25PXF069.JPG,25PXF069.JPG,,,WingTai800,25PXF069.JPG
S/2 Red & White Santa Head Salt/Pepper Shakers,25PXF070-2S,,,In Stock,,,,,,9,5.99,18,5.49,36,4.99,9,WingTai400,WingTai160,https://wingtai.solovue.com/images/products/list/desktop/25PXF070-2S.JPG,25PXF070-2S.JPG,,,WingTai800,25PXF070-2S.JPG
Tall Bronze Porcelain Tree,25PXF071,,,In Stock,,,,,,6,14.99,12,12.99,18,11.99,6,WingTai400,WingTai160,https://wingtai.solovue.com/images/products/list/desktop/25PXF071.JPG,25PXF071.JPG,,,WingTai800,25PXF071.JPG
S/2 Bronze Porcelain Santa Figurines,25PXF072-2S,,,In Stock,,,,,,4,9.99,16,8.99,32,8.29,4,WingTai400,WingTai160,https://wingtai.solovue.com/images/products/list/desktop/25PXF072-2S.JPG,25PXF072-2S.JPG,,,WingTai800,25PXF072-2S.JPG
Short Bronze Porcelain Tree,25PXF073,,,In Stock,,,,,,6,11.99,12,10.99,18,9.99,6,WingTai400,WingTai160,https://wingtai.solovue.com/images/products/list/desktop/25PXF073.JPG,25PXF073.JPG,,,WingTai800,25PXF073.JPG
Tall Rose Gold Porcelain Tree,25PXF074,,,In Stock,,,,,,6,12.69,12,12.69,18,12.69,6,WingTai400,WingTai160,https://wingtai.solovue.com/images/products/list/desktop/25PXF074.JPG,25PXF074.JPG,,,WingTai800,25PXF074.JPG
Short Rose Gold Porcelain Tree,25PXF075,,,In Stock,,,,,,6,9.59,12,9.59,18,9.59,6,WingTai400,WingTai160,https://wingtai.solovue.com/images/products/list/desktop/25PXF075.JPG,25PXF075.JPG,,,WingTai800,25PXF075.JPG
S/2 Cream Porcelain Santa Figurines,25PXF076-2S,,,In Stock,,,,,,4,10.99,16,9.69,32,8.99,4,WingTai400,WingTai160,https://wingtai.solovue.com/images/products/list/desktop/25PXF076-2S.JPG,25PXF076-2S.JPG,,,WingTai800,25PXF076-2S.JPG
Retro Lighted Flocked Porcelain Tree,25PXF077,,,In Stock,,,,,,2,17.9,4,17.9,8,17.9,2,WingTai400,WingTai160,https://wingtai.solovue.com/images/products/list/desktop/25PXF077.JPG,25PXF077.JPG,,,WingTai800,25PXF077.JPG
Small A-Frame Porcelain Cottage,25PXF078,,,In Stock,,,,,,8,7.19,16,7.19,32,7.19,8,WingTai400,WingTai160,https://wingtai.solovue.com/images/products/list/desktop/25PXF078.JPG,25PXF078.JPG,,,WingTai800,25PXF078.JPG
Large A-Frame Porcelain Cottage,25PXF079,,,In Stock,,,,,,4,10.39,8,10.39,16,10.39,4,WingTai400,WingTai160,https://wingtai.solovue.com/images/products/list/desktop/25PXF079.JPG,25PXF079.JPG,,,WingTai800,25PXF079.JPG
S/2 Green/Bronze Standup Trees,25PXF080-2S,,,In Stock,,,,,,4,12.69,8,12.69,16,12.69,4,WingTai400,WingTai160,https://wingtai.solovue.com/images/products/list/desktop/25PXF080-2S.JPG,25PXF080-2S.JPG,,,WingTai800,25PXF080-2S.JPG
Small Porcelain Taper Holder,25PXF081,,,In Stock,,,,,,8,5.99,24,5.49,48,4.99,8,WingTai400,WingTai160,https://wingtai.solovue.com/images/products/list/desktop/25PXF081.JPG,25PXF081.JPG,,,WingTai800,25PXF081.JPG
Tall Porcelain Taper Holder,25PXF082,,,In Stock,,,,,,8,7.99,16,6.99,32,6.49,8,WingTai400,WingTai160,https://wingtai.solovue.com/images/products/list/desktop/25PXF082.JPG,25PXF082.JPG,,,WingTai800,25PXF082.JPG
Distressed Cream Christmas Tree,25PXF083,,,In Stock,,,,,,4,10.99,8,9.99,16,9.19,4,WingTai400,WingTai160,https://wingtai.solovue.com/images/products/list/desktop/25PXF083.JPG,25PXF083.JPG,,,WingTai800,25PXF083.JPG
Festive Evergreen Christmas Tree,25PXF084,,,Out of Stock,,,,,,8,7.99,16,6.99,32,6.49,8,WingTai400,WingTai160,https://wingtai.solovue.com/images/products/list/desktop/25PXF084.JPG,25PXF084.JPG,,,WingTai800,25PXF084.JPG
S/2 Small White Porcelain Taper Holders,25PXF085-2S,,,In Stock,,,,,,4,13.99,8,11.99,16,10.99,4,WingTai400,WingTai160,https://wingtai.solovue.com/images/products/list/desktop/25PXF085-2S.JPG,25PXF085-2S.JPG,,,WingTai800,25PXF085-2S.JPG
Nimbus Gray Tall Porcelain House,25PXF086,,,Out of Stock Dec 1,,,,,,2,24.99,8,21.99,16,19.99,2,WingTai400,WingTai160,https://wingtai.solovue.com/images/products/list/desktop/25PXF086.JPG,25PXF086.JPG,,,WingTai800,25PXF086.JPG
Albemarle Blue Tall Porcelain House,25PXF087,,,In Stock,,,,,,4,13.99,8,11.99,16,10.99,4,WingTai400,WingTai160,https://wingtai.solovue.com/images/products/list/desktop/25PXF087.JPG,25PXF087.JPG,,,WingTai800,25PXF087.JPG
London Fog Tall Porcelain House,25PXF088,,,In Stock,,,,,,4,13.99,8,11.99,16,10.99,4,WingTai400,WingTai160,https://wingtai.solovue.com/images/products/list/desktop/25PXF088.JPG,25PXF088.JPG,,,WingTai800,25PXF088.JPG
S/2White Porcelain Candle Plate Risers,25PXF089-2S,,,In Stock,,,,,,4,14.99,8,12.99,16,11.99,4,WingTai400,WingTai160,https://wingtai.solovue.com/images/products/list/desktop/25PXF089-2S.JPG,25PXF089-2S.JPG,,,WingTai800,25PXF089-2S.JPG
Short Organic Brown Porcelain Candle Holder,25PXF090,,,Out of Stock,,,,,,8,9.95,16,8.95,32,8.25,8,WingTai400,WingTai160,https://wingtai.solovue.com/images/products/list/desktop/25PXF090.JPG,25PXF090.JPG,,,WingTai800,25PXF090.JPG
Tall Organic Brown Porcelain Candle Holder,25PXF091,,,Out of Stock,,,,,,8,12.99,16,11.99,24,10.99,8,WingTai400,WingTai160,https://wingtai.solovue.com/images/products/list/desktop/25PXF091.JPG,25PXF091.JPG,,,WingTai800,25PXF091.JPG
Matte Black Taper Holder,25PXF092,,,Out of Stock,,,,,,8,5.49,24,4.99,48,4.59,8,WingTai400,WingTai160,https://wingtai.solovue.com/images/products/list/desktop/25PXF092.JPG,25PXF092.JPG,,,WingTai800,25PXF092.JPG
Crimson Forest Taper Holder,25PXF093,,,Out of Stock,,,,,,8,5.49,24,4.99,48,4.59,8,WingTai400,WingTai160,https://wingtai.solovue.com/images/products/list/desktop/25PXF093.JPG,25PXF093.JPG,,,WingTai800,25PXF093.JPG
Dusty Pebble Porcelain Small Wolf,25PXF094,,,In Stock,,,,,,8,6.99,16,6.19,32,5.69,8,WingTai400,WingTai160,https://wingtai.solovue.com/images/products/list/desktop/25PXF094.JPG,25PXF094.JPG,,,WingTai800,25PXF094.JPG
Crimson Forest Porcelain Lg Wolf,25PXF095,,,Out of Stock,,,,,,4,12.99,12,10.99,24,9.99,4,WingTai400,WingTai160,https://wingtai.solovue.com/images/products/list/desktop/25PXF095.JPG,25PXF095.JPG,,,WingTai800,25PXF095.JPG
Matte Black Porcelain Wolf Head,25PXF096,,,In Stock,,,,,,8,6.95,24,6.15,48,5.65,8,WingTai400,WingTai160,https://wingtai.solovue.com/images/products/list/desktop/25PXF096.JPG,25PXF096.JPG,,,WingTai800,25PXF096.JPG
Distressed Gold Porcelain Wolf Head,25PXF097,,,In Stock,,,,,,8,6.99,16,6.49,32,5.99,8,WingTai400,WingTai160,https://wingtai.solovue.com/images/products/list/desktop/25PXF097.JPG,25PXF097.JPG,,,WingTai800,25PXF097.JPG
Matte Black Porcelain Bear Head,25PXF098,,,In Stock,,,,,,8,6.99,16,6.49,32,5.99,8,WingTai400,WingTai160,https://wingtai.solovue.com/images/products/list/desktop/25PXF098.JPG,25PXF098.JPG,,,WingTai800,25PXF098.JPG
Distressed Gold Porcelain Bear Head,25PXF099,,,In Stock,,,,,,8,6.99,16,6.49,32,5.99,8,WingTai400,WingTai160,https://wingtai.solovue.com/images/products/list/desktop/25PXF099.JPG,25PXF099.JPG,,,WingTai800,25PXF099.JPG
Matte Black Porcelain Deer Head,25PXF100,,,Out of Stock,,,,,,4,19.99,8,17.99,16,16.99,4,WingTai400,WingTai160,https://wingtai.solovue.com/images/products/list/desktop/25PXF100.JPG,25PXF100.JPG,,,WingTai800,25PXF100.JPG
Distressed Gold Porcelain Deer Head,25PXF101,,,Out of Stock,,,,,,4,21.59,4,21.59,8,21.59,4,WingTai400,WingTai160,https://wingtai.solovue.com/images/products/list/desktop/25PXF101.JPG,25PXF101.JPG,,,WingTai800,25PXF101.JPG
S/2 White Santa Heads,25PXF173-2S,,,In Stock,,,,,,9,5.99,18,5.49,36,4.99,9,WingTai400,WingTai160,https://wingtai.solovue.com/images/products/list/desktop/25PXF173-2S.JPG,25PXF173-2S.JPG,,,WingTai800,25PXF173-2S.JPG
S/2 Blue and White Christmas Ornaments,25PXF174-2S,,,Out of Stock,,,,,,8,5.99,24,5.29,48,4.99,8,WingTai400,WingTai160,https://wingtai.solovue.com/images/products/list/desktop/25PXF174-2S.JPG,25PXF174-2S.JPG,,,WingTai800,25PXF174-2S.JPG
S/2 Earthy Christmas Ornaments,25PXF175-2S,,,Out of Stock,,,,,,8,5.99,24,5.29,48,4.99,8,WingTai400,WingTai160,https://wingtai.solovue.com/images/products/list/desktop/25PXF175-2S.JPG,25PXF175-2S.JPG,,,WingTai800,25PXF175-2S.JPG
S/2 Earth Shine Snowmen/Santa,25PXF176-2S,,,In Stock,,,,,,4,8.49,16,8.49,32,8.49,4,WingTai400,WingTai160,https://wingtai.solovue.com/images/products/list/desktop/25PXF176-2S.JPG,25PXF176-2S.JPG,,,WingTai800,25PXF176-2S.JPG
Pink Coquette Cup,25PXF634,,,In Stock,,,,,,4,14.99,12,12.99,24,11.99,4,WingTai400,WingTai160,https://wingtai.solovue.com/images/products/list/desktop/25PXF634.JPG,25PXF634.JPG,,,WingTai800,25PXF634.JPG
Pink Coquette Oval Dish,25PXF635,,,In Stock,,,,,,6,7.99,12,6.99,24,6.49,6,WingTai400,WingTai160,https://wingtai.solovue.com/images/products/list/desktop/25PXF635.JPG,25PXF635.JPG,,,WingTai800,25PXF635.JPG
2 Layer Emerald Planter,25PXF636,,,In Stock,,,,,,8,4.99,16,4.49,32,3.99,8,WingTai400,WingTai160,https://wingtai.solovue.com/images/products/list/desktop/25PXF636.JPG,25PXF636.JPG,,,WingTai800,25PXF636.JPG
2 Layer Small Emerald Planter,25PXF637,,,In Stock,,,,,,8,3.99,16,3.59,32,3.29,8,WingTai400,WingTai160,https://wingtai.solovue.com/images/products/list/desktop/25PXF637.JPG,25PXF637.JPG,,,WingTai800,25PXF637.JPG
Lg Porcelain Mottled Deer,25PXF638,,,Out of Stock Sep 5,,,,,,8,6.29,16,6.29,32,6.29,8,WingTai400,WingTai160,https://wingtai.solovue.com/images/products/list/desktop/25PXF638.JPG,25PXF638.JPG,,,WingTai800,25PXF638.JPG
Sm Porcelain Mottled Deer,25PXF639,,,Out of Stock Sep 5,,,,,,8,5.09,16,5.09,32,5.09,8,WingTai400,WingTai160,https://wingtai.solovue.com/images/products/list/desktop/25PXF639.JPG,25PXF639.JPG,,,WingTai800,25PXF639.JPG
Large Porcelain Brown-Tail Squirrel,25PXF640,,,In Stock,,,,,,6,7.99,12,6.99,24,6.39,6,WingTai400,WingTai160,https://wingtai.solovue.com/images/products/list/desktop/25PXF640.JPG,25PXF640.JPG,,,WingTai800,25PXF640.JPG
Small Porcelain Brown-Tail Squirrel,25PXF641,,,In Stock,,,,,,8,4.99,16,4.39,32,3.99,8,WingTai400,WingTai160,https://wingtai.solovue.com/images/products/list/desktop/25PXF641.JPG,25PXF641.JPG,,,WingTai800,25PXF641.JPG
Blue White/Gray Porcelain Acorn,25PXF642,,,Out of Stock,,,,,,12,2.95,48,2.65,96,2.45,12,WingTai400,WingTai160,https://wingtai.solovue.com/images/products/list/desktop/25PXF642.JPG,25PXF642.JPG,,,WingTai800,25PXF642.JPG
Tall White Ridged Taper Holder,25PXF900,,,Out of Stock,,,,,,12,6.99,24,6.19,36,5.69,12,WingTai400,WingTai160,https://wingtai.solovue.com/images/products/list/desktop/25PXF900.JPG,25PXF900.JPG,,,WingTai800,25PXF900.JPG
Short White Ridged Taper Holder,25PXF901,,,Out of Stock,,,,,,12,4.99,24,4.49,48,4.19,12,WingTai400,WingTai160,https://wingtai.solovue.com/images/products/list/desktop/25PXF901.JPG,25PXF901.JPG,,,WingTai800,25PXF901.JPG
Rocking Horse,25PXF902,,,Out of Stock,,,,,,2,39.99,4,34.99,8,29.99,2,WingTai400,WingTai160,https://wingtai.solovue.com/images/products/list/desktop/25PXF902.JPG,25PXF902.JPG,,,WingTai800,25PXF902.JPG
Deer Head Stand,25PXF903,,,Out of Stock,,,,,,4,15.99,8,13.99,16,12.99,4,WingTai400,WingTai160,https://wingtai.solovue.com/images/products/list/desktop/25PXF903.JPG,25PXF903.JPG,,,WingTai800,25PXF903.JPG
Whitewashed Deer Head Stand,25PXF904,,,In Stock,,,,,,4,13.59,8,13.59,16,13.59,4,WingTai400,WingTai160,https://wingtai.solovue.com/images/products/list/desktop/25PXF904.JPG,25PXF904.JPG,,,WingTai800,25PXF904.JPG
Med. White Resin Tiny Window House,25PXF906,,,Out of Stock,,,,,,6,6.99,12,6.19,24,5.69,6,WingTai400,WingTai160,https://wingtai.solovue.com/images/products/list/desktop/25PXF906.JPG,25PXF906.JPG,,,WingTai800,25PXF906.JPG
Sm White Resin Tiny Window Lighted House,25PXF907,,,Out of Stock,,,,,,12,5.99,24,5.29,48,4.89,12,WingTai400,WingTai160,https://wingtai.solovue.com/images/products/list/desktop/25PXF907.JPG,25PXF907.JPG,,,WingTai800,25PXF907.JPG
Tall Icy Glacier Ridged Tree,25PXF908,,,Out of Stock,,,,,,12,8.99,24,7.99,36,7.29,12,WingTai400,WingTai160,https://wingtai.solovue.com/images/products/list/desktop/25PXF908.JPG,25PXF908.JPG,,,WingTai800,25PXF908.JPG
Short Icy Glacier Ridged Tree,25PXF909,,,Out of Stock,,,,,,12,5.99,24,5.29,48,4.89,12,WingTai400,WingTai160,https://wingtai.solovue.com/images/products/list/desktop/25PXF909.JPG,25PXF909.JPG,,,WingTai800,25PXF909.JPG
2 Asst Blue/Brown Nutcrackers,25PXF910-2A,,,Out of Stock,,,,,,2,24.99,4,21.99,8,19.99,2,WingTai400,WingTai160,https://wingtai.solovue.com/images/products/list/desktop/25PXF910-2A.JPG,25PXF910-2A.JPG,,,WingTai800,25PXF910-2A.JPG
Nimbus Gray Nutcracker w/Trumpet,25PXF911,,,Out of Stock,,,,,,4,19.99,8,17.99,12,16.99,4,WingTai400,WingTai160,https://wingtai.solovue.com/images/products/list/desktop/25PXF911.JPG,25PXF911.JPG,,,WingTai800,25PXF911.JPG
Nimbus Gray Nutcracker,25PXF912,,,Out of Stock,,,,,,4,19.99,8,17.99,12,16.99,4,WingTai400,WingTai160,https://wingtai.solovue.com/images/products/list/desktop/25PXF912.JPG,25PXF912.JPG,,,WingTai800,25PXF912.JPG
Lighted Cottage w/Trees,25PXF913,,,In Stock,,,,,,4,7.19,16,7.19,32,7.19,4,WingTai400,WingTai160,https://wingtai.solovue.com/images/products/list/desktop/25PXF913.JPG,25PXF913.JPG,,,WingTai800,25PXF913.JPG
Lighted Church w/Trees,25PXF914,,,In Stock,,,,,,4,11.99,8,11.99,16,11.99,4,WingTai400,WingTai160,https://wingtai.solovue.com/images/products/list/desktop/25PXF914.JPG,25PXF914.JPG,,,WingTai800,25PXF914.JPG
Tall Turret Cottage,25PXF915,,,Out of Stock,,,,,,4,10.99,8,9.99,16,8.99,4,WingTai400,WingTai160,https://wingtai.solovue.com/images/products/list/desktop/25PXF915.JPG,25PXF915.JPG,,,WingTai800,25PXF915.JPG
Tall Porcelain White Tree,25PXF917,,,In Stock,,,,,,6,10.99,12,10.99,18,10.99,6,WingTai400,WingTai160,https://wingtai.solovue.com/images/products/list/desktop/25PXF917.JPG,25PXF917.JPG,,,WingTai800,25PXF917.JPG
Tall Black Matte Ridged Tree,25PXF920,,,In Stock,,,,,,8,8.49,16,8.49,32,8.49,8,WingTai400,WingTai160,https://wingtai.solovue.com/images/products/list/desktop/25PXF920.JPG,25PXF920.JPG,,,WingTai800,25PXF920.JPG
Short Black Matte Ridged Tree,25PXF921,,,In Stock,,,,,,12,5.89,24,5.89,36,5.89,12,WingTai400,WingTai160,https://wingtai.solovue.com/images/products/list/desktop/25PXF921.JPG,25PXF921.JPG,,,WingTai800,25PXF921.JPG
3 Asst Icy Glacier Georgia Peach/Fiery Coral Porcelain Deer,25PXF922-3A,,,In Stock,,,,,,12,5.39,24,5.39,36,5.39,12,WingTai400,WingTai160,https://wingtai.solovue.com/images/products/list/desktop/25PXF922-3A.JPG,25PXF922-3A.JPG,,,WingTai800,25PXF922-3A.JPG
Resting Yellow Ochre Porcelain Deer,25PXF926,,,In Stock,,,,,,8,8.49,16,8.49,32,8.49,8,WingTai400,WingTai160,https://wingtai.solovue.com/images/products/list/desktop/25PXF926.JPG,25PXF926.JPG,,,WingTai800,25PXF926.JPG
Standing Yellow Ochre Porcelain Deer,25PXF927,,,In Stock,,,,,,4,11.99,8,11.99,16,11.99,4,WingTai400,WingTai160,https://wingtai.solovue.com/images/products/list/desktop/25PXF927.JPG,25PXF927.JPG,,,WingTai800,25PXF927.JPG
Porcelain Santa Head on Easel,25PXF928,,,In Stock,,,,,,6,9.99,12,8.99,24,8.29,6,WingTai400,WingTai160,https://wingtai.solovue.com/images/products/list/desktop/25PXF928.JPG,25PXF928.JPG,,,WingTai800,25PXF928.JPG
Tall Golden Dusk Porcelain Tree,25PXF936,,,Out of Stock,,,,,,4,18.99,8,16.99,16,15.99,4,WingTai400,WingTai160,https://wingtai.solovue.com/images/products/list/desktop/25PXF936.JPG,25PXF936.JPG,,,WingTai800,25PXF936.JPG
Med Golden Dusk Porcelain Tree,25PXF937,,,Out of Stock,,,,,,6,13.99,12,11.99,18,10.99,6,WingTai400,WingTai160,https://wingtai.solovue.com/images/products/list/desktop/25PXF937.JPG,25PXF937.JPG,,,WingTai800,25PXF937.JPG
Tall Icy Glacier Layered Porcelain Tree,25PXF952,,,Out of Stock,,,,,,4,18.99,8,16.99,16,15.99,4,WingTai400,WingTai160,https://wingtai.solovue.com/images/products/list/desktop/25PXF952.JPG,25PXF952.JPG,,,WingTai800,25PXF952.JPG
Short Icy Glacier Layered Porcelain Tree,25PXF953,,,Out of Stock,,,,,,6,9.99,12,8.99,24,8.29,6,WingTai400,WingTai160,https://wingtai.solovue.com/images/products/list/desktop/25PXF953.JPG,25PXF953.JPG,,,WingTai800,25PXF953.JPG
S/2 Open-Bottom Oval Cutout Trees,25PXF954-2S,,,Out of Stock,,,,,,2,32.99,4,28.99,8,26.99,2,WingTai400,WingTai160,https://wingtai.solovue.com/images/products/list/desktop/25PXF954-2S.JPG,25PXF954-2S.JPG,,,WingTai800,25PXF954-2S.JPG
Gold/White Porcelain Acorn,25PXF960,,,Out of Stock,,,,,,6,7.95,12,6.95,24,6.35,6,WingTai400,WingTai160,https://wingtai.solovue.com/images/products/list/desktop/25PXF960.JPG,25PXF960.JPG,,,WingTai800,25PXF960.JPG
Antique Pottery Jug (Assorted),25PXI511,,,In Stock,,,,,,4,19.99,8,17.99,16,16.99,4,WingTai400,WingTai160,https://wingtai.solovue.com/images/products/list/desktop/25PXI511.JPG,25PXI511.JPG,,,WingTai800,25PXI511.JPG
S/2 Great Dane Bookends,25RAF963-2S,,,Out of Stock,,,,,,2,23.99,4,20.99,8,18.99,2,WingTai400,WingTai160,https://wingtai.solovue.com/images/products/list/desktop/25RAF963-2S.JPG,25RAF963-2S.JPG,,,WingTai800,25RAF963-2S.JPG
Resin Layered Bowl,25RAF965,,,Out of Stock,,,,,,2,24.99,4,21.99,8,19.99,2,WingTai400,WingTai160,https://wingtai.solovue.com/images/products/list/desktop/25RAF965.JPG,25RAF965.JPG,,,WingTai800,25RAF965.JPG
Tall White Resin Tiny Window Lighted House,25RXF905,,,Out of Stock,,,,,,6,7.99,12,6.99,24,6.49,6,WingTai400,WingTai160,https://wingtai.solovue.com/images/products/list/desktop/25RXF905.JPG,25RXF905.JPG,,,WingTai800,25RXF905.JPG
Short Turret Cottage,25RXF916,,,Out of Stock,,,,,,6,8.99,12,7.99,24,7.29,6,WingTai400,WingTai160,https://wingtai.solovue.com/images/products/list/desktop/25RXF916.JPG,25RXF916.JPG,,,WingTai800,25RXF916.JPG
Short Porcelain Distressed White Tree,25RXF918,,,In Stock,,,,,,3,7.99,6,7.99,12,7.99,3,WingTai400,WingTai160,https://wingtai.solovue.com/images/products/list/desktop/25RXF918.JPG,25RXF918.JPG,,,WingTai800,25RXF918.JPG
Atlas Black Matte Nutcracker Candle Holder,25RXF919,,,Out of Stock,,,,,,3,10.99,6,9.99,12,8.99,3,WingTai400,WingTai160,https://wingtai.solovue.com/images/products/list/desktop/25RXF919.JPG,25RXF919.JPG,,,WingTai800,25RXF919.JPG
Lighted Tree Hat Snowman Head,25RXF923,,,In Stock,,,,,,2,25.49,4,25.49,8,25.49,2,WingTai400,WingTai160,https://wingtai.solovue.com/images/products/list/desktop/25RXF923.JPG,25RXF923.JPG,,,WingTai800,25RXF923.JPG
Classic Christmas Santa Mug,25RXF929,,,Out of Stock,,,,,,8,5.95,16,5.25,32,4.95,8,WingTai400,WingTai160,https://wingtai.solovue.com/images/products/list/desktop/25RXF929.JPG,25RXF929.JPG,,,WingTai800,25RXF929.JPG
Tall Resin Green Tree Taper Holder,25RXF930,,,In Stock,,,,,,8,4.19,16,4.19,32,4.19,8,WingTai400,WingTai160,https://wingtai.solovue.com/images/products/list/desktop/25RXF930.JPG,25RXF930.JPG,,,WingTai800,25RXF930.JPG
Short Resin Green Tree Taper Holder,25RXF931,,,In Stock,,,,,,16,2.69,48,2.69,96,2.69,16,WingTai400,WingTai160,https://wingtai.solovue.com/images/products/list/desktop/25RXF931.JPG,25RXF931.JPG,,,WingTai800,25RXF931.JPG
Warm Stone Moose Head Taper Holder,25RXF932,,,Out of Stock,,,,,,4,15.99,8,13.99,16,12.99,4,WingTai400,WingTai160,https://wingtai.solovue.com/images/products/list/desktop/25RXF932.JPG,25RXF932.JPG,,,WingTai800,25RXF932.JPG
Short Yellow Ochre Layered Resin Tree,25RXF933,,,In Stock,,,,,,4,11.99,8,11.99,16,11.99,4,WingTai400,WingTai160,https://wingtai.solovue.com/images/products/list/desktop/25RXF933.JPG,25RXF933.JPG,,,WingTai800,25RXF933.JPG
Galvanized Resting Deer w/Pine Bough,25RXF934,,,Out of Stock,,,,,,4,21.99,8,19.99,12,17.99,4,WingTai400,WingTai160,https://wingtai.solovue.com/images/products/list/desktop/25RXF934.JPG,25RXF934.JPG,,,WingTai800,25RXF934.JPG
Galvanized Standing Deer w/Pine Bough,25RXF935,,,Out of Stock,,,,,,2,24.99,4,21.99,8,19.99,2,WingTai400,WingTai160,https://wingtai.solovue.com/images/products/list/desktop/25RXF935.JPG,25RXF935.JPG,,,WingTai800,25RXF935.JPG
Short Golden Dusk Porcelain Tree,25RXF938,,,Out of Stock,,,,,,8,9.99,16,8.99,32,8.29,8,WingTai400,WingTai160,https://wingtai.solovue.com/images/products/list/desktop/25RXF938.JPG,25RXF938.JPG,,,WingTai800,25RXF938.JPG
Resin Scooter Santa,25RXF939,,,Out of Stock,,,,,,4,10.95,8,9.95,16,9.15,4,WingTai400,WingTai160,https://wingtai.solovue.com/images/products/list/desktop/25RXF939.JPG,25RXF939.JPG,,,WingTai800,25RXF939.JPG
Santa Stand w/Gold Tree,25RXF940,,,Out of Stock,,,,,,3,12.99,6,11.99,12,10.99,3,WingTai400,WingTai160,https://wingtai.solovue.com/images/products/list/desktop/25RXF940.JPG,25RXF940.JPG,,,WingTai800,25RXF940.JPG
Resin Sledding Santa,25RXF941,,,Out of Stock,,,,,,4,8.99,16,7.99,32,7.29,4,WingTai400,WingTai160,https://wingtai.solovue.com/images/products/list/desktop/25RXF941.JPG,25RXF941.JPG,,,WingTai800,25RXF941.JPG
Light Green Deer Head Taper Holder,25RXF942,,,Out of Stock,,,,,,4,14.99,8,12.99,16,11.99,4,WingTai400,WingTai160,https://wingtai.solovue.com/images/products/list/desktop/25RXF942.JPG,25RXF942.JPG,,,WingTai800,25RXF942.JPG
Tall Cream Layered Resin Tree,25RXF943,,,In Stock,,,,,,4,15.29,8,15.29,16,15.29,4,WingTai400,WingTai160,https://wingtai.solovue.com/images/products/list/desktop/25RXF943.JPG,25RXF943.JPG,,,WingTai800,25RXF943.JPG
Short Cream Layered Resin Tree,25RXF944,,,In Stock,,,,,,6,9.99,12,8.99,18,8.29,6,WingTai400,WingTai160,https://wingtai.solovue.com/images/products/list/desktop/25RXF944.JPG,25RXF944.JPG,,,WingTai800,25RXF944.JPG
Short Galvanized/Brass Tone Tree,25RXF945,,,Out of Stock,,,,,,2,19.99,8,17.99,16,16.99,2,WingTai400,WingTai160,https://wingtai.solovue.com/images/products/list/desktop/25RXF945.JPG,25RXF945.JPG,,,WingTai800,25RXF945.JPG
Tall Galvanized/Brass Tone Tree,25RXF946,,,Out of Stock,,,,,,2,22.99,8,19.99,16,18.99,2,WingTai400,WingTai160,https://wingtai.solovue.com/images/products/list/desktop/25RXF946.JPG,25RXF946.JPG,,,WingTai800,25RXF946.JPG
Short Iron Gray Resin Nutcracker,25RXF949,,,Out of Stock,,,,,,2,21.99,8,19.99,16,17.99,2,WingTai400,WingTai160,https://wingtai.solovue.com/images/products/list/desktop/25RXF949.JPG,25RXF949.JPG,,,WingTai800,25RXF949.JPG
Tall Iron Gray Resin Nutcracker,25RXF950,,,Out of Stock,,,,,,2,49.99,8,43.99,16,39.99,2,WingTai400,WingTai160,https://wingtai.solovue.com/images/products/list/desktop/25RXF950.JPG,25RXF950.JPG,,,WingTai800,25RXF950.JPG
Short Iron Gray Snowman,25RXF951,,,Out of Stock,,,,,,4,15.99,8,13.99,16,12.99,4,WingTai400,WingTai160,https://wingtai.solovue.com/images/products/list/desktop/25RXF951.JPG,25RXF951.JPG,,,WingTai800,25RXF951.JPG
Emerald Green Resin Deer,25RXF955,,,Out of Stock,,,,,,2,17.99,8,15.99,16,14.99,2,WingTai400,WingTai160,https://wingtai.solovue.com/images/products/list/desktop/25RXF955.JPG,25RXF955.JPG,,,WingTai800,25RXF955.JPG
Turquoise Resin Deer,25RXF956,,,Out of Stock,,,,,,2,29.99,4,26.99,8,24.99,2,WingTai400,WingTai160,https://wingtai.solovue.com/images/products/list/desktop/25RXF956.JPG,25RXF956.JPG,,,WingTai800,25RXF956.JPG
Emerald/Turquoise Santa w/Wreath,25RXF957,,,Out of Stock,,,,,,2,29.99,4,26.99,8,24.99,2,WingTai400,WingTai160,https://wingtai.solovue.com/images/products/list/desktop/25RXF957.JPG,25RXF957.JPG,,,WingTai800,25RXF957.JPG
Emerald/Turquoise Santa w/List,25RXF958,,,Out of Stock,,,,,,2,29.99,4,26.99,8,24.99,2,WingTai400,WingTai160,https://wingtai.solovue.com/images/products/list/desktop/25RXF958.JPG,25RXF958.JPG,,,WingTai800,25RXF958.JPG
Tall Yellow Ochre Layered Resin Tree,25RXF959,,,Out of Stock,,,,,,4,22.99,8,19.99,12,17.99,4,WingTai400,WingTai160,https://wingtai.solovue.com/images/products/list/desktop/25RXF959.JPG,25RXF959.JPG,,,WingTai800,25RXF959.JPG
S/3 Resin Ball Architectural Ornaments,25RXF966-3S,,,Out of Stock,,,,,,2,18.99,8,16.99,16,15.99,2,WingTai400,WingTai160,https://wingtai.solovue.com/images/products/list/desktop/25RXF966-3S.JPG,25RXF966-3S.JPG,,,WingTai800,25RXF966-3S.JPG
Lg Iron Gray Resin Nutcracker,25RXF970,,,Out of Stock,,,,,,1,89.99,2,79.99,4,71.99,1,WingTai400,WingTai160,https://wingtai.solovue.com/images/products/list/desktop/25RXF970.JPG,25RXF970.JPG,,,WingTai800,25RXF970.JPG
S/3 Recycled Rubber Baskets,25TXI544-3S,,,In Stock,,,,,,1,64.99,3,59.99,6,53.99,1,WingTai400,WingTai160,https://wingtai.solovue.com/images/products/list/desktop/25TXI544-3S.JPG,25TXI544-3S.JPG,,,WingTai800,25TXI544-3S.JPG
Double Finial Hanger,25VXF603,,,In Stock,,,,,,5,8.09,50,8.09,100,8.09,5,WingTai400,WingTai160,https://wingtai.solovue.com/images/products/list/desktop/25VXF603.JPG,25VXF603.JPG,,,WingTai800,25VXF603.JPG
Triple Finial Hanger (604),25VXF604,,,In Stock,,,,,,5,10.99,50,10.99,100,10.99,5,WingTai400,WingTai160,https://wingtai.solovue.com/images/products/list/desktop/25VXF604.JPG,25VXF604.JPG,,,WingTai800,25VXF604.JPG
Triple Finial Hanger (605),25VXF605,,,Out of Stock,,,,,,5,9.95,50,8.95,100,8.25,5,WingTai400,WingTai160,https://wingtai.solovue.com/images/products/list/desktop/25VXF605.JPG,25VXF605.JPG,,,WingTai800,25VXF605.JPG
Paper Ball/Snowman Hanger,25VXF606,,,Out of Stock,,,,,,5,11.99,50,10.99,100,9.99,5,WingTai400,WingTai160,https://wingtai.solovue.com/images/products/list/desktop/25VXF606.JPG,25VXF606.JPG,,,WingTai800,25VXF606.JPG
White Fireplace,25WAF0,,,Out of Stock,,,,,,1,175.9,2,175.9,4,175.9,1,WingTai400,WingTai160,https://wingtai.solovue.com/images/products/list/desktop/25WAF0.JPG,25WAF0.JPG,,,WingTai800,25WAF0.JPG
Folding Wood Slat Table,25WAF124,,,Out of Stock,,,,,,2,39.9,4,39.9,8,39.9,2,WingTai400,WingTai160,https://wingtai.solovue.com/images/products/list/desktop/25WAF124.JPG,25WAF124.JPG,,,WingTai800,25WAF124.JPG
White Triple Drawer Wood Lantern,25WAF135,,,In Stock,,,,,,1,119.9,2,119.9,4,119.9,1,WingTai400,WingTai160,https://wingtai.solovue.com/images/products/list/desktop/25WAF135.JPG,25WAF135.JPG,,,WingTai800,25WAF135.JPG
White Double Drawer Wood Lantern,25WAF136,,,In Stock,,,,,,1,89.9,2,89.9,4,89.9,1,WingTai400,WingTai160,https://wingtai.solovue.com/images/products/list/desktop/25WAF136.JPG,25WAF136.JPG,,,WingTai800,25WAF136.JPG
Staircase Stand,25WAF137,,,In Stock,,,,,,2,39.99,4,34.99,8,31.99,2,WingTai400,WingTai160,https://wingtai.solovue.com/images/products/list/desktop/25WAF137.JPG,25WAF137.JPG,,,WingTai800,25WAF137.JPG
Akron Wood Table,25WAF138,,,Out of Stock,,,,,,1,119.99,2,109.99,4,99.99,1,WingTai400,WingTai160,https://wingtai.solovue.com/images/products/list/desktop/25WAF138.JPG,25WAF138.JPG,,,WingTai800,25WAF138.JPG
Riddling Rack,25WAF139,,,Out of Stock,,,,,,2,79.99,4,69.99,6,64.99,2,WingTai400,WingTai160,https://wingtai.solovue.com/images/products/list/desktop/25WAF139.JPG,25WAF139.JPG,,,WingTai800,25WAF139.JPG
Canton Wood/Iron Table,25WAF140,,,Out of Stock,,,,,,1,84.99,2,74.99,4,69.99,1,WingTai400,WingTai160,https://wingtai.solovue.com/images/products/list/desktop/25WAF140.JPG,25WAF140.JPG,,,WingTai800,25WAF140.JPG
Canton Wood/Iron Stool,25WAF141,,,Out of Stock,,,,,,2,49.99,4,43.99,8,39.99,2,WingTai400,WingTai160,https://wingtai.solovue.com/images/products/list/desktop/25WAF141.JPG,25WAF141.JPG,,,WingTai800,25WAF141.JPG
Pittsburgh A-Frame Quad Shelf,25WAF142,,,In Stock,,,,,,1,149.99,2,129.99,4,119.99,1,WingTai400,WingTai160,https://wingtai.solovue.com/images/products/list/desktop/25WAF142.JPG,25WAF142.JPG,,,WingTai800,25WAF142.JPG
Wood Frame Mirror,25WAF143,,,In Stock,,,,,,1,74.99,2,65.99,4,59.99,1,WingTai400,WingTai160,https://wingtai.solovue.com/images/products/list/desktop/25WAF143.JPG,25WAF143.JPG,,,WingTai800,25WAF143.JPG
Piedmont Folding Table,25WAF144,,,Out of Stock,,,,,,1,124.99,2,109.99,4,99.99,1,WingTai400,WingTai160,https://wingtai.solovue.com/images/products/list/desktop/25WAF144.JPG,25WAF144.JPG,,,WingTai800,25WAF144.JPG
Piedmont Folding Bench,25WAF145,,,Out of Stock,,,,,,1,199.99,2,175.99,4,159.99,1,WingTai400,WingTai160,https://wingtai.solovue.com/images/products/list/desktop/25WAF145.JPG,25WAF145.JPG,,,WingTai800,25WAF145.JPG
Piedmont Folding Chair,25WAF146,,,Out of Stock,,,,,,1,124.99,2,109.99,4,99.99,1,WingTai400,WingTai160,https://wingtai.solovue.com/images/products/list/desktop/25WAF146.JPG,25WAF146.JPG,,,WingTai800,25WAF146.JPG
5 Hook Wall Hanger,25WAF151,,,In Stock,,,,,,6,8.95,12,7.95,24,7.25,6,WingTai400,WingTai160,https://wingtai.solovue.com/images/products/list/desktop/25WAF151.JPG,25WAF151.JPG,,,WingTai800,25WAF151.JPG
Rustic Rectangular Mirror,25WAF155,,,In Stock,,,,,,1,129.99,2,109.99,4,99.99,1,WingTai400,WingTai160,https://wingtai.solovue.com/images/products/list/desktop/25WAF155.JPG,25WAF155.JPG,,,WingTai800,25WAF155.JPG
Rustic Whitewashed Rectangular Mirror,25WAF156,,,Out of Stock,,,,,,1,129.99,2,109.99,4,99.99,1,WingTai400,WingTai160,https://wingtai.solovue.com/images/products/list/desktop/25WAF156.JPG,25WAF156.JPG,,,WingTai800,25WAF156.JPG
Antique Whitewashed Filing Cabinet,25WAF166,,,In Stock,,,,,,1,499.99,2,439.99,4,399.99,1,WingTai400,WingTai160,https://wingtai.solovue.com/images/products/list/desktop/25WAF166.JPG,25WAF166.JPG,,,WingTai800,25WAF166.JPG
Wood Mannequin Body Shelf,25WAF178,,,Out of Stock,,,,,,2,99.99,4,89.99,6,79.99,2,WingTai400,WingTai160,https://wingtai.solovue.com/images/products/list/desktop/25WAF178.JPG,25WAF178.JPG,,,WingTai800,25WAF178.JPG
Wood/Rattan Storage Cabinet,25WAF181,,,Out of Stock,,,,,,1,329.99,2,299.99,4,275.99,1,WingTai400,WingTai160,https://wingtai.solovue.com/images/products/list/desktop/25WAF181.JPG,25WAF181.JPG,,,WingTai800,25WAF181.JPG
Thick Side-Ridged Candle Riser,25WAF184,,,Out of Stock,,,,,,4,24.99,8,21.99,12,19.99,4,WingTai400,WingTai160,https://wingtai.solovue.com/images/products/list/desktop/25WAF184.JPG,25WAF184.JPG,,,WingTai800,25WAF184.JPG
S/2 Nimbus Gray Round Lanterns,25WAF191-2S,,,Out of Stock,,,,,,2,49.99,4,43.99,8,39.99,2,WingTai400,WingTai160,https://wingtai.solovue.com/images/products/list/desktop/25WAF191-2S.JPG,25WAF191-2S.JPG,,,WingTai800,25WAF191-2S.JPG
Antler Backboard,25WAF192,,,Out of Stock,,,,,,1,54.99,2,49.99,4,44.99,1,WingTai400,WingTai160,https://wingtai.solovue.com/images/products/list/desktop/25WAF192.JPG,25WAF192.JPG,,,WingTai800,25WAF192.JPG
S/2 Wood Trunks,25WAF194-2S,,,Out of Stock,,,,,,1,99.99,2,87.99,4,79.99,1,WingTai400,WingTai160,https://wingtai.solovue.com/images/products/list/desktop/25WAF194-2S.JPG,25WAF194-2S.JPG,,,WingTai800,25WAF194-2S.JPG
Folding Tree,25WAF203,,,Out of Stock,,,,,,1,99.9,2,99.9,4,99.9,1,WingTai400,WingTai160,https://wingtai.solovue.com/images/products/list/desktop/25WAF203.JPG,25WAF203.JPG,,,WingTai800,25WAF203.JPG
Natural Fireplace,25WAF204,,,In Stock,,,,,,1,229.99,2,199.99,4,179.99,1,WingTai400,WingTai160,https://wingtai.solovue.com/images/products/list/desktop/25WAF204.JPG,25WAF204.JPG,,,WingTai800,25WAF204.JPG
Round Riser on Curved Leg Stand,25WAF673,,,In Stock,,,,,,2,34.99,4,29.99,8,26.99,2,WingTai400,WingTai160,https://wingtai.solovue.com/images/products/list/desktop/25WAF673.JPG,25WAF673.JPG,,,WingTai800,25WAF673.JPG
Georgia Peach Cone Tree,25WXF102,,,Out of Stock,,,,,,4,15.99,8,13.99,16,12.99,4,WingTai400,WingTai160,https://wingtai.solovue.com/images/products/list/desktop/25WXF102.JPG,25WXF102.JPG,,,WingTai800,25WXF102.JPG
Tropical Sky Cone Tree,25WXF103,,,Out of Stock,,,,,,6,11.95,12,10.95,24,9.95,6,WingTai400,WingTai160,https://wingtai.solovue.com/images/products/list/desktop/25WXF103.JPG,25WXF103.JPG,,,WingTai800,25WXF103.JPG
Fiery Coral Cone Tree,25WXF104,,,Out of Stock,,,,,,8,6.99,16,6.49,32,5.99,8,WingTai400,WingTai160,https://wingtai.solovue.com/images/products/list/desktop/25WXF104.JPG,25WXF104.JPG,,,WingTai800,25WXF104.JPG
Natural Twig Deer Head,25WXF105,,,Out of Stock,,,,,,1,54.9,2,54.9,4,54.9,1,WingTai400,WingTai160,https://wingtai.solovue.com/images/products/list/desktop/25WXF105.JPG,25WXF105.JPG,,,WingTai800,25WXF105.JPG
Twig Candle Ring,25WXF106,,,Out of Stock,,,,,,8,3.95,32,3.55,64,3.15,8,WingTai400,WingTai160,https://wingtai.solovue.com/images/products/list/desktop/25WXF106.JPG,25WXF106.JPG,,,WingTai800,25WXF106.JPG
Tall Twig Candle Ring,25WXF107,,,Out of Stock,,,,,,4,9.99,12,8.99,24,8.29,4,WingTai400,WingTai160,https://wingtai.solovue.com/images/products/list/desktop/25WXF107.JPG,25WXF107.JPG,,,WingTai800,25WXF107.JPG
Nimbus Gray Half-Snowflake,25WXF127,,,In Stock,,,,,,2,21.59,4,21.59,8,21.59,2,WingTai400,WingTai160,https://wingtai.solovue.com/images/products/list/desktop/25WXF127.JPG,25WXF127.JPG,,,WingTai800,25WXF127.JPG
S/2 Wood Slat Christmas Trees,25WXF148-2S,,,Out of Stock,,,,,,1,74.9,2,74.9,4,74.9,1,WingTai400,WingTai160,https://wingtai.solovue.com/images/products/list/desktop/25WXF148-2S.JPG,25WXF148-2S.JPG,,,WingTai800,25WXF148-2S.JPG
S/2 Antique Green Wood Slat Christmas Trees,25WXF149-2S,,,Out of Stock,,,,,,1,74.9,2,74.9,4,74.9,1,WingTai400,WingTai160,https://wingtai.solovue.com/images/products/list/desktop/25WXF149-2S.JPG,25WXF149-2S.JPG,,,WingTai800,25WXF149-2S.JPG
S/2 Whitewashed Wood Slat Christmas Trees,25WXF150-2S,,,Out of Stock,,,,,,1,74.9,2,74.9,4,74.9,1,WingTai400,WingTai160,https://wingtai.solovue.com/images/products/list/desktop/25WXF150-2S.JPG,25WXF150-2S.JPG,,,WingTai800,25WXF150-2S.JPG
4 Layer Natural Tree Shelf,25WXF157,,,In Stock,,,,,,1,59.9,2,59.9,4,59.9,1,WingTai400,WingTai160,https://wingtai.solovue.com/images/products/list/desktop/25WXF157.JPG,25WXF157.JPG,,,WingTai800,25WXF157.JPG
4 Layer Whitewashed Tree Shelf,25WXF158,,,In Stock,,,,,,1,59.9,2,59.9,4,59.9,1,WingTai400,WingTai160,https://wingtai.solovue.com/images/products/list/desktop/25WXF158.JPG,25WXF158.JPG,,,WingTai800,25WXF158.JPG
5 Layer Natural Tree Shelf,25WXF159,,,In Stock,,,,,,1,75.9,2,75.9,4,75.9,1,WingTai400,WingTai160,https://wingtai.solovue.com/images/products/list/desktop/25WXF159.JPG,25WXF159.JPG,,,WingTai800,25WXF159.JPG
5 Layer Whitewashed Tree Shelf,25WXF160,,,In Stock,,,,,,1,75.9,2,75.9,4,75.9,1,WingTai400,WingTai160,https://wingtai.solovue.com/images/products/list/desktop/25WXF160.JPG,25WXF160.JPG,,,WingTai800,25WXF160.JPG
3 Layer Whitewashed Tree Shelf,25WXF167,,,In Stock,,,,,,2,34.99,4,29.99,8,27.99,2,WingTai400,WingTai160,https://wingtai.solovue.com/images/products/list/desktop/25WXF167.JPG,25WXF167.JPG,,,WingTai800,25WXF167.JPG
2 Layer Whitewashed Tree Shelf,25WXF168,,,In Stock,,,,,,2,26.99,4,23.99,8,21.99,2,WingTai400,WingTai160,https://wingtai.solovue.com/images/products/list/desktop/25WXF168.JPG,25WXF168.JPG,,,WingTai800,25WXF168.JPG
Classic Santa/Toy Bag Sign,25WXF169,,,In Stock,,,,,,3,17.59,6,17.59,12,17.59,3,WingTai400,WingTai160,https://wingtai.solovue.com/images/products/list/desktop/25WXF169.JPG,25WXF169.JPG,,,WingTai800,25WXF169.JPG
Classic Santa/Tree Sign,25WXF170,,,In Stock,,,,,,3,15.99,6,15.99,12,15.99,3,WingTai400,WingTai160,https://wingtai.solovue.com/images/products/list/desktop/25WXF170.JPG,25WXF170.JPG,,,WingTai800,25WXF170.JPG
Lg Christmas Tree Brown Frame w/Multi-Colored Lights,25WXF195,,,In Stock,,,,,,1,59.49,2,59.49,4,59.49,1,WingTai400,WingTai160,https://wingtai.solovue.com/images/products/list/desktop/25WXF195.JPG,25WXF195.JPG,,,WingTai800,25WXF195.JPG
3-Tree Brown Frame Lighted Sign,25WXF196,,,Out of Stock,,,,,,1,69.99,2,59.99,4,49.99,1,WingTai400,WingTai160,https://wingtai.solovue.com/images/products/list/desktop/25WXF196.JPG,25WXF196.JPG,,,WingTai800,25WXF196.JPG
Sq Christmas Tree Whitewashed Frame w/White Lights,25WXF197,,,In Stock,,,,,,2,44.99,4,39.99,8,34.99,2,WingTai400,WingTai160,https://wingtai.solovue.com/images/products/list/desktop/25WXF197.JPG,25WXF197.JPG,,,WingTai800,25WXF197.JPG
Lg Christmas Tree Whitewashed Frame w/White Lights,25WXF205,,,In Stock,,,,,,1,69.99,2,59.99,4,49.99,1,WingTai400,WingTai160,https://wingtai.solovue.com/images/products/list/desktop/25WXF205.JPG,25WXF205.JPG,,,WingTai800,25WXF205.JPG
Lighted White Frame Christmas Tree Sign,25WXF206,,,In Stock,,,,,,3,21.99,6,19.99,12,18.99,3,WingTai400,WingTai160,https://wingtai.solovue.com/images/products/list/desktop/25WXF206.JPG,25WXF206.JPG,,,WingTai800,25WXF206.JPG
Sq Christmas Tree Brown Frame w/Multi-Colored Lights,25WXF207,,,In Stock,,,,,,3,21.99,6,19.99,12,18.99,3,WingTai400,WingTai160,https://wingtai.solovue.com/images/products/list/desktop/25WXF207.JPG,25WXF207.JPG,,,WingTai800,25WXF207.JPG
Sled Wall Shelf,25WXF601,,,In Stock,,,,,,3,24.9,6,24.9,9,24.9,3,WingTai400,WingTai160,https://wingtai.solovue.com/images/products/list/desktop/25WXF601.JPG,25WXF601.JPG,,,WingTai800,25WXF601.JPG
Woven Leather Bench,25WXI503,,,Out of Stock,,,,,,1,149.99,2,129.99,4,119.99,1,WingTai400,WingTai160,https://wingtai.solovue.com/images/products/list/desktop/25WXI503.JPG,25WXI503.JPG,,,WingTai800,25WXI503.JPG
S/2 Reclaimed Wood Trays,25WXI504-2S,,,Out of Stock,,,,,,6,12.99,24,11.39,48,10.59,6,WingTai400,WingTai160,https://wingtai.solovue.com/images/products/list/desktop/25WXI504-2S.JPG,25WXI504-2S.JPG,,,WingTai800,25WXI504-2S.JPG
Truck Shelf,25WXI505,,,In Stock,,,,,,1,259.9,2,259.9,4,259.9,1,WingTai400,WingTai160,https://wingtai.solovue.com/images/products/list/desktop/25WXI505.JPG,25WXI505.JPG,,,WingTai800,25WXI505.JPG
24 Asst Reclaimed Wood Rolling Pins,25WXI509-A,,,Out of Stock,,,,,,24,1.75,72,1.55,144,1.35,24,WingTai400,WingTai160,https://wingtai.solovue.com/images/products/list/desktop/25WXI509-A.JPG,25WXI509-A.JPG,,,WingTai800,25WXI509-A.JPG
Reclaimed Wood Ladder,25WXI510,,,Out of Stock,,,,,,2,69.99,4,62.99,8,54.99,2,WingTai400,WingTai160,https://wingtai.solovue.com/images/products/list/desktop/25WXI510.JPG,25WXI510.JPG,,,WingTai800,25WXI510.JPG
Mango Wood Finial Ornament (525),25WXI525,,,In Stock,,,,,,12,3.99,48,3.49,96,3.19,12,WingTai400,WingTai160,https://wingtai.solovue.com/images/products/list/desktop/25WXI525.JPG,25WXI525.JPG,,,WingTai800,25WXI525.JPG
Mango Wood Finial Ornament (526),25WXI526,,,In Stock,,,,,,12,4.29,48,3.89,96,3.49,12,WingTai400,WingTai160,https://wingtai.solovue.com/images/products/list/desktop/25WXI526.JPG,25WXI526.JPG,,,WingTai800,25WXI526.JPG
Mango Wood Finial Ornament (527),25WXI527,,,In Stock,,,,,,12,3.89,48,3.89,96,3.89,12,WingTai400,WingTai160,https://wingtai.solovue.com/images/products/list/desktop/25WXI527.JPG,25WXI527.JPG,,,WingTai800,25WXI527.JPG
Mango Wood Pine Ball Ornament,25WXI528,,,In Stock,,,,,,12,5.95,36,5.25,72,4.95,12,WingTai400,WingTai160,https://wingtai.solovue.com/images/products/list/desktop/25WXI528.JPG,25WXI528.JPG,,,WingTai800,25WXI528.JPG
Mango Wood Ridged Finial Ornament,25WXI530,,,In Stock,,,,,,12,4.99,48,4.39,96,3.99,12,WingTai400,WingTai160,https://wingtai.solovue.com/images/products/list/desktop/25WXI530.JPG,25WXI530.JPG,,,WingTai800,25WXI530.JPG
Mango Wood Short Finial Ornament,25WXI531,,,In Stock,,,,,,12,3.99,24,3.49,48,3.29,12,WingTai400,WingTai160,https://wingtai.solovue.com/images/products/list/desktop/25WXI531.JPG,25WXI531.JPG,,,WingTai800,25WXI531.JPG
Acacia Double Wall Shelf,25WXI537,,,In Stock,,,,,,1,74.99,2,65.99,4,59.99,1,WingTai400,WingTai160,https://wingtai.solovue.com/images/products/list/desktop/25WXI537.JPG,25WXI537.JPG,,,WingTai800,25WXI537.JPG
Gold Finial (538),25WXI538,,,Out of Stock,,,,,,12,2.99,48,2.59,96,2.39,12,WingTai400,WingTai160,https://wingtai.solovue.com/images/products/list/desktop/25WXI538.JPG,25WXI538.JPG,,,WingTai800,25WXI538.JPG
Red Finial,25WXI539,,,Out of Stock,,,,,,12,2.99,48,2.59,96,2.39,12,WingTai400,WingTai160,https://wingtai.solovue.com/images/products/list/desktop/25WXI539.JPG,25WXI539.JPG,,,WingTai800,25WXI539.JPG
Wood Finial Ornament (540),25WXI540,,,In Stock,,,,,,12,2.49,48,2.49,96,2.49,12,WingTai400,WingTai160,https://wingtai.solovue.com/images/products/list/desktop/25WXI540.JPG,25WXI540.JPG,,,WingTai800,25WXI540.JPG
Wood Finial Ornament (541),25WXI541,,,Out of Stock,,,,,,8,2.79,32,2.49,64,2.29,8,WingTai400,WingTai160,https://wingtai.solovue.com/images/products/list/desktop/25WXI541.JPG,25WXI541.JPG,,,WingTai800,25WXI541.JPG
Wood Finial Ornament (542),25WXI542,,,In Stock,,,,,,8,2.39,32,2.39,64,2.39,8,WingTai400,WingTai160,https://wingtai.solovue.com/images/products/list/desktop/25WXI542.JPG,25WXI542.JPG,,,WingTai800,25WXI542.JPG
Bike Wheel Cart,25WXI546,,,In Stock,,,,,,1,699.99,2,615.99,3,549.99,1,WingTai400,WingTai160,https://wingtai.solovue.com/images/products/list/desktop/25WXI546.JPG,25WXI546.JPG,,,WingTai800,25WXI546.JPG
Reclaimed Wood Mantlepiece,25WXI550,,,In Stock,,,,,,1,395.9,2,395.9,4,395.9,1,WingTai400,WingTai160,https://wingtai.solovue.com/images/products/list/desktop/25WXI550.JPG,25WXI550.JPG,,,WingTai800,25WXI550.JPG
Reclaimed Wood Coffee Table,25WXI551,,,Out of Stock,,,,,,1,314.9,2,314.9,4,314.9,1,WingTai400,WingTai160,https://wingtai.solovue.com/images/products/list/desktop/25WXI551.JPG,25WXI551.JPG,,,WingTai800,25WXI551.JPG
Reclaimed Wood Table Stand,25WXI552,,,In Stock,,,,,,1,219.99,2,199.99,4,184.99,1,WingTai400,WingTai160,https://wingtai.solovue.com/images/products/list/desktop/25WXI552.JPG,25WXI552.JPG,,,WingTai800,25WXI552.JPG
Mango Wood Round Coffee Table,25WXI553,,,Out of Stock,,,,,,1,349.99,2,319.99,4,299.99,1,WingTai400,WingTai160,https://wingtai.solovue.com/images/products/list/desktop/25WXI553.JPG,25WXI553.JPG,,,WingTai800,25WXI553.JPG
Large Flower-Engraved Mango Planter,25WXI554-LG,,,In Stock,,,,,,2,64.99,4,57.99,8,53.99,2,WingTai400,WingTai160,https://wingtai.solovue.com/images/products/list/desktop/25WXI554-LG.JPG,25WXI554-LG.JPG,,,WingTai800,25WXI554-LG.JPG
Medium Flower-Engraved Mango Planter,25WXI554-MD,,,In Stock,,,,,,2,39.99,4,34.99,8,32.99,2,WingTai400,WingTai160,https://wingtai.solovue.com/images/products/list/desktop/25WXI554-MD.JPG,25WXI554-MD.JPG,,,WingTai800,25WXI554-MD.JPG
Small Flower-Engraved Mango Planter,25WXI554-SM,,,In Stock,,,,,,4,29.99,8,26.99,12,24.99,4,WingTai400,WingTai160,https://wingtai.solovue.com/images/products/list/desktop/25WXI554-SM.JPG,25WXI554-SM.JPG,,,WingTai800,25WXI554-SM.JPG
Lg. Flower-Engraved Mango Vase,25WXI558-LG,,,Out of Stock,,,,,,2,54.99,4,49.99,8,46.99,2,WingTai400,WingTai160,https://wingtai.solovue.com/images/products/list/desktop/25WXI558-LG.JPG,25WXI558-LG.JPG,,,WingTai800,25WXI558-LG.JPG
Med. Flower-Engraved Mango Vase,25WXI558-MD,,,Out of Stock,,,,,,2,39.99,4,34.99,8,32.99,2,WingTai400,WingTai160,https://wingtai.solovue.com/images/products/list/desktop/25WXI558-MD.JPG,25WXI558-MD.JPG,,,WingTai800,25WXI558-MD.JPG
Small Flower-Engraved Mango Vase,25WXI558-SM,,,Out of Stock Dec 1,,,,,,4,29.99,8,26.99,12,24.99,4,WingTai400,WingTai160,https://wingtai.solovue.com/images/products/list/desktop/25WXI558-SM.JPG,25WXI558-SM.JPG,,,WingTai800,25WXI558-SM.JPG
Xlg. Flower-Engraved Mango Vase,25WXI558-XLG,,,Out of Stock,,,,,,2,59.99,4,52.99,8,49.99,2,WingTai400,WingTai160,https://wingtai.solovue.com/images/products/list/desktop/25WXI558-XLG.JPG,25WXI558-XLG.JPG,,,WingTai800,25WXI558-XLG.JPG
Twisted End Table,25WXI593,,,In Stock,,,,,,2,99.99,4,87.99,6,79.99,2,WingTai400,WingTai160,https://wingtai.solovue.com/images/products/list/desktop/25WXI593.JPG,25WXI593.JPG,,,WingTai800,25WXI593.JPG
Skinny End Table,25WXI594,,,In Stock,,,,,,2,84.99,4,74.99,6,67.99,2,WingTai400,WingTai160,https://wingtai.solovue.com/images/products/list/desktop/25WXI594.JPG,25WXI594.JPG,,,WingTai800,25WXI594.JPG
Mango Wood Bench,25WXI595,,,Out of Stock,,,,,,1,199.99,2,175.99,4,164.99,1,WingTai400,WingTai160,https://wingtai.solovue.com/images/products/list/desktop/25WXI595.JPG,25WXI595.JPG,,,WingTai800,25WXI595.JPG
Reclaimed Wood Rectangular Planter,25WXI596,,,In Stock,,,,,,1,129.99,2,114.99,4,99.99,1,WingTai400,WingTai160,https://wingtai.solovue.com/images/products/list/desktop/25WXI596.JPG,25WXI596.JPG,,,WingTai800,25WXI596.JPG
Tray Planter,25WXI597,,,Out of Stock,,,,,,2,24.99,4,22.99,8,19.99,2,WingTai400,WingTai160,https://wingtai.solovue.com/images/products/list/desktop/25WXI597.JPG,25WXI597.JPG,,,WingTai800,25WXI597.JPG
Mango Wall Hook,25WXI911,,,Out of Stock,,,,,,12,4.49,36,3.99,72,3.69,12,WingTai400,WingTai160,https://wingtai.solovue.com/images/products/list/desktop/25WXI911.JPG,25WXI911.JPG,,,WingTai800,25WXI911.JPG
Mango Coat Hook,25WXI912,,,In Stock,,,,,,12,4.99,48,4.39,96,3.99,12,WingTai400,WingTai160,https://wingtai.solovue.com/images/products/list/desktop/25WXI912.JPG,25WXI912.JPG,,,WingTai800,25WXI912.JPG
Mango Candle Holder,25WXI913,,,Out of Stock,,,,,,6,8.99,18,7.99,36,7.29,6,WingTai400,WingTai160,https://wingtai.solovue.com/images/products/list/desktop/25WXI913.JPG,25WXI913.JPG,,,WingTai800,25WXI913.JPG
Oval Black Mango Tray,25WXI914,,,Out of Stock,,,,,,3,18.99,9,16.99,18,14.99,3,WingTai400,WingTai160,https://wingtai.solovue.com/images/products/list/desktop/25WXI914.JPG,25WXI914.JPG,,,WingTai800,25WXI914.JPG
Simple Wood Wall Hook,25WXI920,,,In Stock,,,,,,8,3.99,24,3.69,48,3.49,8,WingTai400,WingTai160,https://wingtai.solovue.com/images/products/list/desktop/25WXI920.JPG,25WXI920.JPG,,,WingTai800,25WXI920.JPG
Wood_Iron Wall Hook,25WXI921,,,In Stock,,,,,,9,5.99,18,5.29,36,4.99,9,WingTai400,WingTai160,https://wingtai.solovue.com/images/products/list/desktop/25WXI921.JPG,25WXI921.JPG,,,WingTai800,25WXI921.JPG
Triple Wood_Iron Wall Hook,25WXI922,,,In Stock,,,,,,4,11.99,16,10.99,32,9.99,4,WingTai400,WingTai160,https://wingtai.solovue.com/images/products/list/desktop/25WXI922.JPG,25WXI922.JPG,,,WingTai800,25WXI922.JPG
Mango Wood Ball Ornament,25WXI923,,,Out of Stock,,,,,,8,5.29,24,4.69,48,4.39,8,WingTai400,WingTai160,https://wingtai.solovue.com/images/products/list/desktop/25WXI923.JPG,25WXI923.JPG,,,WingTai800,25WXI923.JPG
S/6 Mango Wood Ball/Finial Ornament Set,25WXI927-6S,,,Out of Stock,,,,,,2,24.99,6,21.99,12,19.99,2,WingTai400,WingTai160,https://wingtai.solovue.com/images/products/list/desktop/25WXI927-6S.JPG,25WXI927-6S.JPG,,,WingTai800,25WXI927-6S.JPG
Rattan Birdhouse Hanger (985),26BAI985,,,Out of Stock Dec 1,,,,,,4,14.99,12,13.99,24,12.99,4,WingTai400,WingTai160,https://wingtai.solovue.com/images/products/list/desktop/26BAI985.JPG,26BAI985.JPG,,,WingTai800,26BAI985.JPG
Rattan Birdhouse Hanger (986),26BAI986,,,Out of Stock Dec 1,,,,,,4,16.99,12,14.99,24,13.99,4,WingTai400,WingTai160,https://wingtai.solovue.com/images/products/list/desktop/26BAI986.JPG,26BAI986.JPG,,,WingTai800,26BAI986.JPG
Rattan Turret Birdhouse,26BAI987,,,Out of Stock Dec 1,,,,,,2,21.99,8,19.99,16,17.99,2,WingTai400,WingTai160,https://wingtai.solovue.com/images/products/list/desktop/26BAI987.JPG,26BAI987.JPG,,,WingTai800,26BAI987.JPG
S/3 Gold Trim Fabric Planters,26DAI001N-3S,,,Out of Stock Dec 1,,,,,,5,14.99,15,12.99,30,11.99,5,WingTai400,WingTai160,https://wingtai.solovue.com/images/products/list/desktop/26DAI001N-3S.JPG,26DAI001N-3S.JPG,,,WingTai800,26DAI001N-3S.JPG
Strawberry Tea Towel,26DAI044N,,,Out of Stock Dec 1,,,,,,12,5.99,36,5.29,60,4.99,12,WingTai400,WingTai160,https://wingtai.solovue.com/images/products/list/desktop/26DAI044N.JPG,26DAI044N.JPG,,,WingTai800,26DAI044N.JPG
Pansy Tea Towel,26DAI045N,,,Out of Stock Dec 1,,,,,,12,4.95,36,4.35,60,3.95,12,WingTai400,WingTai160,https://wingtai.solovue.com/images/products/list/desktop/26DAI045N.JPG,26DAI045N.JPG,,,WingTai800,26DAI045N.JPG
Coquette Tea Towel,26DAI046N,,,Out of Stock Dec 1,,,,,,12,5.99,36,5.29,60,4.99,12,WingTai400,WingTai160,https://wingtai.solovue.com/images/products/list/desktop/26DAI046N.JPG,26DAI046N.JPG,,,WingTai800,26DAI046N.JPG
Bow Tea Towel,26DAI047N,,,Out of Stock Dec 1,,,,,,12,5.99,36,5.29,60,4.99,12,WingTai400,WingTai160,https://wingtai.solovue.com/images/products/list/desktop/26DAI047N.JPG,26DAI047N.JPG,,,WingTai800,26DAI047N.JPG
Cream_Natural Woven Table Runner,26DAI989,,,Out of Stock Oct 26,,,,,,5,14.99,15,12.99,30,11.99,5,WingTai400,WingTai160,https://wingtai.solovue.com/images/products/list/desktop/26DAI989.JPG,26DAI989.JPG,,,WingTai800,26DAI989.JPG
Cream_Natural Woven Placemat,26DAI990,,,Out of Stock Nov 24,,,,,,12,5.99,60,5.39,120,4.99,12,WingTai400,WingTai160,https://wingtai.solovue.com/images/products/list/desktop/26DAI990.JPG,26DAI990.JPG,,,WingTai800,26DAI990.JPG
S/3 Ceam_Natural Woven Planters,26DAI991-3S,,,Out of Stock Dec 1,,,,,,5,19.99,15,17.99,30,15.99,5,WingTai400,WingTai160,https://wingtai.solovue.com/images/products/list/desktop/26DAI991-3S.JPG,26DAI991-3S.JPG,,,WingTai800,26DAI991-3S.JPG
Strawberry Table Runner,26DAI992,,,Out of Stock Oct 26,,,,,,5,14.99,15,12.99,30,11.99,5,WingTai400,WingTai160,https://wingtai.solovue.com/images/products/list/desktop/26DAI992.JPG,26DAI992.JPG,,,WingTai800,26DAI992.JPG
Strawberry Placemat,26DAI993,,,Out of Stock Oct 26,,,,,,10,5.99,30,5.39,60,4.99,10,WingTai400,WingTai160,https://wingtai.solovue.com/images/products/list/desktop/26DAI993.JPG,26DAI993.JPG,,,WingTai800,26DAI993.JPG
S/3 Strawberry Fabric Planters,26DAI994-3S,,,Out of Stock Nov 24,,,,,,5,19.99,15,17.99,30,15.99,5,WingTai400,WingTai160,https://wingtai.solovue.com/images/products/list/desktop/26DAI994-3S.JPG,26DAI994-3S.JPG,,,WingTai800,26DAI994-3S.JPG
Violet Table Runner,26DAI995,,,Out of Stock Oct 18,,,,,,5,14.95,15,12.95,30,11.95,5,WingTai400,WingTai160,https://wingtai.solovue.com/images/products/list/desktop/26DAI995.JPG,26DAI995.JPG,,,WingTai800,26DAI995.JPG
Violet Placemat,26DAI996,,,Out of Stock Oct 18,,,,,,10,5.99,30,5.39,60,4.99,10,WingTai400,WingTai160,https://wingtai.solovue.com/images/products/list/desktop/26DAI996.JPG,26DAI996.JPG,,,WingTai800,26DAI996.JPG
S/3 Violet Fabric Planters,26DAI997-3S,,,Out of Stock Nov 24,,,,,,5,19.95,15,17.95,30,15.95,5,WingTai400,WingTai160,https://wingtai.solovue.com/images/products/list/desktop/26DAI997-3S.JPG,26DAI997-3S.JPG,,,WingTai800,26DAI997-3S.JPG
Gold Trim Table Runner,26DAI998,,,Out of Stock Dec 1,,,,,,6,10.99,30,9.99,60,9.29,6,WingTai400,WingTai160,https://wingtai.solovue.com/images/products/list/desktop/26DAI998.JPG,26DAI998.JPG,,,WingTai800,26DAI998.JPG
Gold Trim Placemat,26DAI999,,,Out of Stock Dec 1,,,,,,12,4.95,60,4.35,120,3.95,12,WingTai400,WingTai160,https://wingtai.solovue.com/images/products/list/desktop/26DAI999.JPG,26DAI999.JPG,,,WingTai800,26DAI999.JPG
Smart Duck,26DAQ160,,,Out of Stock Nov 30,,,,,,6,10.99,24,9.99,48,9.29,6,WingTai400,WingTai160,https://wingtai.solovue.com/images/products/list/desktop/26DAQ160.JPG,26DAQ160.JPG,,,WingTai800,26DAQ160.JPG
Red Bow Bunny Ear Napkin Holder,26DAQ161,,,Out of Stock Dec 1,,,,,,12,2.55,48,2.25,96,1.95,12,WingTai400,WingTai160,https://wingtai.solovue.com/images/products/list/desktop/26DAQ161.JPG,26DAQ161.JPG,,,WingTai800,26DAQ161.JPG
Pink Bow Bunny Ear Napkin Holder,26DAQ162,,,Out of Stock Dec 1,,,,,,12,2.55,36,2.25,60,1.95,12,WingTai400,WingTai160,https://wingtai.solovue.com/images/products/list/desktop/26DAQ162.JPG,26DAQ162.JPG,,,WingTai800,26DAQ162.JPG
Pink Bow Bag,26DAQ163,,,Out of Stock,,,,,,1,0,,,,,1,WingTai400,WingTai160,https://wingtai.solovue.com/images/products/list/desktop/26DAQ163.JPG,26DAQ163.JPG,,,WingTai800,26DAQ163.JPG
2 Asst Large Bows,26DAQ164-2A,,,Out of Stock,,,,,,1,0,,,,,1,WingTai400,WingTai160,https://wingtai.solovue.com/images/noimage.png,noimage.png,,,WingTai800,noimage.png
2 Asst Small Bows,26DAQ165-2A,,,Out of Stock,,,,,,1,0,,,,,1,WingTai400,WingTai160,https://wingtai.solovue.com/images/noimage.png,noimage.png,,,WingTai800,noimage.png
Brown Stained Owl,26DAQ166,,,Out of Stock Dec 1,,,,,,4,13.95,12,12.95,24,11.95,4,WingTai400,WingTai160,https://wingtai.solovue.com/images/products/list/desktop/26DAQ166.JPG,26DAQ166.JPG,,,WingTai800,26DAQ166.JPG
Hanging Brown Owl,26DAQ167,,,Out of Stock Dec 1,,,,,,6,8.95,36,7.95,72,7.25,6,WingTai400,WingTai160,https://wingtai.solovue.com/images/products/list/desktop/26DAQ167.JPG,26DAQ167.JPG,,,WingTai800,26DAQ167.JPG
Brown Felt Owl,26DAQ168,,,Out of Stock Dec 1,,,,,,6,9.99,18,8.99,36,8.29,6,WingTai400,WingTai160,https://wingtai.solovue.com/images/products/list/desktop/26DAQ168.JPG,26DAQ168.JPG,,,WingTai800,26DAQ168.JPG
S/2 Simple Sheep,26DAQ169-2S,,,Out of Stock Dec 1,,,,,,6,9.95,24,8.95,48,8.25,6,WingTai400,WingTai160,https://wingtai.solovue.com/images/products/list/desktop/26DAQ169-2S.JPG,26DAQ169-2S.JPG,,,WingTai800,26DAQ169-2S.JPG
Plush Dog,26DAQ170,,,Out of Stock,,,,,,1,0,,,,,1,WingTai400,WingTai160,https://wingtai.solovue.com/images/noimage.png,noimage.png,,,WingTai800,noimage.png
Corduroy Heart Hanger with Daisies,26DAQ171,,,Out of Stock Dec 1,,,,,,12,2.99,60,2.69,120,2.49,12,WingTai400,WingTai160,https://wingtai.solovue.com/images/products/list/desktop/26DAQ171.JPG,26DAQ171.JPG,,,WingTai800,26DAQ171.JPG
S/2 Small Corduroy Strawberries,26DAQ173-2S,,,Out of Stock Dec 1,,,,,,10,5.99,30,5.29,60,4.99,10,WingTai400,WingTai160,https://wingtai.solovue.com/images/products/list/desktop/26DAQ173-2S.JPG,26DAQ173-2S.JPG,,,WingTai800,26DAQ173-2S.JPG
S/2 Large Corduroy Strawberries,26DAQ174-2S,,,Out of Stock Dec 1,,,,,,3,18.95,6,16.95,12,15.95,3,WingTai400,WingTai160,https://wingtai.solovue.com/images/products/list/desktop/26DAQ174-2S.JPG,26DAQ174-2S.JPG,,,WingTai800,26DAQ174-2S.JPG
Corduroy Strawberry Garland,26DAQ175,,,Out of Stock Dec 1,,,,,,5,11.99,20,10.99,40,9.99,5,WingTai400,WingTai160,https://wingtai.solovue.com/images/products/list/desktop/26DAQ175.JPG,26DAQ175.JPG,,,WingTai800,26DAQ175.JPG
Check Rabbit with Strawberry,26DAQ176,,,Out of Stock Dec 1,,,,,,4,24.99,8,21.99,16,19.95,4,WingTai400,WingTai160,https://wingtai.solovue.com/images/noimage.png,noimage.png,,,WingTai800,noimage.png
Strawberry Cloth,26DAQ177,,,Out of Stock Dec 1,,,,,,8,4.95,24,4.35,48,3.95,8,WingTai400,WingTai160,https://wingtai.solovue.com/images/products/list/desktop/26DAQ177.JPG,26DAQ177.JPG,,,WingTai800,26DAQ177.JPG
Plush Sleeping Fox,26DAQ178,,,Out of Stock Dec 1,,,,,,6,10.95,18,9.95,36,8.95,6,WingTai400,WingTai160,https://wingtai.solovue.com/images/products/list/desktop/26DAQ178.JPG,26DAQ178.JPG,,,WingTai800,26DAQ178.JPG
Ladybug on Flower Stem Spool,26DAQ179,,,Out of Stock Dec 1,,,,,,6,8.99,24,7.99,48,7.49,6,WingTai400,WingTai160,https://wingtai.solovue.com/images/products/list/desktop/26DAQ179.JPG,26DAQ179.JPG,,,WingTai800,26DAQ179.JPG
Little Mossy Pick,26FAD180B-10,,,Out of Stock Dec 1,,,,,,36,1.99,72,1.79,144,1.69,36,WingTai400,WingTai160,https://wingtai.solovue.com/images/products/list/desktop/26FAD180B-10.JPG,26FAD180B-10.JPG,,,WingTai800,26FAD180B-10.JPG
Large Mossy Pick,26FAD180B-24,,,Out of Stock Dec 1,,,,,,24,3.95,48,3.45,96,3.25,24,WingTai400,WingTai160,https://wingtai.solovue.com/images/products/list/desktop/26FAD180B-24.JPG,26FAD180B-24.JPG,,,WingTai800,26FAD180B-24.JPG
Mossy Candle Ring,26FAD180CL,,,Out of Stock Dec 1,,,,,,12,5.99,24,5.49,48,4.99,12,WingTai400,WingTai160,https://wingtai.solovue.com/images/products/list/desktop/26FAD180CL.JPG,26FAD180CL.JPG,,,WingTai800,26FAD180CL.JPG
Mossy Large Ring,26FAD180CLL,,,Out of Stock Dec 1,,,,,,6,11.99,18,10.99,36,9.99,6,WingTai400,WingTai160,https://wingtai.solovue.com/images/products/list/desktop/26FAD180CLL.JPG,26FAD180CLL.JPG,,,WingTai800,26FAD180CLL.JPG
Mossy Small Rinig,26FAD180CS,,,Out of Stock Dec 1,,,,,,18,3.95,36,3.45,72,3.25,18,WingTai400,WingTai160,https://wingtai.solovue.com/images/products/list/desktop/26FAD180CS.JPG,26FAD180CS.JPG,,,WingTai800,26FAD180CS.JPG
Pansy Nest,26FAQ760,,,Out of Stock Dec 1,,,,,,12,4.99,48,4.49,96,3.99,12,WingTai400,WingTai160,https://wingtai.solovue.com/images/products/list/desktop/26FAQ760.JPG,26FAQ760.JPG,,,WingTai800,26FAQ760.JPG
Pink_Purple Floral Basket,26FAQ771,,,Out of Stock Dec 1,,,,,,8,7.99,24,6.99,48,6.49,8,WingTai400,WingTai160,https://wingtai.solovue.com/images/products/list/desktop/26FAQ771.JPG,26FAQ771.JPG,,,WingTai800,26FAQ771.JPG
Eucalyptus_Little Flower Bush,26FAQ772B,,,Out of Stock Dec 1,,,,,,18,4.95,72,4.45,144,3.95,18,WingTai400,WingTai160,https://wingtai.solovue.com/images/products/list/desktop/26FAQ772B.JPG,26FAQ772B.JPG,,,WingTai800,26FAQ772B.JPG
Eucalyptus_Little Flower Drip Garland,26FAQ772DG,,,Out of Stock Dec 1,,,,,,6,11.99,24,10.99,48,9.99,6,WingTai400,WingTai160,https://wingtai.solovue.com/images/products/list/desktop/26FAQ772DG.JPG,26FAQ772DG.JPG,,,WingTai800,26FAQ772DG.JPG
Eucalyptus_Little Flower Wreath,26FAQ772W,,,Out of Stock Dec 1,,,,,,2,24.99,8,21.99,16,19.99,2,WingTai400,WingTai160,https://wingtai.solovue.com/images/products/list/desktop/26FAQ772W.JPG,26FAQ772W.JPG,,,WingTai800,26FAQ772W.JPG
Eucalyptus_Pink Flower Pick,26FAQ773B-12,,,Out of Stock Dec 1,,,,,,12,2.99,60,2.69,120,2.49,12,WingTai400,WingTai160,https://wingtai.solovue.com/images/products/list/desktop/26FAQ773B-12.JPG,26FAQ773B-12.JPG,,,WingTai800,26FAQ773B-12.JPG
Eucalyptus_Pink Flower Long Pick,26FAQ773B-18,,,Out of Stock Dec 1,,,,,,12,3.49,72,2.99,144,2.79,12,WingTai400,WingTai160,https://wingtai.solovue.com/images/products/list/desktop/26FAQ773B-18.JPG,26FAQ773B-18.JPG,,,WingTai800,26FAQ773B-18.JPG
Eucalyptus_Pink Flower Candle Ring,26FAQ777-4,,,Out of Stock Dec 1,,,,,,8,7.99,24,6.99,48,6.49,8,WingTai400,WingTai160,https://wingtai.solovue.com/images/products/list/desktop/26FAQ777-4.JPG,26FAQ777-4.JPG,,,WingTai800,26FAQ777-4.JPG
Green_Purple Eucalyptus Pick,26FAQ779B-18,,,Out of Stock Dec 1,,,,,,12,3.95,60,3.45,120,3.15,12,WingTai400,WingTai160,https://wingtai.solovue.com/images/products/list/desktop/26FAQ779B-18.JPG,26FAQ779B-18.JPG,,,WingTai800,26FAQ779B-18.JPG
Green_Purple Eucalyptus Drip Garland,26FAQ779DG,,,Out of Stock Dec 1,,,,,,3,14.99,15,13.99,30,12.99,3,WingTai400,WingTai160,https://wingtai.solovue.com/images/products/list/desktop/26FAQ779DG.JPG,26FAQ779DG.JPG,,,WingTai800,26FAQ779DG.JPG
Eucalyptus_Little Pink Flower Pick,26FAQ781B,,,Out of Stock Dec 1,,,,,,12,5.99,60,5.39,120,4.99,12,WingTai400,WingTai160,https://wingtai.solovue.com/images/products/list/desktop/26FAQ781B.JPG,26FAQ781B.JPG,,,WingTai800,26FAQ781B.JPG
Eucalyptus_Little Purple Flower Pick,26FAQ782B,,,Out of Stock Dec 1,,,,,,12,5.99,60,5.39,120,4.99,12,WingTai400,WingTai160,https://wingtai.solovue.com/images/products/list/desktop/26FAQ782B.JPG,26FAQ782B.JPG,,,WingTai800,26FAQ782B.JPG
Purple Pansy Candle Ring,26FAQ783-4,,,Out of Stock Dec 1,,,,,,12,6.99,36,6.39,72,5.99,12,WingTai400,WingTai160,https://wingtai.solovue.com/images/products/list/desktop/26FAQ783-4.JPG,26FAQ783-4.JPG,,,WingTai800,26FAQ783-4.JPG
Purple Pansy Pick,26FAQ783B-15,,,Out of Stock Dec 1,,,,,,12,2.95,72,2.65,144,2.45,12,WingTai400,WingTai160,https://wingtai.solovue.com/images/products/list/desktop/26FAQ783B-15.JPG,26FAQ783B-15.JPG,,,WingTai800,26FAQ783B-15.JPG
Purple Pansy Long Pick,26FAQ789B-18,,,Out of Stock Dec 1,,,,,,12,8.95,36,7.95,72,7.25,12,WingTai400,WingTai160,https://wingtai.solovue.com/images/products/list/desktop/26FAQ789B-18.JPG,26FAQ789B-18.JPG,,,WingTai800,26FAQ789B-18.JPG
Eucalyptus with Red_Yellow Flowers Candle Ring,26FAQ798-4,,,Out of Stock Dec 1,,,,,,12,7.99,36,6.99,72,6.49,12,WingTai400,WingTai160,https://wingtai.solovue.com/images/products/list/desktop/26FAQ798-4.JPG,26FAQ798-4.JPG,,,WingTai800,26FAQ798-4.JPG
Eucalyptus with Red_Yellow Flowers Pick,26FAQ798B-15,,,Out of Stock Dec 1,,,,,,12,2.95,72,2.75,144,2.65,12,WingTai400,WingTai160,https://wingtai.solovue.com/images/products/list/desktop/26FAQ798B-15.JPG,26FAQ798B-15.JPG,,,WingTai800,26FAQ798B-15.JPG
Eucalyptus with Burgundy Flowers Pick,26FAQ799B,,,Out of Stock Dec 1,,,,,,12,4.99,36,4.49,72,3.99,12,WingTai400,WingTai160,https://wingtai.solovue.com/images/products/list/desktop/26FAQ799B.JPG,26FAQ799B.JPG,,,WingTai800,26FAQ799B.JPG
Basic Eucalyptus Tree,26FAQ800,,,Out of Stock Dec 1,,,,,,4,16.99,8,14.99,12,13.99,4,WingTai400,WingTai160,https://wingtai.solovue.com/images/products/list/desktop/26FAQ800.JPG,26FAQ800.JPG,,,WingTai800,26FAQ800.JPG
Basic Eucalyptus Candle Ring,26FAQ800-4,,,Out of Stock Dec 1,,,,,,12,3.95,36,3.45,72,3.15,12,WingTai400,WingTai160,https://wingtai.solovue.com/images/products/list/desktop/26FAQ800-4.JPG,26FAQ800-4.JPG,,,WingTai800,26FAQ800-4.JPG
Basic Eucalyptus Large Ring,26FAQ800-6,,,Out of Stock Dec 1,,,,,,6,8.95,18,7.95,36,7.25,6,WingTai400,WingTai160,https://wingtai.solovue.com/images/products/list/desktop/26FAQ800-6.JPG,26FAQ800-6.JPG,,,WingTai800,26FAQ800-6.JPG
Basic Eucalyptus Pick,26FAQ800B,,,Out of Stock Dec 1,,,,,,12,2.25,72,1.95,144,1.75,12,WingTai400,WingTai160,https://wingtai.solovue.com/images/products/list/desktop/26FAQ800B.JPG,26FAQ800B.JPG,,,WingTai800,26FAQ800B.JPG
Basic Eucalyptus Wreath,26FAQ800W,,,Out of Stock Dec 1,,,,,,2,19.99,6,17.99,12,15.99,2,WingTai400,WingTai160,https://wingtai.solovue.com/images/products/list/desktop/26FAQ800W.JPG,26FAQ800W.JPG,,,WingTai800,26FAQ800W.JPG
Colorful Daisy Candle Ring,26FAQ802-4,,,Out of Stock Dec 1,,,,,,12,4.99,36,4.49,72,3.99,12,WingTai400,WingTai160,https://wingtai.solovue.com/images/products/list/desktop/26FAQ802-4.JPG,26FAQ802-4.JPG,,,WingTai800,26FAQ802-4.JPG
Colorful Daisy Pick,26FAQ802B,,,Out of Stock Dec 1,,,,,,12,4.95,60,4.45,120,3.95,12,WingTai400,WingTai160,https://wingtai.solovue.com/images/products/list/desktop/26FAQ802B.JPG,26FAQ802B.JPG,,,WingTai800,26FAQ802B.JPG
Colorful Daisy Wreath,26FAQ802W,,,Out of Stock Dec 1,,,,,,4,21.99,8,19.99,12,17.99,4,WingTai400,WingTai160,https://wingtai.solovue.com/images/products/list/desktop/26FAQ802W.JPG,26FAQ802W.JPG,,,WingTai800,26FAQ802W.JPG
S/2 Baby's Breath Stems,26FAQ803B-2S,,,Out of Stock Dec 1,,,,,,6,8.99,36,7.99,72,7.29,6,WingTai400,WingTai160,https://wingtai.solovue.com/images/products/list/desktop/26FAQ803B-2S.JPG,26FAQ803B-2S.JPG,,,WingTai800,26FAQ803B-2S.JPG
Daisy Pot,26FAQ804,,,Out of Stock Dec 1,,,,,,6,9.99,36,8.99,72,8.29,6,WingTai400,WingTai160,https://wingtai.solovue.com/images/products/list/desktop/26FAQ804.JPG,26FAQ804.JPG,,,WingTai800,26FAQ804.JPG
Wildflowers Bush,26FAQ805B,,,Out of Stock Dec 1,,,,,,12,8.95,36,7.95,72,7.25,12,WingTai400,WingTai160,https://wingtai.solovue.com/images/products/list/desktop/26FAQ805B.JPG,26FAQ805B.JPG,,,WingTai800,26FAQ805B.JPG
Ladybug Pick,26FAQ806B,,,Out of Stock Dec 1,,,,,,24,2.95,72,2.65,144,2.45,24,WingTai400,WingTai160,https://wingtai.solovue.com/images/products/list/desktop/26FAQ806B.JPG,26FAQ806B.JPG,,,WingTai800,26FAQ806B.JPG
Strawberry Bag,26FAQ807,,,Out of Stock Dec 1,,,,,,12,5.99,24,5.49,48,4.99,12,WingTai400,WingTai160,https://wingtai.solovue.com/images/noimage.png,noimage.png,,,WingTai800,noimage.png
Plush Strawberry Candle Ring,26FAQ807-4,,,Out of Stock Dec 1,,,,,,12,4.99,36,4.49,72,3.99,12,WingTai400,WingTai160,https://wingtai.solovue.com/images/products/list/desktop/26FAQ807-4.JPG,26FAQ807-4.JPG,,,WingTai800,26FAQ807-4.JPG
Long Plush Strawberry Pick,26FAQ807-B-15,,,Out of Stock Dec 1,,,,,,12,2.99,36,2.59,72,2.39,12,WingTai400,WingTai160,https://wingtai.solovue.com/images/products/list/desktop/26FAQ807-B-15.JPG,26FAQ807-B-15.JPG,,,WingTai800,26FAQ807-B-15.JPG
Plush Strawberry Garland,26FAQ807-G,,,Out of Stock Dec 1,,,,,,12,6.95,24,6.35,48,5.75,12,WingTai400,WingTai160,https://wingtai.solovue.com/images/products/list/desktop/26FAQ807-G.JPG,26FAQ807-G.JPG,,,WingTai800,26FAQ807-G.JPG
Grassy Flower Arrangement,26FAQ808,,,Out of Stock Dec 1,,,,,,8,8.95,24,7.95,40,7.25,8,WingTai400,WingTai160,https://wingtai.solovue.com/images/products/list/desktop/26FAQ808.JPG,26FAQ808.JPG,,,WingTai800,26FAQ808.JPG
Purple Flower Nest with Handle,26FAQ809,,,Out of Stock Dec 1,,,,,,12,6.95,24,6.35,48,5.95,12,WingTai400,WingTai160,https://wingtai.solovue.com/images/products/list/desktop/26FAQ809.JPG,26FAQ809.JPG,,,WingTai800,26FAQ809.JPG
Purple Flower Candle Ring,26FAQ810-4,,,Out of Stock Dec 1,,,,,,12,6.99,36,6.39,72,5.99,12,WingTai400,WingTai160,https://wingtai.solovue.com/images/products/list/desktop/26FAQ810-4.JPG,26FAQ810-4.JPG,,,WingTai800,26FAQ810-4.JPG
Purple Flower Large Ring,26FAQ810-6,,,Out of Stock Dec 1,,,,,,6,10.99,36,9.99,72,9.29,6,WingTai400,WingTai160,https://wingtai.solovue.com/images/products/list/desktop/26FAQ810-6.JPG,26FAQ810-6.JPG,,,WingTai800,26FAQ810-6.JPG
Purple Flower Pick,26FAQ810B-12,,,Out of Stock Dec 1,,,,,,24,2.75,72,2.45,144,2.25,24,WingTai400,WingTai160,https://wingtai.solovue.com/images/products/list/desktop/26FAQ810B-12.JPG,26FAQ810B-12.JPG,,,WingTai800,26FAQ810B-12.JPG
Purple Flower Bush,26FAQ810B-18,,,Out of Stock Dec 1,,,,,,12,6.99,36,6.39,72,5.99,12,WingTai400,WingTai160,https://wingtai.solovue.com/images/products/list/desktop/26FAQ810B-18.JPG,26FAQ810B-18.JPG,,,WingTai800,26FAQ810B-18.JPG
Sage Eucalyptus Drip Garland,26FAQ811-DG,,,Out of Stock Dec 1,,,,,,6,14.99,18,13.99,30,12.99,6,WingTai400,WingTai160,https://wingtai.solovue.com/images/products/list/desktop/26FAQ811-DG.JPG,26FAQ811-DG.JPG,,,WingTai800,26FAQ811-DG.JPG
Eucalyptus_Purple Flower Pot,26FAQ817,,,Out of Stock Dec 1,,,,,,12,7.95,60,6.95,120,6.45,12,WingTai400,WingTai160,https://wingtai.solovue.com/images/products/list/desktop/26FAQ817.JPG,26FAQ817.JPG,,,WingTai800,26FAQ817.JPG
3 Asst Eucalyptus Picks,26FAZ660-3A,,,Out of Stock Dec 1,,,,,,24,4.95,48,3.95,96,3.75,24,WingTai400,WingTai160,https://wingtai.solovue.com/images/products/list/desktop/26FAZ660-3A.JPG,26FAZ660-3A.JPG,,,WingTai800,26FAZ660-3A.JPG
Rose Bouquet in Glass Vase,26FAZ661B,,,Out of Stock Oct 31,,,,,,4,14.99,8,13.99,16,12.99,4,WingTai400,WingTai160,https://wingtai.solovue.com/images/noimage.png,noimage.png,,,WingTai800,noimage.png
Earth Tone Flower Bouquet,26FAZ662B,,,Out of Stock Dec 1,,,,,,12,6.99,72,6.19,144,5.99,12,WingTai400,WingTai160,https://wingtai.solovue.com/images/products/list/desktop/26FAZ662B.JPG,26FAZ662B.JPG,,,WingTai800,26FAZ662B.JPG
Ivy Garland,26FAZ666G,,,Out of Stock Dec 1,,,,,,10,9.99,50,8.99,100,7.99,10,WingTai400,WingTai160,https://wingtai.solovue.com/images/products/list/desktop/26FAZ666G.JPG,26FAZ666G.JPG,,,WingTai800,26FAZ666G.JPG
Short Orchid,26FAZ668,,,Out of Stock Dec 1,,,,,,12,3.95,60,3.25,120,2.95,12,WingTai400,WingTai160,https://wingtai.solovue.com/images/products/list/desktop/26FAZ668.JPG,26FAZ668.JPG,,,WingTai800,26FAZ668.JPG
Tall Orchid,26FAZ669,,,Out of Stock Dec 1,,,,,,6,5.99,24,5.49,48,4.99,6,WingTai400,WingTai160,https://wingtai.solovue.com/images/products/list/desktop/26FAZ669.JPG,26FAZ669.JPG,,,WingTai800,26FAZ669.JPG
Eucalyptus Orb,26FAZ763,,,Out of Stock Dec 1,,,,,,12,5.29,36,4.69,72,4.19,12,WingTai400,WingTai160,https://wingtai.solovue.com/images/products/list/desktop/26FAZ763.JPG,26FAZ763.JPG,,,WingTai800,26FAZ763.JPG
S/2 Boxwood Trees,26FAZ790-2S,,,Out of Stock Dec 1,,,,,,8,11.99,16,10.99,24,9.99,8,WingTai400,WingTai160,https://wingtai.solovue.com/images/products/list/desktop/26FAZ790-2S.JPG,26FAZ790-2S.JPG,,,WingTai800,26FAZ790-2S.JPG
"3 Asst Lighted Red, Pink_White Tulips",26FAZ791-3A,,,Out of Stock Dec 1,,,,,,6,9.99,24,8.99,48,8.29,6,WingTai400,WingTai160,https://wingtai.solovue.com/images/products/list/desktop/26FAZ791-3A.JPG,26FAZ791-3A.JPG,,,WingTai800,26FAZ791-3A.JPG
Large Lighted Round Boxwood Tree,26FAZ793,,,Out of Stock Dec 1,,,,,,2,31.99,4,28.99,8,26.99,2,WingTai400,WingTai160,https://wingtai.solovue.com/images/products/list/desktop/26FAZ793.JPG,26FAZ793.JPG,,,WingTai800,26FAZ793.JPG
Small Lighted Round Boxwood Tree,26FAZ794,,,Out of Stock Dec 1,,,,,,2,24.99,4,21.99,8,19.99,2,WingTai400,WingTai160,https://wingtai.solovue.com/images/products/list/desktop/26FAZ794.JPG,26FAZ794.JPG,,,WingTai800,26FAZ794.JPG
Lighted Boxwood Pot,26FAZ795,,,Out of Stock Dec 1,,,,,,4,21.99,8,19.99,12,17.99,4,WingTai400,WingTai160,https://wingtai.solovue.com/images/products/list/desktop/26FAZ795.JPG,26FAZ795.JPG,,,WingTai800,26FAZ795.JPG
Light Bundle,26FAZ796,,,Out of Stock Dec 1,,,,,,12,5.99,60,5.49,120,4.99,12,WingTai400,WingTai160,https://wingtai.solovue.com/images/products/list/desktop/26FAZ796.JPG,26FAZ796.JPG,,,WingTai800,26FAZ796.JPG
Dark Eucalyptus Pick,26FAZ818-B,,,Out of Stock Dec 1,,,,,,12,4.35,36,3.85,72,3.45,12,WingTai400,WingTai160,https://wingtai.solovue.com/images/noimage.png,noimage.png,,,WingTai800,noimage.png
Dark Eucalyptus Drip Garland,26FAZ818-DG,,,Out of Stock Dec 1,,,,,,12,8.95,24,7.95,48,7.25,12,WingTai400,WingTai160,https://wingtai.solovue.com/images/noimage.png,noimage.png,,,WingTai800,noimage.png
Ocher Daisy_Eucalyptus Pick,26FAZ821-B,,,Out of Stock Dec 1,,,,,,12,5.39,36,4.79,72,4.29,12,WingTai400,WingTai160,https://wingtai.solovue.com/images/noimage.png,noimage.png,,,WingTai800,noimage.png
Ocher Daisy_Eucalyptus Drip Garland,26FAZ821-DG,,,Out of Stock Dec 1,,,,,,12,9.99,24,8.99,48,8.29,12,WingTai400,WingTai160,https://wingtai.solovue.com/images/noimage.png,noimage.png,,,WingTai800,noimage.png
Lavender Sprig,26FAZ823-B,,,Out of Stock Dec 1,,,,,,12,6.99,24,6.19,48,5.59,12,WingTai400,WingTai160,https://wingtai.solovue.com/images/products/list/desktop/26FAZ823-B.JPG,26FAZ823-B.JPG,,,WingTai800,26FAZ823-B.JPG
Red Hydrangea Pick,26FAZ900-B,,,Out of Stock Dec 1,,,,,,8,5.99,40,5.49,80,4.99,8,WingTai400,WingTai160,https://wingtai.solovue.com/images/products/list/desktop/26FAZ900-B.JPG,26FAZ900-B.JPG,,,WingTai800,26FAZ900-B.JPG
Red Anemone Pick,26FAZ901-B,,,Out of Stock Dec 1,,,,,,16,4.99,48,4.49,96,3.99,16,WingTai400,WingTai160,https://wingtai.solovue.com/images/products/list/desktop/26FAZ901-B.JPG,26FAZ901-B.JPG,,,WingTai800,26FAZ901-B.JPG
Cream_Pink Rose Bundle,26FAZ902-B,,,Out of Stock Dec 1,,,,,,6,7.99,18,6.99,36,6.49,6,WingTai400,WingTai160,https://wingtai.solovue.com/images/products/list/desktop/26FAZ902-B.JPG,26FAZ902-B.JPG,,,WingTai800,26FAZ902-B.JPG
White Chamomile Pick,26FAZ904-B,,,Out of Stock Dec 1,,,,,,24,2.49,72,2.19,144,1.99,24,WingTai400,WingTai160,https://wingtai.solovue.com/images/products/list/desktop/26FAZ904-B.JPG,26FAZ904-B.JPG,,,WingTai800,26FAZ904-B.JPG
Yellow Mimosa Pick,26FAZ905-B,,,Out of Stock Dec 1,,,,,,1,4.99,48,4.49,72,3.99,1,WingTai400,WingTai160,https://wingtai.solovue.com/images/products/list/desktop/26FAZ905-B.JPG,26FAZ905-B.JPG,,,WingTai800,26FAZ905-B.JPG
Rustic Ivy Drip Garland,26FAZ906-DG,,,Out of Stock Dec 1,,,,,,6,9.99,18,8.99,36,8.29,6,WingTai400,WingTai160,https://wingtai.solovue.com/images/products/list/desktop/26FAZ906-DG.JPG,26FAZ906-DG.JPG,,,WingTai800,26FAZ906-DG.JPG
Two-Tone Ivy Drip Garland,26FAZ907-DG,,,Out of Stock Dec 1,,,,,,6,9.99,18,8.99,36,8.29,6,WingTai400,WingTai160,https://wingtai.solovue.com/images/noimage.png,noimage.png,,,WingTai800,noimage.png
Solar Flower Hanger,26GAF118,,,Out of Stock Dec 1,,,,,,4,19.99,8,17.99,16,15.99,4,WingTai400,WingTai160,https://wingtai.solovue.com/images/products/list/desktop/26GAF118.JPG,26GAF118.JPG,,,WingTai800,26GAF118.JPG
Glass Bunny,26GAI018N,,,Out of Stock,,,,,,6,7.99,12,6.99,24,6.39,6,WingTai400,WingTai160,https://wingtai.solovue.com/images/products/list/desktop/26GAI018N.JPG,26GAI018N.JPG,,,WingTai800,26GAI018N.JPG
Large Slim Hurricane Glass on Stand,26GAI524-LG,,,Out of Stock Dec 1,,,,,,4,16.99,8,14.99,12,13.99,4,WingTai400,WingTai160,https://wingtai.solovue.com/images/products/list/desktop/26GAI524-LG.JPG,26GAI524-LG.JPG,,,WingTai800,26GAI524-LG.JPG
Small Slim Hurricane Glass on Stand,26GAI525-SM,,,Out of Stock Dec 1,,,,,,4,9.99,8,8.99,16,8.29,4,WingTai400,WingTai160,https://wingtai.solovue.com/images/products/list/desktop/26GAI525-SM.JPG,26GAI525-SM.JPG,,,WingTai800,26GAI525-SM.JPG
Orange Glass Teardrop Flame Light,26GAS024,,,Out of Stock Dec 1,,,,,,4,11.99,12,10.99,24,9.99,4,WingTai400,WingTai160,https://wingtai.solovue.com/images/products/list/desktop/26GAS024.JPG,26GAS024.JPG,,,WingTai800,26GAS024.JPG
Glass Tree Flame Light,26GAS025,,,Out of Stock Dec 1,,,,,,4,14.95,12,12.95,24,11.95,4,WingTai400,WingTai160,https://wingtai.solovue.com/images/products/list/desktop/26GAS025.JPG,26GAS025.JPG,,,WingTai800,26GAS025.JPG
Lady Bug Orb Flame Light,26GAS026,,,Out of Stock Dec 1,,,,,,4,10.95,12,9.95,24,9.25,4,WingTai400,WingTai160,https://wingtai.solovue.com/images/products/list/desktop/26GAS026.JPG,26GAS026.JPG,,,WingTai800,26GAS026.JPG
Copper Glass Flame Light,26GAS027,,,Out of Stock Dec 1,,,,,,4,10.99,12,9.99,24,9.29,4,WingTai400,WingTai160,https://wingtai.solovue.com/images/products/list/desktop/26GAS027.JPG,26GAS027.JPG,,,WingTai800,26GAS027.JPG
Large Black_Gold Glass Light,26GAS029,,,Out of Stock Dec 1,,,,,,6,8.99,12,7.99,24,7.19,6,WingTai400,WingTai160,https://wingtai.solovue.com/images/products/list/desktop/26GAS029.JPG,26GAS029.JPG,,,WingTai800,26GAS029.JPG
Poppy Glass Light,26GAS030,,,Out of Stock Nov 30,,,,,,4,10.95,12,9.95,24,9.25,4,WingTai400,WingTai160,https://wingtai.solovue.com/images/products/list/desktop/26GAS030.JPG,26GAS030.JPG,,,WingTai800,26GAS030.JPG
Glass Lantern,26GAS146,,,Out of Stock Dec 1,,,,,,4,15.99,8,14.99,16,13.99,4,WingTai400,WingTai160,https://wingtai.solovue.com/images/noimage.png,noimage.png,,,WingTai800,noimage.png
Glass Candle Holder on Stand,26GAS147,,,Out of Stock Dec 1,,,,,,3,18.99,6,16.99,12,14.99,3,WingTai400,WingTai160,https://wingtai.solovue.com/images/noimage.png,noimage.png,,,WingTai800,noimage.png
Black Art Nouveau Lantern,26GAS148,,,Out of Stock Dec 1,,,,,,6,14.99,12,13.99,24,12.99,6,WingTai400,WingTai160,https://wingtai.solovue.com/images/noimage.png,noimage.png,,,WingTai800,noimage.png
Jute Bottom Hurricane Glass,26GAS151,,,Out of Stock Dec 1,,,,,,6,6.95,24,6.35,48,5.75,6,WingTai400,WingTai160,https://wingtai.solovue.com/images/noimage.png,noimage.png,,,WingTai800,noimage.png
Glass_Metal Taper Lantern,26GAS152,,,Out of Stock Dec 1,,,,,,3,17.99,6,15.99,12,14.99,3,WingTai400,WingTai160,https://wingtai.solovue.com/images/noimage.png,noimage.png,,,WingTai800,noimage.png
S/2 Ladybug Votive Holders,26LAF612-2S,,,Out of Stock Dec 1,,,,,,2,27.99,4,24.99,8,22.99,2,WingTai400,WingTai160,https://wingtai.solovue.com/images/products/list/desktop/26LAF612-2S.JPG,26LAF612-2S.JPG,,,WingTai800,26LAF612-2S.JPG
Black Cylindrical Lantern with LED,26LAF740,,,Out of Stock Dec 1,,,,,,3,22.99,6,19.99,12,17.99,3,WingTai400,WingTai160,https://wingtai.solovue.com/images/products/list/desktop/26LAF740.JPG,26LAF740.JPG,,,WingTai800,26LAF740.JPG
Black Bell with LED,26LAF741,,,Out of Stock Dec 1,,,,,,6,14.99,12,13.99,18,12.99,6,WingTai400,WingTai160,https://wingtai.solovue.com/images/products/list/desktop/26LAF741.JPG,26LAF741.JPG,,,WingTai800,26LAF741.JPG
Gloss Black Ceiling Lamp,26LAI520,,,Out of Stock Dec 1,,,,,,2,27.99,4,24.99,8,22.99,2,WingTai400,WingTai160,https://wingtai.solovue.com/images/products/list/desktop/26LAI520.JPG,26LAI520.JPG,,,WingTai800,26LAI520.JPG
2 Asst Pink_White Tulips,26LAZ659-2A,,,Out of Stock Dec 1,,,,,,24,9.99,72,8.99,144,8.29,24,WingTai400,WingTai160,https://wingtai.solovue.com/images/products/list/desktop/26LAZ659-2A.JPG,26LAZ659-2A.JPG,,,WingTai800,26LAZ659-2A.JPG
Green Hanging Planter Rack,26MAF001,,,Out of Stock Dec 1,,,,,,3,29.99,6,26.99,12,24.99,3,WingTai400,WingTai160,https://wingtai.solovue.com/images/products/list/desktop/26MAF001.JPG,26MAF001.JPG,,,WingTai800,26MAF001.JPG
Round Wood_Metal Hanging Planter,26MAF003,,,Out of Stock Dec 1,,,,,,5,13.99,10,12.99,20,11.99,5,WingTai400,WingTai160,https://wingtai.solovue.com/images/products/list/desktop/26MAF003.JPG,26MAF003.JPG,,,WingTai800,26MAF003.JPG
Hexagonal Double Hanging Planter,26MAF004,,,Out of Stock Dec 1,,,,,,4,19.99,10,17.99,20,16.99,4,WingTai400,WingTai160,https://wingtai.solovue.com/images/products/list/desktop/26MAF004.JPG,26MAF004.JPG,,,WingTai800,26MAF004.JPG
2 Asst Farmer Planter Stands,26MAF005-2A,,,Out of Stock Dec 1,,,,,,4,24.99,8,21.99,16,19.99,4,WingTai400,WingTai160,https://wingtai.solovue.com/images/products/list/desktop/26MAF005-2A.JPG,26MAF005-2A.JPG,,,WingTai800,26MAF005-2A.JPG
Copper Birdbath on Stand,26MAF020,,,Out of Stock Dec 1,,,,,,2,54.99,4,49.99,8,44.99,2,WingTai400,WingTai160,https://wingtai.solovue.com/images/noimage.png,noimage.png,,,WingTai800,noimage.png
Black_Gold Rain Chain,26MAF021,,,Out of Stock Dec 1,,,,,,4,17.9,8,17.9,12,17.9,4,WingTai400,WingTai160,https://wingtai.solovue.com/images/products/list/desktop/26MAF021.JPG,26MAF021.JPG,,,WingTai800,26MAF021.JPG
Galvanized Hanging Planter Rack,26MAF022,,,Out of Stock Dec 1,,,,,,3,29.99,6,26.99,12,24.99,3,WingTai400,WingTai160,https://wingtai.solovue.com/images/products/list/desktop/26MAF022.JPG,26MAF022.JPG,,,WingTai800,26MAF022.JPG
S/2 Tulip Stands,26MAF035-2S,,,Out of Stock Dec 1,,,,,,3,64.99,6,56.99,9,51.99,3,WingTai400,WingTai160,https://wingtai.solovue.com/images/products/list/desktop/26MAF035-2S.JPG,26MAF035-2S.JPG,,,WingTai800,26MAF035-2S.JPG
Copper Rain Chain,26MAF037,,,Out of Stock Dec 1,,,,,,4,17.9,8,17.9,12,17.9,4,WingTai400,WingTai160,https://wingtai.solovue.com/images/products/list/desktop/26MAF037.JPG,26MAF037.JPG,,,WingTai800,26MAF037.JPG
Live Bait Sign,26MAF038,,,Out of Stock Nov 30,,,,,,8,4.95,24,4.25,48,3.95,8,WingTai400,WingTai160,https://wingtai.solovue.com/images/products/list/desktop/26MAF038.JPG,26MAF038.JPG,,,WingTai800,26MAF038.JPG
Quarter Pitch Sign,26MAF039,,,Out of Stock Dec 1,,,,,,8,6.99,16,6.29,24,5.79,8,WingTai400,WingTai160,https://wingtai.solovue.com/images/products/list/desktop/26MAF039.JPG,26MAF039.JPG,,,WingTai800,26MAF039.JPG
Strawberry Fields Sign,26MAF040,,,Out of Stock Nov 30,,,,,,8,6.99,16,6.29,24,5.79,8,WingTai400,WingTai160,https://wingtai.solovue.com/images/products/list/desktop/26MAF040.JPG,26MAF040.JPG,,,WingTai800,26MAF040.JPG
My Happy Place Sign,26MAF042,,,Out of Stock Nov 30,,,,,,8,5.99,24,5.49,48,4.99,8,WingTai400,WingTai160,https://wingtai.solovue.com/images/products/list/desktop/26MAF042.JPG,26MAF042.JPG,,,WingTai800,26MAF042.JPG
Bicycle Frame,26MAF043,,,Out of Stock Dec 1,,,,,,2,49.99,4,44.99,8,39.99,2,WingTai400,WingTai160,https://wingtai.solovue.com/images/products/list/desktop/26MAF043.JPG,26MAF043.JPG,,,WingTai800,26MAF043.JPG
S/2 Bent-Handle Hexaxonal Shape Buckets,26MAF099-2S,,,Out of Stock Dec 1,,,,,,4,19.95,8,17.95,16,15.95,4,WingTai400,WingTai160,https://wingtai.solovue.com/images/products/list/desktop/26MAF099-2S.JPG,26MAF099-2S.JPG,,,WingTai800,26MAF099-2S.JPG
White with Green Vein Leaf,26MAF100,,,Out of Stock Dec 1,,,,,,6,6.99,18,6.19,36,5.79,6,WingTai400,WingTai160,https://wingtai.solovue.com/images/products/list/desktop/26MAF100.JPG,26MAF100.JPG,,,WingTai800,26MAF100.JPG
S/2 Green Metal Rattan-Look Baskets,26MAF105-2S,,,Out of Stock Oct 18,,,,,,2,39.99,6,34.99,12,31.99,2,WingTai400,WingTai160,https://wingtai.solovue.com/images/products/list/desktop/26MAF105-2S.JPG,26MAF105-2S.JPG,,,WingTai800,26MAF105-2S.JPG
S/2 Hanging Owl Planters,26MAF112-2S,,,Out of Stock Dec 1,,,,,,4,22.99,12,19.99,24,17.99,4,WingTai400,WingTai160,https://wingtai.solovue.com/images/products/list/desktop/26MAF112-2S.JPG,26MAF112-2S.JPG,,,WingTai800,26MAF112-2S.JPG
White Sand Paint Wall Planter,26MAF113,,,Out of Stock Dec 1,,,,,,5,9.95,15,8.95,30,8.25,5,WingTai400,WingTai160,https://wingtai.solovue.com/images/products/list/desktop/26MAF113.JPG,26MAF113.JPG,,,WingTai800,26MAF113.JPG
Matte Black Rain Chain,26MAF119,,,Out of Stock Dec 1,,,,,,4,14.9,12,14.9,24,14.9,4,WingTai400,WingTai160,https://wingtai.solovue.com/images/products/list/desktop/26MAF119.JPG,26MAF119.JPG,,,WingTai800,26MAF119.JPG
Hanging Metal Cat,26MAF122,,,Out of Stock Dec 1,,,,,,4,22.99,8,19.99,16,17.99,4,WingTai400,WingTai160,https://wingtai.solovue.com/images/products/list/desktop/26MAF122.JPG,26MAF122.JPG,,,WingTai800,26MAF122.JPG
Ladybug Windchime,26MAF125,,,Out of Stock Dec 1,,,,,,6,14.99,18,13.99,30,12.99,6,WingTai400,WingTai160,https://wingtai.solovue.com/images/products/list/desktop/26MAF125.JPG,26MAF125.JPG,,,WingTai800,26MAF125.JPG
Rain Chain (600),26MAF600,,,Out of Stock Dec 1,,,,,,4,19.99,8,17.99,16,15.99,4,WingTai400,WingTai160,https://wingtai.solovue.com/images/products/list/desktop/26MAF600.JPG,26MAF600.JPG,,,WingTai800,26MAF600.JPG
2 Asst Metal Bugs,26MAF602-2A,,,Out of Stock Dec 1,,,,,,6,12.99,12,11.99,18,10.99,6,WingTai400,WingTai160,https://wingtai.solovue.com/images/products/list/desktop/26MAF602-2A.JPG,26MAF602-2A.JPG,,,WingTai800,26MAF602-2A.JPG
3 Asst Flower Bells,26MAF604-3A,,,Out of Stock Nov 4,,,,,,24,4.99,48,4.39,72,3.99,24,WingTai400,WingTai160,https://wingtai.solovue.com/images/products/list/desktop/26MAF604-3A.JPG,26MAF604-3A.JPG,,,WingTai800,26MAF604-3A.JPG
Distressed Gray Round Lantern,26MAF606,,,Out of Stock Dec 1,,,,,,2,32.99,4,29.99,8,27.99,2,WingTai400,WingTai160,https://wingtai.solovue.com/images/products/list/desktop/26MAF606.JPG,26MAF606.JPG,,,WingTai800,26MAF606.JPG
Vintage Cylindrical Lantern,26MAF608,,,Out of Stock Dec 1,,,,,,2,26.99,4,24.99,8,22.99,2,WingTai400,WingTai160,https://wingtai.solovue.com/images/products/list/desktop/26MAF608.JPG,26MAF608.JPG,,,WingTai800,26MAF608.JPG
S/2 Vintage Metal Rectangular Planters,26MAF609-2S,,,Out of Stock Dec 1,,,,,,4,24.99,8,21.99,12,19.99,4,WingTai400,WingTai160,https://wingtai.solovue.com/images/products/list/desktop/26MAF609-2S.JPG,26MAF609-2S.JPG,,,WingTai800,26MAF609-2S.JPG
Birds_Branches Wall Hanger,26MAF610,,,Out of Stock Dec 1,,,,,,4,12.99,12,11.99,24,10.99,4,WingTai400,WingTai160,https://wingtai.solovue.com/images/products/list/desktop/26MAF610.JPG,26MAF610.JPG,,,WingTai800,26MAF610.JPG
2 Asst Red_Whitewashed Bugs,26MAF611-2A,,,Out of Stock Dec 1,,,,,,6,19.99,12,17.99,18,15.99,6,WingTai400,WingTai160,https://wingtai.solovue.com/images/products/list/desktop/26MAF611-2A.JPG,26MAF611-2A.JPG,,,WingTai800,26MAF611-2A.JPG
S/2 Corrugated Roof Lanterns,26MAF613-2S,,,Out of Stock Dec 1,,,,,,2,44.99,4,39.99,8,36.99,2,WingTai400,WingTai160,https://wingtai.solovue.com/images/products/list/desktop/26MAF613-2S.JPG,26MAF613-2S.JPG,,,WingTai800,26MAF613-2S.JPG
Round Hanging Frame,26MAF622,,,Out of Stock Dec 1,,,,,,12,8.99,24,7.99,36,7.29,12,WingTai400,WingTai160,https://wingtai.solovue.com/images/products/list/desktop/26MAF622.JPG,26MAF622.JPG,,,WingTai800,26MAF622.JPG
18 inch Tree of Life Wall Hanger,26MAF623,,,Out of Stock Dec 1,,,,,,24,2.95,48,2.45,72,2.25,24,WingTai400,WingTai160,https://wingtai.solovue.com/images/products/list/desktop/26MAF623.JPG,26MAF623.JPG,,,WingTai800,26MAF623.JPG
S/3 Simple Round Tall Lanterns,26MAF626-3S,,,Out of Stock Dec 1,,,,,,4,19.99,8,17.99,12,15.99,4,WingTai400,WingTai160,https://wingtai.solovue.com/images/products/list/desktop/26MAF626-3S.JPG,26MAF626-3S.JPG,,,WingTai800,26MAF626-3S.JPG
Poppy Sign,26MAF654,,,Out of Stock Dec 1,,,,,,6,8.95,12,7.95,24,6.95,6,WingTai400,WingTai160,https://wingtai.solovue.com/images/products/list/desktop/26MAF654.JPG,26MAF654.JPG,,,WingTai800,26MAF654.JPG
Pansy Sign,26MAF655,,,Out of Stock Dec 1,,,,,,6,8.95,12,7.95,24,6.95,6,WingTai400,WingTai160,https://wingtai.solovue.com/images/products/list/desktop/26MAF655.JPG,26MAF655.JPG,,,WingTai800,26MAF655.JPG
Hanging Bird Feeder,26MAF656,,,Out of Stock Dec 1,,,,,,6,12.99,12,11.99,24,11.59,6,WingTai400,WingTai160,https://wingtai.solovue.com/images/products/list/desktop/26MAF656.JPG,26MAF656.JPG,,,WingTai800,26MAF656.JPG
Looped Bird Candle Holder on Stand,26MAF658,,,Out of Stock Dec 1,,,,,,4,12.95,8,10.95,16,9.95,4,WingTai400,WingTai160,https://wingtai.solovue.com/images/products/list/desktop/26MAF658.JPG,26MAF658.JPG,,,WingTai800,26MAF658.JPG
Black Nouveau House Frame,26MAF742,,,Out of Stock Dec 1,,,,,,6,14.99,12,13.99,24,12.99,6,WingTai400,WingTai160,https://wingtai.solovue.com/images/products/list/desktop/26MAF742.JPG,26MAF742.JPG,,,WingTai800,26MAF742.JPG
Butterfly Away Sign,26MAF744,,,Out of Stock Dec 1,,,,,,6,12.99,12,11.99,24,10.99,6,WingTai400,WingTai160,https://wingtai.solovue.com/images/products/list/desktop/26MAF744.JPG,26MAF744.JPG,,,WingTai800,26MAF744.JPG
Chain-Handle Round Planter,26MAF749,,,Out of Stock Dec 1,,,,,,2,24.99,4,21.99,8,19.99,2,WingTai400,WingTai160,https://wingtai.solovue.com/images/products/list/desktop/26MAF749.JPG,26MAF749.JPG,,,WingTai800,26MAF749.JPG
S/2 Round Top Birdcage Lanterns,26MAF750-2S,,,Out of Stock Dec 1,,,,,,2,49.99,4,44.99,8,39.99,2,WingTai400,WingTai160,https://wingtai.solovue.com/images/products/list/desktop/26MAF750-2S.JPG,26MAF750-2S.JPG,,,WingTai800,26MAF750-2S.JPG
S/2 Crown Lanterns,26MAF751-2S,,,Out of Stock Dec 1,,,,,,4,24.99,8,21.99,16,19.99,4,WingTai400,WingTai160,https://wingtai.solovue.com/images/products/list/desktop/26MAF751-2S.JPG,26MAF751-2S.JPG,,,WingTai800,26MAF751-2S.JPG
Recycled Metal Birdhouse,26MAF754,,,Out of Stock Dec 1,,,,,,6,17.99,12,15.99,18,13.99,6,WingTai400,WingTai160,https://wingtai.solovue.com/images/products/list/desktop/26MAF754.JPG,26MAF754.JPG,,,WingTai800,26MAF754.JPG
White Metal_Wood Lanterns,26MAF755-2S,,,Out of Stock Dec 1,,,,,,3,21.99,9,19.99,18,17.99,3,WingTai400,WingTai160,https://wingtai.solovue.com/images/products/list/desktop/26MAF755-2S.JPG,26MAF755-2S.JPG,,,WingTai800,26MAF755-2S.JPG
Metal Garden Trellis,26MAF756,,,Out of Stock Dec 1,,,,,,2,24.99,8,21.99,16,19.99,2,WingTai400,WingTai160,https://wingtai.solovue.com/images/products/list/desktop/26MAF756.JPG,26MAF756.JPG,,,WingTai800,26MAF756.JPG
Large Metal Standing Bunny,26MAF757,,,Out of Stock Dec 1,,,,,,4,9.99,16,8.99,32,8.29,4,WingTai400,WingTai160,https://wingtai.solovue.com/images/products/list/desktop/26MAF757.JPG,26MAF757.JPG,,,WingTai800,26MAF757.JPG
Small Metal Standing Bunny,26MAF758,,,Out of Stock Dec 1,,,,,,5,8.99,20,7.99,40,7.29,5,WingTai400,WingTai160,https://wingtai.solovue.com/images/products/list/desktop/26MAF758.JPG,26MAF758.JPG,,,WingTai800,26MAF758.JPG
S/2 Trellis,26MAF762-2S,,,Out of Stock Dec 1,,,,,,1,109.9,2,109.9,4,109.9,1,WingTai400,WingTai160,https://wingtai.solovue.com/images/products/list/desktop/26MAF762-2S.JPG,26MAF762-2S.JPG,,,WingTai800,26MAF762-2S.JPG
Rooster Picture,26MAF766,,,Out of Stock Dec 1,,,,,,2,29.99,5,26.99,10,24.99,2,WingTai400,WingTai160,https://wingtai.solovue.com/images/products/list/desktop/26MAF766.JPG,26MAF766.JPG,,,WingTai800,26MAF766.JPG
Rattan Lantern,26MAF767,,,Out of Stock Dec 1,,,,,,4,17.99,8,15.99,12,14.99,4,WingTai400,WingTai160,https://wingtai.solovue.com/images/products/list/desktop/26MAF767.JPG,26MAF767.JPG,,,WingTai800,26MAF767.JPG
S/2 Purple Pansy Trays,26MAF768-2S,,,Out of Stock Dec 1,,,,,,2,32.99,4,29.99,8,27.99,2,WingTai400,WingTai160,https://wingtai.solovue.com/images/products/list/desktop/26MAF768-2S.JPG,26MAF768-2S.JPG,,,WingTai800,26MAF768-2S.JPG
S/2 Rectangular Strawberry Trays,26MAF769-2S,,,Out of Stock Dec 1,,,,,,2,34.99,6,31.99,12,29.99,2,WingTai400,WingTai160,https://wingtai.solovue.com/images/products/list/desktop/26MAF769-2S.JPG,26MAF769-2S.JPG,,,WingTai800,26MAF769-2S.JPG
S/2 Rustic Bell Lanterns,26MAF813-2S,,,Out of Stock Dec 1,,,,,,1,99.99,2,89.99,4,82.99,1,WingTai400,WingTai160,https://wingtai.solovue.com/images/products/list/desktop/26MAF813-2S.JPG,26MAF813-2S.JPG,,,WingTai800,26MAF813-2S.JPG
Black Metal Birds_Branches Frame,26MAF815,,,Out of Stock Dec 1,,,,,,7,13.99,14,12.99,21,11.99,7,WingTai400,WingTai160,https://wingtai.solovue.com/images/products/list/desktop/26MAF815.JPG,26MAF815.JPG,,,WingTai800,26MAF815.JPG
S/2 Painted Tulip Flower Planters,26MAI005N-2S,,,Out of Stock Dec 1,,,,,,4,26.99,8,23.99,16,21.99,4,WingTai400,WingTai160,https://wingtai.solovue.com/images/products/list/desktop/26MAI005N-2S.JPG,26MAI005N-2S.JPG,,,WingTai800,26MAI005N-2S.JPG
S/2 Painted Pink Flower Planters,26MAI006N-2S,,,Out of Stock Dec 1,,,,,,4,26.99,8,23.99,16,21.99,4,WingTai400,WingTai160,https://wingtai.solovue.com/images/products/list/desktop/26MAI006N-2S.JPG,26MAI006N-2S.JPG,,,WingTai800,26MAI006N-2S.JPG
S/2 Green Planters,26MAI007N-2S,,,Out of Stock Dec 1,,,,,,4,21.99,8,19.99,16,17.99,4,WingTai400,WingTai160,https://wingtai.solovue.com/images/products/list/desktop/26MAI007N-2S.JPG,26MAI007N-2S.JPG,,,WingTai800,26MAI007N-2S.JPG
S/2 Reclaimed Fabric Wrapped Candle Risers,26MAI009N-2S,,,Out of Stock,,,,,,6,14.95,12,13.95,18,12.95,6,WingTai400,WingTai160,https://wingtai.solovue.com/images/noimage.png,noimage.png,,,WingTai800,noimage.png
S/2 Patina Buckets with Wood Handle,26MAI012N-2S,,,Out of Stock Dec 1,,,,,,2,24.99,4,21.99,8,19.99,2,WingTai400,WingTai160,https://wingtai.solovue.com/images/products/list/desktop/26MAI012N-2S.JPG,26MAI012N-2S.JPG,,,WingTai800,26MAI012N-2S.JPG
S/2 Patina Hanging Planters,26MAI013N-2S,,,Out of Stock Dec 1,,,,,,2,29.99,4,26.99,8,24.99,2,WingTai400,WingTai160,https://wingtai.solovue.com/images/products/list/desktop/26MAI013N-2S.JPG,26MAI013N-2S.JPG,,,WingTai800,26MAI013N-2S.JPG
Antique Brass Bunny Shelf Sitter,26MAI016N,,,Out of Stock Dec 1,,,,,,6,14.99,12,13.99,24,12.99,6,WingTai400,WingTai160,https://wingtai.solovue.com/images/products/list/desktop/26MAI016N.JPG,26MAI016N.JPG,,,WingTai800,26MAI016N.JPG
S/3 Wire_Whicker Cloche,26MAI019N-3S,,,Out of Stock,,,,,,2,49.99,4,44.99,6,39.99,2,WingTai400,WingTai160,https://wingtai.solovue.com/images/noimage.png,noimage.png,,,WingTai800,noimage.png
S/2 Metal Birds,26MAI020N-2S,,,Out of Stock Dec 1,,,,,,2,24.99,6,21.99,12,19.99,2,WingTai400,WingTai160,https://wingtai.solovue.com/images/products/list/desktop/26MAI020N-2S.JPG,26MAI020N-2S.JPG,,,WingTai800,26MAI020N-2S.JPG
Small Recycled Metal Bunny,26MAI021N,,,Out of Stock Dec 1,,,,,,4,16.99,8,14.99,12,13.99,4,WingTai400,WingTai160,https://wingtai.solovue.com/images/products/list/desktop/26MAI021N.JPG,26MAI021N.JPG,,,WingTai800,26MAI021N.JPG
S/2 Recycled Metal Birds,26MAI022N-2S,,,Out of Stock Dec 1,,,,,,4,15.99,8,13.99,16,12.99,4,WingTai400,WingTai160,https://wingtai.solovue.com/images/products/list/desktop/26MAI022N-2S.JPG,26MAI022N-2S.JPG,,,WingTai800,26MAI022N-2S.JPG
Sitting Recycled Metal Bunny,26MAI023N,,,Out of Stock Dec 1,,,,,,4,13.9,8,13.9,16,13.9,4,WingTai400,WingTai160,https://wingtai.solovue.com/images/products/list/desktop/26MAI023N.JPG,26MAI023N.JPG,,,WingTai800,26MAI023N.JPG
Large Metal Standing Bunny with Carrot,26MAI024N,,,Out of Stock Dec 1,,,,,,2,24.99,4,21.99,8,19.99,2,WingTai400,WingTai160,https://wingtai.solovue.com/images/products/list/desktop/26MAI024N.JPG,26MAI024N.JPG,,,WingTai800,26MAI024N.JPG
Recycled Metal Bunny with Egg,26MAI025N,,,Out of Stock Dec 1,,,,,,2,24.99,4,21.99,8,19.99,2,WingTai400,WingTai160,https://wingtai.solovue.com/images/products/list/desktop/26MAI025N.JPG,26MAI025N.JPG,,,WingTai800,26MAI025N.JPG
Green Recycled Metal Birdhouse,26MAI026N,,,Out of Stock Dec 1,,,,,,4,16.99,8,14.99,16,13.99,4,WingTai400,WingTai160,https://wingtai.solovue.com/images/products/list/desktop/26MAI026N.JPG,26MAI026N.JPG,,,WingTai800,26MAI026N.JPG
Recycled Artillery Shell Candle Holder,26MAI027N,,,Out of Stock,,,,,,6,8.99,12,7.99,18,7.29,6,WingTai400,WingTai160,https://wingtai.solovue.com/images/noimage.png,noimage.png,,,WingTai800,noimage.png
S/2 Metal Bowls,26MAI029N-2S,,,Out of Stock,,,,,,4,26.99,8,23.99,12,21.99,4,WingTai400,WingTai160,https://wingtai.solovue.com/images/noimage.png,noimage.png,,,WingTai800,noimage.png
S/3 Candle Holders,26MAI032N-3S,,,Out of Stock Dec 1,,,,,,4,21.99,8,19.99,12,17.99,4,WingTai400,WingTai160,https://wingtai.solovue.com/images/noimage.png,noimage.png,,,WingTai800,noimage.png
Large Standing Recycled Metal Bunny,26MAI041N,,,Out of Stock Dec 1,,,,,,4,14.99,8,13.99,16,12.99,4,WingTai400,WingTai160,https://wingtai.solovue.com/images/products/list/desktop/26MAI041N.JPG,26MAI041N.JPG,,,WingTai800,26MAI041N.JPG
Small Standing Recycled Metal Bunny,26MAI042N,,,Out of Stock Dec 1,,,,,,6,9.99,18,8.99,36,8.29,6,WingTai400,WingTai160,https://wingtai.solovue.com/images/products/list/desktop/26MAI042N.JPG,26MAI042N.JPG,,,WingTai800,26MAI042N.JPG
Rustic Owl,26MAI043N,,,Out of Stock Dec 1,,,,,,4,12.99,16,11.99,32,10.99,4,WingTai400,WingTai160,https://wingtai.solovue.com/images/products/list/desktop/26MAI043N.JPG,26MAI043N.JPG,,,WingTai800,26MAI043N.JPG
S/3 Rectangular Gold Lanterns,26MAI500-3S,,,Out of Stock Dec 1,,,,,,2,69.99,4,64.99,6,59.99,2,WingTai400,WingTai160,https://wingtai.solovue.com/images/products/list/desktop/26MAI500-3S.JPG,26MAI500-3S.JPG,,,WingTai800,26MAI500-3S.JPG
Brass Look Candlestick,26MAI503-3A,,,Out of Stock Oct 26,,,,,,6,10.95,12,9.95,24,9.25,6,WingTai400,WingTai160,https://wingtai.solovue.com/images/products/list/desktop/26MAI503-3A.JPG,26MAI503-3A.JPG,,,WingTai800,26MAI503-3A.JPG
Distressed Pyramid Top Metal Lantern,26MAI504,,,Out of Stock Dec 1,,,,,,4,21.99,8,19.99,16,17.99,4,WingTai400,WingTai160,https://wingtai.solovue.com/images/products/list/desktop/26MAI504.JPG,26MAI504.JPG,,,WingTai800,26MAI504.JPG
S/2 Cream Traditional Lanterns,26MAI505-2S,,,Out of Stock Dec 1,,,,,,2,34.99,4,31.99,8,29.99,2,WingTai400,WingTai160,https://wingtai.solovue.com/images/products/list/desktop/26MAI505-2S.JPG,26MAI505-2S.JPG,,,WingTai800,26MAI505-2S.JPG
S/4 Bronzed Traditional Lanterns,26MAI506-4S,,,Out of Stock Oct 18,,,,,,2,49.9,4,49.9,6,49.9,2,WingTai400,WingTai160,https://wingtai.solovue.com/images/products/list/desktop/26MAI506-4S.JPG,26MAI506-4S.JPG,,,WingTai800,26MAI506-4S.JPG
Large Candle Plate on Stand,26MAI508-LG,,,Out of Stock Dec 1,,,,,,2,24.99,4,21.99,8,19.99,2,WingTai400,WingTai160,https://wingtai.solovue.com/images/products/list/desktop/26MAI508-LG.JPG,26MAI508-LG.JPG,,,WingTai800,26MAI508-LG.JPG
Small Candle Plate on Stand,26MAI508-SM,,,Out of Stock Dec 1,,,,,,2,19.99,4,17.99,8,15.99,2,WingTai400,WingTai160,https://wingtai.solovue.com/images/products/list/desktop/26MAI508-SM.JPG,26MAI508-SM.JPG,,,WingTai800,26MAI508-SM.JPG
Metal Reclaimed Bucket,26MAI511,,,Out of Stock Dec 1,,,,,,8,8.99,16,7.99,24,7.29,8,WingTai400,WingTai160,https://wingtai.solovue.com/images/products/list/desktop/26MAI511.JPG,26MAI511.JPG,,,WingTai800,26MAI511.JPG
S/2 Demure Birdcages,26MAI517-2S,,,Out of Stock Dec 1,,,,,,2,49.99,4,44.99,6,39.99,2,WingTai400,WingTai160,https://wingtai.solovue.com/images/products/list/desktop/26MAI517-2S.JPG,26MAI517-2S.JPG,,,WingTai800,26MAI517-2S.JPG
Black Wire Fruit Basket,26MAI518,,,Out of Stock Dec 1,,,,,,4,14.95,8,12.95,16,11.95,4,WingTai400,WingTai160,https://wingtai.solovue.com/images/products/list/desktop/26MAI518.JPG,26MAI518.JPG,,,WingTai800,26MAI518.JPG
Black Wire Container,26MAI519,,,Out of Stock Dec 1,,,,,,4,19.99,8,17.99,16,15.99,4,WingTai400,WingTai160,https://wingtai.solovue.com/images/products/list/desktop/26MAI519.JPG,26MAI519.JPG,,,WingTai800,26MAI519.JPG
S/4 Curved-Top Traditional Lanterns,26MAI528-S4,,,Out of Stock Dec 1,,,,,,1,89.99,2,79.99,4,72.99,1,WingTai400,WingTai160,https://wingtai.solovue.com/images/products/list/desktop/26MAI528-S4.JPG,26MAI528-S4.JPG,,,WingTai800,26MAI528-S4.JPG
2 Asst Brass_Black Wall Taper Holders,26MAI529-2A,,,Out of Stock Dec 1,,,,,,12,3.99,24,3.49,48,3.19,12,WingTai400,WingTai160,https://wingtai.solovue.com/images/products/list/desktop/26MAI529-2A.JPG,26MAI529-2A.JPG,,,WingTai800,26MAI529-2A.JPG
S/2 Golden Square Buckets,26MAI534-2S,,,Out of Stock Dec 1,,,,,,4,8.99,8,7.99,16,7.29,4,WingTai400,WingTai160,https://wingtai.solovue.com/images/products/list/desktop/26MAI534-2S.JPG,26MAI534-2S.JPG,,,WingTai800,26MAI534-2S.JPG
S/4 Golden Planters,26MAI535-4S,,,Out of Stock Dec 1,,,,,,2,25.9,4,25.9,8,25.9,2,WingTai400,WingTai160,https://wingtai.solovue.com/images/products/list/desktop/26MAI535-4S.JPG,26MAI535-4S.JPG,,,WingTai800,26MAI535-4S.JPG
S/3 Golden Planters,26MAI536-3S,,,Out of Stock Dec 1,,,,,,4,19.99,8,17.99,16,16.99,4,WingTai400,WingTai160,https://wingtai.solovue.com/images/products/list/desktop/26MAI536-3S.JPG,26MAI536-3S.JPG,,,WingTai800,26MAI536-3S.JPG
Galvanized Wall Bucket,26MAI957,,,Out of Stock Oct 18,,,,,,12,3.49,24,2.99,48,2.79,12,WingTai400,WingTai160,https://wingtai.solovue.com/images/products/list/desktop/26MAI957.JPG,26MAI957.JPG,,,WingTai800,26MAI957.JPG
Porch Bell Chain,26MAI960,,,Out of Stock Dec 1,,,,,,4,14.95,8,13.95,12,12.95,4,WingTai400,WingTai160,https://wingtai.solovue.com/images/products/list/desktop/26MAI960.JPG,26MAI960.JPG,,,WingTai800,26MAI960.JPG
Porch Butterfly Hanger,26MAI961,,,Out of Stock Dec 1,,,,,,6,14.99,12,13.99,18,12.99,6,WingTai400,WingTai160,https://wingtai.solovue.com/images/products/list/desktop/26MAI961.JPG,26MAI961.JPG,,,WingTai800,26MAI961.JPG
Porch Butterfly Hanger with Bells,26MAI962,,,Out of Stock Dec 1,,,,,,4,14.9,8,14.9,12,14.9,4,WingTai400,WingTai160,https://wingtai.solovue.com/images/products/list/desktop/26MAI962.JPG,26MAI962.JPG,,,WingTai800,26MAI962.JPG
Porch Chain Hanger,26MAI963,,,Out of Stock Dec 1,,,,,,4,14.95,8,13.95,12,12.95,4,WingTai400,WingTai160,https://wingtai.solovue.com/images/products/list/desktop/26MAI963.JPG,26MAI963.JPG,,,WingTai800,26MAI963.JPG
S/2 Patina Tulip Buckets,26MAI964-2S,,,Out of Stock Dec 1,,,,,,4,19.99,8,17.99,16,15.99,4,WingTai400,WingTai160,https://wingtai.solovue.com/images/products/list/desktop/26MAI964-2S.JPG,26MAI964-2S.JPG,,,WingTai800,26MAI964-2S.JPG
S/3 Patina Buckets,26MAI965-3S,,,Out of Stock Dec 1,,,,,,3,19.99,6,17.99,12,15.99,3,WingTai400,WingTai160,https://wingtai.solovue.com/images/noimage.png,noimage.png,,,WingTai800,noimage.png
S/3 Egg Cages,26MAI966-3S,,,Out of Stock Dec 1,,,,,,4,13.9,8,13.9,16,13.9,4,WingTai400,WingTai160,https://wingtai.solovue.com/images/products/list/desktop/26MAI966-3S.JPG,26MAI966-3S.JPG,,,WingTai800,26MAI966-3S.JPG
Ant Taper Holder,26MAI967,,,Out of Stock Dec 1,,,,,,12,3.99,24,3.49,48,3.29,12,WingTai400,WingTai160,https://wingtai.solovue.com/images/products/list/desktop/26MAI967.JPG,26MAI967.JPG,,,WingTai800,26MAI967.JPG
Lady Bug Taper Holder,26MAI968,,,Out of Stock Dec 1,,,,,,12,3.99,24,3.49,48,3.29,12,WingTai400,WingTai160,https://wingtai.solovue.com/images/products/list/desktop/26MAI968.JPG,26MAI968.JPG,,,WingTai800,26MAI968.JPG
Black Glossy Butterfly,26MAI969,,,Out of Stock Dec 1,,,,,,4,10.99,12,9.99,24,9.29,4,WingTai400,WingTai160,https://wingtai.solovue.com/images/products/list/desktop/26MAI969.JPG,26MAI969.JPG,,,WingTai800,26MAI969.JPG
Black Glossy Dragonfly,26MAI970,,,Out of Stock Dec 1,,,,,,6,6.95,12,5.95,24,5.65,6,WingTai400,WingTai160,https://wingtai.solovue.com/images/products/list/desktop/26MAI970.JPG,26MAI970.JPG,,,WingTai800,26MAI970.JPG
Black_Gold Narrow-Neck Vase,26MAI972,,,Out of Stock Dec 1,,,,,,12,3.95,24,3.45,48,3.25,12,WingTai400,WingTai160,https://wingtai.solovue.com/images/products/list/desktop/26MAI972.JPG,26MAI972.JPG,,,WingTai800,26MAI972.JPG
Clip Taper Holder,26MAI973,,,Out of Stock,,,,,,24,1.65,48,1.45,96,1.35,24,WingTai400,WingTai160,https://wingtai.solovue.com/images/noimage.png,noimage.png,,,WingTai800,noimage.png
Brass Look Duck,26MAI974,,,Out of Stock Dec 1,,,,,,12,5.95,24,5.45,48,4.95,12,WingTai400,WingTai160,https://wingtai.solovue.com/images/products/list/desktop/26MAI974.JPG,26MAI974.JPG,,,WingTai800,26MAI974.JPG
Tulip Flower Pot,26MAI980-2S,,,Out of Stock Dec 1,,,,,,2,29.99,4,26.99,6,24.99,2,WingTai400,WingTai160,https://wingtai.solovue.com/images/products/list/desktop/26MAI980-2S.JPG,26MAI980-2S.JPG,,,WingTai800,26MAI980-2S.JPG
S/3 Wire Mushrooms,26MAI981-3S,,,Out of Stock Dec 1,,,,,,2,39.99,4,34.99,6,32.99,2,WingTai400,WingTai160,https://wingtai.solovue.com/images/products/list/desktop/26MAI981-3S.JPG,26MAI981-3S.JPG,,,WingTai800,26MAI981-3S.JPG
Wire Bunny,26MAI982,,,Out of Stock Dec 1,,,,,,4,13.95,8,12.95,16,11.95,4,WingTai400,WingTai160,https://wingtai.solovue.com/images/products/list/desktop/26MAI982.JPG,26MAI982.JPG,,,WingTai800,26MAI982.JPG
S/3 Wire Butterflies,26MAI983-3S,,,Out of Stock Dec 1,,,,,,3,39.99,6,34.99,9,32.99,3,WingTai400,WingTai160,https://wingtai.solovue.com/images/products/list/desktop/26MAI983-3S.JPG,26MAI983-3S.JPG,,,WingTai800,26MAI983-3S.JPG
2 Asst Metal Birds,26MAI984-2A,,,Out of Stock Dec 1,,,,,,4,7.95,16,6.95,32,6.45,4,WingTai400,WingTai160,https://wingtai.solovue.com/images/products/list/desktop/26MAI984-2A.JPG,26MAI984-2A.JPG,,,WingTai800,26MAI984-2A.JPG
S/2 Wire Butterflies,26MAI988-2S,,,Out of Stock Dec 1,,,,,,2,21.99,6,19.99,12,17.99,2,WingTai400,WingTai160,https://wingtai.solovue.com/images/products/list/desktop/26MAI988-2S.JPG,26MAI988-2S.JPG,,,WingTai800,26MAI988-2S.JPG
Rustic Metal Vase,26MFI503,,,Out of Stock Dec 1,,,,,,6,10.95,12,9.95,18,9.25,6,WingTai400,WingTai160,https://wingtai.solovue.com/images/products/list/desktop/26MFI503.JPG,26MFI503.JPG,,,WingTai800,26MFI503.JPG
Porcelain Red-Roof Birdhouse,26PAF007,,,Out of Stock Dec 1,,,,,,6,8.99,18,7.99,36,7.19,6,WingTai400,WingTai160,https://wingtai.solovue.com/images/products/list/desktop/26PAF007.JPG,26PAF007.JPG,,,WingTai800,26PAF007.JPG
Porcelain Green-Roof Turret Birdhouse,26PAF008,,,Out of Stock Dec 1,,,,,,6,9.99,18,8.99,36,8.29,6,WingTai400,WingTai160,https://wingtai.solovue.com/images/products/list/desktop/26PAF008.JPG,26PAF008.JPG,,,WingTai800,26PAF008.JPG
2 Asst Coquette Planters,26PAF009-2A,,,Out of Stock Dec 1,,,,,,6,7.95,12,6.95,24,6.55,6,WingTai400,WingTai160,https://wingtai.solovue.com/images/products/list/desktop/26PAF009-2A.JPG,26PAF009-2A.JPG,,,WingTai800,26PAF009-2A.JPG
Matte Black Porcelain Bunny Head,26PAF010,,,In Stock,,,,,,8,6.95,24,6.15,48,5.65,8,WingTai400,WingTai160,https://wingtai.solovue.com/images/products/list/desktop/26PAF010.JPG,26PAF010.JPG,,,WingTai800,26PAF010.JPG
Distressed Gold Porcelain Bunny Head,26PAF011,,,In Stock,,,,,,8,7.49,16,6.59,32,5.99,8,WingTai400,WingTai160,https://wingtai.solovue.com/images/products/list/desktop/26PAF011.JPG,26PAF011.JPG,,,WingTai800,26PAF011.JPG
2 Asst White_Yellow Daisy Planters,26PAF012-2A,,,Out of Stock Dec 1,,,,,,6,6.99,12,6.49,24,5.99,6,WingTai400,WingTai160,https://wingtai.solovue.com/images/products/list/desktop/26PAF012-2A.JPG,26PAF012-2A.JPG,,,WingTai800,26PAF012-2A.JPG
Small Cream Bowtie Planter,26PAF013,,,Out of Stock Dec 1,,,,,,4,13.95,8,12.95,16,11.95,4,WingTai400,WingTai160,https://wingtai.solovue.com/images/products/list/desktop/26PAF013.JPG,26PAF013.JPG,,,WingTai800,26PAF013.JPG
Tall Cream Bowtie Planter,26PAF014,,,Out of Stock Dec 1,,,,,,2,19.99,6,17.99,12,15.99,2,WingTai400,WingTai160,https://wingtai.solovue.com/images/products/list/desktop/26PAF014.JPG,26PAF014.JPG,,,WingTai800,26PAF014.JPG
Strawberry Planter,26PAF015,,,Out of Stock Dec 1,,,,,,12,5.95,24,5.25,48,4.95,12,WingTai400,WingTai160,https://wingtai.solovue.com/images/products/list/desktop/26PAF015.JPG,26PAF015.JPG,,,WingTai800,26PAF015.JPG
Porcelain Coquette Cat,26PAF032,,,Out of Stock Nov 30,,,,,,6,10.95,12,9.95,24,8.95,6,WingTai400,WingTai160,https://wingtai.solovue.com/images/products/list/desktop/26PAF032.JPG,26PAF032.JPG,,,WingTai800,26PAF032.JPG
Small Strawberry Planter,26PAF033,,,Out of Stock Dec 1,,,,,,12,4.99,24,4.39,48,3.99,12,WingTai400,WingTai160,https://wingtai.solovue.com/images/products/list/desktop/26PAF033.JPG,26PAF033.JPG,,,WingTai800,26PAF033.JPG
Large Strawberry Planter,26PAF034,,,Out of Stock Dec 1,,,,,,12,5.99,24,5.29,48,4.99,12,WingTai400,WingTai160,https://wingtai.solovue.com/images/products/list/desktop/26PAF034.JPG,26PAF034.JPG,,,WingTai800,26PAF034.JPG
S/2 Gray Resin Bunnies,26PAF058-2S,,,Out of Stock Nov 30,,,,,,8,6.95,24,6.15,48,5.75,8,WingTai400,WingTai160,https://wingtai.solovue.com/images/products/list/desktop/26PAF058-2S.JPG,26PAF058-2S.JPG,,,WingTai800,26PAF058-2S.JPG
Rustic Owl Planter,26PAF066,,,Out of Stock Dec 1,,,,,,4,11.95,12,10.95,24,9.95,4,WingTai400,WingTai160,https://wingtai.solovue.com/images/products/list/desktop/26PAF066.JPG,26PAF066.JPG,,,WingTai800,26PAF066.JPG
S/2 Rustic Square Planters,26PAF071-2S,,,Out of Stock Dec 1,,,,,,4,19.99,8,17.99,16,15.99,4,WingTai400,WingTai160,https://wingtai.solovue.com/images/products/list/desktop/26PAF071-2S.JPG,26PAF071-2S.JPG,,,WingTai800,26PAF071-2S.JPG
S/2 Face Planters,26PAF072-2S,,,Out of Stock Dec 1,,,,,,4,21.99,8,19.99,16,17.99,4,WingTai400,WingTai160,https://wingtai.solovue.com/images/products/list/desktop/26PAF072-2S.JPG,26PAF072-2S.JPG,,,WingTai800,26PAF072-2S.JPG
Shirt Planter,26PAF074,,,Out of Stock Dec 1,,,,,,4,12.99,12,11.99,24,10.99,4,WingTai400,WingTai160,https://wingtai.solovue.com/images/products/list/desktop/26PAF074.JPG,26PAF074.JPG,,,WingTai800,26PAF074.JPG
Tuxedo Planter,26PAF075,,,Out of Stock Dec 1,,,,,,4,12.99,12,11.99,24,10.99,4,WingTai400,WingTai160,https://wingtai.solovue.com/images/products/list/desktop/26PAF075.JPG,26PAF075.JPG,,,WingTai800,26PAF075.JPG
Pottery Ladybug Succulent Planter,26PAF086,,,Out of Stock Dec 1,,,,,,12,2.95,36,2.65,72,2.35,12,WingTai400,WingTai160,https://wingtai.solovue.com/images/products/list/desktop/26PAF086.JPG,26PAF086.JPG,,,WingTai800,26PAF086.JPG
Pottery Snail Succulent Planter,26PAF087,,,Out of Stock Dec 1,,,,,,12,2.95,36,2.65,72,2.35,12,WingTai400,WingTai160,https://wingtai.solovue.com/images/products/list/desktop/26PAF087.JPG,26PAF087.JPG,,,WingTai800,26PAF087.JPG
Cement Candle Riser,26PAF090,,,Out of Stock Dec 1,,,,,,4,19.95,8,17.95,16,15.95,4,WingTai400,WingTai160,https://wingtai.solovue.com/images/products/list/desktop/26PAF090.JPG,26PAF090.JPG,,,WingTai800,26PAF090.JPG
Cement Goblet Shape Planter,26PAF091,,,Out of Stock Dec 1,,,,,,12,9.99,24,8.99,36,8.29,12,WingTai400,WingTai160,https://wingtai.solovue.com/images/products/list/desktop/26PAF091.JPG,26PAF091.JPG,,,WingTai800,26PAF091.JPG
Cement Bird_Leaf,26PAF092,,,Out of Stock Dec 1,,,,,,8,9.99,16,8.99,24,8.29,8,WingTai400,WingTai160,https://wingtai.solovue.com/images/products/list/desktop/26PAF092.JPG,26PAF092.JPG,,,WingTai800,26PAF092.JPG
Cement Daisy with Birds,26PAF093,,,Out of Stock Dec 1,,,,,,6,13.99,12,12.99,24,11.99,6,WingTai400,WingTai160,https://wingtai.solovue.com/images/products/list/desktop/26PAF093.JPG,26PAF093.JPG,,,WingTai800,26PAF093.JPG
Green Hanging Feeder,26PAF094,,,Out of Stock Dec 1,,,,,,12,8.99,24,7.99,36,7.29,12,WingTai400,WingTai160,https://wingtai.solovue.com/images/products/list/desktop/26PAF094.JPG,26PAF094.JPG,,,WingTai800,26PAF094.JPG
Delicate Carved Flower Pot,26PAF095,,,Out of Stock Dec 1,,,,,,4,19.99,8,17.99,16,15.99,4,WingTai400,WingTai160,https://wingtai.solovue.com/images/products/list/desktop/26PAF095.JPG,26PAF095.JPG,,,WingTai800,26PAF095.JPG
Porcelain Coquette Planter,26PAF096,,,Out of Stock Dec 1,,,,,,6,4.95,18,4.35,36,3.95,6,WingTai400,WingTai160,https://wingtai.solovue.com/images/products/list/desktop/26PAF096.JPG,26PAF096.JPG,,,WingTai800,26PAF096.JPG
Pink Striped Coquette Planter,26PAF097,,,Out of Stock Dec 1,,,,,,6,4.95,18,4.35,36,3.95,6,WingTai400,WingTai160,https://wingtai.solovue.com/images/products/list/desktop/26PAF097.JPG,26PAF097.JPG,,,WingTai800,26PAF097.JPG
Hedgehogs on Leaf,26PAF098,,,Out of Stock Dec 1,,,,,,8,8.99,16,7.99,24,7.29,8,WingTai400,WingTai160,https://wingtai.solovue.com/images/products/list/desktop/26PAF098.JPG,26PAF098.JPG,,,WingTai800,26PAF098.JPG
Black Matte Oil Lamp,26PAF401,,,Out of Stock Dec 1,,,,,,12,9.5,24,9.5,36,9.5,12,WingTai400,WingTai160,https://wingtai.solovue.com/images/products/list/desktop/26PAF401.JPG,26PAF401.JPG,,,WingTai800,26PAF401.JPG
Green Bird Oil Lamp,26PAF402,,,Out of Stock Dec 1,,,,,,8,12.9,16,12.9,24,12.9,8,WingTai400,WingTai160,https://wingtai.solovue.com/images/products/list/desktop/26PAF402.JPG,26PAF402.JPG,,,WingTai800,26PAF402.JPG
Ceramic Woven Oil Lamp,26PAF404,,,Out of Stock Dec 1,,,,,,12,9.5,24,9.5,36,9.5,12,WingTai400,WingTai160,https://wingtai.solovue.com/images/products/list/desktop/26PAF404.JPG,26PAF404.JPG,,,WingTai800,26PAF404.JPG
Strawberry Oil Lamp,26PAF405,,,Out of Stock Dec 1,,,,,,12,9.5,24,9.5,36,9.5,12,WingTai400,WingTai160,https://wingtai.solovue.com/images/products/list/desktop/26PAF405.JPG,26PAF405.JPG,,,WingTai800,26PAF405.JPG
Porcelain Strawberry Box,26PAF406,,,Out of Stock Nov 30,,,,,,4,11.95,12,10.95,24,9.95,4,WingTai400,WingTai160,https://wingtai.solovue.com/images/products/list/desktop/26PAF406.JPG,26PAF406.JPG,,,WingTai800,26PAF406.JPG
Tall Brown Candle Holder,26PAF616,,,Out of Stock Dec 1,,,,,,6,7.95,12,6.95,24,6.45,6,WingTai400,WingTai160,https://wingtai.solovue.com/images/products/list/desktop/26PAF616.JPG,26PAF616.JPG,,,WingTai800,26PAF616.JPG
Medium Brown Candle Holder,26PAF617,,,Out of Stock Dec 1,,,,,,6,6.95,12,6.15,24,5.75,6,WingTai400,WingTai160,https://wingtai.solovue.com/images/products/list/desktop/26PAF617.JPG,26PAF617.JPG,,,WingTai800,26PAF617.JPG
Small Brown Candle Holder,26PAF618,,,Out of Stock Dec 1,,,,,,12,3.45,24,2.95,48,2.75,12,WingTai400,WingTai160,https://wingtai.solovue.com/images/products/list/desktop/26PAF618.JPG,26PAF618.JPG,,,WingTai800,26PAF618.JPG
Large Porcelain Snail,26PAF629,,,Out of Stock Dec 1,,,,,,6,14.99,12,12.99,18,11.99,6,WingTai400,WingTai160,https://wingtai.solovue.com/images/products/list/desktop/26PAF629.JPG,26PAF629.JPG,,,WingTai800,26PAF629.JPG
Large Porcelain Turtle,26PAF630,,,Out of Stock Dec 1,,,,,,12,11.99,24,10.99,36,9.99,12,WingTai400,WingTai160,https://wingtai.solovue.com/images/products/list/desktop/26PAF630.JPG,26PAF630.JPG,,,WingTai800,26PAF630.JPG
Angel Cat,26PAF632,,,Out of Stock Dec 1,,,,,,4,18.99,8,16.99,16,14.99,4,WingTai400,WingTai160,https://wingtai.solovue.com/images/products/list/desktop/26PAF632.JPG,26PAF632.JPG,,,WingTai800,26PAF632.JPG
Angel Dog,26PAF633,,,Out of Stock Dec 1,,,,,,4,18.99,8,16.99,16,14.99,4,WingTai400,WingTai160,https://wingtai.solovue.com/images/products/list/desktop/26PAF633.JPG,26PAF633.JPG,,,WingTai800,26PAF633.JPG
Gray Bunny,26PAF634,,,Out of Stock Dec 1,,,,,,4,22.99,8,19.99,12,17.99,4,WingTai400,WingTai160,https://wingtai.solovue.com/images/products/list/desktop/26PAF634.JPG,26PAF634.JPG,,,WingTai800,26PAF634.JPG
Short Flower-Embossed Owl,26PAF635,,,Out of Stock Dec 1,,,,,,12,4.99,24,4.39,48,3.99,12,WingTai400,WingTai160,https://wingtai.solovue.com/images/products/list/desktop/26PAF635.JPG,26PAF635.JPG,,,WingTai800,26PAF635.JPG
Tall Flower-Embossed Owl,26PAF636,,,Out of Stock Dec 1,,,,,,12,4.99,36,4.39,72,3.99,12,WingTai400,WingTai160,https://wingtai.solovue.com/images/products/list/desktop/26PAF636.JPG,26PAF636.JPG,,,WingTai800,26PAF636.JPG
Owl with Glasses Planter,26PAF637,,,Out of Stock Dec 1,,,,,,4,17.9,8,17.9,16,17.9,4,WingTai400,WingTai160,https://wingtai.solovue.com/images/products/list/desktop/26PAF637.JPG,26PAF637.JPG,,,WingTai800,26PAF637.JPG
Hedgehog Planter,26PAF638,,,Out of Stock Dec 1,,,,,,4,22.99,8,19.99,16,17.99,4,WingTai400,WingTai160,https://wingtai.solovue.com/images/products/list/desktop/26PAF638.JPG,26PAF638.JPG,,,WingTai800,26PAF638.JPG
Concrete Mini Alcove,26PAF643,,,Out of Stock Dec 1,,,,,,12,7.95,24,6.95,48,6.45,12,WingTai400,WingTai160,https://wingtai.solovue.com/images/products/list/desktop/26PAF643.JPG,26PAF643.JPG,,,WingTai800,26PAF643.JPG
Tan Resin Bunny,26PAF644,,,Out of Stock Dec 1,,,,,,12,5.95,24,5.25,48,4.95,12,WingTai400,WingTai160,https://wingtai.solovue.com/images/products/list/desktop/26PAF644.JPG,26PAF644.JPG,,,WingTai800,26PAF644.JPG
Large Crackle Finish Candle Riser,26PAF670,,,Out of Stock Dec 1,,,,,,4,11.95,8,10.95,16,9.95,4,WingTai400,WingTai160,https://wingtai.solovue.com/images/products/list/desktop/26PAF670.JPG,26PAF670.JPG,,,WingTai800,26PAF670.JPG
Small Crackle Finish Candle Riser,26PAF671,,,Out of Stock Dec 1,,,,,,4,9.99,16,8.99,32,8.29,4,WingTai400,WingTai160,https://wingtai.solovue.com/images/products/list/desktop/26PAF671.JPG,26PAF671.JPG,,,WingTai800,26PAF671.JPG
Oval Porcelain Two-Tone Planter,26PAF674,,,Out of Stock Dec 1,,,,,,4,12.99,8,11.99,16,10.99,4,WingTai400,WingTai160,https://wingtai.solovue.com/images/products/list/desktop/26PAF674.JPG,26PAF674.JPG,,,WingTai800,26PAF674.JPG
Round Brown Porcelain Planter with Feet,26PAF675,,,Out of Stock Dec 1,,,,,,4,14.95,8,12.95,16,11.95,4,WingTai400,WingTai160,https://wingtai.solovue.com/images/products/list/desktop/26PAF675.JPG,26PAF675.JPG,,,WingTai800,26PAF675.JPG
Rectangular Planter with Feet,26PAF676,,,Out of Stock Dec 1,,,,,,4,9.99,8,8.99,16,8.29,4,WingTai400,WingTai160,https://wingtai.solovue.com/images/products/list/desktop/26PAF676.JPG,26PAF676.JPG,,,WingTai800,26PAF676.JPG
Cream_Tan Dimpled Vase,26PAF677,,,Out of Stock Dec 1,,,,,,4,13.99,8,12.99,16,11.99,4,WingTai400,WingTai160,https://wingtai.solovue.com/images/products/list/desktop/26PAF677.JPG,26PAF677.JPG,,,WingTai800,26PAF677.JPG
Cream_Tan Dimpled Tall Vase,26PAF678,,,Out of Stock Dec 1,,,,,,4,12.99,8,11.99,16,10.99,4,WingTai400,WingTai160,https://wingtai.solovue.com/images/products/list/desktop/26PAF678.JPG,26PAF678.JPG,,,WingTai800,26PAF678.JPG
Simple Pottery Owl,26PAF679,,,Out of Stock,,,,,,8,7.99,16,6.99,24,6.49,8,WingTai400,WingTai160,https://wingtai.solovue.com/images/noimage.png,noimage.png,,,WingTai800,noimage.png
Little Cream Pottery Turtle,26PAF680,,,Out of Stock Dec 1,,,,,,9,4.99,18,4.39,36,3.99,9,WingTai400,WingTai160,https://wingtai.solovue.com/images/products/list/desktop/26PAF680.JPG,26PAF680.JPG,,,WingTai800,26PAF680.JPG
Little Cream Pottery Daisy,26PAF681,,,Out of Stock Dec 1,,,,,,12,5.75,24,4.95,48,4.55,12,WingTai400,WingTai160,https://wingtai.solovue.com/images/products/list/desktop/26PAF681.JPG,26PAF681.JPG,,,WingTai800,26PAF681.JPG
Little Cream Pottery Rose,26PAF682,,,Out of Stock,,,,,,12,4.99,24,4.39,48,3.99,12,WingTai400,WingTai160,https://wingtai.solovue.com/images/noimage.png,noimage.png,,,WingTai800,noimage.png
Organic-Shaped Antique Planter,26PAF683,,,Out of Stock Dec 1,,,,,,3,22.99,6,19.99,12,17.99,3,WingTai400,WingTai160,https://wingtai.solovue.com/images/products/list/desktop/26PAF683.JPG,26PAF683.JPG,,,WingTai800,26PAF683.JPG
Pink_White Clay Tote Planter,26PAF684,,,Out of Stock Dec 1,,,,,,4,19.99,8,17.99,12,15.99,4,WingTai400,WingTai160,https://wingtai.solovue.com/images/products/list/desktop/26PAF684.JPG,26PAF684.JPG,,,WingTai800,26PAF684.JPG
Aegean Lantern,26PAF685,,,Out of Stock Dec 1,,,,,,4,19.99,8,17.99,16,15.99,4,WingTai400,WingTai160,https://wingtai.solovue.com/images/products/list/desktop/26PAF685.JPG,26PAF685.JPG,,,WingTai800,26PAF685.JPG
Bunnies in Planter,26PAF686,,,Out of Stock Dec 1,,,,,,4,12.99,8,11.99,16,10.99,4,WingTai400,WingTai160,https://wingtai.solovue.com/images/products/list/desktop/26PAF686.JPG,26PAF686.JPG,,,WingTai800,26PAF686.JPG
Antique Jug,26PAF687,,,Out of Stock Dec 1,,,,,,4,12.99,8,11.99,16,10.99,4,WingTai400,WingTai160,https://wingtai.solovue.com/images/products/list/desktop/26PAF687.JPG,26PAF687.JPG,,,WingTai800,26PAF687.JPG
Square Concrete Lantern with Owl,26PAF688,,,Out of Stock Dec 1,,,,,,4,24.9,8,24.9,12,24.9,4,WingTai400,WingTai160,https://wingtai.solovue.com/images/products/list/desktop/26PAF688.JPG,26PAF688.JPG,,,WingTai800,26PAF688.JPG
Round Concrete Lantern with Bird,26PAF689,,,Out of Stock Dec 1,,,,,,4,18.9,8,18.9,16,18.9,4,WingTai400,WingTai160,https://wingtai.solovue.com/images/products/list/desktop/26PAF689.JPG,26PAF689.JPG,,,WingTai800,26PAF689.JPG
Covered Riser with Bird,26PAF690,,,Out of Stock Dec 1,,,,,,4,15.9,8,15.9,16,15.9,4,WingTai400,WingTai160,https://wingtai.solovue.com/images/products/list/desktop/26PAF690.JPG,26PAF690.JPG,,,WingTai800,26PAF690.JPG
Large Pottery Taper Holder,26PAF691,,,Out of Stock Dec 1,,,,,,12,4.95,24,4.35,48,3.95,12,WingTai400,WingTai160,https://wingtai.solovue.com/images/products/list/desktop/26PAF691.JPG,26PAF691.JPG,,,WingTai800,26PAF691.JPG
Small Pottery Taper Holder,26PAF692,,,Out of Stock,,,,,,16,3.49,32,2.99,64,2.79,16,WingTai400,WingTai160,https://wingtai.solovue.com/images/products/list/desktop/26PAF692.JPG,26PAF692.JPG,,,WingTai800,26PAF692.JPG
Bunny with Little Flower Planter,26PAF693,,,Out of Stock Dec 1,,,,,,4,14.99,8,13.99,16,12.99,4,WingTai400,WingTai160,https://wingtai.solovue.com/images/products/list/desktop/26PAF693.JPG,26PAF693.JPG,,,WingTai800,26PAF693.JPG
Primitive Bunny (694),26PAF694,,,Out of Stock Dec 1,,,,,,4,9.99,8,8.99,16,8.29,4,WingTai400,WingTai160,https://wingtai.solovue.com/images/products/list/desktop/26PAF694.JPG,26PAF694.JPG,,,WingTai800,26PAF694.JPG
Primitive Bunny (695),26PAF695,,,Out of Stock Dec 1,,,,,,8,7.99,16,6.99,24,6.49,8,WingTai400,WingTai160,https://wingtai.solovue.com/images/products/list/desktop/26PAF695.JPG,26PAF695.JPG,,,WingTai800,26PAF695.JPG
Primitive Frog Planter,26PAF696,,,Out of Stock Dec 1,,,,,,6,14.95,12,13.95,24,12.95,6,WingTai400,WingTai160,https://wingtai.solovue.com/images/products/list/desktop/26PAF696.JPG,26PAF696.JPG,,,WingTai800,26PAF696.JPG
Tulip Turtle Planter,26PAF698,,,Out of Stock Dec 1,,,,,,4,14.95,8,13.95,16,12.95,4,WingTai400,WingTai160,https://wingtai.solovue.com/images/products/list/desktop/26PAF698.JPG,26PAF698.JPG,,,WingTai800,26PAF698.JPG
S/2 Strawberry Planters,26PAF699-2S,,,Out of Stock Dec 1,,,,,,4,19.99,8,17.99,16,15.99,4,WingTai400,WingTai160,https://wingtai.solovue.com/images/products/list/desktop/26PAF699-2S.JPG,26PAF699-2S.JPG,,,WingTai800,26PAF699-2S.JPG
Caterpillar Planter,26PAF701,,,Out of Stock Dec 1,,,,,,6,9.99,12,8.99,24,8.29,6,WingTai400,WingTai160,https://wingtai.solovue.com/images/products/list/desktop/26PAF701.JPG,26PAF701.JPG,,,WingTai800,26PAF701.JPG
Strawberry Snail,26PAF702,,,Out of Stock Dec 1,,,,,,4,9.95,12,8.95,24,8.25,4,WingTai400,WingTai160,https://wingtai.solovue.com/images/products/list/desktop/26PAF702.JPG,26PAF702.JPG,,,WingTai800,26PAF702.JPG
3 Asst Garden Stones,26PAF703-3A,,,Out of Stock Dec 1,,,,,,12,3.99,36,3.49,72,3.29,12,WingTai400,WingTai160,https://wingtai.solovue.com/images/products/list/desktop/26PAF703-3A.JPG,26PAF703-3A.JPG,,,WingTai800,26PAF703-3A.JPG
Tulip Sack Planter,26PAF704,,,Out of Stock Dec 1,,,,,,4,14.99,8,13.99,16,12.99,4,WingTai400,WingTai160,https://wingtai.solovue.com/images/products/list/desktop/26PAF704.JPG,26PAF704.JPG,,,WingTai800,26PAF704.JPG
Resin Gnome Flower Hanger,26PAF705,,,Out of Stock Dec 1,,,,,,4,14.95,8,13.95,16,12.95,4,WingTai400,WingTai160,https://wingtai.solovue.com/images/products/list/desktop/26PAF705.JPG,26PAF705.JPG,,,WingTai800,26PAF705.JPG
Cream Standing Cat,26PAF706,,,Out of Stock Dec 1,,,,,,6,8.95,12,7.95,24,7.25,6,WingTai400,WingTai160,https://wingtai.solovue.com/images/products/list/desktop/26PAF706.JPG,26PAF706.JPG,,,WingTai800,26PAF706.JPG
Cream Resting Cat,26PAF707,,,Out of Stock Dec 1,,,,,,4,7.99,12,6.99,24,6.49,4,WingTai400,WingTai160,https://wingtai.solovue.com/images/products/list/desktop/26PAF707.JPG,26PAF707.JPG,,,WingTai800,26PAF707.JPG
Gray Mushroom,26PAF708,,,Out of Stock Dec 1,,,,,,2,22.99,4,19.99,8,17.99,2,WingTai400,WingTai160,https://wingtai.solovue.com/images/products/list/desktop/26PAF708.JPG,26PAF708.JPG,,,WingTai800,26PAF708.JPG
Reading Squirrel,26PAF709,,,Out of Stock Dec 1,,,,,,12,7.9,24,7.9,36,7.9,12,WingTai400,WingTai160,https://wingtai.solovue.com/images/products/list/desktop/26PAF709.JPG,26PAF709.JPG,,,WingTai800,26PAF709.JPG
Bird on Orb,26PAF710,,,Out of Stock Dec 1,,,,,,12,6.99,24,6.39,36,5.99,12,WingTai400,WingTai160,https://wingtai.solovue.com/images/products/list/desktop/26PAF710.JPG,26PAF710.JPG,,,WingTai800,26PAF710.JPG
Frog on Mushroom,26PAF711,,,Out of Stock Dec 1,,,,,,4,8.95,16,7.95,32,7.25,4,WingTai400,WingTai160,https://wingtai.solovue.com/images/products/list/desktop/26PAF711.JPG,26PAF711.JPG,,,WingTai800,26PAF711.JPG
Large White Woven-Look Planter,26PAF718,,,Out of Stock Dec 1,,,,,,4,14.95,8,12.95,16,11.95,4,WingTai400,WingTai160,https://wingtai.solovue.com/images/products/list/desktop/26PAF718.JPG,26PAF718.JPG,,,WingTai800,26PAF718.JPG
Small White Woven-Look Planter,26PAF719,,,Out of Stock Dec 1,,,,,,6,5.99,12,5.29,24,4.99,6,WingTai400,WingTai160,https://wingtai.solovue.com/images/products/list/desktop/26PAF719.JPG,26PAF719.JPG,,,WingTai800,26PAF719.JPG
Polka Dot_Bow Pottery Block,26PAF720,,,Out of Stock,,,,,,10,8.99,20,7.99,40,7.29,10,WingTai400,WingTai160,https://wingtai.solovue.com/images/noimage.png,noimage.png,,,WingTai800,noimage.png
S/2 Paint Can Planters,26PAF721-2S,,,Out of Stock Dec 1,,,,,,6,10.99,12,9.99,24,9.29,6,WingTai400,WingTai160,https://wingtai.solovue.com/images/products/list/desktop/26PAF721-2S.JPG,26PAF721-2S.JPG,,,WingTai800,26PAF721-2S.JPG
S/2 White Simple Bird Cutouts,26PAF722-2S,,,Out of Stock Dec 1,,,,,,6,10.99,12,9.99,24,9.29,6,WingTai400,WingTai160,https://wingtai.solovue.com/images/products/list/desktop/26PAF722-2S.JPG,26PAF722-2S.JPG,,,WingTai800,26PAF722-2S.JPG
Pink Porcelain Basket with Handle,26PAF723,,,Out of Stock,,,,,,6,9.99,12,8.99,24,8.29,6,WingTai400,WingTai160,https://wingtai.solovue.com/images/noimage.png,noimage.png,,,WingTai800,noimage.png
Vase with Bow,26PAF724,,,Out of Stock Dec 1,,,,,,8,9.99,16,8.99,32,8.29,8,WingTai400,WingTai160,https://wingtai.solovue.com/images/products/list/desktop/26PAF724.JPG,26PAF724.JPG,,,WingTai800,26PAF724.JPG
Bunny with Bow,26PAF725,,,Out of Stock Dec 1,,,,,,8,10.99,16,9.99,24,9.29,8,WingTai400,WingTai160,https://wingtai.solovue.com/images/products/list/desktop/26PAF725.JPG,26PAF725.JPG,,,WingTai800,26PAF725.JPG
Bow Taper Holder (726),26PAF726,,,Out of Stock Dec 1,,,,,,18,3.99,36,3.49,72,3.29,18,WingTai400,WingTai160,https://wingtai.solovue.com/images/products/list/desktop/26PAF726.JPG,26PAF726.JPG,,,WingTai800,26PAF726.JPG
Bow Taper Holder (727),26PAF727,,,Out of Stock Dec 1,,,,,,18,3.99,36,3.49,72,3.29,18,WingTai400,WingTai160,https://wingtai.solovue.com/images/products/list/desktop/26PAF727.JPG,26PAF727.JPG,,,WingTai800,26PAF727.JPG
Little Chick,26PAF728,,,Out of Stock Dec 1,,,,,,24,2.95,48,2.55,96,2.35,24,WingTai400,WingTai160,https://wingtai.solovue.com/images/products/list/desktop/26PAF728.JPG,26PAF728.JPG,,,WingTai800,26PAF728.JPG
S/3 Pink Tone Butterfly Magnets,26PAF729-3S,,,Out of Stock Dec 1,,,,,,8,7.95,48,6.95,72,6.45,8,WingTai400,WingTai160,https://wingtai.solovue.com/images/products/list/desktop/26PAF729-3S.JPG,26PAF729-3S.JPG,,,WingTai800,26PAF729-3S.JPG
Cream Bunny with Bow,26PAF745,,,Out of Stock Oct 25,,,,,,4,11.99,8,10.99,16,9.99,4,WingTai400,WingTai160,https://wingtai.solovue.com/images/products/list/desktop/26PAF745.JPG,26PAF745.JPG,,,WingTai800,26PAF745.JPG
Porcelain Bow Planter,26PAF770,,,Out of Stock Dec 1,,,,,,6,8.95,12,7.95,18,7.25,6,WingTai400,WingTai160,https://wingtai.solovue.com/images/products/list/desktop/26PAF770.JPG,26PAF770.JPG,,,WingTai800,26PAF770.JPG
Cream Resin Birdbath,26PAF816,,,Out of Stock Dec 1,,,,,,8,8.99,16,7.99,32,7.29,8,WingTai400,WingTai160,https://wingtai.solovue.com/images/products/list/desktop/26PAF816.JPG,26PAF816.JPG,,,WingTai800,26PAF816.JPG
2 Asst Bird_Squirrel Planters,26PAF950-2A,,,Out of Stock Dec 1,,,,,,6,13.99,12,12.99,18,11.99,6,WingTai400,WingTai160,https://wingtai.solovue.com/images/products/list/desktop/26PAF950-2A.JPG,26PAF950-2A.JPG,,,WingTai800,26PAF950-2A.JPG
2 Asst White_Yellow Porcelain Daisy Vases,26PAF951-2A,,,Out of Stock Dec 1,,,,,,8,6.99,24,6.39,48,5.79,8,WingTai400,WingTai160,https://wingtai.solovue.com/images/products/list/desktop/26PAF951-2A.JPG,26PAF951-2A.JPG,,,WingTai800,26PAF951-2A.JPG
2 Asst Coquette Taper Holders,26PAF952-2A,,,Out of Stock Dec 1,,,,,,8,9.99,24,8.99,48,8.29,8,WingTai400,WingTai160,https://wingtai.solovue.com/images/products/list/desktop/26PAF952-2A.JPG,26PAF952-2A.JPG,,,WingTai800,26PAF952-2A.JPG
Porcelain Pinecone Vase,26PAF953,,,Out of Stock Dec 1,,,,,,4,17.99,8,15.99,16,14.99,4,WingTai400,WingTai160,https://wingtai.solovue.com/images/products/list/desktop/26PAF953.JPG,26PAF953.JPG,,,WingTai800,26PAF953.JPG
Porcelain Blue Flower Candle Holder,26PAF954,,,Out of Stock Dec 1,,,,,,6,11.95,18,10.95,36,9.95,6,WingTai400,WingTai160,https://wingtai.solovue.com/images/products/list/desktop/26PAF954.JPG,26PAF954.JPG,,,WingTai800,26PAF954.JPG
Wide Cylindrical Pinecone Planter,26PAF955,,,Out of Stock Dec 1,,,,,,4,13.95,12,12.95,24,11.95,4,WingTai400,WingTai160,https://wingtai.solovue.com/images/products/list/desktop/26PAF955.JPG,26PAF955.JPG,,,WingTai800,26PAF955.JPG
Tree-Look Porcelain Pinecone Vase,26PAF956,,,Out of Stock Dec 1,,,,,,4,16.99,12,14.99,24,13.99,4,WingTai400,WingTai160,https://wingtai.solovue.com/images/products/list/desktop/26PAF956.JPG,26PAF956.JPG,,,WingTai800,26PAF956.JPG
Hanging Strawberry Planter,26PAF957,,,Out of Stock Dec 1,,,,,,8,7.99,16,6.99,32,6.49,8,WingTai400,WingTai160,https://wingtai.solovue.com/images/products/list/desktop/26PAF957.JPG,26PAF957.JPG,,,WingTai800,26PAF957.JPG
Strawberry Planter (958),26PAF958,,,Out of Stock Dec 1,,,,,,8,7.99,16,6.99,24,6.49,8,WingTai400,WingTai160,https://wingtai.solovue.com/images/products/list/desktop/26PAF958.JPG,26PAF958.JPG,,,WingTai800,26PAF958.JPG
Coquette Vase,26PAF961,,,Out of Stock Dec 1,,,,,,4,14.99,8,13.99,16,12.99,4,WingTai400,WingTai160,https://wingtai.solovue.com/images/products/list/desktop/26PAF961.JPG,26PAF961.JPG,,,WingTai800,26PAF961.JPG
Blue Bow Vase,26PAF962,,,Out of Stock Dec 1,,,,,,4,14.99,8,13.99,16,12.99,4,WingTai400,WingTai160,https://wingtai.solovue.com/images/products/list/desktop/26PAF962.JPG,26PAF962.JPG,,,WingTai800,26PAF962.JPG
Yellow Ridged Porecelain Planter,26PAF963,,,Out of Stock Dec 1,,,,,,6,7.99,18,6.99,36,6.39,6,WingTai400,WingTai160,https://wingtai.solovue.com/images/products/list/desktop/26PAF963.JPG,26PAF963.JPG,,,WingTai800,26PAF963.JPG
White Ridged Porcelain Planter,26PAF964,,,Out of Stock Dec 1,,,,,,6,7.99,18,6.99,36,6.39,6,WingTai400,WingTai160,https://wingtai.solovue.com/images/products/list/desktop/26PAF964.JPG,26PAF964.JPG,,,WingTai800,26PAF964.JPG
Green_Tan Rattan-Look Porcelain Planter,26PAF965,,,Out of Stock Dec 1,,,,,,4,19.9,8,19.9,16,19.9,4,WingTai400,WingTai160,https://wingtai.solovue.com/images/products/list/desktop/26PAF965.JPG,26PAF965.JPG,,,WingTai800,26PAF965.JPG
Purple_Tan Rattan-Look Porcelain Planter,26PAF966,,,Out of Stock Dec 1,,,,,,4,19.9,8,19.9,16,19.9,4,WingTai400,WingTai160,https://wingtai.solovue.com/images/products/list/desktop/26PAF966.JPG,26PAF966.JPG,,,WingTai800,26PAF966.JPG
4 Asst Vintage Clay Pots,26PAI037N-4A,,,Out of Stock Dec 1,,,,,,4,13.99,8,12.99,12,11.99,4,WingTai400,WingTai160,https://wingtai.solovue.com/images/products/list/desktop/26PAI037N-4A.JPG,26PAI037N-4A.JPG,,,WingTai800,26PAI037N-4A.JPG
Backpack Birdhouse,26RAF017,,,Out of Stock Dec 1,,,,,,4,13.99,12,12.99,24,11.99,4,WingTai400,WingTai160,https://wingtai.solovue.com/images/products/list/desktop/26RAF017.JPG,26RAF017.JPG,,,WingTai800,26RAF017.JPG
Two Tier Plant Stand,26RAF036,,,Out of Stock Dec 1,,,,,,2,69.99,4,61.99,8,57.99,2,WingTai400,WingTai160,https://wingtai.solovue.com/images/noimage.png,noimage.png,,,WingTai800,noimage.png
Responsible Rabbit Planter,26RAF059,,,Out of Stock Nov 30,,,,,,4,19.99,12,17.99,24,15.99,4,WingTai400,WingTai160,https://wingtai.solovue.com/images/products/list/desktop/26RAF059.JPG,26RAF059.JPG,,,WingTai800,26RAF059.JPG
Head on Hands Rabbit,26RAF060,,,Out of Stock Nov 30,,,,,,2,79.9,4,79.9,6,79.9,2,WingTai400,WingTai160,https://wingtai.solovue.com/images/products/list/desktop/26RAF060.JPG,26RAF060.JPG,,,WingTai800,26RAF060.JPG
S/2 Rustic Ducks,26RAF061-2S,,,Out of Stock Nov 30,,,,,,4,14.99,12,12.99,24,11.99,4,WingTai400,WingTai160,https://wingtai.solovue.com/images/products/list/desktop/26RAF061-2S.JPG,26RAF061-2S.JPG,,,WingTai800,26RAF061-2S.JPG
Rustic Mallard,26RAF062,,,Out of Stock Nov 30,,,,,,4,11.95,12,10.95,24,9.95,4,WingTai400,WingTai160,https://wingtai.solovue.com/images/products/list/desktop/26RAF062.JPG,26RAF062.JPG,,,WingTai800,26RAF062.JPG
Rustic Owl Pot,26RAF067,,,Out of Stock Dec 1,,,,,,4,13.99,8,11.99,16,10.99,4,WingTai400,WingTai160,https://wingtai.solovue.com/images/products/list/desktop/26RAF067.JPG,26RAF067.JPG,,,WingTai800,26RAF067.JPG
Rustic Bird,26RAF068,,,Out of Stock Dec 1,,,,,,3,19.99,6,17.99,12,15.99,3,WingTai400,WingTai160,https://wingtai.solovue.com/images/products/list/desktop/26RAF068.JPG,26RAF068.JPG,,,WingTai800,26RAF068.JPG
Rustic Angel,26RAF069,,,Out of Stock Nov 30,,,,,,3,19.99,6,17.99,12,15.99,3,WingTai400,WingTai160,https://wingtai.solovue.com/images/products/list/desktop/26RAF069.JPG,26RAF069.JPG,,,WingTai800,26RAF069.JPG
Coquette Bag Planter,26RAF073,,,Out of Stock Dec 1,,,,,,4,16.99,12,14.99,24,12.99,4,WingTai400,WingTai160,https://wingtai.solovue.com/images/products/list/desktop/26RAF073.JPG,26RAF073.JPG,,,WingTai800,26RAF073.JPG
S/2 Vintage Resin Ducks,26RAF076-2S,,,Out of Stock Dec 1,,,,,,4,18.95,8,16.95,12,14.95,4,WingTai400,WingTai160,https://wingtai.solovue.com/images/products/list/desktop/26RAF076-2S.JPG,26RAF076-2S.JPG,,,WingTai800,26RAF076-2S.JPG
Pink Resin Bow,26RAF077,,,Out of Stock Dec 1,,,,,,3,22.99,6,20.99,12,18.99,3,WingTai400,WingTai160,https://wingtai.solovue.com/images/products/list/desktop/26RAF077.JPG,26RAF077.JPG,,,WingTai800,26RAF077.JPG
Tall Vintage Resin Riser,26RAF078,,,Out of Stock Dec 1,,,,,,3,17.99,6,15.99,12,13.99,3,WingTai400,WingTai160,https://wingtai.solovue.com/images/products/list/desktop/26RAF078.JPG,26RAF078.JPG,,,WingTai800,26RAF078.JPG
Short Vintage Resin Riser,26RAF079,,,Out of Stock Dec 1,,,,,,3,17.99,6,15.99,12,13.99,3,WingTai400,WingTai160,https://wingtai.solovue.com/images/products/list/desktop/26RAF079.JPG,26RAF079.JPG,,,WingTai800,26RAF079.JPG
Wide Vintage Resin Riser,26RAF080,,,Out of Stock Dec 1,,,,,,4,24.99,8,21.99,12,19.99,4,WingTai400,WingTai160,https://wingtai.solovue.com/images/products/list/desktop/26RAF080.JPG,26RAF080.JPG,,,WingTai800,26RAF080.JPG
Bow Planter Rim Hanger,26RAF081,,,Out of Stock Dec 1,,,,,,24,1.99,72,1.79,144,1.69,24,WingTai400,WingTai160,https://wingtai.solovue.com/images/products/list/desktop/26RAF081.JPG,26RAF081.JPG,,,WingTai800,26RAF081.JPG
Bow Planter Rim Hanger,26RAF082,,,Out of Stock Dec 1,,,,,,24,1.99,72,1.79,144,1.69,24,WingTai400,WingTai160,https://wingtai.solovue.com/images/products/list/desktop/26RAF082.JPG,26RAF082.JPG,,,WingTai800,26RAF082.JPG
Bow Planter Rim Hanger,26RAF083,,,Out of Stock Dec 1,,,,,,24,1.99,72,1.79,144,1.69,24,WingTai400,WingTai160,https://wingtai.solovue.com/images/products/list/desktop/26RAF083.JPG,26RAF083.JPG,,,WingTai800,26RAF083.JPG
Vintage Resin Rooster,26RAF084,,,Out of Stock Dec 1,,,,,,4,7.99,12,6.99,24,6.49,4,WingTai400,WingTai160,https://wingtai.solovue.com/images/products/list/desktop/26RAF084.JPG,26RAF084.JPG,,,WingTai800,26RAF084.JPG
S/2 Resin Strawberries,26RAF085-2S,,,Out of Stock Dec 1,,,,,,8,6.99,16,6.49,32,5.99,8,WingTai400,WingTai160,https://wingtai.solovue.com/images/products/list/desktop/26RAF085-2S.JPG,26RAF085-2S.JPG,,,WingTai800,26RAF085-2S.JPG
Glowing Heart Cat on Stone,26RAF120,,,Out of Stock Dec 1,,,,,,4,17.99,8,15.99,16,13.99,4,WingTai400,WingTai160,https://wingtai.solovue.com/images/products/list/desktop/26RAF120.JPG,26RAF120.JPG,,,WingTai800,26RAF120.JPG
2 Asst Green Chickadees,26RAF121-2A,,,Out of Stock Nov 30,,,,,,16,6.49,32,5.69,48,5.19,16,WingTai400,WingTai160,https://wingtai.solovue.com/images/products/list/desktop/26RAF121-2A.JPG,26RAF121-2A.JPG,,,WingTai800,26RAF121-2A.JPG
Solar Lighted Caterpillar_Ladybugs,26RAF123,,,Out of Stock Nov 30,,,,,,2,18.5,4,18.5,8,18.5,2,WingTai400,WingTai160,https://wingtai.solovue.com/images/products/list/desktop/26RAF123.JPG,26RAF123.JPG,,,WingTai800,26RAF123.JPG
Carved Resin Ladybug,26RAF124,,,Out of Stock Nov 30,,,,,,6,4.49,36,3.99,72,3.59,6,WingTai400,WingTai160,https://wingtai.solovue.com/images/products/list/desktop/26RAF124.JPG,26RAF124.JPG,,,WingTai800,26RAF124.JPG
S/2 Tree Trunk Planters,26RAF127-2S,,,Out of Stock Nov 30,,,,,,6,16.99,12,14.99,24,12.99,6,WingTai400,WingTai160,https://wingtai.solovue.com/images/products/list/desktop/26RAF127-2S.JPG,26RAF127-2S.JPG,,,WingTai800,26RAF127-2S.JPG
Resin White Duck,26RAF128,,,Out of Stock Nov 30,,,,,,6,9.99,12,8.99,24,8.29,6,WingTai400,WingTai160,https://wingtai.solovue.com/images/products/list/desktop/26RAF128.JPG,26RAF128.JPG,,,WingTai800,26RAF128.JPG
Resin Dog,26RAF129,,,Out of Stock Dec 1,,,,,,8,11.99,16,10.99,24,9.99,8,WingTai400,WingTai160,https://wingtai.solovue.com/images/products/list/desktop/26RAF129.JPG,26RAF129.JPG,,,WingTai800,26RAF129.JPG
S/12 Resin Ladybugs,26RAF130-12S,,,Out of Stock Dec 1,,,,,,4,14.95,12,13.95,24,12.95,4,WingTai400,WingTai160,https://wingtai.solovue.com/images/products/list/desktop/26RAF130-12S.JPG,26RAF130-12S.JPG,,,WingTai800,26RAF130-12S.JPG
S/9 Resin Strawberries,26RAF181-9S,,,Out of Stock Dec 1,,,,,,4,12.99,8,11.99,16,10.99,4,WingTai400,WingTai160,https://wingtai.solovue.com/images/products/list/desktop/26RAF181-9S.JPG,26RAF181-9S.JPG,,,WingTai800,26RAF181-9S.JPG
3 Asst Bow Tie Pot Hangers,26RAF187-3A,,,Out of Stock Oct 15,,,,,,12,2.19,72,1.99,144,1.79,12,WingTai400,WingTai160,https://wingtai.solovue.com/images/products/list/desktop/26RAF187-3A.JPG,26RAF187-3A.JPG,,,WingTai800,26RAF187-3A.JPG
Golden Bunny Holding Cup,26RAF639,,,Out of Stock Dec 1,,,,,,8,7.99,24,6.99,48,6.49,8,WingTai400,WingTai160,https://wingtai.solovue.com/images/products/list/desktop/26RAF639.JPG,26RAF639.JPG,,,WingTai800,26RAF639.JPG
Smart Bear,26RAF640,,,Out of Stock Dec 1,,,,,,6,10.99,12,9.99,24,9.29,6,WingTai400,WingTai160,https://wingtai.solovue.com/images/products/list/desktop/26RAF640.JPG,26RAF640.JPG,,,WingTai800,26RAF640.JPG
Bird on Books (641),26RAF641,,,Out of Stock Dec 1,,,,,,12,7.99,24,6.99,48,6.49,12,WingTai400,WingTai160,https://wingtai.solovue.com/images/products/list/desktop/26RAF641.JPG,26RAF641.JPG,,,WingTai800,26RAF641.JPG
Bird on Books (642),26RAF642,,,Out of Stock Dec 1,,,,,,12,7.99,24,6.99,48,6.49,12,WingTai400,WingTai160,https://wingtai.solovue.com/images/products/list/desktop/26RAF642.JPG,26RAF642.JPG,,,WingTai800,26RAF642.JPG
2 Asst Resin Rope Balls,26RAF645-2A,,,Out of Stock Dec 1,,,,,,8,9.99,16,8.99,24,8.29,8,WingTai400,WingTai160,https://wingtai.solovue.com/images/products/list/desktop/26RAF645-2A.JPG,26RAF645-2A.JPG,,,WingTai800,26RAF645-2A.JPG
Resin Pet Memorial Stone,26RAF646,,,Out of Stock Dec 1,,,,,,12,7.99,24,6.99,48,6.59,12,WingTai400,WingTai160,https://wingtai.solovue.com/images/products/list/desktop/26RAF646.JPG,26RAF646.JPG,,,WingTai800,26RAF646.JPG
Tall Ridged Black Vase,26RAF713,,,Out of Stock Dec 1,,,,,,6,11.95,12,10.95,18,9.95,6,WingTai400,WingTai160,https://wingtai.solovue.com/images/products/list/desktop/26RAF713.JPG,26RAF713.JPG,,,WingTai800,26RAF713.JPG
Short Ridged Black Vase,26RAF714,,,Out of Stock Dec 1,,,,,,6,6.99,12,6.39,24,5.99,6,WingTai400,WingTai160,https://wingtai.solovue.com/images/products/list/desktop/26RAF714.JPG,26RAF714.JPG,,,WingTai800,26RAF714.JPG
White Cermaic Open Tote,26RAF715,,,Out of Stock Dec 1,,,,,,4,13.99,8,12.99,16,11.99,4,WingTai400,WingTai160,https://wingtai.solovue.com/images/products/list/desktop/26RAF715.JPG,26RAF715.JPG,,,WingTai800,26RAF715.JPG
Oval Wood Look Green Top Planter,26RAF716,,,Out of Stock Dec 1,,,,,,6,11.95,12,10.95,18,9.95,6,WingTai400,WingTai160,https://wingtai.solovue.com/images/products/list/desktop/26RAF716.JPG,26RAF716.JPG,,,WingTai800,26RAF716.JPG
Round Wood Look Green Top Planter,26RAF717,,,Out of Stock Dec 1,,,,,,6,11.99,12,10.99,24,9.99,6,WingTai400,WingTai160,https://wingtai.solovue.com/images/products/list/desktop/26RAF717.JPG,26RAF717.JPG,,,WingTai800,26RAF717.JPG
Large Gray Organic Planter,26RAF732,,,Out of Stock Dec 1,,,,,,8,8.99,16,7.99,32,7.29,8,WingTai400,WingTai160,https://wingtai.solovue.com/images/products/list/desktop/26RAF732.JPG,26RAF732.JPG,,,WingTai800,26RAF732.JPG
Small Gray Organic Planter,26RAF733,,,Out of Stock Dec 1,,,,,,12,6.95,24,6.35,36,5.95,12,WingTai400,WingTai160,https://wingtai.solovue.com/images/products/list/desktop/26RAF733.JPG,26RAF733.JPG,,,WingTai800,26RAF733.JPG
Resin Tree Trunk Décor,26RAF734,,,Out of Stock Dec 1,,,,,,24,4.99,48,4.39,72,3.99,24,WingTai400,WingTai160,https://wingtai.solovue.com/images/products/list/desktop/26RAF734.JPG,26RAF734.JPG,,,WingTai800,26RAF734.JPG
Resin Driftwood Décor,26RAF735,,,Out of Stock Dec 1,,,,,,12,7.99,24,6.99,36,6.39,12,WingTai400,WingTai160,https://wingtai.solovue.com/images/products/list/desktop/26RAF735.JPG,26RAF735.JPG,,,WingTai800,26RAF735.JPG
Resin Tree Trunk Décor with Candle Holder,26RAF736,,,Out of Stock Dec 1,,,,,,16,5.99,32,5.49,64,4.99,16,WingTai400,WingTai160,https://wingtai.solovue.com/images/products/list/desktop/26RAF736.JPG,26RAF736.JPG,,,WingTai800,26RAF736.JPG
Decorative Fountain,26RAF737,,,Out of Stock,,,,,,8,9.99,16,8.99,32,8.29,8,WingTai400,WingTai160,https://wingtai.solovue.com/images/products/list/desktop/26RAF737.JPG,26RAF737.JPG,,,WingTai800,26RAF737.JPG
Umbrella Stand,26RAF738,,,Out of Stock Dec 1,,,,,,4,15.99,8,14.9,16,13.99,4,WingTai400,WingTai160,https://wingtai.solovue.com/images/products/list/desktop/26RAF738.JPG,26RAF738.JPG,,,WingTai800,26RAF738.JPG
Black Simple Standing Bunny,26RAF959,,,Out of Stock Dec 1,,,,,,8,7.99,16,6.99,24,6.49,8,WingTai400,WingTai160,https://wingtai.solovue.com/images/products/list/desktop/26RAF959.JPG,26RAF959.JPG,,,WingTai800,26RAF959.JPG
Black Simple Resting Bunny,26RAF960,,,Out of Stock Dec 1,,,,,,8,6.99,24,6.39,48,5.79,8,WingTai400,WingTai160,https://wingtai.solovue.com/images/products/list/desktop/26RAF960.JPG,26RAF960.JPG,,,WingTai800,26RAF960.JPG
Strawberry Block,26WAF104,,,Out of Stock Nov 30,,,,,,9,4.99,27,4.39,54,3.99,9,WingTai400,WingTai160,https://wingtai.solovue.com/images/products/list/desktop/26WAF104.JPG,26WAF104.JPG,,,WingTai800,26WAF104.JPG
Butterfly Frame (131),26WAF131,,,Out of Stock Nov 30,,,,,,6,29.99,12,27.99,18,26.99,6,WingTai400,WingTai160,https://wingtai.solovue.com/images/products/list/desktop/26WAF131.JPG,26WAF131.JPG,,,WingTai800,26WAF131.JPG
Leaf Frame,26WAF132,,,Out of Stock Dec 1,,,,,,6,21.99,12,19.99,18,17.99,6,WingTai400,WingTai160,https://wingtai.solovue.com/images/products/list/desktop/26WAF132.JPG,26WAF132.JPG,,,WingTai800,26WAF132.JPG
Tulip Frame (133),26WAF133,,,Out of Stock Nov 30,,,,,,8,11.99,16,10.99,24,9.99,8,WingTai400,WingTai160,https://wingtai.solovue.com/images/products/list/desktop/26WAF133.JPG,26WAF133.JPG,,,WingTai800,26WAF133.JPG
Monstera Leaf Frame,26WAF134,,,Out of Stock Dec 1,,,,,,8,14.99,16,12.99,24,11.99,8,WingTai400,WingTai160,https://wingtai.solovue.com/images/products/list/desktop/26WAF134.JPG,26WAF134.JPG,,,WingTai800,26WAF134.JPG
Church Canvas,26WAF135,,,Out of Stock Dec 1,,,,,,12,5.95,24,4.95,36,4.35,12,WingTai400,WingTai160,https://wingtai.solovue.com/images/products/list/desktop/26WAF135.JPG,26WAF135.JPG,,,WingTai800,26WAF135.JPG
Car_Church Canvas,26WAF136,,,Out of Stock Dec 1,,,,,,12,5.95,24,4.95,36,4.35,12,WingTai400,WingTai160,https://wingtai.solovue.com/images/products/list/desktop/26WAF136.JPG,26WAF136.JPG,,,WingTai800,26WAF136.JPG
Poppy Canvas,26WAF137,,,Out of Stock Dec 1,,,,,,6,9.99,12,8.99,24,8.29,6,WingTai400,WingTai160,https://wingtai.solovue.com/images/products/list/desktop/26WAF137.JPG,26WAF137.JPG,,,WingTai800,26WAF137.JPG
Purple Pansy Canvas,26WAF138,,,Out of Stock Dec 1,,,,,,6,9.99,12,8.99,24,8.29,6,WingTai400,WingTai160,https://wingtai.solovue.com/images/products/list/desktop/26WAF138.JPG,26WAF138.JPG,,,WingTai800,26WAF138.JPG
Strawberry Canvas,26WAF139,,,Out of Stock Dec 1,,,,,,6,9.99,12,8.99,24,8.29,6,WingTai400,WingTai160,https://wingtai.solovue.com/images/products/list/desktop/26WAF139.JPG,26WAF139.JPG,,,WingTai800,26WAF139.JPG
Lighted Fabric Church Frame,26WAF140,,,Out of Stock Nov 30,,,,,,6,17.99,12,15.99,18,13.99,6,WingTai400,WingTai160,https://wingtai.solovue.com/images/products/list/desktop/26WAF140.JPG,26WAF140.JPG,,,WingTai800,26WAF140.JPG
Lighted Fabric Field Frame,26WAF141,,,Out of Stock Nov 30,,,,,,6,18.99,12,16.99,18,14.99,6,WingTai400,WingTai160,https://wingtai.solovue.com/images/products/list/desktop/26WAF141.JPG,26WAF141.JPG,,,WingTai800,26WAF141.JPG
Lighted Fabric Strawberry Frame,26WAF142,,,Out of Stock Nov 30,,,,,,6,17.99,12,15.99,18,13.99,6,WingTai400,WingTai160,https://wingtai.solovue.com/images/products/list/desktop/26WAF142.JPG,26WAF142.JPG,,,WingTai800,26WAF142.JPG
White Peony Painting,26WAF475,,,Out of Stock Nov 30,,,,,,6,9.99,12,8.99,24,8.29,6,WingTai400,WingTai160,https://wingtai.solovue.com/images/products/list/desktop/26WAF475.JPG,26WAF475.JPG,,,WingTai800,26WAF475.JPG
Wood Display Cart,26WAF619,,,Out of Stock Dec 1,,,,,,1,124.9,2,124.9,4,124.9,1,WingTai400,WingTai160,https://wingtai.solovue.com/images/products/list/desktop/26WAF619.JPG,26WAF619.JPG,,,WingTai800,26WAF619.JPG
Wood Riser,26WAF620,,,Out of Stock Dec 1,,,,,,4,10.99,8,9.99,16,8.99,4,WingTai400,WingTai160,https://wingtai.solovue.com/images/products/list/desktop/26WAF620.JPG,26WAF620.JPG,,,WingTai800,26WAF620.JPG
Double Sided Tall Sign,26WAF648,,,Out of Stock Dec 1,,,,,,4,20.99,8,18.99,12,17.99,4,WingTai400,WingTai160,https://wingtai.solovue.com/images/products/list/desktop/26WAF648.JPG,26WAF648.JPG,,,WingTai800,26WAF648.JPG
S/3 Mushroom Stools,26WAF649-3S,,,Out of Stock Dec 1,,,,,,2,49.99,4,46.99,6,42.99,2,WingTai400,WingTai160,https://wingtai.solovue.com/images/products/list/desktop/26WAF649-3S.JPG,26WAF649-3S.JPG,,,WingTai800,26WAF649-3S.JPG
3 Asst Wood Hummingbirds,26WAF650-3A,,,Out of Stock Dec 1,,,,,,12,8.99,24,7.99,36,7.59,12,WingTai400,WingTai160,https://wingtai.solovue.com/images/products/list/desktop/26WAF650-3A.JPG,26WAF650-3A.JPG,,,WingTai800,26WAF650-3A.JPG
Bloom Block,26WAF651,,,Out of Stock Dec 1,,,,,,6,5.95,12,5.25,24,4.95,6,WingTai400,WingTai160,https://wingtai.solovue.com/images/products/list/desktop/26WAF651.JPG,26WAF651.JPG,,,WingTai800,26WAF651.JPG
Round Top Flower Frame,26WAF652,,,Out of Stock Dec 1,,,,,,4,29.99,8,26.99,12,25.99,4,WingTai400,WingTai160,https://wingtai.solovue.com/images/products/list/desktop/26WAF652.JPG,26WAF652.JPG,,,WingTai800,26WAF652.JPG
S/2 Square Planters with Handles,26WAF653-2S,,,Out of Stock Dec 1,,,,,,3,36.99,6,32.99,12,29.99,3,WingTai400,WingTai160,https://wingtai.solovue.com/images/products/list/desktop/26WAF653-2S.JPG,26WAF653-2S.JPG,,,WingTai800,26WAF653-2S.JPG
S/3 Rattan Wall Baskets with House Backs,26WAF657-3S,,,Out of Stock Dec 1,,,,,,2,29.9,4,29.9,8,29.9,2,WingTai400,WingTai160,https://wingtai.solovue.com/images/products/list/desktop/26WAF657-3S.JPG,26WAF657-3S.JPG,,,WingTai800,26WAF657-3S.JPG
Gothic Nouveau Frame,26WAF739,,,Out of Stock Dec 1,,,,,,4,34.99,8,32.99,12,29.99,4,WingTai400,WingTai160,https://wingtai.solovue.com/images/products/list/desktop/26WAF739.JPG,26WAF739.JPG,,,WingTai800,26WAF739.JPG
Embossed Rabbit Frame,26WAF825,,,Out of Stock Dec 1,,,,,,2,27.99,6,24.99,10,22.99,2,WingTai400,WingTai160,https://wingtai.solovue.com/images/products/list/desktop/26WAF825.JPG,26WAF825.JPG,,,WingTai800,26WAF825.JPG
S/2 Acacia Trays,26WAI002N-2S,,,Out of Stock Dec 1,,,,,,2,34.99,4,29.99,6,27.99,2,WingTai400,WingTai160,https://wingtai.solovue.com/images/products/list/desktop/26WAI002N-2S.JPG,26WAI002N-2S.JPG,,,WingTai800,26WAI002N-2S.JPG
Curved Handle Cutting Board,26WAI003N,,,Out of Stock Dec 1,,,,,,4,16.99,8,14.99,12,12.99,4,WingTai400,WingTai160,https://wingtai.solovue.com/images/products/list/desktop/26WAI003N.JPG,26WAI003N.JPG,,,WingTai800,26WAI003N.JPG
Acacia Riser,26WAI004N,,,Out of Stock Dec 1,,,,,,4,19.95,8,17.95,12,15.95,4,WingTai400,WingTai160,https://wingtai.solovue.com/images/products/list/desktop/26WAI004N.JPG,26WAI004N.JPG,,,WingTai800,26WAI004N.JPG
S/2 Curved-Shape Mango Tables,26WAI005N-2S,,,Out of Stock Dec 1,,,,,,1,149.9,2,149.9,4,149.9,1,WingTai400,WingTai160,https://wingtai.solovue.com/images/products/list/desktop/26WAI005N-2S.JPG,26WAI005N-2S.JPG,,,WingTai800,26WAI005N-2S.JPG
S/3 Reclaimed Wood Square Risers,26WAI008N-3S,,,Out of Stock,,,,,,2,49.99,4,44.99,6,39.99,2,WingTai400,WingTai160,https://wingtai.solovue.com/images/noimage.png,noimage.png,,,WingTai800,noimage.png
Reclaimed Wood Square Candle Holder,26WAI010N,,,Out of Stock,,,,,,6,8.95,12,7.95,24,7.25,6,WingTai400,WingTai160,https://wingtai.solovue.com/images/noimage.png,noimage.png,,,WingTai800,noimage.png
Reclaimed Wood Duck,26WAI011N,,,Out of Stock Dec 1,,,,,,5,11.95,10,10.95,20,9.95,5,WingTai400,WingTai160,https://wingtai.solovue.com/images/noimage.png,noimage.png,,,WingTai800,noimage.png
Asst Reclaimed Wood Vases,26WAI012N-2A,,,Out of Stock,,,,,,4,26.99,8,23.99,12,21.99,4,WingTai400,WingTai160,https://wingtai.solovue.com/images/noimage.png,noimage.png,,,WingTai800,noimage.png
S/2 Wooden Snails,26WAI014N-2S,,,Out of Stock Dec 1,,,,,,8,9.99,16,8.99,32,8.29,8,WingTai400,WingTai160,https://wingtai.solovue.com/images/products/list/desktop/26WAI014N-2S.JPG,26WAI014N-2S.JPG,,,WingTai800,26WAI014N-2S.JPG
Square Wood Riser,26WAI015N,,,Out of Stock Dec 1,,,,,,4,17.99,8,15.99,16,14.99,4,WingTai400,WingTai160,https://wingtai.solovue.com/images/products/list/desktop/26WAI015N.JPG,26WAI015N.JPG,,,WingTai800,26WAI015N.JPG
S/2 Large Standing Wood_Enamel Flowers,26WAI017N-2S,,,Out of Stock Dec 1,,,,,,2,42.99,4,39.99,6,36.99,2,WingTai400,WingTai160,https://wingtai.solovue.com/images/products/list/desktop/26WAI017N-2S.JPG,26WAI017N-2S.JPG,,,WingTai800,26WAI017N-2S.JPG
Reclaimed Wire Spool Table,26WAI028N,,,Out of Stock,,,,,,1,69.99,2,63.99,4,57.99,1,WingTai400,WingTai160,https://wingtai.solovue.com/images/noimage.png,noimage.png,,,WingTai800,noimage.png
Reclaimed Wood Candle Holder,26WAI030N-2S,,,Out of Stock,,,,,,6,13.99,12,12.99,18,11.99,6,WingTai400,WingTai160,https://wingtai.solovue.com/images/noimage.png,noimage.png,,,WingTai800,noimage.png
Wod Easel,26WAI031N,,,Out of Stock,,,,,,6,13.99,12,12.99,18,11.99,6,WingTai400,WingTai160,https://wingtai.solovue.com/images/noimage.png,noimage.png,,,WingTai800,noimage.png
S/2 Wood_Metal Risers,26WAI033N-2S,,,Out of Stock Dec 1,,,,,,2,44.99,4,39.99,6,36.99,2,WingTai400,WingTai160,https://wingtai.solovue.com/images/noimage.png,noimage.png,,,WingTai800,noimage.png
Wood Rocking Horse,26WAI034N,,,Out of Stock Dec 1,,,,,,2,32.99,5,29.99,10,27.99,2,WingTai400,WingTai160,https://wingtai.solovue.com/images/products/list/desktop/26WAI034N.JPG,26WAI034N.JPG,,,WingTai800,26WAI034N.JPG
S/3 Rustic Wood Cats,26WAI035N-3S,,,Out of Stock Dec 1,,,,,,3,24.99,6,21.99,12,19.99,3,WingTai400,WingTai160,https://wingtai.solovue.com/images/products/list/desktop/26WAI035N-3S.JPG,26WAI035N-3S.JPG,,,WingTai800,26WAI035N-3S.JPG
3 Asstorted Rustic Wood_Metal Birds,26WAI036N-3A,,,Out of Stock Dec 1,,,,,,9,5.95,27,5.25,54,4.95,9,WingTai400,WingTai160,https://wingtai.solovue.com/images/products/list/desktop/26WAI036N-3A.JPG,26WAI036N-3A.JPG,,,WingTai800,26WAI036N-3A.JPG
Wooden Horse,26WAI038N,,,Out of Stock Dec 1,,,,,,4,29.99,8,26.99,12,24.99,4,WingTai400,WingTai160,https://wingtai.solovue.com/images/products/list/desktop/26WAI038N.JPG,26WAI038N.JPG,,,WingTai800,26WAI038N.JPG
Asst Vintage Wood Jugs,26WAI039N-A,,,Out of Stock Dec 1,,,,,,4,26.99,8,24.99,12,22.99,4,WingTai400,WingTai160,https://wingtai.solovue.com/images/products/list/desktop/26WAI039N-A.JPG,26WAI039N-A.JPG,,,WingTai800,26WAI039N-A.JPG
Rustic Wood Bird,26WAI040N,,,Out of Stock Dec 1,,,,,,6,9.95,12,8.95,18,8.25,6,WingTai400,WingTai160,https://wingtai.solovue.com/images/noimage.png,noimage.png,,,WingTai800,noimage.png
S/2 Wood_Enamel Swans,26WAI048N-2S,,,Out of Stock Dec 1,,,,,,4,17.99,8,15.99,16,13.99,4,WingTai400,WingTai160,https://wingtai.solovue.com/images/products/list/desktop/26WAI048N-2S.JPG,26WAI048N-2S.JPG,,,WingTai800,26WAI048N-2S.JPG
S/2 Standing Wood Geese,26WAI049N-2S,,,Out of Stock Dec 1,,,,,,2,59.99,4,54.99,8,49.99,2,WingTai400,WingTai160,https://wingtai.solovue.com/images/products/list/desktop/26WAI049N-2S.JPG,26WAI049N-2S.JPG,,,WingTai800,26WAI049N-2S.JPG
S/2 Wood_Enamel Strawberry Trays,26WAI051N-2S,,,Out of Stock Dec 1,,,,,,2,24.99,4,21.99,8,19.99,2,WingTai400,WingTai160,https://wingtai.solovue.com/images/products/list/desktop/26WAI051N-2S.JPG,26WAI051N-2S.JPG,,,WingTai800,26WAI051N-2S.JPG
Dipping Tray with Strawberry Design,26WAI053N,,,Out of Stock Dec 1,,,,,,4,10.99,8,9.99,16,9.29,4,WingTai400,WingTai160,https://wingtai.solovue.com/images/products/list/desktop/26WAI053N.JPG,26WAI053N.JPG,,,WingTai800,26WAI053N.JPG
Enamel Square Tray with Strawberry Design,26WAI054N,,,Out of Stock Dec 1,,,,,,4,7.99,16,6.99,32,6.49,4,WingTai400,WingTai160,https://wingtai.solovue.com/images/products/list/desktop/26WAI054N.JPG,26WAI054N.JPG,,,WingTai800,26WAI054N.JPG
S/3 Planters,26WAI501-3S,,,Out of Stock Dec 1,,,,,,2,32.99,4,29.99,8,27.99,2,WingTai400,WingTai160,https://wingtai.solovue.com/images/products/list/desktop/26WAI501-3S.JPG,26WAI501-3S.JPG,,,WingTai800,26WAI501-3S.JPG
S/2 Wood Risers,26WAI512-2S,,,Out of Stock Dec 1,,,,,,2,39.99,4,34.99,8,32.99,2,WingTai400,WingTai160,https://wingtai.solovue.com/images/products/list/desktop/26WAI512-2S.JPG,26WAI512-2S.JPG,,,WingTai800,26WAI512-2S.JPG
3 Asst Spools,26WAI513-3A,,,Out of Stock Dec 1,,,,,,6,8.99,12,7.99,24,7.29,6,WingTai400,WingTai160,https://wingtai.solovue.com/images/products/list/desktop/26WAI513-3A.JPG,26WAI513-3A.JPG,,,WingTai800,26WAI513-3A.JPG
S/6 Wood Orbs,26WAI515-6S,,,Out of Stock Dec 1,,,,,,2,24.99,4,21.99,8,19.99,2,WingTai400,WingTai160,https://wingtai.solovue.com/images/products/list/desktop/26WAI515-6S.JPG,26WAI515-6S.JPG,,,WingTai800,26WAI515-6S.JPG
S/6 Colored Wood Orbs,26WAI516-6S,,,Out of Stock Dec 1,,,,,,2,24.99,4,21.99,8,19.99,2,WingTai400,WingTai160,https://wingtai.solovue.com/images/products/list/desktop/26WAI516-6S.JPG,26WAI516-6S.JPG,,,WingTai800,26WAI516-6S.JPG
Wood Vase with Yellow Accent,26WAI521,,,Out of Stock Dec 1,,,,,,3,14.99,6,13.99,12,12.99,3,WingTai400,WingTai160,https://wingtai.solovue.com/images/products/list/desktop/26WAI521.JPG,26WAI521.JPG,,,WingTai800,26WAI521.JPG
Dipping Tray,26WAI522,,,Out of Stock Dec 1,,,,,,4,11.95,8,10.95,16,9.95,4,WingTai400,WingTai160,https://wingtai.solovue.com/images/products/list/desktop/26WAI522.JPG,26WAI522.JPG,,,WingTai800,26WAI522.JPG
Enamel Square Tray,26WAI523,,,Out of Stock Dec 1,,,,,,4,7.99,16,6.99,32,6.49,4,WingTai400,WingTai160,https://wingtai.solovue.com/images/products/list/desktop/26WAI523.JPG,26WAI523.JPG,,,WingTai800,26WAI523.JPG
Green Wood Taper Holder,26WAI526,,,Out of Stock Dec 1,,,,,,8,6.99,16,6.39,24,5.99,8,WingTai400,WingTai160,https://wingtai.solovue.com/images/products/list/desktop/26WAI526.JPG,26WAI526.JPG,,,WingTai800,26WAI526.JPG
Wood Tray with Feet,26WAI527,,,Out of Stock Dec 1,,,,,,4,14.99,8,13.99,16,12.99,4,WingTai400,WingTai160,https://wingtai.solovue.com/images/products/list/desktop/26WAI527.JPG,26WAI527.JPG,,,WingTai800,26WAI527.JPG
S/2 Round Candle Trays with Handles,26WAI532-2S,,,Out of Stock Dec 1,,,,,,2,24.99,4,21.99,8,19.99,2,WingTai400,WingTai160,https://wingtai.solovue.com/images/products/list/desktop/26WAI532-2S.JPG,26WAI532-2S.JPG,,,WingTai800,26WAI532-2S.JPG
Canvas_Wood Wall Hanging,26WAI533,,,Out of Stock,,,,,,4,10.99,12,9.99,24,9.29,4,WingTai400,WingTai160,https://wingtai.solovue.com/images/noimage.png,noimage.png,,,WingTai800,noimage.png
S/3 Reclaimed Wood Trays,26WAI950-3S,,,Out of Stock Dec 1,,,,,,2,24.99,8,21.99,16,19.99,2,WingTai400,WingTai160,https://wingtai.solovue.com/images/products/list/desktop/26WAI950-3S.JPG,26WAI950-3S.JPG,,,WingTai800,26WAI950-3S.JPG
S/3 Reclaimed Wood Boxes,26WAI951-3S,,,Out of Stock Dec 1,,,,,,2,49.99,4,44.99,8,39.99,2,WingTai400,WingTai160,https://wingtai.solovue.com/images/products/list/desktop/26WAI951-3S.JPG,26WAI951-3S.JPG,,,WingTai800,26WAI951-3S.JPG
2-Sided Storage Box with Handle,26WAI952,,,Out of Stock Dec 1,,,,,,4,16.95,8,14.95,16,12.95,4,WingTai400,WingTai160,https://wingtai.solovue.com/images/products/list/desktop/26WAI952.JPG,26WAI952.JPG,,,WingTai800,26WAI952.JPG
Reclaimed Wood Drawer,26WAI953,,,Out of Stock Dec 1,,,,,,4,10.99,12,9.99,24,9.29,4,WingTai400,WingTai160,https://wingtai.solovue.com/images/products/list/desktop/26WAI953.JPG,26WAI953.JPG,,,WingTai800,26WAI953.JPG
S/3 Reclaimed Candle Holders,26WAI954-3S,,,Out of Stock Dec 1,,,,,,4,21.99,8,19.99,16,17.99,4,WingTai400,WingTai160,https://wingtai.solovue.com/images/products/list/desktop/26WAI954-3S.JPG,26WAI954-3S.JPG,,,WingTai800,26WAI954-3S.JPG
Trowel,26WAI955,,,Out of Stock Dec 1,,,,,,6,7.95,12,6.95,24,6.45,6,WingTai400,WingTai160,https://wingtai.solovue.com/images/products/list/desktop/26WAI955.JPG,26WAI955.JPG,,,WingTai800,26WAI955.JPG
Spade,26WAI956,,,Out of Stock Dec 1,,,,,,6,7.95,12,6.95,24,6.45,6,WingTai400,WingTai160,https://wingtai.solovue.com/images/products/list/desktop/26WAI956.JPG,26WAI956.JPG,,,WingTai800,26WAI956.JPG
S/2 Wood Planters,26WAI958-2S,,,Out of Stock Dec 1,,,,,,4,14.99,8,13.99,16,12.99,4,WingTai400,WingTai160,https://wingtai.solovue.com/images/products/list/desktop/26WAI958-2S.JPG,26WAI958-2S.JPG,,,WingTai800,26WAI958-2S.JPG
Strawberry Tray,26WAI959,,,Out of Stock Dec 1,,,,,,4,14.95,8,13.95,12,12.95,4,WingTai400,WingTai160,https://wingtai.solovue.com/images/products/list/desktop/26WAI959.JPG,26WAI959.JPG,,,WingTai800,26WAI959.JPG
Round Wood Stool,26WAI975,,,Out of Stock Dec 1,,,,,,4,11.95,8,10.95,16,9.95,4,WingTai400,WingTai160,https://wingtai.solovue.com/images/products/list/desktop/26WAI975.JPG,26WAI975.JPG,,,WingTai800,26WAI975.JPG
Reclaimed Wood Narrow Neck Vase (976),26WAI976,,,Out of Stock Dec 1,,,,,,4,9.99,16,8.99,32,8.29,4,WingTai400,WingTai160,https://wingtai.solovue.com/images/products/list/desktop/26WAI976.JPG,26WAI976.JPG,,,WingTai800,26WAI976.JPG
Reclaimed Wood Narrow Neck Vase (977),26WAI977,,,Out of Stock Dec 1,,,,,,4,7.99,16,6.99,32,6.49,4,WingTai400,WingTai160,https://wingtai.solovue.com/images/products/list/desktop/26WAI977.JPG,26WAI977.JPG,,,WingTai800,26WAI977.JPG
S/2 Trays with Feet,26WAI978-2S,,,Out of Stock Dec 1,,,,,,6,11.99,12,10.99,18,9.99,6,WingTai400,WingTai160,https://wingtai.solovue.com/images/products/list/desktop/26WAI978-2S.JPG,26WAI978-2S.JPG,,,WingTai800,26WAI978-2S.JPG
Wood_Enamel Bird,26WAI979,,,Out of Stock Dec 1,,,,,,6,13.95,12,12.95,24,11.95,6,WingTai400,WingTai160,https://wingtai.solovue.com/images/products/list/desktop/26WAI979.JPG,26WAI979.JPG,,,WingTai800,26WAI979.JPG
Open Wicker_Glass Candle Holder,26WAQ055,,,Out of Stock Dec 1,,,,,,8,6.95,24,6.15,48,5.75,8,WingTai400,WingTai160,https://wingtai.solovue.com/images/products/list/desktop/26WAQ055.JPG,26WAQ055.JPG,,,WingTai800,26WAQ055.JPG
Closed Wicker_Glass Candle Holder,26WAQ056,,,Out of Stock Dec 1,,,,,,8,6.99,24,6.19,48,5.79,8,WingTai400,WingTai160,https://wingtai.solovue.com/images/products/list/desktop/26WAQ056.JPG,26WAQ056.JPG,,,WingTai800,26WAQ056.JPG
S/2 Wicker Cloche,26WAQ057-2S,,,Out of Stock Nov 30,,,,,,4,21.99,8,19.99,16,17.99,4,WingTai400,WingTai160,https://wingtai.solovue.com/images/products/list/desktop/26WAQ057-2S.JPG,26WAQ057-2S.JPG,,,WingTai800,26WAQ057-2S.JPG
Gold Metallic Pick,FXD59346-B,,,Out of Stock,,,,,,12,4.99,60,4.39,120,3.99,12,WingTai400,WingTai160,https://wingtai.solovue.com/images/products/list/desktop/FXD59346-B.JPG,FXD59346-B.JPG,,,WingTai800,FXD59346-B.JPG
Holly Leaf Candle Ring,FXD59352-4,,,In Stock,,,,,,12,5.95,60,5.25,120,4.95,12,WingTai400,WingTai160,https://wingtai.solovue.com/images/products/list/desktop/FXD59352-4.JPG,FXD59352-4.JPG,,,WingTai800,FXD59352-4.JPG
Holly Berry/Frosted Pine Pick,FXQ59539-B,,,Out of Stock,,,,,,3,8.99,15,7.99,30,7.39,3,WingTai400,WingTai160,https://wingtai.solovue.com/images/products/list/desktop/FXQ59539-B.JPG,FXQ59539-B.JPG,,,WingTai800,FXQ59539-B.JPG
Holly Berry/Frosted Pine Dripping Garland,FXQ59539-DG,,,Out of Stock,,,,,,4,14.99,12,13.99,20,12.99,4,WingTai400,WingTai160,https://wingtai.solovue.com/images/products/list/desktop/FXQ59539-DG.JPG,FXQ59539-DG.JPG,,,WingTai800,FXQ59539-DG.JPG
,FXQ59540,,,Out of Stock,,,,,,1,0,,,,,1,WingTai400,WingTai160,https://wingtai.solovue.com/images/products/list/desktop/FXQ59540.JPG,FXQ59540.JPG,,,WingTai800,FXQ59540.JPG
Cedar Pine/Pip Berry Candle Ring,FXQ59560-4,,,Out of Stock Sep 3,,,,,,6,5.95,30,4.95,60,4.55,6,WingTai400,WingTai160,https://wingtai.solovue.com/images/products/list/desktop/FXQ59560-4.JPG,FXQ59560-4.JPG,,,WingTai800,FXQ59560-4.JPG
Cedar Pine/Pip Berry Pick,FXQ59560-B,,,In Stock,,,,,,24,1.95,72,1.75,120,1.65,24,WingTai400,WingTai160,https://wingtai.solovue.com/images/products/list/desktop/FXQ59560-B.JPG,FXQ59560-B.JPG,,,WingTai800,FXQ59560-B.JPG
Cedar Pine/Pip Berry Wreath,FXQ59560-W,,,Out of Stock Sep 3,,,,,,2,18.99,6,16.99,12,15.99,2,WingTai400,WingTai160,https://wingtai.solovue.com/images/products/list/desktop/FXQ59560-W.JPG,FXQ59560-W.JPG,,,WingTai800,FXQ59560-W.JPG
Lg Glass Lighted Cardinal Orb,GXS59250-LG,,,In Stock,,,,,,6,10.99,12,9.99,24,8.99,6,WingTai400,WingTai160,https://wingtai.solovue.com/images/products/list/desktop/GXS59250-LG.JPG,GXS59250-LG.JPG,,,WingTai800,GXS59250-LG.JPG
Sm Glass Lighted Cardinal Orb,GXS59250-SM,,,In Stock,,,,,,6,8.95,12,7.95,24,7.25,6,WingTai400,WingTai160,https://wingtai.solovue.com/images/products/list/desktop/GXS59250-SM.JPG,GXS59250-SM.JPG,,,WingTai800,GXS59250-SM.JPG
Lg Glass Lighted Snowman Orb,GXS59251-LG,,,Out of Stock Aug 28,,,,,,6,10.99,12,9.99,24,8.99,6,WingTai400,WingTai160,https://wingtai.solovue.com/images/products/list/desktop/GXS59251-LG.JPG,GXS59251-LG.JPG,,,WingTai800,GXS59251-LG.JPG
Sm Glass Lighted Snowman Orb,GXS59251-SM,,,Out of Stock Aug 28,,,,,,6,8.95,12,7.95,24,7.25,6,WingTai400,WingTai160,https://wingtai.solovue.com/images/products/list/desktop/GXS59251-SM.JPG,GXS59251-SM.JPG,,,WingTai800,GXS59251-SM.JPG
S/3 Wine Shelf_2 Square Planters,MAF57600-3S,,,In Stock,,,,,,1,149.99,2,139.99,4,129.99,1,WingTai400,WingTai160,https://wingtai.solovue.com/images/products/list/desktop/MAF57600-3S.JPG,MAF57600-3S.JPG,,,WingTai800,MAF57600-3S.JPG
Small Military Canister,MXI43541,,,Out of Stock Dec 1,,,,,,4,12.99,8,11.99,16,10.99,4,WingTai400,WingTai160,https://wingtai.solovue.com/images/products/list/desktop/MXI43541.JPG,MXI43541.JPG,,,WingTai800,MXI43541.JPG
Large Military Canister,MXI43542,,,Out of Stock,,,,,,4,17.99,8,15.99,16,14.99,4,WingTai400,WingTai160,https://wingtai.solovue.com/images/products/list/desktop/MXI43542.JPG,MXI43542.JPG,,,WingTai800,MXI43542.JPG
Wooden Candy Cane Hanger w/Snowflake,WXF43280,,,In Stock,,,,,,6,6.95,24,6.25,48,5.65,6,WingTai400,WingTai160,https://wingtai.solovue.com/images/products/list/desktop/WXF43280.JPG,WXF43280.JPG,,,WingTai800,WXF43280.JPG
Thick Star Hanger,WXI59563,,,Out of Stock Sep 19,,,,,,4,9.99,8,8.99,16,8.29,4,WingTai400,WingTai160,https://wingtai.solovue.com/images/products/list/desktop/WXI59563.JPG,WXI59563.JPG,,,WingTai800,WXI59563.JPG
3-Tree/Deer Puzzle Block,WXI59N056,,,In Stock,,,,,,2,17.99,4,15.99,8,13.99,2,WingTai400,WingTai160,https://wingtai.solovue.com/images/products/list/desktop/WXI59N056.JPG,WXI59N056.JPG,,,WingTai800,WXI59N056.JPG
,,,,,,,,,,,,,,,,,WingTai400,WingTai160,http://www.wtcollectionshowroom.com/store/media/noimage.jpg,noimage.jpg,,,WingTai800,noimage.jpg
