Large Star Candle Holder,TMA1484LG,,,In Stock,,,,,,4,14.99,24,13.99,48,12.99,4,WingTai400,WingTai160,https://wingtai.solovue.com/images/products/list/desktop/TMA1484LG.JPG,TMA1484LG.JPG,,,WingTai800,TMA1484LG.JPG
Cream LED Taper with Timer,TWA0499T-CR,,,In Stock,,,,,,12,3.99,120,3.49,240,3.29,12,WingTai400,WingTai160,https://wingtai.solovue.com/images/products/list/desktop/TWA0499T-CR.JPG,TWA0499T-CR.JPG,,,WingTai800,TWA0499T-CR.JPG
Large Metal Pumpkin w/Candle Holder,TMF1588LG,,,In Stock,,,,,,4,11.99,24,10.49,48,9.79,4,WingTai400,WingTai160,https://wingtai.solovue.com/images/products/list/desktop/TMF1588LG.JPG,TMF1588LG.JPG,,,WingTai800,TMF1588LG.JPG
Candy Cane Burlap Snowman,TDX3351,,,In Stock,,,,,,3,13.9,7,13.9,14,13.9,3,WingTai400,WingTai160,https://wingtai.solovue.com/images/products/list/desktop/TDX3351.JPG,TDX3351.JPG,,,WingTai800,TDX3351.JPG
Little Mummy,TDF3263,,,In Stock,,,,,,4,17.95,12,15.95,24,14.95,4,WingTai400,WingTai160,https://wingtai.solovue.com/images/products/list/desktop/TDF3263.JPG,TDF3263.JPG,,,WingTai800,TDF3263.JPG
Tall Metal Stake,TMX49800LG,,,In Stock,,,,,,8,1.97,24,1.97,48,1.97,8,WingTai400,WingTai160,https://wingtai.solovue.com/images/products/list/desktop/TMX49800LG.JPG,TMX49800LG.JPG,,,WingTai800,TMX49800LG.JPG
Abominable Snowman - TS,TDX49442,,,In Stock,,,,,,2,24.99,6,21.99,12,19.99,2,WingTai400,WingTai160,https://wingtai.solovue.com/images/products/list/desktop/TDX49442.JPG,TDX49442.JPG,,,WingTai800,TDX49442.JPG
Chelsea Incandescent Edison Bulb (E26,TLA54483,,,In Stock,,,,,,6,1.57,50,1.57,100,1.57,6,WingTai400,WingTai160,https://wingtai.solovue.com/images/products/list/desktop/TLA54483.JPG,TLA54483.JPG,,,WingTai800,TLA54483.JPG
Glass Lighted Snowman,TMX5913,,,In Stock,,,,,,6,15.97,12,15.97,24,15.97,6,WingTai400,WingTai160,https://wingtai.solovue.com/images/products/list/desktop/TMX5913.JPG,TMX5913.JPG,,,WingTai800,TMX5913.JPG
Large Burlap Vine Ball - 6.5 in,FX59755LG,,,In Stock,,,,,,6,2.39,40,2.39,60,2.39,6,WingTai400,WingTai160,https://wingtai.solovue.com/images/products/list/desktop/FX59755LG.JPG,FX59755LG.JPG,,,WingTai800,FX59755LG.JPG
Mason Jar Chalkboard,TWA5605,,,In Stock,,,,,,4,9.97,12,9.97,24,9.97,4,WingTai400,WingTai160,https://wingtai.solovue.com/images/products/list/desktop/TWA5605.JPG,TWA5605.JPG,,,WingTai800,TWA5605.JPG
Bittersweet Garland,FF58385G,,,In Stock,,,,,,4,17.99,16,15.99,32,14.99,4,WingTai400,WingTai160,https://wingtai.solovue.com/images/products/list/desktop/FF58385G.JPG,FF58385G.JPG,,,WingTai800,FF58385G.JPG
Standing Chalk Bird Egg,TWA64650A,,,In Stock,,,,,,6,0.97,36,0.87,72,0.87,6,WingTai400,WingTai160,https://wingtai.solovue.com/images/products/list/desktop/TWA64650A.JPG,TWA64650A.JPG,,,WingTai800,TWA64650A.JPG
Set of 3 Christmas Stocking Ornaments,TDX69355,,,In Stock,,,,,,8,5.99,48,5.29,96,4.99,8,WingTai400,WingTai160,https://wingtai.solovue.com/images/products/list/desktop/TDX69355.JPG,TDX69355.JPG,,,WingTai800,TDX69355.JPG
LED Pumpkin Man w/Witch Shoes - TS,TDF68373,,,In Stock,,,,,,4,22.99,8,19.99,16,18.59,4,WingTai400,WingTai160,https://wingtai.solovue.com/images/products/list/desktop/TDF68373.JPG,TDF68373.JPG,,,WingTai800,TDF68373.JPG
Large Natural Candy Cane,FX69509NA,,,In Stock,,,,,,12,3.49,36,2.99,72,2.79,12,WingTai400,WingTai160,https://wingtai.solovue.com/images/products/list/desktop/FX69509NA.JPG,FX69509NA.JPG,,,WingTai800,FX69509NA.JPG
Top Hat Snowman Head,TDX69807,,,In Stock,,,,,,6,5.99,36,5.29,72,4.99,6,WingTai400,WingTai160,https://wingtai.solovue.com/images/products/list/desktop/TDX69807.JPG,TDX69807.JPG,,,WingTai800,TDX69807.JPG
Small Black Top Hat,FX69428,,,In Stock,,,,,,6,6.99,24,6.19,48,5.79,6,WingTai400,WingTai160,https://wingtai.solovue.com/images/products/list/desktop/FX69428.JPG,FX69428.JPG,,,WingTai800,FX69428.JPG
Large Round Snowman LED Candle - TS,TLX69448,,,In Stock,,,,,,6,12.99,12,11.99,24,10.99,6,WingTai400,WingTai160,https://wingtai.solovue.com/images/products/list/desktop/TLX69448.JPG,TLX69448.JPG,,,WingTai800,TLX69448.JPG
Slender Brown LED Flicker Pillar,TLA74203BR-8T,,,In Stock,,,,,,6,11.99,24,10.59,48,9.99,6,WingTai400,WingTai160,https://wingtai.solovue.com/images/products/list/desktop/TLA74203BR-8T.JPG,TLA74203BR-8T.JPG,,,WingTai800,TLA74203BR-8T.JPG
Candy Corn LED Pillar,TLF75004,,,In Stock,,,,,,12,7.95,24,7.25,36,6.55,12,WingTai400,WingTai160,https://wingtai.solovue.com/images/products/list/desktop/TLF75004.JPG,TLF75004.JPG,,,WingTai800,TLF75004.JPG
Large Jack O'Lantern Round LED Candle - TS,TLF75006,,,In Stock,,,,,,6,11.99,12,10.49,24,9.79,6,WingTai400,WingTai160,https://wingtai.solovue.com/images/products/list/desktop/TLF75006.JPG,TLF75006.JPG,,,WingTai800,TLF75006.JPG
Set of 2 Candy Corn,TDF75325,,,Out of Stock,,,,,,8,5.49,40,4.79,80,4.49,8,WingTai400,WingTai160,https://wingtai.solovue.com/images/products/list/desktop/TDF75325.JPG,TDF75325.JPG,,,WingTai800,TDF75325.JPG
Santa Hat Candy Cane Snowman,TDX76330,,,In Stock,,,,,,3,17.99,12,15.99,24,14.99,3,WingTai400,WingTai160,https://wingtai.solovue.com/images/products/list/desktop/TDX76330.JPG,TDX76330.JPG,,,WingTai800,TDX76330.JPG
Large Bittersweet Candle Ring,FF58385CLL,,,In Stock,,,,,,6,7.99,30,7.29,60,6.79,6,WingTai400,WingTai160,https://wingtai.solovue.com/images/products/list/desktop/FF58385CLL.JPG,FF58385CLL.JPG,,,WingTai800,FF58385CLL.JPG
Large Blizzard Pine Tree,FX76422-14,,,Out of Stock,,,,,,6,4.99,30,4.69,60,4.39,6,WingTai400,WingTai160,https://wingtai.solovue.com/images/products/list/desktop/FX76422-14.JPG,FX76422-14.JPG,,,WingTai800,FX76422-14.JPG
Rustic Vintage Square Lamp,TMA74475,,,In Stock,,,,,,4,11.47,8,11.47,16,11.47,4,WingTai400,WingTai160,https://wingtai.solovue.com/images/products/list/desktop/TMA74475.JPG,TMA74475.JPG,,,WingTai800,TMA74475.JPG
Peppergrass Pick,FA87545B,,,In Stock,,,,,,24,2.95,72,2.65,120,2.35,24,WingTai400,WingTai160,https://wingtai.solovue.com/images/products/list/desktop/FA87545B.JPG,FA87545B.JPG,,,WingTai800,FA87545B.JPG
Peppergrass Candle Ring,FA87545CL,,,In Stock,,,,,,6,5.99,30,5.39,60,4.99,6,WingTai400,WingTai160,https://wingtai.solovue.com/images/products/list/desktop/FA87545CL.JPG,FA87545CL.JPG,,,WingTai800,FA87545CL.JPG
Peppergrass Tiny Candle Ring,FA87545CSS,,,In Stock,,,,,,12,1.75,72,1.45,144,1.35,12,WingTai400,WingTai160,https://wingtai.solovue.com/images/products/list/desktop/FA87545CSS.JPG,FA87545CSS.JPG,,,WingTai800,FA87545CSS.JPG
Bicycle Pillow,TDA87316,,,In Stock,,,,,,6,2.97,12,2.97,24,2.97,6,WingTai400,WingTai160,https://wingtai.solovue.com/images/products/list/desktop/TDA87316.JPG,TDA87316.JPG,,,WingTai800,TDA87316.JPG
Rustic Pitcher,TMA87201,,,Out of Stock,,,,,,4,14.99,8,13.99,16,12.99,4,WingTai400,WingTai160,https://wingtai.solovue.com/images/products/list/desktop/TMA87201.JPG,TMA87201.JPG,,,WingTai800,TMA87201.JPG
Large Jack O'Lantern LED Pillar,TLF88143T,,,In Stock,,,,,,12,9.99,24,9.29,48,8.59,12,WingTai400,WingTai160,https://wingtai.solovue.com/images/products/list/desktop/TLF88143T.JPG,TLF88143T.JPG,,,WingTai800,TLF88143T.JPG
Medium Jack O'Lantern LED Pillar - TS,TLF88144T,,,In Stock,,,,,,12,8.99,24,8.29,48,7.59,12,WingTai400,WingTai160,https://wingtai.solovue.com/images/products/list/desktop/TLF88144T.JPG,TLF88144T.JPG,,,WingTai800,TLF88144T.JPG
Pack of 4 Rustic Open Maple Leaf Ornaments,TMF88497RU,,,In Stock,,,,,,4,2.97,24,2.97,48,2.97,4,WingTai400,WingTai160,https://wingtai.solovue.com/images/products/list/desktop/TMF88497RU.JPG,TMF88497RU.JPG,,,WingTai800,TMF88497RU.JPG
S/3 Angora Bunny Heads,DAQ94225-3S,,,In Stock,,,,,,4,14.95,20,13.95,40,12.95,4,WingTai400,WingTai160,https://wingtai.solovue.com/images/products/list/desktop/DAQ94225-3S.JPG,DAQ94225-3S.JPG,,,WingTai800,DAQ94225-3S.JPG
White Floral Candle Ring,FAQ94611CL,,,In Stock,,,,,,12,3.97,36,3.97,72,3.97,12,WingTai400,WingTai160,https://wingtai.solovue.com/images/products/list/desktop/FAQ94611CL.JPG,FAQ94611CL.JPG,,,WingTai800,FAQ94611CL.JPG
White Floral Dripping Garland,FAQ94611DB,,,In Stock,,,,,,4,12.99,12,11.99,24,10.99,4,WingTai400,WingTai160,https://wingtai.solovue.com/images/products/list/desktop/FAQ94611DB.JPG,FAQ94611DB.JPG,,,WingTai800,FAQ94611DB.JPG
White Floral Garland,FAQ94611G,,,In Stock,,,,,,4,13.95,12,12.95,24,11.95,4,WingTai400,WingTai160,https://wingtai.solovue.com/images/products/list/desktop/FAQ94611G.JPG,FAQ94611G.JPG,,,WingTai800,FAQ94611G.JPG
Tan Votive LED,LAS94428,,,In Stock,,,,,,24,5.49,48,4.79,72,4.29,24,WingTai400,WingTai160,https://wingtai.solovue.com/images/products/list/desktop/LAS94428.JPG,LAS94428.JPG,,,WingTai800,LAS94428.JPG
Tan Votive LED,LAS94430,,,In Stock,,,,,,24,3.99,48,3.59,96,3.39,24,WingTai400,WingTai160,https://wingtai.solovue.com/images/products/list/desktop/LAS94430.JPG,LAS94430.JPG,,,WingTai800,LAS94430.JPG
Gray Votive LED,LAS94431,,,In Stock,,,,,,24,5.49,48,4.79,72,4.29,24,WingTai400,WingTai160,https://wingtai.solovue.com/images/products/list/desktop/LAS94431.JPG,LAS94431.JPG,,,WingTai800,LAS94431.JPG
Country Star Projection Candle with Timer,LXS89722,,,In Stock,,,,,,4,3.97,20,3.97,40,3.97,4,WingTai400,WingTai160,https://wingtai.solovue.com/images/products/list/desktop/LXS89722.JPG,LXS89722.JPG,,,WingTai800,LXS89722.JPG
Farm House Sign,MAF94062,,,In Stock,,,,,,4,16.99,8,14.99,12,13.99,4,WingTai400,WingTai160,https://wingtai.solovue.com/images/products/list/desktop/MAF94062.JPG,MAF94062.JPG,,,WingTai800,MAF94062.JPG
Spiky Galvanized Daisy,MAF94252,,,In Stock,,,,,,5,4.99,20,4.49,40,3.99,5,WingTai400,WingTai160,https://wingtai.solovue.com/images/products/list/desktop/MAF94252.JPG,MAF94252.JPG,,,WingTai800,MAF94252.JPG
Metal Standing Turkey,MMF95323,,,In Stock,,,,,,4,14.99,8,13.99,12,12.99,4,WingTai400,WingTai160,https://wingtai.solovue.com/images/products/list/desktop/MMF95323.JPG,MMF95323.JPG,,,WingTai800,MMF95323.JPG
Blessed Flower Box,WAF94012,,,In Stock,,,,,,4,6.99,12,6.19,24,5.79,4,WingTai400,WingTai160,https://wingtai.solovue.com/images/products/list/desktop/WAF94012.JPG,WAF94012.JPG,,,WingTai800,WAF94012.JPG
Wooden Picture Frame with Flower,WAF94054,,,In Stock,,,,,,4,15.99,12,13.99,24,12.99,4,WingTai400,WingTai160,https://wingtai.solovue.com/images/products/list/desktop/WAF94054.JPG,WAF94054.JPG,,,WingTai800,WAF94054.JPG
S/3 Wood Boxes,WAF94260,,,In Stock,,,,,,4,24.99,8,21.99,16,19.99,4,WingTai400,WingTai160,https://wingtai.solovue.com/images/products/list/desktop/WAF94260.JPG,WAF94260.JPG,,,WingTai800,WAF94260.JPG
Wood Artichoke Wall Plaque,WAN94946,,,In Stock,,,,,,4,15.99,8,13.99,16,12.99,4,WingTai400,WingTai160,https://wingtai.solovue.com/images/products/list/desktop/WAN94946.JPG,WAN94946.JPG,,,WingTai800,WAN94946.JPG
Rusty Cream Metal Truck,MAF94353B,,,In Stock,,,,,,2,32.99,4,29.99,8,27.99,2,WingTai400,WingTai160,https://wingtai.solovue.com/images/products/list/desktop/MAF94353B.JPG,MAF94353B.JPG,,,WingTai800,MAF94353B.JPG
Santa Hat Lodge Snowman,DXQ96222,,,In Stock,,,,,,4,16.99,12,15.99,24,14.99,4,WingTai400,WingTai160,https://wingtai.solovue.com/images/products/list/desktop/DXQ96222.JPG,DXQ96222.JPG,,,WingTai800,DXQ96222.JPG
Green Plaid Snowhead Wine Topper,DXQ96436,,,In Stock,,,,,,5,5.99,15,5.49,30,4.99,5,WingTai400,WingTai160,https://wingtai.solovue.com/images/products/list/desktop/DXQ96436.JPG,DXQ96436.JPG,,,WingTai800,DXQ96436.JPG
Small Top Hat Snowman,DXQ96440,,,In Stock,,,,,,24,1.51,60,1.51,120,1.51,24,WingTai400,WingTai160,https://wingtai.solovue.com/images/products/list/desktop/DXQ96440.JPG,DXQ96440.JPG,,,WingTai800,DXQ96440.JPG
Candy Cane Snowman Head,DXQ96532,,,In Stock,,,,,,16,1.75,30,1.75,60,1.75,16,WingTai400,WingTai160,https://wingtai.solovue.com/images/products/list/desktop/DXQ96532.JPG,DXQ96532.JPG,,,WingTai800,DXQ96532.JPG
Oak and Acorn Candle Ring,FFQ95667CSS,,,In Stock,,,,,,24,2.95,72,2.75,144,2.55,24,WingTai400,WingTai160,https://wingtai.solovue.com/images/products/list/desktop/FFQ95667CSS.JPG,FFQ95667CSS.JPG,,,WingTai800,FFQ95667CSS.JPG
Set of 2 Orange Pumpkins,FFQ95768-2S,,,Out of Stock,,,,,,12,2.99,48,2.79,96,2.59,12,WingTai400,WingTai160,https://wingtai.solovue.com/images/products/list/desktop/FFQ95768-2S.JPG,FFQ95768-2S.JPG,,,WingTai800,FFQ95768-2S.JPG
Set of 2 Red and Galvanized Mistletoe Bells,MXF96514-2S,,,In Stock,,,,,,4,9.67,8,9.67,16,9.67,4,WingTai400,WingTai160,https://wingtai.solovue.com/images/products/list/desktop/MXF96514-2S.JPG,MXF96514-2S.JPG,,,WingTai800,MXF96514-2S.JPG
S/2 White Metal Trays,MXF96806,,,In Stock,,,,,,4,17.99,12,15.99,24,14.99,4,WingTai400,WingTai160,https://wingtai.solovue.com/images/products/list/desktop/MXF96806.JPG,MXF96806.JPG,,,WingTai800,MXF96806.JPG
Short White Rim Gray Pottery Pitcher,PAF07042,,,Out of Stock,,,,,,6,11.99,12,10.99,24,9.99,6,WingTai400,WingTai160,https://wingtai.solovue.com/images/products/list/desktop/PAF07042.JPG,PAF07042.JPG,,,WingTai800,PAF07042.JPG
Small Birch Poinsettia,FXQ96726B-5,,,Out of Stock,,,,,,24,1.95,72,1.75,144,1.55,24,WingTai400,WingTai160,https://wingtai.solovue.com/images/products/list/desktop/FXQ96726B-5.JPG,FXQ96726B-5.JPG,,,WingTai800,FXQ96726B-5.JPG
Small Cranberry Check Poinsettia,FXQ96760-4,,,In Stock,,,,,,24,0.97,72,0.97,144,0.97,24,WingTai400,WingTai160,https://wingtai.solovue.com/images/products/list/desktop/FXQ96760-4.JPG,FXQ96760-4.JPG,,,WingTai800,FXQ96760-4.JPG
Snowflake Cotton Pick,FXQ96778B,,,In Stock,,,,,,12,2.97,72,2.97,144,2.97,12,WingTai400,WingTai160,https://wingtai.solovue.com/images/products/list/desktop/FXQ96778B.JPG,FXQ96778B.JPG,,,WingTai800,FXQ96778B.JPG
White Votive LED,LAS07196T,,,In Stock,,,,,,24,4.99,48,4.49,96,3.99,24,WingTai400,WingTai160,https://wingtai.solovue.com/images/products/list/desktop/LAS07196T.JPG,LAS07196T.JPG,,,WingTai800,LAS07196T.JPG
White Votive LED,LAS07197T,,,In Stock,,,,,,24,5.29,48,4.69,72,4.29,24,WingTai400,WingTai160,https://wingtai.solovue.com/images/products/list/desktop/LAS07197T.JPG,LAS07197T.JPG,,,WingTai800,LAS07197T.JPG
Happy Place LED Pillar,LAS07224T,,,In Stock,,,,,,6,9.55,12,8.45,24,7.95,6,WingTai400,WingTai160,https://wingtai.solovue.com/images/products/list/desktop/LAS07224T.JPG,LAS07224T.JPG,,,WingTai800,LAS07224T.JPG
Polka Dot Bunny with Daisy,DAQ07276,,,In Stock,,,,,,4,5.97,12,5.97,24,5.97,4,WingTai400,WingTai160,https://wingtai.solovue.com/images/products/list/desktop/DAQ07276.JPG,DAQ07276.JPG,,,WingTai800,DAQ07276.JPG
Whitewashed Antique Truck,MAF07161,,,In Stock,,,,,,2,22.99,6,20.99,12,18.99,2,WingTai400,WingTai160,https://wingtai.solovue.com/images/products/list/desktop/MAF07161.JPG,MAF07161.JPG,,,WingTai800,MAF07161.JPG
Cream Dotted Cookie Jar,PAF07058,,,In Stock,,,,,,4,23.99,8,21.99,12,19.99,4,WingTai400,WingTai160,https://wingtai.solovue.com/images/products/list/desktop/PAF07058.JPG,PAF07058.JPG,,,WingTai800,PAF07058.JPG
Glazed Earthen Lamp,PAF07056,,,In Stock,,,,,,2,26.99,6,23.99,12,19.99,2,WingTai400,WingTai160,https://wingtai.solovue.com/images/products/list/desktop/PAF07056.JPG,PAF07056.JPG,,,WingTai800,PAF07056.JPG
S/2 Square Planters,MAF07084,,,In Stock,,,,,,2,32.99,4,29.99,8,26.99,2,WingTai400,WingTai160,https://wingtai.solovue.com/images/products/list/desktop/MAF07084.JPG,MAF07084.JPG,,,WingTai800,MAF07084.JPG
Large Old Town Wall Clock - TS,WAF07902,,,In Stock,,,,,,1,89.99,2,79.99,4,72.99,1,WingTai400,WingTai160,https://wingtai.solovue.com/images/products/list/desktop/WAF07902.JPG,WAF07902.JPG,,,WingTai800,WAF07902.JPG
6.5 in Vintage Christmas Candle Ring,FXQ09755CLL,,,Out of Stock,,,,,,4,12.95,12,11.95,24,10.95,4,WingTai400,WingTai160,https://wingtai.solovue.com/images/products/list/desktop/FXQ09755CLL.JPG,FXQ09755CLL.JPG,,,WingTai800,FXQ09755CLL.JPG
Vintage Pick,FXQ09755B-12,,,In Stock,,,,,,12,1.4,30,1.4,60,1.4,12,WingTai400,WingTai160,https://wingtai.solovue.com/images/products/list/desktop/FXQ09755B-12.JPG,FXQ09755B-12.JPG,,,WingTai800,FXQ09755B-12.JPG
Noel Christmas Hanger,WXQ09715,,,In Stock,,,,,,24,1.4,60,1.4,120,1.4,24,WingTai400,WingTai160,https://wingtai.solovue.com/images/products/list/desktop/WXQ09715.JPG,WXQ09715.JPG,,,WingTai800,WXQ09715.JPG
Joy Christmas Hanger,WXQ09717,,,In Stock,,,,,,24,1.05,36,1.05,72,1.05,24,WingTai400,WingTai160,https://wingtai.solovue.com/images/products/list/desktop/WXQ09717.JPG,WXQ09717.JPG,,,WingTai800,WXQ09717.JPG
Joy and Noel Pick,WXQ09718,,,In Stock,,,,,,12,3.95,36,3.65,72,3.35,12,WingTai400,WingTai160,https://wingtai.solovue.com/images/products/list/desktop/WXQ09718.JPG,WXQ09718.JPG,,,WingTai800,WXQ09718.JPG
Rooster Galvanized Bucket,MAF07698,,,In Stock,,,,,,4,15.95,12,13.95,24,12.95,4,WingTai400,WingTai160,https://wingtai.solovue.com/images/products/list/desktop/MAF07698.JPG,MAF07698.JPG,,,WingTai800,MAF07698.JPG
Love White Bottle with Flower,GAQ07785,,,In Stock,,,,,,6,3.99,12,3.59,24,3.39,6,WingTai400,WingTai160,https://wingtai.solovue.com/images/products/list/desktop/GAQ07785.JPG,GAQ07785.JPG,,,WingTai800,GAQ07785.JPG
Whitewashed Box Tray,MAF07640,,,In Stock,,,,,,3,11.99,15,10.99,30,9.99,3,WingTai400,WingTai160,https://wingtai.solovue.com/images/products/list/desktop/MAF07640.JPG,MAF07640.JPG,,,WingTai800,MAF07640.JPG
4 Asst Poppy Picks,FAQ07800-4A,,,In Stock,,,,,,24,4.29,144,3.79,288,3.39,24,WingTai400,WingTai160,https://wingtai.solovue.com/images/products/list/desktop/FAQ07800-4A.JPG,FAQ07800-4A.JPG,,,WingTai800,FAQ07800-4A.JPG
Large White Open Round Lantern - TS,MXF09096,,,In Stock,,,,,,4,22.99,8,20.99,12,18.99,4,WingTai400,WingTai160,https://wingtai.solovue.com/images/products/list/desktop/MXF09096.JPG,MXF09096.JPG,,,WingTai800,MXF09096.JPG
Small White Open Round Lantern - TS,MXF09097,,,In Stock,,,,,,6,17.99,12,15.99,18,14.99,6,WingTai400,WingTai160,https://wingtai.solovue.com/images/products/list/desktop/MXF09097.JPG,MXF09097.JPG,,,WingTai800,MXF09097.JPG
3 Stack Pumpkin Doll,DFQ08237,,,In Stock,,,,,,6,8.95,24,7.95,48,7.35,6,WingTai400,WingTai160,https://wingtai.solovue.com/images/products/list/desktop/DFQ08237.JPG,DFQ08237.JPG,,,WingTai800,DFQ08237.JPG
2 Stack Pumpkin Doll,DFQ08238,,,In Stock,,,,,,6,6.99,30,6.19,60,5.79,6,WingTai400,WingTai160,https://wingtai.solovue.com/images/products/list/desktop/DFQ08238.JPG,DFQ08238.JPG,,,WingTai800,DFQ08238.JPG
Hello Fall Small Candy Corn,DFQ08498,,,In Stock,,,,,,12,3.25,48,2.85,96,2.65,12,WingTai400,WingTai160,https://wingtai.solovue.com/images/products/list/desktop/DFQ08498.JPG,DFQ08498.JPG,,,WingTai800,DFQ08498.JPG
"Set of 12 Santa Ornaments (6 styles, 2 each); Tray included",DXF09939-12S,,,In Stock,,,,,,2,32.99,12,28.99,24,26.99,2,WingTai400,WingTai160,https://wingtai.solovue.com/images/products/list/desktop/DXF09939-12S.JPG,DXF09939-12S.JPG,,,WingTai800,DXF09939-12S.JPG
Lodge Scarf Chumley Snowman,DXQ09462,,,In Stock,,,,,,6,10.95,30,9.95,60,9.25,6,WingTai400,WingTai160,https://wingtai.solovue.com/images/products/list/desktop/DXQ09462.JPG,DXQ09462.JPG,,,WingTai800,DXQ09462.JPG
Plaid Scarf and Earmuff Snowman,DXQ09466,,,In Stock,,,,,,6,9.95,18,9.25,36,8.55,6,WingTai400,WingTai160,https://wingtai.solovue.com/images/products/list/desktop/DXQ09466.JPG,DXQ09466.JPG,,,WingTai800,DXQ09466.JPG
Dark Candy Cane Rope,DXQ09481,,,In Stock,,,,,,36,1.04,72,1.04,144,1.04,36,WingTai400,WingTai160,https://wingtai.solovue.com/images/products/list/desktop/DXQ09481.JPG,DXQ09481.JPG,,,WingTai800,DXQ09481.JPG
Blue Pansy Pick,FFQ08864B-19,,,In Stock,,,,,,12,6.29,60,5.49,120,4.99,12,WingTai400,WingTai160,https://wingtai.solovue.com/images/products/list/desktop/FFQ08864B-19.JPG,FFQ08864B-19.JPG,,,WingTai800,FFQ08864B-19.JPG
Juniper and Red Berry Garland,FXQ09877G,,,In Stock,,,,,,6,10.95,24,9.95,48,9.25,6,WingTai400,WingTai160,https://wingtai.solovue.com/images/products/list/desktop/FXQ09877G.JPG,FXQ09877G.JPG,,,WingTai800,FXQ09877G.JPG
Jack O'Lantern Votive Pillar,LFS08436T,,,Out of Stock,,,,,,24,5.99,48,5.29,72,4.99,24,WingTai400,WingTai160,https://wingtai.solovue.com/images/products/list/desktop/LFS08436T.JPG,LFS08436T.JPG,,,WingTai800,LFS08436T.JPG
White Frosty Taper,LXS09217T,,,In Stock,,,,,,24,1.16,120,1.16,240,1.16,24,WingTai400,WingTai160,https://wingtai.solovue.com/images/products/list/desktop/LXS09217T.JPG,LXS09217T.JPG,,,WingTai800,LXS09217T.JPG
White Frosty Pillar,LXS09221T,,,In Stock,,,,,,12,9.95,24,8.75,48,8.15,12,WingTai400,WingTai160,https://wingtai.solovue.com/images/products/list/desktop/LXS09221T.JPG,LXS09221T.JPG,,,WingTai800,LXS09221T.JPG
Tall Candy Cane Votive Pillar,LXS09434T,,,In Stock,,,,,,24,6.19,48,5.49,72,4.99,24,WingTai400,WingTai160,https://wingtai.solovue.com/images/products/list/desktop/LXS09434T.JPG,LXS09434T.JPG,,,WingTai800,LXS09434T.JPG
Galvanized Truck with Wood Bed,MFF08987,,,In Stock,,,,,,2,32.95,4,29.95,8,27.95,2,WingTai400,WingTai160,https://wingtai.solovue.com/images/products/list/desktop/MFF08987.JPG,MFF08987.JPG,,,WingTai800,MFF08987.JPG
S/2 Galvanized Pyramid Open Lanterns,MXF09290-2S,,,In Stock,,,,,,4,29.95,8,26.95,12,24.95,4,WingTai400,WingTai160,https://wingtai.solovue.com/images/products/list/desktop/MXF09290-2S.JPG,MXF09290-2S.JPG,,,WingTai800,MXF09290-2S.JPG
Burgundy Bell,MXF09535-6.5,,,Out of Stock,,,,,,8,12.99,,,,,8,WingTai400,WingTai160,https://wingtai.solovue.com/images/products/list/desktop/MXF09535-6.5.JPG,MXF09535-6.5.JPG,,,WingTai800,MXF09535-6.5.JPG
Burgundy Bell,MXF09535-8,,,In Stock,,,,,,6,16.99,12,15.99,24,14.99,6,WingTai400,WingTai160,https://wingtai.solovue.com/images/products/list/desktop/MXF09535-8.JPG,MXF09535-8.JPG,,,WingTai800,MXF09535-8.JPG
Cream Bell,MXF09536-3.5,,,In Stock,,,,,,36,3.99,,,,,36,WingTai400,WingTai160,https://wingtai.solovue.com/images/products/list/desktop/MXF09536-3.5.JPG,MXF09536-3.5.JPG,,,WingTai800,MXF09536-3.5.JPG
Set of 2 Whitewashed Sleighs,MXF09539-2S,,,In Stock,,,,,,2,65.99,4,59.99,8,54.99,2,WingTai400,WingTai160,https://wingtai.solovue.com/images/products/list/desktop/MXF09539-2S.JPG,MXF09539-2S.JPG,,,WingTai800,MXF09539-2S.JPG
Set of 2 Sleeve Trees,MXF09655-2S,,,In Stock,,,,,,6,7.47,12,7.47,24,7.47,6,WingTai400,WingTai160,https://wingtai.solovue.com/images/products/list/desktop/MXF09655-2S.JPG,MXF09655-2S.JPG,,,WingTai800,MXF09655-2S.JPG
Set of 2 Have Yourself…Oval Buckets,MXF09921-2S,,,In Stock,,,,,,8,5.95,12,5.95,24,5.95,8,WingTai400,WingTai160,https://wingtai.solovue.com/images/products/list/desktop/MXF09921-2S.JPG,MXF09921-2S.JPG,,,WingTai800,MXF09921-2S.JPG
Small Christmas Truck,MXF09976,,,In Stock,,,,,,6,12.99,12,11.99,24,10.99,6,WingTai400,WingTai160,https://wingtai.solovue.com/images/products/list/desktop/MXF09976.JPG,MXF09976.JPG,,,WingTai800,MXF09976.JPG
Pack of 6 Candy Canes,MXQ09470,,,In Stock,,,,,,24,2.79,30,2.79,60,2.79,24,WingTai400,WingTai160,https://wingtai.solovue.com/images/products/list/desktop/MXQ09470.JPG,MXQ09470.JPG,,,WingTai800,MXQ09470.JPG
Pack of 6 Candy Canes,MXQ09471,,,In Stock,,,,,,12,6.95,60,6.45,120,5.95,12,WingTai400,WingTai160,https://wingtai.solovue.com/images/products/list/desktop/MXQ09471.JPG,MXQ09471.JPG,,,WingTai800,MXQ09471.JPG
Cranberry Snowman Wine Topper,TDX09367,,,In Stock,,,,,,8,5.97,48,5.97,96,5.97,8,WingTai400,WingTai160,https://wingtai.solovue.com/images/products/list/desktop/TDX09367.JPG,TDX09367.JPG,,,WingTai800,TDX09367.JPG
Set of 3 Lodge Tag Ornaments,WXF09904-3S,,,In Stock,,,,,,6,8.95,12,8.25,48,7.55,6,WingTai400,WingTai160,https://wingtai.solovue.com/images/products/list/desktop/WXF09904-3S.JPG,WXF09904-3S.JPG,,,WingTai800,WXF09904-3S.JPG
4 Asst Daisy Hat Gnomes,DAQ11204-4A,,,In Stock,,,,,,12,2.97,36,2.97,72,2.97,12,WingTai400,WingTai160,https://wingtai.solovue.com/images/products/list/desktop/DAQ11204-4A.JPG,DAQ11204-4A.JPG,,,WingTai800,DAQ11204-4A.JPG
Large Gnome Rabbit with Hat,DAQ11207,,,In Stock,,,,,,4,15.95,12,13.95,24,12.95,4,WingTai400,WingTai160,https://wingtai.solovue.com/images/products/list/desktop/DAQ11207.JPG,DAQ11207.JPG,,,WingTai800,DAQ11207.JPG
Light Blue Striped Pillow,DAQ11222,,,In Stock,,,,,,6,11.95,15,10.95,30,9.95,6,WingTai400,WingTai160,https://wingtai.solovue.com/images/products/list/desktop/DAQ11222.JPG,DAQ11222.JPG,,,WingTai800,DAQ11222.JPG
"Blue, White_Sage Wreath",FAQ11327W,,,In Stock,,,,,,4,19.95,8,17.95,16,16.95,4,WingTai400,WingTai160,https://wingtai.solovue.com/images/products/list/desktop/FAQ11327W.JPG,FAQ11327W.JPG,,,WingTai800,FAQ11327W.JPG
Yellow Daisy Candle Ring,FAQ11344CL,,,In Stock,,,,,,6,5.99,30,5.29,60,4.99,6,WingTai400,WingTai160,https://wingtai.solovue.com/images/products/list/desktop/FAQ11344CL.JPG,FAQ11344CL.JPG,,,WingTai800,FAQ11344CL.JPG
Yellow Daisy Candle Ring,FAQ11344CS,,,Out of Stock,,,,,,24,2.99,72,2.69,120,2.49,24,WingTai400,WingTai160,https://wingtai.solovue.com/images/products/list/desktop/FAQ11344CS.JPG,FAQ11344CS.JPG,,,WingTai800,FAQ11344CS.JPG
Large Glass Vase with Metal Handle,GAS11195,,,In Stock,,,,,,6,13.99,12,12.99,24,11.99,6,WingTai400,WingTai160,https://wingtai.solovue.com/images/products/list/desktop/GAS11195.JPG,GAS11195.JPG,,,WingTai800,GAS11195.JPG
Small Glass Vase with Metal Handle,GAS11196,,,In Stock,,,,,,4,7.99,12,6.99,24,6.59,4,WingTai400,WingTai160,https://wingtai.solovue.com/images/products/list/desktop/GAS11196.JPG,GAS11196.JPG,,,WingTai800,GAS11196.JPG
4 inch Honeycomb LED Pillar,LAS11219T,,,In Stock,,,,,,12,11.99,24,10.99,48,9.99,12,WingTai400,WingTai160,https://wingtai.solovue.com/images/products/list/desktop/LAS11219T.JPG,LAS11219T.JPG,,,WingTai800,LAS11219T.JPG
6 inch Honeycomb LED Pillar,LAS11220T,,,In Stock,,,,,,6,12.99,18,11.99,36,10.99,6,WingTai400,WingTai160,https://wingtai.solovue.com/images/products/list/desktop/LAS11220T.JPG,LAS11220T.JPG,,,WingTai800,LAS11220T.JPG
Gray Metal Milk Jar,MAF11139,,,Out of Stock,,,,,,4,12.99,12,10.99,24,9.99,4,WingTai400,WingTai160,https://wingtai.solovue.com/images/products/list/desktop/MAF11139.JPG,MAF11139.JPG,,,WingTai800,MAF11139.JPG
Galvanized Wall Pocket with Yellow Flower,MAF11142,,,In Stock,,,,,,4,7.95,12,6.95,24,6.55,4,WingTai400,WingTai160,https://wingtai.solovue.com/images/products/list/desktop/MAF11142.JPG,MAF11142.JPG,,,WingTai800,MAF11142.JPG
S/2 Vintage Plastered Crescent Wall Pockets,MAF11145-2S,,,In Stock,,,,,,2,17.97,4,17.97,8,17.97,2,WingTai400,WingTai160,https://wingtai.solovue.com/images/products/list/desktop/MAF11145-2S.JPG,MAF11145-2S.JPG,,,WingTai800,MAF11145-2S.JPG
S/3 Distressed Cream Metal Jars,MAF11324-3S,,,In Stock,,,,,,2,69.99,4,64.99,8,59.99,2,WingTai400,WingTai160,https://wingtai.solovue.com/images/products/list/desktop/MAF11324-3S.JPG,MAF11324-3S.JPG,,,WingTai800,MAF11324-3S.JPG
Short White Textured Vase,PAF11257,,,In Stock,,,,,,6,5.25,12,4.65,24,4.25,6,WingTai400,WingTai160,https://wingtai.solovue.com/images/products/list/desktop/PAF11257.JPG,PAF11257.JPG,,,WingTai800,PAF11257.JPG
Antique Blue Resin Bird,RAF11078,,,Out of Stock Dec 1,,,,,,12,2.99,36,2.69,72,2.49,12,WingTai400,WingTai160,https://wingtai.solovue.com/images/products/list/desktop/RAF11078.JPG,RAF11078.JPG,,,WingTai800,RAF11078.JPG
Brown_White Resin Flower Pot,RAF11123,,,In Stock,,,,,,4,5.97,12,5.97,24,5.97,4,WingTai400,WingTai160,https://wingtai.solovue.com/images/products/list/desktop/RAF11123.JPG,RAF11123.JPG,,,WingTai800,RAF11123.JPG
Medium White Resin Candlestick,RAF11246,,,In Stock,,,,,,4,15.99,8,13.99,12,12.99,4,WingTai400,WingTai160,https://wingtai.solovue.com/images/products/list/desktop/RAF11246.JPG,RAF11246.JPG,,,WingTai800,RAF11246.JPG
Large White Resin Candlestick,RAF11247,,,In Stock,,,,,,2,19.99,4,17.99,8,16.99,2,WingTai400,WingTai160,https://wingtai.solovue.com/images/products/list/desktop/RAF11247.JPG,RAF11247.JPG,,,WingTai800,RAF11247.JPG
Bless Our Nest Bead Hanger Sign,WAF11308,,,In Stock,,,,,,6,6.49,12,5.79,24,5.39,6,WingTai400,WingTai160,https://wingtai.solovue.com/images/products/list/desktop/WAF11308.JPG,WAF11308.JPG,,,WingTai800,WAF11308.JPG
Large Black Old Town Wall Clock,WAF07902BK,,,In Stock,,,,,,1,89.99,2,79.99,4,72.99,1,WingTai400,WingTai160,https://wingtai.solovue.com/images/products/list/desktop/WAF07902BK.JPG,WAF07902BK.JPG,,,WingTai800,WAF07902BK.JPG
Black Cat Doll,DFQ12286,,,In Stock,,,,,,4,15.99,12,13.99,24,12.99,4,WingTai400,WingTai160,https://wingtai.solovue.com/images/products/list/desktop/DFQ12286.JPG,DFQ12286.JPG,,,WingTai800,DFQ12286.JPG
Set of 12 Gray and Red Plaid Hat Gnomes in Box,DXF13953-12S,,,In Stock,,,,,,2,32.99,6,29.99,12,27.99,2,WingTai400,WingTai160,https://wingtai.solovue.com/images/products/list/desktop/DXF13953-12S.JPG,DXF13953-12S.JPG,,,WingTai800,DXF13953-12S.JPG
2 Asst Gray and White Reindeer,DXF13956-2A,,,In Stock,,,,,,4,9.97,8,9.97,16,9.97,4,WingTai400,WingTai160,https://wingtai.solovue.com/images/products/list/desktop/DXF13956-2A.JPG,DXF13956-2A.JPG,,,WingTai800,DXF13956-2A.JPG
White Sweater Moose,DXF13959,,,In Stock,,,,,,2,21.95,4,19.95,8,18.95,2,WingTai400,WingTai160,https://wingtai.solovue.com/images/products/list/desktop/DXF13959.JPG,DXF13959.JPG,,,WingTai800,DXF13959.JPG
Red Plaid and Snowflake Hat Gnome Tree Topper,DXF13971,,,In Stock,,,,,,8,4.89,8,4.89,16,4.89,8,WingTai400,WingTai160,https://wingtai.solovue.com/images/products/list/desktop/DXF13971.JPG,DXF13971.JPG,,,WingTai800,DXF13971.JPG
Sitting Gray and Red Reindeer,DXF13972,,,In Stock,,,,,,4,18.95,12,17.95,24,16.95,4,WingTai400,WingTai160,https://wingtai.solovue.com/images/products/list/desktop/DXF13972.JPG,DXF13972.JPG,,,WingTai800,DXF13972.JPG
2 Asst Red Hat Santa Gnome Bottle Toppers,DXQ13297-2A,,,In Stock,,,,,,20,3.5,30,3.5,60,3.5,20,WingTai400,WingTai160,https://wingtai.solovue.com/images/products/list/desktop/DXQ13297-2A.JPG,DXQ13297-2A.JPG,,,WingTai800,DXQ13297-2A.JPG
Happy Red and Black Check Burlap Snowman,DXQ13351,,,In Stock,,,,,,3,27.95,9,24.95,18,22.95,3,WingTai400,WingTai160,https://wingtai.solovue.com/images/products/list/desktop/DXQ13351.JPG,DXQ13351.JPG,,,WingTai800,DXQ13351.JPG
2 Asst Happy Snowmen,DXQ13513-2A,,,In Stock,,,,,,10,10.99,30,9.99,60,9.29,10,WingTai400,WingTai160,https://wingtai.solovue.com/images/products/list/desktop/DXQ13513-2A.JPG,DXQ13513-2A.JPG,,,WingTai800,DXQ13513-2A.JPG
2 Asst Little Candy Cane Snowmen,DXQ13582,,,In Stock,,,,,,8,5.25,16,5.25,32,5.25,8,WingTai400,WingTai160,https://wingtai.solovue.com/images/products/list/desktop/DXQ13582.JPG,DXQ13582.JPG,,,WingTai800,DXQ13582.JPG
Green and Tan Plaid Hanging Snowman,DXQ13594,,,In Stock,,,,,,24,1.54,36,1.54,72,1.54,24,WingTai400,WingTai160,https://wingtai.solovue.com/images/products/list/desktop/DXQ13594.JPG,DXQ13594.JPG,,,WingTai800,DXQ13594.JPG
Red and Black Plaid Hanging Snowman,DXQ13595,,,In Stock,,,,,,24,1.4,36,1.4,72,1.4,24,WingTai400,WingTai160,https://wingtai.solovue.com/images/products/list/desktop/DXQ13595.JPG,DXQ13595.JPG,,,WingTai800,DXQ13595.JPG
Maple and Oak Pick,FFQ13675B-24,,,Out of Stock,,,,,,12,3.99,36,3.69,72,3.39,12,WingTai400,WingTai160,https://wingtai.solovue.com/images/products/list/desktop/FFQ13675B-24.JPG,FFQ13675B-24.JPG,,,WingTai800,FFQ13675B-24.JPG
Fall Mums Pick,FFQ13686B-18,,,In Stock,,,,,,12,4.27,36,4.27,72,4.27,12,WingTai400,WingTai160,https://wingtai.solovue.com/images/products/list/desktop/FFQ13686B-18.JPG,FFQ13686B-18.JPG,,,WingTai800,FFQ13686B-18.JPG
Dried Wheat Pick,FFQ13688B-18,,,In Stock,,,,,,24,1.97,48,1.97,72,1.97,24,WingTai400,WingTai160,https://wingtai.solovue.com/images/products/list/desktop/FFQ13688B-18.JPG,FFQ13688B-18.JPG,,,WingTai800,FFQ13688B-18.JPG
Frosted Holly Berry Pick,FXD13530B-18,,,In Stock,,,,,,24,2.09,60,2.09,120,2.09,24,WingTai400,WingTai160,https://wingtai.solovue.com/images/products/list/desktop/FXD13530B-18.JPG,FXD13530B-18.JPG,,,WingTai800,FXD13530B-18.JPG
Frosted Holly Berry Candle Ring,FXD13530CL,,,In Stock,,,,,,24,2.45,60,2.45,120,2.45,24,WingTai400,WingTai160,https://wingtai.solovue.com/images/products/list/desktop/FXD13530CL.JPG,FXD13530CL.JPG,,,WingTai800,FXD13530CL.JPG
Pine and White Berry Pick,FXD13533B-18,,,In Stock,,,,,,24,1.74,72,1.74,144,1.74,24,WingTai400,WingTai160,https://wingtai.solovue.com/images/products/list/desktop/FXD13533B-18.JPG,FXD13533B-18.JPG,,,WingTai800,FXD13533B-18.JPG
Red and White Bead Pick,FXQ13372B-24,,,In Stock,,,,,,12,5.99,36,5.49,72,4.99,12,WingTai400,WingTai160,https://wingtai.solovue.com/images/products/list/desktop/FXQ13372B-24.JPG,FXQ13372B-24.JPG,,,WingTai800,FXQ13372B-24.JPG
Fir Berry and Snowflake Wreath,FXQ13672W,,,In Stock,,,,,,2,34.99,6,30.99,12,28.99,2,WingTai400,WingTai160,https://wingtai.solovue.com/images/products/list/desktop/FXQ13672W.JPG,FXQ13672W.JPG,,,WingTai800,FXQ13672W.JPG
Pack of 12 Small Snowflakes,FXQ13715S-12,,,In Stock,,,,,,18,4.95,36,4.35,72,3.95,18,WingTai400,WingTai160,https://wingtai.solovue.com/images/products/list/desktop/FXQ13715S-12.JPG,FXQ13715S-12.JPG,,,WingTai800,FXQ13715S-12.JPG
Believe Glass Bottle,GXS13563,,,In Stock,,,,,,6,3.99,18,3.69,36,3.39,6,WingTai400,WingTai160,https://wingtai.solovue.com/images/products/list/desktop/GXS13563.JPG,GXS13563.JPG,,,WingTai800,GXS13563.JPG
Fall Plaid Realistic Flame LED Pillar,LFS12377T,,,In Stock,,,,,,12,3.84,18,3.84,36,3.84,12,WingTai400,WingTai160,https://wingtai.solovue.com/images/products/list/desktop/LFS12377T.JPG,LFS12377T.JPG,,,WingTai800,LFS12377T.JPG
Fall Plaid Realistic Flame LED Votive,LFS12431T,,,In Stock,,,,,,24,3.97,48,3.97,72,3.97,24,WingTai400,WingTai160,https://wingtai.solovue.com/images/products/list/desktop/LFS12431T.JPG,LFS12431T.JPG,,,WingTai800,LFS12431T.JPG
Fall Plaid Realistic Flame LED Taper,LFS12432T,,,In Stock,,,,,,24,2.31,96,2.31,192,2.31,24,WingTai400,WingTai160,https://wingtai.solovue.com/images/products/list/desktop/LFS12432T.JPG,LFS12432T.JPG,,,WingTai800,LFS12432T.JPG
Fall Plaid Realistic Flame LED Taper,LFS12433T,,,In Stock,,,,,,24,2.7,96,2.7,192,2.7,24,WingTai400,WingTai160,https://wingtai.solovue.com/images/products/list/desktop/LFS12433T.JPG,LFS12433T.JPG,,,WingTai800,LFS12433T.JPG
Large White Round LED Candle - TS,LXS13404T,,,In Stock,,,,,,6,12.99,12,11.99,24,10.99,6,WingTai400,WingTai160,https://wingtai.solovue.com/images/products/list/desktop/LXS13404T.JPG,LXS13404T.JPG,,,WingTai800,LXS13404T.JPG
Small White Round LED Candle - TS,LXS13405T,,,In Stock,,,,,,12,9.99,24,8.99,36,8.29,12,WingTai400,WingTai160,https://wingtai.solovue.com/images/products/list/desktop/LXS13405T.JPG,LXS13405T.JPG,,,WingTai800,LXS13405T.JPG
Short Green_Brown Plaid Realistic LED Votive,LXS13440T,,,In Stock,,,,,,24,4.29,48,3.99,96,3.59,24,WingTai400,WingTai160,https://wingtai.solovue.com/images/products/list/desktop/LXS13440T.JPG,LXS13440T.JPG,,,WingTai800,LXS13440T.JPG
Short Green_Brown Plaid Realistic LED Pillar,LXS13442T,,,Out of Stock,,,,,,6,7.99,12,7.49,24,6.99,6,WingTai400,WingTai160,https://wingtai.solovue.com/images/products/list/desktop/LXS13442T.JPG,LXS13442T.JPG,,,WingTai800,LXS13442T.JPG
Tall Green_Brown Plaid Realistic LED Pillar,LXS13443T,,,Out of Stock,,,,,,6,9.99,12,8.99,18,7.99,6,WingTai400,WingTai160,https://wingtai.solovue.com/images/products/list/desktop/LXS13443T.JPG,LXS13443T.JPG,,,WingTai800,LXS13443T.JPG
Green and Brown Plaid Realistic LED Taper,LXS13444T,,,In Stock,,,,,,12,5.99,96,5.49,192,4.99,12,WingTai400,WingTai160,https://wingtai.solovue.com/images/products/list/desktop/LXS13444T.JPG,LXS13444T.JPG,,,WingTai800,LXS13444T.JPG
Green and Brown Plaid Realistic LED Taper,LXS13445T,,,In Stock,,,,,,12,6.99,96,6.49,192,5.99,12,WingTai400,WingTai160,https://wingtai.solovue.com/images/products/list/desktop/LXS13445T.JPG,LXS13445T.JPG,,,WingTai800,LXS13445T.JPG
Tall Ivory Realistic LED Taper,LXS13464T,,,In Stock,,,,,,12,7.99,96,6.99,192,6.49,12,WingTai400,WingTai160,https://wingtai.solovue.com/images/products/list/desktop/LXS13464T.JPG,LXS13464T.JPG,,,WingTai800,LXS13464T.JPG
Green Realistic LED Taper,LXS13465T,,,In Stock,,,,,,12,7.99,96,6.99,192,6.59,12,WingTai400,WingTai160,https://wingtai.solovue.com/images/products/list/desktop/LXS13465T.JPG,LXS13465T.JPG,,,WingTai800,LXS13465T.JPG
Tall Brown Realistic LED Taper - TS,LXS13466T,,,In Stock,,,,,,12,7.99,96,6.99,192,6.49,12,WingTai400,WingTai160,https://wingtai.solovue.com/images/products/list/desktop/LXS13466T.JPG,LXS13466T.JPG,,,WingTai800,LXS13466T.JPG
Tall Red Realistic LED Taper,LXS13467T,,,In Stock,,,,,,12,7.99,96,6.99,192,6.49,12,WingTai400,WingTai160,https://wingtai.solovue.com/images/products/list/desktop/LXS13467T.JPG,LXS13467T.JPG,,,WingTai800,LXS13467T.JPG
Green Realistic LED Taper - TS,LXS13469T,,,In Stock,,,,,,12,6.99,96,6.19,192,5.79,12,WingTai400,WingTai160,https://wingtai.solovue.com/images/products/list/desktop/LXS13469T.JPG,LXS13469T.JPG,,,WingTai800,LXS13469T.JPG
Short Cozy Fall Realistic LED Pillar,LXS13492T,,,In Stock,,,,,,12,7.99,24,7.49,48,6.99,12,WingTai400,WingTai160,https://wingtai.solovue.com/images/products/list/desktop/LXS13492T.JPG,LXS13492T.JPG,,,WingTai800,LXS13492T.JPG
Tis the Season Resin Snowman,RXF13334,,,In Stock,,,,,,2,9.97,12,9.97,24,9.97,2,WingTai400,WingTai160,https://wingtai.solovue.com/images/products/list/desktop/RXF13334.JPG,RXF13334.JPG,,,WingTai800,RXF13334.JPG
Joy Resin Snowman,RXF13335,,,In Stock,,,,,,2,11.37,12,11.37,24,11.37,2,WingTai400,WingTai160,https://wingtai.solovue.com/images/products/list/desktop/RXF13335.JPG,RXF13335.JPG,,,WingTai800,RXF13335.JPG
Resin Peace Ornament,RXF13543,,,In Stock,,,,,,12,2.45,12,2.45,24,2.45,12,WingTai400,WingTai160,https://wingtai.solovue.com/images/products/list/desktop/RXF13543.JPG,RXF13543.JPG,,,WingTai800,RXF13543.JPG
Resin Noel Ornament,RXF13545,,,In Stock,,,,,,12,2.45,18,2.45,36,2.45,12,WingTai400,WingTai160,https://wingtai.solovue.com/images/products/list/desktop/RXF13545.JPG,RXF13545.JPG,,,WingTai800,RXF13545.JPG
Set of 3 Halloween Blocks,WFF12347-S3,,,In Stock,,,,,,4,9.95,12,9.25,24,8.55,4,WingTai400,WingTai160,https://wingtai.solovue.com/images/products/list/desktop/WFF12347-S3.JPG,WFF12347-S3.JPG,,,WingTai800,WFF12347-S3.JPG
Small Autumn Maple Leaf Bead Hanger Sign,WFN15904,,,In Stock,,,,,,12,2.09,24,2.09,48,2.09,12,WingTai400,WingTai160,https://wingtai.solovue.com/images/products/list/desktop/WFN15904.JPG,WFN15904.JPG,,,WingTai800,WFN15904.JPG
Merry Christmas Sign,WXF13667,,,In Stock,,,,,,4,9.47,12,9.47,24,9.47,4,WingTai400,WingTai160,https://wingtai.solovue.com/images/products/list/desktop/WXF13667.JPG,WXF13667.JPG,,,WingTai800,WXF13667.JPG
Set of 2 Pink and Gray Flower Hangers,WXF13696-2S,,,In Stock,,,,,,8,6.64,8,6.64,16,6.64,8,WingTai400,WingTai160,https://wingtai.solovue.com/images/products/list/desktop/WXF13696-2S.JPG,WXF13696-2S.JPG,,,WingTai800,WXF13696-2S.JPG
Red and White Bright Bead Garland,WXQ13363,,,Out of Stock,,,,,,12,3.95,36,3.65,72,3.35,12,WingTai400,WingTai160,https://wingtai.solovue.com/images/products/list/desktop/WXQ13363.JPG,WXQ13363.JPG,,,WingTai800,WXQ13363.JPG
Set of 6 Natural Bead Ornaments,WXQ13691NA-6S,,,In Stock,,,,,,24,2.3,36,2.3,72,2.3,24,WingTai400,WingTai160,https://wingtai.solovue.com/images/products/list/desktop/WXQ13691NA-6S.JPG,WXQ13691NA-6S.JPG,,,WingTai800,WXQ13691NA-6S.JPG
Set of 6 White Bead Ornaments,WXQ13691WT-6S,,,In Stock,,,,,,24,2.09,36,2.09,72,2.09,24,WingTai400,WingTai160,https://wingtai.solovue.com/images/products/list/desktop/WXQ13691WT-6S.JPG,WXQ13691WT-6S.JPG,,,WingTai800,WXQ13691WT-6S.JPG
Let It Snow Bead Ornament,WXF13866,,,In Stock,,,,,,24,2.1,36,2.1,36,2.1,24,WingTai400,WingTai160,https://wingtai.solovue.com/images/products/list/desktop/WXF13866.JPG,WXF13866.JPG,,,WingTai800,WXF13866.JPG
Blue Hat Bunny Shoe Gnome,DAF24917,,,In Stock,,,,,,4,14.95,8,12.95,16,11.95,4,WingTai400,WingTai160,https://wingtai.solovue.com/images/products/list/desktop/DAF24917.JPG,DAF24917.JPG,,,WingTai800,DAF24917.JPG
"3 Asst Grey, Pink_Green Hat Gnome Ornaments",DAF24920-3A,,,In Stock,,,,,,24,2.97,72,2.97,144,2.97,24,WingTai400,WingTai160,https://wingtai.solovue.com/images/products/list/desktop/DAF24920-3A.JPG,DAF24920-3A.JPG,,,WingTai800,DAF24920-3A.JPG
Boho Pillow,DAQ24280,,,In Stock,,,,,,6,4.95,24,4.35,48,3.95,6,WingTai400,WingTai160,https://wingtai.solovue.com/images/products/list/desktop/DAQ24280.JPG,DAQ24280.JPG,,,WingTai800,DAQ24280.JPG
Large Rectangular Boho Pillow,DAQ24284,,,In Stock,,,,,,6,7.95,24,6.95,48,6.55,6,WingTai400,WingTai160,https://wingtai.solovue.com/images/products/list/desktop/DAQ24284.JPG,DAQ24284.JPG,,,WingTai800,DAQ24284.JPG
Large Yellow_Gray Daisy Pillow,DAQ24288,,,In Stock,,,,,,4,8.99,12,7.99,24,7.39,4,WingTai400,WingTai160,https://wingtai.solovue.com/images/products/list/desktop/DAQ24288.JPG,DAQ24288.JPG,,,WingTai800,DAQ24288.JPG
Large Gray Daisy Hanger,DAQ24294,,,In Stock,,,,,,8,3.99,24,3.49,48,3.29,8,WingTai400,WingTai160,https://wingtai.solovue.com/images/products/list/desktop/DAQ24294.JPG,DAQ24294.JPG,,,WingTai800,DAQ24294.JPG
Raspberry Hydrangea Candle Ring,FAD24250CL,,,In Stock,,,,,,8,8.49,48,7.49,96,6.79,8,WingTai400,WingTai160,https://wingtai.solovue.com/images/products/list/desktop/FAD24250CL.JPG,FAD24250CL.JPG,,,WingTai800,FAD24250CL.JPG
Dragonfly Pick,FAQ24600B,,,In Stock,,,,,,24,2.55,72,1.95,144,1.85,24,WingTai400,WingTai160,https://wingtai.solovue.com/images/products/list/desktop/FAQ24600B.JPG,FAQ24600B.JPG,,,WingTai800,FAQ24600B.JPG
Yellow Berry Buttercup Candle Ring,FAQ24601CL,,,In Stock,,,,,,12,4.95,60,4.35,120,3.95,12,WingTai400,WingTai160,https://wingtai.solovue.com/images/products/list/desktop/FAQ24601CL.JPG,FAQ24601CL.JPG,,,WingTai800,FAQ24601CL.JPG
Daisy_Eucalyptus Pick,FAQ24606B-18,,,In Stock,,,,,,24,3.99,72,3.59,120,3.39,24,WingTai400,WingTai160,https://wingtai.solovue.com/images/products/list/desktop/FAQ24606B-18.JPG,FAQ24606B-18.JPG,,,WingTai800,FAQ24606B-18.JPG
"3 Asst Cream, Orange_Yellow Mum Picks",FAQ24612-3A,,,In Stock,,,,,,24,4.95,72,4.35,120,3.95,24,WingTai400,WingTai160,https://wingtai.solovue.com/images/products/list/desktop/FAQ24612-3A.JPG,FAQ24612-3A.JPG,,,WingTai800,FAQ24612-3A.JPG
Lamb's Ear Pick,FAQ24616B-16,,,Out of Stock,,,,,,12,5.75,60,4.95,120,4.65,12,WingTai400,WingTai160,https://wingtai.solovue.com/images/products/list/desktop/FAQ24616B-16.JPG,FAQ24616B-16.JPG,,,WingTai800,FAQ24616B-16.JPG
Long Orange Velvet Carrot Pick,FAQ24738B,,,In Stock,,,,,,6,4.99,18,4.39,36,4.08,6,WingTai400,WingTai160,https://wingtai.solovue.com/images/products/list/desktop/FAQ24738B.JPG,FAQ24738B.JPG,,,WingTai800,FAQ24738B.JPG
Small Bee Humble_Kind Glass Bottle,GAS24203,,,In Stock,,,,,,6,1.97,24,1.97,48,1.97,6,WingTai400,WingTai160,https://wingtai.solovue.com/images/products/list/desktop/GAS24203.JPG,GAS24203.JPG,,,WingTai800,GAS24203.JPG
Diamond Embossed Green Glass Jar,GAS24209,,,Out of Stock,,,,,,6,7.99,12,6.99,24,6.59,6,WingTai400,WingTai160,https://wingtai.solovue.com/images/products/list/desktop/GAS24209.JPG,GAS24209.JPG,,,WingTai800,GAS24209.JPG
Medium Americana LED Votive,LAS24215,,,In Stock,,,,,,24,5.69,48,4.99,96,4.49,24,WingTai400,WingTai160,https://wingtai.solovue.com/images/products/list/desktop/LAS24215.JPG,LAS24215.JPG,,,WingTai800,LAS24215.JPG
Tall Americana LED Votive,LAS24216,,,In Stock,,,,,,24,5.99,36,5.29,72,4.79,24,WingTai400,WingTai160,https://wingtai.solovue.com/images/products/list/desktop/LAS24216.JPG,LAS24216.JPG,,,WingTai800,LAS24216.JPG
Life in the Garden Rectangular LED Candle,LAS24219,,,Out of Stock,,,,,,6,8.99,18,7.99,36,7.39,6,WingTai400,WingTai160,https://wingtai.solovue.com/images/products/list/desktop/LAS24219.JPG,LAS24219.JPG,,,WingTai800,LAS24219.JPG
Small LED Fish Candle,LAS24220,,,In Stock,,,,,,6,8.29,24,7.29,48,6.79,6,WingTai400,WingTai160,https://wingtai.solovue.com/images/products/list/desktop/LAS24220.JPG,LAS24220.JPG,,,WingTai800,LAS24220.JPG
Yellow Metallic Daisy Pick,MAD24002B,,,In Stock,,,,,,12,4.15,72,3.65,144,3.25,12,WingTai400,WingTai160,https://wingtai.solovue.com/images/products/list/desktop/MAD24002B.JPG,MAD24002B.JPG,,,WingTai800,MAD24002B.JPG
Square Flower Boho Frame,MAF24062,,,In Stock,,,,,,3,22.95,6,19.95,12,18.95,3,WingTai400,WingTai160,https://wingtai.solovue.com/images/products/list/desktop/MAF24062.JPG,MAF24062.JPG,,,WingTai800,MAF24062.JPG
"3 Asst Blue, Yellow, Orange Metal Tulip Picks",MAF24086-3A,,,In Stock,,,,,,18,1.97,36,1.97,72,1.97,18,WingTai400,WingTai160,https://wingtai.solovue.com/images/products/list/desktop/MAF24086-3A.JPG,MAF24086-3A.JPG,,,WingTai800,MAF24086-3A.JPG
"3 Asst Blue, Yellow, Orange Metal Daisy Picks",MAF24087-3A,,,In Stock,,,,,,18,3.95,36,3.45,72,3.25,18,WingTai400,WingTai160,https://wingtai.solovue.com/images/products/list/desktop/MAF24087-3A.JPG,MAF24087-3A.JPG,,,WingTai800,MAF24087-3A.JPG
Boho Cauldron on Stand,MAF24132,,,In Stock,,,,,,2,29.99,6,26.99,12,24.99,2,WingTai400,WingTai160,https://wingtai.solovue.com/images/products/list/desktop/MAF24132.JPG,MAF24132.JPG,,,WingTai800,MAF24132.JPG
Galvanized Bird Feeder,MAF24141,,,In Stock,,,,,,4,22.99,8,20.99,12,18.99,4,WingTai400,WingTai160,https://wingtai.solovue.com/images/products/list/desktop/MAF24141.JPG,MAF24141.JPG,,,WingTai800,MAF24141.JPG
S/2 Hexagonal Honeycomb Trays,MAF24156-2S,,,In Stock,,,,,,3,19.99,6,17.99,12,16.99,3,WingTai400,WingTai160,https://wingtai.solovue.com/images/products/list/desktop/MAF24156-2S.JPG,MAF24156-2S.JPG,,,WingTai800,MAF24156-2S.JPG
Galvanized Umbrella,MAF24165,,,Out of Stock,,,,,,4,16.99,8,14.99,16,13.99,4,WingTai400,WingTai160,https://wingtai.solovue.com/images/products/list/desktop/MAF24165.JPG,MAF24165.JPG,,,WingTai800,MAF24165.JPG
Wood Framed Boho Tile,MAF24166,,,In Stock,,,,,,4,10.99,12,9.99,24,9.29,4,WingTai400,WingTai160,https://wingtai.solovue.com/images/products/list/desktop/MAF24166.JPG,MAF24166.JPG,,,WingTai800,MAF24166.JPG
S/2 Rectangular Wood_Metal Trays,MAF24167-2S,,,In Stock,,,,,,3,24.99,6,22.99,12,20.99,3,WingTai400,WingTai160,https://wingtai.solovue.com/images/products/list/desktop/MAF24167-2S.JPG,MAF24167-2S.JPG,,,WingTai800,MAF24167-2S.JPG
Square Galvanized Flower Sign,MAF24180,,,In Stock,,,,,,3,24.99,6,21.99,12,20.99,3,WingTai400,WingTai160,https://wingtai.solovue.com/images/products/list/desktop/MAF24180.JPG,MAF24180.JPG,,,WingTai800,MAF24180.JPG
S/3 She Shed Metal Pots,MAF24230-3S,,,In Stock,,,,,,2,25.99,6,23.99,12,21.99,2,WingTai400,WingTai160,https://wingtai.solovue.com/images/products/list/desktop/MAF24230-3S.JPG,MAF24230-3S.JPG,,,WingTai800,MAF24230-3S.JPG
Orange Daisy Flower Stake,MAF24233,,,In Stock,,,,,,3,15.99,12,13.99,18,12.99,3,WingTai400,WingTai160,https://wingtai.solovue.com/images/products/list/desktop/MAF24233.JPG,MAF24233.JPG,,,WingTai800,MAF24233.JPG
Blue_Yellow Daisy Flower Stake,MAF24234,,,In Stock,,,,,,3,10.97,12,10.97,18,10.97,3,WingTai400,WingTai160,https://wingtai.solovue.com/images/products/list/desktop/MAF24234.JPG,MAF24234.JPG,,,WingTai800,MAF24234.JPG
S/2 Green Textured Double Handled Bucket,MAF24622-2S,,,In Stock,,,,,,2,65.95,4,59.95,6,55.95,2,WingTai400,WingTai160,https://wingtai.solovue.com/images/products/list/desktop/MAF24622-2S.JPG,MAF24622-2S.JPG,,,WingTai800,MAF24622-2S.JPG
Vertical Home Sign,MAF24644,,,In Stock,,,,,,3,15.95,6,13.95,12,12.95,3,WingTai400,WingTai160,https://wingtai.solovue.com/images/products/list/desktop/MAF24644.JPG,MAF24644.JPG,,,WingTai800,MAF24644.JPG
S/2 Kite Shaped Wall Pockets,MAF24646-2S,,,In Stock,,,,,,3,15.99,12,13.99,18,12.99,3,WingTai400,WingTai160,https://wingtai.solovue.com/images/products/list/desktop/MAF24646-2S.JPG,MAF24646-2S.JPG,,,WingTai800,MAF24646-2S.JPG
Tall Dark Gray Candle Holder,MAF24916,,,In Stock,,,,,,4,14.95,8,13.95,16,12.95,4,WingTai400,WingTai160,https://wingtai.solovue.com/images/products/list/desktop/MAF24916.JPG,MAF24916.JPG,,,WingTai800,MAF24916.JPG
3 Asst Honey Bee Porcelain Gnome Ollas,PAF24746-3A,,,In Stock,,,,,,24,0.97,36,0.97,72,0.97,24,WingTai400,WingTai160,https://wingtai.solovue.com/images/products/list/desktop/PAF24746-3A.JPG,PAF24746-3A.JPG,,,WingTai800,PAF24746-3A.JPG
Porcelain Honey Bee Gnome with Basket,PAF24747,,,In Stock,,,,,,2,24.99,6,21.99,12,19.99,2,WingTai400,WingTai160,https://wingtai.solovue.com/images/products/list/desktop/PAF24747.JPG,PAF24747.JPG,,,WingTai800,PAF24747.JPG
2 Asst Blue_Pink Porcelain Owls,PAF24755-2A,,,In Stock,,,,,,8,5.97,16,5.97,32,5.97,8,WingTai400,WingTai160,https://wingtai.solovue.com/images/products/list/desktop/PAF24755-2A.JPG,PAF24755-2A.JPG,,,WingTai800,PAF24755-2A.JPG
2 Asst Porcelain Snail_Turtle - TS,PAF24756-2A,,,In Stock,,,,,,8,9.99,16,8.99,32,8.29,8,WingTai400,WingTai160,https://wingtai.solovue.com/images/products/list/desktop/PAF24756-2A.JPG,PAF24756-2A.JPG,,,WingTai800,PAF24756-2A.JPG
Orange She Shed Planter on Stand,RAF24022,,,Out of Stock,,,,,,8,5.99,16,5.29,32,4.99,8,WingTai400,WingTai160,https://wingtai.solovue.com/images/products/list/desktop/RAF24022.JPG,RAF24022.JPG,,,WingTai800,RAF24022.JPG
Stocky Boho Planter,RAF24048,,,In Stock,,,,,,8,6.95,16,6.15,32,5.75,8,WingTai400,WingTai160,https://wingtai.solovue.com/images/products/list/desktop/RAF24048.JPG,RAF24048.JPG,,,WingTai800,RAF24048.JPG
Diamond Boho Oval Planter,RAF24050,,,In Stock,,,,,,12,4.95,24,4.35,48,3.95,12,WingTai400,WingTai160,https://wingtai.solovue.com/images/products/list/desktop/RAF24050.JPG,RAF24050.JPG,,,WingTai800,RAF24050.JPG
Green Resin Gnome with Umbrella - TS,RAF24771,,,In Stock,,,,,,4,7.99,12,6.99,24,6.59,4,WingTai400,WingTai160,https://wingtai.solovue.com/images/products/list/desktop/RAF24771.JPG,RAF24771.JPG,,,WingTai800,RAF24771.JPG
"3 Asst Home, Amazing, Enjoy Blocks",WAF24130-3A,,,In Stock,,,,,,24,4.55,48,4.35,72,3.95,24,WingTai400,WingTai160,https://wingtai.solovue.com/images/products/list/desktop/WAF24130-3A.JPG,WAF24130-3A.JPG,,,WingTai800,WAF24130-3A.JPG
S/2 Beaded Round Lanterns,WAF24181-2S,,,In Stock,,,,,,2,74.99,6,65.99,12,59.99,2,WingTai400,WingTai160,https://wingtai.solovue.com/images/products/list/desktop/WAF24181-2S.JPG,WAF24181-2S.JPG,,,WingTai800,WAF24181-2S.JPG
White Wood Double Tray,WAF24619,,,In Stock,,,,,,4,15.97,8,15.97,16,15.97,4,WingTai400,WingTai160,https://wingtai.solovue.com/images/products/list/desktop/WAF24619.JPG,WAF24619.JPG,,,WingTai800,WAF24619.JPG
Thankful Sign,WAF24670,,,In Stock,,,,,,4,5.97,16,5.97,32,5.97,4,WingTai400,WingTai160,https://wingtai.solovue.com/images/products/list/desktop/WAF24670.JPG,WAF24670.JPG,,,WingTai800,WAF24670.JPG
Bloom Grow Blossom Block,WAF24674,,,Out of Stock,,,,,,8,5.99,16,5.29,32,4.99,8,WingTai400,WingTai160,https://wingtai.solovue.com/images/products/list/desktop/WAF24674.JPG,WAF24674.JPG,,,WingTai800,WAF24674.JPG
Some Bunny Loves Me Bead Hanger Sign,WAF24690,,,In Stock,,,,,,4,4.97,12,4.97,24,4.97,4,WingTai400,WingTai160,https://wingtai.solovue.com/images/products/list/desktop/WAF24690.JPG,WAF24690.JPG,,,WingTai800,WAF24690.JPG
Bee Humble_Kind Block,WAF24692,,,In Stock,,,,,,4,5.99,12,5.29,24,4.99,4,WingTai400,WingTai160,https://wingtai.solovue.com/images/products/list/desktop/WAF24692.JPG,WAF24692.JPG,,,WingTai800,WAF24692.JPG
Bee Happy Tag,WAF24693,,,In Stock,,,,,,8,0.97,48,0.97,96,0.97,8,WingTai400,WingTai160,https://wingtai.solovue.com/images/products/list/desktop/WAF24693.JPG,WAF24693.JPG,,,WingTai800,WAF24693.JPG
Sweeter Than Honey Bead Hanger Ornament,WAF24695,,,In Stock,,,,,,6,3.99,24,3.59,48,3.29,6,WingTai400,WingTai160,https://wingtai.solovue.com/images/products/list/desktop/WAF24695.JPG,WAF24695.JPG,,,WingTai800,WAF24695.JPG
Bee Humble_Kind Bead Hanger Ornament,WAF24696,,,In Stock,,,,,,6,2.97,24,2.97,48,2.97,6,WingTai400,WingTai160,https://wingtai.solovue.com/images/products/list/desktop/WAF24696.JPG,WAF24696.JPG,,,WingTai800,WAF24696.JPG
American Flag Star Bead Hanger Ornament,WAF24701,,,In Stock,,,,,,6,3.99,24,3.59,48,3.29,6,WingTai400,WingTai160,https://wingtai.solovue.com/images/products/list/desktop/WAF24701.JPG,WAF24701.JPG,,,WingTai800,WAF24701.JPG
2 Asst Spring_Bunny Tags,WAF24702-2A,,,In Stock,,,,,,12,2.99,48,2.69,96,2.59,12,WingTai400,WingTai160,https://wingtai.solovue.com/images/products/list/desktop/WAF24702-2A.JPG,WAF24702-2A.JPG,,,WingTai800,WAF24702-2A.JPG
2 Asst Pink and Yellow Bunny Cutouts,WAF24709-2A,,,Out of Stock,,,,,,12,3.59,24,3.19,48,2.99,12,WingTai400,WingTai160,https://wingtai.solovue.com/images/products/list/desktop/WAF24709-2A.JPG,WAF24709-2A.JPG,,,WingTai800,WAF24709-2A.JPG
Family_Love Flower Pocket Sign,WAF24710,,,In Stock,,,,,,4,9.97,8,9.97,12,9.97,4,WingTai400,WingTai160,https://wingtai.solovue.com/images/products/list/desktop/WAF24710.JPG,WAF24710.JPG,,,WingTai800,WAF24710.JPG
Love Grows Best in Little Houses Flower Pocket Sign,WAF24712,,,In Stock,,,,,,4,7.97,8,7.97,12,7.97,4,WingTai400,WingTai160,https://wingtai.solovue.com/images/products/list/desktop/WAF24712.JPG,WAF24712.JPG,,,WingTai800,WAF24712.JPG
Home House Shaped Block,WAF24716,,,In Stock,,,,,,6,1.97,24,1.97,48,1.97,6,WingTai400,WingTai160,https://wingtai.solovue.com/images/products/list/desktop/WAF24716.JPG,WAF24716.JPG,,,WingTai800,WAF24716.JPG
Large Round Wood Plate,WAF24779,,,In Stock,,,,,,4,9.97,8,9.97,20,9.97,4,WingTai400,WingTai160,https://wingtai.solovue.com/images/products/list/desktop/WAF24779.JPG,WAF24779.JPG,,,WingTai800,WAF24779.JPG
Pink_Blue Bead Garland,WAQ24727,,,In Stock,,,,,,12,6.95,36,6.15,72,5.75,12,WingTai400,WingTai160,https://wingtai.solovue.com/images/products/list/desktop/WAQ24727.JPG,WAQ24727.JPG,,,WingTai800,WAQ24727.JPG
Beaded Heart Ornament,WAQ24733,,,In Stock,,,,,,24,0.97,72,0.97,144,0.97,24,WingTai400,WingTai160,https://wingtai.solovue.com/images/products/list/desktop/WAQ24733.JPG,WAQ24733.JPG,,,WingTai800,WAQ24733.JPG
Cream_White Bead Garland,WAQ24735G,,,In Stock,,,,,,6,4.97,36,4.97,72,4.97,6,WingTai400,WingTai160,https://wingtai.solovue.com/images/products/list/desktop/WAQ24735G.JPG,WAQ24735G.JPG,,,WingTai800,WAQ24735G.JPG
"Green, Orange_White Bead Garland",WAQ24741,,,In Stock,,,,,,6,4.97,36,4.97,72,4.97,6,WingTai400,WingTai160,https://wingtai.solovue.com/images/products/list/desktop/WAQ24741.JPG,WAQ24741.JPG,,,WingTai800,WAQ24741.JPG
Farm Fresh Christmas Trees Block,WXF26155,,,In Stock,,,,,,12,1.16,24,1.16,48,1.16,12,WingTai400,WingTai160,https://wingtai.solovue.com/images/products/list/desktop/WXF26155.JPG,WXF26155.JPG,,,WingTai800,WXF26155.JPG
Farm Fresh Christmas Trees Sign,WXF26156,,,In Stock,,,,,,2,19.95,6,18.95,12,17.95,2,WingTai400,WingTai160,https://wingtai.solovue.com/images/products/list/desktop/WXF26156.JPG,WXF26156.JPG,,,WingTai800,WXF26156.JPG
2 Asst Ski Blocks,WXF26157-2A,,,In Stock,,,,,,16,1.74,16,1.74,32,1.74,16,WingTai400,WingTai160,https://wingtai.solovue.com/images/products/list/desktop/WXF26157-2A.JPG,WXF26157-2A.JPG,,,WingTai800,WXF26157-2A.JPG
Set of 3 Wooden Blackboard Pawprint Ornaments,WXF26216-3S,,,In Stock,,,,,,12,3.14,18,3.14,36,3.14,12,WingTai400,WingTai160,https://wingtai.solovue.com/images/products/list/desktop/WXF26216-3S.JPG,WXF26216-3S.JPG,,,WingTai800,WXF26216-3S.JPG
Set of 3 Wooden Silly Pet Ornaments,WXF26217-3S,,,In Stock,,,,,,12,3.14,18,3.14,36,3.14,12,WingTai400,WingTai160,https://wingtai.solovue.com/images/products/list/desktop/WXF26217-3S.JPG,WXF26217-3S.JPG,,,WingTai800,WXF26217-3S.JPG
Set of 3 Wooden Holiday Pet Ornaments,WXF26218-3S,,,In Stock,,,,,,12,3.14,18,3.14,36,3.14,12,WingTai400,WingTai160,https://wingtai.solovue.com/images/products/list/desktop/WXF26218-3S.JPG,WXF26218-3S.JPG,,,WingTai800,WXF26218-3S.JPG
Pink Snowflake Block,WXF26309,,,In Stock,,,,,,8,2.99,24,2.79,48,2.59,8,WingTai400,WingTai160,https://wingtai.solovue.com/images/products/list/desktop/WXF26309.JPG,WXF26309.JPG,,,WingTai800,WXF26309.JPG
Gray Snowflake Bead Hanger Ornament,WXF26311,,,In Stock,,,,,,16,1.91,20,1.91,40,1.91,16,WingTai400,WingTai160,https://wingtai.solovue.com/images/products/list/desktop/WXF26311.JPG,WXF26311.JPG,,,WingTai800,WXF26311.JPG
Frosty's Snowflake Café Sign,WXF26622,,,In Stock,,,,,,4,16.95,12,15.95,24,14.95,4,WingTai400,WingTai160,https://wingtai.solovue.com/images/products/list/desktop/WXF26622.JPG,WXF26622.JPG,,,WingTai800,WXF26622.JPG
S/2 White_Natural Wood Round Trays,WXF26667-2S,,,In Stock,,,,,,2,19.95,8,18.95,16,17.95,2,WingTai400,WingTai160,https://wingtai.solovue.com/images/products/list/desktop/WXF26667-2S.JPG,WXF26667-2S.JPG,,,WingTai800,WXF26667-2S.JPG
Merry Christmas Block Sign,WXF26749,,,In Stock,,,,,,4,9.95,16,9.15,32,8.35,4,WingTai400,WingTai160,https://wingtai.solovue.com/images/products/list/desktop/WXF26749.JPG,WXF26749.JPG,,,WingTai800,WXF26749.JPG
Set of 2 Beaded Wood Trays on Stands,WXF26823-2S,,,In Stock,,,,,,1,99.99,2,87.99,4,79.99,1,WingTai400,WingTai160,https://wingtai.solovue.com/images/products/list/desktop/WXF26823-2S.JPG,WXF26823-2S.JPG,,,WingTai800,WXF26823-2S.JPG
S/2 Silver Frame Round Trays,WXF26824-2S,,,In Stock,,,,,,2,47.95,4,43.95,8,39.95,2,WingTai400,WingTai160,https://wingtai.solovue.com/images/products/list/desktop/WXF26824-2S.JPG,WXF26824-2S.JPG,,,WingTai800,WXF26824-2S.JPG
2 Asst Snowflake Plaques,WXF26834-2A,,,In Stock,,,,,,24,1.74,24,1.74,48,1.74,24,WingTai400,WingTai160,https://wingtai.solovue.com/images/products/list/desktop/WXF26834-2A.JPG,WXF26834-2A.JPG,,,WingTai800,WXF26834-2A.JPG
Set of 2 Christmas Tree Stands - TS,WXF26835-2S,,,Out of Stock,,,,,,5,8.95,10,7.95,20,7.35,5,WingTai400,WingTai160,https://wingtai.solovue.com/images/products/list/desktop/WXF26835-2S.JPG,WXF26835-2S.JPG,,,WingTai800,WXF26835-2S.JPG
Home is Wherever I'm w/You Pawlidays Sign,WXF26840,,,In Stock,,,,,,10,3.84,15,3.84,30,3.84,10,WingTai400,WingTai160,https://wingtai.solovue.com/images/products/list/desktop/WXF26840.JPG,WXF26840.JPG,,,WingTai800,WXF26840.JPG
Stay Pawsitive Pawlidays Sign,WXF26841,,,In Stock,,,,,,10,2.44,15,2.44,30,2.44,10,WingTai400,WingTai160,https://wingtai.solovue.com/images/products/list/desktop/WXF26841.JPG,WXF26841.JPG,,,WingTai800,WXF26841.JPG
Red Bead Garland,WXQ26768,,,In Stock,,,,,,6,10.99,24,9.99,48,9.19,6,WingTai400,WingTai160,https://wingtai.solovue.com/images/products/list/desktop/WXQ26768.JPG,WXQ26768.JPG,,,WingTai800,WXQ26768.JPG
Tan and Brown Bead Garland,WXQ26786,,,In Stock,,,,,,6,12.99,12,11.99,24,10.99,6,WingTai400,WingTai160,https://wingtai.solovue.com/images/products/list/desktop/WXQ26786.JPG,WXQ26786.JPG,,,WingTai800,WXQ26786.JPG
Merry Ornament,WXQ26792,,,In Stock,,,,,,24,1.25,60,1.25,120,1.25,24,WingTai400,WingTai160,https://wingtai.solovue.com/images/products/list/desktop/WXQ26792.JPG,WXQ26792.JPG,,,WingTai800,WXQ26792.JPG
"Black, White and Red Bead Garland",WXQ26798,,,In Stock,,,,,,24,2.09,30,2.09,60,2.09,24,WingTai400,WingTai160,https://wingtai.solovue.com/images/products/list/desktop/WXQ26798.JPG,WXQ26798.JPG,,,WingTai800,WXQ26798.JPG
White and Tan Bead Garland,WXQ26806,,,In Stock,,,,,,12,3.85,24,3.85,48,3.85,12,WingTai400,WingTai160,https://wingtai.solovue.com/images/products/list/desktop/WXQ26806.JPG,WXQ26806.JPG,,,WingTai800,WXQ26806.JPG
Natural Beaded Garland,WXQ26846,,,In Stock,,,,,,24,2.44,36,2.44,72,2.44,24,WingTai400,WingTai160,https://wingtai.solovue.com/images/products/list/desktop/WXQ26846.JPG,WXQ26846.JPG,,,WingTai800,WXQ26846.JPG
Set of 6 Red and White Beaded Ornaments,WXQ26847-6S,,,In Stock,,,,,,24,1.91,36,1.91,72,1.91,24,WingTai400,WingTai160,https://wingtai.solovue.com/images/products/list/desktop/WXQ26847-6S.JPG,WXQ26847-6S.JPG,,,WingTai800,WXQ26847-6S.JPG
2 Asst Orange Thankful and Grateful Tin Signs,WFF25006-2A,,,In Stock,,,,,,12,2.95,60,2.75,120,2.55,12,WingTai400,WingTai160,https://wingtai.solovue.com/images/products/list/desktop/WFF25006-2A.JPG,WFF25006-2A.JPG,,,WingTai800,WFF25006-2A.JPG
Farm Fresh Pumpkins Wood Sign,WFF25007,,,In Stock,,,,,,8,3.14,24,3.14,48,3.14,8,WingTai400,WingTai160,https://wingtai.solovue.com/images/products/list/desktop/WFF25007.JPG,WFF25007.JPG,,,WingTai800,WFF25007.JPG
Set of 2 Grateful and Blessed Pumpkin Blocks,WFF25017-2S,,,In Stock,,,,,,6,19.95,24,18.95,48,17.95,6,WingTai400,WingTai160,https://wingtai.solovue.com/images/products/list/desktop/WFF25017-2S.JPG,WFF25017-2S.JPG,,,WingTai800,WFF25017-2S.JPG
Autmun Engraved Block,WFF25021,,,In Stock,,,,,,4,10.99,12,9.99,24,9.19,4,WingTai400,WingTai160,https://wingtai.solovue.com/images/products/list/desktop/WFF25021.JPG,WFF25021.JPG,,,WingTai800,WFF25021.JPG
3 Asst Pumpkin Blocks,WFF25038-3A,,,In Stock,,,,,,24,3.99,48,3.69,72,3.39,24,WingTai400,WingTai160,https://wingtai.solovue.com/images/products/list/desktop/WFF25038-3A.JPG,WFF25038-3A.JPG,,,WingTai800,WFF25038-3A.JPG
Hello Fall Sunflower Tag,WFF25045,,,In Stock,,,,,,24,1.39,72,1.39,144,1.39,24,WingTai400,WingTai160,https://wingtai.solovue.com/images/products/list/desktop/WFF25045.JPG,WFF25045.JPG,,,WingTai800,WFF25045.JPG
I Think I Love Fall Sign,WFF25152,,,In Stock,,,,,,8,4.89,12,4.89,24,4.89,8,WingTai400,WingTai160,https://wingtai.solovue.com/images/products/list/desktop/WFF25152.JPG,WFF25152.JPG,,,WingTai800,WFF25152.JPG
Simply Blessed Pumpkin Stand,WFF25238,,,In Stock,,,,,,12,2.44,24,2.44,48,2.44,12,WingTai400,WingTai160,https://wingtai.solovue.com/images/products/list/desktop/WFF25238.JPG,WFF25238.JPG,,,WingTai800,WFF25238.JPG
Happy Harvest Block,WFF25609,,,In Stock,,,,,,12,1.16,12,1.16,24,1.16,12,WingTai400,WingTai160,https://wingtai.solovue.com/images/products/list/desktop/WFF25609.JPG,WFF25609.JPG,,,WingTai800,WFF25609.JPG
White Wood Ornate Pumpkin Stake,WFF25736,,,In Stock,,,,,,24,1.53,36,1.53,72,1.53,24,WingTai400,WingTai160,https://wingtai.solovue.com/images/products/list/desktop/WFF25736.JPG,WFF25736.JPG,,,WingTai800,WFF25736.JPG
White Wood Ornate Pumpkin Hanging Bead Ornament,WFF25737,,,In Stock,,,,,,12,2.68,18,2.68,36,2.68,12,WingTai400,WingTai160,https://wingtai.solovue.com/images/products/list/desktop/WFF25737.JPG,WFF25737.JPG,,,WingTai800,WFF25737.JPG
Set of 2 Blessed and Thankful Leaf Bead Hangers,WFF25742-2S,,,In Stock,,,,,,8,5.95,36,5.45,72,4.95,8,WingTai400,WingTai160,https://wingtai.solovue.com/images/products/list/desktop/WFF25742-2S.JPG,WFF25742-2S.JPG,,,WingTai800,WFF25742-2S.JPG
Blessed Dark Wood Bead Hanger,WFF25753,,,In Stock,,,,,,8,6.99,24,6.39,48,5.79,8,WingTai400,WingTai160,https://wingtai.solovue.com/images/products/list/desktop/WFF25753.JPG,WFF25753.JPG,,,WingTai800,WFF25753.JPG
Gather Bead Hanger Tag,WFF25756,,,In Stock,,,,,,12,2.1,18,2.1,36,2.1,12,WingTai400,WingTai160,https://wingtai.solovue.com/images/products/list/desktop/WFF25756.JPG,WFF25756.JPG,,,WingTai800,WFF25756.JPG
Pumpkin Patch Open Daily Tag,WFF25761,,,In Stock,,,,,,12,1.99,24,1.79,48,1.59,12,WingTai400,WingTai160,https://wingtai.solovue.com/images/products/list/desktop/WFF25761.JPG,WFF25761.JPG,,,WingTai800,WFF25761.JPG
Candy Corn Bead Garland,WFQ25764,,,In Stock,,,,,,16,2.44,36,2.44,72,2.44,16,WingTai400,WingTai160,https://wingtai.solovue.com/images/products/list/desktop/WFQ25764.JPG,WFQ25764.JPG,,,WingTai800,WFQ25764.JPG
"Orange, Tan and Green Bead Garland",WFQ25765,,,In Stock,,,,,,8,5.47,24,5.47,48,5.47,8,WingTai400,WingTai160,https://wingtai.solovue.com/images/products/list/desktop/WFQ25765.JPG,WFQ25765.JPG,,,WingTai800,WFQ25765.JPG
Small White Knit Pumpkin,DFQ25127,,,In Stock,,,,,,8,5.95,24,5.45,48,4.95,8,WingTai400,WingTai160,https://wingtai.solovue.com/images/products/list/desktop/DFQ25127.JPG,DFQ25127.JPG,,,WingTai800,DFQ25127.JPG
Charley (Sage Gnome w/Fluffy White Star),DXF26900,,,In Stock,,,,,,6,6.29,6,6.29,12,6.29,6,WingTai400,WingTai160,https://wingtai.solovue.com/images/products/list/desktop/DXF26900.JPG,DXF26900.JPG,,,WingTai800,DXF26900.JPG
Walter (Tan Lumberjack Hat Gnome),DXF26920,,,In Stock,,,,,,2,12.97,4,12.97,8,12.97,2,WingTai400,WingTai160,https://wingtai.solovue.com/images/products/list/desktop/DXF26920.JPG,DXF26920.JPG,,,WingTai800,DXF26920.JPG
Mickey (Tall Standing Skinny Leg Moose),DXF26939,,,In Stock,,,,,,4,14,4,14,8,14,4,WingTai400,WingTai160,https://wingtai.solovue.com/images/products/list/desktop/DXF26939.JPG,DXF26939.JPG,,,WingTai800,DXF26939.JPG
Short Red Hat Standing Gnome,DXF26945,,,In Stock,,,,,,8,5.25,12,5.25,24,5.25,8,WingTai400,WingTai160,https://wingtai.solovue.com/images/products/list/desktop/DXF26945.JPG,DXF26945.JPG,,,WingTai800,DXF26945.JPG
2 Asst Joy Star and Peace Tree Ornaments,DXQ26136-2A,,,In Stock,,,,,,36,1.05,54,1.05,108,1.05,36,WingTai400,WingTai160,https://wingtai.solovue.com/images/products/list/desktop/DXQ26136-2A.JPG,DXQ26136-2A.JPG,,,WingTai800,DXQ26136-2A.JPG
2 Asst Winter Tartan Snowman Heads,DXQ26142-2A,,,In Stock,,,,,,8,8.95,24,8.15,40,7.35,8,WingTai400,WingTai160,https://wingtai.solovue.com/images/products/list/desktop/DXQ26142-2A.JPG,DXQ26142-2A.JPG,,,WingTai800,DXQ26142-2A.JPG
Snowflake Lodge Pillow,DXQ26249,,,In Stock,,,,,,16,1.74,48,1.74,96,1.74,16,WingTai400,WingTai160,https://wingtai.solovue.com/images/products/list/desktop/DXQ26249.JPG,DXQ26249.JPG,,,WingTai800,DXQ26249.JPG
Winter Tartan Top Hat 3-Stack Snowman,DXQ26277,,,In Stock,,,,,,4,23.95,8,21.95,12,19.95,4,WingTai400,WingTai160,https://wingtai.solovue.com/images/products/list/desktop/DXQ26277.JPG,DXQ26277.JPG,,,WingTai800,DXQ26277.JPG
Winter Tartan Plush Snowman,DXQ26295,,,In Stock,,,,,,8,5.24,8,5.24,16,5.24,8,WingTai400,WingTai160,https://wingtai.solovue.com/images/products/list/desktop/DXQ26295.JPG,DXQ26295.JPG,,,WingTai800,DXQ26295.JPG
2 Asst Tan and Yellow Sunflower Magnets,MFF25043-2A,,,In Stock,,,,,,12,5.95,48,5.45,96,4.95,12,WingTai400,WingTai160,https://wingtai.solovue.com/images/products/list/desktop/MFF25043-2A.JPG,MFF25043-2A.JPG,,,WingTai800,MFF25043-2A.JPG
Set of 2 Galvanized Pumpkin Buckets,MFF25054-2S,,,In Stock,,,,,,2,19.97,4,19.97,8,19.97,2,WingTai400,WingTai160,https://wingtai.solovue.com/images/products/list/desktop/MFF25054-2S.JPG,MFF25054-2S.JPG,,,WingTai800,MFF25054-2S.JPG
Copper and Galvanized Turkey Plate Hanger,MFF25104,,,In Stock,,,,,,8,13.64,8,13.64,16,13.64,8,WingTai400,WingTai160,https://wingtai.solovue.com/images/products/list/desktop/MFF25104.JPG,MFF25104.JPG,,,WingTai800,MFF25104.JPG
Set of 2 Sunflower Boat Buckets,MFF25818-2S,,,In Stock,,,,,,3,39.99,6,36.99,9,33.99,3,WingTai400,WingTai160,https://wingtai.solovue.com/images/products/list/desktop/MFF25818-2S.JPG,MFF25818-2S.JPG,,,WingTai800,MFF25818-2S.JPG
Snowflake Christmas Tree Stand,MXF26057,,,In Stock,,,,,,3,12.97,6,12.97,12,12.97,3,WingTai400,WingTai160,https://wingtai.solovue.com/images/products/list/desktop/MXF26057.JPG,MXF26057.JPG,,,WingTai800,MXF26057.JPG
Small Golden Bell,MXF26062,,,In Stock,,,,,,6,6.99,12,6.39,24,5.79,6,WingTai400,WingTai160,https://wingtai.solovue.com/images/products/list/desktop/MXF26062.JPG,MXF26062.JPG,,,WingTai800,MXF26062.JPG
Set of 2 Metal Frame Wood Base Lanterns,MXF26068-2S,,,In Stock,,,,,,2,39.99,4,34.99,8,32.99,2,WingTai400,WingTai160,https://wingtai.solovue.com/images/products/list/desktop/MXF26068-2S.JPG,MXF26068-2S.JPG,,,WingTai800,MXF26068-2S.JPG
Set of 2 Green and Red Holiday Planters,MXF26102-2S,,,In Stock,,,,,,4,6.97,8,6.97,16,6.97,4,WingTai400,WingTai160,https://wingtai.solovue.com/images/products/list/desktop/MXF26102-2S.JPG,MXF26102-2S.JPG,,,WingTai800,MXF26102-2S.JPG
Galvanized Embossed Owl Hanger,MXF26103,,,In Stock,,,,,,4,10.47,8,10.47,12,10.47,4,WingTai400,WingTai160,https://wingtai.solovue.com/images/products/list/desktop/MXF26103.JPG,MXF26103.JPG,,,WingTai800,MXF26103.JPG
Green Merry Christmas Reindeer Bell,MXF26120GN,,,In Stock,,,,,,4,8.47,8,8.47,16,8.47,4,WingTai400,WingTai160,https://wingtai.solovue.com/images/products/list/desktop/MXF26120GN.JPG,MXF26120GN.JPG,,,WingTai800,MXF26120GN.JPG
Set of 2 Cardinal Buckets,MXF26260-2S,,,In Stock,,,,,,8,5.76,12,5.76,24,5.76,8,WingTai400,WingTai160,https://wingtai.solovue.com/images/products/list/desktop/MXF26260-2S.JPG,MXF26260-2S.JPG,,,WingTai800,MXF26260-2S.JPG
S/2 Pendulum Candle Holders,MXF26343-2S,,,In Stock,,,,,,2,24.97,4,24.97,8,24.97,2,WingTai400,WingTai160,https://wingtai.solovue.com/images/products/list/desktop/MXF26343-2S.JPG,MXF26343-2S.JPG,,,WingTai800,MXF26343-2S.JPG
S/2 Black Framed Arch Top Lanterns,MXF26817-2S,,,In Stock,,,,,,2,65.95,4,57.95,6,51.95,2,WingTai400,WingTai160,https://wingtai.solovue.com/images/products/list/desktop/MXF26817-2S.JPG,MXF26817-2S.JPG,,,WingTai800,MXF26817-2S.JPG
3 Asst Frosty Sky Ornaments,MXF26820-3A,,,Out of Stock,,,,,,24,5.99,48,5.49,72,4.99,24,WingTai400,WingTai160,https://wingtai.solovue.com/images/products/list/desktop/MXF26820-3A.JPG,MXF26820-3A.JPG,,,WingTai800,MXF26820-3A.JPG
S/2 Whitewashed Galvanized Lanterns,MXF26854-2S,,,In Stock,,,,,,2,37.95,6,34.9,12,31.95,2,WingTai400,WingTai160,https://wingtai.solovue.com/images/products/list/desktop/MXF26854-2S.JPG,MXF26854-2S.JPG,,,WingTai800,MXF26854-2S.JPG
S/2 Wood Base Black Frame Lanterns (Assembled),MXF26857-2S,,,In Stock,,,,,,6,31.95,12,28.95,24,26.95,6,WingTai400,WingTai160,https://wingtai.solovue.com/images/products/list/desktop/MXF26857-2S.JPG,MXF26857-2S.JPG,,,WingTai800,MXF26857-2S.JPG
Wide Leaf-Engraved Orange Resin Pumpkin - TS,RFF25079,,,In Stock,,,,,,8,8.99,16,7.99,32,7.39,8,WingTai400,WingTai160,https://wingtai.solovue.com/images/products/list/desktop/RFF25079.JPG,RFF25079.JPG,,,WingTai800,RFF25079.JPG
Tall Leaf-Engraved Orange Resin Pumpkin - TS,RFF25080,,,In Stock,,,,,,6,11.99,12,10.49,24,9.79,6,WingTai400,WingTai160,https://wingtai.solovue.com/images/products/list/desktop/RFF25080.JPG,RFF25080.JPG,,,WingTai800,RFF25080.JPG
Small Tan Resin Acorn,RFF25087,,,In Stock,,,,,,48,2.95,96,2.75,144,2.55,48,WingTai400,WingTai160,https://wingtai.solovue.com/images/products/list/desktop/RFF25087.JPG,RFF25087.JPG,,,WingTai800,RFF25087.JPG
Short Gray Cement Taper and Pillar Holder,RXF26069,,,In Stock,,,,,,6,6.99,12,6.19,24,5.79,6,WingTai400,WingTai160,https://wingtai.solovue.com/images/products/list/desktop/RXF26069.JPG,RXF26069.JPG,,,WingTai800,RXF26069.JPG
White and Gold Present Resin Snowman,RXF26636,,,In Stock,,,,,,4,5.9,12,5.9,24,5.9,4,WingTai400,WingTai160,https://wingtai.solovue.com/images/products/list/desktop/RXF26636.JPG,RXF26636.JPG,,,WingTai800,RXF26636.JPG
Silver Tree Resin Penguin,RXF26637,,,In Stock,,,,,,4,6.64,4,6.64,8,6.64,4,WingTai400,WingTai160,https://wingtai.solovue.com/images/products/list/desktop/RXF26637.JPG,RXF26637.JPG,,,WingTai800,RXF26637.JPG
Resin Red Scarf and Top Hat Snowman,RXF26639,,,In Stock,,,,,,4,8.99,16,7.99,32,7.39,4,WingTai400,WingTai160,https://wingtai.solovue.com/images/products/list/desktop/RXF26639.JPG,RXF26639.JPG,,,WingTai800,RXF26639.JPG
2 Asst Red and White Holiday Resin Owls,RXF26640-2A,,,In Stock,,,,,,4,9.95,16,9.15,32,8.35,4,WingTai400,WingTai160,https://wingtai.solovue.com/images/products/list/desktop/RXF26640-2A.JPG,RXF26640-2A.JPG,,,WingTai800,RXF26640-2A.JPG
Golden Resin Christmas Tree - TS,RXF26655,,,In Stock,,,,,,4,5.95,24,5.45,48,4.95,4,WingTai400,WingTai160,https://wingtai.solovue.com/images/products/list/desktop/RXF26655.JPG,RXF26655.JPG,,,WingTai800,RXF26655.JPG
2 Asst Green Tree Hat Gnome Ornaments,RXF26661-2A,,,In Stock,,,,,,24,1.14,36,1.14,72,1.14,24,WingTai400,WingTai160,https://wingtai.solovue.com/images/products/list/desktop/RXF26661-2A.JPG,RXF26661-2A.JPG,,,WingTai800,RXF26661-2A.JPG
Pink and Gray Hat Resin Gnome,RXF26666,,,In Stock,,,,,,24,1.4,36,1.4,72,1.4,24,WingTai400,WingTai160,https://wingtai.solovue.com/images/products/list/desktop/RXF26666.JPG,RXF26666.JPG,,,WingTai800,RXF26666.JPG
Winter Ponderosa Pine Tree,FXD26188T-24,,,In Stock,,,,,,4,6.64,6,6.64,12,6.64,4,WingTai400,WingTai160,https://wingtai.solovue.com/images/products/list/desktop/FXD26188T-24.JPG,FXD26188T-24.JPG,,,WingTai800,FXD26188T-24.JPG
Golden Holly Garland,FXQ26694G,,,In Stock,,,,,,12,4.9,18,4.9,36,4.9,12,WingTai400,WingTai160,https://wingtai.solovue.com/images/products/list/desktop/FXQ26694G.JPG,FXQ26694G.JPG,,,WingTai800,FXQ26694G.JPG
Winter Delight Candle Ring,FXQ26704CL,,,Out of Stock,,,,,,6,5.95,48,5.45,96,4.95,6,WingTai400,WingTai160,https://wingtai.solovue.com/images/products/list/desktop/FXQ26704CL.JPG,FXQ26704CL.JPG,,,WingTai800,FXQ26704CL.JPG
Winter Delight Garland,FXQ26704G,,,Out of Stock,,,,,,4,19.99,12,18.99,24,17.99,4,WingTai400,WingTai160,https://wingtai.solovue.com/images/products/list/desktop/FXQ26704G.JPG,FXQ26704G.JPG,,,WingTai800,FXQ26704G.JPG
Mountain Juniper Candle Ring,FXQ26712CL,,,Out of Stock,,,,,,12,4.95,48,4.55,96,4.15,12,WingTai400,WingTai160,https://wingtai.solovue.com/images/products/list/desktop/FXQ26712CL.JPG,FXQ26712CL.JPG,,,WingTai800,FXQ26712CL.JPG
Winter Wonder Pick,FXQ26722B-21,,,In Stock,,,,,,24,1.39,36,1.39,72,1.39,24,WingTai400,WingTai160,https://wingtai.solovue.com/images/products/list/desktop/FXQ26722B-21.JPG,FXQ26722B-21.JPG,,,WingTai800,FXQ26722B-21.JPG
Small Red Knit Poinsettia,FXQ26778-4.5,,,In Stock,,,,,,24,1.16,,,,,24,WingTai400,WingTai160,https://wingtai.solovue.com/images/products/list/desktop/FXQ26778-4.5.JPG,FXQ26778-4.5.JPG,,,WingTai800,FXQ26778-4.5.JPG
Large Red Knit Poinsettia,FXQ26778-7.5,,,In Stock,,,,,,24,1.54,,,,,24,WingTai400,WingTai160,https://wingtai.solovue.com/images/products/list/desktop/FXQ26778-7.5.JPG,FXQ26778-7.5.JPG,,,WingTai800,FXQ26778-7.5.JPG
Small White Knit Poinsettia,FXQ26779-4.5,,,In Stock,,,,,,24,1.05,,,,,24,WingTai400,WingTai160,https://wingtai.solovue.com/images/products/list/desktop/FXQ26779-4.5.JPG,FXQ26779-4.5.JPG,,,WingTai800,FXQ26779-4.5.JPG
Herringbone Reindeer Pick,FXQ26788,,,In Stock,,,,,,12,3.99,48,3.69,96,3.39,12,WingTai400,WingTai160,https://wingtai.solovue.com/images/products/list/desktop/FXQ26788.JPG,FXQ26788.JPG,,,WingTai800,FXQ26788.JPG
Tall Orange and Black Bottlebrush Tree,FXQ26801LG,,,In Stock,,,,,,6,5.95,12,5.45,24,4.95,6,WingTai400,WingTai160,https://wingtai.solovue.com/images/products/list/desktop/FXQ26801LG.JPG,FXQ26801LG.JPG,,,WingTai800,FXQ26801LG.JPG
2 Asst Christmas Lodge Glass Jars,GXS26251-2A,,,In Stock,,,,,,24,1.05,24,1.05,48,1.05,24,WingTai400,WingTai160,https://wingtai.solovue.com/images/products/list/desktop/GXS26251-2A.JPG,GXS26251-2A.JPG,,,WingTai800,GXS26251-2A.JPG
Herringbone Taper LED,LFS25315,,,In Stock,,,,,,24,2.54,96,2.54,192,2.54,24,WingTai400,WingTai160,https://wingtai.solovue.com/images/products/list/desktop/LFS25315.JPG,LFS25315.JPG,,,WingTai800,LFS25315.JPG
6 inch Rustic Tan Votive LED,LXS26144,,,In Stock,,,,,,24,5.95,36,5.25,72,4.95,24,WingTai400,WingTai160,https://wingtai.solovue.com/images/products/list/desktop/LXS26144.JPG,LXS26144.JPG,,,WingTai800,LXS26144.JPG
8 inch Rustic Tan Votive LED,LXS26145,,,In Stock,,,,,,12,6.95,24,6.15,48,5.65,12,WingTai400,WingTai160,https://wingtai.solovue.com/images/products/list/desktop/LXS26145.JPG,LXS26145.JPG,,,WingTai800,LXS26145.JPG
Tall Rustic Tan Pillar LED,LXS26147,,,In Stock,,,,,,8,9.45,24,8.45,48,7.65,8,WingTai400,WingTai160,https://wingtai.solovue.com/images/products/list/desktop/LXS26147.JPG,LXS26147.JPG,,,WingTai800,LXS26147.JPG
Christmas Trees Lodge Votive LED,LXS26254,,,In Stock,,,,,,48,2.1,48,2.1,96,2.1,48,WingTai400,WingTai160,https://wingtai.solovue.com/images/products/list/desktop/LXS26254.JPG,LXS26254.JPG,,,WingTai800,LXS26254.JPG
Lodge Votive LED,LXS26330,,,In Stock,,,,,,48,1.75,48,1.75,96,1.75,48,WingTai400,WingTai160,https://wingtai.solovue.com/images/products/list/desktop/LXS26330.JPG,LXS26330.JPG,,,WingTai800,LXS26330.JPG
Lodge Votive Taper,LXS26333,,,In Stock,,,,,,24,2.31,96,2.31,192,2.31,24,WingTai400,WingTai160,https://wingtai.solovue.com/images/products/list/desktop/LXS26333.JPG,LXS26333.JPG,,,WingTai800,LXS26333.JPG
Lodge Farm Fresh Xmas Trees Pillar LED,LXS26334,,,In Stock,,,,,,16,3.45,24,3.45,48,3.45,16,WingTai400,WingTai160,https://wingtai.solovue.com/images/products/list/desktop/LXS26334.JPG,LXS26334.JPG,,,WingTai800,LXS26334.JPG
Big Sunflower Pick,FFD25182B-16,,,Out of Stock,,,,,,12,5.95,36,5.45,72,4.95,12,WingTai400,WingTai160,https://wingtai.solovue.com/images/products/list/desktop/FFD25182B-16.JPG,FFD25182B-16.JPG,,,WingTai800,FFD25182B-16.JPG
Big Sunflower Candle Ring,FFD25182CL,,,Out of Stock,,,,,,6,6.99,36,6.39,72,5.79,6,WingTai400,WingTai160,https://wingtai.solovue.com/images/products/list/desktop/FFD25182CL.JPG,FFD25182CL.JPG,,,WingTai800,FFD25182CL.JPG
Fingergrass Bunch,FFD25196B,,,In Stock,,,,,,6,4.97,36,4.97,72,4.97,6,WingTai400,WingTai160,https://wingtai.solovue.com/images/products/list/desktop/FFD25196B.JPG,FFD25196B.JPG,,,WingTai800,FFD25196B.JPG
Fingergrass Candle Ring,FFD25197CL,,,In Stock,,,,,,8,5.97,48,5.97,96,5.97,8,WingTai400,WingTai160,https://wingtai.solovue.com/images/products/list/desktop/FFD25197CL.JPG,FFD25197CL.JPG,,,WingTai800,FFD25197CL.JPG
Fingergrass Large Ring,FFD25197CLL,,,In Stock,,,,,,6,9.97,24,9.97,48,9.97,6,WingTai400,WingTai160,https://wingtai.solovue.com/images/products/list/desktop/FFD25197CLL.JPG,FFD25197CLL.JPG,,,WingTai800,FFD25197CLL.JPG
Fingergrass Wreath,FFD25197W,,,In Stock,,,,,,2,19.97,4,19.97,8,19.97,2,WingTai400,WingTai160,https://wingtai.solovue.com/images/products/list/desktop/FFD25197W.JPG,FFD25197W.JPG,,,WingTai800,FFD25197W.JPG
Mini Wheat Pick,FFQ25679B-10,,,Out of Stock,,,,,,24,1.55,96,1.35,192,1.15,24,WingTai400,WingTai160,https://wingtai.solovue.com/images/products/list/desktop/FFQ25679B-10.JPG,FFQ25679B-10.JPG,,,WingTai800,FFQ25679B-10.JPG
Wheat Sheaf,FFQ25679P,,,In Stock,,,,,,12,2.8,24,2.8,48,2.8,12,WingTai400,WingTai160,https://wingtai.solovue.com/images/products/list/desktop/FFQ25679P.JPG,FFQ25679P.JPG,,,WingTai800,FFQ25679P.JPG
"Orange, Cream & White Carnation Mini Ring",FFQ25686CSS,,,In Stock,,,,,,50,0.69,100,0.69,150,0.69,50,WingTai400,WingTai160,https://wingtai.solovue.com/images/products/list/desktop/FFQ25686CSS.JPG,FFQ25686CSS.JPG,,,WingTai800,FFQ25686CSS.JPG
Dried Wheat Pick,FFQ25687B-24,,,In Stock,,,,,,12,5.99,60,5.49,120,4.99,12,WingTai400,WingTai160,https://wingtai.solovue.com/images/products/list/desktop/FFQ25687B-24.JPG,FFQ25687B-24.JPG,,,WingTai800,FFQ25687B-24.JPG
Dried Wheat Candle Ring,FFQ25687CL,,,In Stock,,,,,,12,5.95,60,5.45,120,4.95,12,WingTai400,WingTai160,https://wingtai.solovue.com/images/products/list/desktop/FFQ25687CL.JPG,FFQ25687CL.JPG,,,WingTai800,FFQ25687CL.JPG
Dried Goldenrod Pick,FFQ25688B-15,,,Out of Stock,,,,,,48,0.51,96,0.51,120,0.51,48,WingTai400,WingTai160,https://wingtai.solovue.com/images/products/list/desktop/FFQ25688B-15.JPG,FFQ25688B-15.JPG,,,WingTai800,FFQ25688B-15.JPG
Autumn in the Air Wreath,FFQ25716W,,,In Stock,,,,,,2,29.99,8,27.99,16,25.99,2,WingTai400,WingTai160,https://wingtai.solovue.com/images/products/list/desktop/FFQ25716W.JPG,FFQ25716W.JPG,,,WingTai800,FFQ25716W.JPG
Pack of 12 Wood Candy Corn Pieces,FFQ25794LG-12S,,,In Stock,,,,,,48,1.53,48,1.53,72,1.53,48,WingTai400,WingTai160,https://wingtai.solovue.com/images/products/list/desktop/FFQ25794LG-12S.JPG,FFQ25794LG-12S.JPG,,,WingTai800,FFQ25794LG-12S.JPG
Pack of 12 Wood Candy Corn Pieces,FFQ25794SM-12S,,,In Stock,,,,,,48,0.76,48,0.76,96,0.76,48,WingTai400,WingTai160,https://wingtai.solovue.com/images/products/list/desktop/FFQ25794SM-12S.JPG,FFQ25794SM-12S.JPG,,,WingTai800,FFQ25794SM-12S.JPG
Gold Bell Winter Pick,FXD26185B-15,,,In Stock,,,,,,12,2.1,36,2.1,72,2.1,12,WingTai400,WingTai160,https://wingtai.solovue.com/images/products/list/desktop/FXD26185B-15.JPG,FXD26185B-15.JPG,,,WingTai800,FXD26185B-15.JPG
Gold Bell Winter Candle Ring,FXD26185CL,,,In Stock,,,,,,12,2.45,36,2.45,72,2.45,12,WingTai400,WingTai160,https://wingtai.solovue.com/images/products/list/desktop/FXD26185CL.JPG,FXD26185CL.JPG,,,WingTai800,FXD26185CL.JPG
Large Arch Hook,547,,,In Stock,,,,,,12,4.49,36,3.99,72,3.59,12,WingTai400,WingTai160,https://wingtai.solovue.com/images/products/list/desktop/547.JPG,547.JPG,,,WingTai800,547.JPG
Gardner Big Ear Bunny Gnome,DAF31909,,,In Stock,,,,,,4,6.47,12,6.47,24,6.47,4,WingTai400,WingTai160,https://wingtai.solovue.com/images/products/list/desktop/DAF31909.JPG,DAF31909.JPG,,,WingTai800,DAF31909.JPG
Geoff Standing Bunny Carrot Hat Gnome,DAF31911,,,In Stock,,,,,,4,9.97,8,9.97,16,9.97,4,WingTai400,WingTai160,https://wingtai.solovue.com/images/products/list/desktop/DAF31911.JPG,DAF31911.JPG,,,WingTai800,DAF31911.JPG
Gerald Tan_Cream Bunny Ear Gnome,DAF31912,,,In Stock,,,,,,6,7.77,12,7.77,24,7.77,6,WingTai400,WingTai160,https://wingtai.solovue.com/images/products/list/desktop/DAF31912.JPG,DAF31912.JPG,,,WingTai800,DAF31912.JPG
2 Asst Plush Patches Bunnies,DAQ34232-2A,,,In Stock,,,,,,12,2.37,36,2.37,72,2.37,12,WingTai400,WingTai160,https://wingtai.solovue.com/images/products/list/desktop/DAQ34232-2A.JPG,DAQ34232-2A.JPG,,,WingTai800,DAQ34232-2A.JPG
Lavender Orb,FAD34171,,,In Stock,,,,,,4,9.99,16,8.99,32,8.29,4,WingTai400,WingTai160,https://wingtai.solovue.com/images/products/list/desktop/FAD34171.JPG,FAD34171.JPG,,,WingTai800,FAD34171.JPG
Daisy Pick,FAD34181B,,,In Stock,,,,,,12,3.95,60,3.45,120,3.25,12,WingTai400,WingTai160,https://wingtai.solovue.com/images/products/list/desktop/FAD34181B.JPG,FAD34181B.JPG,,,WingTai800,FAD34181B.JPG
Black Rabbit's Tail Grass Bunch,FAQ34222B,,,In Stock,,,,,,6,5.77,42,5.77,84,5.77,6,WingTai400,WingTai160,https://wingtai.solovue.com/images/products/list/desktop/FAQ34222B.JPG,FAQ34222B.JPG,,,WingTai800,FAQ34222B.JPG
Natural Rabbit's Tail Grass Bunch,FAQ34223B,,,In Stock,,,,,,12,5.95,42,5.25,84,4.95,12,WingTai400,WingTai160,https://wingtai.solovue.com/images/products/list/desktop/FAQ34223B.JPG,FAQ34223B.JPG,,,WingTai800,FAQ34223B.JPG
White Rabbit's Tail Grass Bunch,FAQ34224B,,,In Stock,,,,,,6,5.97,42,5.97,84,5.97,6,WingTai400,WingTai160,https://wingtai.solovue.com/images/products/list/desktop/FAQ34224B.JPG,FAQ34224B.JPG,,,WingTai800,FAQ34224B.JPG
White Feather Reed Bunch,FAQ34227B,,,In Stock,,,,,,8,4.95,40,4.35,80,3.95,8,WingTai400,WingTai160,https://wingtai.solovue.com/images/products/list/desktop/FAQ34227B.JPG,FAQ34227B.JPG,,,WingTai800,FAQ34227B.JPG
3 Stem Eucalyptus Pick,FAQ34780B-23,,,In Stock,,,,,,12,1.5,48,1.5,108,1.5,12,WingTai400,WingTai160,https://wingtai.solovue.com/images/products/list/desktop/FAQ34780B-23.JPG,FAQ34780B-23.JPG,,,WingTai800,FAQ34780B-23.JPG
Natural Bead Hanger with Jute Ends,FAQ34786,,,In Stock,,,,,,12,4.95,36,4.35,72,3.95,12,WingTai400,WingTai160,https://wingtai.solovue.com/images/products/list/desktop/FAQ34786.JPG,FAQ34786.JPG,,,WingTai800,FAQ34786.JPG
Sorghum Candle Ring,FAQ34795CL,,,In Stock,,,,,,12,3.97,60,3.97,120,3.97,12,WingTai400,WingTai160,https://wingtai.solovue.com/images/products/list/desktop/FAQ34795CL.JPG,FAQ34795CL.JPG,,,WingTai800,FAQ34795CL.JPG
Sorghum Wreath,FAQ34795W,,,In Stock,,,,,,2,22.99,6,20.99,12,19.99,2,WingTai400,WingTai160,https://wingtai.solovue.com/images/products/list/desktop/FAQ34795W.JPG,FAQ34795W.JPG,,,WingTai800,FAQ34795W.JPG
2 Asst Tan_Natural Feather Picks,FAQ34800-2A,,,In Stock,,,,,,24,4.45,72,3.95,120,3.65,24,WingTai400,WingTai160,https://wingtai.solovue.com/images/products/list/desktop/FAQ34800-2A.JPG,FAQ34800-2A.JPG,,,WingTai800,FAQ34800-2A.JPG
Braided Loop Hanger,FAQ34804,,,In Stock,,,,,,12,2.75,36,2.45,72,2.25,12,WingTai400,WingTai160,https://wingtai.solovue.com/images/products/list/desktop/FAQ34804.JPG,FAQ34804.JPG,,,WingTai800,FAQ34804.JPG
2 Asst Cream_Purple Thistle_Lamb's Ear Picks,FAQ34806-2A,,,In Stock,,,,,,12,6.99,60,6.39,120,5.79,12,WingTai400,WingTai160,https://wingtai.solovue.com/images/products/list/desktop/FAQ34806-2A.JPG,FAQ34806-2A.JPG,,,WingTai800,FAQ34806-2A.JPG
Natural Bead Loop Hanger,FAQ34807NA,,,In Stock,,,,,,12,2.27,48,2.27,93,2.27,12,WingTai400,WingTai160,https://wingtai.solovue.com/images/products/list/desktop/FAQ34807NA.JPG,FAQ34807NA.JPG,,,WingTai800,FAQ34807NA.JPG
Natural Beargrass Stem Pick,FAQ34810B,,,In Stock,,,,,,24,1.97,72,1.97,144,1.97,24,WingTai400,WingTai160,https://wingtai.solovue.com/images/products/list/desktop/FAQ34810B.JPG,FAQ34810B.JPG,,,WingTai800,FAQ34810B.JPG
Twig_Feathergrass Pick,FAQ34815B,,,In Stock,,,,,,24,1.47,72,1.47,144,1.47,24,WingTai400,WingTai160,https://wingtai.solovue.com/images/products/list/desktop/FAQ34815B.JPG,FAQ34815B.JPG,,,WingTai800,FAQ34815B.JPG
White Cattails Pick,FAQ34816B,,,In Stock,,,,,,24,1.97,72,1.97,144,1.97,24,WingTai400,WingTai160,https://wingtai.solovue.com/images/products/list/desktop/FAQ34816B.JPG,FAQ34816B.JPG,,,WingTai800,FAQ34816B.JPG
Lillyleaf Stem Pick,FAQ34819B,,,In Stock,,,,,,24,1.37,72,1.37,144,1.37,24,WingTai400,WingTai160,https://wingtai.solovue.com/images/products/list/desktop/FAQ34819B.JPG,FAQ34819B.JPG,,,WingTai800,FAQ34819B.JPG
Daisy_White Lavender Pick,FAQ34821B,,,In Stock,,,,,,24,2.75,72,2.45,144,2.25,24,WingTai400,WingTai160,https://wingtai.solovue.com/images/products/list/desktop/FAQ34821B.JPG,FAQ34821B.JPG,,,WingTai800,FAQ34821B.JPG
Green_Purple Spleenwort Bundle,FAQ34825B,,,In Stock,,,,,,12,3.95,72,3.45,144,3.15,12,WingTai400,WingTai160,https://wingtai.solovue.com/images/products/list/desktop/FAQ34825B.JPG,FAQ34825B.JPG,,,WingTai800,FAQ34825B.JPG
Black Eye Susan Mini Ring,FAQ34828CSS,,,In Stock,,,,,,36,0.97,72,0.97,144,0.97,36,WingTai400,WingTai160,https://wingtai.solovue.com/images/products/list/desktop/FAQ34828CSS.JPG,FAQ34828CSS.JPG,,,WingTai800,FAQ34828CSS.JPG
Small Lavender Glass Jar,GAS34116,,,In Stock,,,,,,6,2.57,24,2.57,48,2.57,6,WingTai400,WingTai160,https://wingtai.solovue.com/images/products/list/desktop/GAS34116.JPG,GAS34116.JPG,,,WingTai800,GAS34116.JPG
Small Black Glass Bottle - TS,GAS34176,,,In Stock,,,,,,8,2.95,24,2.55,48,2.35,8,WingTai400,WingTai160,https://wingtai.solovue.com/images/products/list/desktop/GAS34176.JPG,GAS34176.JPG,,,WingTai800,GAS34176.JPG
Large Black Glass Bottle - TS,GAS34177,,,In Stock,,,,,,6,3.99,18,3.49,36,3.29,6,WingTai400,WingTai160,https://wingtai.solovue.com/images/products/list/desktop/GAS34177.JPG,GAS34177.JPG,,,WingTai800,GAS34177.JPG
Tapered Glass Jar With Beaded Handle,GAS34238,,,In Stock,,,,,,6,6.49,12,5.69,24,5.19,6,WingTai400,WingTai160,https://wingtai.solovue.com/images/products/list/desktop/GAS34238.JPG,GAS34238.JPG,,,WingTai800,GAS34238.JPG
Messy Kitchen Tall LED Votive,LAS34120,,,In Stock,,,,,,12,5.99,24,5.59,48,4.99,12,WingTai400,WingTai160,https://wingtai.solovue.com/images/products/list/desktop/LAS34120.JPG,LAS34120.JPG,,,WingTai800,LAS34120.JPG
Locally Grown Sunflowers Small LED Pillar,LAS34132,,,In Stock,,,,,,8,4.97,24,4.97,48,4.97,8,WingTai400,WingTai160,https://wingtai.solovue.com/images/products/list/desktop/LAS34132.JPG,LAS34132.JPG,,,WingTai800,LAS34132.JPG
Locally Grown Sunflowers Large LED Pillar,LAS34133,,,In Stock,,,,,,6,9.99,18,8.99,36,8.39,6,WingTai400,WingTai160,https://wingtai.solovue.com/images/products/list/desktop/LAS34133.JPG,LAS34133.JPG,,,WingTai800,LAS34133.JPG
Short Thick Cinnamon LED Pillar,LAS34136,,,In Stock,,,,,,6,12.99,18,11.99,36,10.99,6,WingTai400,WingTai160,https://wingtai.solovue.com/images/products/list/desktop/LAS34136.JPG,LAS34136.JPG,,,WingTai800,LAS34136.JPG
Medium Cinnamon LED Votive,LAS34140,,,In Stock,,,,,,12,8.99,24,7.99,48,7.29,12,WingTai400,WingTai160,https://wingtai.solovue.com/images/products/list/desktop/LAS34140.JPG,LAS34140.JPG,,,WingTai800,LAS34140.JPG
Tall Cinnamon LED Votive,LAS34141,,,In Stock,,,,,,12,9.99,24,8.99,48,8.29,12,WingTai400,WingTai160,https://wingtai.solovue.com/images/products/list/desktop/LAS34141.JPG,LAS34141.JPG,,,WingTai800,LAS34141.JPG
Short Black_White Chevron LED Taper,LAS34203,,,In Stock,,,,,,12,6.99,48,6.49,96,5.99,12,WingTai400,WingTai160,https://wingtai.solovue.com/images/products/list/desktop/LAS34203.JPG,LAS34203.JPG,,,WingTai800,LAS34203.JPG
3 Asst Sunflower LED Pillars,LAS34205-3A,,,In Stock,,,,,,12,4.77,24,4.77,48,4.77,12,WingTai400,WingTai160,https://wingtai.solovue.com/images/products/list/desktop/LAS34205-3A.JPG,LAS34205-3A.JPG,,,WingTai800,LAS34205-3A.JPG
S/2 Welcome Lavender Buckets (No Handles),MAF34083-2S,,,In Stock,,,,,,6,13.95,12,12.95,24,11.95,6,WingTai400,WingTai160,https://wingtai.solovue.com/images/products/list/desktop/MAF34083-2S.JPG,MAF34083-2S.JPG,,,WingTai800,MAF34083-2S.JPG
S/2 Semicircle Boho Hanging Shelves,MAF34669-2S,,,In Stock,,,,,,2,28.99,6,24.99,12,21.99,2,WingTai400,WingTai160,https://wingtai.solovue.com/images/products/list/desktop/MAF34669-2S.JPG,MAF34669-2S.JPG,,,WingTai800,MAF34669-2S.JPG
Antique White Resin Rooster,RAF34011,,,In Stock,,,,,,6,8.99,16,7.99,32,7.29,6,WingTai400,WingTai160,https://wingtai.solovue.com/images/products/list/desktop/RAF34011.JPG,RAF34011.JPG,,,WingTai800,RAF34011.JPG
2 Asst Green_Cream Resin Chickadees - TS,RAF34013-2A,,,In Stock,,,,,,12,4.15,36,3.65,72,3.25,12,WingTai400,WingTai160,https://wingtai.solovue.com/images/products/list/desktop/RAF34013-2A.JPG,RAF34013-2A.JPG,,,WingTai800,RAF34013-2A.JPG
Large Wood Style Resin Cutout Bunny,RAF34026,,,In Stock,,,,,,4,16.99,8,14.99,12,13.99,4,WingTai400,WingTai160,https://wingtai.solovue.com/images/products/list/desktop/RAF34026.JPG,RAF34026.JPG,,,WingTai800,RAF34026.JPG
Small Wood Style Resin Cutout Bunny,RAF34027,,,Out of Stock,,,,,,6,9.95,12,8.95,24,8.35,6,WingTai400,WingTai160,https://wingtai.solovue.com/images/products/list/desktop/RAF34027.JPG,RAF34027.JPG,,,WingTai800,RAF34027.JPG
2 Asst Antique Tan Resin Bunny Cutouts,RAF34186-2A,,,In Stock,,,,,,4,16.99,12,14.99,24,13.99,4,WingTai400,WingTai160,https://wingtai.solovue.com/images/products/list/desktop/RAF34186-2A.JPG,RAF34186-2A.JPG,,,WingTai800,RAF34186-2A.JPG
Little Ceramic Owl Planter,RAF34695,,,In Stock,,,,,,8,6.49,12,5.79,24,5.19,8,WingTai400,WingTai160,https://wingtai.solovue.com/images/products/list/desktop/RAF34695.JPG,RAF34695.JPG,,,WingTai800,RAF34695.JPG
Resin Bird Mini Planter,RAF34704,,,In Stock,,,,,,6,7.35,12,6.45,24,5.95,6,WingTai400,WingTai160,https://wingtai.solovue.com/images/products/list/desktop/RAF34704.JPG,RAF34704.JPG,,,WingTai800,RAF34704.JPG
Mama_Baby Resin Bunny (Single Piece) - TS,RAF34708,,,In Stock,,,,,,4,16.99,8,14.99,12,13.99,4,WingTai400,WingTai160,https://wingtai.solovue.com/images/products/list/desktop/RAF34708.JPG,RAF34708.JPG,,,WingTai800,RAF34708.JPG
Resin Bunny with Basket,RAF34709,,,In Stock,,,,,,4,16.99,8,14.99,16,13.99,4,WingTai400,WingTai160,https://wingtai.solovue.com/images/products/list/desktop/RAF34709.JPG,RAF34709.JPG,,,WingTai800,RAF34709.JPG
S/2 Wood Trays with Bead Handles,WAF34035-2S,,,In Stock,,,,,,4,29.95,6,26.99,12,25.99,4,WingTai400,WingTai160,https://wingtai.solovue.com/images/products/list/desktop/WAF34035-2S.JPG,WAF34035-2S.JPG,,,WingTai800,WAF34035-2S.JPG
Cutout Bunny Bead Garland,WAF34056,,,In Stock,,,,,,6,5.79,24,5.79,48,5.79,6,WingTai400,WingTai160,https://wingtai.solovue.com/images/products/list/desktop/WAF34056.JPG,WAF34056.JPG,,,WingTai800,WAF34056.JPG
Blessed Bead Ornament,WAF34057,,,In Stock,,,,,,6,2.97,24,2.97,48,2.97,6,WingTai400,WingTai160,https://wingtai.solovue.com/images/products/list/desktop/WAF34057.JPG,WAF34057.JPG,,,WingTai800,WAF34057.JPG
Farm Fresh Lavender Block,WAF34060,,,In Stock,,,,,,6,1.47,12,1.47,24,1.47,6,WingTai400,WingTai160,https://wingtai.solovue.com/images/products/list/desktop/WAF34060.JPG,WAF34060.JPG,,,WingTai800,WAF34060.JPG
Carved Love Round Hanger,WAF34064,,,In Stock,,,,,,6,2.97,12,2.97,24,2.97,6,WingTai400,WingTai160,https://wingtai.solovue.com/images/products/list/desktop/WAF34064.JPG,WAF34064.JPG,,,WingTai800,WAF34064.JPG
Carved Home Round Hanger,WAF34065,,,In Stock,,,,,,6,2.97,12,2.97,24,2.97,6,WingTai400,WingTai160,https://wingtai.solovue.com/images/products/list/desktop/WAF34065.JPG,WAF34065.JPG,,,WingTai800,WAF34065.JPG
Stay Awhile Carved Block,WAF34067,,,In Stock,,,,,,6,3.99,16,3.59,32,3.29,6,WingTai400,WingTai160,https://wingtai.solovue.com/images/products/list/desktop/WAF34067.JPG,WAF34067.JPG,,,WingTai800,WAF34067.JPG
Black Stay Awhile Carved Block,WAF34068,,,Out of Stock,,,,,,6,3.99,16,3.59,32,3.29,6,WingTai400,WingTai160,https://wingtai.solovue.com/images/products/list/desktop/WAF34068.JPG,WAF34068.JPG,,,WingTai800,WAF34068.JPG
Stacked Rectangular Trays with Top Metal Handle,WAF34072,,,In Stock,,,,,,2,45.95,4,39.95,6,36.95,2,WingTai400,WingTai160,https://wingtai.solovue.com/images/products/list/desktop/WAF34072.JPG,WAF34072.JPG,,,WingTai800,WAF34072.JPG
Flower on Home Block,WAF34088,,,In Stock,,,,,,4,6.97,16,6.97,32,6.97,4,WingTai400,WingTai160,https://wingtai.solovue.com/images/products/list/desktop/WAF34088.JPG,WAF34088.JPG,,,WingTai800,WAF34088.JPG
Natural Wood Pillar Holder,WAF34097,,,In Stock,,,,,,6,8.95,12,7.95,24,6.95,6,WingTai400,WingTai160,https://wingtai.solovue.com/images/products/list/desktop/WAF34097.JPG,WAF34097.JPG,,,WingTai800,WAF34097.JPG
Beaded Cross,WAF34104,,,In Stock,,,,,,6,8.95,12,7.95,24,7.35,6,WingTai400,WingTai160,https://wingtai.solovue.com/images/products/list/desktop/WAF34104.JPG,WAF34104.JPG,,,WingTai800,WAF34104.JPG
Framed Cutout Home Sign with Beads,WAF34106,,,In Stock,,,,,,6,12.95,12,11.95,24,10.95,6,WingTai400,WingTai160,https://wingtai.solovue.com/images/products/list/desktop/WAF34106.JPG,WAF34106.JPG,,,WingTai800,WAF34106.JPG
Whitewashed Cross,WAF34111,,,In Stock,,,,,,8,4.95,16,4.35,32,3.95,8,WingTai400,WingTai160,https://wingtai.solovue.com/images/products/list/desktop/WAF34111.JPG,WAF34111.JPG,,,WingTai800,WAF34111.JPG
Sunflower Bead Ornament,WAF34125,,,In Stock,,,,,,8,3.95,32,3.65,64,3.35,8,WingTai400,WingTai160,https://wingtai.solovue.com/images/products/list/desktop/WAF34125.JPG,WAF34125.JPG,,,WingTai800,WAF34125.JPG
3 Asst Sunflower Bead Hangers,WAF34134-3A,,,In Stock,,,,,,12,2.97,48,2.97,96,2.97,12,WingTai400,WingTai160,https://wingtai.solovue.com/images/products/list/desktop/WAF34134-3A.JPG,WAF34134-3A.JPG,,,WingTai800,WAF34134-3A.JPG
3 Asst Black Coffee Tags,WAF34142-3A,,,In Stock,,,,,,12,0.97,48,0.97,96,0.97,12,WingTai400,WingTai160,https://wingtai.solovue.com/images/products/list/desktop/WAF34142-3A.JPG,WAF34142-3A.JPG,,,WingTai800,WAF34142-3A.JPG
Short Wood Candle Holder,WAF34153,,,In Stock,,,,,,5,10.95,10,9.95,20,9.25,5,WingTai400,WingTai160,https://wingtai.solovue.com/images/products/list/desktop/WAF34153.JPG,WAF34153.JPG,,,WingTai800,WAF34153.JPG
S/2 Black Frame Round Wood Trays,WAF34157BK-2S,,,In Stock,,,,,,2,28.95,4,26.95,8,24.95,2,WingTai400,WingTai160,https://wingtai.solovue.com/images/products/list/desktop/WAF34157BK-2S.JPG,WAF34157BK-2S.JPG,,,WingTai800,WAF34157BK-2S.JPG
S/2 White Frame Round Wood Trays,WAF34157WH-2S,,,In Stock,,,,,,2,28.95,4,26.95,8,24.95,2,WingTai400,WingTai160,https://wingtai.solovue.com/images/products/list/desktop/WAF34157WH-2S.JPG,WAF34157WH-2S.JPG,,,WingTai800,WAF34157WH-2S.JPG
Round Cutting Board,WAF34158,,,In Stock,,,,,,10,7.39,20,6.49,30,5.99,10,WingTai400,WingTai160,https://wingtai.solovue.com/images/products/list/desktop/WAF34158.JPG,WAF34158.JPG,,,WingTai800,WAF34158.JPG
Life is Better on the Porch Sign - TS,WAF34604,,,In Stock,,,,,,4,16.95,12,14.95,24,13.95,4,WingTai400,WingTai160,https://wingtai.solovue.com/images/products/list/desktop/WAF34604.JPG,WAF34604.JPG,,,WingTai800,WAF34604.JPG
Sunflowers Locally Grown Block,WAF34610,,,In Stock,,,,,,6,5.99,18,5.29,30,4.99,6,WingTai400,WingTai160,https://wingtai.solovue.com/images/products/list/desktop/WAF34610.JPG,WAF34610.JPG,,,WingTai800,WAF34610.JPG
Give Us This Day Our Daily Bread Cutting Board,WAF34623,,,In Stock,,,,,,6,7.95,12,6.95,24,6.45,6,WingTai400,WingTai160,https://wingtai.solovue.com/images/products/list/desktop/WAF34623.JPG,WAF34623.JPG,,,WingTai800,WAF34623.JPG
Wood Framed White Sunflower Sign,WAF34628,,,In Stock,,,,,,2,39.99,4,35.99,8,32.99,2,WingTai400,WingTai160,https://wingtai.solovue.com/images/products/list/desktop/WAF34628.JPG,WAF34628.JPG,,,WingTai800,WAF34628.JPG
Round White Art Nouveu Frame,WAF34632,,,In Stock,,,,,,2,39.99,4,35.99,8,32.99,2,WingTai400,WingTai160,https://wingtai.solovue.com/images/products/list/desktop/WAF34632.JPG,WAF34632.JPG,,,WingTai800,WAF34632.JPG
Red Americana Cutting Board,WAF34641,,,Out of Stock,,,,,,4,6.99,12,5.99,24,5.49,4,WingTai400,WingTai160,https://wingtai.solovue.com/images/products/list/desktop/WAF34641.JPG,WAF34641.JPG,,,WingTai800,WAF34641.JPG
Stay Awhile Embossed Wood Sign,WAF34642,,,In Stock,,,,,,4,9.95,8,8.95,16,8.35,4,WingTai400,WingTai160,https://wingtai.solovue.com/images/products/list/desktop/WAF34642.JPG,WAF34642.JPG,,,WingTai800,WAF34642.JPG
Love One Another Embossed Wood Sign,WAF34643,,,In Stock,,,,,,4,9.95,8,8.95,16,8.35,4,WingTai400,WingTai160,https://wingtai.solovue.com/images/products/list/desktop/WAF34643.JPG,WAF34643.JPG,,,WingTai800,WAF34643.JPG
No Place Like Home Black Carved Sign,WAF34644,,,In Stock,,,,,,4,16.95,8,14.95,12,13.95,4,WingTai400,WingTai160,https://wingtai.solovue.com/images/products/list/desktop/WAF34644.JPG,WAF34644.JPG,,,WingTai800,WAF34644.JPG
Faith Blackwashed Block,WAF34646,,,In Stock,,,,,,4,4.97,16,4.97,32,4.97,4,WingTai400,WingTai160,https://wingtai.solovue.com/images/products/list/desktop/WAF34646.JPG,WAF34646.JPG,,,WingTai800,WAF34646.JPG
S/2 White House Lanterns with Bead Edges,WAF34655-2S,,,In Stock,,,,,,2,49.99,4,44.99,6,39.99,2,WingTai400,WingTai160,https://wingtai.solovue.com/images/products/list/desktop/WAF34655-2S.JPG,WAF34655-2S.JPG,,,WingTai800,WAF34655-2S.JPG
S/2 Rectangular Beaded Trays - TS,WAF34658-2S,,,In Stock,,,,,,2,24.99,5,21.99,10,20.99,2,WingTai400,WingTai160,https://wingtai.solovue.com/images/products/list/desktop/WAF34658-2S.JPG,WAF34658-2S.JPG,,,WingTai800,WAF34658-2S.JPG
Beaded Whitewashed Curved Lantern - TS,WAF34659,,,In Stock,,,,,,2,17.99,6,15.99,12,14.99,2,WingTai400,WingTai160,https://wingtai.solovue.com/images/products/list/desktop/WAF34659.JPG,WAF34659.JPG,,,WingTai800,WAF34659.JPG
S/2 White_Natural Round Stands - TS,WAF34663-2S,,,In Stock,,,,,,6,11.95,12,10.95,24,9.95,6,WingTai400,WingTai160,https://wingtai.solovue.com/images/products/list/desktop/WAF34663-2S.JPG,WAF34663-2S.JPG,,,WingTai800,WAF34663-2S.JPG
S/4 Wood_Rattan Trays,WAF34664-4S,,,In Stock,,,,,,1,129.99,2,119.99,4,109.99,1,WingTai400,WingTai160,https://wingtai.solovue.com/images/products/list/desktop/WAF34664-4S.JPG,WAF34664-4S.JPG,,,WingTai800,WAF34664-4S.JPG
2 Asst Pet Memories Signs,WAF34728-2A,,,Out of Stock,,,,,,8,12.95,24,11.95,48,10.95,8,WingTai400,WingTai160,https://wingtai.solovue.com/images/products/list/desktop/WAF34728-2A.JPG,WAF34728-2A.JPG,,,WingTai800,WAF34728-2A.JPG
Americana Bead_Star Garland,WAF34735,,,In Stock,,,,,,6,4.97,18,4.97,36,4.97,6,WingTai400,WingTai160,https://wingtai.solovue.com/images/products/list/desktop/WAF34735.JPG,WAF34735.JPG,,,WingTai800,WAF34735.JPG
Black Bead Garland,WAF34736,,,In Stock,,,,,,6,9.99,24,8.99,48,8.29,6,WingTai400,WingTai160,https://wingtai.solovue.com/images/products/list/desktop/WAF34736.JPG,WAF34736.JPG,,,WingTai800,WAF34736.JPG
Paw Bead Hanger,WAF34741,,,In Stock,,,,,,6,4.95,24,4.35,48,3.95,6,WingTai400,WingTai160,https://wingtai.solovue.com/images/products/list/desktop/WAF34741.JPG,WAF34741.JPG,,,WingTai800,WAF34741.JPG
Red Star Americana Bead Hanger,WAF34743,,,In Stock,,,,,,6,2.97,36,2.97,72,2.97,6,WingTai400,WingTai160,https://wingtai.solovue.com/images/products/list/desktop/WAF34743.JPG,WAF34743.JPG,,,WingTai800,WAF34743.JPG
S/2 Beaded Heart Cutouts,WAF34745-2S,,,In Stock,,,,,,5,13.95,10,12.95,20,11.95,5,WingTai400,WingTai160,https://wingtai.solovue.com/images/products/list/desktop/WAF34745-2S.JPG,WAF34745-2S.JPG,,,WingTai800,WAF34745-2S.JPG
2 Asst White_Natural Daisy Bead Hangers,WAF34761-2A,,,In Stock,,,,,,10,5.99,20,5.29,40,4.99,10,WingTai400,WingTai160,https://wingtai.solovue.com/images/products/list/desktop/WAF34761-2A.JPG,WAF34761-2A.JPG,,,WingTai800,WAF34761-2A.JPG
Black_White Beaded House Hanger,WAF34765,,,In Stock,,,,,,8,2.97,24,2.97,40,2.97,8,WingTai400,WingTai160,https://wingtai.solovue.com/images/products/list/desktop/WAF34765.JPG,WAF34765.JPG,,,WingTai800,WAF34765.JPG
Black_White Beaded Bless the Food Tag Hanger,WAF34766,,,In Stock,,,,,,8,6.95,24,6.15,40,5.75,8,WingTai400,WingTai160,https://wingtai.solovue.com/images/products/list/desktop/WAF34766.JPG,WAF34766.JPG,,,WingTai800,WAF34766.JPG
Black_White Beaded Cross Hanger,WAF34767,,,In Stock,,,,,,8,6.95,24,6.15,40,5.75,8,WingTai400,WingTai160,https://wingtai.solovue.com/images/products/list/desktop/WAF34767.JPG,WAF34767.JPG,,,WingTai800,WAF34767.JPG
White Carved Square Art Nouveau Stand,WAF34809,,,In Stock,,,,,,6,16.99,12,15.99,24,14.99,6,WingTai400,WingTai160,https://wingtai.solovue.com/images/products/list/desktop/WAF34809.JPG,WAF34809.JPG,,,WingTai800,WAF34809.JPG
Black Framed Table Shelf,WAF34920,,,Out of Stock,,,,,,2,22.99,4,20.99,8,18.99,2,WingTai400,WingTai160,https://wingtai.solovue.com/images/products/list/desktop/WAF34920.JPG,WAF34920.JPG,,,WingTai800,WAF34920.JPG
Black Framed Double Table Shelf,WAF34921,,,In Stock,,,,,,2,34.99,4,29.99,8,27.99,2,WingTai400,WingTai160,https://wingtai.solovue.com/images/products/list/desktop/WAF34921.JPG,WAF34921.JPG,,,WingTai800,WAF34921.JPG
Coffee_Wine Flip Sign,WAF34926,,,In Stock,,,,,,4,15.99,12,13.99,24,12.99,4,WingTai400,WingTai160,https://wingtai.solovue.com/images/products/list/desktop/WAF34926.JPG,WAF34926.JPG,,,WingTai800,WAF34926.JPG
Semicircle Wall Shelf,WAF34927,,,In Stock,,,,,,2,20.95,4,18.95,8,16.95,2,WingTai400,WingTai160,https://wingtai.solovue.com/images/products/list/desktop/WAF34927.JPG,WAF34927.JPG,,,WingTai800,WAF34927.JPG
S/3 Long Natural Ball Carrots,WAQ34791-3S,,,In Stock,,,,,,6,4.17,36,4.17,72,4.17,6,WingTai400,WingTai160,https://wingtai.solovue.com/images/products/list/desktop/WAQ34791-3S.JPG,WAQ34791-3S.JPG,,,WingTai800,WAQ34791-3S.JPG
S/3 Long Orange Ball Carrots,WAQ34792-3S,,,In Stock,,,,,,6,6.29,36,5.59,72,4.99,6,WingTai400,WingTai160,https://wingtai.solovue.com/images/products/list/desktop/WAQ34792-3S.JPG,WAQ34792-3S.JPG,,,WingTai800,WAQ34792-3S.JPG
S/3 Short Orange Ball Carrots,WAQ34794-3S,,,In Stock,,,,,,6,3.97,36,3.97,72,3.97,6,WingTai400,WingTai160,https://wingtai.solovue.com/images/products/list/desktop/WAQ34794-3S.JPG,WAQ34794-3S.JPG,,,WingTai800,WAQ34794-3S.JPG
White Beaded Heart Hanger,WAQ34801-WH,,,In Stock,,,,,,6,3.95,36,3.45,72,3.25,6,WingTai400,WingTai160,https://wingtai.solovue.com/images/products/list/desktop/WAQ34801-WH.JPG,WAQ34801-WH.JPG,,,WingTai800,WAQ34801-WH.JPG
Natural Beaded Loop Hanger,WAQ34802-NA,,,In Stock,,,,,,6,1.97,24,1.97,48,1.97,6,WingTai400,WingTai160,https://wingtai.solovue.com/images/products/list/desktop/WAQ34802-NA.JPG,WAQ34802-NA.JPG,,,WingTai800,WAQ34802-NA.JPG
White Beaded Loop Hanger,WAQ34802-WH,,,In Stock,,,,,,6,1.97,24,1.97,48,1.97,6,WingTai400,WingTai160,https://wingtai.solovue.com/images/products/list/desktop/WAQ34802-WH.JPG,WAQ34802-WH.JPG,,,WingTai800,WAQ34802-WH.JPG
Penny (Brown and Cream Penguin),DXF39918,,,In Stock,,,,,,8,4.9,8,4.9,12,4.9,8,WingTai400,WingTai160,https://wingtai.solovue.com/images/products/list/desktop/DXF39918.JPG,DXF39918.JPG,,,WingTai800,DXF39918.JPG
12 Asst Black and Red Fabric Gnomes in Box,DXF39922-12S,,,In Stock,,,,,,4,11.55,6,11.55,12,11.55,4,WingTai400,WingTai160,https://wingtai.solovue.com/images/products/list/desktop/DXF39922-12S.JPG,DXF39922-12S.JPG,,,WingTai800,DXF39922-12S.JPG
Top Hat Frosty Snowman,DXQ39421,,,In Stock,,,,,,4,13.99,8,12.99,16,11.99,4,WingTai400,WingTai160,https://wingtai.solovue.com/images/products/list/desktop/DXQ39421.JPG,DXQ39421.JPG,,,WingTai800,DXQ39421.JPG
Frosty's Cafe Pillow,DXQ39426,,,In Stock,,,,,,8,5.49,16,4.79,24,4.39,8,WingTai400,WingTai160,https://wingtai.solovue.com/images/products/list/desktop/DXQ39426.JPG,DXQ39426.JPG,,,WingTai800,DXQ39426.JPG
Hops Pick - TS,FFF38691B,,,In Stock,,,,,,12,4.99,72,4.39,144,3.99,12,WingTai400,WingTai160,https://wingtai.solovue.com/images/products/list/desktop/FFF38691B.JPG,FFF38691B.JPG,,,WingTai800,FFF38691B.JPG
Hops Candle Ring,FFF38691CL,,,In Stock,,,,,,12,4.39,36,3.89,72,3.59,12,WingTai400,WingTai160,https://wingtai.solovue.com/images/products/list/desktop/FFF38691CL.JPG,FFF38691CL.JPG,,,WingTai800,FFF38691CL.JPG
Hops Drip Garland - TS,FFF38691DG,,,In Stock,,,,,,12,7.95,72,6.95,144,6.45,12,WingTai400,WingTai160,https://wingtai.solovue.com/images/products/list/desktop/FFF38691DG.JPG,FFF38691DG.JPG,,,WingTai800,FFF38691DG.JPG
Maple and Walking Fern Pick - TS,FFQ38751B,,,Out of Stock,,,,,,12,7.99,36,6.99,72,6.59,12,WingTai400,WingTai160,https://wingtai.solovue.com/images/products/list/desktop/FFQ38751B.JPG,FFQ38751B.JPG,,,WingTai800,FFQ38751B.JPG
Maple and Walking Fern Large Ring,FFQ38751CLL,,,In Stock,,,,,,6,11.99,18,10.49,36,9.99,6,WingTai400,WingTai160,https://wingtai.solovue.com/images/products/list/desktop/FFQ38751CLL.JPG,FFQ38751CLL.JPG,,,WingTai800,FFQ38751CLL.JPG
Maple and Crabapple Candle Ring,FFQ38753CL,,,In Stock,,,,,,12,7.99,36,6.99,72,6.59,12,WingTai400,WingTai160,https://wingtai.solovue.com/images/products/list/desktop/FFQ38753CL.JPG,FFQ38753CL.JPG,,,WingTai800,FFQ38753CL.JPG
Autumn Wisp and Bur-Reed Pick,FFQ38815B,,,In Stock,,,,,,12,5.45,48,4.85,96,4.55,12,WingTai400,WingTai160,https://wingtai.solovue.com/images/products/list/desktop/FFQ38815B.JPG,FFQ38815B.JPG,,,WingTai800,FFQ38815B.JPG
Green Leaf and Red Berry Candle Ring,FFQ38829CL,,,In Stock,,,,,,12,9.95,36,8.75,60,8.15,12,WingTai400,WingTai160,https://wingtai.solovue.com/images/products/list/desktop/FFQ38829CL.JPG,FFQ38829CL.JPG,,,WingTai800,FFQ38829CL.JPG
Pine and Silver Pinecone Candle Ring,FXD39232,,,In Stock,,,,,,12,1.91,24,1.91,48,1.91,12,WingTai400,WingTai160,https://wingtai.solovue.com/images/products/list/desktop/FXD39232.JPG,FXD39232.JPG,,,WingTai800,FXD39232.JPG
Simple Fir tree - TS,FXF39631T-12,,,In Stock,,,,,,6,8.99,18,7.99,36,7.39,6,WingTai400,WingTai160,https://wingtai.solovue.com/images/products/list/desktop/FXF39631T-12.JPG,FXF39631T-12.JPG,,,WingTai800,FXF39631T-12.JPG
Simple Fir tree - TS,FXF39631T-8,,,In Stock,,,,,,12,6.55,36,5.75,72,5.35,12,WingTai400,WingTai160,https://wingtai.solovue.com/images/products/list/desktop/FXF39631T-8.JPG,FXF39631T-8.JPG,,,WingTai800,FXF39631T-8.JPG
Flocked Tree Planter,FXQ26709T-24,,,In Stock,,,,,,6,12.95,12,11.95,24,10.95,6,WingTai400,WingTai160,https://wingtai.solovue.com/images/products/list/desktop/FXQ26709T-24.JPG,FXQ26709T-24.JPG,,,WingTai800,FXQ26709T-24.JPG
Set of 12 Mini Tree Planters - TS,FXQ39832-12S,,,In Stock,,,,,,1,29.99,6,26.99,12,24.99,1,WingTai400,WingTai160,https://wingtai.solovue.com/images/products/list/desktop/FXQ39832-12S.JPG,FXQ39832-12S.JPG,,,WingTai800,FXQ39832-12S.JPG
Pine and Holly Small Ring,FXQ39834CS,,,In Stock,,,,,,12,2.9,72,2.9,144,2.9,12,WingTai400,WingTai160,https://wingtai.solovue.com/images/products/list/desktop/FXQ39834CS.JPG,FXQ39834CS.JPG,,,WingTai800,FXQ39834CS.JPG
Large Flocked Tan Bottlebrush Tree,FXQ39855LG,,,In Stock,,,,,,6,5.99,12,5.29,24,4.99,6,WingTai400,WingTai160,https://wingtai.solovue.com/images/products/list/desktop/FXQ39855LG.JPG,FXQ39855LG.JPG,,,WingTai800,FXQ39855LG.JPG
Small Flocked Tan Bottlebrush Tree,FXQ39855SM,,,In Stock,,,,,,6,4.95,12,4.35,24,3.95,6,WingTai400,WingTai160,https://wingtai.solovue.com/images/products/list/desktop/FXQ39855SM.JPG,FXQ39855SM.JPG,,,WingTai800,FXQ39855SM.JPG
Golden Smoke Pick,FXQ39871B,,,In Stock,,,,,,12,4.95,60,4.35,120,3.95,12,WingTai400,WingTai160,https://wingtai.solovue.com/images/products/list/desktop/FXQ39871B.JPG,FXQ39871B.JPG,,,WingTai800,FXQ39871B.JPG
Yellow Bunchflower Pick,FXQ39875B,,,In Stock,,,,,,48,1.05,72,1.05,144,1.05,48,WingTai400,WingTai160,https://wingtai.solovue.com/images/products/list/desktop/FXQ39875B.JPG,FXQ39875B.JPG,,,WingTai800,FXQ39875B.JPG
Set of 3 Braided Pumpkins,FXQ39886-3S,,,In Stock,,,,,,12,3.15,12,3.15,24,3.15,12,WingTai400,WingTai160,https://wingtai.solovue.com/images/products/list/desktop/FXQ39886-3S.JPG,FXQ39886-3S.JPG,,,WingTai800,FXQ39886-3S.JPG
Tan Fingergrass Pick,FXQ39892B,,,In Stock,,,,,,48,1.32,48,1.32,96,1.32,48,WingTai400,WingTai160,https://wingtai.solovue.com/images/products/list/desktop/FXQ39892B.JPG,FXQ39892B.JPG,,,WingTai800,FXQ39892B.JPG
3 inch Birch LED Votive Candle,LXS39302T,,,In Stock,,,,,,24,4.99,48,4.39,96,3.99,24,WingTai400,WingTai160,https://wingtai.solovue.com/images/products/list/desktop/LXS39302T.JPG,LXS39302T.JPG,,,WingTai800,LXS39302T.JPG
6 inch Birch LED Pillar Candle,LXS39305T,,,In Stock,,,,,,6,10.99,12,9.69,24,8.99,6,WingTai400,WingTai160,https://wingtai.solovue.com/images/products/list/desktop/LXS39305T.JPG,LXS39305T.JPG,,,WingTai800,LXS39305T.JPG
Medium Green Ribbed LED Pillar Candle,LXS39310T,,,In Stock,,,,,,6,8.49,18,7.49,36,6.79,6,WingTai400,WingTai160,https://wingtai.solovue.com/images/products/list/desktop/LXS39310T.JPG,LXS39310T.JPG,,,WingTai800,LXS39310T.JPG
Small White Ribbed LED Pillar Candle - TS,LXS39312T,,,In Stock,,,,,,6,7.49,24,6.59,48,5.99,6,WingTai400,WingTai160,https://wingtai.solovue.com/images/products/list/desktop/LXS39312T.JPG,LXS39312T.JPG,,,WingTai800,LXS39312T.JPG
Medium White Ribbed LED Pillar Candle,LXS39313T,,,In Stock,,,,,,6,8.49,18,7.49,36,6.79,6,WingTai400,WingTai160,https://wingtai.solovue.com/images/products/list/desktop/LXS39313T.JPG,LXS39313T.JPG,,,WingTai800,LXS39313T.JPG
Large White Ribbed LED Pillar Candle,LXS39314T,,,In Stock,,,,,,6,8.99,18,7.99,36,7.39,6,WingTai400,WingTai160,https://wingtai.solovue.com/images/products/list/desktop/LXS39314T.JPG,LXS39314T.JPG,,,WingTai800,LXS39314T.JPG
Medium Braided LED Pillar Candle,LXS39315T,,,In Stock,,,,,,6,8.99,24,7.99,48,7.39,6,WingTai400,WingTai160,https://wingtai.solovue.com/images/products/list/desktop/LXS39315T.JPG,LXS39315T.JPG,,,WingTai800,LXS39315T.JPG
Small Twisted LED Pillar Candle - TS,LXS39317T-4,,,In Stock,,,,,,8,7.99,24,6.99,48,6.49,8,WingTai400,WingTai160,https://wingtai.solovue.com/images/products/list/desktop/LXS39317T-4.JPG,LXS39317T-4.JPG,,,WingTai800,LXS39317T-4.JPG
4 inch Burlap Snowflake LED Votive Candle,LXS39320T,,,In Stock,,,,,,24,5.99,48,5.29,72,4.99,24,WingTai400,WingTai160,https://wingtai.solovue.com/images/products/list/desktop/LXS39320T.JPG,LXS39320T.JPG,,,WingTai800,LXS39320T.JPG
6 inch Burlap Snowflake LED Votive Candle,LXS39321T,,,In Stock,,,,,,24,6.99,48,6.19,72,5.79,24,WingTai400,WingTai160,https://wingtai.solovue.com/images/products/list/desktop/LXS39321T.JPG,LXS39321T.JPG,,,WingTai800,LXS39321T.JPG
Small Golden Snowflake LED Pillar Candle - TS,LXS39322T,,,In Stock,,,,,,12,8.99,24,7.99,48,7.39,12,WingTai400,WingTai160,https://wingtai.solovue.com/images/products/list/desktop/LXS39322T.JPG,LXS39322T.JPG,,,WingTai800,LXS39322T.JPG
Large Golden Snowflake LED Pillar Candle,LXS39324T,,,In Stock,,,,,,12,10.95,24,9.65,36,8.95,12,WingTai400,WingTai160,https://wingtai.solovue.com/images/products/list/desktop/LXS39324T.JPG,LXS39324T.JPG,,,WingTai800,LXS39324T.JPG
4 inch Green Ribbed LED Votive Candle,LXS39347T,,,In Stock,,,,,,12,7.39,24,6.49,48,5.99,12,WingTai400,WingTai160,https://wingtai.solovue.com/images/products/list/desktop/LXS39347T.JPG,LXS39347T.JPG,,,WingTai800,LXS39347T.JPG
6 inch Green Ribbed LED Votive Candle,LXS39348T,,,In Stock,,,,,,12,8.35,24,7.35,48,6.65,12,WingTai400,WingTai160,https://wingtai.solovue.com/images/products/list/desktop/LXS39348T.JPG,LXS39348T.JPG,,,WingTai800,LXS39348T.JPG
4 inch White Ribbed LED Votive Candle,LXS39349T,,,In Stock,,,,,,12,7.95,24,6.95,48,6.45,12,WingTai400,WingTai160,https://wingtai.solovue.com/images/products/list/desktop/LXS39349T.JPG,LXS39349T.JPG,,,WingTai800,LXS39349T.JPG
6 inch White Ribbed LED Votive Candle,LXS39350T,,,In Stock,,,,,,12,8.95,24,7.95,48,7.35,12,WingTai400,WingTai160,https://wingtai.solovue.com/images/products/list/desktop/LXS39350T.JPG,LXS39350T.JPG,,,WingTai800,LXS39350T.JPG
Small White LED Christmas Tree Candle - TS,LXS39410T,,,In Stock,,,,,,6,9.95,18,8.75,36,8.15,6,WingTai400,WingTai160,https://wingtai.solovue.com/images/products/list/desktop/LXS39410T.JPG,LXS39410T.JPG,,,WingTai800,LXS39410T.JPG
Harvest Round Sign,MFF38096,,,In Stock,,,,,,6,12.99,12,11.99,24,10.99,6,WingTai400,WingTai160,https://wingtai.solovue.com/images/products/list/desktop/MFF38096.JPG,MFF38096.JPG,,,WingTai800,MFF38096.JPG
Set of 2 Farm Fresh Pumpkins Buckets,MFF38097-2S,,,In Stock,,,,,,4,14.99,12,13.19,24,12.29,4,WingTai400,WingTai160,https://wingtai.solovue.com/images/products/list/desktop/MFF38097-2S.JPG,MFF38097-2S.JPG,,,WingTai800,MFF38097-2S.JPG
Set of 2 Autumn Farm Ear Handle Buckets,MFF38250-2S,,,In Stock,,,,,,8,6.53,8,6.53,12,6.53,8,WingTai400,WingTai160,https://wingtai.solovue.com/images/products/list/desktop/MFF38250-2S.JPG,MFF38250-2S.JPG,,,WingTai800,MFF38250-2S.JPG
Square Gray and Brown Turkey Bucket,MFF38678,,,In Stock,,,,,,3,12.99,9,11.99,18,11.19,3,WingTai400,WingTai160,https://wingtai.solovue.com/images/products/list/desktop/MFF38678.JPG,MFF38678.JPG,,,WingTai800,MFF38678.JPG
Distressed Cream Porcelain Jug - TS,PFF38001,,,In Stock,,,,,,6,4.5,12,4.5,24,4.5,6,WingTai400,WingTai160,https://wingtai.solovue.com/images/products/list/desktop/PFF38001.JPG,PFF38001.JPG,,,WingTai800,PFF38001.JPG
Porcelain Tea Jar,PXF39125,,,In Stock,,,,,,8,2.45,12,2.45,24,2.45,8,WingTai400,WingTai160,https://wingtai.solovue.com/images/products/list/desktop/PXF39125.JPG,PXF39125.JPG,,,WingTai800,PXF39125.JPG
Porcelain Coffee Jar,PXF39126,,,In Stock,,,,,,6,3.85,9,3.85,18,3.85,6,WingTai400,WingTai160,https://wingtai.solovue.com/images/products/list/desktop/PXF39126.JPG,PXF39126.JPG,,,WingTai800,PXF39126.JPG
Porcelain Sugar Jar,PXF39127,,,In Stock,,,,,,6,4.2,6,4.2,12,4.2,6,WingTai400,WingTai160,https://wingtai.solovue.com/images/products/list/desktop/PXF39127.JPG,PXF39127.JPG,,,WingTai800,PXF39127.JPG
Porcelain Textured Vase,PXF39128,,,In Stock,,,,,,4,7.99,16,6.99,32,6.49,4,WingTai400,WingTai160,https://wingtai.solovue.com/images/products/list/desktop/PXF39128.JPG,PXF39128.JPG,,,WingTai800,PXF39128.JPG
Leaf Engraved Tall Resin Pumpkin,RFF38020,,,In Stock,,,,,,18,4.95,36,4.35,54,3.95,18,WingTai400,WingTai160,https://wingtai.solovue.com/images/products/list/desktop/RFF38020.JPG,RFF38020.JPG,,,WingTai800,RFF38020.JPG
"3 Asst Tall Tan, Orange and White Pumpkins - TS",RFF38131-3A,,,In Stock,,,,,,24,4.99,48,4.39,72,3.99,24,WingTai400,WingTai160,https://wingtai.solovue.com/images/products/list/desktop/RFF38131-3A.JPG,RFF38131-3A.JPG,,,WingTai800,RFF38131-3A.JPG
2 Asst Large Tan and White Resin Turkeys - TS,RFF38132-2A,,,In Stock,,,,,,6,11.99,12,10.49,24,9.79,6,WingTai400,WingTai160,https://wingtai.solovue.com/images/products/list/desktop/RFF38132-2A.JPG,RFF38132-2A.JPG,,,WingTai800,RFF38132-2A.JPG
2 Asst Small Tan and White Resin Turkeys - TS,RFF38134-2A,,,In Stock,,,,,,6,5.95,12,5.25,24,4.95,6,WingTai400,WingTai160,https://wingtai.solovue.com/images/products/list/desktop/RFF38134-2A.JPG,RFF38134-2A.JPG,,,WingTai800,RFF38134-2A.JPG
Give Resin Pumpkin Block,RFF38136,,,In Stock,,,,,,6,4.95,18,4.35,36,3.95,6,WingTai400,WingTai160,https://wingtai.solovue.com/images/products/list/desktop/RFF38136.JPG,RFF38136.JPG,,,WingTai800,RFF38136.JPG
Small White and Tan Beaded Rib Resin Pumpkin,RFF38150,,,In Stock,,,,,,16,1.75,16,1.75,32,1.75,16,WingTai400,WingTai160,https://wingtai.solovue.com/images/products/list/desktop/RFF38150.JPG,RFF38150.JPG,,,WingTai800,RFF38150.JPG
Set of 6 Mini Resin Turkeys w/Box,RFF38261-6S,,,In Stock,,,,,,4,7.99,24,6.99,48,6.49,4,WingTai400,WingTai160,https://wingtai.solovue.com/images/products/list/desktop/RFF38261-6S.JPG,RFF38261-6S.JPG,,,WingTai800,RFF38261-6S.JPG
2 Asst Distressed Squirrels on Pinecone / Acorn - TS,RFF38643-2A,,,In Stock,,,,,,6,8.95,12,7.95,24,7.35,6,WingTai400,WingTai160,https://wingtai.solovue.com/images/products/list/desktop/RFF38643-2A.JPG,RFF38643-2A.JPG,,,WingTai800,RFF38643-2A.JPG
Distressed Resin Pumpkin,RFF38644,,,In Stock,,,,,,4,7.99,8,6.99,16,6.39,4,WingTai400,WingTai160,https://wingtai.solovue.com/images/products/list/desktop/RFF38644.JPG,RFF38644.JPG,,,WingTai800,RFF38644.JPG
Gingerbread Joy Resin Piece,RXF39036,,,In Stock,,,,,,9,9.95,18,8.95,36,8.35,9,WingTai400,WingTai160,https://wingtai.solovue.com/images/products/list/desktop/RXF39036.JPG,RXF39036.JPG,,,WingTai800,RXF39036.JPG
Gingerbread Joy Resin Word Block,RXF39037,,,In Stock,,,,,,8,11.95,16,10.95,24,9.95,8,WingTai400,WingTai160,https://wingtai.solovue.com/images/products/list/desktop/RXF39037.JPG,RXF39037.JPG,,,WingTai800,RXF39037.JPG
Tan Resin Christmas Tree - TS,RXF39139,,,In Stock,,,,,,4,11.95,8,10.95,16,9.95,4,WingTai400,WingTai160,https://wingtai.solovue.com/images/products/list/desktop/RXF39139.JPG,RXF39139.JPG,,,WingTai800,RXF39139.JPG
Sage Green Textured Resin Tree - TS,RXF39608,,,Out of Stock,,,,,,12,2.29,36,1.99,72,1.89,12,WingTai400,WingTai160,https://wingtai.solovue.com/images/products/list/desktop/RXF39608.JPG,RXF39608.JPG,,,WingTai800,RXF39608.JPG
Tall Sage Green Resin Tree - TS,RXF39610,,,Out of Stock,,,,,,8,4.95,24,4.35,48,3.95,8,WingTai400,WingTai160,https://wingtai.solovue.com/images/products/list/desktop/RXF39610.JPG,RXF39610.JPG,,,WingTai800,RXF39610.JPG
White Resin Reindeer,RXF39614,,,In Stock,,,,,,4,27.99,8,24.99,12,22.99,4,WingTai400,WingTai160,https://wingtai.solovue.com/images/products/list/desktop/RXF39614.JPG,RXF39614.JPG,,,WingTai800,RXF39614.JPG
Engraved Stripe Pumpkin Bead Hanger,WFF38174,,,In Stock,,,,,,12,2.68,12,2.68,24,2.68,12,WingTai400,WingTai160,https://wingtai.solovue.com/images/products/list/desktop/WFF38174.JPG,WFF38174.JPG,,,WingTai800,WFF38174.JPG
2 Asst Round Engraved Pumpkin Bead Ornaments,WFF38178-2A,,,In Stock,,,,,,16,2.31,24,2.31,48,2.31,16,WingTai400,WingTai160,https://wingtai.solovue.com/images/products/list/desktop/WFF38178-2A.JPG,WFF38178-2A.JPG,,,WingTai800,WFF38178-2A.JPG
Trick or Treat Pumpkin Block,WFF38199,,,In Stock,,,,,,6,3.95,18,3.45,36,3.25,6,WingTai400,WingTai160,https://wingtai.solovue.com/images/products/list/desktop/WFF38199.JPG,WFF38199.JPG,,,WingTai800,WFF38199.JPG
Blessed Engraved Pumpkin Stake,WFF38230,,,In Stock,,,,,,24,0.7,36,0.7,60,0.7,24,WingTai400,WingTai160,https://wingtai.solovue.com/images/products/list/desktop/WFF38230.JPG,WFF38230.JPG,,,WingTai800,WFF38230.JPG
Autmun Farm Round Beaded Sign,WFF38238,,,In Stock,,,,,,6,2.97,12,2.97,24,2.97,6,WingTai400,WingTai160,https://wingtai.solovue.com/images/products/list/desktop/WFF38238.JPG,WFF38238.JPG,,,WingTai800,WFF38238.JPG
Tall Distressed Acorn,WFF38657,,,In Stock,,,,,,24,1.04,36,1.04,72,1.04,24,WingTai400,WingTai160,https://wingtai.solovue.com/images/products/list/desktop/WFF38657.JPG,WFF38657.JPG,,,WingTai800,WFF38657.JPG
Autumn Farm Beaded Edge Round Sign,WFF38665,,,In Stock,,,,,,4,7.99,16,6.99,32,6.59,4,WingTai400,WingTai160,https://wingtai.solovue.com/images/products/list/desktop/WFF38665.JPG,WFF38665.JPG,,,WingTai800,WFF38665.JPG
Round Turkey Plate,WFF38680,,,In Stock,,,,,,5,9.95,15,8.95,30,8.35,5,WingTai400,WingTai160,https://wingtai.solovue.com/images/products/list/desktop/WFF38680.JPG,WFF38680.JPG,,,WingTai800,WFF38680.JPG
Wood Squirrel Frame,WFF38682,,,In Stock,,,,,,5,8.95,15,7.95,30,7.35,5,WingTai400,WingTai160,https://wingtai.solovue.com/images/products/list/desktop/WFF38682.JPG,WFF38682.JPG,,,WingTai800,WFF38682.JPG
2 Asst Thankful and Grateful Pumpkin Ornaments,WFF38698-2A,,,In Stock,,,,,,12,5.25,36,4.65,72,4.35,12,WingTai400,WingTai160,https://wingtai.solovue.com/images/products/list/desktop/WFF38698-2A.JPG,WFF38698-2A.JPG,,,WingTai800,WFF38698-2A.JPG
Give Thanks Sign,WFF38773,,,In Stock,,,,,,8,4.54,12,4.54,24,4.54,8,WingTai400,WingTai160,https://wingtai.solovue.com/images/products/list/desktop/WFF38773.JPG,WFF38773.JPG,,,WingTai800,WFF38773.JPG
Dark Acorn Bead Hanger,WFF38775,,,In Stock,,,,,,5,6.99,15,6.19,30,5.79,5,WingTai400,WingTai160,https://wingtai.solovue.com/images/products/list/desktop/WFF38775.JPG,WFF38775.JPG,,,WingTai800,WFF38775.JPG
Medium Wood Tree Cutout,WXF39043,,,In Stock,,,,,,6,11.95,12,10.95,18,9.95,6,WingTai400,WingTai160,https://wingtai.solovue.com/images/products/list/desktop/WXF39043.JPG,WXF39043.JPG,,,WingTai800,WXF39043.JPG
Set of 2 White Tree Cutouts - TS,WXF39046-2S,,,In Stock,,,,,,8,6.3,8,6.3,12,6.3,8,WingTai400,WingTai160,https://wingtai.solovue.com/images/products/list/desktop/WXF39046-2S.JPG,WXF39046-2S.JPG,,,WingTai800,WXF39046-2S.JPG
Lighted Snowy Tall House,WXF39065,,,In Stock,,,,,,6,7.95,12,6.95,24,6.45,6,WingTai400,WingTai160,https://wingtai.solovue.com/images/products/list/desktop/WXF39065.JPG,WXF39065.JPG,,,WingTai800,WXF39065.JPG
Lighted Snowy Steep Roof House,WXF39067,,,In Stock,,,,,,6,7.95,12,6.95,24,6.45,6,WingTai400,WingTai160,https://wingtai.solovue.com/images/products/list/desktop/WXF39067.JPG,WXF39067.JPG,,,WingTai800,WXF39067.JPG
White Tree Cutout Hanger,WXF39069,,,In Stock,,,,,,24,1.16,36,1.16,72,1.16,24,WingTai400,WingTai160,https://wingtai.solovue.com/images/products/list/desktop/WXF39069.JPG,WXF39069.JPG,,,WingTai800,WXF39069.JPG
Lighted Steeple - TS,WXF39076,,,In Stock,,,,,,4,13.99,8,12.29,16,11.39,4,WingTai400,WingTai160,https://wingtai.solovue.com/images/products/list/desktop/WXF39076.JPG,WXF39076.JPG,,,WingTai800,WXF39076.JPG
Set of 2 Hanging Wood and Metal Trays - TS,WXF39079-2S,,,In Stock,,,,,,2,34.99,4,30.99,8,28.99,2,WingTai400,WingTai160,https://wingtai.solovue.com/images/products/list/desktop/WXF39079-2S.JPG,WXF39079-2S.JPG,,,WingTai800,WXF39079-2S.JPG
White Joy Cutout Block,WXF39083,,,In Stock,,,,,,4,10.95,8,9.95,16,9.25,4,WingTai400,WingTai160,https://wingtai.solovue.com/images/products/list/desktop/WXF39083.JPG,WXF39083.JPG,,,WingTai800,WXF39083.JPG
May Your Days Be Merry and Bright Hanging Sign,WXF39093,,,In Stock,,,,,,4,16.95,12,14.95,24,13.95,4,WingTai400,WingTai160,https://wingtai.solovue.com/images/products/list/desktop/WXF39093.JPG,WXF39093.JPG,,,WingTai800,WXF39093.JPG
Large Beaded Snowflake Ornament,WXF39163,,,In Stock,,,,,,36,1.74,36,1.74,72,1.74,36,WingTai400,WingTai160,https://wingtai.solovue.com/images/products/list/desktop/WXF39163.JPG,WXF39163.JPG,,,WingTai800,WXF39163.JPG
Gingerbread Bakery Block,WXF39196,,,In Stock,,,,,,4,4.29,16,3.79,32,3.49,4,WingTai400,WingTai160,https://wingtai.solovue.com/images/products/list/desktop/WXF39196.JPG,WXF39196.JPG,,,WingTai800,WXF39196.JPG
Small Gingerbread Merry Christmas Sign,WXF39252,,,In Stock,,,,,,12,3.07,18,3.07,36,3.07,12,WingTai400,WingTai160,https://wingtai.solovue.com/images/products/list/desktop/WXF39252.JPG,WXF39252.JPG,,,WingTai800,WXF39252.JPG
Small Crimson Merry Christmas Sign,WXF39253,,,In Stock,,,,,,12,2.79,18,2.79,36,2.79,12,WingTai400,WingTai160,https://wingtai.solovue.com/images/products/list/desktop/WXF39253.JPG,WXF39253.JPG,,,WingTai800,WXF39253.JPG
Large Merry Christmas Beaded Sign,WXF39254,,,In Stock,,,,,,4,16.95,8,14.95,16,13.95,4,WingTai400,WingTai160,https://wingtai.solovue.com/images/products/list/desktop/WXF39254.JPG,WXF39254.JPG,,,WingTai800,WXF39254.JPG
Square Snowflake Sign,WXF39286,,,In Stock,,,,,,8,7.99,16,6.99,32,6.49,8,WingTai400,WingTai160,https://wingtai.solovue.com/images/products/list/desktop/WXF39286.JPG,WXF39286.JPG,,,WingTai800,WXF39286.JPG
Wooden Ginerbread House - TS,WXF39346,,,In Stock,,,,,,4,12.99,12,11.39,24,10.59,4,WingTai400,WingTai160,https://wingtai.solovue.com/images/products/list/desktop/WXF39346.JPG,WXF39346.JPG,,,WingTai800,WXF39346.JPG
Set of 2 Red Christmas Boxes - TS,WXF39601-2S,,,Out of Stock,,,,,,2,29.99,6,26.99,12,24.99,2,WingTai400,WingTai160,https://wingtai.solovue.com/images/products/list/desktop/WXF39601-2S.JPG,WXF39601-2S.JPG,,,WingTai800,WXF39601-2S.JPG
Set of 3 Snowflake Ornaments - TS,WXF39621-3S,,,In Stock,,,,,,5,15.99,10,13.99,20,12.99,5,WingTai400,WingTai160,https://wingtai.solovue.com/images/products/list/desktop/WXF39621-3S.JPG,WXF39621-3S.JPG,,,WingTai800,WXF39621-3S.JPG
Cutout Snowflake Bead Hanger,WXF39637,,,In Stock,,,,,,10,2.1,20,2.1,40,2.1,10,WingTai400,WingTai160,https://wingtai.solovue.com/images/products/list/desktop/WXF39637.JPG,WXF39637.JPG,,,WingTai800,WXF39637.JPG
Set of 2 Snowflake Boxes - TS,WXF39638-2S,,,In Stock,,,,,,2,27.99,4,24.99,8,22.99,2,WingTai400,WingTai160,https://wingtai.solovue.com/images/products/list/desktop/WXF39638-2S.JPG,WXF39638-2S.JPG,,,WingTai800,WXF39638-2S.JPG
2 Asst Tree and Gingerbread Man Cookie Cutter Ornaments,WXF39699-2A,,,In Stock,,,,,,10,3.99,20,3.59,40,3.29,10,WingTai400,WingTai160,https://wingtai.solovue.com/images/products/list/desktop/WXF39699-2A.JPG,WXF39699-2A.JPG,,,WingTai800,WXF39699-2A.JPG
Set of 2 Wood Snowflake Blocks - TS,WXF39707-2S,,,In Stock,,,,,,8,3.84,16,3.84,32,3.84,8,WingTai400,WingTai160,https://wingtai.solovue.com/images/products/list/desktop/WXF39707-2S.JPG,WXF39707-2S.JPG,,,WingTai800,WXF39707-2S.JPG
Set of 2 Christmas Tree Stands - TS,WXF39765-2S,,,In Stock,,,,,,6,15.95,12,13.95,24,12.95,6,WingTai400,WingTai160,https://wingtai.solovue.com/images/products/list/desktop/WXF39765-2S.JPG,WXF39765-2S.JPG,,,WingTai800,WXF39765-2S.JPG
Set of 2 Snowflakes on Stands,WXF39767-2S,,,In Stock,,,,,,8,5.25,8,5.25,16,5.25,8,WingTai400,WingTai160,https://wingtai.solovue.com/images/products/list/desktop/WXF39767-2S.JPG,WXF39767-2S.JPG,,,WingTai800,WXF39767-2S.JPG
Set of 2 Trees on Stands,WXF39770-2S,,,In Stock,,,,,,6,12.95,12,11.95,24,10.95,6,WingTai400,WingTai160,https://wingtai.solovue.com/images/products/list/desktop/WXF39770-2S.JPG,WXF39770-2S.JPG,,,WingTai800,WXF39770-2S.JPG
Short Bead-Wrapped Pillar Holder,WXF39901,,,Out of Stock,,,,,,6,7.95,12,7.35,24,6.75,6,WingTai400,WingTai160,https://wingtai.solovue.com/images/products/list/desktop/WXF39901.JPG,WXF39901.JPG,,,WingTai800,WXF39901.JPG
Dark Wood Bead Hanger,WXN39209,,,In Stock,,,,,,24,1.14,36,1.14,72,1.14,24,WingTai400,WingTai160,https://wingtai.solovue.com/images/products/list/desktop/WXN39209.JPG,WXN39209.JPG,,,WingTai800,WXN39209.JPG
Lighted Multi-Sided Block Bead Garland,WXN39360,,,In Stock,,,,,,12,6.95,24,6.15,48,5.95,12,WingTai400,WingTai160,https://wingtai.solovue.com/images/products/list/desktop/WXN39360.JPG,WXN39360.JPG,,,WingTai800,WXN39360.JPG
Cream and White Rope Ornament,WXN39374,,,In Stock,,,,,,24,1.74,36,1.74,60,1.74,24,WingTai400,WingTai160,https://wingtai.solovue.com/images/products/list/desktop/WXN39374.JPG,WXN39374.JPG,,,WingTai800,WXN39374.JPG
Small Beaded Snowflake Ornament,WXN39375,,,In Stock,,,,,,24,1.74,36,1.74,60,1.74,24,WingTai400,WingTai160,https://wingtai.solovue.com/images/products/list/desktop/WXN39375.JPG,WXN39375.JPG,,,WingTai800,WXN39375.JPG
Long Beaded Snowflake Ornament,WXN39376,,,In Stock,,,,,,24,2.09,36,2.09,60,2.09,24,WingTai400,WingTai160,https://wingtai.solovue.com/images/products/list/desktop/WXN39376.JPG,WXN39376.JPG,,,WingTai800,WXN39376.JPG
Beaded Snowman Ornament,WXN39377,,,Out of Stock,,,,,,12,3.95,36,3.45,72,3.25,12,WingTai400,WingTai160,https://wingtai.solovue.com/images/products/list/desktop/WXN39377.JPG,WXN39377.JPG,,,WingTai800,WXN39377.JPG
Lighted Long Beaded Garland,WXN39379,,,In Stock,,,,,,8,5.25,12,5.25,24,5.25,8,WingTai400,WingTai160,https://wingtai.solovue.com/images/products/list/desktop/WXN39379.JPG,WXN39379.JPG,,,WingTai800,WXN39379.JPG
S/2 Standing Shelves,WXF39772-2S,,,In Stock,,,,,,1,109.99,2,96.99,4,87.99,1,WingTai400,WingTai160,https://wingtai.solovue.com/images/products/list/desktop/WXF39772-2S.JPG,WXF39772-2S.JPG,,,WingTai800,WXF39772-2S.JPG
Japanese Cedar Wreath - TS,FXD39123W,,,In Stock,,,,,,2,34.99,6,30.99,6,30.99,2,WingTai400,WingTai160,https://wingtai.solovue.com/images/products/list/desktop/FXD39123W.JPG,FXD39123W.JPG,,,WingTai800,FXD39123W.JPG
Bead Garland Planter Hanger,WXQ39888,,,In Stock,,,,,,6,14.99,18,13.99,36,12.99,6,WingTai400,WingTai160,https://wingtai.solovue.com/images/products/list/desktop/WXQ39888.JPG,WXQ39888.JPG,,,WingTai800,WXQ39888.JPG
Carrot Garland,DAF41920,,,In Stock,,,,,,6,11.95,12,10.95,24,9.95,6,WingTai400,WingTai160,https://wingtai.solovue.com/images/products/list/desktop/DAF41920.JPG,DAF41920.JPG,,,WingTai800,DAF41920.JPG
Plush Bunny with Carrots,DAF41924,,,In Stock,,,,,,6,11.95,12,10.95,24,9.95,6,WingTai400,WingTai160,https://wingtai.solovue.com/images/products/list/desktop/DAF41924.JPG,DAF41924.JPG,,,WingTai800,DAF41924.JPG
Grow Wildly Tea Towel - TS,DAI41502,,,In Stock,,,,,,12,5.29,60,4.69,120,4.29,12,WingTai400,WingTai160,https://wingtai.solovue.com/images/products/list/desktop/DAI41502.JPG,DAI41502.JPG,,,WingTai800,DAI41502.JPG
Grow Wildly Table Runner,DAI41503,,,In Stock,,,,,,4,14.99,20,13.99,40,12.99,4,WingTai400,WingTai160,https://wingtai.solovue.com/images/products/list/desktop/DAI41503.JPG,DAI41503.JPG,,,WingTai800,DAI41503.JPG
Cream Daisy Tea Towel - TS,DAI41549,,,In Stock,,,,,,12,6.39,60,5.69,120,5.19,12,WingTai400,WingTai160,https://wingtai.solovue.com/images/products/list/desktop/DAI41549.JPG,DAI41549.JPG,,,WingTai800,DAI41549.JPG
Tan Daisy Tea Towel - TS,DAI41550,,,In Stock,,,,,,12,5.99,60,5.29,120,4.79,12,WingTai400,WingTai160,https://wingtai.solovue.com/images/products/list/desktop/DAI41550.JPG,DAI41550.JPG,,,WingTai800,DAI41550.JPG
Sage Tea Towel,DAI41551,,,In Stock,,,,,,12,5.99,60,5.29,120,4.79,12,WingTai400,WingTai160,https://wingtai.solovue.com/images/products/list/desktop/DAI41551.JPG,DAI41551.JPG,,,WingTai800,DAI41551.JPG
S/3 Brown_Tan Plush Mushrooms,DAQ41233-3S,,,In Stock,,,,,,4,8.99,12,7.99,24,7.29,4,WingTai400,WingTai160,https://wingtai.solovue.com/images/products/list/desktop/DAQ41233-3S.JPG,DAQ41233-3S.JPG,,,WingTai800,DAQ41233-3S.JPG
2 Asst Striped_Weave Pattern Plush Bunnies,DAQ41235-2A,,,In Stock,,,,,,6,4.29,48,3.79,96,3.39,6,WingTai400,WingTai160,https://wingtai.solovue.com/images/products/list/desktop/DAQ41235-2A.JPG,DAQ41235-2A.JPG,,,WingTai800,DAQ41235-2A.JPG
Striped_Weave Pattern Carrot Bundle,DAQ41238-3S,,,In Stock,,,,,,12,5.29,60,4.69,120,4.29,12,WingTai400,WingTai160,https://wingtai.solovue.com/images/products/list/desktop/DAQ41238-3S.JPG,DAQ41238-3S.JPG,,,WingTai800,DAQ41238-3S.JPG
2 Asst Small Striped_Weave Pattern Plush Butterflies,DAQ41239-2A,,,In Stock,,,,,,12,4.29,60,3.79,120,3.39,12,WingTai400,WingTai160,https://wingtai.solovue.com/images/products/list/desktop/DAQ41239-2A.JPG,DAQ41239-2A.JPG,,,WingTai800,DAQ41239-2A.JPG
2 Asst Large Striped_Weave Pattern Plush Butterflies,DAQ41240-2A,,,In Stock,,,,,,12,5.29,48,4.69,96,4.29,12,WingTai400,WingTai160,https://wingtai.solovue.com/images/products/list/desktop/DAQ41240-2A.JPG,DAQ41240-2A.JPG,,,WingTai800,DAQ41240-2A.JPG
Striped_Weave Pattern Standing Sunflower,DAQ41241,,,In Stock,,,,,,6,9.95,24,8.95,48,7.95,6,WingTai400,WingTai160,https://wingtai.solovue.com/images/products/list/desktop/DAQ41241.JPG,DAQ41241.JPG,,,WingTai800,DAQ41241.JPG
S/2 Striped_Weave Pattern Plush Sunflowers,DAQ41242-2S,,,In Stock,,,,,,12,7.49,60,6.59,120,5.99,12,WingTai400,WingTai160,https://wingtai.solovue.com/images/products/list/desktop/DAQ41242-2S.JPG,DAQ41242-2S.JPG,,,WingTai800,DAQ41242-2S.JPG
S/2 Striped_Weave Pattern Plush Mushrooms,DAQ41243-2S,,,Out of Stock Dec 1,,,,,,12,6.29,60,5.59,120,4.99,12,WingTai400,WingTai160,https://wingtai.solovue.com/images/products/list/desktop/DAQ41243-2S.JPG,DAQ41243-2S.JPG,,,WingTai800,DAQ41243-2S.JPG
Large Button Carrot Bundle,DAQ41247-3S,,,In Stock,,,,,,6,6.99,36,6.19,72,5.59,6,WingTai400,WingTai160,https://wingtai.solovue.com/images/products/list/desktop/DAQ41247-3S.JPG,DAQ41247-3S.JPG,,,WingTai800,DAQ41247-3S.JPG
Small Button Carrot Bundle - TS,DAQ41248-3S,,,In Stock,,,,,,12,5.99,60,5.29,120,4.79,12,WingTai400,WingTai160,https://wingtai.solovue.com/images/products/list/desktop/DAQ41248-3S.JPG,DAQ41248-3S.JPG,,,WingTai800,DAQ41248-3S.JPG
Tall Americana Sunflower,DAQ41256,,,In Stock,,,,,,12,4.95,60,4.35,120,3.95,12,WingTai400,WingTai160,https://wingtai.solovue.com/images/products/list/desktop/DAQ41256.JPG,DAQ41256.JPG,,,WingTai800,DAQ41256.JPG
Green Ear Plush Bunny Head,DAQ41258,,,In Stock,,,,,,6,9.99,18,8.99,36,8.29,6,WingTai400,WingTai160,https://wingtai.solovue.com/images/products/list/desktop/DAQ41258.JPG,DAQ41258.JPG,,,WingTai800,DAQ41258.JPG
S/2 Green Bunny Bags,DAQ41261-2S,,,In Stock,,,,,,4,9.99,12,8.79,24,8.19,4,WingTai400,WingTai160,https://wingtai.solovue.com/images/products/list/desktop/DAQ41261-2S.JPG,DAQ41261-2S.JPG,,,WingTai800,DAQ41261-2S.JPG
Large Suffolk Sheep Doll,DAQ41262,,,In Stock,,,,,,12,6.49,24,5.69,48,5.19,12,WingTai400,WingTai160,https://wingtai.solovue.com/images/products/list/desktop/DAQ41262.JPG,DAQ41262.JPG,,,WingTai800,DAQ41262.JPG
Small Plush Ram,DAQ41265,,,In Stock,,,,,,6,13.99,18,12.99,30,11.99,6,WingTai400,WingTai160,https://wingtai.solovue.com/images/products/list/desktop/DAQ41265.JPG,DAQ41265.JPG,,,WingTai800,DAQ41265.JPG
Plush 2 Stack Bunny with Buttons,DAQ41268,,,In Stock,,,,,,4,7.99,16,6.99,32,6.49,4,WingTai400,WingTai160,https://wingtai.solovue.com/images/products/list/desktop/DAQ41268.JPG,DAQ41268.JPG,,,WingTai800,DAQ41268.JPG
Green Polka Dot Butterfly Stack,DAQ41281,,,In Stock,,,,,,6,7.49,30,6.59,60,5.99,6,WingTai400,WingTai160,https://wingtai.solovue.com/images/products/list/desktop/DAQ41281.JPG,DAQ41281.JPG,,,WingTai800,DAQ41281.JPG
Large Apricot Butterfly,DAQ41282,,,In Stock,,,,,,12,2.97,48,2.97,96,2.97,12,WingTai400,WingTai160,https://wingtai.solovue.com/images/products/list/desktop/DAQ41282.JPG,DAQ41282.JPG,,,WingTai800,DAQ41282.JPG
Striped_Weave Pattern Sunflower,DAQ41406,,,In Stock,,,,,,12,4.99,60,4.39,120,3.99,12,WingTai400,WingTai160,https://wingtai.solovue.com/images/products/list/desktop/DAQ41406.JPG,DAQ41406.JPG,,,WingTai800,DAQ41406.JPG
Striped_Weave Pattern Sunflower,DAQ41414,,,In Stock,,,,,,12,4.49,72,3.99,144,3.59,12,WingTai400,WingTai160,https://wingtai.solovue.com/images/products/list/desktop/DAQ41414.JPG,DAQ41414.JPG,,,WingTai800,DAQ41414.JPG
"3 Asst Green, White_Yellow Daisy Picks",FAQ41704B-3A,,,In Stock,,,,,,24,3.15,48,2.75,72,2.55,24,WingTai400,WingTai160,https://wingtai.solovue.com/images/products/list/desktop/FAQ41704B-3A.JPG,FAQ41704B-3A.JPG,,,WingTai800,FAQ41704B-3A.JPG
Bunny Gnome Pick,FAQ41706,,,In Stock,,,,,,12,2.55,48,2.35,96,2.15,12,WingTai400,WingTai160,https://wingtai.solovue.com/images/products/list/desktop/FAQ41706.JPG,FAQ41706.JPG,,,WingTai800,FAQ41706.JPG
Easter Egg Garland,FAQ41716,,,In Stock,,,,,,6,7.49,24,6.59,48,5.99,6,WingTai400,WingTai160,https://wingtai.solovue.com/images/products/list/desktop/FAQ41716.JPG,FAQ41716.JPG,,,WingTai800,FAQ41716.JPG
Carnation_Persian Buttercup Candle Ring,FAQ41727CLL,,,In Stock,,,,,,9,11.95,27,10.95,54,9.95,9,WingTai400,WingTai160,https://wingtai.solovue.com/images/products/list/desktop/FAQ41727CLL.JPG,FAQ41727CLL.JPG,,,WingTai800,FAQ41727CLL.JPG
Easter Lily Candle Ring,FAQ41729CL,,,In Stock,,,,,,12,8.99,60,7.99,120,7.29,12,WingTai400,WingTai160,https://wingtai.solovue.com/images/products/list/desktop/FAQ41729CL.JPG,FAQ41729CL.JPG,,,WingTai800,FAQ41729CL.JPG
Multi Color Aster Pick,FAQ41731B,,,In Stock,,,,,,12,2.97,36,2.97,72,2.97,12,WingTai400,WingTai160,https://wingtai.solovue.com/images/products/list/desktop/FAQ41731B.JPG,FAQ41731B.JPG,,,WingTai800,FAQ41731B.JPG
Green Leaf Long Pick,FAQ41733B-17,,,In Stock,,,,,,12,5.29,60,4.69,120,4.29,12,WingTai400,WingTai160,https://wingtai.solovue.com/images/products/list/desktop/FAQ41733B-17.JPG,FAQ41733B-17.JPG,,,WingTai800,FAQ41733B-17.JPG
Eucalyptus and Lamb's Ear Pick,FAQ41736B-17,,,In Stock,,,,,,12,6.99,60,6.29,120,5.99,12,WingTai400,WingTai160,https://wingtai.solovue.com/images/products/list/desktop/FAQ41736B-17.JPG,FAQ41736B-17.JPG,,,WingTai800,FAQ41736B-17.JPG
White Wheat Bunch,FAQ41738B,,,In Stock,,,,,,12,8.49,72,7.49,144,6.79,12,WingTai400,WingTai160,https://wingtai.solovue.com/images/products/list/desktop/FAQ41738B.JPG,FAQ41738B.JPG,,,WingTai800,FAQ41738B.JPG
Lavender Daisy Pick - TS,FAQ41739B,,,In Stock,,,,,,12,5.95,36,5.25,60,4.95,12,WingTai400,WingTai160,https://wingtai.solovue.com/images/products/list/desktop/FAQ41739B.JPG,FAQ41739B.JPG,,,WingTai800,FAQ41739B.JPG
Purple Daisy Pick,FAQ41746B,,,In Stock,,,,,,12,6.29,60,5.49,120,4.99,12,WingTai400,WingTai160,https://wingtai.solovue.com/images/products/list/desktop/FAQ41746B.JPG,FAQ41746B.JPG,,,WingTai800,FAQ41746B.JPG
Pyrethrum Daisy Pick,FAQ41747B,,,In Stock,,,,,,12,5.25,60,4.65,120,4.25,12,WingTai400,WingTai160,https://wingtai.solovue.com/images/products/list/desktop/FAQ41747B.JPG,FAQ41747B.JPG,,,WingTai800,FAQ41747B.JPG
Tan Flower_Daisy Pick,FAQ41749B,,,In Stock,,,,,,12,5.29,60,4.69,120,4.29,12,WingTai400,WingTai160,https://wingtai.solovue.com/images/products/list/desktop/FAQ41749B.JPG,FAQ41749B.JPG,,,WingTai800,FAQ41749B.JPG
Fern_Mistletoe Mini Ring,FAQ41752CSS,,,In Stock,,,,,,24,1.95,72,1.75,144,1.65,24,WingTai400,WingTai160,https://wingtai.solovue.com/images/products/list/desktop/FAQ41752CSS.JPG,FAQ41752CSS.JPG,,,WingTai800,FAQ41752CSS.JPG
Pink_White Ball Flower Candle Ring,FAQ41755CL,,,In Stock,,,,,,6,6.29,30,5.49,60,4.99,6,WingTai400,WingTai160,https://wingtai.solovue.com/images/products/list/desktop/FAQ41755CL.JPG,FAQ41755CL.JPG,,,WingTai800,FAQ41755CL.JPG
Tan Daisy Pick,FAQ41763B,,,In Stock,,,,,,24,3.95,72,3.59,144,3.35,24,WingTai400,WingTai160,https://wingtai.solovue.com/images/products/list/desktop/FAQ41763B.JPG,FAQ41763B.JPG,,,WingTai800,FAQ41763B.JPG
Orange_Yellow Flower Pick,FAQ41769B,,,In Stock,,,,,,24,4.95,72,4.45,144,4.15,24,WingTai400,WingTai160,https://wingtai.solovue.com/images/products/list/desktop/FAQ41769B.JPG,FAQ41769B.JPG,,,WingTai800,FAQ41769B.JPG
Brown_Orange Eucalyptus Pick,FAQ41770B,,,In Stock,,,,,,24,1.47,72,1.47,144,1.47,24,WingTai400,WingTai160,https://wingtai.solovue.com/images/products/list/desktop/FAQ41770B.JPG,FAQ41770B.JPG,,,WingTai800,FAQ41770B.JPG
Lavender Planter,FAQ41773,,,In Stock,,,,,,6,9.45,24,8.45,36,7.65,6,WingTai400,WingTai160,https://wingtai.solovue.com/images/products/list/desktop/FAQ41773.JPG,FAQ41773.JPG,,,WingTai800,FAQ41773.JPG
Green Hops Mini Ring,FAQ41774CSS,,,In Stock,,,,,,24,1.75,72,1.55,144,1.45,24,WingTai400,WingTai160,https://wingtai.solovue.com/images/products/list/desktop/FAQ41774CSS.JPG,FAQ41774CSS.JPG,,,WingTai800,FAQ41774CSS.JPG
Prairie Sumac Pick,FAQ41795B,,,In Stock,,,,,,24,1.97,48,1.97,96,1.97,24,WingTai400,WingTai160,https://wingtai.solovue.com/images/products/list/desktop/FAQ41795B.JPG,FAQ41795B.JPG,,,WingTai800,FAQ41795B.JPG
Round Wood Stem Vase with Daisy - TS,GAF41052,,,In Stock,,,,,,4,19.99,12,17.99,24,15.99,4,WingTai400,WingTai160,https://wingtai.solovue.com/images/products/list/desktop/GAF41052.JPG,GAF41052.JPG,,,WingTai800,GAF41052.JPG
Small Mango Base Hurricane Jar,GAI41553,,,In Stock,,,,,,4,17.99,8,15.99,16,14.99,4,WingTai400,WingTai160,https://wingtai.solovue.com/images/products/list/desktop/GAI41553.JPG,GAI41553.JPG,,,WingTai800,GAI41553.JPG
Large Mango Base Hurricane Jar,GAI41554,,,In Stock,,,,,,4,24.99,8,21.99,16,19.99,4,WingTai400,WingTai160,https://wingtai.solovue.com/images/products/list/desktop/GAI41554.JPG,GAI41554.JPG,,,WingTai800,GAI41554.JPG
Tall Neck Glass Jar with Woven Sleeve,GAQ41340,,,In Stock,,,,,,12,3.99,24,3.49,48,3.29,12,WingTai400,WingTai160,https://wingtai.solovue.com/images/products/list/desktop/GAQ41340.JPG,GAQ41340.JPG,,,WingTai800,GAQ41340.JPG
Small Apricot Glass Jar with Beads,GAS41011,,,In Stock,,,,,,12,3.99,24,3.49,48,3.19,12,WingTai400,WingTai160,https://wingtai.solovue.com/images/products/list/desktop/GAS41011.JPG,GAS41011.JPG,,,WingTai800,GAS41011.JPG
Large Apricot Glass Jar with Beads - TS,GAS41291,,,In Stock,,,,,,6,5.25,18,4.65,36,4.25,6,WingTai400,WingTai160,https://wingtai.solovue.com/images/products/list/desktop/GAS41291.JPG,GAS41291.JPG,,,WingTai800,GAS41291.JPG
Solar Firefly Light 8ct,LAD41043,,,In Stock,,,,,,10,6.99,40,6.19,80,5.59,10,WingTai400,WingTai160,https://wingtai.solovue.com/images/products/list/desktop/LAD41043.JPG,LAD41043.JPG,,,WingTai800,LAD41043.JPG
6 in Apricot Breeze LED Votive,LAS41013-6T,,,In Stock,,,,,,12,6.29,24,5.59,48,4.99,12,WingTai400,WingTai160,https://wingtai.solovue.com/images/products/list/desktop/LAS41013-6T.JPG,LAS41013-6T.JPG,,,WingTai800,LAS41013-6T.JPG
Short White Spiral LED Taper,LAS41026T,,,In Stock,,,,,,12,6.29,48,5.59,96,4.99,12,WingTai400,WingTai160,https://wingtai.solovue.com/images/products/list/desktop/LAS41026T.JPG,LAS41026T.JPG,,,WingTai800,LAS41026T.JPG
Tall White Spiral LED Taper,LAS41027T,,,In Stock,,,,,,12,6.99,48,6.39,96,5.79,12,WingTai400,WingTai160,https://wingtai.solovue.com/images/products/list/desktop/LAS41027T.JPG,LAS41027T.JPG,,,WingTai800,LAS41027T.JPG
Short Sage Spiral LED Taper,LAS41028T,,,In Stock,,,,,,12,6.29,48,5.59,96,4.99,12,WingTai400,WingTai160,https://wingtai.solovue.com/images/products/list/desktop/LAS41028T.JPG,LAS41028T.JPG,,,WingTai800,LAS41028T.JPG
Tall Sage Spiral LED Taper,LAS41029T,,,In Stock,,,,,,12,6.99,48,6.39,96,5.79,12,WingTai400,WingTai160,https://wingtai.solovue.com/images/products/list/desktop/LAS41029T.JPG,LAS41029T.JPG,,,WingTai800,LAS41029T.JPG
Short White Ridged LED Taper,LAS41030T,,,In Stock,,,,,,12,6.29,48,5.59,96,4.99,12,WingTai400,WingTai160,https://wingtai.solovue.com/images/products/list/desktop/LAS41030T.JPG,LAS41030T.JPG,,,WingTai800,LAS41030T.JPG
Tall White Ridged LED Taper,LAS41031T,,,In Stock,,,,,,12,6.99,48,6.39,96,5.79,12,WingTai400,WingTai160,https://wingtai.solovue.com/images/products/list/desktop/LAS41031T.JPG,LAS41031T.JPG,,,WingTai800,LAS41031T.JPG
Short Sage Ridged LED Taper,LAS41032T,,,In Stock,,,,,,12,6.29,48,5.59,96,4.99,12,WingTai400,WingTai160,https://wingtai.solovue.com/images/products/list/desktop/LAS41032T.JPG,LAS41032T.JPG,,,WingTai800,LAS41032T.JPG
Tall Sage Ridged LED Taper,LAS41033T,,,In Stock,,,,,,12,6.99,48,6.39,96,5.79,12,WingTai400,WingTai160,https://wingtai.solovue.com/images/products/list/desktop/LAS41033T.JPG,LAS41033T.JPG,,,WingTai800,LAS41033T.JPG
4 in tall Apricot Breeze LED Pillar,LAS41034-4T,,,In Stock,,,,,,8,7.39,24,6.49,48,5.99,8,WingTai400,WingTai160,https://wingtai.solovue.com/images/products/list/desktop/LAS41034-4T.JPG,LAS41034-4T.JPG,,,WingTai800,LAS41034-4T.JPG
6 in Sage Green Ridged LED Pillar,LAS41398-6T,,,In Stock,,,,,,6,8.39,18,7.39,36,6.69,6,WingTai400,WingTai160,https://wingtai.solovue.com/images/products/list/desktop/LAS41398-6T.JPG,LAS41398-6T.JPG,,,WingTai800,LAS41398-6T.JPG
4 in Black Ridged LED Pillar,LAS41399-4T,,,In Stock,,,,,,8,7.39,24,6.49,48,5.99,8,WingTai400,WingTai160,https://wingtai.solovue.com/images/products/list/desktop/LAS41399-4T.JPG,LAS41399-4T.JPG,,,WingTai800,LAS41399-4T.JPG
6 in Black Ridged LED Pillar,LAS41399-6T,,,In Stock,,,,,,6,8.39,18,7.39,36,6.69,6,WingTai400,WingTai160,https://wingtai.solovue.com/images/products/list/desktop/LAS41399-6T.JPG,LAS41399-6T.JPG,,,WingTai800,LAS41399-6T.JPG
6 in Sage Green LED Votive,LAS41401-6T,,,In Stock,,,,,,12,6.29,24,5.59,48,4.99,12,WingTai400,WingTai160,https://wingtai.solovue.com/images/products/list/desktop/LAS41401-6T.JPG,LAS41401-6T.JPG,,,WingTai800,LAS41401-6T.JPG
6 in Black LED Votive,LAS41403-6T,,,In Stock,,,,,,12,6.29,24,5.59,48,4.99,12,WingTai400,WingTai160,https://wingtai.solovue.com/images/products/list/desktop/LAS41403-6T.JPG,LAS41403-6T.JPG,,,WingTai800,LAS41403-6T.JPG
Small Strand Light LED Pillar,LAS41591T,,,In Stock,,,,,,8,8.35,24,7.45,48,6.95,8,WingTai400,WingTai160,https://wingtai.solovue.com/images/products/list/desktop/LAS41591T.JPG,LAS41591T.JPG,,,WingTai800,LAS41591T.JPG
Medium Strand Light LED Pillar,LAS41592T,,,In Stock,,,,,,6,9.45,18,8.45,36,7.65,6,WingTai400,WingTai160,https://wingtai.solovue.com/images/products/list/desktop/LAS41592T.JPG,LAS41592T.JPG,,,WingTai800,LAS41592T.JPG
Large Strand Light LED Pillar,LAS41593T,,,In Stock,,,,,,6,9.99,12,8.99,24,8.29,6,WingTai400,WingTai160,https://wingtai.solovue.com/images/products/list/desktop/LAS41593T.JPG,LAS41593T.JPG,,,WingTai800,LAS41593T.JPG
4 inch Strand Light LED Votive,LAS41594T,,,In Stock,,,,,,12,8.35,36,7.45,72,6.95,12,WingTai400,WingTai160,https://wingtai.solovue.com/images/products/list/desktop/LAS41594T.JPG,LAS41594T.JPG,,,WingTai800,LAS41594T.JPG
6 inch Strand Light LED Votive,LAS41595T,,,In Stock,,,,,,8,8.39,24,7.39,48,6.69,8,WingTai400,WingTai160,https://wingtai.solovue.com/images/products/list/desktop/LAS41595T.JPG,LAS41595T.JPG,,,WingTai800,LAS41595T.JPG
8 in Strand Light LED Votvie,LAS41596T,,,In Stock,,,,,,8,9.45,24,8.45,48,7.65,8,WingTai400,WingTai160,https://wingtai.solovue.com/images/products/list/desktop/LAS41596T.JPG,LAS41596T.JPG,,,WingTai800,LAS41596T.JPG
S/2 Hoppy Spring / Hello Spring Metal Buckets,MAF41044-2S,,,In Stock,,,,,,4,9.49,8,8.39,12,7.59,4,WingTai400,WingTai160,https://wingtai.solovue.com/images/products/list/desktop/MAF41044-2S.JPG,MAF41044-2S.JPG,,,WingTai800,MAF41044-2S.JPG
S/2 Apricot Breeze Buckets,MAF41068-2S,,,In Stock,,,,,,4,9.99,8,8.99,12,8.29,4,WingTai400,WingTai160,https://wingtai.solovue.com/images/products/list/desktop/MAF41068-2S.JPG,MAF41068-2S.JPG,,,WingTai800,MAF41068-2S.JPG
S/2 Wood_Metal House Candle Holders,MAF41111-2S,,,In Stock,,,,,,4,19.95,8,17.95,16,16.95,4,WingTai400,WingTai160,https://wingtai.solovue.com/images/products/list/desktop/MAF41111-2S.JPG,MAF41111-2S.JPG,,,WingTai800,MAF41111-2S.JPG
Sage Green Metal Tray Riser,MAF41127,,,In Stock,,,,,,6,8.99,12,7.99,24,7.29,6,WingTai400,WingTai160,https://wingtai.solovue.com/images/products/list/desktop/MAF41127.JPG,MAF41127.JPG,,,WingTai800,MAF41127.JPG
Sage Green Metal Cup,MAF41128,,,In Stock,,,,,,6,5.99,18,5.39,36,4.99,6,WingTai400,WingTai160,https://wingtai.solovue.com/images/products/list/desktop/MAF41128.JPG,MAF41128.JPG,,,WingTai800,MAF41128.JPG
Large Sage Green Black Rim Metal Daisy,MAF41130,,,In Stock,,,,,,6,6.25,12,5.45,24,4.95,6,WingTai400,WingTai160,https://wingtai.solovue.com/images/products/list/desktop/MAF41130.JPG,MAF41130.JPG,,,WingTai800,MAF41130.JPG
Coffee Sign on Stand,MAF41293,,,In Stock,,,,,,6,4.95,12,4.35,24,3.95,6,WingTai400,WingTai160,https://wingtai.solovue.com/images/products/list/desktop/MAF41293.JPG,MAF41293.JPG,,,WingTai800,MAF41293.JPG
Apricot Metal Candlestick,MAF41407,,,In Stock,,,,,,4,7.97,12,7.97,24,7.97,4,WingTai400,WingTai160,https://wingtai.solovue.com/images/products/list/desktop/MAF41407.JPG,MAF41407.JPG,,,WingTai800,MAF41407.JPG
Land of the Free Sign Stand,MAF41416,,,In Stock,,,,,,12,2.97,24,2.97,48,2.97,12,WingTai400,WingTai160,https://wingtai.solovue.com/images/products/list/desktop/MAF41416.JPG,MAF41416.JPG,,,WingTai800,MAF41416.JPG
Spherical Iron Candle Holder,MAF41632,,,In Stock,,,,,,8,6.99,16,6.39,32,5.79,8,WingTai400,WingTai160,https://wingtai.solovue.com/images/products/list/desktop/MAF41632.JPG,MAF41632.JPG,,,WingTai800,MAF41632.JPG
Tall Metal Bunny Cutout on Stand,MAI41516,,,In Stock,,,,,,4,5.29,24,4.69,48,4.29,4,WingTai400,WingTai160,https://wingtai.solovue.com/images/products/list/desktop/MAI41516.JPG,MAI41516.JPG,,,WingTai800,MAI41516.JPG
Short Metal Bunny Cutout on Stand,MAI41517,,,In Stock,,,,,,6,4.15,36,3.65,72,3.25,6,WingTai400,WingTai160,https://wingtai.solovue.com/images/products/list/desktop/MAI41517.JPG,MAI41517.JPG,,,WingTai800,MAI41517.JPG
S/2 Round Handle Iron Candle Holders - TS,MAI41542-2S,,,In Stock,,,,,,4,15.99,8,13.99,16,12.99,4,WingTai400,WingTai160,https://wingtai.solovue.com/images/products/list/desktop/MAI41542-2S.JPG,MAI41542-2S.JPG,,,WingTai800,MAI41542-2S.JPG
S/2 Iron_Acacia Wood Lanterns,MAI41544-2S,,,In Stock,,,,,,2,24.99,4,21.99,8,19.99,2,WingTai400,WingTai160,https://wingtai.solovue.com/images/products/list/desktop/MAI41544-2S.JPG,MAI41544-2S.JPG,,,WingTai800,MAI41544-2S.JPG
White Ceramic Jar,PAF41178,,,In Stock,,,,,,12,9.95,24,8.95,36,8.25,12,WingTai400,WingTai160,https://wingtai.solovue.com/images/products/list/desktop/PAF41178.JPG,PAF41178.JPG,,,WingTai800,PAF41178.JPG
Large Ceramic Bunny with LED Light,PAF41185,,,In Stock,,,,,,6,14.99,12,13.99,24,12.99,6,WingTai400,WingTai160,https://wingtai.solovue.com/images/products/list/desktop/PAF41185.JPG,PAF41185.JPG,,,WingTai800,PAF41185.JPG
Cylindrical Ceramic Pot with Flower Cutout,PAF41200,,,In Stock,,,,,,6,11.95,12,10.95,18,9.95,6,WingTai400,WingTai160,https://wingtai.solovue.com/images/products/list/desktop/PAF41200.JPG,PAF41200.JPG,,,WingTai800,PAF41200.JPG
Large Rounded Ceramic Pot with Flower Cutout,PAF41202,,,In Stock,,,,,,4,21.99,8,19.99,12,17.99,4,WingTai400,WingTai160,https://wingtai.solovue.com/images/products/list/desktop/PAF41202.JPG,PAF41202.JPG,,,WingTai800,PAF41202.JPG
Large White Narrow Neck Porcelain Jar,PAF41213,,,In Stock,,,,,,8,8.39,16,7.39,24,6.69,8,WingTai400,WingTai160,https://wingtai.solovue.com/images/products/list/desktop/PAF41213.JPG,PAF41213.JPG,,,WingTai800,PAF41213.JPG
Large Brown Narrow Neck Porcelain Jar,PAF41215,,,In Stock,,,,,,8,8.39,16,7.49,24,6.99,8,WingTai400,WingTai160,https://wingtai.solovue.com/images/products/list/desktop/PAF41215.JPG,PAF41215.JPG,,,WingTai800,PAF41215.JPG
Small Brown Narrow Neck Porcelain Jar,PAF41216,,,In Stock,,,,,,8,5.25,16,4.65,24,4.25,8,WingTai400,WingTai160,https://wingtai.solovue.com/images/products/list/desktop/PAF41216.JPG,PAF41216.JPG,,,WingTai800,PAF41216.JPG
Brown Porcelain Jug with Handle,PAF41217,,,In Stock,,,,,,8,6.95,16,6.15,24,5.65,8,WingTai400,WingTai160,https://wingtai.solovue.com/images/products/list/desktop/PAF41217.JPG,PAF41217.JPG,,,WingTai800,PAF41217.JPG
Tall Tan Porcelain Jug,PAF41220,,,In Stock,,,,,,8,12.99,16,11.99,24,10.99,8,WingTai400,WingTai160,https://wingtai.solovue.com/images/products/list/desktop/PAF41220.JPG,PAF41220.JPG,,,WingTai800,PAF41220.JPG
"3 Asst Blue, Green_Pink Porcelain Butterflies",PAF41600-3A,,,In Stock,,,,,,18,5.29,36,4.69,72,4.29,18,WingTai400,WingTai160,https://wingtai.solovue.com/images/products/list/desktop/PAF41600-3A.JPG,PAF41600-3A.JPG,,,WingTai800,PAF41600-3A.JPG
2 Asst Brown Porcelain Mushrooms,PAF41601-2A,,,In Stock,,,,,,12,9.99,24,8.99,36,8.29,12,WingTai400,WingTai160,https://wingtai.solovue.com/images/products/list/desktop/PAF41601-2A.JPG,PAF41601-2A.JPG,,,WingTai800,PAF41601-2A.JPG
Small Blue Boho Snail Planter,PAF41611,,,In Stock,,,,,,6,4.95,18,4.65,36,4.35,6,WingTai400,WingTai160,https://wingtai.solovue.com/images/products/list/desktop/PAF41611.JPG,PAF41611.JPG,,,WingTai800,PAF41611.JPG
S/2 Bronze Resin Hatch Mark Bunnies,PAF41625-2S,,,In Stock,,,,,,6,10.99,16,9.99,32,9.29,6,WingTai400,WingTai160,https://wingtai.solovue.com/images/products/list/desktop/PAF41625-2S.JPG,PAF41625-2S.JPG,,,WingTai800,PAF41625-2S.JPG
S/2 Resin Mushrooms,RAF41174-2S,,,In Stock,,,,,,8,7.35,16,6.45,32,5.95,8,WingTai400,WingTai160,https://wingtai.solovue.com/images/products/list/desktop/RAF41174-2S.JPG,RAF41174-2S.JPG,,,WingTai800,RAF41174-2S.JPG
2 Asst Large Apricot Boho Mini Planters,RAF41188-2A,,,In Stock,,,,,,8,7.49,24,6.59,48,5.99,8,WingTai400,WingTai160,https://wingtai.solovue.com/images/products/list/desktop/RAF41188-2A.JPG,RAF41188-2A.JPG,,,WingTai800,RAF41188-2A.JPG
Short Skinny Brown Resin Mushroom,RAF41193,,,In Stock,,,,,,12,4.35,24,3.95,48,3.65,12,WingTai400,WingTai160,https://wingtai.solovue.com/images/products/list/desktop/RAF41193.JPG,RAF41193.JPG,,,WingTai800,RAF41193.JPG
2 Asst Resin Planters with Plants,RAF41208-2A,,,In Stock,,,,,,4,10.99,12,9.99,24,9.29,4,WingTai400,WingTai160,https://wingtai.solovue.com/images/products/list/desktop/RAF41208-2A.JPG,RAF41208-2A.JPG,,,WingTai800,RAF41208-2A.JPG
Tall Resin Mushroom,RAF41408,,,In Stock,,,,,,24,6.25,48,5.45,72,4.95,24,WingTai400,WingTai160,https://wingtai.solovue.com/images/products/list/desktop/RAF41408.JPG,RAF41408.JPG,,,WingTai800,RAF41408.JPG
3 Asst White Resin Butterfly Stands - TS,RAF41410-3A,,,In Stock,,,,,,6,7.49,18,6.59,36,5.99,6,WingTai400,WingTai160,https://wingtai.solovue.com/images/products/list/desktop/RAF41410-3A.JPG,RAF41410-3A.JPG,,,WingTai800,RAF41410-3A.JPG
Resin Mama_Baby Standing Bunnies - TS,RAF41618,,,In Stock,,,,,,4,14.99,8,13.99,12,12.99,4,WingTai400,WingTai160,https://wingtai.solovue.com/images/products/list/desktop/RAF41618.JPG,RAF41618.JPG,,,WingTai800,RAF41618.JPG
S/2 Rounded Edge Wood Trays,WAF41059-2S,,,In Stock,,,,,,2,22.5,4,22.5,8,22.5,2,WingTai400,WingTai160,https://wingtai.solovue.com/images/products/list/desktop/WAF41059-2S.JPG,WAF41059-2S.JPG,,,WingTai800,WAF41059-2S.JPG
Welcome Home Hanging Rope Sign,WAF41078,,,In Stock,,,,,,6,11.99,12,10.99,24,9.99,6,WingTai400,WingTai160,https://wingtai.solovue.com/images/products/list/desktop/WAF41078.JPG,WAF41078.JPG,,,WingTai800,WAF41078.JPG
Pampas Grass Sign,WAF41094,,,Out of Stock Dec 1,,,,,,4,11.99,12,10.99,24,9.99,4,WingTai400,WingTai160,https://wingtai.solovue.com/images/products/list/desktop/WAF41094.JPG,WAF41094.JPG,,,WingTai800,WAF41094.JPG
Everyday is a Gift Butterfly Sign,WAF41096,,,In Stock,,,,,,4,4.75,12,4.15,24,3.95,4,WingTai400,WingTai160,https://wingtai.solovue.com/images/products/list/desktop/WAF41096.JPG,WAF41096.JPG,,,WingTai800,WAF41096.JPG
Wood_Leather Home Sign,WAF41101,,,Out of Stock,,,,,,6,6.99,18,6.19,36,5.79,6,WingTai400,WingTai160,https://wingtai.solovue.com/images/products/list/desktop/WAF41101.JPG,WAF41101.JPG,,,WingTai800,WAF41101.JPG
Wood_Metal Square Daisy Wall Hanger,WAF41108,,,In Stock,,,,,,4,19.99,8,17.99,12,16.99,4,WingTai400,WingTai160,https://wingtai.solovue.com/images/products/list/desktop/WAF41108.JPG,WAF41108.JPG,,,WingTai800,WAF41108.JPG
Six Shelf Stand,WAF41113,,,In Stock,,,,,,1,89.97,2,89.97,4,89.97,1,WingTai400,WingTai160,https://wingtai.solovue.com/images/products/list/desktop/WAF41113.JPG,WAF41113.JPG,,,WingTai800,WAF41113.JPG
S/2 Double Wood_Metal Wall Shelves,WAF41117-2S,,,In Stock,,,,,,2,39.99,4,34.99,6,32.99,2,WingTai400,WingTai160,https://wingtai.solovue.com/images/products/list/desktop/WAF41117-2S.JPG,WAF41117-2S.JPG,,,WingTai800,WAF41117-2S.JPG
Single Wood_Metal Wall Shelf,WAF41118,,,In Stock,,,,,,4,14.95,8,13.95,12,12.95,4,WingTai400,WingTai160,https://wingtai.solovue.com/images/products/list/desktop/WAF41118.JPG,WAF41118.JPG,,,WingTai800,WAF41118.JPG
2 Asst Bunny Signs,WAF41123-2A,,,In Stock,,,,,,8,3.19,16,2.89,24,2.69,8,WingTai400,WingTai160,https://wingtai.solovue.com/images/products/list/desktop/WAF41123-2A.JPG,WAF41123-2A.JPG,,,WingTai800,WAF41123-2A.JPG
Every Bunny Welcome Here Sign,WAF41124,,,In Stock,,,,,,6,4.15,12,3.75,24,3.45,6,WingTai400,WingTai160,https://wingtai.solovue.com/images/products/list/desktop/WAF41124.JPG,WAF41124.JPG,,,WingTai800,WAF41124.JPG
"S/6 Carrots (3 large, 3 small)",WAF41146-6S,,,In Stock,,,,,,10,5.29,50,4.69,90,4.29,10,WingTai400,WingTai160,https://wingtai.solovue.com/images/products/list/desktop/WAF41146-6S.JPG,WAF41146-6S.JPG,,,WingTai800,WAF41146-6S.JPG
Wood Cutout Cottontail Bunny,WAF41161,,,In Stock,,,,,,5,9.45,20,8.45,40,7.65,5,WingTai400,WingTai160,https://wingtai.solovue.com/images/products/list/desktop/WAF41161.JPG,WAF41161.JPG,,,WingTai800,WAF41161.JPG
S/2 Apricot Butterfly Blocks,WAF41164-2S,,,In Stock,,,,,,4,9.45,12,8.45,24,7.65,4,WingTai400,WingTai160,https://wingtai.solovue.com/images/products/list/desktop/WAF41164-2S.JPG,WAF41164-2S.JPG,,,WingTai800,WAF41164-2S.JPG
Grateful for the Big_Little Things Block,WAF41294,,,In Stock,,,,,,12,5.29,24,4.69,48,4.29,12,WingTai400,WingTai160,https://wingtai.solovue.com/images/products/list/desktop/WAF41294.JPG,WAF41294.JPG,,,WingTai800,WAF41294.JPG
S/2 Sage Metal Planters on Wood Stands,WAF41300-2S,,,In Stock,,,,,,2,52.99,4,46.99,6,42.99,2,WingTai400,WingTai160,https://wingtai.solovue.com/images/products/list/desktop/WAF41300-2S.JPG,WAF41300-2S.JPG,,,WingTai800,WAF41300-2S.JPG
2 Asst White Daisy Blocks,WAF41629-2A,,,In Stock,,,,,,10,2.55,30,2.25,60,1.95,10,WingTai400,WingTai160,https://wingtai.solovue.com/images/products/list/desktop/WAF41629-2A.JPG,WAF41629-2A.JPG,,,WingTai800,WAF41629-2A.JPG
S/2 White Cutout Birds - TS,WAF41630-2S,,,In Stock,,,,,,5,6.29,10,5.59,20,4.99,5,WingTai400,WingTai160,https://wingtai.solovue.com/images/products/list/desktop/WAF41630-2S.JPG,WAF41630-2S.JPG,,,WingTai800,WAF41630-2S.JPG
S/2 Whitewashed Rectangular Lanterns,WAF41631-2S,,,In Stock,,,,,,2,59.99,4,52.99,6,49.99,2,WingTai400,WingTai160,https://wingtai.solovue.com/images/products/list/desktop/WAF41631-2S.JPG,WAF41631-2S.JPG,,,WingTai800,WAF41631-2S.JPG
S/2 Whitewashed Butterfly Blocks,WAF41633-2S,,,In Stock,,,,,,5,8.95,10,7.95,20,7.35,5,WingTai400,WingTai160,https://wingtai.solovue.com/images/products/list/desktop/WAF41633-2S.JPG,WAF41633-2S.JPG,,,WingTai800,WAF41633-2S.JPG
3 Asst Wooden Daisy Hangers,WAF41638-3A,,,In Stock,,,,,,15,3.95,30,3.55,60,3.35,15,WingTai400,WingTai160,https://wingtai.solovue.com/images/products/list/desktop/WAF41638-3A.JPG,WAF41638-3A.JPG,,,WingTai800,WAF41638-3A.JPG
Large White Wood Bunny Head Cutout - TS,WAF41639,,,In Stock,,,,,,5,13.99,10,12.99,20,11.99,5,WingTai400,WingTai160,https://wingtai.solovue.com/images/products/list/desktop/WAF41639.JPG,WAF41639.JPG,,,WingTai800,WAF41639.JPG
Natural Wood House Cutout,WAF41645,,,In Stock,,,,,,4,16.99,8,14.99,16,13.99,4,WingTai400,WingTai160,https://wingtai.solovue.com/images/products/list/desktop/WAF41645.JPG,WAF41645.JPG,,,WingTai800,WAF41645.JPG
Black Wood House Cutout,WAF41646,,,In Stock,,,,,,4,9.97,8,9.97,16,9.97,4,WingTai400,WingTai160,https://wingtai.solovue.com/images/products/list/desktop/WAF41646.JPG,WAF41646.JPG,,,WingTai800,WAF41646.JPG
Enjoy the Moment Sign,WAF41652,,,Out of Stock,,,,,,6,5.99,12,5.29,24,4.99,6,WingTai400,WingTai160,https://wingtai.solovue.com/images/products/list/desktop/WAF41652.JPG,WAF41652.JPG,,,WingTai800,WAF41652.JPG
Be Humble Square Sign,WAF41653,,,In Stock,,,,,,4,14.95,8,12.95,12,11.95,4,WingTai400,WingTai160,https://wingtai.solovue.com/images/products/list/desktop/WAF41653.JPG,WAF41653.JPG,,,WingTai800,WAF41653.JPG
2 Asst Porch and Patio Blocks,WAF41655-2A,,,In Stock,,,,,,8,7.95,16,6.95,32,6.45,8,WingTai400,WingTai160,https://wingtai.solovue.com/images/products/list/desktop/WAF41655-2A.JPG,WAF41655-2A.JPG,,,WingTai800,WAF41655-2A.JPG
Love Brings You Home Block,WAF41662,,,In Stock,,,,,,4,7.95,8,6.95,16,6.45,4,WingTai400,WingTai160,https://wingtai.solovue.com/images/products/list/desktop/WAF41662.JPG,WAF41662.JPG,,,WingTai800,WAF41662.JPG
Little Home Block Garland,WAF41678,,,In Stock,,,,,,6,8.99,18,7.99,36,7.49,6,WingTai400,WingTai160,https://wingtai.solovue.com/images/products/list/desktop/WAF41678.JPG,WAF41678.JPG,,,WingTai800,WAF41678.JPG
S/2 Teardrop Lanterns,WAF41685-2S,,,In Stock,,,,,,3,29.95,6,26.95,12,24.95,3,WingTai400,WingTai160,https://wingtai.solovue.com/images/products/list/desktop/WAF41685-2S.JPG,WAF41685-2S.JPG,,,WingTai800,WAF41685-2S.JPG
Natural 2 Tier Tray,WAF41687NA,,,In Stock,,,,,,2,14.9,4,14.9,8,14.9,2,WingTai400,WingTai160,https://wingtai.solovue.com/images/products/list/desktop/WAF41687NA.JPG,WAF41687NA.JPG,,,WingTai800,WAF41687NA.JPG
White 2 Tier Tray,WAF41687WW,,,In Stock,,,,,,2,14.9,4,14.9,8,14.9,2,WingTai400,WingTai160,https://wingtai.solovue.com/images/products/list/desktop/WAF41687WW.JPG,WAF41687WW.JPG,,,WingTai800,WAF41687WW.JPG
Sage Fern Sign,WAF41688,,,In Stock,,,,,,6,15.95,12,13.95,24,12.95,6,WingTai400,WingTai160,https://wingtai.solovue.com/images/products/list/desktop/WAF41688.JPG,WAF41688.JPG,,,WingTai800,WAF41688.JPG
2 Asst Tabletop Sage Signs,WAF41690-2A,,,In Stock,,,,,,12,5.95,24,5.25,48,4.95,12,WingTai400,WingTai160,https://wingtai.solovue.com/images/products/list/desktop/WAF41690-2A.JPG,WAF41690-2A.JPG,,,WingTai800,WAF41690-2A.JPG
Purpose in Your Heart Sign,WAF41694,,,In Stock,,,,,,4,15.95,8,13.95,12,12.95,4,WingTai400,WingTai160,https://wingtai.solovue.com/images/products/list/desktop/WAF41694.JPG,WAF41694.JPG,,,WingTai800,WAF41694.JPG
S/2 Grow Wildly Small Buckets,WAF41784-2S,,,In Stock,,,,,,6,6.25,12,5.45,18,4.95,6,WingTai400,WingTai160,https://wingtai.solovue.com/images/products/list/desktop/WAF41784-2S.JPG,WAF41784-2S.JPG,,,WingTai800,WAF41784-2S.JPG
Small Wooden Bird with Bird Puzzle,WAI41507,,,In Stock,,,,,,12,3.65,36,3.25,72,2.95,12,WingTai400,WingTai160,https://wingtai.solovue.com/images/products/list/desktop/WAI41507.JPG,WAI41507.JPG,,,WingTai800,WAI41507.JPG
Large Wooden Bird with Bird Puzzle,WAI41508,,,In Stock,,,,,,12,5.29,24,4.69,48,4.29,12,WingTai400,WingTai160,https://wingtai.solovue.com/images/products/list/desktop/WAI41508.JPG,WAI41508.JPG,,,WingTai800,WAI41508.JPG
Short Pink Wood Tulip,WAI41532,,,Out of Stock,,,,,,6,4.95,24,4.35,48,3.95,6,WingTai400,WingTai160,https://wingtai.solovue.com/images/products/list/desktop/WAI41532.JPG,WAI41532.JPG,,,WingTai800,WAI41532.JPG
Flower Carved Wood Oval Plate - TS,WAI41546,,,In Stock,,,,,,4,12.99,12,11.99,24,10.99,4,WingTai400,WingTai160,https://wingtai.solovue.com/images/products/list/desktop/WAI41546.JPG,WAI41546.JPG,,,WingTai800,WAI41546.JPG
Flower Carved Wood Plate - TS,WAI41547,,,In Stock,,,,,,4,8.35,12,7.45,24,6.95,4,WingTai400,WingTai160,https://wingtai.solovue.com/images/products/list/desktop/WAI41547.JPG,WAI41547.JPG,,,WingTai800,WAI41547.JPG
Small Mango Candlestick Black,WAI41552,,,In Stock,,,,,,4,12.99,8,11.99,16,10.99,4,WingTai400,WingTai160,https://wingtai.solovue.com/images/products/list/desktop/WAI41552.JPG,WAI41552.JPG,,,WingTai800,WAI41552.JPG
Medium Mango Candlestick Black,WAI41553,,,In Stock,,,,,,4,17.99,8,15.99,16,14.99,4,WingTai400,WingTai160,https://wingtai.solovue.com/images/products/list/desktop/WAI41553.JPG,WAI41553.JPG,,,WingTai800,WAI41553.JPG
Large Mango Candlestick Black,WAI41554,,,In Stock,,,,,,4,24.99,8,21.99,16,19.99,4,WingTai400,WingTai160,https://wingtai.solovue.com/images/products/list/desktop/WAI41554.JPG,WAI41554.JPG,,,WingTai800,WAI41554.JPG
Pink Daisy_Glass Bottle Garland,WAQ41333,,,In Stock,,,,,,12,3.95,24,3.45,48,3.25,12,WingTai400,WingTai160,https://wingtai.solovue.com/images/products/list/desktop/WAQ41333.JPG,WAQ41333.JPG,,,WingTai800,WAQ41333.JPG
Wooden Flower Tray,WAI41558,,,In Stock,,,,,,4,7.39,12,6.49,24,5.99,4,WingTai400,WingTai160,https://wingtai.solovue.com/images/products/list/desktop/WAI41558.JPG,WAI41558.JPG,,,WingTai800,WAI41558.JPG
Wooden Flower Tray,WAI41559,,,In Stock,,,,,,9,4.75,18,4.35,36,3.95,9,WingTai400,WingTai160,https://wingtai.solovue.com/images/products/list/desktop/WAI41559.JPG,WAI41559.JPG,,,WingTai800,WAI41559.JPG
Sage Pulley Clock,MAF41931,,,In Stock,,,,,,4,17.95,8,15.95,16,14.95,4,WingTai400,WingTai160,https://wingtai.solovue.com/images/products/list/desktop/MAF41931.JPG,MAF41931.JPG,,,WingTai800,MAF41931.JPG
Apricot Breeze Scale Clock,MAF41932,,,In Stock,,,,,,3,21.99,6,19.99,12,17.99,3,WingTai400,WingTai160,https://wingtai.solovue.com/images/products/list/desktop/MAF41932.JPG,MAF41932.JPG,,,WingTai800,MAF41932.JPG
S/Open Iron Candle Sonces,MAF41933-2S,,,In Stock,,,,,,4,13.97,6,13.97,12,13.97,4,WingTai400,WingTai160,https://wingtai.solovue.com/images/products/list/desktop/MAF41933-2S.JPG,MAF41933-2S.JPG,,,WingTai800,MAF41933-2S.JPG
Large Bronzed Reindeer on Stand,MXI43502-LG,,,In Stock,,,,,,8,6.95,16,6.25,32,5.65,8,WingTai400,WingTai160,https://wingtai.solovue.com/images/products/list/desktop/MXI43502-LG.JPG,MXI43502-LG.JPG,,,WingTai800,MXI43502-LG.JPG
Set of 2 Spooky Chic Metal Plates,MFI42579-2S,,,In Stock,,,,,,8,4.99,32,4.39,64,3.99,8,WingTai400,WingTai160,https://wingtai.solovue.com/images/products/list/desktop/MFI42579-2S.JPG,MFI42579-2S.JPG,,,WingTai800,MFI42579-2S.JPG
Set of 2 Hot Cocoa Metal Plates,MXI43580-2S,,,In Stock,,,,,,8,4.99,32,4.39,64,3.99,8,WingTai400,WingTai160,https://wingtai.solovue.com/images/products/list/desktop/MXI43580-2S.JPG,MXI43580-2S.JPG,,,WingTai800,MXI43580-2S.JPG
Set of 2 Rustic Cabin Metal Plates,MXI43581-2S,,,In Stock,,,,,,8,4.99,32,4.39,64,3.99,8,WingTai400,WingTai160,https://wingtai.solovue.com/images/products/list/desktop/MXI43581-2S.JPG,MXI43581-2S.JPG,,,WingTai800,MXI43581-2S.JPG
Set of 2 Woodland Pines Metal Plates,MXI43582-2S,,,In Stock,,,,,,8,4.99,32,4.39,64,3.99,8,WingTai400,WingTai160,https://wingtai.solovue.com/images/products/list/desktop/MXI43582-2S.JPG,MXI43582-2S.JPG,,,WingTai800,MXI43582-2S.JPG
Set of 2 Hello Winter Metal Plates,MXI43584-2S,,,In Stock,,,,,,8,4.99,32,4.39,64,3.99,8,WingTai400,WingTai160,https://wingtai.solovue.com/images/products/list/desktop/MXI43584-2S.JPG,MXI43584-2S.JPG,,,WingTai800,MXI43584-2S.JPG
Large Loop Taper Holder,MXI43511-LG,,,In Stock,,,,,,4,9.99,12,8.99,24,8.29,4,WingTai400,WingTai160,https://wingtai.solovue.com/images/products/list/desktop/MXI43511-LG.JPG,MXI43511-LG.JPG,,,WingTai800,MXI43511-LG.JPG
Large Candle Cutout Hurricane Glass,GXI43587-LG,,,In Stock,,,,,,4,9.99,16,8.99,32,8.29,4,WingTai400,WingTai160,https://wingtai.solovue.com/images/products/list/desktop/GXI43587-LG.JPG,GXI43587-LG.JPG,,,WingTai800,GXI43587-LG.JPG
Small Candle Cutout Hurricane Glass,GXI43587-SM,,,In Stock,,,,,,4,8.39,16,7.39,32,6.69,4,WingTai400,WingTai160,https://wingtai.solovue.com/images/products/list/desktop/GXI43587-SM.JPG,GXI43587-SM.JPG,,,WingTai800,GXI43587-SM.JPG
Small Black Metal Nativity on Wood Block,WXI43588,,,In Stock,,,,,,8,7.65,24,6.75,48,6.25,8,WingTai400,WingTai160,https://wingtai.solovue.com/images/products/list/desktop/WXI43588.JPG,WXI43588.JPG,,,WingTai800,WXI43588.JPG
Large 3D Wood and White Enamel Tree,WXI43589-MD,,,In Stock,,,,,,6,7.65,18,6.75,36,6.25,6,WingTai400,WingTai160,https://wingtai.solovue.com/images/products/list/desktop/WXI43589-MD.JPG,WXI43589-MD.JPG,,,WingTai800,WXI43589-MD.JPG
Large 3D Wood and Green Enamel Tree,WXI43590-MD,,,In Stock,,,,,,6,7.65,18,6.75,36,6.25,6,WingTai400,WingTai160,https://wingtai.solovue.com/images/products/list/desktop/WXI43590-MD.JPG,WXI43590-MD.JPG,,,WingTai800,WXI43590-MD.JPG
Merry Christmas Wood Cutout Block,WXI43591,,,In Stock,,,,,,6,6.55,12,5.75,24,5.35,6,WingTai400,WingTai160,https://wingtai.solovue.com/images/products/list/desktop/WXI43591.JPG,WXI43591.JPG,,,WingTai800,WXI43591.JPG
Set of 2 Wood Snowflakes,WXI43592-2S,,,In Stock,,,,,,12,9.95,32,8.95,64,8.35,12,WingTai400,WingTai160,https://wingtai.solovue.com/images/products/list/desktop/WXI43592-2S.JPG,WXI43592-2S.JPG,,,WingTai800,WXI43592-2S.JPG
Large Wood and Green Enamel Tree,WXI43593-LG,,,In Stock,,,,,,2,29.99,6,26.99,12,24.99,2,WingTai400,WingTai160,https://wingtai.solovue.com/images/products/list/desktop/WXI43593-LG.JPG,WXI43593-LG.JPG,,,WingTai800,WXI43593-LG.JPG
Small Wood and Green Enamel Tree,WXI43593-MD,,,In Stock,,,,,,4,15.95,8,13.95,16,12.95,4,WingTai400,WingTai160,https://wingtai.solovue.com/images/products/list/desktop/WXI43593-MD.JPG,WXI43593-MD.JPG,,,WingTai800,WXI43593-MD.JPG
Set of 2 Whitewashed Wooden Doughbowls,WXI43586-2S,,,In Stock,,,,,,3,17.99,6,15.99,12,14.99,3,WingTai400,WingTai160,https://wingtai.solovue.com/images/products/list/desktop/WXI43586-2S.JPG,WXI43586-2S.JPG,,,WingTai800,WXI43586-2S.JPG
"Wooden Angel, White Wash w/Complete Wood No 3D Cut",WXI43594,,,In Stock,,,,,,12,2.3,12,2.3,24,2.3,12,WingTai400,WingTai160,https://wingtai.solovue.com/images/products/list/desktop/WXI43594.JPG,WXI43594.JPG,,,WingTai800,WXI43594.JPG
S/2 Round Wooden Trays,WXI43596-2S,,,In Stock,,,,,,3,29.99,6,26.99,12,24.99,3,WingTai400,WingTai160,https://wingtai.solovue.com/images/products/list/desktop/WXI43596-2S.JPG,WXI43596-2S.JPG,,,WingTai800,WXI43596-2S.JPG
Large Black Metal Reindeer on Wood Block,WXI43597-LG,,,In Stock,,,,,,4,6.9,8,6.9,16,6.9,4,WingTai400,WingTai160,https://wingtai.solovue.com/images/products/list/desktop/WXI43597-LG.JPG,WXI43597-LG.JPG,,,WingTai800,WXI43597-LG.JPG
Small Black Metal Reindeer on Wood Block,WXI43598-SM,,,In Stock,,,,,,6,4.9,12,4.9,24,4.9,6,WingTai400,WingTai160,https://wingtai.solovue.com/images/products/list/desktop/WXI43598-SM.JPG,WXI43598-SM.JPG,,,WingTai800,WXI43598-SM.JPG
Set of 2 Wood Puzzle House and Tree Blocks,WXI43509-2S,,,In Stock,,,,,,4,10.99,16,9.69,32,8.99,4,WingTai400,WingTai160,https://wingtai.solovue.com/images/products/list/desktop/WXI43509-2S.JPG,WXI43509-2S.JPG,,,WingTai800,WXI43509-2S.JPG
Large Tree Post Votive Holder,WXI43504-LG,,,In Stock,,,,,,4,9.99,16,8.99,32,7.99,4,WingTai400,WingTai160,https://wingtai.solovue.com/images/products/list/desktop/WXI43504-LG.JPG,WXI43504-LG.JPG,,,WingTai800,WXI43504-LG.JPG
Medium Tree Post Votive Holder,WXI43504-MD,,,In Stock,,,,,,6,7.95,24,6.95,48,6.45,6,WingTai400,WingTai160,https://wingtai.solovue.com/images/products/list/desktop/WXI43504-MD.JPG,WXI43504-MD.JPG,,,WingTai800,WXI43504-MD.JPG
Small Tree Post Votive Holder,WXI43504-SM,,,In Stock,,,,,,12,4.99,24,4.39,48,3.99,12,WingTai400,WingTai160,https://wingtai.solovue.com/images/products/list/desktop/WXI43504-SM.JPG,WXI43504-SM.JPG,,,WingTai800,WXI43504-SM.JPG
Large Black Metal Let it Snow Sign on Block,WXI43506-LG,,,In Stock,,,,,,4,10.99,16,9.69,32,8.99,4,WingTai400,WingTai160,https://wingtai.solovue.com/images/products/list/desktop/WXI43506-LG.JPG,WXI43506-LG.JPG,,,WingTai800,WXI43506-LG.JPG
Small Black Metal Let it Snow Sign on Block,WXI43506-SM,,,In Stock,,,,,,6,7.95,24,6.95,48,6.45,6,WingTai400,WingTai160,https://wingtai.solovue.com/images/products/list/desktop/WXI43506-SM.JPG,WXI43506-SM.JPG,,,WingTai800,WXI43506-SM.JPG
Large Black Metal Snowflake on Block,WXI43507-LG,,,In Stock,,,,,,6,5.9,24,5.9,48,5.9,6,WingTai400,WingTai160,https://wingtai.solovue.com/images/products/list/desktop/WXI43507-LG.JPG,WXI43507-LG.JPG,,,WingTai800,WXI43507-LG.JPG
Small Black Metal Snowflake on Block,WXI43507-SM,,,In Stock,,,,,,8,3.9,32,3.9,64,3.9,8,WingTai400,WingTai160,https://wingtai.solovue.com/images/products/list/desktop/WXI43507-SM.JPG,WXI43507-SM.JPG,,,WingTai800,WXI43507-SM.JPG
Fleece Pumpkin Stack,DFF42901,,,In Stock,,,,,,4,12.95,8,11.95,12,10.95,4,WingTai400,WingTai160,https://wingtai.solovue.com/images/products/list/desktop/DFF42901.JPG,DFF42901.JPG,,,WingTai800,DFF42901.JPG
Large Green Fleece Pumpkin,DFF42904,,,In Stock,,,,,,6,6.95,12,5.75,24,5.35,6,WingTai400,WingTai160,https://wingtai.solovue.com/images/products/list/desktop/DFF42904.JPG,DFF42904.JPG,,,WingTai800,DFF42904.JPG
Pumpkin Kisses Harvest Wishes Sign,DFF42914,,,In Stock,,,,,,6,8.95,12,7.95,24,7.35,6,WingTai400,WingTai160,https://wingtai.solovue.com/images/products/list/desktop/DFF42914.JPG,DFF42914.JPG,,,WingTai800,DFF42914.JPG
Creepy Cloth,DFQ42114,,,In Stock,,,,,,12,2.99,36,2.59,72,2.39,12,WingTai400,WingTai160,https://wingtai.solovue.com/images/products/list/desktop/DFQ42114.JPG,DFQ42114.JPG,,,WingTai800,DFQ42114.JPG
Set of 2 Black and Orange Witch Hats on Stands,DFQ42296-2S,,,In Stock,,,,,,3,14.99,9,13.99,18,12.99,3,WingTai400,WingTai160,https://wingtai.solovue.com/images/products/list/desktop/DFQ42296-2S.JPG,DFQ42296-2S.JPG,,,WingTai800,DFQ42296-2S.JPG
Scottish Highland Cow w/Glasses,DFQ42303,,,In Stock,,,,,,6,16.95,18,14.95,30,13.95,6,WingTai400,WingTai160,https://wingtai.solovue.com/images/products/list/desktop/DFQ42303.JPG,DFQ42303.JPG,,,WingTai800,DFQ42303.JPG
Gray Owl w/Hat and LED Lights,DXF43432,,,In Stock,,,,,,8,4.9,16,4.9,32,4.9,8,WingTai400,WingTai160,https://wingtai.solovue.com/images/products/list/desktop/DXF43432.JPG,DXF43432.JPG,,,WingTai800,DXF43432.JPG
Tan and White Fat Plush Moose,DXF43434,,,In Stock,,,,,,2,24.99,4,21.99,8,19.99,2,WingTai400,WingTai160,https://wingtai.solovue.com/images/products/list/desktop/DXF43434.JPG,DXF43434.JPG,,,WingTai800,DXF43434.JPG
Plush Chef Gingerbread Man,DXF43435,,,In Stock,,,,,,8,3.85,8,3.85,16,3.85,8,WingTai400,WingTai160,https://wingtai.solovue.com/images/products/list/desktop/DXF43435.JPG,DXF43435.JPG,,,WingTai800,DXF43435.JPG
Red Coat Gray Fabric Mouse,DXF43437,,,In Stock,,,,,,12,2.09,24,2.09,48,2.09,12,WingTai400,WingTai160,https://wingtai.solovue.com/images/products/list/desktop/DXF43437.JPG,DXF43437.JPG,,,WingTai800,DXF43437.JPG
Candy Striped Leg Moose,DXF43438,,,In Stock,,,,,,12,3.49,12,3.49,24,3.49,12,WingTai400,WingTai160,https://wingtai.solovue.com/images/products/list/desktop/DXF43438.JPG,DXF43438.JPG,,,WingTai800,DXF43438.JPG
2 Asst Snowman and Santa Wine Bottle Covers,DXF43443-2A,,,In Stock,,,,,,24,1.39,60,1.39,120,1.39,24,WingTai400,WingTai160,https://wingtai.solovue.com/images/products/list/desktop/DXF43443-2A.JPG,DXF43443-2A.JPG,,,WingTai800,DXF43443-2A.JPG
Red and White Striped Sweater Mouse,DXF43448,,,In Stock,,,,,,8,3.85,24,3.85,48,3.85,8,WingTai400,WingTai160,https://wingtai.solovue.com/images/products/list/desktop/DXF43448.JPG,DXF43448.JPG,,,WingTai800,DXF43448.JPG
Cardinal Embroidery Hoop,DXF43906,,,In Stock,,,,,,6,9.5,12,9.5,24,9.5,6,WingTai400,WingTai160,https://wingtai.solovue.com/images/products/list/desktop/DXF43906.JPG,DXF43906.JPG,,,WingTai800,DXF43906.JPG
Plush Standing Sage Moose,DXF43909,,,In Stock,,,,,,4,18.95,8,15.95,16,14.95,4,WingTai400,WingTai160,https://wingtai.solovue.com/images/products/list/desktop/DXF43909.JPG,DXF43909.JPG,,,WingTai800,DXF43909.JPG
Plush Snowman w/Red Scarf,DXF43912,,,In Stock,,,,,,6,12.95,12,11.95,24,10.95,6,WingTai400,WingTai160,https://wingtai.solovue.com/images/products/list/desktop/DXF43912.JPG,DXF43912.JPG,,,WingTai800,DXF43912.JPG
White and Tan Cheerful Winter Moose,DXF43922,,,In Stock,,,,,,4,15.99,12,14.99,24,13.99,4,WingTai400,WingTai160,https://wingtai.solovue.com/images/products/list/desktop/DXF43922.JPG,DXF43922.JPG,,,WingTai800,DXF43922.JPG
2 Asst Gingerbread and Peppermint Mice,DXQ43289-2A,,,In Stock,,,,,,24,2.31,24,2.31,48,2.31,24,WingTai400,WingTai160,https://wingtai.solovue.com/images/products/list/desktop/DXQ43289-2A.JPG,DXQ43289-2A.JPG,,,WingTai800,DXQ43289-2A.JPG
2 Asst Peppermint Hot Cocoa Pillows,DXQ43300-2A,,,In Stock,,,,,,24,1.39,24,1.39,48,1.39,24,WingTai400,WingTai160,https://wingtai.solovue.com/images/products/list/desktop/DXQ43300-2A.JPG,DXQ43300-2A.JPG,,,WingTai800,DXQ43300-2A.JPG
Holiday Plush Ram,DXQ43301,,,In Stock,,,,,,6,15.95,18,14.95,30,13.95,6,WingTai400,WingTai160,https://wingtai.solovue.com/images/products/list/desktop/DXQ43301.JPG,DXQ43301.JPG,,,WingTai800,DXQ43301.JPG
2 Asst 3 inch Black and White Rope Ball Ornaments,DXQ43307-2A,,,In Stock,,,,,,12,4.55,60,3.95,120,3.65,12,WingTai400,WingTai160,https://wingtai.solovue.com/images/products/list/desktop/DXQ43307-2A.JPG,DXQ43307-2A.JPG,,,WingTai800,DXQ43307-2A.JPG
Winter Blessings Cardinal Pillow,DXQ43311,,,In Stock,,,,,,6,3.95,24,3.45,48,3.25,6,WingTai400,WingTai160,https://wingtai.solovue.com/images/products/list/desktop/DXQ43311.JPG,DXQ43311.JPG,,,WingTai800,DXQ43311.JPG
Top Hat and Cardinal Snowman Head,DXQ43312,,,In Stock,,,,,,6,13.99,12,12.99,24,11.99,6,WingTai400,WingTai160,https://wingtai.solovue.com/images/products/list/desktop/DXQ43312.JPG,DXQ43312.JPG,,,WingTai800,DXQ43312.JPG
Top Hat and Cardinal Knit Snowman,DXQ43313,,,In Stock,,,,,,4,16.95,8,14.95,12,13.95,4,WingTai400,WingTai160,https://wingtai.solovue.com/images/products/list/desktop/DXQ43313.JPG,DXQ43313.JPG,,,WingTai800,DXQ43313.JPG
Red Cap and Cardinal Knit Snowman,DXQ43314,,,In Stock,,,,,,4,14.95,12,13.95,20,12.95,4,WingTai400,WingTai160,https://wingtai.solovue.com/images/products/list/desktop/DXQ43314.JPG,DXQ43314.JPG,,,WingTai800,DXQ43314.JPG
Gray Coat Santa w/Teddy Bear,DXQ43317,,,In Stock,,,,,,2,32.99,4,28.99,8,26.99,2,WingTai400,WingTai160,https://wingtai.solovue.com/images/products/list/desktop/DXQ43317.JPG,DXQ43317.JPG,,,WingTai800,DXQ43317.JPG
Primitive White Dress Angel,DXQ43319,,,In Stock,,,,,,3,11.95,9,10.95,18,9.95,3,WingTai400,WingTai160,https://wingtai.solovue.com/images/products/list/desktop/DXQ43319.JPG,DXQ43319.JPG,,,WingTai800,DXQ43319.JPG
16 inch Gold Fabric Ball,DXS43001GD-16,,,In Stock,,,,,,4,24.99,8,21.99,12,19.99,4,WingTai400,WingTai160,https://wingtai.solovue.com/images/products/list/desktop/DXS43001GD-16.JPG,DXS43001GD-16.JPG,,,WingTai800,DXS43001GD-16.JPG
24 inch Gold Fabric Ball,DXS43001GD-24,,,In Stock,,,,,,3,39.99,6,34.99,12,31.99,3,WingTai400,WingTai160,https://wingtai.solovue.com/images/products/list/desktop/DXS43001GD-24.JPG,DXS43001GD-24.JPG,,,WingTai800,DXS43001GD-24.JPG
28 inch Gold Fabric Ball,DXS43001GD-28,,,In Stock,,,,,,2,49.99,6,43.99,12,40.99,2,WingTai400,WingTai160,https://wingtai.solovue.com/images/products/list/desktop/DXS43001GD-28.JPG,DXS43001GD-28.JPG,,,WingTai800,DXS43001GD-28.JPG
16 inch Red Fabric Ball,DXS43001RD-16,,,In Stock,,,,,,4,24.99,8,21.99,12,19.99,4,WingTai400,WingTai160,https://wingtai.solovue.com/images/products/list/desktop/DXS43001RD-16.JPG,DXS43001RD-16.JPG,,,WingTai800,DXS43001RD-16.JPG
24 inch Red Fabric Ball,DXS43001RD-24,,,In Stock,,,,,,3,39.99,6,34.99,12,31.99,3,WingTai400,WingTai160,https://wingtai.solovue.com/images/products/list/desktop/DXS43001RD-24.JPG,DXS43001RD-24.JPG,,,WingTai800,DXS43001RD-24.JPG
28 inch Red Fabric Ball,DXS43001RD-28,,,In Stock,,,,,,2,49.99,6,43.99,12,40.99,2,WingTai400,WingTai160,https://wingtai.solovue.com/images/products/list/desktop/DXS43001RD-28.JPG,DXS43001RD-28.JPG,,,WingTai800,DXS43001RD-28.JPG
16 inch White Fabric Ball,DXS43001WH-16,,,In Stock,,,,,,8,8.05,8,8.05,12,8.05,8,WingTai400,WingTai160,https://wingtai.solovue.com/images/products/list/desktop/DXS43001WH-16.JPG,DXS43001WH-16.JPG,,,WingTai800,DXS43001WH-16.JPG
24 inch White Fabric Ball,DXS43001WH-24,,,In Stock,,,,,,6,14,6,14,12,14,6,WingTai400,WingTai160,https://wingtai.solovue.com/images/products/list/desktop/DXS43001WH-24.JPG,DXS43001WH-24.JPG,,,WingTai800,DXS43001WH-24.JPG
28 inch White Fabrick Ball,DXS43001WH-28,,,In Stock,,,,,,4,17.5,6,17.5,12,17.5,4,WingTai400,WingTai160,https://wingtai.solovue.com/images/products/list/desktop/DXS43001WH-28.JPG,DXS43001WH-28.JPG,,,WingTai800,DXS43001WH-28.JPG
Orange Eucalyptus and Hops Orb,FFD42260,,,In Stock,,,,,,6,6.99,36,6.19,72,5.99,6,WingTai400,WingTai160,https://wingtai.solovue.com/images/products/list/desktop/FFD42260.JPG,FFD42260.JPG,,,WingTai800,FFD42260.JPG
Orange Eucalyptus and Hops Candle Ring,FFD42260-4,,,In Stock,,,,,,12,6.99,48,6.19,96,5.79,12,WingTai400,WingTai160,https://wingtai.solovue.com/images/products/list/desktop/FFD42260-4.JPG,FFD42260-4.JPG,,,WingTai800,FFD42260-4.JPG
Orange Hops Dripping Garland,FFD42260DG,,,Out of Stock,,,,,,8,11.95,24,10.55,40,9.95,8,WingTai400,WingTai160,https://wingtai.solovue.com/images/products/list/desktop/FFD42260DG.JPG,FFD42260DG.JPG,,,WingTai800,FFD42260DG.JPG
Orange Hops Orb,FFD42261,,,In Stock,,,,,,6,6.95,18,6.15,36,5.75,6,WingTai400,WingTai160,https://wingtai.solovue.com/images/products/list/desktop/FFD42261.JPG,FFD42261.JPG,,,WingTai800,FFD42261.JPG
Black Candle Ring,FFD42267-3,,,Out of Stock,,,,,,12,4.39,60,3.89,120,3.59,12,WingTai400,WingTai160,https://wingtai.solovue.com/images/products/list/desktop/FFD42267-3.JPG,FFD42267-3.JPG,,,WingTai800,FFD42267-3.JPG
Brilliant Maple Garland,FFD42272G,,,In Stock,,,,,,12,5.95,24,5.35,48,4.95,12,WingTai400,WingTai160,https://wingtai.solovue.com/images/products/list/desktop/FFD42272G.JPG,FFD42272G.JPG,,,WingTai800,FFD42272G.JPG
"Maple, Beech, and Oak Large Ring",FFD42273-6,,,Out of Stock,,,,,,6,11.99,12,10.49,24,9.79,6,WingTai400,WingTai160,https://wingtai.solovue.com/images/products/list/desktop/FFD42273-6.JPG,FFD42273-6.JPG,,,WingTai800,FFD42273-6.JPG
"Maple, Beech, and Oak Pick",FFD42273B,,,In Stock,,,,,,8,5.9,24,5.9,48,5.9,8,WingTai400,WingTai160,https://wingtai.solovue.com/images/products/list/desktop/FFD42273B.JPG,FFD42273B.JPG,,,WingTai800,FFD42273B.JPG
Mini Pumpkin Pick,FFD42275-2A,,,In Stock,,,,,,24,2.55,72,2.45,144,2.25,24,WingTai400,WingTai160,https://wingtai.solovue.com/images/products/list/desktop/FFD42275-2A.JPG,FFD42275-2A.JPG,,,WingTai800,FFD42275-2A.JPG
Black and Orange Glitter Pick,FFD42276B,,,In Stock,,,,,,24,1.99,72,1.79,144,1.69,24,WingTai400,WingTai160,https://wingtai.solovue.com/images/products/list/desktop/FFD42276B.JPG,FFD42276B.JPG,,,WingTai800,FFD42276B.JPG
Trumpetvine and Sunflower Candle Ring,FFQ42805-4,,,In Stock,,,,,,8,6.99,32,6.19,56,5.79,8,WingTai400,WingTai160,https://wingtai.solovue.com/images/products/list/desktop/FFQ42805-4.JPG,FFQ42805-4.JPG,,,WingTai800,FFQ42805-4.JPG
Trumpetvine and Sunflower Pick,FFQ42805B-12,,,In Stock,,,,,,24,2.55,96,2.25,192,1.95,24,WingTai400,WingTai160,https://wingtai.solovue.com/images/products/list/desktop/FFQ42805B-12.JPG,FFQ42805B-12.JPG,,,WingTai800,FFQ42805B-12.JPG
Mountain Ash Orange Berry Mini Ring,FFQ42807-1,,,In Stock,,,,,,24,1.95,72,1.75,144,1.65,24,WingTai400,WingTai160,https://wingtai.solovue.com/images/products/list/desktop/FFQ42807-1.JPG,FFQ42807-1.JPG,,,WingTai800,FFQ42807-1.JPG
Mountain Ash Orange Berry Candle Ring,FFQ42807-4,,,In Stock,,,,,,8,6.99,24,6.19,48,5.79,8,WingTai400,WingTai160,https://wingtai.solovue.com/images/products/list/desktop/FFQ42807-4.JPG,FFQ42807-4.JPG,,,WingTai800,FFQ42807-4.JPG
Mountain Ash Orange Berry Pick,FFQ42807B-18,,,In Stock,,,,,,24,5.99,30,5.29,60,4.99,24,WingTai400,WingTai160,https://wingtai.solovue.com/images/products/list/desktop/FFQ42807B-18.JPG,FFQ42807B-18.JPG,,,WingTai800,FFQ42807B-18.JPG
Mixed Dark Orange Fall Flower Pick,FFQ42809B-18,,,In Stock,,,,,,12,4.99,60,4.39,120,3.99,12,WingTai400,WingTai160,https://wingtai.solovue.com/images/products/list/desktop/FFQ42809B-18.JPG,FFQ42809B-18.JPG,,,WingTai800,FFQ42809B-18.JPG
Set of 6 Rope Pumpkins,FFQ42831-6S,,,In Stock,,,,,,12,4.9,12,4.9,18,4.9,12,WingTai400,WingTai160,https://wingtai.solovue.com/images/products/list/desktop/FFQ42831-6S.JPG,FFQ42831-6S.JPG,,,WingTai800,FFQ42831-6S.JPG
Natural Rope Ball Garland,FFQ42834G,,,In Stock,,,,,,12,4.55,12,4.55,24,4.55,12,WingTai400,WingTai160,https://wingtai.solovue.com/images/products/list/desktop/FFQ42834G.JPG,FFQ42834G.JPG,,,WingTai800,FFQ42834G.JPG
Simple Bittersweet Mini Ring,FFQ42843-1,,,In Stock,,,,,,24,1.95,72,1.75,144,1.65,24,WingTai400,WingTai160,https://wingtai.solovue.com/images/products/list/desktop/FFQ42843-1.JPG,FFQ42843-1.JPG,,,WingTai800,FFQ42843-1.JPG
Simple Bittersweet Pick,FFQ42843B-15,,,In Stock,,,,,,24,1.93,72,1.93,144,1.93,24,WingTai400,WingTai160,https://wingtai.solovue.com/images/products/list/desktop/FFQ42843B-15.JPG,FFQ42843B-15.JPG,,,WingTai800,FFQ42843B-15.JPG
Orange Berry and Green Leaf Mini Ring,FFQ42845-1,,,In Stock,,,,,,24,2.65,72,2.35,144,2.15,24,WingTai400,WingTai160,https://wingtai.solovue.com/images/products/list/desktop/FFQ42845-1.JPG,FFQ42845-1.JPG,,,WingTai800,FFQ42845-1.JPG
Orange Berry and Green Leaf Candle Ring,FFQ42845-4,,,In Stock,,,,,,12,5.99,36,5.29,72,4.99,12,WingTai400,WingTai160,https://wingtai.solovue.com/images/products/list/desktop/FFQ42845-4.JPG,FFQ42845-4.JPG,,,WingTai800,FFQ42845-4.JPG
Fall Orange Pincushion Lg Ring,FFQ42866-6,,,In Stock,,,,,,12,9.95,24,8.75,48,8.15,12,WingTai400,WingTai160,https://wingtai.solovue.com/images/products/list/desktop/FFQ42866-6.JPG,FFQ42866-6.JPG,,,WingTai800,FFQ42866-6.JPG
Fall Pincushion Pick,FFQ42866B,,,In Stock,,,,,,12,5.95,36,5.25,72,4.95,12,WingTai400,WingTai160,https://wingtai.solovue.com/images/products/list/desktop/FFQ42866B.JPG,FFQ42866B.JPG,,,WingTai800,FFQ42866B.JPG
Fall Pincushion Dripping Garland,FFQ42866DG,,,In Stock,,,,,,6,13.99,12,12.29,24,11.49,6,WingTai400,WingTai160,https://wingtai.solovue.com/images/products/list/desktop/FFQ42866DG.JPG,FFQ42866DG.JPG,,,WingTai800,FFQ42866DG.JPG
Set of 6 Velvet Pumpkins,FFQ42893-6S,,,In Stock,,,,,,12,7.99,36,6.99,72,6.49,12,WingTai400,WingTai160,https://wingtai.solovue.com/images/products/list/desktop/FFQ42893-6S.JPG,FFQ42893-6S.JPG,,,WingTai800,FFQ42893-6S.JPG
Tan Hydrangea and Sunflower Dripping Garland,FFQ42945DG,,,In Stock,,,,,,6,14.99,12,13.49,24,12.49,6,WingTai400,WingTai160,https://wingtai.solovue.com/images/products/list/desktop/FFQ42945DG.JPG,FFQ42945DG.JPG,,,WingTai800,FFQ42945DG.JPG
2 Asst Orange and Yellow Sunflowers,FFQ42959-2A,,,In Stock,,,,,,24,4.39,72,3.89,120,3.59,24,WingTai400,WingTai160,https://wingtai.solovue.com/images/products/list/desktop/FFQ42959-2A.JPG,FFQ42959-2A.JPG,,,WingTai800,FFQ42959-2A.JPG
Set of 3 Dark Green Bottlebrush Trees,FXQ43828-3S,,,In Stock,,,,,,3,17.99,6,15.99,12,14.99,3,WingTai400,WingTai160,https://wingtai.solovue.com/images/products/list/desktop/FXQ43828-3S.JPG,FXQ43828-3S.JPG,,,WingTai800,FXQ43828-3S.JPG
Large Cream Rope Ball,FXQ43839,,,In Stock,,,,,,18,1.74,24,1.74,36,1.74,18,WingTai400,WingTai160,https://wingtai.solovue.com/images/products/list/desktop/FXQ43839.JPG,FXQ43839.JPG,,,WingTai800,FXQ43839.JPG
Small Cream Rope Ball,FXQ43840,,,In Stock,,,,,,24,1.39,24,1.39,48,1.39,24,WingTai400,WingTai160,https://wingtai.solovue.com/images/products/list/desktop/FXQ43840.JPG,FXQ43840.JPG,,,WingTai800,FXQ43840.JPG
Wiry Candy Cane Pick,FXQ43877B,,,In Stock,,,,,,24,1.45,72,1.25,144,1.15,24,WingTai400,WingTai160,https://wingtai.solovue.com/images/products/list/desktop/FXQ43877B.JPG,FXQ43877B.JPG,,,WingTai800,FXQ43877B.JPG
Felt Cardinal Pick,FXQ43894B,,,In Stock,,,,,,24,1.39,72,1.39,144,1.39,24,WingTai400,WingTai160,https://wingtai.solovue.com/images/products/list/desktop/FXQ43894B.JPG,FXQ43894B.JPG,,,WingTai800,FXQ43894B.JPG
Candy Cane Ball Pick,FXQ43896B,,,In Stock,,,,,,24,2.75,48,2.45,96,2.25,24,WingTai400,WingTai160,https://wingtai.solovue.com/images/products/list/desktop/FXQ43896B.JPG,FXQ43896B.JPG,,,WingTai800,FXQ43896B.JPG
Marshmallow Pick,FXQ43942B-12,,,In Stock,,,,,,48,0.62,72,0.62,144,0.62,48,WingTai400,WingTai160,https://wingtai.solovue.com/images/products/list/desktop/FXQ43942B-12.JPG,FXQ43942B-12.JPG,,,WingTai800,FXQ43942B-12.JPG
Delicate Snowflakes Pick,FXQ43951B,,,In Stock,,,,,,48,1.61,72,1.61,144,1.61,48,WingTai400,WingTai160,https://wingtai.solovue.com/images/products/list/desktop/FXQ43951B.JPG,FXQ43951B.JPG,,,WingTai800,FXQ43951B.JPG
96 inch 450 Light and 1200 Tip Flocked Fir Tree,FXS43947-96,,,In Stock,,,,,,1,159.5,2,159.5,4,159.5,1,WingTai400,WingTai160,https://wingtai.solovue.com/images/products/list/desktop/FXS43947-96.JPG,FXS43947-96.JPG,,,WingTai800,FXS43947-96.JPG
96 inch 450 Light and 1500 Tip Unflocked Fir Tree,FXS43949-96,,,In Stock,,,,,,1,199.5,2,199.5,4,199.5,1,WingTai400,WingTai160,https://wingtai.solovue.com/images/products/list/desktop/FXS43949-96.JPG,FXS43949-96.JPG,,,WingTai800,FXS43949-96.JPG
Spooky Chic Glass Jar w/Wood Lid,GFS42104,,,In Stock,,,,,,6,5.99,12,5.29,24,4.99,6,WingTai400,WingTai160,https://wingtai.solovue.com/images/products/list/desktop/GFS42104.JPG,GFS42104.JPG,,,WingTai800,GFS42104.JPG
Set of 2 Spooky Halloween Glass Jars,GFS42113-2S,,,In Stock,,,,,,6,11.95,12,10.55,24,9.95,6,WingTai400,WingTai160,https://wingtai.solovue.com/images/products/list/desktop/GFS42113-2S.JPG,GFS42113-2S.JPG,,,WingTai800,GFS42113-2S.JPG
Double Layer Small Glass Jar,GFS42256,,,In Stock,,,,,,6,12.99,12,11.99,24,10.99,6,WingTai400,WingTai160,https://wingtai.solovue.com/images/products/list/desktop/GFS42256.JPG,GFS42256.JPG,,,WingTai800,GFS42256.JPG
Large Blessed Cardinal Glass Jar,GXS43036,,,In Stock,,,,,,12,1.6,18,1.6,36,1.6,12,WingTai400,WingTai160,https://wingtai.solovue.com/images/products/list/desktop/GXS43036.JPG,GXS43036.JPG,,,WingTai800,GXS43036.JPG
Small Blessed Cardinal Glass Jar,GXS43037,,,In Stock,,,,,,12,1.25,24,1.25,48,1.25,12,WingTai400,WingTai160,https://wingtai.solovue.com/images/products/list/desktop/GXS43037.JPG,GXS43037.JPG,,,WingTai800,GXS43037.JPG
Mini Cardinal Glass Jar,GXS43038,,,In Stock,,,,,,6,5.99,12,5.29,24,4.99,6,WingTai400,WingTai160,https://wingtai.solovue.com/images/products/list/desktop/GXS43038.JPG,GXS43038.JPG,,,WingTai800,GXS43038.JPG
Pumpkin Patch Glass Jar,GXS43061,,,In Stock,,,,,,12,2.31,12,2.31,24,2.31,12,WingTai400,WingTai160,https://wingtai.solovue.com/images/products/list/desktop/GXS43061.JPG,GXS43061.JPG,,,WingTai800,GXS43061.JPG
6 inch Hot Cocoa LED Votive Candle,LXS43031,,,In Stock,,,,,,12,5.99,24,5.29,48,4.99,12,WingTai400,WingTai160,https://wingtai.solovue.com/images/products/list/desktop/LXS43031.JPG,LXS43031.JPG,,,WingTai800,LXS43031.JPG
Large Plastic Ball Ornament w/Ivory LED Candle,LXS43206,,,In Stock,,,,,,6,11.99,18,10.59,36,9.99,6,WingTai400,WingTai160,https://wingtai.solovue.com/images/products/list/desktop/LXS43206.JPG,LXS43206.JPG,,,WingTai800,LXS43206.JPG
Large Plastic Ball Ornament w/Frosty LED Candle,LXS43232,,,In Stock,,,,,,6,11.99,18,10.59,36,9.99,6,WingTai400,WingTai160,https://wingtai.solovue.com/images/products/list/desktop/LXS43232.JPG,LXS43232.JPG,,,WingTai800,LXS43232.JPG
Small Plastic Ball Ornament w/Frosty LED Candle,LXS43233,,,In Stock,,,,,,12,7.99,24,6.99,48,6.49,12,WingTai400,WingTai160,https://wingtai.solovue.com/images/products/list/desktop/LXS43233.JPG,LXS43233.JPG,,,WingTai800,LXS43233.JPG
Large Plastic Ball Ornament w/Gold Snowflake LED Candle,LXS43234,,,In Stock,,,,,,6,13.99,18,12.29,36,11.39,6,WingTai400,WingTai160,https://wingtai.solovue.com/images/products/list/desktop/LXS43234.JPG,LXS43234.JPG,,,WingTai800,LXS43234.JPG
Small Plastic Ball Ornament w/Gold Snowflake LED Candle,LXS43235,,,In Stock,,,,,,12,7.99,24,6.99,48,6.49,12,WingTai400,WingTai160,https://wingtai.solovue.com/images/products/list/desktop/LXS43235.JPG,LXS43235.JPG,,,WingTai800,LXS43235.JPG
Large Plastic Ball Ornament w/Cardinal LED Candle,LXS43236,,,In Stock,,,,,,6,11.99,18,10.59,36,9.99,6,WingTai400,WingTai160,https://wingtai.solovue.com/images/products/list/desktop/LXS43236.JPG,LXS43236.JPG,,,WingTai800,LXS43236.JPG
Small Plastic Ball Ornament w/Cardinal LED Candle,LXS43237,,,In Stock,,,,,,12,7.99,24,6.99,48,6.49,12,WingTai400,WingTai160,https://wingtai.solovue.com/images/products/list/desktop/LXS43237.JPG,LXS43237.JPG,,,WingTai800,LXS43237.JPG
Small Plastic Ball Ornament w/Frosty Candy Cane LED Candle,LXS43239,,,In Stock,,,,,,12,7.99,24,6.99,48,6.49,12,WingTai400,WingTai160,https://wingtai.solovue.com/images/products/list/desktop/LXS43239.JPG,LXS43239.JPG,,,WingTai800,LXS43239.JPG
Large Plastic Ball Ornament w/Rustic Candy Cane LED Candle,LXS43240,,,In Stock,,,,,,6,11.99,18,10.59,36,9.99,6,WingTai400,WingTai160,https://wingtai.solovue.com/images/products/list/desktop/LXS43240.JPG,LXS43240.JPG,,,WingTai800,LXS43240.JPG
Frosty Candy Cane 12 inch LED Pillar Candle,LXS43244,,,In Stock,,,,,,1,49.99,2,43.99,4,40.99,1,WingTai400,WingTai160,https://wingtai.solovue.com/images/products/list/desktop/LXS43244.JPG,LXS43244.JPG,,,WingTai800,LXS43244.JPG
Thick Tan Taper (11.25 inch),LXS43402,,,In Stock,,,,,,12,6.99,36,6.19,72,5.79,12,WingTai400,WingTai160,https://wingtai.solovue.com/images/products/list/desktop/LXS43402.JPG,LXS43402.JPG,,,WingTai800,LXS43402.JPG
Thick Ivory Taper (11.25 inch),LXS43404,,,In Stock,,,,,,12,6.99,36,6.19,72,5.79,12,WingTai400,WingTai160,https://wingtai.solovue.com/images/products/list/desktop/LXS43404.JPG,LXS43404.JPG,,,WingTai800,LXS43404.JPG
Thick Rustic Candy Cane Taper (11.25 inch),LXS43407-11,,,In Stock,,,,,,12,6.99,36,6.19,72,5.79,12,WingTai400,WingTai160,https://wingtai.solovue.com/images/products/list/desktop/LXS43407-11.JPG,LXS43407-11.JPG,,,WingTai800,LXS43407-11.JPG
Thick Gold Snowflake Taper (11.25 inch),LXS43408-11,,,In Stock,,,,,,12,7.99,36,6.99,72,6.49,12,WingTai400,WingTai160,https://wingtai.solovue.com/images/products/list/desktop/LXS43408-11.JPG,LXS43408-11.JPG,,,WingTai800,LXS43408-11.JPG
Set of 2 Pumpkin Patch Oval Buckets,MFF42060-2S,,,In Stock,,,,,,4,12.99,8,11.99,12,10.99,4,WingTai400,WingTai160,https://wingtai.solovue.com/images/products/list/desktop/MFF42060-2S.JPG,MFF42060-2S.JPG,,,WingTai800,MFF42060-2S.JPG
9 inch Black Taper Holder,MFF42086,,,In Stock,,,,,,5,7.39,10,6.49,15,5.99,5,WingTai400,WingTai160,https://wingtai.solovue.com/images/products/list/desktop/MFF42086.JPG,MFF42086.JPG,,,WingTai800,MFF42086.JPG
Set of 12 Little Metal Jack O Lantern Ornaments,MFF42422-12S,,,In Stock,,,,,,4,11.95,24,10.95,48,9.95,4,WingTai400,WingTai160,https://wingtai.solovue.com/images/products/list/desktop/MFF42422-12S.JPG,MFF42422-12S.JPG,,,WingTai800,MFF42422-12S.JPG
S/2 Metal Taper Candlesticks,MFF42725-2S,,,Out of Stock Dec 1,,,,,,9,6.25,18,5.45,36,4.95,9,WingTai400,WingTai160,https://wingtai.solovue.com/images/products/list/desktop/MFF42725-2S.JPG,MFF42725-2S.JPG,,,WingTai800,MFF42725-2S.JPG
Happy Halloween Jack O Lantern Sitter,MFF42733,,,In Stock,,,,,,8,8.95,16,7.95,32,7.35,8,WingTai400,WingTai160,https://wingtai.solovue.com/images/products/list/desktop/MFF42733.JPG,MFF42733.JPG,,,WingTai800,MFF42733.JPG
Set of 3 Black Bells on Hanger,MXF43010,,,In Stock,,,,,,12,4.89,24,4.89,48,4.89,12,WingTai400,WingTai160,https://wingtai.solovue.com/images/products/list/desktop/MXF43010.JPG,MXF43010.JPG,,,WingTai800,MXF43010.JPG
Black Metal Taper Holder,MXF43014,,,In Stock,,,,,,12,4.39,48,3.89,96,3.59,12,WingTai400,WingTai160,https://wingtai.solovue.com/images/products/list/desktop/MXF43014.JPG,MXF43014.JPG,,,WingTai800,MXF43014.JPG
Tall Black Metal Taper Holder,MXF43021,,,In Stock,,,,,,12,5.29,48,4.69,96,4.29,12,WingTai400,WingTai160,https://wingtai.solovue.com/images/products/list/desktop/MXF43021.JPG,MXF43021.JPG,,,WingTai800,MXF43021.JPG
Set of 2 Hello Winter Black and White Snowflake Buckets,MXF43052-2S,,,In Stock,,,,,,6,8.95,12,7.95,24,7.35,6,WingTai400,WingTai160,https://wingtai.solovue.com/images/products/list/desktop/MXF43052-2S.JPG,MXF43052-2S.JPG,,,WingTai800,MXF43052-2S.JPG
Set of 2 Cream and Orange Pumpkin Buckets,MXF43056-2S,,,In Stock,,,,,,6,8.95,12,7.95,24,7.35,6,WingTai400,WingTai160,https://wingtai.solovue.com/images/products/list/desktop/MXF43056-2S.JPG,MXF43056-2S.JPG,,,WingTai800,MXF43056-2S.JPG
S/2 White_Black Round Hanging Taper Holders,MXF43067-2S,,,In Stock,,,,,,3,15.95,6,13.95,12,12.95,3,WingTai400,WingTai160,https://wingtai.solovue.com/images/products/list/desktop/MXF43067-2S.JPG,MXF43067-2S.JPG,,,WingTai800,MXF43067-2S.JPG
Set of 2 Galvanized Holiday Buckets,MXF43352-2S,,,In Stock,,,,,,4,12.95,12,11.95,24,10.95,4,WingTai400,WingTai160,https://wingtai.solovue.com/images/products/list/desktop/MXF43352-2S.JPG,MXF43352-2S.JPG,,,WingTai800,MXF43352-2S.JPG
Black Candle Tray,MXF43355,,,In Stock,,,,,,6,9.99,12,8.79,24,8.19,6,WingTai400,WingTai160,https://wingtai.solovue.com/images/products/list/desktop/MXF43355.JPG,MXF43355.JPG,,,WingTai800,MXF43355.JPG
Set of 2 Woodland Pines Oval Buckets,MXF43617-2S,,,In Stock,,,,,,12,3.14,12,3.14,24,3.14,12,WingTai400,WingTai160,https://wingtai.solovue.com/images/products/list/desktop/MXF43617-2S.JPG,MXF43617-2S.JPG,,,WingTai800,MXF43617-2S.JPG
Set of 2 Cardinal Mini Round Buckets,MXF43620-2S,,,In Stock,,,,,,12,2.09,12,2.09,18,2.09,12,WingTai400,WingTai160,https://wingtai.solovue.com/images/products/list/desktop/MXF43620-2S.JPG,MXF43620-2S.JPG,,,WingTai800,MXF43620-2S.JPG
Lighted Black Porcelain Joy Jar,PFF42191,,,In Stock,,,,,,2,19.99,4,17.99,8,16.99,2,WingTai400,WingTai160,https://wingtai.solovue.com/images/products/list/desktop/PFF42191.JPG,PFF42191.JPG,,,WingTai800,PFF42191.JPG
Small Orange and White Ribbed Vase,PFF42455SM,,,In Stock,,,,,,12,7.99,24,6.99,36,5.99,12,WingTai400,WingTai160,https://wingtai.solovue.com/images/products/list/desktop/PFF42455SM.JPG,PFF42455SM.JPG,,,WingTai800,PFF42455SM.JPG
2 Asst White and Orange Resin Pumpkins,RFF42193-2A,,,In Stock,,,,,,4,15.99,12,13.99,24,12.99,4,WingTai400,WingTai160,https://wingtai.solovue.com/images/products/list/desktop/RFF42193-2A.JPG,RFF42193-2A.JPG,,,WingTai800,RFF42193-2A.JPG
"Set of 12 Green, Orange, & Tan Resin Acorns",RFF42320-12S,,,In Stock,,,,,,4,13.99,8,12.29,16,11.49,4,WingTai400,WingTai160,https://wingtai.solovue.com/images/products/list/desktop/RFF42320-12S.JPG,RFF42320-12S.JPG,,,WingTai800,RFF42320-12S.JPG
Set of 12 Orange and White Resin Pumpkins,RFF42321-12S,,,In Stock,,,,,,4,13.99,8,12.29,16,11.49,4,WingTai400,WingTai160,https://wingtai.solovue.com/images/products/list/desktop/RFF42321-12S.JPG,RFF42321-12S.JPG,,,WingTai800,RFF42321-12S.JPG
"Set of 12 Ocher, Orange, and White Braided Resin Pumpkins",RFF42325-12S,,,In Stock,,,,,,4,13.99,8,12.99,16,11.99,4,WingTai400,WingTai160,https://wingtai.solovue.com/images/products/list/desktop/RFF42325-12S.JPG,RFF42325-12S.JPG,,,WingTai800,RFF42325-12S.JPG
Set of 6 Orange and Green Resin Oak Leaves,RFF42363-6S,,,In Stock,,,,,,12,5.95,24,5.25,48,4.95,12,WingTai400,WingTai160,https://wingtai.solovue.com/images/products/list/desktop/RFF42363-6S.JPG,RFF42363-6S.JPG,,,WingTai800,RFF42363-6S.JPG
Set of 2 Orange and Green Maple Leaves,RFF42364-2S,,,Out of Stock,,,,,,6,5.95,18,5.25,36,4.95,6,WingTai400,WingTai160,https://wingtai.solovue.com/images/products/list/desktop/RFF42364-2S.JPG,RFF42364-2S.JPG,,,WingTai800,RFF42364-2S.JPG
Resin Mummy Cat,RFF42795,,,In Stock,,,,,,6,4.35,24,3.85,48,3.55,6,WingTai400,WingTai160,https://wingtai.solovue.com/images/products/list/desktop/RFF42795.JPG,RFF42795.JPG,,,WingTai800,RFF42795.JPG
Resin Pumpkin Hat Squirrel,RFF42798,,,In Stock,,,,,,6,4.39,18,3.89,36,3.59,6,WingTai400,WingTai160,https://wingtai.solovue.com/images/products/list/desktop/RFF42798.JPG,RFF42798.JPG,,,WingTai800,RFF42798.JPG
Small Mottled Resin Acorn,RFF42799,,,In Stock,,,,,,12,6.59,24,5.79,48,5.39,12,WingTai400,WingTai160,https://wingtai.solovue.com/images/products/list/desktop/RFF42799.JPG,RFF42799.JPG,,,WingTai800,RFF42799.JPG
Large Mottled Resin Acorn,RFF42800,,,In Stock,,,,,,4,10.99,8,9.69,12,8.99,4,WingTai400,WingTai160,https://wingtai.solovue.com/images/products/list/desktop/RFF42800.JPG,RFF42800.JPG,,,WingTai800,RFF42800.JPG
Mottled Resin Pumpkin,RFF42801,,,In Stock,,,,,,3,33.99,6,29.99,9,27.99,3,WingTai400,WingTai160,https://wingtai.solovue.com/images/products/list/desktop/RFF42801.JPG,RFF42801.JPG,,,WingTai800,RFF42801.JPG
Small Wood-Look Resin Snowman,RXF43213,,,In Stock,,,,,,24,6.55,48,5.75,72,5.35,24,WingTai400,WingTai160,https://wingtai.solovue.com/images/products/list/desktop/RXF43213.JPG,RXF43213.JPG,,,WingTai800,RXF43213.JPG
Wood-Look Resin Gnome w/Tree,RXF43215,,,In Stock,,,,,,12,6.99,24,6.19,36,5.99,12,WingTai400,WingTai160,https://wingtai.solovue.com/images/products/list/desktop/RXF43215.JPG,RXF43215.JPG,,,WingTai800,RXF43215.JPG
Large Green Resin Tree,RXF43228,,,In Stock,,,,,,4,24.99,8,21.99,12,20.99,4,WingTai400,WingTai160,https://wingtai.solovue.com/images/products/list/desktop/RXF43228.JPG,RXF43228.JPG,,,WingTai800,RXF43228.JPG
Twig Cutout Joy Word Stand w/Cardinal,RXF43326,,,Out of Stock,,,,,,4,7.99,12,6.99,24,6.59,4,WingTai400,WingTai160,https://wingtai.solovue.com/images/products/list/desktop/RXF43326.JPG,RXF43326.JPG,,,WingTai800,RXF43326.JPG
Resin Lighted Gingerbread Man Block,RXF43419,,,In Stock,,,,,,2,24.5,4,24.5,6,24.5,2,WingTai400,WingTai160,https://wingtai.solovue.com/images/products/list/desktop/RXF43419.JPG,RXF43419.JPG,,,WingTai800,RXF43419.JPG
Resin Bird w/Snowflake Stocking Cap,RXF43989,,,In Stock,,,,,,6,5.49,12,4.79,24,4.49,6,WingTai400,WingTai160,https://wingtai.solovue.com/images/products/list/desktop/RXF43989.JPG,RXF43989.JPG,,,WingTai800,RXF43989.JPG
Resin Red Coat Playing Snowmen,RXF43993,,,In Stock,,,,,,6,8.99,12,7.99,24,7.49,6,WingTai400,WingTai160,https://wingtai.solovue.com/images/products/list/desktop/RXF43993.JPG,RXF43993.JPG,,,WingTai800,RXF43993.JPG
Hot Cocoa Pick,FXQ43956-B,,,In Stock,,,,,,48,1.05,72,1.05,144,1.05,48,WingTai400,WingTai160,https://wingtai.solovue.com/images/products/list/desktop/RXQ43956B.JPG,RXQ43956B.JPG,,,WingTai800,RXQ43956B.JPG
Metal Tree of Life on Stand,WAI54503,,,In Stock,,,,,,6,7.35,12,6.45,24,5.95,6,WingTai400,WingTai160,https://wingtai.solovue.com/images/products/list/desktop/WAI54503.JPG,WAI54503.JPG,,,WingTai800,WAI54503.JPG
Large Metal Sprig on Stand,WAI54504,,,In Stock,,,,,,6,5.95,18,5.25,36,4.95,6,WingTai400,WingTai160,https://wingtai.solovue.com/images/products/list/desktop/WAI54504.JPG,WAI54504.JPG,,,WingTai800,WAI54504.JPG
Spooky Canvas Hanger,WFF42105,,,In Stock,,,,,,6,7.95,24,6.95,48,6.45,6,WingTai400,WingTai160,https://wingtai.solovue.com/images/products/list/desktop/WFF42105.JPG,WFF42105.JPG,,,WingTai800,WFF42105.JPG
Boo Canvas Hanger,WFF42106,,,In Stock,,,,,,6,5.95,24,5.25,48,4.95,6,WingTai400,WingTai160,https://wingtai.solovue.com/images/products/list/desktop/WFF42106.JPG,WFF42106.JPG,,,WingTai800,WFF42106.JPG
Set of 3 Spooky Halloween Blocks,WFF42635-3S,,,In Stock,,,,,,4,7.95,8,6.95,16,6.45,4,WingTai400,WingTai160,https://wingtai.solovue.com/images/products/list/desktop/WFF42635-3S.JPG,WFF42635-3S.JPG,,,WingTai800,WFF42635-3S.JPG
Black and Natural Wood Sleigh,WFF42640,,,In Stock,,,,,,2,43.99,4,38.99,8,35.99,2,WingTai400,WingTai160,https://wingtai.solovue.com/images/products/list/desktop/WFF42640.JPG,WFF42640.JPG,,,WingTai800,WFF42640.JPG
"Set of 3 Spooky, Boo, and Halloween Blocks",WFF42660-3S,,,Out of Stock,,,,,,8,6.95,16,6.15,24,5.75,8,WingTai400,WingTai160,https://wingtai.solovue.com/images/products/list/desktop/WFF42660-3S.JPG,WFF42660-3S.JPG,,,WingTai800,WFF42660-3S.JPG
2 Asst Pumpkin Patch Mini Blocks,WFF42691-2A,,,In Stock,,,,,,24,2.15,48,1.95,96,1.85,24,WingTai400,WingTai160,https://wingtai.solovue.com/images/products/list/desktop/WFF42691-2A.JPG,WFF42691-2A.JPG,,,WingTai800,WFF42691-2A.JPG
2 Asst Pumpkin Patch Large Blocks,WFF42692-2A,,,In Stock,,,,,,8,5.95,24,5.25,48,4.95,8,WingTai400,WingTai160,https://wingtai.solovue.com/images/products/list/desktop/WFF42692-2A.JPG,WFF42692-2A.JPG,,,WingTai800,WFF42692-2A.JPG
Black Pumpkin on Stand,WFF42700-BK,,,In Stock,,,,,,5,19.99,10,17.59,15,16.29,5,WingTai400,WingTai160,https://wingtai.solovue.com/images/products/list/desktop/WFF42700-BK.JPG,WFF42700-BK.JPG,,,WingTai800,WFF42700-BK.JPG
White Pumpkin on Stand,WFF42700-WH,,,In Stock,,,,,,5,19.99,10,17.59,15,16.29,5,WingTai400,WingTai160,https://wingtai.solovue.com/images/products/list/desktop/WFF42700-WH.JPG,WFF42700-WH.JPG,,,WingTai800,WFF42700-WH.JPG
Set of 2 White Ghost Blocks,WFF42708-2S,,,In Stock,,,,,,8,8.99,16,7.99,24,7.39,8,WingTai400,WingTai160,https://wingtai.solovue.com/images/products/list/desktop/WFF42708-2S.JPG,WFF42708-2S.JPG,,,WingTai800,WFF42708-2S.JPG
Boo Beaded Hanger,WFF42709,,,In Stock,,,,,,4,7.95,8,6.95,16,6.45,4,WingTai400,WingTai160,https://wingtai.solovue.com/images/products/list/desktop/WFF42709.JPG,WFF42709.JPG,,,WingTai800,WFF42709.JPG
Spooky Halloween Pumpkin Frame,WFF42720,,,In Stock,,,,,,6,11.95,12,10.95,18,9.95,6,WingTai400,WingTai160,https://wingtai.solovue.com/images/products/list/desktop/WFF42720.JPG,WFF42720.JPG,,,WingTai800,WFF42720.JPG
October 31 Cutout Block,WFF42730,,,In Stock,,,,,,6,6.9,12,6.9,24,6.9,6,WingTai400,WingTai160,https://wingtai.solovue.com/images/products/list/desktop/WFF42730.JPG,WFF42730.JPG,,,WingTai800,WFF42730.JPG
White Cutout Pumpkin Frame Block,WFF42746,,,In Stock,,,,,,5,21.99,10,19.99,15,18.59,5,WingTai400,WingTai160,https://wingtai.solovue.com/images/products/list/desktop/WFF42746.JPG,WFF42746.JPG,,,WingTai800,WFF42746.JPG
Black Cutout Pumpkin Frame Block,WFF42747,,,Out of Stock,,,,,,5,21.99,10,19.99,15,18.59,5,WingTai400,WingTai160,https://wingtai.solovue.com/images/products/list/desktop/WFF42747.JPG,WFF42747.JPG,,,WingTai800,WFF42747.JPG
Tray with Bead Handle,WFF42752,,,In Stock,,,,,,6,7.35,12,6.45,24,5.95,6,WingTai400,WingTai160,https://wingtai.solovue.com/images/products/list/desktop/WFF42752.JPG,WFF42752.JPG,,,WingTai800,WFF42752.JPG
Set of 2 Spooky Witch Hat Blocks,WFF42755-2S,,,In Stock,,,,,,3,13.5,6,13.5,12,13.5,3,WingTai400,WingTai160,https://wingtai.solovue.com/images/products/list/desktop/WFF42755-2S.JPG,WFF42755-2S.JPG,,,WingTai800,WFF42755-2S.JPG
Set of 2 Black Halloween Old Fashioned Carts,WFF42763-2S,,,In Stock,,,,,,2,39.5,4,39.5,8,39.5,2,WingTai400,WingTai160,https://wingtai.solovue.com/images/products/list/desktop/WFF42763-2S.JPG,WFF42763-2S.JPG,,,WingTai800,WFF42763-2S.JPG
Set of 2 Thankful and Gather Old Fashioned Carts,WFF42765-2S,,,In Stock,,,,,,2,39.5,4,39.5,8,39.5,2,WingTai400,WingTai160,https://wingtai.solovue.com/images/products/list/desktop/WFF42765-2S.JPG,WFF42765-2S.JPG,,,WingTai800,WFF42765-2S.JPG
Scary Black and White Jack O Lantern Block,WFF42767,,,In Stock,,,,,,6,5.75,12,4.95,24,4.65,6,WingTai400,WingTai160,https://wingtai.solovue.com/images/products/list/desktop/WFF42767.JPG,WFF42767.JPG,,,WingTai800,WFF42767.JPG
Witch Hat Block,WFF42768,,,In Stock,,,,,,8,4.39,16,3.89,24,3.59,8,WingTai400,WingTai160,https://wingtai.solovue.com/images/products/list/desktop/WFF42768.JPG,WFF42768.JPG,,,WingTai800,WFF42768.JPG
Lighted Spooky Block,WFF42853,,,In Stock,,,,,,6,8.99,12,7.99,24,7.49,6,WingTai400,WingTai160,https://wingtai.solovue.com/images/products/list/desktop/WFF42853.JPG,WFF42853.JPG,,,WingTai800,WFF42853.JPG
Set of 2 Spooky Halloween Box Trays,WFF42854-2S,,,In Stock,,,,,,2,19.5,4,19.5,8,19.5,2,WingTai400,WingTai160,https://wingtai.solovue.com/images/products/list/desktop/WFF42854-2S.JPG,WFF42854-2S.JPG,,,WingTai800,WFF42854-2S.JPG
Skeleton Sign,WFF42861,,,In Stock,,,,,,4,13.5,8,13.5,12,13.5,4,WingTai400,WingTai160,https://wingtai.solovue.com/images/products/list/desktop/WFF42861.JPG,WFF42861.JPG,,,WingTai800,WFF42861.JPG
Set of Spooky and Boo Ghost Blocks,WFF42862-2S,,,In Stock,,,,,,6,9.95,12,8.75,24,8.15,6,WingTai400,WingTai160,https://wingtai.solovue.com/images/products/list/desktop/WFF42862-2S.JPG,WFF42862-2S.JPG,,,WingTai800,WFF42862-2S.JPG
Set of 2 October Sky Mango Wood Trays,WFI42530-2S,,,In Stock,,,,,,3,19.99,6,17.99,12,16.99,3,WingTai400,WingTai160,https://wingtai.solovue.com/images/products/list/desktop/WFI42530-2S.JPG,WFI42530-2S.JPG,,,WingTai800,WFI42530-2S.JPG
Wood Black Roof Church,WXF43009,,,In Stock,,,,,,4,19.99,8,17.99,16,16.99,4,WingTai400,WingTai160,https://wingtai.solovue.com/images/products/list/desktop/WXF43009.JPG,WXF43009.JPG,,,WingTai800,WXF43009.JPG
Set of 6 Black Tree Ornaments,WXF43012-6S,,,In Stock,,,,,,12,1.95,48,1.75,96,1.55,12,WingTai400,WingTai160,https://wingtai.solovue.com/images/products/list/desktop/WXF43012-6S.JPG,WXF43012-6S.JPG,,,WingTai800,WXF43012-6S.JPG
Black Wood House Box,WXF43016,,,In Stock,,,,,,4,5.97,16,5.97,32,5.97,4,WingTai400,WingTai160,https://wingtai.solovue.com/images/products/list/desktop/WXF43016.JPG,WXF43016.JPG,,,WingTai800,WXF43016.JPG
Black Christmas Tree Beaded Garland,WXF43020,,,In Stock,,,,,,6,3.95,36,3.45,72,3.25,6,WingTai400,WingTai160,https://wingtai.solovue.com/images/products/list/desktop/WXF43020.JPG,WXF43020.JPG,,,WingTai800,WXF43020.JPG
Hot Cocoa Black Round Sign,WXF43028,,,In Stock,,,,,,12,2.1,18,2.1,36,2.1,12,WingTai400,WingTai160,https://wingtai.solovue.com/images/products/list/desktop/WXF43028.JPG,WXF43028.JPG,,,WingTai800,WXF43028.JPG
2 Asst Forever and Blessed Cardinal Blocks,WXF43034-2A,,,In Stock,,,,,,12,2.99,24,2.69,48,2.59,12,WingTai400,WingTai160,https://wingtai.solovue.com/images/products/list/desktop/WXF43034-2A.JPG,WXF43034-2A.JPG,,,WingTai800,WXF43034-2A.JPG
"Cardinal, Tree, and Snowflakes Embroidered Sign",WXF43047,,,In Stock,,,,,,6,8.95,12,7.95,24,7.35,6,WingTai400,WingTai160,https://wingtai.solovue.com/images/products/list/desktop/WXF43047.JPG,WXF43047.JPG,,,WingTai800,WXF43047.JPG
Snowman and Cardinal Embroidered Sign,WXF43048,,,In Stock,,,,,,6,8.95,12,7.95,24,7.35,6,WingTai400,WingTai160,https://wingtai.solovue.com/images/products/list/desktop/WXF43048.JPG,WXF43048.JPG,,,WingTai800,WXF43048.JPG
Believe in the Magic of Christmas Sign,WXF43049,,,In Stock,,,,,,4,16.95,8,14.95,12,13.95,4,WingTai400,WingTai160,https://wingtai.solovue.com/images/products/list/desktop/WXF43049.JPG,WXF43049.JPG,,,WingTai800,WXF43049.JPG
Hello Winter Wall Hanger,WXF43053,,,In Stock,,,,,,4,12.95,8,11.95,16,10.95,4,WingTai400,WingTai160,https://wingtai.solovue.com/images/products/list/desktop/WXF43053.JPG,WXF43053.JPG,,,WingTai800,WXF43053.JPG
I Can Smell Autumn Lighted Wood Block,WXF43059,,,In Stock,,,,,,6,8.99,12,7.99,24,7.49,6,WingTai400,WingTai160,https://wingtai.solovue.com/images/products/list/desktop/WXF43059.JPG,WXF43059.JPG,,,WingTai800,WXF43059.JPG
Whitewashed Wood Tree Block,WXF43076,,,In Stock,,,,,,12,4.9,18,4.9,36,4.9,12,WingTai400,WingTai160,https://wingtai.solovue.com/images/products/list/desktop/WXF43076.JPG,WXF43076.JPG,,,WingTai800,WXF43076.JPG
Small Black and White Wood Snowman Block,WXF43077,,,In Stock,,,,,,4,7.9,16,7.9,32,7.9,4,WingTai400,WingTai160,https://wingtai.solovue.com/images/products/list/desktop/WXF43077.JPG,WXF43077.JPG,,,WingTai800,WXF43077.JPG
Large Black and White Wood Snowman Block,WXF43078,,,In Stock,,,,,,4,14.99,12,13.99,24,12.99,4,WingTai400,WingTai160,https://wingtai.solovue.com/images/products/list/desktop/WXF43078.JPG,WXF43078.JPG,,,WingTai800,WXF43078.JPG
Small Black Wooden Open Bottom House,WXF43082,,,In Stock,,,,,,6,9.45,18,8.45,36,7.65,6,WingTai400,WingTai160,https://wingtai.solovue.com/images/products/list/desktop/WXF43082.JPG,WXF43082.JPG,,,WingTai800,WXF43082.JPG
18 inch White Ridged Wood Tree,WXF43092,,,In Stock,,,,,,6,7,6,7,12,7,6,WingTai400,WingTai160,https://wingtai.solovue.com/images/products/list/desktop/WXF43092.JPG,WXF43092.JPG,,,WingTai800,WXF43092.JPG
28 inch White Ridged Wood Tree,WXF43093,,,In Stock,,,,,,2,39.99,4,34.99,8,32.99,2,WingTai400,WingTai160,https://wingtai.solovue.com/images/products/list/desktop/WXF43093.JPG,WXF43093.JPG,,,WingTai800,WXF43093.JPG
28 inch Black Ridged Wood Tree,WXF43094,,,In Stock,,,,,,2,39.99,4,34.99,8,32.99,2,WingTai400,WingTai160,https://wingtai.solovue.com/images/products/list/desktop/WXF43094.JPG,WXF43094.JPG,,,WingTai800,WXF43094.JPG
18 inch Black Ridged Wood Tree,WXF43095,,,In Stock,,,,,,6,7,6,7,12,7,6,WingTai400,WingTai160,https://wingtai.solovue.com/images/products/list/desktop/WXF43095.JPG,WXF43095.JPG,,,WingTai800,WXF43095.JPG
Wood Snowflake Tree on Stand,WXF43145,,,In Stock,,,,,,6,12.99,12,11.99,24,10.99,6,WingTai400,WingTai160,https://wingtai.solovue.com/images/products/list/desktop/WXF43145.JPG,WXF43145.JPG,,,WingTai800,WXF43145.JPG
Small Whitewashed Wood Angel,WXF43168,,,In Stock,,,,,,4,8.95,18,7.95,36,7.35,4,WingTai400,WingTai160,https://wingtai.solovue.com/images/products/list/desktop/WXF43168.JPG,WXF43168.JPG,,,WingTai800,WXF43168.JPG
Whitewashed Lighted Wood Church,WXF43170,,,In Stock,,,,,,4,21.99,8,19.99,16,18.59,4,WingTai400,WingTai160,https://wingtai.solovue.com/images/products/list/desktop/WXF43170.JPG,WXF43170.JPG,,,WingTai800,WXF43170.JPG
Wooden Candy Cane Hanger w/Snowflake,WXF43280,,,In Stock,,,,,,6,6.95,24,6.25,48,5.65,6,WingTai400,WingTai160,https://wingtai.solovue.com/images/products/list/desktop/WXF43280.JPG,WXF43280.JPG,,,WingTai800,WXF43280.JPG
Believe Cutout Word Stand,WXF43285,,,In Stock,,,,,,8,3.84,16,3.84,32,3.84,8,WingTai400,WingTai160,https://wingtai.solovue.com/images/products/list/desktop/WXF43285.JPG,WXF43285.JPG,,,WingTai800,WXF43285.JPG
Black Joy Vertical Hanger,WXF43600,,,In Stock,,,,,,8,2.79,8,2.79,16,2.79,8,WingTai400,WingTai160,https://wingtai.solovue.com/images/products/list/desktop/WXF43600.JPG,WXF43600.JPG,,,WingTai800,WXF43600.JPG
S/2 Black Pyramid Wood Lanterns,WXF43601-2S,,,In Stock,,,,,,2,34.99,4,31.99,8,29.99,2,WingTai400,WingTai160,https://wingtai.solovue.com/images/products/list/desktop/WXF43601-2S.JPG,WXF43601-2S.JPG,,,WingTai800,WXF43601-2S.JPG
Large Black Gothic Frame,WXF43602,,,In Stock,,,,,,5,9.95,15,8.95,30,8.35,5,WingTai400,WingTai160,https://wingtai.solovue.com/images/products/list/desktop/WXF43602.JPG,WXF43602.JPG,,,WingTai800,WXF43602.JPG
Small Black Gothic Frame,WXF43603,,,In Stock,,,,,,5,6.95,10,6.15,20,5.65,5,WingTai400,WingTai160,https://wingtai.solovue.com/images/products/list/desktop/WXF43603.JPG,WXF43603.JPG,,,WingTai800,WXF43603.JPG
Small Cutout Snowflake,WXF43613,,,In Stock,,,,,,5,5.99,10,5.29,20,4.99,5,WingTai400,WingTai160,https://wingtai.solovue.com/images/products/list/desktop/WXF43613.JPG,WXF43613.JPG,,,WingTai800,WXF43613.JPG
White Nativity Cutout Block,WXF43614,,,In Stock,,,,,,5,6.99,10,6.19,20,5.79,5,WingTai400,WingTai160,https://wingtai.solovue.com/images/products/list/desktop/WXF43614.JPG,WXF43614.JPG,,,WingTai800,WXF43614.JPG
The Perfect Blend Sign,WXF43623,,,In Stock,,,,,,8,6.29,8,6.29,16,6.29,8,WingTai400,WingTai160,https://wingtai.solovue.com/images/products/list/desktop/WXF43623.JPG,WXF43623.JPG,,,WingTai800,WXF43623.JPG
Hot Cocoa Bar Cutting Board,WXF43625,,,In Stock,,,,,,8,2.79,8,2.79,16,2.79,8,WingTai400,WingTai160,https://wingtai.solovue.com/images/products/list/desktop/WXF43625.JPG,WXF43625.JPG,,,WingTai800,WXF43625.JPG
Lighted Hot Cocoa Block,WXF43626,,,In Stock,,,,,,6,9.99,12,8.99,24,8.09,6,WingTai400,WingTai160,https://wingtai.solovue.com/images/products/list/desktop/WXF43626.JPG,WXF43626.JPG,,,WingTai800,WXF43626.JPG
O Holy Night Block,WXF43628,,,In Stock,,,,,,8,6.95,16,6.15,32,5.75,8,WingTai400,WingTai160,https://wingtai.solovue.com/images/products/list/desktop/WXF43628.JPG,WXF43628.JPG,,,WingTai800,WXF43628.JPG
O Holy Night Gothic Block,WXF43629,,,In Stock,,,,,,5,4.95,10,4.35,20,3.95,5,WingTai400,WingTai160,https://wingtai.solovue.com/images/products/list/desktop/WXF43629.JPG,WXF43629.JPG,,,WingTai800,WXF43629.JPG
Set of 2 Woodland Pines Blocks,WXF43634-2S,,,In Stock,,,,,,4,5.95,8,5.25,12,4.95,4,WingTai400,WingTai160,https://wingtai.solovue.com/images/products/list/desktop/WXF43634-2S.JPG,WXF43634-2S.JPG,,,WingTai800,WXF43634-2S.JPG
Set of 2 Reindeer Wood Boxes,WXF43638-2S,,,In Stock,,,,,,2,24.99,4,21.99,8,20.99,2,WingTai400,WingTai160,https://wingtai.solovue.com/images/products/list/desktop/WXF43638-2S.JPG,WXF43638-2S.JPG,,,WingTai800,WXF43638-2S.JPG
Set of 2 Rustic Cabin Tree Blocks,WXF43641-2S,,,In Stock,,,,,,8,8.95,16,7.95,32,7.35,8,WingTai400,WingTai160,https://wingtai.solovue.com/images/products/list/desktop/WXF43641-2S.JPG,WXF43641-2S.JPG,,,WingTai800,WXF43641-2S.JPG
S/2 White Pyramid Wood Lanterns,WXF43645-2S,,,In Stock,,,,,,2,34.99,4,31.99,8,29.99,2,WingTai400,WingTai160,https://wingtai.solovue.com/images/products/list/desktop/WXF43645-2S.JPG,WXF43645-2S.JPG,,,WingTai800,WXF43645-2S.JPG
White Distressed Metal Sleigh,WXF43666,,,In Stock,,,,,,6,10.95,12,9.65,24,8.95,6,WingTai400,WingTai160,https://wingtai.solovue.com/images/products/list/desktop/WXF43666.JPG,WXF43666.JPG,,,WingTai800,WXF43666.JPG
S/2 Natural_White Rectangular Trays with Feet,WXF43669-2S,,,Out of Stock Dec 1,,,,,,6,11.95,12,10.95,24,9.95,6,WingTai400,WingTai160,https://wingtai.solovue.com/images/products/list/desktop/WXF43669-2S.JPG,WXF43669-2S.JPG,,,WingTai800,WXF43669-2S.JPG
Black and White Snowflakes Carved Sign,WXF43673,,,In Stock,,,,,,12,3.84,12,3.84,24,3.84,12,WingTai400,WingTai160,https://wingtai.solovue.com/images/products/list/desktop/WXF43673.JPG,WXF43673.JPG,,,WingTai800,WXF43673.JPG
3 Asst Black and White Mini Winter Signs,WXF43674-3A,,,In Stock,,,,,,18,6.59,36,5.79,54,5.39,18,WingTai400,WingTai160,https://wingtai.solovue.com/images/products/list/desktop/WXF43674-3A.JPG,WXF43674-3A.JPG,,,WingTai800,WXF43674-3A.JPG
2 Asst Black and White Snowman Signs,WXF43677-2A,,,In Stock,,,,,,24,2.3,24,2.3,48,2.3,24,WingTai400,WingTai160,https://wingtai.solovue.com/images/products/list/desktop/WXF43677-2A.JPG,WXF43677-2A.JPG,,,WingTai800,WXF43677-2A.JPG
Set of 2 Snowflake Cutouts,WXF43694-2S,,,In Stock,,,,,,10,3.15,15,3.15,30,3.15,10,WingTai400,WingTai160,https://wingtai.solovue.com/images/products/list/desktop/WXF43694-2S.JPG,WXF43694-2S.JPG,,,WingTai800,WXF43694-2S.JPG
Set of 2 Wood Snowflake Magnets,WXF43695-2S,,,In Stock,,,,,,10,3.15,15,3.15,30,3.15,10,WingTai400,WingTai160,https://wingtai.solovue.com/images/products/list/desktop/WXF43695-2S.JPG,WXF43695-2S.JPG,,,WingTai800,WXF43695-2S.JPG
Set of 2 White Snowman Cutouts,WXF43696-2S,,,In Stock,,,,,,5,19.99,10,17.99,15,16.99,5,WingTai400,WingTai160,https://wingtai.solovue.com/images/products/list/desktop/WXF43696-2S.JPG,WXF43696-2S.JPG,,,WingTai800,WXF43696-2S.JPG
Set of 2 White Tree Cutouts,WXF43697-2S,,,In Stock,,,,,,4,19.99,8,17.99,12,16.99,4,WingTai400,WingTai160,https://wingtai.solovue.com/images/products/list/desktop/WXF43697-2S.JPG,WXF43697-2S.JPG,,,WingTai800,WXF43697-2S.JPG
Set of 2 Black Tree Cutouts,WXF43698-2S,,,In Stock,,,,,,4,19.99,8,17.99,12,16.99,4,WingTai400,WingTai160,https://wingtai.solovue.com/images/products/list/desktop/WXF43698-2S.JPG,WXF43698-2S.JPG,,,WingTai800,WXF43698-2S.JPG
Black and White Merry Christmas Sign,WXF43706,,,In Stock,,,,,,2,24.99,4,21.99,8,20.99,2,WingTai400,WingTai160,https://wingtai.solovue.com/images/products/list/desktop/WXF43706.JPG,WXF43706.JPG,,,WingTai800,WXF43706.JPG
Joy Tree Black Beaded Garland,WXF43707,,,In Stock,,,,,,12,3.5,12,3.5,24,3.5,12,WingTai400,WingTai160,https://wingtai.solovue.com/images/products/list/desktop/WXF43707.JPG,WXF43707.JPG,,,WingTai800,WXF43707.JPG
Black Architectural Shelf,WXF43722,,,In Stock,,,,,,6,9.45,12,8.45,24,7.65,6,WingTai400,WingTai160,https://wingtai.solovue.com/images/products/list/desktop/WXF43722.JPG,WXF43722.JPG,,,WingTai800,WXF43722.JPG
Set of 2 Wood-Bottom Chocolate Kiss Lanterns,WXF43748-2S,,,In Stock,,,,,,6,11.54,6,11.54,12,11.54,6,WingTai400,WingTai160,https://wingtai.solovue.com/images/products/list/desktop/WXF43748-2S.JPG,WXF43748-2S.JPG,,,WingTai800,WXF43748-2S.JPG
Large Cutout Snowflake Stand,WXF43751,,,In Stock,,,,,,2,24.99,4,21.99,8,19.99,2,WingTai400,WingTai160,https://wingtai.solovue.com/images/products/list/desktop/WXF43751.JPG,WXF43751.JPG,,,WingTai800,WXF43751.JPG
Winter Blessings Cardinal Candle Holder,WXF43756,,,In Stock,,,,,,8,2.45,8,2.45,16,2.45,8,WingTai400,WingTai160,https://wingtai.solovue.com/images/products/list/desktop/WXF43756.JPG,WXF43756.JPG,,,WingTai800,WXF43756.JPG
Set of 3 Snowflake and Believe Blocks,WXF43759-3S,,,In Stock,,,,,,5,13.95,10,12.25,20,11.35,5,WingTai400,WingTai160,https://wingtai.solovue.com/images/products/list/desktop/WXF43759-3S.JPG,WXF43759-3S.JPG,,,WingTai800,WXF43759-3S.JPG
Set of 3 White 3D Standing Trees,WXF43760-3S,,,In Stock,,,,,,3,17.95,6,15.95,12,14.95,3,WingTai400,WingTai160,https://wingtai.solovue.com/images/products/list/desktop/WXF43760-3S.JPG,WXF43760-3S.JPG,,,WingTai800,WXF43760-3S.JPG
Set of 2 Simple Rustic Sleds,WXF43770-2S,,,In Stock,,,,,,4,24.9,8,24.9,16,24.9,4,WingTai400,WingTai160,https://wingtai.solovue.com/images/products/list/desktop/WXF43770-2S.JPG,WXF43770-2S.JPG,,,WingTai800,WXF43770-2S.JPG
Wood Drawer Box,WXF43771,,,In Stock,,,,,,6,6.95,12,6.15,24,5.75,6,WingTai400,WingTai160,https://wingtai.solovue.com/images/products/list/desktop/WXF43771.JPG,WXF43771.JPG,,,WingTai800,WXF43771.JPG
"4 Asst Ball, Bell, Snowman and Tree Ornaments",WXF43775-4A,,,Out of Stock,,,,,,96,0.84,96,0.84,192,0.84,96,WingTai400,WingTai160,https://wingtai.solovue.com/images/products/list/desktop/WXF43775-4A.JPG,WXF43775-4A.JPG,,,WingTai800,WXF43775-4A.JPG
Vase Shaped Candle Holder,WXF43867,,,In Stock,,,,,,4,11.95,8,10.95,12,9.95,4,WingTai400,WingTai160,https://wingtai.solovue.com/images/products/list/desktop/WXF43867.JPG,WXF43867.JPG,,,WingTai800,WXF43867.JPG
Wooden Snowman Cheese Tray and Knife Set,WXI43514-2S,,,In Stock,,,,,,6,10.99,12,9.99,24,9.29,6,WingTai400,WingTai160,https://wingtai.solovue.com/images/products/list/desktop/WXI43514-2S.JPG,WXI43514-2S.JPG,,,WingTai800,WXI43514-2S.JPG
Set of 2 Woodland Pines Mango Wood Trays,WXI43519-2S,,,In Stock,,,,,,3,21.99,6,19.39,12,17.99,3,WingTai400,WingTai160,https://wingtai.solovue.com/images/products/list/desktop/WXI43519-2S.JPG,WXI43519-2S.JPG,,,WingTai800,WXI43519-2S.JPG
Deer Rope Garland,WXQ43338,,,In Stock,,,,,,16,1.39,16,1.39,32,1.39,16,WingTai400,WingTai160,https://wingtai.solovue.com/images/products/list/desktop/WXQ43338.JPG,WXQ43338.JPG,,,WingTai800,WXQ43338.JPG
Angel Rope Garland,WXQ43339,,,In Stock,,,,,,16,1.74,16,1.74,32,1.74,16,WingTai400,WingTai160,https://wingtai.solovue.com/images/products/list/desktop/WXQ43339.JPG,WXQ43339.JPG,,,WingTai800,WXQ43339.JPG
Set of 2 Black Straight Edge Cutout Trees,WXQ43821-2S,,,In Stock,,,,,,6,8.99,18,7.99,36,7.49,6,WingTai400,WingTai160,https://wingtai.solovue.com/images/products/list/desktop/WXQ43821-2S.JPG,WXQ43821-2S.JPG,,,WingTai800,WXQ43821-2S.JPG
Large Natural Straight Edge Cutout Tree,WXQ43822,,,In Stock,,,,,,6,10.95,18,9.65,36,8.95,6,WingTai400,WingTai160,https://wingtai.solovue.com/images/products/list/desktop/WXQ43822.JPG,WXQ43822.JPG,,,WingTai800,WXQ43822.JPG
Wide Bottom White Taper Holder,RAF57238,,,In Stock,,,,,,6,5.29,12,4.69,18,4.29,6,WingTai400,WingTai160,https://wingtai.solovue.com/images/products/list/desktop/RAF57238.JPG,RAF57238.JPG,,,WingTai800,RAF57238.JPG
Plush Eagle Head,DAQ57191,,,In Stock,,,,,,6,4.97,18,4.97,36,4.97,6,WingTai400,WingTai160,https://wingtai.solovue.com/images/products/list/desktop/DAQ57191.JPG,DAQ57191.JPG,,,WingTai800,DAQ57191.JPG
S/3 Stars_Fireworks Firework Bundle,DAQ57193-3S,,,In Stock,,,,,,6,5.99,48,5.29,96,4.99,6,WingTai400,WingTai160,https://wingtai.solovue.com/images/products/list/desktop/DAQ57193-3S.JPG,DAQ57193-3S.JPG,,,WingTai800,DAQ57193-3S.JPG
S/2 Blue House Americana Blocks,WAF57752-2S,,,In Stock,,,,,,6,7.35,12,6.45,24,5.95,6,WingTai400,WingTai160,https://wingtai.solovue.com/images/products/list/desktop/WAF57752-2S.JPG,WAF57752-2S.JPG,,,WingTai800,WAF57752-2S.JPG
Wall Hanging Shelf,MAF57601,,,In Stock,,,,,,4,39.95,8,34.95,12,32.95,4,WingTai400,WingTai160,https://wingtai.solovue.com/images/products/list/desktop/MAF57601.JPG,MAF57601.JPG,,,WingTai800,MAF57601.JPG
S/2 Dark Wood_Matte Black Trays,WAI57589-2S,,,In Stock,,,,,,3,12.99,6,11.99,12,10.99,3,WingTai400,WingTai160,https://wingtai.solovue.com/images/products/list/desktop/WAI57589-2S.JPG,WAI57589-2S.JPG,,,WingTai800,WAI57589-2S.JPG
S/12 Plush Bunnies in Box,DAF57967-12S,,,In Stock,,,,,,2,39.99,6,34.99,12,31.99,2,WingTai400,WingTai160,https://wingtai.solovue.com/images/products/list/desktop/DAF57967-12S.JPG,DAF57967-12S.JPG,,,WingTai800,DAF57967-12S.JPG
S/3 White Plush Carrots,DAQ57185-3S,,,In Stock,,,,,,6,6.49,24,5.69,48,5.19,6,WingTai400,WingTai160,https://wingtai.solovue.com/images/products/list/desktop/DAQ57185-3S.JPG,DAQ57185-3S.JPG,,,WingTai800,DAQ57185-3S.JPG
Short Plush Chick with Feet,DAQ57204,,,In Stock,,,,,,6,6.99,18,6.39,36,5.79,6,WingTai400,WingTai160,https://wingtai.solovue.com/images/products/list/desktop/DAQ57204.JPG,DAQ57204.JPG,,,WingTai800,DAQ57204.JPG
Smart Chick,DAQ57205,,,In Stock,,,,,,8,3.95,24,3.45,48,3.15,8,WingTai400,WingTai160,https://wingtai.solovue.com/images/products/list/desktop/DAQ57205.JPG,DAQ57205.JPG,,,WingTai800,DAQ57205.JPG
Tall Plush Chick,DAQ57208,,,In Stock,,,,,,6,9.95,18,8.95,36,8.15,6,WingTai400,WingTai160,https://wingtai.solovue.com/images/products/list/desktop/DAQ57208.JPG,DAQ57208.JPG,,,WingTai800,DAQ57208.JPG
Burlap Twine Carrot Bundle,FAQ57805,,,In Stock,,,,,,24,1.95,72,1.75,144,1.65,24,WingTai400,WingTai160,https://wingtai.solovue.com/images/products/list/desktop/FAQ57805.JPG,FAQ57805.JPG,,,WingTai800,FAQ57805.JPG
Bunnies_Flowers Glass Jar,GAS57234,,,In Stock,,,,,,6,7.39,12,6.39,24,5.99,6,WingTai400,WingTai160,https://wingtai.solovue.com/images/products/list/desktop/GAS57234.JPG,GAS57234.JPG,,,WingTai800,GAS57234.JPG
Carrot Top Print Metal Vase,MAF57857,,,In Stock,,,,,,6,9.99,12,8.99,24,8.29,6,WingTai400,WingTai160,https://wingtai.solovue.com/images/products/list/desktop/MAF57857.JPG,MAF57857.JPG,,,WingTai800,MAF57857.JPG
S/2 Wood Carrots with Metal Stems,WAI57585-2S,,,In Stock,,,,,,10,4.19,50,3.79,100,3.49,10,WingTai400,WingTai160,https://wingtai.solovue.com/images/products/list/desktop/WAI57585-2S.JPG,WAI57585-2S.JPG,,,WingTai800,WAI57585-2S.JPG
Light Green_Yellow Pom Pom Pick,FAQ57798B,,,In Stock,,,,,,24,2.99,72,2.69,144,2.49,24,WingTai400,WingTai160,https://wingtai.solovue.com/images/products/list/desktop/FAQ57798B.JPG,FAQ57798B.JPG,,,WingTai800,FAQ57798B.JPG
Texas Sage Flower Nest,FAQ57840,,,In Stock,,,,,,6,7.49,18,6.59,36,5.99,6,WingTai400,WingTai160,https://wingtai.solovue.com/images/products/list/desktop/FAQ57840.JPG,FAQ57840.JPG,,,WingTai800,FAQ57840.JPG
Pinecone Pick,FXQ57797B,,,In Stock,,,,,,24,0.77,72,0.77,144,0.77,24,WingTai400,WingTai160,https://wingtai.solovue.com/images/products/list/desktop/FXQ57797B.JPG,FXQ57797B.JPG,,,WingTai800,FXQ57797B.JPG
S/2 Sage Placemats,DAI57993-2S,,,In Stock,,,,,,10,5.95,50,5.35,100,4.85,10,WingTai400,WingTai160,https://wingtai.solovue.com/images/products/list/desktop/DAI57993-2S.JPG,DAI57993-2S.JPG,,,WingTai800,DAI57993-2S.JPG
2 Asst Plush Snails on Sticks,DAQ57201-2A,,,In Stock,,,,,,12,1.47,36,1.47,72,1.47,12,WingTai400,WingTai160,https://wingtai.solovue.com/images/products/list/desktop/DAQ57201-2A.JPG,DAQ57201-2A.JPG,,,WingTai800,DAQ57201-2A.JPG
2 Asst Plush Snails,DAQ57202-2A,,,In Stock,,,,,,8,2.97,48,2.97,96,2.97,8,WingTai400,WingTai160,https://wingtai.solovue.com/images/products/list/desktop/DAQ57202-2A.JPG,DAQ57202-2A.JPG,,,WingTai800,DAQ57202-2A.JPG
2 Asst Large Mushroom Picks,FAQ57833-2A,,,In Stock,,,,,,24,3.45,48,2.95,72,2.75,24,WingTai400,WingTai160,https://wingtai.solovue.com/images/products/list/desktop/FAQ57833-2A.JPG,FAQ57833-2A.JPG,,,WingTai800,FAQ57833-2A.JPG
Indigo_Wildflowers Tea Towel,DAI57508,,,In Stock,,,,,,6,5.99,30,5.29,60,4.79,6,WingTai400,WingTai160,https://wingtai.solovue.com/images/products/list/desktop/DAI57508.JPG,DAI57508.JPG,,,WingTai800,DAI57508.JPG
Indigo_ Wildflowers Table Runner,DAI57509,,,In Stock,,,,,,4,15.99,20,14.99,40,13.99,4,WingTai400,WingTai160,https://wingtai.solovue.com/images/products/list/desktop/DAI57509.JPG,DAI57509.JPG,,,WingTai800,DAI57509.JPG
Bluebird Table Runner,DAI57516,,,In Stock,,,,,,4,15.99,20,13.99,40,12.99,4,WingTai400,WingTai160,https://wingtai.solovue.com/images/products/list/desktop/DAI57516.JPG,DAI57516.JPG,,,WingTai800,DAI57516.JPG
Dark Green_Blueberry Large Ring,FAQ57815-6,,,In Stock,,,,,,12,9.49,60,8.39,120,7.59,12,WingTai400,WingTai160,https://wingtai.solovue.com/images/products/list/desktop/FAQ57815-6.JPG,FAQ57815-6.JPG,,,WingTai800,FAQ57815-6.JPG
Light Blue Ribbed Glass Jar,GAS57036,,,In Stock,,,,,,12,3.79,24,3.39,48,2.99,12,WingTai400,WingTai160,https://wingtai.solovue.com/images/products/list/desktop/GAS57036.JPG,GAS57036.JPG,,,WingTai800,GAS57036.JPG
Indigo Flower Magnet,MAF57037,,,In Stock,,,,,,8,4.75,24,4.15,48,3.75,8,WingTai400,WingTai160,https://wingtai.solovue.com/images/products/list/desktop/MAF57037.JPG,MAF57037.JPG,,,WingTai800,MAF57037.JPG
Indigo Metal Plate Stand,MAF57108,,,In Stock,,,,,,12,5.29,36,4.69,72,4.29,12,WingTai400,WingTai160,https://wingtai.solovue.com/images/products/list/desktop/MAF57108.JPG,MAF57108.JPG,,,WingTai800,MAF57108.JPG
Indigo Round Hanging Metal Pot,MAI57523,,,In Stock,,,,,,4,15.95,8,13.95,16,12.95,4,WingTai400,WingTai160,https://wingtai.solovue.com/images/products/list/desktop/MAI57523.JPG,MAI57523.JPG,,,WingTai800,MAI57523.JPG
Silver Bird on Stand,MAI57579,,,In Stock,,,,,,12,3.95,24,3.45,48,3.25,12,WingTai400,WingTai160,https://wingtai.solovue.com/images/products/list/desktop/MAI57579.JPG,MAI57579.JPG,,,WingTai800,MAI57579.JPG
S/2 Porcelain Indigo Birds,PAF57047-2S,,,In Stock,,,,,,4,9.49,8,8.39,16,7.59,4,WingTai400,WingTai160,https://wingtai.solovue.com/images/products/list/desktop/PAF57047-2S.JPG,PAF57047-2S.JPG,,,WingTai800,PAF57047-2S.JPG
3 Asst Blue Resin Butterflies,RAF57045-3A,,,In Stock,,,,,,6,7.49,18,6.59,36,5.99,6,WingTai400,WingTai160,https://wingtai.solovue.com/images/products/list/desktop/RAF57045-3A.JPG,RAF57045-3A.JPG,,,WingTai800,RAF57045-3A.JPG
2 Asst Blue Leaf Mini Blocks,WAF57679-2A,,,In Stock,,,,,,24,2.15,48,1.85,96,1.65,24,WingTai400,WingTai160,https://wingtai.solovue.com/images/products/list/desktop/WAF57679-2A.JPG,WAF57679-2A.JPG,,,WingTai800,WAF57679-2A.JPG
Thick White Candlestick Look LED Candle,LAS57174,,,Out of Stock,,,,,,6,9.95,12,8.95,24,8.35,6,WingTai400,WingTai160,https://wingtai.solovue.com/images/products/list/desktop/LAS57174.JPG,LAS57174.JPG,,,WingTai800,LAS57174.JPG
Sage_Wildflowers Tea Towel,DAI57512,,,In Stock,,,,,,6,6.25,30,5.5,60,4.95,6,WingTai400,WingTai160,https://wingtai.solovue.com/images/products/list/desktop/DAI57512.JPG,DAI57512.JPG,,,WingTai800,DAI57512.JPG
Sage_Wildflowers Table Runner,DAI57513,,,In Stock,,,,,,4,14.99,20,13.49,40,11.99,4,WingTai400,WingTai160,https://wingtai.solovue.com/images/products/list/desktop/DAI57513.JPG,DAI57513.JPG,,,WingTai800,DAI57513.JPG
S/3 Black Round Planters,MAI57520-3S,,,In Stock,,,,,,2,49.99,4,44.99,8,39.99,2,WingTai400,WingTai160,https://wingtai.solovue.com/images/products/list/desktop/MAI57520-3S.JPG,MAI57520-3S.JPG,,,WingTai800,MAI57520-3S.JPG
Wire Cylindrical Stem Vase,MAI57547,,,In Stock,,,,,,3,12.99,6,11.99,12,10.99,3,WingTai400,WingTai160,https://wingtai.solovue.com/images/products/list/desktop/MAI57547.JPG,MAI57547.JPG,,,WingTai800,MAI57547.JPG
S/2 Round Wall Shelves,MAI57963-2S,,,In Stock,,,,,,2,34.99,4,31.99,8,28.99,2,WingTai400,WingTai160,https://wingtai.solovue.com/images/products/list/desktop/MAI57963-2S.JPG,MAI57963-2S.JPG,,,WingTai800,MAI57963-2S.JPG
S/2 Thick Wood Stands,WAI57964-2S,,,In Stock,,,,,,2,34.99,4,31.99,8,28.99,2,WingTai400,WingTai160,https://wingtai.solovue.com/images/products/list/desktop/WAI57964-2S.JPG,WAI57964-2S.JPG,,,WingTai800,WAI57964-2S.JPG
Virginia Pepperweed Pick,FAQ57813B,,,In Stock,,,,,,12,4.45,60,3.95,120,3.65,12,WingTai400,WingTai160,https://wingtai.solovue.com/images/products/list/desktop/FAQ57813B.JPG,FAQ57813B.JPG,,,WingTai800,FAQ57813B.JPG
2 Asst Resin Hen_Rooster,RAF57622-2A,,,In Stock,,,,,,6,4.95,36,4.35,72,3.95,6,WingTai400,WingTai160,https://wingtai.solovue.com/images/products/list/desktop/RAF57622-2A.JPG,RAF57622-2A.JPG,,,WingTai800,RAF57622-2A.JPG
Little Resin Pig,RAF57627,,,In Stock,,,,,,6,4.19,18,3.79,36,3.49,6,WingTai400,WingTai160,https://wingtai.solovue.com/images/products/list/desktop/RAF57627.JPG,RAF57627.JPG,,,WingTai800,RAF57627.JPG
Resin Suffolk Sheep Planter Rim Hanger,RAF57629,,,In Stock,,,,,,12,3.19,36,2.89,72,2.69,12,WingTai400,WingTai160,https://wingtai.solovue.com/images/products/list/desktop/RAF57629.JPG,RAF57629.JPG,,,WingTai800,RAF57629.JPG
Wood Hen on Stand,WAI57574,,,In Stock,,,,,,10,4.95,20,4.45,40,3.95,10,WingTai400,WingTai160,https://wingtai.solovue.com/images/products/list/desktop/WAI57574.JPG,WAI57574.JPG,,,WingTai800,WAI57574.JPG
Clock Shelf,MAF57900,,,In Stock,,,,,,2,49.99,4,44.99,6,39.99,2,WingTai400,WingTai160,https://wingtai.solovue.com/images/products/list/desktop/MAF57900.JPG,MAF57900.JPG,,,WingTai800,MAF57900.JPG
Small Fern Embossed Glass Jar,GAS57170,,,In Stock,,,,,,12,2.79,24,2.49,48,2.29,12,WingTai400,WingTai160,https://wingtai.solovue.com/images/products/list/desktop/GAS57170.JPG,GAS57170.JPG,,,WingTai800,GAS57170.JPG
Small Green Flower Embossed Jar,RAF57087,,,In Stock,,,,,,8,4.19,16,3.69,24,3.29,8,WingTai400,WingTai160,https://wingtai.solovue.com/images/products/list/desktop/RAF57087.JPG,RAF57087.JPG,,,WingTai800,RAF57087.JPG
Green Resin Flower Cup,RAF57097,,,In Stock,,,,,,4,8.49,8,7.59,16,6.99,4,WingTai400,WingTai160,https://wingtai.solovue.com/images/products/list/desktop/RAF57097.JPG,RAF57097.JPG,,,WingTai800,RAF57097.JPG
Green Resin Flower Planter on Stand,RAF57165,,,In Stock,,,,,,6,7.49,12,6.59,24,5.99,6,WingTai400,WingTai160,https://wingtai.solovue.com/images/products/list/desktop/RAF57165.JPG,RAF57165.JPG,,,WingTai800,RAF57165.JPG
Fleece Bunny with Bow Tie,DAF57972,,,In Stock,,,,,,6,9.95,12,8.95,24,7.95,6,WingTai400,WingTai160,https://wingtai.solovue.com/images/products/list/desktop/DAF57972.JPG,DAF57972.JPG,,,WingTai800,DAF57972.JPG
S/12 Plush Sheep_Bunnies in Box,DAF57973-12S,,,In Stock,,,,,,2,39.99,6,34.99,12,31.99,2,WingTai400,WingTai160,https://wingtai.solovue.com/images/products/list/desktop/DAF57973-12S.JPG,DAF57973-12S.JPG,,,WingTai800,DAF57973-12S.JPG
Pink_Green Peppergrass Small Ring,FAQ57841-2,,,In Stock,,,,,,24,2.55,72,2.25,144,1.95,24,WingTai400,WingTai160,https://wingtai.solovue.com/images/products/list/desktop/FAQ57841-2.JPG,FAQ57841-2.JPG,,,WingTai800,FAQ57841-2.JPG
Green Butterfly Hanging Lantern,MAF57746,,,In Stock,,,,,,6,16.99,12,14.99,24,13.99,6,WingTai400,WingTai160,https://wingtai.solovue.com/images/products/list/desktop/MAF57746.JPG,MAF57746.JPG,,,WingTai800,MAF57746.JPG
Pink Daisy Hanging Lantern,MAF57747,,,In Stock,,,,,,6,16.99,12,14.99,24,13.99,6,WingTai400,WingTai160,https://wingtai.solovue.com/images/products/list/desktop/MAF57747.JPG,MAF57747.JPG,,,WingTai800,MAF57747.JPG
S/2 Pink_White Butterfly Buckets,MAF57748-2S,,,In Stock,,,,,,4,13.99,8,12.99,16,11.99,4,WingTai400,WingTai160,https://wingtai.solovue.com/images/products/list/desktop/MAF57748-2S.JPG,MAF57748-2S.JPG,,,WingTai800,MAF57748-2S.JPG
Large Basket Look Resin Egg,RAF57100,,,In Stock,,,,,,12,2.97,24,2.97,36,2.97,12,WingTai400,WingTai160,https://wingtai.solovue.com/images/products/list/desktop/RAF57100.JPG,RAF57100.JPG,,,WingTai800,RAF57100.JPG
Large White Wood Ridged Bunny,WAF57148,,,In Stock,,,,,,4,14.99,12,13.99,24,12.99,4,WingTai400,WingTai160,https://wingtai.solovue.com/images/products/list/desktop/WAF57148.JPG,WAF57148.JPG,,,WingTai800,WAF57148.JPG
White Open Egg Frame,WAF57647,,,In Stock,,,,,,6,10.99,12,9.99,24,9.29,6,WingTai400,WingTai160,https://wingtai.solovue.com/images/products/list/desktop/WAF57647.JPG,WAF57647.JPG,,,WingTai800,WAF57647.JPG
S/2 White Wood Trays with Feet,WAF57690-2S,,,In Stock,,,,,,2,27.99,4,24.99,8,22.99,2,WingTai400,WingTai160,https://wingtai.solovue.com/images/products/list/desktop/WAF57690-2S.JPG,WAF57690-2S.JPG,,,WingTai800,WAF57690-2S.JPG
S/2 Whitewashed Square Bottom Lanterns,WAF57761-2S,,,In Stock,,,,,,2,19.99,4,17.99,8,15.99,2,WingTai400,WingTai160,https://wingtai.solovue.com/images/products/list/desktop/WAF57761-2S.JPG,WAF57761-2S.JPG,,,WingTai800,WAF57761-2S.JPG
Pink Open Egg Frame,WAF57785,,,In Stock,,,,,,6,10.99,12,9.99,24,9.29,6,WingTai400,WingTai160,https://wingtai.solovue.com/images/products/list/desktop/WAF57785.JPG,WAF57785.JPG,,,WingTai800,WAF57785.JPG
S/2 Scalloped Enamel Bunny Trays,WAI57975-2S,,,In Stock,,,,,,6,17.99,12,15.99,24,14.99,6,WingTai400,WingTai160,https://wingtai.solovue.com/images/products/list/desktop/WAI57975-2S.JPG,WAI57975-2S.JPG,,,WingTai800,WAI57975-2S.JPG
Small Pink Scalloped Enamel Dragonfly,WAI57980,,,In Stock,,,,,,4,13.99,12,12.99,24,11.99,4,WingTai400,WingTai160,https://wingtai.solovue.com/images/products/list/desktop/WAI57980.JPG,WAI57980.JPG,,,WingTai800,WAI57980.JPG
Spring Word Block,WAI57988,,,In Stock,,,,,,6,5.29,18,4.69,36,4.29,6,WingTai400,WingTai160,https://wingtai.solovue.com/images/products/list/desktop/WAI57988.JPG,WAI57988.JPG,,,WingTai800,WAI57988.JPG
S/2 Resin Wings,RAF57640-2S,,,In Stock,,,,,,3,45.5,6,45.5,9,45.5,3,WingTai400,WingTai160,https://wingtai.solovue.com/images/products/list/desktop/RAF57640-2S.JPG,RAF57640-2S.JPG,,,WingTai800,RAF57640-2S.JPG
S/2 Backward Looking Wood Bunnies,WAI57987-2S,,,In Stock,,,,,,6,12.95,12,11.95,24,10.95,6,WingTai400,WingTai160,https://wingtai.solovue.com/images/products/list/desktop/WAI57987-2S.JPG,WAI57987-2S.JPG,,,WingTai800,WAI57987-2S.JPG
S/2 Sunny Days Sunflower Placemats,DAI57968-2S,,,In Stock,,,,,,10,6.29,50,5.59,100,4.99,10,WingTai400,WingTai160,https://wingtai.solovue.com/images/products/list/desktop/DAI57968-2S.JPG,DAI57968-2S.JPG,,,WingTai800,DAI57968-2S.JPG
Tall Plush Sunflower in Bobbin,DAQ57199,,,In Stock,,,,,,6,7.29,24,6.49,48,5.99,6,WingTai400,WingTai160,https://wingtai.solovue.com/images/products/list/desktop/DAQ57199.JPG,DAQ57199.JPG,,,WingTai800,DAQ57199.JPG
Short Plush Sunflower in Bobbin,DAQ57200,,,In Stock,,,,,,8,6.49,24,5.69,48,5.19,8,WingTai400,WingTai160,https://wingtai.solovue.com/images/products/list/desktop/DAQ57200.JPG,DAQ57200.JPG,,,WingTai800,DAQ57200.JPG
Metal Sunflower on Stand,MAF57697,,,In Stock,,,,,,6,7.49,12,6.59,24,5.99,6,WingTai400,WingTai160,https://wingtai.solovue.com/images/products/list/desktop/MAF57697.JPG,MAF57697.JPG,,,WingTai800,MAF57697.JPG
S/2 Cutout Sunflower Solar Lanterns,MAF57773-2S,,,In Stock,,,,,,2,32.99,4,29.99,8,27.99,2,WingTai400,WingTai160,https://wingtai.solovue.com/images/products/list/desktop/MAF57773-2S.JPG,MAF57773-2S.JPG,,,WingTai800,MAF57773-2S.JPG
2 Asst Yellow Shine_Seeds Blocks,WAF57704-2A,,,In Stock,,,,,,12,6.29,24,5.59,48,4.99,12,WingTai400,WingTai160,https://wingtai.solovue.com/images/products/list/desktop/WAF57704-2A.JPG,WAF57704-2A.JPG,,,WingTai800,WAF57704-2A.JPG
Square Rectangular Sunflower Sign,WAF57706,,,In Stock,,,,,,6,9.95,12,8.95,24,8.25,6,WingTai400,WingTai160,https://wingtai.solovue.com/images/products/list/desktop/WAF57706.JPG,WAF57706.JPG,,,WingTai800,WAF57706.JPG
Large Sunflower Enamel Wood Vase,WAI57984,,,In Stock,,,,,,6,7.39,12,6.49,24,5.99,6,WingTai400,WingTai160,https://wingtai.solovue.com/images/products/list/desktop/WAI57984.JPG,WAI57984.JPG,,,WingTai800,WAI57984.JPG
Small Sunflower Enamel Wood Vase,WAI57985,,,In Stock,,,,,,6,5.85,12,5.15,24,4.65,6,WingTai400,WingTai160,https://wingtai.solovue.com/images/products/list/desktop/WAI57985.JPG,WAI57985.JPG,,,WingTai800,WAI57985.JPG
Timeless Flower_Fern Table Runner,DAI57517,,,Out of Stock,,,,,,4,15.99,20,13.99,40,12.99,4,WingTai400,WingTai160,https://wingtai.solovue.com/images/products/list/desktop/DAI57517.JPG,DAI57517.JPG,,,WingTai800,DAI57517.JPG
Timeless Flower_Fern Tea Towel,DAI57518,,,In Stock,,,,,,6,6.29,30,5.59,60,4.99,6,WingTai400,WingTai160,https://wingtai.solovue.com/images/products/list/desktop/DAI57518.JPG,DAI57518.JPG,,,WingTai800,DAI57518.JPG
S/2 Timeless Flower_Fern Placemats,DAI57994-2S,,,Out of Stock,,,,,,10,6.29,50,5.59,100,4.99,10,WingTai400,WingTai160,https://wingtai.solovue.com/images/products/list/desktop/DAI57994-2S.JPG,DAI57994-2S.JPG,,,WingTai800,DAI57994-2S.JPG
Flower Bud Pick,FAQ57799B,,,Out of Stock,,,,,,24,1.75,72,1.55,144,1.35,24,WingTai400,WingTai160,https://wingtai.solovue.com/images/products/list/desktop/FAQ57799B.JPG,FAQ57799B.JPG,,,WingTai800,FAQ57799B.JPG
Small Open Wood Stem Vase,GAF57145,,,In Stock,,,,,,4,7.45,24,6.55,48,5.95,4,WingTai400,WingTai160,https://wingtai.solovue.com/images/products/list/desktop/GAF57145.JPG,GAF57145.JPG,,,WingTai800,GAF57145.JPG
Glass Vase on Wood Base,GAI57537,,,In Stock,,,,,,4,16.99,8,14.99,16,13.99,4,WingTai400,WingTai160,https://wingtai.solovue.com/images/products/list/desktop/GAI57537.JPG,GAI57537.JPG,,,WingTai800,GAI57537.JPG
Glass Bottle on Wood Base,GAI57538,,,In Stock,,,,,,4,13.99,8,12.99,16,11.99,4,WingTai400,WingTai160,https://wingtai.solovue.com/images/products/list/desktop/GAI57538.JPG,GAI57538.JPG,,,WingTai800,GAI57538.JPG
Glass Jar on Wood Base,GAI57539,,,In Stock,,,,,,6,7.49,12,6.59,24,5.99,6,WingTai400,WingTai160,https://wingtai.solovue.com/images/products/list/desktop/GAI57539.JPG,GAI57539.JPG,,,WingTai800,GAI57539.JPG
S/2 Timeless Flower_Fern Blocks,WAF57677-2S,,,In Stock,,,,,,6,6.25,12,5.45,24,4.95,6,WingTai400,WingTai160,https://wingtai.solovue.com/images/products/list/desktop/WAF57677-2S.JPG,WAF57677-2S.JPG,,,WingTai800,WAF57677-2S.JPG
Dark Wood Half Egg Candle Holder,WAI57567,,,In Stock,,,,,,12,2.95,48,2.55,96,2.25,12,WingTai400,WingTai160,https://wingtai.solovue.com/images/products/list/desktop/WAI57567.JPG,WAI57567.JPG,,,WingTai800,WAI57567.JPG
S/3 Rectangular Wood Small Tables,WAI57599-3S,,,In Stock,,,,,,1,129.99,2,114.99,4,99.99,1,WingTai400,WingTai160,https://wingtai.solovue.com/images/products/list/desktop/WAI57599-3S.JPG,WAI57599-3S.JPG,,,WingTai800,WAI57599-3S.JPG
Multi Circle Wall Hanger,WAI57952,,,In Stock,,,,,,1,79.99,2,69.99,4,64.99,1,WingTai400,WingTai160,https://wingtai.solovue.com/images/products/list/desktop/WAI57952.JPG,WAI57952.JPG,,,WingTai800,WAI57952.JPG
2 Asst Long Ear Plush Bunnies,DAF57974-2A,,,In Stock,,,,,,12,4.25,36,3.75,72,3.45,12,WingTai400,WingTai160,https://wingtai.solovue.com/images/products/list/desktop/DAF57974-2A.JPG,DAF57974-2A.JPG,,,WingTai800,DAF57974-2A.JPG
Neutral_Wildflowers Tea Towel,DAI57514,,,In Stock,,,,,,6,6.39,30,5.69,60,5.19,6,WingTai400,WingTai160,https://wingtai.solovue.com/images/products/list/desktop/DAI57514.JPG,DAI57514.JPG,,,WingTai800,DAI57514.JPG
Neutral_Wiildflowers Table Runner,DAI57515,,,In Stock,,,,,,4,9.97,20,9.97,40,9.97,4,WingTai400,WingTai160,https://wingtai.solovue.com/images/products/list/desktop/DAI57515.JPG,DAI57515.JPG,,,WingTai800,DAI57515.JPG
Round Wood Look LED Jar Candle,LAF57010,,,In Stock,,,,,,8,8.35,16,7.45,32,6.95,8,WingTai400,WingTai160,https://wingtai.solovue.com/images/products/list/desktop/LAF57010.JPG,LAF57010.JPG,,,WingTai800,LAF57010.JPG
Tall Cream Folding Lantern,MAF57636,,,In Stock,,,,,,3,22.99,6,20.99,12,19.99,3,WingTai400,WingTai160,https://wingtai.solovue.com/images/products/list/desktop/MAF57636.JPG,MAF57636.JPG,,,WingTai800,MAF57636.JPG
Short Cream Folding Lantern,MAF57637,,,In Stock,,,,,,3,19.99,6,17.99,12,15.99,3,WingTai400,WingTai160,https://wingtai.solovue.com/images/products/list/desktop/MAF57637.JPG,MAF57637.JPG,,,WingTai800,MAF57637.JPG
S/3 Round Ridged Buckets with Wood Tops,MAF57903-3S,,,In Stock,,,,,,2,89.99,4,79.99,8,72.99,2,WingTai400,WingTai160,https://wingtai.solovue.com/images/products/list/desktop/MAF57903-3S.JPG,MAF57903-3S.JPG,,,WingTai800,MAF57903-3S.JPG
Cutout Silver Metal Bunny on Stand,MAI57578,,,In Stock,,,,,,4,11.99,8,10.99,16,9.99,4,WingTai400,WingTai160,https://wingtai.solovue.com/images/products/list/desktop/MAI57578.JPG,MAI57578.JPG,,,WingTai800,MAI57578.JPG
Round White Porcelain Jar with Lid,PAF57006,,,In Stock,,,,,,4,5.99,12,5.29,24,4.99,4,WingTai400,WingTai160,https://wingtai.solovue.com/images/products/list/desktop/PAF57006.JPG,PAF57006.JPG,,,WingTai800,PAF57006.JPG
Natural_White Tall 2 Layer Lighted Vase,PAF57151,,,In Stock,,,,,,4,15.95,8,13.95,16,12.95,4,WingTai400,WingTai160,https://wingtai.solovue.com/images/products/list/desktop/PAF57151.JPG,PAF57151.JPG,,,WingTai800,PAF57151.JPG
Natural_White Large 3 Layer Lighted Vase,PAF57153,,,In Stock,,,,,,6,14.95,12,13.95,24,12.95,6,WingTai400,WingTai160,https://wingtai.solovue.com/images/products/list/desktop/PAF57153.JPG,PAF57153.JPG,,,WingTai800,PAF57153.JPG
Natural_White Small 3 Layer Lighted Vase,PAF57154,,,In Stock,,,,,,6,9.99,12,8.99,24,8.29,6,WingTai400,WingTai160,https://wingtai.solovue.com/images/products/list/desktop/PAF57154.JPG,PAF57154.JPG,,,WingTai800,PAF57154.JPG
Natural_White Round 3 Layer Lighted Vase,PAF57155,,,In Stock,,,,,,6,8.49,12,7.49,24,6.79,6,WingTai400,WingTai160,https://wingtai.solovue.com/images/products/list/desktop/PAF57155.JPG,PAF57155.JPG,,,WingTai800,PAF57155.JPG
Lighted Bird on Block,PAF57156,,,In Stock,,,,,,4,6.45,16,5.65,32,4.95,4,WingTai400,WingTai160,https://wingtai.solovue.com/images/products/list/desktop/PAF57156.JPG,PAF57156.JPG,,,WingTai800,PAF57156.JPG
S/2 Flower Engraved Birds,WAI57957-2S,,,In Stock,,,,,,4,13.99,8,12.99,16,11.99,4,WingTai400,WingTai160,https://wingtai.solovue.com/images/products/list/desktop/WAI57957-2S.JPG,WAI57957-2S.JPG,,,WingTai800,WAI57957-2S.JPG
Wildflowers Tea Towel,DAI57510,,,In Stock,,,,,,6,6.39,30,5.69,60,5.19,6,WingTai400,WingTai160,https://wingtai.solovue.com/images/products/list/desktop/DAI57510.JPG,DAI57510.JPG,,,WingTai800,DAI57510.JPG
Wildflowers Table Runner,DAI57511,,,In Stock,,,,,,4,15.99,20,14.99,40,13.99,4,WingTai400,WingTai160,https://wingtai.solovue.com/images/products/list/desktop/DAI57511.JPG,DAI57511.JPG,,,WingTai800,DAI57511.JPG
Orange_Yellow Flower Bundle,FAQ57824B,,,In Stock,,,,,,12,4.47,48,4.47,96,4.47,12,WingTai400,WingTai160,https://wingtai.solovue.com/images/products/list/desktop/FAQ57824B.JPG,FAQ57824B.JPG,,,WingTai800,FAQ57824B.JPG
Multi Color Poppy Candle Ring,FAQ57825-4,,,In Stock,,,,,,6,7.35,30,6.45,60,5.95,6,WingTai400,WingTai160,https://wingtai.solovue.com/images/products/list/desktop/FAQ57825-4.JPG,FAQ57825-4.JPG,,,WingTai800,FAQ57825-4.JPG
Multi Color Poppy Pick,FAQ57825B,,,In Stock,,,,,,12,4.55,60,3.95,120,3.65,12,WingTai400,WingTai160,https://wingtai.solovue.com/images/products/list/desktop/FAQ57825B.JPG,FAQ57825B.JPG,,,WingTai800,FAQ57825B.JPG
Multi Color Poppy Dripping Garland,FAQ57825DG,,,In Stock,,,,,,6,14.99,18,13.99,36,12.99,6,WingTai400,WingTai160,https://wingtai.solovue.com/images/products/list/desktop/FAQ57825DG.JPG,FAQ57825DG.JPG,,,WingTai800,FAQ57825DG.JPG
White Metal Small Goblet,MAF57052,,,In Stock,,,,,,6,5.49,18,4.79,36,4.29,6,WingTai400,WingTai160,https://wingtai.solovue.com/images/products/list/desktop/MAF57052.JPG,MAF57052.JPG,,,WingTai800,MAF57052.JPG
White Metal Hanging Planter,MAF57112,,,In Stock,,,,,,6,6.99,12,6.19,24,5.79,6,WingTai400,WingTai160,https://wingtai.solovue.com/images/products/list/desktop/MAF57112.JPG,MAF57112.JPG,,,WingTai800,MAF57112.JPG
"3 Asst Orange, Yellow_Green Dragonfly Milk Jugs",MAF57119-3A,,,In Stock,,,,,,6,9.45,12,8.45,24,7.65,6,WingTai400,WingTai160,https://wingtai.solovue.com/images/products/list/desktop/MAF57119-3A.JPG,MAF57119-3A.JPG,,,WingTai800,MAF57119-3A.JPG
"3 Asst Green, Yellow,_Orange Flower Ornaments",MAF57132-3A,,,In Stock,,,,,,12,7.95,24,6.95,48,6.45,12,WingTai400,WingTai160,https://wingtai.solovue.com/images/products/list/desktop/MAF57132-3A.JPG,MAF57132-3A.JPG,,,WingTai800,MAF57132-3A.JPG
S/2 Wildflowers Buckets,MAF57644-2S,,,In Stock,,,,,,6,6.25,12,5.45,18,4.95,6,WingTai400,WingTai160,https://wingtai.solovue.com/images/products/list/desktop/MAF57644-2S.JPG,MAF57644-2S.JPG,,,WingTai800,MAF57644-2S.JPG
S/2 Large White Open Lanterns,MAF57737-2S,,,In Stock,,,,,,4,13.99,8,12.99,16,11.99,4,WingTai400,WingTai160,https://wingtai.solovue.com/images/products/list/desktop/MAF57737-2S.JPG,MAF57737-2S.JPG,,,WingTai800,MAF57737-2S.JPG
S/2 Tall Sage Green Lanterns,MAF57750-2S,,,In Stock,,,,,,1,65.5,4,65.5,8,65.5,1,WingTai400,WingTai160,https://wingtai.solovue.com/images/products/list/desktop/MAF57750-2S.JPG,MAF57750-2S.JPG,,,WingTai800,MAF57750-2S.JPG
S/2 Green Metal Planters with Feet,MAI57522-2S,,,In Stock,,,,,,2,26.99,4,23.99,8,21.99,2,WingTai400,WingTai160,https://wingtai.solovue.com/images/products/list/desktop/MAI57522-2S.JPG,MAI57522-2S.JPG,,,WingTai800,MAI57522-2S.JPG
Green Round Hanging Metal Pot,MAI57524,,,In Stock,,,,,,4,15.95,8,13.95,16,12.95,4,WingTai400,WingTai160,https://wingtai.solovue.com/images/products/list/desktop/MAI57524.JPG,MAI57524.JPG,,,WingTai800,MAI57524.JPG
S/2 Wildflower Metal Plates,MAI57543-2S,,,In Stock,,,,,,8,5.29,32,4.69,64,4.29,8,WingTai400,WingTai160,https://wingtai.solovue.com/images/products/list/desktop/MAI57543-2S.JPG,MAI57543-2S.JPG,,,WingTai800,MAI57543-2S.JPG
White Resin Sunflower Candle Holder,RAF57105,,,In Stock,,,,,,12,4.19,24,3.69,48,3.29,12,WingTai400,WingTai160,https://wingtai.solovue.com/images/products/list/desktop/RAF57105.JPG,RAF57105.JPG,,,WingTai800,RAF57105.JPG
White Framed Wildflower Sign,WAF57074,,,In Stock,,,,,,6,11.99,12,10.99,24,9.99,6,WingTai400,WingTai160,https://wingtai.solovue.com/images/products/list/desktop/WAF57074.JPG,WAF57074.JPG,,,WingTai800,WAF57074.JPG
S/3 Wildflower Blocks,WAF57671-3S,,,In Stock,,,,,,4,8.39,8,7.49,16,6.99,4,WingTai400,WingTai160,https://wingtai.solovue.com/images/products/list/desktop/WAF57671-3S.JPG,WAF57671-3S.JPG,,,WingTai800,WAF57671-3S.JPG
Plush Heart Garland,DAQ57187,,,In Stock,,,,,,12,6.95,36,6.15,60,5.65,12,WingTai400,WingTai160,https://wingtai.solovue.com/images/products/list/desktop/DAQ57187.JPG,DAQ57187.JPG,,,WingTai800,DAQ57187.JPG
2 Asst Gray_Red Striped Plush Heart Ornaments,DAQ57190-2A,,,In Stock,,,,,,12,2.95,48,2.65,96,2.35,12,WingTai400,WingTai160,https://wingtai.solovue.com/images/products/list/desktop/DAQ57190-2A.JPG,DAQ57190-2A.JPG,,,WingTai800,DAQ57190-2A.JPG
S/4 Plush Strawberries,DAQ57194-4S,,,In Stock,,,,,,12,4.99,36,4.39,72,3.99,12,WingTai400,WingTai160,https://wingtai.solovue.com/images/products/list/desktop/DAQ57194-4S.JPG,DAQ57194-4S.JPG,,,WingTai800,DAQ57194-4S.JPG
2 Asst Red & White Tulip Picks,FAQ57849-2A,,,In Stock,,,,,,12,7.99,36,6.99,72,6.59,12,WingTai400,WingTai160,https://wingtai.solovue.com/images/products/list/desktop/FAQ57849-2A.JPG,FAQ57849-2A.JPG,,,WingTai800,FAQ57849-2A.JPG
Hearts Votive LED Candle,LAS57113,,,In Stock,,,,,,12,5.49,36,4.79,72,4.29,12,WingTai400,WingTai160,https://wingtai.solovue.com/images/products/list/desktop/LAS57113.JPG,LAS57113.JPG,,,WingTai800,LAS57113.JPG
2 Asst Pink Flower Buckets,MAF57121-2A,,,In Stock,,,,,,12,3.75,36,3.45,72,3.15,12,WingTai400,WingTai160,https://wingtai.solovue.com/images/products/list/desktop/MAF57121-2A.JPG,MAF57121-2A.JPG,,,WingTai800,MAF57121-2A.JPG
S/2 Large XoXo Buckets,MAF57645-2S,,,In Stock,,,,,,6,6.25,12,5.45,18,4.95,6,WingTai400,WingTai160,https://wingtai.solovue.com/images/products/list/desktop/MAF57645-2S.JPG,MAF57645-2S.JPG,,,WingTai800,MAF57645-2S.JPG
S/2 XoXo Small Buckets,MAF57788-2S,,,In Stock,,,,,,6,2.97,12,2.97,24,2.97,6,WingTai400,WingTai160,https://wingtai.solovue.com/images/products/list/desktop/MAF57788-2S.JPG,MAF57788-2S.JPG,,,WingTai800,MAF57788-2S.JPG
S/2 Metal Hearts on Stands,MAI57586-2S,,,In Stock,,,,,,6,6.25,12,5.45,24,4.95,6,WingTai400,WingTai160,https://wingtai.solovue.com/images/products/list/desktop/MAI57586-2S.JPG,MAI57586-2S.JPG,,,WingTai800,MAI57586-2S.JPG
Metal Love on Wood Stand,MAI57596,,,In Stock,,,,,,16,3.19,32,2.79,64,2.49,16,WingTai400,WingTai160,https://wingtai.solovue.com/images/products/list/desktop/MAI57596.JPG,MAI57596.JPG,,,WingTai800,MAI57596.JPG
Hugs_Kisses Block,WAF57666,,,In Stock,,,,,,12,4.19,36,3.79,72,3.49,12,WingTai400,WingTai160,https://wingtai.solovue.com/images/products/list/desktop/WAF57666.JPG,WAF57666.JPG,,,WingTai800,WAF57666.JPG
S/3 Heart Blocks,WAF57669-3S,,,In Stock,,,,,,4,8.39,8,7.49,16,6.99,4,WingTai400,WingTai160,https://wingtai.solovue.com/images/products/list/desktop/WAF57669-3S.JPG,WAF57669-3S.JPG,,,WingTai800,WAF57669-3S.JPG
S/2 Red_White Heart House Blocks,WAF57701-2S,,,In Stock,,,,,,6,7.35,12,6.45,24,5.95,6,WingTai400,WingTai160,https://wingtai.solovue.com/images/products/list/desktop/WAF57701-2S.JPG,WAF57701-2S.JPG,,,WingTai800,WAF57701-2S.JPG
S/2 Heart Trays,WAF57734-2S,,,In Stock,,,,,,6,11.99,12,10.99,24,9.99,6,WingTai400,WingTai160,https://wingtai.solovue.com/images/products/list/desktop/WAF57734-2S.JPG,WAF57734-2S.JPG,,,WingTai800,WAF57734-2S.JPG
S/2 Wood XoXo Heart Trays,WAI57533-2S,,,In Stock,,,,,,2,24.99,4,22.49,8,19.99,2,WingTai400,WingTai160,https://wingtai.solovue.com/images/products/list/desktop/WAI57533-2S.JPG,WAI57533-2S.JPG,,,WingTai800,WAI57533-2S.JPG
"S/24 Small Wood Hearts in Pink, White, Red,_Silver",WAI57584-24S,,,In Stock,,,,,,2,17.99,4,15.99,8,14.99,2,WingTai400,WingTai160,https://wingtai.solovue.com/images/products/list/desktop/WAI57584-24S.JPG,WAI57584-24S.JPG,,,WingTai800,WAI57584-24S.JPG
S/2 White Enamel Edge Wood Hearts,WAI57587-2S,,,In Stock,,,,,,7,10.99,14,9.99,21,9.29,7,WingTai400,WingTai160,https://wingtai.solovue.com/images/products/list/desktop/WAI57587-2S.JPG,WAI57587-2S.JPG,,,WingTai800,WAI57587-2S.JPG
S/2 Natural_White Enamel Heart Puzzle Blocks,WAI57593-2S,,,In Stock,,,,,,6,9.99,12,8.99,24,8.29,6,WingTai400,WingTai160,https://wingtai.solovue.com/images/products/list/desktop/WAI57593-2S.JPG,WAI57593-2S.JPG,,,WingTai800,WAI57593-2S.JPG
"S/20 Pink, White, Red,_Silver Little Wood Hearts in Jar",WAI57597-20S,,,In Stock,,,,,,2,20.99,4,19.99,8,17.99,2,WingTai400,WingTai160,https://wingtai.solovue.com/images/products/list/desktop/WAI57597-20S.JPG,WAI57597-20S.JPG,,,WingTai800,WAI57597-20S.JPG
Tall LED Taper No Wax,LAS57177-NW,,,In Stock,,,,,,12,2.85,120,2.55,240,2.35,12,WingTai400,WingTai160,https://wingtai.solovue.com/images/products/list/desktop/LAS57177-NW.JPG,LAS57177-NW.JPG,,,WingTai800,LAS57177-NW.JPG
Short LED Taper No Wax,LAS57178-NW,,,In Stock,,,,,,12,2.65,120,2.35,240,2.15,12,WingTai400,WingTai160,https://wingtai.solovue.com/images/products/list/desktop/LAS57178-NW.JPG,LAS57178-NW.JPG,,,WingTai800,LAS57178-NW.JPG
S/2 Wildflowers Placemats,DAI57501-2S,,,In Stock,,,,,,10,6.49,50,5.69,100,5.19,10,WingTai400,WingTai160,https://wingtai.solovue.com/images/products/list/desktop/DAI57501-2S.JPG,DAI57501-2S.JPG,,,WingTai800,DAI57501-2S.JPG
S/2 Indigo Bluebird Placemats,DAI57502-2S,,,In Stock,,,,,,10,6.49,50,5.69,50,5.69,10,WingTai400,WingTai160,https://wingtai.solovue.com/images/products/list/desktop/DAI57502-2S.JPG,DAI57502-2S.JPG,,,WingTai800,DAI57502-2S.JPG
S/2 Warm Neutrals Placemats,DAI57503-2S,,,In Stock,,,,,,10,6.49,50,5.69,100,5.19,10,WingTai400,WingTai160,https://wingtai.solovue.com/images/products/list/desktop/DAI57503-2S.JPG,DAI57503-2S.JPG,,,WingTai800,DAI57503-2S.JPG
3 inch Arch Hook,13E,,,In Stock,,,,,,12,2.99,48,2.79,96,2.59,12,WingTai400,WingTai160,https://wingtai.solovue.com/images/products/list/desktop/13E.JPG,13E.JPG,,,WingTai800,13E.JPG
Standing Chalk Daisy Egg,TWA64650C,,,In Stock,,,,,,6,0.97,36,0.87,72,0.87,6,WingTai400,WingTai160,https://wingtai.solovue.com/images/products/list/desktop/TWA64650C.JPG,TWA64650C.JPG,,,WingTai800,TWA64650C.JPG
Lamp Cord with Cup Hooks (2 prong),TLA64620,,,In Stock,,,,,,4,2.97,24,2.97,48,2.97,4,WingTai400,WingTai160,https://wingtai.solovue.com/images/products/list/desktop/TLA64620.JPG,TLA64620.JPG,,,WingTai800,TLA64620.JPG
Green Leaf Succulent Mini Ring,FAQ07744CSS,,,Out of Stock,,,,,,12,2.45,60,2.15,120,1.95,12,WingTai400,WingTai160,https://wingtai.solovue.com/images/products/list/desktop/FAQ07744CSS.JPG,FAQ07744CSS.JPG,,,WingTai800,FAQ07744CSS.JPG
Small Christmas Tree - TS,FXF39684T-24,,,In Stock,,,,,,4,14.5,8,14.5,12,14.5,4,WingTai400,WingTai160,https://wingtai.solovue.com/images/products/list/desktop/FXF39684T-24.JPG,FXF39684T-24.JPG,,,WingTai800,FXF39684T-24.JPG
Medium Christmas Tree - TS,FXF39684T-48,,,In Stock,,,,,,2,39.5,4,39.5,6,39.5,2,WingTai400,WingTai160,https://wingtai.solovue.com/images/products/list/desktop/FXF39684T-48.JPG,FXF39684T-48.JPG,,,WingTai800,FXF39684T-48.JPG
Large Christmas Tree - TS,FXF39684T-72,,,In Stock,,,,,,2,64.5,4,64.5,6,64.5,2,WingTai400,WingTai160,https://wingtai.solovue.com/images/products/list/desktop/FXF39684T-72.JPG,FXF39684T-72.JPG,,,WingTai800,FXF39684T-72.JPG
"3 Asst Lavender, Pink_Purple Queen of the Prairie Candle Rings",FAQ41768CL-3A,,,In Stock,,,,,,27,3.97,54,3.97,108,3.97,27,WingTai400,WingTai160,https://wingtai.solovue.com/images/products/list/desktop/FAQ41768CL-3A.JPG,FAQ41768CL-3A.JPG,,,WingTai800,FAQ41768CL-3A.JPG
Short White Metal Candle Holder on Stand,MXF43649,,,In Stock,,,,,,4,10.95,8,9.95,16,9.25,4,WingTai400,WingTai160,https://wingtai.solovue.com/images/products/list/desktop/MXF43649.JPG,MXF43649.JPG,,,WingTai800,MXF43649.JPG
Set of 2 Black and White Snowflake Mango Wood Trays,WXI43532-2S,,,In Stock,,,,,,3,21.99,6,19.39,12,17.99,3,WingTai400,WingTai160,https://wingtai.solovue.com/images/products/list/desktop/WXI43532-2S.JPG,WXI43532-2S.JPG,,,WingTai800,WXI43532-2S.JPG
S/3 Wine Shelf_2 Square Planters,MAF57600-3S,,,In Stock,,,,,,1,149.99,2,139.99,4,129.99,1,WingTai400,WingTai160,https://wingtai.solovue.com/images/products/list/desktop/MAF57600-3S.JPG,MAF57600-3S.JPG,,,WingTai800,MAF57600-3S.JPG
Tree of Life Round Metal Hanger,MAF57753,,,In Stock,,,,,,12,5.99,24,5.29,48,4.99,12,WingTai400,WingTai160,https://wingtai.solovue.com/images/products/list/desktop/MAF57753.JPG,MAF57753.JPG,,,WingTai800,MAF57753.JPG
Black Riser on Metal Legs,WAF57657,,,In Stock,,,,,,6,6.99,12,6.19,24,5.99,6,WingTai400,WingTai160,https://wingtai.solovue.com/images/products/list/desktop/WAF57657.JPG,WAF57657.JPG,,,WingTai800,WAF57657.JPG
Plush Chick,DAQ57206,,,In Stock,,,,,,12,4.25,24,3.75,48,3.35,12,WingTai400,WingTai160,https://wingtai.solovue.com/images/products/list/desktop/DAQ57206.JPG,DAQ57206.JPG,,,WingTai800,DAQ57206.JPG
S/12 Mini Chicks,RAF57236-12S,,,In Stock,,,,,,4,13.95,8,12.95,16,11.95,4,WingTai400,WingTai160,https://wingtai.solovue.com/images/products/list/desktop/RAF57236-12S.JPG,RAF57236-12S.JPG,,,WingTai800,RAF57236-12S.JPG
S/2 White Metal Daisies on Stands,MAI57562-2S,,,In Stock,,,,,,4,11.99,12,10.99,24,9.99,4,WingTai400,WingTai160,https://wingtai.solovue.com/images/products/list/desktop/MAI57562-2S.JPG,MAI57562-2S.JPG,,,WingTai800,MAI57562-2S.JPG
Pink_Green Flower Pick,FAQ57808B,,,In Stock,,,,,,12,2.95,72,2.65,144,2.45,12,WingTai400,WingTai160,https://wingtai.solovue.com/images/products/list/desktop/FAQ57808B.JPG,FAQ57808B.JPG,,,WingTai800,FAQ57808B.JPG
2 Asst Small Mushroom Picks,FAQ57834-2A,,,In Stock,,,,,,24,2.25,48,1.95,72,1.85,24,WingTai400,WingTai160,https://wingtai.solovue.com/images/products/list/desktop/FAQ57834-2A.JPG,FAQ57834-2A.JPG,,,WingTai800,FAQ57834-2A.JPG
2 Asst Blue_White Resin Birds,RAF57042-2A,,,In Stock,,,,,,12,3.75,36,3.35,72,3.15,12,WingTai400,WingTai160,https://wingtai.solovue.com/images/products/list/desktop/RAF57042-2A.JPG,RAF57042-2A.JPG,,,WingTai800,RAF57042-2A.JPG
Set of 2 A-Frame Lanterns,WAF57604-2S,,,In Stock,,,,,,3,29.95,6,26.95,12,24.95,3,WingTai400,WingTai160,https://wingtai.solovue.com/images/products/list/desktop/WAF57604-2S.JPG,WAF57604-2S.JPG,,,WingTai800,WAF57604-2S.JPG
White 3 Flame Pillar LED Candle,LAS57182,,,In Stock,,,,,,6,19.99,12,17.99,24,15.99,6,WingTai400,WingTai160,https://wingtai.solovue.com/images/products/list/desktop/LAS57182.JPG,LAS57182.JPG,,,WingTai800,LAS57182.JPG
2 Asst Happy_Moments Green Block Signs,WAF57776-2A,,,In Stock,,,,,,12,5.95,24,5.25,48,4.75,12,WingTai400,WingTai160,https://wingtai.solovue.com/images/products/list/desktop/WAF57776-2A.JPG,WAF57776-2A.JPG,,,WingTai800,WAF57776-2A.JPG
2 Asst Happy Sheep,DAF57013-2A,,,In Stock,,,,,,12,3.97,24,3.97,48,3.97,12,WingTai400,WingTai160,https://wingtai.solovue.com/images/products/list/desktop/DAF57013-2A.JPG,DAF57013-2A.JPG,,,WingTai800,DAF57013-2A.JPG
Sage Eucalyptus_White Flower Dripping Garland,FAQ57823DG,,,In Stock,,,,,,6,13.99,18,12.99,36,11.99,6,WingTai400,WingTai160,https://wingtai.solovue.com/images/products/list/desktop/FAQ57823DG.JPG,FAQ57823DG.JPG,,,WingTai800,FAQ57823DG.JPG
Sage Small Bumpy Glass Jar,GAS57230,,,In Stock,,,,,,6,5.49,12,4.79,24,4.39,6,WingTai400,WingTai160,https://wingtai.solovue.com/images/products/list/desktop/GAS57230.JPG,GAS57230.JPG,,,WingTai800,GAS57230.JPG
S/2 Sage Stem Buckets,MAF57708-2S,,,In Stock,,,,,,3,19.95,6,17.95,12,16.95,3,WingTai400,WingTai160,https://wingtai.solovue.com/images/products/list/desktop/MAF57708-2S.JPG,MAF57708-2S.JPG,,,WingTai800,MAF57708-2S.JPG
S/2 Square Dragonfly_Butterfly Boxes,MAF57717-2S,,,In Stock,,,,,,2,17.99,4,15.99,8,14.99,2,WingTai400,WingTai160,https://wingtai.solovue.com/images/products/list/desktop/MAF57717-2S.JPG,MAF57717-2S.JPG,,,WingTai800,MAF57717-2S.JPG
3 Asst Large Amaranth Picks,FAQ57822B-3A,,,In Stock,,,,,,24,5.25,60,4.65,120,4.25,24,WingTai400,WingTai160,https://wingtai.solovue.com/images/products/list/desktop/FAQ57822B-3A.JPG,FAQ57822B-3A.JPG,,,WingTai800,FAQ57822B-3A.JPG
S/2 Natural_White Wood Daisies on Stands,WAI57564-2S,,,In Stock,,,,,,4,10.99,12,9.99,24,9.29,4,WingTai400,WingTai160,https://wingtai.solovue.com/images/products/list/desktop/WAI57564-2S.JPG,WAI57564-2S.JPG,,,WingTai800,WAI57564-2S.JPG
Wildflower Glass Jar,GAS57063,,,In Stock,,,,,,6,7.49,12,6.59,24,5.99,6,WingTai400,WingTai160,https://wingtai.solovue.com/images/products/list/desktop/GAS57063.JPG,GAS57063.JPG,,,WingTai800,GAS57063.JPG
Leather Folding Stool,25CXI500,,,In Stock,,,,,,2,79.99,4,69.99,8,62.99,2,WingTai400,WingTai160,https://wingtai.solovue.com/images/products/list/desktop/25CXI500.JPG,25CXI500.JPG,,,WingTai800,25CXI500.JPG
Kingman Stool,25CXI519,,,In Stock,,,,,,1,129.99,2,114.99,4,99.99,1,WingTai400,WingTai160,https://wingtai.solovue.com/images/products/list/desktop/25CXI519.JPG,25CXI519.JPG,,,WingTai800,25CXI519.JPG
Soho Pouf,25CXI522,,,In Stock,,,,,,1,99.99,2,89.99,4,79.99,1,WingTai400,WingTai160,https://wingtai.solovue.com/images/products/list/desktop/25CXI522.JPG,25CXI522.JPG,,,WingTai800,25CXI522.JPG
Bleeker Chair,25CXI523,,,In Stock,,,,,,1,199.99,2,179.99,4,164.99,1,WingTai400,WingTai160,https://wingtai.solovue.com/images/products/list/desktop/25CXI523.JPG,25CXI523.JPG,,,WingTai800,25CXI523.JPG
Pilot's Chair,25CXI545,,,In Stock,,,,,,1,469.99,2,419.99,4,379.99,1,WingTai400,WingTai160,https://wingtai.solovue.com/images/products/list/desktop/25CXI545.JPG,25CXI545.JPG,,,WingTai800,25CXI545.JPG
Wichita Stool,25CXI549,,,In Stock,,,,,,1,119.99,2,99.99,4,89.99,1,WingTai400,WingTai160,https://wingtai.solovue.com/images/products/list/desktop/25CXI549.JPG,25CXI549.JPG,,,WingTai800,25CXI549.JPG
Tucson Short Runner,25DXI512-32,,,In Stock,,,,,,4,14.99,20,12.99,40,11.99,4,WingTai400,WingTai160,https://wingtai.solovue.com/images/products/list/desktop/25DXI512-32.JPG,25DXI512-32.JPG,,,WingTai800,25DXI512-32.JPG
Tucson Long Runner,25DXI512-56,,,In Stock,,,,,,3,24.99,15,21.99,30,19.99,3,WingTai400,WingTai160,https://wingtai.solovue.com/images/products/list/desktop/25DXI512-56.JPG,25DXI512-56.JPG,,,WingTai800,25DXI512-56.JPG
Tucson Mug Mat,25DXI512-6,,,In Stock,,,,,,8,1.95,56,1.75,112,1.65,8,WingTai400,WingTai160,https://wingtai.solovue.com/images/products/list/desktop/25DXI512-6.JPG,25DXI512-6.JPG,,,WingTai800,25DXI512-6.JPG
Taos Short Runner,25DXI514-32,,,In Stock,,,,,,4,14.99,20,12.99,40,11.99,4,WingTai400,WingTai160,https://wingtai.solovue.com/images/products/list/desktop/25DXI514-32.JPG,25DXI514-32.JPG,,,WingTai800,25DXI514-32.JPG
Taos Long Runner,25DXI514-56,,,In Stock,,,,,,3,24.99,15,21.99,30,19.99,3,WingTai400,WingTai160,https://wingtai.solovue.com/images/products/list/desktop/25DXI514-56.JPG,25DXI514-56.JPG,,,WingTai800,25DXI514-56.JPG
Taos Mug Mat,25DXI514-6,,,In Stock,,,,,,8,1.95,56,1.75,112,1.65,8,WingTai400,WingTai160,https://wingtai.solovue.com/images/products/list/desktop/25DXI514-6.JPG,25DXI514-6.JPG,,,WingTai800,25DXI514-6.JPG
30 in Lighted Spruce Tree,25FXQ695T-30,,,In Stock,,,,,,2,19.9,4,19.9,8,19.9,2,WingTai400,WingTai160,https://wingtai.solovue.com/images/products/list/desktop/25FXQ695T-30.JPG,25FXQ695T-30.JPG,,,WingTai800,25FXQ695T-30.JPG
48 in Lighted Spruce Tree,25FXQ695T-48,,,In Stock,,,,,,2,49.9,4,49.9,6,49.9,2,WingTai400,WingTai160,https://wingtai.solovue.com/images/products/list/desktop/25FXQ695T-48.JPG,25FXQ695T-48.JPG,,,WingTai800,25FXQ695T-48.JPG
72 in Lighted Spruce tree,25FXQ695T-72,,,In Stock,,,,,,1,79.9,2,79.9,4,79.9,1,WingTai400,WingTai160,https://wingtai.solovue.com/images/products/list/desktop/25FXQ695T-72.JPG,25FXQ695T-72.JPG,,,WingTai800,25FXQ695T-72.JPG
Lg Flocked Cedar Tree,25FXQ699-LG,,,In Stock,,,,,,2,29.99,4,26.99,8,24.99,2,WingTai400,WingTai160,https://wingtai.solovue.com/images/products/list/desktop/25FXQ699-LG.JPG,25FXQ699-LG.JPG,,,WingTai800,25FXQ699-LG.JPG
Sm Flocked Cedar Tree,25FXQ699-SM,,,In Stock,,,,,,3,13.99,6,12.99,12,11.99,3,WingTai400,WingTai160,https://wingtai.solovue.com/images/products/list/desktop/25FXQ699-SM.JPG,25FXQ699-SM.JPG,,,WingTai800,25FXQ699-SM.JPG
36 in Simple Pine Tree,25FXQ700T-36,,,In Stock,,,,,,2,19.9,4,19.9,8,19.9,2,WingTai400,WingTai160,https://wingtai.solovue.com/images/products/list/desktop/25FXQ700T-36.JPG,25FXQ700T-36.JPG,,,WingTai800,25FXQ700T-36.JPG
48 in Lighted Pine Tree,25FXQ700T-48,,,In Stock,,,,,,2,49.9,4,49.9,8,49.9,2,WingTai400,WingTai160,https://wingtai.solovue.com/images/products/list/desktop/25FXQ700T-48.JPG,25FXQ700T-48.JPG,,,WingTai800,25FXQ700T-48.JPG
72 in Lighted Pine Tree,25FXQ700T-72,,,In Stock,,,,,,1,84.9,2,84.9,4,84.9,1,WingTai400,WingTai160,https://wingtai.solovue.com/images/products/list/desktop/25FXQ700T-72.JPG,25FXQ700T-72.JPG,,,WingTai800,25FXQ700T-72.JPG
30 in White Bottlebrush Tree,25FXQ724-CR,,,In Stock,,,,,,2,29.69,4,29.69,8,29.69,2,WingTai400,WingTai160,https://wingtai.solovue.com/images/products/list/desktop/25FXQ724-CR.JPG,25FXQ724-CR.JPG,,,WingTai800,25FXQ724-CR.JPG
30 in Green Bottlebrush Tree,25FXQ724-GN,,,In Stock,,,,,,2,29.69,4,29.69,8,29.69,2,WingTai400,WingTai160,https://wingtai.solovue.com/images/products/list/desktop/25FXQ724-GN.JPG,25FXQ724-GN.JPG,,,WingTai800,25FXQ724-GN.JPG
Green Glass Ball Ornament,25GXI924,,,In Stock,,,,,,8,4.19,32,4.19,64,4.19,8,WingTai400,WingTai160,https://wingtai.solovue.com/images/products/list/desktop/25GXI924.JPG,25GXI924.JPG,,,WingTai800,25GXI924.JPG
Green Glass Pinecone Ornament,25GXI925,,,In Stock,,,,,,6,4.79,24,4.19,48,3.99,6,WingTai400,WingTai160,https://wingtai.solovue.com/images/products/list/desktop/25GXI925.JPG,25GXI925.JPG,,,WingTai800,25GXI925.JPG
Green Glass Ornament,25GXI926,,,In Stock,,,,,,9,5.49,27,4.79,54,4.49,9,WingTai400,WingTai160,https://wingtai.solovue.com/images/products/list/desktop/25GXI926.JPG,25GXI926.JPG,,,WingTai800,25GXI926.JPG
Madras Mango_Iron Ceiling Lamp,25LXI915,,,In Stock,,,,,,2,32.99,4,29.99,8,26.99,2,WingTai400,WingTai160,https://wingtai.solovue.com/images/products/list/desktop/25LXI915.JPG,25LXI915.JPG,,,WingTai800,25LXI915.JPG
Surat Jute Globe Ceiling Lamp,25LXI917,,,In Stock,,,,,,2,49.99,4,43.99,8,39.99,2,WingTai400,WingTai160,https://wingtai.solovue.com/images/products/list/desktop/25LXI917.JPG,25LXI917.JPG,,,WingTai800,25LXI917.JPG
Goa Jute Bell Ceiling Lamp,25LXI918,,,In Stock,,,,,,2,39.99,4,34.99,8,32.99,2,WingTai400,WingTai160,https://wingtai.solovue.com/images/products/list/desktop/25LXI918.JPG,25LXI918.JPG,,,WingTai800,25LXI918.JPG
S/2 Leaf Cutout Globes,25MXF602-2S,,,In Stock,,,,,,1,114.9,2,114.9,4,114.9,1,WingTai400,WingTai160,https://wingtai.solovue.com/images/products/list/desktop/25MXF602-2S.JPG,25MXF602-2S.JPG,,,WingTai800,25MXF602-2S.JPG
75 in Distressed Green Metal Tree,25MXF611,,,In Stock,,,,,,1,134.9,2,134.9,4,134.9,1,WingTai400,WingTai160,https://wingtai.solovue.com/images/products/list/desktop/25MXF611.JPG,25MXF611.JPG,,,WingTai800,25MXF611.JPG
60 in Cream Metal Tree,25MXF612,,,In Stock,,,,,,1,85.9,2,85.9,4,85.9,1,WingTai400,WingTai160,https://wingtai.solovue.com/images/products/list/desktop/25MXF612.JPG,25MXF612.JPG,,,WingTai800,25MXF612.JPG
50 in Distressed Red Metal Tree,25MXF613,,,In Stock,,,,,,2,64.9,4,64.9,8,64.9,2,WingTai400,WingTai160,https://wingtai.solovue.com/images/products/list/desktop/25MXF613.JPG,25MXF613.JPG,,,WingTai800,25MXF613.JPG
Lg 2 Tier Antique Sleigh Shelf,25MXF615,,,In Stock,,,,,,1,125.9,2,125.9,4,125.9,1,WingTai400,WingTai160,https://wingtai.solovue.com/images/products/list/desktop/25MXF615.JPG,25MXF615.JPG,,,WingTai800,25MXF615.JPG
S/2 Three-Tier Round Floor Shelves,25MXF672-2S,,,In Stock,,,,,,1,79.99,2,69.99,4,64.99,1,WingTai400,WingTai160,https://wingtai.solovue.com/images/products/list/desktop/25MXF672-2S.JPG,25MXF672-2S.JPG,,,WingTai800,25MXF672-2S.JPG
Olaf Recycled Metal Green Coat Santa w/Legs,25MXI532,,,In Stock,,,,,,4,11.89,12,11.89,24,11.89,4,WingTai400,WingTai160,https://wingtai.solovue.com/images/products/list/desktop/25MXI532.JPG,25MXI532.JPG,,,WingTai800,25MXI532.JPG
Sven Recycled Metal Red Coat Santa w/Legs,25MXI533,,,In Stock,,,,,,4,12.59,12,12.59,24,12.59,4,WingTai400,WingTai160,https://wingtai.solovue.com/images/products/list/desktop/25MXI533.JPG,25MXI533.JPG,,,WingTai800,25MXI533.JPG
Nicholas Recycled Metal Red Coat Santa,25MXI534,,,In Stock,,,,,,2,13.59,8,13.59,16,13.59,2,WingTai400,WingTai160,https://wingtai.solovue.com/images/products/list/desktop/25MXI534.JPG,25MXI534.JPG,,,WingTai800,25MXI534.JPG
Ulf Recycled Metal Red Coat Santa w/Tree,25MXI536,,,In Stock,,,,,,4,11.89,12,11.89,24,11.89,4,WingTai400,WingTai160,https://wingtai.solovue.com/images/products/list/desktop/25MXI536.JPG,25MXI536.JPG,,,WingTai800,25MXI536.JPG
S/2 Metal Votive Holders on Stands,25MXI543-2S,,,In Stock,,,,,,4,11.99,8,10.99,16,9.99,4,WingTai400,WingTai160,https://wingtai.solovue.com/images/products/list/desktop/25MXI543-2S.JPG,25MXI543-2S.JPG,,,WingTai800,25MXI543-2S.JPG
Scooter Bar,25MXI547,,,In Stock,,,,,,1,799.99,2,739.99,3,699.99,1,WingTai400,WingTai160,https://wingtai.solovue.com/images/products/list/desktop/25MXI547.JPG,25MXI547.JPG,,,WingTai800,25MXI547.JPG
Hansjorg Sitting Vintage Recycled Metal Santa,25MXI561,,,In Stock,,,,,,4,14.39,8,14.39,16,14.39,4,WingTai400,WingTai160,https://wingtai.solovue.com/images/products/list/desktop/25MXI561.JPG,25MXI561.JPG,,,WingTai800,25MXI561.JPG
Prancer Recycled Metal Green Reindeer,25MXI562,,,In Stock,,,,,,2,18.39,6,18.39,12,18.39,2,WingTai400,WingTai160,https://wingtai.solovue.com/images/products/list/desktop/25MXI562.JPG,25MXI562.JPG,,,WingTai800,25MXI562.JPG
Magnus Recycled Metal Santa w/Tree,25MXI564,,,In Stock,,,,,,3,14.39,6,14.39,9,14.39,3,WingTai400,WingTai160,https://wingtai.solovue.com/images/products/list/desktop/25MXI564.JPG,25MXI564.JPG,,,WingTai800,25MXI564.JPG
Vixen Recycled Metal Cream Reindeer,25MXI565,,,In Stock,,,,,,2,15.19,5,15.19,10,15.19,2,WingTai400,WingTai160,https://wingtai.solovue.com/images/products/list/desktop/25MXI565.JPG,25MXI565.JPG,,,WingTai800,25MXI565.JPG
Comet Recycled Metal Reindeer Sleigh,25MXI566,,,In Stock,,,,,,2,18.39,8,18.39,16,18.39,2,WingTai400,WingTai160,https://wingtai.solovue.com/images/products/list/desktop/25MXI566.JPG,25MXI566.JPG,,,WingTai800,25MXI566.JPG
Cupid Recycled Metal Green/Red Reindeer,25MXI567,,,In Stock,,,,,,2,19.49,8,19.49,16,19.49,2,WingTai400,WingTai160,https://wingtai.solovue.com/images/products/list/desktop/25MXI567.JPG,25MXI567.JPG,,,WingTai800,25MXI567.JPG
Donner Recycled Metal Red/Green Reindeer,25MXI568,,,In Stock,,,,,,2,19.49,8,19.49,16,19.49,2,WingTai400,WingTai160,https://wingtai.solovue.com/images/products/list/desktop/25MXI568.JPG,25MXI568.JPG,,,WingTai800,25MXI568.JPG
Leif Recycled Metal Vintage Santa,25MXI569,,,In Stock,,,,,,4,15.99,8,15.99,16,15.99,4,WingTai400,WingTai160,https://wingtai.solovue.com/images/products/list/desktop/25MXI569.JPG,25MXI569.JPG,,,WingTai800,25MXI569.JPG
Recycled Metal Moosedeer,25MXI570,,,In Stock,,,,,,2,18.39,6,18.39,12,18.39,2,WingTai400,WingTai160,https://wingtai.solovue.com/images/products/list/desktop/25MXI570.JPG,25MXI570.JPG,,,WingTai800,25MXI570.JPG
Axel Recycled Metal Vintage Santa,25MXI571,,,In Stock,,,,,,2,15.99,6,15.99,12,15.99,2,WingTai400,WingTai160,https://wingtai.solovue.com/images/products/list/desktop/25MXI571.JPG,25MXI571.JPG,,,WingTai800,25MXI571.JPG
Bjorn Recycled Metal Moose,25MXI572,,,In Stock,,,,,,2,19.49,5,19.49,10,19.49,2,WingTai400,WingTai160,https://wingtai.solovue.com/images/products/list/desktop/25MXI572.JPG,25MXI572.JPG,,,WingTai800,25MXI572.JPG
Vidar Recycled Metal Green Coat Santa w/Glasses,25MXI573,,,In Stock,,,,,,4,17.99,12,17.99,24,17.99,4,WingTai400,WingTai160,https://wingtai.solovue.com/images/products/list/desktop/25MXI573.JPG,25MXI573.JPG,,,WingTai800,25MXI573.JPG
Soren Recycled Metal Red Coat Santa w/Star Hat,25MXI574,,,In Stock,,,,,,4,19.99,12,17.99,24,16.99,4,WingTai400,WingTai160,https://wingtai.solovue.com/images/products/list/desktop/25MXI574.JPG,25MXI574.JPG,,,WingTai800,25MXI574.JPG
Dancer Recycled Metal Gray/Green Reindeer,25MXI575,,,In Stock,,,,,,3,15.99,6,15.99,12,15.99,3,WingTai400,WingTai160,https://wingtai.solovue.com/images/products/list/desktop/25MXI575.JPG,25MXI575.JPG,,,WingTai800,25MXI575.JPG
Bernhard Recycled Metal Snowman w/Broom,25MXI577,,,In Stock,,,,,,2,19.99,10,17.99,20,16.99,2,WingTai400,WingTai160,https://wingtai.solovue.com/images/products/list/desktop/25MXI577.JPG,25MXI577.JPG,,,WingTai800,25MXI577.JPG
Nils Recycled Metal Yellow Moose w/Star,25MXI578,,,In Stock,,,,,,2,18.69,4,18.69,8,18.69,2,WingTai400,WingTai160,https://wingtai.solovue.com/images/products/list/desktop/25MXI578.JPG,25MXI578.JPG,,,WingTai800,25MXI578.JPG
Moosifer Recycled Metal Reclining Moose,25MXI579,,,In Stock,,,,,,2,19.99,5,17.99,10,16.99,2,WingTai400,WingTai160,https://wingtai.solovue.com/images/products/list/desktop/25MXI579.JPG,25MXI579.JPG,,,WingTai800,25MXI579.JPG
Recycled Metal Baby Deer,25MXI580,,,In Stock,,,,,,2,19.49,5,19.49,10,19.49,2,WingTai400,WingTai160,https://wingtai.solovue.com/images/products/list/desktop/25MXI580.JPG,25MXI580.JPG,,,WingTai800,25MXI580.JPG
Recycled Metal Moose w/Cart,25MXI581,,,In Stock,,,,,,2,19.99,5,19.99,10,19.99,2,WingTai400,WingTai160,https://wingtai.solovue.com/images/products/list/desktop/25MXI581.JPG,25MXI581.JPG,,,WingTai800,25MXI581.JPG
Fritz Recycled Metal Skiing Snowman,25MXI582,,,In Stock,,,,,,2,19.99,8,17.99,16,16.99,2,WingTai400,WingTai160,https://wingtai.solovue.com/images/products/list/desktop/25MXI582.JPG,25MXI582.JPG,,,WingTai800,25MXI582.JPG
Klaus Recycled Metal Fat Reading Reindeer,25MXI584,,,In Stock,,,,,,2,15.99,8,15.99,16,15.99,2,WingTai400,WingTai160,https://wingtai.solovue.com/images/products/list/desktop/25MXI584.JPG,25MXI584.JPG,,,WingTai800,25MXI584.JPG
S/3 Iron Reindeer Head Ornaments,25MXI598-3S,,,In Stock,,,,,,12,6.99,36,6.29,72,5.69,12,WingTai400,WingTai160,https://wingtai.solovue.com/images/products/list/desktop/25MXI598-3S.JPG,25MXI598-3S.JPG,,,WingTai800,25MXI598-3S.JPG
S/3 Iron Snowflake Ornaments,25MXI599-3S,,,In Stock,,,,,,12,6.99,36,6.29,72,5.69,12,WingTai400,WingTai160,https://wingtai.solovue.com/images/products/list/desktop/25MXI599-3S.JPG,25MXI599-3S.JPG,,,WingTai800,25MXI599-3S.JPG
16 in Gold Clapper Bell,25MXI900,,,In Stock,,,,,,2,29.99,4,26.99,8,24.99,2,WingTai400,WingTai160,https://wingtai.solovue.com/images/products/list/desktop/25MXI900.JPG,25MXI900.JPG,,,WingTai800,25MXI900.JPG
18 in Gold Clapper Bell,25MXI901,,,In Stock,,,,,,2,34.99,4,29.99,8,27.99,2,WingTai400,WingTai160,https://wingtai.solovue.com/images/products/list/desktop/25MXI901.JPG,25MXI901.JPG,,,WingTai800,25MXI901.JPG
2 in Gold Clapper Bell,25MXI902,,,In Stock,,,,,,24,0.99,48,0.89,96,0.79,24,WingTai400,WingTai160,https://wingtai.solovue.com/images/products/list/desktop/25MXI902.JPG,25MXI902.JPG,,,WingTai800,25MXI902.JPG
4 in Gold Clapper Bell,25MXI903,,,In Stock,,,,,,12,2.29,36,1.99,72,1.89,12,WingTai400,WingTai160,https://wingtai.solovue.com/images/products/list/desktop/25MXI903.JPG,25MXI903.JPG,,,WingTai800,25MXI903.JPG
6 in Gold Clapper Bell,25MXI904,,,In Stock,,,,,,12,3.99,36,3.69,72,3.49,12,WingTai400,WingTai160,https://wingtai.solovue.com/images/products/list/desktop/25MXI904.JPG,25MXI904.JPG,,,WingTai800,25MXI904.JPG
Gold Bells Hanger,25MXI905,,,In Stock,,,,,,8,5.99,16,5.49,32,4.99,8,WingTai400,WingTai160,https://wingtai.solovue.com/images/products/list/desktop/25MXI905.JPG,25MXI905.JPG,,,WingTai800,25MXI905.JPG
Round Gold Bells Hanger,25MXI906,,,In Stock,,,,,,4,13.99,12,11.99,24,10.99,4,WingTai400,WingTai160,https://wingtai.solovue.com/images/products/list/desktop/25MXI906.JPG,25MXI906.JPG,,,WingTai800,25MXI906.JPG
Gold 3 Bell Hanger,25MXI907,,,In Stock,,,,,,12,5.99,24,5.39,48,4.99,12,WingTai400,WingTai160,https://wingtai.solovue.com/images/products/list/desktop/25MXI907.JPG,25MXI907.JPG,,,WingTai800,25MXI907.JPG
12 in Gold Clapper Bell,25MXI908,,,In Stock,,,,,,2,14.99,8,12.99,16,11.99,2,WingTai400,WingTai160,https://wingtai.solovue.com/images/products/list/desktop/25MXI908.JPG,25MXI908.JPG,,,WingTai800,25MXI908.JPG
Antique Pottery Jug (Assorted),25PXI511,,,In Stock,,,,,,4,19.99,8,17.99,16,16.99,4,WingTai400,WingTai160,https://wingtai.solovue.com/images/products/list/desktop/25PXI511.JPG,25PXI511.JPG,,,WingTai800,25PXI511.JPG
S/3 Recycled Rubber Baskets,25TXI544-3S,,,In Stock,,,,,,1,64.99,3,59.99,6,53.99,1,WingTai400,WingTai160,https://wingtai.solovue.com/images/products/list/desktop/25TXI544-3S.JPG,25TXI544-3S.JPG,,,WingTai800,25TXI544-3S.JPG
White Triple Drawer Wood Lantern,25WAF135,,,In Stock,,,,,,1,119.9,2,119.9,4,119.9,1,WingTai400,WingTai160,https://wingtai.solovue.com/images/products/list/desktop/25WAF135.JPG,25WAF135.JPG,,,WingTai800,25WAF135.JPG
White Double Drawer Wood Lantern,25WAF136,,,In Stock,,,,,,1,89.9,2,89.9,4,89.9,1,WingTai400,WingTai160,https://wingtai.solovue.com/images/products/list/desktop/25WAF136.JPG,25WAF136.JPG,,,WingTai800,25WAF136.JPG
Staircase Stand,25WAF137,,,In Stock,,,,,,2,39.99,4,34.99,8,31.99,2,WingTai400,WingTai160,https://wingtai.solovue.com/images/products/list/desktop/25WAF137.JPG,25WAF137.JPG,,,WingTai800,25WAF137.JPG
Pittsburgh A-Frame Quad Shelf,25WAF142,,,In Stock,,,,,,1,149.99,2,129.99,4,119.99,1,WingTai400,WingTai160,https://wingtai.solovue.com/images/products/list/desktop/25WAF142.JPG,25WAF142.JPG,,,WingTai800,25WAF142.JPG
Wood Frame Mirror,25WAF143,,,In Stock,,,,,,1,74.99,2,65.99,4,59.99,1,WingTai400,WingTai160,https://wingtai.solovue.com/images/products/list/desktop/25WAF143.JPG,25WAF143.JPG,,,WingTai800,25WAF143.JPG
5 Hook Wall Hanger,25WAF151,,,In Stock,,,,,,6,8.95,12,7.95,24,7.25,6,WingTai400,WingTai160,https://wingtai.solovue.com/images/products/list/desktop/25WAF151.JPG,25WAF151.JPG,,,WingTai800,25WAF151.JPG
Rustic Rectangular Mirror,25WAF155,,,In Stock,,,,,,1,129.99,2,109.99,4,99.99,1,WingTai400,WingTai160,https://wingtai.solovue.com/images/products/list/desktop/25WAF155.JPG,25WAF155.JPG,,,WingTai800,25WAF155.JPG
Antique Whitewashed Filing Cabinet,25WAF166,,,In Stock,,,,,,1,499.99,2,439.99,4,399.99,1,WingTai400,WingTai160,https://wingtai.solovue.com/images/products/list/desktop/25WAF166.JPG,25WAF166.JPG,,,WingTai800,25WAF166.JPG
Natural Fireplace,25WAF204,,,In Stock,,,,,,1,229.99,2,199.99,4,179.99,1,WingTai400,WingTai160,https://wingtai.solovue.com/images/products/list/desktop/25WAF204.JPG,25WAF204.JPG,,,WingTai800,25WAF204.JPG
Skinny End Table,25WXI594,,,In Stock,,,,,,2,84.99,4,74.99,6,67.99,2,WingTai400,WingTai160,https://wingtai.solovue.com/images/products/list/desktop/25WXI594.JPG,25WXI594.JPG,,,WingTai800,25WXI594.JPG
Lg Christmas Tree Brown Frame w/Multi-Colored Lights,25WXF195,,,In Stock,,,,,,1,59.49,2,59.49,4,59.49,1,WingTai400,WingTai160,https://wingtai.solovue.com/images/products/list/desktop/25WXF195.JPG,25WXF195.JPG,,,WingTai800,25WXF195.JPG
Sq Christmas Tree Whitewashed Frame w/White Lights,25WXF197,,,In Stock,,,,,,2,44.99,4,39.99,8,34.99,2,WingTai400,WingTai160,https://wingtai.solovue.com/images/products/list/desktop/25WXF197.JPG,25WXF197.JPG,,,WingTai800,25WXF197.JPG
Lg Christmas Tree Whitewashed Frame w/White Lights,25WXF205,,,In Stock,,,,,,1,69.99,2,59.99,4,49.99,1,WingTai400,WingTai160,https://wingtai.solovue.com/images/products/list/desktop/25WXF205.JPG,25WXF205.JPG,,,WingTai800,25WXF205.JPG
Sq Christmas Tree Brown Frame w/Multi-Colored Lights,25WXF207,,,In Stock,,,,,,3,21.99,6,19.99,12,18.99,3,WingTai400,WingTai160,https://wingtai.solovue.com/images/products/list/desktop/25WXF207.JPG,25WXF207.JPG,,,WingTai800,25WXF207.JPG
Truck Shelf,25WXI505,,,In Stock,,,,,,1,259.9,2,259.9,4,259.9,1,WingTai400,WingTai160,https://wingtai.solovue.com/images/products/list/desktop/25WXI505.JPG,25WXI505.JPG,,,WingTai800,25WXI505.JPG
Acacia Double Wall Shelf,25WXI537,,,In Stock,,,,,,1,74.99,2,65.99,4,59.99,1,WingTai400,WingTai160,https://wingtai.solovue.com/images/products/list/desktop/25WXI537.JPG,25WXI537.JPG,,,WingTai800,25WXI537.JPG
Wood Finial Ornament (540),25WXI540,,,In Stock,,,,,,12,2.49,48,2.49,96,2.49,12,WingTai400,WingTai160,https://wingtai.solovue.com/images/products/list/desktop/25WXI540.JPG,25WXI540.JPG,,,WingTai800,25WXI540.JPG
Wood Finial Ornament (542),25WXI542,,,In Stock,,,,,,8,2.39,32,2.39,64,2.39,8,WingTai400,WingTai160,https://wingtai.solovue.com/images/products/list/desktop/25WXI542.JPG,25WXI542.JPG,,,WingTai800,25WXI542.JPG
Bike Wheel Cart,25WXI546,,,In Stock,,,,,,1,699.99,2,615.99,3,549.99,1,WingTai400,WingTai160,https://wingtai.solovue.com/images/products/list/desktop/25WXI546.JPG,25WXI546.JPG,,,WingTai800,25WXI546.JPG
Reclaimed Wood Mantlepiece,25WXI550,,,In Stock,,,,,,1,395.9,2,395.9,4,395.9,1,WingTai400,WingTai160,https://wingtai.solovue.com/images/products/list/desktop/25WXI550.JPG,25WXI550.JPG,,,WingTai800,25WXI550.JPG
Reclaimed Wood Table Stand,25WXI552,,,In Stock,,,,,,1,219.99,2,199.99,4,184.99,1,WingTai400,WingTai160,https://wingtai.solovue.com/images/products/list/desktop/25WXI552.JPG,25WXI552.JPG,,,WingTai800,25WXI552.JPG
Large Flower-Engraved Mango Planter,25WXI554-LG,,,In Stock,,,,,,2,64.99,4,57.99,8,53.99,2,WingTai400,WingTai160,https://wingtai.solovue.com/images/products/list/desktop/25WXI554-LG.JPG,25WXI554-LG.JPG,,,WingTai800,25WXI554-LG.JPG
Medium Flower-Engraved Mango Planter,25WXI554-MD,,,In Stock,,,,,,2,39.99,4,34.99,8,32.99,2,WingTai400,WingTai160,https://wingtai.solovue.com/images/products/list/desktop/25WXI554-MD.JPG,25WXI554-MD.JPG,,,WingTai800,25WXI554-MD.JPG
Small Flower-Engraved Mango Planter,25WXI554-SM,,,In Stock,,,,,,4,29.99,8,26.99,12,24.99,4,WingTai400,WingTai160,https://wingtai.solovue.com/images/products/list/desktop/25WXI554-SM.JPG,25WXI554-SM.JPG,,,WingTai800,25WXI554-SM.JPG
Twisted End Table,25WXI593,,,In Stock,,,,,,2,99.99,4,87.99,6,79.99,2,WingTai400,WingTai160,https://wingtai.solovue.com/images/products/list/desktop/25WXI593.JPG,25WXI593.JPG,,,WingTai800,25WXI593.JPG
Reclaimed Wood Rectangular Planter,25WXI596,,,In Stock,,,,,,1,129.99,2,114.99,4,99.99,1,WingTai400,WingTai160,https://wingtai.solovue.com/images/products/list/desktop/25WXI596.JPG,25WXI596.JPG,,,WingTai800,25WXI596.JPG
Mango Coat Hook,25WXI912,,,In Stock,,,,,,12,4.99,48,4.39,96,3.99,12,WingTai400,WingTai160,https://wingtai.solovue.com/images/products/list/desktop/25WXI912.JPG,25WXI912.JPG,,,WingTai800,25WXI912.JPG
Simple Wood Wall Hook,25WXI920,,,In Stock,,,,,,8,3.99,24,3.69,48,3.49,8,WingTai400,WingTai160,https://wingtai.solovue.com/images/products/list/desktop/25WXI920.JPG,25WXI920.JPG,,,WingTai800,25WXI920.JPG
Wood_Iron Wall Hook,25WXI921,,,In Stock,,,,,,9,5.99,18,5.29,36,4.99,9,WingTai400,WingTai160,https://wingtai.solovue.com/images/products/list/desktop/25WXI921.JPG,25WXI921.JPG,,,WingTai800,25WXI921.JPG
Triple Wood_Iron Wall Hook,25WXI922,,,In Stock,,,,,,4,11.99,16,10.99,32,9.99,4,WingTai400,WingTai160,https://wingtai.solovue.com/images/products/list/desktop/25WXI922.JPG,25WXI922.JPG,,,WingTai800,25WXI922.JPG
Shades of Autumn Oval Table Mat,DFI58958,,,In Stock,,,,,,10,6.99,50,6.19,100,5.69,10,WingTai400,WingTai160,https://wingtai.solovue.com/images/products/list/desktop/DFI58958.JPG,DFI58958.JPG,,,WingTai800,DFI58958.JPG
S/2 Rooted in Nature Placemats,DFI58963-2S,,,In Stock,,,,,,10,5.99,50,5.29,100,4.89,10,WingTai400,WingTai160,https://wingtai.solovue.com/images/products/list/desktop/DFI58963-2S.JPG,DFI58963-2S.JPG,,,WingTai800,DFI58963-2S.JPG
Rooted in Nature Oval Table Tray,DFI58964,,,In Stock,,,,,,10,6.99,50,6.19,100,5.69,10,WingTai400,WingTai160,https://wingtai.solovue.com/images/products/list/desktop/DFI58964.JPG,DFI58964.JPG,,,WingTai800,DFI58964.JPG
S/2 Shades of Autumn Placemats,DFI58N008-2S,,,In Stock,,,,,,10,5.99,50,5.29,100,4.99,10,WingTai400,WingTai160,https://wingtai.solovue.com/images/products/list/desktop/DFI58N008-2S.JPG,DFI58N008-2S.JPG,,,WingTai800,DFI58N008-2S.JPG
Shades of Autumn Tea Towel,DFI58N027,,,In Stock,,,,,,12,4.99,60,4.39,120,3.99,12,WingTai400,WingTai160,https://wingtai.solovue.com/images/products/list/desktop/DFI58N027.JPG,DFI58N027.JPG,,,WingTai800,DFI58N027.JPG
Shades of Autumn Table Runner,DFI58N028,,,In Stock,,,,,,4,13.99,20,11.99,40,10.99,4,WingTai400,WingTai160,https://wingtai.solovue.com/images/products/list/desktop/DFI58N028.JPG,DFI58N028.JPG,,,WingTai800,DFI58N028.JPG
Fall Harmony Tea Towel,DFI58N039,,,In Stock,,,,,,12,4.99,60,4.39,120,3.99,12,WingTai400,WingTai160,https://wingtai.solovue.com/images/products/list/desktop/DFI58N039.JPG,DFI58N039.JPG,,,WingTai800,DFI58N039.JPG
Fall Harmony Table Runner,DFI58N040,,,In Stock,,,,,,4,13.99,20,11.99,40,10.99,4,WingTai400,WingTai160,https://wingtai.solovue.com/images/products/list/desktop/DFI58N040.JPG,DFI58N040.JPG,,,WingTai800,DFI58N040.JPG
Pumpkin Cottage Tea Towel,DFI58N041,,,In Stock,,,,,,12,4.99,60,4.39,120,3.99,12,WingTai400,WingTai160,https://wingtai.solovue.com/images/products/list/desktop/DFI58N041.JPG,DFI58N041.JPG,,,WingTai800,DFI58N041.JPG
Pumpkin Cottage Table Runner,DFI58N042,,,In Stock,,,,,,4,13.99,20,11.99,40,10.99,4,WingTai400,WingTai160,https://wingtai.solovue.com/images/products/list/desktop/DFI58N042.JPG,DFI58N042.JPG,,,WingTai800,DFI58N042.JPG
White Table Runner w/Pumpkin Trim,DFI58N044,,,In Stock,,,,,,4,13.99,20,11.99,40,10.99,4,WingTai400,WingTai160,https://wingtai.solovue.com/images/noimage.png,noimage.png,,,WingTai800,noimage.png
Rooted in Nature Tea Towel,DFI58N045,,,In Stock,,,,,,12,4.99,60,4.39,120,3.99,12,WingTai400,WingTai160,https://wingtai.solovue.com/images/products/list/desktop/DFI58N045.JPG,DFI58N045.JPG,,,WingTai800,DFI58N045.JPG
Rooted in Nature Table Runner,DFI58N046,,,In Stock,,,,,,4,13.99,20,11.99,40,10.99,4,WingTai400,WingTai160,https://wingtai.solovue.com/images/products/list/desktop/DFI58N046.JPG,DFI58N046.JPG,,,WingTai800,DFI58N046.JPG
S/2 Plush Witch Hats,DFQ58247-2S,,,In Stock,,,,,,12,4.99,60,4.39,120,3.99,12,WingTai400,WingTai160,https://wingtai.solovue.com/images/products/list/desktop/DFQ58247-2S.JPG,DFQ58247-2S.JPG,,,WingTai800,DFQ58247-2S.JPG
Plush Bat Ghost,DFQ58256,,,In Stock,,,,,,6,8.99,36,7.99,72,7.29,6,WingTai400,WingTai160,https://wingtai.solovue.com/images/products/list/desktop/DFQ58256.JPG,DFQ58256.JPG,,,WingTai800,DFQ58256.JPG
Plush Ghost Head,DFQ58257,,,In Stock,,,,,,12,3.95,60,3.45,120,3.15,12,WingTai400,WingTai160,https://wingtai.solovue.com/images/products/list/desktop/DFQ58257.JPG,DFQ58257.JPG,,,WingTai800,DFQ58257.JPG
Lighted Plush Bat Ghost,DFQ58258,,,In Stock,,,,,,6,15.99,12,13.99,24,12.99,6,WingTai400,WingTai160,https://wingtai.solovue.com/images/products/list/desktop/DFQ58258.JPG,DFQ58258.JPG,,,WingTai800,DFQ58258.JPG
Hey Boo Mummy Doll,DFQ58260,,,In Stock,,,,,,3,16.99,6,14.99,12,13.99,3,WingTai400,WingTai160,https://wingtai.solovue.com/images/products/list/desktop/DFQ58260.JPG,DFQ58260.JPG,,,WingTai800,DFQ58260.JPG
Plush Ghost w/Boo Necklace,DFQ58261,,,In Stock,,,,,,6,7.95,24,6.95,48,6.45,6,WingTai400,WingTai160,https://wingtai.solovue.com/images/products/list/desktop/DFQ58261.JPG,DFQ58261.JPG,,,WingTai800,DFQ58261.JPG
Lighted Plush Jack O Lantern w/Bat Hat,DFQ58262,,,In Stock,,,,,,3,19.99,9,17.99,18,16.99,3,WingTai400,WingTai160,https://wingtai.solovue.com/images/products/list/desktop/DFQ58262.JPG,DFQ58262.JPG,,,WingTai800,DFQ58262.JPG
Plush Bat Hat,DFQ58263,,,In Stock,,,,,,6,11.95,12,10.95,24,9.95,6,WingTai400,WingTai160,https://wingtai.solovue.com/images/products/list/desktop/DFQ58263.JPG,DFQ58263.JPG,,,WingTai800,DFQ58263.JPG
Plush Pumpkin Scarecrow,DFQ58264,,,In Stock,,,,,,3,10.99,18,9.99,36,9.29,3,WingTai400,WingTai160,https://wingtai.solovue.com/images/products/list/desktop/DFQ58264.JPG,DFQ58264.JPG,,,WingTai800,DFQ58264.JPG
Jack O Lantern Head Doll,DFQ58266,,,In Stock,,,,,,6,6.95,18,6.15,36,5.65,6,WingTai400,WingTai160,https://wingtai.solovue.com/images/products/list/desktop/DFQ58266.JPG,DFQ58266.JPG,,,WingTai800,DFQ58266.JPG
S/2 Plush Jack O Lantern Pumpkins,DFQ58267-2S,,,In Stock,,,,,,3,11.95,18,10.95,36,9.95,3,WingTai400,WingTai160,https://wingtai.solovue.com/images/products/list/desktop/DFQ58267-2S.JPG,DFQ58267-2S.JPG,,,WingTai800,DFQ58267-2S.JPG
S/2 Fuzzy Plush Orange/Cream Acorns,DFQ58269-2S,,,In Stock,,,,,,12,5.95,60,5.25,120,4.85,12,WingTai400,WingTai160,https://wingtai.solovue.com/images/products/list/desktop/DFQ58269-2S.JPG,DFQ58269-2S.JPG,,,WingTai800,DFQ58269-2S.JPG
White Dotted Fuzzy Plush Neutral Pumpin,DFQ58271,,,In Stock,,,,,,3,10.99,15,9.99,30,8.99,3,WingTai400,WingTai160,https://wingtai.solovue.com/images/products/list/desktop/DFQ58271.JPG,DFQ58271.JPG,,,WingTai800,DFQ58271.JPG
Wide White Fuzzy Plush Pumpkin,DFQ58272,,,In Stock,,,,,,3,13.99,9,11.99,18,10.99,3,WingTai400,WingTai160,https://wingtai.solovue.com/images/products/list/desktop/DFQ58272.JPG,DFQ58272.JPG,,,WingTai800,DFQ58272.JPG
Tan Fuzzy Plush Pumpkin,DFQ58273,,,In Stock,,,,,,3,14.99,9,12.99,18,11.99,3,WingTai400,WingTai160,https://wingtai.solovue.com/images/products/list/desktop/DFQ58273.JPG,DFQ58273.JPG,,,WingTai800,DFQ58273.JPG
Tall White Fuzzy Plush Pumpkin,DFQ58274,,,In Stock,,,,,,3,12.99,18,11.49,36,10.59,3,WingTai400,WingTai160,https://wingtai.solovue.com/images/products/list/desktop/DFQ58274.JPG,DFQ58274.JPG,,,WingTai800,DFQ58274.JPG
S/2 Fall Harmony Plush Acorns,DFQ58276-2S,,,In Stock,,,,,,12,5.95,60,5.25,120,4.85,12,WingTai400,WingTai160,https://wingtai.solovue.com/images/products/list/desktop/DFQ58276-2S.JPG,DFQ58276-2S.JPG,,,WingTai800,DFQ58276-2S.JPG
Plush White Pumpkin w/Natual Look Stem,DFQ58280,,,In Stock,,,,,,6,8.95,18,7.95,36,7.25,6,WingTai400,WingTai160,https://wingtai.solovue.com/images/products/list/desktop/DFQ58280.JPG,DFQ58280.JPG,,,WingTai800,DFQ58280.JPG
Plush Tan Pumpkin w/Natural Look Stem,DFQ58281,,,In Stock,,,,,,6,4.99,36,4.39,72,3.99,6,WingTai400,WingTai160,https://wingtai.solovue.com/images/products/list/desktop/DFQ58281.JPG,DFQ58281.JPG,,,WingTai800,DFQ58281.JPG
Fuzzy Plush Green Pumpkin,DFQ58332,,,In Stock,,,,,,6,12.99,18,11.49,36,10.59,6,WingTai400,WingTai160,https://wingtai.solovue.com/images/products/list/desktop/DFQ58332.JPG,DFQ58332.JPG,,,WingTai800,DFQ58332.JPG
Chumley Ghost,DFQ58362,,,In Stock,,,,,,3,14.9,6,14.9,12,14.9,3,WingTai400,WingTai160,https://wingtai.solovue.com/images/products/list/desktop/DFQ58362.JPG,DFQ58362.JPG,,,WingTai800,DFQ58362.JPG
S/2 Red Snowflake Placemats,DXI59966-2S,,,In Stock,,,,,,10,5.99,50,5.29,100,4.89,10,WingTai400,WingTai160,https://wingtai.solovue.com/images/products/list/desktop/DXI59966-2S.JPG,DXI59966-2S.JPG,,,WingTai800,DXI59966-2S.JPG
S/2 Blue Snowflake Placemats,DXI59969-2S,,,In Stock,,,,,,10,5.99,50,5.29,100,4.89,10,WingTai400,WingTai160,https://wingtai.solovue.com/images/products/list/desktop/DXI59969-2S.JPG,DXI59969-2S.JPG,,,WingTai800,DXI59969-2S.JPG
Whispering Winter Oval Table Tray,DXI59970,,,In Stock,,,,,,10,6.99,50,6.19,100,5.69,10,WingTai400,WingTai160,https://wingtai.solovue.com/images/products/list/desktop/DXI59970.JPG,DXI59970.JPG,,,WingTai800,DXI59970.JPG
Snowflake Tea Towel,DXI59976,,,In Stock,,,,,,12,5.99,60,5.29,120,4.89,12,WingTai400,WingTai160,https://wingtai.solovue.com/images/products/list/desktop/DXI59976.JPG,DXI59976.JPG,,,WingTai800,DXI59976.JPG
Snowflake Table Runner,DXI59977,,,In Stock,,,,,,4,14.99,16,12.99,30,11.99,4,WingTai400,WingTai160,https://wingtai.solovue.com/images/products/list/desktop/DXI59977.JPG,DXI59977.JPG,,,WingTai800,DXI59977.JPG
S/2 Holly Placemats,DXI59N022-2S,,,In Stock,,,,,,10,5.99,50,5.29,100,4.89,10,WingTai400,WingTai160,https://wingtai.solovue.com/images/products/list/desktop/DXI59N022-2S.JPG,DXI59N022-2S.JPG,,,WingTai800,DXI59N022-2S.JPG
Snowflake/Santa Tea Towel,DXI59N029,,,In Stock,,,,,,12,4.99,60,4.39,120,3.99,12,WingTai400,WingTai160,https://wingtai.solovue.com/images/products/list/desktop/DXI59N029.JPG,DXI59N029.JPG,,,WingTai800,DXI59N029.JPG
Snowflake/Santa Table Runner,DXI59N030,,,In Stock,,,,,,4,13.99,20,11.99,40,10.99,4,WingTai400,WingTai160,https://wingtai.solovue.com/images/products/list/desktop/DXI59N030.JPG,DXI59N030.JPG,,,WingTai800,DXI59N030.JPG
Snowflake/Snowman Tea Towel,DXI59N031,,,In Stock,,,,,,12,4.99,60,4.39,120,3.99,12,WingTai400,WingTai160,https://wingtai.solovue.com/images/products/list/desktop/DXI59N031.JPG,DXI59N031.JPG,,,WingTai800,DXI59N031.JPG
Snowflake/Snowman Table Runner,DXI59N032,,,In Stock,,,,,,4,13.99,20,11.99,40,10.99,4,WingTai400,WingTai160,https://wingtai.solovue.com/images/products/list/desktop/DXI59N032.JPG,DXI59N032.JPG,,,WingTai800,DXI59N032.JPG
Holly Tea Towel,DXI59N033,,,In Stock,,,,,,12,4.99,60,4.39,120,3.99,12,WingTai400,WingTai160,https://wingtai.solovue.com/images/products/list/desktop/DXI59N033.JPG,DXI59N033.JPG,,,WingTai800,DXI59N033.JPG
Holly Table Runner,DXI59N034,,,In Stock,,,,,,4,13.99,20,11.99,40,10.99,4,WingTai400,WingTai160,https://wingtai.solovue.com/images/products/list/desktop/DXI59N034.JPG,DXI59N034.JPG,,,WingTai800,DXI59N034.JPG
Red Snowflake Tea Towel,DXI59N035,,,In Stock,,,,,,24,1.75,60,1.75,120,1.75,24,WingTai400,WingTai160,https://wingtai.solovue.com/images/products/list/desktop/DXI59N035.JPG,DXI59N035.JPG,,,WingTai800,DXI59N035.JPG
Red Snowflake Table Runner,DXI59N036,,,In Stock,,,,,,4,13.99,20,11.99,40,10.99,4,WingTai400,WingTai160,https://wingtai.solovue.com/images/products/list/desktop/DXI59N036.JPG,DXI59N036.JPG,,,WingTai800,DXI59N036.JPG
Blue Snowflake Tea Towel,DXI59N037,,,In Stock,,,,,,12,4.99,60,4.39,120,3.99,12,WingTai400,WingTai160,https://wingtai.solovue.com/images/products/list/desktop/DXI59N037.JPG,DXI59N037.JPG,,,WingTai800,DXI59N037.JPG
Blue Snowflake Table Runner,DXI59N038,,,In Stock,,,,,,4,13.99,20,11.99,40,10.99,4,WingTai400,WingTai160,https://wingtai.solovue.com/images/products/list/desktop/DXI59N038.JPG,DXI59N038.JPG,,,WingTai800,DXI59N038.JPG
Fuzzy Plush 3 Stack Snowman w/LED Arms,DXQ59311,,,In Stock,,,,,,2,26.9,4,26.9,8,26.9,2,WingTai400,WingTai160,https://wingtai.solovue.com/images/products/list/desktop/DXQ59311.JPG,DXQ59311.JPG,,,WingTai800,DXQ59311.JPG
Fuzzy Plush 3 Stack Top Hat Snowman w/LED Arms,DXQ59312,,,In Stock,,,,,,3,27.99,9,24.99,18,22.99,3,WingTai400,WingTai160,https://wingtai.solovue.com/images/products/list/desktop/DXQ59312.JPG,DXQ59312.JPG,,,WingTai800,DXQ59312.JPG
Plush Red Scarf Snowman w/Stocking Cap,DXQ59323,,,In Stock,,,,,,4,9.99,24,8.99,48,8.29,4,WingTai400,WingTai160,https://wingtai.solovue.com/images/products/list/desktop/DXQ59323.JPG,DXQ59323.JPG,,,WingTai800,DXQ59323.JPG
S/2 Red/White Plush Mice,DXQ59324-2S,,,In Stock,,,,,,10,4.55,30,4.55,60,4.55,10,WingTai400,WingTai160,https://wingtai.solovue.com/images/products/list/desktop/DXQ59324-2S.JPG,DXQ59324-2S.JPG,,,WingTai800,DXQ59324-2S.JPG
Plush Mouse w/Brown Scarf,DXQ59325,,,In Stock,,,,,,6,7.99,36,6.99,72,6.49,6,WingTai400,WingTai160,https://wingtai.solovue.com/images/products/list/desktop/DXQ59325.JPG,DXQ59325.JPG,,,WingTai800,DXQ59325.JPG
Fuzzy Plush Snowman w/Candy Cane,DXQ59328,,,In Stock,,,,,,2,22.99,8,19.99,16,17.99,2,WingTai400,WingTai160,https://wingtai.solovue.com/images/products/list/desktop/DXQ59328.JPG,DXQ59328.JPG,,,WingTai800,DXQ59328.JPG
Red Coat Plush Santa w/Tree,DXQ59329,,,In Stock,,,,,,2,39.99,4,34.99,8,32.99,2,WingTai400,WingTai160,https://wingtai.solovue.com/images/products/list/desktop/DXQ59329.JPG,DXQ59329.JPG,,,WingTai800,DXQ59329.JPG
Cream Coat Plush Santa w/Tree,DXQ59330,,,In Stock,,,,,,2,39.9,6,39.9,12,39.9,2,WingTai400,WingTai160,https://wingtai.solovue.com/images/products/list/desktop/DXQ59330.JPG,DXQ59330.JPG,,,WingTai800,DXQ59330.JPG
Blue Coat Plush Santa,DXQ59331,,,In Stock,,,,,,2,27.9,4,27.9,8,27.9,2,WingTai400,WingTai160,https://wingtai.solovue.com/images/products/list/desktop/DXQ59331.JPG,DXQ59331.JPG,,,WingTai800,DXQ59331.JPG
Witch Hat Pick,FFQ58500-B,,,In Stock,,,,,,12,3.99,36,3.49,72,3.29,12,WingTai400,WingTai160,https://wingtai.solovue.com/images/products/list/desktop/FFQ58500-B.JPG,FFQ58500-B.JPG,,,WingTai800,FFQ58500-B.JPG
Cream Pincushion Orb,FFQ58871,,,In Stock,,,,,,6,9.99,18,8.99,36,8.29,6,WingTai400,WingTai160,https://wingtai.solovue.com/images/products/list/desktop/FFQ58871.JPG,FFQ58871.JPG,,,WingTai800,FFQ58871.JPG
Cream Pincushion Mini Ring,FFQ58871-1,,,Out of Stock,,,,,,24,2.25,72,1.95,144,1.75,24,WingTai400,WingTai160,https://wingtai.solovue.com/images/products/list/desktop/FFQ58871-1.JPG,FFQ58871-1.JPG,,,WingTai800,FFQ58871-1.JPG
Cream Pincushion Sm Ring,FFQ58871-2,,,In Stock,,,,,,12,3.99,36,3.59,72,3.29,12,WingTai400,WingTai160,https://wingtai.solovue.com/images/products/list/desktop/FFQ58871-2.JPG,FFQ58871-2.JPG,,,WingTai800,FFQ58871-2.JPG
Cream Pincushion Candle Ring,FFQ58871-4,,,In Stock,,,,,,12,7.99,24,6.99,48,6.49,12,WingTai400,WingTai160,https://wingtai.solovue.com/images/products/list/desktop/FFQ58871-4.JPG,FFQ58871-4.JPG,,,WingTai800,FFQ58871-4.JPG
Cream Pincushion Lg Ring,FFQ58871-6,,,In Stock,,,,,,6,9.95,24,8.95,48,8.25,6,WingTai400,WingTai160,https://wingtai.solovue.com/images/products/list/desktop/FFQ58871-6.JPG,FFQ58871-6.JPG,,,WingTai800,FFQ58871-6.JPG
18 in Cream Pincushion Pick,FFQ58871B-18,,,In Stock,,,,,,6,8.99,24,7.99,48,7.29,6,WingTai400,WingTai160,https://wingtai.solovue.com/images/products/list/desktop/FFQ58871B-18.JPG,FFQ58871B-18.JPG,,,WingTai800,FFQ58871B-18.JPG
Cream Pincushion Dripping Garland,FFQ58871-DG,,,In Stock,,,,,,6,13.99,12,12.99,24,11.99,6,WingTai400,WingTai160,https://wingtai.solovue.com/images/products/list/desktop/FFQ58871-DG.JPG,FFQ58871-DG.JPG,,,WingTai800,FFQ58871-DG.JPG
Simple Black Leaf Candle Ring,FFQ58892-4,,,In Stock,,,,,,6,4.99,18,4.39,30,3.99,6,WingTai400,WingTai160,https://wingtai.solovue.com/images/products/list/desktop/FFQ58892-4.JPG,FFQ58892-4.JPG,,,WingTai800,FFQ58892-4.JPG
Pine Sprig Orb,FXQ59526,,,In Stock,,,,,,6,8.99,18,7.95,36,7.29,6,WingTai400,WingTai160,https://wingtai.solovue.com/images/products/list/desktop/FXQ59526.JPG,FXQ59526.JPG,,,WingTai800,FXQ59526.JPG
Pine Spring Mini Ring,FXQ59526-1,,,In Stock,,,,,,24,2.25,72,1.95,144,1.75,24,WingTai400,WingTai160,https://wingtai.solovue.com/images/products/list/desktop/FXQ59526-1.JPG,FXQ59526-1.JPG,,,WingTai800,FXQ59526-1.JPG
18 in Pine Sprig Pick,FXQ59526B-18,,,In Stock,,,,,,12,3.15,24,3.15,48,3.15,12,WingTai400,WingTai160,https://wingtai.solovue.com/images/products/list/desktop/FXQ59526B-18.JPG,FXQ59526B-18.JPG,,,WingTai800,FXQ59526B-18.JPG
Ping Sprig Dripping Garland,FXQ59526-DG,,,In Stock,,,,,,8,4.54,12,4.54,24,4.54,8,WingTai400,WingTai160,https://wingtai.solovue.com/images/products/list/desktop/FXQ59526-DG.JPG,FXQ59526-DG.JPG,,,WingTai800,FXQ59526-DG.JPG
Frosted Pine Mini Ring,FXQ59527-1,,,In Stock,,,,,,24,1.95,72,1.75,144,1.65,24,WingTai400,WingTai160,https://wingtai.solovue.com/images/products/list/desktop/FXQ59527-1.JPG,FXQ59527-1.JPG,,,WingTai800,FXQ59527-1.JPG
12 in Frosted Pine Pick,FXQ59527-12,,,In Stock,,,,,,12,5.95,36,5.25,72,4.95,12,WingTai400,WingTai160,https://wingtai.solovue.com/images/products/list/desktop/FXQ59527-12.JPG,FXQ59527-12.JPG,,,WingTai800,FXQ59527-12.JPG
Frosted Pine Lg Ring,FXQ59527-6,,,In Stock,,,,,,6,10.95,12,9.65,24,8.95,6,WingTai400,WingTai160,https://wingtai.solovue.com/images/products/list/desktop/FXQ59527-6.JPG,FXQ59527-6.JPG,,,WingTai800,FXQ59527-6.JPG
Frosted Pine Dripping Garland,FXQ59527-DG,,,In Stock,,,,,,4,12.99,12,11.99,24,10.99,4,WingTai400,WingTai160,https://wingtai.solovue.com/images/products/list/desktop/FXQ59527-DG.JPG,FXQ59527-DG.JPG,,,WingTai800,FXQ59527-DG.JPG
Frosted Pine Orb,FXQ59527-ORB,,,In Stock,,,,,,6,11.99,12,10.99,24,9.99,6,WingTai400,WingTai160,https://wingtai.solovue.com/images/products/list/desktop/FXQ59527-ORB.JPG,FXQ59527-ORB.JPG,,,WingTai800,FXQ59527-ORB.JPG
12 in Golden Sparkle Spruce Tree,FXQ59528,,,In Stock,,,,,,6,7.99,12,6.99,24,6.49,6,WingTai400,WingTai160,https://wingtai.solovue.com/images/products/list/desktop/FXQ59528.JPG,FXQ59528.JPG,,,WingTai800,FXQ59528.JPG
14 in Golden Sparkle Spruce Tree,FXQ59529,,,In Stock,,,,,,6,10.99,12,9.99,24,8.99,6,WingTai400,WingTai160,https://wingtai.solovue.com/images/products/list/desktop/FXQ59529.JPG,FXQ59529.JPG,,,WingTai800,FXQ59529.JPG
27 in Golden Sparkle Spruce Tree,FXQ59530,,,In Stock,,,,,,3,22.5,6,22.5,9,22.5,3,WingTai400,WingTai160,https://wingtai.solovue.com/images/products/list/desktop/FXQ59530.JPG,FXQ59530.JPG,,,WingTai800,FXQ59530.JPG
18 in Cream Tree,FXQ59537T-18,,,In Stock,,,,,,4,16.99,8,14.99,12,13.99,4,WingTai400,WingTai160,https://wingtai.solovue.com/images/products/list/desktop/FXQ59537T-18.JPG,FXQ59537T-18.JPG,,,WingTai800,FXQ59537T-18.JPG
28 in Cream Tree,FXQ59537T-28,,,In Stock,,,,,,4,24.99,8,21.99,12,20.99,4,WingTai400,WingTai160,https://wingtai.solovue.com/images/products/list/desktop/FXQ59537T-28.JPG,FXQ59537T-28.JPG,,,WingTai800,FXQ59537T-28.JPG
Large Black Web Hurricane Glass,GFI58971-LG,,,In Stock,,,,,,2,19.99,8,17.99,16,15.99,2,WingTai400,WingTai160,https://wingtai.solovue.com/images/products/list/desktop/GFI58971-LG.JPG,GFI58971-LG.JPG,,,WingTai800,GFI58971-LG.JPG
Small Black Web Hurricane Glass,GFI58971-SM,,,In Stock,,,,,,4,15.99,8,13.99,16,12.99,4,WingTai400,WingTai160,https://wingtai.solovue.com/images/products/list/desktop/GFI58971-SM.JPG,GFI58971-SM.JPG,,,WingTai800,GFI58971-SM.JPG
S/2 Fall Harmony Mercury Glass Jars,GFS58014-2S,,,In Stock,,,,,,3,21.99,6,19.99,12,17.99,3,WingTai400,WingTai160,https://wingtai.solovue.com/images/products/list/desktop/GFS58014-2S.JPG,GFS58014-2S.JPG,,,WingTai800,GFS58014-2S.JPG
Pumpkin Cottage Glass Jar,GFS58015,,,In Stock,,,,,,6,7.95,12,6.95,24,6.35,6,WingTai400,WingTai160,https://wingtai.solovue.com/images/products/list/desktop/GFS58015.JPG,GFS58015.JPG,,,WingTai800,GFS58015.JPG
S/2 Purple Pumpkin Glass Jars,GFS58017-2S,,,In Stock,,,,,,6,10.99,12,9.99,24,8.99,6,WingTai400,WingTai160,https://wingtai.solovue.com/images/products/list/desktop/GFS58017-2S.JPG,GFS58017-2S.JPG,,,WingTai800,GFS58017-2S.JPG
Large Dark Mango Hurricane Glass,GXI59968-LG,,,In Stock,,,,,,4,12.99,8,11.99,16,10.99,4,WingTai400,WingTai160,https://wingtai.solovue.com/images/products/list/desktop/GXI59968-LG.JPG,GXI59968-LG.JPG,,,WingTai800,GXI59968-LG.JPG
Medium Dark Mango Hurricane Glass,GXI59968-MD,,,In Stock,,,,,,4,10.99,8,9.99,16,9.29,4,WingTai400,WingTai160,https://wingtai.solovue.com/images/products/list/desktop/GXI59968-MD.JPG,GXI59968-MD.JPG,,,WingTai800,GXI59968-MD.JPG
Small Dark Mango Hurricane Glass,GXI59968-SM,,,In Stock,,,,,,4,8.39,8,7.39,16,6.69,4,WingTai400,WingTai160,https://wingtai.solovue.com/images/products/list/desktop/GXI59968-SM.JPG,GXI59968-SM.JPG,,,WingTai800,GXI59968-SM.JPG
Vintage Santa/Holly Jar,GXS59083,,,In Stock,,,,,,6,7.95,12,6.95,24,6.35,6,WingTai400,WingTai160,https://wingtai.solovue.com/images/products/list/desktop/GXS59083.JPG,GXS59083.JPG,,,WingTai800,GXS59083.JPG
4 in Fall Harmony LED Votive,LFS58020T,,,In Stock,,,,,,12,5.95,36,5.25,72,4.85,12,WingTai400,WingTai160,https://wingtai.solovue.com/images/products/list/desktop/LFS58020T.JPG,LFS58020T.JPG,,,WingTai800,LFS58020T.JPG
6 in Fall Harmony LED Votive,LFS58021T,,,In Stock,,,,,,8,6.99,24,6.19,48,5.69,8,WingTai400,WingTai160,https://wingtai.solovue.com/images/products/list/desktop/LFS58021T.JPG,LFS58021T.JPG,,,WingTai800,LFS58021T.JPG
4 in Pumpkin Cottage LED Votive,LFS58025T,,,Out of Stock Aug 28,,,,,,24,2.09,36,2.09,72,2.09,24,WingTai400,WingTai160,https://wingtai.solovue.com/images/products/list/desktop/LFS58025T.JPG,LFS58025T.JPG,,,WingTai800,LFS58025T.JPG
Lg Ghost LED Candle,LFS58027T,,,In Stock,,,,,,4,14.99,12,12.99,24,11.99,4,WingTai400,WingTai160,https://wingtai.solovue.com/images/products/list/desktop/LFS58027T.JPG,LFS58027T.JPG,,,WingTai800,LFS58027T.JPG
White Jack O Lantern Pillar,LFS58029T,,,In Stock,,,,,,12,10.95,24,9.95,48,9.25,12,WingTai400,WingTai160,https://wingtai.solovue.com/images/products/list/desktop/LFS58029T.JPG,LFS58029T.JPG,,,WingTai800,LFS58029T.JPG
Black Jack O Lantern Pillar,LFS58030T,,,In Stock,,,,,,12,9.95,24,8.75,48,8.15,12,WingTai400,WingTai160,https://wingtai.solovue.com/images/products/list/desktop/LFS58030T.JPG,LFS58030T.JPG,,,WingTai800,LFS58030T.JPG
Sm Earthy Acorn LED Candle,LFS58031T-SM,,,In Stock,,,,,,6,9.99,18,8.99,36,8.29,6,WingTai400,WingTai160,https://wingtai.solovue.com/images/products/list/desktop/LFS58031T-SM.JPG,LFS58031T-SM.JPG,,,WingTai800,LFS58031T-SM.JPG
Sm Cream LED Pumpkin Candle,LFS58206T,,,Out of Stock,,,,,,6,9.99,18,8.99,36,8.29,6,WingTai400,WingTai160,https://wingtai.solovue.com/images/products/list/desktop/LFS58206T.JPG,LFS58206T.JPG,,,WingTai800,LFS58206T.JPG
Lg Cream LED Pumpkin Candle,LFS58207T,,,In Stock,,,,,,3,16.99,9,14.99,18,13.99,3,WingTai400,WingTai160,https://wingtai.solovue.com/images/products/list/desktop/LFS58207T.JPG,LFS58207T.JPG,,,WingTai800,LFS58207T.JPG
Sm White Pumpkin LED Candle,LFS58222T,,,In Stock,,,,,,6,9.99,36,8.99,72,8.29,6,WingTai400,WingTai160,https://wingtai.solovue.com/images/products/list/desktop/LFS58222T.JPG,LFS58222T.JPG,,,WingTai800,LFS58222T.JPG
Lg Gold Pumpkin LED Candle,LFS58225T,,,In Stock,,,,,,3,17.99,9,15.99,18,14.99,3,WingTai400,WingTai160,https://wingtai.solovue.com/images/products/list/desktop/LFS58225T.JPG,LFS58225T.JPG,,,WingTai800,LFS58225T.JPG
Sm Green Pumpkin LED Candle,LFS58226T,,,Out of Stock,,,,,,6,9.99,18,8.99,36,8.29,6,WingTai400,WingTai160,https://wingtai.solovue.com/images/products/list/desktop/LFS58226T.JPG,LFS58226T.JPG,,,WingTai800,LFS58226T.JPG
Lg Green Pumpkin LED Candle,LFS58227T,,,In Stock,,,,,,3,17.99,9,15.99,18,14.99,3,WingTai400,WingTai160,https://wingtai.solovue.com/images/products/list/desktop/LFS58227T.JPG,LFS58227T.JPG,,,WingTai800,LFS58227T.JPG
S/2 Orange Cake LED Tea Lights,LFS58232T-2S,,,In Stock,,,,,,8,7.5,24,7.5,48,7.5,8,WingTai400,WingTai160,https://wingtai.solovue.com/images/products/list/desktop/LFS58232T-2S.JPG,LFS58232T-2S.JPG,,,WingTai800,LFS58232T-2S.JPG
4 in Holly LED Votive,LXS59088T,,,In Stock,,,,,,12,5.99,36,5.29,72,4.89,12,WingTai400,WingTai160,https://wingtai.solovue.com/images/products/list/desktop/LXS59088T.JPG,LXS59088T.JPG,,,WingTai800,LXS59088T.JPG
4 in Green Snowflake LED Votive,LXS59089T,,,In Stock,,,,,,12,5.95,36,5.25,72,4.85,12,WingTai400,WingTai160,https://wingtai.solovue.com/images/products/list/desktop/LXS59089T.JPG,LXS59089T.JPG,,,WingTai800,LXS59089T.JPG
Plastic Ball Ornament w/Green Snowflake LED Candle,LXS59091T,,,In Stock,,,,,,6,14.99,12,13.99,18,12.99,6,WingTai400,WingTai160,https://wingtai.solovue.com/images/products/list/desktop/LXS59091T.JPG,LXS59091T.JPG,,,WingTai800,LXS59091T.JPG
Plastic Ball Ornament w/Snowman Family LED Candle,LXS59092T,,,In Stock,,,,,,6,14.99,18,13.99,36,12.99,6,WingTai400,WingTai160,https://wingtai.solovue.com/images/products/list/desktop/LXS59092T.JPG,LXS59092T.JPG,,,WingTai800,LXS59092T.JPG
Lg Earthy Pinecone LED Candle,LXS59357T-LG,,,In Stock,,,,,,6,11.95,18,10.95,36,9.95,6,WingTai400,WingTai160,https://wingtai.solovue.com/images/products/list/desktop/LXS59357T-LG.JPG,LXS59357T-LG.JPG,,,WingTai800,LXS59357T-LG.JPG
Lg White Pinecone LED Candle,LXS59358T,,,In Stock,,,,,,6,11.95,18,10.95,36,9.95,6,WingTai400,WingTai160,https://wingtai.solovue.com/images/products/list/desktop/LXS59358T.JPG,LXS59358T.JPG,,,WingTai800,LXS59358T.JPG
6 in Holly LED Pillar,LXS59360T,,,In Stock,,,,,,6,9.99,18,8.99,36,8.29,6,WingTai400,WingTai160,https://wingtai.solovue.com/images/products/list/desktop/LXS59360T.JPG,LXS59360T.JPG,,,WingTai800,LXS59360T.JPG
S/2 Thanksgiving Mini Buckets,MFF58032-2S,,,In Stock,,,,,,18,3.15,18,3.15,36,3.15,18,WingTai400,WingTai160,https://wingtai.solovue.com/images/products/list/desktop/MFF58032-2S.JPG,MFF58032-2S.JPG,,,WingTai800,MFF58032-2S.JPG
Sm Haunted Village Silhouette Cutout,MFF58642,,,In Stock,,,,,,6,12.99,12,11.49,18,10.59,6,WingTai400,WingTai160,https://wingtai.solovue.com/images/products/list/desktop/MFF58642.JPG,MFF58642.JPG,,,WingTai800,MFF58642.JPG
Lg Haunted Village Silhouette Cutout,MFF58643,,,In Stock,,,,,,4,17.99,4,17.99,8,16.99,4,WingTai400,WingTai160,https://wingtai.solovue.com/images/products/list/desktop/MFF58643.JPG,MFF58643.JPG,,,WingTai800,MFF58643.JPG
S/2 Holly Buckets,MFF58649-2S,,,In Stock,,,,,,6,8.99,12,7.99,24,7.29,6,WingTai400,WingTai160,https://wingtai.solovue.com/images/products/list/desktop/MFF58649-2S.JPG,MFF58649-2S.JPG,,,WingTai800,MFF58649-2S.JPG
Large White_Natural Candle Riser with Handle,MFF58652,,,In Stock,,,,,,4,9.49,8,8.39,16,7.59,4,WingTai400,WingTai160,https://wingtai.solovue.com/images/products/list/desktop/MFF58652.JPG,MFF58652.JPG,,,WingTai800,MFF58652.JPG
S/2 Jack O Lantern Gas Cans,MFF58709-2S,,,In Stock,,,,,,4,24.9,8,24.9,12,24.9,4,WingTai400,WingTai160,https://wingtai.solovue.com/images/products/list/desktop/MFF58709-2S.JPG,MFF58709-2S.JPG,,,WingTai800,MFF58709-2S.JPG
2 Asst Black Cutout Halloween Lanterns,MFF58823-2A,,,In Stock,,,,,,6,8.95,12,7.95,24,7.25,6,WingTai400,WingTai160,https://wingtai.solovue.com/images/products/list/desktop/MFF58823-2A.JPG,MFF58823-2A.JPG,,,WingTai800,MFF58823-2A.JPG
Fall Harmony Tray,MFF58825,,,In Stock,,,,,,6,5.25,6,5.25,12,5.25,6,WingTai400,WingTai160,https://wingtai.solovue.com/images/products/list/desktop/MFF58825.JPG,MFF58825.JPG,,,WingTai800,MFF58825.JPG
Black Bat Cage Pumpkin,MFF58836,,,In Stock,,,,,,4,14.9,8,14.9,12,14.9,4,WingTai400,WingTai160,https://wingtai.solovue.com/images/products/list/desktop/MFF58836.JPG,MFF58836.JPG,,,WingTai800,MFF58836.JPG
Black Cage Pumpkin,MFF58837,,,In Stock,,,,,,2,18.99,4,16.99,8,14.99,2,WingTai400,WingTai160,https://wingtai.solovue.com/images/products/list/desktop/MFF58837.JPG,MFF58837.JPG,,,WingTai800,MFF58837.JPG
Lg Black Pumpkin w/Cutouts,MFF58854-L,,,In Stock,,,,,,3,11.9,9,11.9,18,11.9,3,WingTai400,WingTai160,https://wingtai.solovue.com/images/products/list/desktop/MFF58854-L.JPG,MFF58854-L.JPG,,,WingTai800,MFF58854-L.JPG
Sm Black Pumpkin w/Cutouts,MFF58854-S,,,In Stock,,,,,,3,9.9,9,9.9,18,9.9,3,WingTai400,WingTai160,https://wingtai.solovue.com/images/products/list/desktop/MFF58854-S.JPG,MFF58854-S.JPG,,,WingTai800,MFF58854-S.JPG
S/2 Orange Jack O Lantern Cutout Buckets,MFF58859-2S,,,Out of Stock,,,,,,4,14.99,12,12.99,24,11.99,4,WingTai400,WingTai160,https://wingtai.solovue.com/images/products/list/desktop/MFF58859-2S.JPG,MFF58859-2S.JPG,,,WingTai800,MFF58859-2S.JPG
S/2 Black Rectangular Lanterns,MFF58860-2S,,,In Stock,,,,,,2,27.9,4,27.9,8,27.9,2,WingTai400,WingTai160,https://wingtai.solovue.com/images/products/list/desktop/MFF58860-2S.JPG,MFF58860-2S.JPG,,,WingTai800,MFF58860-2S.JPG
Lg Black Metal Spooky House Stand,MFI58503,,,In Stock,,,,,,12,4.95,24,4.45,48,3.95,12,WingTai400,WingTai160,https://wingtai.solovue.com/images/products/list/desktop/MFI58503.JPG,MFI58503.JPG,,,WingTai800,MFI58503.JPG
S/2 Gold Lanterns,MFI58590-2S,,,In Stock,,,,,,2,29.99,4,26.99,8,24.99,2,WingTai400,WingTai160,https://wingtai.solovue.com/images/products/list/desktop/MFI58590-2S.JPG,MFI58590-2S.JPG,,,WingTai800,MFI58590-2S.JPG
S/2 Rooted in Nature Metal Plates,MFI58962-2S,,,In Stock,,,,,,4,8.95,12,7.95,24,7.25,4,WingTai400,WingTai160,https://wingtai.solovue.com/images/products/list/desktop/MFI58962-2S.JPG,MFI58962-2S.JPG,,,WingTai800,MFI58962-2S.JPG
S/2 White Round Open Lanterns,MXF59119-2S,,,In Stock,,,,,,3,19.95,6,17.95,12,16.95,3,WingTai400,WingTai160,https://wingtai.solovue.com/images/products/list/desktop/MXF59119-2S.JPG,MXF59119-2S.JPG,,,WingTai800,MXF59119-2S.JPG
S/2 Black Round Open Lanterns,MXF59120-2S,,,In Stock,,,,,,3,19.95,6,17.95,12,16.95,3,WingTai400,WingTai160,https://wingtai.solovue.com/images/products/list/desktop/MXF59120-2S.JPG,MXF59120-2S.JPG,,,WingTai800,MXF59120-2S.JPG
Silver Snowflake Sleigh,MXF59511,,,In Stock,,,,,,2,44.9,4,44.9,8,44.9,2,WingTai400,WingTai160,https://wingtai.solovue.com/images/products/list/desktop/MXF59511.JPG,MXF59511.JPG,,,WingTai800,MXF59511.JPG
S/2 Silver Bells,MXF59512-2S,,,In Stock,,,,,,4,11.99,12,10.99,24,9.99,4,WingTai400,WingTai160,https://wingtai.solovue.com/images/products/list/desktop/MXF59512-2S.JPG,MXF59512-2S.JPG,,,WingTai800,MXF59512-2S.JPG
S/2 Sm Silver Bells,MXF59513-2S,,,In Stock,,,,,,12,4.99,72,4.39,144,3.99,12,WingTai400,WingTai160,https://wingtai.solovue.com/images/products/list/desktop/MXF59513-2S.JPG,MXF59513-2S.JPG,,,WingTai800,MXF59513-2S.JPG
S/3 White & Silver Bells,MXF59514-3S,,,In Stock,,,,,,2,49.9,4,49.9,6,49.9,2,WingTai400,WingTai160,https://wingtai.solovue.com/images/products/list/desktop/MXF59514-3S.JPG,MXF59514-3S.JPG,,,WingTai800,MXF59514-3S.JPG
S/2 Dark Green Large Open Lanterns,MXF59719-2S,,,In Stock,,,,,,2,32.99,4,29.99,8,27.99,2,WingTai400,WingTai160,https://wingtai.solovue.com/images/products/list/desktop/MXF59719-2S.JPG,MXF59719-2S.JPG,,,WingTai800,MXF59719-2S.JPG
S/3 Red White/Green Bells Hanger,MXF59725-3S,,,In Stock,,,,,,6,9.99,18,8.99,36,8.29,6,WingTai400,WingTai160,https://wingtai.solovue.com/images/products/list/desktop/MXF59725-3S.JPG,MXF59725-3S.JPG,,,WingTai800,MXF59725-3S.JPG
White Metal Church,MXF59731-L,,,In Stock,,,,,,2,34.9,4,34.9,8,34.9,2,WingTai400,WingTai160,https://wingtai.solovue.com/images/products/list/desktop/MXF59731-L.JPG,MXF59731-L.JPG,,,WingTai800,MXF59731-L.JPG
Red Metal Church,MXF59731-S,,,In Stock,,,,,,3,24.9,6,24.9,12,24.9,3,WingTai400,WingTai160,https://wingtai.solovue.com/images/products/list/desktop/MXF59731-S.JPG,MXF59731-S.JPG,,,WingTai800,MXF59731-S.JPG
S/2 Midnight Blue Snowflake Cutout Lanterns,MXF59794-2S,,,In Stock,,,,,,3,14.9,6,14.9,12,14.9,3,WingTai400,WingTai160,https://wingtai.solovue.com/images/products/list/desktop/MXF59794-2S.JPG,MXF59794-2S.JPG,,,WingTai800,MXF59794-2S.JPG
S/2 Red Snowflake Cutout Boxes w/Handles,MXF59795-2S,,,In Stock,,,,,,3,22.99,6,19.99,12,17.99,3,WingTai400,WingTai160,https://wingtai.solovue.com/images/products/list/desktop/MXF59795-2S.JPG,MXF59795-2S.JPG,,,WingTai800,MXF59795-2S.JPG
S/3 Red White/Green Star Trays,MXF59814-3S,,,In Stock,,,,,,4,19.99,8,17.99,12,15.99,4,WingTai400,WingTai160,https://wingtai.solovue.com/images/products/list/desktop/MXF59814-3S.JPG,MXF59814-3S.JPG,,,WingTai800,MXF59814-3S.JPG
S/2 Black Round Votive Candle Holders,MXI59505-2S,,,In Stock,,,,,,2,19.99,8,17.99,16,15.99,2,WingTai400,WingTai160,https://wingtai.solovue.com/images/products/list/desktop/MXI59505-2S.JPG,MXI59505-2S.JPG,,,WingTai800,MXI59505-2S.JPG
S/2 Open Black Lanterns,MXI59506-2S,,,In Stock,,,,,,4,9.95,12,8.95,24,8.25,4,WingTai400,WingTai160,https://wingtai.solovue.com/images/products/list/desktop/MXI59506-2S.JPG,MXI59506-2S.JPG,,,WingTai800,MXI59506-2S.JPG
Black Metal Squirrel Frame on Stand,MXI59518,,,In Stock,,,,,,12,3.99,24,3.59,48,3.19,12,WingTai400,WingTai160,https://wingtai.solovue.com/images/products/list/desktop/MXI59518.JPG,MXI59518.JPG,,,WingTai800,MXI59518.JPG
S/2 Red Snowflake Metal Plates,MXI59967-2S,,,In Stock,,,,,,4,8.95,12,7.95,24,7.25,4,WingTai400,WingTai160,https://wingtai.solovue.com/images/products/list/desktop/MXI59967-2S.JPG,MXI59967-2S.JPG,,,WingTai800,MXI59967-2S.JPG
S/4 Rectangular Iron Lanterns,MXI59N026-4S,,,In Stock,,,,,,1,74.9,2,74.9,4,74.9,1,WingTai400,WingTai160,https://wingtai.solovue.com/images/products/list/desktop/MXI59N026-4S.JPG,MXI59N026-4S.JPG,,,WingTai800,MXI59N026-4S.JPG
S/12 Sm White Tan/Green Mini Pumpkins,RFF58034-12S,,,In Stock,,,,,,4,12.99,16,11.49,32,10.59,4,WingTai400,WingTai160,https://wingtai.solovue.com/images/products/list/desktop/RFF58034-12S.JPG,RFF58034-12S.JPG,,,WingTai800,RFF58034-12S.JPG
S/12 Lg White Tan/Green Mini Pumpkins,RFF58035-12S,,,In Stock,,,,,,4,14.9,12,14.9,24,14.9,4,WingTai400,WingTai160,https://wingtai.solovue.com/images/products/list/desktop/RFF58035-12S.JPG,RFF58035-12S.JPG,,,WingTai800,RFF58035-12S.JPG
Frosted Resin Pinecone,RFF58036,,,Out of Stock,,,,,,12,4.99,36,4.39,72,3.99,12,WingTai400,WingTai160,https://wingtai.solovue.com/images/products/list/desktop/RFF58036.JPG,RFF58036.JPG,,,WingTai800,RFF58036.JPG
Sm Frosted Resin Pinecone,RFF58037,,,In Stock,,,,,,36,2.19,72,1.99,144,1.79,36,WingTai400,WingTai160,https://wingtai.solovue.com/images/products/list/desktop/RFF58037.JPG,RFF58037.JPG,,,WingTai800,RFF58037.JPG
Brown/Tan Resin Acorn,RFF58038,,,In Stock,,,,,,4,9.99,12,8.99,24,8.29,4,WingTai400,WingTai160,https://wingtai.solovue.com/images/products/list/desktop/RFF58038.JPG,RFF58038.JPG,,,WingTai800,RFF58038.JPG
White Carved Lg Resin Pumpkin,RFF58039,,,In Stock,,,,,,4,9.99,8,8.99,16,8.29,4,WingTai400,WingTai160,https://wingtai.solovue.com/images/products/list/desktop/RFF58039.JPG,RFF58039.JPG,,,WingTai800,RFF58039.JPG
White Carved Sm Resin Pumpkin,RFF58040,,,In Stock,,,,,,6,5.29,12,4.69,24,4.29,6,WingTai400,WingTai160,https://wingtai.solovue.com/images/products/list/desktop/RFF58040.JPG,RFF58040.JPG,,,WingTai800,RFF58040.JPG
White Carved Tall Resin Pumpkin,RFF58041,,,In Stock,,,,,,6,5.29,18,4.69,36,4.29,6,WingTai400,WingTai160,https://wingtai.solovue.com/images/products/list/desktop/RFF58041.JPG,RFF58041.JPG,,,WingTai800,RFF58041.JPG
Tan Tall Resin Pumpkin,RFF58042,,,Out of Stock,,,,,,6,4.95,18,4.35,36,3.95,6,WingTai400,WingTai160,https://wingtai.solovue.com/images/products/list/desktop/RFF58042.JPG,RFF58042.JPG,,,WingTai800,RFF58042.JPG
2 Asst Lg Distressed White Pumpkins,RFF58043-2A,,,In Stock,,,,,,8,7.95,24,6.95,48,6.45,8,WingTai400,WingTai160,https://wingtai.solovue.com/images/products/list/desktop/RFF58043-2A.JPG,RFF58043-2A.JPG,,,WingTai800,RFF58043-2A.JPG
2 Asst Sm Distressed White Pumpkins,RFF58044-2A,,,In Stock,,,,,,12,4.99,36,4.39,72,3.99,12,WingTai400,WingTai160,https://wingtai.solovue.com/images/products/list/desktop/RFF58044-2A.JPG,RFF58044-2A.JPG,,,WingTai800,RFF58044-2A.JPG
Wide Leaf Engraved White Resin Pumpkin,RFF58045,,,In Stock,,,,,,8,8.99,24,7.99,48,7.29,8,WingTai400,WingTai160,https://wingtai.solovue.com/images/products/list/desktop/RFF58045.JPG,RFF58045.JPG,,,WingTai800,RFF58045.JPG
Tall Leaf Engraved White Resin Pumpkin,RFF58046,,,In Stock,,,,,,8,8.99,24,7.99,48,7.29,8,WingTai400,WingTai160,https://wingtai.solovue.com/images/products/list/desktop/RFF58046.JPG,RFF58046.JPG,,,WingTai800,RFF58046.JPG
Tall Orange Resin Jack O Lantern,RFF58047,,,In Stock,,,,,,4,8.99,16,7.99,32,7.29,4,WingTai400,WingTai160,https://wingtai.solovue.com/images/products/list/desktop/RFF58047.JPG,RFF58047.JPG,,,WingTai800,RFF58047.JPG
Wide Orange Resin Jack O Lantern,RFF58048,,,In Stock,,,,,,6,5.49,18,4.79,36,4.39,6,WingTai400,WingTai160,https://wingtai.solovue.com/images/products/list/desktop/RFF58048.JPG,RFF58048.JPG,,,WingTai800,RFF58048.JPG
White/Tan Resin Acorn,RFF58210,,,In Stock,,,,,,4,11.99,12,10.99,24,9.99,4,WingTai400,WingTai160,https://wingtai.solovue.com/images/products/list/desktop/RFF58210.JPG,RFF58210.JPG,,,WingTai800,RFF58210.JPG
White Tall Resin Pumpkin,RFF58211,,,In Stock,,,,,,4,6.95,16,6.15,32,5.65,4,WingTai400,WingTai160,https://wingtai.solovue.com/images/products/list/desktop/RFF58211.JPG,RFF58211.JPG,,,WingTai800,RFF58211.JPG
Short Green Resin Pumpkin,RFF58212,,,In Stock,,,,,,6,4.95,18,4.35,36,3.95,6,WingTai400,WingTai160,https://wingtai.solovue.com/images/products/list/desktop/RFF58212.JPG,RFF58212.JPG,,,WingTai800,RFF58212.JPG
S/2 Resin Witch Hat/Pumpkin Hat Ghosts,RFF58743-2S,,,Out of Stock,,,,,,4,9.99,8,8.99,16,8.29,4,WingTai400,WingTai160,https://wingtai.solovue.com/images/products/list/desktop/RFF58743-2S.JPG,RFF58743-2S.JPG,,,WingTai800,RFF58743-2S.JPG
Sm Orange Ridged Wood Jack O Lantern,WFF58058,,,In Stock,,,,,,6,6.95,24,6.15,48,5.65,6,WingTai400,WingTai160,https://wingtai.solovue.com/images/products/list/desktop/WFF58058.JPG,WFF58058.JPG,,,WingTai800,WFF58058.JPG
Lg Orange Ridged Wood Jack O Lantern,WFF58059,,,In Stock,,,,,,6,11.99,12,10.49,24,9.69,6,WingTai400,WingTai160,https://wingtai.solovue.com/images/products/list/desktop/WFF58059.JPG,WFF58059.JPG,,,WingTai800,WFF58059.JPG
Sm Black Ridged Wood Jack O Lantern,WFF58060,,,In Stock,,,,,,6,6.95,24,6.15,48,5.65,6,WingTai400,WingTai160,https://wingtai.solovue.com/images/products/list/desktop/WFF58060.JPG,WFF58060.JPG,,,WingTai800,WFF58060.JPG
Lg Black Ridged Wood Jack O Lantern,WFF58061,,,In Stock,,,,,,6,8.95,24,7.95,48,7.25,6,WingTai400,WingTai160,https://wingtai.solovue.com/images/products/list/desktop/WFF58061.JPG,WFF58061.JPG,,,WingTai800,WFF58061.JPG
Sm Wood Ghost Block,WFF58077,,,In Stock,,,,,,6,3.99,24,3.59,48,3.39,6,WingTai400,WingTai160,https://wingtai.solovue.com/images/products/list/desktop/WFF58077.JPG,WFF58077.JPG,,,WingTai800,WFF58077.JPG
Lg Wood Ghost Block,WFF58078,,,In Stock,,,,,,6,5.99,18,5.29,36,4.89,6,WingTai400,WingTai160,https://wingtai.solovue.com/images/products/list/desktop/WFF58078.JPG,WFF58078.JPG,,,WingTai800,WFF58078.JPG
S/9 Purple Witch Hat Blocks,WFF58605-9S,,,In Stock,,,,,,4,19.9,8,19.9,12,19.9,4,WingTai400,WingTai160,https://wingtai.solovue.com/images/products/list/desktop/WFF58605-9S.JPG,WFF58605-9S.JPG,,,WingTai800,WFF58605-9S.JPG
S/6 Fall Harmony Pumpkin Blocks,WFF58606-6S,,,In Stock,,,,,,4,19.99,8,17.99,16,15.99,4,WingTai400,WingTai160,https://wingtai.solovue.com/images/products/list/desktop/WFF58606-6S.JPG,WFF58606-6S.JPG,,,WingTai800,WFF58606-6S.JPG
Lg Fall Harmony Stand w/Trim,WFF58607,,,In Stock,,,,,,12,3.84,12,3.84,24,3.84,12,WingTai400,WingTai160,https://wingtai.solovue.com/images/products/list/desktop/WFF58607.JPG,WFF58607.JPG,,,WingTai800,WFF58607.JPG
Sm Fall Harmony Stand w/Trim,WFF58608,,,In Stock,,,,,,24,2.45,24,2.45,48,2.45,24,WingTai400,WingTai160,https://wingtai.solovue.com/images/products/list/desktop/WFF58608.JPG,WFF58608.JPG,,,WingTai800,WFF58608.JPG
Turkey/Pumpkins Frame,WFF58609,,,In Stock,,,,,,4,9.99,12,8.99,24,8.29,4,WingTai400,WingTai160,https://wingtai.solovue.com/images/products/list/desktop/WFF58609.JPG,WFF58609.JPG,,,WingTai800,WFF58609.JPG
Turkey/Pumpkins Stand w/Trim,WFF58610,,,In Stock,,,,,,24,1.74,24,1.74,48,1.74,24,WingTai400,WingTai160,https://wingtai.solovue.com/images/products/list/desktop/WFF58610.JPG,WFF58610.JPG,,,WingTai800,WFF58610.JPG
Pumpkin Cottage Stand w/Trim,WFF58611,,,In Stock,,,,,,4,19.99,12,17.99,24,15.99,4,WingTai400,WingTai160,https://wingtai.solovue.com/images/products/list/desktop/WFF58611.JPG,WFF58611.JPG,,,WingTai800,WFF58611.JPG
S/9 Pumpkin Cottage Pumpkin Blocks,WFF58612-9S,,,In Stock,,,,,,4,19.99,8,17.99,12,16.99,4,WingTai400,WingTai160,https://wingtai.solovue.com/images/products/list/desktop/WFF58612-9S.JPG,WFF58612-9S.JPG,,,WingTai800,WFF58612-9S.JPG
Boo Ghost Frame,WFF58630,,,In Stock,,,,,,6,12.99,12,11.49,24,10.59,6,WingTai400,WingTai160,https://wingtai.solovue.com/images/products/list/desktop/WFF58630.JPG,WFF58630.JPG,,,WingTai800,WFF58630.JPG
Sweet Autumn Sign,WFF58633,,,In Stock,,,,,,4,7,4,7,8,7,4,WingTai400,WingTai160,https://wingtai.solovue.com/images/products/list/desktop/WFF58633.JPG,WFF58633.JPG,,,WingTai800,WFF58633.JPG
S/6 Ghost Blocks,WFF58634-6S,,,In Stock,,,,,,4,19.9,8,19.9,12,19.9,4,WingTai400,WingTai160,https://wingtai.solovue.com/images/products/list/desktop/WFF58634-6S.JPG,WFF58634-6S.JPG,,,WingTai800,WFF58634-6S.JPG
Black/Purple Halloween Pumpkin Block,WFF58646,,,Out of Stock,,,,,,8,8.99,16,7.99,24,7.29,8,WingTai400,WingTai160,https://wingtai.solovue.com/images/products/list/desktop/WFF58646.JPG,WFF58646.JPG,,,WingTai800,WFF58646.JPG
White Open Pumpkin Stand,WFF58647,,,In Stock,,,,,,4,9.9,8,9.9,16,9.9,4,WingTai400,WingTai160,https://wingtai.solovue.com/images/products/list/desktop/WFF58647.JPG,WFF58647.JPG,,,WingTai800,WFF58647.JPG
Black Open Pumpkin Stand,WFF58648,,,Out of Stock,,,,,,4,9.9,8,9.9,16,9.9,4,WingTai400,WingTai160,https://wingtai.solovue.com/images/products/list/desktop/WFF58648.JPG,WFF58648.JPG,,,WingTai800,WFF58648.JPG
Lg Spooky Ghost Block,WFF58681,,,In Stock,,,,,,4,14.99,8,12.99,16,11.99,4,WingTai400,WingTai160,https://wingtai.solovue.com/images/products/list/desktop/WFF58681.JPG,WFF58681.JPG,,,WingTai800,WFF58681.JPG
Sm Spooky Ghost Block,WFF58682,,,In Stock,,,,,,4,9.99,8,8.99,16,8.29,4,WingTai400,WingTai160,https://wingtai.solovue.com/images/products/list/desktop/WFF58682.JPG,WFF58682.JPG,,,WingTai800,WFF58682.JPG
Boo Ghost Block,WFF58782,,,In Stock,,,,,,12,6.95,24,6.15,36,5.65,12,WingTai400,WingTai160,https://wingtai.solovue.com/images/products/list/desktop/WFF58782.JPG,WFF58782.JPG,,,WingTai800,WFF58782.JPG
Haunted House Sign,WFF58810,,,In Stock,,,,,,12,4.2,12,4.2,18,4.2,12,WingTai400,WingTai160,https://wingtai.solovue.com/images/products/list/desktop/WFF58810.JPG,WFF58810.JPG,,,WingTai800,WFF58810.JPG
S/2 White 4-Side Pumpkins,WFF58826-2S,,,In Stock,,,,,,3,14.95,6,13.95,12,12.95,3,WingTai400,WingTai160,https://wingtai.solovue.com/images/products/list/desktop/WFF58826-2S.JPG,WFF58826-2S.JPG,,,WingTai800,WFF58826-2S.JPG
S/2 Black 4-Side Pumpkins,WFF58827-2S,,,In Stock,,,,,,3,14.95,6,13.95,12,12.95,3,WingTai400,WingTai160,https://wingtai.solovue.com/images/products/list/desktop/WFF58827-2S.JPG,WFF58827-2S.JPG,,,WingTai800,WFF58827-2S.JPG
Mummy Block,WFF58834,,,In Stock,,,,,,5,5.95,20,5.25,40,4.85,5,WingTai400,WingTai160,https://wingtai.solovue.com/images/products/list/desktop/WFF58834.JPG,WFF58834.JPG,,,WingTai800,WFF58834.JPG
S/6 Sm Mummy Blocks,WFF58835-6S,,,In Stock,,,,,,3,19.99,6,17.99,12,15.99,3,WingTai400,WingTai160,https://wingtai.solovue.com/images/products/list/desktop/WFF58835-6S.JPG,WFF58835-6S.JPG,,,WingTai800,WFF58835-6S.JPG
Haunted House Block,WFF58841,,,In Stock,,,,,,8,7.99,24,6.99,48,6.49,8,WingTai400,WingTai160,https://wingtai.solovue.com/images/products/list/desktop/WFF58841.JPG,WFF58841.JPG,,,WingTai800,WFF58841.JPG
Welcome Autumn w/Pumpkin Block,WFF58843,,,In Stock,,,,,,16,3.14,24,3.14,48,3.14,16,WingTai400,WingTai160,https://wingtai.solovue.com/images/products/list/desktop/WFF58843.JPG,WFF58843.JPG,,,WingTai800,WFF58843.JPG
Autumn Harves w/Pumpkin Stack Block,WFF58844,,,In Stock,,,,,,16,3.14,24,3.14,48,3.14,16,WingTai400,WingTai160,https://wingtai.solovue.com/images/products/list/desktop/WFF58844.JPG,WFF58844.JPG,,,WingTai800,WFF58844.JPG
S/2 Pumpkin Cottage Enamel Oval Trays,WFI58583-2S,,,In Stock,,,,,,2,21.99,6,19.39,12,17.99,2,WingTai400,WingTai160,https://wingtai.solovue.com/images/products/list/desktop/WFI58583-2S.JPG,WFI58583-2S.JPG,,,WingTai800,WFI58583-2S.JPG
S/3 Pumpkin Cottage Enamel Round Bowls,WFI58584-3S,,,In Stock,,,,,,2,17.99,6,15.99,12,14.99,2,WingTai400,WingTai160,https://wingtai.solovue.com/images/products/list/desktop/WFI58584-3S.JPG,WFI58584-3S.JPG,,,WingTai800,WFI58584-3S.JPG
S/2 Rooted in Nature Oval Trays,WFI58961-2S,,,In Stock,,,,,,2,21.99,6,19.39,12,17.99,2,WingTai400,WingTai160,https://wingtai.solovue.com/images/products/list/desktop/WFI58961-2S.JPG,WFI58961-2S.JPG,,,WingTai800,WFI58961-2S.JPG
Lg Fall Harmony Enamel Pumpkin Block,WFI58978-LG,,,In Stock,,,,,,4,7.95,16,6.95,32,6.45,4,WingTai400,WingTai160,https://wingtai.solovue.com/images/products/list/desktop/WFI58978-LG.JPG,WFI58978-LG.JPG,,,WingTai800,WFI58978-LG.JPG
S/2 Fall Harmony Enamel Oval Trays,WFI58979-2S,,,In Stock,,,,,,4,7.7,6,7.7,12,7.7,4,WingTai400,WingTai160,https://wingtai.solovue.com/images/products/list/desktop/WFI58979-2S.JPG,WFI58979-2S.JPG,,,WingTai800,WFI58979-2S.JPG
Jack O Lantern w/Witch Hat on Stand,WFI58984,,,In Stock,,,,,,4,11.99,8,10.99,16,9.99,4,WingTai400,WingTai160,https://wingtai.solovue.com/images/products/list/desktop/WFI58984.JPG,WFI58984.JPG,,,WingTai800,WFI58984.JPG
Spooky Word Block on Stand,WFI58985,,,In Stock,,,,,,4,11.99,8,10.99,16,9.99,4,WingTai400,WingTai160,https://wingtai.solovue.com/images/products/list/desktop/WFI58985.JPG,WFI58985.JPG,,,WingTai800,WFI58985.JPG
Boo Jack O Lantern Word Block on Stand,WFI58986,,,In Stock,,,,,,4,11.99,8,10.99,16,9.99,4,WingTai400,WingTai160,https://wingtai.solovue.com/images/products/list/desktop/WFI58986.JPG,WFI58986.JPG,,,WingTai800,WFI58986.JPG
Jack O Lantern on Stand,WFI58990,,,In Stock,,,,,,4,8.95,16,7.95,32,7.25,4,WingTai400,WingTai160,https://wingtai.solovue.com/images/products/list/desktop/WFI58990.JPG,WFI58990.JPG,,,WingTai800,WFI58990.JPG
S/2 Pumpkins on Stands,WFI58991-2S,,,In Stock,,,,,,4,9.9,16,9.9,32,9.9,4,WingTai400,WingTai160,https://wingtai.solovue.com/images/products/list/desktop/WFI58991-2S.JPG,WFI58991-2S.JPG,,,WingTai800,WFI58991-2S.JPG
Black Pumpkin Stand,WFI58N001,,,In Stock,,,,,,8,6.95,16,6.15,32,5.65,8,WingTai400,WingTai160,https://wingtai.solovue.com/images/products/list/desktop/WFI58N001.JPG,WFI58N001.JPG,,,WingTai800,WFI58N001.JPG
14 Black/Orange Pumpkins In Jar,WFI58N003-14S,,,In Stock,,,,,,2,21.99,4,19.39,8,17.99,2,WingTai400,WingTai160,https://wingtai.solovue.com/images/products/list/desktop/WFI58N003-14S.JPG,WFI58N003-14S.JPG,,,WingTai800,WFI58N003-14S.JPG
Acorn Dip Tray,WFI58N006,,,In Stock,,,,,,6,6.9,12,6.9,24,6.9,6,WingTai400,WingTai160,https://wingtai.solovue.com/images/products/list/desktop/WFI58N006.JPG,WFI58N006.JPG,,,WingTai800,WFI58N006.JPG
Pumpkin Cottage Mango Vase,WFI58N010,,,In Stock,,,,,,8,6.99,24,6.19,48,5.69,8,WingTai400,WingTai160,https://wingtai.solovue.com/images/products/list/desktop/WFI58N010.JPG,WFI58N010.JPG,,,WingTai800,WFI58N010.JPG
Rooted in Nature Mango Acorn,WFI58N013,,,In Stock,,,,,,4,16.99,12,14.99,24,13.99,4,WingTai400,WingTai160,https://wingtai.solovue.com/images/products/list/desktop/WFI58N013.JPG,WFI58N013.JPG,,,WingTai800,WFI58N013.JPG
Pumpkin Cottage Enamel/Dark Wood Pumpkin,WFI58N014,,,In Stock,,,,,,4,16.99,12,14.99,24,13.99,4,WingTai400,WingTai160,https://wingtai.solovue.com/images/products/list/desktop/WFI58N014.JPG,WFI58N014.JPG,,,WingTai800,WFI58N014.JPG
Lg Dark Mango Slotted Pumpkin,WFI58N019,,,In Stock,,,,,,4,19.99,8,17.99,16,16.99,4,WingTai400,WingTai160,https://wingtai.solovue.com/images/products/list/desktop/WFI58N019.JPG,WFI58N019.JPG,,,WingTai800,WFI58N019.JPG
Sm Dark Mango Slotted Pumpkin,WFI58N020,,,In Stock,,,,,,6,14.99,12,12.99,24,11.99,6,WingTai400,WingTai160,https://wingtai.solovue.com/images/products/list/desktop/WFI58N020.JPG,WFI58N020.JPG,,,WingTai800,WFI58N020.JPG
Vintage Santa Sign,WXF59147,,,In Stock,,,,,,3,19.99,6,17.99,12,16.99,3,WingTai400,WingTai160,https://wingtai.solovue.com/images/products/list/desktop/WXF59147.JPG,WXF59147.JPG,,,WingTai800,WXF59147.JPG
Vintage Snowman Sign,WXF59148,,,In Stock,,,,,,3,19.99,6,17.99,12,16.99,3,WingTai400,WingTai160,https://wingtai.solovue.com/images/products/list/desktop/WXF59148.JPG,WXF59148.JPG,,,WingTai800,WXF59148.JPG
Sm 4 Side White Tree,WXF59168,,,In Stock,,,,,,6,5.99,24,5.49,48,4.99,6,WingTai400,WingTai160,https://wingtai.solovue.com/images/products/list/desktop/WXF59168.JPG,WXF59168.JPG,,,WingTai800,WXF59168.JPG
Med 4 Side Snowflake,WXF59181,,,In Stock,,,,,,4,12.99,12,11.49,24,10.59,4,WingTai400,WingTai160,https://wingtai.solovue.com/images/products/list/desktop/WXF59181.JPG,WXF59181.JPG,,,WingTai800,WXF59181.JPG
Lg 4 Side Snowflake,WXF59182,,,In Stock,,,,,,3,15.99,9,13.99,18,12.99,3,WingTai400,WingTai160,https://wingtai.solovue.com/images/products/list/desktop/WXF59182.JPG,WXF59182.JPG,,,WingTai800,WXF59182.JPG
White Merry Christmas Sign,WXF59185,,,In Stock,,,,,,2,19.99,8,17.99,16,16.99,2,WingTai400,WingTai160,https://wingtai.solovue.com/images/products/list/desktop/WXF59185.JPG,WXF59185.JPG,,,WingTai800,WXF59185.JPG
Snowman w/Red Scarf Rectangular Frame Sign,WXF59627,,,In Stock,,,,,,2,17.9,12,17.9,24,17.9,2,WingTai400,WingTai160,https://wingtai.solovue.com/images/products/list/desktop/WXF59627.JPG,WXF59627.JPG,,,WingTai800,WXF59627.JPG
S/3 Whitewashed Round Trays on Stands,WXF59636-3S,,,In Stock,,,,,,2,22.5,4,22.5,8,22.5,2,WingTai400,WingTai160,https://wingtai.solovue.com/images/products/list/desktop/WXF59636-3S.JPG,WXF59636-3S.JPG,,,WingTai800,WXF59636-3S.JPG
Merry Christmas Sign,WXF59638,,,In Stock,,,,,,2,24.99,4,21.99,8,19.99,2,WingTai400,WingTai160,https://wingtai.solovue.com/images/products/list/desktop/WXF59638.JPG,WXF59638.JPG,,,WingTai800,WXF59638.JPG
Joy Engraved Snowflake Block,WXF59640,,,In Stock,,,,,,10,3.99,20,3.49,40,3.19,10,WingTai400,WingTai160,https://wingtai.solovue.com/images/products/list/desktop/WXF59640.JPG,WXF59640.JPG,,,WingTai800,WXF59640.JPG
S/2 4-Sided Snowflake Trees,WXF59641-2S,,,In Stock,,,,,,2,19.9,4,19.9,8,19.9,2,WingTai400,WingTai160,https://wingtai.solovue.com/images/products/list/desktop/WXF59641-2S.JPG,WXF59641-2S.JPG,,,WingTai800,WXF59641-2S.JPG
S/2 Black Textured Tree Stands,WXF59711-2S-BK,,,In Stock,,,,,,2,24.9,4,24.9,8,24.9,2,WingTai400,WingTai160,https://wingtai.solovue.com/images/products/list/desktop/WXF59711-2S-BK.JPG,WXF59711-2S-BK.JPG,,,WingTai800,WXF59711-2S-BK.JPG
S/2 White Frame Red Snowflake Tree Stands,WXF59712-2S,,,In Stock,,,,,,4,19.99,12,17.99,24,15.99,4,WingTai400,WingTai160,https://wingtai.solovue.com/images/products/list/desktop/WXF59712-2S.JPG,WXF59712-2S.JPG,,,WingTai800,WXF59712-2S.JPG
Let it Snow Blue Framed Sign,WXF59716,,,In Stock,,,,,,2,24.99,4,21.99,8,19.99,2,WingTai400,WingTai160,https://wingtai.solovue.com/images/products/list/desktop/WXF59716.JPG,WXF59716.JPG,,,WingTai800,WXF59716.JPG
S/2 4-Sided Red Snowflake Trees,WXF59783-2S,,,In Stock,,,,,,2,22.5,4,22.5,8,22.5,2,WingTai400,WingTai160,https://wingtai.solovue.com/images/products/list/desktop/WXF59783-2S.JPG,WXF59783-2S.JPG,,,WingTai800,WXF59783-2S.JPG
S/6 Star Snowflake Blocks,WXF59784-6S,,,In Stock,,,,,,4,24.99,8,21.99,12,10.99,4,WingTai400,WingTai160,https://wingtai.solovue.com/images/products/list/desktop/WXF59784-6S.JPG,WXF59784-6S.JPG,,,WingTai800,WXF59784-6S.JPG
2 Asst White/Tan Snowflake Blocks,WXF59785-2A,,,In Stock,,,,,,4,10.99,8,9.99,16,9.19,4,WingTai400,WingTai160,https://wingtai.solovue.com/images/products/list/desktop/WXF59785-2A.JPG,WXF59785-2A.JPG,,,WingTai800,WXF59785-2A.JPG
Sm Tan/White Snowflake Hanger,WXF59789,,,In Stock,,,,,,16,3.99,32,3.49,48,3.19,16,WingTai400,WingTai160,https://wingtai.solovue.com/images/products/list/desktop/WXF59789.JPG,WXF59789.JPG,,,WingTai800,WXF59789.JPG
Tall Midnight Blue Tree,WXF59791,,,In Stock,,,,,,3,14.99,6,12.99,12,11.99,3,WingTai400,WingTai160,https://wingtai.solovue.com/images/products/list/desktop/WXF59791.JPG,WXF59791.JPG,,,WingTai800,WXF59791.JPG
Midnight Blue Tree,WXF59792,,,In Stock,,,,,,4,12.95,8,10.95,16,9.95,4,WingTai400,WingTai160,https://wingtai.solovue.com/images/products/list/desktop/WXF59792.JPG,WXF59792.JPG,,,WingTai800,WXF59792.JPG
11 in White Tiered Tree,WXF59796-11,,,In Stock,,,,,,4,11.99,8,10.99,16,9.99,4,WingTai400,WingTai160,https://wingtai.solovue.com/images/products/list/desktop/WXF59796-11.JPG,WXF59796-11.JPG,,,WingTai800,WXF59796-11.JPG
8 in White Tiered Tree,WXF59796-8,,,In Stock,,,,,,4,8.99,8,7.99,16,7.29,4,WingTai400,WingTai160,https://wingtai.solovue.com/images/products/list/desktop/WXF59796-8.JPG,WXF59796-8.JPG,,,WingTai800,WXF59796-8.JPG
S/3 Red White/Green Tree Blocks,WXF59797-3S,,,In Stock,,,,,,4,11.99,8,10.99,16,9.99,4,WingTai400,WingTai160,https://wingtai.solovue.com/images/products/list/desktop/WXF59797-3S.JPG,WXF59797-3S.JPG,,,WingTai800,WXF59797-3S.JPG
2 Asst Golden Round Hangers,WXF59802-2A,,,In Stock,,,,,,8,5.99,16,5.29,32,4.89,8,WingTai400,WingTai160,https://wingtai.solovue.com/images/products/list/desktop/WXF59802-2A.JPG,WXF59802-2A.JPG,,,WingTai800,WXF59802-2A.JPG
Sq Snowflakes Frame,WXF59807,,,In Stock,,,,,,4,19.99,8,17.99,16,15.99,4,WingTai400,WingTai160,https://wingtai.solovue.com/images/products/list/desktop/WXF59807.JPG,WXF59807.JPG,,,WingTai800,WXF59807.JPG
Midnight Blue Snowy Village Sign,WXF59812,,,In Stock,,,,,,6,9.99,12,8.99,24,8.29,6,WingTai400,WingTai160,https://wingtai.solovue.com/images/products/list/desktop/WXF59812.JPG,WXF59812.JPG,,,WingTai800,WXF59812.JPG
Sm Curved Angel Block,WXF59822-6,,,In Stock,,,,,,6,4.99,18,4.39,36,3.99,6,WingTai400,WingTai160,https://wingtai.solovue.com/images/products/list/desktop/WXF59822-6.JPG,WXF59822-6.JPG,,,WingTai800,WXF59822-6.JPG
Med Curved Angel Block,WXF59822-8,,,In Stock,,,,,,6,5.99,18,5.29,36,4.89,6,WingTai400,WingTai160,https://wingtai.solovue.com/images/products/list/desktop/WXF59822-8.JPG,WXF59822-8.JPG,,,WingTai800,WXF59822-8.JPG
S/2 Black Curved Top Lanterns,WXF59828-2S-BK,,,In Stock,,,,,,2,32.99,4,28.99,8,26.99,2,WingTai400,WingTai160,https://wingtai.solovue.com/images/products/list/desktop/WXF59828-2S-BK.JPG,WXF59828-2S-BK.JPG,,,WingTai800,WXF59828-2S-BK.JPG
S/2 White Curved Top Lanterns,WXF59828-2S-WT,,,In Stock,,,,,,2,32.99,4,28.99,8,26.99,2,WingTai400,WingTai160,https://wingtai.solovue.com/images/products/list/desktop/WXF59828-2S-WT.JPG,WXF59828-2S-WT.JPG,,,WingTai800,WXF59828-2S-WT.JPG
White Sled,WXF59830-L,,,In Stock,,,,,,6,10.95,12,9.95,24,9.25,6,WingTai400,WingTai160,https://wingtai.solovue.com/images/products/list/desktop/WXF59830-L.JPG,WXF59830-L.JPG,,,WingTai800,WXF59830-L.JPG
Red Sled,WXF59830-S,,,In Stock,,,,,,6,8.95,12,7.95,24,7.25,6,WingTai400,WingTai160,https://wingtai.solovue.com/images/products/list/desktop/WXF59830-S.JPG,WXF59830-S.JPG,,,WingTai800,WXF59830-S.JPG
6 in Green Scarf Snowman Block,WXF59846-6,,,In Stock,,,,,,16,3.99,32,3.49,48,3.19,16,WingTai400,WingTai160,https://wingtai.solovue.com/images/products/list/desktop/WXF59846-6.JPG,WXF59846-6.JPG,,,WingTai800,WXF59846-6.JPG
8 in Green Scarf Snowman Block,WXF59846-8,,,In Stock,,,,,,16,4.95,32,4.35,48,3.95,16,WingTai400,WingTai160,https://wingtai.solovue.com/images/products/list/desktop/WXF59846-8.JPG,WXF59846-8.JPG,,,WingTai800,WXF59846-8.JPG
S/3 Snowy Village Blocks (2 Houses),WXF59852-3S,,,In Stock,,,,,,6,9.99,12,8.99,24,8.29,6,WingTai400,WingTai160,https://wingtai.solovue.com/images/products/list/desktop/WXF59852-3S.JPG,WXF59852-3S.JPG,,,WingTai800,WXF59852-3S.JPG
S/3 Snowy Village Blocks (2 Trees),WXF59853-3S,,,In Stock,,,,,,6,9.99,12,8.99,24,8.29,6,WingTai400,WingTai160,https://wingtai.solovue.com/images/products/list/desktop/WXF59853-3S.JPG,WXF59853-3S.JPG,,,WingTai800,WXF59853-3S.JPG
Holly Tree Dip Tray w/Knife,WXI59572-2S,,,In Stock,,,,,,2,17.99,6,15.99,12,14.99,2,WingTai400,WingTai160,https://wingtai.solovue.com/images/products/list/desktop/WXI59572-2S.JPG,WXI59572-2S.JPG,,,WingTai800,WXI59572-2S.JPG
S/2 Dark Wood Oval Trays,WXI59587-2S,,,In Stock,,,,,,2,21.99,6,19.99,12,17.99,2,WingTai400,WingTai160,https://wingtai.solovue.com/images/products/list/desktop/WXI59587-2S.JPG,WXI59587-2S.JPG,,,WingTai800,WXI59587-2S.JPG
Whitewashed Wood Santa on Stand,WXI59983,,,In Stock,,,,,,4,11.99,8,10.99,16,9.99,4,WingTai400,WingTai160,https://wingtai.solovue.com/images/products/list/desktop/WXI59983.JPG,WXI59983.JPG,,,WingTai800,WXI59983.JPG
S/2 Round Winter Scene Stands,WXI59987-2S,,,In Stock,,,,,,2,24.9,6,24.9,12,24.9,2,WingTai400,WingTai160,https://wingtai.solovue.com/images/products/list/desktop/WXI59987-2S.JPG,WXI59987-2S.JPG,,,WingTai800,WXI59987-2S.JPG
Winter Cutout Block,WXI59988,,,In Stock,,,,,,6,11.99,12,10.99,24,9.99,6,WingTai400,WingTai160,https://wingtai.solovue.com/images/products/list/desktop/WXI59988.JPG,WXI59988.JPG,,,WingTai800,WXI59988.JPG
S/3 Blue Snowflake Enamel Trays,WXI59N021-3S,,,In Stock,,,,,,2,17.99,6,15.99,12,14.99,2,WingTai400,WingTai160,https://wingtai.solovue.com/images/products/list/desktop/WXI59N021-3S.JPG,WXI59N021-3S.JPG,,,WingTai800,WXI59N021-3S.JPG
Lighted White Frame Christmas Tree Sign,25WXF206,,,In Stock,,,,,,3,21.99,6,19.99,12,18.99,3,WingTai400,WingTai160,https://wingtai.solovue.com/images/products/list/desktop/25WXF206.JPG,25WXF206.JPG,,,WingTai800,25WXF206.JPG
