RETRO TABLETOP BEACH CAR WITH SURFBOARD ON ROOF,RD010055,,"Bring timeless charm to your store with Vintage Style Tabletop Décor from Zaer Ltd. Crafted from high quality iron with a distressed, hand-painted finish, each freestanding piece features intricate, realistic details. From classic cars to bicycles and airplanes, these nostalgic accents are perfect for tabletops, mantels, bookshelves, and display vignettes. A unique gift item and collectible, ideal for home décor and gift retailers looking to offer something truly distinctive.",,,,,,,,,,,,,,Zaer400,Zaer160,https://www.zaerltd.com/DSN/wwwzaerltdcom/Commerce/ProductImages/mn004360.jpg?v=2.7,mn004360.jpg?v=2.7,,,Zaer800,mn004360.jpg?v=2.7,
VINTAGE STYLE RED AIRPLANE TABLETOP ACCENT,RD070516,,"Bring timeless charm to your store with Vintage Style Tabletop Décor from Zaer Ltd. Crafted from high quality iron with a distressed, hand-painted finish, each freestanding piece features intricate, realistic details. From classic cars to bicycles and airplanes, these nostalgic accents are perfect for tabletops, mantels, bookshelves, and display vignettes. A unique gift item and collectible, ideal for home décor and gift retailers looking to offer something truly distinctive.
- Indoor Only
- Distressed, hand painted finish
- Intricate & realistic details
- Vintage-style appearance
- Packaged 8pcs per master carton (1pc/inner)",,,,,,,,,,,,,,Zaer400,Zaer160,https://www.zaerltd.com/DSN/wwwzaerltdcom/Commerce/ProductImages/mn004361.jpg?v=2.7,mn004361.jpg?v=2.7,,,Zaer800,mn004361.jpg?v=2.7,
VINTAGE STYLE RED LOCOMOTIVE TABLETOP ACCENT,RD104324,,"Bring timeless charm to your store with Vintage Style Tabletop Décor from Zaer Ltd. Crafted from high quality iron with a distressed, hand-painted finish, each freestanding piece features intricate, realistic details. From classic cars to bicycles and airplanes, these nostalgic accents are perfect for tabletops, mantels, bookshelves, and display vignettes. A unique gift item and collectible, ideal for home décor and gift retailers looking to offer something truly distinctive.
- Indoor
- Powder coated
- Distressed, hand painted finish
- Freestanding
- Packaged 6pcs per master carton (1pc/inner)",,,,,,,,,,,,,,Zaer400,Zaer160,https://www.zaerltd.com/DSN/wwwzaerltdcom/Commerce/ProductImages/mn004362.jpg?v=2.7,mn004362.jpg?v=2.7,,,Zaer800,mn004362.jpg?v=2.7,
VINTAGE STYLE 1920'S DECORATIVE SEWING MACHINE BOX,RD104642,,"Turn back time with our 1920's Inspired Decorative Sewing Machine Box. This beautiful piece is handcrafted from metal and wood, then distressed for that authentic vintage feel. The metal sewing machine is stationed atop a small wooden box, perfect for holding small knick-knacks, jewelry, needles and thread, whatever small items you wish! *Sewing Machine is purely decorative - it does not actually function as a sewing machine.
- Freestanding with flat base
- Sturdy & durable
- Distressed, hand painted finish
- Antique appearance
- Crafted from MDF and metal
- Wooden box lifts open for storage
- Small hinge clasp
- Packaged 6pcs per master carton (1pc/inner)
     Master Size: 21.26"" x 17.72"" x 10.43"" H.; G.W.: 22.05lbs; N.W.: 15.87lbs
     Inner Size: 3.68lbs 10.04"" x 4.13"" x 9.25"" H.
Specifications
Materials: 50% iron; 50% wood
Item Weight: 2.65lbs
CBM: 0.064
Finish: Antique Black
   Finish Type: Matte",,,,,,,,,,,,,,Zaer400,Zaer160,https://www.zaerltd.com/DSN/wwwzaerltdcom/Commerce/ProductImages/mn002915.jpg?v=2.7,mn002915.jpg?v=2.7,,,Zaer800,mn002915.jpg?v=2.7,
VINTAGE STYLE BICYCLE SHAPED TABLETOP FRAME,RD110642,,"Bring timeless charm to your store with Vintage Style Tabletop Décor from Zaer Ltd. Crafted from high quality iron with a distressed, hand-painted finish, each freestanding piece features intricate, realistic details. From classic cars to bicycles and airplanes, these nostalgic accents are perfect for tabletops, mantels, bookshelves, and display vignettes. A unique gift item and collectible, ideal for home décor and gift retailers looking to offer something truly distinctive.",,,,,,,,,,,,,,Zaer400,Zaer160,https://www.zaerltd.com/DSN/wwwzaerltdcom/Commerce/ProductImages/mn004363.jpg?v=2.7,mn004363.jpg?v=2.7,,,Zaer800,mn004363.jpg?v=2.7,
VINTAGE STYLE CHRISTMAS VAN DECORATION,RD191794,,"Bring timeless charm to your store with Vintage Style Tabletop Décor from Zaer Ltd. Crafted from high quality iron with a distressed, hand-painted finish, each freestanding piece features intricate, realistic details. From classic cars to bicycles and airplanes, these nostalgic accents are perfect for tabletops, mantels, bookshelves, and display vignettes. A unique gift item and collectible, ideal for home décor and gift retailers looking to offer something truly distinctive.",,,,,,,,,,,,,,Zaer400,Zaer160,https://www.zaerltd.com/DSN/wwwzaerltdcom/Commerce/ProductImages/mn004364.jpg?v=2.7,mn004364.jpg?v=2.7,,,Zaer800,mn004364.jpg?v=2.7,
VINTAGE STYLE TABLETOP BICYCLE DECORATION IN ANTIQUE WHITE,RD204051-AW,,"Bring timeless charm to your store with Vintage Style Tabletop Décor from Zaer Ltd. Crafted from high quality iron with a distressed, hand-painted finish, each freestanding piece features intricate, realistic details. From classic cars to bicycles and airplanes, these nostalgic accents are perfect for tabletops, mantels, bookshelves, and display vignettes. A unique gift item and collectible, ideal for home décor and gift retailers looking to offer something truly distinctive.
- Indoor Only
- Powder coated iron
- Gorgeous realistic details
- Distressed, hand painted finish 
- Antique appearance & style
- Freestanding
- Packaged 24pcs per master carton (1pc/inner)
     Master Size: 18.11"" x 15.35"" x 17.32"" H.; G.W.: 16.14lbs, N.W.: 9.52lbs
     Inner Size: 7.09"" x 2.76"" x 3.94"" H.
Specifications
Material: 100% iron
Item Weight: 0.50lbs
CBM: 0.079
Finishes: Antique White, Green, Navy Blue
   Finish Type: Matte",,,,,,,,,,,,,,Zaer400,Zaer160,https://www.zaerltd.com/DSN/wwwzaerltdcom/Commerce/ProductImages/mn004365.jpg?v=2.7,mn004365.jpg?v=2.7,,,Zaer800,mn004365.jpg?v=2.7,
VINTAGE STYLE TABLETOP BICYCLE DECORATION IN GREEN,RD204051-GR,,"Bring timeless charm to your store with Vintage Style Tabletop Décor from Zaer Ltd. Crafted from high quality iron with a distressed, hand-painted finish, each freestanding piece features intricate, realistic details. From classic cars to bicycles and airplanes, these nostalgic accents are perfect for tabletops, mantels, bookshelves, and display vignettes. A unique gift item and collectible, ideal for home décor and gift retailers looking to offer something truly distinctive.
- Indoor Only
- Powder coated iron
- Gorgeous realistic details
- Distressed, hand painted finish 
- Antique appearance & style
- Freestanding
- Packaged 24pcs per master carton (1pc/inner)
     Master Size: 18.11"" x 15.35"" x 17.32"" H.; G.W.: 16.14lbs, N.W.: 9.52lbs
     Inner Size: 7.09"" x 2.76"" x 3.94"" H.
Specifications
Material: 100% iron
Item Weight: 0.50lbs
CBM: 0.079
Finishes: Antique White, Green, Navy Blue
   Finish Type: Matte",,,,,,,,,,,,,,Zaer400,Zaer160,https://www.zaerltd.com/DSN/wwwzaerltdcom/Commerce/ProductImages/mn004366.jpg?v=2.7,mn004366.jpg?v=2.7,,,Zaer800,mn004366.jpg?v=2.7,
VINTAGE STYLE TABLETOP BICYCLE DECORATION IN NAVY BLUE,RD204051-NV,,"Bring timeless charm to your store with Vintage Style Tabletop Décor from Zaer Ltd. Crafted from high quality iron with a distressed, hand-painted finish, each freestanding piece features intricate, realistic details. From classic cars to bicycles and airplanes, these nostalgic accents are perfect for tabletops, mantels, bookshelves, and display vignettes. A unique gift item and collectible, ideal for home décor and gift retailers looking to offer something truly distinctive.
- Indoor Only
- Powder coated iron
- Gorgeous realistic details
- Distressed, hand painted finish 
- Antique appearance & style
- Freestanding
- Packaged 24pcs per master carton (1pc/inner)
     Master Size: 18.11"" x 15.35"" x 17.32"" H.; G.W.: 16.14lbs, N.W.: 9.52lbs
     Inner Size: 7.09"" x 2.76"" x 3.94"" H.
Specifications
Material: 100% iron
Item Weight: 0.50lbs
CBM: 0.079
Finishes: Antique White, Green, Navy Blue
   Finish Type: Matte",,,,,,,,,,,,,,Zaer400,Zaer160,https://www.zaerltd.com/DSN/wwwzaerltdcom/Commerce/ProductImages/mn004367.jpg?v=2.7,mn004367.jpg?v=2.7,,,Zaer800,mn004367.jpg?v=2.7,
VINTAGE STYLE RED VACATION BUS TABLETOP ACCENT,RD210432-RD,,"Bring timeless charm to your store with Vintage Style Tabletop Décor from Zaer Ltd. Crafted from high quality iron with a distressed, hand-painted finish, each freestanding piece features intricate, realistic details. From classic cars to bicycles and airplanes, these nostalgic accents are perfect for tabletops, mantels, bookshelves, and display vignettes. A unique gift item and collectible, ideal for home décor and gift retailers looking to offer something truly distinctive.
- Indoor Only
- Distressed, hand painted finish
- Intricate & realistic details
- Vintage-style appearance
- Freestanding
- Packaged 48pcs per master carton (1pc/inner)
     Master Carton: 30.95lbs 21.26"" x 13.78"" x 20.47"" H.
     Inner Carton: 6.69"" x 3.15"" x 4.72"" H.
Specifications
Material: 100% iron
Item Weight: 0.50lbs
CBM: 0.098
Finish: Antique Red
   Finish Type: Matte",,,,,,,,,,,,,,Zaer400,Zaer160,https://www.zaerltd.com/DSN/wwwzaerltdcom/Commerce/ProductImages/mn004368.jpg?v=2.7,mn004368.jpg?v=2.7,,,Zaer800,mn004368.jpg?v=2.7,
VINTAGE STYLE HOT ROD CAR DÉCOR,RD304044,,"Bring timeless charm to your store with Vintage Style Tabletop Décor from Zaer Ltd. Crafted from high quality iron with a distressed, hand-painted finish, each freestanding piece features intricate, realistic details. From classic cars to bicycles and airplanes, these nostalgic accents are perfect for tabletops, mantels, bookshelves, and display vignettes. A unique gift item and collectible, ideal for home décor and gift retailers looking to offer something truly distinctive.
- Indoor Only
- Distressed, hand painted finish
- Intricate & realistic details
- Vintage-style appearance
- Packaged 6pcs per master carton (1pc/inner)",,,,,,,,,,,,,,Zaer400,Zaer160,https://www.zaerltd.com/DSN/wwwzaerltdcom/Commerce/ProductImages/mn004369.jpg?v=2.7,mn004369.jpg?v=2.7,,,Zaer800,mn004369.jpg?v=2.7,
VINTAGE STYLE GREEN ICE CREAM CART TABLETOP DECORATION,RD304143,,"Bring timeless charm to your store with Vintage Style Tabletop Décor from Zaer Ltd. Crafted from high quality iron with a distressed, hand-painted finish, each freestanding piece features intricate, realistic details. From classic cars to bicycles and airplanes, these nostalgic accents are perfect for tabletops, mantels, bookshelves, and display vignettes. A unique gift item and collectible, ideal for home décor and gift retailers looking to offer something truly distinctive.
- Indoor Only
- Distressed, hand painted finish
- Intricate & realistic details
- Vintage-style appearance
- Packaged 24pcs per master carton (1pc/inner)",,,,,,,,,,,,,,Zaer400,Zaer160,https://www.zaerltd.com/DSN/wwwzaerltdcom/Commerce/ProductImages/mn004370.jpg?v=2.7,mn004370.jpg?v=2.7,,,Zaer800,mn004370.jpg?v=2.7,
VINTAGE STYLE PINK ICE CREAM TRICYCLE CART DECORATION,RD304146,,"Bring timeless charm to your store with Vintage Style Tabletop Décor from Zaer Ltd. Crafted from high quality iron with a distressed, hand-painted finish, each freestanding piece features intricate, realistic details. From classic cars to bicycles and airplanes, these nostalgic accents are perfect for tabletops, mantels, bookshelves, and display vignettes. A unique gift item and collectible, ideal for home décor and gift retailers looking to offer something truly distinctive.",,,,,,,,,,,,,,Zaer400,Zaer160,https://www.zaerltd.com/DSN/wwwzaerltdcom/Commerce/ProductImages/mn004371.jpg?v=2.7,mn004371.jpg?v=2.7,,,Zaer800,mn004371.jpg?v=2.7,
VINTAGE STYLE BEACH MOPED WITH SURFBOARD ACCENT,RD304530,,"Bring timeless charm to your store with Vintage Style Tabletop Décor from Zaer Ltd. Crafted from high quality iron with a distressed, hand-painted finish, each freestanding piece features intricate, realistic details. From classic cars to bicycles and airplanes, these nostalgic accents are perfect for tabletops, mantels, bookshelves, and display vignettes. A unique gift item and collectible, ideal for home décor and gift retailers looking to offer something truly distinctive.",,,,,,,,,,,,,,Zaer400,Zaer160,https://www.zaerltd.com/DSN/wwwzaerltdcom/Commerce/ProductImages/mn004372.jpg?v=2.7,mn004372.jpg?v=2.7,,,Zaer800,mn004372.jpg?v=2.7,
"11"" CALIFORNIA CAMPER WITH SURFBOARD DECORATION",RD310325,,"Bring timeless charm to your store with Vintage Style Tabletop Décor from Zaer Ltd. Crafted from high quality iron with a distressed, hand-painted finish, each freestanding piece features intricate, realistic details. From classic cars to bicycles and airplanes, these nostalgic accents are perfect for tabletops, mantels, bookshelves, and display vignettes. A unique gift item and collectible, ideal for home décor and gift retailers looking to offer something truly distinctive.
- Indoor Only
- Distressed, hand painted finish
- Intricate & realistic details
- Vintage-style appearance
- Freestanding
- Packaged 8pcs per master carton (1pc/inner)
     Master Carton: 20.08"" x 12.6"" x 17.32"" H.; G.W.: 17.86lbs, N.W.: 11.24lbs
     Inner Carton: 2.25lbs 11.81"" x 6.3"" x 8.27"" H.
Specifications
Material: 100% iron
Item Weight: 1.41lbs
CBM: 0.072
Finish: Light Blue/Ivory
   Finish Type: Matte",,,,,,,,,,,,,,Zaer400,Zaer160,https://www.zaerltd.com/DSN/wwwzaerltdcom/Commerce/ProductImages/mn004373.jpg?v=2.7,mn004373.jpg?v=2.7,,,Zaer800,mn004373.jpg?v=2.7,
VINTAGE STYLE RED BICYCLE WITH BASKET TABLETOP ACCENT,RD310337,,"Bring timeless charm to your store with Vintage Style Tabletop Décor from Zaer Ltd. Crafted from high quality iron with a distressed, hand-painted finish, each freestanding piece features intricate, realistic details. From classic cars to bicycles and airplanes, these nostalgic accents are perfect for tabletops, mantels, bookshelves, and display vignettes. A unique gift item and collectible, ideal for home décor and gift retailers looking to offer something truly distinctive.
- Indoor Only
- Distressed, hand painted finish
- Intricate & realistic details
- Vintage-style appearance
- Packaged 8pcs per master carton (1pc/inner)",,,,,,,,,,,,,,Zaer400,Zaer160,https://www.zaerltd.com/DSN/wwwzaerltdcom/Commerce/ProductImages/mn004374.jpg?v=2.7,mn004374.jpg?v=2.7,,,Zaer800,mn004374.jpg?v=2.7,
RETRO SCOOTER TABLETOP ACCENT,RD310346,,"Bring timeless charm to your store with Vintage Style Tabletop Décor from Zaer Ltd. Crafted from high quality iron with a distressed, hand-painted finish, each freestanding piece features intricate, realistic details. From classic cars to bicycles and airplanes, these nostalgic accents are perfect for tabletops, mantels, bookshelves, and display vignettes. A unique gift item and collectible, ideal for home décor and gift retailers looking to offer something truly distinctive.",,,,,,,,,,,,,,Zaer400,Zaer160,https://www.zaerltd.com/DSN/wwwzaerltdcom/Commerce/ProductImages/mn004375.jpg?v=2.7,mn004375.jpg?v=2.7,,,Zaer800,mn004375.jpg?v=2.7,
METALLIC FINISH VINTAGE STYLE MOPED SCOOTER DÉCOR,RD310529,,"Bring timeless charm to your store with Vintage Style Tabletop Décor from Zaer Ltd. Crafted from high quality iron with a distressed, hand-painted finish, each freestanding piece features intricate, realistic details. From classic cars to bicycles and airplanes, these nostalgic accents are perfect for tabletops, mantels, bookshelves, and display vignettes. A unique gift item and collectible, ideal for home décor and gift retailers looking to offer something truly distinctive.",,,,,,,,,,,,,,Zaer400,Zaer160,https://www.zaerltd.com/DSN/wwwzaerltdcom/Commerce/ProductImages/mn004376.jpg?v=2.7,mn004376.jpg?v=2.7,,,Zaer800,mn004376.jpg?v=2.7,
METALLIC FINISH VINTAGE STYLE PICKUP TRUCK DÉCOR,RD310535,,"Bring timeless charm to your store with Vintage Style Tabletop Décor from Zaer Ltd. Crafted from high quality iron with a distressed, hand-painted finish, each freestanding piece features intricate, realistic details. From classic cars to bicycles and airplanes, these nostalgic accents are perfect for tabletops, mantels, bookshelves, and display vignettes. A unique gift item and collectible, ideal for home décor and gift retailers looking to offer something truly distinctive.
- Indoor Only
- Distressed, hand painted finish
- Intricate & realistic details
- Vintage-style appearance
- Packaged 6pcs per master carton (1pc/inner)",,,,,,,,,,,,,,Zaer400,Zaer160,https://www.zaerltd.com/DSN/wwwzaerltdcom/Commerce/ProductImages/mn004377.jpg?v=2.7,mn004377.jpg?v=2.7,,,Zaer800,mn004377.jpg?v=2.7,
RETRO-STYLE METAL TRACTOR WALL HOOK DÉCOR,RD404242,,"Bring timeless charm to your store with Vintage Style Tabletop Décor from Zaer Ltd. Crafted from high quality iron with a distressed, hand-painted finish, each freestanding piece features intricate, realistic details. From classic cars to bicycles and airplanes, these nostalgic accents are perfect for tabletops, mantels, bookshelves, and display vignettes. A unique gift item and collectible, ideal for home décor and gift retailers looking to offer something truly distinctive.
- Indoor Only
- Distressed, hand painted finish
- Intricate & realistic details
- Easy to hang
- Includes five hooks
- Vintage-style appearance
- Packaged 6pcs per master carton (1pc/inner)
     Master Size: 21.65"" x 14.17"" x 18.11"" H.; G.W.: 26.32lbs, N.W.: 19.71lbs
     Inner Size: 4.39lbs 10.24"" x 4.33"" x 16.93"" H.",,,,,,,,,,,,,,Zaer400,Zaer160,https://www.zaerltd.com/DSN/wwwzaerltdcom/Commerce/ProductImages/mn004378.jpg?v=2.7,mn004378.jpg?v=2.7,,,Zaer800,mn004378.jpg?v=2.7,
VINTAGE STYLE BOMBER AIRPLANE DECORATION,RD510211,,"Bring timeless charm to your store with Vintage Style Tabletop Décor from Zaer Ltd. Crafted from high quality iron with a distressed, hand-painted finish, each freestanding piece features intricate, realistic details. From classic cars to bicycles and airplanes, these nostalgic accents are perfect for tabletops, mantels, bookshelves, and display vignettes. A unique gift item and collectible, ideal for home décor and gift retailers looking to offer something truly distinctive.",,,,,,,,,,,,,,Zaer400,Zaer160,https://www.zaerltd.com/DSN/wwwzaerltdcom/Commerce/ProductImages/mn004379.jpg?v=2.7,mn004379.jpg?v=2.7,,,Zaer800,mn004379.jpg?v=2.7,
METAL MODEL MOTORCYCLE IN YELLOW,RD610095,,"Our Metal Model Motorcycle is a true work of art. Skillfully crafted with a 100% quality iron frame, this piece is meticulously hand painted for precise and authentic details. Looks great displayed on coffee tables, desktops, shelves, and bookcases.
- Indoor/Outdoor
- Weather & rust resistant
- Powder coated iron
- Hand painted with distressed finish
- Freestanding
- Makes a great gift
- Packaged 6pcs per carton (1pc/inner)
     Master Size: 22.44"" x 16.14"" x 19.29"" H.; G.W.: 19.18lbs, N.W.: 12.57lbs
     Inner Size: 3.20lbs 15.35"" x 7.09"" x 9.06"" H.
Specifications
Material: 100% iron
Item Weight: 2.10lbs 
CBM: .0115
MOQ: 6pcs
Finish: Antique Yellow
   Finish Type: Matte",,,,,,,,,,,,,,Zaer400,Zaer160,https://www.zaerltd.com/DSN/wwwzaerltdcom/Commerce/ProductImages/mn002991.jpg?v=2.7,mn002991.jpg?v=2.7,,,Zaer800,mn002991.jpg?v=2.7,
VINTAGE STYLE FIRETRUCK HANGING WALL DÉCOR,RD610625,,"Bring timeless charm to your store with Vintage Style Tabletop Décor from Zaer Ltd. Crafted from high quality iron with a distressed, hand-painted finish, each freestanding piece features intricate, realistic details. From classic cars to bicycles and airplanes, these nostalgic accents are perfect for tabletops, mantels, bookshelves, and display vignettes. A unique gift item and collectible, ideal for home décor and gift retailers looking to offer something truly distinctive.",,,,,,,,,,,,,,Zaer400,Zaer160,https://www.zaerltd.com/DSN/wwwzaerltdcom/Commerce/ProductImages/mn004380.jpg?v=2.7,mn004380.jpg?v=2.7,,,Zaer800,mn004380.jpg?v=2.7,
VINTAGE STYLE IRON MOTORCYCLE DECORATION IN ARMY GREEN,RD610840-GR,,"Add rugged, vintage charm to your product offerings with Zaer Ltd.'s Vintage Style Iron Motorcycle Decoration. Handcrafted from 100% quality iron and finished with a weathered, hand-painted look, this decorative piece features realistic detailing, rotating wheels, and a freestanding design. Built to withstand indoor or outdoor display, it's a standout addition to shelves, desktops, mantels, and more.
- Indoor/Outdoor
- Weather & rust resistant
- Powder coated iron
- Realistic details & rotating wheels
- Hand painted with distressed finish
- Freestanding
- Packaged 12pcs per master carton (1pc/inner)
     Master Size: 24.8"" x 18.9"" x 12.99"" H.; G.W.: 20.11lbs, N.W.: 13.49lbs
     Inner Size: 1.68lbs 11.81"" x 5.91"" x 5.91"" H.
Specifications
Material: 100% iron
Item Weight:1.12lbs
CBM: 0.100
Finishes: Army Green, Antique Yellow
   Finish Type: Matte",,,,,,,,,,,,,,Zaer400,Zaer160,https://www.zaerltd.com/DSN/wwwzaerltdcom/Commerce/ProductImages/mn002945.jpg?v=2.7,mn002945.jpg?v=2.7,,,Zaer800,mn002945.jpg?v=2.7,
VINTAGE STYLE IRON MOTORCYCLE DECORATION IN ANTIQUE YELLOW,RD610840-YL,,"Add rugged, vintage charm to your product offerings with Zaer Ltd.'s Vintage Style Iron Motorcycle Decoration. Handcrafted from 100% quality iron and finished with a weathered, hand-painted look, this decorative piece features realistic detailing, rotating wheels, and a freestanding design. Built to withstand indoor or outdoor display, it's a standout addition to shelves, desktops, mantels, and more.
- Indoor/Outdoor
- Weather & rust resistant
- Powder coated iron
- Realistic details & rotating wheels
- Hand painted with distressed finish
- Freestanding
- Packaged 12pcs per master carton (1pc/inner)
     Master Size: 24.8"" x 18.9"" x 12.99"" H.; G.W.: 20.11lbs, N.W.: 13.49lbs
     Inner Size: 1.68lbs 11.81"" x 5.91"" x 5.91"" H.
Specifications
Material: 100% iron
Item Weight:1.12lbs
CBM: 0.100
Finishes: Army Green, Antique Yellow
   Finish Type: Matte",,,,,,,,,,,,,,Zaer400,Zaer160,https://www.zaerltd.com/DSN/wwwzaerltdcom/Commerce/ProductImages/mn002948.jpg?v=2.7,mn002948.jpg?v=2.7,,,Zaer800,mn002948.jpg?v=2.7,
CALIFORNIA CAMPER WITH SURFBOARD DECORATION,RD610986,,"Bring a touch of coastal nostalgia to your displays with our California Camper with Surfboard Decoration. Expertly handcrafted from powder-coated, weather-resistant iron, this decorative piece captures the spirit of sun-soaked beach days with realistic details like a rooftop suitcase, side awning, and classic surfboard. Hand painted with a charming, distressed finish, it's designed for both indoor and outdoor use. A fun, eye-catching accent for desktops, bookshelves, and retail displays, and a standout gift for beach lovers and travel enthusiasts alike.
- Indoor/Outdoor
- Weather & rust resistant
- Powder coated iron
- Distressed, hand painted finish
- Realistic details such as suitcase and awning
- Packaged 12pcs per master carton (1pc/inner)
     Master Size: 22.44"" x 21.26"" x 17.72"" H.; G.W.: 21.69lbs, N.W.: 15.08lbs
     Inner Size: 1.81lbs 10.63"" x 6.69"" x 8.27"" H.
Specifications
Material: 100% iron
Item Weight:1.126lbs
CBM: 0.139
Finishes: Off-White/Light Blue/Red
   Finish Type: Matte",,,,,,,,,,,,,,Zaer400,Zaer160,https://www.zaerltd.com/DSN/wwwzaerltdcom/Commerce/ProductImages/mn002949.jpg?v=2.7,mn002949.jpg?v=2.7,,,Zaer800,mn002949.jpg?v=2.7,
"6.5"" TALL METAL DIVER'S HELMET DECORATION",RD704268,,"Dive into nautical nostalgia with our 6.5"" Tall Metal Diver's Helmet Decoration - a striking tribute to the golden age of deep-sea exploration. Handcrafted from durable iron and finished in a weathered Antique Copper tone, this freestanding piece adds vintage maritime charm to any desk, shelf, or tabletop display. Its weighted design and intricate detailing make it a standout accent for ocean lovers, collectors, or themed décor displays.
- Indoor/Outdoor
- Weather & rust resistant
- Powder coated iron
- Gorgeous realistic details
- Distressed, hand painted finish 
- Antique appearance & style
- Packaged 12pcs per master carton (1pc/inner)
     Master Size: 21.26"" x 16.14"" x 15.35"" H.; G.W.: 23.55lbs, N.W.: 16.938lbs
     Inner Size: 2lbs 7.48"" x 6.69"" x 7.09"" H.
Specifications
Material: 100% iron
Item Weight:1.41lbs
CBM: 0.086
Finishes: Antique Copper 
   Finish Type: Metallic",,,,,,,,,,,,,,Zaer400,Zaer160,https://www.zaerltd.com/DSN/wwwzaerltdcom/Commerce/ProductImages/mn002914.jpg?v=2.7,mn002914.jpg?v=2.7,,,Zaer800,mn002914.jpg?v=2.7,
METAL MOTORCYCLE WITH SIDE CART DECORATION IN ARMY GREEN,RD804234-GR,,"Bring timeless charm to your store with Vintage Style Tabletop Décor from Zaer Ltd. Crafted from high quality iron with a distressed, hand-painted finish, each freestanding piece features intricate, realistic details. From classic cars to bicycles and airplanes, these nostalgic accents are perfect for tabletops, mantels, bookshelves, and display vignettes. A unique gift item and collectible, ideal for home décor and gift retailers looking to offer something truly distinctive.
- Indoor Only
- Powder coated
- Distressed, hand painted finish
- Intricate & realistic details
- Vintage-style appearance
- Packaged 6pcs per master carton (1pc/inner)
     Master Size: 24.80"" x 14.57"" x 17.72"" H.; G.W.: 17.86lbs, N.W.: 12.04lbs
     Inner Size: 2.98lbs 13.78"" 7.87"" x 8.27"" H.
Specifications
Material: 100% iron
Item Weight: 2lbs 
CBM: 0.105
Finish: Army Green
   Finish Type: matte",,,,,,,,,,,,,,Zaer400,Zaer160,https://www.zaerltd.com/DSN/wwwzaerltdcom/Commerce/ProductImages/mn004381.jpg?v=2.7,mn004381.jpg?v=2.7,,,Zaer800,mn004381.jpg?v=2.7,
DECORATIVE AMERICANA MODEL AIRPLANE,RD804340,,"Put your pride for your country on full display with our Decorative Americana Model Airplane. This handsome decoration is crafted from 100% powder coated iron and then hand painted to resemble the American Flag. Looks great on any desktop, mantle, or bookcase and makes an awesome gift!
- Indoor/Outdoor
- Weather & rust resistant
- Powder coated iron
- Hand painted with distressed finish
- Freestanding
- Packaged 6pcs per carton (1pc/inner)
     Master Size: 19.49"" x 14.57"" x 27.36"" H.; G.W.: 14.02lbs, N.W.: 7.41lbs
     Inner Size: 2.34lbs 13.78"" x 6.10"" x 12.99"" H.
Specifications
Material: 100% iron
Item Weight:1.235lbs
CBM: 0.127
Finishes: Red/White/Blue 
   Finish Type: Matte",,,,,,,,,,,,,,Zaer400,Zaer160,https://www.zaerltd.com/DSN/wwwzaerltdcom/Commerce/ProductImages/mn002987.jpg?v=2.7,mn002987.jpg?v=2.7,,,Zaer800,mn002987.jpg?v=2.7,
DECORATIVE BABY BLUE MODEL FLOATPLANE,RD804344,,"Though their popularity decreased after World War II, there are still some niche uses for the seaplane. This particular model is called a floatplane. Crafted from high quality iron, the details throughout the model, as well as the precision hand painting, gives our floatplane an authentic appearance.
- Indoor/Outdoor
- Weather & rust resistant
- Powder coated iron
- Hand painted with distressed finish
- Freestanding
- Packaged 6pcs/carton
     Master Size: 17.72"" x 14.57"" x 25.59"" H.; G.W.: 13.10lbs, N.W.: 10.48lbs
     Inner Size: 2.18lbs 13.78"" x 5.51"" x 12.2"" H.
Specifications
Material: 100% iron
Item Weight:1.75lbs
CBM: 0.108
Finishes: Light Blue 
   Finish Type: Matte",,,,,,,,,,,,,,Zaer400,Zaer160,https://www.zaerltd.com/DSN/wwwzaerltdcom/Commerce/ProductImages/mn002988.jpg?v=2.7,mn002988.jpg?v=2.7,,,Zaer800,mn002988.jpg?v=2.7,
OLD STYLE NAVY CAR TABLETOP DECORATION,RD810167,,"Bring timeless charm to your store with Vintage Style Tabletop Décor from Zaer Ltd. Crafted from high quality iron with a distressed, hand-painted finish, each freestanding piece features intricate, realistic details. From classic cars to bicycles and airplanes, these nostalgic accents are perfect for tabletops, mantels, bookshelves, and display vignettes. A unique gift item and collectible, ideal for home décor and gift retailers looking to offer something truly distinctive.",,,,,,,,,,,,,,Zaer400,Zaer160,https://www.zaerltd.com/DSN/wwwzaerltdcom/Commerce/ProductImages/mn004382.jpg?v=2.7,mn004382.jpg?v=2.7,,,Zaer800,mn004382.jpg?v=2.7,
VINTAGE STYLE RADIO TABLETOP DECORATION,RD810391,,"Bring timeless charm to your store with Vintage Style Tabletop Décor from Zaer Ltd. Crafted from high quality iron with a distressed, hand-painted finish, each freestanding piece features intricate, realistic details. From classic cars to bicycles and airplanes, these nostalgic accents are perfect for tabletops, mantels, bookshelves, and display vignettes. A unique gift item and collectible, ideal for home décor and gift retailers looking to offer something truly distinctive.",,,,,,,,,,,,,,Zaer400,Zaer160,https://www.zaerltd.com/DSN/wwwzaerltdcom/Commerce/ProductImages/mn004383.jpg?v=2.7,mn004383.jpg?v=2.7,,,Zaer800,mn004383.jpg?v=2.7,
"""STEPHANIA"" VICTORIAN-STYLE FOLDING IRON GARDEN TABLE IN ANTIQUE WHITE",ZR090519-AW,,"This Victorian Garden Table is the perfect addition to your patio, deck, or garden. Create your own little personal and individualized oasis with our sturdily built table, that's made from quality powder coated iron and painted to have a beautiful distressed finish. This piece is incredibly easy to assemble and even folds up for easy storage. It's safe for both indoor and outdoor use and looks wonderful when paired with other pieces from our ""Stephania"" Collection. 
- Indoor/Outdoor
- Powder coated for added protection
- Weather & rust resistant
- Hand painted with distressed finish
- Sturdy & durable
- No assembly required
- Packaged one piece per carton
     Carton Size: 17.6lbs 27.56"" x 6.69"" x 32.28"" H.
Specifications
Material: 100% iron
CBM: 0.098
Item Weight: 13.2lbs
MOQ: 2pcs
Finishes: Antique White, Antique Blue, Antique Green
   Finish Type: Matte
Seating Capacity: 1 person
Weight Capacity: 40lbs
Shape of Table: Round
Tabletop Diameter: 22""
Leg Space Height (floor to tabletop): 20""
Tabletop Thickness: 0.50""",,,,,,,,,,,,,,Zaer400,Zaer160,https://www.zaerltd.com/DSN/wwwzaerltdcom/Commerce/ProductImages/mn000921.jpg?v=2.7,mn000921.jpg?v=2.7,,,Zaer800,mn000921.jpg?v=2.7,
"""STEPHANIA"" VICTORIAN-STYLE IRON GARDEN BENCH IN ANTIQUE WHITE",ZR090517-AW,,"Add some style and elegance to your business and customer's homes with the ""Stephania"" Iron Garden Bench. This bench is a great item for stores as it not only gives your customers a place to sit, but they can then get a feel for the furniture themselves. It's not only functional, but beautiful with a lattice bench back, and simple yet delicate ironwork details throughout. Browse the rest of our ""Stephania"" Garden Furniture Collection: ZR090519 Victorian Folding Table and ZR090518 Victorian Armchair.
- Indoor/Outdoor
- Powder coated for added protection
- Weather & rust resistant
- Sturdy and durable
- Simple partial assembly (less than 10 minutes)
- Packaged one piece per carton
     Carton Size: 35.2lbs 24.8"" x 6.7"" x 43.3"" H.
Specifications
Material: 100% iron
Item Weight: 30.8lbs
Seating Capacity: 2 people
Weight Capacity: 660 lbs
Leg Space Height (floor to seat) 17""
Backrest Height (seat to top): 23.5""
Seat Width (side to side): 42""
Seat Depth (front to back): 17""
Finishes: Antique White, Antique Blue, Antique Green",,,,,,,,,,,,,,Zaer400,Zaer160,https://www.zaerltd.com/DSN/wwwzaerltdcom/Commerce/ProductImages/mn001284.jpg?v=2.7,mn001284.jpg?v=2.7,,,Zaer800,mn001284.jpg?v=2.7,
"""STEPHANIA"" VICTORIAN-STYLE FOLDING IRON GARDEN TABLE IN ANTIQUE GREEN",ZR090519-GR,,"This Victorian Garden Table is the perfect addition to your patio, deck, or garden. Create your own little personal and individualized oasis with our sturdily built table, that's made from quality powder coated iron and painted to have a beautiful distressed finish. This piece is incredibly easy to assemble and even folds up for easy storage. It's safe for both indoor and outdoor use and looks wonderful when paired with other pieces from our ""Stephania"" Collection. 
- Indoor/Outdoor
- Powder coated for added protection
- Weather & rust resistant
- Hand painted with distressed finish
- Sturdy & durable
- No assembly required
- Packaged one piece per carton
     Carton Size: 17.6lbs 27.56"" x 6.69"" x 32.28"" H.
Specifications
Material: 100% iron
CBM: 0.098
Item Weight: 13.2lbs
MOQ: 2pcs
Finishes: Antique White, Antique Blue, Antique Green
   Finish Type: Matte
Seating Capacity: 1 person
Weight Capacity: 40lbs
Shape of Table: Round
Tabletop Diameter: 22""
Leg Space Height (floor to tabletop): 20""
Tabletop Thickness: 0.50""",,,,,,,,,,,,,,Zaer400,Zaer160,https://www.zaerltd.com/DSN/wwwzaerltdcom/Commerce/ProductImages/mn003395.jpg?v=2.7,mn003395.jpg?v=2.7,,,Zaer800,mn003395.jpg?v=2.7,
SET OF 2 METAL JACK-O-LANTERN MUSICIAN COUPLE,ZR104175-SET,,"These unique Halloween figurines are a perfect blend of tradition and whimsy, offering your customers a novel way to celebrate the spooky season. Each set includes a 21.5"" Tall Jack-O-Lantern Musician Man with a French Horn and a 20.75"" Tall Jack-O-Lantern Musician Lady with a Fiddle. Their sturdy construction and interesting design ensure they will be a beloved part of any Halloween collection. Stock up on this distinctive set and provide your customers with a delightful decor option that brings the spirit of Halloween to life through the joy of music.
- Indoor/Outdoor
- Weather resistant
- Powder coated
- Freestanding
- Hand panted, distressed finish
- Intricate design, carvings, & details
- Packaged one set per carton
     Carton Size: 4.4lbs 21.65"" x 8.66"" x 10.24"" H.
Specifications
Material: 100% iron
Set Weight: 2.42lbs
CBM: 0.103
Finish: Orange/Black
Hollow?: Yes
Item No.: ZR104175
Name: 21.5"" Tall Jack-O-Lantern Musician Man with French Horn
Dimensions: 8.75"" L x 5.75"" W x 21.5"" H.
Weight: 1.21lbs
UPC: 880104175190
Item No.: ZR104176
Name: 20.75"" Tall Jack-O-Lantern Musician Lady with Fiddle
Dimensions: 9"" L x 5.5"" W x 20.75"" H.
Weight: 1.21lbs
UPC: 880104176197",,,,,,,,,,,,,,Zaer400,Zaer160,https://www.zaerltd.com/DSN/wwwzaerltdcom/Commerce/ProductImages/mn003996.jpg?v=2.7,mn003996.jpg?v=2.7,,,Zaer800,mn003996.jpg?v=2.7,
"SET OF 2 TALL IRON BASKET PLANT STANDS IN ANTIQUE GREEN ""STEPHANIA""",ZR139518-GR,,"Incorporate greenery into any space with our sleek Set of Tall Iron Basket Plant Stands. These elegant plant stands feature round iron baskets that easily attach to the folding four-legged stand. Perfect for large luscious flowers and plants with long hanging vines and leaves to drape over the sides.
- Indoor/Outdoor; year round
- Weather & rust resistant
- Powder coated for added protection
- Heart-shaped details in baskets
- Easy to assemble, no tools needed
- Hand painted, distressed finish
- Packaged 2 sets/carton
     Carton Size: 32.68"" x 16.14"" x 17"" H.; G.W.: 17.6lbs, N.W.: 13.2lbs
Specifications
Material: 100% iron
CBM: 0.147
Set Weight: 6.6lbs
MOQ: 2 sets
Finishes: Antique Blue, Antique Green
Large/Small Planter Diameter: 12"" each
Large/Small Planter Depth: 6.5"" each
Large/Small Planter Weight Capacity: 20lbs each
Item No.: ZR139518-BLA
Name: 39.37"" Tall Large Iron Basket Plant Stand in Antique Green
UPC: 880139518245
Dim.: 15.35"" L x 15.35"" W x 39.37"" H
Height of Large Stand (no basket): 32""
Weight: 6lbs
Item No.: ZR139518-BLB
Name: 31.49"" Tall Small Iron Basket Plant Stand in Antique Green
UPC: 880139518344
Dim: 15.35"" L x 15.35"" W x 31.49"" H
Height of Small Stand (no basket): 24""
Weight: 4lbs",,,,,,,,,,,,,,Zaer400,Zaer160,https://www.zaerltd.com/DSN/wwwzaerltdcom/Commerce/ProductImages/mn002702.jpg?v=2.7,mn002702.jpg?v=2.7,,,Zaer800,mn002702.jpg?v=2.7,
"SET OF 2 TALL IRON BASKET PLANT STANDS IN ANTIQUE BLUE ""STEPHANIA""",ZR139518-BL,,"Incorporate greenery into any space with our sleek Set of Tall Iron Basket Plant Stands. These elegant plant stands feature round iron baskets that easily attach to the folding four-legged stand. Perfect for large luscious flowers and plants with long hanging vines and leaves to drape over the sides.
- Indoor/Outdoor; year round
- Weather & rust resistant
- Powder coated for added protection
- Heart-shaped details in baskets
- Easy to assemble, no tools needed
- Hand painted, distressed finish
- Packaged 2 sets/carton
     Carton Size: 32.68"" x 16.14"" x 17"" H.; G.W.: 17.6lbs, N.W.: 13.2lbs
Specifications
Material: 100% iron
CBM: 0.147
Set Weight: 6.6lbs
MOQ: 2 sets
Finishes: Antique Blue, Antique Green, Antique White (not available)
Large/Small Planter Diameter: 12"" each
Large/Small Planter Depth: 6.5"" each
Large/Small Planter Weight Capacity: 20lbs each
Item No.: ZR139518-BLA
Name: 39.37"" Tall Large Iron Basket Plant Stand in Antique Blue
Dim.: 15.35"" L x 15.35"" W x 39.37"" H
Height of Large Stand (no basket): 32""
Weight: 6lbs
Item No.: ZR139518-BLB
Name: 31.49"" Tall Small Iron Basket Plant Stand in Antique Blue
Dim: 15.35"" L x 15.35"" W x 31.49"" H
Height of Small Stand (no basket): 24""
Weight: 4lbs",,,,,,,,,,,,,,Zaer400,Zaer160,https://www.zaerltd.com/DSN/wwwzaerltdcom/Commerce/ProductImages/mn002703.jpg?v=2.7,mn002703.jpg?v=2.7,,,Zaer800,mn002703.jpg?v=2.7,
"8FT. TALL LARGE IRON WINDMILL STAND WITH ROOSTER ""OSCAR""",ZR158195,,"Make a bold, rustic statement in any garden, farm, or outdoor space with ""Oscar"", our 8ft. Tall Large Iron Windmill Stand with Rooster - named after Salvador Dali's pet rooster. This towering, eye-catching windmill combines classic farmhouse charm with durable craftsmanship, making it a must-have for retailers, garden centers, home décor shops, and farm supply stores. A swift breeze effortlessly rotates the windmill blades 360 degrees while the lower shelf can be used to display plants.
- Outdoor safe
- Weather & rust resistant
- Powder coated for added protection
- Freestanding
- Minimal assembly needed
- Rustic, distressed finish
- Lower shelf for storage or display
- Packaged one piece per carton
     Carton Size: 41.89lbs 78.74"" x 6.69"" x 25.20"" H.
Specifications
Material: 100% iron
Item Weight: 37.48lbs
CBM: 0.210
Finish: Antique Rust
   Finish Type: Matte",,,,,,,,,,,,,,Zaer400,Zaer160,https://www.zaerltd.com/DSN/wwwzaerltdcom/Commerce/ProductImages/mn001316.jpg?v=2.7,mn001316.jpg?v=2.7,,,Zaer800,mn001316.jpg?v=2.7,
"TWO TIER IRON FLOWER PUSH CART IN ANTIQUE WHITE ""ODESA 1794""",ZR160260-AW,,"Reminiscent of the Victorian era, this posh Two Tier Flower Push Cart ""Odesa 1794"" is a beautiful way to display plants, flowers, gifts and a variety of other small items. It is crafted from high quality iron and powder coated for added protection against the elements. Equipped with a handle and four real working wheels, this piece is great for outdoor events and weddings. A consistent bestseller and always quick to sell out!
- Indoor/Outdoor
- Weather & rust resistant
- Powder coated
- Hand painted finish
- Distressed for an antique appearance
- Functioning handle & wheels
- Ample storage/display space
- Deep basket walls for security
- Packaged one piece per carton
     Carton Size: 25.3lbs 34.65"" x 15"" x 22.44"" H.
Specifications
Materials: 100% iron
Item Weight: 20.9lbs
CBM: 0.191
Finishes: Antique White, Antique Bronze, Flamingo Pink
   Finish Type: Matte
Assembly Required: Yes (partial)
Top Planter Dimensions: 20"" L x 17"" W x 3"" D
Top Planter Weight Cap.: 10lbs
Lower Planter Dimensions: 27"" L x 17"" W x 4"" D
Lower Planter Weight Cap.: 20lbs",,,,,,,,,,,,,,Zaer400,Zaer160,https://www.zaerltd.com/DSN/wwwzaerltdcom/Commerce/ProductImages/mn001517.jpg?v=2.7,mn001517.jpg?v=2.7,,,Zaer800,mn001517.jpg?v=2.7,
"TWO TIER IRON FLOWER PUSH CART IN ANTIQUE BRONZE ""ODESA 1794""",ZR160260-BZ,,"Reminiscent of the Victorian era, this posh Two Tier Flower Push Cart ""Odesa 1794"" is a beautiful way to display plants, flowers, gifts and a variety of other small items. It is crafted from high quality iron and powder coated for added protection against the elements. Equipped with a handle and four real working wheels, this piece is great for outdoor events and weddings. A consistent bestseller and always quick to sell out!
- Indoor/Outdoor
- Weather & rust resistant
- Powder coated
- Hand painted finish
- Distressed for an antique appearance
- Functioning handle & wheels
- Ample storage/display space
- Deep basket walls for security
- Packaged one piece per carton
     Carton Size: 25.3lbs 34.65"" x 15"" x 22.44"" H.
Specifications
Materials: 100% iron
Item Weight: 20.9lbs
CBM: 0.191
Finishes: Antique White, Antique Bronze, Flamingo Pink
   Finish Type: Matte
Assembly Required: Yes (partial)
Top Planter Dimensions: 20"" L x 17"" W x 3"" D
Top Planter Weight Cap.: 10lbs
Lower Planter Dimensions: 27"" L x 17"" W x 4"" D
Lower Planter Weight Cap.: 20lbs",,,,,,,,,,,,,,Zaer400,Zaer160,https://www.zaerltd.com/DSN/wwwzaerltdcom/Commerce/ProductImages/mn003512.jpg?v=2.7,mn003512.jpg?v=2.7,,,Zaer800,mn003512.jpg?v=2.7,
"TWO TIER IRON FLOWER PUSH CART IN FLAMINGO PINK ""ODESA 1794""",ZR160260-PK,,"Reminiscent of the Victorian era, this posh Two Tier Flower Push Cart ""Odesa 1794"" is a beautiful way to display plants, flowers, gifts and a variety of other small items. It is crafted from high quality iron and powder coated for added protection against the elements. Equipped with a handle and four real working wheels, this piece is great for outdoor events and weddings. A consistent bestseller and always quick to sell out!
- Indoor/Outdoor
- Weather & rust resistant
- Powder coated
- Hand painted finish
- Distressed for an antique appearance
- Functioning handle & wheels
- Ample storage/display space
- Deep basket walls for security
- Packaged one piece per carton
     Carton Size: 25.3lbs 34.65"" x 15"" x 22.44"" H.
Specifications
Materials: 100% iron
Item Weight: 20.9lbs
CBM: 0.191
Finishes: Antique White, Antique Bronze, Flamingo Pink
   Finish Type: Matte
Assembly Required: Yes (partial)
Top Planter Dimensions: 20"" L x 17"" W x 3"" D
Top Planter Weight Cap.: 10lbs
Lower Planter Dimensions: 27"" L x 17"" W x 4"" D
Lower Planter Weight Cap.: 20lbs",,,,,,,,,,,,,,Zaer400,Zaer160,https://www.zaerltd.com/DSN/wwwzaerltdcom/Commerce/ProductImages/mn003513.jpg?v=2.7,mn003513.jpg?v=2.7,,,Zaer800,mn003513.jpg?v=2.7,
SET OF 3 STANDING IRON PEDESTAL PLANT STANDS IN ANTIQUE GREEN,ZR170743-GR,,"Perfect for adding life and greenery to any space, our Set of 3 Standing Iron Plant Stands are crafted from the finest powder coated iron and hand painted for a unique distressed finish. Keep together or scatter throughout your home, these work well with nearly any style or decor.
- Indoor/Outdoor
- Year round safe
- Weather & rust resistant
- Powder coated for added protection
- Distressed, hand painted finish
- Packaged two (2) sets per carton (4pcs)
    Carton Size: 45.3"" x 18.1"" x 14.16""H.; G.W.: 46.2lbs, N.W.: 41.8lbs
Specifications
Materials: 100% iron
Set Weight: 20.9lbs
CBM: 0.196
Finishes: Antique White, Antique Green, Antique Blue
   Finish Type: Matte
MOQ: 2 sets
Assembly Required?: Yes (partial, >5min)
Item No.: ZR170743-GR1
Name: 55"" Tall Standing Iron Pedestal Plant Stand in Antique Green (Large) 
UPC: 880170743248
Dimensions: 18.11"" x 18.11"" x 55.11"" H. 
Basket Diameter: 17""
Basket Depth: 9""
Weight Capacity: 20lbs
Height of Stand ONLY (no basket): 45""

Item No.: ZR170743-GR2
Name: 47"" Tall Standing Iron Pedestal Plant Stand in Antique Green (Medium) 
UPC: 880170743347
Dimensions: 15.74"" x 15.74"" x 47.24"" H.
Basket Diameter: 15.25""
Basket Depth: 8.5""
Weight Capacity: 20lbs
Height of Stand ONLY (no basket): 38""

Item No.: ZR170743-GR3
Name: 39"" Tall Standing Iron Pedestal Plant Stand in Antique Green (Small) 
UPC: 880170743446
Dimensions: 14.17"" x 14.17"" x 39.37"" H.
Basket Diameter: 13""
Basket Depth: 7.5""
Weight Capacity: 15lbs
Height of Stand ONLY (no basket): 31""",,,,,,,,,,,,,,Zaer400,Zaer160,https://www.zaerltd.com/DSN/wwwzaerltdcom/Commerce/ProductImages/mn003052.jpg?v=2.7,mn003052.jpg?v=2.7,,,Zaer800,mn003052.jpg?v=2.7,
SET OF 3 STANDING IRON PEDESTAL PLANT STANDS IN ANTIQUE WHITE,ZR170743-AW,,"Perfect for adding life and greenery to any space, our Set of 3 Standing Iron Plant Stands are crafted from the finest powder coated iron and hand painted for a unique distressed finish. Keep together or scatter throughout your home, these work well with nearly any style or decor.
- Indoor/Outdoor
- Year round safe
- Weather & rust resistant
- Powder coated for added protection
- Distressed, hand painted finish
- Packaged two (2) sets per carton (4pcs)
    Carton Size: 45.3"" x 18.1"" x 14.16""H.; G.W.: 46.2lbs, N.W.: 41.8lbs
Specifications
Materials: 100% iron
Set Weight: 20.9lbs
CBM: 0.196
Finishes: Antique White, Antique Green, Antique Blue
   Finish Type: Matte
MOQ: 2 sets
Assembly Required?: Yes (partial, >5min)
Item No.: ZR170743-AW1
Name: 55"" Tall Standing Iron Pedestal Plant Stand in Antique White (Large) 
UPC: 880170743217
Dimensions: 18.11"" x 18.11"" x 55.11"" H. 
Basket Diameter: 17""
Basket Depth: 9""
Weight Capacity: 20lbs
Height of Stand ONLY (no basket): 45""

Item No.: ZR170743-AW2
Name: 47"" Tall Standing Iron Pedestal Plant Stand in Antique White (Medium) 
UPC: 880170743316
Dimensions: 15.74"" x 15.74"" x 47.24"" H.
Basket Diameter: 15.25""
Basket Depth: 8.5""
Weight Capacity: 20lbs
Height of Stand ONLY (no basket): 38""

Item No.: ZR170743-AW3
Name: 39"" Tall Standing Iron Pedestal Plant Stand in Antique White (Small) 
UPC: 880170743415
Dimensions: 14.17"" x 14.17"" x 39.37"" H.
Basket Diameter: 13""
Basket Depth: 7.5""
Weight Capacity: 15lbs
Height of Stand ONLY (no basket): 31""",,,,,,,,,,,,,,Zaer400,Zaer160,https://www.zaerltd.com/DSN/wwwzaerltdcom/Commerce/ProductImages/mn003053.jpg?v=2.7,mn003053.jpg?v=2.7,,,Zaer800,mn003053.jpg?v=2.7,
SET OF 3 STANDING IRON PLANT STANDS IN COBALT BLUE,ZR170743-BL,,"Perfect for adding life and greenery to any space, our Set of 3 Standing Iron Plant Stands are crafted from the finest powder coated iron and hand painted for a unique distressed finish. Keep together or scatter throughout your home, these work well with nearly any style or decor.
- Indoor/Outdoor
- Year round safe
- Weather & rust resistant
- Powder coated for added protection
- Distressed, hand painted finish
- Packaged two (2) sets per carton (4pcs)
    Carton Size: 45.3"" x 18.1"" x 14.16""H.; G.W.: 46.2lbs, N.W.: 41.8lbs
Specifications
Materials: 100% iron
Set Weight: 20.9lbs
CBM: 0.196
Finishes: Antique White, Antique Green, Antique Blue
   Finish Type: Matte
MOQ: 2 sets
Assembly Required?: Yes (partial, >5min)
Item No.: ZR170743-BL1
Name: 55"" Tall Standing Iron Pedestal Plant Stand in Antique Blue (Large) 
UPC: 880170743224
Dimensions: 18.11"" x 18.11"" x 55.11"" H. 
Basket Diameter: 17""
Basket Depth: 9""
Weight Capacity: 20lbs
Height of Stand ONLY (no basket): 45""

Item No.: ZR170743-BL2
Name: 47"" Tall Standing Iron Pedestal Plant Stand in Antique Blue (Medium) 
UPC: 880170743323
Dimensions: 15.74"" x 15.74"" x 47.24"" H.
Basket Diameter: 15.25""
Basket Depth: 8.5""
Weight Capacity: 20lbs
Height of Stand ONLY (no basket): 38""

Item No.: ZR170743-BL3
Name: 39"" Tall Standing Iron Pedestal Plant Stand in Antique Blue (Small) 
UPC: 880170743422
Dimensions: 14.17"" x 14.17"" x 39.37"" H.
Basket Diameter: 13""
Basket Depth: 7.5""
Weight Capacity: 15lbs
Height of Stand ONLY (no basket): 31""",,,,,,,,,,,,,,Zaer400,Zaer160,https://www.zaerltd.com/DSN/wwwzaerltdcom/Commerce/ProductImages/mn003673.jpg?v=2.7,mn003673.jpg?v=2.7,,,Zaer800,mn003673.jpg?v=2.7,
"SET OF 2 TALL ""TAMAR"" IRON PLANTERS IN VERDI GREEN",ZR170813-VG,,"Named after the first female ruler in Georgia, the Set of 2 ""Tamar"" Planters feature large, ornate designs and a sturdy structure. Beautifully detailed with small flowers, curlicues, and topped with fleur-de-lis these are as beautiful as they are functional. With their unique architecture, these planters are statement pieces, sure to garner attention from any customer. 
- Indoor/Outdoor safe
- Year round use
- Powder coated iron for added protection
- Three compartment center for display
- Freestanding, sturdy, & durable
- Packaged one set per carton
     Carton Size: 37.4lbs 25.2"" x 19.7"" x 30"" H.
Specifications
Material: 100% iron
Set Weight: 30.8lbs
CBM: 0.240
Finishes: Antique White, Verdi Green
   Finish Type: Matte
Assembly Required?: Yes (partial)
Item No.: ZR170813-VGA
Name: 58.5"" Tall ""Tamar"" Iron Planter in Verdi Green (Large)
Dimensions: 24.5"" L x 10"" W x 58.5"" H.
UPC: 880170813248
Item No.: ZR170813-VGB
Name: 48"" Tall ""Tamar"" Iron Planter in Verdi Green (Small)
Dimensions: 19"" L x 9"" W x 48"" H.
UPC: 880170813347
 ",,,,,,,,,,,,,,Zaer400,Zaer160,https://www.zaerltd.com/DSN/wwwzaerltdcom/Commerce/ProductImages/mn002669.jpg?v=2.7,mn002669.jpg?v=2.7,,,Zaer800,mn002669.jpg?v=2.7,
"SET OF 2 TALL ""TAMAR"" IRON PLANTERS IN ANTIQUE WHITE",ZR170813-AW,,"Named after the first female ruler in Georgia, the Set of 2 ""Tamar"" Planters feature large, ornate designs and a sturdy structure. Beautifully detailed with small flowers, curlicues, and topped with fleur-de-lis these are as beautiful as they are functional. With their unique architecture, these planters are statement pieces, sure to garner attention from any customer. 
- Indoor/Outdoor safe
- Year round use
- Powder coated iron for added protection
- Three compartment center for display
- Freestanding, sturdy, & durable
- Packaged one set per carton
     Carton Size: 37.4lbs 25.2"" x 19.7"" x 30"" H.
Specifications
Material: 100% iron
Set Weight: 30.8lbs
CBM: 0.240
Finishes: Antique White, Verdi Green
   Finish Type: Matte
Assembly Required?: Yes (partial)
Item No.: ZR170813-AWA
Name: 58.5"" Tall ""Tamar"" Iron Planter in Antique White (Large)
Dimensions: 24.5"" L x 10"" W x 58.5"" H.
UPC: 880170813217
Item No.: ZR170813-AWB
Name: 48"" Tall ""Tamar"" Iron Planter in Antique White (Small)
Dimensions: 19"" L x 9"" W x 48"" H.
UPC: 880170813316",,,,,,,,,,,,,,Zaer400,Zaer160,https://www.zaerltd.com/DSN/wwwzaerltdcom/Commerce/ProductImages/mn002670.jpg?v=2.7,mn002670.jpg?v=2.7,,,Zaer800,mn002670.jpg?v=2.7,
"PRE-ORDER: 28.35"" LONG HANGING IRON BASKET PLANTER IN ANTQ. BRONZE ""PARIS 1968""",ZR180315-BZ,,"AVAILABLE FOR PREORDER - ARRIVAL DATE TBD
There is no easier way to spice up a space than adding a hanging flower basket! Our Iron Hanging Basket Planter is both indoor and outdoor safe, crafted from high quality metal and hand painted for a unique, antique appearance. Add your favorite flower or plant and transform any space from bleak to chic.
- Indoor/Outdoor
- Year round use
- Weather & rust resistant
- Powder coated iron
- Hand painted, distressed finish
- Includes sturdy metal chain &hook
- Easy to hang
- Packaged/Shipped 2pcs per carton
     Carton Size: 12.6"" x 12.6"" x 12.6"" H.; N.W.: 4.4lbs, G.W.: 6.6lbs
Specifications
Materials: 100% iron
Item Weight: 2.2lbs
CBM: 0.032
MOQ: 2pcs
Finishes: Antique White, Antique Bronze, Cobalt Blue
Basket Diameter: 11""
Basket Depth: 7""",,,,,,,,,,,,,,Zaer400,Zaer160,https://www.zaerltd.com/DSN/wwwzaerltdcom/Commerce/ProductImages/mn002891.jpg?v=2.7,mn002891.jpg?v=2.7,,,Zaer800,mn002891.jpg?v=2.7,
"28.35"" LONG HANGING IRON BASKET PLANTER IN ANTIQUE WHITE ""PARIS 1968""",ZR180315-AW,,"There is no easier way to spice up a space than adding a hanging flower basket! Our Iron Hanging Basket Planter is both indoor and outdoor safe, crafted from high quality metal and hand painted for a unique, antique appearance. Add your favorite flower or plant and transform any space from bleak to chic.
- Indoor/Outdoor
- Year round use
- Weather & rust resistant
- Powder coated iron
- Hand painted, distressed finish
- Includes sturdy metal chain &hook
- Easy to hang
- Packaged/Shipped 2pcs per carton
     Carton Size: 12.6"" x 12.6"" x 12.6"" H.; N.W.: 4.4lbs, G.W.: 6.6lbs
Specifications
Materials: 100% iron
Item Weight: 2.2lbs
CBM: 0.032
MOQ: 2pcs
Finishes: Antique White, Antique Bronze, Cobalt Blue
   Finish Type: matte
Basket Diameter: 11""
Basket Depth: 7""
Weight Cap.: 45lbs",,,,,,,,,,,,,,Zaer400,Zaer160,https://www.zaerltd.com/DSN/wwwzaerltdcom/Commerce/ProductImages/mn002892.jpg?v=2.7,mn002892.jpg?v=2.7,,,Zaer800,mn002892.jpg?v=2.7,
"PRE-ORDER: 28.35"" LONG HANGING IRON BASKET PLANTER IN COBALT BLUE ""PARIS 1968""",ZR180315-BL,,"AVAILABLE FOR PREORDER - ARRIVAL DATE TBD
There is no easier way to spice up a space than adding a hanging flower basket! Our Iron Hanging Basket Planter is both indoor and outdoor safe, crafted from high quality metal and hand painted for a unique, antique appearance. Add your favorite flower or plant and transform any space from bleak to chic.
- Indoor/Outdoor
- Year round use
- Weather & rust resistant
- Powder coated iron
- Hand painted, distressed finish
- Includes sturdy metal chain &hook
- Easy to hang
- Packaged/Shipped 2pcs per carton
     Carton Size: 12.6"" x 12.6"" x 12.6"" H.; N.W.: 4.4lbs, G.W.: 6.6lbs
Specifications
Materials: 100% iron
Item Weight: 2.2lbs
CBM: 0.032
MOQ: 2pcs
Finishes: Antique White, Antique Bronze, Cobalt Blue
Basket Diameter: 11""
Basket Depth: 7""",,,,,,,,,,,,,,Zaer400,Zaer160,https://www.zaerltd.com/DSN/wwwzaerltdcom/Commerce/ProductImages/mn003674.jpg?v=2.7,mn003674.jpg?v=2.7,,,Zaer800,mn003674.jpg?v=2.7,
"9.75FT. TALL THANKSGIVING HARVEST ARCH WITH SCARECROWS, SUNFLOWERS & PUMPKINS",ZR180735,,"Zaer Ltd. Seasonal Arches have been a stunning showstopper for decades. So why would this year be any different? Our newest archway stands 117 inches tall with sturdy iron crafted frame, hand painted to perfection with oversized pumpkins, sunflowers, and scarecrows creating the two pillars. The top center boasts an ornate ""Welcome"" sign, framed with autumnal leaves. Metallic gold distressing appears throughout the entirety of the display, adding to it's uniqueness and country-style vibe.
- Indoor/Outdoor safe
- Weather resistant
- Powder coated
- Hand painted, distressed finish
- Metallic gold accents throughout
- Freestanding
- Sturdy & durable
- Simple assembly (hardware & instructions included)
- Packaged one piece per carton
     Carton Size: 132lbs 57.87"" x 40.95"" x 53.94"" H. (subject to change)
Specifications
Materials: 100% iron
Item Weight: 110lbs
CBM: 2.094
Finish: Multicolor (orange/grey/white/metallic gold)
Base Dimensions: 22.75"" L x 18"" W
Entrance Height: 96""
Entrance Width: 52""",,,,,,,,,,,,,,Zaer400,Zaer160,https://www.zaerltd.com/DSN/wwwzaerltdcom/Commerce/ProductImages/mn003932.jpg?v=2.7,mn003932.jpg?v=2.7,,,Zaer800,mn003932.jpg?v=2.7,
"43"" TALL THREE-TIER IRON PLANT STAND-SHELVING UNIT IN ANTIQUE WHITE",ZR180978-AW,,"Beautifully constructed iron Three Tier Plant Stand is multi-functional with a classic style. Featuring three shelving units, each 2.5"" deep, this piece works great as the intended plant stand, display rack, entertainment unit, decorative storage as you walk in a house, etc. etc....the possibilities are endless!
- Indoor/Outdoor safe
- Year round use
- Weather & rust resistant
- Powder coated iron
- Hand painted distressed finish
- Free standing; no installation
- Packaged one set per carton
     Carton Size: 13lbs 12"" x 6"" x 37"" H.
Specifications
Materials: 100% iron
Item Weight: 9lbs
CBM: 0.045
Finishes: Antique White, Cobalt Blue
   Finish Type: Matte
Assembly Required: Yes (partial)
Weight Capacity: 10lbs
Tier Depth: 2.5""
Tier Dimensions: 16.5"" L x 9"" W",,,,,,,,,,,,,,Zaer400,Zaer160,https://www.zaerltd.com/DSN/wwwzaerltdcom/Commerce/ProductImages/mn002689.jpg?v=2.7,mn002689.jpg?v=2.7,,,Zaer800,mn002689.jpg?v=2.7,
"43"" TALL THREE TIER IRON PLANT STAND-SHELVING UNIT IN COBALT BLUE",ZR180978-BL,,"Beautifully constructed iron Three Tier Plant Stand is multi-functional with a classic style. Featuring three shelving units, each 2.5"" deep, this piece works great as the intended plant stand, display rack, entertainment unit, decorative storage as you walk in a house, etc. etc....the possibilities are endless!
- Indoor/Outdoor safe
- Year round use
- Weather & rust resistant
- Powder coated iron
- Hand painted distressed finish
- Free standing; no installation
- Easy to assemble
- Packaged one set per carton
     Carton Size: 13lbs 12"" x 6"" x 37"" H.
Specifications
Materials: 100% iron
Item Weight: 9lbs
CBM: 0.045
Finishes: Antique White, Cobalt Blue
   Finish Type: Matte
Assembly Required: Yes (partial)
Weight Capacity: 10lbs
Tier Depth: 2.5""
Tier Dimensions: 16.5"" L x 9"" W",,,,,,,,,,,,,,Zaer400,Zaer160,https://www.zaerltd.com/DSN/wwwzaerltdcom/Commerce/ProductImages/mn003277.jpg?v=2.7,mn003277.jpg?v=2.7,,,Zaer800,mn003277.jpg?v=2.7,
"17"" TALL HAUNTED FOREST METAL HALLOWEEN CARRIAGE & CANDLEHOLDER",ZR190032,,"Introduce a touch of eerie elegance to your seasonal merchandise with the Zaer Ltd. 17"" Tall Haunted Forest Metal Halloween Carriage & Candleholder. This intricately designed decoration combines the mystique of a haunted forest with the charm of a vintage carriage, while being both beautiful and functional. This standout piece will captivate your customers and transform their Halloween display to the next level, guaranteeing customer retention. 
- Indoor/Outdoor
- Powder coated
- Weather resistant
- Hand painted, dynamic finish
- Fill with candle or fairy lights for an illuminating effect
- Packaged two (2) pieces per carton
      Carton Size: 27.95"" x 12.6"" x 18.11"" H.; G.W.: 11lbs, N.W.: 7.04lbs
Specifications
Materials: 100% iron
Item Weight: 3.52lbs
CBM: 0.108
MOQ: 2pcs
Finish: Orange/Black
Interior Height: 9""
Interior Diameter: 11""
Candleholder Diameter: 2.25""
Candle Included?: No
Hollow?: Yes
Wheels Rotate?: No",,,,,,,,,,,,,,Zaer400,Zaer160,https://www.zaerltd.com/DSN/wwwzaerltdcom/Commerce/ProductImages/mn003997.jpg?v=2.7,mn003997.jpg?v=2.7,,,Zaer800,mn003997.jpg?v=2.7,
"42.5"" TALL VINTAGE STYLE IRON CAGE PLANT STAND IN ANTIQUE BLUE ""PARIS 1968""",ZR190422-BL,,"This Vintage Style Cage Plant Stand offers a multitude of functions. Use to display large plants and flowers, fill with decorative items or use as storage. Despite its many uses, this piece is a standalone beauty, featuring Victorian-style designs and a gorgeous antique finish.
- Indoor/Outdoor
- Year round use
- Weather & rust resistant
- Powder coated
- Distressed, hand painted finish
- Freestanding
- Bottom shelf for added storage
- Includes small latch to access the cage
- Packaged one piece per carton
     Carton Size: 15.4lbs 22.1"" x 11.02"" x 18.11"" H.
Specifications
Materials: 100% iron
Item Weight: 11lbs
CBM: 0.072
Finishes: Antique White, Antique Blue, Antique Bronze
   Finish Type: Matte
Assembly Required: Yes (partial)
Max. Inner Cage Width: 18""
Max. Inner Cage Depth: 8""
Max. Inner Cage Height: 18""",,,,,,,,,,,,,,Zaer400,Zaer160,https://www.zaerltd.com/DSN/wwwzaerltdcom/Commerce/ProductImages/mn002895.jpg?v=2.7,mn002895.jpg?v=2.7,,,Zaer800,mn002895.jpg?v=2.7,
"42.5"" TALL IRON CAGE PLANT STAND IN ANTIQUE BRONZE ""PARIS 1968""",ZR190422-BZ,,"This Vintage Style Cage Plant Stand offers a multitude of functions. Use to display large plants and flowers, fill with decorative items or use as storage. Despite its many uses, this piece is a standalone beauty, featuring Victorian-style designs and a gorgeous antique finish.
- Indoor/Outdoor
- Year round use
- Weather & rust resistant
- Powder coated
- Distressed, hand painted finish
- Freestanding
- Bottom shelf for added storage
- Includes small latch to access the cage
- Packaged one piece per carton
     Carton Size: 15.4lbs 22.1"" x 11.02"" x 18.11"" H.
Specifications
Materials: 100% iron
Item Weight: 11lbs
CBM: 0.072
Finishes: Antique White, Antique Blue, Antique Bronze
   Finish Type: Matte
Assembly Required: Yes (partial)
Max. Inner Cage Width: 18""
Max. Inner Cage Depth: 8""
Max. Inner Cage Height: 18""",,,,,,,,,,,,,,Zaer400,Zaer160,https://www.zaerltd.com/DSN/wwwzaerltdcom/Commerce/ProductImages/mn002896.jpg?v=2.7,mn002896.jpg?v=2.7,,,Zaer800,mn002896.jpg?v=2.7,
"42.5"" TALL IRON CAGE PLANT STAND IN ANTIQUE WHITE ""PARIS 1968""",ZR190422-AW,,"This Vintage Style Cage Plant Stand offers a multitude of functions. Use to display large plants and flowers, fill with decorative items or use as storage. Despite its many uses, this piece is a standalone beauty, featuring Victorian-style designs and a gorgeous antique finish.
- Indoor/Outdoor
- Year round use
- Weather & rust resistant
- Powder coated
- Distressed, hand painted finish
- Freestanding
- Bottom shelf for added storage
- Includes small latch to access the cage
- Packaged one piece per carton
     Carton Size: 15.4lbs 22.1"" x 11.02"" x 18.11"" H.
Specifications
Materials: 100% iron
Item Weight: 11lbs
CBM: 0.072
Finishes: Antique White, Antique Blue, Antique Bronze
   Finish Type: Matte
Assembly Required: Yes (partial)
Max. Inner Cage Width: 18""
Max. Inner Cage Depth: 8""
Max. Inner Cage Height: 18""",,,,,,,,,,,,,,Zaer400,Zaer160,https://www.zaerltd.com/DSN/wwwzaerltdcom/Commerce/ProductImages/mn002897.jpg?v=2.7,mn002897.jpg?v=2.7,,,Zaer800,mn002897.jpg?v=2.7,
"102"" TALL IRON MOON GATE WITH PLANT STANDS IN ANTIQUE BLACK",ZR190430-BK,,"Transport yourself into a world of relaxation and reflection with this unique piece that takes any home, garden, or yard to the next level. Towering at over 8.5 feet tall, this iron crafted archway is a great entrance piece for any area. Inspired from traditional Chinese architecture, the vast circular opening of the Moon Gate arch creates an inviting passageway to the new beginning. 
- Indoor/Outdoor
- Year round use
- Weather & rust resistant
- Powder coated for added protection
- Painted a sleek, matte black finish
- Easy to assemble (instructions & hardware included)
- Ship LTL on pallet
-  Packaged one piece per carton (NEW PKG)
     Carton Size: 52.8lbs 54.3"" x 18.5"" x 23.6"" H.
Specifications
Materials: 100% iron
CBM: 0.583
Item Weight: 43lbs
Finish: Black
   Finish Type: Matte
Plant Stand Depth: 6""
Plant Stand Length: 16""
Plant Stand Width: 8""
Maximum Entrance Width: 90""
Minimum Entrance Width: 43""
Entrance Height: 90""
Wind Resistance: 16mph
Max. Roof Load: 40lbs",,,,,,,,,,,,,,Zaer400,Zaer160,https://www.zaerltd.com/DSN/wwwzaerltdcom/Commerce/ProductImages/mn002879.jpg?v=2.7,mn002879.jpg?v=2.7,,,Zaer800,mn002879.jpg?v=2.7,
THREE PIECE METAL BISTRO SET WITH 2 FOLDING CHAIRS & ROUND TABLE IN COBALT BLUE,ZR191499-FBS,,"Prepare for nice weather and Summer get-togethers by adding new furniture to your backyard or garden. The Metal Bistro Set has an elaborately designed metal table top that coordinates perfectly with the two square shaped folding metal chairs. This product maintains durability without neglecting style. 
- Indoor/Outdoor safe
- Weather & rust resistant
- Powder coated iron for added protection
- Hand painted with distressed finish
- Easy to assemble (instructions and hardware included)
- Includes one (1) round table with two (2) folding chairs
- Packaged one set per two cartons (carton sizes below)
Specifications
Material: 100% iron
Set Weight: 35.2lbs
CBM: 0.260
Finishes: Frosted Blue, Antique Green
   Finish Type: Matte
Assembly Required?: Yes (partial)
Table Specs
Item No.: ZR191499-FB
Name: 26.75"" Tall Round Metal Bistro Table in Frosted Blue
Dimensions: 23.5"" L x 23.5"" W x 26.75"" H
Item Weight: 13.2lbs
UPC: 880191499124
Seating Capacity: 2 people
Weight Capacity: 30lbs
Leg Space (floor to bottom of table): 25""
Tabletop Diameter: 23""
Carton Size: 17.6lbs 28"" x 11"" x 29"" H
CBM: 0.146
Chair Specs
Item No.: ZR191498-FB
Name: 37"" Tall Metal Folding Chair with Square Seat in Frosted Blue
Dimensions: 17.25"" L x 19.75"" W x 37"" H
Item Weight: 11lbs
UPC: 880191498127
Seating Capacity: 1 person
Weight Capacity: 200lbs
Leg Space (floor to seat): 20""
Backrest Height: 17""
Seat Width (side to side): 17""
Seat Depth (front to back): 15""
Carton Size: 26.4lbs 44"" x 10"" x 18"" H (*2pcs per carton)
CBM: 0.129",,,,,,,,,,,,,,Zaer400,Zaer160,https://www.zaerltd.com/DSN/wwwzaerltdcom/Commerce/ProductImages/mn001491.jpg?v=2.7,mn001491.jpg?v=2.7,,,Zaer800,mn001491.jpg?v=2.7,
THREE PIECE METAL BISTRO SET WITH 2 FOLDING CHAIRS & ROUND TABLE IN ANTQ. GREEN,ZR191499-GRS,,"Prepare for nice weather and Summer get-togethers by adding new furniture to your backyard or garden. The Metal Bistro Set has an elaborately designed metal table top that coordinates perfectly with the two square shaped folding metal chairs. This product maintains durability without neglecting style. 
- Indoor/Outdoor safe
- Weather & rust resistant
- Powder coated iron for added protection
- Hand painted with distressed finish
- Easy to assemble (instructions and hardware included)
- Includes one (1) round table with two (2) folding chairs
- Packaged one set per two cartons (carton sizes below)
Specifications
Material: 100% iron
Set Weight: 35.2lbs
CBM: 0.260
Finishes: Frosted Blue, Antique Green
   Finish Type: Matte
Assembly Required?: Yes (partial)
Table Specs
Item No.: ZR191499-GR
Name: 26.75"" Tall Round Metal Bistro Table in Antique Green
Dimensions: 23.5"" L x 23.5"" W x 26.75"" H
Item Weight: 13.2lbs
UPC: 880191499148
Seating Capacity: 2 people
Weight Capacity: 30lbs
Leg Space (floor to bottom of table): 25""
Tabletop Diameter: 23""
Carton Size: 17.6lbs 28"" x 11"" x 29"" H
CBM: 0.146
Chair Specs
Item No.: ZR191498-GR
Name: 37"" Tall Metal Folding Chair with Square Seat in Antique Green
Dimensions: 17.25"" L x 19.75"" W x 37"" H
Item Weight: 11lbs
UPC: 880191498141
Seating Capacity: 1 person
Weight Capacity: 200lbs
Leg Space (floor to seat): 20""
Backrest Height: 17""
Seat Width (side to side): 17""
Seat Depth (front to back): 15""
Carton Size: 26.4lbs 44"" x 10"" x 18"" H (*2pcs per carton)
CBM: 0.129",,,,,,,,,,,,,,Zaer400,Zaer160,https://www.zaerltd.com/DSN/wwwzaerltdcom/Commerce/ProductImages/mn003180.jpg?v=2.7,mn003180.jpg?v=2.7,,,Zaer800,mn003180.jpg?v=2.7,
"65.25"" TALL ACORN SHAPED COPPER FINISH BIRDHOUSE STAKE",ZR193149,,"Tired of the same old garden decor? Look no further! Our new collection of nature-shaped birdhouse stakes is a fun (and functional) way to spruce up any outdoor space. Expertly iron-crafted with a smooth, distressed copper finish, our Acorn Shaped Birdhouse Stake will bring joy to both you and the birds who call it home.
- Outdoor safe
- Weather & rust resistant
- Distressed, hand painted finish
- Sturdy & durable
- Breaks apart and screws together for easy shipping/storage
- Packaged one piece per carton
     Carton Size: 5.3lbs 36"" x 9.5"" x 9.5"" H.
Specifications
Material: 100% iron
Item Weight: 3.1lbs
Finish: Antique Copper
MOQ: 4
Height of Birdhouse ONLY (no stake): 9.5""
Number of Entry Holes: 1
Diameter of Entry Hole: 1.5""
Number of Perches: 1
Inner Birdhouse Length: 6.5""
Inner Birdhouse Width: 6.5""
Inner Birdhouse Height: 10""
Height of Stake ONLY (no birdhouse): 55.75""
Number of Stake Prongs: 3
Drainage Holes: Yes
Ventilation Holes: No",,,,,,,,,,,,,,Zaer400,Zaer160,https://www.zaerltd.com/DSN/wwwzaerltdcom/Commerce/ProductImages/mn002888.jpg?v=2.7,mn002888.jpg?v=2.7,,,Zaer800,mn002888.jpg?v=2.7,
"39"" TALL BIG EYED HALLOWEEN WITCH GIRL WITH BROOM ""STEPHY""",ZR194254,,"Tired of the same old, cheap plastic Halloween decorations? Look no further than Stephy, our Big Eyed Standing Witch Girl. This iron crafted Halloween statue stands over three feet tall and is safe for both indoor and outdoor use. She is hand painted with a vintage style, carrying a owl head broomstick in her hand. She's a unique piece that is guaranteed to grab attention.
- Indoor/Outdoor
- Powder coated iron
- Weather & rust resistant
- Hand painted matte finish
- Distressed for antique appearance
- Freestanding
- Packaged 2pcs per carton (MOQ: 2pcs)
     Carton Size: 10.56lbs 36.57"" x 11.42"" x 16.14"" H. N.W.: 7.04lbs
Specifications
Materials: 100% iron
Item Weight: 3.52lbs
CBM: 0.111
MOQ: 2pcs
Finish: Matte
Hollow: Yes
Stakes Included: No (stakes can be purchased from hardware store for added stability)",,,,,,,,,,,,,,Zaer400,Zaer160,https://www.zaerltd.com/DSN/wwwzaerltdcom/Commerce/ProductImages/mn002850.jpg?v=2.7,mn002850.jpg?v=2.7,,,Zaer800,mn002850.jpg?v=2.7,
"""ALEXIE"" JACK-O-LANTERN GHOST HALLOWEEN FIGURINE WITH LED LIGHTS",ZR195971,,"Our new Halloween collection includes a ton of items that are sure to become new favorites. Standing just under two feet tall, this iron, hand-crafted, masked Jack-O-Lantern is perfect for tabletops, shelves, and window displays. Their plump pumpkin frame is securely fashioned to two legs and a stand, making them easy to put anywhere! Collect the rest of the pumpkin figurines to complete your patch! *Don't miss out on Alexie's sister and partner in crime - Alexa, the 19.75"" Tall Jack-O-Lantern Ghost Halloween Figurine with LED Lights.
- Indoor/Outdoor safe
- Powder coated iron
- Weather & rust resistant
- Distressed, hand painted finish
- Metallic gold accents
- Includes purple LED lights
- Battery powered with pack and on/off switch
- Freestanding
- Can be staked to ground for added stability (stake not included)
- Packaged 4pcs per carton (no inners)
     Carton Size: 11.2"" x 21.5"" x 28.75"" H.; G.W.: 10.8lbs, N.W.: 7.5lbs
Specifications
Materials: 100% iron
Item Weight: 1.87lbs
CBM: 0.113
MOQ: 4pcs
Finish: Orange/White (matte)
Hollow: yes
Batteries Required: yes
     Battery Type: AAA
     How Many?: 2 batteries
     Battery Pack Location: under dress (hidden)",,,,,,,,,,,,,,Zaer400,Zaer160,https://www.zaerltd.com/DSN/wwwzaerltdcom/Commerce/ProductImages/mn003170.jpg?v=2.7,mn003170.jpg?v=2.7,,,Zaer800,mn003170.jpg?v=2.7,
"""ALEXA"" JACK-O-LANTERN GHOST HALLOWEEN FIGURINE WITH LED LIGHTS",ZR195972,,"Our new Halloween collection includes a ton of items that are sure to become new favorites. Standing just over two feet tall, this iron, hand-crafted, masked Jack-O-Lantern is perfect for tabletops, shelves, and window displays. Their plump pumpkin frame is securely fashioned to two legs and a stand, making them easy to put anywhere! Collect the rest of the pumpkin figurines to complete your patch! 
- Indoor/Outdoor safe
- Powder coated iron
- Weather & rust resistant
- Includes purple LED lights
- Freestanding
- Packaged 4pcs per carton (no inners)
     Carton Size: 20.5"" x 11.8"" x 30.7"" H.; G.W.: 11.88lbs, N.W.: 7.48lbs
Specifications
Materials: 100% iron
Item Weight: 1.87lbs
CBM: 0.113
MOQ: 4pcs
Finish: Orange/White
   Finish Type: Matte
Hollow: yes
Batteries Required: yes
   Battery Type: AAA
   How Many?: 2 batteries
   Battery Pack Location: under dress (hidden)",,,,,,,,,,,,,,Zaer400,Zaer160,https://www.zaerltd.com/DSN/wwwzaerltdcom/Commerce/ProductImages/mn003169.jpg?v=2.7,mn003169.jpg?v=2.7,,,Zaer800,mn003169.jpg?v=2.7,
"54.25"" TALL OLD SCHOOL DAPPER SKELETON MAN WITH SPIDERWEB UMBRELLA ""MR. BONES""",ZR196173,,"Introduce a touch of timeless spookiness to your store's Halloween collection with the Zaer Ltd. 54.25"" Tall Old School Dapper Skeleton Man, known as ""Mr. Bones"". Mr. Bones is not just another Halloween decoration; it's a conversation starter, a statement piece, and a symbol of Halloween nostalgia. Its high-quality construction and detailed design make it a premium choice for retailers aiming to offer their customers something special this Halloween. And don't forget his little buddy, Bones Jr.. 
- Indoor/Outdoor
- Powder coated
- Weather resistant
- Freestanding
- Distressed, hand painted finish
- Packaged one piece per carton
     Carton Size: 31.5"" x 11.2"" x 13.39"" H.; G.W.: 9.46lbs, N.W.: 6.16lbs
Specifications
Material: 100% iron
Item Weight: 6.16lbs
CBM: 0.154
Finish: Matte (black & white)
Hollow: yes
Stakes Included: yes
   If Yes, How Many: 2",,,,,,,,,,,,,,Zaer400,Zaer160,https://www.zaerltd.com/DSN/wwwzaerltdcom/Commerce/ProductImages/mn004007.jpg?v=2.7,mn004007.jpg?v=2.7,,,Zaer800,mn004007.jpg?v=2.7,
"56.5"" TALL JACK-O-LANTERN GENTLEMAN WITH BASKET OF SPIDERS ""JACK ARACHNID""",ZR196174,,"Stock your shelves with the 56.5"" Tall Jack-O-Lantern Gentleman with Basket of Spiders ""Jack Arachnid"" and captivate your customers with this unique and glamorously spooky Halloween decoration. Jack Arachnid stands at an impressive 56.5 inches, making a striking statement in any setting. His dapper gentleman attire, complete with a top hat and bow tie, adds a whimsical touch to the eldritch season. Order now to ensure you have the most talked-about Halloween centerpiece in your store this season!
- Indoor/Outdoor
- Powder coated
- Weather resistant
- Freestanding
- Distressed, hand painted finish
- Packaged one piece per carton
     Carton Size: 9.68lbs 34.65"" x 12.01"" x 14.17"" H.
Specifications
Material: 100% iron
Item Weight: 5.94lbs
CBM: 0.160
Finish: Matte (black & orange)
Hollow: yes
Stakes Included: yes
   If Yes, How Many: 2",,,,,,,,,,,,,,Zaer400,Zaer160,https://www.zaerltd.com/DSN/wwwzaerltdcom/Commerce/ProductImages/mn004008.jpg?v=2.7,mn004008.jpg?v=2.7,,,Zaer800,mn004008.jpg?v=2.7,
"36"" TALL OLD SCHOOL DAPPER SKELETON BOY WITH SPIDERWEB UMBRELLA ""BONES JUNIOR""",ZR196175,,"Bones Junior is not just another Halloween decoration; it's a conversation starter, a statement piece, and a symbol of Halloween nostalgia. Its high-quality construction and detailed design make it a premium choice for retailers aiming to offer their customers something special this Halloween. And don't forget his mentor, Mr. Bones.
*PLEASE NOTE: Packaging misprinted with height showing 32.25"" tall instead of 36"" tall. The product inside is correct.
- Indoor/Outdoor
- Powder coated
- Weather resistant
- Freestanding
- Distressed, hand painted finish
- Packaged four (4) pieces per carton
     Carton Size: 20.87"" x 9.06"" x 27.17"" H.; G.W.: 15.4lbs, N.W.: 12.32lbs
Specifications
Material: 100% iron
Item Weight: 3.08lbs
CBM: 0.152
Finish: Matte (black & white)
Hollow: yes
Stakes Included: yes
   If Yes, How Many: 2",,,,,,,,,,,,,,Zaer400,Zaer160,https://www.zaerltd.com/DSN/wwwzaerltdcom/Commerce/ProductImages/mn004009.jpg?v=2.7,mn004009.jpg?v=2.7,,,Zaer800,mn004009.jpg?v=2.7,
"34.25"" TALL IRON VULTURE HALLOWEEN FIGURINE ""JOHN TRAVULTURE""",ZR196219,,"Greet your customers and guests with the always creepy John Travulture, the nearly three foot tall iron-crafted, top hat-wearing, pumpkin cane wielding, anthropomorphic vulture. This quality made Halloween decoration combines classic horror tropes into a fun and spooky decorative figurine. He is perfect for window displays, greeting at entrances, or placed at the register for all to see. *Check out ""Vesper"", the smaller 25.5"" tall version of John Travulture - New for 2025!
- Indoor/Outdoor
- Weather and rust resistant
- 100% powder coated iron
- Freestanding
- Hand painted distressed finish
- Antique appearance
- Incudes bat and jack-o-lantern details
- Packaged 1pc per carton (previously 4pcs/master)
     Carton Size: TBD
Specifications
Material: 100% iron
Item Weight: 2.645lbs
CBM: TBD
MOQ: 2pcs
Hollow: yes",,,,,,,,,,,,,,Zaer400,Zaer160,https://www.zaerltd.com/DSN/wwwzaerltdcom/Commerce/ProductImages/mn003470.jpg?v=2.7,mn003470.jpg?v=2.7,,,Zaer800,mn003470.jpg?v=2.7,
"25.5"" TALL IRON VULTURE HALLOWEEN FIGURINE ""VESPER""",ZR196220,,"""Vesper"" is the smaller version of the successful ""John Travulture"" iron-crafted, top hat wearing, pumpkin cane wielding, anthropomorphic vulture. This quality made Halloween decoration combines classic horror tropes into a fun and spooky decorative figurine. He is perfect for window displays, greeting at entrances, or placed at the register for all to see. 
- Indoor/Outdoor
- Weather and rust resistant
- 100% powder coated iron
- Freestanding
- Hand painted distressed finish
- Antique appearance
- Incudes bat and jack-o-lantern details
- Packaged 1pc per carton (previously 4pcs/master)
     Carton Size: TBD
Specifications
Material: 100% iron
Item Weight: TBD
CBM: TBD
MOQ: 2pcs
Hollow: yes",,,,,,,,,,,,,,Zaer400,Zaer160,https://www.zaerltd.com/DSN/wwwzaerltdcom/Commerce/ProductImages/mn004301.jpg?v=2.7,mn004301.jpg?v=2.7,,,Zaer800,mn004301.jpg?v=2.7,
"SET OF 2 VINTAGE HORROR NOIR METAL SKELETON FIGURINES ""DR. & MRS. CADAVER""",ZR196241-2-SET,,"Make this Halloween unforgettable for your customers with the Set of 2 Vintage Horror Noir Metal Skeleton Figurines ""Dr. And Mrs. Cadaver"". Their eerie elegance and exceptional craftsmanship will captivate and delight, making them a must-have for the season. Each piece is designed to bring a sense of timeless intrigue and spooky elegance. Order now and bring a touch of haunting sophistication to your retail selection.
- Indoor/Outdoor
- Powder coated
- Hand painted
- Weather resistant
- Freestanding
- Packaged one set per carton
     Carton Size: 15.35"" x 9.45"" x 45.67"" H.; G.W.: 12.05lbs, N.W.: 9.9lbs
Specifications
Material: 100% iron
Set Weight: 9.9lbs
CBM: 0.109
Finish: Matte (Black & White)
Hollow: Yes
Item No.: ZR196241
Name: 40.25"" Tall Dapper Skeleton Clergyman Figurine ""Dr. Cadaver""
Dimensions: 14.75"" L x 10.5"" W x 40.25"" H.
UPC: 880196241100
Item No.: ZR196242
Name: 45.25"" Tall Vintage Lady Skeleton Figurine ""Mrs. Cadaver""
Dimensions: 12.75"" L x 10"" W x 45.25"" H.
UPC: 880196242107",,,,,,,,,,,,,,Zaer400,Zaer160,https://www.zaerltd.com/DSN/wwwzaerltdcom/Commerce/ProductImages/mn004010.jpg?v=2.7,mn004010.jpg?v=2.7,,,Zaer800,mn004010.jpg?v=2.7,
"30.5"" TALL JACK-O-LANTERN WITH ACCORDION HALLOWEEN FIGURINE",ZR196409,,"The Zaer Ltd. Halloween Collection never fails to disappoint - offering new, unique high-quality spooky decor every season. Standing slightly over two feet tall, this iron, hand-crafted, musical Jack-O-Lantern is perfect for tabletops, shelves, and window displays. His plump pumpkin frame is securely fashioned to two legs and a stand, making him easy to put anywhere! 
- Indoor/Outdoor safe
- Powder coated iron
- Weather & rust resistant
- Hand painted with glitter accents
- Freestanding
- Can be staked to ground for added stability (stakes not included)
- Packaged 2pcs/carton
     Carton Size: 31.5"" x 13.2"" x 23.2"" H.; G.W.: 12.56lbs, N.W.: 8.15lbs
Specifications
Material: 100% iron
Item Weight: 4.075lbs
CBM: 0.158
MOQ: 2pcs
Finish: Orange/Black/White (matte)
Hollow: yes",,,,,,,,,,,,,,Zaer400,Zaer160,https://www.zaerltd.com/DSN/wwwzaerltdcom/Commerce/ProductImages/mn003162.jpg?v=2.7,mn003162.jpg?v=2.7,,,Zaer800,mn003162.jpg?v=2.7,
"27.75"" TALL JACK-O-LANTERN WITH TRUMPET HALLOWEEN FIGURINE",ZR196410,,"Standing slightly over two feet tall, this iron, hand-crafted, musical Jack-O-Lantern is perfect for tabletops, shelves, and window displays. His plump pumpkin frame is securely fashioned to two legs and a stand, making him easy to put anywhere! Enhance your seasonal inventory with high quality wholesale Halloween decor from Zaer Ltd. International. 
- Indoor/Outdoor safe
- Powder coated iron
- Weather & rust resistant
- Hand painted with metallic and glitter accents
- Freestanding
- Packaged 2pcs/carton
     Carton Size: 40.1"" x 15.4"" x 16.1"" H.; G.W.: 13lbs, N.W.: 7.9lbs
Specifications
Material: 100% iron
Item Weight: 3.95lbs
CBM: 0.163
MOQ: 2pcs
Finish: Matte
Hollow: yes",,,,,,,,,,,,,,Zaer400,Zaer160,https://www.zaerltd.com/DSN/wwwzaerltdcom/Commerce/ProductImages/mn003174.jpg?v=2.7,mn003174.jpg?v=2.7,,,Zaer800,mn003174.jpg?v=2.7,
"76"" LONG ANTIQUE BRONZE RAIN CHAIN WITH CRESCENT MOON & SUN",ZR215352,,"Rain chains are the must-have trending product when it comes to home and garden decor this season. Our iron crafted rain chains are as functional as they are beautiful. Each piece is skillfully crafted from high quality metal and powder coated for extra protection against outdoor elements. Their hand painted Antique Bronze brush-stroke finish makes each chain unique. Hang from your roof or patio and next time it rains, listen to the soothing sounds they emit as the water trickles down each piece. 
- Outdoor safe
- Weather and rust resistant
- Powder coated
- Distressed, hand painted finish
- Sturdy & durable
- Easy to hang (bracket included)
- Packaged 12pcs per carton; 1pc per inner
     Master Carton: 18.5"" x 10.6"" x 15.7"" H.; G.W.: 29.7lbs, N.W.: 25.3lbs
     Inner Carton: 3lbs 7.5"" x 3"" x 10"" H.
Specifications
Materials: 100% iron
Finish: Antique Bronze
Hardware Included: yes
Type of Hardware: V-Hook
Item Weight: 2.11lbs
CBM: 0.144875
MOQ: 12pcs",,,,,,,,,,,,,,Zaer400,Zaer160,https://www.zaerltd.com/DSN/wwwzaerltdcom/Commerce/ProductImages/mn003356.jpg?v=2.7,mn003356.jpg?v=2.7,,,Zaer800,mn003356.jpg?v=2.7,
"69.75"" TALL IRON & WHITE PORCELAIN BIRDHOUSE STAKE ""VIENNA""",ZR225216-CP,,"Though we are well-known for our metal merchandise, we have decided to venture into working with other quality materials. The Zaer Ltd. 5.75ft. Tall Iron & Porcelain Birdhouse Stakes are one of our newest releases. Offering both beauty and functionality, this collection includes four birdhouse stake with assorted color porcelain homes, all attached to sturdy, hand painted, iron frames. The ""Vienna"" features a round, white porcelain home with ribbed texture and ornate roof. 
- Weather & rust resistant
- Powder coated
- Hand painted glossy finish 
- Iron stake/roof are distressed Antique Copper color
- Partial assembly required (no tools needed)
- Metal tree branch, leaf, & small bird embellishments
- Packaged one piece per carton
     Carton Size: 7.5lbs 34.25"" x 8.66"" x 8.86"" H.
Specifications
Materials: 60% iron; 40% porcelain
Item Weight: 5.3lbs
CBM: 0.043
MOQ: 2pcs
Finishes: White, Dark Green, Cobalt Blue, Orange
   Finish Type: Glossy
Drainage Holes?: Yes
Ventilation Holes?: Yes
Cleaning Compartment?: Yes
No. of Stake Prongs: 4
Birdhouse Height (no stake): 17""
Entry Hole Diameter: 1.75""
Number of Entry Holes: 1
Number of Perches: 1
Inner Birdhouse Height: 12.75""
Inner Birdhouse Length: 6.25""
Inner Birdhouse Width: 6.25""
Stake Height (no birdhouse): 32""",,,,,,,,,,,,,,Zaer400,Zaer160,https://www.zaerltd.com/DSN/wwwzaerltdcom/Commerce/ProductImages/mn003692.jpg?v=2.7,mn003692.jpg?v=2.7,,,Zaer800,mn003692.jpg?v=2.7,
"68.75"" TALL IRON & DARK GREEN PORCELAIN BIRDHOUSE STAKE ""PRAGUE""",ZR225217-CP,,"Though we are well-known for our metal merchandise, we have decided to venture into working with other quality materials. The Zaer Ltd. 5.75ft. Tall Iron & Porcelain Birdhouse Stakes are one of our newest releases. Offering both beauty and functionality, this collection includes four birdhouse stake with assorted color porcelain homes, all attached to sturdy, hand painted, iron frames. The ""Prague"" features a tall round, dark green porcelain home with conical tiered roof and ornate tower. 
- Weather & rust resistant
- Powder coated
- Hand painted glossy finish 
- Iron stake/roof are distressed Antique Copper color
- Partial assembly required (no tools needed)
- Metal tree branch, leaf, & small bird embellishments
- Packaged one piece per carton
     Carton Size: 7.5lbs 33.86"" x 9.45"" x 7.97"" H.
Specifications
Materials: 60% iron; 40% porcelain
Item Weight: 5.3lbs
CBM: 0.041
MOQ: 2pcs
Finishes: White, Dark Green, Cobalt Blue, Orange
   Finish Type: Glossy
Drainage Holes?: Yes
Ventilation Holes?: Yes
Cleaning Compartment?: Yes
No. of Stake Prongs: 4
Birdhouse Height (no stake): 16""
Entry Hole Diameter: 1.75""
Number of Entry Holes: 1
Number of Perches: 1
Inner Birdhouse Height: 10.75""
Inner Birdhouse Length: 6.25""
Inner Birdhouse Width: 6.25""
Stake Height (no birdhouse): 32""",,,,,,,,,,,,,,Zaer400,Zaer160,https://www.zaerltd.com/DSN/wwwzaerltdcom/Commerce/ProductImages/mn003693.jpg?v=2.7,mn003693.jpg?v=2.7,,,Zaer800,mn003693.jpg?v=2.7,
"69"" TALL IRON & COBALT BLUE PORCELAIN BIRDHOUSE STAKE ""CANNES""",ZR225218-CP,,"Though we are well-known for our metal merchandise, we have decided to venture into working with other quality materials. The Zaer Ltd. 5.75ft. Tall Iron & Porcelain Birdhouse Stakes are one of our newest releases. Offering both beauty and functionality, this collection includes four birdhouse stake with assorted color porcelain homes, all attached to sturdy, hand painted, iron frames. The ""Cannes"" features a smooth round, glossy, cobalt blue porcelain home with textured, antique copper ornate roof.
- Weather & rust resistant
- Powder coated
- Hand painted glossy finish 
- Iron stake/roof are distressed Antique Copper color
- Partial assembly required (no tools needed)
- Metal tree branch, leaf, & small bird embellishments
- Packaged one piece per carton
     Carton Size: 7.3lbs 34.25"" x 9.45"" x 8.46"" H.
Specifications
Materials: 60% iron; 40% porcelain
Item Weight: 5.3lbs
CBM: 0.045
MOQ: 2pcs
Finishes: White, Dark Green, Cobalt Blue, Orange
   Finish Type: Glossy
Drainage Holes?: Yes
Ventilation Holes?: Yes
Cleaning Compartment?: Yes
No. of Stake Prongs: 4
Birdhouse Height (no stake): 17""
Entry Hole Diameter: 1.75""
Number of Entry Holes: 1
Number of Perches: 1
Inner Birdhouse Height: 10.75""
Inner Birdhouse Length: 6.25""
Inner Birdhouse Width: 6.25""
Stake Height (no birdhouse): 32",,,,,,,,,,,,,,Zaer400,Zaer160,https://www.zaerltd.com/DSN/wwwzaerltdcom/Commerce/ProductImages/mn003694.jpg?v=2.7,mn003694.jpg?v=2.7,,,Zaer800,mn003694.jpg?v=2.7,
"69.25"" TALL IRON & ORANGE PORCELAIN BIRDHOUSE STAKE ""AMSTERDAM""",ZR225219-CP,,"Though we are well-known for our metal merchandise, we have decided to venture into working with other quality materials. The Zaer Ltd. 5.75ft. Tall Iron & Porcelain Birdhouse Stakes are one of our newest releases. Offering both beauty and functionality, this collection includes four birdhouse stake with assorted color porcelain homes, all attached to sturdy, hand painted, iron frames. The ""Amsterdam"" features a round, smooth and glossy rich orange porcelain home with a textured, funnel-shaped metal roof with a weathered antique copper finish.
- Weather & rust resistant
- Powder coated
- Hand painted glossy finish 
- Iron stake/roof are distressed Antique Copper color
- Partial assembly required (no tools needed)
- Metal tree branch, leaf, & small bird embellishments
- Packaged one piece per carton
     Carton Size: 7.5lbs 34.65"" x 10.24"" x 9.45"" H.
Specifications
Materials: 60% iron; 40% porcelain
Item Weight: 5.3lbs
CBM: 0.045
MOQ: 2pcs
Finishes: White, Dark Green, Cobalt Blue, Orange
   Finish Type: Glossy
Drainage Holes?: Yes
Ventilation Holes?: Yes
Cleaning Compartment?: Yes
No. of Stake Prongs: 4
Birdhouse Height (no stake): 16.75""
Entry Hole Diameter: 1.75""
Number of Entry Holes: 1
Number of Perches: 1
Inner Birdhouse Height: 12""
Inner Birdhouse Length: 6.5""
Inner Birdhouse Width: 6.5""
Stake Height (no birdhouse): 32""",,,,,,,,,,,,,,Zaer400,Zaer160,https://www.zaerltd.com/DSN/wwwzaerltdcom/Commerce/ProductImages/mn003695.jpg?v=2.7,mn003695.jpg?v=2.7,,,Zaer800,mn003695.jpg?v=2.7,
"5FT. LONG ANTIQUE WHITE BRIDGE-LIKE IRON PLANT STAND WITH 5 PLANTERS ""HELSINKI""",ZR230420-AW,,"Introducing the ""Helsinki"" Five Planter Bridge Plant Stand – a charming and distinctive addition to your shop and your customer's home or garden. This hand-painted metal plant stand showcases a graceful arched, bridge-inspired design, adorned with delicate iron flower accents. With five round planters perched atop, it offers the perfect space to display your favorite plants and bring a touch of whimsy and elegance to your greenery.
- Indoor/Outdoor
- Weather & rust resistant
- Powder coated for added protection
- Distressed, hand painted finish
- Easy to assemble (instructions & hardware included)
- Freestanding
- Packaged one piece per carton     
     Carton Size: 26.4lbs 28.35"" x 12.6"" x 13.39"" H.
Specifications
Materials: 100% iron
CBM: 0.087
Item Weight: 22lbs
Finishes: Antique White, Antique Green with Bronze Pots, Cobalt Blue with Bronze Pots
Assembly Required: Yes (minimal)
No. of Planters: 5",,,,,,,,,,,,,,Zaer400,Zaer160,https://www.zaerltd.com/DSN/wwwzaerltdcom/Commerce/ProductImages/mn004070.jpg?v=2.7,mn004070.jpg?v=2.7,,,Zaer800,mn004070.jpg?v=2.7,
"5FT LONG BLUE BRIDGE-LIKE IRON PLANT STAND WITH FIVE BRONZE PLANTERS ""HELSINKI""",ZR230420-BL,,"Introducing the ""Helsinki"" Five Planter Bridge Plant Stand – a charming and distinctive addition to your shop and your customer's home or garden. This hand-painted metal plant stand showcases a graceful arched, bridge-inspired design, adorned with delicate iron flower accents. With five round planters perched atop, it offers the perfect space to display your favorite plants and bring a touch of whimsy and elegance to your greenery.
- Indoor/Outdoor
- Weather & rust resistant
- Powder coated for added protection
- Distressed, hand painted finish
- Easy to assemble (instructions & hardware included)
- Freestanding
- Packaged one piece per carton     
     Carton Size: 26.4lbs 28.35"" x 12.6"" x 13.39"" H.
Specifications
Materials: 100% iron
CBM: 0.087
Item Weight: 22lbs
Finishes: Antique White, Antique Green with Bronze Pots, Cobalt Blue with Bronze Pots
Assembly Required: Yes (minimal)
No. of Planters: 5",,,,,,,,,,,,,,Zaer400,Zaer160,https://www.zaerltd.com/DSN/wwwzaerltdcom/Commerce/ProductImages/mn004071.jpg?v=2.7,mn004071.jpg?v=2.7,,,Zaer800,mn004071.jpg?v=2.7,
"5FT. LONG GREEN BRIDGE-LIKE IRON PLANT STAND WITH 5 BRONZE PLANTERS ""HELSINKI""",ZR230420-GR,,"Introducing the ""Helsinki"" Five Planter Bridge Plant Stand – a charming and distinctive addition to your shop and your customer's home or garden. This hand-painted metal plant stand showcases a graceful arched, bridge-inspired design, adorned with delicate iron flower accents. With five round planters perched atop, it offers the perfect space to display your favorite plants and bring a touch of whimsy and elegance to your greenery.
- Indoor/Outdoor
- Weather & rust resistant
- Powder coated for added protection
- Distressed, hand painted finish
- Easy to assemble (instructions & hardware included)
- Freestanding
- Packaged one piece per carton     
     Carton Size: 26.4lbs 28.35"" x 12.6"" x 13.39"" H.
Specifications
Materials: 100% iron
CBM: 0.087
Item Weight: 22lbs
Finishes: Antique White, Antique Green with Bronze Pots, Cobalt Blue with Bronze Pots
Assembly Required: Yes (minimal)
No. of Planters: 5",,,,,,,,,,,,,,Zaer400,Zaer160,https://www.zaerltd.com/DSN/wwwzaerltdcom/Commerce/ProductImages/mn004072.jpg?v=2.7,mn004072.jpg?v=2.7,,,Zaer800,mn004072.jpg?v=2.7,
"6.6FT. LONG BRIDGE-LIKE IRON PLANT STAND IN ANTIQUE WHITE ""STOCKHOLM""",ZR230421-AW,,"We are always trying to offer fun and unique designs and the ""Stockholm"" Five Planter Bridge Plant Stand accomplishes just that. This hand painted, metal plant stand features an arched, bridge-like shape, embellished with small iron flower and five round planters atop to fill with the foliage of choice.
- Indoor/Outdoor
- Weather & rust resistant
- Powder coated for added protection
- Distressed, hand painted finish
- Freestanding
- Packaged one piece per carton     
     Carton Size: 39.6lbs 38.98"" x 11.42"" x 17.32"" H.
Specifications
Materials: 100% iron
CBM: 0.126
Item Weight: 35.2lbs
Finishes: Antique White with Cobalt Blue Planters, Antique Green with Bronze Planters
   Finish Type: Matte
Assembly Required: Yes
Planter Depth: 3.9""
Planter Diameter: 14""
All planters same size?: Yes
Are planters removable?: Yes
Weight Capacity Per Planter: 20lbs
Weight Cap. for Entire Plant Stand: 100lbs
Max. Floor Clearance (height floor-bottom): 20""",,,,,,,,,,,,,,Zaer400,Zaer160,https://www.zaerltd.com/DSN/wwwzaerltdcom/Commerce/ProductImages/mn003778.jpg?v=2.7,mn003778.jpg?v=2.7,,,Zaer800,mn003778.jpg?v=2.7,
"6.6FT. LONG BRIDGE-LIKE IRON PLANT STAND IN ANTIQUE GREEN ""STOCKHOLM""",ZR230421-GR,,"We are always trying to offer fun and unique designs and the ""Stockholm"" Five Planter Bridge Plant Stand accomplishes just that. This hand painted, metal plant stand features an arched, bridge-like shape, embellished with small iron flower and five round planters atop to fill with the foliage of choice. 
- Indoor/Outdoor
- Weather & rust resistant
- Powder coated for added protection
- Distressed, hand painted finish
- Freestanding
- Packaged one piece per carton     
     Carton Size: 39.6lbs 38.98"" x 11.42"" x 17.32"" H.
Specifications
Materials: 100% iron
CBM: 0.126
Item Weight: 35.2lbs
Finishes: Antique White with Cobalt Blue Planters, Antique Green with Bronze Planters
   Finish Type: Matte
Assembly Required: Yes
Planter Depth: 3.9""
Planter Diameter: 14""
All planters same size?: Yes
Are planters removable?: Yes
Weight Capacity Per Planter: 20lbs
Weight Cap. for Entire Plant Stand: 100lbs
Max. Floor Clearance (height floor-bottom): 20""
 ",,,,,,,,,,,,,,Zaer400,Zaer160,https://www.zaerltd.com/DSN/wwwzaerltdcom/Commerce/ProductImages/mn003779.jpg?v=2.7,mn003779.jpg?v=2.7,,,Zaer800,mn003779.jpg?v=2.7,
"SET OF 4 ASST COPPER HANGING BIRDHOUSE FEEDER WIND CHIMES ""HOMESTEAD COLLECTION""",ZR235021-4-SET,,"Your customers will love the new Zaer Ltd. ""Homestead Collection"" Hanging Birdhouse Feeder Wind Chimes. These gorgeous metal crafted hanging accents feature ornate and beautiful birdhouses attached to a sturdy hanging hook and chain. The birdhouse sits atop a mesh enclosed birdfeeder with a latched access door and opening for the seed to be dispensed. At the bottom is a mushroom themed two tier wind chime for added appeal. 
- Outdoor safe
- Weather & rust resistant
- Powder coated
- Sturdy chain & hook for easy hanging
- Distressed, hand painted finish
- Mesh enclosed feeder with latched door
- Inside has cone shape for consistent seed release
- Very simple assembly (no tools needed)
- Packaged 1 set per carton
     *Carton size will vary as they will be packaged per order
Specifications
Material: 100% iron
Set Weight: 13.11lbs
CBM: 0.190
Finish: Antique Copper
Chain Length: 19""
No. of Bells: 12 per pc
No. of Entry Holes: 1 per pc
Entry Hole Diameter: 1.75""
No. of Perches: 1 per pc
Ventilation Holes: Yes
Drainage Holes: Yes
Cleaning Compartment: Yes (panel at bottom front)
Includes...
Item No.: ZR235021
Name: 44.25"" Long Hanging Iron Birdhouse & Feeder with Wind Chimes ""Hideaway""
Dimensions: 8"" L x 8"" W x 44.25"" H.
UPC: 880235021151
Birdhouse Height: 17""
Weight: 3.65lbs
Item No.: ZR235022
Name: 42"" Long Hanging Iron Birdhouse & Feeder with Wind Chimes ""Haven""
Dimensions: 8"" L x 8"" W x 42"" H.
UPC: 880235022158
Birdhouse Height: 15.5""
Weight: 3.08lbs
Item No.: ZR235023
Name: 42.5"" Long Hanging Iron Birdhouse & Feeder with Wind Chimes ""Homestead""
Dimensions: 8"" L x 8"" W x 42.5"" H.
UPC: 880235023155
Birdhouse Height: 14.5""
Weight: 2.992lbs
Item No.: ZR235024
Name: 42.5"" Long Hanging Iron Birdhouse & Feeder with Wind Chimes ""Hearth""
Dimensions: 8"" L x 8"" W x 42.5"" H.
UPC: 880235024152
Birdhouse Height: 14.75""
Weight: 3.388lbs
 ",,,,,,,,,,,,,,Zaer400,Zaer160,https://www.zaerltd.com/DSN/wwwzaerltdcom/Commerce/ProductImages/mn003982.jpg?v=2.7,mn003982.jpg?v=2.7,,,Zaer800,mn003982.jpg?v=2.7,
SET OF 3 HANGING ANTIQUE COPPER ANGEL WIND CHIMES,ZR235189-31-SET,,"Who doesn't love having angels surrounding them? The new Zaer Ltd. outdoor angel decorations feature beautiful metal hanging angels adorned in unique textures and designs, with dangling wind chimes and a single center bell. Each is attached to an easy to hang iron chain and hook. Comes in three styles: Angelica, Angela, and Angelette. 
- Outdoor safe
- Weather & rust resistant
- Powder coated
- Distressed, hand painted finish
- Sturdy & durable
- Easy to hang with iron hook
- Packaged 6pcs per carton (2 sets)
     *Carton Sizes will vary due to repackaging
Specifications
Material: 100% iron
Set Weight: 4.41lbs
Item Weight: 1.47lbs
CBM: 0.053
Finish: Antique Copper
MOQ: 2 sets
Chain Length: 10""
No. of Chimes: 7 per each angel
Set Components 
Item No.: ZR235189
Name: 36.5"" Long Antique Copper Hanging Iron Angel Holding Cross Wind Chimes ""Angelica""
Dimensions: 4.5"" L x 4.5"" W x 36.5"" H.
UPC: 880235189158
Item No.: ZR235190
Name: 36.5"" Long Antique Copper Hanging Iron Angel Holding Heart Wind Chimes ""Angela""
Dimensions: 4.5"" L x 4.5"" W x 36.5"" H.
UPC: 880235190154
Item No.: ZR235231
Name: 36.5"" Long Antique Copper Hanging Iron Angel Holding Flower Wind Chimes ""Angelette""
Dimensions: 4.5"" L x 4.5"" W x 36.5"" H.
UPC: 880235231154",,,,,,,,,,,,,,Zaer400,Zaer160,https://www.zaerltd.com/DSN/wwwzaerltdcom/Commerce/ProductImages/mn003967.jpg?v=2.7,mn003967.jpg?v=2.7,,,Zaer800,mn003967.jpg?v=2.7,
SET OF 3 ASSORTED ORNATE IRON CROSS GARDEN STAKES WITH DANGLING BELLS,ZR235219-22-SET,,"Your customers will absolutely adore the new Zaer Ltd. Cross Garden Stakes. These gorgeous iron-crafted garden stakes feature three uniquely designed large crosses with intricate details and two lily-shaped bells dangling from the bottom of each. Attached to a sturdy two-prong stake, these religious themed outdoor accents look great displayed in any yard or garden. Includes three distinct styles: Raziel, Zerachiel, and Haniel. 
- Outdoor safe
- Weather & rust resistant
- Powder coated
- Freestanding
- Distressed, hand painted finish
- Sturdy & durable
- Very simple assembly (no tools needed)
- Packaged 6pcs per carton (2 sets)
     *carton size will vary as they will be repackaged before shipping
Specifications
Material: 100% iron
Set Weight: 5.58lbs
Item Weight (single stake): 1.86lbs
Finish: Antique Copper
MOQ: 2 sets
No. of Prongs: 2
No. of Bells: 2 per stake
No. of Pieces (disassembled): 2
Set Component Specs
Item No.: ZR235219
Name: 29.5"" Tall Ornate Iron Cross Garden Stake with Dangling Lily Bells ""Raziel""
Dimensions: 8"" L x 2.5"" W x 29.5"" H.
UPC: 880235219152
Stake Height: 20.25""
Cross Height: 9.25""
Item No.: ZR235220
Name: 29.63"" Tall Ornate Iron Cross Garden Stake with Dangling Lily Bells ""Zerachiel""
Dimensions: 9.25"" L x 2.5"" W x 29.63"" H.
UPC: 880235220158
Stake Height: 18.5""
Cross Height: 11.13""
Item No.: ZR235222
Name: 34.5"" Tall Ornate Iron Cross Garden Stake with Dangling Lily Bells ""Haniel""
Dimensions: 8"" L x 2.5"" W x 34.5"" H.
UPC: 880235222152
Stake Height: 24""
Cross Height: 10.5""",,,,,,,,,,,,,,Zaer400,Zaer160,https://www.zaerltd.com/DSN/wwwzaerltdcom/Commerce/ProductImages/mn003968.jpg?v=2.7,mn003968.jpg?v=2.7,,,Zaer800,mn003968.jpg?v=2.7,
"SET OF 4 ASSORTED COPPER BIRDHOUSE-FEEDER GARDEN STAKES ""HOMESTEAD COLLECTION""",ZR235260-3-SET,,"Your customers will love the new Zaer Ltd. ""Homestead Collection"" Birdhouse Feeder Stakes. These gorgeous metal crafted garden stakes feature ornate and beautiful birdhouses atop an enclosed birdfeeder that easily dispenses seed. The added embellishments of iron leaves, vines, and small bird sculptures, really allow these pieces to stand out.
- Outdoor safe
- Weather & rust resistant
- Powder coated
- Freestanding
- Distressed, hand painted finish
- Sturdy & durable
- Very simple assembly (no tools needed)
- Packaged 1 piece per carton (4 cartons total = 26.4lbs)
     *set may be repackaged before shipping
Specifications
Material: 100% iron
Set Weight: 19.36lbs
Item Weight: 4.84lbs each
Finish: Antique Copper
Stake Height: 57.5"" each
No. of Prongs: 4 each
No. of Entry Holes: 1 each
Entry Hole Diameter: 1.75""
No. of Perches: 1 each
Ventilation Holes: Yes
Drainage Holes: Yes
Cleaning Compartment: Yes
     If yes, Where?: panel at front bottom of feeder part
No. of Pieces when Disassembled: 3
Set Components
Item No.: ZR235260
Name: 74"" Tall Iron Birdhouse & Feeder Stake ""Haven""
Dimensions: 10.75"" L x 8"" W x 74.25"" H.
UPC: 880235260154
Birdhouse Height: 15.5""
Box Size: 6.6lbs 28.35"" x 10.24"" x 11.02""
CBM: 0.052
Item No.: ZR235261
Name: 75"" Tall Iron Birdhouse & Feeder Stake ""Homestead""
Dimensions: 10.25"" L x 8"" W x 74"" H.
UPC: 880235261151
Birdhouse Height: 14.5""
Box Size: 6.6lbs 28.35"" x 11.02"" x 11.02""
CBM: 0.058
Item No.: ZR235262
Name: 74.75"" Tall Iron Birdhouse & Feeder Stake ""Hideaway""
Dimensions: 11"" L x 7.25"" W x 74.5"" H.
UPC: 880235262158
Birdhouse Height: 17""
Box Size: 6.6lbs 28.74"" x 10.63"" x 12.2""
CBM: 0.061
Item No.: ZR235263
Name: 74.5"" Tall Iron Birdhouse & Feeder Stake ""Hearth""
Dimensions: 10.5"" L x 8"" W x 74.25"" H.
UPC: 880235263155
Birdhouse Height: 15.5""
Box Size: 6.6lbs 28.35"" x 11.02"" x 10.24""
CBM: 0.056",,,,,,,,,,,,,,Zaer400,Zaer160,https://www.zaerltd.com/DSN/wwwzaerltdcom/Commerce/ProductImages/mn003981.jpg?v=2.7,mn003981.jpg?v=2.7,,,Zaer800,mn003981.jpg?v=2.7,
"18"" HAUNTED HAYRIDE HALLOWEEN TRUCK WITH SPIDERWEB & PUMPKINS",ZR362011,,"Everyone has a red truck with a Christmas Tree in the trunk, but now you can stand out with our Haunt Hayride Halloween Pickup Truck. Crafted from sturdy powder coated metal and hand painted details, this little truck is the perfect Halloween decoration. Featuring a spider and its web over the windshield and fun Jack-O-Lanterns piled in the truck bed, this piece timeless, family-friendly, and built to last. 
- Suitable for indoor & outdoor use
- Powder coated for extra protection
- Distressed finish give antique appearance
- Two tone glossy orange and black finish
- Rotating tires and realistic details
- Freestanding
- Packaged 1pc per carton
     Carton Size: 5lbs 19.09"" x 9.84"" x 11.42"" H.
Specifications
Materials: 95% iron, 5% plastic
Item Weight: 3.74lbs
CBM: 0.035
Finish: Orange & Black
   Finish Type: Glossy
Assembly Required?: No",,,,,,,,,,,,,,Zaer400,Zaer160,https://www.zaerltd.com/DSN/wwwzaerltdcom/Commerce/ProductImages/mn003285.jpg?v=2.7,mn003285.jpg?v=2.7,,,Zaer800,mn003285.jpg?v=2.7,
"37.5"" WHITE IRON BUTTERFLY BICYCLE PLANT STAND WITH 5 FLOWER BASKETS ""MARIPOSA""",ZR367701-AW,,"The Zaer Ltd. Butterfly Bicycle Plant Stand is one of those captivating pieces that brings whimsy, beauty, and imagination to its surroundings. Consistently selling out, this plant stand is crafted from quality iron to look like a real bicycle, yet the seat, front basket, back basket and what would be the pedals are all transformed into planters. With 5 separate places to display plants, flowers or anything else you wish to sell or show-off, this piece easily catches the eyes of customers and is an easy sell. 
- Indoor/Outdoor
- Year round use
- Weather resistant
- Powder coated
- Freestanding with kickstand
- Handcrafted butterfly details
- Distressed, hand painted finish
- Easy to assemble, no tools needed
- Packaged in a single carton
     Carton Size: 22lbs 34.65"" x 9.84"" x 27.95"" H.
Specifications
Material: 100% iron
CBM: 0.156
Item Weight: 17.6lbs
Finishes: Antique White, Antique Moss
Stake Included? Yes
   If yes, How Many?: 2
Front Planter
Volume: 794.75 in3
Dimensions: 8.5"" L x 8.5"" W x 11"" H.
Weight Capacity: 15lbs
Rear Planter
Volume: 1012.5 in3
Dimensions: 15"" L x 6.75"" W x 10"" H.
Weight Capacity: 20lbs
Pedal Planter (x2)
Volume: 169 in3
Dimensions: 6.5"" L x 6.5"" W x 4"" H.
Weight Capacity: 10lbs",,,,,,,,,,,,,,Zaer400,Zaer160,https://www.zaerltd.com/DSN/wwwzaerltdcom/Commerce/ProductImages/mn001166.jpg?v=2.7,mn001166.jpg?v=2.7,,,Zaer800,mn001166.jpg?v=2.7,
"37.5"" MOSS-GREEN IRON BUTTERFLY BICYCLE PLANT STAND WITH FIVE BASKETS ""MARIPOSA""",ZR367701-MS,,"The Zaer Ltd. Butterfly Bicycle Plant Stand is one of those captivating pieces that brings whimsy, beauty, and imagination to its surroundings. Consistently selling out, this plant stand is crafted from quality iron to look like a real bicycle, yet the seat, front basket, back basket and what would be the pedals are all transformed into planters. With 5 separate places to display plants, flowers or anything else you wish to sell or show-off, this piece easily catches the eyes of customers and is an easy sell. *ORIGINAL LIGHT MOSS GREEN FINISH IS BACK (as shown in images)
- Indoor/Outdoor
- Year round use
- Weather resistant
- Powder coated
- Freestanding with kickstand
- Handcrafted butterfly details
- Distressed, hand painted finish
- Easy to assemble, no tools needed
- Packaged in a single carton
     Carton Size: 22lbs 34.65"" x 9.84"" x 27.95"" H.
Specifications
Material: 100% iron
CBM: 0.156
Item Weight: 17.6lbs
Finishes: Antique White, Moss Green
Stake Included? Yes
   If Yes, How Many? 2
Front Planter
Volume: 794.75 in3
Dimensions: 8.5"" L x 8.5"" W x 11"" H.
Weight Capacity: 15lbs
Rear Planter
Volume: 1012.5 in3
Dimensions: 15"" L x 6.75"" W x 10"" H.
Weight Capacity: 20lbs
Pedal Planter (x2)
Volume: 169 in3
Dimensions: 6.5"" L x 6.5"" W x 4"" H.
Weight Capacity: 10lbs",,,,,,,,,,,,,,Zaer400,Zaer160,https://www.zaerltd.com/DSN/wwwzaerltdcom/Commerce/ProductImages/mn003217.jpg?v=2.7,mn003217.jpg?v=2.7,,,Zaer800,mn003217.jpg?v=2.7,
"48"" TALL ""OUR LADY OF PERPETUAL HELP"" MAGNESIUM GARDEN STATUE IN ANTIQUE GREY",ZR540016-GY,,"Graceful and deeply symbolic, this 48"" Tall Our Lady of Perpetual Help Garden Statue brings reverence and beauty to any garden or sacred space. Cast from high-quality magnesium oxide, the figure features delicate sculpting and soft contours that highlight the gentle strength of the Madonna. The grey finish gives it a natural stone-like appearance, making it a serene focal point for both religious and decorative settings. Ideal for churches, meditation gardens, or high-end landscape retailers. 
- Indoor/Outdoor
- Weather resistant
- Freestanding
- Distressed, hand painted finish
- Packaged one piece per carton
     Carton Size: 33lbs 54.5"" x 19.9"" x 19.9"" H.
Specifications
Material: 100% magnesium
Item Weight: 28.6lbs
CBM: 0.353
Finishes: Antique Grey, Antique Bronze
   Finish Type: Matte
Hollow: Yes",,,,,,,,,,,,,,Zaer400,Zaer160,https://www.zaerltd.com/DSN/wwwzaerltdcom/Commerce/ProductImages/mn004308.jpg?v=2.7,mn004308.jpg?v=2.7,,,Zaer800,mn004308.jpg?v=2.7,
"48"" TALL ""OUR LADY OF PERPETUAL HELP"" MAGNESIUM GARDEN STATUE IN BRONZE",ZR540016-BZ,,"Graceful and deeply symbolic, this 48"" Tall Our Lady of Perpetual Help Garden Statue brings reverence and beauty to any garden or sacred space. Cast from high-quality magnesium oxide, the figure features delicate sculpting and soft contours that highlight the gentle strength of the Madonna. The grey finish gives it a natural stone-like appearance, making it a serene focal point for both religious and decorative settings. Ideal for churches, meditation gardens, or high-end landscape retailers. 
- Indoor/Outdoor
- Weather resistant
- Freestanding
- Distressed, hand painted finish
- Packaged one piece per carton
     Carton Size: 33lbs 54.5"" x 19.9"" x 19.9"" H.
Specifications
Material: 100% magnesium
Item Weight: 28.6lbs
CBM: 0.353
Finishes: Antique Grey, Antique Bronze
   Finish Type: Matte
Hollow: Yes",,,,,,,,,,,,,,Zaer400,Zaer160,https://www.zaerltd.com/DSN/wwwzaerltdcom/Commerce/ProductImages/mn004309.jpg?v=2.7,mn004309.jpg?v=2.7,,,Zaer800,mn004309.jpg?v=2.7,
"30"" TALL SITTING SAINT FRANCIS STATUE & BIRDBATH IN ANTIQUE GREY",ZR540030-GY,,"Channeling tranquility and compassion, this 30"" Tall Saint Francis Garden Statue radiates spiritual peace. Beautifully sculpted from weather-resistant magnesium, the statue features subtle textures and flowing lines that evoke a sense of calm. A favorite for garden centers and religious gift shops alike, it serves as both a decorative accent and a symbol of serenity. 
- Indoor/Outdoor
- Weather resistant
- Freestanding
- Distressed, hand painted finish
- Packaged one piece per carton
     Carton Size: 26.4lbs 20.7"" x 20.7"" x 33.5"" H.
Specifications
Material: 100% magnesium
Item Weight: 22lbs
CBM: 0.234
Finish: Antique Grey
   Finish Type: Matte
Hollow: Yes
Birdbath Depth: 8""
Birdbath Dimensions: 13""",,,,,,,,,,,,,,Zaer400,Zaer160,https://www.zaerltd.com/DSN/wwwzaerltdcom/Commerce/ProductImages/mn004311.jpg?v=2.7,mn004311.jpg?v=2.7,,,Zaer800,mn004311.jpg?v=2.7,
"36"" TALL STANDING SAINT FRANCIS STATUE & BIRDBATH IN ANTIQUE GREY",ZR540036-GY,,"Channeling tranquility and compassion, this 36"" tall grey statue of Saint Francis radiates spiritual peace. Beautifully sculpted from weather-resistant magnesium, the statue features subtle textures and flowing lines that evoke a sense of calm. A favorite for garden centers and religious gift shops alike, it serves as both a decorative accent and a symbol of serenity. 
- Indoor/Outdoor
- Weather resistant
- Freestanding
- Distressed, hand painted finish
- Packaged one piece per carton
     Carton Size: 26.4lbs 39.5"" x 15.6"" x 16.75"" H.
Specifications
Material: 100% magnesium
Item Weight: 22lbs
CBM: 0.168
Finish: Antique Grey
   Finish Type: Matte
Hollow: Yes
Birdbath Depth: 6""
Birdbath Dimensions: 8.25""",,,,,,,,,,,,,,Zaer400,Zaer160,https://www.zaerltd.com/DSN/wwwzaerltdcom/Commerce/ProductImages/mn004310.jpg?v=2.7,mn004310.jpg?v=2.7,,,Zaer800,mn004310.jpg?v=2.7,
"24.5"" TALL SET OF 2 CHINESE LIONS ""FU DOG"" GUARDIAN STATUE",ZR583240,,"The Shishi or fu dogs are the stone guardian lions of Chinese legend and a traditional ornament for many different types of buildings. They can be seen flanking the entrances and gates of both public and private structures. Each statue is masterfully crafted from magnesium and hand finished in a gorgeous antique bronze. Place yours in  front of your building and attract customers and guests with their fierce presence. 
- Indoor/Outdoor
- Weather resistant
- Hand painted distressed finish
- Intricately sculpted details & textures
- Sturdy base; freestanding
- Lightweight yet durable (hollow)
- Packaged one pc per carton (1 set per 2 cartons)
Specifications
Material: 100% magnesium
Set Weight: 96.8lbs
Finish: Antique Bronze
Hollow: Yes
Item No.: ZR573240-A   
Name: 24.5"" Tall Chinese Lions ""Fu Dog"" with Ball Under Paw (Male, should be positioned on right)
Dimensions: 29"" L x 15.75"" W x 24.5"" H.
Item Weight: 48.4lbs
UPC: 880583240150
Carton Size: 52.8lbs 29.96"" x 22"" x 28.7"" H.
Item No.: ZR573240-B
Name: 24.5"" Tall Chinese Lions ""Fu Dog"" with Cub Under Paw (Female, should be positioned on left)
Dimensions: 29"" L x 15.75"" W x 24.5"" H.
Item Weight: 48.4lbs
UPC: 880583240259
Carton Size: 52.8lbs 29.96"" x 22"" x 28.7"" H.

Notice: There is a right way and a wrong way to display your Fu Dog set (according to feng shui that is - you can display your products anyway you wish). When facing the statues, the female should always be on the left and the male always on the right. You can identify the female by the pup under her paw, whereas the male has a ball under his paw. Everything about the fu dog is symbolic and representative of protection. The female represents yin and defending the inhabitants of the home/building, her pup representing the nurturing spirit of a mother. The male represent yang and defending of the home/building itself, where the ball under his paw symbolizes the world. (Source: Impeccable Nest)",,,,,,,,,,,,,,Zaer400,Zaer160,https://www.zaerltd.com/DSN/wwwzaerltdcom/Commerce/ProductImages/mn003148.jpg?v=2.7,mn003148.jpg?v=2.7,,,Zaer800,mn003148.jpg?v=2.7,
"SET OF 6 ASSORTED FUNNY ANTS ON IRON MUSHROOM GARDEN STAKES ""FUNNY ANTS""",ZR652404-SET,,"Our highly anticipated (and slightly silly) Set of Funny Ants are a fun way to add humor and spirit into your home. These stakes feature protruding mushrooms with cute character ants - each in different positions - interacting with other ants and climbing on the toadstool. They look great in potted plants or placed throughout your garden or yard. Each stake is two pronged so you won't see them once in the ground, giving the impression that each mushroom is truly growing in that spot. *These are a BESTSELLER so we expanded the collection - check out the new Friendly Frog and Bustling Butterfly Mushroom Stakes today!
- Indoor/Outdoor
- Powder coated iron
- Weather & rust resistant
- Distressed, hand painted finish
- Easily punctures the ground
- Sturdy & durable
- Packaged one set per carton
     Carton Size: 6.6lbs 15.75"" x 15.75"" x 11.81"" H.
Specifications
Material: 100% iron
Set Weight: 5.06lbs
CBM: 0.040
MOQ: 2 sets
Finish: Red/White/Black
   Finish Type: Matte
Item No.: ZR652404-A
Name: 18.5"" Tall Ant on Lower Toadstool Holding onto Large Stem
Dimensions: 9.5"" L x 5.5"" W x 14.15""/18.5""H. 
UPC: 880652404230
Item No.: ZR652404-B
Name: 18.5"" Tall Ant Standing on Middle & Holding onto Top Toadstool on Left Side
Dimensions: 9.5"" L x 6"" W x 14.15""/18.5""H. 
UPC: 880652404339
Item No.: ZR652404-C
Name: 18"" Tall Ants with One on Lower & Other on Middle Toadstools
Dimensions: 9"" L x 7"" W x 13.67""/18""H. 
UPC: 880652404438
Item No.: ZR652404-D
Name: 19"" Tall Ants with One Laying on Top & Other Standing on Middle Toadstool
Dimensions: 9"" L x 6"" W x 14.67""/19""H. 
UPC: 880652404537
Item No.: ZR652404-E
Name: 19"" Tall Ants Helping Each Other on Middle & Lower Toadstools
Dimensions: 9"" L x 6"" W x 14.67""/19""H. 
UPC: 880652404636
Item No.: ZR652404-F
Name: 18"" Tall Ant Standing on Middle Toadstool with Hand on Hip
Dimensions: 9"" L x 6"" W x 13.67""/18""H. 
UPC: 880652404735
 ",,,,,,,,,,,,,,Zaer400,Zaer160,https://www.zaerltd.com/DSN/wwwzaerltdcom/Commerce/ProductImages/mn001272.jpg?v=2.7,mn001272.jpg?v=2.7,,,Zaer800,mn001272.jpg?v=2.7,
SET OF 6 ASSORTED FRIENDLY FROGS ON IRON MUSHROOM GARDEN STAKES,ZR652407-SET,,"The Zaer Funny Ants on Mushrooms Stakes are one of those items many can't do without. Not only are the superbly crafted and durable, but they're unique and unlike the standard decor items typically seen. So, it was only a matter of time that we design and released a new version with a different animal. Introducing the fabulous ""Friendly Frogs"". Each is hand painted and full of personality. Your customer are going to be so HOPPY when they see these guys - just don't be surprised when they leap right off our shelves! *Check out the new Friendly Frog and Bustling Butterfly Mushroom Stakes today!
- Indoor/Outdoor
- Powder coated iron
- Weather & rust resistant
- Distressed, hand painted finish
- Varying positions and toadstool shapes
- Easily punctures the ground
- Sturdy & durable
- Packaged one set per carton
     Carton Size: 6.6lbs 15.75"" x 15.75"" x 11.81"" H.
Specifications
Material: 100% iron
Set Weight: 5.06lbs
CBM: 0.040
MOQ: 2 sets
Finish: Red/White/Bronze
   Finish Type: Matte
Item No.: ZR652407-A
Name: 18.5"" Tall Frogs Helping Each Other on Middle & Lower Toadstools
Dimensions: 8"" L x 6.25"" W x 14.17""/18.5""H. 
UPC: 880652407132
Item No.: ZR652407-B
Name: 18.5"" Tall Frog Standing on Lower Toadstool Holding onto Large Stem
Dimensions: 9"" L x 5.5"" W x 14.17""/18.5""H. 
UPC: 880652407231
Item No.: ZR652407-C
Name: 18.75"" Tall Frogs with One on Lower & Other on Middle Toadstools
Dimensions: 8.5"" L x 7"" W x 14.42""/18.75""H. 
UPC: 880652407330
Item No.: ZR652407-D
Name: 18.5"" Tall Frog Standing on Middle & Holding onto Top Toadstool on Right Side
Dimensions: 8"" L x 7.25"" W x 14.17""/18.5""H. 
UPC: 880652407439
Item No.: ZR652407-E
Name: 19.75"" Tall Frogs with One Laying on Top & Other Standing on Middle Toadstool
Dimensions: 8.25"" L x 6.75"" W x 15.42""/19.75""H. 
UPC: 880652407538
Item No.: ZR652407-F
Name: 18.5"" Tall Frog Standing on Middle & Holding onto Top Toadstool on Left Side
Dimensions: 8.5"" L x 5.5"" W x 14.17""/18.5""H. 
UPC: 880652407637",,,,,,,,,,,,,,Zaer400,Zaer160,https://www.zaerltd.com/DSN/wwwzaerltdcom/Commerce/ProductImages/mn003627.jpg?v=2.7,mn003627.jpg?v=2.7,,,Zaer800,mn003627.jpg?v=2.7,
SET OF 6 ASSORTED BUSTLING BUTTERFLIES ON IRON MUSHROOM GARDEN STAKES,ZR652408-SET,,"The Zaer Funny Ants on Mushrooms Stakes are one of those items many can't do without. Not only are the superbly crafted and durable, but they're unique and unlike the standard decor items typically seen. So, it was only a matter of time that we design and released a new version with a different animal. Introducing the beautiful ""Bustling Butterflies"". Each is hand painted and full of personality. Your customers will be flapping their wings with excitement when they see these guys - just don't be surprised when they fly right off your shelves! *Check out the new Friendly Frog Mushroom Stakes today!
- Indoor/Outdoor
- Powder coated iron
- Weather & rust resistant
- Hand painted matte finish
- Sturdy metal two prong stake
- Varying positions and toadstool shapes
- Includes six (6) assorted stakes
     Carton Size: 6.6lbs 15.75"" x 15.75"" x 11.81"" H.
Specifications
Material: 100% iron
Set Weight: 5.10lbs
CBM: 0.040
MOQ: 2 sets
Finish: Red/White/Bronze
   Finish Type: Matte
Item No.: ZR652408-A
Name: 19"" Tall Butterflies Helping Each Other on Middle & Lower Toadstools
Dimensions: 8"" L x 8.25"" W x 14.67""/19""H. 
UPC: 880652408139
Item No.: ZR652408-B
Name: 18.5"" Tall Butterfly Standing on Lower Toadstool Holding onto Large Stem
Dimensions: 8.25"" L x 7"" W x 14.17""/18.5""H. 
UPC: 880652408238
Item No.: ZR652408-C
Name: 22"" Tall Butterflies with One Laying on Top & Other Standing on Middle Toadstool
Dimensions: 9.5"" L x 6.75"" W x 17.67""/22""H. 
UPC: 880652408337
Item No.: ZR652408-D
Name: 18.5"" Tall Butterfly Standing on Middle & Holding onto Top Toadstool on Right Side
Dimensions: 8.25"" L x 7.5"" W x 14.17""/18.5""H. 
UPC: 880652408436
Item No.: ZR652408-E
Name: 18.75"" Tall Butterflies with One on Lower & Other on Middle Toadstools
Dimensions: 9.75"" L x 8"" W x 14.42""/18.75""H. 
UPC: 880652408535
Item No.: ZR652408-F
Name: 19.5"" Tall Butterfly Standing on Middle & Holding onto Top Toadstool on Left Side
Dimensions: 9"" L x 6.75"" W x 15.17""/19.5""H. 
UPC: 880652408634",,,,,,,,,,,,,,Zaer400,Zaer160,https://www.zaerltd.com/DSN/wwwzaerltdcom/Commerce/ProductImages/mn003628.jpg?v=2.7,mn003628.jpg?v=2.7,,,Zaer800,mn003628.jpg?v=2.7,
"31"" TALL FUNNY METAL JACK-O-LANTERN TOTEM TOWER HALLOWEEN DECORATION",ZR713083,,"Last year we released our first Jack-O-Lantern Totem and it was a HUGE success. Due to overwhelming positive feedback, we have designed two new styles, standing at approximately 2.5 - 2.75 feet tall with a superb hand painted finish and eye, nose and mouth cutouts allowing the lights from the moon, candles, or string lights to illuminate from within. Display in your window or outside your entrance and watch as the customers flock in to get one of their own. 
- Indoor/Outdoor
- Weather & rust resistant
- Powder coated
- Freestanding
- Sturdy stand keeps off ground
- Packaged two pieces (2) per carton
     Carton Size: 21.06"" x 7.87"" x 15.35"" H.; G.W.: 6.38lbs, N.W.: 4.18lbs
Specifications
Material: 100% iron
Item Weight: 2.09lbs
CBM: 0.101
MOQ: 2pcs
?Finish: Orange/Black
   Finish Type: Matte
Hollow: Yes",,,,,,,,,,,,,,Zaer400,Zaer160,https://www.zaerltd.com/DSN/wwwzaerltdcom/Commerce/ProductImages/mn004021.jpg?v=2.7,mn004021.jpg?v=2.7,,,Zaer800,mn004021.jpg?v=2.7,
SET OF 6 ASSORTED ANIMAL HANGING UMBRELLA BIRDFEEDER WIND CHIMES IN ANTIQUE RUST,ZR777107-RSS,,"Accentuate your garden or yard with this adorable and unique bird feeders. Wait, they're not just bird feeders but wind chimes as well! These multifaceted pieces are made of sturdy iron that has been powder coated to prevent possible rust and discoloration. Each one features an animal on an upside down umbrella that functions as the bird feeder, along with otherworldly glass marble embellishments. 
- Indoor/Outdoor safe
- Weather & rust resistant
- Quality powder coated iron
- Hand painted finish
- Distressed for vintage appearance
- Includes adorable mice, cat, & bird characters
- Packaged 1 set (6pcs) per carton
     Carton Size: 5.28lbs 15.75"" x 14.17"" x 11.81"" H.
Specifications
Material: 98% iron, 2% glass
Set Weight: 3.85lbs
CBM: 0.043
Finishes: Antique Copper, Antique Rust
   Finish Type: Matte
Feeder Depth: 3.15""
Feeder Dia.: 6.3""
Item No.: ZR777107-RS1
Name: 36"" Long Hanging Umbrella Birdfeeder Wind Chimes with Bird on Cone
Dim.: 8.5"" L x 8.5"" W x 21"" H./36"" TH.
UPC: 880777107061
Item No.: ZR777107-RS2
Name: 41"" Long Hanging Umbrella Birdfeeder Wind Chimes with Ladybug
Dim.: 6.75"" L x 5.75"" W x 19"" H./41"" TH.
UPC: 880777107160
Item No.: ZR777107-RS3
Name: 41"" Long Hanging Umbrella Birdfeeder Wind Chimes with Mouse on Cone
Dim.: 8.5"" L x 8.5"" W x 21"" H./41"" TH.
UPC: 880777107269
Item No.: ZR777107-RS4
Name: 41"" Long Hanging Umbrella Birdfeeder Wind Chimes with Bird
Dim.: 6.75"" L x 5.75"" W x 19"" H./41"" TH.
UPC: 880777107368
Item No.: ZR777107-RS5
Name: 41"" Long Hanging Umbrella Birdfeeder Wind Chimes with Cat
Dim.: 6.75"" L x 5.75"" W x 18.5"" H./41"" TH.
UPC: 880777107467
Item No.: ZR777107-RS6
Name: 36"" Long Hanging Umbrella Birdfeeder Wind Chimes with Mouse
Dim.: 8.5"" L x 8.5"" W x 21"" H./36"" TH.
UPC: 880777107566",,,,,,,,,,,,,,Zaer400,Zaer160,https://www.zaerltd.com/DSN/wwwzaerltdcom/Commerce/ProductImages/mn001543.jpg?v=2.7,mn001543.jpg?v=2.7,,,Zaer800,mn001543.jpg?v=2.7,
SET OF 6 ANIMAL HANGING UMBRELLA BIRDFEEDER WIND CHIMES IN COPPER,ZR777107-CPS,,"Accentuate your garden or yard with this adorable and unique bird feeders. Wait, they're not just bird feeders but wind chimes as well! These multifaceted pieces are made of sturdy iron that has been powder coated to prevent possible rust and discoloration. Each one features an animal on an upside down umbrella that functions as the bird feeder, along with otherworldly glass marble embellishments. 
- Indoor/Outdoor safe
- Weather and rust resistant
- Quality powder coated iron
- Hand painted finish
- Distressed for vintage appearance
- Includes adorable mice, cat, and bird characters
- Packaged 1 set (6pcs) per carton
     Carton Size: 5.28lbs 15.75"" x 14.17"" x 11.81"" H.
Specifications
Material: 98% iron, 2% glass
Set Weight: 3.85lbs
CBM: 0.043
Finishes: Antique Copper, Antique Rust
   Finish Type: Matte
Feeder Depth: 3.15""
Feeder Dia.: 6.3""
Item No.: ZR777107-CP1
Name: 36"" Long Hanging Umbrella Birdfeeder Wind Chimes with Bird on Cone
Dim.: 8.5"" L x 8.5"" W x 21"" H./36"" TH.
UPC: 880777107054
Item No.: ZR777107-CP2
Name: 41"" Long Hanging Umbrella Birdfeeder Wind Chimes with Ladybug
Dim.: 6.75"" L x 5.75"" W x 19"" H./41"" TH.
UPC: 880777107153
Item No.: ZR777107-CP3
Name: 41"" Long Hanging Umbrella Birdfeeder Wind Chimes with Mouse on Cone
Dim.: 8.5"" L x 8.5"" W x 21"" H./41"" TH.
UPC: 880777107252
Item No.: ZR777107-CP4
Name: 41"" Long Hanging Umbrella Birdfeeder Wind Chimes with Bird
Dim.: 6.75"" L x 5.75"" W x 19"" H./41"" TH.
UPC: 880777107351
Item No.: ZR777107-CP5
Name: 41"" Long Hanging Umbrella Birdfeeder Wind Chimes with Cat
Dim.: 6.75"" L x 5.75"" W x 18.5"" H./41"" TH.
UPC: 880777107450
Item No.: ZR777107-CP6
Name: 36"" Long Hanging Umbrella Birdfeeder Wind Chimes with Mouse
Dim.: 8.5"" L x 8.5"" W x 21"" H./36"" TH.
UPC: 880777107559",,,,,,,,,,,,,,Zaer400,Zaer160,https://www.zaerltd.com/DSN/wwwzaerltdcom/Commerce/ProductImages/mn003369.jpg?v=2.7,mn003369.jpg?v=2.7,,,Zaer800,mn003369.jpg?v=2.7,
"46"" TALL GOLD-BRUSHED IRON PUMPKIN DECORATION (LARGE)",ZR800096,,"Elevate your autumn inventory with the 28.25"" Tall Small Gold-Brushed Iron Pumpkin Decoration. This impressive iron pumpkin is the perfect way to welcome the harvest season into your customer's home, as well as offering beautiful, long lasting decorative accents for your business. Featuring a dazzling gold brushed finish, it adds a sophisticated, rustic charm to your seasonal decor. Crafted from durable metal, it's built to withstand the elements so you can showcase it proudly indoors or out. Ideal for homeowners, party hosts, and interior design enthusiasts who want to effortlessly infuse their living spaces with the spirit of autumn. 
- Indoor/Outdoor
- Weather & rust resistant
- Hand painted, distressed finish
- Shimmering gold brushed finish for a touch of elegance
- Versatile design works for Halloween, Thanksgiving, and beyond
- Freestanding with flat base
- Packaged one piece per carton
     Carton Size: 34.3lbs 27.4"" x 27.4"" x 46.1"" H.
Specifications
Material: 100% iron
Item Weight: 22lbs
CBM: 0.567
Finish: Orange with gold-brush
Hollow: yes
Available Styles: ZR800096 | 46"" Tall Gold-Brushed Iron Pumpkin Decoration (Large), ZR800097 | 28.25"" Tall Gold-Brushed Iron Pumpkin Decoration (Small), and ZR800098 | 32"" Tall Gold-Brushed Iron Pumpkin Decoration (Medium)
*Available in three styles: ZR800096 | 46"" Tall Gold-Brushed Iron Pumpkin Decoration (Large), ZR800097 | 28.25"" Tall Gold-Brushed Iron Pumpkin Decoration (Small), and ZR800098 | 32"" Tall Gold-Brushed Iron Pumpkin Decoration (Medium)",,,,,,,,,,,,,,Zaer400,Zaer160,https://www.zaerltd.com/DSN/wwwzaerltdcom/Commerce/ProductImages/mn004022.jpg?v=2.7,mn004022.jpg?v=2.7,,,Zaer800,mn004022.jpg?v=2.7,
"28.25"" TALL GOLD-BRUSHED IRON PUMPKIN DECORATION (SMALL)",ZR800097,,"Elevate your autumn inventory with the 28.25"" Tall Small Gold-Brushed Iron Pumpkin Decoration. This impressive iron pumpkin is the perfect way to welcome the harvest season into your customer's home, as well as offering beautiful, long lasting decorative accents for your business. Featuring a dazzling gold brushed finish, it adds a sophisticated, rustic charm to your seasonal decor. Crafted from durable metal, it's built to withstand the elements so you can showcase it proudly indoors or out. Ideal for homeowners, party hosts, and interior design enthusiasts who want to effortlessly infuse their living spaces with the spirit of autumn.
- Indoor/Outdoor
- Weather & rust resistant
- Hand painted, distressed finish
- Shimmering gold brushed finish for a touch of elegance
- Versatile design works for Halloween, Thanksgiving, and beyond
- Freestanding with flat base
- Packaged one piece per carton
     Carton Size: 40.3lbs 35.4"" x 35.4"" x 25.4"" H.
Specifications
Material: 100% iron
Item Weight: 25.1lbs
CBM: 0.522
Finish: Orange with gold-brush
Hollow: yes
Available Styles: ZR800096 | 46"" Tall Gold-Brushed Iron Pumpkin Decoration (Large), ZR800097 | 28.25"" Tall Gold-Brushed Iron Pumpkin Decoration (Small), and ZR800098 | 32"" Tall Gold-Brushed Iron Pumpkin Decoration (Medium)",,,,,,,,,,,,,,Zaer400,Zaer160,https://www.zaerltd.com/DSN/wwwzaerltdcom/Commerce/ProductImages/mn004023.jpg?v=2.7,mn004023.jpg?v=2.7,,,Zaer800,mn004023.jpg?v=2.7,
"32"" TALL GOLD-BRUSHED IRON PUMPKIN DECORATION (MEDIUM)",ZR800098,,"Elevate your autumn inventory with the 32"" Tall Gold-Brushed Iron Pumpkin Decoration. This impressive iron pumpkin is the perfect way to welcome the harvest season into your customer's home, as well as offering beautiful, long lasting decorative accents for your business. Featuring a dazzling gold brushed finish, it adds a sophisticated, rustic charm to your seasonal decor. Crafted from durable metal, it's built to withstand the elements so you can showcase it proudly indoors or out. Ideal for homeowners, party hosts, and interior design enthusiasts who want to effortlessly infuse their living spaces with the spirit of autumn. 
- Indoor/Outdoor
- Weather & rust resistant
- Hand painted, distressed finish
- Shimmering gold brushed finish for a touch of elegance
- Versatile design works for Halloween, Thanksgiving, and beyond
- Freestanding with flat base
- Packaged one piece per carton
     Carton Size: 45.54lbs 37.01"" x 37.0"" x 29.72"" H.
Specifications
Material: 100% iron
Item Weight: 28.6lbs
CBM: 0.667
Finish: Orange with gold-brush
Hollow: yes
Available Styles: ZR800096 | 46"" Tall Gold-Brushed Iron Pumpkin Decoration (Large), ZR800097 | 28.25"" Tall Gold-Brushed Iron Pumpkin Decoration (Small), and ZR800098 | 32"" Tall Gold-Brushed Iron Pumpkin Decoration (Medium)",,,,,,,,,,,,,,Zaer400,Zaer160,https://www.zaerltd.com/DSN/wwwzaerltdcom/Commerce/ProductImages/mn004024.jpg?v=2.7,mn004024.jpg?v=2.7,,,Zaer800,mn004024.jpg?v=2.7,
"32.75"" TALL METAL JACK-O-LANTERN TOTEM TOWER HALLOWEEN DECORATION",ZR909077,,"Last year we released our first Jack-O-Lantern Totem and it was a HUGE success. Due to overwhelming positive feedback, we have designed two new styles, standing at approximately 2.5 - 2.75 feet tall with a superb hand painted finish and eye, nose and mouth cutouts allowing the lights from the moon, candles, or string lights to illuminate from within. Display in your window or outside your entrance and watch as the customers flock in to get on of their own. 
- Indoor/Outdoor
- Weather & rust resistant
- Powder coated
- Freestanding
- Simple assembly (no tools required)
- Sturdy stand keeps off ground
- Packaged two pieces (2) per carton
     Carton Size: 33.46"" x 12.99"" x 14.96"" H; G.W.: 6.82lbs, N.W.: 4.62lbs
Specifications
Material: 100% iron
Item Weight: 2.31lbs
Finish: Orange/Black
MOQ: 2pcs
CBM: 0.107
Hollow: yes
No. of Piece when Disassembled: 3",,,,,,,,,,,,,,Zaer400,Zaer160,https://www.zaerltd.com/DSN/wwwzaerltdcom/Commerce/ProductImages/mn004025.jpg?v=2.7,mn004025.jpg?v=2.7,,,Zaer800,mn004025.jpg?v=2.7,
"36"" TALL SET OF 2 SMALL HALLOWEEN SKELETON SOLDIERS HOLDING STAFFS",ZR983490-SET,,"We can hardly keep our 63.5"" Tall Skeleton Soldiers in stock, so it only made sense to make a smaller version. Fashioned entirely like the original set (ZR983492-3-SET) are hand painted to give an old, dirty and distressed feel, as if the bones were literally dug up from the ground. Each Skeleton Soldier holds a staff - one with a pumpkin head and the other a skull. Despite their frightening appearance, they're guaranteed to draw a crowd and fly off your shelves!
- Indoor/Outdoor
- Weather & rust resistant
- Powder coated
- Hand painted for antique appearance
- Gorgeous details and textures
- Freestanding
- Packaged one set per carton
     Carton Size: 8.82lbs 38.4"" x 8.7"" x 9.5"" H. 
Specifications
Materials: 100% iron
Set Weight: 5.73lbs
CBM: 0.070
Finish: Matte
Hollow: yes
Stakes Included: yes (one each)
Item No.: ZR983490-L
Name: 36"" Tall Standing Halloween Skeleton Soldier with Skull Staff (Left)
Dimensions: 9.25"" L x 6.5"" W x 37"" H.
Weight: 2.86lbs
UPC: 880983490100
Item No.: ZR983490-R
Name: 36"" Tall Standing Halloween Skeleton Soldier with Pumpkin Staff (Right)
Dimensions: 10"" L x 7.75"" W x 36.75"" H.
Weight: 2.86lbs
UPC: 880983490209",,,,,,,,,,,,,,Zaer400,Zaer160,https://www.zaerltd.com/DSN/wwwzaerltdcom/Commerce/ProductImages/mn003626.jpg?v=2.7,mn003626.jpg?v=2.7,,,Zaer800,mn003626.jpg?v=2.7,
"SET OF 2 STANDING 63.5"" TALL HALLOWEEN SKELETON SOLDIERS WITH STAFFS",ZR983492-3-SET,,"These horrifying skeleton soldiers are perfect for standing guard in front of your home or business. They're hand painted to give an old, dirty and distressed feel, as if the bones were literally dug up from the ground. Each Skeleton Soldier holds a staff - one with a pumpkin head and the other a skull. Despite their frightening appearance, they're guaranteed to draw a crowd!
- Indoor/Outdoor
- Weather & rust resistant
- Powder coated
- Hand painted for antique appearance
- Gorgeous details and textures
- Freestanding
- Packaged and shipped in two (2) cartons (see below)
Specifications
Materials: 100% iron
Set Weight: 17.84lbs 
CBM: 0.262
Finish: Matte (Black/White)
Item No.: ZR983492-L
Name: 63.5"" Tall Standing Halloween Skeleton Soldier with Skull Staff (Left)
UPC: 880983492104
Item Weight: 9.04lbs
Carton Size: 12.4lbs 42.5"" x 13.8"" x 14.8"" H.
CBM: 0.142
Item No.: ZR983492-R
Name: 63.5"" Tall Standing Halloween Skeleton Soldier with Pumpkin Staff (Right)
UPC: 880983492203
Item Weight: 8.8lbs
Carton Size: 12.12lbs 42.13"" x 12.99"" x 13.4"" H.
CBM: 0.12",,,,,,,,,,,,,,Zaer400,Zaer160,https://www.zaerltd.com/DSN/wwwzaerltdcom/Commerce/ProductImages/mn002877.jpg?v=2.7,mn002877.jpg?v=2.7,,,Zaer800,mn002877.jpg?v=2.7,
